OFF
11247 22490 33735
0.121904 0.714156 0.831321
0.943086 1.00012 1.6947
1.40417 0.601806 0.0204306
0.546888 0.652032 1.3198
0.365595 0.633093 0.00310464
0.957027 0.997641 1.67435
0.654981 0.510741 0.0262557
0.366015 0.132145 1.07098
0.774435 0.105266 0.0233515
0.629034 0.495279 0.0221361
0.506826 0.284504 0.384303
0.0430407 0.625944 1.02106
1.68854 0.54261 0.627144
0.796857 1.00847 0.732102
0.624732 0.52245 0.025687
1.10009 0.822597 0.069243
1.29714 0.547287 0.0181412
0.577179 0.470646 0.0152461
1.59481 0.845217 0.712341
0.801207 0.727479 0.0600072
0.479388 0.837624 1.04871
0.987621 0.936582 1.58742
1.68408 0.491373 0.637194
1.65375 0.622311 0.811443
0.825201 0.10305 0.163964
0.709392 0.717648 0.0456489
0.918129 0.81144 0.0641661
1.39415 0.559452 0.032031
1.2809 0.566916 0.0162073
0.362697 0.784512 0.387936
0.940806 0.827199 0.065487
0.563991 0.446136 0.0112721
0.13552 0.281204 0.926496
0.366924 0.719067 0.000737604
1.70076 0.402216 0.42066
0.823155 0.174706 0.76563
0.3447 0.954786 1.57373
0.125433 0.733503 1.02732
0.316599 1.397 1.7052
0.381123 0.610467 0.0035226
1.34041 0.0651996 0.544506
0.37119 0.580611 0.133233
1.16411 0.0167784 0.621456
0.351951 0.351075 0.0255886
0.803424 1.01774 0.170127
1.5744 0.860772 0.723099
0.338997 0.294653 0.0504552
1.32371 0.143705 0.819663
1.34039 0.141823 0.798972
1.38527 0.147569 0.782499
0.545502 0.745287 1.14297
1.0193 0.135382 0.80082
1.51439 0.747609 0.0923622
0.383964 0.406167 0.0767556
0.343083 0.429522 0.351039
0.481716 0.816876 0.375252
0.255757 0.446256 0.40446
0.63237 1.02992 0.0389886
0.356565 0.357999 0.0856875
0.350151 0.373566 0.0423843
0.518721 0.345651 0.268668
0.460464 0.370221 0.0100958
0.823836 0.74595 1.54292
0.504972 0.283856 1.10607
0.706662 0.71889 1.67594
1.55985 0.893571 0.417228
0.51075 0.411873 0.222084
0.802269 1.07648 0.689568
0.412494 0.34245 0.368505
0.34164 0.401961 0.365001
0.226751 0.473619 0.420582
0.471957 0.765393 0.176986
0.251504 0.400386 0.4233
0.494994 0.368403 0.192392
1.35196 0.701163 1.12008
0.427134 0.881898 0.441789
0.357375 0.721239 0.34617
0.989988 1.01184 0.025114
0.0911487 0.503508 0.619968
1.21405 0.997659 0.780519
0.0962181 0.451179 0.622854
1.6431 0.363381 0.138581
0.294165 0.794472 1.52021
1.67013 0.732642 0.14718
0.355161 0.176562 1.16944
1.35896 0.657522 1.12879
1.36031 0.109587 0.391428
0.763986 0.828399 1.47994
0.137434 0.590334 0.515427
0.498327 0.31668 1.19877
1.06231 0.431898 1.1607
1.36073 1.05096 0.474852
0.149157 0.48342 1.4585
0.534846 0.340992 1.17162
0.205524 0.730491 0.468171
0.554745 0.530736 1.25121
0.530124 0.552648 1.36511
1.15239 0.191974 0.899172
0.528219 0.453156 1.26483
0.537948 0.44154 1.23985
0.759228 0.225704 0.876489
1.29344 0.683295 1.151
0.467871 0.318516 1.24003
1.21237 1.08154 0.721929
0.62568 0.589878 0.0290409
1.2355 0.23504 0.982917
0.921309 0.780642 0.0633768
1.15227 0.270053 1.05892
1.06063 0.241583 0.0511275
1.83418 0.488781 0.448338
0.861576 0.357189 1.06025
0.831966 0.353067 1.04556
0.381015 0.988017 1.40566
0.914292 0.84345 0.0648471
0.368892 0.239089 1.27469
0.348321 0.106668 1.07068
0.306648 0.120244 1.17814
0.481416 0.740844 1.24024
0.755949 0.336744 1.01955
1.02078 0.271067 1.0525
0.296346 0.521517 0.345855
0.767268 0.72756 1.456
1.12267 0.176494 0.848433
1.06323 0.179411 0.891852
0.875118 0.117676 0.736635
0.356658 1.34194 1.49559
1.11487 0.834933 1.07187
1.19331 0.846516 1.07132
0.5475 0.582855 1.45845
0.899025 0.515922 1.13223
0.637335 0.659016 1.51925
0.869808 0.0498105 0.649203
0.548043 0.288491 0.279887
0.508197 0.554121 0.230568
0.708789 0.185763 0.608256
0.436641 0.306675 1.35349
0.733026 0.197426 0.604956
0.754548 0.205653 0.558138
0.444156 0.35235 1.44294
1.37048 0.679068 1.11802
0.924843 0.132896 0.193633
0.612477 0.198827 0.463029
0.984681 0.0224137 0.513198
0.739302 0.227208 0.383235
0.677169 0.203077 0.439719
0.828243 0.230528 0.310626
0.598305 0.179343 0.644805
0.750885 1.00505 0.681624
1.06137 0.0215902 0.441855
0.597429 0.187459 0.594093
0.477081 0.165826 0.668085
0.494619 0.269992 1.06109
0.541281 0.327021 1.08438
1.10712 0.0245702 0.416157
0.666765 0.19799 0.769785
0.575556 0.884556 0.0669165
0.331143 0.722844 0.359823
0.788091 0.232267 0.424641
0.816375 1.03771 0.00843618
0.768981 0.257754 0.299504
0.557856 0.273042 0.333033
0.647574 0.209522 0.361044
0.440832 0.23157 0.457188
0.381933 0.316104 0.139556
0.50631 0.265299 0.403896
0.676851 1.00585 0.12805
0.317394 0.208629 0.790662
1.6114 0.775389 0.282135
0.309066 0.199043 0.741618
0.314754 0.202984 0.767244
1.48887 0.943566 0.325413
1.78555 0.404799 0.423255
0.302238 0.221086 0.810048
0.13472 0.634317 0.516405
1.84832 0.615672 0.284867
0.189673 0.781317 0.530049
0.227551 0.826842 0.5436
0.143816 0.725916 0.570468
0.0903585 0.675915 0.642471
0.810726 0.242372 0.353064
0.167774 0.736899 0.517713
0.101208 0.596796 0.579942
0.353037 0.111325 1.04891
1.85987 0.504741 0.303906
1.8408 0.610212 0.260582
1.77971 0.67716 0.194846
1.81965 0.412725 0.397575
1.75323 0.720636 0.205412
1.15876 0.949236 0.926799
0.761697 0.978579 0.181607
0.849747 1.16423 0.565083
0.957765 1.17291 0.551856
1.10454 1.00606 0.796245
0.909069 0.891105 1.55263
1.06482 1.08638 0.75624
1.38827 0.839265 1.00958
0.969549 1.07476 0.760647
1.2252 0.97671 0.797214
1.47068 0.25576 0.185204
0.225327 0.138107 0.947232
1.09262 0.211884 0.0184292
1.62349 0.31911 0.49689
1.60271 0.284103 0.599553
0.931755 0.0605769 0.72744
1.6147 0.309894 0.417411
1.36634 0.190347 0.0900156
0.974316 0.032358 0.703572
1.58603 0.265754 0.594345
0.815328 0.806181 1.7435
1.18334 1.11168 0.650118
1.00152 0.0186366 0.636222
1.39106 0.108141 0.462912
1.25357 0.0432627 0.553596
1.31155 0.0552174 0.531225
1.22035 0.0287152 0.613191
1.49908 0.177272 0.55791
1.56356 0.248284 0.439707
1.63191 0.332961 0.642174
1.64192 0.345792 0.588735
0.339945 0.136138 1.14631
0.263803 0.302598 1.43975
1.61903 0.839541 0.673206
1.25795 0.05541 0.362106
1.60833 0.350742 0.785901
1.67052 0.450969 0.707556
0.403887 0.198475 0.527151
0.666831 0.776331 1.69406
1.60877 0.776295 0.1749
1.37528 0.92607 0.0896382
1.38749 0.149209 0.250337
1.21754 0.835617 0.0544722
0.296609 0.469662 1.47913
0.204198 0.738948 1.42403
1.53127 0.934149 0.563766
0.222242 1.23267 1.7068
0.341481 0.497613 1.47815
1.53382 0.919956 0.483564
1.53617 0.920898 0.513834
1.76382 0.685224 0.423657
1.51152 0.935274 0.407538
1.73569 0.743115 0.350208
0.756135 0.58632 1.11879
1.29217 0.41517 1.14545
1.73911 0.760605 0.302805
0.719763 0.740616 1.42557
0.667656 0.738729 1.40067
0.725643 0.783858 1.44088
0.833331 0.936867 1.72611
0.608733 0.912327 0.944601
0.621084 0.660051 1.38055
0.969306 1.01754 0.782031
0.935334 0.901506 1.56116
0.657876 0.18983 0.557775
0.521826 0.521829 1.33533
1.04084 1.10773 0.268516
1.00976 0.410253 0.0617589
0.829092 0.881451 1.54245
0.192919 0.285672 0.789789
0.77496 0.879645 1.54294
0.376641 1.16623 1.47217
0.362898 1.18299 1.45337
1.65974 0.669558 0.77649
0.399846 1.40211 1.62745
0.387336 1.34727 1.56406
1.66928 0.667398 0.748272
1.62643 0.60957 0.872406
1.6757 0.57669 0.743442
0.371439 0.812022 1.44895
1.63305 0.424548 0.806571
1.68027 0.471726 0.659637
1.72045 0.578097 0.115802
1.58278 0.687363 0.921363
1.64035 0.575676 0.842754
1.12507 0.222748 1.00035
1.76259 0.588831 0.149902
1.62185 0.818787 0.557079
0.973377 0.278386 0.0689946
0.377112 0.874008 1.36093
1.39361 0.389775 0.0240336
1.26854 0.391116 0.0177919
0.325494 1.32006 1.46676
0.433428 0.654699 0.18575
0.601044 0.227402 0.377151
0.470259 0.796452 0.128575
1.71107 0.385863 0.165427
1.20496 0.541794 0.0084387
1.26954 0.468126 0.0163231
0.212964 0.77436 1.26207
1.3883 0.62796 0.0211194
0.206084 0.789669 1.14394
0.2299 0.251963 0.778521
0.995211 1.10613 0.742407
1.37536 0.654357 0.0169676
0.512406 0.970485 0.701256
1.43699 0.460299 0.02183
0.544401 0.698562 1.33756
0.539289 0.968058 0.663831
0.20801 0.267529 0.769137
0.608364 0.971178 0.67095
0.589896 0.970341 0.729615
0.712443 0.986253 0.748218
0.893574 0.271937 0.0678141
0.462327 0.791583 1.10212
0.881535 0.366309 0.06096
0.298628 0.591075 1.473
0.700023 0.680226 0.0173096
0.834885 0.855039 1.79821
0.808293 0.646704 0.0577884
1.12682 0.679275 0.0589368
1.28658 0.792024 0.01267
1.32932 0.101449 0.349908
0.862128 0.907422 0.0605463
0.854286 1.05481 0.0849147
1.44994 0.181987 0.774759
0.896958 1.14911 0.676755
0.655719 0.785952 1.4266
0.671688 0.848841 1.51785
0.74592 0.940827 0.0199769
1.14945 0.96834 0.0113993
1.6642 0.724104 0.377874
1.41386 0.795981 0.0894789
0.477798 0.581532 0.0021491
1.16238 0.658842 0.0186106
0.557535 0.295439 0.0144315
1.5723 0.840021 0.789342
0.52962 0.310896 0.013755
1.16161 0.703938 1.16207
0.273801 0.833691 0.902187
0.318642 0.737037 0.00668127
0.86364 0.544788 1.12434
0.335268 0.709794 0.00180847
0.297017 0.887436 0.791982
0.0461103 0.542232 0.958173
0.422667 0.240674 0.0134104
0.472929 0.293219 0.0133003
0.0236988 0.511821 0.986574
0.0151422 0.503859 1.00772
0.392421 0.563091 0.00481041
0.70788 0.994119 0.647985
0.50526 0.563328 0.00752808
0.576213 0.837666 0.0023861
1.29975 0.881055 1.01561
0.581073 0.556236 0.027267
0.603906 0.873117 0.368532
0.377556 0.308439 0.0130229
0.402993 0.316776 0.0119699
0.902361 0.11419 0.178932
0.928977 0.113771 0.171617
0.51012 0.949317 0.554169
0.591855 0.901479 0.437583
0.24762 1.25651 1.64341
0.383823 0.185084 0.57297
0.350523 1.14496 1.42037
1.29187 0.24236 0.0163337
0.821922 0.173651 0.0170873
0.469722 0.970485 0.693234
0.662031 0.913284 0.460458
0.779697 0.946926 0.23822
0.769584 1.00819 0.389793
0.651198 0.905652 0.437877
0.534813 0.82917 0.302682
0.746601 0.97602 0.816783
0.788802 0.917448 1.64603
0.797349 0.991221 0.252486
0.784902 0.914325 1.67002
0.817911 1.03523 0.27595
0.785172 0.966858 0.259379
1.53538 0.853614 0.847986
0.580707 0.233594 0.400314
0.741276 0.949818 0.425976
0.775245 0.957018 0.319545
0.747507 0.935256 0.386019
0.778473 0.954381 0.289537
0.760878 0.982284 0.398334
1.03174 0.96666 0.919242
1.20583 0.920316 0.996018
0.882087 0.916023 0.967902
1.25368 0.0452784 0.583083
1.42574 0.171609 0.789858
0.563418 0.92328 0.515814
0.333582 0.178826 0.677196
0.555633 0.858972 0.367782
1.01276 0.802767 1.09615
0.782853 0.983979 0.326373
0.774537 1.0884 0.623574
1.11206 0.75255 1.13821
0.773253 0.726378 1.5377
0.898815 0.790035 1.53171
0.948168 0.890718 1.63136
0.814536 0.819483 1.62472
0.785865 0.731268 1.08714
0.662574 0.707787 1.6617
0.719571 0.756858 1.09959
0.627372 0.79092 1.65856
0.950919 0.891753 1.00465
0.581808 0.617481 1.5179
0.634632 0.654891 1.57639
0.635637 0.655269 1.54747
0.129356 0.763149 0.729339
0.0707469 0.609558 0.667236
0.310653 0.0783999 1.0898
0.167717 0.0927585 1.08189
0.355191 0.222788 0.85656
0.953994 1.04492 0.142783
1.52225 0.793431 0.9402
1.23405 0.754743 0.0184832
0.806748 0.674931 0.0587715
0.89706 1.04575 0.0627186
0.0597096 0.624666 0.975429
0.187466 0.397788 0.491175
0.145107 0.686619 1.33953
0.797805 0.403032 1.06037
0.596046 0.394218 1.08114
0.735363 0.428268 1.08853
0.0649347 0.213822 1.20546
0.292878 1.31235 1.61825
0.219066 0.788217 1.36413
0.716604 0.85632 0.327507
0.220474 0.808266 1.38262
0.340821 0.879396 1.53626
0.999432 0.979767 1.65957
0.519618 0.527589 0.189292
0.200913 1.01082 1.56169
0.204677 1.01998 1.53613
0.225483 0.0931701 1.22423
0.312378 1.34423 1.57847
0.297832 1.276 1.44777
0.146877 0.354912 0.850752
0.165443 0.333249 0.845475
0.295359 0.490473 0.351033
0.614442 0.712983 1.13948
1.1086 0.711987 1.15557
1.06838 0.652647 1.16495
1.18411 0.713565 1.15826
1.22118 0.118913 0.160885
0.891627 0.968895 1.78762
0.863382 0.985233 0.850263
0.858129 0.838761 1.61719
0.104959 0.1202 1.14962
0.576708 0.87309 0.378912
1.18253 0.972174 0.0163001
0.309657 0.551481 0.334767
1.71948 0.655125 0.129789
1.27776 0.993513 0.103637
1.17571 1.02229 0.14097
0.652239 0.963498 0.613812
0.634647 0.843327 1.06909
0.678459 0.846282 1.04885
1.47981 0.282005 0.147262
1.30647 1.05148 0.257615
1.41339 1.01128 0.264336
0.558825 0.852705 1.05847
0.768627 1.04179 0.139838
0.277168 0.494436 0.362538
0.900639 1.14362 0.377256
0.213332 0.858975 0.644388
0.899358 0.983142 1.74329
0.328524 0.664455 1.46269
0.459348 0.724776 1.42434
0.473916 0.87543 1.00327
1.26369 0.409149 1.15204
1.6649 0.31713 0.250802
0.676473 0.690426 1.53352
1.63835 0.810546 0.612789
1.66964 0.736509 0.643302
1.62489 0.837552 0.649332
1.19353 1.04826 0.758979
0.717831 0.68454 1.51913
1.5671 0.855381 0.745122
1.53335 0.866364 0.82473
0.67017 0.647187 1.47839
1.50144 0.185968 0.684666
1.31579 1.06865 0.561426
1.03796 1.01813 0.0779895
0.76467 0.695214 1.49856
1.63694 0.361503 0.704874
1.63732 0.378594 0.745152
1.66386 0.469185 0.75171
0.686019 0.660174 1.46087
1.36085 0.922866 0.0681057
0.73149 0.875532 0.347007
1.65513 0.738504 0.447864
0.728904 0.93588 0.441717
0.753015 0.858042 0.252705
0.734919 0.678801 1.11677
0.692358 0.852246 0.327192
1.69502 0.606216 0.567726
1.4459 0.572616 0.0147156
0.755262 1.0476 0.483078
0.774348 0.645528 1.10875
0.732183 1.00216 0.499212
1.54045 0.282062 0.823875
0.735093 1.02734 0.521226
0.788166 1.10656 0.475782
0.763992 1.09191 0.575592
0.776556 1.02142 0.160688
0.883044 1.16981 0.606189
0.896154 0.155912 0.017717
1.24593 0.172112 0.0307959
1.2747 0.182755 0.0269053
1.78973 0.691548 0.223281
0.647832 0.193689 0.0355563
0.564375 0.415683 0.00720945
1.75141 0.389658 0.202901
0.81519 0.105788 0.61074
0.731742 0.368691 1.05256
1.77146 0.415854 0.199547
0.464268 0.39993 0.00861102
0.863145 0.27169 0.982836
1.83869 0.524115 0.235934
0.540012 0.402603 0.00549549
0.953433 0.126444 0.190014
0.363519 0.377586 0.0200017
0.456048 0.844074 1.03342
0.845622 0.110519 0.700038
1.47447 0.871839 0.17392
0.630738 0.465639 0.0179856
0.852417 0.0708354 0.661092
0.604251 0.506742 0.0219462
0.646959 0.540807 0.0299415
0.917943 0.0974943 0.334689
0.915333 0.134944 0.222458
0.304308 0.711627 0.00892038
0.446286 0.683913 0.00184795
0.655131 0.81879 0.0210634
1.34547 1.04713 0.633675
0.556368 0.396393 1.18603
0.529602 0.351831 1.19546
1.25082 0.648366 1.16969
0.553197 0.351558 1.12923
0.806265 0.772944 0.0599616
0.340668 0.183074 1.22598
0.413439 0.289145 1.41515
1.51346 0.635481 1.02272
1.15435 0.608571 0.0151486
0.463899 0.765366 0.32571
1.73349 0.460326 0.138172
0.342297 0.679749 0.00169001
1.39979 0.143961 0.757671
0.301218 0.604866 0.0154359
0.348804 0.653118 0.00254768
0.330801 0.699543 0.122401
1.67196 0.533211 0.0899085
0.233108 1.17764 1.59505
1.23845 0.0372675 0.598137
0.94785 0.0253016 0.660483
1.29226 1.05897 0.279067
1.63807 0.45714 0.0878283
0.651084 0.751953 1.68
1.21198 0.0276901 0.485085
1.71712 0.551142 0.113296
0.980889 0.0805653 0.761445
0.385323 0.236948 0.470517
1.4975 0.713412 0.053943
1.45337 0.836637 0.143987
1.00343 0.951861 1.60684
0.938541 0.252978 0.0689766
0.450351 0.808413 0.380463
0.906822 0.298918 0.066006
0.417321 0.776784 0.361107
0.959724 0.355122 0.0634101
1.07527 0.466122 0.0614289
1.04188 0.34317 0.0659709
0.422355 0.753588 0.343836
1.41235 0.740214 0.047214
0.286045 0.859599 0.502257
0.0959121 0.409158 1.4248
0.365142 0.226253 0.958893
0.199492 0.373659 0.489318
0.699966 0.322596 1.00429
0.372027 0.944256 1.37851
1.43666 0.401424 1.06918
1.35109 0.333642 1.07119
1.07065 0.908583 0.0261412
1.32189 0.304626 1.05784
0.381714 1.10332 1.57457
1.04968 0.186591 0.914994
0.364536 1.14295 1.61227
0.392142 1.10843 1.54814
1.53743 0.235108 0.751581
0.365724 0.990588 1.38103
0.679725 0.860388 1.54399
0.356691 0.202583 0.808737
0.869883 0.16868 0.786165
0.722004 0.172653 0.706089
0.666783 0.856608 1.56741
0.572094 0.258243 0.320007
0.555192 0.242569 0.411138
0.507219 0.250277 0.427848
0.83664 0.844257 1.50631
0.745803 0.73377 1.44052
0.623361 0.190964 0.5241
0.859206 0.77802 1.4917
0.933066 0.881217 1.54499
0.981045 0.969405 1.6146
0.142078 0.373002 0.874803
1.66047 0.752853 0.324885
0.223777 0.271624 0.82632
0.677139 0.846984 0.197754
0.785262 0.189546 0.815625
0.791742 1.02674 0.70641
0.691611 0.184116 0.11443
1.00051 0.10765 0.195628
1.13425 0.178237 0.0170753
0.259402 0.453504 1.47699
0.179021 0.194167 1.34345
0.179519 0.286913 1.41289
0.68718 0.799038 1.70636
0.197284 0.211365 1.36823
0.214098 0.906981 1.46443
0.674658 0.750174 1.69173
0.155602 0.301851 1.41034
0.194339 0.151 1.30687
0.298618 0.869895 1.56043
0.109259 0.307278 1.3824
0.95757 0.881736 1.55171
0.881421 0.780459 1.5089
1.54859 0.219625 0.595611
0.274676 0.966963 1.61027
1.51264 0.251349 0.250382
1.06041 0.0318003 0.391638
0.601644 0.646521 1.37042
0.931602 0.0556743 0.429765
0.386349 0.908124 1.4061
1.03489 0.0279567 0.4428
0.991437 0.0504129 0.417987
1.4517 0.712707 0.0425316
0.863223 0.314766 0.0637746
1.02154 0.037026 0.365745
1.64706 0.655419 0.0853902
0.513054 0.755952 1.47265
1.3489 0.417567 0.0169524
1.0949 0.0369531 0.340518
0.0303099 0.607305 1.07016
0.977241 0.993312 0.822474
1.17499 1.03094 0.772287
0.808533 0.820383 0.0614469
0.392901 0.25703 0.147552
0.203172 0.267545 0.741021
1.18892 1.08608 0.72786
0.639261 0.983193 0.00292318
0.810762 1.00487 0.00256798
0.685239 0.759831 0.0473952
0.318378 0.759765 0.397929
0.751899 0.752085 0.0605004
0.587841 0.218406 0.426363
0.667122 0.745737 0.0259389
0.38592 0.394539 0.0123192
0.379722 0.337008 0.0124926
0.182107 0.286025 0.731826
1.39067 0.218454 0.0676143
0.067767 0.445272 0.713775
0.21608 1.23129 1.65002
0.105588 0.372087 0.735786
0.734475 0.223032 0.0146061
0.799917 1.13762 0.572433
0.285722 0.207664 0.757443
0.248243 0.225306 0.643125
0.658392 0.644259 1.45412
0.360537 0.189742 0.56847
0.610377 0.616542 1.44453
0.23359 0.239101 0.625392
1.73593 0.364263 0.216629
0.312594 0.232024 0.528015
1.23672 0.794331 1.10924
0.230471 0.806976 0.900114
1.72784 0.334836 0.30003
0.69972 0.971682 0.805773
0.575829 0.940683 0.884016
1.72293 0.372426 0.394293
0.396411 0.251412 0.449016
1.41223 0.259895 0.937467
1.69251 0.381105 0.396936
0.65013 0.188998 0.531528
0.532905 0.178243 0.5493
0.038247 0.493401 1.35857
1.29165 0.0803259 0.356526
0.699279 0.190078 0.773511
0.707634 0.190083 0.575076
1.25341 0.87306 1.04456
0.126259 0.723882 0.597834
0.459132 0.168695 0.643944
0.498207 0.188451 0.779661
0.447387 0.167377 0.667551
0.516225 0.17692 0.742812
1.83139 0.590682 0.45531
0.413364 0.197879 0.821616
1.20409 1.02284 0.770025
0.398601 0.190283 0.779694
0.873402 1.11681 0.342951
1.16443 1.12695 0.480081
0.288589 1.25687 1.52107
1.40359 0.460242 1.10831
0.640602 0.231612 0.241906
0.578205 0.245428 0.371793
1.27402 0.266858 0.0164521
0.794262 0.20696 0.487689
1.28485 0.739788 1.12922
1.2624 0.982593 0.0598233
1.08485 0.842964 1.06717
1.50314 0.286576 0.896562
1.51766 0.30465 0.899673
0.72699 1.0702 0.0295192
0.684738 0.181141 0.596373
1.39782 0.162658 0.804192
1.61194 0.45045 0.874488
1.57957 0.493257 0.940539
1.04468 0.874113 1.03487
1.39683 0.296185 1.01223
1.86731 0.511272 0.35577
1.26059 0.248674 0.992868
1.12596 0.266168 1.05948
0.95205 0.093654 0.0356577
1.27276 0.305865 1.08263
1.53386 0.62376 1.00321
1.19696 0.638115 1.1769
1.04675 0.235979 1.00875
1.08966 0.295656 1.08794
0.617208 0.582099 1.15857
1.3977 0.337758 1.05904
1.42929 0.526497 1.09709
0.915012 0.683769 1.12206
1.39207 0.564618 1.1203
1.06963 0.208197 0.9615
0.517713 0.1481 0.0682254
0.55923 0.919653 0.936192
0.150604 0.360207 0.558024
0.333099 0.872394 0.478659
0.245027 1.0532 1.40819
1.55186 0.902688 0.526452
0.0499044 0.390435 1.29907
0.232696 0.815958 1.3576
0.925593 0.0977961 0.755517
0.328707 0.923973 0.62649
0.274421 0.572406 0.360081
0.303885 0.604179 0.340758
0.0227078 0.573306 1.12838
0.34578 0.601728 0.324666
0.0450171 0.235633 0.97899
0.0176624 0.254198 1.05718
0.391347 0.687291 0.325461
1.38172 0.649092 1.11797
0.454917 0.703509 0.271509
0.0259605 0.207413 1.07791
0.112016 0.260858 0.933894
0.323676 0.120761 0.978306
0.484275 0.239412 0.443175
0.0936609 0.238959 0.942348
0.0511446 0.209633 1.15406
0.122481 0.105628 1.16652
0.356538 0.216189 1.26164
1.22619 0.11138 0.774489
1.08925 0.122409 0.801669
1.02894 0.0828507 0.775509
1.47585 0.589338 0.0166854
0.137656 0.697866 0.56502
1.20992 0.0787011 0.750987
0.9852 0.837243 1.0555
1.20494 0.0327378 0.661368
1.45202 0.983667 0.638799
0.565545 0.169089 0.0862764
1.06247 0.829215 1.08674
0.475554 0.350712 1.29999
0.195854 0.305913 0.86844
0.402978 0.304086 0.156004
0.513438 0.811596 0.295456
0.725406 0.887739 0.374115
0.591645 0.929997 0.524292
0.386034 0.537063 0.00667998
1.31456 0.166136 0.177024
0.310074 0.630675 0.00701595
0.358806 0.536136 0.0119899
1.54604 0.257192 0.775173
0.532788 0.884718 0.444732
0.314547 0.685542 0.00397602
0.525957 0.306171 0.347691
0.510984 0.395148 0.245671
0.562821 0.226743 0.170287
1.04402 0.917508 0.97614
0.466059 0.608055 0.233981
0.507069 0.94329 0.857118
0.448626 0.723735 0.312981
0.568278 0.965868 0.812685
0.663105 0.935559 0.917541
0.96036 0.0646197 0.742554
0.886155 1.00134 0.781446
0.95913 0.852735 1.56053
0.421602 0.259839 0.941673
0.41409 0.282627 1.3066
0.396615 0.274893 1.28298
0.381879 0.256464 1.28811
0.600387 0.760965 1.64353
0.550722 0.716394 1.60272
0.571734 0.475614 1.20459
0.527154 0.759675 1.53216
0.81408 0.90234 1.75968
0.647043 0.845178 1.57207
0.602343 0.801168 1.61215
0.585066 0.496968 1.18823
0.384543 0.800367 1.35042
0.558039 0.482463 1.2282
0.53832 0.562986 1.39063
0.360273 0.803814 1.20256
0.515355 0.50769 1.37806
0.576003 0.390702 1.11916
0.395064 0.760686 0.354105
0.329865 0.803949 1.24044
0.40731 0.786849 1.24005
0.630921 0.502713 1.13414
0.528423 0.390198 1.2268
0.65139 0.945144 0.892443
0.594882 0.615696 1.39848
0.532131 0.957513 0.575769
0.177346 0.75048 0.907269
0.367704 0.915105 0.785163
0.351861 0.701355 0.134184
1.00551 0.35286 1.11319
0.817881 0.160736 0.500712
0.845304 0.134097 0.471447
0.825252 0.867003 1.01177
0.839727 0.0653868 0.609054
0.831036 0.0989667 0.538503
1.68532 0.657237 0.617451
0.297231 0.575364 0.342072
1.56736 0.910449 0.636162
1.84817 0.45066 0.31395
1.84564 0.455484 0.405906
1.59761 0.628656 0.916455
0.379416 1.11391 1.44779
0.413766 0.452061 0.0727878
0.285506 0.703635 0.385824
0.788796 0.515136 1.10734
1.65721 0.750483 0.69432
1.67033 0.721857 0.688335
1.79027 0.707946 0.249907
1.73147 0.741195 0.205635
1.7805 0.571551 0.163244
0.534783 0.315942 1.04422
1.52339 0.318324 0.17441
1.49393 0.328227 0.122525
1.48761 0.274657 0.171157
1.67933 0.698481 0.51663
0.98394 1.07069 0.178019
1.61269 0.304497 0.474654
1.58366 0.2599 0.524478
1.54639 0.904848 0.468315
1.48259 0.937809 0.297098
1.66199 0.388533 0.532947
0.232741 0.859716 0.585348
0.549351 0.833577 1.07692
0.116408 0.744519 0.714903
0.176696 0.605796 0.456249
1.65055 0.514368 0.805542
0.867063 0.995526 0.802617
0.208269 0.387798 0.468051
1.58629 0.343191 0.82824
1.68946 0.710964 0.390234
1.71261 0.681498 0.425676
1.68149 0.440766 0.482496
1.40039 0.908706 0.123887
1.68983 0.726855 0.368277
1.67041 0.408249 0.621777
1.55631 0.788679 0.207841
1.5026 0.800967 0.176245
1.67978 0.59844 0.730374
1.3547 0.944124 0.0788361
1.64963 0.383823 0.691386
0.88824 0.175332 0.81147
0.521802 0.483492 1.3035
1.59271 0.319203 0.776535
1.39948 0.979713 0.196945
1.31585 1.01019 0.17533
1.73583 0.590322 0.475806
0.549312 0.341442 1.10557
0.803184 0.0612195 0.0636441
1.69303 0.489513 0.538905
1.64837 0.484365 0.799455
0.381402 0.339225 0.380148
1.69413 0.519783 0.548913
1.67172 0.474627 0.720984
1.69452 0.49305 0.509232
1.60782 0.795549 0.774717
0.725187 0.985722 0.515181
1.67626 0.707541 0.635916
1.68802 0.614748 0.676668
1.25623 0.586896 1.17467
0.235671 0.879438 0.631278
0.207648 0.829179 0.802677
1.3604 0.531807 1.13611
1.29904 1.07359 0.58221
1.65634 0.373074 0.581619
1.57741 0.2594 0.707667
0.438447 0.657012 0.00204781
1.35568 0.192056 0.16727
0.324555 0.275549 0.456306
0.44271 0.678585 1.4945
1.4287 0.232002 0.125574
0.555573 0.66504 0.00183064
0.721659 0.886914 1.60991
1.52466 0.34386 0.942357
0.529062 0.253007 0.0145953
0.583986 0.791991 1.59276
0.206816 0.788229 0.896475
1.59804 0.285668 0.456546
0.221785 0.197463 1.36355
0.334542 0.252278 0.478869
0.172665 0.770805 0.865041
0.728754 0.314142 0.991578
0.14066 0.766305 0.778323
1.49459 0.268118 0.196697
1.65638 0.340812 0.325314
1.34621 0.114137 0.696756
1.22208 1.03823 0.755937
1.6345 0.349644 0.345036
0.51174 0.903471 0.968802
0.759387 0.899946 0.977175
1.51464 0.338487 0.13316
1.75659 0.533493 0.141983
1.72259 0.501141 0.121112
0.808935 0.880878 0.996228
0.598803 0.972261 0.700806
1.77389 0.481494 0.164024
0.761088 0.888939 1.70569
1.68562 0.759402 0.18631
1.8058 0.681261 0.244521
0.96483 0.205479 0.927717
0.465636 0.227563 0.460383
0.387885 1.16269 1.56902
1.80424 0.704361 0.349386
0.725562 1.001 0.564195
0.647172 0.88413 0.392397
0.276612 1.33943 1.75429
0.897459 0.995583 0.805542
0.33621 1.41458 1.68742
0.737007 0.936447 0.908862
1.8652 0.498309 0.380217
0.821088 0.862968 1.52019
0.763113 0.828909 1.03878
0.628857 0.85995 1.04865
1.81357 0.535026 0.195878
1.85202 0.587394 0.277165
1.79822 0.412479 0.235568
1.87006 0.539868 0.368406
0.0742842 0.451485 0.79626
0.0802086 0.599994 0.832191
1.8348 0.659334 0.291837
0.481455 0.762789 0.232277
0.0616677 0.516012 0.743382
0.129196 0.356316 0.805035
0.0936006 0.406206 0.800148
1.85679 0.609801 0.392829
1.73316 0.408936 0.433869
0.324027 0.592308 0.107304
0.0730131 0.192013 0.969474
1.87 0.564519 0.371028
1.85573 0.622173 0.313983
0.127071 0.130518 0.992964
0.299992 0.582444 0.0559635
1.77592 0.401361 0.219019
0.685419 0.998673 0.00246983
1.57979 0.257582 0.641814
0.135783 0.308751 0.929016
0.732855 0.959712 0.00727926
0.447702 0.579162 0.00283232
0.959118 0.922059 1.67078
0.0618945 0.655665 1.12658
0.999723 1.16493 0.528006
0.890331 0.150685 0.211822
0.857898 0.126929 0.445926
0.198811 1.12902 1.6061
0.979014 0.0468258 0.444252
0.858639 0.188758 0.276935
1.37058 0.479874 1.12701
1.23458 0.400908 1.15462
0.25462 1.09282 1.44306
0.893712 0.542277 1.13293
1.10682 1.10337 0.735294
0.8373 0.184891 0.410502
0.978363 1.02748 0.099711
0.564429 0.554019 1.23079
0.899817 1.04697 0.755349
0.647676 0.811389 1.09587
1.198 1.03462 0.160743
0.932712 1.03957 0.0980043
0.489114 0.725694 1.26647
0.879267 1.17342 0.51288
0.961278 1.01885 0.0283531
1.33172 1.04681 0.320178
1.28915 1.05896 0.304434
0.325122 0.0978633 1.11136
0.498276 0.439533 1.40537
1.42394 1.01708 0.448179
1.48215 0.955743 0.402789
0.823791 1.12253 0.671385
0.358746 0.221923 1.29092
0.306675 1.2305 1.41616
0.425583 0.285009 1.35859
0.420459 0.246922 0.164037
0.352683 0.200184 0.963891
1.75094 0.362487 0.239471
1.77095 0.357009 0.338076
0.89337 0.889743 1.76983
0.84759 0.855756 1.68304
0.33969 0.187616 1.25549
0.783936 0.245431 0.226947
0.78081 0.779349 1.6918
0.366387 0.742905 0.122095
0.856599 0.850653 1.64017
0.470127 0.401649 0.1542
0.699594 0.700239 1.62808
0.676854 0.689133 1.63996
0.691182 0.704586 1.65987
0.464799 0.732504 0.23887
0.499434 0.212241 0.845811
1.03907 1.08491 0.756987
0.721875 0.67227 1.49363
0.383442 1.07129 1.43616
0.734808 0.747552 1.57377
0.536454 0.30369 0.25685
0.454398 0.447231 0.0056736
0.913593 0.89208 1.66271
0.857208 0.792579 1.56614
0.38286 0.54168 1.47505
0.596652 0.655908 1.59325
0.30546 0.662661 0.110514
0.297675 0.721971 0.0549666
0.385203 0.201079 0.0917355
0.36606 0.323754 0.116856
1.30866 0.0753342 0.62187
0.960126 0.858282 1.58603
0.82626 0.822819 1.72635
1.60895 0.297371 0.504648
1.47388 0.169704 0.688269
1.26117 0.960546 0.832767
0.944064 0.112795 0.769533
0.910335 0.84306 1.59415
0.353229 0.205547 0.542592
0.305163 0.380772 0.396729
0.875862 0.770649 1.5338
0.304476 1.33835 1.62523
0.300672 0.223862 0.553602
0.727785 0.705318 1.53251
0.740325 0.687651 1.47568
0.513288 0.422247 0.251145
0.784296 1.07174 0.667992
1.28853 1.07214 0.379134
0.619884 0.219041 0.352941
0.397911 0.509355 0.307806
0.697518 0.959058 0.564168
0.673518 0.988482 0.701079
0.501393 0.348339 1.23252
0.712452 0.979047 0.568653
0.442905 0.342864 0.360237
0.744417 1.0405 0.603375
0.329826 0.646953 0.337926
0.677211 0.883434 0.39504
1.22435 0.0688155 0.276432
0.341835 0.900408 0.829497
0.282404 0.155647 1.30775
0.459318 0.154103 0.104019
0.632784 0.938928 0.541467
0.814926 0.499548 1.10437
0.297963 0.732585 0.393327
0.760023 0.901635 0.300558
0.100143 0.506154 0.575286
0.107266 0.520194 0.55383
0.782565 1.01802 0.362202
0.228209 0.813306 0.515547
0.568413 0.17973 0.11344
0.932892 1.1307 0.31293
0.852273 1.10699 0.355731
1.07441 1.12977 0.375267
0.128407 0.699249 0.586101
1.02334 1.14754 0.438465
0.797961 1.10205 0.446721
0.348621 0.313758 1.44636
0.742338 1.0269 0.492264
1.25228 0.492369 1.1732
1.06951 1.14969 0.500538
1.30018 0.28772 1.04814
0.749349 0.888981 0.325623
0.820365 0.416328 1.07265
0.823203 0.394269 1.06399
1.36833 0.150652 0.804312
1.22139 0.159056 0.831153
0.798774 0.266695 0.943386
1.04756 0.27408 1.06091
1.17032 0.358221 0.0696477
1.01251 0.667914 1.15175
0.779307 0.134264 0.0188383
0.990594 0.245128 1.00869
0.557982 0.571464 1.24613
0.918657 0.243672 0.97335
0.848781 0.0996603 0.0191875
1.61386 0.586614 0.894618
0.419238 0.164911 0.0375957
1.26446 0.790326 1.10364
0.80292 1.00009 0.196414
0.55458 0.497064 0.0173845
0.530802 0.82245 0.00192119
0.558138 0.819129 0.00213668
0.786549 0.167855 0.73686
0.251123 0.188305 1.3576
0.502899 0.593514 0.00416379
0.530598 0.171677 0.695637
0.584481 0.175387 0.614199
1.26869 0.812757 1.08733
0.552564 0.283958 0.962319
0.6357 0.209095 0.820743
0.4836 0.351363 0.0115608
0.587742 0.937116 0.0185482
0.678393 0.183877 0.717177
0.415824 0.404733 0.00948876
0.661776 0.21728 0.828507
0.438444 0.266487 0.9597
0.790815 0.22233 0.455823
0.693717 0.226181 0.303435
0.502542 0.621567 0.00203702
0.424683 0.489144 0.00587964
1.86893 0.584814 0.352089
0.589233 0.211392 0.857016
0.640323 0.202788 0.786252
0.408273 0.655458 0.00172541
0.617175 0.19336 0.731094
0.364863 0.242091 0.897918
0.620436 0.195816 0.0249328
0.247223 0.259036 0.838656
0.661845 0.276676 0.0135155
0.295531 0.769065 1.50587
1.62499 0.334902 0.404778
0.204286 0.283914 0.81447
1.29534 0.841194 1.06078
0.206669 0.258709 0.902424
0.771258 0.407121 0.0345885
0.411678 0.184272 0.576294
0.190205 0.271346 0.636126
0.885357 0.510096 0.057087
0.305115 0.19795 0.715677
0.172526 0.454053 0.489453
0.533826 0.34236 0.0123781
0.590751 0.37104 0.00724758
0.60948 0.289925 0.0143604
1.38537 0.86391 0.0794043
1.46069 0.322224 0.0891555
0.0904254 0.41283 0.665247
0.522693 0.169589 0.0229579
0.257169 0.215235 0.717267
0.552093 0.236453 0.0147954
1.2169 0.830256 1.08333
0.545811 0.210926 0.014956
0.250001 0.848496 0.536379
1.63392 0.79581 0.545421
0.583548 0.276115 0.0146629
0.266679 0.249276 0.544566
0.216605 0.289882 0.548823
0.399756 0.231245 0.144184
0.594414 0.631614 0.00695592
0.552426 0.560652 0.0249357
1.09403 0.635055 0.0614454
0.990213 0.723717 0.0633579
1.66212 0.747372 0.550545
0.82398 1.1533 0.569295
1.1191 0.740319 0.0680025
1.077 0.754482 0.0670086
1.12122 1.08305 0.752217
0.856182 1.15457 0.640233
0.417087 0.67974 0.00154766
0.442479 0.7545 0.000155438
0.346503 0.737565 0.00192942
0.381468 0.354312 1.45835
0.230109 0.269338 0.561147
1.24548 0.0599448 0.329325
0.427641 0.731931 0.000581346
0.737946 0.841377 1.7311
1.02757 0.0156372 0.625239
1.25152 0.0483993 0.67056
1.44778 0.134079 0.57309
0.911925 1.01207 0.00853509
1.08645 0.131691 0.108781
0.904278 0.0921477 0.161441
0.817314 0.886836 1.77697
0.791877 0.953061 0.0163581
0.277697 0.110859 1.21633
0.507336 0.744387 1.41285
0.737256 1.00474 0.00272407
1.07993 0.0929193 0.194708
0.25241 0.262652 1.41592
0.246329 0.36357 1.46045
0.680331 0.945843 0.892266
0.78333 0.870207 0.063765
0.943122 1.00656 0.0113208
0.389508 0.46497 0.0326805
1.80943 0.399519 0.287083
0.467253 0.750195 0.194824
0.34104 0.265035 1.41792
1.05619 0.120245 0.0956283
0.512616 0.796605 0.248148
0.864189 0.853536 1.78697
0.359889 1.39925 1.74968
0.416373 0.635877 1.47821
0.426666 0.429057 1.46581
0.276971 0.23 1.39486
1.26086 0.750609 0.0120917
1.12313 0.802821 0.0698547
1.20099 1.09165 0.34944
1.07573 0.0308163 0.365241
0.895437 0.761559 0.0620427
1.10329 0.000568728 0.504633
1.21179 0.332313 1.11575
0.940953 1.17199 0.525939
1.02904 0.605097 0.0615261
0.288696 0.564642 1.4758
0.306063 0.641565 1.46828
1.02945 0.778515 0.066024
1.11999 1.14792 0.596682
1.54074 0.755043 0.109652
0.968445 0.820623 0.0659658
1.53328 0.770964 0.134583
1.63003 0.786861 0.224683
0.800178 0.874977 1.5329
1.76867 0.717195 0.379062
1.80562 0.687348 0.401058
0.814209 0.925575 1.63417
0.711207 0.161072 0.0273215
0.975144 0.982836 1.63514
0.350811 1.17338 1.43204
0.859227 0.382551 0.0591108
0.380412 0.998928 1.54618
0.392706 1.14049 1.51491
1.12729 0.53379 0.0289589
1.09473 0.495015 0.0592833
0.848718 0.180941 0.386022
0.382662 0.821406 1.42309
1.32179 0.467706 0.0204578
0.354123 1.01946 1.58928
0.916356 1.03806 0.0455007
0.34917 1.27039 1.67805
0.358425 1.32146 1.70175
1.60779 0.684135 0.0757443
1.19191 0.334362 0.0715719
1.08422 0.320217 0.068769
0.786342 0.628764 0.0520056
1.09689 0.346461 0.0670323
1.58083 0.333477 0.160783
1.67555 0.688965 0.11974
1.71299 0.699498 0.148681
1.55923 0.342444 0.145072
0.467139 0.347241 1.37167
1.65272 0.549324 0.0797916
1.68933 0.42492 0.125286
0.70014 0.699642 1.5334
0.856746 0.212552 0.895461
1.26334 0.497589 0.0137368
1.57182 0.463092 0.0580671
1.58719 0.400176 0.0884004
1.52903 0.675108 0.0446715
1.45629 0.602031 0.0153646
1.54646 0.473715 0.98385
1.50427 0.48957 0.0307356
1.14729 0.445653 0.0491955
1.54949 0.63891 0.040479
1.08203 0.974337 0.902271
1.64915 0.697173 0.109123
1.57985 0.520713 0.0489612
1.38423 0.583128 0.0299644
1.1568 0.38868 0.0663462
1.01425 1.15879 0.645042
1.47863 0.644544 0.023046
0.157947 0.114808 1.23519
1.48896 0.51348 0.0224869
1.16138 0.330519 0.0708711
0.974133 0.229067 0.0539997
1.37408 0.542199 0.0311031
1.1967 0.417765 0.0330774
1.40121 0.420444 0.0211326
0.613092 0.178756 0.0724287
1.52397 0.469965 0.0408207
0.499203 0.245071 0.0138966
1.64902 0.390729 0.122646
1.38613 0.333849 0.0278656
0.896067 0.796191 0.0625548
1.19716 0.449244 1.17176
1.06837 0.265113 0.069765
0.801207 0.0834066 0.118231
1.12141 0.273141 0.0665235
1.02016 0.365961 0.064041
1.42027 0.950601 0.799641
1.28876 0.707898 0.0099042
1.73488 0.721344 0.185259
0.697917 0.88545 0.0335229
0.717912 0.930258 0.928926
0.361308 0.521538 1.47682
1.0771 0.990447 0.0162021
0.889443 0.891684 0.0633354
1.24111 1.01153 0.144606
0.366948 1.06156 1.58748
0.202594 0.266465 1.40926
1.01924 0.721275 0.064272
0.995568 0.539598 0.059658
1.57919 0.41991 0.0757281
0.352791 1.09611 1.61499
1.63176 0.587466 0.0691173
1.07014 0.500862 0.0604281
0.0147034 0.526161 1.13688
0.0912012 0.498285 1.43585
0.651816 0.358695 0.0104765
0.384237 1.43497 1.65835
0.385428 1.09129 1.44918
0.235413 0.638715 1.46524
0.433383 0.35898 0.0104925
0.886491 0.930975 1.60787
0.514239 0.391053 0.0075654
0.860169 0.921375 1.60059
0.664521 0.762915 1.41052
0.447186 0.707703 0.00110746
0.857328 0.954078 1.71764
0.506769 0.502965 0.00597825
0.370866 0.261266 0.0165479
0.95304 1.06114 0.166236
0.797058 0.185134 0.0165092
1.55387 0.77616 0.153596
1.2792 1.08428 0.527586
0.230934 0.936183 1.5766
1.09521 1.14626 0.513639
0.222288 0.368244 1.45827
1.13417 1.13147 0.64431
1.02422 1.16205 0.52887
0.773343 1.10216 0.502224
0.740298 0.967245 0.446841
0.79782 1.07161 0.4053
1.08822 1.1236 0.335436
0.793608 1.04875 0.365331
0.244331 1.08984 1.65344
0.212976 0.832479 1.47911
1.25114 1.02554 0.753978
0.467187 0.627414 1.51328
0.21167 0.462519 1.4719
0.701898 0.982188 0.619743
0.757398 1.02155 0.656745
0.403398 0.308229 1.43695
0.38703 1.24532 1.55867
1.43181 1.0116 0.512217
0.879177 0.857664 1.63104
0.814176 0.722547 1.51903
0.530016 0.596058 1.50016
0.25855 0.557976 1.47589
1.31658 0.178266 0.0543987
0.585429 0.600822 1.43971
0.818076 0.829659 1.65314
0.888738 0.88692 1.69686
1.69972 0.326886 0.30612
0.901344 1.02045 0.765786
1.05216 0.98445 0.848967
1.68661 0.334617 0.200502
1.7123 0.331302 0.249023
1.46484 0.986106 0.444384
0.457974 0.293182 0.180016
0.611298 0.695067 1.63457
0.612492 0.73917 1.65326
0.334728 0.243046 1.39697
0.2247 0.274544 1.41961
1.02256 1.03493 0.131426
0.180043 0.259049 1.39633
0.974694 0.968019 1.73497
0.962004 0.947052 1.72181
1.45944 0.175618 0.46269
0.281889 1.28609 1.61343
0.0977967 0.385185 0.755952
0.774684 0.588174 0.02857
0.207688 1.1881 1.66682
0.201071 1.08506 1.5723
0.0575934 0.369318 1.28543
0.139065 0.691713 0.925575
0.109812 0.696051 0.812298
1.02425 0.12658 0.159473
0.443778 0.916017 0.486195
0.583485 0.892005 0.998904
1.16922 0.138541 0.142861
1.46056 0.856548 0.921159
0.547413 0.849216 0.0684681
1.0919 0.881001 1.02387
0.697827 0.178782 0.696777
0.383436 0.949596 1.51862
0.637887 0.978144 0.742716
1.26063 0.060315 0.692406
1.47357 0.18559 0.345138
0.60723 0.95547 0.593883
1.30069 0.0701244 0.671655
1.35386 0.0729573 0.521505
0.452751 0.86049 1.01327
0.273466 0.90708 1.58167
1.16621 0.0271494 0.469449
1.09072 0.0192141 0.438726
1.05225 0.0188778 0.639957
0.146788 0.757596 0.830433
0.776694 0.536334 0.0153294
0.99618 0.0123536 0.57261
0.518253 0.728382 1.56356
0.433548 0.761298 1.28975
0.378747 0.82998 1.34632
1.27888 0.6414 0.0217373
0.391152 0.762936 1.37743
0.461412 0.757605 1.24322
0.497904 0.721056 1.35009
0.995016 0.0347193 0.465318
1.21042 0.0362361 0.434718
0.231531 0.869652 0.741327
1.12085 0.0304956 0.341745
1.18595 0.340179 1.12193
1.5934 0.658182 0.917046
1.66595 0.451212 0.733617
1.4824 0.930348 0.754272
0.317526 0.738114 1.47822
1.52669 0.891861 0.750339
1.44406 0.93912 0.792405
1.45491 0.916815 0.176186
1.12002 0.0527316 0.74667
1.50076 0.922332 0.307083
1.39886 1.00845 0.652884
1.08536 0.607878 0.0609075
1.6379 0.763329 0.304098
1.5899 0.785301 0.256016
0.849039 1.14104 0.666231
1.1183 0.646404 0.0540384
1.66406 0.401124 0.651051
1.05101 1.1067 0.739428
0.971466 1.13809 0.70701
0.886734 1.16448 0.631242
1.4697 0.945909 0.736824
0.993759 1.02476 0.784224
1.19421 0.983574 0.796422
1.13405 1.12589 0.667566
1.65083 0.367425 0.482877
1.66857 0.589557 0.772683
1.61843 0.433254 0.851829
0.930675 1.17362 0.551733
1.17695 0.469092 1.17562
1.49371 0.61833 1.04293
0.709281 0.949761 0.171082
0.673002 0.836478 0.225127
1.52677 0.303999 0.198247
1.15337 0.0574407 0.251885
1.57157 0.32709 0.18957
1.68034 0.320094 0.280447
1.4036 0.317709 0.0411123
0.206167 0.280385 0.576402
0.186344 0.37137 0.509907
0.23801 0.342696 0.464796
1.83254 0.674445 0.316518
0.291828 0.213987 0.783609
1.85122 0.488178 0.281727
1.86012 0.536472 0.292268
0.791382 0.15578 0.624882
0.0902067 0.454674 0.936774
0.094965 0.522009 0.600381
0.0786153 0.508485 0.643131
1.01344 0.0595122 0.297907
0.973092 0.0933237 0.0581859
0.659133 0.874698 1.01297
0.374943 0.471192 1.47644
0.880707 0.158945 0.258738
1.26549 0.137838 0.168316
0.902976 0.119376 0.319722
0.118136 0.561372 0.540471
0.135751 0.547371 0.52212
0.349731 0.238204 0.935808
0.35073 0.177832 0.703494
0.281006 0.204284 0.702861
0.781209 0.870939 1.00646
0.0943911 0.543753 0.902385
0.353502 0.208192 1.23757
0.564471 0.423033 1.19179
0.44841 0.197634 0.505245
0.471657 0.20955 0.486492
0.487878 0.175168 0.728601
0.474243 0.784461 0.334056
0.439893 0.67014 0.298255
0.59853 0.238208 0.295447
0.337137 0.629823 0.00397383
0.240431 0.158405 0.933837
0.792066 0.259103 0.304275
0.704421 0.23955 0.212624
0.470664 0.271604 0.183353
0.371853 0.226765 0.0950358
0.832677 0.179154 0.814644
0.747807 0.173446 0.696465
1.13412 0.148757 0.809601
0.398784 0.165138 0.648012
1.52979 0.792513 0.191186
1.56669 0.247946 0.468675
0.217041 0.63567 0.424812
1.35908 0.235809 0.0303021
0.0672261 0.6756 1.03846
0.266246 0.619794 0.370983
0.343089 0.921621 0.69789
0.905421 0.902712 0.987153
0.628755 0.222375 0.871038
0.637299 0.197229 0.476547
0.187816 0.44286 0.470973
0.618159 0.309204 0.992649
0.503808 0.251743 0.920373
0.478014 0.258799 0.929727
0.949047 0.031689 0.689154
1.01736 0.182819 0.866706
0.525423 0.257634 0.929553
0.617661 0.211056 0.850407
1.3601 0.264419 0.0246892
1.537 0.915765 0.417771
0.61845 0.200652 0.805125
0.0814374 0.63909 0.704733
0.284886 0.904767 0.646266
0.624711 0.191579 0.650586
0.89682 1.10849 0.295648
0.603501 0.191302 0.757365
0.644853 0.192272 0.672978
0.669705 0.230566 0.853233
0.653985 0.294081 0.975132
0.496986 0.286865 1.01123
0.590583 0.309456 0.989673
0.52098 0.282316 0.962985
0.312942 0.189452 0.636309
0.593679 0.198961 0.484845
0.275382 0.85677 1.55629
0.491361 0.22117 0.468393
0.759522 0.953052 0.190752
0.685569 0.871839 0.181718
0.571002 0.205036 0.477966
0.582897 0.908013 0.95241
0.57528 0.196351 0.507519
1.51055 0.941538 0.671616
1.09118 0.976353 0.877752
0.552063 0.19573 0.498396
0.695031 0.166626 0.0919914
0.961008 0.051459 0.422436
0.515091 0.187827 0.520731
1.13035 0.0248958 0.370878
0.817473 1.08895 0.39084
0.868341 0.864657 1.65999
0.560805 0.180379 0.557832
0.863043 0.474039 1.10913
0.606834 0.673602 1.61625
0.636879 0.704151 1.65092
0.439302 0.174392 0.62385
0.144521 0.397275 1.44414
0.0956526 0.662526 1.25517
0.478773 0.180761 0.541347
1.73012 0.75588 0.326088
0.432801 0.162657 0.714033
1.7415 0.726807 0.374463
0.360966 0.192099 0.757572
0.460359 0.165642 0.721578
0.80454 0.775716 1.46625
0.457791 0.162732 0.692835
0.795438 0.823983 1.48301
0.780012 0.84387 1.49545
0.390507 1.42752 1.63367
0.363423 1.04266 1.39427
0.911622 0.94365 1.61769
1.47861 0.672387 0.0304194
0.0568785 0.167686 1.01447
0.920739 0.990732 1.70107
0.972168 1.09688 0.229742
1.66342 0.75468 0.164244
1.01554 0.34155 0.0653244
0.105521 0.211756 0.940935
1.61647 0.319107 0.693621
1.61172 0.724356 0.102925
0.33963 1.41112 1.65676
1.65527 0.576759 0.0808014
1.51487 0.512073 0.0291146
1.47562 0.489489 0.0233607
0.669138 0.210316 0.343482
0.729738 0.997131 0.697029
1.37659 0.224194 0.0475962
0.822108 0.794088 0.0607269
0.664473 0.185758 0.583587
0.662307 0.198561 0.485061
1.35698 0.857346 0.0337509
1.05311 0.931299 0.0115906
0.721179 1.06404 0.0809082
0.970434 0.744333 0.0636828
1.25481 1.08778 0.650736
0.552891 0.613848 0.0127993
0.478761 0.322548 0.0125086
0.605538 0.224046 0.0152568
0.775719 0.219106 0.48102
0.814644 0.113428 0.636519
1.25642 0.229412 0.939762
0.316023 0.810477 1.518
0.910476 0.17929 0.0196483
0.357411 1.42805 1.63861
0.764412 1.04501 0.452163
1.27035 0.214831 0.899874
0.662934 0.38433 1.0733
0.751386 0.977355 0.424278
1.60652 0.493128 0.898008
0.683307 0.873165 0.369576
0.789912 0.709209 1.49635
0.654219 0.66894 1.56687
0.788286 0.228645 0.888432
0.897441 0.167544 0.785205
0.282356 1.04175 1.64094
1.68845 0.366765 0.165407
1.67216 0.344037 0.174767
0.924918 0.227858 0.950151
0.731505 0.776328 1.72765
1.25444 0.223376 0.917142
1.1808 0.227362 0.996315
0.208118 0.132694 1.28793
0.472794 0.467085 0.116961
1.35431 0.199724 0.878682
1.40332 0.219882 0.872442
1.84082 0.558021 0.45276
1.02115 0.106488 0.789108
1.08977 0.0530742 0.749283
1.0273 0.289487 1.07339
0.326289 1.13897 1.39742
1.45748 0.974289 0.361278
0.586068 0.684246 1.15562
1.14404 1.10883 0.709617
1.08155 1.10891 0.295336
1.11863 1.00793 0.0629877
1.27656 1.06106 0.258295
1.11658 0.248918 1.03849
1.15129 0.223406 0.997548
1.17797 0.204817 0.947934
1.15591 0.59517 1.18055
0.323541 1.37245 1.58316
0.219613 0.801747 1.4788
1.27299 0.633024 1.1665
1.09924 0.642906 1.17064
0.0128871 0.456339 1.01794
1.08984 0.427575 1.162
0.130321 0.69891 1.26704
0.0391683 0.179282 1.07302
0.0401649 0.211156 0.997218
0.725739 0.280455 0.946917
0.73716 0.203017 0.825606
0.0973947 0.611982 1.30165
0.255472 0.725775 0.428913
0.998757 0.689706 1.14344
0.429591 0.781545 1.21957
1.42579 0.11629 0.580467
0.634464 0.918165 0.460809
0.23044 0.718632 0.444801
0.230063 0.765726 0.462696
0.234372 0.802167 0.490107
1.20495 0.293335 0.0629013
0.812628 0.0693564 0.0370011
0.173705 0.718014 0.502008
0.476961 0.936651 0.522441
0.286762 0.627378 0.356268
1.36318 0.845355 1.0183
0.246074 0.703596 0.421194
0.450936 0.9297 0.855252
0.528114 0.48591 0.0115945
0.214702 0.791622 1.05903
0.538494 0.741042 0.00237272
0.689463 0.935379 0.922236
0.660909 0.950388 0.867387
0.205652 0.983955 1.56382
0.626793 0.906243 0.958728
0.0824724 0.23095 1.28432
0.296143 0.789264 0.439005
1.12263 1.02677 0.137083
0.6057 0.453285 0.0144854
1.67066 0.717489 0.59001
0.307854 0.854685 0.479187
0.15475 0.510258 0.495987
0.131774 0.446802 0.54681
0.491085 0.754833 0.000619668
0.393156 0.935259 1.47652
0.490197 0.909597 0.480576
0.627381 0.476355 1.12171
0.301059 0.844779 0.909657
0.471729 0.92211 0.495831
1.31191 0.195014 0.882084
0.35976 0.827385 0.424083
0.72171 0.969063 0.826935
0.506577 0.955155 0.831372
0.490698 0.968262 0.651672
0.35979 0.803928 0.406686
0.318183 0.799185 0.430641
0.202991 0.77028 1.23609
0.749106 0.897804 1.6095
0.465822 0.927924 0.876123
0.263539 0.324372 0.45573
1.48145 0.902745 0.824106
1.39963 0.897495 0.89253
1.11763 0.854133 1.05206
1.36073 0.97143 0.122391
0.374931 0.525168 0.311442
0.465594 0.393249 0.332472
0.55596 0.947205 0.863109
0.409389 0.45708 0.319275
1.4756 0.897108 0.186495
1.05736 0.0233027 0.68958
0.482463 0.299937 0.377451
1.60069 0.785769 0.30798
1.37948 0.824859 1.02761
0.763341 0.33549 0.0501852
0.491514 0.393039 0.31941
1.67009 0.403812 0.575808
0.425004 0.495537 0.303084
0.466605 0.509787 0.289956
0.480141 0.48414 0.289431
0.44205 0.516495 0.294291
1.50231 0.68658 0.0415629
1.72077 0.540012 0.484398
1.63304 0.751728 0.775719
0.30696 0.809355 1.00101
0.417906 0.525216 0.299576
0.414699 0.554214 0.298685
0.512976 0.462375 0.27067
0.913032 0.928533 1.59484
1.55748 0.226902 0.675888
0.287946 0.241207 0.534702
1.14928 0.943584 0.955809
1.17942 1.07125 0.746985
0.982089 0.936213 0.93981
0.901524 0.314601 1.04893
0.399711 0.280395 0.416271
1.01353 1.08587 0.757293
0.364488 0.213539 0.519723
1.47423 0.192437 0.762159
1.74699 0.657291 0.152344
1.31217 0.132816 0.790743
0.311265 1.20457 1.40792
0.936651 0.922032 1.58102
1.41184 0.155556 0.77631
1.44538 0.157487 0.731397
0.709158 0.765156 1.42714
1.83932 0.666354 0.339267
1.07146 0.871938 1.0357
0.620772 0.686385 1.37225
1.37078 0.133803 0.729204
0.626775 0.888612 0.145409
0.778683 0.779028 1.45686
0.885291 1.02099 0.00897186
0.585054 0.935556 0.0491748
0.828933 0.180851 0.209936
0.295114 0.101833 1.16041
0.874905 0.10217 0.439683
0.814596 0.2328 0.230571
1.6491 0.374439 0.410793
1.36389 0.254648 0.954186
1.19425 0.0642891 0.738078
1.22452 0.0426018 0.674055
0.664284 0.671667 1.51531
1.18339 0.0214499 0.592878
1.336 0.0828807 0.605568
1.31264 0.077847 0.64815
0.354249 0.305907 0.0968556
0.379317 0.241377 0.123928
0.543345 0.509085 1.26766
0.372648 0.221042 1.19619
0.528882 0.314538 0.32103
0.974679 0.73851 1.12004
0.167938 0.374355 1.44631
0.433875 0.245758 1.16889
0.659973 0.831921 1.07482
0.515934 0.348822 0.240871
0.534009 0.497367 0.227217
0.53121 0.506106 0.196638
0.458904 0.53079 0.00304956
0.415788 0.435297 0.00865389
0.20885 0.320088 1.43919
0.334725 0.549798 0.0183645
0.494832 0.461211 0.287886
0.479532 0.779988 0.305499
0.480453 0.55215 0.169935
0.508605 0.790191 0.201365
0.103979 0.379908 0.68811
1.25477 0.0478374 0.416979
1.13797 0.0154593 0.605904
0.451968 0.678501 0.270567
1.2307 0.0301143 0.510009
0.507801 0.353394 0.212656
0.639237 0.405234 1.0813
0.83211 0.138104 0.497547
0.118339 0.160719 1.25388
0.289775 0.20185 0.648258
0.511632 0.370938 0.236872
0.528849 0.527499 0.222011
0.237783 0.513192 0.400644
0.310998 0.471117 0.348384
0.414273 0.908391 0.482157
0.378729 0.165912 1.10976
0.162323 0.530289 0.474396
0.45522 0.282242 1.2064
0.464067 0.251357 1.13541
0.483375 0.281446 1.16482
0.915663 0.374409 1.08884
0.498108 0.302031 1.17697
1.40916 0.243714 0.913119
0.520662 0.315306 1.15717
0.641421 0.193728 0.580965
0.481512 0.337275 1.24714
0.646482 0.203933 0.430908
0.512172 0.438645 1.28408
0.469107 0.166942 0.586803
0.5229 0.303768 1.0963
0.396885 0.192819 1.11567
1.07035 1.01774 0.792897
0.473622 0.215869 0.865824
0.600444 0.23653 0.905925
0.542982 0.554379 1.29311
0.222517 0.249523 0.748605
0.488352 0.375897 1.31051
0.244439 0.321141 1.4458
0.606993 0.218938 0.404028
0.534444 0.241908 0.432732
0.505542 0.179854 0.549009
0.381924 0.176349 0.736806
0.398154 0.253026 0.933507
0.0198368 0.223672 1.05217
0.394029 0.272633 1.40613
1.07937 1.1047 0.738408
0.479436 0.361641 1.34942
0.924186 0.0347685 0.675069
1.28458 0.0519681 0.486786
0.762936 0.773976 1.73266
0.315942 0.359313 1.46357
0.24314 1.01854 1.62531
0.434625 0.645954 1.49314
0.259196 1.11067 1.66371
0.215363 0.589569 1.4667
0.880029 0.966393 1.69997
0.532617 0.852786 0.386844
0.435939 0.488847 0.0994209
0.562479 0.64692 1.33728
0.749676 0.865854 1.52209
0.70377 0.467727 1.11485
0.774429 0.863892 1.51694
0.348693 0.155297 1.15551
0.35448 0.201876 1.20938
0.392361 1.15052 1.54471
0.323853 0.182895 1.3095
0.391287 0.231111 0.883197
0.374271 1.02016 1.56374
1.69837 0.496305 0.107766
1.69 0.741363 0.166769
0.282948 0.214878 0.604794
0.522558 0.728361 1.36406
1.68555 0.705621 0.136408
1.53002 0.583404 0.0255972
0.656259 0.588126 0.0238502
0.623094 0.738156 1.13193
0.669615 0.640851 0.00362148
0.638124 0.78816 1.11211
0.0330534 0.274678 1.1311
0.618837 0.87546 0.00392049
0.886944 0.568833 1.13129
1.04779 0.999384 0.0229253
1.1421 0.136095 0.148359
1.04287 0.81063 1.1013
0.919314 0.798888 1.07145
0.0616095 0.475446 0.707643
0.558213 0.263788 0.0146988
0.995997 0.859197 1.04341
0.826308 0.757455 1.0799
0.56178 0.161344 0.05832
0.772872 0.187315 0.596898
0.529278 0.556455 1.41367
0.244613 0.977472 1.39086
0.924711 1.15458 0.386325
0.913893 0.400992 1.10064
0.499362 0.817164 0.348753
0.561333 0.887835 0.437124
0.610674 0.648696 1.57997
0.726531 0.971715 0.491337
0.835149 0.835179 1.63182
0.318747 0.891045 0.81114
0.466812 0.373767 1.43562
0.384525 0.288951 1.42845
0.475872 0.43056 1.44371
0.288169 1.15966 1.67518
0.814131 0.154988 0.70326
1.38973 0.592989 1.1201
1.41998 0.148456 0.42951
1.3612 0.185054 0.116019
0.107383 0.622734 1.32231
0.883809 0.0299054 0.610422
0.283228 0.135825 0.949044
0.915993 0.175644 0.803856
0.831282 0.118498 0.518721
0.0394098 0.190804 1.01775
0.720597 0.992406 0.721989
1.07596 0.0281329 0.417048
0.253315 0.878736 0.579963
0.406284 0.677796 1.45781
1.4959 0.913974 0.278678
0.381138 0.41814 0.0523419
0.849189 0.0756852 0.529746
0.397113 0.846207 0.419709
0.512589 0.802038 1.09406
1.64297 0.796836 0.686826
1.50529 0.912231 0.750192
0.866607 0.161119 0.208137
1.52299 0.938445 0.625434
0.679281 0.252345 0.898314
0.666897 0.926838 0.00526167
0.780615 1.01016 0.00241952
0.577986 0.213616 0.15594
1.33222 0.735897 0.013301
1.67342 0.704349 0.487695
0.317337 1.20863 1.67705
1.6365 0.341316 0.486834
0.964008 0.120818 0.0197532
1.83398 0.448644 0.26068
1.84921 0.533427 0.262084
1.05331 0.176546 0.0161709
0.130232 0.656514 1.38209
1.8595 0.595437 0.303582
1.71531 0.721317 0.16759
0.28298 0.770922 0.433797
1.8075 0.692964 0.269741
0.864708 0.0882909 0.703494
1.86112 0.501918 0.407067
0.471087 0.281008 1.18412
0.421131 0.226872 1.14681
0.435027 0.217295 1.07768
0.445188 0.700677 0.19869
0.33351 0.764604 0.00816945
0.325791 0.74979 0.0815148
1.36377 1.0391 0.617091
1.81897 0.482547 0.211031
1.71059 0.4716 0.120024
1.62911 0.536274 0.0692337
0.446328 0.771153 0.348294
1.68899 0.519141 0.100052
1.67614 0.562824 0.0905322
1.53304 0.385035 0.0837369
1.43742 0.343473 0.0591876
0.475587 0.266704 1.01876
1.22796 0.872661 1.0485
0.57102 0.353871 1.05014
0.815748 0.247348 0.295878
1.63711 0.354483 0.427245
1.62376 0.338694 0.371832
0.0582393 0.330186 1.21359
1.30506 0.102287 0.734988
0.321912 0.224443 0.93318
0.253276 0.278864 0.513378
1.55222 0.267809 0.286042
1.58376 0.287824 0.326145
0.709791 0.158741 0.112754
1.57708 0.25561 0.615483
0.955347 0.113489 0.16186
0.20283 0.956175 1.51223
0.373434 0.566958 1.47327
1.09287 0.86133 1.04558
0.312087 1.37079 1.66446
1.58357 0.266751 0.475146
0.91545 0.867513 1.53379
0.626388 0.849951 0.00553356
0.961512 0.907401 1.56556
1.47883 0.204854 0.297445
0.282728 1.24317 1.54499
0.547443 0.71814 1.35333
1.44332 0.737442 0.0588627
1.35146 0.162021 0.210342
1.4048 0.144834 0.379338
1.29031 0.0908583 0.271286
1.51718 0.725943 0.0692514
0.611919 0.802668 0.00488571
0.386343 0.204263 0.0233106
1.69707 0.570414 0.529695
0.678819 0.676827 1.4222
0.573642 0.605946 1.37849
1.54946 0.38769 0.948432
1.47069 0.562896 1.06641
1.45002 0.545016 1.08243
1.32103 0.490488 1.15111
1.32151 0.418776 1.13588
1.27275 0.43461 1.15735
0.183225 0.10588 1.24074
0.937059 1.17724 0.605943
1.16459 0.372189 1.14308
1.1603 1.12209 0.632655
1.26861 0.324174 1.10094
1.35553 0.398856 1.10985
1.56952 0.740622 0.911289
1.56654 0.793941 0.87477
0.408147 0.361617 0.140265
1.65943 0.713418 0.736878
1.60413 0.790848 0.803226
1.72938 0.461241 0.463188
1.64612 0.358563 0.537393
1.7195 0.486273 0.470985
1.59318 0.274954 0.624072
1.61767 0.339219 0.741774
1.55436 0.279376 0.795885
1.62367 0.339435 0.713667
1.66635 0.42675 0.697362
1.66173 0.426303 0.729753
1.67783 0.446859 0.650844
1.64147 0.364158 0.679239
1.68976 0.463935 0.526527
1.69529 0.550275 0.554223
0.489546 0.405177 1.35986
1.67416 0.609684 0.754842
0.368604 0.168656 1.00256
0.830736 1.03382 0.236459
0.247576 1.00608 1.3916
1.48874 0.756 0.0957324
1.52517 0.783147 0.161979
1.02933 1.0204 0.105671
1.8611 0.481197 0.361095
1.20943 1.01772 0.145344
1.43272 0.882933 0.143694
1.7136 0.734622 0.362304
0.183849 0.129912 0.976881
1.28882 0.898671 0.0124209
0.884592 1.06802 0.743547
1.10797 0.584895 1.17682
1.45281 0.86376 0.151233
1.03408 0.384111 1.13845
0.260423 0.0763128 1.13799
1.63579 0.778884 0.414093
1.69942 0.58989 0.504636
1.59185 0.859812 0.445047
1.01525 0.405798 1.14279
1.21002 0.694371 1.16385
0.269262 1.01523 1.375
0.489486 0.456459 1.43228
1.49512 0.943407 0.35508
0.250283 1.14781 1.55432
0.208298 1.0654 1.55149
0.216106 0.934815 1.47431
1.52821 0.922959 0.389427
1.49012 0.902229 0.216151
0.0381465 0.432567 1.20128
0.038316 0.599106 1.17059
1.06437 1.09938 0.248378
1.64244 0.78372 0.495084
0.803208 1.09771 0.673956
0.42375 0.321996 0.162366
0.05697 0.177938 1.12777
1.58866 0.828396 0.327897
0.0960507 0.187565 0.954573
0.0280988 0.357069 1.14164
1.60852 0.863727 0.598134
0.00101053 0.453879 1.07023
1.6273 0.818634 0.696714
1.1922 0.995751 0.0555651
0.0060594 0.413868 1.0878
1.64011 0.728187 0.785661
1.22428 0.649692 0.0145468
0.833115 0.926733 1.75332
0.0696234 0.156688 1.11806
0.444957 0.874926 0.990465
0.0963207 0.172304 1.23346
0.201724 0.0889359 1.21789
0.127759 0.745725 0.78993
0.14272 0.724176 0.876174
1.68746 0.571356 0.664365
0.434766 0.419073 0.121263
1.68639 0.547731 0.656256
0.139935 0.328929 0.727239
0.0656823 0.586167 0.684174
1.68658 0.640896 0.67188
1.68571 0.653667 0.644172
0.349995 0.927189 0.580638
1.57369 0.756021 0.891552
0.580848 0.441861 1.1726
0.932883 0.906471 0.986589
1.57583 0.715518 0.91641
0.977175 0.894405 1.00369
1.58078 0.795678 0.848937
1.09101 0.824454 1.08816
1.05345 0.90141 0.995577
1.25466 1.07296 0.339576
1.17882 0.880533 1.03832
1.21044 0.886257 1.0334
1.54865 0.883002 0.73128
0.495633 0.798519 0.145331
1.4045 0.814548 1.02295
1.45053 0.974109 0.691953
1.22927 0.916848 0.990543
1.68431 0.677241 0.492642
1.69248 0.636525 0.571359
0.678111 0.931401 0.519426
0.712611 0.912051 0.434178
1.68712 0.66951 0.57066
0.617049 0.924135 0.484956
0.650043 0.967641 0.64305
0.787245 1.05217 0.394173
0.642603 0.924021 0.489099
0.547515 0.769638 1.12499
0.350877 0.868923 0.913779
0.51204 0.97026 0.670884
1.08963 1.14039 0.482859
1.07275 0.915537 0.979884
0.520848 0.363312 1.21862
0.457197 0.920814 0.905328
0.911268 0.990042 0.827622
0.751092 0.961323 0.866619
0.198747 0.271957 0.60534
0.206691 0.780714 1.19175
0.673614 0.965772 0.812361
0.258164 0.804165 1.05614
0.665058 0.918369 0.162761
0.680916 0.940539 0.163671
0.0776073 0.645744 0.971958
0.763131 0.755157 1.44716
0.0238142 0.567687 1.00801
0.569379 0.910794 0.48849
0.451782 0.93156 0.513186
0.403029 0.939441 0.57345
1.13812 0.707817 1.15932
0.16762 0.771546 1.12517
0.561723 0.969816 0.736293
0.603975 0.793272 1.44887
0.438231 0.921987 0.88218
0.493881 0.968862 0.772026
1.11533 1.13757 0.491433
1.53765 0.341208 0.916125
1.32803 0.180083 0.161618
1.4519 0.275233 0.110575
0.563745 0.740199 1.61307
0.768996 0.881325 1.72806
0.809808 0.860532 1.78269
0.392451 0.958797 1.50046
0.57324 0.968715 0.784293
0.624291 0.978294 0.694176
0.701634 0.993204 0.69897
0.43068 0.827748 1.04092
0.649587 0.98349 0.689169
0.345141 0.812196 1.15481
1.34907 0.980913 0.776619
0.989541 1.10881 0.25018
0.525393 0.742914 1.16333
0.244773 0.787413 1.29597
0.363645 0.693099 0.00100562
1.50246 0.404562 1.01591
0.716079 0.715608 1.64504
0.761364 0.988773 0.761178
1.55321 0.52452 0.978798
0.631791 0.951453 0.871815
1.8497 0.583698 0.435795
0.624264 0.964863 0.797328
0.445584 0.95988 0.614142
0.369516 0.931806 0.699042
0.522552 0.332301 0.296289
0.257684 0.791484 1.24921
0.787608 0.724386 1.47152
0.519915 0.964647 0.598596
0.265779 0.806394 1.07974
0.27548 0.811815 1.12732
0.179265 0.773415 1.15063
0.299836 0.824358 0.954747
0.37002 0.934842 0.644607
0.371634 0.743802 1.42702
0.37359 0.716745 1.43213
0.43494 0.713574 0.173814
1.68942 0.647073 0.594432
1.64915 0.770757 0.538452
1.69934 0.61989 0.491721
0.60852 0.783861 1.64187
0.811542 0.91584 1.73683
1.64052 0.810171 0.640188
0.74052 0.254054 0.251824
1.35371 0.952557 0.841662
0.709626 0.87786 1.63165
1.37375 0.961641 0.821475
1.57994 0.397086 0.90891
1.43839 0.854991 0.939549
0.485961 0.439191 0.301725
0.879081 0.0564282 0.674013
1.68738 0.51258 0.618258
0.738096 0.82206 1.46974
0.625605 0.808368 1.46479
0.263543 0.803448 1.30868
1.63635 0.816189 0.667473
0.168055 0.769143 1.08066
1.65949 0.771651 0.188365
0.220956 0.792474 1.16934
1.6634 0.742761 0.596445
0.0854862 0.689763 1.1622
1.19066 0.823962 1.08919
1.14588 1.10483 0.318459
0.0977046 0.696306 1.18895
1.10583 1.07548 0.197785
0.242225 0.80217 0.928617
0.0837447 0.623532 0.816411
1.0129 1.10577 0.239595
1.49214 0.572094 1.04766
0.0890856 0.520155 0.918552
0.692016 0.987876 0.72591
0.611268 0.957252 0.851829
0.781392 0.964002 0.877881
0.750459 0.997488 0.446031
1.49569 0.791541 0.156551
1.5859 0.792801 0.282869
1.50524 0.777798 0.137833
0.401082 0.735318 0.338241
0.630828 0.970344 0.76989
0.592797 0.933783 0.903159
0.658623 0.974739 0.762153
0.217994 0.796716 1.4094
1.681 0.685974 0.654675
0.747018 0.498186 1.11381
0.652194 0.967806 0.790491
0.488481 0.933696 0.872409
0.0486348 0.378237 1.33187
0.48567 0.905091 0.959202
1.65206 0.378495 0.659466
0.28429 0.809169 1.05349
1.02408 0.903543 0.991038
0.418437 0.6318 0.172209
1.63517 0.654285 0.850392
0.391959 0.807666 0.0438258
0.193447 0.761343 0.988644
1.20991 1.10472 0.660465
0.474927 0.875991 0.432597
0.580014 0.970035 0.757506
1.68217 0.439173 0.512001
0.502347 0.881901 0.439809
0.235703 0.071517 1.1497
1.00124 0.238108 0.0605226
1.61762 0.711975 0.85029
0.590712 0.946929 0.569985
1.67074 0.641421 0.759777
1.65197 0.663771 0.803283
0.436995 0.743091 1.3133
0.519315 0.966798 0.644415
1.57526 0.373881 0.894477
0.626538 0.962883 0.618462
0.831567 0.986046 0.846924
0.48849 0.972039 0.68076
0.674103 0.971304 0.628392
1.57808 0.665043 0.937536
0.605841 0.939639 0.543567
1.54391 0.363165 0.93384
0.720633 0.835749 0.228803
0.599571 0.854127 0.314625
0.603978 0.846576 0.287596
1.70146 0.558507 0.502536
1.21336 0.157691 0.072564
0.532842 0.724383 1.58336
0.968376 0.9513 1.60083
0.472749 0.229402 0.0134465
0.432033 0.456429 0.00647997
0.703194 0.870966 1.55184
0.852462 0.892437 1.55866
0.778302 1.06365 0.0963657
0.941124 0.995304 1.76854
1.43496 0.825777 0.984117
0.858696 0.173359 0.806268
1.56892 0.277929 0.304764
1.6006 0.288156 0.403035
1.20956 0.951324 0.891486
1.13866 0.971667 0.857679
1.6198 0.506001 0.874362
1.10343 0.948861 0.942615
1.57408 0.250524 0.497127
0.902262 0.97479 0.880521
0.979149 0.979695 0.865542
1.19266 0.901209 1.01924
1.24347 0.888915 1.02614
1.11882 0.874878 1.03307
1.08197 0.898245 1.00201
1.50807 0.321309 0.149788
1.01416 0.918063 0.970917
0.841071 0.942954 1.67002
0.89622 0.881556 1.00294
0.920919 1.15713 0.669711
0.889143 0.850173 1.0294
1.43642 0.271898 0.0894219
1.50797 0.292347 0.182666
1.53337 0.35016 0.126788
1.68312 0.476625 0.104651
1.66394 0.456432 0.100838
0.0955752 0.688425 0.665706
0.167978 0.779826 0.581757
1.82938 0.545187 0.21744
1.79854 0.580755 0.181415
1.78028 0.730944 0.273973
1.18176 0.588345 1.18204
1.16476 0.566907 1.18212
0.131672 0.22709 1.33911
1.1167 0.527511 1.17781
0.0384327 0.191219 1.10098
0.0189706 0.270241 1.03763
1.84895 0.480198 0.422562
1.09531 0.141468 0.0274785
1.84113 0.475833 0.25706
1.86559 0.520314 0.322782
0.0199091 0.471846 1.17449
0.38115 1.13717 1.46518
0.772962 0.778635 1.07105
0.066153 0.563868 1.26055
1.86424 0.603732 0.332673
0.084765 0.588819 1.2936
1.046 0.119874 0.0389256
1.82447 0.663192 0.415197
1.71975 0.336426 0.32661
1.03389 0.182661 0.89085
1.86274 0.608448 0.363624
0.0342879 0.291699 0.993015
0.0579504 0.267761 1.22693
0.0288456 0.385518 1.02543
0.929007 0.665736 1.13103
0.0572757 0.643056 1.1551
0.856179 0.144698 0.423123
0.852231 0.199734 0.246556
0.102144 0.730881 1.09326
0.0463476 0.199324 1.13157
0.0851577 0.171924 1.20364
0.832302 0.694137 0.0595233
1.03938 0.035844 0.336732
0.958635 0.0316509 0.501573
0.144459 0.186694 0.935874
1.06516 0.739701 1.14155
0.262085 1.14221 1.44432
0.870906 0.405705 1.08459
0.925494 0.0766668 0.382191
0.941877 0.0605847 0.401751
0.888087 0.080127 0.449718
0.224422 0.775959 1.31828
0.0944538 0.607812 1.34536
0.809835 1.12751 0.644808
0.237961 0.107006 1.24524
0.382968 0.400353 1.46914
0.49107 0.407994 1.40587
0.362472 0.246098 1.38168
0.0568482 0.411816 1.27674
0.38343 0.251231 1.3599
0.502656 0.511335 1.42592
1.06281 0.857409 1.05315
0.242016 0.906621 1.3769
0.595104 0.572472 1.17858
0.727776 0.757137 0.0602604
0.618309 0.807063 1.10369
0.243419 1.27747 1.72815
0.669222 0.708219 1.13298
0.218249 0.865143 1.52134
0.219356 1.08762 1.55098
0.275826 1.20221 1.51693
1.35534 0.175583 0.852561
1.33932 0.0961203 0.647655
0.0762141 0.585555 1.34189
0.268076 0.138723 1.28784
0.269291 0.15934 0.93567
0.294656 0.144996 1.27459
0.231244 0.882558 1.38725
0.460056 0.240477 1.11078
0.330516 0.0870549 1.06284
0.367683 0.143447 1.09853
0.270127 1.16317 1.48535
0.221502 0.840252 1.51021
1.15732 0.732132 1.14853
1.01435 0.145589 0.0170887
1.26718 0.700653 1.15241
0.457206 0.33036 1.28945
1.20973 0.721977 1.15363
1.36084 0.748242 1.09146
0.708225 0.773172 0.0590616
0.756312 0.557334 1.11912
0.274409 1.18858 1.49491
0.984549 0.52575 1.15708
0.939912 0.434616 1.12742
0.53337 0.416271 1.23381
0.945156 0.459135 1.13672
0.497691 0.402624 1.31209
1.14472 0.519978 1.18054
1.08752 0.516093 1.17389
1.12489 0.661008 1.17091
1.23209 0.511506 1.17834
0.265474 0.208059 1.37645
0.155285 0.149035 1.27862
1.05809 0.554379 1.17052
0.572997 0.415266 1.16727
0.134657 0.14543 0.969186
0.44547 0.243045 1.14957
0.57564 0.404064 1.14464
0.626919 0.28888 0.968253
0.97293 0.687486 1.13729
0.521952 0.302193 1.0038
0.514842 0.297938 1.02907
1.31027 0.769656 1.10121
0.391935 0.643833 0.164141
0.761949 0.903462 1.65297
0.6783 1.04852 0.0121514
0.503184 0.40131 0.195694
0.515211 0.325569 0.217561
0.478836 0.557517 0.27933
1.2838 0.983058 0.0798825
0.551157 0.783648 1.49835
0.500943 0.414036 0.299553
0.391059 0.444618 0.017685
0.368793 0.500742 0.0317685
0.410223 0.37644 0.010225
0.412233 0.661653 0.171707
0.356145 0.278762 0.103842
1.00093 1.02608 0.116679
0.285549 0.604746 0.0401724
0.278155 0.65526 0.0308706
0.287929 0.604938 0.0697953
1.46103 0.401589 1.0501
0.416628 0.55767 0.138557
0.421938 0.434439 0.0987123
0.417222 0.479865 0.0807138
1.30431 1.02853 0.19602
0.411102 0.406938 0.112994
0.30087 0.608799 0.0972825
0.347388 0.575808 0.11402
0.233144 0.793236 1.34156
0.363132 0.401367 0.0329337
1.29638 0.0614658 0.580641
1.28494 0.0492417 0.513789
1.21078 0.029634 0.589914
1.18409 0.0226536 0.642837
0.990474 1.14394 0.353688
1.01532 0.841308 1.06208
1.53516 0.738015 0.0863613
0.996642 1.15446 0.427209
0.591378 0.638301 1.16738
0.908079 1.12454 0.318783
1.20143 1.10861 0.439977
0.328473 1.04758 1.62233
1.35507 1.04817 0.367956
1.26313 0.133455 0.810279
0.358425 0.838641 1.32461
0.911397 0.0811092 0.736542
0.275717 0.234493 0.562548
1.80943 0.653499 0.43869
0.302628 0.406587 0.385899
0.428646 0.28432 0.402705
0.311916 0.260437 0.482289
0.460503 0.520203 0.13387
0.458178 0.495684 0.116235
0.142328 0.17564 1.29713
0.16774 0.161176 1.30278
0.782349 0.998091 0.17894
0.167185 0.126406 1.25976
0.426219 0.364713 0.353901
1.0027 0.820989 1.07406
0.37224 0.499047 0.317517
0.250471 0.576861 0.382509
0.231008 0.593181 0.402678
1.4471 0.969867 0.270671
0.394191 0.298734 0.401925
0.650595 0.765687 0.0188131
1.47162 0.725424 0.0564675
0.298392 0.337425 0.423003
0.312957 1.4024 1.73018
0.307449 0.715518 0.373515
0.347718 0.746286 0.361584
0.884838 0.0685869 0.701085
0.433368 0.821466 0.395235
1.67102 0.502077 0.0937146
0.793068 0.201818 0.843744
0.578727 0.777594 1.1228
0.161613 0.439047 0.508287
0.542889 0.257483 0.197401
1.49963 0.93018 0.727689
1.59481 0.443286 0.0729675
0.133775 0.678258 0.547287
0.149897 0.632919 0.494238
0.597042 0.885198 0.00358977
0.0679665 0.252852 1.27041
0.952293 0.200732 0.908448
1.19481 0.529695 1.18228
1.40133 1.0332 0.432093
0.179708 0.560565 1.46214
0.477318 0.57831 1.48076
1.03749 0.209936 0.96213
0.624153 0.346326 1.03126
1.46041 0.837045 0.945885
1.75638 0.698541 0.186224
0.336816 0.784794 0.406575
0.997179 0.12117 0.789798
0.0500211 0.437778 1.28484
0.482472 0.242009 0.908034
1.0207 0.240454 1.01108
0.886452 0.205044 0.892302
1.69226 0.647937 0.505359
1.62531 0.636843 0.871914
0.0216532 0.577962 1.03572
0.196119 0.593808 0.437586
0.271772 1.35588 1.73107
1.45582 0.269887 0.92772
0.816489 0.119977 0.65805
0.818454 0.105545 0.565329
0.721803 0.204281 0.520893
1.55499 0.843741 0.832371
0.975033 0.96981 0.0056934
0.656775 0.205986 0.387375
1.56912 0.85182 0.320904
0.532008 0.951963 0.847053
0.740943 0.238821 0.331242
0.482613 0.167386 0.700194
0.50871 0.174533 0.712224
0.55323 0.182713 0.780672
0.528549 0.163743 0.670329
0.571053 0.178478 0.585723
0.526962 0.159255 0.645438
0.108841 0.34647 0.946917
0.610365 0.189633 0.673611
0.473724 0.194549 0.511578
0.536196 0.185927 0.518685
0.440508 0.177742 0.578226
0.376206 0.965481 1.39111
0.131842 0.696303 0.95595
0.333834 0.146133 0.971586
0.163198 0.724275 1.30104
0.847923 1.04672 0.132987
0.750747 0.871278 0.300969
0.68892 0.199409 0.793551
0.686034 0.18638 0.748008
0.346467 1.1465 1.63461
0.604863 0.203295 0.829968
0.72228 0.209331 0.433323
0.626955 0.234464 0.895788
0.61326 0.195601 0.779901
0.711183 0.202535 0.488211
0.766713 0.172994 0.714402
0.75699 0.185991 0.644268
0.622125 0.197165 0.123569
1.38265 0.826125 0.0621564
0.721551 0.246975 0.234086
0.17908 0.160763 0.942633
1.69471 0.545835 0.100664
0.625635 0.193704 0.601299
0.511815 0.234117 0.451197
0.405567 0.191221 0.55143
0.217856 0.0717273 1.17342
0.448302 0.17319 0.601176
0.284648 0.203243 0.675243
1.10634 0.136042 0.0971826
0.887235 0.270188 0.996249
0.805005 1.05178 0.706677
0.423153 0.250237 0.917106
1.35807 0.986457 0.751149
0.505863 0.222286 0.868032
0.442458 0.222689 0.878109
0.165198 0.625269 0.472176
0.150836 0.537465 0.499635
1.69871 0.484356 0.485457
1.49804 0.245227 0.825618
0.16443 0.579453 0.467649
0.0984261 0.473916 0.607794
0.386592 0.197656 0.807825
0.353271 1.09346 1.40172
1.16597 0.0658392 0.754398
0.23828 0.160065 1.32613
0.891945 0.114905 0.37905
0.477558 0.444006 0.132148
0.722727 1.00483 0.15686
1.0394 1.15863 0.63228
0.834183 1.15273 0.61932
0.995457 1.14736 0.687291
0.357657 0.78495 1.45748
0.878019 1.10635 0.722499
1.36255 0.997062 0.723411
0.34848 0.920949 0.556551
1.32173 0.95649 0.843114
0.059745 0.528714 0.714858
1.18487 0.956136 0.878976
0.998262 0.974451 0.884001
0.0712263 0.342888 1.35539
1.06549 0.0167791 0.589779
1.4651 0.151784 0.559446
0.101457 0.182777 1.25779
1.27453 0.0520812 0.566304
1.21916 0.161932 0.0392055
1.21112 0.157594 0.108771
0.754089 0.099381 0.101639
0.884844 0.242859 0.0671922
0.931554 0.0776625 0.0855216
0.245626 0.0799176 1.17149
1.0347 0.674262 0.0632136
1.40423 0.719988 0.0279445
1.07525 0.781539 0.0677688
1.24317 0.728184 0.0118105
1.2206 0.768069 0.0354276
0.356151 0.222348 1.3174
0.271105 0.357432 0.428859
0.709563 0.823875 1.716
0.0943743 0.679281 0.768792
0.318159 0.390642 1.47172
0.284225 0.253321 1.41256
1.31184 0.349104 0.017725
0.232913 0.964491 1.415
0.38688 0.907155 1.48046
0.406512 0.890166 0.457542
0.289367 1.10997 1.66047
0.904614 0.975513 1.68475
0.891957 0.389727 1.08611
0.187116 0.58875 1.46004
1.60576 0.785826 0.233933
1.64878 0.784542 0.247932
1.7483 0.529944 0.483156
0.200586 1.09969 1.61803
0.73986 0.800961 1.45507
0.692367 0.745755 1.41368
1.33182 0.0647685 0.513771
1.30535 0.0621807 0.471168
1.50957 0.884685 0.821193
0.700563 0.790824 1.43859
0.251681 0.232128 0.910023
0.734508 0.924933 0.412998
0.953943 0.964437 1.62247
0.332637 1.10097 1.63566
1.37012 0.904773 0.899739
1.21073 1.06356 0.742185
0.349017 1.0435 1.60317
0.855153 1.06347 0.734832
0.797706 1.06181 0.0805209
0.392454 1.00665 1.52165
0.371895 1.19262 1.47619
0.373098 1.31993 1.67677
0.288352 0.235966 0.829125
1.34555 0.297292 1.041
1.75486 0.749637 0.327087
1.51506 0.222282 0.766323
1.7246 0.600696 0.120849
1.26588 0.15999 0.145424
1.28421 0.340773 0.023681
1.01873 0.226605 0.0342714
0.994833 0.22245 0.0355113
1.42786 0.432885 0.0246525
1.37259 0.173515 0.211065
0.261197 0.690447 0.39822
1.72569 0.373782 0.191633
0.212483 0.551913 0.420261
0.110596 0.491052 0.554772
1.33972 0.360576 0.0185833
1.60263 0.527877 0.0575868
1.63156 0.562863 0.0691728
0.474036 0.535254 1.45987
1.68905 0.386238 0.14933
1.77037 0.51144 0.155696
1.51991 0.201066 0.706182
1.44798 0.48957 0.0190829
1.0634 0.0565599 0.75408
1.52954 0.647829 0.0359985
1.50598 0.631425 0.0252895
0.779076 0.918792 0.0517437
0.939564 0.937674 0.942879
0.752556 1.02272 0.00257437
1.1202 0.490164 0.0486348
1.31535 0.176305 0.135657
0.800922 0.226939 0.0273362
1.68691 0.586776 0.684063
0.726792 0.299534 0.0225825
1.16272 0.891294 0.0291835
1.07481 0.809634 0.0683949
0.235012 0.799056 1.0725
1.28863 0.761034 0.0122305
1.17118 1.10201 0.705261
1.0896 1.14679 0.642924
1.07878 0.930834 0.0107556
0.752979 0.82605 0.0620466
0.851928 1.03714 0.158716
0.525162 0.687831 1.2618
1.38517 0.871158 0.97044
1.12574 0.986019 0.0185993
1.14539 1.00448 0.0682755
1.32667 0.92676 0.881286
1.29574 0.955467 0.0318534
0.376023 0.4242 0.0276901
1.03417 0.93492 0.959151
0.459129 0.725484 0.000827073
1.05808 0.763707 1.1314
0.162271 0.805986 0.722238
1.01027 0.765219 0.0653367
0.580038 0.611928 0.0205165
0.858363 0.52383 0.056223
0.831396 0.228788 0.280743
0.0636207 0.346815 1.23642
0.0494169 0.517332 1.23733
0.691497 0.323037 0.0126271
0.419874 0.569868 0.00341181
0.19813 1.07809 1.59964
0.477285 0.459888 0.00345306
0.21829 0.961992 1.48554
0.887766 0.961746 1.66986
0.565851 0.635064 0.00444618
0.542559 0.769296 0.0019463
0.405648 0.783738 0.00168179
0.481125 0.275576 0.396576
1.00544 0.743184 1.12764
0.50526 0.699366 0.00216072
0.31485 0.256359 1.41447
0.504 0.81639 0.00184292
0.49488 0.784464 0.000767148
1.1894 0.987729 0.0324369
0.606615 0.346662 0.012029
1.16047 0.295951 0.0710205
1.25006 0.359562 0.0420582
0.778731 1.03183 0.382656
0.921657 1.16474 0.427146
0.371658 0.58398 0.0048645
0.413085 0.186607 0.0207399
0.66435 0.957891 0.589014
0.82608 1.0711 0.320772
0.999324 1.16073 0.454605
0.62685 1.01188 0.0125413
1.55628 0.595425 0.0351486
0.811647 1.01543 0.248476
0.82506 1.01493 0.741933
0.693066 0.91506 0.459597
0.630807 0.8712 0.363612
0.9375 1.07259 0.191608
0.718152 0.961947 0.515499
0.695535 0.971547 0.589305
1.62131 0.394287 0.808689
0.742305 0.684429 1.50812
0.992943 0.894477 1.59919
0.786039 0.711057 1.52128
0.0814263 0.42744 0.791076
1.2998 0.306585 1.07216
1.44648 0.306444 0.982428
1.39706 0.314838 1.03765
0.448644 0.415611 0.32628
0.806133 0.911751 0.95337
0.725175 0.809577 1.73066
0.789042 0.791871 1.74524
0.732573 0.729534 1.66385
0.922308 0.109012 0.274231
0.929796 0.872835 1.61921
0.863817 0.810636 1.57963
0.741597 0.991176 0.741297
0.451668 0.768228 1.22375
1.58947 0.319644 0.282198
0.593079 0.612861 1.46662
0.346701 0.261757 0.459813
0.937443 0.919509 1.69636
0.644649 0.644421 1.42846
0.782715 0.794046 1.66928
0.443307 0.71001 1.44866
0.855687 0.846957 1.75825
0.876453 1.15299 0.657747
0.502356 0.424305 0.174265
0.655287 0.862464 1.03465
0.689391 0.793626 1.09361
0.0697107 0.530472 0.938088
0.171028 0.739614 0.973263
0.0713748 0.564831 1.28707
1.50481 0.95508 0.478791
0.333102 1.19129 1.41829
1.34893 1.05831 0.417024
0.724773 0.853788 1.70849
1.12246 1.08207 0.24374
1.00549 1.01626 0.0460764
1.01695 1.01882 0.0654957
1.48164 0.976599 0.515538
0.210158 0.0750345 1.08416
0.14729 0.109317 1.06615
0.531618 0.545385 0.0178586
0.890655 0.361194 1.07338
0.849066 0.836874 0.0628152
0.251016 0.796131 0.95403
1.07784 0.662133 0.063885
1.03881 0.63087 0.0623655
0.253675 1.10534 1.41696
0.668865 0.856764 1.59693
0.225275 1.25309 1.65979
0.267223 1.26394 1.62269
0.257597 1.09112 1.49222
0.998451 0.484482 0.0592008
0.261527 0.807867 1.10511
1.34244 0.35229 1.08791
1.36814 0.374262 0.020415
0.214762 0.0757989 1.05308
0.123772 0.12025 1.02003
0.694725 0.675645 1.51372
1.01733 1.16287 0.502131
0.254519 1.06547 1.4833
0.386535 1.2396 1.58791
0.13155 0.344676 0.779076
0.379374 1.35643 1.53781
0.780522 0.947628 0.89826
1.61722 0.760971 0.149466
1.02896 0.312144 1.09211
0.348453 0.546831 1.47541
0.247061 0.806313 1.12629
0.590484 0.969684 0.64647
0.332454 0.52233 1.4773
0.33468 1.22786 1.67152
0.505659 0.917061 0.942456
1.3682 0.0799872 0.539574
1.40168 0.102841 0.583065
1.29039 0.0632712 0.610818
0.212563 0.858651 0.722949
0.747282 0.876651 1.54332
0.336021 1.39775 1.59774
0.903552 0.0198478 0.59259
0.325734 0.80175 1.27136
1.27687 0.0549084 0.428547
1.38364 0.982014 0.741687
1.56001 0.299642 0.816801
0.21219 0.803619 0.876666
0.502818 0.36756 0.318741
0.196828 0.829863 0.768102
0.319263 0.564114 0.0636639
0.853407 1.01984 0.751401
0.23106 0.862329 0.766758
0.786186 0.780378 1.71847
1.58273 0.8982 0.622509
0.425931 0.184386 0.768582
1.65885 0.509238 0.783075
0.720591 0.693558 1.44694
1.64271 0.524694 0.827406
1.5474 0.670686 0.979536
1.57156 0.879951 0.4425
1.13668 0.193503 0.923445
1.40647 0.957039 0.176921
0.120838 0.532392 0.536076
0.446079 0.212425 0.481056
0.727053 1.00616 0.532626
0.832053 0.313821 1.00906
0.776214 0.213702 0.860691
0.363666 0.691017 0.336543
0.456345 0.440118 0.311277
1.68793 0.470082 0.581466
1.69259 0.527169 0.574278
1.18748 0.129491 0.795318
1.21336 0.033339 0.538734
0.862929 1.00467 0.00340095
0.121377 0.632052 0.539151
0.314724 0.904338 0.739524
0.623907 0.268302 0.942363
1.59355 0.393069 0.880029
0.646212 0.734151 0.0095949
0.936195 0.91839 0.042207
1.58376 0.554865 0.938238
1.30346 0.440985 1.14886
1.52242 0.526527 1.01636
0.973977 0.0213168 0.648546
0.664191 0.669306 0.00346143
1.61957 0.351102 0.137512
1.61947 0.319689 0.234013
1.53506 0.262835 0.801609
1.69964 0.52806 0.502059
1.76276 0.587013 0.478029
1.64959 0.416826 0.760296
1.31585 0.756933 0.0128462
0.892251 1.05658 0.18922
1.72696 0.756318 0.228742
1.63363 0.778548 0.733458
1.63758 0.71592 0.806898
0.675141 0.79725 1.43993
1.86767 0.555252 0.39675
1.53478 0.72108 0.97398
1.73582 0.647907 0.453954
1.83075 0.576231 0.222483
1.82857 0.463332 0.234849
0.292813 0.861438 0.861996
0.649764 0.968841 0.134934
0.218931 1.02358 1.60846
0.367914 0.900498 0.488994
1.06435 0.0568881 0.280632
1.184 0.317493 1.10549
0.307467 1.32664 1.49324
0.347733 0.425484 1.47639
0.399921 0.707613 1.42653
1.13171 0.321252 1.10964
0.692655 0.813312 1.45785
0.0844509 0.661614 1.22954
0.136076 0.388773 0.898917
0.550575 0.575121 1.27144
0.468567 0.78102 1.12703
1.13763 0.892755 1.02098
1.83411 0.424137 0.317934
0.0991506 0.568248 0.576249
0.0253345 0.329589 1.08816
1.11231 0.97596 0.861576
0.55197 0.225761 0.872973
0.048699 0.539691 1.22306
1.50493 0.836352 0.202194
0.462849 0.72558 0.261802
1.11152 0.969579 0.891957
0.379611 0.272309 0.432495
0.491562 0.778194 0.254602
0.223339 0.826728 1.40212
0.469338 0.745749 0.279827
0.16237 0.484356 0.492258
0.748263 1.02466 0.151915
0.244308 1.00114 1.47313
0.29931 0.93114 1.34105
0.285794 0.699273 0.0632832
0.821508 0.832416 1.78372
0.634323 0.411924 0.0104733
0.366171 0.296068 0.124296
0.760347 1.09179 0.527838
0.185979 0.285138 0.763578
0.826449 1.05758 0.0809844
1.17626 0.998862 0.073098
0.224662 0.238774 0.653544
0.927651 0.162788 0.78762
0.197293 0.179846 0.925065
0.420303 0.203528 0.501525
0.859857 1.12502 0.38307
0.328929 0.359853 0.393018
0.49218 0.566355 0.209591
0.330159 0.836166 1.31438
0.472557 0.58284 0.27446
0.779658 0.796935 1.64321
0.537789 0.28149 0.0144645
0.322416 0.742179 0.377427
1.05035 0.896232 0.047304
0.126646 0.380877 0.596865
0.825696 0.176825 0.459852
0.315183 0.502323 0.338016
0.8766 0.784275 0.0619899
0.591531 0.177276 0.092952
1.32516 0.462876 1.14468
1.35116 0.426687 1.12211
1.15642 0.305412 1.09461
1.24323 0.306117 1.09181
0.854382 0.160305 0.403011
0.997815 0.384993 0.062673
0.531528 0.287289 0.367554
0.728034 0.226444 0.355824
0.613998 0.207216 0.430698
0.714393 0.22587 0.329472
0.3786 0.168337 0.708165
0.43194 0.16225 0.688971
0.603306 0.188696 0.703749
0.59838 0.255856 0.930654
0.571185 0.166942 0.633966
0.556011 0.169222 0.605436
0.331503 0.968112 1.35329
0.649068 0.820791 1.47584
1.62101 0.562314 0.880755
0.185279 0.514731 1.46779
0.211521 0.513447 1.47303
0.631173 0.19224 0.552396
0.209289 0.640413 1.4574
0.586776 0.189711 0.566289
1.11568 0.0148594 0.589791
0.264679 0.212779 0.65997
0.173449 0.290084 0.645132
0.932982 0.0796299 0.351765
0.355632 0.516651 0.0532233
0.999084 1.16406 0.481953
1.06098 0.997884 0.807339
0.98967 1.00324 0.799479
1.23298 1.01197 0.767532
1.15181 0.0980433 0.180054
1.04405 1.03486 0.783888
1.11333 1.04331 0.777711
0.272418 0.250288 0.848061
0.613653 0.195909 0.573615
1.39145 0.205498 0.144605
1.34506 0.183451 0.141718
1.44005 0.167071 0.437277
0.283525 0.629385 0.0816948
0.879999 0.156136 0.763668
1.37557 0.39819 1.10086
1.40941 0.43509 1.09985
0.271815 1.30572 1.65808
1.31593 0.518496 1.15436
0.517692 0.725859 1.21438
0.376767 0.513531 0.01273
0.239721 0.977901 1.46699
1.15102 0.0401418 0.711153
0.864075 0.846288 1.5129
0.918081 0.814338 1.53173
0.78669 0.751578 1.45844
0.683751 0.774411 1.42301
0.382206 1.18117 1.58781
0.381897 1.07361 1.56772
1.69135 0.663405 0.114706
1.22792 0.0378528 0.56748
0.832206 0.0809958 0.559581
0.515877 0.402183 1.25139
0.546648 0.405696 1.21004
1.01451 0.292266 0.069195
0.314637 0.18872 1.33575
1.67024 0.435678 0.110891
1.8478 0.64875 0.321558
1.50677 0.349638 0.1105
1.46153 0.203383 0.273108
1.65306 0.462456 0.779412
0.414558 0.203581 1.09714
1.00852 0.868314 0.0661851
1.13564 0.574638 1.17973
0.0582162 0.184306 0.991704
0.950388 0.769305 0.0641286
1.61018 0.692988 0.873597
1.14788 0.939345 0.00879258
0.755949 1.07208 0.0429462
0.768642 1.04176 0.00374943
0.252992 0.876942 0.763941
0.614085 0.546927 0.0283884
0.453645 0.359688 0.165198
0.621519 0.632754 0.00622374
0.497058 0.331986 0.195399
0.660654 0.453486 0.01815
0.492972 0.1786 0.0171969
0.866853 0.948333 1.65345
0.7377 0.846651 1.0264
0.600258 0.318498 0.0138505
1.26507 0.167212 0.0524343
0.71082 0.860442 1.01621
1.66121 0.738096 0.35085
0.998406 1.16917 0.575109
0.794826 1.12368 0.495705
0.375102 0.369201 0.109553
0.0423807 0.560679 1.20508
1.16611 0.989127 0.797268
0.0729354 0.279716 1.3087
0.720183 0.982527 0.541359
0.682236 0.861513 0.347037
0.265829 1.13602 1.47386
1.59298 0.880281 0.581973
0.283933 1.33085 1.66745
1.18925 0.723645 0.0329076
0.502785 0.466302 1.40568
0.652605 0.674307 1.53901
0.69225 0.702672 1.59834
0.346374 0.676407 0.141157
0.753828 0.740307 1.55283
0.762714 0.777513 1.60236
0.853191 0.824628 1.49796
1.25569 1.09894 0.521793
0.923367 0.0171627 0.571707
0.609756 0.549363 1.16103
0.785406 0.208652 0.0156056
0.289791 0.720129 1.48424
0.252805 1.04914 1.46057
0.470256 0.744657 1.26735
1.14896 0.26821 0.0564438
0.423282 0.29506 1.2519
0.751203 0.123427 0.0236036
0.144414 0.678006 1.36609
0.757911 0.0925932 0.0433371
0.914613 0.400365 0.0600303
0.0397131 0.226363 1.13816
0.0241689 0.272272 1.01266
0.759996 0.897369 1.68129
0.8406 0.738369 1.52023
0.484716 0.422925 0.152361
0.0782796 0.193443 1.21935
0.0966219 0.639687 0.944058
0.915318 0.969543 0.00511443
0.0633765 0.483063 0.681873
0.690024 0.829053 1.06262
0.594954 0.911706 0.00542613
0.682761 0.902601 0.438411
0.671043 0.873852 0.0181625
0.841881 0.865287 0.0639651
0.803586 0.888966 1.55518
0.713547 0.928935 0.463224
0.88659 0.937095 0.0274205
0.577938 0.901953 0.459663
0.482922 0.262886 1.11551
0.587502 0.43536 1.14543
0.48825 0.38709 1.33741
0.551436 0.937767 0.887862
0.0614544 0.156093 1.08817
0.602088 0.9672 0.776967
0.239527 0.798228 1.04095
0.0401448 0.422778 1.33467
0.713403 0.862938 1.68148
0.768969 0.752085 1.08281
0.476388 0.57108 0.187234
1.06713 0.431847 0.062442
0.38865 0.78375 1.2976
0.696138 0.96165 0.833805
0.893751 0.0856716 0.421971
1.55948 0.539265 0.0379248
1.23403 0.5529 0.00990207
1.07332 0.292703 0.070191
0.440781 0.589791 0.16724
1.71669 0.770112 0.282335
0.397662 1.37797 1.63441
0.205175 0.483264 0.435021
0.374022 0.900324 1.50524
0.326925 0.18826 0.70077
0.330354 1.0234 1.61203
1.5701 0.902169 0.664401
0.392328 1.39511 1.57991
0.961446 0.930669 1.58387
0.961794 1.07533 0.187863
0.271284 0.587172 1.47368
1.56121 0.886404 0.468006
0.941787 0.0824553 0.320301
0.500124 0.446163 0.15277
1.56145 0.902802 0.554436
1.61892 0.767811 0.313008
1.1712 0.951612 0.00908958
0.306546 0.441375 1.4786
0.504063 0.645363 1.54472
0.916218 0.0736302 0.111815
0.785469 0.976209 0.303372
0.845769 0.115442 0.492819
1.63163 0.329073 0.546039
0.989766 0.0588705 0.743802
1.85287 0.536412 0.438642
1.48781 0.30585 0.135899
1.46931 0.290536 0.123235
1.13336 1.06066 0.764562
1.37635 1.01719 0.666651
0.941112 0.902475 1.65367
1.62667 0.338094 0.316569
0.851715 0.711381 1.10008
0.925443 1.12686 0.716055
0.874821 0.868395 1.76543
1.27082 0.312852 0.0286693
0.970362 1.16927 0.527022
0.229076 0.371202 0.455214
1.71155 0.742452 0.186001
0.771387 1.04557 0.661767
0.139787 0.390969 0.55791
0.734829 1.02567 0.552711
0.812031 0.167375 0.734268
1.79501 0.493977 0.476232
1.79736 0.606375 0.185017
0.680046 0.180429 0.625554
1.63772 0.350607 0.660237
0.882918 0.137345 0.364752
1.84607 0.462369 0.285091
1.84438 0.636696 0.404295
0.813309 0.97452 0.00540915
0.76587 0.241058 0.377301
0.820179 0.153942 0.197618
1.4196 0.29647 0.989931
1.0668 0.0127344 0.561219
1.55409 0.554199 0.978828
1.09302 0.181133 0.894828
1.52268 0.281224 0.849798
0.448485 0.379407 1.4503
0.27589 0.652524 0.0612099
0.414219 0.455004 1.47136
1.02817 0.179548 0.839232
0.798729 0.174566 0.764949
1.52614 0.240872 0.780852
1.42785 0.221748 0.856542
1.41904 0.198149 0.838668
0.508785 0.477105 1.32942
0.0860643 0.65172 0.630387
0.576141 0.596658 1.20017
1.17175 0.624057 1.17882
0.901923 0.222358 0.932202
0.632553 0.609111 1.15175
0.383019 1.42308 1.71102
0.185436 0.804366 0.581238
0.167823 0.502365 0.471825
0.708795 0.716904 1.42132
0.53157 0.58419 1.47725
0.894432 0.852312 1.52149
0.165882 0.339609 0.554241
0.297612 0.435378 0.3735
1.16741 1.12536 0.577086
0.493719 0.359652 1.25661
0.2734 0.523563 0.363318
0.45627 0.232869 1.08341
0.546969 0.599442 1.33413
0.461238 0.26154 1.16342
1.50452 0.197305 0.726894
0.0434448 0.514353 1.38576
1.02785 0.623391 1.16141
0.0763023 0.223966 1.25988
0.450741 0.819165 0.0763734
1.53266 0.203022 0.536697
0.45336 0.7248 0.196133
1.45951 0.174268 0.747243
0.343224 0.263903 0.0576636
1.17057 0.0505185 0.728655
1.15199 0.0146578 0.521541
1.25709 0.0401307 0.524049
0.368721 0.384291 0.0851169
1.37663 0.138806 0.754713
0.814266 0.801579 1.47616
1.11038 0.066213 0.763995
0.394515 0.181414 1.08948
0.387957 0.260714 1.23531
0.310134 0.190458 0.662868
0.368721 0.237337 1.24436
0.574227 0.721125 1.36051
1.05427 0.479247 1.1666
0.254532 0.663528 0.392811
0.486882 0.324582 0.360771
0.703446 0.807672 1.07463
0.891489 0.056592 0.505584
0.975795 0.0556242 0.369642
1.36783 0.122115 0.342732
1.02214 0.0241655 0.466371
1.84041 0.429987 0.363285
1.57221 0.313293 0.256668
1.26129 0.676455 1.16166
0.721953 0.879036 1.66006
1.14097 0.316695 0.0708039
0.593298 0.241714 0.210345
1.44529 0.326769 0.0718989
1.34656 0.178795 0.188004
0.287635 0.996438 1.62204
1.47083 0.657129 1.05427
1.57845 0.77295 0.869379
1.65054 0.701529 0.781848
1.54292 0.4509 0.0519726
1.5877 0.808398 0.819927
0.634863 0.208159 0.407265
0.632391 0.201527 0.449925
0.603372 0.293942 0.973191
0.654492 0.19163 0.704262
0.591711 0.197928 0.805461
0.577989 0.224913 0.885384
1.53573 0.803064 0.21891
0.530418 0.244 0.907338
0.536409 0.191354 0.803514
1.53321 0.875505 0.287701
1.54687 0.925401 0.626151
1.43173 1.00894 0.540699
1.73568 0.699015 0.16637
0.559551 0.273507 0.300819
0.335802 0.72687 1.46072
0.480354 0.255366 0.418785
1.38132 0.893514 0.922176
0.660927 0.19397 0.739848
1.49782 0.855438 0.887766
0.714807 0.836094 0.27538
0.38922 0.915591 0.860919
0.322761 0.91647 0.574131
1.27202 0.920862 0.96138
0.565425 0.264382 0.242896
0.898335 0.0274454 0.562341
1.36653 0.0986148 0.455169
0.0853308 0.169474 0.974604
0.26244 0.244674 0.819861
0.310959 0.81252 1.05223
0.845289 0.836913 1.77833
0.232813 0.411711 1.46984
0.396618 0.985275 1.46499
0.364725 0.619998 1.46643
0.383418 1.25778 1.61208
0.153515 0.752733 1.03311
0.924465 0.84114 1.52739
0.635256 0.775152 1.41392
0.193213 0.749598 0.960462
1.12206 0.44019 0.0615024
1.29365 0.920991 0.947418
0.697152 0.541359 0.0275289
0.931068 0.984993 1.67348
1.27427 0.414255 0.0153532
1.64055 0.775899 0.276184
1.35318 0.881028 0.978129
0.858711 0.664911 1.11351
0.330321 0.211207 0.810714
1.08234 0.981789 0.854043
0.986421 1.17037 0.631872
1.16675 0.837171 1.07505
0.186323 0.791172 0.556752
1.59712 0.473091 0.0655134
0.761382 0.380631 0.0341508
0.305166 0.520959 1.47811
0.31962 0.860514 1.54485
0.670737 0.719586 0.0178702
1.21498 0.727353 0.0173845
0.0829467 0.455583 0.829383
1.43335 0.776619 0.091923
0.839079 0.961269 0.00916569
0.652239 0.848436 0.0132372
0.623847 0.903291 0.00372678
0.774324 0.937302 0.0298947
0.804759 0.932775 0.0397398
0.475362 0.695205 0.00206989
1.1957 0.790572 0.0652116
1.28111 0.665022 0.0174897
0.0395754 0.255057 1.14789
0.576366 0.217994 0.0154938
0.343674 0.578442 0.00728124
0.424392 0.298297 0.0123267
0.103139 0.396648 0.944676
0.0277941 0.288659 1.11074
0.9063 0.0774063 0.137999
0.0326427 0.611481 1.09501
1.34539 0.389592 0.0181322
0.757164 0.182386 0.180342
0.0506118 0.597552 0.970149
0.213828 0.579672 0.420951
0.0823098 0.640461 1.24641
1.59811 0.815481 0.756045
0.877449 1.12904 0.36639
0.245069 0.841944 1.35235
1.47536 0.59565 1.06114
0.216986 1.10953 1.56558
1.30816 0.941787 0.862413
1.43289 0.187476 0.264095
0.884445 0.843723 1.60711
1.04976 0.0299057 0.71094
1.22644 0.074664 0.244327
0.888795 0.808209 1.56922
0.723939 0.745836 1.60404
1.4795 0.911838 0.798984
0.618876 0.642399 1.52912
0.262999 0.986058 1.37488
0.655827 0.66786 1.59454
0.938079 0.839469 1.57889
1.14956 1.0777 0.749247
1.38308 0.804558 1.04265
0.63045 0.679353 1.6279
0.592449 0.409746 1.10284
0.862218 1.16883 0.538074
1.20226 0.665964 1.17163
0.888411 0.827262 1.58661
1.71149 0.340854 0.221765
0.346815 0.130853 0.99642
0.477459 0.34857 0.181345
0.954885 0.662535 1.13872
0.17722 0.11721 1.00073
1.11805 1.04531 0.152128
0.927285 1.04785 0.152164
0.276609 1.29278 1.63475
0.955872 1.14552 0.34977
0.927075 1.13669 0.336942
0.883668 1.11363 0.320313
0.155646 0.132125 0.985143
0.770475 0.997368 0.734886
1.27848 0.0948321 0.237262
0.144888 0.0871593 1.16216
0.932838 0.90873 1.67511
0.215924 0.862413 0.672369
1.24724 0.0731793 0.266288
1.67442 0.450942 0.680013
1.27388 0.922041 0.0125685
0.417387 0.602847 0.161764
1.31441 0.90855 0.0180146
1.4247 0.962289 0.194381
0.779613 0.237412 0.0215817
0.304305 0.903156 0.716238
0.23058 0.845796 0.810624
1.82261 0.424188 0.269608
0.964593 0.0833721 0.295452
0.839544 0.0641433 0.580875
0.858231 0.0447396 0.598485
1.47075 0.961944 0.692946
0.928641 0.115503 0.240567
0.452859 0.780039 1.17223
0.149711 0.232585 0.923412
1.48579 0.303174 0.945681
1.00493 0.965832 1.63414
0.929388 0.959265 1.63173
0.327237 0.208528 1.35424
0.533745 0.48306 1.27538
0.542196 0.530985 1.28207
0.906288 0.0645969 0.714771
0.397743 0.497979 0.0775383
1.63064 0.359553 0.732498
1.38889 0.130812 0.708846
1.41544 0.9057 0.141775
0.426696 0.727383 0.328845
1.46771 0.928281 0.781455
0.746979 0.866772 1.71894
0.917685 0.9693 1.65787
0.762081 0.233531 0.404175
0.539979 0.226788 0.453579
0.295141 1.35491 1.68027
0.323184 1.39285 1.67594
0.318957 0.118465 1.15423
0.788187 0.789936 1.59629
1.48337 0.947163 0.710199
0.69561 0.872226 1.60441
0.803661 0.816903 1.67484
1.5679 0.893079 0.689334
0.226762 0.248061 1.40331
0.275846 1.33956 1.69143
0.718062 0.212834 0.402384
0.727404 0.567561 0.00574299
0.640803 0.21587 0.333144
1.67369 0.646452 0.0987459
0.754329 0.177919 0.668052
1.12358 0.957564 0.00810417
1.53491 0.393084 0.971649
1.60892 0.390063 0.102533
1.58502 0.264042 0.672612
0.72459 0.902154 0.0414276
1.28567 0.196228 0.883359
1.19873 0.949206 0.0101581
0.422361 0.269376 0.0125852
1.59893 0.570546 0.917361
0.838668 0.199011 0.0292619
1.16687 0.258379 0.0345108
1.74607 0.751461 0.249276
0.322593 0.961365 1.59227
0.597684 0.610791 1.42132
0.95571 0.608022 1.14684
0.134271 0.537456 1.45157
1.689 0.35124 0.355449
1.21107 0.507498 1.18016
0.350604 0.289902 1.43481
1.55486 0.240053 0.363777
0.33048 1.12779 1.64418
0.459735 0.423825 0.134713
0.288732 0.352437 1.46066
1.74331 0.387927 0.41376
1.7941 0.63468 0.456744
0.222574 0.742788 0.458871
1.29766 0.0656295 0.412998
1.14421 1.08461 0.265015
0.203579 0.809376 0.847755
0.950097 1.0354 0.771753
0.584748 0.469173 1.18054
1.33483 0.746556 1.10452
1.52961 0.928515 0.679353
1.15423 1.11406 0.685668
0.954072 1.17304 0.629772
0.0466893 0.471516 1.24571
0.853446 1.14816 0.439182
0.232376 0.0677736 1.06826
0.658095 0.201663 0.4578
0.0317904 0.214397 1.11029
1.03017 0.764802 1.12502
0.352875 0.861675 0.456585
0.569586 0.81804 1.09407
0.257268 0.501837 0.379296
1.1617 0.963723 0.868029
1.00663 0.892614 1.00786
0.55809 0.349806 1.07842
0.46668 0.889935 0.977745
0.708954 0.943419 0.903972
0.56346 0.880794 1.01919
0.443067 0.7314 1.3371
0.265389 0.230714 0.587265
0.539652 0.900309 0.975957
0.481221 0.94968 0.550341
0.189892 0.779571 1.06835
1.67509 0.718032 0.540231
0.412659 0.352665 1.45334
1.08231 0.0958371 0.7881
1.25685 0.0872577 0.736707
0.974565 0.0245002 0.676497
0.759297 0.158602 0.16261
1.46474 0.972474 0.666033
1.41509 0.995514 0.671211
1.85198 0.507666 0.432894
1.5847 0.729108 0.891228
1.83437 0.640254 0.267297
0.635967 0.973341 0.666522
1.66759 0.690369 0.734367
1.64758 0.725076 0.761787
1.51999 0.323118 0.921624
1.63848 0.754752 0.749652
1.62382 0.838923 0.602874
1.52655 0.297654 0.872487
1.4348 0.799164 0.113319
0.349395 0.30174 0.0257543
1.54974 0.898953 0.495537
1.54172 0.920997 0.543855
1.67074 0.699465 0.435444
1.64251 0.744552 0.368262
1.23921 0.785253 0.0279691
1.57306 0.902124 0.580011
1.6093 0.819975 0.724929
1.68391 0.667074 0.670251
0.368364 1.08893 1.59336
0.491964 0.274746 0.0136918
0.389568 1.10636 1.47175
0.620613 0.821865 1.60337
0.293837 0.809991 0.979806
1.55543 0.447015 0.966948
1.51334 0.370419 0.982782
0.395694 0.987078 1.49868
1.505 0.193877 0.492501
0.0929382 0.66747 0.711774
0.0647433 0.558576 0.670062
1.33506 0.253451 0.0199078
0.12149 0.705555 0.982749
1.33163 0.330474 0.0184833
0.452658 0.476271 0.00422187
0.108908 0.682626 0.97116
1.82336 0.610179 0.219002
1.79331 0.525927 0.174803
1.82898 0.628776 0.241429
1.70682 0.75906 0.207678
1.10337 0.614241 1.17398
1.85199 0.454179 0.371274
0.668286 0.567312 1.14176
0.906135 1.03188 0.0232364
1.44995 0.979155 0.29729
0.814557 0.820152 1.70046
0.834264 0.840699 1.7056
1.83441 0.493233 0.232766
0.293216 1.06661 1.3742
1.86547 0.584646 0.383034
1.83328 0.637788 0.42927
0.386661 1.30312 1.62867
1.81184 0.451557 0.217282
0.762372 0.804732 1.46308
0.738957 1.05179 0.00700284
0.764547 1.08282 0.59997
0.97767 0.0183515 0.621405
0.151153 0.74871 0.858261
1.01134 0.198772 0.0202187
0.829362 0.331797 1.02842
0.755841 0.886428 1.56352
0.67173 1.02376 0.00342021
0.481227 0.376584 1.36631
0.695019 0.926058 0.0107066
0.496098 0.484137 1.42867
0.519162 0.570216 1.45794
0.515157 0.606726 1.51381
0.902652 0.817689 1.05743
0.988575 0.715644 1.13299
0.797115 0.847746 0.0627861
0.817248 0.590121 0.0547113
0.459483 0.539388 0.287788
1.58108 0.582249 0.0441576
1.03018 0.391557 0.0627591
0.385194 0.806088 1.40065
0.386013 1.15435 1.4922
1.23162 0.585642 0.0113845
0.330852 1.07542 1.62992
0.498138 0.389721 1.29058
0.949683 0.0645756 0.374028
1.17809 0.153986 0.115699
0.411894 0.199626 1.07158
0.46848 0.166169 0.615489
0.862398 0.0459549 0.624321
0.344121 0.17924 1.19814
0.562722 0.38658 1.16244
0.363099 0.198517 1.18227
0.459387 0.272805 0.976776
0.410562 0.747816 0.140594
0.530898 0.299679 0.224584
0.456075 0.340695 0.0113307
0.838374 0.265211 0.0670923
0.276974 0.680328 0.0435345
0.332019 0.537975 0.0481902
0.383643 0.482703 0.0389232
0.323781 0.670146 0.128111
1.10644 0.0214281 0.649983
0.722886 0.615564 0.00671454
1.76168 0.379749 0.226757
1.05866 0.0774306 0.773961
1.07594 0.277845 1.07063
1.3757 0.216887 0.887709
1.20266 0.265304 1.04134
1.86889 0.534345 0.341469
1.19518 0.28085 1.06298
1.41221 0.546081 1.10885
1.79769 0.553113 0.178315
0.158238 0.310317 0.655377
0.198824 1.15126 1.62227
0.957501 0.129827 0.780732
0.3795 0.198511 0.543135
0.374259 0.223702 0.493953
0.968796 0.551019 1.1534
1.1382 0.0939933 0.786192
0.876006 0.0953238 0.169544
0.289457 0.265037 0.492672
0.464832 0.608412 0.264345
0.507369 0.385923 0.294864
1.80685 0.623877 0.199604
0.518523 0.539556 0.249433
0.921141 0.10149 0.305898
1.46529 0.199702 0.787815
1.07029 0.0613485 0.255416
0.408387 0.70689 0.326112
0.943851 0.184012 0.839061
1.82114 0.683517 0.293069
1.7197 0.716289 0.387336
1.4989 0.26152 0.849096
0.857091 0.500037 1.11454
0.916713 0.188435 0.852426
1.5373 0.504858 0.998052
0.580029 0.19102 0.537675
0.986619 0.103967 0.127854
0.344091 0.316506 0.0688254
0.540657 0.812202 1.09325
0.582594 0.181918 0.686643
0.582516 0.190033 0.781071
0.554952 0.235644 0.899148
0.394119 0.444123 0.048636
0.814119 0.233209 0.382317
0.713712 0.243396 0.259227
0.622278 0.853365 0.312135
1.50309 0.430725 1.02499
0.450516 0.205196 0.157532
0.510201 0.194164 0.800838
0.167593 0.414075 0.511077
0.627996 0.19375 0.698304
0.729723 0.183252 0.780333
1.29001 0.346149 1.11282
0.390867 0.782733 0.37371
0.809268 0.181532 0.795261
0.22906 0.272656 0.853512
0.494121 0.190261 0.522324
0.331572 0.184451 0.613122
0.441231 0.19972 0.83514
0.0658227 0.570711 0.737445
0.996522 0.477744 1.15505
1.28907 1.08155 0.555801
0.0385263 0.364659 1.01263
1.62284 0.323535 0.666984
0.26931 1.17229 1.51562
0.889221 0.419715 1.09808
0.800034 1.13319 0.523305
1.39336 0.36006 0.0282295
1.51817 0.932331 0.435231
1.55288 0.854919 0.808935
1.56085 0.855738 0.768957
1.39741 0.103402 0.507267
0.91905 0.912417 1.71819
1.09144 0.0143802 0.57564
1.25408 0.0431871 0.449754
0.305211 0.329886 1.45324
0.773583 1.02368 0.681849
0.275812 1.30691 1.75077
0.340602 0.61191 1.46826
0.212044 0.756498 1.44256
1.47168 0.920622 0.198583
0.543687 0.574719 1.36953
1.73418 0.509433 0.478527
0.64263 0.674328 1.39133
0.858555 0.906585 1.57801
1.42262 0.284194 0.0665493
0.372387 1.21511 1.48827
0.76983 0.185172 0.0165862
0.826332 0.0576306 0.0852183
0.375582 0.768654 1.42207
1.02764 0.171962 0.0163515
0.778653 1.11527 0.524334
1.66325 0.672528 0.102074
1.65022 0.768477 0.514698
0.698253 0.35115 0.0114499
1.61187 0.81369 0.377661
1.02411 0.52422 0.0605085
0.83766 1.01979 0.00460983
1.73978 0.554964 0.128412
1.5998 0.640158 0.0591045
1.63128 0.406464 0.10406
1.33124 0.643857 0.0282535
0.763992 0.961314 0.0101833
1.41773 0.87102 0.929874
1.55896 0.61887 0.0397287
1.66452 0.360147 0.154451
1.56068 0.396426 0.081729
1.20887 0.86133 0.0442794
0.945936 0.231567 0.0614367
1.25613 0.705411 0.00994179
0.750477 0.922344 0.0391719
0.887637 0.960162 0.00866697
1.0916 1.01023 0.059316
1.07692 0.837186 0.0686697
1.10395 1.12333 0.383442
0.798015 0.24707 0.0444693
0.650784 0.32481 0.0121299
0.854496 0.242653 0.0640365
0.454857 0.889701 0.447432
0.531399 0.708648 0.00252497
0.609414 0.972483 0.750147
0.0854496 0.693759 1.02276
1.58809 0.346134 0.136477
0.410295 0.755718 0.000475815
0.323103 0.657291 0.00373275
1.62847 0.323853 0.179135
0.555807 0.325674 0.0134594
0.527208 0.675513 0.00198314
0.593634 0.58704 0.0302073
0.970377 0.250496 0.0688902
1.47452 0.314202 0.111133
1.314 0.299699 0.0169453
0.342951 0.201129 1.30193
0.367065 0.168937 1.14005
0.770664 0.966759 0.348801
1.12876 0.341451 0.0689529
0.838332 1.10553 0.380685
1.40776 0.968664 0.754788
1.58312 0.612153 0.0480717
0.200604 0.108175 0.988314
0.326916 0.604083 0.0067035
0.774228 0.92325 0.222394
0.3873 0.850575 1.41656
0.301038 1.31739 1.75026
0.530535 0.925635 0.513975
0.809196 1.05845 0.104333
0.385512 1.32341 1.64966
0.389556 1.03058 1.44023
0.75678 1.0429 0.63426
1.385 1.03669 0.483852
0.905304 0.861819 1.61875
0.655104 0.83169 1.64768
0.780756 0.817881 1.76399
1.73503 0.695514 0.412812
0.110667 0.28738 0.936078
0.606993 0.778365 1.42298
0.874476 0.877338 1.71688
0.602574 0.806181 1.47633
0.294641 0.843381 1.54766
1.421 1.01603 0.418881
0.840093 1.06191 0.279165
0.413253 0.506049 1.47283
0.794796 0.223117 0.218452
0.0729669 0.484551 0.654951
0.25384 1.12415 1.53041
0.25885 1.27859 1.65004
0.231942 0.176228 1.3443
0.120796 0.417528 1.43964
1.06474 1.1441 0.471384
1.76334 0.498186 0.480774
0.536604 0.970293 0.74025
0.645519 0.983334 0.715011
0.520701 0.890415 0.994134
0.574938 0.868902 1.03937
0.980454 0.115279 0.151237
1.03028 0.111857 0.182682
0.766332 0.762168 1.70452
0.422082 0.77661 1.26574
1.26446 1.06632 0.284664
0.476724 0.768789 1.18198
1.26184 0.164411 0.082293
1.43606 0.164447 0.355095
1.48454 0.175541 0.634668
1.41879 0.122751 0.6327
1.24264 0.0693072 0.714819
1.55191 0.830244 0.268182
0.966672 0.0404661 0.470574
1.66997 0.727383 0.567129
0.208285 0.0704004 1.11343
1.58393 0.293558 0.754284
0.839901 1.08415 0.717636
1.23628 0.160882 0.0943695
1.01626 1.05475 0.151987
0.130396 0.658968 1.34961
1.04292 1.14851 0.660132
0.963831 0.974832 1.7601
0.920583 1.17128 0.629358
1.81206 0.390327 0.347373
0.556038 0.868722 0.0242263
0.131041 0.350574 0.652239
0.905016 0.122676 0.289423
0.873414 0.159574 0.347259
0.193372 0.465444 0.452544
1.0529 0.788589 1.11895
0.594672 0.462783 1.15549
0.472137 0.185239 0.771978
0.380004 0.157389 1.07641
0.485472 0.579483 0.231763
0.489033 0.36654 1.28274
0.569526 0.449169 1.19785
0.474537 0.255299 1.04399
0.545109 0.210184 0.474267
0.407502 0.204417 0.134242
1.18409 0.0279572 0.488883
0.572829 0.181525 0.758313
0.837819 0.162832 0.744282
0.162527 0.0796101 1.11001
1.5291 0.476973 1.00513
0.328359 0.901998 0.521973
0.129555 0.34767 0.67848
1.10422 0.218453 0.991206
1.56323 0.477873 0.961557
1.10729 0.190184 0.920475
0.577029 0.607482 1.49016
1.5948 0.362346 0.840426
0.844548 0.22819 0.916005
1.06507 0.118854 0.799737
1.35149 0.283537 1.02069
0.366057 0.146342 1.01795
0.824382 0.191639 0.438486
1.2332 0.223958 0.955827
1.19714 0.204376 0.923982
0.617337 0.194393 0.494793
0.728223 0.297835 0.969786
1.26331 0.162824 0.849789
1.15252 0.182583 0.851616
0.787221 0.307092 0.990936
0.204165 0.349044 0.502755
0.463572 0.794553 0.360903
0.913593 1.07594 0.747939
0.294117 0.809289 0.45432
0.477921 0.918063 0.930189
0.266863 0.381 0.420189
0.221377 0.499434 0.418938
0.342204 1.32727 1.72587
0.421812 0.411612 0.335322
0.274582 0.826311 1.31881
0.115508 0.633453 1.34604
0.370236 0.197057 0.784947
1.68744 0.693507 0.41514
1.82599 0.675357 0.391335
0.597984 0.726609 1.36917
1.55772 0.244658 0.729183
1.52163 0.214265 0.737418
1.56933 0.710985 0.0735603
1.10375 0.391083 0.0647712
1.6243 0.702864 0.0951198
1.28055 0.103171 0.74754
0.752193 0.549138 0.00600141
1.33138 0.088215 0.628701
0.158729 0.702735 1.35947
0.779949 0.425655 1.07142
0.300999 0.63474 0.106961
0.774186 1.00726 0.70725
1.39265 0.801267 0.0664293
0.581766 0.25173 0.267494
0.556728 0.507972 1.23879
0.806805 1.07003 0.375924
0.762855 1.02418 0.434781
0.557679 0.6537 1.20844
0.203348 0.185589 1.34702
0.713355 0.734181 1.58162
0.506025 0.412386 1.2811
0.750306 1.06615 0.585861
0.441006 0.230542 1.12783
0.30408 0.133754 1.22138
1.79627 0.378072 0.300843
1.41879 1.00668 0.364248
1.47525 0.960696 0.3435
0.890403 0.0328233 0.6366
0.912816 0.0498312 0.487209
0.182327 0.309591 0.8973
0.0796941 0.13817 1.07683
0.91329 0.0409308 0.51663
0.0727308 0.31653 0.959577
1.80634 0.407523 0.258004
0.31905 0.874389 0.863406
1.86183 0.492636 0.332808
0.385197 0.923292 0.828465
0.732507 0.983916 0.76821
1.84802 0.649602 0.355188
1.77224 0.700023 0.206125
1.59475 0.508242 0.919398
0.184723 0.172119 1.32519
1.61007 0.553107 0.899118
1.67694 0.477444 0.690279
1.69598 0.59655 0.536607
1.58019 0.863034 0.517119
0.356334 0.801252 1.23016
0.880419 0.990996 0.828987
0.81684 1.01503 0.219008
1.57356 0.268495 0.738114
1.4522 0.187442 0.290286
0.130972 0.741351 0.817311
0.844155 0.842763 1.73281
1.3718 0.347247 1.07583
1.55663 0.358401 0.90702
1.51586 0.721566 0.994788
1.58165 0.424581 0.919335
1.54636 0.321618 0.19574
0.812316 0.202896 0.214241
1.57283 0.342384 0.85407
1.67552 0.676599 0.715404
1.16417 1.00606 0.116824
1.8575 0.62835 0.343347
1.69474 0.649017 0.483393
0.961671 0.29979 1.06165
1.70982 0.70026 0.404862
1.15364 0.39192 1.15406
1.64541 0.75102 0.418935
0.827169 0.228428 0.335628
1.452 0.995595 0.551901
1.48062 0.932787 0.269192
1.48119 0.926349 0.225107
1.13898 1.11369 0.34461
0.505857 0.579099 1.47866
0.467895 0.743793 0.215926
1.11349 1.11816 0.33942
0.53187 0.724914 1.18785
1.66011 0.539706 0.789021
1.45328 0.894945 0.86601
0.517431 0.438561 0.22589
0.438702 0.269551 0.173737
1.54961 0.862386 0.789144
1.54894 0.912579 0.684954
0.377781 0.935805 0.589086
0.209354 0.763656 0.939873
0.351126 0.52761 0.318732
0.478176 0.589983 0.251448
1.20941 0.224147 0.976716
0.415896 0.941457 0.722547
0.482205 0.894525 0.455139
0.556497 0.175047 0.704802
0.382062 0.808755 1.11981
0.510828 0.286713 1.07872
1.30429 1.07371 0.533553
0.913323 0.130861 0.0171437
0.698703 0.184374 0.668559
0.508038 0.750813 1.44287
0.300591 0.200084 0.620223
0.844734 1.12266 0.401262
0.221098 0.836166 0.569358
1.43696 0.841452 0.961794
0.162359 0.763614 1.05758
0.122334 0.415806 0.901245
0.345987 0.907578 1.34253
0.480261 0.940131 0.846483
0.614166 0.762984 1.40126
0.744774 0.792402 1.73986
0.335859 0.119789 1.13035
0.61815 0.962595 0.824919
0.396447 0.284934 0.0125319
0.228607 0.837087 1.37649
0.531627 0.898074 0.471321
0.513819 0.820863 0.321288
0.727221 0.879747 1.55985
0.235575 1.2768 1.6712
0.647388 0.930738 0.518577
0.357252 1.1676 1.6273
0.871161 1.05036 0.114975
1.04968 0.479619 0.060486
1.11445 0.4161 0.0638757
1.62424 0.482199 0.0751881
1.05022 0.795669 0.0673965
1.04858 0.715275 0.0650073
0.940965 0.930939 1.72471
1.4138 0.850023 0.977163
0.596766 0.522111 1.17272
0.810234 0.738444 1.0849
0.482787 0.517464 0.00227265
0.295753 0.215066 0.925902
0.129577 0.748926 0.616527
1.13871 0.251386 0.0322152
0.752637 1.02405 0.462123
0.784788 0.975903 0.199865
0.79146 0.984054 0.280196
0.0941331 0.548322 0.60027
0.763593 0.777396 1.6513
0.664611 0.887112 0.169892
0.833022 0.882438 1.79536
0.157299 0.785283 0.776391
0.0938952 0.14867 1.18853
0.583488 0.639459 1.56577
0.182352 0.0691986 1.13129
0.295225 0.0706947 1.03306
0.578727 0.385176 1.09653
0.293699 1.38122 1.72477
0.186169 0.301236 0.815028
0.0477561 0.418422 1.3045
0.0562236 0.544515 1.39957
0.0200643 0.285279 1.06162
0.280368 0.839871 0.487029
0.355515 0.707274 1.44699
0.495411 0.76992 1.13494
0.516393 0.761298 0.00150864
1.56597 0.276212 0.767046
1.38753 0.931071 0.113253
0.176068 0.714276 1.38173
1.6949 0.720657 0.15237
0.0479775 0.454269 1.26368
0.0582681 0.298519 1.22848
0.247876 1.06948 1.50838
0.446475 0.747093 0.330309
0.288648 0.684231 0.0171668
0.558132 0.254009 0.389124
0.315639 1.35534 1.60517
0.243051 0.930972 1.38225
1.4871 0.544275 1.05235
0.943203 0.122314 0.215851
1.42642 0.231286 0.156821
1.40702 0.738027 1.07078
1.29211 1.06876 0.675759
1.5575 0.665451 0.0501717
0.974856 0.166488 0.805674
0.945723 0.688233 1.12934
0.611613 0.98841 0.0133154
1.42659 0.242504 0.0975531
0.141512 0.0974349 1.18509
0.65925 0.229609 0.0158424
1.64405 0.331428 0.301431
1.70885 0.326064 0.278837
1.74924 0.344808 0.319614
1.08973 1.09935 0.269976
1.01068 0.997254 0.816684
1.24016 1.10444 0.467904
1.23229 1.0918 0.382062
0.383745 0.7806 1.40128
0.134979 0.124872 1.22446
1.23353 1.07346 0.323982
0.281112 1.2098 1.41928
0.485934 0.720282 1.32017
0.628779 0.2407 0.014688
1.44105 0.173095 0.308787
0.436326 0.513057 0.116819
0.370305 0.687762 0.148666
0.367893 0.659121 0.154585
0.75834 1.06289 0.61554
0.586059 0.731778 0.00336483
1.4926 0.775575 0.982563
1.81847 0.571557 0.468324
0.736452 0.851553 0.0618828
0.311139 0.693282 0.108905
1.80066 0.524568 0.478233
1.47658 0.699813 0.0409404
1.57834 0.68685 0.0645927
1.49365 0.466689 0.0335439
1.81946 0.624924 0.450486
1.80751 0.604659 0.465834
0.348474 1.31824 1.4774
1.04816 0.450936 0.0615135
1.06804 0.63381 0.0631032
1.00153 0.0465036 0.390399
0.997689 0.0448443 0.362799
0.923682 1.14302 0.360585
0.981306 0.0938682 0.239731
0.86868 1.06315 0.240126
0.972981 0.108992 0.210835
0.955794 1.1271 0.294775
1.17695 1.06732 0.229345
1.34175 1.01521 0.706131
1.35949 1.04373 0.587274
0.953859 1.03368 0.112408
0.908658 1.04575 0.0858789
0.772416 1.06782 0.0664278
0.772566 0.353007 1.0322
1.34859 0.314478 1.05678
0.709494 1.05416 0.00979218
1.39318 0.385101 1.08763
1.78871 0.502392 0.173328
0.947931 0.976308 1.78442
0.959715 0.935133 1.69771
0.757707 0.665715 0.0520134
1.35855 0.0868086 0.594738
0.0998577 0.123964 1.06287
0.320418 0.167057 0.952236
0.114438 0.163733 0.959964
0.195241 0.143071 0.954807
0.267874 0.112638 0.961602
0.254694 0.182941 0.925308
0.219855 0.254296 0.608523
0.397491 0.209643 1.14471
0.374115 0.242949 1.30796
0.239586 0.20696 0.916425
0.771285 0.26048 0.0343734
1.42356 0.12307 0.505299
1.56772 0.597768 0.959616
0.25347 1.0348 1.38806
0.227059 0.884169 1.41649
0.237943 1.20614 1.61198
0.308076 0.192287 0.937191
1.51291 0.893661 0.774489
0.274144 0.888894 0.566436
0.261095 1.1076 1.47049
0.248668 1.04235 1.48918
0.147187 0.717348 0.96447
0.238215 0.862554 1.37031
0.204984 0.814503 0.560547
0.159878 0.791211 0.646935
0.0307632 0.597909 1.0153
0.53118 0.849021 1.05634
0.139089 0.368973 0.921408
0.0573285 0.482526 0.952977
0.0252743 0.326514 1.0381
1.75764 0.452136 0.464832
0.620586 0.968742 0.100923
0.153187 0.347079 0.915846
0.175975 0.252396 0.913641
0.112619 0.681297 1.2683
0.969759 0.87408 1.02452
0.132461 0.686493 1.29212
0.0787824 0.167747 1.17357
0.0224714 0.314124 1.06241
0.617238 0.392787 1.07083
0.707889 0.420498 1.09264
0.053496 0.374184 0.990603
1.31621 1.06953 0.485715
0.551595 0.577011 1.41253
0.163558 0.770943 0.843171
1.32785 1.06222 0.539745
0.150616 0.103768 1.20957
0.0957438 0.20334 1.27503
0.0621507 0.52095 0.792447
0.0681582 0.592179 0.743937
0.0634881 0.557484 0.71916
0.749724 0.763596 1.5882
0.0661875 0.574656 0.7917
0.243617 0.234653 0.76119
0.146839 0.709788 0.546246
0.12247 0.74556 0.641895
0.227264 0.92196 1.45127
1.14171 0.82638 1.08141
0.679158 0.908874 0.965985
0.552993 0.69189 0.00260695
0.532278 0.839787 0.0900453
0.453978 0.502845 0.00308748
0.561243 0.356733 0.010128
1.19331 0.654543 0.0110566
1.10117 0.396861 1.15338
0.518295 0.806937 0.26891
0.608898 0.840978 0.260479
1.1026 1.00081 0.0325689
0.816009 0.948777 0.0194701
0.834261 0.922098 0.0535296
0.734304 1.00664 0.653316
0.533799 0.844011 0.360096
0.981078 0.768987 0.0648309
0.594456 0.884526 0.394038
0.813984 0.875466 0.0638382
1.37204 0.685965 0.0138482
1.20661 0.746889 0.033456
1.14781 0.785094 0.0700668
0.547467 0.967545 0.639162
0.597633 0.964554 0.619452
0.584043 0.680841 0.00295077
0.55164 0.96207 0.596031
0.583023 0.891219 0.419247
0.839373 0.505584 0.0548994
0.606588 0.914715 0.458064
0.267681 0.209225 0.920295
1.42044 0.405441 0.0299414
1.31875 0.378504 0.01722
1.1969 0.51348 0.00986862
0.620898 0.941625 0.896691
1.26934 0.438423 0.0150915
1.28441 0.292313 0.0181517
1.19277 0.440934 0.0217838
1.24523 0.38604 0.027639
0.0319104 0.527856 0.973386
0.369732 1.24903 1.63751
0.269743 0.814419 0.941373
0.157673 0.728079 1.26552
0.340479 0.903297 1.55103
0.374697 1.20059 1.61015
0.33354 1.41139 1.74831
0.518154 0.703863 1.57202
0.760857 0.835341 1.75158
0.839829 1.05452 0.108188
0.8367 0.909834 1.78076
0.783156 0.849672 1.76437
0.654864 0.847896 1.54208
1.81422 0.690903 0.371937
0.501651 0.733782 1.38201
0.629637 0.759039 0.00717492
0.342168 0.173131 0.966423
1.62065 0.782385 0.256015
0.256122 0.0636627 1.07384
0.478374 0.727329 1.37266
0.38259 0.890085 1.3834
0.367611 0.855006 1.48795
0.32394 1.1833 1.66359
0.406467 0.746163 1.36294
0.384423 0.752871 1.40267
0.436689 0.509673 1.46911
1.02938 0.858441 1.05031
0.301038 1.1873 1.67917
0.413361 0.71919 1.40429
0.290482 1.26525 1.72135
0.664848 0.803694 1.68871
0.231274 0.340686 1.45103
0.426846 0.790839 1.16477
0.273724 0.799641 1.22529
1.24595 0.415488 0.0167838
0.221162 0.776658 1.28864
0.474594 0.758196 1.21433
0.332538 0.811239 1.29883
0.497805 0.743067 1.21687
0.409317 0.79509 1.18398
0.454023 0.773643 1.19976
0.513072 0.744093 1.18871
0.526215 0.937089 0.536385
1.36061 0.101184 0.423681
0.469419 0.852927 0.41259
0.936819 0.959085 1.80227
0.392304 0.925341 0.796239
0.517314 0.777678 1.11728
1.3828 1.02394 0.634932
0.392574 0.801525 0.0689994
0.779931 0.993165 0.349776
1.36863 0.887574 0.952365
1.47827 0.857925 0.904167
1.38681 0.991413 0.713427
0.369717 0.717036 0.136516
0.995991 1.13527 0.710643
1.1341 1.0988 0.732789
1.73053 0.434295 0.147022
0.249502 0.249179 0.569322
0.0948036 0.602178 0.610332
0.177613 0.289756 0.615471
0.513885 0.291865 1.05341
1.65059 0.784833 0.625521
0.122046 0.607428 0.533889
1.65879 0.753414 0.575244
0.448209 0.261073 0.934569
0.491232 0.200819 0.82251
0.547554 0.206301 0.828495
1.69896 0.636783 0.11117
0.648705 0.262743 0.930051
1.50542 0.937686 0.698472
1.35677 0.901164 0.927822
1.38108 0.911586 0.875718
1.55644 0.738792 0.933951
1.33559 0.231721 0.926193
1.51684 0.835272 0.894531
1.37904 0.233644 0.910476
1.6756 0.523593 0.728721
0.458139 0.636234 0.00185097
0.915666 0.426237 1.11405
1.65206 0.546114 0.811032
0.379026 0.745386 0.000413784
1.29087 0.710394 1.14191
0.703392 0.244083 0.88323
0.359109 0.762033 0.00276114
0.795903 1.03746 0.146953
1.67345 0.546093 0.745284
0.363198 0.909528 0.844029
1.63013 0.799983 0.716682
0.380943 0.828 1.01411
0.342171 0.504216 0.326001
0.393948 0.40803 0.344442
1.27475 0.731001 0.01084
1.61614 0.854916 0.626226
0.480756 0.369912 0.336948
0.476022 0.417306 0.316989
1.30195 0.120815 0.762888
1.43036 1.01474 0.480543
1.45924 0.973299 0.390318
1.51838 0.856863 0.240277
0.829824 0.669993 1.10597
1.55142 0.87144 0.314151
0.563865 0.303858 0.984153
1.64645 0.774654 0.470571
0.374319 1.34423 1.69552
0.44829 0.319035 1.33555
0.548988 0.619722 1.25614
1.30843 0.722574 1.12957
1.45445 0.808692 0.135637
0.275014 1.08781 1.65672
1.34182 0.677877 1.13284
1.22433 0.94305 0.0107997
1.08117 0.00286811 0.518385
1.31978 0.935355 0.0321018
1.45609 0.890616 0.162364
1.08898 0.248445 0.0485643
1.54453 0.814578 0.24318
0.745311 0.635028 1.1194
1.58232 0.783738 0.193411
1.5927 0.757095 0.130579
1.55195 0.332652 0.170239
1.68192 0.498027 0.665403
1.41667 0.190942 0.23606
1.39597 0.191357 0.213691
1.42715 0.461082 1.09364
0.340248 0.927957 1.56487
1.21321 0.310584 1.09906
0.378486 1.14915 1.59091
1.52717 0.676647 1.0015
1.56772 0.509892 0.958317
1.5831 0.786456 0.222901
1.17697 0.927474 0.00961431
1.60941 0.64701 0.895209
1.58985 0.852474 0.494988
1.59677 0.538923 0.918867
1.3183 0.995286 0.131013
0.643506 0.699219 1.38473
1.44608 1.00214 0.460029
0.856335 0.949002 1.7474
1.56843 0.878889 0.393933
0.203907 0.254855 0.660591
0.238225 0.509592 1.47641
1.15477 0.490266 1.17807
0.42147 0.859806 0.997992
0.220761 0.789129 1.02471
1.24388 0.119853 0.170865
0.265291 0.809217 1.15226
1.48957 0.326058 0.969987
0.450777 0.958701 0.587943
1.67298 0.411273 0.55152
1.61122 0.296644 0.620394
1.41026 0.169959 0.254661
1.42595 0.171635 0.282292
0.557301 0.774735 1.44482
0.723429 0.85446 1.50852
1.43842 0.227638 0.212445
0.628275 0.792237 1.43706
0.0773259 0.35634 1.37912
1.5722 0.24517 0.662544
0.334062 0.636084 1.46527
0.124285 0.393765 0.922833
1.54074 0.21281 0.692139
1.54389 0.21134 0.660042
0.646182 0.961983 0.818295
1.27423 0.879024 1.03148
1.63867 0.317235 0.206832
1.56579 0.319614 0.2241
1.64466 0.361791 0.36837
1.25866 0.040068 0.499446
1.66178 0.37761 0.390474
1.27278 1.08084 0.628707
1.50172 0.182367 0.581958
1.30518 0.269891 0.0166528
0.224221 0.8409 1.4226
1.29954 0.320862 0.0182933
1.56963 0.296137 0.281351
1.53257 0.335658 0.152924
1.50559 0.379431 0.0787962
0.327252 1.27448 1.4405
1.52548 0.365985 0.101118
1.40871 0.882315 0.123162
1.74328 0.580689 0.132419
0.68094 0.673722 1.13577
0.125506 0.671502 0.572271
1.50812 0.189001 0.602535
1.81636 0.563565 0.199568
1.80912 0.506946 0.193601
1.77316 0.715827 0.227513
1.79556 0.714105 0.277228
1.76161 0.734961 0.354363
1.85279 0.631191 0.375036
0.0579942 0.655995 1.06054
0.0588135 0.64476 0.998841
1.83843 0.521967 0.454449
0.192182 0.725133 1.40372
1.83777 0.433059 0.389289
1.79468 0.651813 0.196634
0.213581 0.935781 1.55418
0.26502 1.20398 1.56881
0.295967 0.412278 1.47544
1.84473 0.504384 0.256253
0.840735 1.03855 0.737388
1.83704 0.437919 0.289924
1.22858 1.02821 0.166503
1.37281 0.994329 0.198706
1.8605 0.583305 0.409461
1.2869 1.04684 0.716382
0.902709 1.16609 0.440244
0.669159 0.979509 0.143133
0.171023 0.464868 1.46343
1.16756 1.08872 0.282992
0.6741 0.685626 1.58279
0.647949 1.03404 0.0119313
0.885711 0.67782 1.11678
0.612372 0.933147 0.00341364
1.0209 1.13845 0.699846
0.600342 0.962592 0.0132889
0.920715 0.214345 0.0482907
0.982239 0.312183 1.08002
1.08771 0.0275816 0.391926
0.487449 0.380583 0.0100632
0.441702 0.421068 0.00768459
0.933363 0.0381303 0.501144
0.874872 0.042141 0.552675
0.897576 0.0394323 0.662079
1.2798 0.816636 0.0137288
0.0932325 0.567327 0.88305
0.751026 0.872595 0.0624786
1.43604 0.128926 0.602523
0.697059 0.818136 0.0576714
0.713913 0.797295 0.060516
0.64998 0.651957 1.49729
0.622863 0.64281 1.49738
1.11609 0.580974 0.0396396
1.05774 0.608685 0.0621426
1.34423 0.539769 0.0248689
0.523617 0.537279 1.38894
0.514149 0.517269 1.40231
0.539292 0.614466 1.52658
0.49719 0.593973 1.4964
1.84984 0.611118 0.418527
0.617049 0.634683 1.15318
0.75297 0.779976 1.4483
0.392805 1.00761 1.44913
0.456312 0.746727 1.29181
0.556701 0.75138 1.39583
0.498567 0.713214 1.29257
0.565224 0.583557 1.22314
0.547086 0.66357 1.22794
0.389421 1.16807 1.51796
0.327771 0.167035 1.24111
0.0706221 0.505014 1.42342
0.195058 0.369534 1.4525
0.395523 0.202566 1.0197
0.26107 1.06444 1.64916
0.234988 0.456837 1.47475
0.197436 0.4182 1.46484
0.41388 0.273019 1.33373
0.202097 0.295045 1.42525
0.488568 0.17001 0.569352
0.312435 0.615714 1.46975
0.158788 0.252098 1.38051
0.732543 0.247268 0.280459
1.00496 0.105058 0.106488
0.529395 0.547521 1.33719
1.28947 0.169508 0.0701079
1.32968 0.160959 0.197187
1.16773 0.0315384 0.441432
1.14649 0.024596 0.449886
0.384345 0.216094 1.17089
0.433251 0.228314 1.0334
0.380019 0.174111 1.02149
1.54975 0.697563 0.96564
0.644745 0.307353 0.992922
1.17875 0.0645678 0.237856
0.413043 0.22403 1.0158
0.517785 0.302949 1.12778
1.1683 0.0405381 0.315768
1.05819 0.0454425 0.309276
0.500028 0.274407 0.190274
0.603558 0.834126 0.181464
1.30489 0.10718 0.2589
0.509232 0.795768 0.172918
0.683403 0.951519 0.00458583
1.1173 0.986265 0.812853
0.450639 0.740595 0.175773
0.439743 0.613215 0.179626
0.475578 0.754287 0.256588
1.03448 0.88986 1.01318
0.47187 0.589227 0.210079
0.438618 0.64149 0.293946
0.45303 0.569565 0.288625
0.514899 0.450792 0.176575
0.992241 0.990687 0.842139
0.524586 0.323349 0.243589
0.152115 0.583971 0.492213
1.14704 1.13554 0.594312
1.09036 1.1205 0.715581
1.11499 1.1446 0.630054
0.479682 0.489207 0.00249835
0.472314 0.260365 0.0130693
0.234804 0.717669 1.46884
0.320355 0.615072 0.120998
0.161733 0.304911 0.730743
0.340065 0.325026 0.0415389
0.373221 0.233016 0.0192978
0.742026 0.17293 0.757281
0.469797 0.344433 0.353211
0.793845 0.168602 0.708024
1.41151 0.112544 0.607887
0.581292 0.174103 0.662382
0.335448 0.294749 0.431928
1.27954 0.616482 0.01926
1.59842 0.282511 0.651879
1.5977 0.299907 0.731844
0.407055 0.177172 0.751266
1.21681 0.127223 0.791433
1.28289 0.126113 0.788817
0.107782 0.244886 1.33278
1.56325 0.320268 0.840441
1.2092 0.236837 1.00025
1.4834 0.266632 0.893478
0.0804957 0.315675 1.34993
1.43382 0.13897 0.685005
0.406908 0.263172 0.431463
0.389886 0.208045 0.512376
1.35913 0.0976914 0.622656
0.41199 0.233621 0.462855
0.373203 0.428127 0.341283
0.345279 0.314529 0.411042
1.30666 0.369726 1.12169
0.0470967 0.635448 1.10537
0.723018 0.867897 1.53292
0.576015 0.32526 1.00676
0.512763 0.545043 0.208523
0.327711 0.848238 0.46071
0.376536 0.931062 0.563682
0.232646 0.538995 0.403872
0.322125 1.06535 1.37588
1.59937 0.719577 0.869571
1.08468 0.0725589 0.770658
1.20238 0.044268 0.689067
0.302526 0.833139 0.464766
1.07706 0.0199209 0.651942
0.544557 0.292141 0.311463
0.230927 0.566802 0.40353
1.22588 0.869523 0.0251189
0.185111 0.743817 0.493794
0.605439 0.21876 0.162858
0.888015 0.139628 0.333744
0.498417 0.434646 1.35728
0.681081 0.590733 1.14098
0.361512 0.237378 1.35895
1.0608 0.198238 0.93999
0.490704 0.397608 0.17371
0.474579 0.249484 1.09401
0.407019 0.230576 1.16751
0.912843 0.197799 0.880926
0.276678 0.18997 1.35643
0.770943 0.240385 0.903042
0.34869 0.221644 1.34396
0.902892 0.091245 0.393348
0.539202 0.269245 0.945078
0.99852 0.231535 0.988326
0.8124 0.372924 1.05033
0.902832 0.279843 1.01549
0.737613 0.349653 1.0354
0.639819 0.380745 1.06495
1.85864 0.559038 0.425898
0.671106 0.533892 0.0306414
1.86323 0.531138 0.414696
1.45918 0.210282 0.81534
1.0113 0.912072 0.033942
0.29714 0.120587 1.2015
1.20766 0.212927 0.948528
0.995328 0.100666 0.0780957
0.891699 0.192959 0.864708
0.836886 0.767532 0.0604527
1.04612 0.179001 0.865329
1.56284 0.380772 0.922368
1.22852 0.567918 1.18017
1.69361 0.558234 0.581859
1.46222 0.342207 1.00834
0.302697 0.170289 1.31629
0.844653 0.0675486 0.6369
0.765198 0.223733 0.458328
1.19392 0.820068 0.0659205
0.811368 0.226349 0.409155
0.727443 0.203643 0.551214
0.834723 0.14989 0.723975
0.829785 0.132687 0.701295
0.590664 0.206042 0.453159
0.686838 0.200308 0.493809
1.46458 0.95586 0.286225
1.49528 0.95406 0.626538
0.67911 0.207123 0.369276
0.700434 0.213968 0.351312
0.736248 0.605478 1.12544
1.24956 0.934035 0.950544
0.120154 0.255607 1.35369
0.781008 0.263338 0.273033
0.448437 0.182093 0.762057
1.2864 0.0702573 0.695835
1.63904 0.499206 0.826506
0.511062 0.160573 0.624054
0.0832368 0.514737 0.86028
0.698034 0.660453 1.48568
0.460065 0.17416 0.559068
1.53612 0.825483 0.884805
0.525351 0.198135 0.493116
0.567117 0.216982 0.452055
0.285399 0.900651 0.692394
0.462999 0.193338 0.817374
0.851403 0.0600492 0.551349
0.183027 0.791913 0.84294
0.741174 0.221128 0.414345
0.844524 0.206293 0.320382
0.843894 0.203338 0.345174
0.323265 0.897417 0.784806
0.892383 0.729012 1.10268
0.756927 0.200459 0.585693
0.759867 0.169167 0.739053
1.00087 0.0278637 0.693885
0.776808 0.177421 0.62532
0.240789 1.30761 1.71848
0.659208 0.191424 0.0628122
0.681777 0.221251 0.161809
0.566694 0.243888 0.192692
0.541047 0.234717 0.176979
0.302505 0.809166 1.02754
0.602436 0.239015 0.264879
0.624024 0.231356 0.261065
0.667359 0.22419 0.288825
0.131418 0.210396 0.932223
0.506709 0.744891 1.51572
0.168576 0.18065 0.931827
0.838665 0.936465 1.64461
0.195127 0.839805 0.734043
1.08079 0.216721 0.981003
0.238993 0.255627 0.808407
0.115242 0.736533 0.6657
0.361896 0.178372 0.598392
1.87056 0.558981 0.343815
0.582717 0.970677 0.677883
0.258986 0.213583 0.688866
0.910755 1.17433 0.523917
1.1248 0.632922 1.17487
1.18517 0.94923 0.932376
0.392793 0.20478 0.833916
0.507843 0.235733 0.895191
0.14327 0.489657 0.515436
0.0701049 0.583767 0.65553
0.184293 0.293674 0.588486
1.19375 1.12215 0.486606
1.31609 0.571221 1.15622
0.36906 0.207977 0.833502
0.9288 0.994914 0.803577
0.281385 0.204704 0.730545
0.216091 0.267924 0.796821
0.273216 0.260495 0.516459
0.409989 0.274565 0.161854
0.0619773 0.505035 0.769962
0.580797 0.171431 0.0364509
0.535875 0.153684 0.0483507
1.27867 0.936393 0.904551
0.541221 0.158484 0.0785022
0.465699 0.164338 0.0230462
0.476151 0.192704 0.152068
0.742659 0.8763 0.203998
0.729744 0.328821 1.0142
1.25302 0.459948 1.16781
0.0757173 0.541155 0.844776
0.759153 1.05738 0.114992
0.639534 0.870276 0.163799
0.639174 0.92886 0.00376782
1.44477 0.354789 1.03364
1.11625 1.11644 0.71205
1.23407 1.06926 0.72231
1.16333 1.05484 0.761568
0.234902 1.23177 1.63347
0.204867 1.19199 1.63902
0.913467 0.945342 0.0149404
1.05388 1.06031 0.771672
1.25076 0.631821 0.0177214
1.19718 1.09703 0.702627
1.20738 1.08157 0.326874
0.923451 0.534432 1.14079
0.933375 0.586377 1.14239
1.53491 0.876855 0.773259
0.0963189 0.358635 1.40248
0.812706 0.5307 1.11034
0.701505 0.153074 0.0704364
0.770943 0.397302 1.05944
0.855975 0.310767 1.02231
1.09749 0.879825 0.0575757
0.755919 0.883056 0.995016
0.905877 0.484782 1.12872
0.738969 0.181201 0.167134
1.26167 0.900216 0.011044
1.52175 0.830091 0.224489
0.717108 0.192763 0.155917
0.778218 0.183661 0.19346
0.716124 0.139037 0.0915885
1.23832 0.814683 0.0399429
0.745485 0.226628 0.200072
0.841293 0.644802 1.11286
1.27262 1.08202 0.425373
1.00376 1.14337 0.3792
1.30978 0.545718 1.15785
0.978303 0.0166203 0.591987
1.50906 0.892143 0.266006
1.11465 0.0112508 0.561072
1.20133 0.0284435 0.512613
1.24311 0.0357021 0.626925
1.30335 0.19104 0.0295431
1.0008 0.0932316 0.220756
1.02614 0.548307 0.0603876
1.09773 0.801846 1.10906
1.68481 0.633384 0.701901
0.333249 1.08726 1.38532
1.68346 0.528222 0.674253
1.00895 0.116486 0.137063
1.24597 0.0693555 0.298417
0.825879 0.084543 0.138341
1.45295 0.877824 0.893871
0.729825 0.241366 0.210956
0.303108 0.0705762 1.06267
0.172401 0.103507 1.05448
0.781281 0.161651 0.1799
0.861897 0.135586 0.193999
0.781848 0.772287 1.57617
1.68968 0.657669 0.548544
1.64396 0.791853 0.595026
0.825111 0.0677739 0.113757
0.778515 0.137822 0.164102
0.266981 0.222449 0.773571
0.831321 0.774678 1.55986
0.948672 0.95124 1.77322
0.89775 0.90552 1.8215
0.886983 1.06564 0.218372
0.984165 0.146026 0.0172444
0.975462 1.15105 0.373644
0.187331 0.392727 1.45728
1.09474 1.03412 0.136179
1.11094 1.14346 0.537207
1.1445 1.13381 0.49824
1.3745 0.165199 0.82737
0.263896 0.836025 1.54303
0.763848 0.939399 0.336612
0.755994 0.913209 0.329235
0.257119 0.244462 1.4046
0.448542 0.762837 1.26793
0.302712 0.198532 1.35757
1.24558 0.258536 0.0179268
1.13275 0.293193 0.0713751
0.937764 0.383913 1.10339
0.331074 1.25128 1.68535
0.424011 0.330921 1.44199
0.374874 0.309288 1.4431
0.132505 0.352779 0.627168
0.939957 0.93477 0.020237
1.10428 1.12327 0.410097
1.44219 0.25357 0.115274
1.05911 0.387885 1.14577
1.10021 0.896958 0.0353373
0.498624 0.743847 1.48936
1.70159 0.770553 0.23337
0.690219 0.991905 0.67347
0.126971 0.749919 1.09918
0.17957 0.769296 1.03856
1.66301 0.768015 0.29726
1.60792 0.784836 0.204326
0.641814 0.753066 1.39753
0.83646 0.925212 1.617
0.287041 1.26084 1.47324
0.0284283 0.197004 1.04866
0.0711576 0.613485 0.756561
1.32016 0.706488 0.0107291
0.368859 1.06924 1.41041
0.391257 1.05207 1.45304
0.331755 1.34291 1.48347
1.15306 0.679812 0.0383172
0.387984 1.31899 1.57066
0.0745527 0.55677 0.64344
0.539223 0.568371 1.31883
1.39517 1.01722 0.242165
0.387318 1.36792 1.68763
0.379245 1.2767 1.63413
0.544212 0.600249 1.30845
0.376929 1.37024 1.71362
0.388149 0.162265 0.678036
1.00531 0.674598 0.0624945
0.87726 0.732753 0.0602397
0.972759 0.99393 1.65724
0.384711 1.20975 1.58814
0.352119 1.12095 1.6224
0.39624 1.08584 1.52395
1.17529 0.946002 0.955557
0.358209 0.947598 1.55622
0.90159 0.346869 0.0623526
0.716817 0.272653 0.014682
1.19908 0.86748 1.05324
0.976197 0.408426 0.0610368
1.16129 0.48189 0.0196885
1.02242 0.495852 0.0602397
0.780822 0.429987 0.0373881
0.3897 1.31066 1.59926
0.113466 0.699345 0.608721
0.083661 0.581955 0.62925
0.725463 0.352557 0.0160907
0.352467 1.24849 1.66258
0.73149 0.422082 0.00987021
0.375201 1.29841 1.65667
1.63736 0.765867 0.167293
1.65461 0.629592 0.0839934
1.62869 0.637875 0.0715119
0.0245645 0.230817 1.09743
0.272911 1.01783 1.63276
0.104558 0.637026 1.29707
1.63602 0.722427 0.118451
1.75886 0.61467 0.151697
0.947814 0.215582 0.0413265
1.04707 0.228366 0.0316185
1.76126 0.561249 0.145696
1.74194 0.608796 0.135595
1.23171 0.371061 0.0484821
0.060456 0.320319 1.23922
1.74782 0.430005 0.163617
1.18579 0.307584 0.0715521
1.65 0.52146 0.080241
1.13127 0.391458 0.0660009
0.379359 1.39698 1.7285
1.57689 0.36261 0.115166
1.34452 0.489453 0.0269271
1.19174 0.485631 0.0115736
1.21515 0.460155 0.0132667
1.25756 1.05066 0.211347
0.350358 1.06928 1.61038
0.707088 0.242212 0.0143184
0.390693 1.0845 1.55031
1.18843 0.363702 1.13731
1.04806 0.824196 0.0678867
0.39327 1.12873 1.54079
0.730404 0.575781 1.12817
0.334635 1.27729 1.69767
0.967524 0.711858 0.061767
1.42802 0.160063 0.329604
1.18522 0.744054 0.0530142
1.14531 0.699747 0.0569346
0.347244 1.23298 1.44756
0.380553 1.04371 1.41932
0.437193 0.192654 0.811173
1.0239 0.896313 0.0535167
0.998601 0.987105 0.00854628
0.747198 0.899619 0.0548853
0.249659 0.661836 1.46684
0.929223 1.03887 0.0705633
0.943293 0.856554 1.53861
1.20038 0.766479 0.0544707
0.972285 0.945075 0.0100954
0.423123 0.665208 1.47837
0.511995 0.828717 0.103779
0.316449 0.835104 1.5322
1.00186 1.12057 0.29707
0.323382 0.417912 1.4765
0.46911 0.748461 0.000545448
0.252177 0.865137 1.55405
0.20199 0.540033 1.46959
0.383835 0.774129 0.00216213
0.478365 0.806349 0.00126209
1.75997 0.427182 0.449661
0.543156 0.797496 0.00177708
0.520164 0.79152 0.00144304
0.415197 0.208108 0.847743
0.350379 0.170659 0.656682
0.91014 0.580857 0.0584928
0.609807 0.422838 0.010489
0.275593 0.279628 1.42844
1.68101 0.772827 0.211171
0.361266 0.448176 1.47721
0.62535 0.761496 1.66411
0.581133 0.340107 0.0127059
0.605877 0.257681 0.0145753
0.942498 0.0829947 0.0598866
1.75337 0.347346 0.292427
0.394887 0.63573 0.00250933
0.960186 0.0971754 0.134856
0.578673 0.503193 0.0197371
1.03838 0.0568404 0.288604
1.08146 0.12746 0.0792789
1.061 0.12672 0.120664
1.2844 0.132223 0.192672
0.542982 0.591036 0.0203489
0.486879 0.722934 0.0014213
0.859158 0.823794 1.5959
0.373008 0.166023 0.651594
0.428052 0.191467 0.527124
0.553008 0.16789 0.0319668
0.696924 0.677043 1.4438
0.212644 0.287272 0.866388
0.618153 0.186733 0.098748
0.467694 0.665415 0.00209043
0.507177 0.331785 0.0124286
0.233646 0.791838 1.49615
0.567657 0.190856 0.0189813
1.26308 0.0440007 0.473946
0.44796 0.28062 0.0129045
1.12014 0.139638 0.0441483
1.11292 0.137049 0.071799
1.19513 0.359985 0.0684444
1.10775 0.238339 0.0262197
1.1339 0.227562 0.0187343
1.13525 0.0188718 0.63567
0.758937 0.945948 0.361623
0.396999 1.38412 1.60575
1.17367 0.0262021 0.516
0.807075 1.09454 0.418911
1.00117 0.0235323 0.665892
0.782097 1.08558 0.458181
1.29052 0.174526 0.0454413
1.04299 0.0434001 0.735804
0.771765 0.988188 0.371928
0.769284 0.925128 0.283885
1.23543 0.039843 0.434919
0.763404 0.881385 0.253664
0.868449 1.05137 0.0605709
1.136 0.441195 1.16852
0.784707 1.09216 0.648417
0.622761 0.908643 0.436116
0.749781 1.06921 0.528063
0.252154 0.259461 0.868848
0.710322 0.958158 0.541899
0.0861873 0.47979 0.631938
1.43044 0.955017 0.770622
1.43314 0.930711 0.822009
0.858279 0.774723 1.55264
1.21408 0.808212 1.10128
1.40521 0.964473 0.778977
0.939723 0.131878 0.0171205
0.862668 0.757359 1.51386
0.848628 0.756177 1.54015
0.179748 0.816597 0.656304
0.522426 0.971424 0.781095
1.65694 0.752841 0.49548
1.23338 0.962343 0.821688
0.823257 1.01881 0.192748
0.338823 1.36499 1.50167
1.42345 0.491553 1.09962
0.863526 0.86391 1.73817
0.828525 1.05715 0.722964
0.903609 0.903063 1.74538
1.36479 0.149962 0.230578
0.883662 0.883845 1.74308
0.805335 0.652932 1.10611
0.853896 0.859506 1.71084
0.986628 1.08819 0.755337
1.36821 1.00878 0.696441
0.996204 0.513147 0.0593607
0.677016 0.659535 1.50044
0.841269 0.847233 1.65881
0.765342 0.766728 1.67506
1.66451 0.380286 0.138758
0.80622 0.799947 1.72128
0.879828 1.15711 0.428073
0.216932 0.322341 0.510237
0.160411 0.309777 0.626094
0.209511 0.104206 1.24504
0.123633 0.504084 0.53343
0.240635 0.22572 0.672582
0.450648 0.336531 0.171211
1.81888 0.503835 0.466764
0.774105 0.201457 0.53739
0.958194 1.0322 0.0797361
0.792387 0.246018 0.372447
0.699795 1.01761 0.13738
0.453333 0.185289 0.532197
0.342192 0.217886 0.94725
0.867348 0.38112 1.07361
1.50588 0.323607 0.94668
1.00783 0.579795 1.16089
0.184369 0.346818 0.528063
0.752721 0.248017 0.224459
0.304323 1.37612 1.69506
0.311766 1.34342 1.5327
1.56882 0.569211 0.95886
0.644268 0.226276 0.274745
0.204079 1.12012 1.6351
0.394539 1.41279 1.60447
0.381936 1.24697 1.52994
0.0692487 0.672558 1.11027
0.0363708 0.53778 1.20002
0.0148339 0.495876 1.15405
0.0602664 0.342855 1.28566
0.377868 0.91716 1.38064
0.0671364 0.303114 1.30784
0.118633 0.17998 1.27817
0.140982 0.610134 0.506265
0.0738516 0.514665 0.837975
0.0702591 0.438474 0.740193
0.0637785 0.46671 0.733728
0.267277 1.16271 1.45686
0.684516 0.187562 0.565416
1.34293 1.05391 0.561891
0.448434 0.779196 0.136462
0.578256 0.823782 0.199272
1.77919 0.697995 0.403581
1.0539 0.220543 0.984066
0.695952 0.894789 0.41517
0.537609 0.813393 0.244867
0.237132 0.851046 1.5362
0.556113 0.844377 0.313272
0.660597 0.93825 0.543378
0.155085 0.382275 0.54006
1.4485 0.704214 1.05662
1.2338 0.595248 1.17805
0.971697 0.500841 0.0592992
0.774651 0.740511 0.0600189
0.557103 0.967974 0.685947
0.514308 0.862803 1.03402
0.341508 1.38094 1.75939
0.945924 0.175446 0.811446
0.240582 0.20763 1.37547
0.779508 0.452589 0.0303885
1.20947 0.996555 0.105285
0.176749 0.807294 0.77055
0.917697 0.181707 0.825957
0.578691 0.287747 0.9651
0.200042 0.845469 0.698154
0.198741 0.710961 1.43057
0.6996 0.2325 0.860061
0.409257 0.608031 1.47445
0.431196 0.689319 1.46823
0.0310212 0.604266 1.04266
0.550551 0.764307 1.57639
0.451644 0.705423 1.47479
0.143725 0.458277 0.524334
0.255954 0.769182 0.448041
1.18636 0.0348201 0.426762
0.686394 0.4881 1.1239
0.298702 0.872976 0.84186
0.522057 0.712137 1.34149
0.317181 0.314391 0.426624
0.219115 0.828063 0.832545
0.28638 0.547821 0.350958
0.245217 0.847266 0.833472
0.350964 0.57654 0.319578
1.58903 0.888003 0.64707
0.233112 0.446538 0.423219
0.0413037 0.284127 1.15664
0.607443 0.82005 1.55299
0.598563 0.812331 1.50132
0.411036 0.386718 0.349197
0.645672 0.900045 0.157739
1.6585 0.765102 0.648093
1.49186 0.183923 0.708303
1.16353 0.0867888 0.77523
1.34506 0.10485 0.670185
1.38367 0.0998775 0.60594
1.67961 0.55284 0.719655
0.534765 0.308232 0.291647
1.68072 0.530148 0.702327
0.514767 0.341928 0.31974
0.415653 0.163067 0.670359
1.33797 0.912294 0.0338652
0.503235 0.268897 0.944427
0.39456 0.236584 1.19116
0.0569322 0.631803 1.20309
0.184992 0.279701 0.698034
0.0438138 0.466269 0.968436
1.33281 0.801066 0.0168655
0.422235 0.951612 0.619911
0.510729 0.375057 1.24157
0.689337 0.217123 0.327579
0.308115 0.162341 1.29231
0.85323 0.658128 0.0591552
0.630849 0.762636 1.12363
1.67933 0.699654 0.57066
1.08998 0.693636 1.15933
0.491052 0.558345 1.46185
1.71305 0.603522 0.479316
1.63533 0.472425 0.825321
0.920223 0.0264834 0.648003
1.58591 0.451455 0.921534
1.04897 0.0123598 0.469311
1.33782 0.589329 1.14632
1.35251 0.111967 0.361818
0.191422 0.0876081 1.06921
0.127892 0.75183 0.760905
0.790947 1.05543 0.0150383
1.61131 0.318498 0.722154
1.62553 0.317637 0.624603
1.64246 0.340068 0.159473
0.0762888 0.624972 0.78579
1.84315 0.579774 0.250775
1.45428 0.295988 0.0991188
1.51339 0.281617 0.205553
1.75648 0.455538 0.157774
1.49046 0.246545 0.233249
1.80186 0.463575 0.197805
1.45967 0.182562 0.431292
1.49473 0.199755 0.383031
1.8233 0.686076 0.343761
0.775671 0.17433 0.684117
1.60374 0.298056 0.703197
0.143498 0.330306 0.66792
1.8236 0.415401 0.297545
1.48262 0.517362 1.05458
1.32333 0.327531 1.07852
1.83119 0.462009 0.436512
1.50348 0.274879 0.871794
1.509 0.346377 0.967845
1.08405 0.377622 1.14423
1.49561 0.886392 0.841986
1.76269 0.361317 0.364917
1.38892 0.535359 1.1218
0.684519 1.02969 0.112629
0.672165 1.03883 0.0851118
1.27496 0.480513 1.16623
0.593859 0.931236 0.0759
0.831555 0.0923739 0.652476
1.53699 0.74787 0.95622
1.59093 0.479055 0.920775
1.60865 0.521595 0.898107
0.114565 0.281985 1.36932
0.829395 0.159331 0.477696
1.63738 0.600636 0.850872
0.874491 0.164707 0.285949
1.4677 0.496266 1.06579
1.62376 0.775992 0.76191
0.588471 0.402033 0.0069432
1.28201 1.04157 0.206919
0.39816 0.482463 1.47457
1.71594 0.571848 0.48309
1.67243 0.416367 0.494022
0.495366 0.421452 1.38165
0.437955 0.404121 1.45913
1.43408 0.594108 1.09276
1.04981 0.169704 0.819807
0.453033 0.430341 1.45824
0.633642 0.649194 1.40383
1.69152 0.494679 0.565626
0.264344 0.472095 0.38247
1.55182 0.783558 0.179745
0.83778 0.173181 0.788313
1.39086 0.903852 0.102061
0.440178 0.79284 1.11935
0.431427 0.786018 1.19193
0.475176 0.773739 1.15393
0.546576 0.722607 1.16426
0.532518 0.668448 1.27926
1.49121 0.826461 0.179565
0.479337 0.300285 1.20197
0.453096 0.234389 1.05449
0.528642 0.510009 0.250899
0.577575 0.254252 0.295091
1.49204 0.879024 0.202649
0.897777 0.949578 0.925248
1.56381 0.914781 0.604533
0.400137 0.588783 0.00380652
0.568884 0.657534 1.58656
0.286515 0.630138 0.0222474
0.454299 0.24719 0.175827
0.371613 0.267645 0.126936
1.21401 1.07606 0.301293
1.03635 0.0620385 0.757785
1.61013 0.83814 0.447912
1.34019 1.04673 0.291564
1.19219 0.106478 0.781386
0.374532 0.516105 0.0755865
1.61753 0.817497 0.527088
0.915039 0.122105 0.762438
1.65382 0.771165 0.676212
1.67775 0.650022 0.727686
1.66102 0.569406 0.793077
0.353799 0.606147 0.00444804
0.36675 0.900009 0.867204
0.174921 0.758877 1.01307
0.451848 0.653217 0.272843
1.64725 0.645672 0.822963
0.509223 0.434712 0.279571
1.63169 0.520479 0.851307
1.48261 0.837399 0.930105
1.55636 0.763428 0.917412
0.426612 0.614313 0.300351
0.374544 0.742632 0.347799
1.42365 0.794595 1.02494
0.155421 0.3138 0.684417
1.43318 0.913089 0.850851
0.49872 0.146927 0.0873825
0.409017 0.912945 0.884685
1.33167 0.39528 1.12223
1.25393 0.27317 1.04824
0.37677 0.927555 0.743058
0.390528 0.885099 0.934641
0.743388 0.628668 0.023402
0.218953 0.797814 1.11938
0.0380013 0.496806 0.966675
1.54393 0.300288 0.846252
0.397611 0.803175 1.13602
0.517212 0.911628 0.490338
0.858261 0.179636 0.35913
0.398757 0.868764 0.437403
0.502575 0.451317 1.37987
0.43458 0.170554 0.740976
0.556191 0.170008 0.678906
0.448392 0.963858 0.693045
0.426561 0.950352 0.587499
0.720798 0.194454 0.800184
1.37911 0.976221 0.771375
0.555345 0.26796 0.363594
0.913872 0.642768 0.0593205
0.835668 0.915489 0.952005
0.583266 0.953658 0.858012
0.307068 1.08558 1.6471
0.379983 0.244586 0.948924
0.37929 0.79428 1.24801
0.325827 0.215479 0.545982
0.258853 0.799392 1.20102
0.372861 0.812934 1.32751
0.372573 0.807855 1.14772
0.336945 0.189888 0.587691
0.081846 0.412041 0.745881
1.56886 0.873693 0.491781
1.16548 0.760197 1.13298
0.0999849 0.388185 0.781707
0.276278 0.228745 0.801912
0.595881 0.813432 1.52578
1.13824 0.754368 1.13518
0.683073 0.369249 1.06388
0.50832 0.153172 0.0367038
0.4071 0.177193 0.0893262
0.695568 0.844038 1.49777
0.582171 0.837999 0.269523
0.791865 0.624486 1.10893
0.262113 0.837906 0.877224
0.273781 0.862887 0.835854
0.69258 1.06326 0.0319482
0.829944 1.02584 0.171013
0.889008 0.141899 0.30351
0.737013 0.985521 0.170072
0.685632 0.965169 0.158906
0.725097 0.854352 0.203071
1.23232 1.09785 0.64299
1.26308 1.00054 0.767409
0.779085 0.974721 0.856314
1.13678 0.997623 0.796965
0.682038 0.176774 0.0687744
0.639837 0.956589 0.845586
1.18921 0.154539 0.0903279
1.15662 0.0262333 0.381897
1.4923 0.200687 0.353178
0.566286 0.969603 0.654621
1.79741 0.395937 0.401877
1.28177 1.0867 0.450396
0.749721 0.997734 0.713325
0.112982 0.442773 0.895422
0.732336 0.111545 0.0799494
1.20436 0.944199 0.951234
0.916764 0.915075 1.80194
1.09993 0.982434 0.833853
0.956508 1.17217 0.50232
0.162426 0.344697 1.43408
0.396471 1.41688 1.68265
1.16981 0.859584 1.05595
0.173719 0.21388 1.3585
1.27176 0.836424 1.07204
1.04885 0.84309 1.06845
0.0911688 0.635658 1.2686
0.942069 0.869415 1.02312
0.9207 0.730719 1.10754
0.268912 0.374862 1.46592
0.14258 0.37158 1.43575
0.247895 0.480684 1.47684
0.207294 0.803811 0.536136
1.67547 0.780663 0.239627
1.31567 0.242302 0.0184347
0.203537 0.843114 0.618015
1.6112 0.334077 0.156347
1.69264 0.663447 0.465261
0.895161 0.804966 1.51121
0.842865 0.802011 1.48594
0.0894888 0.626628 0.620013
0.679944 0.829581 1.47904
0.668544 0.814449 1.46033
0.619863 0.712119 1.37284
0.598023 0.749877 1.38707
0.880791 0.180505 0.0215386
1.45382 0.174118 0.368982
0.385125 1.01288 1.42136
0.15937 0.784041 0.617103
0.385248 1.27065 1.55373
0.323988 1.33428 1.74702
1.51671 0.607953 1.02285
0.395955 1.0942 1.49566
0.276689 1.13363 1.67038
0.935304 1.1052 0.25673
0.14377 0.779829 0.668808
0.368739 0.900138 1.35868
0.397287 1.01896 1.49698
1.64375 0.744363 0.14241
0.356334 0.326604 0.0196427
0.988518 0.422241 1.14044
0.105736 0.449571 0.873045
0.0594354 0.505806 0.697905
0.950331 0.276535 0.0685062
0.868986 0.222808 0.0551283
1.52959 0.367191 0.959073
1.08177 1.12791 0.399249
1.40029 0.82002 0.0863562
0.0748449 0.616926 0.725832
0.0672834 0.595563 0.77469
1.67938 0.619176 0.0960087
1.09694 0.264053 1.05684
1.39619 0.477522 0.0219312
0.0980439 0.674553 0.795384
0.0854691 0.652104 0.779589
1.53506 0.553896 0.0274881
0.115098 0.725073 0.768648
0.213299 0.766167 0.969588
0.23825 0.133224 1.28908
1.43227 0.600288 0.0141106
0.233501 0.779442 0.971322
0.959022 0.910998 0.0477225
0.10226 0.39171 0.665007
1.09361 0.17701 0.845562
0.794388 0.753198 0.0599343
0.850908 0.290245 0.0655002
0.99147 0.843444 0.0670737
1.24885 1.10342 0.494538
0.0348129 0.305061 1.14002
1.00405 0.956646 0.00753774
0.72381 1.02938 0.00315873
0.334767 0.784212 0.0339393
0.0464751 0.497007 1.2561
0.0938199 0.324933 0.950079
0.083556 0.346254 0.961677
0.579597 0.790704 1.45985
0.386178 0.869616 0.959598
0.205258 0.757602 0.478602
1.67473 0.699912 0.605364
0.0575118 0.259812 0.963351
0.462375 0.55902 0.00258476
0.540978 0.186413 0.0175803
0.014489 0.404862 1.13489
1.19245 0.157836 0.0392586
1.1646 0.151357 0.0433779
0.673503 0.191844 0.0899964
0.210591 0.703497 0.45795
0.735405 0.960453 0.177499
0.783336 0.543219 1.11121
0.88809 1.1747 0.536967
0.925686 1.17469 0.500829
0.776295 1.06404 0.445554
0.788079 1.12577 0.548763
0.727584 0.954237 0.467091
0.898152 1.09329 0.736665
0.737298 0.911226 0.384033
0.750435 0.922665 0.358749
0.702903 0.940653 0.515922
0.80814 0.722592 1.49048
0.781581 0.750702 1.55447
0.770121 0.787926 1.62256
0.883437 0.872154 1.79216
1.41697 0.210307 0.212789
0.7146 0.758364 1.71246
0.197848 0.620826 0.440556
0.70596 0.718695 1.55369
0.587238 0.625662 1.3718
0.68403 0.705204 1.56289
0.531927 0.878319 1.01654
0.771462 0.849645 1.02396
1.67131 0.327438 0.305859
1.28797 0.556857 1.16654
0.1414 0.138109 1.25119
0.617145 0.977178 0.722715
0.0613992 0.330087 1.26189
0.0635322 0.559497 1.33351
0.0617376 0.571656 1.36024
0.345258 0.597435 0.129492
1.78988 0.372321 0.356508
1.6823 0.413574 0.437142
1.71118 0.635733 0.466578
0.228769 0.911955 1.42697
1.06505 0.979545 0.87612
0.976044 0.965691 0.891387
0.375612 1.4208 1.58475
0.202408 1.03024 1.58487
0.234319 0.650421 0.407787
0.304251 1.32831 1.59859
0.522252 0.966558 0.80802
0.293302 1.30007 1.59335
0.690258 0.770469 1.10688
0.368343 0.24781 0.921483
0.226179 0.181085 0.923157
0.408936 0.922935 0.513528
0.291926 1.28558 1.57005
1.05739 0.696408 1.15388
0.759084 0.204907 0.196404
0.248314 1.06265 1.43744
0.120296 0.445203 0.572409
0.258943 1.11935 1.44548
1.3123 0.783987 0.0133654
1.18608 0.779556 1.12325
1.26371 0.72594 1.14261
0.04449 0.521847 1.30626
1.32934 1.05481 0.353076
1.33825 0.647343 1.14038
0.0585543 0.210055 1.17795
0.983676 0.572085 1.15598
1.00436 0.641193 1.15487
0.926991 0.640932 1.13586
1.01326 0.526731 1.16305
0.08022 0.606159 0.638688
0.0821895 0.658938 0.659931
0.962973 0.415914 1.1299
1.1299 0.469305 1.17322
0.316563 0.0859245 1.01422
1.34425 0.912858 0.903747
0.966744 1.00152 1.70747
0.560634 0.864711 0.0487479
0.477645 0.831933 0.0705354
0.491001 0.78291 0.17556
0.65745 0.874437 0.375015
1.16956 0.51522 1.18166
0.272685 1.18415 1.41586
0.663981 0.851832 0.32757
1.00762 1.02227 0.0904113
0.729081 0.848034 0.300678
0.240176 0.115649 0.960603
0.675507 0.950778 0.56748
0.571722 0.968058 0.707979
0.871065 1.09496 0.296945
0.828663 1.04006 0.259032
0.545055 0.912021 0.493932
1.22651 0.198696 0.872382
1.04177 1.13858 0.416898
1.01375 1.14288 0.409419
0.881058 1.14449 0.396258
0.264491 0.11375 1.24109
0.269768 0.876294 0.791979
0.142892 0.756795 1.07771
0.784407 0.386814 0.0513996
0.782094 0.893667 1.57041
1.61623 0.82593 0.423651
0.766521 0.862206 1.74378
0.988683 0.650388 0.0614295
0.780744 0.986922 0.784077
0.403635 0.797664 0.0869724
0.362742 0.798219 0.035367
0.888579 0.598788 0.0584631
0.139422 0.0907347 1.1183
0.71439 0.208681 0.0158469
1.54959 0.722478 0.952905
0.671178 0.844983 0.0287202
0.155007 0.228919 1.35884
1.61097 0.835527 0.699537
1.58862 0.879171 0.671418
0.339099 0.811278 0.424911
1.48593 0.971376 0.460353
0.44853 0.697407 0.295035
1.35743 0.905226 0.0522252
1.37487 0.901224 0.0758202
0.31104 0.775809 0.418416
1.71297 0.660579 0.446859
1.4684 0.988422 0.499209
0.491079 0.784917 1.10874
1.15382 1.07109 0.210892
1.69497 0.513894 0.524745
0.16948 0.336057 0.894906
0.173201 0.744417 1.27897
0.32244 1.36736 1.52719
1.60238 0.465645 0.898266
0.275736 0.336141 0.438417
1.21313 0.355806 1.13164
1.60144 0.293555 0.376506
0.835371 0.800787 1.58161
0.485571 0.248025 0.182607
1.6029 0.324246 0.259444
1.61409 0.330828 0.341124
0.769605 0.900642 0.238105
0.572019 0.864219 0.00467721
1.76487 0.634311 0.16159
1.7859 0.630951 0.180109
0.521025 0.226591 0.0145273
0.307449 0.635838 0.345456
1.73497 0.433947 0.451941
0.385569 0.447984 0.32934
0.67905 0.683286 1.61072
1.86758 0.57714 0.322392
1.42224 0.758502 0.0667038
1.00173 0.790596 0.0657708
1.81719 0.433971 0.241177
0.8373 0.990765 0.00329469
0.35361 0.371097 0.0664191
0.589746 0.902643 0.0849219
0.601512 0.980925 0.04308
0.613671 1.00449 0.0430515
0.562629 0.845193 0.0981141
0.899796 0.117503 0.349683
0.367365 1.12834 1.43457
0.931752 0.856794 1.6
1.57455 0.830184 0.812814
0.317664 1.17175 1.40138
0.842214 0.199445 0.369702
0.292523 0.382728 1.46918
1.39803 1.03427 0.404532
0.486033 0.39114 1.38619
0.262551 0.500166 1.47786
0.411579 0.40185 1.46453
0.564588 0.624876 1.54181
0.576216 0.544806 1.20775
1.30101 0.0648723 0.441684
1.13101 0.143968 0.0966219
0.506946 0.305574 0.366072
1.39554 0.669396 1.10586
0.399954 0.769056 1.32138
0.351906 0.799476 1.25784
0.550212 0.736371 1.37215
1.24045 1.04931 0.739803
0.114952 0.652134 0.894873
0.288388 0.176231 1.33523
0.53778 0.570741 1.43571
1.38265 0.700827 1.10388
0.4797 0.378216 1.41158
0.362526 0.168222 0.681576
1.46322 0.261642 0.909834
0.506742 0.290245 0.985026
0.388272 0.235754 0.973935
0.884934 0.565155 0.0577518
0.4332 0.243339 1.00852
1.16092 1.12866 0.551211
0.410301 0.241927 0.991269
1.24831 0.149622 0.83127
0.47694 0.375144 0.171934
1.49632 0.727251 1.01021
0.45609 0.611931 0.206413
1.36716 1.0489 0.39825
1.45588 0.758799 1.02533
0.14767 0.331932 0.610119
0.542364 0.289924 0.341151
0.513237 0.359103 0.293514
0.437796 0.54912 0.00355503
0.336057 0.553896 0.322818
1.01277 1.06876 0.173099
0.309567 0.588276 0.0813294
0.436719 0.824298 0.0477996
0.343311 0.621732 0.139916
0.715665 0.9081 0.183167
1.26708 0.0741099 0.714597
0.391575 0.183981 0.0688839
1.21335 0.0270326 0.636375
1.39339 0.116842 0.653295
1.60334 0.285935 0.529422
1.40112 0.136697 0.730191
0.170522 0.435264 1.46056
0.380136 0.25986 1.26102
1.05554 0.294651 1.08422
0.419448 0.249667 1.18982
1.13068 1.11792 0.418104
0.545745 0.489717 1.25241
1.15426 0.0179944 0.494442
1.37574 0.453978 1.11958
0.22911 0.90795 1.40044
1.61644 0.300858 0.584331
1.55362 0.245081 0.337167
1.25439 0.0966039 0.21115
1.68948 0.463374 0.555231
0.309471 0.35457 0.406824
0.850413 1.03447 0.187173
1.65049 0.37161 0.454746
0.448836 0.800787 0.00189744
1.18403 0.96621 0.850839
0.497568 0.441027 0.00375057
1.0383 0.0687957 0.26093
0.877638 0.705453 1.10685
0.420276 0.923715 0.862386
1.24394 0.987846 0.781692
1.48137 0.214529 0.800727
0.681756 0.333567 1.02372
1.34589 0.268497 0.995715
0.532551 0.968475 0.688833
0.864924 0.732117 1.09628
1.56431 0.70638 0.938856
1.3904 0.265062 0.959292
0.75576 0.312594 0.0490836
0.37038 0.256946 0.453579
0.615414 0.392748 0.00702948
1.56524 0.348879 0.878529
0.58161 0.245489 0.0152333
0.850446 0.128179 0.72261
0.3603 0.242321 0.476364
0.692481 0.237937 0.241409
0.271265 0.78177 1.5145
1.15854 0.578418 0.012377
0.642726 0.192233 0.504033
1.09726 0.578991 0.0540075
0.061437 0.532311 0.68469
0.536145 0.297295 0.98175
0.478821 0.278666 0.993477
0.562551 0.216383 0.853755
0.00723753 0.484719 1.03179
0.000509022 0.47094 1.09232
0.586857 0.24869 0.238131
0.59106 0.241222 0.322203
0.223741 0.232927 0.908727
0.34248 0.201848 0.781554
0.393756 0.245399 0.907353
0.522801 0.193091 0.14723
1.12974 0.561597 0.0258541
0.609351 0.862929 0.341079
0.799566 0.548451 0.0391158
0.707025 0.868599 0.35622
0.702585 0.842832 0.30057
0.898173 0.199763 0.0335247
0.715551 0.881319 0.189506
0.659724 1.04954 0.0358806
0.275247 0.129346 1.26393
0.946938 1.03025 0.0519045
1.09981 0.97617 0.0102664
0.825825 1.14972 0.521211
0.736725 0.823869 1.04562
1.37482 0.85119 0.0572925
0.412419 0.541203 0.00455652
1.24864 1.06892 0.260126
0.387651 0.959013 1.41978
1.63321 0.780339 0.193682
1.43037 0.13596 0.483075
1.06942 0.134035 0.0279086
1.03747 0.955047 0.0073584
0.754596 0.115863 0.126831
0.742314 0.754413 1.71259
0.327729 0.139032 1.17077
0.229648 0.300282 1.43467
0.662427 0.892359 0.987552
0.21939 0.435228 1.47083
0.29544 0.301248 1.44083
0.764682 0.801513 1.7513
0.310221 1.23277 1.69188
0.481821 0.733869 1.40375
0.379347 0.668526 1.45621
1.15958 0.954015 0.895785
0.400374 0.426282 1.47073
0.831132 0.576288 1.11637
0.523419 0.181471 0.774714
0.535347 0.1734 0.724707
0.338637 0.223283 0.522786
0.349581 0.553503 0.0958938
0.663345 0.713715 1.39485
0.828966 0.698415 1.09941
1.06847 0.243481 1.02479
0.353871 1.43149 1.70178
0.90993 0.922161 0.968313
0.357912 0.89928 1.52784
0.731052 0.251356 0.014777
1.79256 0.704877 0.377913
1.60514 0.572202 0.0552642
0.399462 0.624663 0.311136
1.75088 0.737409 0.226679
1.11338 0.367194 0.0663555
0.803961 0.44217 0.0499575
1.11815 0.255816 0.0488598
1.04012 0.119636 0.798354
1.35425 0.440178 0.0172081
1.26197 0.335496 0.0402549
0.260596 0.870132 0.552273
1.62609 0.377265 0.119068
1.69071 0.452535 0.115651
1.74245 0.347901 0.345939
0.346017 0.200569 1.27736
1.55791 0.234602 0.704673
1.08138 0.55233 0.0597714
1.2431 0.447243 0.0144562
0.795258 0.471036 0.0428721
1.08403 0.0458304 0.319884
0.761883 0.990813 0.00313296
1.16271 0.743367 0.0635598
0.84933 0.739728 0.0598173
0.376227 0.668613 0.326082
0.721008 0.876291 0.0545052
1.16063 1.0623 0.181708
1.6797 0.591414 0.092997
0.787365 0.981483 0.00457818
1.41716 0.996177 0.240527
1.19647 0.702981 0.0160656
1.00667 0.216968 0.967041
0.77514 0.257423 0.92694
1.29209 0.369333 0.0185916
0.493764 0.21169 0.014212
0.525726 0.577596 0.014547
0.628134 0.222036 0.170363
0.765399 0.905907 1.62755
0.571206 0.19561 0.137032
0.45489 0.713541 0.221622
0.976872 0.0952782 0.104826
1.65878 0.716268 0.129074
0.754632 0.863145 1.01296
0.627267 0.875307 1.02427
0.801021 0.993831 0.223951
0.810045 1.05117 0.321756
0.566223 0.880137 0.408252
0.688254 0.941673 0.54273
0.809808 0.78465 1.57651
0.998802 1.06507 0.768645
0.171716 0.729837 0.949599
0.74493 0.81954 1.74233
0.64119 0.731124 1.66693
0.536199 0.632211 1.54732
1.73388 0.392466 0.180318
0.452688 0.662526 0.244559
0.332496 0.191876 0.724611
0.288584 0.850506 1.32178
0.837699 1.05612 0.0545262
1.2448 1.1009 0.56946
0.249644 0.0931335 0.981483
0.817794 0.487746 0.0512196
0.301251 1.34696 1.65237
0.227327 0.0819381 1.19884
0.218189 1.25954 1.68973
0.0761985 0.614001 1.24995
0.786525 1.04893 0.685845
0.0598893 0.351807 1.33325
0.105258 0.147762 0.981015
0.742869 0.899238 0.354255
1.00444 0.951474 0.928182
0.776235 0.94428 0.265764
1.15838 1.11313 0.400665
1.0445 1.04716 0.141338
0.913269 0.912711 1.77252
1.43908 0.215015 0.232965
0.573075 0.838986 0.124663
0.557478 0.835545 0.284297
1.45249 0.987279 0.610293
0.614997 0.838035 0.233742
0.16959 0.297411 0.705417
0.283255 0.538341 1.47745
0.581787 0.863925 0.35337
0.719547 0.998568 0.674127
0.708519 0.841122 1.03785
0.252875 1.18544 1.69352
1.21754 0.348006 0.0679512
0.97383 1.16929 0.47601
0.948846 1.16617 0.433848
0.6312 0.270842 0.0138542
0.852831 0.165278 0.763884
0.866574 0.5796 0.0572406
0.496743 0.672387 0.0024152
1.30354 0.73239 0.0111923
1.55609 0.255123 0.75201
1.62173 0.414534 0.829848
0.380865 0.241885 1.21653
1.35924 0.740679 0.0179644
1.39759 0.9315 0.138689
1.57524 0.862014 0.370842
1.67287 0.417114 0.465318
0.350262 0.40062 1.47223
1.1486 0.980796 0.815886
0.364062 0.333411 1.45342
0.940287 0.710868 0.0610524
0.299089 1.1216 1.3845
0.640737 0.683067 0.00316416
1.57608 0.322209 0.818376
1.65758 0.441891 0.757506
0.678324 0.398844 0.0149835
1.66212 0.392907 0.474948
1.78845 0.440874 0.197566
0.271809 1.27931 1.73711
1.80211 0.667548 0.218377
1.79794 0.482601 0.186001
1.78073 0.377112 0.383091
1.76986 0.387123 0.407937
0.940926 0.175764 0.0183123
1.27897 0.273575 1.03384
0.85851 0.0462882 0.572676
0.426582 0.480939 1.47032
0.48552 0.508947 1.44624
0.656523 0.664485 1.41237
1.24987 0.183296 0.864753
0.37905 1.27866 1.5292
1.31131 1.06667 0.60615
0.752199 0.604233 0.0167293
0.548577 0.702312 1.18608
0.0874416 0.558192 0.621363
0.313416 0.496746 1.47872
0.213212 0.39309 1.46293
0.313779 0.544557 1.47662
0.391842 0.77922 0.106872
0.313272 0.729885 0.0758874
0.335883 0.159199 1.18576
0.324861 0.72228 0.100286
0.330486 0.572307 0.0902499
0.433014 0.183074 0.553623
0.420555 0.646188 0.307407
1.06127 0.00870015 0.533127
0.102643 0.711789 1.16687
0.953703 0.15581 0.791481
0.977262 0.138577 0.790875
1.37333 0.29931 1.03388
1.59995 0.382146 0.856023
0.828471 0.221074 0.363102
1.34346 0.0877419 0.440322
1.10173 0.914394 0.0168669
0.743697 0.217264 0.446199
1.25395 0.940065 0.920016
0.718926 0.128786 0.0635688
0.597171 0.23377 0.348816
1.35297 1.02587 0.679482
0.665901 0.217111 0.315597
0.296531 0.280048 0.468738
0.118208 0.380547 0.827862
0.496077 0.53496 1.44378
0.201644 0.286396 0.890562
0.416688 0.161906 0.0660942
0.464115 0.144297 0.0523992
0.630864 0.84648 0.179089
0.927891 0.977511 0.865179
0.2125 0.205671 0.915921
0.753408 0.188384 0.806652
0.543162 0.174397 0.7545
0.770325 0.252304 0.327135
0.802026 0.142931 0.183735
0.581406 0.671916 1.60578
0.675279 0.843312 0.301614
1.10314 0.474 1.17138
0.273583 0.881133 1.5689
0.642723 0.836742 1.51806
1.47928 0.22765 0.822777
1.04453 0.144157 0.808302
0.890175 0.877593 1.54013
1.25549 0.558318 1.17573
1.05515 0.60855 1.16759
1.58875 0.664329 0.0604434
1.59634 0.741717 0.111926
1.22336 0.059781 0.306777
1.5577 0.735207 0.0896286
1.2961 0.0709908 0.385833
0.84552 0.219529 0.0481596
0.164446 0.650238 0.479874
1.58122 0.380538 0.099501
1.52406 0.908604 0.72954
0.323673 0.389838 0.380757
0.368613 0.857358 1.34083
0.764832 0.798468 0.0611544
0.399138 0.728121 0.00058485
0.157319 0.605694 0.480312
0.809565 1.13755 0.621567
0.950838 1.1209 0.724707
0.742947 0.849765 0.277745
0.328182 1.11262 1.39099
0.991449 0.911886 1.62768
0.915333 0.823938 1.57407
0.797418 0.812826 1.64829
1.73243 0.34761 0.242585
0.366144 0.552663 0.31242
0.299184 0.249129 0.50973
0.320976 0.41844 0.367251
0.223608 0.261231 0.585216
0.210788 0.0664611 1.14096
0.135691 0.15957 1.27262
0.393135 0.560694 0.130227
0.394014 0.615114 0.158926
0.953613 0.219305 0.948315
1.2702 0.0769434 0.286256
0.367719 0.630789 0.154101
1.6646 0.396612 0.446055
0.893709 0.0418071 0.533862
0.32802 1.38178 1.55076
0.352185 1.4192 1.60735
0.313599 0.859764 1.32157
1.34093 1.05595 0.495258
1.19221 0.0347481 0.334791
1.3249 1.04096 0.242333
1.32665 1.02775 0.218231
0.651213 1.03697 0.0606051
0.990321 0.0169651 0.541353
0.93417 0.933219 1.75762
0.0781542 0.13769 1.04917
0.282548 0.186475 0.929943
0.0391005 0.431007 1.3617
0.150599 0.120831 1.01036
0.949287 0.0467097 0.449337
1.00752 0.0380892 0.441513
1.22524 0.642774 1.17407
1.07667 0.716568 1.15061
0.80196 0.173956 0.199617
0.26082 1.11707 1.49924
0.213234 1.18175 1.61488
0.263387 1.31893 1.68342
0.717498 0.64017 0.0105237
0.270544 1.2459 1.59681
1.62824 0.319956 0.599274
0.0697452 0.322581 1.33097
1.31686 0.173365 0.0803238
1.31262 0.171163 0.108017
0.198283 0.841533 0.665658
0.0518097 0.513882 0.952419
0.415962 0.234811 0.892866
1.30142 0.470463 1.15599
1.56427 0.680661 0.951321
1.52166 0.744777 0.975864
1.4044 0.947547 0.820638
0.198068 0.232453 0.911898
0.080913 0.214024 0.953928
0.0779925 0.144073 1.02022
1.584 0.366063 0.868359
0.546057 0.771795 1.5505
1.62267 0.730983 0.827187
0.444201 0.960084 0.641853
0.291008 0.0795849 1.00459
0.098571 0.426561 0.840759
0.0906558 0.394926 0.726651
1.64923 0.734904 0.397731
1.50136 0.940284 0.382662
0.928683 0.950682 0.919629
1.13522 0.95661 0.90828
0.160517 0.273027 0.917436
0.141711 0.255535 0.923862
1.41023 1.02067 0.529845
1.19244 1.07094 0.251944
0.536055 0.854583 0.0351717
0.473262 0.781842 0.152407
0.650277 0.842529 0.202222
0.686622 0.838443 0.274418
1.41191 0.929193 0.840867
0.252103 0.238832 0.79089
0.698949 0.837219 0.215933
0.407745 0.265366 1.36163
0.592503 0.915183 0.47871
0.365406 0.915822 0.814179
0.00924513 0.497181 1.13066
0.490968 0.965004 0.603066
0.296146 0.800445 1.27558
0.791301 0.914487 1.62187
0.730047 0.839994 1.4877
0.474378 0.724728 1.47937
0.366891 0.807072 1.17426
0.383337 0.937527 1.40182
0.939543 0.647223 0.0602301
0.477831 0.730395 1.29264
0.326715 0.334473 0.408219
0.427155 0.733908 1.35566
0.559875 0.764121 1.42033
0.393273 0.966336 1.4461
0.777621 0.187786 0.567336
0.0204225 0.536211 1.00167
0.441909 0.317016 1.3077
0.849765 0.992151 0.82365
0.529836 0.652443 1.56299
0.397197 0.785286 1.26772
0.530016 0.940368 0.873063
0.393909 0.77073 1.34995
0.331002 0.813681 1.0695
0.222791 0.667338 1.4582
0.561534 0.958701 0.839436
0.45531 0.247697 0.914736
0.456051 0.804963 1.07787
0.219736 0.786306 0.920346
0.452532 0.761748 0.157524
0.412656 0.69354 0.165577
0.43053 0.684105 0.179851
0.649617 0.234282 0.875886
1.68969 0.595932 0.652626
0.555054 0.596259 1.35964
0.952944 0.957 0.902781
1.32486 0.894009 0.974118
1.02855 0.789528 1.11181
0.566535 0.726066 1.14641
1.06268 0.934647 0.962763
1.59136 0.816567 0.788697
1.54117 0.788925 0.91899
0.201069 0.827313 0.587448
1.62407 0.461628 0.850479
0.224952 0.102827 0.977244
1.64758 0.687804 0.804063
0.00406818 0.452082 1.12029
1.60697 0.863037 0.65361
1.60194 0.860742 0.567942
0.0625761 0.403806 1.24583
0.593469 0.733815 1.13742
1.5621 0.794151 0.236668
0.20492 0.936144 1.49869
1.33478 0.83379 0.0182167
0.258902 0.954789 1.37114
1.45548 0.783639 0.117459
1.31648 0.794877 1.08423
1.09801 0.0397563 0.727227
1.42793 0.857049 0.131568
0.264775 1.06254 1.38305
1.49027 0.853896 0.188032
1.43937 0.290312 0.965343
1.68276 0.577815 0.711834
1.16367 0.999159 0.0475449
1.58315 0.612234 0.938079
1.36423 1.04344 0.503046
1.3886 1.02986 0.546828
1.56662 0.406842 0.935376
0.90336 0.655176 1.1269
0.118064 0.146128 1.2331
1.52195 0.424806 1.00337
0.468012 0.963741 0.604998
0.234192 0.0681297 1.09608
0.212981 0.787461 1.43602
1.25945 0.237089 0.966597
1.28602 0.2497 0.978117
1.6117 0.319548 0.206213
0.93237 0.271835 1.01753
1.6762 0.367377 0.372813
1.79302 0.584373 0.476628
1.35767 0.140631 0.777924
0.81414 1.05845 0.0328227
1.71074 0.523764 0.111471
1.74083 0.636081 0.140523
0.739515 0.804276 0.0615648
1.70852 0.751101 0.33648
1.00858 0.0705531 0.760359
1.30686 0.574983 0.019814
1.84047 0.654756 0.387108
1.05644 1.13274 0.396168
1.4278 0.701055 0.028904
0.34374 1.35339 1.74448
0.427689 0.310302 1.42587
0.178993 0.233559 1.37787
0.139556 0.245419 1.36111
0.661635 1.01483 0.102428
0.988392 0.397896 1.13087
0.573102 0.891726 0.0139099
0.635799 0.99552 0.0905193
0.908943 0.127355 0.255338
0.46185 0.809457 0.103407
0.515934 0.816753 0.128785
0.0216959 0.357969 1.09177
0.896412 0.145542 0.241156
1.3293 1.05903 0.585069
0.828195 0.0869349 0.622758
0.959766 0.763059 1.10181
0.532323 0.256761 0.409581
0.348684 0.355347 1.46105
1.36498 0.37239 1.09226
0.612237 0.641343 1.55693
1.0861 0.760395 1.13525
0.800901 0.14373 0.649053
0.566034 0.626223 1.20745
0.417414 0.756624 1.31067
0.508416 0.707085 1.26615
1.56262 0.88401 0.512931
0.577632 0.568461 1.20341
0.520197 0.706524 1.23814
0.956103 0.0196252 0.607377
0.455184 0.246123 1.02677
1.78558 0.390819 0.244076
0.462708 0.509013 1.46058
0.591321 0.547263 1.18388
1.58288 0.846204 0.348462
0.533631 0.534279 1.31156
0.509271 0.456657 1.30874
0.380136 0.160592 1.04536
1.33338 0.584559 0.0236046
0.236761 0.881226 0.656655
0.250122 0.635598 0.389331
0.585816 0.854457 1.05831
1.48477 0.47508 1.04876
0.392445 1.36615 1.58473
0.860688 0.182265 0.331644
0.141446 0.768942 0.637278
0.397206 1.00469 1.47778
0.173761 0.798546 0.602679
0.5124 0.326382 0.344034
0.90729 0.987348 1.76833
1.4606 0.515472 0.018267
0.382749 0.36399 0.0120292
0.298134 0.734898 0.0280313
0.705309 0.978576 0.776322
0.36225 0.218437 0.0437799
0.411213 0.532599 0.118708
0.399852 0.843801 1.00457
0.150012 0.330549 0.797823
0.384069 0.347127 0.129731
1.33865 0.0724359 0.576453
1.07379 0.00320436 0.4884
0.137061 0.200555 1.31855
0.272427 0.279814 0.489228
0.512271 0.429891 0.199083
0.0515457 0.521691 1.26341
0.139729 0.757554 1.12396
0.100304 0.216396 1.29714
0.370308 0.620064 0.319365
0.495999 0.347769 0.341409
0.239966 0.421509 0.424923
0.753267 0.414378 1.07403
0.344163 0.904338 0.802104
0.437427 0.935565 0.812871
0.313236 0.665598 0.351897
1.05184 1.09028 0.218738
1.20793 1.10632 0.633432
1.06386 1.15958 0.582771
0.631935 0.183955 0.0527475
0.681597 0.430851 0.0198296
0.939276 0.192856 0.866601
0.812952 0.804111 1.59815
1.12049 0.198166 0.94728
0.285727 0.0862311 1.13958
0.734091 1.02011 0.582165
0.758484 0.876678 0.278677
0.755862 0.194852 0.617175
0.798315 0.256022 0.247418
0.696621 0.205538 0.421872
1.26856 0.684114 0.0114135
0.748866 0.248093 0.305688
0.47049 0.270562 0.951111
0.625011 0.249308 0.919425
1.19442 1.1167 0.582942
0.704394 0.203229 0.453327
0.625884 0.958995 0.0028444
0.81756 1.04986 0.128433
0.640908 0.221759 0.305364
1.4993 0.203321 0.752334
0.823221 1.03614 0.150812
0.611022 0.23089 0.190533
0.291061 0.897702 0.742362
0.667221 0.230259 0.259358
1.47009 0.163488 0.655461
0.465087 0.750855 0.304671
0.863943 0.975603 0.00476166
0.808086 0.921615 1.71266
0.381531 1.21741 1.51445
0.869607 0.847185 0.0635898
0.767019 0.848421 0.0626763
1.28926 0.49881 0.016568
0.823782 0.42168 0.0554715
0.31587 0.20727 0.57204
1.46787 0.746217 0.0758478
1.11736 0.143643 0.124945
1.09499 0.686988 0.0649986
0.0657474 0.509208 0.669621
1.02936 0.696264 0.0637806
1.40727 0.504666 0.0263165
1.17332 0.769704 0.0674871
0.490992 0.143323 0.0597252
0.473346 0.144288 0.084081
0.699876 0.565698 0.0161498
0.472476 0.168421 0.128899
1.22139 0.789309 0.0486645
0.888279 0.393357 0.0597363
0.940608 0.510918 0.058593
0.68877 0.460155 0.0230663
0.657267 0.947034 0.151396
1.26752 0.363684 0.0270771
1.25492 0.574455 0.0129564
1.29352 0.990903 0.76782
1.23059 0.292833 0.0483393
0.368232 0.285016 0.0152816
0.734553 0.165264 0.149833
0.971397 0.0565026 0.396465
1.08438 0.0183601 0.629895
1.12553 0.00659874 0.487479
1.40503 0.112609 0.485589
1.21461 0.0597012 0.713724
0.405327 0.512502 0.00611928
0.29747 0.949347 1.59898
0.791409 0.338571 0.0581514
0.371844 1.33565 1.51806
1.04868 0.0318174 0.36507
1.0374 0.125986 0.13727
1.56164 0.76419 0.13056
0.742932 0.298425 0.0362472
0.896382 0.1357 0.194618
1.00378 0.595974 0.0609945
0.238883 1.20855 1.70332
1.05126 0.657471 0.0632208
0.884703 0.0615894 0.0681795
0.85206 0.0689652 0.132608
0.985962 0.992376 1.68467
0.26379 1.25426 1.7253
0.267634 1.21132 1.70359
0.525483 0.480408 0.251492
0.318624 0.162704 1.26625
0.501072 0.713832 1.55071
0.45348 0.698115 0.246487
0.443217 0.63378 0.195466
0.537588 0.372933 0.00894576
1.0252 0.110523 0.086718
0.254465 0.611202 1.47029
0.220073 0.222591 1.38422
0.319779 0.567198 1.47455
1.27496 0.0547614 0.593565
0.320205 0.936849 1.58315
1.37558 0.0874092 0.511413
1.05049 0.849879 0.0681369
1.68485 0.759951 0.317451
1.68572 0.743808 0.343599
1.79468 0.677316 0.423357
0.897138 0.89583 1.71864
1.50097 0.896367 0.799296
0.51423 0.473814 0.157339
0.530895 0.481476 0.206486
0.986988 0.911685 1.57672
0.880479 0.827883 1.50662
0.849957 0.933627 1.77047
0.736785 0.877548 1.69085
0.64278 0.727137 1.38681
0.78726 0.80364 1.46902
1.50429 0.815829 0.935982
0.916716 0.876357 0.0648015
0.387684 1.26528 1.58278
0.38034 0.860454 1.464
0.209567 0.254667 0.631554
0.383181 0.84627 1.36673
0.373476 0.211186 0.979764
0.112619 0.644799 0.579681
0.159034 0.739509 0.54561
1.63621 0.679869 0.0887142
0.494964 0.277294 1.03636
0.470118 0.204375 0.842271
0.782103 0.250634 0.349836
1.09496 0.268784 0.0674871
1.22254 1.11544 0.49098
0.379428 0.194928 1.00019
0.481764 0.270456 1.14323
0.767721 0.259496 0.246507
0.797514 0.159767 0.676491
1.70425 0.680502 0.130896
1.1845 1.11885 0.461859
1.70223 0.605337 0.107285
1.43517 0.271592 0.94263
1.72825 0.409278 0.160835
0.839775 0.401406 0.0575055
1.70709 0.411075 0.143349
1.38617 0.250089 0.934062
1.53807 0.405858 0.0698325
1.33647 0.244287 0.949332
1.31201 0.526284 0.0199236
1.55792 0.568005 0.0339294
1.70459 0.362025 0.376419
0.588288 0.343032 1.02626
1.68775 0.336834 0.331422
1.47395 0.562731 0.016289
1.05135 0.0975663 0.788064
1.55339 0.374229 0.0986019
0.859233 0.429804 1.08972
0.736467 0.447261 0.0086547
0.972519 0.793527 0.0653493
1.76957 0.7314 0.247705
1.38329 0.728154 1.08984
0.868242 0.0783579 0.0268807
0.118429 0.404031 0.608556
0.467067 0.337524 1.34474
0.788211 1.05347 0.123344
0.889941 0.989862 0.00342789
1.24007 0.980442 0.0393039
0.461424 0.835182 0.0300036
0.512013 0.73035 0.00183857
1.8416 0.553527 0.241551
0.334635 0.0971184 1.08926
0.460194 0.318621 0.369846
0.631872 0.344106 0.0120884
0.541704 0.434118 0.00816006
1.33924 1.05298 0.608646
1.09346 1.15373 0.580707
0.290373 0.315549 0.442662
0.395889 0.419541 0.0113699
0.403899 0.430953 0.331281
0.500514 0.304278 0.013438
0.565242 0.786165 0.00238271
1.32211 0.0856836 0.673164
0.442098 0.174349 0.0200324
1.11252 0.319899 0.0693945
1.61669 0.841413 0.576768
0.76038 0.874716 0.227444
1.298 0.0552348 0.553764
1.35334 0.0796758 0.495543
0.426816 0.347952 0.156043
0.62013 0.930642 0.514473
0.521481 0.463539 1.28715
0.54804 0.682533 1.20793
0.633591 0.629691 1.44764
0.514164 0.535887 1.41924
0.563133 0.585846 1.43536
0.653037 0.689016 1.64227
1.73192 0.339099 0.271806
0.389097 0.451179 1.47501
0.259835 0.0679644 1.10538
1.11213 0.0250414 0.390057
0.0823866 0.398157 0.961734
1.10276 0.0280211 0.365058
1.11231 0.0162387 0.620211
1.04527 0.0118169 0.576576
0.300654 1.15111 1.39087
1.43913 0.991332 0.348873
1.29617 1.07478 0.50559
1.65314 0.379257 0.430998
0.296167 0.162604 0.941796
0.976251 1.14009 0.331998
1.04505 0.718302 1.14538
0.0452319 0.399174 1.35621
1.23866 0.37206 1.14027
0.0795897 0.486381 0.841524
0.113532 0.402651 0.850545
0.959568 0.995805 0.799818
0.92856 1.00098 1.7473
1.53194 0.651531 1.00187
1.53387 0.319437 0.891609
0.560406 0.826569 0.254328
0.574527 0.824328 0.17427
0.719997 0.901785 0.404172
0.515358 0.971499 0.755574
0.647142 0.947487 0.566712
0.0686742 0.588267 0.713244
0.813783 0.929988 1.66223
0.388686 0.72747 1.41156
1.13 0.898935 0.0270571
0.427401 0.726423 1.38037
0.642336 0.635817 1.47613
0.953817 1.08691 0.211598
1.21903 0.426444 1.16464
0.439353 0.72054 1.40545
1.00945 1.08068 0.196342
1.68608 0.481938 0.60897
1.39417 0.361794 1.07628
0.419103 0.279151 1.3881
1.33732 0.938391 0.859791
0.389736 0.758358 0.12356
1.41542 0.406737 1.08612
0.439077 0.887586 0.968034
0.366024 0.912777 0.511308
0.428193 0.934404 0.531207
1.53862 0.931182 0.597273
0.471228 0.360918 1.3923
1.46659 0.186781 0.316008
0.249207 0.788898 0.984111
1.64661 0.359532 0.635826
1.68222 0.676887 0.595521
0.193966 0.784776 1.12061
1.60577 0.422226 0.875304
1.65881 0.380706 0.556944
1.62616 0.330657 0.435489
0.319602 0.82158 0.978669
1.69877 0.574278 0.10238
0.858279 0.965781 0.896655
1.7098 0.423183 0.438987
0.482775 0.927174 0.901422
1.01089 0.0172294 0.51855
0.582564 0.872583 0.0916869
0.616899 0.906996 0.124921
0.883563 0.108275 0.407193
1.33033 0.206541 0.891564
1.35337 0.918372 0.878454
0.796458 0.144193 0.594126
0.824379 0.0875307 0.590373
0.44613 0.535536 1.4689
0.677064 0.750627 1.11851
0.683976 0.419292 1.09574
0.147258 0.76917 0.803286
0.334962 0.550386 0.0734325
0.276608 0.628185 0.0507159
0.399429 0.194325 0.110655
0.670329 0.976854 0.00313218
1.42057 0.356301 1.05697
1.13707 0.119563 0.799416
0.0612312 0.497523 0.724548
0.210933 0.779562 1.39
0.450615 0.624015 0.281366
0.315048 0.444795 0.356952
0.519837 0.171038 0.124914
1.37398 0.281519 1.00582
1.17656 1.06425 0.202442
1.21811 0.292411 1.07932
1.15014 0.678237 1.16954
1.49847 0.594408 1.04092
0.054009 0.361143 1.30863
0.809001 0.216036 0.437868
0.0799317 0.549807 1.42274
0.673713 0.18372 0.656415
0.0638805 0.245851 1.24459
0.548223 0.28448 0.247398
0.23746 0.231852 0.731715
1.30786 0.394962 1.13333
0.484518 0.153673 0.0329997
1.50096 0.795507 0.959835
1.1574 0.149187 0.0943869
1.14943 0.523935 0.0166374
0.906921 0.0665604 0.441282
1.34093 0.178202 0.0932406
1.85763 0.475584 0.392073
0.849666 0.0862176 0.156865
0.737346 0.982809 0.470076
1.55995 0.813909 0.866955
0.265079 0.848181 1.33237
0.896205 1.17463 0.493707
0.294057 1.28644 1.47451
0.894414 1.17506 0.582243
0.507069 0.665007 1.55664
0.90606 0.105673 0.0195407
1.16574 0.15013 0.0710892
0.872199 0.86451 1.52781
0.781056 0.90468 1.59973
1.6709 0.704133 0.70974
0.226801 1.18559 1.687
1.69568 0.775893 0.261355
1.62911 0.341664 0.686421
0.839028 0.151386 0.0180294
1.02266 0.932274 0.0137556
1.72034 0.626835 0.122493
1.63284 0.612234 0.0703593
1.08314 1.13741 0.451776
0.947331 0.738921 0.0626628
1.65706 0.405216 0.710115
1.33241 0.862395 0.018442
1.66424 0.352755 0.347634
0.944865 0.798723 0.0648249
0.837459 0.893613 0.0637329
0.371337 0.785769 0.0850491
0.923154 0.725481 0.0612894
1.18041 0.558444 0.00922344
0.738447 0.903954 0.193318
1.32717 0.556431 0.0222937
1.55221 0.231509 0.491145
0.0237782 0.382908 1.15014
0.731193 0.837231 0.252366
0.243421 0.787521 0.467007
0.736701 0.759645 1.43609
1.71335 0.345618 0.351342
0.106681 0.126133 1.17786
0.472881 0.220962 0.169514
1.7763 0.363402 0.283268
1.78675 0.424761 0.441924
0.947076 0.329223 0.0650073
1.03016 0.315003 0.0673644
0.33924 1.04116 1.37592
0.564711 0.789918 1.54336
0.354672 1.22454 1.64924
1.13338 1.00106 0.0405756
0.34257 0.991332 1.36369
0.256888 1.07886 1.4635
1.69667 0.542289 0.526764
0.326508 1.38773 1.64576
1.29634 0.930045 0.0176904
0.308556 1.05541 1.63733
0.121469 0.675555 0.94314
0.0743466 0.162644 1.14596
0.207718 0.884448 1.50217
0.042879 0.17449 1.04275
0.353994 0.12058 1.02242
0.0550209 0.236384 1.19039
1.36036 0.503805 1.13464
0.0628932 0.565719 0.764835
0.930528 0.932658 1.78585
0.984555 0.983529 1.71343
0.585696 0.692217 1.62096
0.493746 0.80178 0.316047
0.126763 0.114707 1.19635
0.70344 0.883245 0.386988
0.714804 0.945687 0.489783
0.228968 0.781683 0.945531
0.435843 0.775131 1.24468
0.499764 0.964437 0.80259
0.484497 0.967899 0.744429
1.62679 0.745551 0.803352
0.343077 0.747543 0.104009
1.5832 0.869409 0.697656
1.5365 0.854688 0.268979
1.07672 1.04335 0.780123
1.68337 0.688632 0.545058
1.59164 0.32304 0.234103
1.64529 0.498132 0.081216
1.74746 0.508008 0.137715
1.19136 0.426414 1.16643
1.67831 0.691062 0.685389
1.59195 0.27296 0.504102
1.65551 0.783009 0.216502
1.08709 0.992715 0.808551
0.978045 0.103066 0.0334806
1.81047 0.471585 0.460245
0.118805 0.35781 0.698466
0.693846 0.993066 0.150263
1.27662 1.06492 0.697902
1.47313 0.844065 0.164018
0.609042 0.87585 0.130818
0.891504 0.142366 0.273807
0.755385 0.177232 0.782772
1.6825 0.463986 0.628815
0.310266 1.04167 1.36932
0.447294 0.329283 1.42225
0.617736 0.626214 1.4716
0.552561 0.675555 1.33131
1.2689 1.03751 0.736998
1.54907 0.336864 0.890289
0.429219 0.217154 1.05544
1.16386 0.239938 1.02094
0.47154 0.53883 0.152673
0.433068 0.458373 0.0930081
1.22471 0.2764 1.05807
1.17453 0.262697 1.04498
0.192488 0.53739 0.43581
0.179315 0.578331 0.450123
0.682173 0.20988 0.815067
0.224832 0.334413 0.486138
1.58845 0.809604 0.306042
0.264441 0.421773 0.406809
0.803829 0.25845 0.275623
0.253442 0.528321 0.383202
0.522093 0.219197 0.16661
0.828501 0.127055 0.186512
0.0518346 0.494688 1.40611
0.145917 0.163659 0.948915
0.264618 0.251226 0.893415
0.387432 0.895458 0.472983
0.377583 0.936744 0.615726
0.443457 0.227943 0.167013
0.32514 0.983325 1.59956
0.246865 0.606957 0.386526
0.708258 0.146157 0.0475599
1.52861 0.200235 0.586116
0.234355 1.06674 1.64072
0.888864 0.132894 0.752913
1.17725 0.0917133 0.185272
0.264448 1.15962 1.68142
0.377427 0.64263 1.46294
1.15638 0.158307 0.813681
0.395184 1.02907 1.46813
0.110403 0.492705 1.44492
1.12699 0.0402279 0.722265
1.15426 0.0326646 0.680124
0.979926 0.955095 1.7056
0.578154 0.673557 1.34631
0.668244 0.690273 1.40277
0.370959 0.211294 0.0703134
0.753087 0.849798 1.49928
0.825081 0.823107 1.48969
0.293798 0.683331 0.0909492
0.347652 1.20311 1.43909
0.297353 0.657693 0.0102428
1.04752 0.58527 0.0614412
0.38859 1.02864 1.54042
0.354345 0.827763 1.49037
0.489909 0.515751 0.147421
1.61975 0.743358 0.127103
0.508422 0.492135 1.40325
1.03062 0.239093 0.0543564
0.24566 0.377961 0.437184
0.445827 0.306594 1.24793
1.62449 0.510006 0.0694872
1.66632 0.319485 0.215986
0.552477 0.360627 1.15552
0.72765 0.497139 0.0087498
1.64864 0.790926 0.656514
0.492243 0.266662 1.08774
0.330147 0.180583 1.28294
1.55061 0.299543 0.241449
1.32529 0.674586 0.0184477
0.467133 0.456603 1.45321
0.453909 0.607074 0.00221477
0.418635 0.804768 0.00686076
0.650961 0.481536 0.0217036
0.508695 0.833892 0.376332
1.43271 0.972174 0.71628
0.996279 0.965589 1.68613
1.41344 0.57801 1.10747
1.59943 0.599697 0.916014
0.793281 0.804207 1.61971
0.524892 0.277254 0.202075
0.874392 1.04218 0.144207
0.723855 1.027 0.141986
0.838698 0.611304 0.0574008
0.330144 0.195214 0.9483
0.578685 0.83769 1.07647
0.517434 0.831078 0.348732
0.86952 0.950862 1.77782
1.66985 0.425277 0.669069
0.451848 0.727479 1.36436
0.457701 0.726771 1.39255
0.312042 0.812736 1.29779
0.522219 0.807735 0.157076
1.58783 0.835806 0.73737
0.279496 0.887847 0.769629
0.269164 0.888417 0.745539
1.42832 0.722721 0.0419586
1.46188 0.765747 0.0977643
1.26672 0.237058 0.0155002
0.31314 0.914535 0.649125
1.63627 0.390192 0.765435
0.549054 0.971928 0.764922
1.61395 0.306834 0.445158
0.239362 0.881541 0.682236
0.192212 0.809448 0.820815
0.477408 0.959475 0.792504
0.829467 0.113009 0.677586
1.56034 0.244274 0.414318
0.86424 0.0737448 0.68391
0.564951 0.698478 1.16416
0.392106 0.26099 1.38432
0.503199 0.294087 1.15097
0.539994 0.871803 0.416202
0.240828 0.852885 0.560436
0.459552 0.724662 0.290185
0.516504 0.249234 0.185488
1.80628 0.39024 0.376305
0.937329 0.0769668 0.745851
0.91185 0.0963123 0.364791
0.595512 0.880767 1.02169
0.253522 0.295776 0.49074
0.43989 0.15245 0.044412
0.6579 0.841827 0.277978
1.04893 0.954111 0.942924
0.658242 0.858657 0.17968
0.927801 0.983964 0.844224
1.4783 0.965067 0.647037
1.40987 0.218288 0.107669
0.756486 0.94752 0.890052
0.802053 0.897258 0.975084
0.751383 0.778686 1.07354
0.710025 0.719445 1.11742
0.873015 0.920097 1.81837
0.759927 0.724482 1.09451
0.744582 0.749406 1.09103
0.667551 0.205162 0.0235896
1.49271 0.736557 0.072972
0.0693708 0.556416 0.817518
0.614991 0.778197 0.00513645
0.0630114 0.548136 0.790356
0.0771321 0.571953 0.840306
1.66833 0.514839 0.755013
0.98136 0.940959 1.67867
1.64519 0.316428 0.23384
1.69058 0.320562 0.256929
0.0162599 0.55344 1.11564
0.159669 0.183938 1.3199
0.852138 0.902043 1.80643
0.789849 0.889875 1.74362
0.350004 1.40101 1.54729
0.704439 0.842604 1.69748
0.107598 0.709743 1.01044
0.50265 0.493494 0.145235
0.452391 0.468954 0.104718
0.390675 0.674334 0.161161
0.100439 0.617769 1.36552
0.250169 1.09684 1.51948
0.214346 1.13261 1.58094
0.33492 1.39442 1.5711
0.737193 0.893067 1.6359
1.32295 1.06731 0.409485
0.14378 0.0987603 1.09245
1.15607 1.11319 0.427047
0.190958 0.767607 1.21027
1.51184 0.763668 0.114859
1.23857 1.10872 0.543288
0.730167 1.05715 0.106708
0.710952 1.0406 0.122285
0.699876 1.04951 0.098814
0.243342 0.862929 0.789876
0.677547 1.05356 0.057033
1.32334 1.06002 0.635031
0.901008 0.89376 1.7951
0.921807 0.919332 1.7437
1.57851 0.77886 0.17042
0.164722 0.146843 0.962979
1.14736 0.62085 1.17785
0.855585 0.183532 0.221144
0.604065 0.630726 1.51503
1.3893 0.88215 0.0916782
1.67778 0.688464 0.464733
0.235951 0.993282 1.41683
0.12732 0.616659 1.42802
0.799479 0.734688 1.54048
0.117722 0.664476 1.29802
0.00479583 0.497643 1.10349
0.0215691 0.271686 1.08332
0.0421971 0.480558 1.27621
0.0851673 0.198673 1.2468
0.0632217 0.186671 1.15744
0.767058 0.90183 0.270889
0.26599 0.0801558 0.998658
0.514056 0.852447 0.401883
0.812967 1.06713 0.347133
1.55223 0.901176 0.440997
0.102678 0.622242 0.591303
1.43946 0.300906 0.0784788
0.0262911 0.216084 1.02361
0.810303 0.144423 0.0181276
0.927729 0.198909 0.0280853
0.0964608 0.642897 0.834153
0.884541 0.943062 1.63082
0.909558 0.910197 1.57275
1.14315 0.803466 1.10205
0.5469 0.847563 0.00698526
0.529548 0.804927 0.189728
1.14939 0.201111 0.0160115
0.542406 0.832533 0.1173
0.439377 0.197602 0.0147407
0.537096 0.821844 0.274218
0.314028 1.34665 1.50812
0.578715 0.846084 0.298131
0.484275 0.548064 0.00346149
0.656475 0.86391 0.352758
0.510849 0.361542 0.0116896
0.391896 0.701943 0.00101701
0.693645 0.190091 0.0224482
0.83409 0.315675 0.0626976
0.553656 0.895587 0.465156
1.09176 0.931845 0.96429
0.160748 0.75642 1.17641
0.571221 0.713484 1.61962
0.461046 0.702312 1.49828
0.311271 0.85992 0.887241
0.999255 0.151711 0.802068
0.881958 0.967626 1.75971
0.471027 0.724368 1.34396
1.24377 0.960837 0.0201974
0.38625 0.817836 1.37247
0.585762 0.831771 0.241824
0.385308 0.788142 1.32707
0.430377 0.7116 1.42647
0.229986 0.782373 1.24287
0.332916 0.806193 1.21238
1.18247 0.198485 0.899316
0.579165 0.958143 0.594918
0.605175 0.829158 0.00385497
0.325644 0.77037 0.0582558
0.412023 0.817197 0.0329895
0.348453 0.786522 0.0609222
0.994755 0.930069 0.0177157
0.431331 0.761151 0.143401
1.09936 0.7926 0.0690885
1.67014 0.724761 0.508863
1.13996 0.657993 0.0392568
1.1669 0.719847 0.052707
0.682056 0.589473 0.013132
1.42949 0.896694 0.878613
1.51395 0.942987 0.605928
1.6665 0.534552 0.76785
1.05053 0.977379 0.898707
1.0577 0.876315 0.06387
1.58182 0.882183 0.559779
1.6018 0.875817 0.625725
1.63826 0.789045 0.445197
1.63402 0.800187 0.473148
0.938844 0.377835 0.0618984
1.47868 0.934821 0.246903
1.51917 0.927822 0.362808
1.30734 0.817491 0.013219
0.82518 0.241123 0.0589557
0.919062 0.42468 0.059178
0.820077 1.13906 0.478578
0.886863 0.47853 0.0572022
0.701718 0.490359 0.0221004
1.40362 0.86154 0.108482
1.67012 0.494913 0.739917
1.46261 0.392373 0.052671
0.724941 0.700377 1.11652
1.3996 0.670089 0.0150473
1.57925 0.31404 0.798402
1.55104 0.478746 0.0472086
1.42213 0.484056 0.0185391
1.52627 0.427095 0.05598
1.62 0.328929 0.285152
1.23915 0.197804 0.0167204
1.45484 0.996609 0.522645
0.107607 0.716421 0.651672
1.60079 0.499971 0.0612501
1.3324 0.542163 1.1488
1.60325 0.325113 0.309786
1.82514 0.513735 0.21389
1.41177 0.339528 0.042456
1.408 0.451884 0.0188591
1.80651 0.707274 0.298723
1.83366 0.67167 0.365538
1.71177 0.445596 0.45324
0.400278 1.40493 1.65388
1.81449 0.641439 0.218639
0.357537 0.923748 1.54349
1.53515 0.891312 0.313764
1.86665 0.54903 0.31665
1.25886 1.08265 0.383928
1.73377 0.357855 0.371406
1.79554 0.426432 0.217852
0.636759 0.922536 0.142794
0.347718 1.26312 1.45763
0.304758 1.2559 1.42863
0.614628 0.983601 0.0711981
0.648369 1.02083 0.0817035
0.810591 0.909759 0.0605319
1.68817 0.43704 0.455019
0.598491 0.855819 0.00310383
1.68916 0.772215 0.289932
0.171527 0.492213 1.46498
0.168305 0.536205 1.46213
0.415014 0.535137 1.47298
0.289114 1.36792 1.75267
0.569853 0.889683 0.0403677
0.577227 0.914412 0.0302277
0.517911 0.844059 0.0120161
0.0605307 0.154937 1.03727
0.322101 0.470706 1.47906
0.441042 0.455895 1.46489
0.174215 0.227046 0.918057
0.261544 0.344751 1.45617
0.87852 0.166947 0.231268
0.860343 0.110013 0.466113
0.920454 0.0527451 0.459312
1.03462 0.0133247 0.600531
0.859869 0.0939495 0.48888
1.66535 0.713031 0.457719
1.12008 0.686712 1.1647
1.02727 0.694107 1.14862
1.64623 0.765195 0.441444
1.42638 0.160699 0.406197
0.696093 0.694389 1.42241
0.600396 0.670626 1.36105
0.534312 0.672123 1.30584
0.0887457 0.612768 1.27784
0.539661 0.645639 1.29689
0.955041 1.16971 0.458394
0.542649 0.642711 1.26682
1.31937 0.0802719 0.398085
1.23941 0.161524 0.0619878
1.2009 0.0624978 0.286124
0.317577 0.140251 1.19691
0.487146 0.322443 1.22202
0.730539 0.548004 1.12698
1.02 0.00944301 0.577545
0.95121 0.0446724 0.716799
0.533391 0.508182 1.29476
0.369138 0.138057 1.04652
0.394299 0.180595 1.06282
0.539334 0.336828 1.1499
0.254977 0.135177 0.945579
0.410061 0.20609 1.04262
0.30381 1.31836 1.52245
0.392289 0.185114 1.03937
0.24365 0.585447 1.4715
0.431928 0.259045 0.984558
0.282575 1.25721 1.57062
0.562047 0.8277 0.145675
0.610788 0.237533 0.23637
0.315033 0.559932 0.0377085
0.417147 0.77379 0.125243
0.320784 0.641679 0.127716
0.488346 0.837609 0.0142827
1.33756 0.0971217 0.380853
0.312816 0.761469 0.0297593
0.380256 0.497814 0.0572664
0.546381 0.667338 1.58247
0.386865 0.394467 0.103208
0.430485 0.161514 0.0942732
1.47485 0.875694 0.879327
0.0408276 0.445824 1.31408
1.22941 0.669906 1.16826
0.127439 0.315357 1.40218
0.81936 1.07635 0.706626
0.923178 1.0292 0.767652
0.825129 1.10179 0.694338
0.33678 0.80568 1.49618
1.60563 0.596877 0.0561213
1.13851 0.0704286 0.766434
0.955188 0.529641 1.14936
1.0588 0.582177 1.16985
0.182654 0.637683 1.44768
1.01905 1.16534 0.58887
0.876792 1.17307 0.561294
0.933345 0.139012 0.776205
0.819294 0.463329 0.0526833
0.426993 0.246985 0.441567
1.35974 0.239764 0.928749
0.186992 0.273695 0.666948
0.415701 0.80016 0.381444
1.67994 0.505617 0.688791
0.690846 0.167652 0.0447117
0.646359 0.197879 0.103603
1.01892 1.00433 0.024288
0.861225 0.930045 0.0418512
0.68028 0.234449 0.212958
0.693561 0.230271 0.186414
0.587616 0.169146 0.0653316
0.67395 0.187035 0.0421635
0.803997 0.216262 0.87303
0.428064 0.169374 0.646275
1.16025 0.134748 0.801972
0.100183 0.134828 1.00509
0.738255 0.209728 0.4998
1.41453 0.278534 0.963903
0.685206 0.200933 0.468447
0.46593 0.175981 0.745038
0.221885 0.0885663 0.998823
0.553545 0.162438 0.653415
0.517413 0.214729 0.472233
0.123229 0.116505 1.04908
0.455367 0.260665 1.00135
0.530673 0.218321 0.851034
0.576555 0.243844 0.916428
0.606573 0.176451 0.0430068
0.651846 0.232016 0.214267
0.653361 0.220816 0.165712
0.667209 0.229347 0.187833
0.620082 0.228099 0.290394
0.679818 0.687972 0.0100134
0.768942 0.213537 0.508149
0.520311 0.205217 0.826131
0.183984 0.280074 0.906297
0.693561 0.70635 0.0267804
1.48216 0.282609 0.921321
0.307242 0.194867 0.687945
0.0974193 0.536637 0.576069
1.45076 0.238655 0.865314
0.867822 0.154842 0.0180241
0.739014 0.75981 1.61425
0.341595 0.215692 0.834705
0.406089 0.162485 0.698853
0.249662 0.316467 0.473988
1.18273 1.10717 0.387768
0.547638 0.20838 0.154443
0.622182 0.837507 0.205325
0.941874 1.00973 0.781938
0.260167 0.993678 1.62053
1.30924 0.234013 0.939225
0.712584 0.977061 0.164744
0.754974 1.00343 0.167609
0.677475 0.292372 0.966525
1.30429 1.0525 0.693924
1.54562 0.902016 0.709956
0.830457 1.14181 0.646065
0.787746 0.456066 1.08666
1.49184 0.646254 1.03979
1.173 0.411189 1.16173
1.11057 0.36657 1.14004
1.27499 0.932328 0.933678
0.734841 0.118828 0.104408
0.966999 0.185737 0.855429
0.978729 0.192706 0.901869
0.868494 0.199477 0.875538
0.70896 0.207092 0.819336
0.21041 0.792738 0.509448
1.33711 0.999402 0.733389
0.708825 0.177681 0.134789
0.397779 0.585264 0.147329
1.2032 0.0662829 0.255103
0.295027 0.753795 0.413229
0.173106 0.55092 0.455637
0.971235 0.0195548 0.562236
1.13471 0.00985503 0.543741
0.157797 0.556707 0.48084
1.45173 0.139876 0.539475
1.09295 0.130448 0.0523419
1.07424 0.0674646 0.230349
1.25563 1.06088 0.23464
0.776544 0.0844905 0.096396
0.0990861 0.594285 0.8877
0.776559 0.116315 0.146983
0.42648 0.942018 0.557334
0.883155 0.0653736 0.1198
0.320616 0.823737 0.445746
0.279382 0.734754 0.413628
0.854211 0.0559407 0.075498
0.429696 0.323406 0.373962
0.807888 0.811518 1.76467
0.798066 0.834492 1.77694
1.23107 1.11345 0.516756
0.899862 0.933363 1.82804
0.207682 0.345843 1.44812
0.509538 0.489123 0.273343
0.306234 0.295704 0.448125
0.707595 0.789909 1.71941
0.673233 0.725907 1.67848
0.876624 0.889215 1.8195
0.35457 1.43 1.66916
0.277785 1.18659 1.68935
0.280534 0.397278 0.405237
0.384342 0.384348 0.357261
0.310464 0.200933 0.596826
0.974139 0.107382 0.7767
1.11138 0.106561 0.794817
0.332967 0.446289 1.47831
1.22657 0.0750006 0.733809
1.21715 1.11279 0.563277
1.39136 0.124399 0.681189
0.206825 0.760902 1.37014
1.71026 0.764835 0.309066
1.69425 0.588021 0.590844
1.16025 0.019605 0.545673
1.75596 0.612219 0.470844
1.78161 0.660801 0.442638
0.979212 0.880788 1.56992
1.00578 0.920625 1.60494
0.845565 0.86481 1.52508
0.74559 0.70665 1.45539
0.161311 0.297636 0.916269
0.276374 0.299723 0.465222
0.533877 0.271211 0.386835
0.333276 0.914031 0.724266
0.832605 0.779325 1.47809
0.809568 0.842211 1.49899
0.685587 0.717099 1.40714
0.6987 0.864012 1.65359
0.595431 0.698607 1.35861
1.02482 0.980403 0.00910728
0.36576 0.34617 0.108755
0.23239 1.25544 1.71801
0.321108 0.885387 1.55814
0.885387 0.130588 0.0175306
0.372375 0.923313 1.52253
0.356589 0.237309 0.0692529
1.57439 0.641715 0.0496494
1.73018 0.677595 0.147467
1.71123 0.441723 0.13083
1.65672 0.603108 0.0822066
1.5875 0.323517 0.207462
1.24046 0.338385 0.0595797
0.778863 0.481293 0.021437
0.428346 0.297288 1.32873
1.1224 0.77316 0.0692913
0.539259 0.379032 1.2033
0.912486 0.906405 0.0578172
0.704796 0.906864 0.0244019
0.928686 1.04004 0.12599
0.358593 0.145611 1.12599
0.965193 0.92484 0.0268985
1.0945 0.731616 0.0667134
0.690492 0.618804 1.13873
0.636087 0.214559 0.0188997
1.43337 0.120853 0.552501
1.60157 0.857241 0.682644
0.362709 0.558513 0.007248
0.502941 0.472683 0.00307788
0.433194 0.778428 0.000807882
0.251603 0.263547 0.540015
0.535251 0.791001 1.10866
0.814749 0.999561 0.762624
1.26643 0.0478038 0.616581
0.229646 0.770121 1.48065
1.14702 0.149402 0.122248
0.914754 0.232713 0.0655197
0.694572 0.203029 0.139453
0.839988 0.167986 0.431043
0.653862 0.954381 0.0036153
1.53387 0.224555 0.375873
0.757536 0.926958 0.199306
1.8256 0.408885 0.369837
1.83874 0.610584 0.439365
0.972942 0.893331 1.6197
0.915234 1.10597 0.273792
0.796281 1.03964 0.343011
0.760416 1.00298 0.418212
1.83432 0.600228 0.237828
0.789786 1.11415 0.626079
1.48181 0.338253 0.0983097
0.911307 0.807111 1.55387
1.00767 0.935091 1.63349
1.51035 0.216956 0.332295
0.560826 0.686946 1.60302
0.598863 0.624495 1.49183
1.51271 0.213711 0.363069
0.199787 0.782496 1.0415
1.77551 0.358638 0.310875
0.153399 0.079275 1.13785
1.67314 0.423123 0.642771
0.351786 1.41264 1.5757
1.78661 0.448419 0.458655
0.5886 0.77976 0.00318459
1.77657 0.516939 0.482829
0.643692 0.876201 0.00687777
1.52384 0.701163 0.0540381
0.0757146 0.681432 1.13533
1.35136 0.456045 1.13003
0.0312072 0.244369 1.12285
0.784668 1.06667 0.0392289
1.64167 0.673191 0.829239
0.740565 1.04439 0.13066
1.65004 0.735912 0.737349
1.58122 0.833973 0.765114
0.843444 0.155754 0.201963
0.464034 0.967083 0.721872
0.121422 0.107286 1.10763
1.4755 0.81483 0.15741
0.0867372 0.430551 0.815289
0.503787 0.839097 0.0739674
0.463212 0.823536 0.00931638
0.663948 0.982317 0.669108
1.41183 0.839367 0.111405
1.37012 0.878202 0.0586737
0.571665 0.898275 0.977088
1.31206 0.10561 0.287199
1.23946 0.0330441 0.480138
0.613953 0.927324 0.921537
1.16153 1.09222 0.729903
0.189831 0.814305 0.792546
0.524568 0.762981 1.50303
0.461994 0.731148 1.31632
1.21463 0.893601 0.0137197
0.64023 0.921141 0.937656
0.298409 0.902955 0.565359
1.55251 0.919242 0.575442
1.66306 0.744882 0.524901
1.62779 0.683502 0.852483
1.67606 0.500124 0.712104
1.62148 0.377388 0.787935
1.26425 1.09294 0.470652
1.51953 0.910977 0.317199
0.803517 0.170555 0.518859
0.979317 0.585723 0.0601287
1.56702 0.803736 0.262652
1.61861 0.82392 0.47448
1.6891 0.463851 0.498144
1.61017 0.405495 0.854604
0.792192 0.79653 0.0604974
1.74348 0.560154 0.481257
1.79275 0.383502 0.271723
0.48495 0.80079 1.08718
0.598398 0.850929 0.134999
0.69864 0.924504 0.173452
0.316647 0.908979 0.695523
0.193468 0.564006 0.436071
0.294497 0.878751 0.518538
0.340887 0.926307 0.651729
0.599331 0.890688 0.108505
0.462735 0.403335 1.44844
0.366345 0.293799 0.417378
1.29715 1.0727 0.626502
0.56853 0.69744 1.34652
0.541254 0.96765 0.713724
0.548826 0.625197 1.32163
0.420579 0.795933 1.13921
0.404043 0.256182 1.21187
0.430017 0.267825 1.20988
0.21761 0.781731 1.21708
0.245138 0.792102 1.22269
0.393441 0.219905 0.997221
0.133899 0.672708 1.32016
0.432504 0.698607 0.313926
0.919533 0.981546 1.79207
0.289672 0.654609 0.0885609
0.400782 0.417273 0.0944235
1.00037 0.0941673 0.776337
0.538764 0.695157 1.58912
1.1135 0.135818 0.806427
1.20735 0.146762 0.810123
0.907275 0.147541 0.769212
0.197949 0.779982 1.16645
0.0955389 0.72279 1.06597
1.19355 0.0316101 0.459477
0.602691 0.947865 0.877959
0.970794 0.997737 0.00901578
0.127903 0.399921 0.579213
0.0988824 0.716859 1.03593
0.202524 0.438141 0.454089
0.600549 0.202487 0.141493
0.128317 0.379215 0.853608
0.571728 0.266117 0.942327
0.102046 0.470937 0.885753
0.842631 0.152197 0.45147
0.665877 0.982977 0.733005
1.60055 0.280453 0.572673
0.751662 0.981489 0.787599
0.406233 0.16699 0.725445
0.76995 0.981474 0.806646
0.543429 0.169087 0.107092
0.819987 0.24371 0.260756
0.73527 0.979896 0.00340638
1.1312 0.948738 0.934092
0.257693 0.227214 0.614631
0.498951 0.228364 0.174138
0.454653 0.183409 0.141504
0.689733 0.898491 0.176152
0.56874 0.966285 0.622221
1.39372 0.878952 0.944385
1.23276 0.945987 0.905508
1.18342 0.949596 0.906963
0.73188 0.136375 0.119488
1.28696 0.170792 0.126083
0.387333 0.833817 1.39499
0.777216 0.0980994 0.123494
0.753894 0.0920772 0.0726924
1.00948 0.626505 0.0616557
0.620283 0.718029 1.65112
0.362529 1.37325 1.73805
0.492534 0.723177 1.52817
1.00764 0.773511 1.11429
0.397218 1.06659 1.50446
0.237216 0.253526 0.895695
0.874185 0.776865 1.07984
0.243684 0.830565 0.520122
0.201062 0.992157 1.53771
0.0984471 0.437436 1.43381
0.177812 0.696456 0.489498
0.221784 0.486537 1.47433
0.309576 1.25689 1.70449
0.350376 1.11979 1.40974
0.37056 1.17309 1.60982
0.0718173 0.462342 0.667059
0.987819 0.300084 0.0676566
0.922887 0.2773 0.0680931
1.53192 0.614928 0.0297139
0.107138 0.425778 0.616605
1.4201 0.624735 0.01396
0.760299 1.06529 0.0189316
0.0847473 0.266057 0.945921
0.919806 0.991425 0.00472239
0.817299 0.124892 0.543576
1.09538 0.73518 1.14599
0.344874 0.770703 0.0846969
0.665955 0.791259 1.10377
0.595236 0.18751 0.119084
0.387558 0.869031 1.43782
0.389802 0.927672 1.42651
0.619689 0.807726 1.63103
0.7779 1.05128 0.423015
0.637614 0.841659 0.25526
0.963294 0.997038 1.73995
1.132 1.1192 0.391338
1.45777 0.978861 0.329826
0.83478 0.824928 1.75458
0.747198 0.720564 1.53798
0.444948 0.400305 0.139292
0.575193 0.596139 1.40973
1.75256 0.371517 0.389841
0.0419763 0.402975 1.2008
0.0901803 0.14359 1.1614
0.494508 0.468279 0.135147
0.844902 0.0914235 0.678234
0.0475896 0.605367 1.19728
0.789729 1.07796 0.430725
0.331392 1.24795 1.43268
0.376869 1.40503 1.55759
0.0715209 0.36804 0.973407
0.0270766 0.307053 1.01392
0.398451 0.321033 0.384846
0.036276 0.261651 0.987729
0.0437292 0.416631 0.987273
0.00494811 0.50499 1.05085
0.0212994 0.382788 1.04742
0.0440442 0.615609 0.99516
0.0790575 0.696741 1.11088
0.719805 0.227705 0.188622
1.03357 0.430449 1.15517
0.244242 1.03458 1.43659
0.0562464 0.358839 1.21259
0.629454 0.709245 0.00425661
0.177005 0.734496 1.32689
1.51084 0.535293 0.0236522
1.60897 0.619629 0.0599754
0.33099 0.838299 0.960204
0.909891 0.254658 0.0696321
1.61875 0.661464 0.0723213
0.541524 0.162055 0.625203
1.0316 0.115165 0.113692
0.274645 0.0639228 1.05321
0.0199549 0.24441 1.02923
1.24879 0.903153 1.00145
0.0358536 0.491871 1.3051
0.442212 0.793902 0.115749
0.49026 0.812169 0.117498
0.590985 0.835242 0.15361
0.502323 0.784536 0.226288
0.667485 0.838155 0.25127
0.0645375 0.572835 1.38527
0.538989 0.963126 0.823698
0.242947 1.00387 1.44236
0.400656 0.737181 1.38765
0.249473 1.0232 1.46505
0.197637 1.05763 1.57913
0.303999 0.805215 1.2238
0.419082 0.812793 0.0640104
0.366336 0.766359 0.105628
1.6542 0.769476 0.598629
1.45073 0.733164 1.04373
1.62588 0.809067 0.499539
1.29368 0.815379 1.07919
1.68537 0.520128 0.645645
1.14737 0.871764 1.04079
1.3082 0.74676 1.1159
1.45394 0.659274 0.0206749
0.955812 0.636069 1.14386
0.823263 0.205977 0.416985
1.00995 0.37905 1.12862
1.02507 0.478917 1.1615
1.19454 0.611325 1.17997
1.66052 0.730557 0.712914
1.67586 0.421974 0.595917
1.28984 0.972897 0.0534957
1.20867 0.993441 0.0775263
1.60846 0.299302 0.673449
1.74781 0.478596 0.474129
0.30921 0.871419 0.49443
0.405582 0.829113 1.02784
1.77244 0.656517 0.175773
0.604875 0.920415 0.10075
0.655392 0.992328 0.116758
1.34402 0.998988 0.186682
0.636951 0.977247 0.113005
0.580758 0.91068 0.0589458
1.32814 1.01581 0.197193
1.43245 0.98874 0.266788
0.530049 0.80424 0.219855
0.567696 0.86031 0.0756126
0.805098 0.133969 0.567615
0.835005 0.22349 0.249573
0.507948 0.708825 1.3189
0.409131 0.772386 1.2907
0.535335 0.686457 1.23389
0.528309 0.691971 1.31969
0.986922 1.15066 0.400221
0.399474 0.280338 1.25485
0.361698 0.183813 0.982155
0.407991 0.253954 0.963789
0.34575 0.72414 0.119086
1.36502 0.931944 0.857949
0.522225 0.45639 0.202091
0.400956 0.430194 0.0726489
0.800808 1.11176 0.654348
0.742179 0.890619 1.66447
0.430614 0.191093 0.140243
0.567618 0.754482 0.00256594
1.60149 0.316116 0.750663
1.42782 0.677019 0.0206909
1.56843 0.441042 0.0637896
0.886554 0.087819 0.725307
0.273316 0.213536 0.631587
0.284033 0.421335 0.392139
0.386007 0.802641 0.391998
1.77748 0.542037 0.159084
0.177246 0.521613 0.452463
0.640794 0.190403 0.0801996
0.674202 0.262028 0.920193
1.02107 0.190906 0.916887
1.23483 0.138207 0.809859
0.605367 0.196118 0.545292
0.493905 0.757368 1.1927
0.668997 0.195177 0.512649
1.61489 0.300393 0.554067
0.421335 0.179852 0.600891
0.550089 0.315453 1.00399
0.989265 0.071448 0.295788
0.677838 0.192459 0.538227
0.587253 0.231742 0.181106
0.64773 0.204316 0.127064
1.69588 0.57825 0.56052
1.65957 0.382884 0.629838
1.38349 0.943341 0.838836
0.121434 0.18466 0.944025
0.396792 0.177692 0.0431619
1.46759 0.305511 0.966432
1.12675 1.02109 0.786999
0.404805 0.82071 0.399987
1.31906 0.982836 0.779595
0.535437 0.325581 1.1314
0.945201 0.0208411 0.631803
0.878271 0.0759162 0.147759
1.58864 0.280799 0.721122
0.69096 0.768897 1.70633
1.58411 0.584142 0.937776
0.284472 0.884934 0.544062
0.271831 0.865452 0.526746
0.37629 1.4358 1.68577
0.333174 1.41895 1.71738
0.215233 0.845919 0.594669
1.28739 0.167276 0.0972099
0.985509 0.927516 1.65342
0.807498 0.744402 1.47185
0.932832 0.201977 0.896457
0.679008 0.972765 0.7836
0.845343 1.15323 0.468456
0.823242 0.935076 1.6934
1.15939 0.231469 0.0181897
0.147591 0.708834 1.28248
1.40003 0.694866 0.0188393
1.31272 0.260695 0.990642
0.595923 0.965043 0.80442
0.296758 0.115141 0.966525
0.799218 1.02639 0.319428
0.743172 1.00608 0.473268
0.53532 0.838101 0.32985
0.794664 1.00303 0.303597
0.0354045 0.47475 1.3295
0.108779 0.618597 0.56076
0.238058 1.10306 1.54308
0.748317 0.766308 1.63205
0.554094 0.594783 1.48545
0.827481 1.08803 0.362715
0.337968 0.0965031 1.03111
1.337 0.222372 0.0254616
0.76059 0.156537 0.0181714
0.801699 0.117063 0.019257
0.75027 1.06699 0.0876024
0.447999 0.250306 0.0128936
0.288266 0.875508 1.32918
0.786327 0.201225 0.20687
0.282453 1.35901 1.70754
0.283741 0.0740184 1.11186
0.0994317 0.272423 1.34564
0.504507 0.927561 0.917463
1.39604 0.760779 0.0479685
0.891696 0.861621 0.0643578
0.524634 0.84618 0.0611814
0.911424 0.900996 1.69147
0.594222 0.830445 0.214199
0.538461 0.82068 0.142112
0.589185 0.801762 1.10829
0.787299 0.90264 1.72138
0.38325 0.692277 1.44344
0.245031 0.794511 1.32148
0.417405 0.790806 0.106511
1.05281 0.764727 0.0665796
1.00189 0.744804 0.0645735
0.532548 0.925875 0.927276
0.90966 0.470892 0.0580875
0.733173 0.591288 0.00591537
1.60205 0.365091 0.118286
0.722217 1.00039 0.624828
1.49406 0.359355 0.0883596
0.588912 0.860403 0.112452
0.747327 0.924618 0.933609
0.619173 0.947349 0.568026
0.521127 0.758484 1.13956
0.551307 0.638298 1.23488
0.564426 0.620244 1.34967
0.903222 0.0498888 0.688818
0.984258 0.211126 0.947268
0.253346 1.29977 1.73961
0.37011 0.49536 1.47665
0.14284 0.598827 1.44266
0.497928 0.178046 0.138722
1.46969 0.32613 0.987981
0.414912 0.220132 0.869028
0.94008 0.0419964 0.476664
0.626739 0.213655 0.381444
0.341031 0.228652 1.37239
0.533175 0.319086 1.10957
0.545223 0.18584 0.132288
0.576045 0.205386 0.83052
1.45557 0.146765 0.644865
0.358569 1.42598 1.73172
0.38787 0.879426 1.41076
0.408036 0.61413 0.00275125
1.32506 0.0744879 0.455823
0.594249 0.195579 0.0207153
1.50679 0.604104 0.0220039
1.31646 0.956277 0.0504639
0.68652 0.839364 0.0477156
1.0935 1.08658 0.75408
0.793299 1.12798 0.599325
0.780762 1.11627 0.574224
0.683382 0.726846 1.1245
0.435246 0.898353 0.946323
0.315123 0.226917 0.834255
0.61569 0.681894 0.00293949
0.219635 0.241123 0.684192
0.180075 0.138541 1.28452
0.339189 1.40572 1.62771
0.968538 1.16054 0.417387
0.753177 0.240528 0.354576
0.926004 0.938394 1.8129
0.229549 0.934902 1.40911
0.289333 1.3214 1.64268
1.58328 0.552069 0.0455892
0.175578 0.758211 0.523422
1.3468 0.866709 1.00551
0.929736 0.311052 1.05678
0.918558 0.352875 1.07934
0.228092 1.28223 1.70356
0.954984 0.950079 1.7461
0.485046 0.84189 0.0460527
0.508041 0.848457 0.0395724
0.485694 0.77028 0.204827
0.56136 0.819057 0.225651
0.670095 0.922905 0.942345
0.221919 0.663564 0.429687
0.8826 0.897642 1.56214
0.492849 0.890466 0.98673
0.275645 0.446424 0.385719
0.392412 0.916059 1.45383
0.370233 0.798324 1.30454
0.352416 0.811752 1.12813
0.50103 0.760041 1.16318
1.14739 0.840333 0.0689817
0.383052 0.795912 1.22171
0.527403 0.322965 0.271151
1.02397 0.163076 0.814197
0.207904 1.14052 1.64972
1.28234 0.942669 0.872574
1.5738 0.833928 0.305079
0.879522 0.0316374 0.582171
1.48292 0.772176 0.11775
1.64571 0.434205 0.782928
1.68312 0.437601 0.541674
1.66564 0.392103 0.6012
1.48862 0.20422 0.323322
1.46538 0.259834 0.159454
1.65689 0.72396 0.426981
0.31776 0.786369 1.50202
1.14487 0.416454 1.16261
1.10333 0.316926 1.10503
1.85245 0.559092 0.269882
1.12362 0.301779 1.09208
1.36243 0.974463 0.79887
1.41812 0.815766 0.107178
1.81074 0.444363 0.44334
1.75153 0.410739 0.181945
1.50149 0.951513 0.450366
1.51904 0.93624 0.466311
0.738873 1.07069 0.0598725
0.628599 1.01213 0.0651366
0.978822 1.12045 0.728154
0.596694 0.96066 0.0644073
1.02586 1.10765 0.740355
0.61671 0.854022 0.155177
0.589707 0.957864 0.0378249
0.618972 0.936135 0.116989
0.149314 0.324954 1.4197
0.927051 1.08425 0.219589
0.844374 0.209828 0.269537
0.136779 0.268256 1.37707
1.62122 0.53349 0.876543
0.94779 1.17792 0.579063
1.24873 0.855036 1.06313
0.413658 0.748101 1.336
0.789195 0.994866 0.758724
0.438114 0.304671 1.37964
0.54225 0.467031 1.24726
0.85962 0.927432 1.79487
0.521406 0.503988 1.32103
0.474522 0.249519 1.06873
0.716826 0.808863 1.45576
0.526704 0.479502 0.180884
0.00644805 0.425631 1.11614
0.45609 0.382116 0.155264
0.125919 0.399105 0.875985
0.498894 0.549777 0.187279
0.497964 0.20293 0.493836
0.780729 0.909117 0.963033
0.118843 0.369393 0.939105
0.547578 0.816414 0.169415
0.300264 0.583041 0.0310713
0.443733 0.169446 0.120619
1.20934 0.0945228 0.768039
1.24897 0.91983 0.975492
1.2293 0.942474 0.937584
0.673863 0.203122 0.116531
1.09341 0.150673 0.810879
0.727263 0.186122 0.655647
0.755364 0.257322 0.274804
0.688674 0.206178 0.394542
0.805788 0.250207 0.326604
1.49132 0.91191 0.774645
0.631131 0.210625 0.147276
0.62319 0.234124 0.215165
0.567489 0.255574 0.216541
0.56307 0.269581 0.271493
0.132576 0.658356 0.528495
0.698013 0.833421 0.247448
0.0251409 0.342126 1.06372
0.745674 0.851154 0.225641
0.760437 0.8997 0.209848
0.0443835 0.3123 1.16996
0.354015 0.659985 0.331983
1.08211 0.0231281 0.674091
0.0482292 0.23414 1.16426
0.0474954 0.340686 1.18741
1.39181 1.00198 0.683994
0.243225 0.82548 1.52583
0.736713 0.108729 0.0502098
0.733929 0.205353 0.179197
0.472314 0.96468 0.632037
0.801486 0.100053 0.143644
0.656037 0.186088 0.609447
1.07091 0.676089 1.16098
1.00261 0.949626 1.65999
0.243639 0.388686 1.46684
0.0848238 0.13909 1.10528
1.1737 0.409434 0.0556563
1.45137 0.542736 0.0157328
0.431757 0.263912 0.42123
0.389805 1.39468 1.70331
0.547407 0.745134 1.59164
0.346821 0.571161 1.47284
1.34077 0.0921219 0.409497
1.34519 0.124298 0.723894
0.233142 0.53676 1.47512
0.147568 0.66126 0.503883
1.17721 1.112 0.438195
0.83769 1.13042 0.425892
1.07054 0.0398682 0.730746
0.212356 1.1568 1.59706
0.32715 1.01636 1.36437
1.20483 0.0715296 0.224239
1.59678 0.706578 0.0817761
0.742641 1.04703 0.57099
1.07209 0.95868 0.00735369
0.436527 0.822495 0.0182939
0.117337 0.58602 1.43358
0.767385 0.930735 0.309357
0.454893 0.634569 0.226129
0.491649 0.15699 0.11285
0.635214 0.95577 0.591372
0.447087 0.221092 0.0134609
1.26024 0.203539 0.0170514
0.971397 0.214668 0.0325752
0.750294 0.953517 0.404619
0.682287 0.980946 0.647727
0.486897 0.299824 0.188491
0.8382 1.04726 0.0222951
0.268181 0.0685314 1.02478
0.83523 0.205984 0.225397
0.317361 1.35777 1.5561
0.0752988 0.257346 1.29601
0.947457 0.689049 0.0608007
0.86877 0.814359 0.0622233
0.655551 0.702726 0.00674253
0.647922 0.848025 0.305961
0.483036 0.824112 0.0924141
0.361338 0.929406 1.36078
0.812316 0.618366 0.056715
1.45076 0.629493 0.0164206
0.63876 0.884931 1.00169
0.350115 0.80016 1.28532
0.909825 0.373347 0.0611214
0.714729 0.820836 1.05587
0.396561 1.04869 1.48535
0.371157 1.11873 1.59708
1.61525 0.776592 0.336813
1.62314 0.362151 0.762579
0.836592 0.486078 1.10444
0.552546 0.251969 0.925017
1.8146 0.397182 0.318372
0.332073 0.334581 1.45457
0.634038 0.950343 0.130452
1.00451 0.0134295 0.605043
0.232815 0.998733 1.60887
0.407124 0.791079 1.21098
0.502038 0.724449 1.24019
0.938646 0.943578 1.60435
1.29405 0.135051 0.812067
0.320745 1.30861 1.7309
0.396498 0.263104 1.31021
0.498489 0.203707 0.15919
0.771033 1.06692 0.642489
0.42366 0.217631 0.477606
0.833553 0.911322 1.59182
0.562518 0.229475 0.428739
0.707898 0.214432 0.165829
1.85567 0.476526 0.310038
0.316224 0.247962 0.883968
0.689718 0.232458 0.272365
0.916317 0.994056 1.72626
0.513627 0.62376 1.53175
0.449481 0.618972 1.49723
0.925269 0.155255 0.0170467
0.360492 1.34752 1.72056
0.357198 0.963696 1.36597
1.77265 0.371199 0.255404
1.07611 0.891324 0.0487476
0.542676 0.175099 0.578307
0.406734 0.347223 0.0110958
0.803763 0.152584 0.544734
0.758445 0.318756 1.00076
1.3441 0.185244 0.0649239
0.768078 1.10309 0.551091
0.869808 1.04428 0.747879
1.0671 0.260756 1.04806
0.186213 0.204028 0.920061
1.37081 0.193703 0.141772
1.04321 0.672687 1.15678
0.769251 0.226685 0.212145
0.823992 0.290426 0.0646665
0.0627834 0.386976 1.26885
0.100235 0.154582 1.21452
0.810135 0.264945 0.0627627
0.949122 0.428121 0.0599694
0.270494 0.647004 0.374427
0.449223 0.597654 0.288931
0.552465 0.814263 0.198769
0.404187 0.597282 0.30549
0.285238 0.996744 1.36265
0.355773 0.680124 1.45423
1.50562 0.957189 0.508059
0.371268 0.796731 0.0596913
1.65387 0.372354 0.513441
1.62975 0.831033 0.626274
0.779895 0.598164 1.11192
1.43101 0.937338 0.174961
1.08799 0.00750168 0.546963
1.81505 0.591966 0.201666
0.44706 0.656556 0.215353
0.417228 0.2129 1.12342
0.317601 0.22136 1.37856
0.678876 0.542763 1.13653
0.86907 0.122799 0.420879
0.518667 0.692832 1.29139
0.982074 0.0541323 0.341016
0.412683 0.720594 0.155242
0.479847 0.769824 0.280784
1.32653 0.104816 0.718779
0.639642 0.228796 0.191671
0.729453 0.199016 0.580227
1.66036 0.487944 0.770136
1.27654 0.178712 0.867075
1.64861 0.775359 0.567024
0.981033 0.869832 0.0664491
0.291362 0.217987 0.579855
0.444474 0.148138 0.0750003
0.732009 0.932865 0.183732
1.49424 0.91041 0.247198
1.02716 0.224144 0.987312
0.832281 0.0570801 0.0556308
1.20029 0.211529 0.0158146
0.906135 0.961611 1.81143
1.02375 0.975993 0.892233
0.372921 1.42955 1.61329
0.394536 1.3569 1.61296
1.73361 0.483651 0.131808
0.17136 0.794283 0.79878
0.78108 0.822879 0.0614094
0.188836 0.746355 0.932487
0.386205 0.862314 1.3886
0.483915 0.72597 1.50371
0.729384 0.715596 1.43637
0.420891 0.3903 0.130691
0.974307 1.02361 0.051486
0.963732 0.788574 1.08417
0.204698 0.935556 1.52921
0.252959 1.17549 1.56997
1.38111 0.251704 0.0392769
1.3613 1.03258 0.649392
0.606189 0.61149 1.16291
1.60589 0.739842 0.845604
0.605322 0.952929 0.0898083
0.365232 0.407835 0.352968
0.0751845 0.433647 0.767463
0.276384 0.675213 0.379731
0.083937 0.553242 0.927054
0.780963 0.287721 0.967548
0.24641 0.800805 1.17273
0.0605859 0.534558 0.766632
0.419484 0.180013 0.115514
0.728166 0.154461 0.132631
1.35791 0.822264 1.04135
0.304623 1.13564 1.66166
0.939501 0.25258 0.992577
0.390606 0.51534 1.47506
0.0710937 0.603345 0.951645
0.936237 0.828912 1.55228
0.389973 0.677952 0.00138393
0.153682 0.735177 1.22806
0.966906 0.909534 1.64383
1.75475 0.482919 0.147579
0.101182 0.333864 1.39197
0.0317004 0.390156 1.1761
0.810987 1.14401 0.546576
0.844671 0.457545 1.09619
0.510003 0.404619 0.273582
1.29795 0.86355 1.03836
1.09911 0.911445 0.988041
0.880362 0.947028 1.80576
0.936963 0.334206 1.07578
0.428274 0.294083 0.168451
0.439434 0.949506 0.771513
0.319305 0.762297 1.4878
0.985263 0.919392 0.964302
0.747639 0.751782 1.65607
0.761316 0.757065 1.5684
0.171109 0.305757 0.788499
1.07145 0.80925 1.10659
1.23793 0.213081 0.897786
0.205273 0.909516 1.48811
0.102704 0.657714 1.2795
0.846252 0.754281 1.49363
1.11097 0.168268 0.82047
1.10785 0.339234 1.12307
0.0731124 0.503616 0.937206
0.871062 0.231812 0.936096
1.02057 1.12551 0.323247
0.771582 1.02902 0.408732
0.87945 0.865134 1.01533
0.164277 0.800796 0.67353
0.258786 0.92184 1.36039
1.405 0.293879 0.0474192
0.710241 0.87972 1.58182
1.05442 0.00804594 0.50262
0.429117 0.328827 0.0118453
0.769557 0.893421 0.0622353
1.62217 0.433407 0.0880491
0.651999 0.253772 0.014395
0.985284 0.37323 1.11845
0.910896 0.551376 0.0580626
1.26799 0.970503 0.0347358
0.724491 0.923778 0.0238497
0.858732 1.04984 0.0370686
0.673029 0.816441 0.0420441
0.709845 0.848709 0.0579309
1.24142 0.812643 1.09377
0.161065 0.712113 1.33079
0.85785 0.711552 0.0596466
0.788508 0.791604 1.06444
0.83139 0.666897 0.0591864
0.809031 0.803841 1.05733
0.693657 0.621348 0.00400443
0.0138004 0.408051 1.04001
1.10483 0.854229 0.0681054
0.0868248 0.407748 0.771498
1.12401 1.12423 0.687768
0.829548 0.373257 0.0585921
1.22969 0.761037 1.13205
0.672975 0.338901 0.0116599
0.968127 0.555393 0.0593766
0.477825 0.481566 1.44923
1.37761 0.197765 0.866937
0.282939 1.23268 1.43439
0.342132 0.239565 0.881592
0.349239 0.472599 1.47811
0.558561 0.607515 1.51295
1.18339 0.384051 0.0641277
1.37676 0.49641 0.0324471
1.33321 0.615081 0.0257803
1.36983 0.200719 0.0658371
0.391185 1.33804 1.59189
0.922437 0.753789 0.0623484
1.60624 0.415866 0.0879201
1.42333 0.362184 0.0449259
0.567321 0.585405 0.0286054
1.41241 0.380082 0.034209
0.387363 0.789474 1.37433
0.381783 1.18689 1.49925
0.352014 0.849498 1.50601
0.309015 1.16259 1.6668
0.501279 0.545172 0.269338
0.389658 0.985848 1.43176
0.399567 0.8997 0.909162
0.160283 0.797091 0.748338
1.63651 0.760599 0.391203
0.931896 0.757566 1.09797
0.0977709 0.466605 1.43817
0.87534 0.0860382 0.470376
0.432315 0.560619 1.47274
1.44927 0.422817 1.06738
0.0897267 0.400725 0.695256
1.30013 0.980076 0.796959
0.42546 0.375837 1.45683
0.301926 1.34376 1.76124
1.48377 0.445386 1.04598
0.932664 0.0955374 0.151139
0.893559 0.0688557 0.0434481
0.321189 0.282597 1.43187
0.584262 0.763173 1.40665
0.963369 0.0930498 0.264911
0.961002 0.712998 1.12574
1.23496 0.17341 0.850212
1.19459 0.147239 0.133406
0.386136 1.3449 1.66911
0.849984 0.109305 0.178658
1.39039 0.20598 0.0897087
1.02812 0.0458664 0.314448
1.20161 1.11162 0.606633
0.118367 0.721137 0.800103
0.357807 1.29581 1.68358
1.30888 0.0570939 0.500829
1.18005 0.0302403 0.394488
0.204746 0.292068 0.840753
0.0492447 0.544074 1.37542
0.236446 0.280409 0.535488
0.0829812 0.707106 1.08433
0.997569 0.0378402 0.72174
0.105791 0.662448 0.846837
0.618135 0.82548 1.52198
1.10975 1.1019 0.291977
0.3225 0.914907 1.33803
1.20482 0.036576 0.405603
0.575994 0.743529 1.38075
0.135599 0.698517 0.892485
1.41975 0.18212 0.814002
1.52144 0.850269 0.870942
0.217051 0.247592 0.716922
1.62939 0.4437 0.827607
0.393657 0.489243 0.012274
1.10327 1.06368 0.767559
1.31801 1.0564 0.668172
0.313596 1.00254 1.61455
1.06504 1.12015 0.721659
0.993051 1.17178 0.602958
0.495561 0.164216 0.600333
1.01667 0.0490029 0.740499
0.0550212 0.262073 1.19949
0.821688 0.990606 0.81798
1.45272 0.240976 0.200045
0.851124 1.10639 0.710157
0.313716 1.29723 1.45253
0.463551 0.230288 0.891288
0.674127 0.242879 0.877509
1.40663 0.144148 0.404832
0.358323 0.786027 0.0132711
0.144701 0.684915 0.524511
1.06869 0.122891 0.0545301
1.19706 0.198947 0.873822
1.41289 0.832248 1.00021
1.5946 0.279408 0.686997
0.941394 0.287762 1.04234
0.0442977 0.492438 1.22642
0.599577 0.358551 1.04078
0.708054 0.357249 1.04999
0.558696 0.586152 1.38818
0.0781911 0.157056 0.995928
0.805134 0.436779 1.07693
1.12597 0.392235 1.15311
0.855 0.872367 1.81078
1.42858 0.722622 1.06446
0.890574 0.882018 1.67248
0.373605 1.01689 1.39804
0.749232 0.268606 0.936702
0.00512481 0.455178 1.04437
0.375492 0.792657 1.42986
0.511242 0.302739 0.201333
0.585828 0.416865 1.12664
0.37992 0.826209 0.412308
0.619833 0.628317 1.41909
0.985812 0.759309 1.11402
0.0461943 0.440538 0.975558
0.449118 0.869139 0.427536
1.53121 0.24192 0.292847
0.271354 0.789969 0.452199
0.454056 0.367419 0.346269
0.345759 0.908748 0.775452
0.519216 0.15707 0.0990324
0.262876 0.594156 0.369921
1.34086 0.767556 0.0170287
0.404205 0.482757 0.312729
1.63356 0.334644 0.518919
1.36783 0.119115 0.672543
0.33459 0.695682 1.45932
0.762948 0.617007 1.11494
1.1789 0.91866 1.00188
1.30848 0.0848361 0.703452
1.38555 0.0927093 0.558819
1.5476 0.835233 0.858672
1.61516 0.305826 0.647337
0.495891 0.566001 0.255585
1.50424 0.751272 0.989631
1.44935 0.642936 1.07428
0.427674 0.57507 0.153063
0.536805 0.315792 1.0224
1.1835 1.11458 0.624723
0.547587 0.600639 1.27809
0.824031 0.266196 0.951453
1.66633 0.711891 0.405678
0.554463 0.595356 1.24899
1.53174 0.696963 0.989688
1.39029 0.952695 0.156909
0.852276 1.04785 0.22866
0.414165 0.293805 1.27758
0.511596 0.496836 1.35115
1.07761 0.159578 0.0176065
1.28002 1.01374 0.75231
0.928335 0.615126 1.13922
1.519 0.451986 1.01267
0.544488 0.866838 1.03801
0.455067 0.33147 1.39416
0.428349 0.844968 1.01959
0.999501 0.329346 1.09691
0.939696 0.0305382 0.525663
0.806064 1.06106 0.0579576
0.139593 0.744726 0.590031
1.07689 0.00958425 0.461295
0.246618 0.465873 0.404952
1.00612 0.024111 0.490791
1.03185 0.0368577 0.391647
1.54211 0.230314 0.435183
1.03082 0.825825 1.08259
1.49078 0.675855 1.0333
0.829989 0.208415 0.39123
0.179333 0.325773 0.870405
0.809733 0.183278 0.488865
0.828459 0.845601 1.03059
0.286449 1.25303 1.44837
1.40867 0.22988 0.0827922
1.53522 0.595719 1.0031
0.122446 0.730776 1.17115
0.81555 0.230248 0.902457
0.279832 0.437538 1.47741
1.34192 0.112169 0.330312
0.820545 0.223155 0.0397281
0.233074 0.951711 1.46119
1.50326 0.203379 0.469884
1.29607 0.170012 0.153111
1.41966 0.334467 1.03947
1.51932 0.397605 0.993687
1.58115 0.639408 0.938769
1.566 0.625605 0.96063
1.46015 0.37695 1.03656
0.393513 0.519963 0.097119
1.28197 0.841275 0.0127411
1.08204 0.596814 1.17264
1.43056 0.771501 1.03605
1.57365 0.462846 0.943938
1.47004 0.978774 0.566133
0.644097 0.839409 0.228754
1.20579 0.920814 0.00949533
0.0905862 0.596424 1.32109
1.43892 0.993411 0.405219
1.44181 0.962862 0.215218
0.920073 0.882474 1.63858
1.1417 1.05482 0.165436
0.240759 0.785049 1.26945
0.727686 0.729717 1.55315
0.354603 0.173363 0.626964
0.679893 0.969903 0.607053
1.65917 0.596718 0.800154
1.69165 0.567375 0.609786
1.29534 1.02598 0.732288
0.360096 0.450912 0.335964
1.32677 0.989601 0.758121
1.78115 0.612921 0.469824
0.432174 0.738315 0.158485
1.54098 0.217465 0.513063
0.358914 0.883491 0.887313
0.349233 0.231878 0.499578
0.974205 1.17567 0.578136
0.917988 0.455643 1.12565
0.20289 0.648741 0.444876
1.63535 0.357108 0.39405
0.323835 0.909753 0.548979
0.218496 1.09349 1.64089
0.579042 0.758436 1.62261
0.16794 0.747336 0.993984
0.381864 0.812841 1.06424
0.4857 0.644181 0.00193281
0.532698 0.516516 0.0160211
0.462978 0.90654 0.470709
0.429087 0.923394 0.503805
0.153985 0.207034 1.33833
0.547146 0.969636 0.794034
0.447822 0.784914 1.14563
0.373014 0.793206 1.27579
0.287265 0.805179 1.20122
0.601428 0.659502 1.1548
0.298214 0.685722 0.368298
0.183261 0.778089 1.09818
0.250649 0.122137 1.26691
0.127592 0.476529 0.536088
0.0593967 0.300915 1.25934
0.223425 0.146241 1.30801
0.660246 0.835452 1.49685
0.178487 0.315147 1.42747
1.76421 0.637881 0.459582
0.168862 0.743772 1.2505
0.733725 1.01429 0.605844
0.586095 0.92187 0.927102
1.63874 0.341247 0.615357
0.638073 0.656931 0.00267234
0.692133 0.655044 0.00548316
0.236156 0.0695922 1.12348
0.148176 0.741462 1.01086
0.199873 1.03879 1.55739
0.953604 0.873852 1.60885
0.0978804 0.444393 0.852378
0.0197696 0.581073 1.06529
0.0377664 0.615246 1.12297
0.532485 0.914028 0.951504
0.894789 0.874122 1.64611
0.908796 0.962658 0.905229
1.10935 0.961839 0.917367
0.562266 0.950121 0.569286
0.861471 0.145493 0.742827
0.538653 0.946848 0.556467
0.618627 0.966987 0.6438
0.636801 0.858471 0.335028
0.39567 1.11285 1.51692
0.861687 0.881214 1.54332
0.109066 0.587046 0.554151
0.158856 0.206671 0.926013
1.11038 0.894495 1.01233
1.65431 0.752319 0.467997
0.651777 0.248317 0.903312
0.581694 0.645543 1.35343
0.934512 0.302637 0.06651
1.23534 0.956622 0.84846
0.290637 1.27169 1.54628
0.739146 0.473625 0.00832137
0.281531 1.27095 1.59486
1.12685 0.911133 0.999507
1.39266 0.843204 0.084705
0.802023 0.118727 0.167512
0.531192 0.933615 0.902796
0.860319 0.799773 1.06505
0.874917 0.815604 1.05793
0.571065 0.501735 1.21293
0.561927 0.676137 1.18695
0.283957 1.23753 1.70932
1.54993 0.91986 0.656595
0.933123 0.709866 1.11827
0.780138 0.702039 1.09585
0.114717 0.671928 0.595575
0.280498 0.0945915 0.980043
0.311385 0.100487 1.13667
1.56098 0.231079 0.64626
0.120585 0.235352 0.931668
0.149845 0.317838 0.74934
0.10243 0.669255 0.821337
0.995199 0.122375 0.0230359
0.0719748 0.581598 0.816759
0.969552 0.893457 0.0602586
0.318684 0.0794514 1.04109
1.43075 0.162959 0.380724
0.00287323 0.498744 1.07775
1.48826 0.954318 0.676731
0.84324 0.620805 1.11604
1.26253 1.06597 0.313656
1.20443 0.475794 1.17632
0.0443208 0.509085 1.28316
0.0874014 0.528909 1.43214
0.270495 0.89475 1.34348
0.0492234 0.349731 0.992109
1.35195 1.04209 0.340179
0.0952008 0.371826 0.956169
0.0302046 0.556056 0.982503
1.40802 0.763191 1.05628
0.191538 0.715617 0.48012
1.18392 0.739353 1.14574
1.10928 0.61089 0.0504408
0.0500061 0.415596 1.38228
0.0209408 0.296528 1.03617
0.0325668 0.487389 1.19824
1.02428 0.809727 0.0668577
1.06867 1.03071 0.128291
0.455139 0.94686 0.796983
0.610959 0.51588 1.15229
0.306492 0.895884 0.535767
0.0276312 0.594288 1.11502
0.702159 0.184253 0.639873
1.52763 0.198802 0.643029
1.46383 0.167719 0.494997
1.07217 1.07916 0.201249
1.22537 1.00352 0.124895
1.37902 0.455937 0.0201647
0.874938 0.161774 0.316959
0.655695 0.48882 1.12475
0.274399 0.806115 0.964809
1.16278 0.859179 0.0617232
0.385623 0.923055 0.767751
1.28155 0.97203 0.817581
0.802671 0.131625 0.618948
0.0727254 0.602697 0.801735
0.897336 0.442194 1.11228
0.298366 1.30048 1.50046
1.24995 0.774486 1.11979
0.84573 0.405951 1.07663
1.39218 0.0971232 0.533424
1.43152 0.74877 1.0496
1.03496 0.74124 1.13552
0.854727 0.597117 1.12111
0.920058 0.50709 1.13779
0.89001 0.466215 1.11763
0.289139 0.695274 1.47653
0.672558 0.184909 0.685275
1.20824 0.586263 1.18129
1.25615 0.199356 0.880653
1.42982 0.810042 1.00598
1.30533 0.987969 0.103081
1.23585 0.988425 0.06807
1.37011 0.950781 0.104055
0.796809 0.573996 0.0422664
1.22842 0.617982 0.018789
0.831786 0.437811 1.08442
0.33864 0.78225 1.48001
0.704259 0.175824 0.726567
0.157691 0.733191 0.898281
1.71195 0.352782 0.202524
1.00062 0.174767 0.821523
1.23711 0.712287 1.15411
0.23669 0.229004 0.702735
0.911118 1.06991 0.201854
0.92094 1.05955 0.175503
0.649695 0.388788 0.00985485
1.13092 1.12346 0.445047
1.22155 0.902217 1.01333
0.624141 0.829944 1.57546
0.387372 0.933024 0.721734
0.918918 0.325353 0.0645933
0.97122 0.171894 0.0173495
0.222639 0.118504 1.26776
1.12421 1.10774 0.314928
0.394218 0.331167 1.44965
0.164689 0.0850629 1.18891
0.446463 0.313191 0.17425
0.751728 1.07502 0.555528
1.28198 1.05147 0.233711
0.233325 0.943392 1.434
1.7176 0.389463 0.413067
0.0967437 0.494121 0.900987
0.379566 0.817347 1.0367
1.65735 0.327327 0.186673
0.737766 0.865731 0.321918
0.506988 0.383241 0.215289
0.859929 1.1626 0.614664
1.11083 0.775734 1.12542
1.01149 0.255437 1.03072
0.472794 0.321255 0.183185
0.660519 0.793641 0.031128
1.06874 1.13238 0.698244
0.929871 0.481083 1.13664
0.616569 0.732732 0.00460347
0.638478 0.792444 0.0123227
0.904521 1.16161 0.650994
1.69189 0.643995 0.528354
0.398898 0.656019 0.317673
1.38149 1.03087 0.298412
1.47957 0.618639 0.0188235
0.368835 0.558414 0.115553
0.845925 1.1238 0.689142
1.50433 0.659655 0.0323556
0.871149 0.0580476 0.526866
1.54322 0.716451 0.0694422
0.961143 1.10135 0.742977
0.0568041 0.542232 1.25072
1.58393 0.728532 0.092289
0.48951 0.428151 1.42489
0.458742 0.591111 0.185421
0.0984144 0.495249 0.596064
0.304389 0.235843 1.39793
0.11898 0.39129 1.43158
0.463932 0.350616 1.41721
0.347118 0.272827 0.0316353
0.242884 1.30403 1.69297
0.547173 0.369111 1.18003
0.360216 0.592419 1.47014
0.375288 1.30747 1.52362
0.759441 1.07348 0.501765
0.523761 0.67782 1.57293
0.77259 1.08724 0.483594
1.22897 0.0846207 0.214299
0.481914 0.695562 1.53671
0.337845 0.85563 1.52488
1.46463 0.233876 0.228683
0.997173 0.0556101 0.318246
1.11387 0.0466707 0.316155
1.17167 0.799671 0.0699501
0.738615 0.652374 0.031803
1.54636 0.803814 0.895131
0.877824 0.647547 1.12154
0.956358 0.104974 0.235347
0.400071 0.218454 0.486582
0.242519 0.242801 0.596721
1.07812 1.06699 0.767376
0.879378 1.02184 0.758685
0.387312 0.802617 0.0159949
0.416313 0.21237 0.0143642
0.719226 0.992739 0.594387
0.945612 0.989367 0.824193
0.43752 0.221198 1.1038
0.598914 0.196321 0.515787
0.780735 0.180777 0.790239
0.546099 0.274769 0.220884
0.72819 0.192653 0.629703
0.614919 0.226008 0.322158
0.575016 0.252985 0.346227
0.956082 0.0668235 0.344511
0.297524 0.922023 1.58649
1.0803 0.331221 1.11491
0.828135 0.733761 1.49496
1.4091 0.91038 0.866229
1.06663 0.530748 1.17149
1.75377 0.353316 0.26531
0.558606 0.33378 1.02995
0.193832 0.0775413 1.19081
0.701718 0.288822 0.956532
0.218694 0.425499 0.441858
0.251561 0.351975 0.446862
0.207932 0.309501 0.536046
1.31536 0.0860844 0.37032
0.214346 0.959127 1.56799
0.186131 0.662007 0.463713
0.221207 0.86223 0.616158
0.417291 0.676857 0.316086
0.342201 0.765138 0.383352
0.382302 0.714699 0.335736
0.484476 0.802083 0.347922
0.718944 0.447288 1.10281
0.278972 0.649608 1.4705
0.653757 0.518802 1.13389
1.06729 0.110167 0.178575
1.43338 0.668784 1.08
1.04018 0.254008 1.03458
0.272757 1.18881 1.46885
0.0352308 0.362016 1.16935
0.231125 0.621894 0.404577
1.02268 0.0328065 0.714519
0.584385 0.804906 1.54071
0.369615 0.239954 1.33497
0.4371 0.304653 1.40305
1.1334 0.861615 0.0648477
0.564261 0.364914 1.10564
0.539031 0.573588 1.34506
0.603108 0.45882 1.12968
1.55375 0.416154 0.959445
0.620931 0.448215 1.10785
0.231487 0.297926 0.518559
0.664923 0.43866 1.10477
1.23859 0.325839 1.1088
0.348525 0.630642 0.328536
0.796683 0.245651 0.915972
0.168313 0.406944 1.45499
0.941433 0.100618 0.260074
0.846897 0.0938496 0.512163
1.80805 0.419409 0.423177
1.6397 0.626064 0.844047
1.44652 0.51051 1.0839
0.954207 0.484797 1.14464
1.5941 0.338124 0.802362
1.07967 0.485826 1.17064
1.69706 0.463401 0.468717
0.572811 0.646086 1.18781
1.04497 0.408255 1.15118
1.47533 0.790047 0.139295
0.197032 0.0966432 1.01318
1.41271 0.932124 0.15894
1.62678 0.767448 0.36255
0.786876 0.374082 1.04605
1.00294 0.502281 1.1596
1.33203 0.722397 1.11957
0.594561 0.374328 1.0591
0.354579 0.882528 1.33925
0.222718 1.02656 1.51791
0.898824 1.04675 0.162243
1.38112 0.972576 0.178019
0.283739 0.253639 0.872946
1.6592 0.41385 0.114868
1.63599 0.799242 0.569886
1.68206 0.660261 0.696213
0.279474 0.903894 0.617766
0.504291 0.844335 1.0513
0.795924 0.761328 1.07759
0.285996 0.808068 1.29952
0.531789 0.749976 1.56296
0.127801 0.72321 1.00289
1.32375 0.285956 1.03452
1.04584 0.507618 0.0607209
0.148096 0.766245 0.602748
0.433611 0.806502 0.0909132
0.152278 0.316503 0.708945
1.30238 1.00534 0.149432
1.15632 0.988755 0.025834
1.41848 0.256618 0.0740889
0.731928 0.800667 1.06644
0.88179 1.05133 0.0877638
0.373326 0.661548 0.00177335
0.479088 0.61281 0.00157958
0.522363 0.827187 1.07504
0.608973 0.68571 1.14664
0.891003 0.183912 0.838242
0.675135 0.813513 1.08524
1.30467 1.06872 0.651267
0.114396 0.366927 0.780627
0.167791 0.320112 0.817473
0.153121 0.363144 0.89571
0.135776 0.748887 1.05198
0.0874506 0.263713 1.32304
0.265929 0.849609 0.856569
0.308925 0.0982512 0.988389
0.0576348 0.21166 0.97422
0.0409449 0.392604 1.00075
0.258567 1.33334 1.70986
0.295735 1.28734 1.52335
0.692157 0.443793 1.10672
0.744624 0.453063 1.09785
1.84574 0.439788 0.341556
0.574356 0.369771 1.07602
1.47729 0.956403 0.373932
0.982896 1.05578 0.155152
0.199896 0.755814 1.32577
1.36501 1.04149 0.557886
1.49036 0.959412 0.576054
1.49975 0.960513 0.532311
0.587085 0.707886 1.14604
1.69565 0.616698 0.517812
0.387801 0.217391 0.118187
0.343224 0.649044 0.144068
0.244209 0.0666534 1.04258
0.982521 0.659172 1.14663
0.0492918 0.635262 1.1321
0.698847 0.648024 1.13416
0.865974 0.761286 0.0609213
0.667185 0.68778 1.55771
0.0993978 0.674796 0.616758
0.784917 0.168192 0.595008
0.129492 0.769059 0.697746
0.834549 0.820542 1.60586
0.167686 0.300651 0.758256
0.5388 0.642732 0.00221068
1.2633 1.09376 0.549312
0.760815 0.962523 0.378807
0.868662 0.871179 1.6882
0.788496 0.971136 0.229173
0.803619 1.00913 0.275743
0.348414 0.52341 0.0284833
0.320475 0.943845 1.34475
1.42945 1.0022 0.618543
0.4419 0.675624 0.200892
0.857184 0.128078 0.0177359
1.02915 1.13662 0.386664
1.29674 0.622974 1.16051
0.402396 0.333654 0.147821
0.904719 0.829386 1.51574
0.202222 1.16921 1.64181
0.599445 0.43443 1.11533
1.21589 0.989184 0.047019
1.24906 0.618516 1.17365
0.56679 0.768258 1.59939
1.03115 0.359262 1.12349
0.370422 0.316932 0.397857
0.101938 0.12402 1.09221
0.835623 0.938703 0.0312336
0.680355 0.900528 0.0134614
0.267888 0.405813 1.47288
0.301728 1.31462 1.57278
0.104358 0.120362 1.12204
1.34146 0.847497 1.0297
1.21678 0.810564 0.0581358
1.17074 0.701124 0.0346761
1.62986 0.323496 0.571218
1.10364 0.663342 0.0631407
1.06142 0.687183 0.0643803
1.14424 0.756714 0.068979
0.829107 0.719928 0.0598398
0.761727 0.640308 0.043161
0.262966 0.72954 1.4867
0.824769 0.836715 1.67963
1.03906 1.01204 0.0470736
0.309846 0.139957 0.95805
0.653343 0.849816 1.05582
0.319344 0.576906 0.0152663
0.930051 0.352005 0.062961
0.846927 0.335061 0.0617478
0.837609 0.446892 0.0554331
0.0807735 0.292292 1.33312
0.796653 0.858369 1.51223
0.74685 0.52182 0.00620982
0.765516 0.705006 1.47417
1.50598 0.858555 0.21605
0.685956 0.512172 0.0280763
1.29219 0.526851 1.16402
0.940059 0.5385 0.0585897
1.82798 0.437022 0.417993
0.53436 0.706074 1.21139
1.36113 0.291634 0.0225755
1.55255 0.423798 0.0652884
1.28046 0.591189 0.0172187
0.753627 0.138232 0.144538
1.32023 0.921933 0.90612
0.210493 0.15888 0.935898
1.29643 0.451644 0.0165271
0.795645 0.836976 1.03375
0.759645 0.804192 1.05603
0.352059 0.817464 1.31092
1.26466 0.54756 0.0138006
1.18664 0.58233 0.0090465
0.456195 0.246553 0.434637
0.894384 0.065472 0.47502
1.1275 0.464451 0.0530121
0.465348 0.77643 0.00036159
0.6546 0.674091 1.61969
0.467706 0.196289 0.0145124
0.570957 0.596802 1.46294
0.640425 0.566079 0.0317007
0.12513 0.473172 1.44998
1.25984 0.114325 0.190493
0.866976 0.178349 0.253546
0.354102 0.155266 0.9888
0.361554 0.764943 1.44408
0.373674 1.26246 1.50985
0.34014 1.00104 1.59547
0.389823 0.732471 0.138733
0.555459 0.457182 1.2217
0.255991 1.3294 1.73647
1.43717 0.989337 0.377892
0.49194 0.410019 0.00702
0.388221 1.22109 1.56693
0.838887 1.15543 0.494157
0.383877 1.29929 1.54951
0.865311 0.878703 0.0641811
0.359913 1.21269 1.46213
0.697314 1.02736 0.0029794
1.35917 0.566268 0.0269811
1.27506 0.858513 1.05326
0.461556 0.559683 1.4712
1.29916 0.425634 0.0152508
0.343113 0.346494 0.0592674
0.97383 0.501129 1.15229
1.76718 0.435951 0.178508
0.422529 0.217988 0.154426
0.121232 0.445767 1.44557
0.0707649 0.404562 1.40286
1.33128 0.195496 0.0374085
0.0572655 0.156476 1.06243
0.315648 1.28333 1.71688
0.339759 1.20307 1.65698
0.475449 0.960831 0.576624
0.59571 0.715497 1.63657
0.277925 0.324402 1.45029
0.282434 0.10428 1.1868
1.00033 0.103852 0.0479967
1.02079 1.15713 0.470298
1.05131 0.124964 0.164512
1.38655 0.620151 1.11931
0.268172 0.80913 1.52922
0.870243 0.802911 1.496
1.07386 1.15924 0.600915
0.239276 0.689421 1.46585
0.466581 0.960339 0.769443
1.12702 0.497838 1.17698
1.3324 0.120962 0.2683
1.04963 0.117806 0.0700611
0.0534636 0.464496 1.40552
0.804459 0.682917 1.10024
1.45001 0.175099 0.402408
0.914802 0.0714384 0.0634314
1.13169 0.0818766 0.19748
0.937629 0.92307 0.966333
1.24134 0.474939 0.0154875
1.31778 0.222056 0.914112
0.370368 0.603579 0.146198
1.31929 0.0619884 0.56187
1.23587 0.845286 0.0364806
1.28072 0.456174 1.16018
0.214793 0.725115 1.44856
1.40755 0.514062 1.11067
1.38297 0.111894 0.437907
0.774063 0.36066 0.050217
0.879621 0.897999 0.985251
1.17425 0.0533667 0.295045
1.1795 0.0618915 0.266413
1.41741 0.379842 1.07206
0.365007 0.395397 0.0596991
1.31694 0.496305 0.0209369
0.396486 0.800841 1.1629
0.0975207 0.614922 0.870321
0.64476 0.636186 1.14635
1.67583 0.714303 0.663504
1.46242 0.979341 0.416424
1.44596 0.413325 0.0381504
1.33092 0.911259 0.928785
0.706764 0.592392 0.00539154
1.16516 0.172922 0.0202819
0.445551 0.548739 0.145814
1.01246 1.04164 0.779415
0.258384 0.0927573 1.19402
0.11314 0.133974 1.20653
0.921603 1.17701 0.580308
1.3054 0.656157 0.0225031
0.352617 0.277658 0.439416
1.25995 1.05805 0.719676
0.828411 0.601425 1.11458
0.345819 0.831081 0.985488
0.239502 1.16166 1.68046
0.525447 0.167684 0.60075
1.2713 1.08762 0.499275
0.175715 0.0930327 1.21415
1.05254 0.320685 1.10237
0.44925 0.188731 0.789288
1.49354 0.497895 1.04313
1.04089 1.12661 0.71613
0.812409 0.138431 0.677445
1.01894 1.14815 0.672531
0.666831 0.233027 0.234879
0.816927 0.625824 1.11063
0.915726 0.937752 0.94518
0.211296 0.859947 1.46159
1.14066 1.13617 0.617223
0.043224 0.448119 1.38415
0.439053 0.2376 0.899592
0.748167 0.209752 0.529068
0.657204 0.68943 1.13872
1.67243 0.394125 0.415314
0.0492774 0.53175 1.33014
0.514893 0.173376 0.575247
1.31093 0.247417 0.964659
0.392424 0.177794 0.598797
0.710007 0.236695 0.28521
0.711366 0.213917 0.376296
0.666903 0.20422 0.41262
1.07736 0.176803 0.868452
1.15195 0.549405 0.0143778
1.16837 0.285414 1.07159
1.15829 0.327771 1.11434
1.48171 0.755682 1.00679
1.16888 0.173956 0.830409
0.600996 0.759072 1.1291
0.702531 0.306957 0.979752
0.856239 0.686703 1.10764
1.14524 1.03773 0.774798
0.75744 0.302262 0.981471
0.184399 0.492894 0.451629
0.936159 0.5649 0.0587361
0.226919 1.14068 1.666
1.45365 0.225392 0.840939
1.25126 0.526488 0.0118126
1.3488 0.154998 0.827568
0.397014 0.376707 1.46203
1.51864 0.264803 0.82743
1.1786 0.872508 0.0464418
0.90909 0.334653 1.06523
1.37711 0.0945123 0.483639
0.483729 0.670143 1.54093
0.145061 0.329733 0.638565
0.291367 0.656427 0.36156
1.52515 0.19703 0.675018
0.320043 0.694587 0.357834
1.36608 0.579336 1.13338
1.40572 0.712059 1.08473
1.2823 0.766611 1.11417
0.765108 0.200644 0.833364
0.26921 0.755169 1.49995
1.25107 1.09354 0.594864
0.256737 1.08412 1.39624
1.15321 0.462033 1.17356
0.59043 0.529755 0.0241969
1.33349 0.18406 0.867864
0.935877 1.1625 0.409014
1.07482 1.13468 0.422763
0.998691 1.09495 0.221195
0.437853 0.789681 0.366708
0.168103 0.657831 1.43349
1.18672 0.0810978 0.763485
0.254003 0.822408 0.495039
0.807747 0.992589 0.788667
0.274828 1.13987 1.39456
0.31206 0.990426 1.35545
1.60931 0.831099 0.49971
0.216317 0.359163 0.476619
0.420165 0.838896 0.409497
1.47341 0.184559 0.377199
1.42421 0.228537 0.187697
0.414369 0.872736 0.976233
0.865479 0.188952 0.852078
0.369867 0.360111 0.373815
0.724587 0.17768 0.680085
1.45832 0.921285 0.811029
0.430428 0.438039 0.321045
1.33915 1.05757 0.386367
1.22339 0.523554 0.00995289
0.609264 0.783399 1.11834
0.451335 0.487143 0.298601
0.426903 0.582018 0.297813
0.32316 0.527964 0.329811
0.397221 0.568353 0.304038
0.105802 0.606417 1.41448
0.352467 0.339645 0.391776
0.896001 0.236674 0.9549
0.499773 0.530742 0.166402
0.0850167 0.592284 1.39855
1.22631 1.08456 0.351375
1.36689 0.126944 0.701277
1.13811 0.368922 1.14148
1.23199 0.0544812 0.693153
0.756195 0.576348 0.00936867
0.268766 1.18754 1.44003
1.01264 0.203726 0.944172
0.518697 0.449313 0.252086
1.34497 0.482892 1.13957
1.46667 0.433017 1.05769
0.520587 0.427011 1.25889
0.496038 0.417087 1.33502
0.999936 1.13324 0.328362
0.510297 0.337599 1.20974
0.437415 0.311259 1.27605
0.50253 0.385635 1.26627
0.354756 0.120656 1.08915
0.890724 0.254019 0.976974
0.336441 0.203073 1.32789
0.567057 0.527121 1.22383
1.29019 0.790134 1.0956
1.07248 0.580842 0.060948
0.198247 0.614382 1.45828
1.23694 0.736746 1.14335
1.24479 0.833964 1.07881
0.171568 0.0738558 1.16307
1.29728 0.475752 0.0175392
0.508824 0.479718 1.37724
0.193902 0.0688287 1.16114
0.944157 0.956388 0.00766911
1.20728 0.599307 0.0140962
0.42801 0.911955 0.905799
1.01718 0.875508 1.03129
0.0617748 0.558888 0.697269
1.45175 0.154454 0.701841
0.261542 0.63474 1.46953
0.918153 0.0281026 0.543873
0.226575 1.04422 1.6258
1.04724 0.0332499 0.417309
0.0109448 0.399162 1.0662
1.14784 0.881916 0.047727
1.10818 0.0104227 0.461262
0.776889 0.51009 0.0138093
0.820278 0.946779 0.914598
1.20992 0.569121 0.00738288
1.77997 0.459294 0.177496
1.31068 1.07734 0.458169
1.18403 0.902817 0.0151948
0.232595 1.07365 1.53187
1.08687 1.01586 0.112283
1.11536 0.0522525 0.28424
1.13478 0.0263921 0.400128
1.12189 0.794043 1.11044
0.866655 0.157528 0.376695
1.40775 0.142967 0.327336
0.810495 0.200614 0.463644
0.453549 0.961239 0.746859
0.43182 0.930924 0.837192
0.724689 0.262423 0.924429
1.84479 0.638073 0.294847
1.85395 0.514542 0.279476
0.385041 0.934791 0.680232
0.174479 0.109232 1.02663
0.835593 0.548829 1.11665
1.54621 0.215732 0.627996
1.07461 0.405786 1.15496
0.248671 0.284009 1.42848
1.56059 0.2322 0.568665
1.6259 0.325464 0.465462
1.59847 0.285525 0.429201
1.5988 0.285411 0.483084
1.02623 0.0947868 0.205946
1.28998 1.08164 0.477915
0.886551 1.16855 0.462948
1.22859 1.10073 0.614037
1.04093 1.14863 0.460647
0.386373 0.810906 1.09234
1.50601 0.222007 0.302142
0.202091 0.259016 0.690513
1.31665 0.122944 0.244843
0.267995 1.11378 1.39207
1.57143 0.253453 0.3882
0.281638 0.972531 1.35777
1.31734 0.846753 1.04478
1.20484 0.403836 1.1584
1.26995 0.537579 1.17162
1.28462 0.38724 1.1381
1.68959 0.630093 0.620958
1.25818 0.385548 1.14427
1.56365 0.653676 0.960684
1.65897 0.693576 0.759147
1.61197 0.761541 0.821256
1.04575 1.15807 0.51447
1.25548 1.00119 0.119174
0.0202458 0.443487 1.17213
1.27955 1.03082 0.182899
1.64517 0.382362 0.719841
1.65991 0.403092 0.679716
1.67962 0.625575 0.731982
1.46232 0.942771 0.21117
1.66859 0.562095 0.767511
0.47313 0.704823 1.51781
1.43538 0.910707 0.158314
0.998601 0.456018 0.0598524
0.479586 0.357795 1.3262
1.53364 0.836391 0.248669
0.845448 0.244962 0.940683
1.10789 0.177426 0.871815
1.63566 0.75351 0.337488
0.291861 0.819789 1.53518
0.669606 0.77202 0.0361836
0.946782 0.981012 0.00504684
0.865623 0.608667 0.057891
1.51937 0.873312 0.259634
0.305547 0.897225 0.766032
1.07587 1.08931 0.226595
0.233998 1.15303 1.57782
0.557346 0.907689 0.958254
0.302109 0.832731 1.31212
0.299943 0.911151 0.593922
0.902361 1.04615 0.109744
1.56327 0.867444 0.344094
0.0868263 0.58518 0.930663
1.68518 0.606696 0.705378
1.21033 0.183598 0.85089
0.90993 0.612966 0.0592449
0.461409 0.678888 1.51907
1.30127 0.932577 0.890925
0.0686007 0.502104 0.81816
1.10745 0.447705 1.16774
1.40954 0.986394 0.701808
1.68922 0.622041 0.646572
0.374154 0.884172 0.912783
0.726714 0.132118 0.034323
1.40593 0.218508 0.166323
0.412746 0.933477 0.771147
0.402633 0.942192 0.601764
0.0432243 0.400776 1.32594
0.270203 0.805368 1.1786
0.935775 0.622545 0.0596745
0.182281 0.767259 1.18317
0.153376 0.761175 1.14792
1.14225 0.474588 0.0360006
0.355905 0.91911 0.752601
1.02273 0.989562 0.842604
1.1362 1.13117 0.471723
1.13442 1.07057 0.189793
1.03222 0.503349 1.1649
0.438726 0.956514 0.722058
0.0666912 0.577656 0.946926
1.64136 0.454659 0.803541
0.357936 0.812925 1.07757
0.100473 0.661431 0.957999
0.427185 0.94749 0.747462
1.45418 0.579285 1.07913
1.48131 0.389664 1.02765
0.183917 0.313359 0.842409
0.654123 0.663498 1.1422
0.121325 0.42462 0.588579
1.40051 0.230812 0.893376
0.252627 1.04062 1.63827
1.14579 0.418134 0.0614556
0.061638 0.313272 1.28443
0.64821 0.80892 1.66853
0.866745 0.266716 0.0676887
0.485013 0.737214 1.43201
0.782994 0.656007 0.0566535
0.0376071 0.449352 1.33988
0.648429 0.804306 1.44951
0.603192 0.812883 1.58327
0.928218 1.05534 0.759123
0.512205 0.739584 1.54181
1.06452 1.06923 0.174728
0.806316 0.902157 1.58167
1.37733 0.12576 0.297438
1.11715 0.420057 1.16189
0.218961 0.0787563 1.02607
0.106134 0.726954 1.14327
1.09616 1.02697 0.787572
0.419808 0.584997 1.475
1.51241 0.446721 0.0445554
1.25273 0.658557 0.0201695
0.0601836 0.610059 1.22385
1.13628 0.587055 0.0217505
1.19911 1.05751 0.207493
0.861243 1.14079 0.412338
1.24194 1.07072 0.300267
0.111289 0.415575 0.929649
0.0675879 0.531825 0.817245
0.257317 0.818652 0.914946
0.500466 0.687954 1.55636
0.28128 1.09225 1.38155
0.0666699 0.422361 0.96624
1.3992 1.02123 0.318864
1.77245 0.542757 0.483531
1.2395 0.348918 1.12515
0.883578 0.964695 0.902649
0.592539 0.922053 0.502953
1.52918 0.287016 0.224228
1.63328 0.320916 0.258985
1.7622 0.746085 0.270314
0.636732 0.896682 0.414405
0.842583 0.945978 1.69961
1.30223 0.92571 0.922827
1.28962 0.955602 0.843219
0.110787 0.523749 1.4437
0.225862 0.613302 1.46589
1.02126 0.839934 0.06756
0.774069 0.979461 0.831801
1.30026 0.684168 0.0117477
0.943764 0.50901 1.14456
1.20224 0.628641 0.0140401
1.16405 0.896064 1.02295
0.107301 0.712773 0.679398
0.218628 0.865026 0.69714
1.19037 0.849051 0.060816
1.62813 0.489978 0.850488
1.06254 0.887475 1.01687
0.840111 0.519651 1.1137
0.0404562 0.481263 1.38439
1.36375 0.77226 1.07652
0.0929631 0.719397 1.1144
0.695631 0.698796 1.12767
1.31986 1.0145 0.724086
1.31476 0.103499 0.317946
1.51336 0.813111 0.200599
0.0713445 0.532974 0.656274
0.0935646 0.67578 0.739026
0.121688 0.350844 0.725898
1.05798 0.365682 1.1339
0.355503 0.819246 1.01562
1.59922 0.841374 0.521859
1.54749 0.888489 0.341343
0.881901 0.338157 1.05728
0.932178 0.480546 0.0588564
0.302946 0.961989 1.34785
0.777861 1.10571 0.600405
0.134765 0.730686 0.847359
1.47098 0.974499 0.593574
0.334239 0.106725 1.00309
1.60171 0.676086 0.896931
0.77325 0.273585 0.946959
0.556752 0.852234 0.341637
0.031236 0.330648 1.13407
0.0511965 0.5853 1.21518
0.0563187 0.286479 1.20729
0.0762819 0.571989 1.31435
0.859395 0.571167 1.12386
1.44181 0.998913 0.432198
0.0682941 0.238219 0.956916
1.52913 0.934137 0.650439
0.0111221 0.518301 1.02585
1.06864 1.0528 0.148244
1.23589 1.04412 0.190935
1.28819 1.00122 0.124345
1.23316 0.993372 0.0977655
0.0286099 0.315816 1.11237
1.35641 0.983436 0.171667
0.069954 0.678105 1.08529
1.04286 1.12952 0.33975
0.589887 0.962145 0.831855
0.531672 0.758535 1.43121
1.39054 0.924879 0.855486
0.117154 0.63813 1.37383
0.0646845 0.358734 1.26178
1.39898 0.138557 0.299073
1.1538 1.13274 0.524826
0.944613 0.0224504 0.552996
0.0603162 0.274798 1.25307
1.12178 0.938004 0.957972
0.410178 0.930171 0.816132
0.74868 0.251689 0.915009
0.179077 0.702015 1.41046
0.720264 0.181324 0.0182066
1.1674 0.192567 0.87495
0.26028 0.217887 0.74559
0.852192 0.178285 0.0211704
0.237992 1.01731 1.49616
0.214592 0.837189 1.44918
1.26728 0.075849 0.314427
0.981786 0.597951 1.15381
0.791238 0.600993 0.0473145
0.261711 1.16804 1.54393
0.260874 1.14903 1.52855
0.81231 0.393618 0.0563046
0.164004 0.679275 1.41561
0.239739 1.02205 1.41406
1.207 1.06475 0.231125
0.803106 0.984882 0.841416
0.708408 0.829446 1.47549
0.526272 0.612639 0.00525348
1.1487 0.200393 0.949968
0.782484 0.889614 0.987447
1.34232 0.968469 0.823266
1.5713 0.882282 0.536811
0.522516 0.454266 0.00692109
0.928791 1.16955 0.453129
1.21138 0.744615 1.14292
1.33578 0.176426 0.118734
1.31813 0.668367 1.14556
1.46798 0.169688 0.717696
1.27871 0.605412 1.16748
0.0552564 0.650955 1.02918
1.23928 0.691389 1.16126
0.912633 1.17263 0.472674
1.64405 0.354327 0.508092
0.944766 0.356496 1.09294
1.18692 1.10483 0.414693
0.609426 0.568341 0.0307803
0.402771 0.933504 0.746277
1.1856 0.997905 0.0990426
1.35123 0.221698 0.903546
1.21306 1.04503 0.185054
1.35927 0.118859 0.313182
1.36309 1.03971 0.278899
1.39694 0.999522 0.217766
1.11454 1.06363 0.172658
1.43013 1.00772 0.570162
1.45971 0.953877 0.258023
1.33483 0.829845 1.04926
0.501447 0.876315 1.01218
1.4203 1.01019 0.310311
0.193836 0.119225 1.26548
0.209292 0.791412 1.0908
1.32036 0.697449 1.13617
0.114541 0.67176 0.867201
1.52784 0.214238 0.485679
1.04621 1.1342 0.366834
0.825681 1.1092 0.408552
0.871857 0.287893 1.00789
1.30667 0.177539 0.86526
0.116547 0.367935 0.669711
0.367893 0.974079 1.55597
1.08115 0.375096 0.0648264
0.259957 1.21966 1.59475
0.353856 1.0169 1.37707
1.38926 1.02883 0.269247
0.390471 0.911196 0.496053
0.946677 0.23511 0.969771
0.997233 0.700593 0.0628149
1.76132 0.40542 0.431148
1.57129 0.266552 0.332025
0.935703 0.854211 0.0656553
0.413136 0.27534 1.23143
1.22989 0.100553 0.187646
1.49859 0.203115 0.4116
0.68994 0.273628 0.0133939
1.48246 0.17163 0.604527
0.282994 0.0665367 1.08302
0.0526758 0.418752 1.22432
0.711306 0.722502 1.61406
0.76686 1.0661 0.472779
0.562302 0.175991 0.733335
0.228137 1.11545 1.65628
1.19546 0.881121 0.0283303
0.912528 1.09257 0.248846
0.0585648 0.653712 1.09173
0.854418 0.33486 1.04269
1.4284 0.650445 0.0154703
0.743478 1.04892 0.541653
1.55705 0.508701 0.0431115
0.998268 1.04183 0.139283
0.0107077 0.527823 1.11065
1.47011 0.686472 1.04658
0.905499 1.17527 0.555252
0.992151 1.15947 0.660513
1.37968 1.04543 0.453225
0.630912 0.83496 1.5466
0.891939 0.21648 0.0527853
0.649398 0.27916 0.953706
0.0692628 0.635379 1.22725
0.679101 0.249114 0.0140704
1.40612 1.02 0.289797
0.634116 0.439362 0.0143892
0.516432 0.197343 0.0149104
1.29653 0.498522 1.16114
0.637782 0.609492 0.0155885
0.671913 0.562881 0.0293818
0.548271 0.466677 0.0130294
0.773805 0.771987 0.0605928
0.858885 0.685215 0.059709
0.249897 0.893175 1.56749
1.68954 0.572076 0.636147
0.39603 1.39179 1.67705
1.30663 0.130979 0.217954
0.794694 1.02954 0.00337602
0.355623 0.806463 1.47331
0.133068 0.568209 1.44589
0.980232 0.627531 1.15085
0.807339 0.712245 1.09255
0.576045 0.797865 1.48732
1.30724 0.849039 0.0133636
1.24561 0.882327 0.0124392
0.892599 0.828525 0.0637296
0.837624 0.815973 0.061713
0.724035 0.825327 0.061314
0.606924 0.657783 0.00230559
0.770046 0.499641 1.10778
1.4114 0.608019 1.10636
0.214702 0.909624 1.54214
0.953802 0.485595 0.0589128
1.30802 0.602133 0.0213823
1.47874 0.19231 0.455046
1.66815 0.778464 0.269103
1.10636 0.0267513 0.679833
1.50683 0.559518 0.0207689
0.802065 0.365304 0.056928
1.78472 0.721836 0.35373
1.36833 0.4755 0.0281195
1.53283 0.4962 0.0378441
1.22023 0.429447 0.0181598
0.390327 0.937329 0.657741
1.60852 0.55026 0.0583887
1.55273 0.223682 0.54087
1.60901 0.312543 0.360093
0.293566 0.744288 1.4939
0.326418 1.38032 1.61514
0.025435 0.484086 0.984996
0.652647 0.545268 1.14089
0.216331 1.04751 1.53419
0.974796 0.330051 0.065067
0.861867 0.925404 0.949314
0.96219 0.908958 0.981495
0.74733 0.969843 0.843585
0.973242 0.439563 0.0600591
0.373074 0.951909 1.53838
1.44591 0.243235 0.17298
0.353766 0.332028 0.0873231
1.48225 0.185505 0.735876
0.297837 0.667962 1.46994
0.168184 0.363795 0.533601
0.367869 1.2207 1.6294
0.308349 1.39078 1.75372
0.697011 0.739179 1.69545
0.912201 0.524769 0.0578898
0.871503 0.521109 1.12351
0.359769 1.23931 1.47217
1.43653 0.127797 0.525249
0.221874 0.888471 1.44655
0.131163 0.506355 1.45249
0.850719 0.357732 0.060132
0.205673 1.21273 1.65982
0.799785 0.0678249 0.0924531
1.356 0.122395 0.281978
0.249584 0.77169 1.49981
0.956094 0.196066 0.0220923
1.0513 0.0974349 0.194718
0.815433 0.512217 0.048192
1.01918 0.651363 0.0623199
1.28543 0.580254 1.1671
1.35238 0.662262 0.0213784
0.0518136 0.307365 0.973674
0.323673 0.307599 1.44409
1.42885 0.145935 0.454725
0.0780444 0.674994 1.18443
1.16371 0.110357 0.790467
0.90369 0.704625 1.11263
0.737004 0.375828 0.0172569
1.02405 0.467523 0.0603102
1.46136 0.148916 0.593928
1.16988 0.541713 1.18245
0.0208866 0.581226 1.09462
0.220943 0.779478 0.996627
0.686706 0.867693 1.57592
1.39879 0.210605 0.192022
0.54651 0.778491 1.5229
1.14897 0.0257147 0.353472
1.16068 0.031236 0.411273
0.0884109 0.590739 0.860487
1.25356 0.106471 0.761031
0.958911 0.984078 0.84822
1.32141 0.0770253 0.426462
1.37294 0.402981 0.0190816
1.09742 0.00320643 0.479937
1.12417 0.100171 0.181699
1.18177 1.12499 0.531498
1.42404 0.99834 0.643755
1.18796 0.153945 0.0631986
1.38342 0.783075 0.0461055
1.15267 0.0774132 0.204245
1.5081 0.184199 0.533964
0.979131 1.04575 0.773916
0.914403 1.00407 0.783129
0.146965 0.453723 1.45569
1.07034 0.986379 0.82959
0.113383 0.734253 1.04966
1.52497 0.921714 0.707349
1.51847 0.19684 0.511449
0.860922 0.184172 0.304347
0.727884 0.20807 0.467367
1.31421 1.03244 0.709278
1.33888 1.04408 0.660057
1.18852 1.11962 0.557223
1.21035 1.11728 0.537474
0.911151 0.498792 0.0579096
0.959325 0.607017 0.0596964
0.634218 0.325866 1.01341
0.227959 0.988509 1.49224
0.812406 0.92673 0.934302
1.37361 0.807354 0.0435894
0.8343 0.28304 0.974721
1.54408 0.308376 0.2181
0.118069 0.37629 0.644379
0.691338 0.220591 0.83769
1.19931 0.103504 0.172537
1.47172 0.97068 0.621078
1.19743 0.762618 1.13384
0.479925 0.190758 0.798231
0.383946 0.187272 0.761586
0.331629 0.178725 0.644292
0.444003 0.21025 0.857526
0.507558 0.934074 0.888369
1.30673 0.877632 0.0138865
1.55002 0.321576 0.865797
1.26931 0.080874 0.257533
1.17927 0.02646 0.362379
1.33936 0.256421 0.972975
0.380472 0.171556 0.62265
0.0882315 0.326877 1.37182
1.23638 0.24831 1.00785
1.46248 0.287093 0.945369
1.24844 0.288368 1.07218
1.08029 0.171159 0.822189
1.30508 0.148362 0.833931
1.48262 0.443028 0.0382434
0.309228 0.241291 0.914991
1.09025 0.249269 1.03681
1.30835 0.973419 0.0741714
0.772479 0.170189 0.76365
1.08418 0.353349 1.131
0.643362 0.840129 1.5988
1.27589 0.288295 1.06072
1.43078 0.430929 1.08439
0.643893 0.220664 0.847938
0.438366 0.38994 0.340563
0.0800718 0.596214 1.37029
0.674859 0.276071 0.943497
0.847485 0.263138 0.962256
0.665238 0.322449 1.00945
0.215301 1.00359 1.51281
1.43192 0.517797 0.019039
0.139047 0.518793 0.517296
0.861477 0.634596 0.0586062
0.157306 0.714213 0.525129
0.148369 0.790884 0.6966
0.197995 0.510171 0.434664
1.25407 0.856599 0.0173951
1.24999 0.932175 0.0118
0.355095 0.478296 0.328623
1.29921 0.212424 0.900705
0.13734 0.367731 0.577434
0.254782 0.1495 1.30975
1.46478 0.464634 0.0264513
0.378771 0.87465 0.453534
0.344337 0.896151 0.497787
0.0916251 0.469125 0.856296
1.60654 0.364902 0.81177
1.35647 0.597303 0.0270535
0.964866 0.852732 1.0396
0.393054 0.538839 0.304488
0.243542 0.745251 1.48416
0.342834 0.701007 0.348897
1.13945 1.1376 0.57243
0.458415 0.290258 0.389727
0.864051 1.07718 0.273155
0.924333 1.11959 0.293982
0.947697 1.11662 0.274954
0.963753 1.10862 0.254632
1.11125 0.0840798 0.780627
0.805113 0.592878 1.11152
0.90705 0.593871 1.13503
0.85422 0.754941 1.08534
0.206933 0.97833 1.51126
0.686193 0.87744 1.00527
0.0707106 0.683625 1.06408
1.05082 0.0200791 0.666696
1.15793 0.0234294 0.651234
1.51382 0.402003 0.0655326
0.688713 0.894651 0.986199
0.102946 0.465462 0.912273
0.0922167 0.613284 0.934764
0.428991 0.630177 0.00196262
0.638568 0.829473 1.62356
0.533913 0.771285 1.48136
0.299439 0.811812 1.07572
0.484497 0.53019 0.281039
0.418704 0.948762 0.648138
0.351444 0.931257 0.605034
0.35328 0.932619 0.629022
1.49745 0.871743 0.865695
0.383103 0.185935 1.13251
0.447786 0.911592 0.927579
0.128208 0.760515 0.666399
0.673485 0.465261 1.1165
0.75777 0.527724 1.11589
0.704595 0.536529 1.13156
1.68193 0.436563 0.571296
0.916503 0.292842 1.03604
1.33245 0.147393 0.218187
0.480825 0.401079 1.43032
0.941451 0.0923079 0.289639
1.01314 0.0708135 0.274922
0.561942 0.930444 0.911046
1.38319 0.278382 0.0348378
1.81949 0.655179 0.24283
1.59784 0.308463 0.333222
0.875109 0.318993 1.04002
1.43675 0.16365 0.761367
1.64403 0.351837 0.562965
0.106113 0.552717 0.556137
1.38594 0.128063 0.393669
0.373059 1.38451 1.53486
1.45402 0.611241 1.07659
1.4381 0.205038 0.82992
0.968064 0.240445 0.98895
1.67353 0.414552 0.52353
1.55121 0.611262 0.981921
1.58231 0.524343 0.938787
1.61066 0.386268 0.831486
1.57008 0.820572 0.284733
1.18524 0.23683 0.0179722
1.21116 1.10023 0.682506
1.5267 0.878109 0.799425
1.13141 0.00510828 0.513432
1.4683 0.156288 0.621876
1.48944 0.176206 0.51132
0.0241651 0.300939 1.08662
0.202051 0.751383 1.39693
0.0952245 0.57672 1.42254
1.07812 0.625107 1.16962
1.66511 0.743637 0.668697
1.00124 0.322965 0.0662127
0.372963 1.24001 1.49999
0.358383 0.93045 0.672687
0.324654 0.921768 0.599886
0.259472 0.894414 0.640479
0.276382 0.898869 0.588759
1.10814 0.549213 0.0467991
0.235189 0.876435 0.712089
0.760473 0.430845 0.01722
0.833421 0.637821 0.0581583
0.453549 0.942702 0.539808
0.813615 1.03106 0.724311
0.843348 0.581991 0.0561891
0.0586086 0.43413 1.40304
0.20875 0.882759 1.47403
0.84072 0.0721437 0.0307431
0.895263 0.0854337 0.0257773
0.0454239 0.570567 0.965394
0.347208 0.978069 1.58045
0.406293 0.816468 1.05241
0.116784 0.366411 1.42118
0.293656 1.18466 1.40049
1.1249 1.13878 0.517041
0.243843 0.488151 0.399555
0.975816 1.16475 0.444504
0.325404 0.614763 0.332997
1.20266 1.12106 0.511797
0.184691 0.770241 0.889641
0.276291 0.945426 1.3516
0.178701 0.819678 0.744378
0.949758 0.873486 0.0653559
0.29729 0.906813 0.670698
0.0431778 0.618495 1.15194
0.167972 0.810369 0.697962
0.101304 0.689394 0.694062
0.126369 0.703737 0.862188
1.46613 0.529119 1.06924
1.60805 0.838647 0.54783
0.627612 0.827451 1.08575
1.20462 0.0861243 0.196883
1.44842 0.941823 0.192297
1.35955 0.787974 0.0253374
0.580494 0.855465 0.328107
0.374682 0.19386 1.15648
0.282266 0.598635 0.353733
1.336 0.372018 1.10663
1.17944 0.680121 0.017087
0.844662 0.778482 1.07333
0.711435 0.883917 0.99408
0.292399 0.250969 0.897078
0.95382 1.05867 0.76401
0.0716859 0.474321 0.812994
0.199646 1.10713 1.58984
1.38019 0.431244 0.0178879
1.50073 0.580089 0.0197654
0.101953 0.404292 0.824511
0.113957 0.423669 0.871323
1.13678 0.503283 0.0282426
0.108794 0.631005 0.917112
0.985584 0.195758 0.0196971
0.324303 0.241304 0.503526
0.254716 1.23616 1.61831
1.40958 0.68532 1.09268
0.210504 0.122762 0.965415
0.0704877 0.218544 1.23296
0.597597 0.492018 1.16497
1.27421 0.116663 0.769719
1.23413 0.0924984 0.753435
1.19606 1.07794 0.277797
1.2176 1.07306 0.257832
0.0396378 0.464328 1.2966
1.31493 1.06516 0.379725
0.48999 0.740055 1.461
1.48622 0.177685 0.664752
0.0229315 0.498666 1.17558
0.0257876 0.434532 1.00057
0.0505002 0.171707 1.10029
0.0203749 0.550356 1.14728
0.0106176 0.465255 1.14786
0.319359 0.813252 1.16332
0.961491 0.926253 0.955581
0.0569892 0.56412 1.23241
0.0838221 0.665388 0.985626
0.660927 0.846696 1.62237
0.555636 0.783273 1.47077
0.320139 0.887283 0.504939
1.40874 1.02361 0.500583
1.38109 0.2047 0.169118
0.345456 0.288253 0.0770472
0.217923 1.20953 1.62875
1.53154 0.273482 0.245729
0.483141 0.858819 1.02845
1.14226 0.153185 0.0303603
0.280322 1.23379 1.46649
0.958785 0.57942 1.14936
0.940695 0.556812 1.1457
0.881385 0.493704 1.12162
0.556782 0.184269 0.529224
1.53092 0.232211 0.318411
1.09677 1.15433 0.612453
0.841104 0.376338 1.06208
1.44716 0.145903 0.505563
0.38862 1.19467 1.56128
1.25362 0.287606 0.0276709
0.954156 0.317943 1.07271
0.977559 0.350382 1.10334
0.517416 0.506151 0.166258
0.967683 0.527511 0.059334
0.827721 0.534747 0.0537441
1.03329 0.870783 0.0663555
1.38521 1.02961 0.604119
0.98724 1.02439 0.0727203
1.38574 1.03022 0.576732
0.640374 0.43116 1.09663
1.165 1.09747 0.309102
1.33416 0.982677 0.114871
1.33625 1.06399 0.466305
1.77317 0.566064 0.48183
0.340242 1.29348 1.45848
0.34221 0.939069 1.35007
0.457464 0.566946 0.163857
1.41037 1.02586 0.47445
1.3767 1.03514 0.355866
0.307815 1.09336 1.37978
0.298925 1.30105 1.54699
1.82237 0.539352 0.468957
1.79973 0.554559 0.478098
0.728403 0.231181 0.869814
0.708228 0.905694 0.971565
0.841803 0.935517 0.932808
0.796476 0.798831 1.69546
1.03973 0.992886 0.823503
0.0780468 0.377946 1.39579
0.0254139 0.345993 1.11418
1.22294 0.933456 0.968577
1.32593 0.880833 0.996831
0.748911 0.745461 1.68445
1.36045 0.0777873 0.564933
0.699048 0.718464 1.58378
0.252923 0.883062 0.729717
0.0887976 0.70587 1.13931
0.110498 0.700104 1.21508
0.3699 0.832746 1.46774
0.609807 0.89673 0.413925
1.24472 0.430233 1.16248
0.551985 0.431718 1.21598
0.886638 0.299556 1.02863
0.641295 0.715608 1.13547
0.401115 0.936414 0.699558
1.25021 1.07666 0.697911
0.777909 0.949428 0.210577
1.62206 0.806055 0.402492
0.899379 1.04244 0.134209
1.58052 0.865758 0.468585
1.13462 1.1369 0.54531
1.04499 1.16105 0.543777
1.65047 0.401697 0.738612
1.26262 0.342312 1.11675
1.37056 0.553863 1.13168
0.737358 0.154835 0.019737
1.37364 0.193633 0.192147
1.10334 0.183022 0.015773
0.964989 0.0241233 0.532695
0.688719 0.951951 0.860397
0.543192 0.622494 1.28887
0.539472 0.663618 1.25191
1.36028 0.320865 0.0217672
0.657876 0.420651 0.0135983
0.899043 0.105491 0.745647
1.14111 0.144593 0.0639708
0.960117 0.192077 0.882312
0.397539 0.228179 0.0143111
0.55992 0.530457 0.0221756
0.823134 0.845274 0.06294
1.28875 0.0890331 0.327552
0.901887 0.0673572 0.0913158
0.601908 0.706839 0.00403128
0.58107 0.655479 0.00217848
0.174611 0.808068 0.63006
0.564807 0.385719 0.00595029
0.470847 0.428316 0.00607884
1.09693 0.668316 1.16622
1.04474 0.145656 0.018679
0.955956 0.150002 0.0167524
0.784329 0.273395 0.0548076
0.513081 0.554784 1.43945
0.814323 0.202484 0.0205343
0.339375 0.809286 1.18377
1.03552 0.0131003 0.523779
0.276736 0.894825 0.718041
0.704475 0.37908 0.0103359
0.866298 1.16125 0.456618
0.364284 0.258028 1.40137
0.750048 0.354867 0.0327054
0.726519 0.916209 0.953847
0.145131 0.425751 1.4509
1.09661 1.12576 0.359103
0.868236 0.455079 0.0567984
0.673998 0.484416 0.0235924
0.0289558 0.239502 1.00367
0.641574 0.296782 0.0135393
0.802461 0.923118 1.68606
1.21534 0.243545 0.0168092
0.647076 0.630579 0.00452508
0.756117 0.693192 0.0577443
0.778122 0.561741 0.0213263
0.955779 0.57993 0.0594543
1.59047 0.860115 0.54207
0.877245 0.664755 0.0592263
1.15593 1.01312 0.783843
1.77782 0.737793 0.327402
0.840051 1.03414 0.210806
1.06258 1.01442 0.0661899
0.307269 1.32897 1.55159
0.278671 1.21432 1.48715
0.86241 0.948189 0.0180905
0.0551148 0.388992 1.21877
1.36332 0.833229 0.037143
0.668703 0.828786 1.67246
1.19646 0.168832 0.830235
0.0852654 0.658026 0.754185
0.929187 0.821667 1.05283
1.37057 0.863268 0.994236
0.860925 0.935655 1.62615
1.03916 0.911028 0.0284027
0.218302 0.845646 0.782817
0.19506 0.762948 1.28172
1.12385 0.833139 0.069939
0.38808 0.887838 1.45948
0.393576 0.943614 1.44841
1.26155 0.774723 0.0145013
1.25776 0.802437 0.0199205
0.232172 0.792486 1.19642
1.35086 0.712476 0.0138039
1.11253 0.132158 0.154085
0.750648 0.402432 0.0182004
1.02481 0.575328 0.0608592
1.57908 0.256744 0.569409
1.47814 0.372696 0.0685026
0.432954 0.373545 0.147686
0.862854 0.17959 0.828483
1.46642 0.713223 1.04
0.865335 0.883152 0.996444
0.997545 0.817362 0.0666228
1.23016 0.480834 1.17508
1.49181 0.209558 0.777477
0.92724 0.670236 0.0601569
0.741582 0.779031 0.0609702
0.666642 0.611445 0.00735099
0.985143 0.91212 0.0404109
0.0119398 0.431814 1.02976
1.23578 0.0357147 0.538593
0.754965 0.24449 0.0167251
0.745098 0.273032 0.0249538
0.387222 1.28402 1.60614
0.39498 1.37245 1.65994
1.50014 0.299785 0.160748
0.313023 1.11102 1.65118
1.20614 0.277868 0.045633
1.04459 0.258514 0.069327
1.47223 0.418191 0.0450756
1.4549 0.439113 0.0315168
0.874068 0.340701 0.0621765
0.89112 0.320052 0.0640701
0.73254 0.871437 1.00418
0.938085 0.896382 0.0605796
1.52172 0.939054 0.498417
0.529662 0.309804 1.069
0.730026 0.731526 0.0592983
1.02799 1.06055 0.771462
1.12936 0.609057 0.0305103
0.96684 0.333705 1.08931
0.975549 0.470163 0.0593151
1.30931 1.05416 0.325932
0.116427 0.358383 0.755178
1.06766 1.12181 0.319722
0.864147 0.49035 0.0562527
0.934155 0.107217 0.0216141
0.672567 0.918501 0.479703
0.724896 0.7356 1.69366
1.11293 0.517854 0.0460989
0.843624 0.977475 0.870831
1.18609 0.463647 0.0164891
0.665856 0.892974 0.417369
1.4052 0.152584 0.275138
1.1396 0.286662 1.07776
0.207805 0.768699 1.41687
1.19912 0.3993 0.0470043
1.14407 0.361899 0.06816
1.47571 0.242642 0.846402
1.21142 0.379506 0.0555612
1.61499 0.457995 0.0768474
0.138284 0.348972 1.42539
0.386841 1.22032 1.54145
1.69949 0.357984 0.182661
1.21726 0.491307 0.0109972
1.44515 0.757713 0.0779745
0.687801 0.731985 0.0363639
0.704964 0.743895 0.0550647
0.238416 0.97377 1.43918
0.526836 0.741912 1.38869
0.627633 0.82245 1.4933
0.411627 0.80364 1.11077
1.37738 0.608778 0.0285204
0.218782 0.815355 1.43004
1.14172 0.777354 1.12088
1.28076 0.523824 0.0156837
1.61292 0.617661 0.895059
1.38579 0.519315 0.033834
1.3344 0.513918 0.0236164
1.65121 0.573804 0.817941
1.17593 0.532188 0.0100535
0.250638 1.19545 1.58975
1.40255 0.88545 0.916743
1.67878 0.402096 0.132068
0.685971 0.824268 1.69557
0.865944 1.16794 0.48651
0.578289 0.667152 1.17004
1.19423 0.178982 0.0200823
1.36287 0.347214 0.0208744
1.29731 0.397179 0.0161427
1.04 1.07758 0.191984
0.368082 0.76524 0.367041
0.936414 1.16697 0.650712
1.07741 0.233294 0.0296149
1.36929 0.970425 0.150732
1.04373 0.287544 0.0698307
1.10151 0.295648 0.0706605
0.961104 0.304677 0.0667788
1.05955 0.398838 0.0633141
1.08497 0.408711 0.0636423
0.83682 1.15782 0.542337
0.366108 1.03843 1.58132
0.488757 0.970569 0.714576
0.829161 1.136 0.452019
0.822663 0.0942873 0.0212132
0.623859 0.317364 0.0134878
0.387732 1.29146 1.57693
0.368073 1.28699 1.50327
0.947259 1.15189 0.37122
0.396315 1.03873 1.51547
1.13408 1.00557 0.0962871
0.862134 1.03317 0.0141084
0.296795 1.29251 1.73535
0.703968 0.510471 1.12694
0.0367953 0.464367 1.3601
0.0495225 0.625515 1.17761
0.0374394 0.578709 1.18752
0.0402732 0.513528 1.21159
0.899298 0.624381 1.13074
0.0665922 0.475932 0.781458
0.084906 0.646053 0.729516
0.906795 0.775512 1.08528
1.00639 0.934044 0.951105
1.27279 0.893187 1.00973
0.897234 0.979143 1.71422
1.1948 0.261294 0.0314091
1.57002 0.749217 0.110346
1.75158 0.707841 0.399078
0.332283 0.812886 1.03629
1.21975 0.0462306 0.331173
1.45344 0.68646 0.0296143
0.251292 0.920016 1.58224
1.60103 0.849564 0.420987
0.075051 0.452343 1.42292
0.759642 0.213385 0.0145896
0.998022 0.894906 0.0580467
0.77898 0.673848 1.10371
1.15255 0.911484 0.0141406
0.402507 0.562737 1.4734
1.53116 0.910398 0.340821
0.301152 0.975447 1.60903
1.49779 0.37707 1.00456
1.47424 0.188502 0.404403
1.5818 0.264854 0.415092
1.57224 0.246448 0.545265
1.13923 1.09614 0.291141
0.197002 0.665166 1.44644
0.140786 0.64065 1.42495
1.03109 0.0165502 0.493644
0.210456 0.858522 1.49107
0.142009 0.658281 1.41189
0.45018 0.4431 0.113942
0.469635 0.601125 1.49594
0.472485 0.652221 1.52847
0.907098 0.751383 1.0974
0.398355 0.94125 0.630567
0.277772 0.822258 0.474177
0.932382 0.212998 0.92634
1.05523 0.343953 1.1192
1.02134 0.438918 0.0612879
0.888564 0.633687 0.0586656
0.821493 0.746646 0.0597324
1.13176 0.209116 0.974802
0.786282 0.816051 1.04848
0.338826 0.376329 1.46752
0.34809 0.121329 1.10967
0.417315 0.192019 0.795669
0.199651 0.330798 0.524298
1.58915 0.746634 0.86754
0.68463 0.790602 0.0522
0.234709 0.312135 0.495603
1.13835 0.0158917 0.469026
0.97833 0.121446 0.183208
0.216995 0.777954 1.46005
0.320091 0.91098 1.57152
1.73722 0.673785 0.434613
1.34551 0.562047 1.14369
1.23951 0.502221 0.0121742
1.6932 0.616401 0.595665
0.717621 0.625353 1.13039
1.10277 0.466509 0.0608565
0.823488 0.561552 0.0544143
0.628401 0.662268 1.60329
1.28452 0.237774 0.951261
1.37632 0.114829 0.412032
1.11391 1.01318 0.117364
1.27219 0.0582054 0.396708
0.244564 0.74403 0.446322
0.953886 0.971787 0.875811
0.604911 0.866013 1.04346
0.102842 0.694764 0.723096
1.63512 0.405951 0.785973
1.41 0.106653 0.556536
1.59269 0.414288 0.896214
0.119978 0.339957 1.41096
1.22334 0.0324777 0.458679
1.24148 0.229977 0.0150832
0.916095 0.0710268 0.410565
0.87657 0.218494 0.915018
1.22631 1.08761 0.699771
0.57675 0.938055 0.544233
0.202914 0.566679 1.46701
1.64587 0.432096 0.100019
1.20933 0.0348393 0.355683
1.13817 0.0270609 0.425469
0.435282 0.465966 0.309654
0.81636 1.11674 0.436251
1.28309 1.06221 0.332439
0.887379 0.424533 0.058233
1.22321 0.0388887 0.381537
1.27651 0.0669843 0.36987
1.14034 0.0356067 0.324804
0.708396 0.67497 1.12798
1.15687 0.0544179 0.278749
1.33445 0.114328 0.299335
1.56689 0.242633 0.592443
0.636162 0.814809 1.64692
1.24919 0.527613 1.17653
0.68982 0.846636 1.67483
0.328086 0.591489 1.47158
0.707655 0.338475 1.02931
0.814317 1.14035 0.502182
1.08811 0.0545889 0.296886
1.25431 0.972384 0.806013
0.14119 0.716316 1.24865
0.249434 1.13439 1.67119
1.12824 0.978426 0.83619
1.20985 0.959019 0.864249
1.37089 0.764061 0.0270343
0.480615 0.496104 0.128957
1.23507 0.952209 0.876177
0.620697 0.739653 1.38318
0.606078 0.328089 1.01064
0.902658 1.11616 0.722433
0.873318 1.12377 0.70524
0.458667 0.938475 0.828102
1.40229 0.645501 0.0144625
0.685302 0.980283 0.754626
0.814977 1.14737 0.596163
0.871848 1.13943 0.683373
0.029012 0.519243 1.18718
0.0152382 0.477102 1.00749
0.898302 1.13507 0.701106
1.04594 1.14029 0.686706
0.840051 1.15929 0.592374
1.07512 1.14031 0.670335
0.794259 0.936531 0.916581
0.986046 1.16877 0.551724
0.0209393 0.525801 1.16199
0.338967 0.813222 1.10105
0.0197814 0.239188 1.07757
1.13773 0.18403 0.874317
1.43786 0.95982 0.742152
0.434577 0.534132 0.130761
0.2887 0.367761 0.412752
1.18819 0.246301 1.02102
0.72279 0.403239 1.07911
1.44234 0.191434 0.801597
0.976131 0.225611 0.968268
0.164129 0.313086 0.59787
0.121944 0.379755 0.620892
1.3071 1.00392 0.745773
0.400779 0.652851 1.46656
0.66675 0.923928 0.500382
0.386067 1.13111 1.57069
0.279823 0.803511 1.00932
0.489846 0.280218 0.966822
0.290181 0.877131 0.816327
0.792249 0.161426 0.568188
1.09095 0.0729855 0.213639
1.23313 0.911763 0.0100561
1.3515 0.883824 0.0347337
0.152837 0.710037 0.938943
0.148753 0.713112 0.908007
0.343035 0.889293 0.85914
1.15874 0.972585 0.839886
1.55636 0.883875 0.368754
1.42019 1.00809 0.336672
1.29749 0.325677 1.09297
1.42972 1.00101 0.289662
0.00207646 0.478662 1.06067
0.401613 0.932037 0.545277
1.33804 0.809088 1.06394
0.781893 0.169436 0.653118
1.43731 0.387315 0.0443538
0.735714 0.171408 0.727896
0.590616 0.185535 0.734196
0.263544 0.844725 0.509919
0.635913 0.197855 0.757284
0.268008 1.18996 1.54374
0.726384 0.653064 1.12491
0.83481 0.7296 1.09088
0.993027 0.906087 0.986049
0.503133 0.167744 0.683274
0.337251 0.197127 0.750858
1.42577 0.550167 0.0224709
1.56209 0.235937 0.619287
0.751338 0.216351 0.479769
0.503424 0.428625 1.3088
1.41743 0.313266 1.0166
1.15258 0.914802 1.00338
1.51741 0.501024 1.02018
1.5691 0.435207 0.94326
0.388461 0.592206 1.47115
0.108078 0.717012 0.705975
1.1359 0.964911 0.881505
0.226493 0.691518 0.436608
0.724683 0.246584 0.898011
1.51612 0.247669 0.806286
1.21128 0.206965 0.898992
0.731922 0.70392 0.0541809
1.50858 0.696228 1.01251
0.623655 0.369339 0.00851409
1.11334 0.158287 0.0211635
1.04098 1.16182 0.572337
1.22739 1.10329 0.44685
0.908247 1.17358 0.607248
0.734142 0.472344 1.10943
1.28506 0.227486 0.923286
0.315543 1.36354 1.63458
0.438156 0.287322 1.22863
0.959367 0.256317 1.00994
1.16063 0.351063 1.12996
1.06367 1.14968 0.647352
0.089613 0.426195 0.948072
1.22572 0.271431 0.0281755
0.0283851 0.573405 1.16006
0.504435 0.465954 1.35442
0.346758 0.912765 0.528528
1.50598 0.187888 0.654585
0.782892 0.330948 1.01408
1.04237 1.12043 0.314688
1.42016 0.980664 0.217963
1.27648 0.145357 0.832356
0.945486 0.403002 0.0608343
0.405417 0.926364 0.842364
1.22219 0.400185 0.0309255
0.253453 0.948048 1.59632
1.30713 0.628638 0.0237769
1.503 0.228558 0.796989
1.30231 1.06337 0.353847
1.29419 0.161479 0.850533
0.622899 0.368262 1.05042
0.816867 0.303069 0.989583
0.867189 1.08668 0.729729
1.10174 0.234459 1.01716
1.07568 0.229261 1.00283
0.984717 0.61833 0.0605967
0.93288 0.594759 0.0591003
0.21174 1.07137 1.62402
0.147435 0.429936 0.532011
1.10386 0.501156 1.1746
0.155014 0.513783 1.46018
1.07755 0.456402 1.16683
0.323274 0.581526 0.330003
0.844212 0.201016 0.868284
1.08952 0.543339 1.17508
0.711663 1.00086 0.00262204
1.17454 0.657654 1.17437
0.369849 0.535452 0.0953133
1.63852 0.348471 0.458001
0.81162 0.189427 0.826863
0.997701 0.550596 1.16027
0.994215 0.197532 0.922845
0.885333 1.04329 0.0346452
1.00578 0.187774 0.895011
0.81573 0.466398 1.09242
1.54578 0.230259 0.46377
0.665178 0.213135 0.142192
0.582222 0.777756 1.43329
1.13432 0.116288 0.165268
1.68451 0.556131 0.688764
0.16849 0.67338 0.485079
0.32016 1.36204 1.76236
0.126479 0.578496 0.53073
1.59296 0.702384 0.895737
1.50883 0.477507 1.02683
0.337506 0.675747 0.343911
0.17732 0.473997 0.47097
0.171082 0.390435 0.518127
0.24688 0.824103 0.887385
0.982602 0.25776 1.02584
0.1355 0.355023 0.600879
0.106262 0.473649 0.580065
0.463296 0.828888 0.394854
0.945609 1.15613 0.675552
1.50319 0.948921 0.649878
0.37305 0.851205 0.434982
0.271578 0.714564 0.40563
0.0605289 0.387039 1.37899
0.247189 0.974337 1.60612
0.313617 0.686106 1.46792
1.34614 0.460764 0.0224842
0.340821 0.757062 1.46575
0.969183 0.0692877 0.319308
0.809415 0.117115 0.590169
0.743091 0.188862 0.016711
0.213249 0.455415 0.436755
1.33828 1.04626 0.263678
0.39072 1.17538 1.54466
0.532107 0.7665 1.45604
0.170688 0.609291 1.45057
0.380961 0.47136 0.322458
0.349695 1.06565 1.38922
1.40584 0.788322 1.04156
1.19364 1.00718 0.125455
0.435942 0.54927 0.293438
0.465642 0.462054 0.299349
0.0682692 0.458415 0.762411
0.431754 0.518832 0.00421209
0.335775 0.456636 0.342786
1.18253 0.187313 0.850671
0.94218 1.17331 0.479208
1.11434 1.14573 0.566559
0.511236 0.519282 0.270267
0.602571 0.480798 0.0181602
1.44738 0.451824 1.07626
0.397797 0.362022 0.363174
0.844779 0.953058 0.91344
0.900027 0.669381 0.0595632
1.32477 0.119905 0.744648
0.113967 0.739959 1.12014
0.981474 1.08453 0.204116
0.117965 0.74238 1.07407
1.33018 0.888963 0.020775
1.36578 0.109142 0.647154
0.298463 1.01754 1.36413
1.22177 0.215941 0.0155574
1.39103 0.965604 0.799371
1.17958 0.0324219 0.670305
0.160108 0.581853 1.453
0.820839 0.344082 0.0596691
1.14732 0.813243 0.0703542
0.715251 0.467718 0.0154066
1.19387 0.020672 0.61656
1.17471 0.0411072 0.697914
0.882882 0.537948 0.0573807
1.14731 0.634869 0.0221682
0.69405 1.05585 0.0754665
1.0415 0.529167 1.16756
0.22537 0.857754 1.39996
1.31485 0.071592 0.59235
0.0441057 0.372135 1.19418
0.611826 0.635328 1.39177
0.38547 0.285535 0.145066
1.33144 0.439659 1.13619
0.388113 0.540684 0.112718
0.381378 0.840162 1.4433
0.399822 0.473124 0.058326
1.47502 0.892248 0.852774
0.2856 0.707913 0.0332337
0.396912 0.254948 0.0131051
0.28162 0.674262 0.0702129
1.50126 0.206687 0.442128
0.654636 1.00446 0.00275291
0.407661 0.465375 0.00935586
1.27159 0.948771 0.0181792
0.516759 0.325443 1.18381
0.351162 0.244397 0.0382704
0.7902 0.179138 0.542577
0.564957 0.37518 1.13589
1.22689 0.21608 0.92625
0.462045 0.334485 1.31697
0.852165 0.0588828 0.105858
0.475932 0.344631 1.27357
0.459333 0.32463 1.26399
0.767976 0.61488 0.0358308
0.797664 0.0907302 0.0246349
0.452427 0.325428 1.36581
0.502515 0.446961 1.33253
0.10547 0.625107 0.891693
1.68958 0.677646 0.440892
1.42752 0.236759 0.886074
1.13865 0.17146 0.828444
0.633399 0.68829 1.14227
0.232358 0.958785 1.58905
0.489993 0.612654 1.51302
1.12874 0.602511 1.17777
0.336969 0.246427 0.910461
0.551862 0.935367 0.538152
0.258145 1.13085 1.41671
0.215815 0.767985 1.34502
0.860052 1.00106 0.775764
0.250053 0.0979239 1.21867
0.0629634 0.554727 0.945684
0.0256826 0.411855 1.01285
1.51551 0.898728 0.293472
0.69861 0.921198 0.947442
0.720585 0.958542 0.854529
0.926793 0.0455091 0.70251
0.246846 0.794811 1.01188
0.385287 0.927558 1.50005
0.329844 0.814632 1.00724
0.308088 0.802122 1.25161
0.931011 0.0163022 0.602829
1.49772 0.947925 0.424197
1.51624 0.86925 0.846657
0.0796305 0.436869 0.665949
1.0401 0.0105147 0.551712
0.648093 0.587772 1.14728
0.582195 0.52245 1.19713
0.364356 0.223839 1.22152
0.46089 0.904029 0.951918
0.701763 0.257237 0.910056
0.846912 0.294835 0.99705
0.792984 0.894987 0.0630891
1.76574 0.747762 0.298898
1.31138 0.215585 0.0209882
0.393288 1.05906 1.53684
1.46521 0.348549 0.0759687
1.59939 0.324639 0.180488
1.55265 0.236895 0.389889
0.951633 0.456717 0.0591906
1.55217 0.253268 0.310569
0.799899 0.291565 0.0627723
1.12054 0.882471 0.0516093
1.16731 0.505719 0.0135538
1.61532 0.314283 0.388566
0.757761 0.703827 1.5236
1.45981 0.266592 0.134323
1.09537 1.09185 0.246793
0.607881 0.844881 1.06914
1.16246 1.10724 0.341649
1.58721 0.272483 0.382749
1.6195 0.31065 0.527154
1.58492 0.304185 0.304977
1.51569 0.213661 0.393762
0.446208 0.263427 1.18751
0.171375 0.29327 0.675069
1.52047 0.215967 0.424857
1.12208 0.0635835 0.217625
0.976008 1.03521 0.130675
0.223107 0.863022 1.43327
1.40318 0.267485 0.0525192
0.462954 0.301872 1.22361
1.35689 1.03817 0.310047
0.514635 0.278163 0.0142094
0.381855 1.32761 1.54357
1.35583 1.057 0.445281
0.265387 0.89547 0.668895
0.214866 1.20993 1.68855
1.25358 0.603651 0.0149211
0.867714 0.201033 0.0366072
1.48384 0.415554 1.0384
1.31662 0.348636 1.10154
0.268272 0.804216 1.0316
1.55341 0.497946 0.977313
0.301764 0.24265 0.855054
1.5373 0.448671 0.991347
1.51684 0.578646 1.0236
1.54259 0.211291 0.565317
1.00275 0.122802 0.170176
1.42202 0.65325 1.09214
0.391215 1.32985 1.62073
0.386238 0.977562 1.52722
1.41011 0.975288 0.729666
1.26143 0.950703 0.858999
1.51736 0.771102 0.963804
0.00812586 0.523758 1.08965
1.47644 0.797613 0.975876
1.55578 0.35688 0.121066
1.52449 0.813276 0.913848
1.51036 0.664077 1.02013
1.61642 0.47793 0.874254
1.5394 0.537087 0.997251
1.66001 0.643242 0.790167
0.0900177 0.680133 1.21025
1.61943 0.665043 0.874143
0.498963 0.924786 0.504948
1.60929 0.337323 0.7647
1.33954 0.512616 1.14457
1.61851 0.771396 0.791349
1.69059 0.535527 0.600507
1.05116 0.0721116 0.23897
1.64506 0.776784 0.704727
1.22309 0.54039 1.18092
1.4341 0.82785 0.126622
1.38637 0.740913 0.0291819
1.19792 0.0484203 0.311157
0.545103 0.579171 1.29606
1.42837 0.1432 0.715596
0.966036 1.16568 0.653979
0.875748 0.105158 0.0188208
1.06138 0.178738 0.843633
0.214898 1.1635 1.66809
0.904293 1.07904 0.228421
1.60271 0.802833 0.331476
0.713301 0.945513 0.00822654
1.25826 1.02097 0.163667
1.53995 0.906903 0.366612
1.53419 0.919029 0.449403
0.00422139 0.428088 1.06072
0.415986 0.696126 1.44433
0.0646803 0.494586 0.795225
1.49086 0.95685 0.601164
1.51064 0.949137 0.555165
1.43423 1.00396 0.594882
1.2097 0.676944 0.00993165
1.40319 0.20055 0.854151
1.44993 1.00223 0.491841
0.393618 1.075 1.47159
0.702804 0.410871 0.013415
0.722865 0.542505 0.0110467
0.0162853 0.550089 1.0268
1.34422 0.688851 0.0135851
1.04596 1.02665 0.122737
1.09997 1.08309 0.22147
0.298185 0.900831 1.33408
1.39364 0.134594 0.351297
0.230567 0.910428 1.56309
0.424125 0.93561 0.792423
1.04098 1.06502 0.164395
1.18344 1.09468 0.331218
1.07794 0.186992 0.0167628
1.24869 1.08271 0.362136
1.58163 0.871686 0.418794
1.50162 0.302574 0.923409
1.62522 0.814443 0.449709
1.18848 1.08532 0.303357
1.60667 0.832971 0.398205
1.64695 0.75603 0.72102
1.44003 0.869019 0.915537
1.34321 0.896733 0.953742
1.18792 1.05288 0.179764
1.026 1.11465 0.292495
1.5701 0.821304 0.840276
1.5944 0.766515 0.846063
1.37422 1.01646 0.223349
1.35218 1.01296 0.210349
1.56381 0.882249 0.710979
1.34598 0.985596 0.141659
1.45705 0.960054 0.71877
1.26375 0.0463563 0.644739
1.05921 1.01712 0.0992442
1.11318 0.556782 1.17784
1.63036 0.817872 0.585906
0.560715 0.794745 1.11032
0.433929 0.801162 1.09357
0.965838 0.441411 1.13887
1.0299 0.596619 1.16399
0.701292 0.566052 1.13522
0.194236 0.0908583 1.03994
0.314751 0.841089 0.935676
1.00426 0.611253 1.15793
0.342198 0.854121 0.939711
1.11955 0.207047 0.0167968
1.27636 0.66033 1.16165
1.12737 0.731811 1.14796
0.362703 0.997011 1.57104
1.36319 0.797055 1.05947
0.286662 0.811044 1.09941
0.211463 1.00415 1.58778
0.451734 0.95217 0.56427
0.0552057 0.429696 1.25328
0.121163 0.647934 1.32263
0.557619 0.72387 0.00286046
0.175327 0.72465 1.35376
0.792156 0.483255 1.0989
0.412227 0.943545 0.674385
0.0253149 0.259891 1.1043
0.277751 1.16395 1.39997
0.194819 0.48429 1.47043
0.325083 0.813537 1.13152
0.00471804 0.47559 1.1201
1.05299 0.97731 0.00823095
1.29756 0.652989 1.15631
0.0268295 0.457722 0.989928
0.0475761 0.281003 0.973536
0.0329961 0.337668 1.01527
0.102984 0.701112 0.754017
1.30316 0.27223 1.01958
0.285652 0.50388 1.47871
0.882759 0.755112 1.09118
0.588303 0.779586 1.61933
0.140873 0.746523 1.1695
0.854844 0.903384 0.972642
0.992985 0.879024 1.02404
1.1646 0.788856 1.11482
1.11763 0.815394 1.09173
0.120901 0.700344 1.24185
0.070725 0.665997 1.15716
1.45745 0.81921 0.968079
0.829179 0.896988 1.56758
1.21538 0.784281 1.1202
0.198355 0.767586 0.914526
0.285925 0.848463 0.883386
0.0347565 0.585621 0.988884
1.09286 0.43944 0.0624648
0.0445731 0.630363 1.04961
0.22519 0.818889 0.865371
0.25842 0.863439 0.813282
0.0941124 0.518157 0.888699
0.091656 0.619581 0.846831
0.102028 0.602469 0.913137
0.168076 0.728688 0.923259
0.0677787 0.449574 0.955656
0.154317 0.764619 1.10236
0.698556 0.858606 1.52264
0.466656 0.724746 1.4527
0.0833334 0.562266 0.860889
0.899751 0.954399 1.6445
0.10757 0.437418 0.922659
0.283582 0.798345 1.25057
0.236631 0.801597 1.0979
0.319374 0.885603 0.83691
0.0095142 0.532827 1.04513
1.75759 0.662739 0.443928
0.498663 0.821244 1.0713
0.298144 0.274481 1.42693
1.64161 0.548421 0.835974
0.730197 0.950103 0.882651
0.667905 0.956034 0.839115
1.60103 0.846069 0.472125
0.449193 0.587175 1.48082
0.638166 0.934395 0.914475
1.09729 1.11361 0.314832
0.518109 0.871029 0.424539
0.366546 0.273763 1.4197
0.0523053 0.545448 1.35163
0.536061 0.966108 0.618987
0.326643 1.15387 1.65301
1.14901 1.07437 0.238216
0.630327 0.845388 0.28239
1.41343 0.862341 0.955344
0.957048 0.943254 0.928056
0.896208 0.981933 0.853269
1.52417 0.216976 0.455376
1.00321 0.965247 0.907077
1.53957 0.421509 0.981489
1.50044 0.456048 1.03231
1.48946 0.349791 0.991935
1.28077 0.054345 0.457308
1.22089 0.852303 1.06771
1.33391 0.279708 0.0183516
1.86817 0.524106 0.387747
0.203217 0.963099 1.54113
1.01475 0.0107346 0.54705
0.519981 0.526791 1.35999
1.30997 0.970569 0.823779
0.733704 0.726504 1.10477
1.4818 0.817539 0.953394
0.345024 1.38494 1.52333
0.826797 0.897894 0.973194
1.45219 0.173347 0.336168
0.912987 0.862713 1.02091
0.658713 0.767346 1.11647
0.310401 0.147464 1.24473
0.834252 0.802947 1.05872
0.878976 0.833526 1.04483
0.448443 0.684408 0.224846
0.19461 0.770235 0.502179
0.351045 0.261825 0.0817983
0.217564 0.781074 0.484608
0.377385 0.196492 0.0485766
1.23533 0.0368484 0.651588
0.358266 0.183328 0.729168
0.192438 0.833781 0.638802
0.159297 0.689901 0.505872
0.101454 0.647814 0.60534
1.41173 0.13194 0.698025
0.028258 0.550797 1.1771
0.198634 0.267806 0.716535
0.486654 0.227141 0.884973
0.114544 0.723459 0.624177
1.42203 0.148447 0.744789
0.338715 0.2002 0.56352
0.512706 0.373776 0.26653
0.378198 0.578157 0.310683
0.345831 0.369903 0.379476
0.22505 0.399405 0.445167
0.610038 0.185288 0.62226
0.371787 0.923514 0.539562
0.153218 0.556023 1.45531
0.13452 0.420702 0.559404
0.0934389 0.428463 0.641139
0.132695 0.337734 0.752043
0.819606 0.202811 0.856257
1.05934 0.505839 1.16938
0.0674553 0.286653 0.956733
0.0638916 0.4863 0.75186
0.0899958 0.646803 0.804693
1.16627 0.196872 0.924258
1.36113 0.631002 1.13147
1.13316 0.345342 1.12709
0.802935 0.348156 1.03321
0.118364 0.740493 0.743103
0.108812 0.720051 0.73587
0.0542409 0.312186 1.19661
0.675963 0.309045 0.989289
1.16151 0.212914 0.974007
0.24343 0.075687 1.01172
0.270342 0.089337 1.16487
1.46794 0.77796 0.999852
0.988344 0.185722 0.873888
1.12279 0.185595 0.897618
1.13571 0.0498444 0.272313
0.0710715 0.190048 1.18918
0.182312 0.635331 0.457734
0.0505527 0.287519 1.18198
0.661035 0.206788 0.799374
0.634953 0.191423 0.625491
0.0778014 0.425622 0.691539
0.0664347 0.588249 1.24112
0.0780156 0.426249 1.41831
0.703824 0.196587 0.544935
0.114204 0.317616 0.939294
1.14095 0.0471423 0.300903
1.79816 0.719106 0.326133
0.331746 0.482553 0.335886
0.753528 0.696843 1.10478
1.02762 0.0234008 0.685533
1.02537 0.0193257 0.654366
1.10905 0.00379182 0.532293
1.28908 0.0601761 0.640557
1.26852 0.0716103 0.341436
0.0754917 0.473739 0.941871
0.652221 0.360615 1.0509
0.00173554 0.44052 1.0912
1.06505 0.132484 0.144076
0.0209581 0.369198 1.06672
0.0114001 0.399486 1.11078
0.108176 0.553332 1.438
0.0137648 0.557592 1.0561
0.0602337 0.523686 1.41249
0.94782 0.736287 1.11195
1.24301 0.141587 0.150317
0.260553 0.52761 1.47745
0.27474 0.935892 1.59559
0.0719487 0.669672 1.01081
1.28569 0.0861816 0.723834
1.27788 0.0565536 0.668172
0.370215 1.09792 1.42379
0.354045 0.737169 1.4466
0.204506 0.764862 1.3044
1.0567 0.316701 0.0678723
0.415146 0.505605 0.0990105
1.48057 0.538224 0.0181923
1.57656 0.490893 0.0534453
1.35799 0.631224 0.0285352
0.0487521 0.446613 1.22857
0.0652569 0.374862 1.23889
0.0640104 0.282568 1.28189
0.807315 0.317163 0.06144
0.754014 0.72174 0.0598305
0.717045 0.664938 0.0216863
0.884904 0.698901 0.0599112
0.900792 0.727659 0.0608805
0.0718539 0.478224 1.42411
1.27238 0.509145 1.16974
0.420444 0.706029 0.00104777
0.78024 0.308679 0.0588828
0.688425 0.220402 0.0157165
0.281956 1.2285 1.51727
0.284974 1.24266 1.49457
1.17901 0.275888 0.0568191
0.868815 0.94746 0.925443
1.28499 0.211699 0.0179495
1.17524 0.203937 0.016039
1.27144 1.08662 0.576474
1.45243 0.801477 0.990381
1.33702 0.769932 1.09092
1.19319 0.934899 0.977109
1.29719 1.07389 0.404985
1.10929 1.13331 0.462792
1.3427 0.789006 1.07641
1.06899 0.346752 0.0664212
1.38505 0.754146 1.07465
1.53955 0.222271 0.721392
0.941985 1.00473 1.72184
0.552567 0.55119 1.26279
1.18993 0.801495 1.10829
1.53684 0.525843 0.0331845
1.03355 0.649704 1.15928
0.764733 0.471858 1.10047
0.463581 0.967107 0.663006
0.972015 0.469812 1.14691
0.341028 0.861936 1.32641
1.02527 0.552123 1.16527
1.03548 0.572475 1.16634
1.08498 0.569133 1.17443
0.236574 1.12765 1.55982
0.0743163 0.568647 1.40746
0.87282 0.447324 1.10313
1.14023 0.547488 1.18041
0.123183 0.114409 1.07819
0.0599811 0.239987 1.21753
0.0992448 0.126319 1.03319
0.133685 0.361431 0.830832
0.708579 1.06659 0.0538338
0.712209 0.785055 1.08868
0.68487 0.859383 1.0261
0.760884 0.461499 0.0131799
1.34852 0.965079 0.0964935
0.601755 0.899769 0.974076
1.33317 0.957744 0.0711567
1.32539 0.975039 0.0917751
0.761436 0.895779 1.58636
0.585216 0.80187 1.56566
1.28904 1.01744 0.167689
0.365952 0.868944 0.939666
1.08122 1.0144 0.0853227
0.25932 0.889947 0.697935
0.303858 0.914118 0.62253
1.36903 1.03424 0.250655
1.34948 1.03195 0.234906
1.75533 0.677808 0.169904
1.54987 0.640377 0.981948
0.102161 0.682395 1.23713
0.127562 0.745476 1.14553
0.886293 1.07882 0.249807
0.142115 0.736539 1.19739
0.849258 1.05648 0.255259
0.844881 0.207974 0.295215
0.954696 1.13689 0.322398
0.181581 0.746781 1.30373
1.01134 1.11289 0.268008
0.979596 1.12997 0.305154
0.808239 0.559785 1.11225
0.165752 0.751713 1.20459
0.981438 0.0301464 0.488382
1.10425 1.12831 0.435321
1.05495 1.14163 0.441615
0.957579 1.15813 0.39288
1.18652 0.0302796 0.540828
1.17139 0.02312 0.567672
1.13084 0.0322701 0.692745
1.19207 0.0508443 0.714063
1.2121 1.11458 0.466281
0.440433 0.303069 0.384513
0.417018 0.304392 0.39009
0.675729 0.848229 1.64943
0.37602 0.642324 0.321375
0.214836 0.607581 0.42204
1.27505 1.07275 0.357387
0.269312 0.749637 0.432291
1.33037 1.06862 0.437805
0.20073 0.413247 0.465396
1.40033 1.03252 0.457713
1.38078 1.03957 0.381699
0.700359 0.272104 0.933864
1.18159 0.153579 0.810543
1.42432 0.314556 0.058002
0.365253 1.3639 1.51436
1.7795 0.471393 0.472194
0.696912 0.199857 0.516675
0.186568 0.077577 1.09954
0.103588 0.375801 0.71196
1.50421 0.883716 0.233993
0.150671 0.321477 0.773751
0.867126 1.05007 0.205999
1.55458 0.850905 0.29187
0.125187 0.0994287 1.1385
1.15921 1.11753 0.659856
1.26403 1.0794 0.675708
0.534759 0.752295 1.40959
1.1665 0.0294923 0.337833
1.59763 0.439425 0.897957
1.02223 0.109684 0.059262
0.91425 0.697107 0.0604953
0.20137 0.239283 1.39125
0.248613 0.799665 1.51433
0.511722 0.969084 0.728661
0.502605 0.937686 0.529314
0.493758 0.861402 0.417147
1.82149 0.667986 0.267175
1.73503 0.62202 0.466218
1.05151 0.370824 0.0644049
0.989802 0.356136 0.0636993
0.969069 0.380955 0.0624429
0.758328 0.372147 1.047
0.995454 0.268074 0.0705651
0.565923 0.782835 1.5725
1.32548 0.43833 0.0162257
0.745704 0.237917 0.891384
1.38033 0.182038 0.846957
1.27851 0.870936 0.0109991
0.608484 0.611505 0.0204298
1.40991 1.01778 0.592884
1.06314 0.207865 0.0195327
0.450801 0.652629 1.5104
0.670188 0.65994 1.43741
0.143773 0.783774 0.723108
0.411456 0.885279 0.953394
0.251233 0.819156 1.33455
1.11799 1.09225 0.268798
0.96624 1.17561 0.606489
1.15 0.648381 1.17511
0.147223 0.673932 1.39283
0.27361 1.23081 1.57043
0.796089 0.414072 0.0511704
0.805185 0.701685 0.0593778
1.31111 0.600564 1.15725
1.42911 0.696024 1.07456
1.53714 0.226848 0.407031
1.35891 0.723651 1.10547
0.61197 0.889452 1.00091
0.733824 0.897369 0.97935
0.988668 0.80136 1.08412
1.52271 0.940374 0.530436
0.837234 1.08735 0.33549
0.946599 0.978897 1.64847
0.0961938 0.6879 0.996909
0.0896298 0.487149 0.924153
0.109415 0.44916 0.597999
0.187145 0.684693 1.43314
0.370263 0.838275 0.991965
1.4298 0.983583 0.689316
1.17919 0.973401 0.820893
0.35865 0.882708 0.473169
1.18075 1.1051 0.360684
0.943557 1.09693 0.2358
1.02652 1.09167 0.215425
1.46795 0.98865 0.472149
0.0758841 0.636189 0.677838
1.37811 0.715461 0.0179982
1.0914 1.05655 0.157632
1.48762 0.972801 0.488463
1.39864 0.241872 0.0588693
0.998493 0.565545 0.0600717
0.381324 1.04717 1.56109
0.288103 1.06663 1.64826
1.39526 0.412311 1.09888
1.18463 1.00553 0.781425
0.0829989 0.456024 0.645348
0.821295 0.246747 0.927816
1.7334 0.528825 0.125574
1.77902 0.60351 0.167476
1.72175 0.766362 0.254785
0.213838 0.888936 1.52777
1.05299 0.632601 1.16481
1.11949 0.0201758 0.441945
0.372882 0.423474 1.47412
1.08123 0.0291103 0.703944
0.870582 0.0733821 0.501081
1.45203 0.367047 0.058269
1.52491 0.553554 1.0148
0.599553 0.27567 0.951828
0.301587 0.813438 1.12134
1.25615 0.830115 0.0235283
0.458739 0.633189 0.25259
0.437994 0.38907 0.00936474
0.0882198 0.140043 1.13381
1.19927 0.0318192 0.566184
0.186565 0.821154 0.609951
0.0371913 0.334173 1.15931
0.0137902 0.554424 1.08624
0.288178 0.463704 0.364989
0.0772749 0.588432 1.2668
1.63527 0.792996 0.5205
0.794661 0.874695 1.76205
1.08857 1.07033 0.181092
1.3403 0.935103 0.0526071
1.40066 1.02553 0.375666
0.211149 1.23624 1.67815
1.47379 0.735186 1.02526
1.67876 0.436542 0.621123
1.1315 0.025738 0.663285
1.51445 0.943677 0.582588
0.789753 1.01093 0.334215
0.806442 0.323505 1.01089
1.05666 0.0829413 0.214057
0.723636 0.236365 0.307368
0.579243 0.182191 0.712386
0.563925 0.195005 0.805326
1.36288 0.604725 1.13312
0.851628 1.16433 0.514011
1.01161 1.12342 0.724536
0.941088 1.08194 0.751374
0.151559 0.406548 0.536949
1.55288 0.583284 0.980556
0.1853 0.322899 0.54732
0.0485616 0.260401 1.17292
1.29195 0.090624 0.301029
0.91248 0.0206262 0.621972
0.559557 0.610713 1.22653
0.653178 0.739305 1.12695
1.17995 0.606081 0.0099549
1.50971 0.929007 0.335784
1.59732 0.784677 0.82848
1.10663 0.0854229 0.196854
1.09038 0.137959 0.13551
0.292419 1.2125 1.69331
0.746607 1.04896 0.510603
0.252924 1.23144 1.71589
1.19697 0.558903 1.18265
1.24877 0.310941 0.0491301
1.27142 0.363741 1.1294
1.09662 1.13124 0.689301
0.198595 0.774612 1.01416
1.45117 0.673857 1.06438
1.21961 0.317274 0.0685392
1.6548 0.47862 0.0901815
1.4331 0.561429 1.09496
1.39667 0.484515 1.11501
1.41897 1.01145 0.392373
1.17044 1.07753 0.258152
1.09939 0.762084 0.0680175
1.47808 0.255023 0.86955
0.88707 0.919254 0.0510279
0.60969 0.485199 1.14182
0.581097 0.306435 0.0143044
0.451131 0.310845 0.0125558
1.40753 0.127067 0.444465
0.454128 0.824097 1.05401
0.704634 0.743304 1.11219
0.808074 1.0297 0.297847
0.713592 0.675204 1.46704
0.730065 0.739044 1.63379
1.47267 0.980427 0.538947
1.38775 1.03118 0.514383
1.4183 0.156251 0.302844
0.742254 0.390132 1.0637
0.691023 0.39483 1.08147
1.12553 0.925593 0.0110726
0.362997 0.812151 1.1035
0.926514 0.44916 0.0588531
1.38272 0.13433 0.272974
0.615105 0.419607 1.09129
0.59868 0.754731 0.00388731
0.253399 1.29512 1.67128
0.188298 0.759687 1.25645
0.0932985 0.238631 1.31024
0.598497 0.823908 1.09092
0.155385 0.754836 0.571578
1.3524 0.813864 0.0250143
0.184548 0.824781 0.683862
1.17332 0.632904 0.0110426
1.58873 0.891039 0.602118
0.342816 1.17625 1.64568
0.922254 1.14483 0.692781
1.18251 1.10748 0.678207
0.97392 0.0469227 0.727257
1.03628 0.197586 0.93744
0.386421 1.37641 1.55833
0.261483 0.806016 0.472071
0.362901 0.250449 0.100744
1.51078 0.236003 0.275309
1.30697 0.147125 0.195764
1.47206 0.627825 1.05988
0.788583 0.239948 0.397404
0.824904 0.75774 1.4771
1.62843 0.581706 0.868641
0.251134 0.430158 1.47442
1.40513 1.01457 0.623466
1.12788 1.07665 0.217451
1.40956 0.216053 0.135071
1.6145 0.794448 0.357675
1.42443 0.883941 0.901485
0.434037 0.900387 0.463443
1.57327 0.260272 0.358641
0.339672 1.30188 1.70928
0.514266 0.646905 0.00214368
0.355113 0.812916 1.04892
1.21509 0.971451 0.0220224
0.753903 0.66447 1.11221
0.210804 0.164449 1.32739
0.93009 0.966813 0.891897
0.874905 0.975834 0.874347
0.16169 0.692976 1.38764
1.37684 1.04867 0.424248
1.48846 0.233477 0.253254
0.922899 0.0828933 0.0363543
1.20654 1.09738 0.373236
0.898638 1.13152 0.34641
0.937659 0.408732 1.11623
1.03946 1.00804 0.798246
1.03584 1.10451 0.242922
1.06563 1.10379 0.274144
0.923718 0.88566 1.00578
0.753939 0.913716 0.956991
0.960417 0.370305 1.10722
0.239401 0.67812 0.413166
1.33724 0.134851 0.239874
1.68001 0.679986 0.626673
1.09177 1.15139 0.547494
0.652986 0.908331 0.961824
0.367431 0.377625 1.46569
0.903369 1.15753 0.40758
0.592527 0.629556 1.54112
1.10719 1.13619 0.661725
0.0194102 0.375171 1.12025
1.28052 1.07794 0.652659
0.0400764 0.32196 0.992781
0.0609366 0.33633 0.97494
0.0328269 0.457419 1.19785
0.627102 0.660168 1.1471
0.0784458 0.41829 0.718176
0.848172 0.8262 1.04728
0.816675 0.78102 1.06947
0.571155 0.753198 1.13407
0.672066 0.303543 0.0128629
0.715083 0.691896 0.035658
1.78841 0.729951 0.301887
1.16538 0.933828 0.980991
0.094746 0.385062 1.41442
1.32789 0.0721515 0.484848
1.17894 0.0739557 0.211288
0.795117 0.986802 0.812541
1.48693 0.705243 1.02718
0.0976314 0.57231 0.909312
0.177153 0.754314 1.22925
0.20768 0.676209 0.450816
0.571299 0.797745 1.51506
1.34721 1.05059 0.528513
1.37808 0.0915279 0.581895
1.48219 0.183012 0.482109
0.509292 0.896124 0.463137
1.66962 0.727242 0.617562
0.0145296 0.384585 1.09127
1.62908 0.802212 0.426024
0.289234 0.128756 1.24383
0.182009 0.826851 0.714096
1.25767 0.944472 0.889149
0.937929 0.780684 1.08519
1.48877 0.964962 0.553401
0.058611 0.369774 1.35748
0.214293 0.809832 1.45659
1.22855 1.05643 0.213089
0.291421 1.27179 1.49887
1.46559 0.466092 1.06413
1.58118 0.266483 0.445329
0.63291 0.822504 0.00894402
0.180256 0.424233 0.488178
0.266219 0.550014 0.370839
0.25826 0.869349 1.34614
1.38336 0.30555 0.030324
1.06567 0.034929 0.338199
1.32669 0.272539 1.01088
0.250012 0.889035 1.36266
0.872721 0.135192 0.394728
0.718524 0.492315 1.11949
0.950466 0.0188027 0.580767
1.38546 0.779739 1.05933
1.43624 0.134434 0.653247
1.45397 0.1513 0.673779
0.33522 0.82902 1.51219
0.864462 0.105374 0.719391
0.491904 0.505254 0.281759
0.376077 0.600531 0.314466
1.14992 0.0638355 0.228301
1.07819 0.187802 0.917223
1.23272 0.262114 1.03456
0.679698 0.34932 1.04399
0.990876 0.450588 1.14847
1.10765 0.0325224 0.7053
1.60069 0.821457 0.352575
0.106573 0.403212 0.637362
0.315594 0.812817 1.09868
1.01548 1.16644 0.618555
0.396321 0.377604 0.123163
1.27337 0.982071 0.788253
1.45559 0.945324 0.762624
1.23583 0.0447933 0.355587
1.01551 0.717852 1.13896
0.302637 0.709899 0.0850803
1.34879 0.0863991 0.470142
1.39003 0.109272 0.628782
1.2472 0.0473979 0.386931
0.240781 0.95319 1.39125
0.226454 0.816843 1.50215
0.709341 0.595551 1.13445
1.00822 0.0813231 0.249053
1.04697 0.455283 1.16258
0.875757 0.0598464 0.0938322
0.933993 0.084681 0.129224
1.32927 0.132797 0.77076
0.354615 0.652383 1.46113
0.496653 0.792771 0.282279
1.45965 0.952788 0.233397
0.0949101 0.297743 1.35939
0.829815 0.12337 0.0184974
1.58729 0.770049 0.151292
0.363741 1.31367 1.49859
0.762429 0.284302 0.0460653
1.53281 0.258164 0.268571
0.70878 0.439563 0.0165667
0.715848 0.326304 0.0166882
0.963939 0.635076 0.0607722
1.28674 0.152702 0.17093
0.67266 0.642315 1.14091
1.0429 1.16203 0.603981
0.291199 0.213286 1.37802
0.691692 0.86454 0.0412911
1.25851 0.261265 1.0202
1.50278 0.523338 1.0362
0.999909 0.171092 0.0170468
0.88149 0.597525 1.12826
1.23208 1.06663 0.237983
0.702513 0.973257 0.00361587
1.56867 0.540102 0.958389
1.66335 0.392385 0.502842
1.33123 0.976938 0.801468
0.330969 0.90795 0.755493
0.126787 0.673056 0.911766
0.148874 0.341334 0.823236
0.389859 0.856425 0.981771
0.422313 0.860751 0.424143
0.849087 0.865194 1.01443
0.211537 0.850614 0.753123
0.0717549 0.612222 0.696969
0.239556 0.87687 0.603726
0.144005 0.775338 0.751443
1.43765 0.972978 0.242198
0.123508 0.679872 0.885123
0.0202596 0.413679 1.15981
0.584439 0.80934 0.00278721
0.914094 0.563382 1.13841
1.14118 0.0161463 0.572457
0.103441 0.642111 0.866604
1.22382 1.10716 0.58839
0.171851 0.317586 0.572202
0.215482 0.525075 0.419643
1.36933 1.0389 0.530334
0.495654 0.181715 0.755943
1.07087 1.15597 0.528528
1.10011 0.945162 0.0086019
0.24649 0.227263 1.39154
1.85528 0.465378 0.339375
1.41608 0.576978 0.0233996
1.23808 0.678261 0.0114058
1.08069 0.709362 0.0653625
1.21971 0.184006 0.0190926
1.37633 1.03077 0.328524
0.962802 0.847227 0.0664419
0.67596 0.371322 0.0106864
0.798417 0.524889 0.0339462
1.31763 0.633594 1.15142
1.57142 0.246455 0.687666
1.32272 0.408354 0.0161663
1.16672 0.439005 1.16982
0.118949 0.196875 1.29789
1.35916 0.517116 0.0290864
0.0080094 0.530541 1.06865
0.160506 0.347769 0.871674
0.910335 0.83865 1.03907
0.0873474 0.664107 0.685605
1.57273 0.296346 0.78396
0.661923 0.613575 1.14476
1.14621 0.252279 1.04059
0.765453 0.932331 0.915039
0.431628 0.611916 1.484
1.4374 0.333432 1.02067
0.158415 0.32256 0.916743
0.133004 0.291805 1.39101
0.711318 0.380013 1.06769
0.326568 0.856488 0.913011
0.228105 0.561459 1.47213
0.325989 0.158112 1.21606
1.32733 0.162867 0.846531
1.53316 0.227031 0.346653
1.48418 0.167745 0.541461
1.19917 0.0317082 0.379326
0.663387 0.410358 1.08946
1.39883 0.179167 0.828801
1.44568 0.783972 1.01376
1.43497 0.252203 0.914814
0.136815 0.33603 0.700197
1.10097 0.109892 0.175103
0.604161 0.220928 0.87993
0.214271 0.694917 1.45044
1.616 0.798021 0.744069
0.752049 0.286056 0.959778
0.994965 0.428904 0.06081
0.911739 0.927324 0.0359535
0.99243 0.27085 1.04516
1.55273 0.285909 0.263228
0.268534 0.797964 0.991455
1.02277 0.121114 0.0289836
1.45277 0.992373 0.580959
0.873966 1.04331 0.175516
0.99627 0.289195 1.06492
0.133703 0.339972 0.933195
1.13447 0.235663 1.02052
1.50474 0.188555 0.625503
1.53009 0.202402 0.613188
1.47407 0.363249 1.016
0.191966 0.687408 0.470157
0.117396 0.46614 0.557862
1.55078 0.69162 0.0575634
1.68898 0.324009 0.229241
0.15646 0.466074 0.506712
0.997122 0.182108 0.846801
1.21238 1.09751 0.399585
0.837657 0.189064 0.841425
0.526167 0.466734 0.228618
1.33007 0.0956064 0.693867
1.05376 1.11193 0.294801
0.888984 1.09264 0.273225
0.499029 0.28281 1.12832
1.14795 1.03377 0.147297
1.16984 1.04394 0.159306
1.14423 1.01403 0.127769
0.551652 0.889575 0.997623
1.07122 1.00636 0.0393738
0.961767 0.392304 1.11893
0.729942 0.520329 1.12343
1.63377 0.701349 0.829719
1.56296 0.237007 0.518574
1.59367 0.272369 0.54927
1.44514 0.245921 0.144595
0.278292 0.918927 1.3436
0.275423 1.21653 1.54376
1.00927 0.982869 0.864378
0.205469 0.911205 1.51496
0.885567 0.915612 1.58516
0.7914 0.194406 0.514473
1.59006 0.284842 0.352755
0.038172 0.504258 1.33152
1.37578 0.322047 1.05632
0.195249 0.745329 1.34937
0.888171 0.934143 0.946695
0.0896307 0.296872 0.945804
1.64792 0.600906 0.82716
0.106111 0.701427 0.783309
0.274223 1.21165 1.45266
0.508605 0.53229 0.00821286
0.313044 0.808884 1.19377
0.985449 0.781596 1.09967
0.818358 0.823992 1.04459
0.936225 0.846231 1.03659
1.14305 0.847938 1.06118
0.715047 0.518151 0.0172221
1.31502 0.822036 1.06665
1.08667 0.963786 0.926745
0.265041 1.14244 1.50449
1.2089 0.948255 0.920616
0.705039 0.950232 0.878205
0.489183 0.838248 0.395406
0.553032 0.867558 0.392466
0.114808 0.654123 0.928206
0.85878 0.847764 1.03184
0.171078 0.767556 0.552012
1.00655 0.306231 1.08227
0.113788 0.689145 0.84084
0.933351 1.02553 0.0275533
1.16478 0.454734 0.0297286
1.31599 1.05301 0.290908
0.0778959 0.633966 0.754653
0.0623778 0.543597 0.741954
0.32319 0.886035 1.33081
0.296966 0.814245 1.14584
0.304254 0.0850659 1.11691
0.287047 0.829959 0.928392
0.328722 0.917334 0.67335
0.0617805 0.651585 1.18101
0.417378 0.899259 0.928653
0.985959 1.16798 0.503238
1.06884 1.15815 0.558411
0.0581436 0.538878 1.28169
0.0434247 0.519969 1.35722
1.59489 0.839451 0.373656
0.869385 0.62319 1.12275
1.00945 0.431472 1.14919
1.38123 0.953832 0.130552
0.858858 1.09976 0.32454
1.06794 1.13027 0.348999
0.980457 1.11824 0.277511
1.24317 1.08656 0.410481
1.04335 1.15464 0.488073
0.556029 0.642924 1.56481
1.53894 0.768831 0.940317
1.37945 0.428619 1.11101
1.44038 0.377379 1.05365
1.52134 0.192638 0.559539
1.39295 0.169505 0.231788
0.47535 0.816939 1.06688
1.33933 0.305805 0.0188351
0.81744 0.143685 0.522309
1.25275 1.08971 0.62079
1.81602 0.697482 0.320877
0.654315 0.900522 0.00632292
0.393099 1.34993 1.64132
1.019 0.0404814 0.416199
0.782706 0.908379 1.69698
0.720279 0.218629 0.844503
0.851238 0.790167 0.0614061
0.810714 0.914613 1.60631
1.16903 0.430695 0.0427551
0.15589 0.628002 1.43927
0.221839 0.98046 1.58891
1.24938 0.123808 0.787386
1.48699 0.219681 0.277185
0.279684 0.234428 0.914454
1.36898 0.26703 0.979143
0.3612 0.384423 0.365466
1.18427 0.387273 1.15167
0.772989 0.922899 0.252672
0.444504 0.845343 0.410478
1.47043 0.961074 0.312864
1.53789 0.568521 1.00011
0.391443 0.704292 0.151863
1.27108 1.00894 0.143586
1.32191 0.865887 1.0215
0.747318 0.21452 0.851709
0.383244 0.900156 0.887541
0.762996 0.442026 1.08579
0.0292625 0.417915 1.18222
0.436113 0.957951 0.668448
0.653586 0.34005 1.0307
0.331185 1.21958 1.42442
0.884817 0.788454 1.55336
1.44086 0.986109 0.663762
1.66178 0.756699 0.622752
1.589 0.857058 0.395541
1.03645 0.202213 0.0186609
0.971409 0.180724 0.828603
0.783042 0.0767613 0.041574
0.825024 1.0576 0.298581
1.17361 1.12831 0.505731
0.408948 0.173027 0.623511
0.530214 0.231414 0.880029
0.145943 0.564276 0.50679
1.0164 1.16315 0.555852
1.20715 0.963708 0.837141
1.30347 1.04031 0.226654
1.22979 0.0420468 0.409089
1.08918 0.0167095 0.603639
1.27975 0.112711 0.212425
1.02865 0.081672 0.231593
0.876009 0.117828 0.184307
1.54658 0.872379 0.752085
0.284137 0.617493 1.47131
1.41531 0.111733 0.530121
1.47931 0.165276 0.575577
1.45505 0.248408 0.889824
1.20607 0.969075 0.813489
0.428106 0.599064 0.00283515
0.975507 0.876558 1.59683
0.366843 1.15458 1.44639
1.38264 0.508425 1.12393
0.739182 0.328449 0.0312546
0.37725 0.880458 1.48601
1.02041 0.263364 0.0709416
1.26154 0.165563 0.113111
0.639222 0.196007 0.727473
0.585708 0.435831 0.0109688
1.38584 0.12783 0.323778
0.896898 0.448491 0.0577257
0.701412 0.298555 0.0141257
1.07849 0.863922 0.0664605
1.1021 0.20616 0.965745
0.778626 0.710883 0.0598812
0.977868 0.681108 0.0614979
1.4159 0.150086 0.355371
0.646761 0.459672 1.11217
1.18716 0.215659 0.970281
0.955467 0.0889452 0.761205
0.460704 0.830967 0.054714
1.30808 0.0939711 0.343338
1.06312 0.735135 0.0662142
0.51765 0.421959 0.00502995
0.67848 0.513255 1.13064
0.77652 0.0758736 0.0687192
1.15644 1.12124 0.454683
1.48073 0.195874 0.428778
0.35781 0.925818 0.722934
0.501057 0.96006 0.574548
0.695184 0.927834 0.489501
0.805461 0.762381 1.5577
1.48248 0.966954 0.431295
1.17064 0.830223 0.0681435
1.30371 1.07899 0.431013
0.292676 0.81063 1.17195
0.395835 0.962808 1.4751
1.25112 0.0823254 0.235708
1.6659 0.618525 0.780927
0.0623106 0.332388 1.30875
0.83682 0.995778 0.793281
1.11491 0.708567 0.066183
1.39419 0.853572 0.989934
0.959709 0.662895 0.0610536
0.0422823 0.469704 1.21814
1.27313 0.905073 0.985248
0.0114611 0.435819 1.144
1.0613 0.968595 0.923127
1.09853 0.0576315 0.238014
1.1153 0.924018 0.977166
0.595041 0.595158 1.1759
1.16596 0.814854 1.09536
0.87855 0.293437 0.0659643
1.15909 0.0170688 0.59262
0.838917 0.884109 0.992712
0.987372 0.083946 0.269624
0.620805 0.884643 0.389544
0.632046 0.895929 0.980304
0.16218 0.749802 0.881904
0.962538 0.0893631 0.0821937
1.49898 0.42249 0.0507168
0.193065 0.789558 0.869265
0.68424 0.862053 1.62554
0.26256 0.168805 1.33434
0.385902 0.799917 1.19259
0.280154 1.04095 1.37312
0.192129 0.735978 1.37569
0.248161 1.07865 1.41915
1.68295 0.451242 0.599217
1.70847 0.510774 0.484866
0.185084 0.342501 1.44113
0.479487 0.951426 0.818997
1.63133 0.551598 0.85866
1.37654 0.126488 0.370365
0.267937 0.678732 1.47259
0.576267 0.706284 0.00354213
0.634392 0.562392 1.14894
1.4142 0.125164 0.466143
1.56025 0.780033 0.896229
0.360534 0.851568 0.965766
0.144916 0.728121 0.986193
1.05847 0.0189594 0.615207
1.14615 0.0519855 0.741282
0.303093 1.3092 1.47587
1.27921 1.07826 0.602742
1.10848 0.281232 1.07574
0.85398 0.552768 0.0561879
0.100234 0.615426 1.38964
0.702165 0.857163 0.194173
1.17034 1.12294 0.604515
1.32963 1.03702 0.687195
0.361794 1.26338 1.48404
0.355332 1.2889 1.4781
1.23838 0.158947 0.126236
0.230084 0.881424 1.54736
0.30396 1.02527 1.6287
1.2962 0.112866 0.232848
1.40894 1.01955 0.561171
1.39784 0.128658 0.420792
1.06747 1.15702 0.623778
0.970077 1.15326 0.680883
0.327609 0.23329 0.858726
0.714936 0.178725 0.752373
0.781128 0.683562 0.0588006
0.865743 1.1687 0.586683
0.743808 1.02077 0.629418
1.65128 0.322494 0.279293
1.23044 1.07366 0.279784
1.21933 0.616806 1.17794
1.09059 0.197451 0.941886
1.18087 0.684951 1.16806
0.115601 0.742725 0.689541
0.101811 0.698097 0.635106
1.44132 0.203262 0.251448
1.21251 0.380298 1.14745
1.50143 0.835533 0.912879
0.503514 0.965721 0.624987
0.408792 0.809493 1.08081
1.69183 0.599004 0.621348
1.62569 0.786234 0.384402
0.0867777 0.532209 0.628593
0.735468 0.889191 1.58582
0.313851 0.712119 1.47194
1.65256 0.365577 0.608226
0.274504 0.47307 1.47866
1.50856 0.264341 0.224558
0.810912 0.976047 0.868458
1.74309 0.759762 0.277139
0.297872 0.895419 1.57374
1.08002 0.784566 1.12303
0.391959 0.255476 1.33445
1.28055 0.0495873 0.538374
1.34941 0.133192 0.750405
0.1674 0.783933 0.821298
0.0612726 0.396267 0.978504
0.0811404 0.701835 1.05166
0.629043 0.533136 1.14429
0.120104 0.649728 0.554991
0.148705 0.115453 1.03784
1.25694 0.989274 0.0886935
1.32231 1.06345 0.513525
0.862179 0.0597453 0.048123
0.806601 1.12206 0.464616
1.1878 0.298639 1.08622
1.40763 0.532503 0.0318717
0.756201 0.493611 0.00811401
0.796308 0.497721 0.0333309
1.14013 0.725244 0.0656466
1.28381 0.261412 1.00456
0.653379 0.187743 0.642021
0.644469 0.780783 1.67779
0.48852 0.632211 1.52824
1.50749 0.550959 1.03287
0.806013 0.286793 0.96963
0.256703 0.891918 0.610389
0.115528 0.219957 1.31818
0.118633 0.717108 1.1941
0.725196 0.977316 0.797229
1.44489 0.157861 0.473397
1.22605 0.453489 1.1705
1.15876 1.00155 0.0913353
1.68942 0.503379 0.591453
1.44138 0.318717 1.0008
1.39501 0.280864 0.985596
1.38694 0.199761 0.116169
0.157499 0.276784 1.39646
0.779874 0.921858 0.938334
0.80406 0.958908 0.893451
0.956484 0.829056 1.05153
1.35458 0.206472 0.0430962
1.25581 1.03768 0.184651
0.0873006 0.539973 0.87402
0.764769 0.228171 0.432966
0.0462471 0.632718 1.07676
0.0955107 0.577182 0.601656
0.73212 0.775236 1.08387
1.44583 0.137634 0.622377
0.118834 0.635094 1.40468
1.13999 0.92961 0.980577
1.69403 0.624804 0.546324
1.54874 0.901932 0.393159
0.789822 0.161814 0.0176738
1.12768 0.63153 0.0392238
0.735294 0.677442 0.0436821
0.309549 0.747513 0.0539487
1.41539 0.125926 0.665184
1.01915 1.13636 0.354873
0.724446 0.396951 0.0109235
0.855399 0.428433 0.0572322
0.109964 0.381483 0.804426
0.247388 0.552942 0.388725
1.12279 0.0504255 0.248117
0.379041 1.23085 1.61206
0.386607 0.216754 0.857622
1.0944 0.0551547 0.267209
0.862998 0.954747 1.68313
0.335871 1.16278 1.41211
0.928875 1.10315 0.736461
0.193074 0.448473 1.46732
0.58587 0.737298 1.63363
0.365397 1.27349 1.65847
0.359562 0.875178 1.51123
0.948366 0.0852774 0.107724
1.16774 0.114586 0.16237
1.23744 1.09249 0.672951
0.391041 1.12488 1.49139
1.46703 0.158678 0.523758
0.358617 1.19552 1.63349
1.22583 0.70296 0.0105478
1.40671 0.778404 0.069693
1.29749 0.907005 0.970044
1.08418 0.126022 0.161014
0.0706215 0.657891 1.20636
0.947463 1.14099 0.701382
0.829098 0.965853 0.891192
0.802131 0.858225 1.01834
0.22572 0.270072 0.882015
0.193916 0.301173 0.562092
1.21775 0.143231 0.138796
1.8294 0.412263 0.341364
1.01099 0.0423492 0.338586
0.907572 0.209989 0.908988
0.453174 0.482031 1.46269
1.21325 0.251594 1.02099
1.06969 0.147321 0.809385
0.913674 0.261135 0.996489
1.01777 1.01597 0.791406
1.07525 0.310656 1.09856
1.02769 0.336162 1.10773
0.367941 0.229664 0.874986
1.33724 0.616194 1.1447
1.40586 0.637149 1.10569
1.43115 0.624435 1.09096
0.206481 1.05001 1.60564
1.04028 0.419964 0.0619452
0.830478 0.21578 0.887352
0.455625 0.267145 0.410067
0.485139 0.162676 0.634476
0.502407 0.161729 0.655317
0.869238 0.248785 0.959766
0.152008 0.338538 0.581034
0.42624 0.950112 0.696693
0.87657 0.966339 1.73183
1.79558 0.374172 0.3285
1.43975 0.995106 0.31845
1.15572 1.1158 0.371649
0.350913 0.532338 0.0731376
0.0620832 0.54639 1.30784
0.426012 0.301995 1.29972
0.5829 0.618798 1.18419
1.47953 0.251601 0.211791
1.46526 0.21905 0.252412
0.335682 0.871992 0.886725
0.388218 0.921762 0.522621
0.387306 1.1948 1.52844
1.36045 0.132973 0.255114
1.03767 0.981168 0.870231
1.44589 0.481386 1.082
0.261068 0.704991 1.47802
1.86123 0.566763 0.295596
0.345357 0.838605 0.441504
0.970518 0.28339 1.05071
1.19383 0.124734 0.152017
0.224129 0.746001 1.46511
1.12578 1.11953 0.365994
1.66345 0.730008 0.479436
0.236142 1.04627 1.5141
1.03354 0.744948 0.065226
1.45515 0.910869 0.837486
1.05268 0.559212 0.0610344
1.68641 0.67221 0.521958
1.48847 0.397242 0.0599556
0.233949 0.801531 1.14676
0.549444 0.334236 1.05756
0.838032 1.00351 0.765522
0.431076 0.812601 1.0661
0.132191 0.719202 1.21982
0.0788592 0.625746 0.955842
0.844299 0.474132 0.0554676
1.27027 1.07853 0.402123
1.22141 1.09744 0.423864
1.25098 1.09136 0.44142
1.07614 0.951003 0.946488
0.978954 0.951903 0.915609
0.891207 0.796362 1.07196
0.946518 0.804051 1.0674
0.0320544 0.594855 1.14319
0.0768471 0.631551 0.648567
0.781635 0.571317 1.11267
1.25983 0.751887 1.13041
0.149297 0.698262 1.31096
0.0294353 0.356376 1.03876
1.0177 0.455442 1.15643
1.08861 0.525879 0.0585852
1.05726 0.53193 0.0604668
1.18501 0.497283 1.1798
0.0680898 0.453357 0.689265
1.33064 0.996339 0.15885
1.10626 1.01051 0.0890331
0.973785 0.813297 1.06689
0.867198 0.4074 0.0581151
0.392163 0.623004 1.46861
1.02536 0.950547 0.940212
0.959253 0.270445 1.03154
0.846933 1.08067 0.302358
1.29974 0.894372 0.992661
1.3172 0.910242 0.950094
1.39849 1.02106 0.347274
0.0921213 0.492882 0.871035
0.241348 0.834045 0.85596
0.263885 1.15905 1.42424
0.389988 0.897909 1.43231
0.268144 0.793896 1.27816
3 7751 1373 0
3 0 1373 10840
3 3830 7751 0
3 3830 0 8782
3 8782 0 9211
3 0 10840 9211
3 3239 1 5
3 1 5322 5
3 1 3239 1560
3 10275 1 1560
3 10275 5322 1
3 2 288 7093
3 2 9479 288
3 2 1264 9479
3 2 10725 1264
3 2 7093 5224
3 2 5224 10725
3 3 6386 1830
3 3 1830 7020
3 3 6710 6386
3 3 6712 6710
3 3 7020 6712
3 39 4 4789
3 39 5078 4
3 4 1478 540
3 4 540 8240
3 4 5078 1478
3 4 8240 4789
3 3239 5 10407
3 5 6074 4697
3 10407 5 4697
3 5322 6074 5
3 14 6 9
3 6455 9 6
3 14 519 6
3 4473 6 519
3 8334 6 4473
3 6455 6 9374
3 9374 6 8334
3 182 7 115
3 8561 115 7
3 182 6724 7
3 2349 7 3733
3 8561 7 2349
3 3733 7 6724
3 3029 1089 8
3 1089 7281 8
3 3029 8 3031
3 3031 8 10913
3 9874 8 7281
3 10913 8 9874
3 518 14 9
3 516 9 6455
3 516 9822 9
3 518 9 9822
3 10 164 2683
3 10 6888 164
3 10 2683 1697
3 10 1697 5417
3 10 5417 2916
3 10 2916 6888
3 4035 4936 11
3 7130 4035 11
3 7130 11 4296
3 4296 11 8847
3 11 4936 10095
3 11 10095 8847
3 12 2058 7167
3 8927 2058 12
3 12 7167 2170
3 12 2170 9979
3 8927 12 7903
3 7903 12 9979
3 600 3790 13
3 9187 600 13
3 13 6927 2703
3 9187 13 2703
3 3314 13 3790
3 3314 7415 13
3 7415 6927 13
3 518 8510 14
3 14 2989 519
3 8510 2989 14
3 6624 15 1203
3 9403 1203 15
3 3640 15 2649
3 2649 15 6624
3 3640 7696 15
3 9403 15 7696
3 16 28 5918
3 16 8349 28
3 16 5918 6317
3 16 6317 6133
3 16 6133 9482
3 16 9482 8349
3 31 8923 17
3 31 17 10942
3 1098 4791 17
3 1098 17 8923
3 1665 17 9822
3 1665 10942 17
3 17 4791 9822
3 45 18 6361
3 45 6475 18
3 5359 18 3449
3 6475 3449 18
3 6921 18 5359
3 6921 6361 18
3 19 4920 5229
3 10948 4920 19
3 19 5229 9568
3 19 9568 8318
3 19 8318 10397
3 10948 19 10397
3 9267 513 20
3 20 513 10510
3 9267 20 8225
3 10114 8225 20
3 10872 10114 20
3 10872 20 10510
3 555 21 2241
3 21 555 6883
3 3078 2241 21
3 6098 3078 21
3 6883 6098 21
3 269 22 4225
3 6382 22 269
3 2170 22 6219
3 7167 22 2170
3 7167 4225 22
3 6382 6219 22
3 8200 23 5082
3 9972 5082 23
3 10819 7902 23
3 10972 23 7902
3 8200 10819 23
3 10972 9972 23
3 6286 24 4627
3 24 7462 4627
3 6286 7747 24
3 6404 24 7747
3 6404 7977 24
3 24 7977 7462
3 25 6800 9473
3 25 10598 6800
3 25 9474 9444
3 25 9444 9717
3 25 9473 9474
3 25 9717 10598
3 30 26 113
3 30 6311 26
3 106 1280 26
3 6311 106 26
3 113 26 8938
3 26 1280 8938
3 27 8377 1264
3 10725 27 1264
3 27 1272 8377
3 27 11078 1272
3 10725 9702 27
3 9702 11078 27
3 28 8341 5918
3 6050 8341 28
3 6050 28 8349
3 1681 29 2472
3 1681 7218 29
3 2472 29 8169
3 29 7218 3580
3 9498 29 3580
3 9498 8169 29
3 30 113 8887
3 30 1216 6311
3 30 10730 1216
3 30 8887 10730
3 31 502 6158
3 31 10942 502
3 31 6158 8923
3 32 744 3681
3 32 5819 744
3 32 3681 961
3 32 961 6886
3 32 5818 5819
3 32 6886 5818
3 330 1168 33
3 2134 330 33
3 1168 4185 33
3 6597 2134 33
3 4185 5746 33
3 6597 33 5746
3 8083 34 672
3 34 8467 672
3 34 951 6241
3 8083 951 34
3 5284 34 6241
3 5284 8467 34
3 3131 3111 35
3 3742 35 3111
3 3131 35 3581
3 5047 3581 35
3 3742 5647 35
3 5047 35 5647
3 36 3380 6088
3 36 9194 3380
3 4702 36 4229
3 4229 36 6088
3 4702 8877 36
3 8877 9194 36
3 3232 7947 37
3 8250 3232 37
3 37 6533 7043
3 8229 6533 37
3 9030 37 7043
3 8229 37 7947
3 9030 8250 37
3 38 933 3354
3 933 38 7253
3 3923 2447 38
3 38 2447 7253
3 38 3354 4886
3 4886 3923 38
3 2695 39 5062
3 2695 5078 39
3 39 4789 7332
3 39 7332 5062
3 40 213 2598
3 8416 213 40
3 1388 40 2598
3 2784 40 1388
3 9313 40 2784
3 8416 40 5980
3 5980 40 9313
3 41 5282 2407
3 8103 41 2407
3 41 8415 5282
3 6835 41 5762
3 8103 5762 41
3 6835 8415 41
3 42 1749 9841
3 42 10987 1749
3 1774 42 4816
3 1774 10987 42
3 42 2413 9121
3 42 9841 2413
3 42 9121 4816
3 512 43 59
3 59 43 8381
3 512 5972 43
3 648 5204 43
3 5972 648 43
3 5204 4408 43
3 8381 43 4408
3 44 495 2435
3 44 4189 495
3 44 2435 1097
3 44 1097 4849
3 44 6019 4189
3 44 4849 5141
3 44 5141 6019
3 468 45 2075
3 468 6475 45
3 45 10036 2075
3 45 6361 10036
3 3163 46 8117
3 9264 46 3163
3 3442 46 4408
3 3442 8117 46
3 3564 4408 46
3 9264 3564 46
3 47 1726 48
3 8491 47 48
3 47 7530 1726
3 47 9068 7530
3 10755 47 8491
3 10755 9068 47
3 1083 48 5911
3 1083 8491 48
3 10672 48 1726
3 10672 5911 48
3 49 538 1729
3 49 3168 538
3 1083 49 704
3 49 1729 704
3 1083 5911 49
3 49 5911 3168
3 7312 50 2089
3 10596 2089 50
3 5052 50 2132
3 7312 2132 50
3 5052 5869 50
3 10596 50 5869
3 1613 51 2473
3 1613 5565 51
3 2473 51 6606
3 5730 51 5565
3 5730 7376 51
3 6606 51 7376
3 2416 52 1215
3 52 6546 1215
3 52 2416 1964
3 52 1964 6518
3 2005 52 6518
3 2005 6546 52
3 1892 53 7207
3 1892 8427 53
3 53 3167 6744
3 53 8427 3167
3 53 6744 7031
3 53 7031 7207
3 5758 54 69
3 69 54 7625
3 7625 54 4432
3 7905 4432 54
3 5758 6264 54
3 6264 9817 54
3 7905 54 9817
3 557 55 3765
3 557 9791 55
3 55 6456 1867
3 55 1867 8171
3 3765 55 8171
3 55 10834 6456
3 9791 10834 55
3 5990 4951 56
3 7859 56 4951
3 5045 7368 56
3 5045 56 7859
3 6400 5990 56
3 6400 56 7368
3 4316 2700 57
3 57 2700 5400
3 5519 4316 57
3 57 5400 7400
3 5776 5519 57
3 5776 57 7400
3 3003 3167 58
3 3003 58 6896
3 5397 58 3167
3 5397 8381 58
3 8972 6896 58
3 8972 58 8381
3 59 2409 512
3 2409 59 8427
3 59 8381 5397
3 8427 59 5397
3 1761 4398 60
3 10173 1761 60
3 5444 60 2144
3 7375 2144 60
3 7375 60 4398
3 10173 60 5444
3 4324 61 507
3 507 61 10447
3 1109 3521 61
3 4324 1109 61
3 61 3521 1309
3 61 1309 10447
3 1343 3036 62
3 1343 62 6565
3 4844 62 3036
3 4844 4640 62
3 62 4640 10965
3 6565 62 10965
3 1801 63 3871
3 1801 4380 63
3 6448 63 3051
3 10795 3051 63
3 6448 3871 63
3 10795 63 4380
3 64 1011 2136
3 64 6863 1011
3 2721 64 2136
3 2721 9455 64
3 64 8978 6863
3 64 9455 8978
3 6576 65 1507
3 11114 1507 65
3 6576 2808 65
3 10022 65 2808
3 10022 4243 65
3 11114 65 4243
3 66 776 1043
3 66 8088 776
3 3858 66 1043
3 2385 66 5984
3 2385 8088 66
3 3858 5984 66
3 1044 67 2036
3 1044 5623 67
3 6752 2036 67
3 2533 67 5623
3 2533 6750 67
3 6752 67 6750
3 68 7125 877
3 68 877 9824
3 1052 68 2437
3 1052 6854 68
3 68 9824 2437
3 6854 7125 68
3 5758 69 5743
3 5743 69 10175
3 69 7625 10891
3 69 10891 10175
3 70 3072 3770
3 70 9804 3072
3 9199 70 3770
3 7859 4951 70
3 4951 9804 70
3 7859 70 9199
3 71 4389 1193
3 7362 71 1193
3 71 5860 4389
3 5823 71 5325
3 7362 5325 71
3 5823 5860 71
3 72 3769 6441
3 6867 3769 72
3 72 5990 6400
3 72 10176 5990
3 6867 72 6400
3 72 6441 10176
3 73 2992 1777
3 73 1777 8088
3 2385 4458 73
3 2385 73 8088
3 73 3304 2992
3 73 5437 3304
3 4458 5437 73
3 4214 139 74
3 5426 74 139
3 4214 74 8869
3 10401 74 5426
3 8214 8869 74
3 8214 74 10401
3 5105 2587 75
3 10555 75 2587
3 7814 75 3645
3 10555 3645 75
3 10703 5105 75
3 7814 10703 75
3 2449 76 156
3 9106 156 76
3 2449 5088 76
3 8170 2816 76
3 9106 76 2816
3 8170 76 5088
3 77 7041 986
3 77 986 7616
3 2747 6770 77
3 2747 77 7616
3 77 6770 4757
3 77 4757 7041
3 1454 8113 78
3 1454 78 11054
3 1455 78 4836
3 1455 11054 78
3 4836 78 2543
3 8113 2543 78
3 197 79 1430
3 5480 79 197
3 2942 687 79
3 10429 79 687
3 10429 1430 79
3 5480 2942 79
3 4836 2543 80
3 2543 10410 80
3 4836 80 10430
3 10181 80 7092
3 7092 80 10410
3 10181 10430 80
3 1278 4865 81
3 5569 1278 81
3 2834 81 4995
3 5569 81 2834
3 4865 3632 81
3 81 3632 4995
3 1128 82 5496
3 1128 7388 82
3 1588 82 7388
3 1588 8654 82
3 8399 5496 82
3 8399 82 8654
3 1841 83 1562
3 5203 1562 83
3 1841 3935 83
3 3935 1844 83
3 83 1844 5598
3 5203 83 5598
3 1834 3660 84
3 5691 1834 84
3 3517 3515 84
3 5691 84 3515
3 9219 3517 84
3 9219 84 3660
3 85 741 139
3 4214 85 139
3 85 10189 741
3 4214 5310 85
3 85 5310 10189
3 4147 7474 86
3 4147 86 9591
3 86 6740 4989
3 86 4989 11007
3 86 7474 6740
3 86 9155 9591
3 86 11007 9155
3 1554 1553 87
3 1553 6103 87
3 1554 87 6429
3 87 3484 2171
3 87 2171 5836
3 6103 3484 87
3 87 5836 6429
3 4167 4900 88
3 9781 4167 88
3 4900 4399 88
3 10918 88 4399
3 10918 9781 88
3 1793 89 5055
3 1793 9864 89
3 6719 5055 89
3 6719 89 8558
3 9864 8558 89
3 1632 90 8610
3 1632 9760 90
3 8207 90 7133
3 10669 7133 90
3 8207 8610 90
3 10669 90 9760
3 5896 3676 91
3 8911 91 3676
3 5896 91 5772
3 9292 5772 91
3 9945 91 8911
3 9945 9292 91
3 6686 92 4313
3 92 9028 4313
3 6686 9759 92
3 8359 92 8984
3 8359 9028 92
3 9759 8984 92
3 527 93 8119
3 9864 93 527
3 1795 6726 93
3 1795 93 9864
3 6726 6445 93
3 93 6445 8119
3 94 3393 1644
3 94 1644 5251
3 94 5242 3393
3 4451 5242 94
3 4451 94 8012
3 94 5251 8012
3 979 95 8564
3 979 10276 95
3 95 3341 1754
3 95 1754 3793
3 10276 3341 95
3 95 3793 8564
3 3608 801 96
3 4340 96 801
3 3608 96 8187
3 4340 10144 96
3 4368 8187 96
3 4368 96 10144
3 97 10188 2809
3 10201 97 2809
3 6616 97 8819
3 6616 10188 97
3 9658 8819 97
3 9658 97 10201
3 98 99 7417
3 98 8555 99
3 98 6175 1799
3 98 1799 8555
3 98 3340 6175
3 98 7417 3340
3 2363 99 8555
3 2363 9321 99
3 7417 99 8367
3 99 9321 8367
3 100 2815 1599
3 100 1599 4463
3 100 10900 2815
3 100 4463 10380
3 100 10380 9303
3 100 9303 10900
3 101 2354 3186
3 4186 2354 101
3 101 3186 10053
3 4186 101 8869
3 101 8844 8869
3 101 10072 8844
3 101 10053 10072
3 102 6719 1797
3 9872 102 1797
3 6442 102 9872
3 6442 9941 102
3 9941 6719 102
3 2607 103 639
3 103 4588 639
3 2607 4581 103
3 4581 9606 103
3 103 9606 4588
3 8358 104 1846
3 8921 1846 104
3 3655 104 8853
3 3655 10383 104
3 8358 8853 104
3 8921 104 10383
3 710 105 5905
3 710 9064 105
3 3866 3757 105
3 3757 5905 105
3 4424 3866 105
3 4424 105 9064
3 106 1206 1280
3 7714 1206 106
3 6311 2983 106
3 2983 7714 106
3 9461 711 107
3 107 711 10745
3 6394 8477 107
3 6394 107 10745
3 9461 107 8477
3 1282 4219 108
3 1282 108 9435
3 9500 108 4219
3 6440 108 4726
3 9500 4726 108
3 6440 9435 108
3 109 2285 3431
3 109 5012 2285
3 109 3431 4297
3 4874 109 4297
3 6374 109 4874
3 6374 5012 109
3 110 111 8902
3 9276 111 110
3 4881 110 2753
3 2753 110 8778
3 4881 9276 110
3 110 8902 8778
3 3490 8902 111
3 3490 111 10191
3 4468 111 9276
3 4468 10191 111
3 2504 580 112
3 580 7804 112
3 5528 2504 112
3 7724 112 5192
3 7804 5192 112
3 7724 5528 112
3 113 7291 6105
3 8887 113 6105
3 113 8938 7291
3 750 114 994
3 750 3174 114
3 790 4018 114
3 790 114 5459
3 994 114 4018
3 114 3174 5459
3 2348 182 115
3 2348 115 6155
3 8561 6155 115
3 1741 3355 116
3 1741 116 8394
3 3355 5535 116
3 116 6718 4477
3 116 4477 8394
3 116 5535 6718
3 984 117 3026
3 7528 117 984
3 1402 3026 117
3 1402 117 4140
3 4140 117 4142
3 4142 117 7528
3 118 4001 4470
3 9737 4001 118
3 4573 118 4470
3 4573 7553 118
3 9737 118 7553
3 1615 119 1086
3 119 8177 1086
3 1615 10777 119
3 119 8091 8177
3 119 10771 8091
3 119 10777 10771
3 429 453 120
3 429 120 2907
3 441 120 4947
3 441 8538 120
3 453 3151 120
3 2907 120 8538
3 4947 120 3151
3 121 590 2105
3 6885 590 121
3 121 2105 2963
3 121 2963 2146
3 8332 121 2146
3 6885 121 8332
3 122 3762 9658
3 122 9880 3762
3 7665 122 5228
3 8652 5228 122
3 7665 9880 122
3 8652 122 9658
3 123 576 2298
3 123 10647 576
3 4482 123 2298
3 8475 3125 123
3 123 3125 10647
3 4482 8475 123
3 5493 124 7958
3 5493 10643 124
3 6416 7958 124
3 6416 124 9344
3 9344 124 7215
3 124 10643 7215
3 125 3985 4684
3 3985 125 10679
3 4684 4850 125
3 10349 125 4850
3 125 10349 6063
3 125 6063 10679
3 699 126 1689
3 2070 126 699
3 10827 1689 126
3 2070 10085 126
3 4067 126 10085
3 4067 10827 126
3 2180 1148 127
3 10139 127 1148
3 2180 127 3247
3 5167 3247 127
3 5167 127 4705
3 10139 4705 127
3 3496 128 3145
3 128 7276 3145
3 3496 5425 128
3 5425 6179 128
3 128 6179 8357
3 128 8357 7276
3 4590 975 129
3 129 975 8980
3 4590 129 8046
3 4600 8046 129
3 4600 129 9272
3 9272 129 8980
3 397 130 3014
3 3291 130 397
3 130 1748 3014
3 130 4335 1748
3 3291 4336 130
3 130 4336 4335
3 517 131 2169
3 517 4488 131
3 131 4328 2169
3 3806 131 3514
3 131 4488 3514
3 131 3806 4328
3 132 4963 1018
3 132 1018 6276
3 132 3211 4448
3 132 7446 3211
3 132 4448 4963
3 132 6276 7446
3 1783 3550 133
3 1783 133 4438
3 133 3734 2898
3 133 2898 4438
3 133 3550 7832
3 133 7832 3734
3 136 134 7592
3 8148 134 136
3 134 703 678
3 134 678 7592
3 703 134 3114
3 3114 134 8024
3 8148 8024 134
3 996 6909 135
3 7416 996 135
3 4209 135 6909
3 4209 9875 135
3 7416 135 9875
3 6006 136 4524
3 136 7592 4524
3 8148 136 6006
3 4492 137 7592
3 8465 137 4492
3 5846 4524 137
3 137 4524 7592
3 5846 137 4875
3 8465 4875 137
3 138 1873 3127
3 138 8116 1873
3 138 3127 7735
3 4661 138 3424
3 138 7735 3424
3 4661 6384 138
3 138 6384 8116
3 5418 139 741
3 5426 139 5418
3 346 347 140
3 346 140 6068
3 511 140 347
3 3945 140 511
3 3945 521 140
3 521 6068 140
3 141 3199 1497
3 3759 141 1497
3 3759 1521 141
3 1521 4495 141
3 141 2918 3199
3 141 4495 2918
3 2312 142 9338
3 2312 10326 142
3 6243 5777 142
3 9338 142 5777
3 7860 6243 142
3 7860 142 10326
3 143 2917 7349
3 143 8473 2917
3 143 3120 3351
3 143 7349 3120
3 143 3351 4519
3 143 4519 3363
3 143 3363 8473
3 3406 1798 144
3 8474 144 1798
3 6782 3406 144
3 6014 144 6008
3 6008 144 8474
3 6782 144 6014
3 1937 2671 145
3 7441 1937 145
3 10319 145 2671
3 145 4520 3847
3 7441 145 3847
3 10319 4520 145
3 1105 146 2924
3 10177 146 1105
3 2500 146 1511
3 10177 1511 146
3 2500 4414 146
3 146 4414 2924
3 147 3603 1338
3 147 1338 4080
3 147 1572 5158
3 147 5640 1572
3 147 3790 3603
3 147 5158 3790
3 147 4080 5640
3 4987 624 148
3 624 8583 148
3 148 1888 1392
3 7858 148 1392
3 148 8583 1888
3 7858 4987 148
3 149 1105 2497
3 10177 1105 149
3 149 2497 2933
3 2947 2525 149
3 10177 149 2525
3 2947 149 2933
3 150 683 681
3 150 681 11171
3 150 1552 683
3 150 2493 1552
3 9700 2493 150
3 9700 150 11172
3 150 11171 11172
3 6114 151 3737
3 3737 151 7420
3 4165 3871 151
3 6448 151 3871
3 6114 4165 151
3 6448 7420 151
3 873 152 3414
3 873 7326 152
3 1801 152 7326
3 9443 152 1801
3 152 11207 3414
3 9443 11207 152
3 153 1392 1888
3 153 10437 1392
3 153 1888 4323
3 153 4323 6184
3 153 6184 8596
3 153 8596 9611
3 153 9611 10437
3 2510 154 677
3 2511 677 154
3 9695 154 1121
3 1121 154 10206
3 2510 10206 154
3 3215 2511 154
3 9695 3215 154
3 5323 155 6690
3 5323 7193 155
3 155 6244 5398
3 155 5398 7189
3 7193 6244 155
3 155 7189 6690
3 2448 2903 156
3 2448 156 8501
3 2449 156 2903
3 9106 8501 156
3 1115 157 6272
3 11106 157 1115
3 10546 157 3351
3 11106 3351 157
3 6272 157 4491
3 10546 4491 157
3 158 3624 641
3 8930 158 641
3 158 7499 3624
3 5912 158 4992
3 4992 158 8930
3 5912 7499 158
3 159 4504 1480
3 5722 159 1480
3 7439 4504 159
3 5722 6010 159
3 7439 159 6010
3 160 3211 586
3 160 586 8150
3 160 4448 3211
3 160 5443 4448
3 160 5113 5443
3 160 8150 5113
3 161 1046 3365
3 161 7324 1046
3 161 3365 1571
3 4499 161 1571
3 4499 2489 161
3 161 2489 7324
3 162 926 2812
3 8351 926 162
3 7535 162 2812
3 6763 162 4431
3 7535 4431 162
3 8351 162 6763
3 764 8296 163
3 9851 764 163
3 1027 2887 163
3 1027 163 5979
3 9851 163 2887
3 163 8296 5979
3 164 588 3213
3 164 5938 588
3 2683 164 3213
3 164 6888 5938
3 4312 6376 165
3 4312 165 7186
3 4878 5019 165
3 4878 165 6376
3 165 5019 5926
3 165 5926 7186
3 1449 169 166
3 5509 166 169
3 1449 166 172
3 3244 172 166
3 5509 3244 166
3 1420 167 3085
3 1420 3241 167
3 167 1421 2194
3 167 4121 1421
3 167 2194 1698
3 167 1698 3085
3 3241 4121 167
3 656 168 169
3 9701 169 168
3 656 4561 168
3 4561 1137 168
3 5613 168 1137
3 9701 168 5613
3 1449 656 169
3 9701 5509 169
3 846 170 1417
3 10895 170 846
3 10484 1417 170
3 2026 170 3805
3 10484 170 2026
3 10895 3805 170
3 5156 171 5673
3 5156 8199 171
3 171 8885 5673
3 171 8199 6327
3 171 6327 8885
3 5129 1449 172
3 5129 172 2614
3 7343 2614 172
3 3244 7343 172
3 2460 4900 173
3 2460 173 7477
3 4167 2823 173
3 7447 173 2823
3 4167 173 4900
3 7447 7477 173
3 174 940 184
3 174 184 3433
3 174 1913 940
3 174 955 1913
3 8604 955 174
3 8604 174 3433
3 5177 175 3248
3 3248 175 10838
3 5177 6832 175
3 10157 175 6832
3 10157 7354 175
3 7354 10838 175
3 5177 176 1067
3 7080 1067 176
3 6495 1150 176
3 7080 176 1150
3 3878 176 4033
3 6495 176 3878
3 5177 4033 176
3 680 177 1072
3 680 7857 177
3 177 755 1072
3 177 4064 755
3 6112 4064 177
3 6112 177 10530
3 10530 177 7857
3 2274 178 5317
3 2274 11046 178
3 3136 5317 178
3 3136 178 8278
3 8278 178 11046
3 4877 179 3570
3 3570 179 5702
3 5702 179 3847
3 7441 3847 179
3 6116 179 4877
3 7441 179 6116
3 4451 1649 180
3 180 1649 9088
3 4451 180 7354
3 6112 7354 180
3 6112 180 9088
3 181 7964 2868
3 11108 181 2868
3 6577 181 4163
3 11108 4163 181
3 6577 7273 181
3 7273 7964 181
3 7278 182 2348
3 182 6344 6724
3 7278 6344 182
3 7539 1450 183
3 1450 8605 183
3 2288 183 1451
3 1451 183 8605
3 2288 3814 183
3 7539 183 3814
3 4997 184 940
3 3469 3433 184
3 3469 184 6943
3 4997 6943 184
3 185 3818 500
3 185 500 5670
3 185 2471 3818
3 185 10312 2471
3 185 5670 4300
3 185 4300 7184
3 185 7184 10312
3 4299 186 6937
3 4299 8337 186
3 5156 6498 186
3 5156 186 8199
3 186 6498 6937
3 8199 186 8337
3 835 187 1288
3 835 5561 187
3 1288 187 2471
3 187 3818 2471
3 187 4291 3818
3 5561 4291 187
3 4701 188 1717
3 1717 188 7058
3 4551 188 4701
3 4551 7066 188
3 188 5544 5817
3 7066 5544 188
3 188 5817 7058
3 189 1524 3911
3 189 5252 1524
3 189 3911 2435
3 189 2435 6817
3 189 5143 5252
3 189 6817 5143
3 190 9507 1161
3 190 1161 9651
3 6760 3299 190
3 3299 9507 190
3 6760 190 11038
3 11038 190 9651
3 1435 191 1209
3 191 3105 1209
3 1435 7412 191
3 191 9654 3105
3 7412 7912 191
3 191 7912 9654
3 192 1803 6372
3 192 8723 1803
3 192 4388 5149
3 192 6372 4388
3 192 5149 7241
3 192 7241 8723
3 593 193 251
3 193 6584 251
3 1954 193 593
3 5731 193 1954
3 5731 7366 193
3 193 7366 6584
3 194 1425 1014
3 194 1014 4586
3 194 1817 1425
3 194 7338 1817
3 194 4586 8138
3 194 8138 7338
3 195 1652 1699
3 9398 1652 195
3 195 1699 2077
3 195 2077 7791
3 10976 195 7791
3 10976 9398 195
3 4859 196 5606
3 4859 8108 196
3 5606 196 9026
3 8108 10474 196
3 9226 9026 196
3 9226 196 10474
3 197 1430 10932
3 197 4848 9630
3 197 10932 4848
3 5480 197 9630
3 909 198 840
3 198 7386 840
3 11184 198 909
3 198 8971 7386
3 198 7781 8971
3 11184 7781 198
3 6727 199 1479
3 1479 199 8344
3 199 4013 8344
3 199 9239 4013
3 5332 199 6727
3 5332 9239 199
3 9500 4814 200
3 200 4814 10052
3 9337 10020 200
3 9337 200 10052
3 10385 9500 200
3 10385 200 10020
3 201 1031 843
3 8613 201 843
3 201 9931 1031
3 7823 201 1907
3 8613 1907 201
3 7823 9931 201
3 1990 207 202
3 207 7051 202
3 1990 202 4254
3 5467 4254 202
3 5467 202 7051
3 203 784 6499
3 203 6722 784
3 2425 3342 203
3 2425 203 6499
3 9896 203 3342
3 9896 6722 203
3 1129 6237 204
3 9924 1129 204
3 8614 2251 204
3 9924 204 2251
3 6237 6484 204
3 6484 8614 204
3 6284 205 1880
3 11098 1880 205
3 6284 7554 205
3 7712 205 7554
3 7712 7748 205
3 11098 205 7748
3 206 1502 3427
3 6722 1502 206
3 4526 206 3427
3 4526 7759 206
3 6722 206 10538
3 7759 10538 206
3 1990 1947 207
3 1947 9622 207
3 207 9413 7051
3 9622 9413 207
3 208 4866 1030
3 208 1030 7110
3 208 2720 4866
3 6855 2720 208
3 6855 208 7110
3 7837 1979 209
3 209 1979 10359
3 5996 209 2214
3 209 10537 2214
3 5996 7837 209
3 209 10359 10537
3 1174 210 7525
3 1174 10218 210
3 3487 210 2832
3 4821 2832 210
3 7525 210 3487
3 10218 4821 210
3 8421 211 3223
3 8496 3223 211
3 8496 211 6058
3 11011 6058 211
3 8421 10509 211
3 11011 211 10509
3 2566 377 212
3 377 2968 212
3 11065 2566 212
3 2968 9427 212
3 3166 212 9427
3 3166 11065 212
3 2411 7753 213
3 2411 213 11065
3 2598 213 7753
3 8416 6171 213
3 6171 11065 213
3 2412 544 214
3 4617 214 544
3 9841 2412 214
3 4617 5454 214
3 9841 214 5454
3 215 10870 4275
3 10930 215 4275
3 10757 9025 215
3 215 9025 10870
3 10757 215 10930
3 216 1489 9774
3 10627 1489 216
3 7862 6489 216
3 9550 216 6489
3 7862 216 9774
3 9550 10627 216
3 3115 3590 217
3 3115 217 6232
3 3590 7831 217
3 7831 4994 217
3 7943 217 4994
3 7943 6232 217
3 218 9153 890
3 218 890 11057
3 218 7943 5793
3 218 5793 8314
3 218 11057 7943
3 218 8314 9153
3 219 1834 5535
3 219 6915 1834
3 3355 3886 219
3 3355 219 5535
3 219 3886 6915
3 220 1809 5536
3 220 8393 1809
3 220 4781 5539
3 220 8611 4781
3 220 5536 8611
3 220 5539 8393
3 2174 465 221
3 221 465 5878
3 2174 221 2044
3 221 5359 2044
3 221 6921 5359
3 221 5878 6921
3 10221 222 1171
3 10659 1171 222
3 9593 222 9617
3 222 9593 10664
3 9617 222 10221
3 10664 10659 222
3 869 223 8203
3 869 9976 223
3 6995 223 7519
3 9101 223 6995
3 7519 223 9976
3 9101 8203 223
3 1410 224 879
3 879 224 3822
3 1410 1995 224
3 224 1995 1994
3 3320 224 1994
3 3320 3822 224
3 3541 225 2527
3 4800 2527 225
3 2895 225 4429
3 4800 225 2895
3 3541 4429 225
3 548 610 226
3 548 226 11084
3 226 607 4134
3 226 7248 607
3 226 610 7248
3 11084 226 4134
3 4717 2776 227
3 227 2776 10678
3 227 4222 4675
3 227 6556 4222
3 227 4675 5529
3 4717 227 5529
3 227 10678 6556
3 479 865 228
3 479 228 5365
3 865 8055 228
3 228 3933 5048
3 228 8055 3933
3 228 5048 5365
3 4255 9460 229
3 4255 229 10871
3 10871 229 4855
3 11189 4855 229
3 9460 10523 229
3 11189 229 10523
3 230 3634 8417
3 8760 3634 230
3 4490 230 8312
3 4490 8760 230
3 4607 8312 230
3 4607 230 8417
3 231 3087 6694
3 231 7874 3087
3 231 6694 5686
3 231 5686 10078
3 231 11058 7874
3 231 10078 11058
3 232 8419 3606
3 232 3606 9462
3 4932 232 4298
3 232 9172 4298
3 4932 8419 232
3 232 9462 9172
3 233 6991 3444
3 233 3444 10405
3 233 6228 6991
3 233 10464 6228
3 233 10405 10002
3 233 10002 10464
3 234 6897 5621
3 5621 10460 234
3 234 9947 6070
3 6070 10490 234
3 6897 234 10490
3 9947 234 10460
3 235 1291 2781
3 7318 1291 235
3 235 2781 5686
3 6694 235 5686
3 7707 235 6694
3 7707 7318 235
3 3443 236 237
3 9442 237 236
3 3443 845 236
3 9997 236 845
3 9442 236 7398
3 9997 7398 236
3 729 3443 237
3 729 237 3444
3 237 10405 3444
3 9442 10405 237
3 238 9534 3680
3 9582 238 3680
3 4909 238 6093
3 4909 9534 238
3 6881 6093 238
3 10113 6881 238
3 10113 238 9582
3 5815 992 239
3 239 992 9902
3 239 1507 2030
3 239 3595 1507
3 5815 239 2030
3 239 9902 3595
3 2616 1546 240
3 240 1546 5916
3 240 2011 1548
3 4293 240 1548
3 240 5916 2011
3 4293 2616 240
3 2359 241 4747
3 2359 11222 241
3 4501 4747 241
3 4501 241 7826
3 241 7577 7826
3 241 11222 7577
3 1975 460 242
3 242 460 8631
3 1974 2830 242
3 1974 242 6278
3 1975 242 2830
3 6278 242 8631
3 243 1546 2616
3 243 6877 1546
3 243 2616 9913
3 243 3070 6877
3 11061 3070 243
3 11061 243 9913
3 244 6322 590
3 7614 244 590
3 244 2597 1731
3 244 1731 6322
3 3144 2597 244
3 7614 3144 244
3 1313 2597 245
3 4676 1313 245
3 6892 245 2597
3 4676 245 6102
3 5551 6102 245
3 6892 5551 245
3 246 1731 2601
3 246 6322 1731
3 246 2596 4346
3 246 7421 2596
3 246 2601 7421
3 246 4346 6322
3 1315 247 4242
3 8747 247 1315
3 2049 247 2160
3 2049 4242 247
3 6026 2160 247
3 6026 247 7261
3 8747 7261 247
3 7942 1527 248
3 10300 248 1527
3 248 1661 6989
3 10300 1661 248
3 6983 248 6989
3 7942 248 6983
3 621 6709 249
3 621 249 9850
3 249 1734 3610
3 6709 1734 249
3 5043 249 3610
3 5043 9850 249
3 2941 1429 250
3 1429 9026 250
3 2941 250 6200
3 3397 6813 250
3 9026 3397 250
3 6200 250 6813
3 251 615 593
3 615 251 1956
3 1956 251 1728
3 6584 1728 251
3 673 252 2931
3 7232 252 673
3 1796 252 1575
3 4905 1575 252
3 1796 2931 252
3 7232 4905 252
3 4368 253 5956
3 4368 10144 253
3 7419 5956 253
3 7419 253 7846
3 253 10144 7846
3 2034 10573 254
3 2034 254 10574
3 10322 10031 254
3 10793 254 10031
3 10322 254 10573
3 10793 10574 254
3 3504 2915 255
3 255 2915 4706
3 3504 255 11168
3 255 4706 10769
3 255 10769 9566
3 11168 255 9566
3 1219 256 936
3 6884 936 256
3 3047 256 1219
3 7963 256 2245
3 10089 2245 256
3 3047 10089 256
3 6884 256 7963
3 257 2889 297
3 257 297 4562
3 257 1130 3924
3 257 4562 1130
3 257 7659 2889
3 257 3924 7659
3 258 1219 1833
3 258 3047 1219
3 258 1833 1831
3 258 1831 2788
3 258 2788 3491
3 258 5346 3047
3 258 3491 5346
3 260 2612 259
3 260 259 10935
3 259 3506 2290
3 259 2290 10935
3 259 2612 7720
3 259 7720 3506
3 6432 260 1225
3 1225 260 10935
3 260 8375 2612
3 6432 8375 260
3 261 2223 264
3 8635 261 264
3 9972 2223 261
3 5876 2224 261
3 9972 261 2224
3 3195 5876 261
3 3195 261 8635
3 4891 1555 262
3 6669 262 1555
3 3071 4818 262
3 3071 262 6669
3 4891 262 4818
3 2774 263 9944
3 2774 10540 263
3 4686 263 7713
3 4686 9944 263
3 5964 7713 263
3 5964 263 10540
3 2223 5076 264
3 3839 3435 264
3 3435 8635 264
3 3839 264 5076
3 1094 265 9483
3 1094 10548 265
3 8200 2479 265
3 265 2479 9483
3 8200 265 5029
3 5029 265 10548
3 864 2001 266
3 864 266 5893
3 2001 1433 266
3 8645 266 1433
3 4962 266 4190
3 8645 4190 266
3 5893 266 4962
3 1232 267 7807
3 1232 9854 267
3 267 2554 7807
3 267 8931 2554
3 267 9318 8931
3 267 9854 9318
3 268 5652 2709
3 268 2709 9598
3 268 7770 5652
3 268 7382 8695
3 268 9598 7382
3 268 8695 7770
3 269 3320 1996
3 6382 269 1996
3 269 3822 3320
3 269 4225 3822
3 550 270 3625
3 6239 270 550
3 2618 4285 270
3 6125 2618 270
3 4285 3625 270
3 6239 6125 270
3 2232 1409 271
3 8785 271 1409
3 5486 271 2067
3 9782 2067 271
3 5801 2232 271
3 5801 271 5486
3 8785 9782 271
3 5029 10548 272
3 10819 5029 272
3 272 10116 9486
3 10819 272 9486
3 272 11006 10116
3 272 10548 11006
3 1624 273 9569
3 1624 10779 273
3 3747 9569 273
3 9752 3747 273
3 9752 273 10779
3 836 4727 274
3 836 274 10433
3 4727 4285 274
3 4728 274 4285
3 4728 4724 274
3 10433 274 4724
3 1151 5073 275
3 8222 1151 275
3 9213 275 5073
3 9213 6169 275
3 10042 275 6169
3 10042 8222 275
3 5208 276 3656
3 276 10377 3656
3 5208 9504 276
3 9504 7089 276
3 7089 10377 276
3 4124 277 5201
3 7612 277 4124
3 277 8216 5201
3 277 6109 5744
3 277 5744 8216
3 7612 6109 277
3 4096 278 1274
3 1274 278 9017
3 2766 278 3594
3 2766 9017 278
3 7718 3594 278
3 4096 7718 278
3 4138 3240 279
3 9496 279 3240
3 4138 279 4103
3 4103 279 6049
3 5590 6049 279
3 9496 5590 279
3 4684 280 2857
3 2857 280 11017
3 280 4684 3985
3 3985 9294 280
3 7783 280 9294
3 280 7783 11017
3 281 2394 2210
3 281 2210 6081
3 281 5862 2394
3 281 8292 5862
3 281 6081 7581
3 281 7581 8292
3 282 368 694
3 282 1810 368
3 282 694 5708
3 282 5708 1046
3 282 1046 7324
3 282 7324 1810
3 2076 283 5823
3 2076 7150 283
3 5823 283 4907
3 283 7149 4907
3 283 5931 7149
3 283 7150 5931
3 2633 284 1602
3 1602 284 9470
3 2626 284 5611
3 2626 9470 284
3 6129 284 2633
3 6127 5611 284
3 6127 284 6129
3 285 3067 8534
3 285 8589 3067
3 285 8534 4098
3 285 4098 9487
3 285 6315 8589
3 285 9487 6315
3 286 1252 6030
3 8413 1252 286
3 4100 5575 286
3 4100 286 8345
3 8413 286 5575
3 8571 286 6030
3 8345 286 8571
3 6614 1683 287
3 1683 10527 287
3 7898 287 4139
3 4139 287 9402
3 7898 6614 287
3 9402 287 10527
3 292 9643 288
3 292 288 10245
3 7093 288 9643
3 10245 288 9479
3 6234 2150 289
3 2150 7037 289
3 2177 289 7037
3 2177 11206 289
3 6234 289 5099
3 5099 289 11206
3 290 297 1807
3 290 4562 297
3 4063 290 1807
3 5827 290 4063
3 4543 4562 290
3 5827 4543 290
3 4859 1722 291
3 7403 291 1722
3 4859 291 8108
3 7401 8108 291
3 7401 291 10473
3 7403 10473 291
3 292 4085 6651
3 292 8995 4085
3 292 6651 9643
3 292 10245 8995
3 2230 293 2091
3 2091 293 5484
3 2230 9509 293
3 7019 5484 293
3 7019 293 10368
3 10368 293 9509
3 294 2623 6665
3 294 9437 2623
3 2636 294 6654
3 9097 294 2636
3 294 6665 6654
3 9097 9437 294
3 4944 1959 295
3 7018 295 1959
3 7199 4944 295
3 6386 295 7018
3 6386 7199 295
3 2226 2091 296
3 2091 5484 296
3 2226 296 4088
3 296 5155 4088
3 296 4921 5155
3 296 5484 4921
3 638 1807 297
3 638 297 2889
3 298 920 2125
3 298 4547 920
3 298 2125 3434
3 2780 4547 298
3 2780 298 7960
3 298 3434 7960
3 5278 920 299
3 920 5334 299
3 2112 2216 299
3 2112 299 5334
3 3647 299 2216
3 5278 299 3647
3 2189 300 1887
3 1887 300 2725
3 2189 9644 300
3 3816 2725 300
3 3816 300 5974
3 9644 5974 300
3 301 558 7090
3 10986 558 301
3 7141 2570 301
3 301 2570 8709
3 7141 301 7090
3 10986 301 8709
3 2865 302 5049
3 2865 5369 302
3 10044 5049 302
3 7007 302 5369
3 7007 5858 302
3 5858 10044 302
3 1226 6045 303
3 1226 303 8985
3 7514 4703 303
3 303 4703 9438
3 7514 303 6045
3 303 9438 8985
3 304 3080 1211
3 6086 304 1211
3 304 10928 3080
3 304 9626 4364
3 304 4364 10928
3 6086 9626 304
3 305 6796 6800
3 7945 6796 305
3 10598 305 6800
3 10251 7945 305
3 10251 305 10598
3 3227 1197 306
3 7801 306 1197
3 2885 306 2122
3 3916 2122 306
3 306 2885 3227
3 306 7801 3916
3 307 406 7692
3 307 8711 406
3 307 7510 1241
3 307 1241 8711
3 307 9185 7510
3 307 7692 9185
3 308 6626 1423
3 308 1423 8315
3 308 4752 4685
3 308 4685 6626
3 10975 4752 308
3 6035 308 8315
3 6035 10975 308
3 2651 309 5305
3 2651 9406 309
3 6641 309 4329
3 9407 4329 309
3 6641 5305 309
3 9406 9407 309
3 4989 6740 310
3 7875 4989 310
3 8164 310 6740
3 7875 310 8769
3 8164 10955 310
3 10955 8769 310
3 311 1293 8374
3 10505 1293 311
3 4079 311 6312
3 6771 311 4079
3 311 8374 6312
3 6771 10505 311
3 2890 4113 312
3 2890 312 5615
3 3896 312 4113
3 3896 8239 312
3 312 4829 5615
3 312 8239 4829
3 313 378 9152
3 9664 378 313
3 313 3162 1724
3 3552 313 1724
3 313 9152 3162
3 9664 313 3552
3 8098 314 2267
3 10536 2267 314
3 8098 2735 314
3 9646 314 2735
3 9649 314 9646
3 9649 10536 314
3 315 2964 1313
3 315 1313 3234
3 315 2845 2964
3 315 8713 2845
3 315 3234 4260
3 315 4260 8713
3 4116 581 316
3 316 581 10104
3 4116 316 5728
3 316 5135 7937
3 316 10104 5135
3 316 7937 5728
3 962 3629 317
3 9994 962 317
3 3260 317 3629
3 3637 317 3260
3 3637 7684 317
3 9994 317 7684
3 3086 318 440
3 440 318 8236
3 318 3368 2659
3 318 2659 8236
3 3086 2985 318
3 318 2985 3368
3 319 856 860
3 319 7840 856
3 319 860 3000
3 319 3000 3446
3 5814 319 3446
3 5814 7840 319
3 3441 3256 320
3 320 3256 11143
3 320 7394 3441
3 320 3791 5212
3 320 11143 3791
3 320 5212 7394
3 321 1103 339
3 321 339 6594
3 321 5245 963
3 321 963 6453
3 321 8241 1103
3 321 6594 5245
3 321 6453 8241
3 322 9222 4073
3 322 4073 10533
3 322 6626 4685
3 322 4685 9222
3 322 9844 6626
3 322 10533 9844
3 2902 325 323
3 3653 323 325
3 1858 323 1152
3 10507 1152 323
3 2902 323 1858
3 10507 323 3653
3 3596 324 3860
3 3596 5405 324
3 3597 3860 324
3 3597 324 6969
3 5405 5871 324
3 5871 6969 324
3 1139 3653 325
3 4806 1139 325
3 2902 9943 325
3 4806 325 6164
3 325 9943 6164
3 433 2352 326
3 433 326 11044
3 2110 326 2352
3 2110 6269 326
3 11044 326 6269
3 327 1674 10092
3 327 10849 1674
3 327 5138 9787
3 327 10092 5138
3 327 9787 8734
3 10849 327 8734
3 522 328 330
3 330 328 1168
3 328 522 5973
3 328 1923 1168
3 1923 328 6741
3 5973 6741 328
3 329 975 1852
3 8980 975 329
3 329 1852 8792
3 8763 329 8608
3 329 8792 8608
3 8763 8980 329
3 522 330 774
3 537 774 330
3 2134 537 330
3 4522 331 1872
3 9674 1872 331
3 4522 8659 331
3 6476 5343 331
3 9674 331 5343
3 6476 331 8659
3 2739 5798 332
3 2739 332 9891
3 5798 4104 332
3 332 4104 8010
3 332 8010 9193
3 332 9193 9891
3 3375 7283 333
3 3375 333 9858
3 7493 333 7283
3 8141 333 7493
3 8141 9347 333
3 9858 333 9347
3 334 1583 6164
3 334 10508 1583
3 334 3452 4404
3 334 6164 3452
3 334 4404 4810
3 334 4810 10508
3 335 336 5847
3 335 8962 336
3 335 4104 5100
3 335 5847 4104
3 335 5100 8962
3 8796 336 5504
3 336 9648 5504
3 8796 5847 336
3 336 8962 9648
3 337 5526 768
3 337 768 6922
3 337 5062 2675
3 337 2675 5526
3 2695 5062 337
3 2695 337 6922
3 7307 1337 338
3 338 1337 7497
3 5640 4080 338
3 7307 338 4080
3 5640 338 4671
3 338 7497 4671
3 339 1103 5592
3 339 5592 2752
3 10822 339 2752
3 10822 6594 339
3 1100 6586 340
3 1100 340 10712
3 6586 5384 340
3 5384 6684 340
3 340 6684 6618
3 10712 340 6618
3 7649 341 4268
3 341 9530 4268
3 7649 10899 341
3 341 10899 9311
3 11239 341 9311
3 11239 9530 341
3 342 1157 7717
3 9348 1157 342
3 8510 342 2989
3 342 8853 2989
3 3655 342 7717
3 3655 8853 342
3 8510 9348 342
3 4083 343 439
3 5639 439 343
3 5513 343 2705
3 10990 2705 343
3 4083 10990 343
3 5639 343 5513
3 648 345 344
3 344 345 3888
3 648 344 5204
3 5204 344 3442
3 3442 344 6053
3 6053 344 3888
3 648 7551 345
3 345 3268 3888
3 3268 345 7677
3 7677 345 7551
3 346 1179 347
3 346 3545 1179
3 346 10926 3545
3 346 6068 10926
3 1948 511 347
3 1179 7738 347
3 1948 347 7738
3 348 812 7959
3 348 10963 812
3 348 10369 3421
3 348 3421 10963
3 4146 348 7959
3 4146 10369 348
3 3050 349 1868
3 4092 1868 349
3 3050 4094 349
3 4092 349 9319
3 4094 4832 349
3 9319 349 4832
3 2760 3893 350
3 4583 2760 350
3 3692 2761 350
3 9237 350 2761
3 3893 3692 350
3 9237 4583 350
3 659 3541 351
3 4545 659 351
3 1134 351 2527
3 8471 351 1134
3 3541 2527 351
3 8471 4545 351
3 352 1225 10935
3 352 11130 1225
3 352 7086 1616
3 352 1616 11130
3 352 5403 7086
3 352 10935 5403
3 353 695 4276
3 353 6480 695
3 353 4276 5179
3 353 5179 9914
3 353 10263 6480
3 353 9914 10263
3 354 1319 9362
3 11115 1319 354
3 354 3377 8821
3 354 9362 3377
3 354 6302 6580
3 354 8821 6302
3 11115 354 6580
3 2230 355 9509
3 2230 10281 355
3 6971 355 5109
3 5109 355 10281
3 6971 9509 355
3 356 359 1643
3 356 3044 359
3 356 1643 2088
3 356 2088 9454
3 356 2704 3044
3 356 9454 2704
3 5628 366 357
3 8287 357 366
3 3668 357 9326
3 3668 10893 357
3 5628 357 10893
3 9326 357 8287
3 358 4825 373
3 358 373 6942
3 358 2693 1066
3 358 1066 4825
3 7670 2693 358
3 7670 358 6942
3 1643 359 4832
3 9459 359 3044
3 8746 4832 359
3 8746 359 9459
3 3891 360 765
3 6591 765 360
3 3891 7270 360
3 5634 360 4914
3 7270 4914 360
3 5634 6591 360
3 1678 8968 361
3 1678 361 11091
3 7054 7052 361
3 11091 361 7052
3 8753 7054 361
3 8968 8753 361
3 364 362 2383
3 6210 362 364
3 362 1222 5835
3 6210 1222 362
3 362 5594 2383
3 362 5835 5594
3 363 366 3912
3 8287 366 363
3 5601 363 2702
3 8288 2702 363
3 8288 363 3912
3 5601 8287 363
3 3035 364 2383
3 3035 10880 364
3 6210 364 9377
3 364 10880 9377
3 365 5336 2702
3 8288 365 2702
3 365 3687 5336
3 10914 3687 365
3 8288 10512 365
3 10512 10914 365
3 372 3912 366
3 5628 372 366
3 2487 469 367
3 9903 367 469
3 2487 367 7830
3 7768 7830 367
3 7768 367 9903
3 587 3941 368
3 587 368 7537
3 645 368 1810
3 645 7537 368
3 3941 694 368
3 1328 369 482
3 2603 482 369
3 1328 1594 369
3 7496 369 1594
3 7496 2603 369
3 372 370 3090
3 7489 370 372
3 3090 370 383
3 3661 383 370
3 3661 370 4652
3 7489 4652 370
3 2603 371 5260
3 7496 371 2603
3 371 4817 5261
3 8285 4817 371
3 371 5261 5260
3 7496 8285 371
3 372 3090 3912
3 5628 4826 372
3 7489 372 4826
3 1594 6942 373
3 7496 1594 373
3 8285 373 4825
3 7496 373 8285
3 5627 374 10134
3 5627 11236 374
3 6505 10981 374
3 6505 374 11236
3 374 6632 7605
3 10981 6632 374
3 374 7605 10134
3 8070 2079 375
3 9310 375 2079
3 7827 2259 375
3 8070 375 2259
3 7827 375 10268
3 9310 10268 375
3 5555 376 1495
3 1495 376 8423
3 5555 10817 376
3 10082 8423 376
3 10082 376 8966
3 10817 8966 376
3 377 544 2968
3 6928 544 377
3 2566 6087 377
3 6928 377 6087
3 704 1729 378
3 7767 704 378
3 378 1729 9152
3 9664 7767 378
3 767 8742 379
3 767 379 9607
3 2107 5337 379
3 8742 2107 379
3 3671 379 5337
3 3671 9886 379
3 379 9886 9607
3 3074 380 1466
3 5428 1466 380
3 3074 6802 380
3 6802 3173 380
3 9054 380 3173
3 4778 5428 380
3 9054 4778 380
3 5639 381 439
3 10835 439 381
3 4081 1828 381
3 10835 381 1828
3 4081 381 8787
3 5639 8787 381
3 1855 382 5868
3 1855 7863 382
3 382 7863 2438
3 382 2438 10404
3 382 7076 5868
3 382 10824 7076
3 382 10404 10824
3 3090 383 7271
3 3661 4154 383
3 4154 10465 383
3 10465 7271 383
3 3973 384 3486
3 3486 384 8781
3 7534 384 3973
3 384 4831 6944
3 7534 4831 384
3 384 6944 8781
3 5131 8090 385
3 5131 385 10054
3 7098 385 5942
3 385 8090 5942
3 7098 10054 385
3 2712 6565 386
3 9925 2712 386
3 386 5264 3017
3 386 3017 7111
3 386 6565 5264
3 9925 386 7111
3 387 1038 616
3 5183 387 616
3 1038 387 10907
3 5183 2962 387
3 6946 387 2962
3 10907 387 6946
3 7896 2723 388
3 2723 7949 388
3 3099 388 7642
3 7896 388 3099
3 388 6939 7642
3 6939 388 7949
3 1348 389 1871
3 5754 389 1348
3 389 8281 1871
3 5754 6461 389
3 389 6461 6001
3 389 6001 8281
3 6515 390 3060
3 390 8226 3060
3 390 3905 8226
3 390 8934 3905
3 6515 7986 390
3 390 7986 8934
3 391 1010 1011
3 6180 1010 391
3 391 1011 6863
3 1541 391 5609
3 1541 6180 391
3 391 6863 5609
3 10296 5295 392
3 392 5295 10511
3 6516 392 10146
3 11109 392 6516
3 392 10511 10146
3 11109 10296 392
3 4784 393 2159
3 2159 393 7104
3 4784 11084 393
3 9623 7104 393
3 8708 9623 393
3 8708 393 11084
3 8967 2066 394
3 10575 394 2066
3 4045 2068 394
3 8967 394 2068
3 5172 4045 394
3 10575 5172 394
3 3750 6950 395
3 3750 395 7708
3 395 5413 7708
3 10585 5413 395
3 395 6950 6560
3 10585 395 6560
3 397 1598 396
3 397 396 5941
3 1598 3293 396
3 396 1869 5941
3 9589 1869 396
3 9589 396 3293
3 397 3014 1598
3 3291 397 5941
3 398 8280 850
3 398 850 10192
3 4991 398 10192
3 4991 10708 398
3 10388 8280 398
3 10388 398 10708
3 2060 399 4555
3 10706 399 2060
3 5316 4555 399
3 11221 5316 399
3 10706 10420 399
3 11221 399 10420
3 989 400 6155
3 989 10848 400
3 4630 2348 400
3 2348 6155 400
3 4630 400 8893
3 400 7287 8893
3 400 10848 7287
3 4631 401 2751
3 2751 401 6543
3 6543 401 3743
3 401 10352 3743
3 4990 401 4631
3 4990 10352 401
3 402 6807 4559
3 402 4559 11127
3 402 11035 6807
3 402 7706 11035
3 402 11163 7706
3 402 11127 11163
3 3308 1318 403
3 8263 403 1318
3 3308 403 6914
3 6914 403 3998
3 9938 3998 403
3 9938 403 8263
3 5872 9968 404
3 5872 404 10867
3 404 6104 6280
3 404 9968 6104
3 404 6280 9964
3 10867 404 9964
3 2576 405 1202
3 9406 1202 405
3 2576 3254 405
3 2577 3447 405
3 4086 2577 405
3 4086 405 3254
3 9406 405 3447
3 2310 7692 406
3 2310 406 10397
3 8711 11037 406
3 406 11037 10397
3 407 4760 1235
3 407 1235 9771
3 407 3999 4760
3 407 8239 3999
3 407 4829 8239
3 407 9771 4829
3 408 4296 2104
3 408 2104 11211
3 408 3275 7130
3 7638 3275 408
3 408 7130 4296
3 7638 408 11211
3 854 568 409
3 1446 409 568
3 10343 854 409
3 1446 9786 409
3 9786 3576 409
3 10629 409 3576
3 10343 409 10629
3 3720 3030 410
3 3030 3787 410
3 3720 410 7027
3 7689 410 3787
3 11224 7027 410
3 7689 11224 410
3 411 1082 1081
3 7799 411 1081
3 4468 1082 411
3 4596 411 3788
3 411 7799 3788
3 4468 411 8212
3 4596 8212 411
3 3922 412 3298
3 10524 3298 412
3 3922 8261 412
3 8215 4049 412
3 10524 412 4049
3 8261 8215 412
3 4050 413 8172
3 4050 9663 413
3 413 9663 5991
3 10902 413 5991
3 8172 413 8259
3 10902 8259 413
3 9240 414 3038
3 3038 414 10203
3 6345 5311 414
3 5311 10203 414
3 6345 414 10292
3 9240 10292 414
3 415 1039 5292
3 415 7352 1039
3 415 1366 3309
3 415 5294 1366
3 415 3309 7352
3 415 5292 5294
3 416 418 731
3 416 6262 418
3 416 731 2408
3 9888 416 2408
3 416 6876 6262
3 9888 6876 416
3 417 5515 480
3 417 480 8087
3 485 5515 417
3 485 417 5516
3 417 5331 5516
3 417 8087 5331
3 731 418 3889
3 2200 2878 418
3 2200 418 6262
3 2878 3889 418
3 419 6898 3252
3 419 3252 8127
3 5556 4108 419
3 419 4108 6898
3 5556 419 11135
3 11135 419 8127
3 420 3337 1224
3 420 1224 4697
3 3337 420 7465
3 6074 420 4697
3 420 6074 6458
3 6458 7465 420
3 421 1763 1783
3 421 9282 1763
3 421 1783 4438
3 421 4438 7426
3 8543 421 7426
3 8543 9282 421
3 7081 422 423
3 422 7948 423
3 7081 1660 422
3 10058 422 1660
3 422 5290 7948
3 10058 5290 422
3 7081 423 9084
3 8964 423 7948
3 8217 423 8964
3 8217 9084 423
3 4870 2053 424
3 5620 424 2053
3 2323 4870 424
3 2323 424 9890
3 9890 424 5620
3 3942 1627 425
3 425 1627 7502
3 3942 425 5292
3 425 8309 5292
3 9389 425 7502
3 9389 8309 425
3 6679 426 4282
3 426 7783 4282
3 6291 426 4678
3 7869 4678 426
3 7783 426 6291
3 426 6679 7869
3 10701 428 427
3 10740 427 428
3 595 7046 427
3 595 427 10740
3 10294 427 7046
3 10294 10701 427
3 7866 428 8701
3 10740 428 7866
3 8248 8701 428
3 8248 428 10701
3 429 10453 453
3 429 2907 1785
3 429 1785 10453
3 430 1847 5881
3 9323 1847 430
3 8268 430 5881
3 8243 430 8268
3 8243 9881 430
3 9323 430 9881
3 431 6704 2110
3 431 2110 10054
3 431 5786 4981
3 431 4981 6704
3 431 7098 5786
3 431 10054 7098
3 432 9174 1630
3 432 1630 9357
3 7560 432 7464
3 432 9357 7464
3 7560 10279 432
3 432 10436 9174
3 432 10279 10436
3 2356 433 2023
3 433 11044 2023
3 8013 2352 433
3 2356 8013 433
3 434 4249 8889
3 10232 4249 434
3 434 8889 9049
3 434 9049 11196
3 11152 10232 434
3 11152 434 11196
3 6607 435 5970
3 7029 5970 435
3 6607 6469 435
3 7651 435 6469
3 7604 7029 435
3 435 7651 7604
3 5849 2229 436
3 9457 436 2229
3 3826 5849 436
3 3826 436 10132
3 9457 10564 436
3 436 10564 10132
3 437 1342 1007
3 437 1007 1871
3 437 3285 1342
3 8281 437 1871
3 437 4798 3285
3 8281 4798 437
3 749 6324 438
3 749 438 10358
3 438 6324 7116
3 438 7116 10448
3 438 8310 10358
3 438 10448 8310
3 4083 439 5603
3 10835 5603 439
3 2689 440 8236
3 2689 10560 440
3 3086 440 3374
3 10560 3374 440
3 441 4947 823
3 441 823 9761
3 441 5446 8538
3 441 9761 5446
3 1725 5914 442
3 1725 442 6903
3 2967 442 4172
3 2967 6123 442
3 6304 4172 442
3 6304 442 5914
3 6123 6903 442
3 443 8053 2388
3 443 2388 11073
3 443 8799 8053
3 443 8638 8799
3 443 11073 8638
3 444 982 2009
3 444 10797 982
3 444 2009 9812
3 444 9812 3840
3 444 3840 10798
3 10796 10797 444
3 444 10798 10796
3 2228 2086 445
3 2231 445 2086
3 7492 2228 445
3 2231 7901 445
3 7492 445 2697
3 445 7901 2697
3 938 446 8324
3 938 9928 446
3 1760 8324 446
3 9214 1760 446
3 9214 446 9928
3 1760 3042 447
3 1760 447 8324
3 8324 447 2737
3 10297 2737 447
3 5641 447 3042
3 5641 10297 447
3 448 840 7386
3 448 9432 840
3 448 3096 3095
3 448 3095 9432
3 448 9926 3096
3 448 7386 9926
3 546 449 1622
3 546 10843 449
3 1622 449 8081
3 9805 5774 449
3 10921 449 5774
3 10921 8081 449
3 9805 449 10843
3 450 5586 4689
3 450 4689 8881
3 450 7191 5586
3 9686 7191 450
3 8917 450 8881
3 8917 9686 450
3 4036 849 451
3 6467 451 849
3 3700 451 5962
3 3700 7851 451
3 4036 451 7851
3 5962 451 6467
3 452 2881 495
3 452 495 4189
3 452 6967 2881
3 452 4189 6149
3 452 6149 4576
3 452 4576 6967
3 3151 453 3411
3 453 5045 3411
3 453 10453 5045
3 454 1865 3990
3 10584 1865 454
3 5341 454 3279
3 10570 3279 454
3 10570 454 3990
3 5341 10584 454
3 886 455 5960
3 886 8167 455
3 5797 3318 455
3 5960 455 3318
3 5180 455 8167
3 10163 455 5180
3 10163 5797 455
3 6201 456 5970
3 6607 5970 456
3 6201 7542 456
3 6607 456 11176
3 9531 456 7542
3 9531 11176 456
3 1212 4263 457
3 1212 457 8974
3 4263 10673 457
3 7825 457 7572
3 7572 457 10673
3 7825 9798 457
3 9798 8974 457
3 458 6613 2733
3 10105 458 2733
3 458 5542 6472
3 8710 5542 458
3 458 6472 6217
3 458 6217 6613
3 10105 8710 458
3 459 2051 1389
3 9267 459 1389
3 459 3415 2051
3 459 7367 3415
3 459 8865 7367
3 9267 8865 459
3 973 8633 460
3 9320 973 460
3 1975 9320 460
3 460 8633 8631
3 461 6526 1443
3 461 1443 11040
3 461 6525 6444
3 461 6444 10786
3 8744 6525 461
3 461 10786 6526
3 8744 461 11040
3 1250 462 2769
3 1250 5272 462
3 462 1748 2769
3 462 3014 1748
3 462 8277 3014
3 5272 8277 462
3 2161 4166 463
3 2161 463 7576
3 463 3439 7576
3 463 10042 3439
3 4636 463 4166
3 4636 10042 463
3 883 464 8432
3 883 10614 464
3 4957 9175 464
3 4957 464 10909
3 8432 464 9175
3 10614 10909 464
3 2161 465 2174
3 2161 7576 465
3 4197 5878 465
3 4197 465 7576
3 466 635 687
3 466 4582 635
3 466 687 912
3 466 912 2607
3 2607 1718 466
3 466 1718 4582
3 2710 467 1015
3 467 2769 1015
3 1041 1250 467
3 2710 1041 467
3 467 1250 2769
3 468 2075 10927
3 468 3597 6969
3 468 10927 3597
3 468 6969 6475
3 3596 469 2487
3 9167 2600 469
3 2600 9903 469
3 9167 469 3596
3 478 470 658
3 4510 470 478
3 470 6214 658
3 470 4862 4335
3 6214 470 4335
3 470 4510 4862
3 4958 1032 471
3 1032 9249 471
3 4958 471 2635
3 2635 471 8500
3 9736 8500 471
3 9249 9736 471
3 3588 889 472
3 889 5935 472
3 3588 472 3872
3 4055 3872 472
3 4906 4055 472
3 4906 472 5935
3 473 5330 2007
3 10040 473 2007
3 2748 5330 473
3 2748 473 8322
3 8322 473 9388
3 10040 9388 473
3 2710 1042 474
3 1042 8332 474
3 1597 2712 474
3 1597 474 8332
3 9925 2710 474
3 9925 474 2712
3 1997 866 475
3 866 8641 475
3 3344 1993 475
3 6301 475 1993
3 6301 1997 475
3 3344 475 8641
3 3344 476 7519
3 3344 8641 476
3 6482 7519 476
3 6482 476 9332
3 8641 9332 476
3 1410 879 477
3 477 879 6648
3 1410 477 5665
3 5665 477 2978
3 7593 2978 477
3 7593 477 6648
3 478 658 10387
3 478 10513 4510
3 478 10387 4802
3 478 4802 10513
3 865 479 10458
3 479 5365 5364
3 479 5364 10458
3 5515 766 480
3 5626 480 766
3 5626 1080 480
3 1080 8087 480
3 481 3846 6706
3 481 7387 3846
3 6703 7387 481
3 6703 481 11199
3 481 6706 7967
3 481 7967 11199
3 5258 1328 482
3 2603 2083 482
3 3048 482 2083
3 5258 482 3048
3 6005 4828 483
3 6170 483 4828
3 6005 483 5750
3 483 6320 5750
3 6170 7450 483
3 483 7450 6320
3 6650 9619 484
3 10216 6650 484
3 9697 484 9619
3 10561 484 9697
3 10561 10216 484
3 3008 485 5329
3 3008 5515 485
3 5725 5329 485
3 5725 485 5516
3 486 2081 9585
3 11113 2081 486
3 486 7235 3823
3 11113 486 3823
3 6878 7235 486
3 6878 486 9585
3 754 487 1256
3 754 6138 487
3 1256 487 5224
3 487 10725 5224
3 487 6138 7469
3 487 7469 9702
3 487 9702 10725
3 1076 488 3910
3 1076 10489 488
3 488 1591 3910
3 488 8896 1591
3 488 8122 8896
3 10489 8122 488
3 489 4221 7826
3 10561 4221 489
3 5137 4857 489
3 4857 9543 489
3 5137 489 7826
3 10561 489 9543
3 1076 490 492
3 2813 492 490
3 490 1870 882
3 2813 490 882
3 1076 7269 490
3 490 6287 1870
3 7269 6287 490
3 2794 491 1992
3 491 2836 1992
3 2794 5101 491
3 8493 2836 491
3 3126 491 5101
3 3126 8493 491
3 1076 492 10489
3 3110 492 2813
3 3110 8904 492
3 10489 492 8904
3 1074 4822 493
3 1074 493 11076
3 493 1327 3002
3 493 8124 1327
3 493 3002 11076
3 493 4822 8124
3 3800 3486 494
3 494 3486 8781
3 8080 3800 494
3 7555 494 7340
3 494 8781 7340
3 8080 494 7555
3 6817 2435 495
3 6817 495 2881
3 496 8089 1427
3 9723 496 1427
3 9723 6292 496
3 496 6292 11038
3 496 11038 8089
3 497 5190 1589
3 7545 497 1589
3 497 3873 6899
3 497 7545 3873
3 497 6805 5190
3 497 6899 6805
3 2998 498 499
3 498 7494 499
3 6716 2567 498
3 498 2567 10728
3 2998 6716 498
3 498 6657 7494
3 498 10728 6657
3 2998 499 4823
3 499 4618 4823
3 4618 499 10263
3 7494 10263 499
3 500 834 924
3 500 4291 834
3 5670 500 924
3 500 3818 4291
3 5998 1125 501
3 6919 501 1125
3 5998 501 4529
3 501 6775 4529
3 6775 501 6517
3 6919 6517 501
3 510 6158 502
3 510 502 9355
3 502 5033 9355
3 502 10942 5033
3 506 958 503
3 506 503 7396
3 2626 503 662
3 3529 662 503
3 503 958 3529
3 2626 5611 503
3 7396 503 5611
3 1586 504 5936
3 1586 8036 504
3 5936 504 6250
3 9802 6250 504
3 8036 9802 504
3 505 7796 4470
3 505 4470 10376
3 10751 7796 505
3 505 10376 10518
3 10751 505 10518
3 506 6676 958
3 506 5668 6676
3 506 8383 5668
3 506 7396 8383
3 8370 4324 507
3 9356 507 4325
3 507 10447 4325
3 9356 8370 507
3 508 8562 2532
3 8874 508 2532
3 11173 8562 508
3 8874 9911 508
3 508 9045 9082
3 508 9911 9045
3 11173 508 9082
3 1910 4304 509
3 6154 1910 509
3 2276 6154 509
3 2276 509 6663
3 4304 3478 509
3 6663 509 3478
3 510 6082 1311
3 510 1311 10957
3 510 9355 6082
3 510 10957 6158
3 9579 511 1948
3 3993 3945 511
3 3993 511 9579
3 647 512 2409
3 647 5972 512
3 1389 7853 513
3 9267 1389 513
3 2127 513 7853
3 2127 10510 513
3 1917 514 7118
3 1917 10643 514
3 5493 4494 514
3 4494 6488 514
3 5493 514 10643
3 514 6488 7118
3 515 4218 1695
3 5059 515 1695
3 2016 4218 515
3 2016 515 6378
3 5891 515 5059
3 5891 6378 515
3 1665 516 8918
3 1665 9822 516
3 2993 516 6455
3 2993 8918 516
3 517 2169 6490
3 517 5023 4488
3 517 7118 5023
3 517 6490 7118
3 518 4791 8510
3 518 9822 4791
3 8358 519 2989
3 4473 519 8922
3 8358 8922 519
3 3551 520 1462
3 5402 1462 520
3 2937 520 3082
3 2937 6500 520
3 3551 3082 520
3 5402 520 6500
3 5934 967 521
3 521 967 6068
3 3333 521 3945
3 5930 521 3333
3 5930 5934 521
3 3940 522 774
3 522 3940 9857
3 9857 5973 522
3 1166 523 892
3 892 523 4805
3 10256 523 1166
3 3262 523 1314
3 1314 523 10256
3 3262 4805 523
3 5357 524 3258
3 10628 3258 524
3 5357 7686 524
3 8093 524 7686
3 8093 8097 524
3 10628 524 8097
3 6159 525 1925
3 7621 1925 525
3 6553 525 6159
3 6553 9036 525
3 7621 525 9036
3 2373 1471 526
3 526 1471 2971
3 3516 2373 526
3 6911 526 2971
3 3516 526 8119
3 6911 8119 526
3 527 6911 2094
3 8558 527 2094
3 527 8119 6911
3 9864 527 8558
3 8301 1629 528
3 1629 10053 528
3 6748 528 3186
3 3186 528 10053
3 6748 5785 528
3 8301 528 5785
3 7244 873 529
3 873 8186 529
3 6726 529 6445
3 529 9867 6445
3 7244 529 6726
3 529 8186 9867
3 4481 530 1574
3 7004 1574 530
3 4481 9568 530
3 5229 8924 530
3 5229 530 9568
3 7004 530 8924
3 1470 1003 531
3 531 1003 4354
3 1470 531 1835
3 531 3515 1835
3 531 10754 3515
3 531 4354 10754
3 1874 532 1339
3 532 5923 1339
3 1874 1816 532
3 6221 532 1816
3 8184 5923 532
3 6221 8184 532
3 533 5196 714
3 533 714 6202
3 533 1437 5196
3 533 6823 1437
3 533 6202 9969
3 533 9969 6823
3 5497 8728 534
3 5497 534 10483
3 9446 534 8728
3 9446 9844 534
3 9844 10533 534
3 534 10533 10483
3 535 1475 1769
3 535 1929 1475
3 535 1769 6024
3 535 3939 1929
3 535 6024 3939
3 6904 1927 536
3 7608 536 1927
3 4161 536 5000
3 4161 6904 536
3 7643 5000 536
3 7608 7643 536
3 3651 537 540
3 8240 540 537
3 3651 774 537
3 8240 537 2134
3 538 10171 1729
3 3168 5457 538
3 5457 10171 538
3 539 770 3667
3 539 5064 770
3 2397 5064 539
3 2397 539 7431
3 8325 539 3667
3 539 8325 7431
3 3651 540 1478
3 815 541 3016
3 815 7204 541
3 3016 541 3526
3 3978 3526 541
3 3978 541 5692
3 541 7204 5692
3 1931 542 1248
3 1248 542 4733
3 1930 2452 542
3 2524 1930 542
3 1931 2524 542
3 4733 542 2452
3 4025 543 5789
3 4025 9488 543
3 543 7481 5789
3 543 8661 7481
3 543 7619 8661
3 543 9488 7619
3 2412 2968 544
3 6928 4617 544
3 1502 1819 545
3 1502 545 3427
3 545 1819 4985
3 3427 545 2832
3 7245 2832 545
3 7245 545 4985
3 546 3705 988
3 546 988 10843
3 546 1622 3705
3 2273 9609 547
3 2273 547 10498
3 9467 3899 547
3 3899 10498 547
3 7679 9467 547
3 7679 547 9609
3 6863 610 548
3 4784 5609 548
3 4784 548 11084
3 6863 548 5609
3 1776 4616 549
3 1776 549 6982
3 3740 549 4616
3 3740 7039 549
3 6982 549 9602
3 9602 549 7039
3 550 5913 2524
3 6239 550 2524
3 550 3625 10432
3 550 10432 5913
3 551 784 3093
3 551 10953 784
3 551 3093 5917
3 7032 551 5917
3 7032 6870 551
3 551 6870 10953
3 670 4431 552
3 5489 670 552
3 3542 5494 552
3 3542 552 8136
3 552 4431 8136
3 5489 552 5494
3 3980 553 1707
3 553 6961 1707
3 553 6518 1964
3 553 1964 6961
3 3980 2445 553
3 553 2445 6518
3 2016 554 5889
3 2016 6378 554
3 554 6973 4212
3 554 4212 9983
3 5889 554 9983
3 554 6378 6973
3 594 555 2241
3 3337 555 594
3 555 3337 6947
3 6947 6883 555
3 556 3656 3635
3 556 3635 6931
3 5208 3656 556
3 5208 556 7090
3 556 6931 7141
3 556 7141 7090
3 557 6766 2451
3 557 2451 9791
3 557 3765 8515
3 557 8515 6766
3 558 7970 7090
3 558 8073 7970
3 558 9439 8073
3 10986 9439 558
3 559 563 805
3 559 1929 563
3 559 805 3580
3 559 8515 1929
3 559 3580 6766
3 559 6766 8515
3 6328 8326 560
3 8965 6328 560
3 560 8326 6638
3 560 6638 10375
3 8965 560 10374
3 560 10375 10374
3 561 1302 1230
3 561 1230 9587
3 561 3897 1302
3 561 3062 3986
3 10094 3062 561
3 561 3986 3897
3 10094 561 9587
3 562 1563 1285
3 562 1285 10373
3 6329 1563 562
3 10241 6329 562
3 10241 562 10272
3 562 10373 10272
3 563 2196 805
3 563 1929 3939
3 563 3347 2196
3 563 3939 3347
3 564 5393 1960
3 564 1960 6478
3 564 6478 2574
3 564 2574 9984
3 564 7290 5393
3 564 9984 7290
3 3928 565 1667
3 7182 1667 565
3 3928 9694 565
3 7012 7182 565
3 7012 565 7251
3 7251 565 9694
3 3694 7082 566
3 3694 566 8115
3 566 7082 10210
3 8115 566 10601
3 8386 566 10210
3 10601 566 8386
3 567 998 4880
3 567 6110 998
3 567 4880 1465
3 567 1465 5118
3 567 5118 5431
3 567 5431 6110
3 854 8523 568
3 1446 568 3764
3 568 8523 3764
3 569 907 4573
3 569 8482 907
3 569 4573 9627
3 9083 569 5482
3 5482 569 9627
3 10195 8482 569
3 9083 10195 569
3 570 2504 5839
3 570 7547 2504
3 570 5839 4897
3 570 4897 7509
3 570 7509 7547
3 571 2400 7732
3 571 10869 2400
3 571 6224 8426
3 571 9077 6224
3 571 7732 9077
3 571 8426 10869
3 572 3832 2765
3 572 2765 5011
3 10815 3832 572
3 4002 572 5011
3 4002 10815 572
3 573 1578 2654
3 573 9400 1578
3 573 2654 5704
3 7549 2904 573
3 2904 9400 573
3 4668 573 5704
3 4668 7549 573
3 574 2714 1079
3 8230 574 1079
3 4002 574 2615
3 8230 2615 574
3 574 5011 2714
3 4002 5011 574
3 578 575 4743
3 578 9671 575
3 2966 575 3451
3 2966 4743 575
3 3451 575 7517
3 9671 7517 575
3 7223 2298 576
3 10539 576 4457
3 10647 4457 576
3 10539 7223 576
3 3895 2512 577
3 4699 577 2512
3 3895 577 7087
3 7087 577 4231
3 7517 4231 577
3 4699 7517 577
3 578 4743 4700
3 578 4700 7962
3 578 7962 4746
3 578 4746 9671
3 579 772 3132
3 579 5651 772
3 579 3132 2617
3 3780 579 2617
3 579 3779 5651
3 579 10274 3779
3 3780 10274 579
3 2504 7547 580
3 580 7547 6334
3 580 6334 8880
3 580 8880 7804
3 4116 585 581
3 9008 581 585
3 2244 581 9008
3 2244 10104 581
3 3775 2544 582
3 582 2544 4559
3 582 3244 5509
3 582 6807 3244
3 3775 582 5509
3 582 4559 6807
3 1600 867 583
3 2249 583 867
3 1600 583 2952
3 5047 583 2249
3 583 5647 2952
3 5047 5647 583
3 8060 1381 584
3 584 1381 8530
3 1485 584 8530
3 1485 9692 584
3 8060 584 9692
3 2759 585 796
3 4116 796 585
3 2759 9008 585
3 586 3211 5058
3 586 5058 5507
3 586 5507 8150
3 587 1811 5938
3 587 7537 1811
3 587 5938 3941
3 2526 746 588
3 3213 588 746
3 2526 588 1811
3 1811 588 5938
3 589 936 6884
3 6891 936 589
3 3019 589 2961
3 589 6884 2961
3 6430 589 3019
3 6891 589 6430
3 2105 590 6322
3 7614 590 6885
3 673 2931 591
3 673 591 5498
3 7225 591 2931
3 3759 5498 591
3 3759 591 8145
3 7225 8145 591
3 592 616 4843
3 592 8400 616
3 7664 592 4843
3 592 6890 5184
3 592 5184 8400
3 7664 6890 592
3 615 4761 593
3 1954 593 4761
3 1224 594 2604
3 1224 3337 594
3 2604 594 2241
3 7425 595 2863
3 595 8249 2863
3 7425 7046 595
3 595 10740 8249
3 596 4674 1420
3 596 1420 8653
3 6092 596 3000
3 596 8653 3000
3 6091 4674 596
3 6092 6091 596
3 1126 3582 597
3 1126 597 4543
3 597 1130 4562
3 597 7755 1130
3 597 3582 7755
3 4543 597 4562
3 1439 598 5824
3 1439 5828 598
3 6506 598 1525
3 1525 598 11022
3 6506 5824 598
3 598 5828 11022
3 8505 599 2453
3 2453 599 9768
3 8146 3581 599
3 599 3581 9768
3 8146 599 5720
3 8505 5720 599
3 600 2533 5623
3 9187 2533 600
3 3603 3790 600
3 3603 600 5623
3 1946 601 1532
3 5250 1532 601
3 6834 601 1946
3 5250 601 7436
3 6834 6932 601
3 601 6932 7436
3 602 3702 8616
3 9958 3702 602
3 3993 602 4619
3 3993 9579 602
3 602 8616 4619
3 9958 602 9579
3 8437 603 6588
3 10052 6588 603
3 8437 9268 603
3 9720 603 9268
3 9337 603 9720
3 9337 10052 603
3 4359 604 5176
3 4359 10549 604
3 5176 604 11058
3 604 10549 7874
3 11058 604 7874
3 605 3797 608
3 605 608 5168
3 605 3820 3797
3 605 6528 3820
3 605 5168 7925
3 605 7925 6528
3 611 606 7938
3 11099 606 611
3 606 1362 1296
3 4362 606 1296
3 11099 1362 606
3 4362 7938 606
3 6862 2580 607
3 2580 9491 607
3 607 9491 4134
3 6862 607 7248
3 608 3797 904
3 608 904 6085
3 608 5924 5168
3 608 10366 5924
3 608 6085 10366
3 609 2029 4066
3 609 7662 2029
3 8983 609 4066
3 9190 7662 609
3 8983 9190 609
3 6863 8978 610
3 7248 610 8978
3 6749 611 7407
3 10750 611 6749
3 611 7938 7407
3 10750 11099 611
3 7346 1608 612
3 1608 7936 612
3 3820 2434 612
3 7346 612 2434
3 10562 3820 612
3 10562 612 7936
3 3685 613 1522
3 5727 1522 613
3 3685 3252 613
3 3252 6898 613
3 5727 613 11062
3 6898 11062 613
3 5027 614 10676
3 5027 10750 614
3 6749 7644 614
3 10750 6749 614
3 9063 614 7644
3 10676 614 9063
3 4761 615 786
3 6882 786 615
3 6882 615 1956
3 1038 4843 616
3 8400 5183 616
3 9957 617 6414
3 10781 6414 617
3 8609 617 9703
3 8609 10781 617
3 8612 9622 617
3 8612 617 9957
3 9622 9703 617
3 3192 6814 618
3 3192 618 9547
3 9547 618 6061
3 618 10234 6061
3 618 6814 9797
3 618 9797 9744
3 618 9744 10234
3 619 10567 5001
3 619 5001 11059
3 10681 619 9266
3 9266 619 11059
3 10543 10567 619
3 10681 10543 619
3 620 1205 4323
3 620 6064 1205
3 620 4323 1888
3 620 1888 8583
3 620 7861 6064
3 620 8583 7861
3 7969 621 5271
3 621 9850 5271
3 7969 6709 621
3 622 2318 1533
3 622 1533 5783
3 622 9604 2318
3 622 5783 6700
3 622 6700 6283
3 622 6283 9604
3 623 4124 4897
3 623 7331 4124
3 5839 623 4897
3 5839 7103 623
3 11245 623 7103
3 11245 7331 623
3 4987 3183 624
3 3183 5784 624
3 624 5784 10879
3 624 10879 8583
3 625 970 1533
3 625 5784 970
3 6055 625 1533
3 6055 3988 625
3 10879 625 3988
3 10879 5784 625
3 626 1960 2445
3 626 6478 1960
3 3980 626 2445
3 3980 9537 626
3 5921 6478 626
3 5921 626 9537
3 5230 6599 627
3 5230 627 10986
3 8327 627 6599
3 8327 9438 627
3 627 9438 9439
3 627 9439 10986
3 6064 628 2311
3 11154 2311 628
3 628 3988 3989
3 628 7861 3988
3 11154 628 3989
3 6064 7861 628
3 629 3619 3366
3 629 3366 4718
3 6113 3619 629
3 629 4718 4719
3 7142 629 4719
3 6113 629 7142
3 9248 630 3875
3 630 9807 3875
3 630 4669 6986
3 9248 4669 630
3 630 6986 9128
3 630 9128 9807
3 9017 3273 631
3 10735 631 3273
3 9229 631 5566
3 5566 631 10379
3 9229 9017 631
3 10735 10379 631
3 1205 632 6186
3 10633 632 1205
3 1407 6186 632
3 1407 632 8130
3 5577 8130 632
3 10633 5577 632
3 633 9006 3272
3 11107 633 3272
3 633 4936 7951
3 633 10095 4936
3 633 7951 9006
3 11107 10095 633
3 2941 634 3960
3 2941 6200 634
3 634 4397 3960
3 634 9015 4397
3 634 6200 8143
3 634 8143 9015
3 635 10429 687
3 635 4582 8484
3 635 8484 9385
3 635 9385 10429
3 7004 636 1574
3 1574 636 8939
3 7610 3500 636
3 3500 9349 636
3 7004 7610 636
3 9349 8939 636
3 637 1155 997
3 637 997 4564
3 637 1753 1155
3 5066 1753 637
3 9851 637 4564
3 5066 637 9851
3 649 638 2889
3 649 10168 638
3 638 7769 1807
3 638 10168 7769
3 2607 639 1718
3 6984 1718 639
3 639 4588 2652
3 6984 639 2652
3 3952 2700 640
3 640 2700 9861
3 3952 640 6015
3 640 6934 6015
3 640 6258 6934
3 640 9861 6258
3 5585 1902 641
3 8930 641 1902
3 3119 641 5396
3 3119 5585 641
3 641 3624 5396
3 8655 642 646
3 646 642 9473
3 642 2358 9474
3 9576 2358 642
3 8655 9576 642
3 642 9474 9473
3 643 2903 1062
3 6837 643 1062
3 2472 643 5366
3 2472 8169 643
3 8169 2903 643
3 6837 5366 643
3 2333 9423 644
3 2333 644 9444
3 4920 644 8924
3 4920 10250 644
3 644 9423 8924
3 644 10250 9444
3 2918 645 1810
3 4495 645 2918
3 4495 4514 645
3 645 4514 7537
3 2444 646 2827
3 8655 646 2444
3 3253 2827 646
3 3253 646 9473
3 647 1112 2393
3 647 6162 1112
3 647 2393 5972
3 2409 2663 647
3 647 2663 6162
3 5972 7551 648
3 649 2889 8282
3 649 4407 5637
3 649 8282 4407
3 649 5637 4971
3 649 4971 10168
3 7712 1573 650
3 1573 10424 650
3 7712 650 7748
3 7870 7748 650
3 7870 650 10424
3 4903 1857 651
3 11230 651 1857
3 4902 4903 651
3 10593 4902 651
3 10593 651 10208
3 11230 10208 651
3 4583 652 2760
3 10460 2760 652
3 4583 9265 652
3 9265 8986 652
3 8986 10460 652
3 1367 5813 653
3 1367 653 9450
3 10353 653 5813
3 653 8773 9450
3 10353 8773 653
3 654 5355 4742
3 654 4742 5557
3 9803 5355 654
3 654 5557 9428
3 654 9428 9541
3 9803 654 9541
3 655 1161 7646
3 655 9645 1161
3 655 5257 7340
3 655 7646 5257
3 655 7340 7339
3 655 7339 9645
3 4639 656 1449
3 656 8820 4561
3 4639 8820 656
3 661 657 2892
3 661 7059 657
3 2892 657 4872
3 657 2935 4872
3 657 7216 2935
3 7059 7216 657
3 2731 658 6177
3 10387 658 2731
3 6214 6177 658
3 659 1036 3541
3 10172 1036 659
3 4545 5124 659
3 10172 659 5124
3 1347 660 2728
3 1347 3381 660
3 2728 660 6385
3 3381 7811 660
3 6177 6385 660
3 7811 6177 660
3 661 2892 6108
3 661 6108 4016
3 661 4016 8137
3 661 8137 7059
3 3529 999 662
3 662 999 5755
3 2626 662 8062
3 662 5755 3302
3 662 3302 8062
3 663 1040 1716
3 663 5120 1040
3 5757 663 1716
3 5549 5120 663
3 5549 663 9236
3 5757 9236 663
3 664 1096 7688
3 664 8040 1096
3 664 7688 4840
3 664 4840 10090
3 664 10090 8040
3 665 2795 902
3 665 902 5859
3 665 5859 2184
3 665 2184 8734
3 10096 2795 665
3 665 8734 9787
3 10096 665 9787
3 1350 666 2297
3 1350 3957 666
3 3958 2297 666
3 3957 6181 666
3 4788 3958 666
3 4788 666 6181
3 3064 1678 667
3 667 1678 11091
3 2100 3064 667
3 2100 667 7259
3 7259 667 5974
3 667 11091 5974
3 3054 668 1693
3 1693 668 5116
3 2198 7040 668
3 9147 2198 668
3 9147 668 3054
3 7040 5116 668
3 6135 669 672
3 8083 672 669
3 3391 669 7114
3 8083 669 3391
3 6135 6675 669
3 7114 669 6675
3 4428 670 2876
3 5489 2876 670
3 4428 6763 670
3 6763 4431 670
3 1794 671 6130
3 1794 10762 671
3 5487 6130 671
3 6781 5487 671
3 6126 6781 671
3 6126 671 10762
3 5909 672 4273
3 8467 4273 672
3 5909 6135 672
3 7227 673 5498
3 7227 7232 673
3 1534 674 1812
3 2502 674 1534
3 1538 7550 674
3 9273 1538 674
3 1812 674 8469
3 2502 9273 674
3 674 7550 8469
3 675 8764 3156
3 10856 675 3156
3 9521 675 7272
3 675 10814 7272
3 9521 8764 675
3 10856 10814 675
3 8164 5738 676
3 5738 9617 676
3 8164 676 10955
3 9350 676 10221
3 9350 10955 676
3 9617 10221 676
3 2510 677 5111
3 2511 11036 677
3 677 3578 5111
3 677 11036 3578
3 4905 678 703
3 4492 7592 678
3 4492 678 10211
3 4905 10211 678
3 679 2260 1935
3 679 1935 7413
3 679 4268 2260
3 679 8378 4268
3 679 7413 8378
3 680 1072 4711
3 680 3908 7857
3 10170 3908 680
3 10170 680 4711
3 681 683 6777
3 3513 681 1542
3 681 6777 1542
3 11171 681 3513
3 5547 3575 682
3 9052 682 3575
3 3732 682 9052
3 3732 10720 682
3 10720 5547 682
3 2921 683 1552
3 683 2921 4966
3 683 4966 6777
3 684 1474 2494
3 10720 1474 684
3 684 2494 5548
3 5547 684 5721
3 10720 684 5547
3 684 5548 5721
3 1612 2140 685
3 3976 1612 685
3 6938 685 2140
3 3984 3976 685
3 3984 685 3983
3 3983 685 6938
3 4552 2544 686
3 686 2544 9573
3 686 4755 3585
3 686 3585 4777
3 4552 686 4777
3 686 9573 4755
3 2942 912 687
3 688 2544 3775
3 688 9573 2544
3 688 4419 2803
3 688 2803 9573
3 688 3775 9053
3 688 9053 4419
3 1070 3279 689
3 1070 689 10861
3 10570 689 3279
3 10570 3312 689
3 689 3312 10861
3 6124 690 4557
3 10915 4557 690
3 690 8690 4649
3 10915 690 4649
3 10960 690 6124
3 10960 8690 690
3 1958 7972 691
3 1958 691 10259
3 8257 691 7972
3 8257 10625 691
3 10259 691 10260
3 10260 691 10625
3 4228 692 2954
3 2954 692 10868
3 4228 4851 692
3 4851 10500 692
3 692 10500 5465
3 692 5465 10868
3 693 4889 4535
3 6735 693 4535
3 6022 4889 693
3 6022 693 8458
3 7444 693 6735
3 7444 6792 693
3 693 6792 8458
3 5113 694 3941
3 5113 8150 694
3 5708 694 8150
3 4101 4276 695
3 4101 695 9279
3 695 6480 4657
3 695 4657 9279
3 1115 696 1585
3 1115 8600 696
3 6797 1585 696
3 6797 696 10812
3 8600 7867 696
3 696 7867 10812
3 697 4186 4211
3 697 5307 4186
3 697 4211 7169
3 697 11223 5307
3 697 7169 8504
3 697 8504 11223
3 7178 698 2388
3 698 11073 2388
3 7683 6151 698
3 698 6151 8054
3 7178 7683 698
3 698 8054 11073
3 761 2070 699
3 761 699 5170
3 1951 699 1689
3 2330 699 1951
3 5170 699 2330
3 701 700 3440
3 701 10023 700
3 700 5013 3440
3 4425 5013 700
3 4425 700 6801
3 700 10023 6801
3 6203 3437 701
3 701 3437 10023
3 6203 701 3440
3 7094 702 2986
3 702 7399 2986
3 3485 4003 702
3 702 7094 3485
3 5140 702 4003
3 702 5140 10295
3 10295 7399 702
3 4905 703 1575
3 703 7463 1575
3 703 3114 7463
3 1083 704 4650
3 10760 4650 704
3 7767 10760 704
3 1434 5874 705
3 6235 1434 705
3 705 9970 5375
3 705 5375 10363
3 705 5874 9970
3 6235 705 10363
3 4233 3748 706
3 3748 7889 706
3 3819 706 5025
3 9162 706 3819
3 4233 706 9162
3 7889 5025 706
3 2330 1733 707
3 707 1733 8762
3 2330 707 4130
3 707 8577 4130
3 707 4392 8577
3 707 8762 4392
3 708 2716 5700
3 9706 2716 708
3 9706 708 3122
3 3122 708 11097
3 6266 708 5700
3 11097 708 6266
3 709 935 2008
3 709 10141 935
3 942 709 3534
3 942 10141 709
3 709 2008 3814
3 709 2288 3534
3 709 3814 2288
3 710 5905 5906
3 11082 710 5906
3 710 10690 9064
3 10690 710 11082
3 1623 711 5216
3 1623 10745 711
3 11019 5216 711
3 9461 11019 711
3 4787 712 1457
3 712 6373 1457
3 6373 712 1908
3 9453 1908 712
3 10568 712 4787
3 712 10568 9453
3 713 1980 2913
3 713 9685 1980
3 713 9076 2714
3 713 2714 9685
3 713 2913 9066
3 713 9066 9076
3 7871 714 5196
3 714 10313 6202
3 7871 9161 714
3 714 9161 10313
3 3138 7175 715
3 3138 715 9765
3 3300 715 5785
3 3300 9765 715
3 715 11042 5785
3 715 7175 11042
3 716 2476 7601
3 716 8177 2476
3 4910 716 7601
3 9753 716 4910
3 716 5553 8177
3 9753 5553 716
3 3531 717 5460
3 11019 717 3531
3 11161 5460 717
3 7390 717 7392
3 7390 11161 717
3 7392 717 11019
3 3022 718 2332
3 2332 718 10984
3 3022 11010 718
3 3140 7622 718
3 9906 3140 718
3 10984 718 7622
3 9906 718 11010
3 7880 719 2716
3 10815 2716 719
3 719 6220 3832
3 10815 719 3832
3 6259 6220 719
3 7880 6259 719
3 1972 720 8201
3 10499 720 1972
3 3536 8420 720
3 3536 720 10499
3 720 4851 8201
3 720 8420 4851
3 3951 721 2303
3 5899 2303 721
3 7985 721 3951
3 5899 721 4317
3 4317 721 9001
3 7985 9001 721
3 6459 1878 722
3 1878 8502 722
3 3536 722 5018
3 3536 6459 722
3 9334 5018 722
3 9334 722 8502
3 723 2468 4457
3 4910 2468 723
3 723 4457 11043
3 4910 723 4542
3 10947 4542 723
3 10947 723 11043
3 724 4567 4569
3 5133 4567 724
3 724 4569 7819
3 6040 724 5092
3 5092 724 7819
3 6040 5133 724
3 7942 725 1527
3 725 8662 1527
3 7953 725 7303
3 9147 7303 725
3 9147 725 7942
3 7953 8662 725
3 3109 4916 726
3 9095 3109 726
3 726 8975 3147
3 726 3147 11174
3 4916 8975 726
3 9095 726 11174
3 4439 1667 727
3 7182 727 1667
3 3409 4439 727
3 727 10415 3409
3 7182 9261 727
3 9099 727 9261
3 9099 10415 727
3 5890 4023 728
3 728 4023 8831
3 5302 728 7134
3 5302 11001 728
3 5890 728 8508
3 728 8831 7134
3 728 11001 8508
3 729 3444 3084
3 729 3084 8839
3 729 5947 3443
3 729 8839 5947
3 6271 730 1371
3 7563 1371 730
3 2205 730 6271
3 2205 8682 730
3 2327 730 3925
3 7563 730 2327
3 8682 3925 730
3 10390 2408 731
3 3280 731 3889
3 10390 731 3280
3 732 1034 5074
3 732 10953 1034
3 2425 6499 732
3 2425 732 9344
3 732 5074 9344
3 732 6499 10953
3 733 6481 7013
3 733 10309 6481
3 733 7013 9133
3 733 9133 9132
3 733 9132 9179
3 733 9179 10309
3 734 823 4947
3 9220 823 734
3 2440 7820 734
3 2440 734 10630
3 10630 734 4947
3 9220 734 7820
3 9220 735 823
3 735 9761 823
3 5388 735 1651
3 9220 1651 735
3 5388 9201 735
3 735 9201 9761
3 736 9006 6527
3 9253 736 6527
3 736 8023 9006
3 11220 8023 736
3 9733 736 9253
3 11220 736 9733
3 737 4949 9761
3 737 10645 4949
3 737 8194 5988
3 737 5988 10645
3 737 9201 8194
3 737 9761 9201
3 1635 738 8254
3 1635 9375 738
3 5244 738 7126
3 5244 8794 738
3 9375 7126 738
3 8254 738 8794
3 1815 739 7146
3 1815 9657 739
3 3927 2284 739
3 2284 7146 739
3 6568 3927 739
3 6568 739 9657
3 740 5581 2816
3 740 2816 8170
3 3554 8168 740
3 3554 740 8170
3 8100 5581 740
3 8100 740 8168
3 11165 5418 741
3 8398 741 10189
3 11165 741 8398
3 742 1775 5363
3 742 6080 1775
3 742 2874 6080
3 742 6496 2874
3 742 5363 6496
3 2283 743 1634
3 743 4679 1634
3 1815 4679 743
3 1815 743 9657
3 2283 3407 743
3 4720 743 3407
3 9657 743 4720
3 7095 744 747
3 744 7991 747
3 7095 3681 744
3 5819 7991 744
3 2506 3303 745
3 8323 2506 745
3 8784 745 3303
3 7267 745 8253
3 7267 8323 745
3 8253 745 8784
3 1523 926 746
3 8351 746 926
3 1523 746 2526
3 8351 3213 746
3 1564 5805 747
3 1564 747 7991
3 5805 8794 747
3 7095 747 8794
3 748 3033 2308
3 748 2308 6571
3 748 7455 3033
3 748 6571 5311
3 748 5311 7455
3 749 3316 3954
3 749 10358 3316
3 749 3954 6352
3 749 6352 6324
3 750 994 5572
3 750 1003 1470
3 750 5572 1003
3 750 1470 3174
3 5071 751 4420
3 4420 751 10887
3 5071 7433 751
3 7433 9243 751
3 9243 9014 751
3 751 9014 10887
3 752 3753 3425
3 752 3425 6871
3 752 11158 3753
3 7034 752 6871
3 7437 752 7034
3 7437 11158 752
3 1613 753 6139
3 1613 7032 753
3 3530 753 5068
3 3530 6139 753
3 753 5917 5068
3 7032 5917 753
3 754 1256 8102
3 754 9230 6138
3 754 8102 7335
3 754 7335 9230
3 4287 1072 755
3 2459 755 4064
3 2459 4287 755
3 6873 756 1746
3 8517 1746 756
3 6873 9243 756
3 7433 8517 756
3 7433 756 9243
3 757 2415 1859
3 9103 757 1859
3 757 2438 2415
3 757 11233 2438
3 9103 11102 757
3 757 11102 11233
3 1747 4445 758
3 1747 758 10161
3 758 2413 5454
3 9836 2413 758
3 9836 758 4445
3 10161 758 5454
3 759 3429 6508
3 759 10908 3429
3 759 5635 8291
3 759 9050 5635
3 759 6508 9050
3 759 8291 9021
3 759 9021 10908
3 1068 760 2909
3 1068 7055 760
3 1861 760 4569
3 1861 6774 760
3 6774 2909 760
3 7055 4569 760
3 761 1855 7660
3 761 7863 1855
3 761 7660 2070
3 761 5170 7863
3 762 3735 1808
3 8649 762 1808
3 2355 762 9869
3 2355 9871 762
3 9871 3735 762
3 9869 762 8649
3 5714 3808 763
3 3808 7866 763
3 5714 763 4803
3 763 7755 4803
3 763 8701 7755
3 7866 8701 763
3 764 7653 2037
3 764 2037 8296
3 764 4564 7653
3 9851 4564 764
3 6351 3891 765
3 6591 4075 765
3 10674 765 4075
3 10674 6351 765
3 5626 766 5260
3 6206 5260 766
3 5515 6353 766
3 6206 766 6353
3 767 2233 6174
3 767 9607 2233
3 767 6174 8742
3 2958 771 768
3 6922 768 771
3 2958 768 6060
3 5526 6060 768
3 769 2118 3191
3 769 7879 2118
3 4370 769 3191
3 4370 10544 769
3 769 10685 7879
3 769 10544 10685
3 3651 1478 770
3 1478 3667 770
3 3651 770 6433
3 5064 6433 770
3 6922 771 1767
3 1767 771 8289
3 8289 771 2958
3 1992 2836 772
3 1992 772 3932
3 3132 772 2836
3 5651 3932 772
3 1868 6494 773
3 1868 773 6600
3 10123 2218 773
3 2218 10613 773
3 3890 6600 773
3 3890 773 10613
3 10123 773 6494
3 3651 6433 774
3 774 6433 3940
3 5443 775 1756
3 1756 775 5969
3 2916 5417 775
3 5443 2916 775
3 5969 775 5417
3 1043 776 7648
3 8088 1782 776
3 10173 776 1782
3 10173 7648 776
3 6811 1903 777
3 777 1903 7233
3 4532 777 4531
3 4531 777 7233
3 6811 777 4532
3 2093 778 2071
3 2071 778 2209
3 5870 778 2093
3 2264 2209 778
3 2264 778 2664
3 5870 2664 778
3 779 3865 3547
3 10446 779 3547
3 779 3734 3865
3 779 4393 3734
3 779 5439 4393
3 779 7490 5439
3 10446 7490 779
3 1679 780 2491
3 1679 3883 780
3 3883 2204 780
3 2204 9056 780
3 2491 780 5852
3 5852 780 9056
3 3347 3939 781
3 7028 3347 781
3 781 3939 6024
3 5363 781 6496
3 7028 781 5363
3 781 6024 6496
3 2124 782 7266
3 7926 782 2124
3 5856 782 7155
3 8805 782 5856
3 7926 7155 782
3 8805 7266 782
3 810 783 1188
3 810 10121 783
3 1188 783 1658
3 7364 1658 783
3 7364 783 6989
3 783 10121 6989
3 3093 784 10538
3 6499 784 10953
3 6722 10538 784
3 853 932 785
3 853 785 9889
3 932 9027 785
3 1351 8139 785
3 1351 785 9027
3 9889 785 8139
3 3294 786 1029
3 786 6882 1029
3 7639 786 3294
3 786 7639 4761
3 1114 787 4169
3 1114 7203 787
3 2534 787 1814
3 7203 1814 787
3 2534 4169 787
3 788 7532 789
3 788 789 7845
3 788 6909 4361
3 788 4361 7532
3 788 11182 6909
3 788 7845 11182
3 789 790 5459
3 789 7532 790
3 789 5459 7201
3 789 7201 7845
3 790 7532 4018
3 791 1358 4784
3 791 11133 1358
3 791 4784 2159
3 791 2159 10080
3 791 10080 7918
3 791 7918 11133
3 6603 2120 792
3 792 2120 7472
3 792 2240 7033
3 792 7472 2240
3 6949 6603 792
3 6949 792 7033
3 3398 798 793
3 7981 793 798
3 7981 800 793
3 800 8367 793
3 3398 793 3736
3 8367 3736 793
3 6986 4538 794
3 4538 8716 794
3 5808 794 8228
3 5808 9010 794
3 6986 794 9010
3 8716 8228 794
3 1180 4114 795
3 10456 1180 795
3 795 2049 2160
3 795 4114 2049
3 6530 795 2160
3 6530 10456 795
3 2759 796 9075
3 4116 8912 796
3 8071 796 8912
3 8071 9075 796
3 797 8714 901
3 797 901 10080
3 797 2159 7104
3 797 10080 2159
3 797 7104 3454
3 797 3454 8714
3 3398 9241 798
3 9241 3904 798
3 9907 798 3904
3 9907 7981 798
3 799 5122 1399
3 6610 799 1399
3 799 6612 5122
3 5853 6612 799
3 7719 5853 799
3 7719 799 6610
3 5463 800 3793
3 7981 3793 800
3 7417 800 5463
3 7417 8367 800
3 801 4053 1863
3 4340 801 1863
3 3608 7797 801
3 801 7797 4053
3 3825 802 6615
3 3825 7374 802
3 802 5838 9363
3 10998 5838 802
3 802 9363 6615
3 10998 802 7374
3 4340 4341 803
3 4340 803 10144
3 4341 6439 803
3 8572 803 6439
3 7846 803 8572
3 7846 10144 803
3 2376 804 7809
3 2376 9867 804
3 3922 3298 804
3 7809 804 3298
3 3922 804 8186
3 804 9867 8186
3 5088 805 2196
3 9498 3580 805
3 9498 805 5088
3 2791 5420 806
3 2791 806 9900
3 3825 806 5420
3 3825 6615 806
3 6615 7160 806
3 9900 806 7160
3 6356 1641 807
3 1641 7527 807
3 5851 3704 807
3 6356 807 3704
3 5851 807 5119
3 7374 5119 807
3 7374 807 7527
3 8031 808 1673
3 10506 1673 808
3 8021 10506 808
3 11070 8021 808
3 8174 808 8031
3 11070 808 8174
3 4975 2094 809
3 6911 809 2094
3 2363 2970 809
3 2363 809 2971
3 4975 809 2970
3 6911 2971 809
3 1659 810 1188
3 2139 810 1659
3 2139 4099 810
3 810 4099 10121
3 5271 811 1969
3 7113 1969 811
3 7113 811 3381
3 3381 811 7811
3 5271 9850 811
3 811 9850 7811
3 2147 4091 812
3 10963 2147 812
3 7957 812 4091
3 7959 812 7957
3 813 7611 10091
3 813 10101 7611
3 8061 10101 813
3 10992 8061 813
3 9203 813 10091
3 10992 813 9203
3 4150 814 5831
3 4150 8034 814
3 5992 5831 814
3 5992 814 7818
3 814 8688 7818
3 814 8034 8688
3 815 3016 3971
3 815 3971 4158
3 815 4158 7204
3 7173 7681 816
3 7173 816 8303
3 7681 9281 816
3 9281 7854 816
3 7854 11162 816
3 11162 8303 816
3 1779 817 5028
3 1779 10874 817
3 7867 5028 817
3 7867 817 6998
3 6998 817 10874
3 968 6699 818
3 968 818 7049
3 1779 818 3091
3 1779 5028 818
3 3091 818 6699
3 7049 818 5028
3 10988 919 819
3 11149 819 919
3 10704 819 7868
3 11149 7868 819
3 10704 10988 819
3 3331 820 3330
3 3330 820 6250
3 820 3331 3514
3 4488 820 3514
3 5936 820 4488
3 5936 6250 820
3 7097 1885 821
3 1885 8198 821
3 2969 821 1893
3 8198 1893 821
3 2969 2485 821
3 7097 821 2485
3 8632 822 2062
3 822 10580 2062
3 6233 822 2156
3 8632 2156 822
3 6233 10580 822
3 2802 824 4950
3 2802 5061 824
3 824 3076 4950
3 824 7984 3076
3 3208 824 5061
3 3208 7984 824
3 4306 825 2867
3 8260 2867 825
3 3117 825 4306
3 7539 825 3117
3 7539 10724 825
3 8260 825 10724
3 826 2285 5012
3 826 6285 2285
3 4299 3472 826
3 3472 6285 826
3 4299 826 8337
3 826 5012 8337
3 4236 1409 827
3 827 1409 7882
3 9483 4236 827
3 827 5895 6460
3 827 7882 5895
3 9483 827 6460
3 828 3453 1307
3 828 1307 10238
3 828 2290 3453
3 828 5403 2290
3 828 10238 5403
3 829 2402 6392
3 829 7207 2402
3 2403 829 6392
3 9855 829 2403
3 829 3569 7207
3 9855 3569 829
3 2448 830 1062
3 9795 1062 830
3 2448 7931 830
3 7627 2625 830
3 9795 830 2625
3 7627 830 7931
3 4594 831 1061
3 10064 1061 831
3 4594 5253 831
3 831 5253 9139
3 8942 831 9139
3 10064 831 8942
3 833 832 7176
3 833 9175 832
3 5075 832 9175
3 5075 9981 832
3 832 10027 7176
3 832 9981 10027
3 6369 833 6298
3 833 7176 6298
3 6369 8432 833
3 8432 9175 833
3 1916 924 834
3 4292 1916 834
3 2278 4292 834
3 2278 834 6144
3 6144 834 4291
3 835 1288 3107
3 835 3470 2842
3 835 2842 5561
3 835 3107 3470
3 3537 836 2277
3 836 10433 2277
3 7219 836 3537
3 7219 4727 836
3 4165 2380 837
3 837 2380 7836
3 9443 4165 837
3 837 7836 8158
3 837 8158 11207
3 9443 837 11207
3 838 1440 2270
3 3836 1440 838
3 4280 838 2263
3 2263 838 9432
3 9432 838 2270
3 4224 3836 838
3 4224 838 4280
3 916 2263 839
3 916 839 2976
3 3095 839 2263
3 6945 2976 839
3 3095 3657 839
3 6945 839 3657
3 909 840 2270
3 9432 2270 840
3 1905 841 2080
3 1905 6625 841
3 841 11204 2080
3 841 3423 6364
3 841 6625 3423
3 841 6364 11204
3 1318 3079 842
3 8263 1318 842
3 9829 842 3079
3 6218 5447 842
3 5447 8263 842
3 9829 6218 842
3 6484 843 903
3 903 843 8615
3 8615 843 1031
3 6484 8613 843
3 6370 844 2256
3 10804 2256 844
3 5456 844 6370
3 5456 10805 844
3 10804 844 9551
3 844 10805 9551
3 3443 3081 845
3 6576 845 3081
3 6576 9997 845
3 846 1417 1891
3 846 1891 3849
3 4497 846 3849
3 4497 10895 846
3 1988 847 6236
3 1988 7575 847
3 4253 6236 847
3 4253 847 9160
3 10697 847 7575
3 10697 9160 847
3 6495 848 1889
3 10707 1889 848
3 6495 3878 848
3 848 3878 7254
3 848 7254 8167
3 10707 848 8167
3 3565 3410 849
3 3410 6467 849
3 3565 849 8242
3 4036 8242 849
3 11045 850 8280
3 850 9711 10193
3 11045 9711 850
3 850 10193 10192
3 2481 851 5269
3 2481 6396 851
3 851 5747 2538
3 851 2538 10204
3 851 2542 5747
3 6396 2542 851
3 5269 851 10204
3 876 2804 852
3 876 852 4507
3 3856 852 2804
3 4184 2806 852
3 2806 4507 852
3 3856 4184 852
3 3826 932 853
3 3826 853 5849
3 853 10974 5849
3 853 9889 10974
3 854 3106 8523
3 854 10176 3106
3 10343 10176 854
3 3751 3838 855
3 3751 855 9101
3 4423 855 3838
3 5664 855 4423
3 5664 8203 855
3 9101 855 8203
3 860 856 3557
3 856 3844 3557
3 3776 3844 856
3 3776 856 7840
3 857 3680 3844
3 857 9582 3680
3 3776 857 3844
3 3776 9878 857
3 857 5367 9582
3 857 9878 5367
3 858 2217 5037
3 858 7002 2217
3 858 5037 5657
3 858 5657 6683
3 858 6683 8205
3 858 8205 7002
3 3346 4284 859
3 5655 3346 859
3 5048 3933 859
3 5655 859 3933
3 5048 859 4284
3 860 3557 2011
3 6092 860 2011
3 6092 3000 860
3 6955 1424 861
3 861 1424 7236
3 6955 861 10462
3 7384 7177 861
3 7177 10462 861
3 7384 861 7236
3 3204 862 1488
3 5046 1488 862
3 3204 5882 862
3 4222 862 4234
3 5046 862 4222
3 4234 862 5882
3 2006 863 1488
3 8770 1488 863
3 2006 2193 863
3 2193 6973 863
3 5054 863 6973
3 5054 8770 863
3 864 8643 2001
3 864 5893 8668
3 864 8668 8643
3 865 10299 8055
3 865 10301 10299
3 865 10458 10301
3 2207 866 1997
3 2207 8642 866
3 866 6308 8641
3 8642 6308 866
3 1600 1884 867
3 1884 4929 867
3 2249 867 9416
3 867 4929 8244
3 9416 867 8244
3 3135 5957 868
3 7419 3135 868
3 6175 3340 868
3 868 3340 6723
3 6175 868 5957
3 7419 868 6723
3 869 3716 7212
3 869 10743 3716
3 869 8203 6652
3 869 6652 10743
3 869 7212 9976
3 870 3324 2810
3 870 2810 8219
3 870 9739 3324
3 870 8219 4308
3 870 4308 8860
3 870 8860 9739
3 7190 871 2404
3 871 10305 2404
3 7190 7187 871
3 871 7187 11231
3 871 8235 10305
3 871 11231 8235
3 6880 872 2838
3 7005 2838 872
3 5036 872 4983
3 10372 4983 872
3 5036 7005 872
3 10372 872 6880
3 873 3414 8186
3 7244 7326 873
3 1648 7602 874
3 10913 1648 874
3 874 7602 3615
3 8987 874 3615
3 8987 10959 874
3 10913 874 10959
3 5044 875 878
3 5371 878 875
3 1998 880 875
3 880 5371 875
3 5470 1998 875
3 5470 875 5044
3 876 7593 2804
3 876 2978 7593
3 876 8695 2978
3 4984 876 4507
3 4984 8695 876
3 8304 877 7125
3 8541 877 8304
3 8541 8529 877
3 9824 877 8529
3 1999 2819 878
3 6336 1999 878
3 2819 5044 878
3 6336 878 5371
3 879 3822 6994
3 6648 879 6994
3 7002 880 1998
3 2540 880 7002
3 2540 11003 880
3 5371 880 2837
3 2837 880 11003
3 1986 881 5871
3 1986 9978 881
3 5871 881 3278
3 10767 3278 881
3 9978 5032 881
3 10767 881 5032
3 2707 882 1870
3 2707 3007 882
3 2813 882 3007
3 2201 883 8432
3 2201 10580 883
3 883 10580 5243
3 883 5243 10614
3 4622 884 2061
3 884 8676 2061
3 884 2646 5864
3 8668 2646 884
3 4622 8668 884
3 884 5864 8676
3 4918 4484 885
3 885 4484 5732
3 4918 885 8301
3 885 5732 8994
3 885 8846 8301
3 885 8994 8846
3 886 5960 9180
3 886 10707 8167
3 886 9180 11088
3 886 11088 10707
3 6985 887 2797
3 2797 887 9401
3 3327 887 4946
3 3327 9401 887
3 4946 887 6486
3 6985 6486 887
3 9334 888 5018
3 5018 888 10936
3 9977 6346 888
3 6346 10936 888
3 9583 6661 888
3 6661 9977 888
3 9583 888 9334
3 10265 889 3588
3 889 5682 5935
3 11018 5682 889
3 10265 11018 889
3 890 6236 1702
3 7384 890 1702
3 890 9153 6236
3 7384 11057 890
3 891 3371 7792
3 10734 3371 891
3 3779 891 3828
3 5573 891 3779
3 3828 891 7247
3 5573 10734 891
3 7247 891 7792
3 1166 892 1122
3 9126 1122 892
3 892 4805 4182
3 9126 892 4182
3 893 2118 2949
3 3191 2118 893
3 893 2949 7559
3 3191 893 9336
3 893 7559 9263
3 893 9263 9336
3 894 905 2430
3 894 2729 905
3 894 2430 5711
3 894 8444 2729
3 4415 894 6861
3 4415 8444 894
3 6861 894 5711
3 895 4764 1824
3 10386 895 1824
3 4935 4764 895
3 4938 4935 895
3 4938 895 6604
3 8671 6604 895
3 8671 895 10386
3 3946 10552 896
3 3946 896 10806
3 3953 4666 896
3 3953 896 6509
3 896 4666 10806
3 896 10552 6509
3 2680 8283 897
3 9353 2680 897
3 3654 4069 897
3 3654 897 8283
3 4090 897 4069
3 4090 9353 897
3 898 6541 1684
3 898 1684 11055
3 898 3358 2164
3 898 2164 6541
3 898 7675 3358
3 898 11055 7675
3 2117 2234 899
3 2117 899 3437
3 899 2234 5210
3 4882 3437 899
3 5014 4882 899
3 5014 899 5210
3 900 1858 1147
3 900 1147 5387
3 900 5387 1277
3 900 1277 9943
3 900 2902 1858
3 900 9943 2902
3 10080 901 8302
3 8302 901 10378
3 10304 901 8714
3 10304 10378 901
3 10995 902 2795
3 902 10091 5859
3 9203 10091 902
3 10995 9203 902
3 903 8615 1953
3 10627 903 1953
3 6484 903 8614
3 8614 903 10627
3 904 3693 1102
3 904 1102 4925
3 904 3797 3693
3 904 4925 6085
3 905 9236 2430
3 905 2729 5494
3 905 5494 7911
3 905 7911 9236
3 4054 3488 906
3 10992 906 3488
3 4054 906 4518
3 10995 4518 906
3 10992 9203 906
3 10995 906 9203
3 8482 3760 907
3 8485 907 3760
3 4573 907 7553
3 8485 7553 907
3 2054 908 4991
3 2054 6254 908
3 3917 908 6254
3 3917 10708 908
3 4991 908 10708
3 909 2270 4999
3 909 4999 11059
3 11184 909 11059
3 3100 910 913
3 913 910 6310
3 3100 3956 910
3 910 3956 5275
3 910 5275 6137
3 6310 910 6137
3 7824 911 4960
3 4960 911 10792
3 7475 7590 911
3 7475 911 8546
3 7590 10792 911
3 7824 8546 911
3 2942 1334 912
3 912 1334 5422
3 912 5422 2607
3 1939 913 4271
3 5382 913 1939
3 3100 913 5382
3 913 6310 4271
3 914 2783 2206
3 7367 914 2206
3 7953 2783 914
3 3699 3420 914
3 7953 914 3420
3 3699 914 7367
3 8837 915 4599
3 10403 4599 915
3 8837 7428 915
3 10576 915 7428
3 10403 915 10576
3 916 4280 2263
3 916 2976 2271
3 916 2271 4280
3 917 2634 6367
3 7219 2634 917
3 4727 917 3625
3 3625 917 10432
3 7219 917 4727
3 917 6367 10432
3 1840 918 1927
3 918 1840 5913
3 7608 1927 918
3 918 5913 10432
3 7608 918 6367
3 918 10432 6367
3 919 8837 1468
3 11149 919 1468
3 6511 8837 919
3 6511 919 10149
3 10988 10149 919
3 5278 2125 920
3 4547 5334 920
3 4005 921 2634
3 921 7643 2634
3 5671 921 4005
3 921 5000 7643
3 921 8590 5000
3 5671 8590 921
3 922 3349 2121
3 922 2121 7297
3 922 3035 6101
3 922 10880 3035
3 922 6101 3349
3 922 7297 10880
3 1841 1562 923
3 2176 923 1562
3 1841 923 3107
3 2176 4782 923
3 923 3470 3107
3 923 4782 3470
3 1916 10371 924
3 5670 924 9149
3 9149 924 10371
3 6829 925 2463
3 9564 2463 925
3 7316 5764 925
3 9564 925 5764
3 6829 9770 925
3 7316 925 9770
3 1523 1473 926
3 1473 2812 926
3 9671 1836 927
3 9806 927 1836
3 4231 927 2965
3 927 9278 2965
3 9671 927 4231
3 9806 9278 927
3 5005 928 4117
3 4117 928 5558
3 5005 10876 928
3 8952 5558 928
3 10214 8952 928
3 10214 928 10876
3 1051 929 3007
3 1051 8142 929
3 2813 3007 929
3 3110 2813 929
3 6004 3110 929
3 6004 929 8142
3 930 1055 5326
3 930 9459 1055
3 930 5326 2705
3 930 2705 10990
3 8746 9459 930
3 8746 930 10990
3 931 6689 2482
3 931 2482 8368
3 931 3604 3670
3 3604 931 8368
3 931 3670 7736
3 6689 931 7736
3 3826 2096 932
3 4560 932 2096
3 4560 9027 932
3 933 1567 3354
3 1567 933 6865
3 5554 6865 933
3 5554 933 7253
3 3416 1290 934
3 934 1290 7310
3 3416 934 10117
3 6510 10117 934
3 6510 934 10746
3 10746 934 7310
3 1918 6285 935
3 1918 935 10141
3 2008 935 6285
3 1219 936 8330
3 6891 8330 936
3 2996 937 5274
3 2996 5524 937
3 937 8346 5274
3 937 5524 8347
3 937 9570 8346
3 937 8347 9570
3 938 2737 5600
3 938 8324 2737
3 9596 938 5600
3 9596 9928 938
3 2276 939 4289
3 2276 6663 939
3 3537 939 3468
3 939 4290 3468
3 3537 4289 939
3 939 6663 4290
3 11193 940 1913
3 4997 940 7391
3 11193 7391 940
3 958 941 5952
3 958 6676 941
3 3812 941 5395
3 3812 5952 941
3 6676 5395 941
3 2846 942 954
3 4546 954 942
3 2846 10141 942
3 4546 942 3534
3 2713 6974 943
3 2713 943 7626
3 3255 943 6974
3 9227 943 3255
3 9815 7626 943
3 9227 9526 943
3 9815 943 9526
3 2185 8037 944
3 2185 944 10099
3 6522 944 7995
3 6522 9013 944
3 8037 7995 944
3 10099 944 9013
3 1448 2975 945
3 1448 945 3556
3 2975 8604 945
3 8604 3433 945
3 3433 10371 945
3 3556 945 10371
3 1012 946 3853
3 1012 4391 946
3 946 4391 2877
3 7152 946 2877
3 7362 3853 946
3 7362 946 7152
3 2559 6261 947
3 10845 2559 947
3 947 4565 7631
3 947 10186 4565
3 10186 947 6261
3 10845 947 7631
3 2773 5978 948
3 8247 2773 948
3 5712 948 10294
3 5712 11123 948
3 948 5978 10701
3 8247 948 11123
3 10294 948 10701
3 2713 949 6974
3 7697 949 2713
3 7697 5128 949
3 5128 11123 949
3 9231 6974 949
3 9231 949 11123
3 2299 950 3480
3 2299 4294 950
3 4294 3118 950
3 3118 4344 950
3 4309 3480 950
3 4309 950 4344
3 8083 3391 951
3 3391 8885 951
3 4774 5389 951
3 4774 951 8885
3 951 5389 6241
3 4406 2406 952
3 952 2406 5448
3 5282 952 2407
3 5693 2407 952
3 5282 4406 952
3 5693 952 5448
3 2040 3224 953
3 5805 2040 953
3 2982 953 3224
3 2982 8254 953
3 5805 953 8254
3 3480 954 1119
3 4546 1119 954
3 2846 954 3480
3 1913 955 2293
3 3841 2293 955
3 2975 3841 955
3 2975 955 8604
3 3313 956 2374
3 2374 956 5625
3 2768 956 5782
3 2768 6779 956
3 3313 5782 956
3 956 6779 5625
3 2397 957 2399
3 2397 7431 957
3 2399 957 5448
3 957 2798 5448
3 6736 2798 957
3 7431 6736 957
3 958 5952 3529
3 959 3492 8376
3 959 9861 3492
3 959 6258 9861
3 10695 6258 959
3 9764 959 8376
3 9764 10695 959
3 1990 960 1947
3 1947 960 9703
3 1990 4417 960
3 960 3371 4262
3 960 4417 3371
3 7990 960 4262
3 7990 9703 960
3 961 3681 10212
3 10749 6886 961
3 961 10212 10778
3 10749 961 10778
3 7057 3629 962
3 7057 962 10695
3 9994 10695 962
3 963 5445 2675
3 963 2675 10933
3 963 5245 5445
3 963 10933 6453
3 2730 3317 964
3 2730 964 4007
3 3099 964 3317
3 964 3099 7642
3 6524 4007 964
3 7256 6524 964
3 7256 964 7642
3 2304 965 8274
3 2304 10087 965
3 8274 965 4435
3 8901 4435 965
3 4893 965 6962
3 8901 965 4893
3 10087 6962 965
3 966 1326 2770
3 966 10919 1326
3 966 2770 10853
3 966 3105 9654
3 966 10853 3105
3 966 9654 10919
3 4633 967 1898
3 6698 1898 967
3 967 4633 6068
3 6698 967 5934
3 1742 6699 968
3 1742 968 7585
3 2305 968 7049
3 7585 968 2305
3 2595 4890 969
3 2595 969 9228
3 3539 969 4890
3 3539 7481 969
3 6539 969 7481
3 6539 9228 969
3 3713 970 1404
3 1404 970 5784
3 1533 970 5783
3 3713 5783 970
3 2306 971 7409
3 8361 971 2306
3 8361 5030 971
3 5030 9033 971
3 10319 7409 971
3 10319 971 9033
3 972 6963 5465
3 10500 972 5465
3 8553 972 6346
3 972 10936 6346
3 8553 6963 972
3 10936 972 10500
3 6197 8633 973
3 6197 973 11048
3 6216 8629 973
3 9320 6216 973
3 11048 973 8629
3 2758 974 5304
3 2758 11001 974
3 974 4029 5304
3 974 6335 4029
3 5302 6335 974
3 5302 974 11001
3 10713 1852 975
3 4590 10713 975
3 1164 4160 976
3 1164 976 7338
3 976 4401 1817
3 7338 976 1817
3 4160 4580 976
3 4580 4401 976
3 2914 977 1231
3 7865 1231 977
3 6933 977 2914
3 6933 3756 977
3 3756 7172 977
3 7865 977 7172
3 2396 5330 978
3 2396 978 9938
3 4876 3998 978
3 9938 978 3998
3 4876 978 9287
3 9287 978 5330
3 1091 979 4351
3 1091 10276 979
3 4351 979 5948
3 5414 5948 979
3 5414 979 8564
3 1351 6751 980
3 1351 980 8139
3 2014 980 3766
3 2014 7556 980
3 3766 980 8715
3 6751 8715 980
3 7556 8139 980
3 1760 981 8245
3 9214 981 1760
3 981 2334 1849
3 981 1849 7100
3 9214 2334 981
3 981 7100 8245
3 4307 2009 982
3 8857 4307 982
3 8857 982 10030
3 10030 982 10797
3 983 3998 4876
3 983 6914 3998
3 983 4760 3999
3 983 3999 8665
3 983 4876 4760
3 983 8665 6914
3 984 3026 5841
3 4350 984 5841
3 5946 984 4350
3 5946 7528 984
3 3299 5254 985
3 3299 985 10472
3 5254 4549 985
3 6290 985 4549
3 6290 9492 985
3 985 9492 10472
3 7041 1190 986
3 10841 986 1190
3 5521 7616 986
3 10841 5521 986
3 9942 5070 987
3 987 5070 10843
3 987 5309 8008
3 987 9449 5309
3 9942 987 8008
3 987 10843 9449
3 3705 8002 988
3 988 8002 9614
3 988 9614 9449
3 10843 988 9449
3 989 3886 7989
3 989 9572 3886
3 989 6155 9572
3 989 7989 10848
3 2025 990 3013
3 2025 8111 990
3 990 2325 5038
3 8111 2325 990
3 3013 990 5106
3 990 5038 5106
3 3686 2465 991
3 991 2465 10344
3 8793 3686 991
3 991 4201 4241
3 991 9297 4201
3 8793 991 4241
3 991 10344 9297
3 8262 4202 992
3 4202 8433 992
3 8262 992 5815
3 10966 992 8433
3 10966 9902 992
3 6821 993 1422
3 8104 1422 993
3 6752 993 2036
3 7208 2036 993
3 6821 2322 993
3 7208 993 2322
3 6752 8104 993
3 994 2578 3659
3 994 4018 2578
3 994 3659 5572
3 3966 995 1727
3 10906 1727 995
3 995 3966 7705
3 995 6679 7121
3 6679 995 7705
3 10906 995 7121
3 996 5829 4361
3 996 4361 6909
3 6221 5829 996
3 6221 996 7416
3 1155 8384 997
3 3859 4564 997
3 5065 3859 997
3 5065 997 6410
3 8384 6410 997
3 4120 6466 998
3 4120 998 7202
3 6466 4880 998
3 7202 998 6110
3 3529 7548 999
3 999 8157 5755
3 7548 8157 999
3 5571 3958 1000
3 6953 1000 3958
3 5283 5017 1000
3 5017 5571 1000
3 11177 5283 1000
3 11177 1000 6953
3 3103 4856 1001
3 5266 3103 1001
3 4856 4854 1001
3 1001 4854 5631
3 6554 5266 1001
3 5631 6554 1001
3 4863 1537 1002
3 8286 1002 1537
3 4858 3477 1002
3 8321 1002 3477
3 8286 4858 1002
3 8321 4863 1002
3 1003 6078 4354
3 6449 1003 5572
3 6449 6078 1003
3 1743 1004 3689
3 1743 6007 1004
3 3689 1004 7561
3 6121 4885 1004
3 1004 4885 7561
3 6007 6121 1004
3 1005 4864 2732
3 1005 2732 9306
3 1005 2801 3703
3 1005 9306 2801
3 1005 3703 4864
3 4158 1006 7204
3 4158 8366 1006
3 1006 6223 7162
3 1006 8366 6223
3 1006 7162 6360
3 1006 6360 7204
3 1342 1537 1007
3 4863 1007 1537
3 1871 1007 4863
3 3037 3389 1008
3 4458 3037 1008
3 1008 3389 7112
3 4458 1008 5437
3 1008 7424 5437
3 1008 7112 7424
3 1009 1011 1010
3 5391 1009 1010
3 1009 2136 1011
3 1009 8895 2136
3 1009 5391 3015
3 1009 3015 8895
3 1010 8355 5391
3 8355 1010 6180
3 2874 4391 1012
3 6080 2874 1012
3 5596 1012 3853
3 6080 1012 5596
3 1013 2536 1804
3 1013 1804 6115
3 6789 2536 1013
3 1013 6115 4170
3 1013 4170 6798
3 6789 1013 6798
3 7403 1014 1425
3 7403 1722 1014
3 1722 9445 1014
3 1014 9445 4586
3 2710 1015 1042
3 1042 1015 10513
3 1015 2769 4510
3 1015 4510 10513
3 1016 1307 10007
3 1016 10238 1307
3 4682 1016 4754
3 4682 10238 1016
3 1016 4683 4754
3 1016 10007 4683
3 1017 3017 7658
3 1017 7899 3017
3 3289 3798 1017
3 3289 1017 4061
3 1017 3798 7899
3 1017 7658 4061
3 3520 1018 4398
3 3520 6276 1018
3 7375 4398 1018
3 7375 1018 4963
3 1019 2243 3465
3 1019 4325 2243
3 2677 1019 3465
3 2677 9356 1019
3 9356 4325 1019
3 1020 3099 3317
3 7896 3099 1020
3 1020 3317 7293
3 7803 1020 7293
3 7803 7954 1020
3 7954 7896 1020
3 3288 2724 1021
3 2724 5379 1021
3 10907 3288 1021
3 4839 1021 4640
3 5379 4640 1021
3 10907 1021 4839
3 1291 1022 2778
3 7637 1022 1291
3 2778 1022 1950
3 9545 1950 1022
3 7637 6688 1022
3 6688 9545 1022
3 1540 5724 1023
3 1540 1023 9589
3 3919 1869 1023
3 9589 1023 1869
3 3919 1023 5063
3 5724 5063 1023
3 1024 3526 3978
3 1024 6738 3526
3 1024 3789 6738
3 1024 7030 3789
3 1024 3978 6431
3 1024 6431 7030
3 9857 2884 1025
3 2884 10661 1025
3 10661 5690 1025
3 1025 5690 11118
3 5973 9857 1025
3 1025 11118 5973
3 1026 1483 6428
3 1026 8270 1483
3 5134 1026 5453
3 5134 6257 1026
3 1026 6428 5453
3 1026 6257 8270
3 1027 1752 2887
3 1027 8972 1752
3 1027 5979 6896
3 1027 6896 8972
3 1028 1750 3786
3 1028 9848 1750
3 1028 3786 1751
3 1028 1751 10220
3 1028 2786 9848
3 1028 10220 2786
3 5404 3294 1029
3 5404 1029 7949
3 6882 10934 1029
3 10934 7949 1029
3 3476 3477 1030
3 3476 1030 4866
3 1030 3477 3831
3 7110 1030 3831
3 5456 6370 1031
3 5456 1031 9931
3 6370 8615 1031
3 4958 8845 1032
3 1032 6023 9249
3 1032 10641 6023
3 8579 1032 8845
3 8579 10641 1032
3 7971 1033 4848
3 9630 4848 1033
3 7971 9963 1033
3 1033 8749 8035
3 9630 1033 8035
3 9963 8749 1033
3 6761 1034 3540
3 3540 1034 6870
3 6761 5074 1034
3 1034 10953 6870
3 3285 3301 1035
3 3677 3285 1035
3 3294 5404 1035
3 5753 3294 1035
3 3301 5753 1035
3 5404 3677 1035
3 3541 1036 1723
3 5549 1723 1036
3 5549 1036 5120
3 10172 5120 1036
3 5743 1037 2428
3 6867 2428 1037
3 5471 1037 2897
3 5743 2897 1037
3 5471 9661 1037
3 6867 1037 9661
3 4844 1038 4839
3 10907 4839 1038
3 4844 4843 1038
3 3942 5292 1039
3 3942 1039 9726
3 7352 5619 1039
3 9726 1039 5619
3 2426 1716 1040
3 7597 2426 1040
3 1040 5120 6032
3 7597 1040 6032
3 1041 5270 1250
3 9925 1041 2710
3 1041 7899 5270
3 1041 7111 7899
3 9925 7111 1041
3 1042 2805 6885
3 1042 10513 2805
3 1042 6885 8332
3 3858 1043 8552
3 1043 7648 5083
3 1043 5083 8552
3 1044 2036 4831
3 1044 3108 5623
3 1044 7534 3108
3 1044 4831 7534
3 6674 1045 10340
3 11213 1045 6674
3 1045 9247 9747
3 1045 10269 9247
3 1045 9747 10340
3 11213 10269 1045
3 1046 8149 3365
3 1046 5708 8149
3 1047 2439 1691
3 9104 1047 1691
3 1047 1711 1703
3 1047 1703 7822
3 9104 1711 1047
3 1047 7822 2439
3 1051 1048 2708
3 1051 4835 1048
3 2708 1048 5333
3 4835 5604 1048
3 5333 1048 5604
3 2189 2126 1049
3 4671 1049 2126
3 2128 3698 1049
3 6977 2128 1049
3 2189 1049 7050
3 3698 7050 1049
3 4671 6977 1049
3 1797 1050 3150
3 1797 6719 1050
3 1050 2094 4975
3 8558 2094 1050
3 1050 4975 3150
3 6719 8558 1050
3 1051 2708 8142
3 1051 3007 4835
3 1052 2437 7817
3 1052 4411 6156
3 1052 7817 4411
3 1052 6156 6854
3 3675 3973 1053
3 3675 1053 11039
3 1053 3973 3800
3 1053 3800 7485
3 6004 1053 7485
3 6004 7941 1053
3 1053 7941 11039
3 5388 5994 1054
3 5388 1054 9201
3 1054 5994 9784
3 1054 7453 8194
3 1054 9784 7453
3 1054 8194 9201
3 1055 1596 5326
3 1055 6353 1596
3 1055 4911 6353
3 9459 4911 1055
3 1056 3287 3319
3 1056 6836 3287
3 1056 3319 4626
3 1056 4626 5736
3 1056 5736 6717
3 1056 6717 6836
3 5992 1872 1057
3 1057 1872 10111
3 1057 4191 5831
3 1057 9681 4191
3 5992 1057 5831
3 1057 10111 9681
3 2345 1058 2343
3 9096 2343 1058
3 2345 4977 1058
3 4977 4487 1058
3 4487 5424 1058
3 1058 5424 10997
3 9096 1058 10997
3 1059 6041 7491
3 1059 7598 6041
3 1059 6043 7432
3 1059 7491 6043
3 1059 7432 6745
3 1059 6745 7598
3 1060 6174 2233
3 7311 1060 2233
3 1060 4915 3894
3 1060 3894 6174
3 1060 6208 4915
3 7311 6208 1060
3 4594 1061 8763
3 8763 1061 7520
3 7520 1061 9773
3 10064 9773 1061
3 2448 1062 2903
3 6837 1062 6852
3 9795 6852 1062
3 1063 2509 1080
3 1063 1080 4653
3 1063 6005 2509
3 1063 4653 7489
3 1063 4826 6572
3 1063 7489 4826
3 1063 6572 6005
3 2628 1064 1065
3 6803 1065 1064
3 1454 6803 1064
3 1454 1064 8113
3 2628 9790 1064
3 8113 1064 9790
3 4871 2628 1065
3 4871 1065 2811
3 2811 1065 9154
3 6803 9154 1065
3 1066 2693 1331
3 1066 1331 6941
3 1066 4154 4825
3 1066 10465 4154
3 1066 6941 10465
3 1646 6832 1067
3 8518 1646 1067
3 5177 1067 6832
3 8518 1067 7080
3 7101 1068 2909
3 5595 1068 7101
3 7327 1068 5595
3 7327 7055 1068
3 2419 3311 1069
3 2419 1069 9110
3 1069 3311 10320
3 1069 3994 9110
3 1069 10320 3994
3 1070 2896 3279
3 3663 2896 1070
3 3663 1070 7277
3 10406 7277 1070
3 10406 1070 10861
3 5211 3641 1071
3 9372 1071 3641
3 5920 5211 1071
3 8872 5920 1071
3 8872 1071 10862
3 10862 1071 9372
3 4287 7987 1072
3 4711 1072 7987
3 1073 2417 2699
3 1073 5340 2417
3 1073 2699 8396
3 1073 5339 5340
3 10328 5339 1073
3 1073 8396 8620
3 10328 1073 8620
3 4820 7120 1074
3 4820 1074 9613
3 1074 7120 4822
3 1074 11076 9613
3 4662 1075 3386
3 8997 3386 1075
3 4662 5660 1075
3 1075 5660 7523
3 8997 1075 7523
3 1076 3910 7269
3 9420 1077 2369
3 1077 9624 2369
3 1077 4574 5021
3 4574 1077 9420
3 10255 1077 5021
3 10255 9624 1077
3 2092 1078 1323
3 1078 10721 1323
3 2092 3695 1078
3 1078 3695 10865
3 1078 8637 10721
3 1078 10865 8637
3 2714 9076 1079
3 5675 1079 9076
3 1079 5675 10077
3 8230 1079 10077
3 1080 2509 8087
3 5626 4653 1080
3 8041 1081 1082
3 1081 8058 7799
3 8058 1081 8041
3 4468 9276 1082
3 8041 1082 9276
3 1083 4650 8491
3 1084 7224 5436
3 1084 5436 7744
3 1084 7035 7224
3 1084 9395 7035
3 8669 1084 7744
3 8669 9395 1084
3 1085 5589 8195
3 1085 8786 5589
3 1085 7629 8786
3 1085 11087 7629
3 1085 10431 7839
3 1085 7839 11087
3 1085 8195 10431
3 1615 1086 5460
3 1086 3531 5460
3 1086 7557 3531
3 1086 8177 7557
3 1270 1087 1239
3 4813 1239 1087
3 7709 1087 1265
3 1265 1087 9464
3 1270 9464 1087
3 7709 4813 1087
3 6705 1640 1088
3 8273 1088 1640
3 8273 5313 1088
3 10279 1088 5313
3 7560 6705 1088
3 7560 1088 10279
3 3029 7280 1089
3 1089 6580 7281
3 11115 6580 1089
3 11115 1089 7280
3 1090 4467 2476
3 8091 1090 2476
3 1090 9159 4467
3 8091 9788 1090
3 9728 9159 1090
3 9728 1090 9788
3 1091 7841 2864
3 1091 2864 10276
3 1091 4351 7841
3 1092 8542 1604
3 1092 1604 8883
3 1092 8883 7636
3 1092 7636 11159
3 1092 8562 8542
3 1092 11159 8562
3 1093 6146 9191
3 9989 6146 1093
3 9989 1093 8293
3 1093 10677 8293
3 9511 1093 9191
3 9511 10677 1093
3 1094 3821 2928
3 1094 2928 10548
3 1094 3376 3821
3 1094 6460 3376
3 1094 9483 6460
3 1095 2696 6167
3 1095 7239 2696
3 1095 6503 5715
3 1095 5715 7239
3 1095 6167 6503
3 7688 1096 1106
3 8565 1106 1096
3 8504 1096 8040
3 8565 1096 8504
3 1097 2435 3911
3 1097 3827 4849
3 5601 3827 1097
3 5601 1097 3911
3 1655 7922 1098
3 1655 1098 8923
3 9348 4791 1098
3 7922 9348 1098
3 4775 1099 1100
3 6586 1100 1099
3 2687 1099 4776
3 2687 6692 1099
3 4776 1099 4775
3 6692 6586 1099
3 4775 1100 6165
3 1100 10712 6165
3 4412 1101 2518
3 2518 1101 4525
3 3131 1101 3111
3 4412 3111 1101
3 3131 9073 1101
3 1101 9073 4525
3 2370 1102 4462
3 2370 4925 1102
3 1102 3693 10997
3 4462 1102 10997
3 8241 1117 1103
3 8835 1103 1117
3 8835 5592 1103
3 1104 5548 2494
3 9700 1104 2494
3 1104 2496 5108
3 9700 2496 1104
3 1104 5108 3869
3 1104 3869 5548
3 1105 2925 2497
3 1105 2924 2925
3 5169 1106 7166
3 8569 1106 5169
3 8565 7166 1106
3 8569 7688 1106
3 1519 4466 1107
3 5501 1519 1107
3 4930 4206 1107
3 5501 1107 4206
3 4466 7047 1107
3 4930 1107 7047
3 1108 1113 9078
3 1108 10206 1113
3 1508 1121 1108
3 1108 1121 10206
3 1505 2513 1108
3 1505 1108 9078
3 1508 1108 2513
3 1109 1583 3521
3 1109 4806 1583
3 6596 1109 4324
3 6596 4806 1109
3 1739 1110 6691
3 7405 1110 1739
3 4318 3043 1110
3 1110 3043 6691
3 4320 4318 1110
3 4320 1110 7405
3 1111 8049 1381
3 1111 1381 8060
3 3215 1111 2511
3 2511 1111 8060
3 3215 3201 1111
3 3201 8049 1111
3 4325 1112 1765
3 6162 1765 1112
3 10447 2393 1112
3 4325 10447 1112
3 1515 1113 9048
3 1515 9078 1113
3 6397 9048 1113
3 6397 1113 10206
3 6011 3518 1114
3 1114 3518 6732
3 6011 1114 4169
3 1114 6732 7203
3 1115 1585 4489
3 11106 1115 4489
3 1115 6272 8600
3 2919 4976 1116
3 10468 2919 1116
3 1116 5710 4536
3 1116 4536 7541
3 1116 4976 5710
3 8472 1116 7541
3 10468 1116 8472
3 8241 7921 1117
3 1117 7921 10558
3 8835 1117 10558
3 3465 2243 1118
3 9862 1118 2243
3 3465 1118 4071
3 9816 4071 1118
3 7771 6060 1118
3 9816 1118 6060
3 9862 7771 1118
3 2299 1119 2293
3 2293 1119 5392
3 2299 3480 1119
3 4546 5392 1119
3 1505 1120 2513
3 1505 10765 1120
3 2513 1120 7328
3 5503 1120 3203
3 3203 1120 10765
3 5503 7328 1120
3 1508 2516 1121
3 9695 1121 2516
3 1166 1122 7640
3 8240 1122 4789
3 9126 4789 1122
3 8240 7640 1122
3 9693 1123 1513
3 9695 1513 1123
3 2922 3577 1123
3 2922 1123 9693
3 10941 1123 3577
3 10941 9695 1123
3 5510 1124 1838
3 11163 1838 1124
3 5510 5296 1124
3 9885 1124 5296
3 9885 7706 1124
3 11163 1124 7706
3 1584 6919 1125
3 1584 1125 7334
3 5998 6791 1125
3 1125 6791 7334
3 3225 2946 1126
3 4834 1126 2946
3 3225 1126 4543
3 4834 3582 1126
3 7680 5646 1127
3 1127 5646 9376
3 7680 1127 8916
3 8891 8916 1127
3 8891 1127 10597
3 1127 9376 10597
3 1128 5496 8506
3 1128 7655 7388
3 8960 7655 1128
3 8960 1128 8506
3 1129 1938 6237
3 7915 1938 1129
3 7915 1129 1939
3 9924 1939 1129
3 1130 7755 3924
3 5169 7166 1131
3 5169 1131 8378
3 10829 1131 7166
3 7649 8378 1131
3 8628 7649 1131
3 8628 1131 10829
3 4043 1132 5804
3 6799 1132 4043
3 1132 5508 5804
3 7078 5508 1132
3 6799 5714 1132
3 5714 11150 1132
3 7078 1132 11150
3 1133 5345 3250
3 9411 1133 3250
3 9184 4709 1133
3 10396 1133 4709
3 10396 5345 1133
3 9184 1133 9411
3 2503 1134 5694
3 7229 1134 2503
3 1134 2527 5694
3 8471 1134 7229
3 2098 1135 4164
3 6108 1135 2098
3 1135 2936 4164
3 6765 2936 1135
3 6108 4244 1135
3 4244 6765 1135
3 1136 9452 2670
3 9843 1136 2670
3 9039 6645 1136
3 1136 6645 9452
3 9039 1136 8979
3 9843 8979 1136
3 1467 1137 4561
3 1467 6802 1137
3 5613 1137 3074
3 3074 1137 6802
3 9785 1498 1138
3 1498 10629 1138
3 1138 10629 2455
3 10787 1138 2455
3 9785 1138 2880
3 10787 2880 1138
3 1139 4072 3653
3 6082 4072 1139
3 6596 1139 4806
3 6082 1139 6596
3 1140 2690 4785
3 9719 2690 1140
3 1140 4785 4072
3 1140 4072 9355
3 1140 5033 5490
3 1140 9355 5033
3 9719 1140 5490
3 1152 1141 4786
3 10507 1141 1152
3 2997 9512 1141
3 10507 2997 1141
3 1141 5646 4786
3 1141 9376 5646
3 9512 9376 1141
3 5525 6979 1142
3 5525 1142 7976
3 6647 1142 6561
3 6979 6561 1142
3 6647 7976 1142
3 6578 3190 1143
3 1143 3190 9916
3 1143 3657 4998
3 6945 3657 1143
3 6578 1143 4998
3 6945 1143 9916
3 1144 5227 7733
3 10653 5227 1144
3 1144 7733 10208
3 10181 1144 9904
3 1144 10208 9904
3 10181 10653 1144
3 5133 2994 1145
3 8919 1145 2994
3 4801 4567 1145
3 5133 1145 4567
3 5246 4801 1145
3 8919 5246 1145
3 1467 1146 4548
3 4561 1146 1467
3 4548 1146 8065
3 1146 4561 8820
3 1146 6277 8065
3 1146 8820 6277
3 1147 3266 1149
3 5387 1147 1149
3 1147 1858 5492
3 1147 5492 3266
3 2180 4840 1148
3 7688 1148 4840
3 8569 1148 7688
3 8569 10139 1148
3 4808 1149 3266
3 4808 5246 1149
3 8919 1149 5246
3 8919 5387 1149
3 6495 5568 1150
3 7251 1150 5568
3 7080 1150 9694
3 7251 9694 1150
3 7595 2157 1151
3 2157 10455 1151
3 1151 10455 5073
3 7595 1151 8222
3 1858 1152 5492
3 1152 4786 5492
3 2426 1153 1716
3 4563 1716 1153
3 2426 4162 1153
3 6925 1153 4162
3 4563 1153 6925
3 1170 1445 1154
3 1170 1154 7757
3 1445 11151 1154
3 8191 7757 1154
3 8191 1154 8163
3 1154 11151 8163
3 1155 1753 8270
3 3739 1155 8270
3 3739 8384 1155
3 1156 2669 2680
3 1156 10383 2669
3 1156 2680 9353
3 8941 2991 1156
3 1156 2991 10383
3 8941 1156 9353
3 2752 5592 1157
3 9348 2752 1157
3 1157 5592 4796
3 1157 4796 7717
3 1419 3987 1158
3 1158 8014 1419
3 1423 8014 1158
3 1423 1158 8315
3 3987 2756 1158
3 2756 8315 1158
3 7302 1297 1159
3 8884 1159 1297
3 4749 1580 1159
3 1580 7302 1159
3 8884 4749 1159
3 6992 2157 1160
3 7595 1160 2157
3 3423 1160 3714
3 3423 6992 1160
3 3714 1160 4168
3 7595 4168 1160
3 7646 1161 9507
3 1161 9645 9651
3 1162 6910 8317
3 10503 6910 1162
3 10503 1162 6917
3 10975 6917 1162
3 11081 1162 8317
3 10975 1162 11081
3 2575 1163 7301
3 2575 10503 1163
3 10503 6917 1163
3 10956 1163 6917
3 7301 1163 10956
3 3295 1164 3097
3 1164 7772 3097
3 3295 4160 1164
3 1164 7338 7772
3 1165 1422 2735
3 6821 1422 1165
3 1165 2735 1427
3 8089 1165 1427
3 6821 1165 2552
3 8089 2552 1165
3 1166 7640 6597
3 10256 1166 6597
3 1167 2665 1172
3 1167 1172 3650
3 4769 2665 1167
3 1167 3650 6924
3 4769 1167 8354
3 8354 1167 6924
3 1923 4188 1168
3 1168 4188 4185
3 3424 1169 8077
3 3424 8492 1169
3 1169 5939 5660
3 1169 5660 8077
3 1169 10583 5939
3 1169 8492 10583
3 1170 5759 1445
3 1170 4162 5759
3 1170 6925 4162
3 1170 7757 6925
3 5736 4626 1171
3 4626 8824 1171
3 5736 1171 9536
3 10221 1171 8824
3 9536 1171 10659
3 1314 1172 2665
3 1314 10256 1172
3 1172 5746 3650
3 10256 5746 1172
3 1173 2580 2719
3 2745 2580 1173
3 1173 2719 5608
3 2745 1173 3349
3 1173 5348 3349
3 1173 4112 5348
3 1173 5608 4112
3 1174 1393 10218
3 11015 1393 1174
3 1174 7525 6701
3 11015 1174 6701
3 1175 1384 8548
3 1175 10237 1384
3 1747 1175 8548
3 1747 10161 1175
3 10161 10039 1175
3 1175 10039 10237
3 1176 4332 1642
3 1176 1642 6920
3 1176 6842 2564
3 1176 2564 9004
3 1176 9004 4332
3 1176 6920 6842
3 1177 1190 7096
3 10841 1190 1177
3 3474 1177 1738
3 6150 1738 1177
3 10841 1177 3474
3 6150 1177 7096
3 4793 1178 1195
3 4794 1195 1178
3 2531 1178 4793
3 2531 6034 1178
3 4794 1178 10487
3 10487 1178 6034
3 3271 1179 7246
3 3271 7738 1179
3 1179 3545 7246
3 2122 3916 1180
3 10456 2122 1180
3 1180 3916 4114
3 3119 4078 1181
3 3119 1181 5585
3 1181 3261 3260
3 3629 1181 3260
3 1181 4078 3261
3 1181 3629 5585
3 3802 1182 4477
3 3802 10617 1182
3 1182 8394 4477
3 5342 9890 1182
3 5342 1182 10617
3 8440 8394 1182
3 8440 1182 9890
3 8710 3875 1183
3 8806 1183 3875
3 4118 5542 1183
3 4118 1183 9476
3 5542 8710 1183
3 8806 10361 1183
3 9476 1183 10361
3 1184 5235 2642
3 5578 1184 2642
3 1184 9764 5235
3 5578 7057 1184
3 1184 7057 9764
3 8991 8175 1185
3 8175 10764 1185
3 10467 8991 1185
3 10467 1185 9676
3 10486 9676 1185
3 10486 1185 10764
3 3361 1186 1360
3 8611 1360 1186
3 4654 2583 1186
3 1186 2583 4781
3 4654 1186 3361
3 8611 1186 4781
3 4135 1187 1324
3 7466 1324 1187
3 6697 1187 4135
3 6697 5174 1187
3 7466 1187 5174
3 1188 1658 3416
3 1659 1188 9339
3 1188 3416 10833
3 9339 1188 10833
3 3500 1189 4084
3 3500 6029 1189
3 1189 9912 4084
3 1189 6029 4331
3 7678 1189 4331
3 7678 9912 1189
3 8656 1190 7041
3 7096 1190 8656
3 1191 2391 3569
3 2391 1191 9862
3 3525 7771 1191
3 9855 3525 1191
3 9855 1191 3569
3 9862 1191 7771
3 3812 3328 1192
3 5009 1192 3328
3 3803 7006 1192
3 3803 1192 7522
3 7006 3812 1192
3 5009 7522 1192
3 1193 3161 3853
3 1193 4389 3161
3 7362 1193 3853
3 1194 2686 1359
3 1194 1359 9368
3 7740 2686 1194
3 7740 1194 3386
3 3386 1194 10124
3 1194 9368 10124
3 4793 1195 8406
3 4794 7144 1195
3 1195 7144 6083
3 8406 1195 6083
3 7152 2877 1196
3 10674 1196 2877
3 4912 1196 4075
3 10674 4075 1196
3 7192 1196 4912
3 7192 7152 1196
3 1197 2734 3103
3 1197 3227 2734
3 3103 5266 1197
3 5266 7801 1197
3 4923 1198 4110
3 7330 4110 1198
3 1198 7074 4735
3 7330 1198 4735
3 1198 4923 7074
3 1199 1824 4764
3 1199 10747 1824
3 1199 4764 9669
3 4934 10747 1199
3 4934 1199 11235
3 11235 1199 9669
3 1200 3129 5545
3 1200 6695 3129
3 5042 1200 5039
3 5039 1200 5412
3 5042 6695 1200
3 1200 5545 5412
3 10688 1201 2370
3 10723 2370 1201
3 4654 1201 2583
3 8114 2583 1201
3 10723 1201 4654
3 10688 8114 1201
3 2576 1202 4196
3 2651 4196 1202
3 2651 1202 9406
3 4087 6910 1203
3 9839 4087 1203
3 6624 1203 6910
3 9839 1203 9403
3 1204 8545 4589
3 1204 4589 10019
3 10569 8545 1204
3 10416 1204 10019
3 10569 1204 10416
3 4323 1205 6186
3 6064 10633 1205
3 1206 2908 1280
3 8276 2908 1206
3 4696 8276 1206
3 4696 1206 10253
3 7714 10253 1206
3 1207 4216 5981
3 1207 10219 4216
3 1207 5981 9018
3 1207 9018 6057
3 1207 6057 9168
3 1207 9168 10219
3 2856 1208 1408
3 1208 5377 1408
3 4230 1208 2856
3 4230 8193 1208
3 5377 1208 8740
3 1208 8193 8740
3 4549 1435 1209
3 5164 1209 3105
3 5255 4549 1209
3 5255 1209 5164
3 4338 1210 2757
3 1210 7072 2757
3 4338 6434 1210
3 6069 7072 1210
3 6069 1210 9412
3 1210 6434 9412
3 1211 3080 1345
3 5638 1211 1345
3 5638 5688 1211
3 6086 1211 5688
3 1212 4364 4263
3 1212 10928 4364
3 1212 8974 8173
3 1212 8173 10928
3 5394 1213 2668
3 1213 11201 2668
3 7301 1213 3900
3 8018 3900 1213
3 5394 8018 1213
3 7301 11201 1213
3 4400 1214 8462
3 4400 9107 1214
3 4402 8462 1214
3 9275 4402 1214
3 9275 1214 6160
3 6160 1214 9820
3 9820 1214 9107
3 6066 1215 1217
3 6546 1217 1215
3 5737 2416 1215
3 5737 1215 9533
3 6066 9533 1215
3 9419 1216 5231
3 1216 10730 5231
3 6311 1216 6143
3 9419 6143 1216
3 2006 1320 1217
3 1320 6066 1217
3 2195 2006 1217
3 2195 1217 6546
3 1218 2592 4121
3 4675 2592 1218
3 2593 1218 4121
3 2593 6371 1218
3 4675 1218 5529
3 6371 5529 1218
3 1219 8330 1833
3 4293 1548 1220
3 1548 9534 1220
3 4293 1220 8952
3 4909 5558 1220
3 4909 1220 9534
3 8952 1220 5558
3 1221 2296 3777
3 1221 6093 2296
3 1221 3777 4117
3 1221 4117 5558
3 1221 5558 4909
3 1221 4909 6093
3 1222 4540 4677
3 6210 4540 1222
3 1222 4677 10883
3 1222 10883 5835
3 1223 6413 6768
3 1223 8678 6413
3 1223 6768 6598
3 1223 6598 8818
3 8678 1223 9335
3 1223 8818 9335
3 10407 1224 2604
3 1224 10407 4697
3 2743 6432 1225
3 2743 1225 11130
3 1226 11234 6045
3 1226 7699 6128
3 1226 6128 11234
3 1226 8985 7699
3 1839 1227 6435
3 10055 1227 1839
3 2611 6435 1227
3 2611 1227 9961
3 9961 1227 8877
3 10055 8877 1227
3 1228 4353 1836
3 1228 1836 4746
3 3506 4353 1228
3 3506 1228 11139
3 7962 1228 4746
3 7962 11139 1228
3 8476 1229 5512
3 9182 5512 1229
3 8476 6282 1229
3 6282 9233 1229
3 9182 1229 9456
3 9233 9456 1229
3 11227 1230 1302
3 1230 9456 2643
3 9587 1230 2643
3 11227 9456 1230
3 8598 2914 1231
3 5104 1231 5407
3 8598 1231 5104
3 7865 5407 1231
3 1232 3505 7069
3 1232 7807 3505
3 1232 7069 3669
3 1232 3669 9854
3 4737 1233 8428
3 4737 9799 1233
3 8345 8571 1233
3 8345 1233 10379
3 8571 8428 1233
3 9799 10379 1233
3 9508 1234 1839
3 10055 1839 1234
3 1234 2608 3075
3 9508 2608 1234
3 1234 3075 8365
3 10055 1234 8365
3 3474 9771 1235
3 10841 3474 1235
3 4760 5521 1235
3 10841 1235 5521
3 4714 1236 4660
3 4660 1236 4748
3 4714 11134 1236
3 1236 7752 4748
3 1236 11134 7752
3 1237 2613 4208
3 1237 7752 2613
3 1237 7546 3771
3 1237 3771 10557
3 1237 4208 7546
3 1237 10557 7752
3 6113 1238 3783
3 7484 3783 1238
3 3981 1238 5734
3 3981 7484 1238
3 1238 7142 5734
3 6113 7142 1238
3 1270 1239 4732
3 4732 1239 10497
3 4813 5643 1239
3 5643 10497 1239
3 6168 1240 1242
3 1240 10272 1242
3 9503 3068 1240
3 10241 1240 3068
3 9503 1240 6168
3 10241 10272 1240
3 8826 1241 7510
3 8711 1241 8319
3 8319 1241 9873
3 8826 9873 1241
3 3662 1242 5562
3 6168 1242 3662
3 1242 8878 5562
3 1242 10272 8878
3 1243 1246 3649
3 4224 1246 1243
3 4224 1243 1442
3 1243 9917 1442
3 5181 1243 3649
3 5181 9917 1243
3 1244 3619 1262
3 1244 1262 5598
3 1844 1244 5598
3 6123 1244 1844
3 2967 3619 1244
3 2967 1244 6123
3 3935 1245 1844
3 6123 1844 1245
3 1914 3210 1245
3 3935 1914 1245
3 3210 6903 1245
3 6123 1245 6903
3 4280 2271 1246
3 1246 2271 9967
3 1246 9967 3649
3 4224 4280 1246
3 1247 1818 3493
3 1247 6148 1818
3 1247 3493 6229
3 1247 9875 6148
3 7852 1247 6229
3 7852 9875 1247
3 1568 1931 1248
3 2631 1568 1248
3 2631 1248 1928
3 1928 1248 4733
3 2974 5570 1249
3 2974 1249 8221
3 6904 1249 5570
3 6129 1249 6904
3 9490 1249 6129
3 9490 8221 1249
3 5270 5272 1250
3 1251 6830 2477
3 9605 1251 2477
3 9605 3752 1251
3 3752 11169 1251
3 1251 9762 6830
3 1251 11169 9762
3 9482 6030 1252
3 8413 9584 1252
3 9482 1252 8490
3 9584 8490 1252
3 2458 1253 3249
3 2458 7214 1253
3 3196 6653 1253
3 7214 3196 1253
3 3249 1253 10244
3 6653 10244 1253
3 1299 1254 3633
3 1299 7715 1254
3 5741 1254 3370
3 3370 1254 7715
3 5741 3633 1254
3 1255 1707 6961
3 1255 8105 1707
3 1255 3949 2638
3 2638 8105 1255
3 1255 10785 3949
3 1255 6961 10785
3 7511 1256 5224
3 7511 8102 1256
3 1257 3456 3748
3 1257 9955 3456
3 1257 3561 3744
3 1257 9953 3561
3 1257 3744 9955
3 1257 3748 9953
3 1269 1569 1258
3 1269 1258 1570
3 1276 3982 1258
3 1276 1258 8954
3 1569 8954 1258
3 1570 1258 3982
3 8353 1259 3236
3 8706 3236 1259
3 8353 8687 1259
3 8687 10842 1259
3 8706 1259 10884
3 10842 10884 1259
3 3949 1260 2638
3 7091 2638 1260
3 3631 1260 6902
3 7091 1260 3631
3 3949 6902 1260
3 2875 1530 1261
3 1261 1530 5287
3 7956 2875 1261
3 1261 5287 6632
3 10981 1261 6632
3 10830 7956 1261
3 10830 1261 10981
3 6113 1262 3619
3 3783 4723 1262
3 6113 3783 1262
3 4723 5598 1262
3 2630 6660 1263
3 7353 2630 1263
3 7353 1263 3066
3 3066 1263 8905
3 1263 6660 10244
3 1263 10244 8905
3 9102 1264 8377
3 9102 9479 1264
3 8706 1265 4734
3 4734 1265 9464
3 7709 1265 7468
3 7468 1265 8706
3 1266 3721 2551
3 1266 2551 10655
3 1266 3246 8910
3 1266 10655 3246
3 1266 8457 3721
3 1266 8910 8457
3 1267 7170 1558
3 1267 1558 8105
3 1267 2639 8102
3 1267 8105 2639
3 7511 7170 1267
3 7511 1267 8102
3 2436 1268 1976
3 8451 1976 1268
3 2436 5277 1268
3 3964 4056 1268
3 3964 1268 5277
3 8451 1268 4056
3 7138 1569 1269
3 1269 1570 5971
3 1269 5971 10243
3 7138 1269 10243
3 2691 3188 1270
3 2691 1270 4732
3 3188 3662 1270
3 1270 3662 9464
3 2622 1271 2220
3 1271 3656 2220
3 2622 7495 1271
3 1271 3635 3656
3 1271 4725 3635
3 1271 7495 4725
3 4339 8377 1272
3 4339 1272 10738
3 1272 9484 10738
3 1272 11078 9484
3 1273 4102 8955
3 1273 10884 4102
3 1273 9463 7468
3 1273 7468 10884
3 1273 8955 9743
3 1273 9743 9463
3 4096 1274 2623
3 2623 1274 6665
3 6665 1274 9229
3 1274 9017 9229
3 4804 2909 1275
3 6774 1275 2909
3 4804 1275 7221
3 5998 1275 6791
3 5998 7221 1275
3 6774 6791 1275
3 1276 6653 3196
3 1276 3196 8725
3 1276 8725 3982
3 1276 8954 6653
3 2242 4404 1277
3 5591 2242 1277
3 4404 3452 1277
3 1277 3452 9943
3 5591 1277 5387
3 5569 3627 1278
3 3627 8221 1278
3 9490 4865 1278
3 9490 1278 8221
3 6664 1444 1279
3 1444 10632 1279
3 3594 6664 1279
3 3594 1279 9495
3 1279 9342 9495
3 1279 10632 9342
3 1280 2908 7505
3 1280 7505 8938
3 1436 1281 8003
3 10736 1281 1436
3 6368 6216 1281
3 6216 11093 1281
3 10736 6368 1281
3 8003 1281 11093
3 6117 1282 3068
3 9502 3068 1282
3 6117 4219 1282
3 9502 1282 9435
3 1283 4637 4627
3 1283 4627 7462
3 8987 4637 1283
3 1283 7070 6846
3 8987 1283 6846
3 1283 7462 7070
3 4658 3027 1284
3 1284 3027 5564
3 9503 4658 1284
3 6117 1284 5564
3 6117 9503 1284
3 10374 1285 1563
3 3504 1285 2915
3 10374 2915 1285
3 3504 10373 1285
3 4837 1286 1414
3 4838 1414 1286
3 4837 4841 1286
3 5803 4838 1286
3 4841 9835 1286
3 5803 1286 9835
3 1287 3636 4196
3 6009 3636 1287
3 1287 4196 5650
3 4681 1287 5650
3 4681 8754 1287
3 6009 1287 8754
3 1288 1914 3107
3 1288 3210 1914
3 1288 2471 3210
3 3045 8307 1289
3 10689 3045 1289
3 3372 5582 1289
3 6913 3372 1289
3 10689 1289 5582
3 6913 1289 8307
3 1658 1290 3416
3 9894 1290 1658
3 1290 9370 7310
3 9894 9370 1290
3 1291 2778 2781
3 7318 7637 1291
3 10071 1853 1292
3 1853 10800 1292
3 5522 1292 4077
3 10800 4077 1292
3 7486 1292 5522
3 7486 10071 1292
3 6912 6105 1293
3 7291 1293 6105
3 6912 1293 10505
3 7291 8374 1293
3 4307 1294 2009
3 8028 2009 1294
3 9995 1294 4307
3 8028 1294 8638
3 10898 8638 1294
3 9995 10898 1294
3 1295 4741 2608
3 9508 1295 2608
3 2966 3451 1295
3 2966 1295 10426
3 1295 3451 4741
3 10426 1295 9508
3 3361 1360 1296
3 4362 1296 1360
3 10366 1296 1362
3 3361 1296 10366
3 3901 6037 1297
3 3901 1297 11201
3 6037 8884 1297
3 7302 11201 1297
3 4620 3623 1298
3 1298 3623 4861
3 4620 1298 10425
3 1298 4861 9283
3 1298 9283 7702
3 10425 1298 7702
3 2458 1299 7214
3 2458 7715 1299
3 1299 3633 8340
3 1299 8340 7214
3 3508 1300 2605
3 1300 4699 2605
3 4741 3451 1300
3 1300 3451 7517
3 4741 1300 3508
3 1300 7517 4699
3 2631 1301 1568
3 1301 6905 1568
3 5559 1301 2631
3 6754 1301 5559
3 6754 6305 1301
3 6305 6905 1301
3 1302 3897 8231
3 11228 1302 8231
3 11227 1302 11228
3 5832 4895 1303
3 1303 4895 9655
3 8907 5832 1303
3 8907 1303 6527
3 1303 9253 6527
3 1303 9655 9253
3 4355 1304 8005
3 4355 10254 1304
3 6422 1304 7729
3 6422 8750 1304
3 1304 10254 7729
3 1304 8750 8005
3 3643 6157 1305
3 3643 1305 7701
3 9719 1305 6157
3 10731 7701 1305
3 9719 8068 1305
3 8068 10731 1305
3 1306 1555 1590
3 1555 1306 6669
3 6865 1306 1590
3 6669 1306 5166
3 1306 7252 5166
3 7252 1306 6865
3 10007 1307 3453
3 1308 5855 2932
3 1308 2932 8751
3 1308 4759 5855
3 1308 8580 4759
3 6084 8580 1308
3 6084 1308 8751
3 7551 2393 1309
3 10447 1309 2393
3 7677 1309 3521
3 7677 7551 1309
3 1312 9399 1310
3 10811 1312 1310
3 1557 1714 1310
3 6583 1557 1310
3 10811 1310 1714
3 9399 6583 1310
3 6596 4324 1311
3 8370 1311 4324
3 6082 6596 1311
3 10957 1311 8370
3 3611 7536 1312
3 3611 1312 10811
3 4677 1312 7536
3 4677 9399 1312
3 1313 2964 2597
3 4676 3234 1313
3 3262 1314 2665
3 1315 1827 11129
3 1315 11176 1827
3 1315 4242 11176
3 8747 1315 11129
3 1655 6923 1316
3 1655 1316 7922
3 1316 4403 3906
3 1316 3906 10822
3 1316 6923 4403
3 7922 1316 10822
3 1317 6053 3888
3 9858 1317 3888
3 9858 4409 1317
3 9865 1317 4409
3 6053 1317 8117
3 9865 8117 1317
3 2706 3079 1318
3 2706 1318 8067
3 3308 8067 1318
3 1319 3614 3023
3 1319 3023 9362
3 11115 3614 1319
3 2006 5046 1320
3 1320 5046 6556
3 1320 10678 6066
3 1320 6556 10678
3 1321 3020 8284
3 8450 3020 1321
3 3588 3872 1321
3 3588 1321 8284
3 1321 3872 6191
3 8450 1321 6191
3 8165 4301 1322
3 10016 1322 4301
3 8165 1322 9882
3 9538 9744 1322
3 9538 1322 10016
3 9744 9882 1322
3 2116 2092 1323
3 2116 1323 9198
3 4648 9198 1323
3 4648 1323 10581
3 10721 10581 1323
3 6859 4135 1324
3 1324 5687 4356
3 6859 1324 4356
3 7466 5687 1324
3 1431 10359 1325
3 1431 1325 10586
3 8462 1325 1979
3 10359 1979 1325
3 4402 1325 8462
3 4402 10586 1325
3 2770 1326 8637
3 9331 8637 1326
3 9331 1326 10919
3 2888 3618 1327
3 8122 2888 1327
3 3002 1327 3618
3 8122 1327 8124
3 1328 2192 1594
3 6287 2192 1328
3 5258 6287 1328
3 1536 3794 1329
3 4820 1536 1329
3 2087 1329 3794
3 2087 7105 1329
3 4820 1329 7120
3 7120 1329 7105
3 3854 1330 9372
3 3854 10122 1330
3 10862 9372 1330
3 9451 1330 10122
3 10862 1330 9451
3 2087 1331 2693
3 2087 3794 1331
3 1331 3794 6575
3 1331 6575 6941
3 1825 1332 4213
3 1332 1825 8898
3 4358 4213 1332
3 6415 4358 1332
3 6415 1332 7917
3 7917 1332 8898
3 10623 1628 1333
3 1333 1628 10666
3 1333 2351 9556
3 1333 10666 2351
3 1333 8461 8823
3 1333 9556 8461
3 10623 1333 8823
3 2942 5147 1334
3 7848 1334 5147
3 6387 5422 1334
3 7848 6387 1334
3 7544 9559 1335
3 10386 7544 1335
3 1335 9559 9883
3 10386 1335 9560
3 1335 11085 9560
3 1335 9883 11085
3 4359 1336 5538
3 4359 7084 1336
3 5538 1336 11132
3 10068 1336 7084
3 10068 11132 1336
3 1337 2231 7497
3 1337 7901 2231
3 1337 2708 7901
3 8142 2708 1337
3 8142 1337 7307
3 3108 1338 3603
3 3675 1338 3108
3 3675 11039 1338
3 4080 1338 11039
3 4662 1874 1339
3 4661 1339 5923
3 4661 8077 1339
3 4662 1339 8077
3 1340 6106 2772
3 1340 2772 8371
3 1340 4892 5194
3 1340 9469 4892
3 1340 5194 6106
3 1340 8371 9469
3 1341 5820 3209
3 1341 3209 6658
3 1341 4201 9262
3 1341 10006 4201
3 1341 9262 5820
3 1341 6658 10006
3 7954 1537 1342
3 3677 1342 3285
3 3677 7954 1342
3 1597 1343 2712
3 1597 5263 1343
3 2712 1343 6565
3 1343 8154 3036
3 1343 5263 8154
3 1344 3852 3145
3 1344 3145 7276
3 3497 1344 4342
3 3497 4343 1344
3 3852 1344 4343
3 1344 7708 4342
3 1344 7276 7708
3 6731 1345 3080
3 10233 5638 1345
3 6731 10753 1345
3 10233 1345 7476
3 1345 10753 7476
3 4369 4823 1346
3 4369 1346 5795
3 4823 4618 1346
3 1346 4618 8387
3 5795 1346 7554
3 1346 8387 7554
3 1347 2728 8357
3 1347 7113 3381
3 1347 6179 7113
3 1347 8357 6179
3 1348 1871 4863
3 5754 1348 3359
3 1348 8321 3359
3 1348 4863 8321
3 3683 1349 6094
3 3683 8286 1349
3 6094 1349 7293
3 7803 7293 1349
3 7803 1349 8286
3 1350 1443 3957
3 1350 5275 1443
3 1350 2297 6137
3 1350 6137 5275
3 1351 9027 6751
3 1352 5287 3245
3 9029 1352 3245
3 11190 5287 1352
3 9307 8689 1352
3 11190 1352 8689
3 9307 1352 9029
3 8086 1603 1353
3 1603 9470 1353
3 3302 1353 8062
3 3302 10786 1353
3 8086 1353 6444
3 1353 10786 6444
3 1353 9470 8062
3 3302 5755 1354
3 3302 1354 10786
3 1354 6181 3957
3 1354 3957 6526
3 5755 6181 1354
3 1354 6526 10786
3 8793 4241 1355
3 1355 4241 10419
3 1355 10419 5362
3 10966 1355 5362
3 8793 1355 8433
3 10966 8433 1355
3 1482 1356 3859
3 7498 1356 1482
3 3859 1356 7653
3 8092 1356 7498
3 1356 8079 7653
3 8092 8079 1356
3 1540 3297 1357
3 1540 1357 6350
3 1541 1357 3297
3 1541 7073 1357
3 1357 8392 6350
3 7073 8392 1357
3 4784 1358 5609
3 7073 5609 1358
3 7073 1358 8392
3 8392 1358 11133
3 2326 1359 7325
3 2326 9368 1359
3 8114 1359 2686
3 7583 7325 1359
3 8114 7583 1359
3 4362 1360 5536
3 8611 5536 1360
3 2396 1361 2007
3 1361 10012 2007
3 2396 8906 1361
3 5630 1361 3719
3 8906 3719 1361
3 5630 10012 1361
3 4365 5924 1362
3 4365 1362 11099
3 5924 10366 1362
3 6425 1363 1364
3 1364 1363 7359
3 3722 1363 7107
3 1363 3722 7359
3 1363 6425 6349
3 6349 7107 1363
3 1364 3902 4007
3 7359 3902 1364
3 1364 4007 6425
3 2950 5003 1365
3 2950 1365 11092
3 8947 1365 5003
3 8026 1365 10612
3 8026 11092 1365
3 8947 10612 1365
3 1366 2761 3309
3 1366 7974 2761
3 1366 5294 7974
3 5125 5813 1367
3 5125 1367 7697
3 7697 1367 5128
3 8247 5128 1367
3 8247 1367 9450
3 1368 8549 5683
3 1368 5683 9873
3 8056 1368 8826
3 8056 9381 1368
3 1368 9381 8549
3 1368 9873 8826
3 8298 1369 4584
3 1369 8986 4584
3 9947 1369 6299
3 1369 9991 6299
3 8298 9991 1369
3 1369 9947 8986
3 1370 2338 2028
3 1370 2028 7159
3 1370 3282 2338
3 1370 7159 2676
3 1370 2676 9228
3 1370 9228 3282
3 4896 6271 1371
3 4896 1371 8809
3 7563 8809 1371
3 1372 6340 2505
3 1372 2505 9679
3 10700 6340 1372
3 9680 7766 1372
3 10700 1372 7766
3 9680 1372 9679
3 5218 7993 1373
3 5218 1373 10820
3 7751 10820 1373
3 10840 1373 7993
3 1374 8397 3702
3 9958 1374 3702
3 1374 4625 6065
3 9958 4625 1374
3 1374 6065 8397
3 1675 1375 2108
3 7923 1375 1675
3 1786 7924 1375
3 1786 1375 10555
3 2108 1375 7924
3 10555 1375 7923
3 1376 3417 6501
3 10799 3417 1376
3 1376 6501 10402
3 1376 10300 6980
3 10799 1376 6980
3 1376 10402 10300
3 1854 6930 1377
3 1854 1377 11137
3 6930 3511 1377
3 1377 3511 7745
3 1377 7745 11196
3 1377 11196 11137
3 2470 1378 2167
3 1378 10028 2167
3 5085 1378 2470
3 1378 4156 4628
3 5085 4156 1378
3 1378 4628 10028
3 5401 1379 4070
3 7292 4070 1379
3 5822 1379 5323
3 5323 1379 7193
3 7193 1379 5401
3 5822 7292 1379
3 1380 1733 1951
3 1380 8762 1733
3 2261 1380 1951
3 2261 7966 1380
3 2262 1380 7966
3 2262 8762 1380
3 3874 1381 8049
3 3874 8530 1381
3 9898 2123 1382
3 2123 9961 1382
3 1382 8970 6900
3 9898 1382 6900
3 1382 9961 8970
3 2197 2199 1383
3 2197 1383 3647
3 2199 7050 1383
3 5278 3647 1383
3 5278 1383 3698
3 3698 1383 7050
3 1384 5452 3711
3 1384 3711 8548
3 4506 5452 1384
3 10237 4506 1384
3 5154 1385 7385
3 8525 1385 5154
3 5191 1385 8525
3 5191 10150 1385
3 7385 1385 6230
3 10150 6230 1385
3 2222 6617 1386
3 2222 1386 7311
3 2228 1386 4089
3 7492 1386 2228
3 6617 4089 1386
3 7492 7311 1386
3 1751 6166 1387
3 1751 1387 10220
3 1387 7828 4506
3 10237 1387 4506
3 6166 7828 1387
3 10237 10220 1387
3 6172 1388 2598
3 2784 1388 6089
3 6172 6089 1388
3 4247 1389 2051
3 4247 7853 1389
3 5727 1390 8926
3 5727 11062 1390
3 8152 10234 1390
3 11062 8152 1390
3 8926 1390 9538
3 9538 1390 10234
3 5464 1391 3740
3 1391 7039 3740
3 1391 4372 4371
3 1391 4371 7039
3 9578 4372 1391
3 5464 9578 1391
3 7858 1392 8586
3 8586 1392 10437
3 4447 1393 6056
3 4447 9120 1393
3 11015 6056 1393
3 10218 1393 9120
3 4054 1394 3488
3 8782 3488 1394
3 3830 1394 6254
3 3830 8782 1394
3 4054 11067 1394
3 11067 6254 1394
3 3785 1395 8331
3 9381 1395 3785
3 5514 1395 9381
3 5514 10732 1395
3 8587 8331 1395
3 8587 1395 10732
3 4613 6839 1396
3 4613 1396 7525
3 5777 1396 6839
3 10143 1396 5777
3 7525 1396 6721
3 6721 1396 10143
3 4111 2240 1397
3 2240 8228 1397
3 6079 4111 1397
3 6079 1397 8716
3 8716 1397 8228
3 4348 1398 2225
3 1398 5945 2225
3 3704 1398 4655
3 3704 7197 1398
3 4348 4655 1398
3 1398 7197 5945
3 2424 1399 5122
3 2424 5744 1399
3 5744 6109 1399
3 6610 1399 6109
3 3264 8443 1400
3 3264 1400 8726
3 4416 4587 1400
3 4416 1400 9745
3 1400 4587 8726
3 1400 8443 9745
3 1401 3963 4128
3 1401 7719 3963
3 1401 4127 5853
3 1401 7157 4127
3 1401 4128 7157
3 1401 5853 7719
3 1402 4140 2726
3 6356 1402 2726
3 1402 4655 3026
3 6356 4655 1402
3 1403 4118 1843
3 4944 1403 1843
3 6608 1403 3967
3 7196 3967 1403
3 1403 4123 4118
3 6608 4123 1403
3 4944 7196 1403
3 3183 1404 5784
3 7860 1404 3183
3 3713 1404 10326
3 7860 10326 1404
3 9602 1405 4827
3 10922 4827 1405
3 7039 4941 1405
3 4941 7764 1405
3 9602 7039 1405
3 10922 1405 7764
3 2787 1406 9183
3 2787 10705 1406
3 2800 2988 1406
3 2800 1406 10705
3 1406 2988 9315
3 1406 9315 9183
3 1535 6186 1407
3 1535 1407 9011
3 1407 8130 9618
3 1407 9618 9011
3 1408 8478 2856
3 5377 4744 1408
3 1408 4744 9729
3 1408 9729 8478
3 7882 1409 2232
3 8785 1409 4236
3 1410 5665 1995
3 1411 2457 1428
3 1428 10658 1411
3 2457 1411 1897
3 1411 7442 1897
3 1411 3348 7442
3 1411 10658 3348
3 1412 8960 3024
3 1412 3024 11056
3 3212 9800 1412
3 3212 1412 11056
3 1412 7655 8960
3 1412 9800 7655
3 1897 4027 1413
3 5742 1897 1413
3 5742 1413 2075
3 10927 2075 1413
3 1413 4027 4592
3 10927 1413 4592
3 8531 3348 1414
3 1414 3348 10658
3 4837 1414 10658
3 4838 8531 1414
3 3607 1695 1415
3 1415 1695 4218
3 3607 1415 9216
3 1415 4218 8647
3 7578 1415 8647
3 7578 9216 1415
3 1614 1416 3170
3 1614 5888 1416
3 3170 1416 6755
3 1416 5888 6423
3 1416 6423 11016
3 6755 1416 11016
3 9893 1891 1417
3 6997 9893 1417
3 6997 1417 10484
3 3098 1418 4152
3 3098 7457 1418
3 3430 1418 7457
3 9021 1418 3430
3 10550 4152 1418
3 9021 10550 1418
3 4338 3987 1419
3 4338 1419 8566
3 1419 8014 5499
3 1419 5499 8566
3 1420 3085 8653
3 1420 4674 3241
3 1421 7000 2194
3 1421 4121 2592
3 4234 1421 2592
3 4234 5882 1421
3 5882 7000 1421
3 9646 2735 1422
3 9646 1422 8104
3 1423 6626 11116
3 1423 11116 8014
3 2207 7236 1424
3 2207 1424 8642
3 6955 6470 1424
3 1424 6470 8642
3 1817 7775 1425
3 8455 7403 1425
3 8455 1425 7775
3 2553 1426 4159
3 2553 11034 1426
3 7401 4159 1426
3 5749 7401 1426
3 5749 1426 11147
3 11147 1426 11034
3 8098 1427 2735
3 3723 1427 8098
3 9723 1427 3723
3 2457 3357 1428
3 1428 3357 10038
3 9659 1428 10038
3 9659 10658 1428
3 2941 11160 1429
3 1429 8439 9026
3 1429 11160 8439
3 10414 1430 3005
3 10429 3005 1430
3 10414 10932 1430
3 7698 3401 1431
3 3401 10359 1431
3 7698 1431 10586
3 8850 1907 1432
3 9767 1432 1907
3 5667 1432 5473
3 9767 5473 1432
3 10697 1432 5667
3 8850 1432 7575
3 10697 7575 1432
3 10972 1433 2001
3 7902 5077 1433
3 8645 1433 5077
3 10972 7902 1433
3 7003 5652 1434
3 7770 1434 5652
3 7770 5874 1434
3 6235 7003 1434
3 8909 1435 4549
3 8442 7412 1435
3 8442 1435 8909
3 8509 1436 4246
3 4246 1436 11229
3 11229 1436 8003
3 8509 10736 1436
3 3281 6270 1437
3 3281 1437 10545
3 1437 6270 5196
3 6823 10545 1437
3 1438 5144 2103
3 1438 2103 7009
3 6816 5144 1438
3 6816 1438 5252
3 7599 5252 1438
3 7599 1438 7009
3 7891 1439 5824
3 7448 5828 1439
3 7448 1439 7153
3 7891 7153 1439
3 4999 2270 1440
3 3836 9046 1440
3 4999 1440 8743
3 9046 8743 1440
3 1441 4378 8425
3 10646 4378 1441
3 9620 1441 8425
3 10202 1441 9620
3 11125 1441 10202
3 10646 1441 11125
3 4224 1442 3836
3 4270 3836 1442
3 4270 1442 6906
3 9917 6906 1442
3 3957 1443 6526
3 5275 11040 1443
3 6664 10348 1444
3 7674 1444 10348
3 7674 10632 1444
3 1445 2098 4556
3 1445 5759 2098
3 1445 4556 11151
3 1446 3764 4884
3 1446 4884 8975
3 1446 8975 9786
3 1686 6809 1447
3 1686 1447 8162
3 8162 1447 3106
3 8523 3106 1447
3 6398 1447 6809
3 6398 8523 1447
3 1448 1732 2975
3 5005 1732 1448
3 1448 3556 10876
3 5005 1448 10876
3 4639 1449 5129
3 2287 1450 3117
3 2287 4304 1450
3 7539 3117 1450
3 1450 4304 8605
3 7391 1451 1910
3 1910 1451 8605
3 6673 2288 1451
3 11193 6673 1451
3 11193 1451 7391
3 4527 8279 1452
3 4527 1452 9690
3 8036 5943 1452
3 5943 9690 1452
3 8036 1452 6249
3 8279 6249 1452
3 1453 9124 10108
3 10409 9124 1453
3 9731 10102 1453
3 9731 1453 10108
3 10222 1453 10102
3 10409 1453 10222
3 1454 3913 6803
3 1454 11054 3913
3 1455 4836 3690
3 1455 3690 6036
3 1455 6036 8771
3 1455 8771 11054
3 7749 1456 4792
3 9146 4792 1456
3 7231 1456 8129
3 9146 1456 7231
3 7749 8129 1456
3 1457 8395 4479
3 1457 4479 10993
3 4787 1457 10993
3 1457 6373 8395
3 1458 5600 2737
3 1458 2737 10297
3 5537 7512 1458
3 5537 1458 9118
3 1458 7512 5600
3 1458 10297 9118
3 6182 1459 4783
3 7707 4783 1459
3 6182 5035 1459
3 5035 7318 1459
3 7707 1459 7318
3 6380 5030 1460
3 8361 1460 5030
3 6380 1460 5934
3 6698 5934 1460
3 8361 6698 1460
3 10232 2619 1461
3 1461 2619 10685
3 1461 8360 4249
3 10232 1461 4249
3 1461 4795 8360
3 1461 10685 4795
3 3551 1462 3727
3 5142 3727 1462
3 5142 1462 4453
3 5402 4453 1462
3 2811 1463 1464
3 1464 1463 9781
3 2811 9154 1463
3 1463 9154 7964
3 1463 7964 9781
3 2539 9086 1464
3 2539 1464 10918
3 2811 1464 9086
3 1464 9781 10918
3 1465 4880 1942
3 9885 1465 1942
3 5296 5118 1465
3 9885 5296 1465
3 5428 2920 1466
3 10162 1466 2920
3 3074 1466 5613
3 5613 1466 10162
3 1467 4548 2530
3 1467 2530 6802
3 1468 4599 5599
3 8837 4599 1468
3 1468 5599 5274
3 11149 1468 5274
3 1469 2188 7628
3 1469 10098 2188
3 10606 4330 1469
3 4330 11105 1469
3 10606 1469 7628
3 1469 11105 10098
3 1470 1835 9908
3 1470 9908 3174
3 2373 2065 1471
3 1471 2065 3736
3 2971 1471 9321
3 9321 1471 3736
3 2501 1472 1473
3 1473 1472 2812
3 2501 4879 1472
3 2895 2812 1472
3 4800 2895 1472
3 4800 1472 4879
3 1523 7427 1473
3 2501 1473 7427
3 1474 1550 2493
3 1474 6783 1550
3 1474 2493 2494
3 10720 6783 1474
3 6351 1769 1475
3 3765 1475 1929
3 3765 8171 1475
3 6351 1475 8171
3 5081 1476 1775
3 1476 5363 1775
3 4394 1476 5081
3 4394 5695 1476
3 7028 5363 1476
3 8168 1476 5695
3 7028 1476 8168
3 1477 3792 4534
3 1477 5058 3792
3 6795 1477 4534
3 1477 5507 5058
3 1477 8149 5507
3 6795 8149 1477
3 5078 3667 1478
3 2344 1479 4015
3 2344 6727 1479
3 1479 5297 4015
3 1479 8344 5297
3 1937 1480 6401
3 7441 1480 1937
3 4504 6401 1480
3 5722 1480 7441
3 2522 1481 4629
3 2522 5495 1481
3 1481 7132 4629
3 6772 1481 5495
3 6773 1481 6772
3 6773 7132 1481
3 3859 5065 1482
3 5380 4383 1482
3 7498 1482 4383
3 5380 1482 5065
3 1483 8270 1753
3 1483 1753 10542
3 1483 6901 6428
3 1483 10542 6901
3 5047 2249 1484
3 2249 9416 1484
3 5047 1484 3581
3 1484 9768 3581
3 9416 10790 1484
3 1484 10790 9768
3 1485 5006 2518
3 1485 2518 9692
3 1485 3367 5006
3 1485 8530 3367
3 6778 1486 6260
3 7034 6260 1486
3 6778 6420 1486
3 1486 6420 9880
3 7034 1486 7665
3 7665 1486 9880
3 4799 1487 4694
3 4966 4694 1487
3 4799 9062 1487
3 4966 1487 6777
3 1487 10916 6777
3 1487 9062 10916
3 2006 1488 5046
3 3204 1488 8770
3 1953 2256 1489
3 10627 1953 1489
3 1489 2256 6318
3 1489 6318 9774
3 7914 1490 5269
3 5269 1490 10339
3 5291 1490 7365
3 5291 8180 1490
3 7914 7365 1490
3 1490 8180 10339
3 3462 1506 1491
3 7620 1491 1506
3 7620 1573 1491
3 11103 1491 1573
3 7279 3462 1491
3 11103 7279 1491
3 10235 1492 3648
3 1492 11069 3648
3 4295 1492 8847
3 9119 1492 4295
3 10235 8847 1492
3 9119 11069 1492
3 7567 1651 1493
3 9220 1493 1651
3 5961 1493 6412
3 5961 7567 1493
3 6412 1493 7820
3 9220 7820 1493
3 2143 9178 1494
3 2143 1494 10962
3 1494 7010 6889
3 1494 6889 10962
3 1494 10850 7010
3 10850 1494 9178
3 5555 1495 2066
3 10575 2066 1495
3 2266 1495 8423
3 10575 1495 2266
3 1505 9078 1496
3 1505 1496 10765
3 1496 5863 2515
3 1496 2515 10765
3 1496 9078 5863
3 1576 1497 3406
3 1576 5498 1497
3 1497 3199 3406
3 3759 1497 5498
3 1498 3729 7044
3 9785 3729 1498
3 10343 1498 7044
3 10343 10629 1498
3 1518 3200 1499
3 1518 1499 9639
3 1499 3200 2377
3 1499 2377 4377
3 9041 1499 4377
3 9041 9639 1499
3 2475 1500 1501
3 4968 1501 1500
3 3205 1504 1500
3 1504 4968 1500
3 2475 4553 1500
3 3205 1500 4553
3 2475 1501 5857
3 1501 4169 5857
3 1501 6011 4169
3 4968 6011 1501
3 9896 1819 1502
3 9896 1502 6722
3 4482 2298 1503
3 9772 1503 2298
3 4482 1503 3130
3 3130 1503 10788
3 10200 1503 9772
3 10788 1503 10200
3 3205 7521 1504
3 1504 4466 4968
3 7521 4466 1504
3 3462 10140 1506
3 7620 1506 9148
3 8339 9148 1506
3 8339 1506 10140
3 2030 1507 11114
3 9997 1507 3595
3 6576 1507 9997
3 1508 2513 3202
3 1508 3202 2516
3 3460 1509 9527
3 3460 10742 1509
3 5213 9527 1509
3 10706 5213 1509
3 10706 1509 10420
3 1509 10742 10420
3 1510 9207 6481
3 1510 6481 10309
3 1510 8224 9180
3 1510 10309 8224
3 1510 9180 9946
3 1510 9946 9207
3 2500 1511 1514
3 11083 1514 1511
3 10177 10207 1511
3 11083 1511 10207
3 1512 3312 2419
3 1512 2419 9110
3 5335 3312 1512
3 5335 1512 10794
3 1512 9110 6940
3 1512 6940 10794
3 1513 2516 3567
3 9695 2516 1513
3 1513 3567 3741
3 9693 1513 3741
3 3577 2500 1514
3 3201 3577 1514
3 3201 1514 8049
3 6274 8049 1514
3 6274 1514 11083
3 7785 1515 4933
3 4933 1515 9048
3 7785 5863 1515
3 1515 5863 9078
3 1516 4377 2377
3 8914 1516 2377
3 1516 10195 4377
3 8914 6818 1516
3 1516 6818 10195
3 5502 1517 1934
3 6114 1934 1517
3 1517 2379 2380
3 1517 5430 2379
3 6114 1517 2380
3 5502 5430 1517
3 4930 3200 1518
3 1518 4437 4206
3 4930 1518 4206
3 1518 9639 4437
3 1519 4968 4466
3 1519 9673 4968
3 5501 5430 1519
3 1519 5430 9673
3 1781 1520 3173
3 3876 1520 1781
3 9054 3173 1520
3 3876 3584 1520
3 9054 1520 3584
3 1521 1528 1526
3 1521 1526 4495
3 1521 8145 1528
3 3759 8145 1521
3 3685 1522 4651
3 4651 1522 4770
3 5727 4770 1522
3 1523 2526 6786
3 1523 6786 7427
3 1524 9326 3911
3 7599 1524 5252
3 7599 6936 1524
3 6936 9326 1524
3 6506 1525 3915
3 1525 7062 3915
3 1525 5518 7062
3 1525 11022 5518
3 1526 1528 1531
3 1526 1531 3738
3 1526 3738 4514
3 1526 4514 4495
3 6980 1527 8662
3 6980 10300 1527
3 9273 1531 1528
3 8145 3562 1528
3 9273 1528 3562
3 4174 3400 1529
3 3400 8795 1529
3 4174 1529 8000
3 1529 9793 8000
3 8795 9793 1529
3 2875 2870 1530
3 2870 3245 1530
3 1530 3245 5287
3 2502 4513 1531
3 2502 1531 9273
3 4513 3738 1531
3 4606 1946 1532
3 4606 1532 4595
3 5150 4595 1532
3 5250 5150 1532
3 6055 1533 2318
3 3583 1534 1812
3 2502 1534 4513
3 3583 7427 1534
3 4513 1534 7427
3 1535 5153 8596
3 1535 9011 5153
3 1535 6184 6186
3 1535 8596 6184
3 3663 7277 1536
3 3663 1536 8873
3 1536 7277 3794
3 4820 8873 1536
3 7803 1537 7954
3 7803 8286 1537
3 1538 2933 2497
3 1538 2497 7550
3 3562 2933 1538
3 9273 3562 1538
3 3559 7520 1539
3 3559 1539 9272
3 7520 7647 1539
3 10289 1539 7647
3 8047 9272 1539
3 10289 8047 1539
3 1540 9589 3297
3 1540 6350 5724
3 1541 3297 6180
3 1541 5609 7073
3 3513 1542 2529
3 1542 7229 2529
3 1542 6777 10916
3 10916 7229 1542
3 1758 1543 5175
3 1758 8196 1543
3 3694 8115 1543
3 9371 3694 1543
3 1543 8115 5175
3 9371 1543 8196
3 2862 3277 1544
3 10314 2862 1544
3 1544 3277 5171
3 7663 4044 1544
3 10314 1544 4044
3 7663 1544 5171
3 3583 1812 1545
3 1545 1812 4363
3 3583 1545 2501
3 2501 1545 4879
3 1545 4363 4511
3 1545 4511 4879
3 6877 5916 1546
3 1547 1552 1550
3 1547 1550 5107
3 1547 2921 1552
3 1547 6808 2921
3 1547 5107 7053
3 1547 7053 6808
3 1548 2011 3557
3 1548 3557 9534
3 1549 1813 9053
3 1549 10162 1813
3 3775 5509 1549
3 3775 1549 9053
3 1549 5509 9701
3 1549 9701 10162
3 2493 1550 1552
3 1550 6783 5107
3 1737 1551 2963
3 1737 6103 1551
3 1551 7257 2963
3 1551 6103 3169
3 1551 3169 6890
3 1551 6890 10547
3 1551 10547 7257
3 6891 1553 1554
3 1553 3169 6103
3 1553 6430 3169
3 6891 6430 1553
3 1554 6429 1833
3 1554 1833 8330
3 6891 1554 8330
3 7606 1590 1555
3 7606 1555 4891
3 4682 4754 1556
3 4682 1556 9810
3 1556 4754 7804
3 1556 8880 6330
3 1556 6330 9810
3 1556 7804 8880
3 7529 1714 1557
3 7529 1557 3338
3 3338 1557 10107
3 6583 10107 1557
3 3980 1707 1558
3 1558 1707 8105
3 3980 1558 9537
3 9537 1558 7170
3 2982 1559 1886
3 1886 1559 6343
3 2982 7798 1559
3 1559 5806 6693
3 1559 7798 5806
3 6343 1559 6693
3 2589 1560 3239
3 2589 9531 1560
3 1560 9531 7542
3 7542 10275 1560
3 8514 1561 2131
3 9112 2131 1561
3 9829 6215 1561
3 6215 10417 1561
3 9829 1561 8514
3 9112 1561 10417
3 2176 1562 4717
3 5203 4717 1562
3 9176 1563 6329
3 9176 10374 1563
3 1564 2040 5805
3 1564 7238 2040
3 1564 4537 7238
3 1564 7991 4537
3 1565 1993 4993
3 6301 1993 1565
3 6301 1565 3590
3 1565 7180 3590
3 1565 4993 5007
3 1565 5007 7180
3 3783 1566 4723
3 7484 1566 3783
3 4723 1566 6438
3 5735 6438 1566
3 5735 1566 8110
3 7484 8110 1566
3 6865 1590 1567
3 7347 1567 1590
3 6337 3354 1567
3 6337 1567 7347
3 1568 5584 1931
3 1568 6905 5584
3 7138 10278 1569
3 1569 10278 8954
3 2636 5971 1570
3 9097 2636 1570
3 9097 1570 3982
3 3365 5710 1571
3 4499 1571 4500
3 4500 1571 4976
3 5710 4976 1571
3 2126 1887 1572
3 5158 1572 1887
3 5640 2126 1572
3 7620 10424 1573
3 11103 1573 7712
3 4481 1574 10882
3 1574 8939 10882
3 1796 1575 7463
3 6782 1576 3406
3 6782 4496 1576
3 7227 1576 4496
3 7227 5498 1576
3 5525 1577 6979
3 9393 1577 5525
3 6309 1577 5884
3 9393 5884 1577
3 9678 1577 6309
3 9678 6979 1577
3 7486 2654 1578
3 6303 5532 1578
3 7486 1578 5532
3 6303 1578 9400
3 6548 1579 6550
3 7282 1579 6548
3 1579 9845 6550
3 7282 7399 1579
3 10295 1579 7399
3 10295 9845 1579
3 2983 4082 1580
3 6307 2983 1580
3 7302 1580 4082
3 4749 6307 1580
3 1581 10588 4274
3 1581 4274 10875
3 1581 10875 5146
3 1581 5146 11138
3 1581 10360 10588
3 1581 11138 10360
3 1582 2680 2669
3 1582 2669 7717
3 1582 8283 2680
3 1582 7717 4796
3 8835 1582 4796
3 8835 8283 1582
3 1583 10508 3521
3 4806 6164 1583
3 3266 5492 1584
3 3266 1584 7334
3 1584 4786 3968
3 1584 3968 6919
3 5492 4786 1584
3 4489 1585 9704
3 6797 9704 1585
3 1586 5023 2484
3 1586 2484 5943
3 5023 1586 5936
3 1586 5943 8036
3 9725 1587 1606
3 9868 1606 1587
3 3757 1587 5905
3 9868 1587 3757
3 9590 5905 1587
3 9725 9590 1587
3 4766 8654 1588
3 10642 4766 1588
3 6753 1588 7388
3 10642 1588 6753
3 5190 5517 1589
3 5517 6581 1589
3 5674 1589 6581
3 5674 7545 1589
3 5770 7347 1590
3 5770 1590 7606
3 3910 1591 3795
3 1591 7105 3795
3 1591 5256 7105
3 1591 8896 5256
3 1592 1606 7661
3 1592 9725 1606
3 8051 3373 1592
3 1592 3373 9094
3 8051 1592 7661
3 1592 9094 9725
3 1593 1778 4471
3 1593 10759 1778
3 1593 4471 10223
3 1593 10223 5132
3 1593 5132 10519
3 1593 10519 10759
3 1594 2192 6942
3 5026 1595 2254
3 1595 9970 2254
3 1595 3819 5025
3 5026 3819 1595
3 5375 1595 5025
3 5375 9970 1595
3 3008 1596 5515
3 3008 6595 1596
3 5326 1596 6595
3 1596 6353 5515
3 1597 2146 5263
3 1597 8332 2146
3 8277 1598 3014
3 4315 3293 1598
3 4315 1598 8277
3 6776 1599 2815
3 8195 4463 1599
3 6776 7873 1599
3 8195 1599 7873
3 2893 1884 1600
3 2893 1600 7036
3 7036 1600 2952
3 1601 4358 8705
3 10427 4358 1601
3 1601 8705 4721
3 11029 1601 4721
3 10427 1601 6339
3 11029 6339 1601
3 1602 1603 3632
3 1602 9470 1603
3 2633 1602 3632
3 3632 1603 4995
3 8086 4995 1603
3 8542 3139 1604
3 9564 1604 3139
3 1604 5764 8883
3 9564 5764 1604
3 1821 3885 1605
3 5534 1821 1605
3 2719 1605 3885
3 2719 6862 1605
3 1605 5268 5534
3 1605 6862 5268
3 7661 1606 9868
3 1607 6390 1624
3 1607 1624 10196
3 4424 1607 3866
3 3866 1607 10952
3 9662 1607 4424
3 9662 6390 1607
3 1607 10196 10952
3 5223 7936 1608
3 5223 1608 8075
3 8867 1608 7346
3 8867 8075 1608
3 1609 2432 6535
3 1609 9636 2432
3 1609 2549 7117
3 1609 9558 2549
3 1609 6535 9558
3 1609 7117 9636
3 7704 1610 2340
3 1610 8511 2340
3 7704 3532 1610
3 1610 3532 8856
3 1610 6247 8511
3 1610 8856 6247
3 9879 1611 3133
3 1611 10005 3133
3 1611 3532 7704
3 1611 8704 3532
3 1611 7704 10005
3 9879 8704 1611
3 1612 4472 2140
3 1612 4297 3094
3 1612 3094 4472
3 9301 1612 3976
3 9301 4297 1612
3 1613 2473 7032
3 1613 6139 5565
3 1614 4444 2637
3 1614 2637 7480
3 1614 3170 4444
3 1614 7480 5888
3 2777 1615 5460
3 2777 10839 1615
3 1615 10839 10777
3 1616 6189 5406
3 11130 1616 5406
3 1616 5751 5662
3 1616 5662 6189
3 1616 7086 5751
3 1617 3805 7109
3 8262 3805 1617
3 8262 1617 4202
3 4202 1617 8369
3 1617 7109 6190
3 1617 6190 8369
3 8268 6491 1618
3 9493 1618 6491
3 8243 1618 7930
3 9493 7930 1618
3 8243 8268 1618
3 1619 2652 3401
3 1619 6984 2652
3 1619 3401 7698
3 1619 4580 4160
3 1619 4160 6984
3 1619 7698 4580
3 7762 3959 1620
3 3959 10574 1620
3 7762 1620 10122
3 9451 10122 1620
3 10793 9451 1620
3 10793 1620 10574
3 2660 6333 1621
3 2660 1621 9517
3 4077 3639 1621
3 11232 1621 3639
3 6333 4077 1621
3 11232 9517 1621
3 3705 1622 5527
3 6845 5527 1622
3 6845 1622 8081
3 9071 1623 5216
3 9071 9752 1623
3 9752 10779 1623
3 1623 10779 10745
3 1624 6390 10779
3 1624 9569 10196
3 4478 1625 3758
3 1625 10188 3758
3 4478 10952 1625
3 1625 8836 10188
3 1625 10196 8836
3 1625 10952 10196
3 2279 1626 2280
3 3138 1626 2279
3 2280 1626 2981
3 2981 1626 9884
3 3138 6558 1626
3 1626 6558 9884
3 6540 1627 2789
3 8961 2789 1627
3 3942 8961 1627
3 6540 5769 1627
3 7502 1627 5769
3 1628 6929 4807
3 10666 1628 4807
3 1628 9580 6929
3 10623 9580 1628
3 8295 1629 8846
3 8295 10072 1629
3 8301 8846 1629
3 1629 10072 10053
3 2368 1630 4550
3 2368 9357 1630
3 1630 3471 4550
3 9174 3471 1630
3 5504 1631 7806
3 5504 9648 1631
3 9426 7806 1631
3 9426 1631 9251
3 9251 1631 10073
3 9648 10073 1631
3 1632 8610 4074
3 1632 4074 8720
3 1632 8720 8674
3 1632 8674 9760
3 1633 4044 4046
3 1633 10086 4044
3 1633 4046 7263
3 1633 7263 9631
3 1633 9631 10086
3 2283 1634 9252
3 1634 8388 3055
3 1634 3055 9252
3 4679 6343 1634
3 1634 6343 8388
3 2982 1886 1635
3 6579 1635 1886
3 2982 1635 8254
3 6579 9375 1635
3 8160 1636 3760
3 10768 3760 1636
3 7805 1636 8603
3 7805 10768 1636
3 10346 1636 8160
3 10346 8603 1636
3 5720 1637 5111
3 5111 1637 6831
3 8505 1637 5720
3 1637 10881 6831
3 8505 10900 1637
3 10900 10881 1637
3 1881 4722 1638
3 1881 1638 7893
3 2294 1638 6711
3 2294 7893 1638
3 1638 4722 6711
3 1653 1644 1639
3 9594 1639 1644
3 9795 1653 1639
3 9795 1639 6852
3 1639 10341 6852
3 9594 10341 1639
3 2378 1640 3499
3 2378 8273 1640
3 1640 10660 3499
3 6705 10660 1640
3 1641 2726 4144
3 6356 2726 1641
3 5050 1641 4144
3 5050 7527 1641
3 2785 1642 4413
3 2785 9599 1642
3 4413 1642 4332
3 1642 9599 6920
3 1643 2085 2088
3 1643 4094 2085
3 1643 4832 4094
3 1653 9713 1644
3 9594 1644 3393
3 9713 5251 1644
3 5242 1645 3393
3 9594 3393 1645
3 4940 1645 6321
3 9594 1645 4940
3 10159 1645 5242
3 6321 1645 10159
3 6321 10159 1646
3 10541 6321 1646
3 1646 10159 6832
3 8518 10541 1646
3 1647 10261 4732
3 1647 4732 10497
3 6052 9434 1647
3 6052 1647 10497
3 1647 9434 10261
3 1648 9191 7602
3 9511 9191 1648
3 9511 1648 9874
3 10913 9874 1648
3 4451 8012 1649
3 8012 7083 1649
3 10164 1649 7083
3 9088 1649 10164
3 1675 2108 1650
3 9975 1675 1650
3 1650 2108 9186
3 3421 1650 9186
3 10369 1650 3421
3 10369 9975 1650
3 5388 1651 8499
3 8499 1651 7567
3 7634 1699 1652
3 1652 7355 8311
3 9398 7355 1652
3 7634 1652 8311
3 9795 2625 1653
3 10578 1653 2625
3 10578 9713 1653
3 1654 2114 1685
3 1654 1685 3883
3 1654 5479 2114
3 1654 3883 9642
3 1654 8602 5479
3 1654 9642 8602
3 1655 8840 6923
3 1655 8923 8840
3 1656 2650 3057
3 8868 2650 1656
3 4248 1656 3057
3 3422 1656 6952
3 3422 8868 1656
3 4248 6952 1656
3 2681 1657 3931
3 2681 7211 1657
3 3646 6153 1657
3 3646 1657 10062
3 6153 3931 1657
3 10062 1657 7211
3 7364 9894 1658
3 5151 2139 1659
3 5151 1659 10118
3 1659 9339 10118
3 10142 1660 7081
3 10142 8165 1660
3 8165 10886 1660
3 10058 1660 10886
3 10582 6989 1661
3 10991 1661 10300
3 10991 10582 1661
3 3158 1662 2462
3 2462 1662 7503
3 3158 4057 1662
3 5987 1662 4057
3 5987 10528 1662
3 1662 10528 7503
3 1663 3767 1682
3 1663 1682 5366
3 1663 5366 1915
3 1663 1915 7816
3 1663 7816 3767
3 3307 1664 4647
3 3307 10796 1664
3 4647 1664 9592
3 9592 1664 10798
3 10798 1664 10796
3 1665 8918 4780
3 1665 4780 10942
3 1666 3714 2178
3 10614 1666 2178
3 1666 4980 3714
3 1666 5243 4980
3 1666 10614 5243
3 3928 1667 4446
3 4446 1667 4439
3 2539 1788 1668
3 3143 1668 1788
3 2539 1668 9086
3 3143 2880 1668
3 1668 2880 4554
3 9086 1668 4554
3 7934 4939 1669
3 9757 1669 4939
3 5303 1669 10180
3 5303 10784 1669
3 10784 7934 1669
3 10180 1669 9757
3 2688 3931 1670
3 2688 1670 8354
3 6153 1670 3931
3 4797 4769 1670
3 4769 8354 1670
3 6153 4797 1670
3 9898 1671 2123
3 2123 1671 10970
3 2586 7369 1671
3 9898 2586 1671
3 9405 1671 7369
3 9405 10970 1671
3 1675 1672 7923
3 9975 1672 1675
3 1672 3868 7923
3 1672 10613 3868
3 5103 1672 9975
3 5103 10613 1672
3 8031 1673 10951
3 8190 1673 8188
3 10506 8188 1673
3 8190 10951 1673
3 6605 10092 1674
3 10752 6605 1674
3 10752 1674 10049
3 1674 10849 10049
3 1676 3373 8875
3 1676 9094 3373
3 1676 8511 6247
3 1676 6247 9094
3 1676 8875 8511
3 1677 1681 5361
3 7810 1681 1677
3 1677 5361 11194
3 7810 1677 9794
3 1677 11194 9794
3 3064 9895 1678
3 1678 9895 8968
3 1679 2491 7155
3 11005 3883 1679
3 6357 1679 5293
3 1679 7155 5293
3 11005 1679 6357
3 2226 1680 2091
3 2230 2091 1680
3 2226 11050 1680
3 2230 1680 10281
3 7461 10281 1680
3 7461 1680 11050
3 1681 2472 5361
3 7810 7218 1681
3 1682 5361 2472
3 1682 2472 5366
3 1682 3767 6851
3 1682 6851 5361
3 7024 6545 1683
3 6545 10607 1683
3 7024 1683 6614
3 10607 10527 1683
3 5594 6297 1684
3 6541 5594 1684
3 10303 1684 6297
3 10303 11055 1684
3 2095 1685 2114
3 2095 6242 1685
3 1685 2204 3883
3 1685 6242 2204
3 1686 5376 6161
3 1686 8162 5376
3 1686 6161 6887
3 1686 6887 6809
3 1687 5016 2600
3 1687 2600 6095
3 3290 1687 6095
3 1687 3290 8531
3 1687 9856 5016
3 1687 8531 11202
3 1687 11202 9856
3 2606 3214 1688
3 2606 1688 4176
3 3214 9489 1688
3 8155 4176 1688
3 8155 1688 6629
3 10554 6629 1688
3 10554 1688 9489
3 2261 1951 1689
3 2261 1689 7168
3 10827 7168 1689
3 8055 10299 1690
3 8055 1690 10860
3 10037 1690 9291
3 9291 1690 10299
3 10037 9501 1690
3 9501 10860 1690
3 2439 3864 1691
3 5756 1691 3864
3 5756 9104 1691
3 1692 1701 4198
3 1692 4199 1701
3 2717 4199 1692
3 2717 1692 9079
3 1692 4198 7817
3 9079 1692 7817
3 5852 1693 2491
3 5856 2491 1693
3 3054 1693 5852
3 5856 1693 5116
3 5390 1694 6163
3 5390 9809 1694
3 1694 8532 6163
3 7822 9612 1694
3 9809 7822 1694
3 1694 9612 8532
3 3607 2031 1695
3 2031 5059 1695
3 1696 3286 10217
3 1696 10439 3286
3 1696 9120 7454
3 1696 7454 10439
3 1696 10217 9120
3 9108 1697 2683
3 5417 1697 3178
3 6156 3178 1697
3 9108 6156 1697
3 6399 1698 2194
3 7518 3085 1698
3 6399 9993 1698
3 7518 1698 9993
3 3296 2077 1699
3 7634 3296 1699
3 1700 10257 5488
3 1700 5488 10937
3 8422 6062 1700
3 6062 10257 1700
3 8422 1700 9369
3 1700 10937 9369
3 3548 1701 2390
3 4199 2390 1701
3 2796 1701 3548
3 2796 4198 1701
3 4253 1702 6236
3 9141 1702 4253
3 7384 1702 7177
3 9141 7177 1702
3 1711 1706 1703
3 1706 8536 1703
3 7822 1703 9612
3 1703 8536 9612
3 1704 1705 8536
3 1704 10644 1705
3 3502 1704 1706
3 1706 1704 8536
3 3502 9130 1704
3 1704 9130 10644
3 1768 1705 6860
3 9814 1705 1768
3 10644 6860 1705
3 9814 8536 1705
3 9813 1706 1711
3 9813 3502 1706
3 1708 2238 2837
3 5036 2238 1708
3 1708 3609 2594
3 7005 1708 2594
3 1708 2837 11003
3 1708 11003 3609
3 5036 1708 7005
3 3436 1709 2047
3 2047 1709 6359
3 3436 3438 1709
3 3438 5032 1709
3 9978 1709 5032
3 9978 6359 1709
3 3455 1710 6238
3 9672 1710 3455
3 9672 4533 1710
3 9899 1710 4533
3 9899 6238 1710
3 9104 1712 1711
3 1712 9813 1711
3 1712 8539 8537
3 1712 8537 9813
3 9104 8539 1712
3 1768 1713 5083
3 1768 6860 1713
3 8552 5083 1713
3 6077 1713 6860
3 8552 1713 6077
3 6584 1714 1728
3 7529 1728 1714
3 6584 10811 1714
3 7990 4262 1715
3 10734 1715 4262
3 4265 4266 1715
3 5573 4265 1715
3 7990 1715 4266
3 5573 1715 10734
3 4563 5757 1716
3 4701 1717 10600
3 1717 7058 8814
3 1717 8814 11112
3 1717 11112 10600
3 3295 4582 1718
3 3295 1718 6984
3 1719 9529 5627
3 1719 5627 11217
3 1719 9256 7656
3 1719 7656 9529
3 1719 10131 9256
3 1719 11217 10131
3 8495 1720 7356
3 9142 7356 1720
3 8495 8778 1720
3 9151 1720 8778
3 9142 1720 9322
3 9151 9322 1720
3 1721 2443 2429
3 1721 2429 7470
3 1721 7016 2443
3 4428 2876 1721
3 1721 2876 7016
3 4428 1721 7470
3 4859 5606 1722
3 1722 5606 9445
3 3541 1723 4429
3 3542 4429 1723
3 3542 1723 7911
3 5549 7911 1723
3 8973 1724 3162
3 9421 3552 1724
3 8973 6018 1724
3 9421 1724 6018
3 5385 5914 1725
3 5385 1725 7184
3 10312 1725 6903
3 10312 7184 1725
3 4421 4200 1726
3 10672 1726 4200
3 4421 1726 7530
3 2743 5406 1727
3 2743 1727 10906
3 3966 1727 9197
3 5406 9197 1727
3 3078 1956 1728
3 7529 3078 1728
3 10171 9152 1729
3 1730 8845 3162
3 1730 3162 9152
3 8579 8845 1730
3 8579 1730 9987
3 10171 1730 9152
3 10171 9987 1730
3 1731 2597 2964
3 1731 2964 2601
3 3817 2975 1732
3 3817 1732 6667
3 5005 6667 1732
3 2330 1951 1733
3 3610 1734 4240
3 4240 1734 5188
3 6894 5188 1734
3 6894 1734 6709
3 3168 1735 5457
3 3168 11066 1735
3 3345 5457 1735
3 3345 1735 8546
3 7475 8546 1735
3 7475 1735 11066
3 4577 4956 1736
3 1736 7404 4577
3 1736 4956 6677
3 6379 1736 6245
3 1736 6677 6245
3 6379 7404 1736
3 1737 2963 2105
3 1737 2105 4346
3 1737 4346 3484
3 1737 3484 6103
3 6150 2822 1738
3 9518 1738 2822
3 3474 1738 9771
3 9518 9771 1738
3 1739 7189 5022
3 7402 1739 5022
3 1739 6691 7189
3 7405 1739 7402
3 5787 3121 1740
3 3121 6970 1740
3 5787 1740 3837
3 3837 1740 7501
3 6970 6559 1740
3 7501 1740 6559
3 1741 7989 3355
3 1741 6003 7989
3 1741 10198 6003
3 1741 8394 10198
3 1742 3065 2319
3 1742 2319 7730
3 1742 6246 3065
3 1742 7585 6246
3 1742 7730 6699
3 1743 3689 3837
3 1743 3837 7501
3 1743 7056 6007
3 1743 7195 7056
3 1743 7501 7195
3 1744 6192 1938
3 7915 1744 1938
3 7915 4273 1744
3 1744 4273 8467
3 1744 8467 6192
3 5487 1745 6130
3 5487 10890 1745
3 1745 6764 6130
3 1745 6132 6764
3 1745 9061 6132
3 1745 10890 9061
3 2546 3164 1746
3 2546 1746 8517
3 10333 1746 3164
3 6873 1746 6059
3 10333 6059 1746
3 1747 8548 4445
3 2769 1748 4862
3 4862 1748 4335
3 1749 2412 9841
3 1749 10449 2412
3 1749 10331 10449
3 10987 10331 1749
3 1750 4430 3786
3 1750 4009 4430
3 1750 5980 4009
3 1750 9848 5980
3 1751 3786 2341
3 1751 2341 6166
3 2395 2887 1752
3 9264 2395 1752
3 8972 3564 1752
3 9264 1752 3564
3 5066 10542 1753
3 1754 3340 5463
3 1754 6723 3340
3 1754 3341 6723
3 1754 5463 3793
3 3517 1755 1835
3 9908 1835 1755
3 3517 4373 1755
3 4969 1755 4373
3 5653 1755 4969
3 5653 9908 1755
3 1756 2144 4963
3 1756 4965 2144
3 1756 4963 4448
3 5443 1756 4448
3 1756 5969 4965
3 3499 2684 1757
3 7812 1757 2684
3 7743 3499 1757
3 7812 5937 1757
3 10231 1757 5937
3 7743 1757 10231
3 1758 4356 4646
3 11004 4356 1758
3 1758 4646 8196
3 5165 1758 5175
3 5165 11004 1758
3 2375 1759 1920
3 1920 1759 4460
3 2375 3154 1759
3 9934 1759 3154
3 4460 1759 5461
3 9934 5461 1759
3 1760 8245 3042
3 1777 1761 1782
3 1777 2386 1761
3 10173 1782 1761
3 2386 4398 1761
3 1762 1783 1763
3 6097 1762 1763
3 1762 5057 1783
3 1762 6077 5057
3 1762 10791 6077
3 6097 10791 1762
3 6097 1763 7422
3 7422 1763 9282
3 3906 4071 1764
3 3906 1764 6594
3 9816 1764 4071
3 5445 5245 1764
3 6594 1764 5245
3 5445 1764 9816
3 4325 1765 2243
3 9862 2243 1765
3 2391 1765 6162
3 1765 2391 9862
3 1809 4135 1766
3 1809 1766 5536
3 6859 1766 4135
3 4362 5536 1766
3 4362 1766 7938
3 6859 11004 1766
3 1766 11004 7938
3 6922 1767 3267
3 1767 8325 3267
3 1767 3524 6736
3 1767 8289 3524
3 8325 1767 6736
3 1768 5083 2168
3 9814 1768 2168
3 6024 1769 7589
3 10674 1769 6351
3 10674 7589 1769
3 3061 1770 7426
3 3061 9296 1770
3 8543 1770 6391
3 1770 9296 6391
3 8543 7426 1770
3 4386 5325 1771
3 4386 1771 6587
3 7362 1771 5325
3 6587 1771 7192
3 7192 1771 7152
3 7362 7152 1771
3 5227 1772 7733
3 8876 1772 5227
3 8876 6375 1772
3 1772 6375 10353
3 1772 10353 7733
3 2792 3601 1773
3 2792 1773 9593
3 3601 4827 1773
3 10922 1773 4827
3 10664 9593 1773
3 10664 1773 10922
3 2934 1774 6187
3 2934 10714 1774
3 6187 1774 4816
3 1774 10714 10987
3 5612 5081 1775
3 5612 1775 6080
3 1776 2821 4616
3 1776 9427 2821
3 1776 4272 3166
3 1776 3166 9427
3 1776 6982 4272
3 8088 1777 1782
3 1777 2992 2386
3 1778 4049 4471
3 10524 4049 1778
3 10524 1778 9289
3 9289 1778 10759
3 1779 3091 1885
3 1779 1885 10874
3 2565 2052 1780
3 5900 1780 2052
3 2565 1780 4899
3 4899 1780 5761
3 5761 1780 5277
3 5900 5277 1780
3 2935 1781 2530
3 3173 2530 1781
3 2935 7216 1781
3 3876 1781 7216
3 1783 5057 3550
3 6402 3411 1784
3 3411 9199 1784
3 9199 3770 1784
3 1784 3770 10718
3 6402 1784 4441
3 1784 10718 4441
3 10215 1785 2907
3 6264 1785 9817
3 6264 10453 1785
3 10215 9817 1785
3 1786 2587 6408
3 1786 10555 2587
3 1786 5298 7924
3 1786 8882 5298
3 1786 6408 8882
3 1787 3171 1802
3 1787 1802 9135
3 1787 2349 3733
3 1787 6915 2349
3 1787 3733 3171
3 1787 3660 6915
3 1787 9135 3660
3 2539 6841 1788
3 3143 1788 7220
3 1788 6841 6838
3 1788 6838 7220
3 1789 1919 5055
3 1789 9934 1919
3 1789 5055 9941
3 1789 9727 7023
3 1789 7023 9934
3 1789 9941 9727
3 2347 3051 1790
3 2347 1790 3801
3 2375 1790 3154
3 2375 3801 1790
3 6120 1790 3051
3 3154 1790 6120
3 1791 1793 1919
3 1791 6493 1793
3 3154 1791 1919
3 3154 6120 1791
3 1791 6120 6493
3 1866 2590 1792
3 1792 4659 1866
3 1792 2590 2753
3 1792 2753 7357
3 1792 8851 4659
3 1792 7357 8851
3 1793 6493 1795
3 1793 1795 9864
3 1793 5055 1919
3 1794 6130 4180
3 1794 4180 8704
3 9879 1794 8704
3 9879 10762 1794
3 1795 6493 4380
3 1795 4380 7244
3 1795 7244 6726
3 1796 2525 2947
3 1796 7463 2525
3 1796 2947 2931
3 1797 3150 9871
3 9872 1797 9871
3 3198 1798 2918
3 3199 2918 1798
3 3198 8474 1798
3 3406 3199 1798
3 1799 3799 8555
3 1799 9705 3799
3 6175 5957 1799
3 1799 5957 9705
3 1800 2529 2503
3 1800 2503 4511
3 1800 3513 2529
3 1800 7777 3513
3 1800 4511 4363
3 1800 4363 7777
3 9443 1801 3871
3 1801 7326 4380
3 3171 2979 1802
3 7582 1802 2979
3 4017 1802 7582
3 4017 9135 1802
3 2940 6372 1803
3 2940 1803 10572
3 2944 1803 6363
3 2944 10572 1803
3 1803 8723 6363
3 10169 1804 2536
3 1804 7784 2537
3 1804 2537 9055
3 6115 1804 9055
3 10169 7784 1804
3 2515 6012 1805
3 2515 1805 10765
3 1805 6012 2923
3 1805 2923 6790
3 3203 1805 6790
3 3203 10765 1805
3 9986 1806 2864
3 2864 1806 10276
3 1806 5956 3341
3 1806 3341 10276
3 4688 5956 1806
3 4688 1806 9986
3 4063 1807 6277
3 6277 1807 7769
3 3053 1808 2365
3 2365 1808 3509
3 8649 1808 3053
3 1808 3735 3509
3 1809 6697 4135
3 8393 6697 1809
3 3198 2918 1810
3 3198 1810 7324
3 3352 2526 1811
3 3352 1811 7537
3 1812 8469 4363
3 7053 1813 2920
3 10162 2920 1813
3 7053 4419 1813
3 9053 1813 4419
3 5510 2534 1814
3 5296 1814 5118
3 7203 5118 1814
3 5510 1814 5296
3 1815 6579 4679
3 1815 7146 6579
3 1874 10124 1816
3 6221 1816 6492
3 1816 9368 6492
3 1816 10124 9368
3 1817 4401 7775
3 3053 3493 1818
3 8649 3053 1818
3 6148 8649 1818
3 4985 1819 4328
3 7315 4328 1819
3 9896 7315 1819
3 2411 4272 1820
3 2411 1820 7753
3 1820 2599 7753
3 1820 10138 2599
3 1820 4272 4809
3 1820 4809 10138
3 2720 1821 2801
3 1821 2720 5540
3 1821 3703 2801
3 1821 5534 3703
3 1821 5540 3885
3 1822 2582 5408
3 1822 9571 2582
3 3390 3602 1822
3 3390 1822 5408
3 3602 7523 1822
3 1822 7523 5939
3 1822 5939 9571
3 1823 2853 7526
3 1823 8582 2853
3 4721 1823 6814
3 4721 8705 1823
3 1823 7526 6814
3 8705 8582 1823
3 10386 1824 7544
3 7544 1824 10747
3 2588 1825 4213
3 5198 1825 2588
3 5198 9632 1825
3 1825 9632 8898
3 2591 1826 8567
3 2591 9608 1826
3 6731 8751 1826
3 6731 1826 10753
3 8567 1826 8751
3 9608 10753 1826
3 2589 2679 1827
3 2589 1827 9531
3 2679 11129 1827
3 9531 1827 11176
3 4081 6456 1828
3 1828 6456 6574
3 6494 1828 6574
3 10835 1828 6494
3 2403 6392 1829
3 2403 1829 10242
3 3970 1829 2432
3 1829 6535 2432
3 3970 10242 1829
3 1829 6392 6535
3 6386 6426 1830
3 7969 1830 6426
3 7314 7020 1830
3 7969 7314 1830
3 1831 1833 6429
3 1831 4436 2788
3 1831 4258 4436
3 1831 6429 4258
3 1832 4942 9138
3 1832 10637 4942
3 8172 1832 8258
3 8172 9724 1832
3 1832 9138 8258
3 1832 9724 10637
3 1834 6915 3660
3 5691 5535 1834
3 3517 1835 3515
3 9806 1836 4353
3 9671 4746 1836
3 2973 4487 1837
3 2973 1837 8563
3 6449 3659 1837
3 8563 1837 3659
3 1837 4487 4977
3 6449 1837 4977
3 5799 5510 1838
3 5799 1838 7322
3 11127 7322 1838
3 11127 1838 11163
3 10426 1839 6435
3 10426 9508 1839
3 1840 1927 2272
3 1840 2452 1930
3 1840 1930 5913
3 1840 2272 2452
3 1841 3107 1914
3 1841 1914 3935
3 7059 3419 1842
3 7597 1842 3419
3 3876 1842 6869
3 3876 7216 1842
3 7597 6869 1842
3 7059 1842 7216
3 4944 1843 1959
3 1959 1843 5421
3 1843 4118 9476
3 1843 9476 5421
3 1845 2701 6134
3 7091 2701 1845
3 1845 6134 5220
3 1845 5220 8950
3 7091 1845 7335
3 7335 1845 9230
3 1845 8950 9230
3 6628 8922 1846
3 6628 1846 9424
3 8358 1846 8922
3 8921 9424 1846
3 1847 4979 8481
3 1847 10482 4979
3 1847 8481 5881
3 9323 10482 1847
3 2833 1848 7944
3 2833 7945 1848
3 1848 7945 7694
3 1848 7694 9424
3 1848 9379 7944
3 1848 9424 9379
3 1849 2334 8535
3 1849 8535 4979
3 10152 1849 4979
3 10152 7100 1849
3 3265 4952 1850
3 3265 1850 6964
3 5233 3270 1850
3 1850 3270 10066
3 4952 5233 1850
3 1850 10066 6964
3 6684 1851 1955
3 6960 1955 1851
3 2461 3259 1851
3 2461 1851 6684
3 6960 1851 3259
3 10693 8792 1852
3 10693 1852 9115
3 10713 9115 1852
3 1853 6895 6770
3 8322 1853 6770
3 10071 6895 1853
3 8322 10800 1853
3 1854 6034 6930
3 1854 9410 6034
3 1854 9777 9410
3 1854 11137 9777
3 1855 5868 3730
3 1855 3730 7660
3 9397 3498 1856
3 1856 3498 11218
3 9397 1856 11219
3 9528 10620 1856
3 1856 11218 9528
3 1856 10620 11219
3 3041 1857 5207
3 3041 11230 1857
3 6261 1857 4903
3 5207 1857 6261
3 2415 4130 1859
3 9103 1859 4045
3 4045 1859 10083
3 4130 8577 1859
3 1859 8577 10083
3 1860 8226 3905
3 9698 1860 3905
3 1860 10595 8226
3 1860 9116 9223
3 9698 9116 1860
3 1860 9223 10595
3 1861 4801 4566
3 1861 4566 6774
3 1861 4569 4567
3 1861 4567 4801
3 5846 1862 4524
3 6006 4524 1862
3 6006 1862 4527
3 1862 8279 4527
3 5846 8279 1862
3 5425 1863 4053
3 4340 1863 6178
3 5425 9361 1863
3 6178 1863 9361
3 2004 3292 1864
3 2004 1864 6563
3 1864 2585 6563
3 10665 2585 1864
3 5885 1864 3292
3 5885 10665 1864
3 3990 1865 9515
3 1865 8512 10329
3 10584 8512 1865
3 1865 10329 9515
3 2590 1866 3592
3 1866 4183 3592
3 1866 10571 4183
3 1866 4659 10571
3 6351 1867 3891
3 3891 1867 6468
3 6351 8171 1867
3 1867 6456 6468
3 3050 1868 6600
3 4092 5603 1868
3 1868 5603 6494
3 3919 5941 1869
3 2707 1870 6354
3 5258 1870 6287
3 5258 6354 1870
3 5992 4522 1872
3 9674 10111 1872
3 7015 3127 1873
3 8116 5427 1873
3 5427 9144 1873
3 7015 1873 9144
3 4662 3386 1874
3 3386 10124 1874
3 6452 1875 2025
3 2025 1875 8111
3 5042 1875 6452
3 5042 7015 1875
3 7015 9144 1875
3 8111 1875 9144
3 6866 1876 4131
3 7722 4131 1876
3 5198 1876 6418
3 7635 1876 5198
3 6418 1876 6866
3 7635 7722 1876
3 4412 1877 3111
3 1877 4493 3111
3 4412 6122 1877
3 1877 4494 4493
3 1877 8456 4494
3 1877 6122 8456
3 8943 1878 6459
3 8943 8398 1878
3 1878 8398 10471
3 1878 10471 8502
3 6707 2950 1879
3 1879 2950 8998
3 6707 1879 7786
3 1879 11032 7786
3 1879 8998 10509
3 1879 10509 11032
3 2949 1880 7559
3 8843 1880 2949
3 6284 1880 8843
3 11098 7559 1880
3 1881 2321 3774
3 1881 7893 2321
3 1881 3774 10061
3 1881 10061 4722
3 1882 7380 2790
3 10480 1882 2790
3 3331 1882 3514
3 3331 7380 1882
3 1882 3806 3514
3 10480 3806 1882
3 2344 6193 1883
3 2344 1883 6727
3 6727 1883 4014
3 7267 4014 1883
3 8323 1883 6193
3 7267 1883 8323
3 2893 4924 1884
3 1884 4924 4929
3 8198 1885 3091
3 7097 10874 1885
3 1886 6343 4679
3 6579 1886 4679
3 2189 1887 2126
3 5158 1887 2725
3 4028 5568 1889
3 9181 4028 1889
3 6495 1889 5568
3 9181 1889 11088
3 10707 11088 1889
3 1890 4764 4935
3 1890 9669 4764
3 1890 4935 9999
3 1890 7298 5543
3 1890 5543 9669
3 1890 9999 7298
3 7600 3849 1891
3 7600 1891 4614
3 9893 4614 1891
3 2663 2409 1892
3 1892 2409 8427
3 2663 1892 3569
3 1892 7207 3569
3 2969 1893 4517
3 8106 4517 1893
3 8106 1893 10440
3 8198 10440 1893
3 9794 5105 1894
3 10703 1894 5105
3 7810 1894 7242
3 7242 1894 8524
3 7810 9794 1894
3 10703 8524 1894
3 6926 3565 1895
3 3565 8242 1895
3 4151 1895 5369
3 4151 6926 1895
3 7007 5369 1895
3 7007 1895 10114
3 1895 8242 10114
3 1896 2174 2044
3 1896 2044 4192
3 1896 6447 2174
3 9981 1896 4192
3 5075 6447 1896
3 5075 1896 9981
3 2457 1897 5742
3 7442 4027 1897
3 6970 4633 1898
3 6698 6559 1898
3 6970 1898 6559
3 1899 3208 6228
3 1899 8795 3208
3 1899 6630 4498
3 1899 4498 9793
3 1899 6228 6630
3 1899 9793 8795
3 1900 7785 4187
3 1900 4187 9910
3 1900 7222 7968
3 1900 9910 7222
3 1900 7968 7785
3 1901 4387 3494
3 1901 3494 8307
3 1901 6934 4387
3 1901 4578 6934
3 1901 10877 4578
3 1901 8307 10877
3 1902 2642 2987
3 5578 2642 1902
3 8930 1902 2987
3 5578 1902 5585
3 1903 7045 4452
3 1903 4452 7233
3 6811 5595 1903
3 5595 7045 1903
3 2840 1904 5650
3 7821 1904 2840
3 4681 5650 1904
3 9409 4681 1904
3 7821 5654 1904
3 9409 1904 5654
3 1905 2080 6562
3 1905 6562 6703
3 1905 11199 6625
3 1905 6703 11199
3 1906 2782 5541
3 1906 8390 2782
3 1906 4131 4126
3 1906 4126 8390
3 1906 10488 4131
3 1906 5541 10488
3 8850 7823 1907
3 9767 1907 8613
3 7994 1908 4644
3 9359 4644 1908
3 4842 9359 1908
3 1908 9453 4842
3 7994 6373 1908
3 1909 2850 2287
3 1909 2287 3117
3 1909 5395 2850
3 1909 3117 4306
3 1909 4306 3328
3 1909 3328 5395
3 1910 8605 4304
3 6154 7391 1910
3 9358 3617 1911
3 10911 1911 3617
3 9358 1911 7847
3 10020 7847 1911
3 10385 10020 1911
3 10385 1911 10911
3 3720 1912 3030
3 10394 3030 1912
3 3720 8808 1912
3 11111 1912 8808
3 9557 10394 1912
3 9557 1912 11111
3 1913 2293 5392
3 11193 1913 5392
3 7816 1915 4940
3 4940 1915 10341
3 6837 1915 5366
3 6837 10341 1915
3 1916 6666 3556
3 1916 3556 10371
3 4292 6666 1916
3 2450 1917 6490
3 2450 7215 1917
3 1917 7118 6490
3 1917 7215 10643
3 1918 3431 2285
3 1918 2285 6285
3 4474 3431 1918
3 4474 1918 10141
3 9934 3154 1919
3 2375 1920 3801
3 1920 7582 3801
3 1920 4460 4017
3 1920 4017 7582
3 3512 1921 2979
3 8144 2979 1921
3 3152 1921 5056
3 8144 1921 3152
3 6389 1921 3512
3 6389 5056 1921
3 2155 1922 3161
3 2155 5862 1922
3 5596 3161 1922
3 10156 5596 1922
3 5862 8292 1922
3 10156 1922 8292
3 1923 7787 4188
3 1923 6741 5236
3 7787 1923 5236
3 1924 5690 5692
3 1924 11118 5690
3 1924 5692 6360
3 1924 6360 7099
3 7099 6619 1924
3 1924 6619 11118
3 3997 6159 1925
3 3997 1925 9286
3 7621 4152 1925
3 9286 1925 4152
3 1926 3478 2850
3 1926 2850 3483
3 1926 6663 3478
3 1926 3483 5002
3 5671 4290 1926
3 1926 4290 6663
3 5671 1926 5002
3 1927 5570 2272
3 6904 5570 1927
3 2630 1928 6443
3 8957 1928 2630
3 8957 2631 1928
3 6443 1928 4733
3 3765 1929 8515
3 2524 5913 1930
3 6239 2524 1931
3 6239 1931 5584
3 1932 6131 3633
3 1932 3633 6140
3 1932 4283 4281
3 1932 4281 9122
3 1932 6140 4283
3 1932 9122 6131
3 1933 9916 3190
3 1933 3190 10348
3 7716 1933 6664
3 1933 10348 6664
3 10441 1933 7716
3 10441 9916 1933
3 3737 5951 1934
3 6114 3737 1934
3 5502 1934 6788
3 1934 5951 6788
3 2074 1935 2260
3 2074 4705 1935
3 10139 1935 4705
3 10139 7413 1935
3 1936 8261 3414
3 1936 3414 11207
3 6136 7795 1936
3 6136 1936 8158
3 1936 7795 8215
3 1936 11207 8158
3 1936 8215 8261
3 1937 7056 2671
3 1937 6401 7056
3 6192 5473 1938
3 9767 1938 5473
3 9767 6237 1938
3 7915 1939 4271
3 8959 5382 1939
3 9924 8959 1939
3 1940 4730 2672
3 1940 2672 7135
3 1940 3937 4730
3 1940 10194 3937
3 1940 7135 7456
3 1940 7456 10194
3 1941 4200 3784
3 10236 1941 3784
3 9827 4200 1941
3 7828 7590 1941
3 9827 1941 7590
3 7828 1941 10236
3 4026 3907 1942
3 9070 1942 3907
3 6466 4026 1942
3 6466 1942 4880
3 9885 1942 9070
3 4563 1943 5983
3 4563 6925 1943
3 1943 6502 5983
3 8191 6502 1943
3 7757 1943 6925
3 8191 1943 7757
3 4279 2250 1944
3 9920 1944 2250
3 10772 4279 1944
3 9920 7815 1944
3 10681 1944 7815
3 10681 10772 1944
3 1945 8886 2250
3 9932 1945 2250
3 10813 8886 1945
3 9150 1945 9932
3 10813 1945 9150
3 4606 7067 1946
3 7633 6834 1946
3 7633 1946 7067
3 1947 9703 9622
3 1948 4790 3701
3 9579 1948 3701
3 1948 7738 4790
3 1949 2678 5883
3 1949 9117 2678
3 1949 5883 7618
3 10142 1949 7618
3 10142 9117 1949
3 2778 1950 7473
3 1950 8120 7473
3 9710 8120 1950
3 9710 1950 9545
3 1952 3353 4886
3 5619 3353 1952
3 1952 4886 3354
3 6337 1952 3354
3 9726 5619 1952
3 6337 9726 1952
3 6370 2256 1953
3 6370 1953 8615
3 3233 3146 1954
3 5731 1954 3146
3 4761 3233 1954
3 3258 1955 6960
3 10628 1955 3258
3 6684 1955 6618
3 10628 6618 1955
3 3078 6098 1956
3 6098 6882 1956
3 3829 2977 1957
3 10888 1957 2977
3 3829 1957 6230
3 1957 7385 6230
3 1957 8622 7385
3 10888 8622 1957
3 1958 6733 7972
3 1958 10395 6733
3 1958 10259 10808
3 1958 10808 10395
3 1959 5421 3175
3 7018 1959 3175
3 6033 2445 1960
3 5393 9472 1960
3 6033 1960 9472
3 2624 1961 3191
3 2624 4855 1961
3 4370 3191 1961
3 4370 1961 9143
3 9143 1961 4855
3 6707 7786 1962
3 6707 1962 7998
3 7786 9155 1962
3 10950 7998 1962
3 1962 9155 11007
3 10950 1962 10015
3 1962 11007 10015
3 1963 3315 4385
3 1963 9059 3315
3 1963 4385 6981
3 1963 5765 9059
3 1963 10479 5765
3 1963 6981 10479
3 8107 1964 2416
3 6961 1964 8107
3 6520 6958 1965
3 6520 1965 8097
3 10628 1965 6618
3 10712 6618 1965
3 10712 1965 6958
3 10628 8097 1965
3 7239 1966 2696
3 8141 2696 1966
3 1966 5975 4409
3 1966 4409 9347
3 10160 5975 1966
3 7239 10160 1966
3 8141 1966 9347
3 6336 1967 1999
3 1967 7235 1999
3 1967 2238 2020
3 1967 2020 3823
3 6336 2238 1967
3 1967 3823 7235
3 4802 1968 6708
3 10387 1968 4802
3 6427 1968 5679
3 10387 5679 1968
3 6427 6708 1968
3 7314 5271 1969
3 7314 1969 5865
3 5865 1969 7797
3 7797 1969 7113
3 4483 1970 2234
3 5210 2234 1970
3 5210 1970 3369
3 8189 3369 1970
3 4483 5898 1970
3 8189 1970 5898
3 8699 1972 1971
3 1971 1972 9212
3 3281 1971 2187
3 1971 3944 2187
3 3281 8699 1971
3 1971 9212 3944
3 1972 8201 9212
3 8699 10499 1972
3 2910 1973 5800
3 2910 8553 1973
3 2956 8920 1973
3 9977 2956 1973
3 5800 1973 8920
3 8553 9977 1973
3 9852 2830 1974
3 2911 1974 5094
3 2911 9852 1974
3 5094 1974 6278
3 1975 2830 8418
3 4574 1975 8418
3 4574 9320 1975
3 4870 1976 2053
3 8451 2053 1976
3 8867 2436 1976
3 8867 1976 4870
3 3723 3402 1977
3 10392 1977 3402
3 9723 3723 1977
3 8442 1977 7412
3 7412 1977 10392
3 8442 9723 1977
3 3845 8547 1978
3 3845 1978 10892
3 1978 9729 4744
3 1978 4744 10892
3 1978 8547 9729
3 7837 11023 1979
3 11023 8462 1979
3 8193 2913 1980
3 1980 3579 9333
3 9685 3579 1980
3 8193 1980 9333
3 2911 5094 1981
3 2911 1981 10868
3 1981 5940 2953
3 1981 2953 10868
3 9221 1981 5094
3 9221 5940 1981
3 1982 3432 2064
3 5086 1982 2064
3 2067 3432 1982
3 2067 1982 4177
3 5086 4177 1982
3 1983 3194 2069
3 6288 1983 2069
3 1983 11012 3194
3 6288 8133 1983
3 1983 8133 11012
3 1984 5979 8296
3 10656 5979 1984
3 1984 8296 6173
3 1984 6173 9415
3 1984 9415 7615
3 10656 1984 7615
3 1985 3435 6298
3 1985 8635 3435
3 1985 6968 3436
3 1985 3436 8635
3 1985 6298 7176
3 1985 7176 6968
3 1986 5871 3197
3 1986 3197 10485
3 1986 8636 9978
3 1986 10485 8636
3 7181 1989 1987
3 8205 1987 1989
3 4040 1987 5389
3 7181 1987 4040
3 1987 6668 5389
3 8205 6668 1987
3 1988 3092 7823
3 1988 9153 3092
3 1988 6236 9153
3 1988 8850 7575
3 1988 7823 8850
3 2540 8205 1989
3 2540 1989 11003
3 7181 3609 1989
3 3609 11003 1989
3 1990 4254 4417
3 3344 1991 1993
3 4993 1993 1991
3 3344 7519 1991
3 7212 4993 1991
3 7212 1991 9976
3 7519 9976 1991
3 2794 1992 10743
3 10743 1992 3932
3 6308 1994 1995
3 3320 1994 6470
3 8642 1994 6308
3 6470 1994 8642
3 2839 1995 5665
3 2839 9332 1995
3 9332 6308 1995
3 3320 6470 1996
3 6382 1996 10462
3 6955 1996 6470
3 6955 10462 1996
3 3115 2207 1997
3 3115 1997 6301
3 7002 1998 2217
3 7383 2217 1998
3 5470 7383 1998
3 4485 2819 1999
3 4485 1999 7235
3 3053 2000 3493
3 3053 8556 2000
3 3493 2000 5410
3 4454 5038 2000
3 4454 2000 8556
3 2000 5038 5410
3 2001 8643 2223
3 10972 2001 2223
3 2002 4375 3755
3 2002 3755 8362
3 2002 6119 4375
3 2002 7202 6119
3 2002 8362 7202
3 3827 2702 2003
3 2003 2702 5336
3 3827 2003 9387
3 2003 5336 10318
3 9387 2003 7844
3 2003 10318 7844
3 2004 2024 3292
3 2004 4023 2024
3 2004 8831 4023
3 2004 6563 8831
3 6033 6479 2005
3 6033 2005 6518
3 2005 6479 7381
3 2005 7381 6546
3 2195 2193 2006
3 2396 2007 5330
3 10040 2007 10012
3 3472 2008 6285
3 3472 10724 2008
3 3814 2008 10724
3 8028 9812 2009
3 2010 4218 2016
3 2010 2016 5889
3 3346 2010 4284
3 3346 8647 2010
3 8647 4218 2010
3 2010 5889 4284
3 6092 2011 5916
3 3313 2012 3306
3 2012 3666 3306
3 3313 6557 2012
3 2012 9239 3666
3 2012 6557 4013
3 2012 4013 9239
3 3321 2013 4602
3 6338 2013 3321
3 6338 3323 2013
3 3323 9057 2013
3 2013 10382 4602
3 2013 9057 10382
3 2014 2609 7556
3 9751 2609 2014
3 5259 2014 3766
3 9751 2014 5259
3 2981 9884 2015
3 2981 2015 10041
3 7887 2015 3471
3 2015 9884 3471
3 7887 10286 2015
3 10286 10041 2015
3 7173 2017 2022
3 2022 2017 8207
3 2017 4667 8207
3 8774 4667 2017
3 7173 8303 2017
3 8774 2017 8303
3 2572 2219 2018
3 2018 2219 7946
3 2572 2018 10198
3 2018 7287 6003
3 2018 6003 10198
3 2018 6183 7287
3 2018 7946 6183
3 6706 3846 2019
3 3846 7727 2019
3 6706 2019 6636
3 6636 2019 10616
3 11053 2019 7727
3 10616 2019 9327
3 9327 2019 11053
3 4983 2158 2020
3 8269 2020 2158
3 5036 2020 2238
3 8269 3823 2020
3 5036 4983 2020
3 2808 9329 2021
3 10022 2808 2021
3 9539 2021 5069
3 5069 2021 10119
3 2021 9329 10119
3 9539 10022 2021
3 5205 5927 2022
3 10859 5205 2022
3 7173 2022 5927
3 2022 8207 7133
3 10859 2022 7133
3 2356 2023 8064
3 3300 6748 2023
3 3300 2023 11044
3 6748 8848 2023
3 8064 2023 8848
3 3292 2024 7571
3 10999 2024 4023
3 2024 9833 7571
3 10999 9833 2024
3 2025 3013 3495
3 2025 3495 7703
3 6452 2025 7703
3 8262 2026 3805
3 5815 6640 2026
3 8262 5815 2026
3 10484 2026 6640
3 8828 3691 2027
3 10287 2027 3691
3 8661 7619 2027
3 8827 2027 7619
3 8661 2027 10287
3 8827 8828 2027
3 2338 8593 2028
3 7948 7159 2028
3 8964 7948 2028
3 8593 8964 2028
3 5883 2678 2029
3 7877 2029 2678
3 7877 4066 2029
3 5883 2029 7662
3 5815 2030 6640
3 9996 6640 2030
3 9996 2030 11114
3 3607 3850 2031
3 7600 2031 3850
3 2031 10354 5059
3 7600 10354 2031
3 8894 2032 7115
3 10903 7115 2032
3 8639 2032 10591
3 8639 10903 2032
3 8894 10246 2032
3 10591 2032 10246
3 9522 2033 7119
3 9523 7119 2033
3 9208 2033 9522
3 9208 11220 2033
3 9523 2033 9733
3 11220 9733 2033
3 2034 3959 9927
3 2034 10574 3959
3 2034 8660 5995
3 2034 5995 10573
3 2034 9927 8660
3 4847 2035 3620
3 3620 2035 10455
3 4847 4207 2035
3 2035 4207 6637
3 2035 6637 7165
3 2035 7165 10455
3 7208 4831 2036
3 2037 4873 6173
3 2037 8079 4873
3 2037 6173 8296
3 2037 7653 8079
3 6341 2038 2050
3 2038 9252 2050
3 2283 2038 2308
3 2283 9252 2038
3 6571 2308 2038
3 6571 2038 6341
3 2039 2490 5955
3 2039 7379 2490
3 2039 5955 10652
3 6399 7379 2039
3 6399 2039 9993
3 9993 2039 10652
3 2040 4012 3224
3 2040 7238 4012
3 2041 8179 6319
3 10587 2041 6319
3 10451 8179 2041
3 9309 8788 2041
3 10451 2041 8788
3 10587 9309 2041
3 5879 3010 2042
3 10534 2042 3010
3 3439 2042 4197
3 3439 6169 2042
3 2042 6635 4197
3 5879 2042 6169
3 10534 6635 2042
3 2043 5505 9687
3 2043 10224 5505
3 2043 9687 7806
3 2043 7806 9998
3 2043 9998 10224
3 2044 3449 4192
3 2044 5359 3449
3 2689 5894 2045
3 2689 2045 8300
3 2891 2045 5894
3 7179 2045 2891
3 7179 8300 2045
3 10224 2046 7423
3 10227 7423 2046
3 2046 9998 8584
3 2046 8584 10615
3 10224 9998 2046
3 10227 2046 10615
3 3195 2047 2844
3 2844 2047 6359
3 3195 3436 2047
3 2048 8756 4073
3 10004 2048 4073
3 8057 2048 4587
3 2048 8726 4587
3 8057 8756 2048
3 2048 10726 8726
3 10004 10726 2048
3 4114 6100 2049
3 2049 6100 4242
3 7467 2050 3055
3 9252 3055 2050
3 6341 2050 10448
3 10448 2050 7467
3 3415 6225 2051
3 4247 2051 8527
3 6225 8527 2051
3 3038 2309 2052
3 2309 7564 2052
3 2565 6570 2052
3 3038 2052 6570
3 5900 2052 7564
3 5620 2053 8159
3 8451 8159 2053
3 2054 3830 6254
3 2054 7751 3830
3 2054 4991 5221
3 2054 5221 7751
3 2055 3488 8782
3 2055 10992 3488
3 2055 9211 7766
3 2055 7766 9680
3 2055 9680 8061
3 2055 8061 10992
3 2055 8782 9211
3 8927 2056 2058
3 9778 2058 2056
3 2056 5864 2646
3 9778 2056 2646
3 8927 5864 2056
3 2405 2057 2402
3 2402 2057 9558
3 2405 7615 2057
3 3389 2057 7112
3 3389 9558 2057
3 7112 2057 7615
3 2058 4624 7167
3 9778 4624 2058
3 7992 2059 4407
3 8234 4407 2059
3 7992 10182 2059
3 8234 2059 10763
3 10182 8773 2059
3 10763 2059 8773
3 2060 4555 3461
3 8578 2060 3461
3 6209 2060 8578
3 10706 2060 6209
3 3450 2061 2062
3 8676 2062 2061
3 8223 2061 3450
3 8223 4622 2061
3 2201 3450 2062
3 2201 2062 10580
3 8676 8632 2062
3 3219 2063 2557
3 4440 2557 2063
3 3219 9179 2063
3 4440 2063 3862
3 9132 3862 2063
3 9132 2063 9179
3 2064 9575 3194
3 2064 3194 11012
3 2064 3432 9575
3 5086 2064 11012
3 3052 2065 2373
3 3052 3731 2065
3 3398 2065 3731
3 3398 3736 2065
3 8412 5555 2066
3 8967 8412 2066
3 9782 3432 2067
3 5486 2067 4177
3 9699 2068 3413
3 3413 2068 10083
3 4045 10083 2068
3 9699 8967 2068
3 3194 10033 2069
3 2069 3197 10032
3 2069 10485 3197
3 6288 2069 10032
3 2069 10033 10485
3 7660 4621 2070
3 2070 4621 10085
3 2093 2071 2262
3 2071 2209 4392
3 2262 2071 8762
3 2071 4392 8762
3 3965 2072 8002
3 8545 2072 3965
3 8002 2072 9614
3 8545 10021 2072
3 10340 9614 2072
3 10021 10340 2072
3 2259 2073 2074
3 2073 4705 2074
3 2259 8757 2073
3 2073 5167 4705
3 2073 7168 5167
3 2073 8757 7168
3 8070 2259 2074
3 8070 2074 2260
3 5742 2075 6820
3 6820 2075 10036
3 4386 2076 5325
3 4386 6474 2076
3 2076 5823 5325
3 6474 5932 2076
3 2076 5932 7150
3 3296 9811 2077
3 5089 8052 2077
3 5089 2077 9811
3 7791 2077 8052
3 2078 3332 3429
3 2078 10038 3332
3 2078 3429 10908
3 6457 10038 2078
3 10413 6457 2078
3 10413 2078 10908
3 7147 7434 2079
3 8070 7147 2079
3 7434 9310 2079
3 2478 3842 2080
3 11204 2478 2080
3 5182 2080 3842
3 6562 2080 5182
3 2156 2081 2084
3 4635 2084 2081
3 9585 2081 2156
3 4635 2081 11113
3 4915 2082 3894
3 9670 3894 2082
3 5604 2082 4915
3 5262 2082 5604
3 5262 10964 2082
3 9670 2082 10964
3 2603 6206 2083
3 2704 2083 3044
3 3048 2083 2704
3 4911 3044 2083
3 4911 2083 6206
3 6233 2156 2084
3 4635 6364 2084
3 4980 6233 2084
3 4980 2084 6364
3 2085 6174 2088
3 5830 2085 4094
3 8742 2085 5830
3 8742 6174 2085
3 2228 7960 2086
3 2231 2086 7497
3 3434 6977 2086
3 2086 7960 3434
3 7497 2086 6977
3 7670 2087 2693
3 7670 7105 2087
3 3894 2088 6174
3 9670 2088 3894
3 9670 9454 2088
3 10043 2089 2454
3 10596 2454 2089
3 4151 2089 6926
3 4151 7312 2089
3 10043 6926 2089
3 8677 7910 2090
3 7910 11186 2090
3 8677 2090 10306
3 2090 10051 10306
3 10752 10051 2090
3 11186 10752 2090
3 2116 10270 2092
3 6306 3695 2092
3 6306 2092 10270
3 2093 2262 7650
3 5870 2093 6601
3 2093 7650 6601
3 2095 2114 8576
3 2095 3768 6242
3 2095 9136 3768
3 2095 8576 9136
3 3826 10132 2096
3 8143 4560 2096
3 8143 2096 6507
3 6507 2096 10132
3 2097 2191 5148
3 2097 6510 2191
3 2097 5148 8968
3 2097 10117 6510
3 2097 8968 9895
3 2097 9895 10117
3 4016 2098 5759
3 4016 6108 2098
3 4556 2098 4164
3 2177 7037 2099
3 9408 2177 2099
3 7024 2099 6545
3 6545 2099 8685
3 7024 9408 2099
3 2099 7037 8685
3 2100 2203 4267
3 2100 7259 2203
3 2100 10118 3064
3 2100 4267 10118
3 2208 2101 2148
3 2148 2101 2650
3 9952 2101 2208
3 2101 3057 2650
3 9952 3057 2101
3 2103 6048 2102
3 7009 2103 2102
3 3915 2102 4956
3 3915 7062 2102
3 6677 4956 2102
3 6677 2102 6048
3 7062 7009 2102
3 5144 6048 2103
3 8697 3039 2104
3 2104 3039 11211
3 9258 2104 4296
3 9258 8697 2104
3 2105 6322 4346
3 2106 2480 4035
3 10010 2480 2106
3 2106 4035 10093
3 5847 2106 8010
3 5847 10010 2106
3 2106 10093 8010
3 5830 3050 2107
3 2107 3050 6600
3 2107 6600 5337
3 8742 5830 2107
3 2108 7924 6227
3 2108 6227 9186
3 2109 4440 3862
3 2109 3862 8681
3 2109 9688 4440
3 2109 5110 6849
3 2109 8681 5110
3 2109 6849 9688
3 2110 2352 10054
3 2110 6704 6269
3 6234 2111 2150
3 2150 2111 8686
3 2111 5986 8686
3 2111 10103 5986
3 6234 7932 2111
3 7932 10103 2111
3 2112 6483 2216
3 3697 6483 2112
3 7019 3697 2112
3 7019 2112 5334
3 3684 2172 2113
3 2172 4260 2113
3 3682 2113 4260
3 3682 9776 2113
3 3684 2113 5240
3 2113 9776 5240
3 5093 2114 5479
3 5093 8576 2114
3 4846 6207 2115
3 6357 4846 2115
3 6358 2115 6207
3 6357 2115 6487
3 8403 2115 6358
3 8403 6487 2115
3 2116 4649 8690
3 4649 2116 9198
3 2116 8690 10270
3 3833 2234 2117
3 6203 2117 3437
3 3833 2117 6388
3 6203 6388 2117
3 2644 2949 2118
3 7879 2644 2118
3 2119 4666 2269
3 2119 2269 4998
3 2119 4998 3096
3 2119 3096 9926
3 2119 9926 4666
3 6603 11133 2120
3 2120 8302 7472
3 2120 7918 8302
3 2120 11133 7918
3 5348 2121 3349
3 6530 2121 5348
3 6530 7297 2121
3 2885 2122 6856
3 6856 2122 4115
3 10456 4115 2122
3 3458 9961 2123
3 3458 2123 10970
3 3056 2216 2124
3 2124 2216 6483
3 3056 2124 7266
3 7926 2124 6483
3 3434 2125 2128
3 2128 2125 3698
3 5278 3698 2125
3 5640 4671 2126
3 2127 7853 7183
3 2127 7183 9195
3 2127 9195 11209
3 11209 10510 2127
3 3434 2128 6977
3 5838 5123 2129
3 2129 5123 7371
3 5838 2129 9363
3 2129 7371 10069
3 9255 9363 2129
3 9255 2129 10069
3 2535 2130 5112
3 2535 7906 2130
3 7393 5112 2130
3 7243 2130 7906
3 10698 2130 7243
3 10698 7393 2130
3 8514 2131 2186
3 10322 2186 2131
3 9112 10863 2131
3 10322 2131 10863
3 4145 3855 2132
3 5052 2132 3855
3 7372 4145 2132
3 7312 7372 2132
3 7299 2173 2133
3 11246 2133 2173
3 2133 4139 2320
3 7299 2133 2320
3 2133 7898 4139
3 11246 7898 2133
3 6597 7640 2134
3 8240 2134 7640
3 3573 2135 5901
3 3573 9950 2135
3 5901 2135 7881
3 7881 2135 9548
3 8700 9548 2135
3 8700 2135 9950
3 10514 2721 2136
3 10514 2136 8895
3 3314 2725 2137
3 3816 2137 2725
3 3314 2137 7415
3 3816 7052 2137
3 2137 7052 5350
3 2137 5350 7415
3 3124 9971 2138
3 10696 3124 2138
3 3561 9953 2138
3 3561 2138 9971
3 4233 2138 9953
3 10696 2138 4233
3 5151 2190 2139
3 2139 2190 7040
3 2139 7040 4099
3 4309 4344 2140
3 4472 4309 2140
3 4344 6938 2140
3 2197 2141 2203
3 2197 3056 2141
3 2203 2141 4267
3 3056 7266 2141
3 3887 4267 2141
3 3887 2141 7266
3 4252 5110 2142
3 4252 2142 5902
3 4974 2142 5110
3 4974 5810 2142
3 7461 2142 5810
3 7461 5902 2142
3 9324 2143 8072
3 2143 10962 8072
3 2143 8606 9178
3 9324 8606 2143
3 7375 4963 2144
3 5444 2144 4965
3 2145 4137 7025
3 10109 4137 2145
3 2145 7025 6614
3 2145 6614 7898
3 11246 2145 7898
3 11246 10109 2145
3 2146 2963 7257
3 5263 2146 7257
3 10126 4091 2147
3 10963 5833 2147
3 5833 11050 2147
3 10126 2147 11050
3 2208 2148 9129
3 2148 2650 10110
3 2764 10057 2148
3 2764 2148 10110
3 10057 9129 2148
3 2764 2779 2149
3 2764 2149 10057
3 4250 2149 2779
3 4250 10847 2149
3 10444 10057 2149
3 10444 2149 10847
3 2150 6602 8685
3 2150 8686 6602
3 2150 8685 7037
3 3455 6238 2151
3 8032 3455 2151
3 8032 2151 4106
3 10849 4106 2151
3 7140 2151 6238
3 7140 10049 2151
3 10849 2151 10049
3 2152 6409 9133
3 2152 9562 6409
3 2152 9133 7013
3 2152 7013 9178
3 2152 9178 8956
3 2152 8956 9562
3 2153 2154 6211
3 10239 2154 2153
3 2153 4128 3616
3 8363 2153 3616
3 2153 6211 4128
3 10239 2153 8363
3 6211 2154 2859
3 2154 7298 2859
3 2154 3929 7298
3 10239 3929 2154
3 2155 3161 4389
3 2155 4389 7908
3 2155 5861 5862
3 2155 7588 5861
3 2155 7908 7588
3 8632 9585 2156
3 3620 2157 6992
3 3620 10455 2157
3 2158 3842 2478
3 8269 2158 2478
3 5285 3842 2158
3 5285 2158 4983
3 6026 7297 2160
3 6530 2160 7297
3 6447 2161 2174
3 6447 4166 2161
3 2162 3571 2522
3 2162 2522 4885
3 4366 3571 2162
3 4366 2162 7439
3 2162 4885 6121
3 7439 2162 6121
3 7237 2165 2163
3 8838 2163 2165
3 2558 6222 2163
3 2558 2163 8838
3 6222 7205 2163
3 7237 2163 7205
3 6541 2164 3187
3 3187 2164 6893
3 2164 3358 10996
3 2164 10996 6893
3 5803 2165 7237
3 5803 9835 2165
3 8838 2165 7393
3 7393 2165 9835
3 2227 2826 2166
3 2227 2166 4483
3 9600 2166 2826
3 2166 3835 5898
3 9600 3835 2166
3 2166 5898 4483
3 2470 2167 3879
3 3630 2167 10028
3 10130 2167 3630
3 3879 2167 10130
3 4199 2168 2390
3 2168 5083 2390
3 2817 2168 4199
3 9814 2168 2817
3 2450 6490 2169
3 2450 2169 7315
3 7315 2169 4328
3 2170 6219 11095
3 2170 11095 9979
3 2171 3484 2596
3 2171 2596 7421
3 8834 5836 2171
3 8834 2171 7421
3 2927 8713 2172
3 9477 2927 2172
3 3684 9477 2172
3 2172 8713 4260
3 8227 2173 3773
3 10390 3773 2173
3 10390 2173 7299
3 11246 2173 8227
3 3422 3880 2175
3 3422 2175 7932
3 2175 3880 5344
3 2175 5344 10103
3 2175 10103 7932
3 2176 4717 5529
3 2176 6371 4782
3 2176 5529 6371
3 7630 2177 9408
3 7630 11206 2177
3 3714 4168 2178
3 2178 4168 7163
3 10909 2178 7163
3 10614 2178 10909
3 5697 2179 2182
3 2182 2179 8999
3 5697 9316 2179
3 2179 9316 6962
3 10087 2179 6962
3 10087 8999 2179
3 2180 3247 10985
3 2180 10277 4840
3 2180 10985 10277
3 8076 3851 2181
3 3851 9929 2181
3 8076 2181 9552
3 9290 9552 2181
3 9290 2181 9929
3 5697 2182 11090
3 9973 2182 8999
3 9973 9317 2182
3 2182 9317 11090
3 10013 2183 8027
3 8027 2183 10457
3 2183 8691 8861
3 2183 10551 8691
3 10457 2183 8861
3 10013 10551 2183
3 2755 4106 2184
3 6355 2755 2184
3 2184 4106 8734
3 5859 6355 2184
3 2185 4996 8037
3 2185 10187 4996
3 2185 10099 6582
3 2185 6582 10187
3 8514 2186 10418
3 10322 10573 2186
3 2186 10573 10418
3 3281 2187 6270
3 2187 3944 11086
3 9956 6270 2187
3 9956 2187 11086
3 2739 7628 2188
3 2739 2188 7667
3 10409 7667 2188
3 2188 10098 8084
3 10409 2188 8084
3 2189 7050 9644
3 5151 3887 2190
3 2190 3887 8805
3 2190 5116 7040
3 2190 8805 5116
3 6510 2775 2191
3 2191 2775 11101
3 5148 2191 11060
3 11060 2191 11101
3 3910 3795 2192
3 6942 2192 3795
3 7269 3910 2192
3 7269 2192 6287
3 2195 8208 2193
3 2193 8208 6973
3 6399 2194 9164
3 2194 7000 9164
3 2195 6546 7381
3 2195 7381 8208
3 3554 2196 3347
3 3554 8170 2196
3 8170 5088 2196
3 2197 2203 2199
3 2197 3647 3056
3 4099 2198 6983
3 4099 7040 2198
3 2198 7942 6983
3 9147 7942 2198
3 2199 2203 7259
3 2199 9644 7050
3 2199 7259 9644
3 9480 2878 2200
3 2200 9462 5904
3 9480 2200 5904
3 2200 6262 9462
3 2201 6369 3450
3 2201 8432 6369
3 8942 9139 2202
3 10280 8942 2202
3 10802 2202 9139
3 10280 2202 9724
3 10637 9724 2202
3 10637 2202 10802
3 2204 6242 9056
3 5624 2205 6271
3 5624 10622 2205
3 2205 6196 8682
3 2205 10622 6196
3 3768 2206 2783
3 7367 2206 3415
3 3415 2206 9909
3 9909 2206 3768
3 3115 6232 2207
3 2207 6232 7236
3 2208 3226 4533
3 2208 9129 3226
3 9952 2208 4533
3 9699 2209 2264
3 2209 3413 4392
3 9699 3413 2209
3 2394 2382 2210
3 2210 2382 5763
3 3322 4390 2210
3 3322 2210 5763
3 6081 2210 4390
3 8200 2211 2479
3 2479 2211 9974
3 5082 6966 2211
3 8200 5082 2211
3 6966 6993 2211
3 2211 6993 9974
3 4153 7161 2212
3 4153 2212 7574
3 7574 2212 5352
3 2212 8140 5352
3 6620 2212 7161
3 6620 8140 2212
3 2740 2213 3235
3 7919 2213 2740
3 3235 2213 5222
3 7919 5080 2213
3 2213 5080 10495
3 9007 5222 2213
3 9007 2213 10495
3 5996 2214 5146
3 5146 2214 11138
3 9166 2214 10537
3 9166 11138 2214
3 3868 2218 2215
3 10370 2215 2218
3 3645 3868 2215
3 7814 3645 2215
3 7814 2215 4148
3 4148 2215 10370
3 3056 3647 2216
3 2217 9160 5037
3 7383 9160 2217
3 3868 10613 2218
3 10123 10370 2218
3 2572 2528 2219
3 2219 2528 5760
3 7946 2219 5760
3 2622 2220 2621
3 2621 2220 6440
3 10377 2220 3656
3 10939 6440 2220
3 10939 2220 10377
3 2221 4443 2984
3 6993 2221 2984
3 2221 7623 4443
3 2221 5809 7623
3 2221 10803 5809
3 6993 10803 2221
3 2222 7311 2233
3 2222 2233 9607
3 2222 7957 6617
3 2222 9607 7957
3 8643 5076 2223
3 10972 2223 9972
3 5082 2224 6966
3 9972 2224 5082
3 5876 6966 2224
3 2225 3418 6987
3 7414 3418 2225
3 4348 2225 6987
3 7414 2225 5945
3 10126 2226 4088
3 10126 11050 2226
3 2227 5807 2826
3 4483 3833 2227
3 2227 3833 5491
3 2227 5491 5807
3 2228 4089 7960
3 5849 7780 2229
3 7780 8833 2229
3 11060 2229 8833
3 11060 9457 2229
3 5801 8634 2232
3 7882 2232 8634
3 3833 4483 2234
3 5828 2235 5145
3 2235 7450 5145
3 7448 2235 5828
3 7448 6320 2235
3 2235 6320 7450
3 3572 2237 2236
3 6593 2236 2237
3 3572 2236 5513
3 9218 5513 2236
3 9218 2236 6593
3 3572 10129 2237
3 5136 2237 4076
3 4076 2237 10129
3 5136 6593 2237
3 6336 2837 2238
3 2239 5248 2567
3 2239 2567 6716
3 2239 3718 2568
3 2239 2568 5152
3 2239 6716 3718
3 9022 2239 5152
3 9022 5248 2239
3 7033 2240 4111
3 7472 8228 2240
3 2241 7529 2604
3 3078 7529 2241
3 2242 7283 4404
3 5591 8356 2242
3 2242 7493 7283
3 2242 8356 7493
3 2244 3892 4436
3 2244 7675 3892
3 2244 4436 10104
3 2244 9008 7675
3 2245 3611 7366
3 10089 3611 2245
3 7963 2245 7366
3 3672 2610 2246
3 4000 2246 2610
3 3672 2246 6149
3 7282 2246 4000
3 2246 4576 6149
3 7282 4576 2246
3 4006 3722 2247
3 7107 2247 3722
3 2247 7029 4006
3 2247 6201 5970
3 7029 2247 5970
3 2247 7107 6201
3 3903 2248 3879
3 3879 2248 10088
3 7791 2248 3903
3 7791 8052 2248
3 8052 10266 2248
3 10266 10088 2248
3 9932 2250 4279
3 9920 2250 8886
3 9924 2251 5378
3 9930 5378 2251
3 9550 2251 8614
3 9930 2251 9550
3 2560 7066 2252
3 2560 2252 9634
3 9637 2252 7065
3 10832 7065 2252
3 10832 2252 7066
3 9634 2252 9637
3 2870 2253 9633
3 2870 9712 2253
3 9682 2253 3412
3 3412 2253 9712
3 9682 9633 2253
3 5026 2254 7411
3 5084 7411 2254
3 8761 5084 2254
3 8761 2254 9970
3 8814 2255 6601
3 2255 11216 6601
3 7956 2255 7058
3 8814 7058 2255
3 10830 2255 7956
3 10830 11216 2255
3 10804 6318 2256
3 5718 10132 2257
3 5718 2257 10563
3 7955 2257 8741
3 7955 10563 2257
3 2257 10564 8741
3 10132 10564 2257
3 2258 5288 2561
3 10809 2258 2561
3 2258 4397 9015
3 10809 4397 2258
3 2258 9595 5288
3 2258 9015 9595
3 7827 8757 2259
3 2260 4268 9530
3 8070 2260 7147
3 7147 2260 9530
3 2261 7168 2866
3 2261 2866 7966
3 2262 7966 7650
3 3095 2263 9432
3 2264 2664 9529
3 2264 9529 7656
3 9699 2264 7656
3 2265 2995 4540
3 2265 11129 2995
3 6210 2265 4540
3 6210 7261 2265
3 8747 2265 7261
3 8747 11129 2265
3 9418 7671 2266
3 2266 7671 10151
3 9418 2266 8423
3 10575 2266 10151
3 8098 2267 9499
3 2267 9792 9499
3 10536 9792 2267
3 2268 10151 7671
3 10837 2268 7671
3 10741 10151 2268
3 10741 2268 10155
3 10837 10155 2268
3 3612 6578 2269
3 3612 2269 8237
3 3953 2269 4666
3 3953 8237 2269
3 6578 4998 2269
3 4283 2271 2976
3 4283 9967 2271
3 2273 2272 5570
3 2273 10498 2272
3 2452 2272 10498
3 2974 2273 5570
3 2974 9609 2273
3 2274 5317 10742
3 8758 6659 2274
3 2274 6659 11046
3 9210 8758 2274
3 9210 2274 10742
3 3142 3248 2275
3 3142 2275 5968
3 3248 10838 2275
3 5193 5968 2275
3 5193 2275 8232
3 10530 8232 2275
3 10530 2275 10838
3 2276 4289 2849
3 2276 2849 6154
3 2277 3113 7580
3 2277 10433 3113
3 3537 2277 4289
3 2277 7580 4289
3 2278 10599 4292
3 2278 6144 8745
3 2278 8745 9913
3 2278 9913 10599
3 2279 2280 10491
3 3138 2279 7175
3 2279 8050 7175
3 2279 10491 8050
3 10290 2280 2981
3 9005 2280 10290
3 9005 10491 2280
3 4503 4422 2281
3 2281 4422 11089
3 4503 2281 5925
3 2281 5358 5925
3 7925 5358 2281
3 5982 7925 2281
3 5982 2281 11089
3 8404 2366 2282
3 2366 10290 2282
3 2367 9758 2282
3 2367 2282 9763
3 8404 2282 9758
3 2282 10041 9763
3 2282 10290 10041
3 2283 2308 3407
3 3034 7146 2284
3 8016 3034 2284
3 8016 2284 3927
3 4811 6843 2286
3 4811 2286 9720
3 5531 2286 6843
3 7847 2286 5531
3 9720 2286 7847
3 2850 3478 2287
3 2287 3478 4304
3 6673 3534 2288
3 2289 9250 4895
3 2289 4895 9254
3 8017 9250 2289
3 8017 2289 10591
3 8639 2289 9254
3 8639 10591 2289
3 2290 11139 3453
3 3506 11139 2290
3 5403 10935 2290
3 6512 3060 2291
3 2291 3060 8226
3 6512 2291 8347
3 7691 2291 8226
3 7691 8347 2291
3 2292 2741 10454
3 2292 10855 2741
3 2292 9257 8109
3 2292 8109 10855
3 2292 10209 9257
3 2292 10454 10209
3 2299 2293 3841
3 2294 2741 8791
3 2294 10454 2741
3 2294 6711 10454
3 2294 8791 7893
3 7789 2295 5531
3 9358 5531 2295
3 7789 8406 2295
3 8406 10364 2295
3 9358 2295 10774
3 2295 10364 10774
3 2427 3481 2296
3 2427 2296 6093
3 3118 2296 3481
3 3118 5919 2296
3 3777 2296 5919
3 5571 2297 3958
3 5571 6323 2297
3 6323 6137 2297
3 9772 2298 7223
3 2299 3841 4294
3 7124 2300 3034
3 7126 3034 2300
3 7124 10589 2300
3 7126 2300 10074
3 8996 10074 2300
3 8996 2300 10589
3 8790 2301 3937
3 2301 8813 3937
3 2301 6275 8813
3 2301 10292 6275
3 8790 7779 2301
3 2301 7779 10292
3 8255 3589 2302
3 2302 3589 11225
3 7695 2302 7129
3 7129 2302 11225
3 7695 9892 2302
3 8255 2302 9892
3 2303 3305 3951
3 5314 3305 2303
3 5314 2303 5899
3 9208 2304 8274
3 9208 9522 2304
3 2304 9522 10851
3 2304 10851 10087
3 6933 2914 2305
3 10636 2305 2914
3 6933 2305 7049
3 10636 7585 2305
3 2306 7501 6559
3 6559 8361 2306
3 2306 7409 7195
3 2306 7195 7501
3 9828 4672 2307
3 9830 2307 4672
3 7038 7758 2307
3 9830 7038 2307
3 8766 2307 7758
3 9828 2307 8766
3 3033 3407 2308
3 3038 10203 2309
3 3918 2309 4047
3 3918 7564 2309
3 10203 4047 2309
3 2310 8318 7690
3 2310 7690 8925
3 2310 8925 7692
3 2310 10397 8318
3 7749 4382 2311
3 10633 2311 4382
3 6064 2311 10633
3 7749 2311 11154
3 2312 7323 3713
3 2312 3713 10326
3 2312 4326 7323
3 7855 4326 2312
3 7855 2312 9338
3 4537 2313 7238
3 7965 2313 4537
3 4539 6406 2313
3 7965 4539 2313
3 7238 2313 6406
3 2314 5942 2666
3 2314 2666 8044
3 5786 2314 6195
3 5786 7098 2314
3 7098 5942 2314
3 2314 8044 6195
3 4904 2315 3009
3 2315 5304 3009
3 4904 11244 2315
3 2315 9887 5304
3 2315 11244 9887
3 2316 2590 3592
3 4881 2590 2316
3 6141 2316 3592
3 4881 2316 8041
3 8041 2316 6141
3 2317 3510 2318
3 9604 2317 2318
3 2937 3510 2317
3 2937 2317 6500
3 6500 2317 4465
3 4465 2317 9604
3 6055 2318 3510
3 3065 6283 2319
3 6283 8352 2319
3 8352 7730 2319
3 7299 2320 2408
3 9888 2408 2320
3 10240 2320 4139
3 9888 2320 8264
3 10240 8264 2320
3 2321 7893 2342
3 9080 2321 2342
3 6537 3774 2321
3 6537 2321 9080
3 6821 5748 2322
3 2322 5748 6944
3 7208 2322 6944
3 2323 8075 4870
3 5342 7933 2323
3 5342 2323 9890
3 2323 7933 8075
3 5412 5545 2324
3 5412 2324 8492
3 10438 2324 5545
3 5658 2324 10438
3 5658 10583 2324
3 10583 8492 2324
3 2325 5410 5038
3 2325 5427 5410
3 2325 9144 5427
3 8111 9144 2325
3 2326 4456 2328
3 2326 2328 6492
3 2326 7325 4456
3 2326 6492 9368
3 2474 2327 3925
3 2474 10060 2327
3 7563 2327 5880
3 2327 10060 5880
3 4456 8183 2328
3 6492 2328 5829
3 11064 5829 2328
3 11064 2328 8183
3 5678 3495 2329
3 2329 3495 6439
3 4341 6178 2329
3 4341 2329 6439
3 5678 2329 5713
3 6178 5713 2329
3 5170 2330 4130
3 2331 2346 5466
3 10635 2346 2331
3 2331 5466 3943
3 2331 3943 7673
3 10635 2331 7673
3 3022 2332 5954
3 5948 2332 3137
3 2332 10984 3137
3 5954 2332 5948
3 2333 2358 9423
3 2333 9474 2358
3 2333 9444 9474
3 7296 8535 2334
3 7296 2334 10529
3 9214 10529 2334
3 2335 7317 4528
3 4528 7358 2335
3 2335 6075 5669
3 7317 2335 5669
3 2335 6897 6075
3 6897 2335 7358
3 4286 2336 8466
3 4286 8767 2336
3 2336 8767 7341
3 2336 7341 10482
3 2336 9323 8466
3 2336 10482 9323
3 4913 2337 2351
3 9556 2351 2337
3 4913 11028 2337
3 9556 2337 6342
3 10435 6342 2337
3 10435 2337 11028
3 2338 3282 7274
3 2338 7274 8593
3 3591 2339 2360
3 2360 2339 9390
3 9696 2339 3591
3 2339 10259 9390
3 9696 10808 2339
3 2339 10808 10259
3 2340 8491 4650
3 10381 2340 4650
3 7704 2340 10381
3 2340 10755 8491
3 8511 10755 2340
3 3786 4430 2341
3 2341 4430 9832
3 6166 2341 4960
3 2341 9832 4960
3 5281 2342 5280
3 5280 2342 8791
3 5281 9080 2342
3 2342 7893 8791
3 2345 2343 5520
3 2343 5223 7933
3 9096 5223 2343
3 2343 7933 5520
3 2344 4015 5780
3 2344 5780 6193
3 6078 4977 2345
3 2345 5520 10617
3 6078 2345 10153
3 2345 10617 10153
3 4024 5466 2346
3 4024 2346 9847
3 4032 9847 2346
3 4032 2346 10635
3 4459 3051 2347
3 4459 2347 3152
3 8144 3152 2347
3 8144 2347 3801
3 4630 7997 2348
3 7278 2348 7997
3 9572 2349 6915
3 8561 2349 9572
3 3591 2360 2350
3 8178 2350 2360
3 4904 3009 2350
3 10831 2350 3009
3 10831 3591 2350
3 4904 2350 8178
3 4913 2351 7458
3 7458 2351 10666
3 5131 2352 5127
3 8013 5127 2352
3 5131 10054 2352
3 9358 2353 3617
3 3617 2353 10692
3 7994 4644 2353
3 10692 2353 4644
3 7994 2353 10774
3 9358 10774 2353
3 3186 2354 8848
3 5307 2354 4186
3 5307 8064 2354
3 8064 8848 2354
3 8559 2355 5848
3 2355 9869 5848
3 8559 9872 2355
3 2355 9872 9871
3 8842 8013 2356
3 2356 8064 8568
3 8842 2356 8568
3 2357 10267 3399
3 2357 3399 10401
3 2357 6145 10273
3 2357 10401 6145
3 2357 8765 10267
3 2357 10273 8765
3 4334 9423 2358
3 9576 4334 2358
3 2359 4747 6720
3 9139 5253 2359
3 2359 5253 11222
3 9139 2359 6720
3 8178 2360 9390
3 6756 2361 3543
3 2361 9769 3543
3 5315 2361 8213
3 5315 9769 2361
3 6756 8382 2361
3 2361 8382 8213
3 7913 2362 2364
3 10045 2364 2362
3 7913 4183 2362
3 4183 10571 2362
3 10045 2362 5318
3 2362 10571 5318
3 2363 8555 2970
3 2363 2971 9321
3 7913 2364 8095
3 8095 2364 8202
3 10282 8202 2364
3 10045 10282 2364
3 3053 2365 8556
3 2365 3509 3799
3 2365 3799 9705
3 2365 9705 8556
3 4246 5327 2366
3 8404 4246 2366
3 2366 5327 9005
3 2366 9005 10290
3 8156 2367 9763
3 10184 2367 8156
3 8204 9758 2367
3 10184 8204 2367
3 2368 4550 10393
3 2368 6269 6704
3 2368 10393 6269
3 2368 6704 9357
3 9420 2369 3385
3 9982 3385 2369
3 9982 2369 9624
3 10688 2370 4462
3 10723 4925 2370
3 2434 2433 2371
3 5761 2371 2433
3 7346 2434 2371
3 2436 2371 5277
3 7346 2371 2436
3 5761 5277 2371
3 10285 2372 6757
3 2372 10286 6757
3 8156 9763 2372
3 9846 8156 2372
3 2372 9763 10286
3 9846 2372 10284
3 2372 10285 10284
3 3052 2373 2376
3 3516 2376 2373
3 3313 2374 6557
3 2374 5625 4012
3 2374 4012 6406
3 2374 6406 6557
3 3052 2376 7809
3 3516 9867 2376
3 8914 2377 2825
3 2825 2377 10443
3 3200 10443 2377
3 3305 2378 3951
3 3305 8273 2378
3 2378 3499 7743
3 2378 7743 3951
3 2380 2379 7836
3 5501 2379 5430
3 5501 7230 2379
3 7230 7836 2379
3 6114 2380 4165
3 3399 2381 7169
3 3399 10267 2381
3 8565 2381 5887
3 10267 5887 2381
3 8504 7169 2381
3 8565 8504 2381
3 2394 6536 2382
3 2382 3972 5766
3 6536 3972 2382
3 2382 5766 5763
3 3035 2383 7209
3 6541 2383 5594
3 6541 7209 2383
3 4316 2384 3492
3 2384 8376 3492
3 4003 2384 5140
3 2384 4003 8376
3 2384 4316 5519
3 5519 5140 2384
3 2385 2736 4458
3 2385 5984 2736
3 7808 2386 2992
3 2386 3520 4398
3 7808 3520 2386
3 4395 2900 2387
3 7832 2387 2900
3 4395 2387 3502
3 3502 2387 9130
3 7832 7723 2387
3 2387 7723 9130
3 7178 2388 9072
3 9072 2388 8053
3 2389 6986 9010
3 2389 9128 6986
3 9260 2389 8935
3 2389 10609 8935
3 2389 9010 10609
3 9260 9128 2389
3 7648 3548 2390
3 7648 2390 5083
3 2391 2663 3569
3 2663 2391 6162
3 2938 2392 6742
3 2938 8289 2392
3 2958 7771 2392
3 8289 2958 2392
3 3525 6742 2392
3 3525 2392 7771
3 5972 2393 7551
3 2394 5862 5861
3 2394 5861 6536
3 5066 2887 2395
3 5066 2395 10542
3 9264 10158 2395
3 2395 10158 10542
3 2396 9938 8906
3 2397 2399 6256
3 2397 6256 5064
3 2398 3128 3523
3 2398 6256 3128
3 2398 3523 3940
3 2398 3940 6433
3 2398 5064 6256
3 2398 6433 5064
3 2951 2399 2406
3 2399 5448 2406
3 2951 6256 2399
3 8554 7732 2400
3 8700 2400 7884
3 7884 2400 10869
3 8554 2400 9950
3 8700 9950 2400
3 2401 5762 5976
3 2401 6835 5762
3 2401 5976 9660
3 2401 7835 6835
3 2401 8438 7835
3 2401 9660 8438
3 2405 2402 7031
3 2402 9558 6392
3 2402 7207 7031
3 9855 2403 3343
3 2403 10242 3343
3 8640 5034 2404
3 5034 10921 2404
3 7190 2404 5775
3 5775 2404 10921
3 8640 2404 10305
3 2405 7031 6744
3 10656 2405 6744
3 10656 7615 2405
3 2951 2406 3789
3 4406 3789 2406
3 5693 5550 2407
3 8103 2407 5550
3 10390 7299 2408
3 2410 6087 2566
3 2410 2566 6171
3 2410 2786 6087
3 2410 9848 2786
3 2410 6171 8416
3 2410 8416 9848
3 2411 3166 4272
3 2411 11065 3166
3 10449 2968 2412
3 9841 5454 2413
3 9121 2413 9836
3 4645 2414 3310
3 6194 3310 2414
3 4645 4611 2414
3 4611 11120 2414
3 6194 2414 8557
3 8557 2414 11120
3 2415 2438 7863
3 5170 4130 2415
3 5170 2415 7863
3 8107 2416 5737
3 9200 2699 2417
3 5340 7200 2417
3 7348 2417 7200
3 9200 2417 7348
3 4345 2418 7622
3 7930 2418 4345
3 11183 7622 2418
3 9493 2418 7930
3 9493 8206 2418
3 8206 11183 2418
3 2419 10570 3311
3 2419 3312 10570
3 2420 7478 6124
3 2420 6124 10334
3 2420 8852 7478
3 2420 11214 8852
3 2420 10334 9722
3 2420 9722 11214
3 2421 3075 2608
3 2421 2608 4741
3 2421 11029 3075
3 2421 4741 3508
3 2421 3508 6339
3 2421 6339 11029
3 2422 8008 5309
3 2422 5309 8533
3 5440 2422 8533
3 5440 10345 2422
3 9298 8008 2422
3 9298 2422 10345
3 4421 7530 2423
3 4421 2423 10887
3 5436 7224 2423
3 5436 2423 9740
3 7224 10887 2423
3 9740 2423 7530
3 2424 8348 2899
3 2424 2899 10283
3 2424 5122 8348
3 2424 10283 5744
3 2425 7215 3342
3 2425 9344 7215
3 2426 3419 4162
3 7597 3419 2426
3 3983 2427 3392
3 2427 6881 3392
3 3983 3481 2427
3 2427 6093 6881
3 5758 2428 3148
3 7217 3148 2428
3 5758 5743 2428
3 6867 7217 2428
3 10336 2429 2443
3 11170 7470 2429
3 9108 2429 10335
3 9108 11170 2429
3 10335 2429 10336
3 3546 5711 2430
3 5757 3546 2430
3 5757 2430 9236
3 3970 2432 2431
3 9636 2431 2432
3 3970 2431 9660
3 6437 6391 2431
3 6391 8438 2431
3 6437 2431 9636
3 9660 2431 8438
3 6528 2433 2434
3 4899 5761 2433
3 10737 4899 2433
3 5982 2433 6528
3 5982 10737 2433
3 6528 2434 3820
3 8867 7346 2436
3 2437 4955 9079
3 2437 9824 4955
3 2437 9079 7817
3 11233 10404 2438
3 2439 4194 3864
3 2439 9093 4194
3 9809 2439 7822
3 9809 9093 2439
3 2440 4449 2441
3 2440 2441 6412
3 2440 11124 4449
3 2440 6412 7820
3 2440 10630 11124
3 4449 3276 2441
3 2441 3276 10339
3 6412 2441 8180
3 2441 10339 8180
3 2442 3475 4497
3 2442 7191 3475
3 2442 4497 8863
3 2442 10709 7191
3 2442 8863 10709
3 8304 2443 7016
3 8304 7125 2443
3 10336 2443 7125
3 2444 2827 4119
3 2444 4119 8097
3 8093 2444 8097
3 8093 8655 2444
3 6033 6518 2445
3 2446 5376 2579
3 2446 2579 9661
3 5842 4945 2446
3 4945 6161 2446
3 2446 6161 5376
3 5842 2446 5471
3 5471 2446 9661
3 2447 3923 8977
3 7253 2447 4110
3 8977 4110 2447
3 2448 8501 7931
3 2449 2903 8169
3 2449 9498 5088
3 2449 8169 9498
3 2450 3342 7215
3 2450 7315 3342
3 2451 6766 7242
3 2451 7242 8524
3 2451 8524 10894
3 2451 10894 9791
3 4733 2452 6366
3 6366 2452 10498
3 2453 6776 2815
3 8505 2453 2815
3 2453 10183 6776
3 2453 9768 10183
3 7296 2454 8535
3 10043 2454 7296
3 2454 8481 8535
3 10596 8481 2454
3 9757 2455 3576
3 10629 3576 2455
3 9757 4939 2455
3 10787 2455 4939
3 4532 4531 2456
3 7445 2456 4531
3 4532 2456 6497
3 6462 6497 2456
3 8147 6462 2456
3 7445 8147 2456
3 2457 4174 3357
3 2457 9031 4174
3 2457 5742 9031
3 2458 3249 9467
3 2458 7679 7715
3 2458 9467 7679
3 7788 2459 4064
3 11071 4287 2459
3 7447 2459 7788
3 11071 2459 7447
3 2538 2460 5740
3 2538 5747 2460
3 2460 5747 4900
3 2460 7477 5740
3 2461 3043 3259
3 5928 3043 2461
3 5928 2461 5384
3 5384 2461 6684
3 3158 2462 6275
3 2462 8813 6275
3 2462 7503 10248
3 2462 10248 8813
3 6829 2463 9346
3 2463 7258 9346
3 9564 7258 2463
3 9982 2464 3385
3 2464 11229 3385
3 9005 5327 2464
3 2464 5327 11229
3 2464 10491 9005
3 10491 2464 9982
3 3686 5409 2465
3 10566 2465 5409
3 8911 10344 2465
3 8911 2465 10566
3 2591 2466 9608
3 2591 9837 2466
3 6687 4771 2466
3 9608 2466 4771
3 6687 2466 10179
3 9837 10179 2466
3 2467 3852 4343
3 2467 4982 3852
3 2467 4343 9559
3 8379 4982 2467
3 8379 2467 10120
3 10120 2467 9559
3 10539 4457 2468
3 4910 7601 2468
3 2468 7601 5588
3 8551 2468 5588
3 10539 2468 8551
3 2469 7795 6136
3 2469 6136 9639
3 2469 9749 7795
3 2469 9639 9041
3 2469 9041 10905
3 2469 10223 9749
3 2469 10905 10223
3 2470 3879 10088
3 5085 2470 10147
3 2470 10088 10147
3 10312 3210 2471
3 2473 6606 5699
3 2473 5699 6870
3 2473 6870 7032
3 2474 3925 6747
3 2474 9246 3936
3 2474 3936 10060
3 2474 6747 9246
3 2475 10169 4553
3 2475 5857 7784
3 2475 7784 10169
3 4467 7601 2476
3 8091 2476 8177
3 4480 4461 2477
3 11155 2477 4461
3 4480 2477 6830
3 9605 2477 11155
3 8269 2478 8099
3 11204 8099 2478
3 2479 4236 9483
3 2479 9974 4236
3 4035 2480 4936
3 7951 4936 2480
3 10229 7951 2480
3 10229 2480 10010
3 7011 2481 3276
3 2481 10339 3276
3 2481 5269 10339
3 7011 6396 2481
3 3923 2482 6689
3 2482 3923 7286
3 2482 7286 8256
3 8368 2482 8256
3 5429 6801 2483
3 5429 2483 10762
3 6126 2483 9065
3 6126 10762 2483
3 2483 6801 9065
3 6488 2484 5023
3 5943 2484 8456
3 8456 2484 6488
3 2969 6250 2485
3 9802 2485 6250
3 7097 2485 7194
3 9802 7194 2485
3 2486 2517 6780
3 10351 2517 2486
3 8465 4492 2486
3 2486 4492 10211
3 8465 2486 6780
3 10351 2486 10211
3 3596 2487 5405
3 5405 2487 10032
3 2487 7830 10032
3 5234 2488 4757
3 7041 4757 2488
3 4763 2488 5234
3 8574 2488 4763
3 8656 7041 2488
3 8574 8656 2488
3 3198 7324 2489
3 3198 2489 8474
3 4499 7440 2489
3 2489 7440 8474
3 2490 4205 8666
3 2490 10357 4205
3 2490 8666 5955
3 2490 7379 10357
3 5856 7155 2491
3 2919 2492 2917
3 2917 2492 7349
3 10468 2492 2919
3 5722 2492 6010
3 5722 7349 2492
3 10468 6010 2492
3 9700 2494 2493
3 2495 3206 5547
3 2495 10470 3206
3 2495 3741 3567
3 2495 3567 10470
3 2495 5721 3741
3 2495 5547 5721
3 2498 6785 2496
3 2498 2496 11172
3 5108 2496 6785
3 9700 11172 2496
3 7550 2497 2925
3 4508 7143 2498
3 4508 2498 11172
3 2498 7143 6785
3 5238 5239 2499
3 5238 2499 10212
3 8009 2499 5239
3 7429 2499 8009
3 7429 10778 2499
3 2499 10778 10212
3 2922 3566 2500
3 2922 2500 3577
3 3566 4414 2500
3 3583 2501 7427
3 7229 2503 2529
3 2503 5694 4511
3 5839 2504 5528
3 3466 3463 2505
3 3463 4031 2505
3 3466 2505 6340
3 9679 2505 4031
3 2506 8362 3303
3 2506 4011 4120
3 8323 4011 2506
3 2506 4120 8362
3 5373 4107 2507
3 2507 4107 7263
3 5373 2507 10321
3 7137 2507 7689
3 7137 10321 2507
3 2507 7263 11224
3 2507 11224 7689
3 2656 2508 6019
3 2656 6463 2508
3 3896 4113 2508
3 3896 2508 6463
3 6016 2508 4113
3 6016 6019 2508
3 5331 2509 5750
3 5331 8087 2509
3 6005 5750 2509
3 2510 5111 6831
3 2510 6831 6397
3 2510 6397 10206
3 2511 8060 11036
3 3388 4699 2512
3 3388 2512 10127
3 3895 10535 2512
3 10535 10127 2512
3 2513 7328 3202
3 4519 2514 3363
3 3363 2514 6008
3 4519 5705 2514
3 5705 9034 2514
3 6014 6008 2514
3 6014 2514 9034
3 7968 2515 5863
3 7968 6012 2515
3 2516 3202 3567
3 6782 2517 4496
3 10351 4496 2517
3 6782 6014 2517
3 6014 9034 2517
3 9034 6780 2517
3 4412 2518 5006
3 2518 4525 9692
3 7438 2519 3367
3 2519 9690 3367
3 6006 4527 2519
3 2519 4527 9690
3 8148 6006 2519
3 8148 2519 7438
3 6769 2520 4804
3 7101 4804 2520
3 7234 2520 6769
3 7101 2520 7045
3 7045 2520 7443
3 7234 7443 2520
3 2521 5212 3791
3 9044 2521 3791
3 2521 7976 5212
3 5525 7976 2521
3 9393 5525 2521
3 9393 2521 9044
3 2522 3571 5495
3 2522 4629 4885
3 4539 2894 2523
3 8344 2523 2894
3 6557 2523 4013
3 8344 4013 2523
3 4539 2523 6406
3 6557 6406 2523
3 10207 2525 7463
3 10177 2525 10207
3 6786 2526 3352
3 4800 5694 2527
3 2572 5620 2528
3 5620 8159 2528
3 2528 8573 5760
3 8159 8573 2528
3 4548 2935 2530
3 6802 2530 3173
3 4812 2531 4793
3 4812 5416 2531
3 2531 5416 6034
3 8874 2532 4469
3 11159 4469 2532
3 11159 2532 8562
3 4853 6750 2533
3 4853 2533 9187
3 5857 4169 2534
3 5799 2534 5510
3 5799 8464 2534
3 8464 5857 2534
3 2535 2793 2556
3 6833 2535 2556
3 2535 5112 2793
3 6833 7906 2535
3 10169 2536 4553
3 10917 4553 2536
3 6789 10917 2536
3 5799 7322 2537
3 5799 2537 8464
3 9055 2537 7322
3 2537 7784 8464
3 2538 5740 10204
3 2539 10918 6841
3 2540 7002 8205
3 3558 2541 8493
3 3558 9465 2541
3 2541 9465 5729
3 2541 5729 9746
3 2541 9715 8493
3 2541 9746 9715
3 2542 4399 5747
3 2542 6841 4399
3 6396 6838 2542
3 6838 6841 2542
3 8113 9790 2543
3 2543 9790 10410
3 4552 4559 2544
3 4623 5751 2545
3 9810 4623 2545
3 4682 9810 2545
3 4682 2545 10238
3 7086 2545 5751
3 7086 10238 2545
3 2546 11016 3164
3 4959 6755 2546
3 4959 2546 8517
3 6755 11016 2546
3 2547 3693 10562
3 2547 10997 3693
3 9096 2547 7936
3 2547 10562 7936
3 9096 10997 2547
3 5402 2548 3116
3 10636 3116 2548
3 4465 6246 2548
3 6500 4465 2548
3 5402 6500 2548
3 10636 2548 6246
3 3037 3083 2549
3 3037 2549 3389
3 2549 3083 7117
3 2549 9558 3389
3 6464 2550 2881
3 6817 2881 2550
3 2550 4878 6376
3 6464 4878 2550
3 6816 5143 2550
3 6817 2550 5143
3 6816 2550 6376
3 9730 2551 3721
3 9730 11033 2551
3 10655 2551 10687
3 10687 2551 11033
3 6821 2552 5748
3 9645 5748 2552
3 9651 2552 8089
3 9645 2552 9651
3 4319 2553 4159
3 4319 8457 2553
3 2553 8457 8910
3 2553 8910 11034
3 7807 2554 8363
3 8059 2554 8931
3 8059 9800 2554
3 2554 9800 8363
3 5259 9640 2555
3 9751 5259 2555
3 7782 2555 9641
3 9751 2555 7782
3 9641 2555 9640
3 2556 2793 4157
3 2556 4860 3996
3 6833 2556 3996
3 2556 4157 4860
3 3219 2557 7916
3 4440 10178 2557
3 9735 7916 2557
3 9735 2557 10178
3 2558 3283 6222
3 2558 8749 3283
3 10145 8749 2558
3 10145 2558 8838
3 4060 8578 2559
3 4060 2559 10845
3 5500 5207 2559
3 5207 6261 2559
3 5500 2559 8578
3 5475 3412 2560
3 2560 3412 5544
3 5475 2560 9634
3 2560 5544 7066
3 5288 10134 2561
3 7605 2561 10134
3 10809 2561 7605
3 2562 9063 4261
3 2562 4261 10622
3 2562 5794 4426
3 2562 4426 9063
3 5624 5794 2562
3 5624 2562 10622
3 3123 3600 2563
3 3123 2563 6188
3 10923 2563 3600
3 6188 2563 6701
3 11015 6701 2563
3 10923 11015 2563
3 11140 2564 6842
3 2564 10930 9004
3 10757 10930 2564
3 10757 2564 11140
3 4057 2565 4899
3 4057 6570 2565
3 6171 2566 11065
3 9494 2567 5248
3 9494 10728 2567
3 3511 5152 2568
3 3511 2568 7745
3 3718 11027 2568
3 11152 7745 2568
3 11152 2568 11027
3 6827 5160 2569
3 5160 7071 2569
3 6827 2569 5533
3 5533 2569 7070
3 2569 6846 7070
3 2569 7071 6846
3 2570 5209 3644
3 2570 3644 8709
3 8913 5209 2570
3 7141 6931 2570
3 8913 2570 6931
3 2571 3089 9351
3 11136 3089 2571
3 4787 2571 8410
3 4787 10993 2571
3 8410 2571 9351
3 11136 2571 10993
3 2572 8440 5620
3 2572 10198 8440
3 6037 2573 4695
3 2573 8993 4695
3 6037 8316 2573
3 6071 2573 8316
3 6071 8993 2573
3 5921 2574 6478
3 5921 7264 2574
3 10421 2574 7264
3 10421 9984 2574
3 2575 3900 2649
3 2575 2649 6624
3 2575 7301 3900
3 2575 6624 10503
3 11142 3254 2576
3 2576 4196 3636
3 11142 2576 3636
3 2577 6044 3447
3 4086 4762 2577
3 4762 6044 2577
3 2578 8563 3659
3 2578 4018 8183
3 2578 8183 4464
3 2578 4464 8563
3 2579 6441 3769
3 2579 3769 9661
3 8162 2579 5376
3 8162 6441 2579
3 2719 2580 6862
3 6532 2580 2745
3 6532 9491 2580
3 5218 2581 5219
3 5218 10820 2581
3 5219 2581 9396
3 2581 8772 9396
3 2581 10076 8772
3 2581 10820 10076
3 4768 4303 2582
3 4303 5408 2582
3 5658 4768 2582
3 5658 2582 9571
3 8114 2686 2583
3 2583 2686 10115
3 2583 10115 4781
3 2584 4278 2620
3 5590 2584 2620
3 2629 3464 2584
3 4097 2629 2584
3 3464 4278 2584
3 4097 2584 5590
3 6563 2585 9475
3 8082 2585 7351
3 10665 7351 2585
3 9475 2585 8082
3 9898 3073 2586
3 2586 3073 10938
3 2586 9404 7369
3 2586 10938 9404
3 9098 2587 5105
3 9098 6408 2587
3 4213 5117 2588
3 2588 5117 9433
3 7635 5198 2588
3 7635 2588 9433
3 2589 3350 2679
3 2589 3239 3350
3 4881 2753 2590
3 2591 8567 9808
3 2591 9808 9837
3 4234 2592 4675
3 2593 4121 3241
3 2593 3241 8948
3 2593 5178 6371
3 2593 8948 5178
3 2594 3609 3696
3 6959 2594 3696
3 6959 8739 2594
3 7005 2594 8739
3 2595 9228 2676
3 2595 2676 9756
3 7917 4890 2595
3 7917 2595 9756
3 4346 2596 3484
3 3144 6892 2597
3 6172 2598 10602
3 10602 2598 7753
3 2599 5415 7333
3 10138 5415 2599
3 10602 2599 7333
3 10602 7753 2599
3 2600 5016 9903
3 9167 6095 2600
3 2845 2861 2601
3 2845 2601 2964
3 7421 2601 2861
3 2602 4095 4019
3 2602 4019 5508
3 2602 10889 4095
3 7078 2602 5508
3 7078 6407 2602
3 2602 6407 10889
3 2603 5260 6206
3 7529 3338 2604
3 10407 2604 3338
3 2605 4699 3388
3 2605 3388 9433
3 3508 2605 5117
3 2605 9433 5117
3 4175 3214 2606
3 4175 2606 5321
3 6248 2606 4176
3 6248 5321 2606
3 5422 4581 2607
3 3717 4853 2609
3 9751 3717 2609
3 4853 4305 2609
3 4305 7556 2609
3 3672 2890 2610
3 7856 2610 2890
3 4000 2610 7856
3 3458 5202 2611
3 3458 2611 9961
3 5202 9516 2611
3 2611 9516 6435
3 2612 3613 7720
3 8375 3613 2612
3 3673 2613 4716
3 3673 7746 2613
3 4208 2613 7746
3 2613 7752 4716
3 3225 2614 2946
3 2614 9954 2946
3 5129 2614 3225
3 7343 9954 2614
3 2615 3754 5700
3 8230 3754 2615
3 4002 2615 5700
3 4293 9386 2616
3 2616 9386 9913
3 2617 3132 9746
3 3780 2617 6018
3 2617 9421 6018
3 2617 9746 9421
3 2618 4728 4285
3 2618 6304 4728
3 6125 6304 2618
3 7879 2619 7068
3 10940 7068 2619
3 10685 2619 7879
3 10232 11027 2619
3 10940 2619 11027
3 2620 4278 3104
3 5567 2620 3104
3 5567 6049 2620
3 5590 2620 6049
3 2622 2621 3489
3 2621 10911 3489
3 2621 6440 4726
3 2621 4726 10911
3 2622 3489 9235
3 2622 9235 7495
3 4096 2623 8434
3 9437 8434 2623
3 2624 3191 9336
3 2624 9336 4227
3 2624 4227 10871
3 2624 10871 4855
3 3177 2625 7627
3 10578 2625 3177
3 2626 8062 9470
3 2627 3276 4449
3 7011 3276 2627
3 2627 4449 4441
3 2627 4441 10718
3 7011 2627 6395
3 2627 10718 6395
3 7934 2628 4871
3 10784 2628 7934
3 10784 9790 2628
3 2766 2629 3273
3 2766 9495 2629
3 4097 3273 2629
3 2629 9495 3464
3 2630 6443 6660
3 7353 8957 2630
3 8957 5559 2631
3 2632 5713 4982
3 2632 4982 8379
3 2632 5678 5713
3 5953 5678 2632
3 5953 2632 6251
3 6251 2632 8379
3 4865 2633 3632
3 9490 2633 4865
3 9490 6129 2633
3 4005 2634 3468
3 7219 3468 2634
3 2634 7643 6367
3 3780 3155 2635
3 4958 2635 3155
3 3780 2635 10274
3 2635 8500 4265
3 2635 4265 10274
3 9085 5971 2636
3 6654 9085 2636
3 3530 2637 4444
3 3530 5068 2637
3 4824 2637 5068
3 7480 2637 4824
3 7091 2639 2638
3 2638 2639 8105
3 7091 7335 2639
3 7335 8102 2639
3 3260 3261 2640
3 3637 3260 2640
3 6682 2640 3261
3 3637 2640 4758
3 4758 2640 7678
3 6682 9912 2640
3 2640 9912 7678
3 2641 5816 8460
3 2641 10131 5816
3 2641 8460 8412
3 2641 8412 9256
3 2641 9256 10131
3 3485 2987 2642
3 3485 2642 5235
3 8353 2643 8687
3 8353 9587 2643
3 8687 2643 9233
3 9233 2643 9456
3 8843 2949 2644
3 5796 2644 7068
3 5796 8843 2644
3 7879 7068 2644
3 2645 3023 3325
3 9362 3023 2645
3 3642 2645 3325
3 3642 7876 2645
3 9362 2645 7876
3 5893 2646 8668
3 9778 2646 5893
3 4704 2647 9429
3 10945 2647 4704
3 6067 9429 2647
3 6067 2647 10937
3 10937 2647 10683
3 10945 10683 2647
3 2648 8585 6212
3 2648 6212 9544
3 2648 8494 8585
3 2648 8899 8494
3 8592 8899 2648
3 9544 8592 2648
3 4745 3640 2649
3 4745 2649 3900
3 8868 10110 2650
3 2651 5305 2840
3 2651 2840 5650
3 2651 5650 4196
3 3401 2652 10537
3 4588 10537 2652
3 9275 2653 4402
3 4402 2653 10586
3 9275 11033 2653
3 9730 9652 2653
3 9652 10586 2653
3 9730 2653 11033
3 10722 5704 2654
3 7486 10722 2654
3 6029 2655 3977
3 2655 8940 3977
3 5915 2655 5745
3 7610 5745 2655
3 5915 8940 2655
3 7610 2655 6029
3 2656 5141 5472
3 2656 6019 5141
3 2656 5472 10776
3 2656 10776 6463
3 7586 5053 2657
3 9341 2657 5053
3 5949 5946 2657
3 5946 7586 2657
3 5949 2657 7198
3 9341 7198 2657
3 2658 4155 3242
3 2658 3242 9398
3 2658 3903 10130
3 2658 10976 3903
3 2658 7064 4155
3 2658 10130 7064
3 2658 9398 10976
3 3368 5522 2659
3 5522 4077 2659
3 2659 4077 6333
3 2659 6333 8236
3 2891 5894 2660
3 2891 2660 11094
3 5894 6333 2660
3 11094 2660 9517
3 3283 2661 6222
3 8672 2661 3283
3 6248 2661 5321
3 5321 2661 8343
3 6248 6222 2661
3 8672 8343 2661
3 6338 2662 4217
3 7336 4217 2662
3 6338 9863 2662
3 7178 7336 2662
3 7178 2662 7683
3 7683 2662 9863
3 5870 6505 2664
3 6505 11236 2664
3 9529 2664 11236
3 3262 2665 4797
3 4797 2665 4769
3 3408 2666 3730
3 3408 8044 2666
3 3730 2666 11063
3 5942 11063 2666
3 7726 9205 2667
3 10388 7726 2667
3 2667 9209 9089
3 10388 2667 9089
3 2667 9205 10618
3 2667 10618 9209
3 5394 2668 4082
3 7302 4082 2668
3 7302 2668 11201
3 3655 7717 2669
3 3655 2669 10383
3 2670 4093 9284
3 2670 9452 4093
3 11020 2670 9284
3 11020 9843 2670
3 7056 7195 2671
3 7409 2671 7195
3 10319 2671 7409
3 2672 4730 5279
3 2672 5279 8809
3 2672 10247 7135
3 2672 8809 10247
3 2872 2673 8109
3 2872 9524 2673
3 5985 2673 5237
3 2673 7794 5237
3 8109 2673 5985
3 2673 9524 7794
3 2674 7701 3621
3 2674 3621 10683
3 2674 10597 7701
3 2674 10945 10597
3 2674 10683 10945
3 10933 2675 5062
3 2675 5445 5526
3 2676 7159 11167
3 2676 11167 9756
3 2677 3465 4403
3 2677 4403 6923
3 2677 6923 5476
3 2677 5476 9356
3 2959 7877 2678
3 2959 2678 9042
3 9042 2678 9117
3 2679 10107 2995
3 2679 2995 11129
3 2679 3350 10107
3 2681 3931 4776
3 2681 4776 4775
3 2681 4775 6165
3 2681 6165 7211
3 4772 2682 3650
3 2682 6924 3650
3 4772 8140 2682
3 2682 6454 6924
3 2682 8140 6454
3 11170 2683 3213
3 9108 2683 11170
3 3408 7076 2684
3 3408 2684 8044
3 10660 2684 3499
3 7076 7812 2684
3 10660 8044 2684
3 3262 4797 2685
3 3262 2685 5649
3 3646 3654 2685
3 3646 2685 6153
3 3654 5649 2685
3 2685 4797 6153
3 7740 10115 2686
3 2687 2688 4773
3 2687 4776 2688
3 2687 4773 6739
3 6739 6692 2687
3 2688 4776 3931
3 2688 8354 4773
3 2689 8236 5894
3 2689 8300 10560
3 4785 2690 2997
3 2997 2690 9512
3 9512 2690 6157
3 9719 6157 2690
3 2691 3027 4658
3 3027 2691 10261
3 2691 4658 3188
3 2691 4732 10261
3 2692 4729 4103
3 2692 4103 6049
3 2692 6907 4729
3 2692 6049 5567
3 2692 5567 6907
3 2694 4311 8841
3 2694 10584 4311
3 2694 5645 8512
3 2694 8841 5645
3 2694 8512 10584
3 2695 3267 5078
3 2695 6922 3267
3 6167 2696 6590
3 8141 6590 2696
3 2708 5333 2697
3 2708 2697 7901
3 5333 6208 2697
3 7492 2697 6208
3 6575 2698 5602
3 10914 5602 2698
3 10406 2698 6575
3 10406 11238 2698
3 11238 10914 2698
3 2699 5644 2939
3 2699 2939 8396
3 9200 5644 2699
3 2700 3952 5400
3 2700 4316 9861
3 2701 3665 3503
3 2701 3503 6134
3 3631 3665 2701
3 7091 3631 2701
3 5601 2702 3827
3 4305 2703 2799
3 11208 2799 2703
3 9187 2703 4305
3 11208 2703 6927
3 3048 2704 10964
3 2704 9454 10964
3 5326 6595 2705
3 5513 2705 7961
3 6595 7961 2705
3 6215 3079 2706
3 7408 6215 2706
3 7408 2706 8066
3 8066 2706 8067
3 2707 4835 3007
3 5262 4835 2707
3 5262 2707 6354
3 2709 5652 9163
3 6995 2709 9101
3 9598 2709 6995
3 9101 2709 9163
3 2711 6883 5752
3 6939 2711 5752
3 2711 6882 6098
3 6098 6883 2711
3 6882 2711 10934
3 6939 10934 2711
3 7697 2713 7626
3 9685 2714 5011
3 5892 2715 3122
3 2715 11096 3122
3 5892 7240 2715
3 7321 2715 7240
3 7321 11096 2715
3 10815 5700 2716
3 7880 2716 9706
3 2717 2817 4199
3 2717 8532 2817
3 2717 3772 8532
3 2717 9079 3772
3 2718 5115 9043
3 10149 5115 2718
3 6511 2718 7428
3 6511 10149 2718
3 2718 11100 7428
3 2718 9043 11100
3 2719 3885 5608
3 2801 4866 2720
3 2720 3679 5540
3 2720 6855 3679
3 7657 9312 2721
3 10514 7657 2721
3 2721 9312 9455
3 2722 5930 3333
3 2722 3333 8197
3 2722 3551 3727
3 2722 9145 3551
3 2722 3727 5930
3 2722 8197 9145
3 5404 2723 3677
3 3677 2723 7896
3 5404 7949 2723
3 3301 2724 3288
3 3301 4798 2724
3 4798 5379 2724
3 5158 2725 3314
3 2726 4140 4144
3 2727 4279 3185
3 2727 3185 5381
3 2727 9932 4279
3 2727 5381 6656
3 2727 6656 6662
3 2727 6662 9932
3 3750 2728 6950
3 3750 8357 2728
3 2728 6385 6950
3 5489 5494 2729
3 5489 2729 8444
3 2730 7293 3317
3 2730 3902 3599
3 2730 3599 7293
3 2730 4007 3902
3 5043 5679 2731
3 5043 2731 7811
3 10387 2731 5679
3 7811 2731 6177
3 2901 2732 3914
3 5754 2732 2901
3 5754 3359 2732
3 9306 2732 3359
3 4864 3914 2732
3 4938 2733 4935
3 4935 2733 9999
3 10105 2733 4938
3 2733 6613 9999
3 2734 4852 3103
3 7110 2734 3227
3 2734 3831 4852
3 7110 3831 2734
3 3037 2736 3083
3 4458 2736 3037
3 2736 4396 3083
3 5984 4396 2736
3 3179 8245 2738
3 3179 2738 10296
3 2738 7100 5295
3 10296 2738 5295
3 2738 8245 7100
3 2739 7667 5798
3 2739 9891 7628
3 2740 3235 5607
3 2740 5607 4031
3 2740 4031 11014
3 7919 2740 11014
3 11181 8791 2741
3 11181 2741 10855
3 7397 5362 2742
3 2742 5362 10423
3 7397 2742 7398
3 9442 7398 2742
3 9442 2742 7573
3 2742 10423 7573
3 2743 11130 5406
3 2743 10906 6432
3 2744 5440 8533
3 2744 10566 5440
3 6542 2744 8533
3 6542 10342 2744
3 10342 9945 2744
3 9945 10566 2744
3 3059 2745 6101
3 3059 6532 2745
3 2745 3349 6101
3 3395 10128 2746
3 3395 2746 10391
3 10013 9927 2746
3 2746 9927 10391
3 10013 2746 10551
3 2746 10128 10551
3 2748 8322 2747
3 2748 2747 9287
3 2747 8322 6770
3 2747 7616 9287
3 2748 9287 5330
3 2749 5368 6658
3 2749 10423 5368
3 2749 6658 10515
3 8267 7573 2749
3 2749 7573 10423
3 8267 2749 10515
3 2767 3405 2750
3 2767 2750 4990
3 2750 3405 5903
3 2750 5903 3715
3 2750 3715 10352
3 4990 2750 10352
3 4631 2751 11072
3 2751 6543 10291
3 2751 10291 6787
3 2751 6787 11072
3 7922 2752 9348
3 7922 10822 2752
3 2753 8495 7357
3 2753 8778 8495
3 3046 6028 2754
3 3046 2754 9349
3 2754 6028 7505
3 2754 7505 8939
3 2754 8939 9349
3 2755 8032 4106
3 5225 6231 2755
3 5225 2755 6355
3 2755 6231 8032
3 6071 2756 3987
3 6035 8315 2756
3 6035 2756 8316
3 6071 8316 2756
3 4338 2757 3987
3 6071 3987 2757
3 6071 2757 8993
3 8993 2757 7072
3 2758 5304 9887
3 8625 8508 2758
3 2758 8508 11001
3 2758 9887 8625
3 3358 9008 2759
3 3358 2759 10996
3 9259 2759 9075
3 9259 10996 2759
3 2760 5621 3893
3 10460 5621 2760
3 3309 2761 3692
3 5792 2761 7974
3 9237 2761 5792
3 2771 3938 2762
3 2771 2762 6335
3 3938 6538 2762
3 5788 4029 2762
3 2762 4029 6335
3 5788 2762 6538
3 2763 4861 4708
3 2763 4708 9003
3 2763 4919 4861
3 2763 9448 4919
3 8648 2763 9003
3 8648 9448 2763
3 2764 10110 2779
3 3832 5940 2765
3 9951 5011 2765
3 2765 5940 9221
3 9951 2765 9221
3 2766 3273 9017
3 2766 3594 9495
3 8272 3405 2767
3 2767 4990 10048
3 8272 2767 8721
3 2767 10048 8721
3 2768 5782 11072
3 2768 10293 6779
3 2768 6787 10293
3 2768 11072 6787
3 2769 4862 4510
3 2770 8396 2939
3 2770 2939 10853
3 2770 10865 8396
3 2770 8637 10865
3 4030 2771 3025
3 2771 6335 3025
3 4030 3938 2771
3 2772 6106 3231
3 11126 2772 3231
3 2772 4698 8371
3 11126 4698 2772
3 2773 10355 5978
3 8247 9450 2773
3 2773 9450 10182
3 2773 10182 10355
3 2774 9944 6063
3 2774 6063 10349
3 10349 9156 2774
3 2774 9156 10540
3 6510 10746 2775
3 2775 10746 9653
3 11101 2775 9653
3 2776 6438 4223
3 2776 4223 10678
3 5203 2776 4717
3 5203 6438 2776
3 2777 5460 8452
3 7854 10839 2777
3 7854 2777 11162
3 2777 8452 11162
3 2781 2778 5688
3 2778 6086 5688
3 2778 7473 6086
3 4250 2779 11206
3 5099 2779 10110
3 5099 11206 2779
3 2780 4089 7063
3 2780 7960 4089
3 2780 5155 4547
3 2780 7063 5155
3 5686 2781 3251
3 3251 2781 5688
3 4714 4660 2782
3 5541 2782 4660
3 6332 4714 2782
3 6332 2782 8390
3 3768 2783 7289
3 7303 7289 2783
3 7953 7303 2783
3 2784 6089 8042
3 2784 8042 7829
3 9313 2784 7829
3 2785 4413 4961
3 2785 4961 10611
3 2785 7829 9599
3 2785 10611 7829
3 6928 6087 2786
3 6928 2786 10220
3 2787 4931 4541
3 2787 4541 10705
3 2787 8759 4931
3 2787 9183 8759
3 3892 3491 2788
3 3892 2788 4436
3 5770 6956 2789
3 5770 2789 7347
3 2789 6956 6540
3 7347 2789 8961
3 3021 2790 3222
3 9901 2790 3021
3 7380 3222 2790
3 9901 10480 2790
3 2791 6473 4141
3 2791 4141 7513
3 2791 7513 5420
3 5834 6473 2791
3 5834 2791 9900
3 3394 5415 2792
3 3394 2792 9593
3 10138 3601 2792
3 10138 2792 5415
3 3664 2793 5112
3 3664 9962 2793
3 9962 4157 2793
3 4423 5101 2794
3 5664 4423 2794
3 5664 2794 6652
3 2794 10743 6652
3 3396 2795 10096
3 3396 10995 2795
3 2796 3548 5444
3 2796 5989 4198
3 2796 5444 4965
3 2796 4965 5989
3 2797 4541 9205
3 2797 10705 4541
3 6985 2797 4928
3 2797 9205 4928
3 2797 9401 10705
3 6255 2798 3524
3 6736 3524 2798
3 5693 5448 2798
3 5693 2798 6255
3 4305 2799 7556
3 7556 2799 8139
3 9889 8139 2799
3 11208 9889 2799
3 2800 6551 2988
3 2800 9401 6551
3 2800 10705 9401
3 2801 9306 4866
3 2802 4950 6635
3 2802 10534 5061
3 2802 6635 10534
3 2803 4419 5107
3 2803 5107 4505
3 2803 4505 8453
3 2803 8453 9573
3 3856 2804 6631
3 6523 6631 2804
3 7593 6523 2804
3 3144 2805 6708
3 7614 2805 3144
3 2805 4802 6708
3 2805 10513 4802
3 7614 6885 2805
3 4184 10116 2806
3 5084 4507 2806
3 10116 5084 2806
3 2807 4232 6202
3 7842 4232 2807
3 5801 4376 2807
3 7842 2807 4376
3 5801 2807 8634
3 2807 6202 10313
3 2807 10313 8634
3 6576 3081 2808
3 2808 3081 9329
3 2809 6002 3749
3 10201 2809 3749
3 2809 8836 6002
3 2809 10188 8836
3 7578 2810 3324
3 8210 2810 7578
3 7843 2810 8210
3 8219 2810 7843
3 4871 2811 9086
3 7535 2812 2895
3 3490 2814 4597
3 10466 2814 3490
3 4597 2814 9911
3 9750 9911 2814
3 10466 9750 2814
3 8505 2815 10900
3 7453 2816 5581
3 7453 9784 2816
3 9106 2816 9784
3 2817 8532 9612
3 9814 2817 9612
3 5470 5044 2818
3 2818 5044 11095
3 5470 2818 9141
3 6219 11002 2818
3 6219 2818 11095
3 9141 2818 11002
3 4485 9979 2819
3 2819 11095 5044
3 2819 9979 11095
3 5071 4420 2820
3 4420 7035 2820
3 5071 2820 9000
3 6778 9000 2820
3 6778 2820 10347
3 7035 10347 2820
3 2821 9427 2968
3 2821 2968 10449
3 2821 10330 4616
3 2821 10449 10330
3 3624 2822 5396
3 9518 2822 3624
3 5396 2822 6025
3 6150 6025 2822
3 7273 2823 4167
3 11071 2823 7273
3 11071 7447 2823
3 3326 6021 2824
3 3326 2824 6889
3 6021 8659 2824
3 10699 6889 2824
3 10699 2824 8659
3 2825 2923 6012
3 2825 10443 2923
3 4173 2825 6012
3 8914 2825 4173
3 2826 5807 5701
3 7003 2826 5701
3 6235 2826 7003
3 6235 9600 2826
3 7506 2827 3253
3 8096 4119 2827
3 7136 2827 7506
3 7136 8096 2827
3 6916 2828 4664
3 10770 4664 2828
3 6916 5226 2828
3 9441 2828 5226
3 6912 2828 9441
3 6912 10770 2828
3 3376 2829 4238
3 3376 7249 2829
3 2829 9162 4238
3 4888 2829 7249
3 4888 10696 2829
3 2829 10696 9162
3 2910 5800 2830
3 2910 2830 9852
3 8418 2830 5800
3 9708 3561 2831
3 2831 3561 9971
3 9708 2831 10691
3 10442 2831 9971
3 10442 11086 2831
3 11086 10691 2831
3 3427 2832 4821
3 7245 3487 2832
3 2833 5663 7506
3 2833 7944 5663
3 2833 7506 6796
3 6796 7945 2833
3 2834 5181 3649
3 7306 2834 3649
3 2834 4995 5181
3 7306 5569 2834
3 5907 4269 2835
3 4269 6525 2835
3 5381 6365 2835
3 8744 5381 2835
3 6365 5907 2835
3 8744 2835 6525
3 9715 3132 2836
3 8493 9715 2836
3 6336 5371 2837
3 7907 2838 5910
3 2838 9293 5910
3 6880 2838 7907
3 7005 9293 2838
3 2839 5665 7382
3 6482 9332 2839
3 6482 2839 9598
3 9598 2839 7382
3 7821 2840 5305
3 2841 4643 8066
3 2841 10356 4643
3 2841 8066 8067
3 8218 2841 8067
3 8218 10776 2841
3 2841 10776 10356
3 3379 5561 2842
3 10434 3379 2842
3 2842 3470 4670
3 10434 2842 4670
3 3438 2843 5032
3 3438 10027 2843
3 9981 4192 2843
3 10767 2843 4192
3 10767 5032 2843
3 9981 2843 10027
3 3195 2844 5876
3 2844 6359 5809
3 2844 5809 10803
3 5876 2844 10803
3 2845 5187 2861
3 2845 8713 5187
3 2846 3480 4309
3 4472 2846 4309
3 4472 4474 2846
3 2846 4474 10141
3 5802 3834 2847
3 7842 2847 3834
3 4376 5356 2847
3 7842 4376 2847
3 5356 5024 2847
3 5802 2847 5024
3 5285 2848 5367
3 5285 10372 2848
3 2848 9582 5367
3 7939 10113 2848
3 10372 7939 2848
3 2848 10113 9582
3 3467 6943 2849
3 7580 3467 2849
3 7580 2849 4289
3 4997 6154 2849
3 4997 2849 6943
3 3483 2850 5395
3 4943 2851 3813
3 2851 6605 3813
3 4943 5139 2851
3 8252 2851 5139
3 2851 10092 6605
3 8252 10092 2851
3 4312 2852 6048
3 4312 7186 2852
3 2852 7524 6048
3 2852 7186 7188
3 2852 7188 7524
3 10058 2853 5290
3 11167 5290 2853
3 10058 7526 2853
3 8582 11167 2853
3 2854 6226 8882
3 2854 9099 6226
3 2854 8882 6408
3 2854 6408 10415
3 2854 10415 9099
3 2855 5477 3553
3 11128 2855 3553
3 4382 4792 2855
3 9629 4382 2855
3 4792 5477 2855
3 9629 2855 11128
3 2856 8478 2912
3 11077 2856 2912
3 4230 2856 11077
3 4684 2857 6592
3 6729 6592 2857
3 6729 2857 8039
3 2857 11017 8039
3 5658 2858 4768
3 4768 2858 6872
3 2858 4783 6872
3 10438 4783 2858
3 5658 10438 2858
3 4132 6211 2859
3 4132 2859 6613
3 9999 6613 2859
3 9999 2859 7298
3 7392 2912 2860
3 2860 2912 8478
3 7390 7392 2860
3 7390 2860 7666
3 2860 10190 7666
3 2860 8478 10190
3 2861 5187 5186
3 8834 2861 5186
3 8834 7421 2861
3 2862 8915 3277
3 11146 8915 2862
3 9973 2862 10314
3 9973 11146 2862
3 4264 3881 2863
3 7425 2863 3881
3 4037 4264 2863
3 4037 2863 8249
3 7838 2864 7841
3 7838 9986 2864
3 5051 3930 2865
3 2865 3930 5369
3 7927 2865 5049
3 7927 5051 2865
3 2866 7168 8757
3 7975 7966 2866
3 9707 7975 2866
3 9707 2866 8757
3 4306 2867 5009
3 5009 2867 7522
3 11153 7522 2867
3 11153 2867 8260
3 6803 3913 2868
3 11108 2868 3913
3 6803 2868 9154
3 9154 2868 7964
3 4048 2869 7449
3 9171 2869 4048
3 5933 7449 2869
3 5933 2869 9309
3 9171 8801 2869
3 9309 2869 8801
3 2875 9712 2870
3 2870 5163 3245
3 2870 9633 5163
3 2871 3203 3568
3 5503 3203 2871
3 10917 2871 3568
3 6789 5503 2871
3 6789 2871 10917
3 2872 3004 4894
3 2872 9257 3004
3 2872 4894 9524
3 2872 8109 9257
3 4603 2873 8333
3 4603 8770 2873
3 5891 2873 5054
3 5054 2873 8770
3 5891 8333 2873
3 2874 2879 4391
3 6496 2879 2874
3 7956 5817 2875
3 2875 5817 9712
3 5489 8444 2876
3 7016 2876 8444
3 7589 2877 4391
3 10674 2877 7589
3 2878 9847 3889
3 9480 4277 2878
3 2878 4277 9847
3 7589 4391 2879
3 6496 6024 2879
3 6024 7589 2879
3 9785 2880 3143
3 10787 4554 2880
3 6464 2881 6967
3 2959 2882 7156
3 2959 9042 2882
3 7156 2882 7158
3 7158 2882 8822
3 2882 9042 8822
3 8290 7763 2883
3 10014 2883 7763
3 8290 2883 8780
3 8780 2883 9204
3 9204 2883 10807
3 10014 10807 2883
3 9857 3523 2884
3 9859 2884 3523
3 9859 6431 2884
3 2884 6431 10661
3 3227 2885 7110
3 6855 2885 6856
3 2885 6855 7110
3 2886 5490 4780
3 2886 4780 8918
3 2886 8068 5490
3 2886 9343 8068
3 2886 8918 9343
3 5066 9851 2887
3 7555 3618 2888
3 8080 2888 4833
3 8122 4833 2888
3 8080 7555 2888
3 8282 2889 7659
3 3672 4113 2890
3 7856 2890 5615
3 7179 2891 8855
3 8855 2891 11094
3 6108 2892 4244
3 4244 2892 7345
3 7345 2892 4872
3 2893 5698 4924
3 2893 6761 5698
3 2893 7036 6761
3 7558 2894 4539
3 5719 5297 2894
3 5297 8344 2894
3 5719 2894 7558
3 2895 4429 8136
3 7535 2895 8136
3 5341 3279 2896
3 3663 3877 2896
3 3877 8730 2896
3 5341 2896 8730
3 5842 5471 2897
3 5743 10175 2897
3 8541 5842 2897
3 8541 2897 10175
3 4393 3061 2898
3 3061 7426 2898
3 4393 2898 3734
3 7426 4438 2898
3 6473 2899 4141
3 2899 8348 4141
3 8663 5771 2899
3 5771 10283 2899
3 8663 2899 6473
3 3547 3865 2900
3 3547 2900 7568
3 7832 2900 3865
3 4395 7568 2900
3 5265 2901 3914
3 5265 6461 2901
3 5754 2901 6461
3 2904 9285 4756
3 4756 9400 2904
3 6633 2904 7549
3 9285 2904 6633
3 7042 2905 6147
3 2905 9667 6147
3 7042 9095 2905
3 9095 9789 2905
3 2905 9789 9667
3 6933 2906 3756
3 3756 2906 8600
3 7049 5028 2906
3 7867 2906 5028
3 6933 7049 2906
3 8600 2906 7867
3 2907 8538 4194
3 10215 2907 4194
3 10882 7505 2908
3 8276 10882 2908
3 7101 2909 4804
3 2910 6963 8553
3 2910 9852 6963
3 2911 5465 6963
3 2911 10868 5465
3 2911 6963 9852
3 9461 2912 7392
3 9461 8477 2912
3 11077 2912 8477
3 4230 6268 2913
3 4230 2913 8193
3 6268 9066 2913
3 8598 10636 2914
3 2915 10375 4706
3 10374 10375 2915
3 5443 5113 2916
3 5113 6888 2916
3 2919 2917 4500
3 8473 4500 2917
3 2919 4500 4976
3 5428 4694 2920
3 6808 2920 4694
3 6808 7053 2920
3 6808 4966 2921
3 2922 10469 3566
3 2922 9693 10469
3 7047 6790 2923
3 7047 2923 10443
3 2925 2924 7143
3 6785 2924 4414
3 6785 7143 2924
3 8449 2925 7143
3 7550 2925 8449
3 6334 7547 2926
3 6334 2926 8521
3 9295 2926 7547
3 8290 8780 2926
3 8290 2926 9295
3 8780 8521 2926
3 2927 5186 5187
3 2927 7937 5186
3 2927 5187 8713
3 9477 7937 2927
3 2928 3821 7411
3 2928 7411 11006
3 10548 2928 11006
3 2930 4771 2929
3 10068 2930 2929
3 2929 4771 6687
3 6686 2929 9759
3 10068 2929 6686
3 2929 6687 9759
3 4245 2930 7084
3 4245 7476 2930
3 2930 7476 4771
3 10068 7084 2930
3 7225 2931 2947
3 5855 9553 2932
3 6758 8567 2932
3 6758 2932 9553
3 2932 8567 8751
3 7225 2947 2933
3 7225 2933 3562
3 2934 3600 4615
3 10923 3600 2934
3 2934 4615 10714
3 10923 2934 6187
3 4548 4872 2935
3 3538 4869 2936
3 9935 3538 2936
3 2936 4869 4164
3 6765 9935 2936
3 2937 3082 8151
3 2937 8151 3510
3 2938 3524 8289
3 2938 11180 3524
3 5072 2938 6742
3 5072 11180 2938
3 5644 10853 2939
3 2940 9029 6372
3 2940 9307 9029
3 2940 10572 9307
3 2941 3960 11160
3 5480 5147 2942
3 9024 2943 6417
3 11137 6417 2943
3 8411 9019 2943
3 8411 2943 9024
3 9777 2943 9019
3 11137 2943 9777
3 2944 6363 4586
3 2944 4586 9445
3 2944 9445 8439
3 2944 8439 11160
3 2944 11160 10572
3 2945 3097 7772
3 2945 8484 3097
3 2945 7772 6363
3 2945 6363 8723
3 2945 7241 8484
3 2945 8723 7241
3 8220 4834 2946
3 8220 2946 9954
3 2948 9263 7559
3 11098 2948 7559
3 8679 9263 2948
3 10552 8679 2948
3 10552 2948 11098
3 8409 5003 2950
3 6707 8409 2950
3 8998 2950 11092
3 2951 3128 6256
3 2951 7030 3128
3 2951 3789 7030
3 7958 2952 5647
3 7036 2952 6416
3 6416 2952 7958
3 2953 5940 4004
3 10428 2953 4004
3 10868 2953 10428
3 4228 2954 9077
3 6224 9077 2954
3 6224 2954 10428
3 2954 10868 10428
3 3011 2955 5790
3 7352 2955 3011
3 3309 3692 2955
3 7352 3309 2955
3 10526 2955 3692
3 10526 5790 2955
3 6661 4612 2956
3 4612 8335 2956
3 6661 2956 9977
3 2956 8335 8920
3 4145 2957 3855
3 8338 3855 2957
3 4142 2957 4145
3 4142 7528 2957
3 5949 2957 7528
3 8338 2957 5949
3 2958 6060 7771
3 2959 7156 9475
3 2959 9475 7877
3 2960 9842 3164
3 2960 3164 11016
3 10332 2960 6423
3 2960 11016 6423
3 2960 6424 9842
3 10332 6424 2960
3 3019 2961 6099
3 6099 2961 3146
3 6296 3146 2961
3 6884 6296 2961
3 7639 2962 3233
3 8297 3233 2962
3 5183 8297 2962
3 2962 7639 6946
3 4109 2965 4698
3 4109 7087 2965
3 7087 4231 2965
3 9278 4698 2965
3 2966 9915 4743
3 2966 10426 9915
3 2967 3366 3619
3 2967 4172 3366
3 2969 4517 3330
3 2969 3330 6250
3 8555 3799 2970
3 8560 2970 3799
3 4975 2970 8560
3 2972 9176 6329
3 2972 6329 9502
3 2972 7089 9176
3 2972 10377 7089
3 2972 9502 10939
3 2972 10939 10377
3 2973 3339 4656
3 2973 8563 3339
3 2973 5424 4487
3 2973 4656 5424
3 2974 8221 9609
3 3817 3841 2975
3 4283 2976 7308
3 6945 7308 2976
3 3829 3284 2977
3 11047 2977 3284
3 10888 2977 11185
3 11047 11185 2977
3 5665 2978 7382
3 2978 8695 7382
3 3171 3512 2979
3 8144 7582 2979
3 4756 9285 2980
3 4756 2980 9542
3 7596 2980 5231
3 8752 5231 2980
3 7596 9542 2980
3 8752 2980 9285
3 10290 2981 10041
3 2982 3224 7798
3 2983 6143 4082
3 6311 6143 2983
3 6307 7714 2983
3 9782 2984 4443
3 6993 2984 9974
3 8785 2984 9782
3 8785 9974 2984
3 3086 4235 2985
3 3368 2985 10520
3 4235 9544 2985
3 9544 10520 2985
3 4000 6965 2986
3 4000 2986 7399
3 7094 2986 6965
3 7094 2987 3485
3 7094 4992 2987
3 4992 8930 2987
3 2988 5343 6476
3 2988 6551 5343
3 2988 6476 6477
3 2988 6477 9315
3 8358 2989 8853
3 3304 2990 4873
3 5437 2990 3304
3 2990 6173 4873
3 5437 7424 2990
3 9415 6173 2990
3 9415 2990 7424
3 8941 7944 2991
3 2991 7944 9379
3 8921 2991 9379
3 8921 10383 2991
3 8092 2992 3304
3 7498 7808 2992
3 8092 7498 2992
3 2993 6047 5999
3 2993 5999 9343
3 2993 9374 6047
3 2993 6455 9374
3 2993 9343 8918
3 6279 4570 2994
3 2994 4570 8356
3 5133 6279 2994
3 5591 2994 8356
3 5591 8919 2994
3 9399 4540 2995
3 6583 9399 2995
3 6583 2995 10107
3 2996 2999 5641
3 2996 9440 2999
3 2996 5274 5599
3 2996 5641 5524
3 2996 5599 9440
3 10507 4785 2997
3 4369 3707 2998
3 3707 6716 2998
3 4369 2998 4823
3 2999 10297 5641
3 2999 9224 9118
3 2999 9118 10297
3 2999 9440 9224
3 3446 3000 8653
3 7776 6759 3001
3 6759 10919 3001
3 7776 3001 7912
3 7912 3001 9654
3 3001 10919 9654
3 3002 3618 3593
3 3002 3593 9628
3 3002 9628 6644
3 3002 6644 11076
3 3003 6744 3167
3 3003 6896 5979
3 10656 3003 5979
3 10656 6744 3003
3 10167 4894 3004
3 8789 3004 9257
3 8789 9523 3004
3 10167 3004 9523
3 3005 5149 5659
3 3005 9385 5149
3 10414 3005 5659
3 10429 9385 3005
3 8329 4898 3006
3 10248 3006 4898
3 8251 3006 7503
3 10248 7503 3006
3 8329 3006 8251
3 3008 5329 6595
3 3009 5304 4029
3 5788 3009 4029
3 5788 10831 3009
3 3448 3010 6634
3 3448 10534 3010
3 5879 6634 3010
3 3011 3362 3353
3 3011 3353 5619
3 3011 5790 3362
3 7352 3011 5619
3 4086 3254 3012
3 5587 3012 3254
3 4086 3012 4751
3 6627 4751 3012
3 5587 8313 3012
3 8313 6627 3012
3 3013 6439 3495
3 8572 3013 5106
3 8572 6439 3013
3 4315 5272 3015
3 5391 4315 3015
3 5272 9314 3015
3 8895 3015 9314
3 3016 3526 8271
3 3971 3016 3972
3 3972 3016 8271
3 7658 3017 5264
3 7899 7111 3017
3 3018 4634 3356
3 5265 3018 3356
3 3018 4061 4634
3 6806 4061 3018
3 5265 7275 3018
3 6806 3018 7275
3 6430 3019 5184
3 3019 8400 5184
3 3019 6099 8400
3 5232 6857 3020
3 5232 3020 8450
3 6857 6547 3020
3 3020 6547 8284
3 8581 3021 3222
3 8812 3021 8581
3 10638 3021 8812
3 10638 9901 3021
3 3022 5954 3904
3 3022 3904 8021
3 3022 8021 11070
3 3022 11070 11010
3 3325 3023 9541
3 3614 9541 3023
3 3024 8048 11056
3 3024 11192 8048
3 8320 3024 8960
3 8320 11192 3024
3 4030 3025 7158
3 5302 3025 6335
3 5302 7134 3025
3 3025 7134 7158
3 4348 3026 4655
3 4348 5841 3026
3 3909 3027 3378
3 3378 3027 10261
3 3909 5564 3027
3 6442 8559 3028
3 6442 3028 9727
3 7845 7201 3028
3 7201 8888 3028
3 8559 7845 3028
3 9727 3028 8888
3 3029 3031 7459
3 3029 9335 7280
3 3029 7459 8678
3 3029 8678 9335
3 3030 10565 3787
3 3030 10394 10565
3 3031 7071 7459
3 3031 10959 7071
3 3031 10913 10959
3 7514 6045 3032
3 3032 6045 9615
3 7514 3032 6638
3 3032 9741 6638
3 3032 9615 6643
3 3032 6643 9741
3 3265 6964 3033
3 3265 3033 7455
3 3033 6964 3407
3 8016 7124 3034
3 9375 3034 7126
3 9375 7146 3034
3 6101 3035 7209
3 3036 4843 4844
3 4843 3036 7664
3 7664 3036 8154
3 9240 3038 6570
3 8697 10836 3039
3 9234 9125 3039
3 9125 11211 3039
3 9234 3039 10836
3 4585 3638 3040
3 3040 3638 6150
3 4585 3040 8574
3 3040 6150 7096
3 3040 7096 8656
3 3040 8656 8574
3 3041 6036 3690
3 3041 3690 7088
3 3041 5207 6036
3 3041 7088 11230
3 3179 7515 3042
3 3179 3042 8245
3 5641 3042 7515
3 4318 3259 3043
3 3043 5928 6691
3 9459 3044 4911
3 3045 5357 3258
3 3045 3258 6960
3 10689 5357 3045
3 3045 6960 10877
3 3045 10877 8307
3 3046 4084 6312
3 3046 9349 4084
3 3046 8374 6028
3 3046 6312 8374
3 3047 5346 8718
3 3047 8718 10089
3 6354 5258 3048
3 6354 3048 10964
3 4585 3049 3638
3 9391 3638 3049
3 4585 10770 3049
3 6771 9391 3049
3 6771 3049 10505
3 10505 3049 10770
3 5830 4094 3050
3 4459 6448 3051
3 10795 6120 3051
3 3052 8188 3731
3 3052 7809 8299
3 3052 8299 8188
3 3054 5852 7978
3 9147 3054 7978
3 3809 7467 3055
3 3809 3055 8388
3 4248 3057 9897
3 9952 9897 3057
3 3058 6747 3925
3 3058 3925 8682
3 5781 3058 6196
3 5781 8712 3058
3 3058 8682 6196
3 3058 8712 6747
3 3059 6101 3187
3 3059 3187 6893
3 3059 9625 6532
3 3059 6893 9625
3 6512 6516 3060
3 6515 3060 6516
3 4393 8112 3061
3 3061 8112 9296
3 11168 3986 3062
3 9506 9505 3062
3 9505 11168 3062
3 9506 3062 10094
3 3063 6612 5419
3 3063 5419 7197
3 3063 7197 5851
3 3063 5851 7928
3 3063 7370 6612
3 3063 7928 7370
3 3064 9339 9895
3 3064 10118 9339
3 3065 6246 4465
3 3065 4465 9604
3 3065 9604 6283
3 3066 5220 6134
3 3066 10278 5220
3 3066 6134 7353
3 3066 8905 10278
3 6050 3067 3507
3 3067 8589 3507
3 6050 8349 3067
3 3067 8349 8490
3 3067 8490 8534
3 6117 3068 9503
3 10241 3068 9502
3 3322 3069 4390
3 3322 7835 3069
3 8112 4390 3069
3 9296 3069 7835
3 9296 8112 3069
3 6300 6685 3070
3 10434 6300 3070
3 6877 3070 6685
3 11061 10434 3070
3 3071 7607 4818
3 3071 6669 9431
3 3071 10878 7607
3 3071 9431 10878
3 3729 8486 3072
3 3729 3072 9804
3 9090 3770 3072
3 9090 3072 8486
3 3073 6900 5556
3 3073 5556 11135
3 9898 6900 3073
3 3073 11135 10938
3 3075 7774 8365
3 11029 7774 3075
3 3861 3360 3076
3 3076 3360 5360
3 3861 3076 7984
3 3076 5360 4950
3 4891 4818 3077
3 4818 5964 3077
3 4891 3077 5289
3 7122 5289 3077
3 5964 10540 3077
3 7122 3077 10540
3 9829 3079 6215
3 6084 6731 3080
3 6084 3080 10928
3 3081 3443 5126
3 9329 3081 5126
3 9145 3329 3082
3 3082 3329 9801
3 3551 9145 3082
3 8151 3082 9801
3 6096 3083 4396
3 6096 7117 3083
3 3444 6991 3084
3 3448 6634 3084
3 6991 3448 3084
3 3084 6634 8839
3 7518 8653 3085
3 3086 3374 4235
3 4768 3087 4303
3 4303 3087 7874
3 4768 6872 3087
3 3087 6872 6694
3 5850 3088 5610
3 3088 7543 5610
3 5850 6293 3088
3 3088 6293 8497
3 3088 11085 7543
3 3088 8497 9560
3 3088 9560 11085
3 3271 6850 3089
3 3271 3089 10671
3 6850 9351 3089
3 11136 10671 3089
3 3090 7271 3912
3 3091 6699 6702
3 8198 3091 6702
3 3092 8314 7228
3 3092 7228 9931
3 3092 9931 7823
3 3092 9153 8314
3 3093 7778 5917
3 7759 7778 3093
3 7759 3093 10538
3 4297 3431 3094
3 4474 3094 3431
3 4472 3094 4474
3 3096 3657 3095
3 4998 3657 3096
3 3295 3097 4582
3 4582 3097 8484
3 3098 4152 7621
3 4860 3098 5709
3 4860 7457 3098
3 3098 7621 5709
3 3100 6656 3956
3 3100 5382 6662
3 3100 6662 6656
3 5485 3101 5478
3 8483 5478 3101
3 9698 3101 5485
3 8483 3101 5552
3 9698 5552 3101
3 5749 3102 11131
3 5749 11147 3102
3 9649 9640 3102
3 11131 3102 9640
3 9649 3102 10536
3 11147 10536 3102
3 4852 4856 3103
3 4101 3104 4278
3 4101 9279 3104
3 10492 5567 3104
3 9279 10492 3104
3 10853 5164 3105
3 8162 3106 6441
3 6441 3106 10176
3 3108 3603 5623
3 3675 3108 7534
3 10475 4916 3109
3 7042 3109 9095
3 7042 10180 3109
3 10180 10475 3109
3 6004 7485 3110
3 3110 7485 8904
3 3742 3111 4493
3 6959 3696 3112
3 3696 10350 3112
3 3979 3112 4874
3 6959 3112 3979
3 6374 4874 3112
3 6374 3112 10350
3 5386 3549 3113
3 3549 7580 3113
3 5386 3113 10433
3 6274 3114 8024
3 6274 11083 3114
3 11083 7463 3114
3 3115 6301 3590
3 3728 4453 3116
3 8598 3728 3116
3 5402 3116 4453
3 8598 3116 10636
3 3118 3481 4344
3 4294 5919 3118
3 3119 3257 4078
3 3119 5396 3257
3 10546 3351 3120
3 6116 4877 3120
3 10546 3120 4877
3 6116 3120 7349
3 5787 5723 3121
3 6404 3121 5723
3 6404 6970 3121
3 5892 3122 6781
3 3122 11097 6781
3 9706 3122 11096
3 3123 7579 3600
3 3123 5696 7579
3 3123 9905 5696
3 3123 6188 9905
3 4888 10476 3124
3 4888 3124 10696
3 10896 9971 3124
3 10896 3124 10476
3 10201 3749 3125
3 3125 3749 10647
3 8475 8652 3125
3 8652 10201 3125
3 3126 3440 5013
3 3126 5101 3440
3 3558 3126 5013
3 3126 3558 8493
3 5039 3127 7015
3 5039 7735 3127
3 9859 3523 3128
3 9859 3128 7030
3 5677 5035 3129
3 6182 3129 5035
3 6182 5545 3129
3 5677 3129 6695
3 4482 3130 9990
3 3130 7376 5041
3 3130 5041 9990
3 3130 8063 7376
3 3130 10788 8063
3 3131 3581 8146
3 3131 8146 9073
3 9715 9746 3132
3 9158 3133 3134
3 3133 10005 3134
3 6804 3133 8489
3 9879 3133 6804
3 9158 8489 3133
3 7767 9158 3134
3 7767 3134 10760
3 3134 10005 10760
3 5957 3135 9876
3 7419 7846 3135
3 3135 7846 9734
3 9876 3135 9734
3 10165 5185 3136
3 5185 11221 3136
3 11221 5317 3136
3 10165 3136 8278
3 4351 5948 3137
3 10481 4351 3137
3 10481 3137 5944
3 5944 3137 11183
3 10984 11183 3137
3 3138 10393 6558
3 3138 9765 10393
3 7668 3139 8542
3 9605 3139 7668
3 9564 3139 11155
3 9605 11155 3139
3 4345 7622 3140
3 8431 4345 3140
3 8431 3140 10744
3 9906 10744 3140
3 3141 7330 4735
3 7471 3141 4735
3 3141 5166 7252
3 5166 3141 7471
3 5554 3141 7252
3 7330 3141 5554
3 3142 4033 3248
3 3142 5873 4033
3 3142 10450 5873
3 3142 5968 10450
3 3143 7220 8486
3 9785 3143 8486
3 3144 6708 6892
3 3496 3145 3852
3 3233 8297 3146
3 5731 3146 6296
3 6099 3146 8297
3 8975 4884 3147
3 3147 4884 10477
3 3147 10477 10717
3 3147 10717 11174
3 5758 3148 6264
3 6264 3148 10453
3 7217 7368 3148
3 3148 7368 10453
3 4400 3149 9107
3 11023 3149 4400
3 9037 5434 3149
3 5434 9107 3149
3 6013 9037 3149
3 6013 3149 11023
3 8560 3735 3150
3 9871 3150 3735
3 4975 8560 3150
3 6402 3151 3411
3 10630 4947 3151
3 10630 3151 6402
3 4459 3152 7420
3 7420 3152 5056
3 3153 4688 4692
3 3153 8187 4688
3 3153 4692 7020
3 3153 7314 5865
3 3153 5865 8187
3 3153 7020 7314
3 3780 6018 3155
3 4958 3155 8973
3 8973 3155 6018
3 3156 3926 7756
3 3156 10230 3926
3 3156 8764 6405
3 3156 6405 10230
3 10856 3156 7756
3 3157 5313 10050
3 3157 10279 5313
3 3157 10046 5733
3 3157 5733 10436
3 3157 10050 10046
3 3157 10436 10279
3 3158 6570 4057
3 3158 6275 9240
3 3158 9240 6570
3 5324 3159 7508
3 5324 10954 3159
3 5449 7161 3159
3 5449 3159 10954
3 3159 5931 7508
3 5931 3159 8233
3 7161 8233 3159
3 3160 7909 8958
3 9032 7909 3160
3 9957 3160 8958
3 9025 9032 3160
3 9025 3160 10870
3 9957 10870 3160
3 5596 3853 3161
3 8973 3162 8845
3 9865 6901 3163
3 3163 6901 10158
3 8117 9865 3163
3 9264 3163 10158
3 10333 3164 9842
3 5464 4819 3165
3 3165 4819 6879
3 5464 3165 9168
3 3165 6879 6840
3 9168 3165 6840
3 8427 5397 3167
3 5911 11066 3168
3 3169 6430 5184
3 3169 5184 6890
3 3170 9113 4444
3 3170 6755 9113
3 3171 6725 3512
3 3733 6725 3171
3 5459 3174 3172
3 5653 3172 3174
3 7201 5459 3172
3 5653 7022 3172
3 7022 8888 3172
3 7201 3172 8888
3 5653 3174 9908
3 6894 3175 3778
3 3778 3175 7765
3 3175 5421 7765
3 7018 3175 6894
3 7174 3176 8692
3 7174 10669 3176
3 8204 3176 9760
3 10184 3176 8204
3 10184 8692 3176
3 10669 9760 3176
3 3177 5961 5291
3 10578 3177 5291
3 3177 7567 5961
3 3177 7627 7567
3 5989 3178 4411
3 6156 4411 3178
3 5969 5417 3178
3 5989 5969 3178
3 3179 8238 7515
3 3179 10296 8238
3 3180 3807 3810
3 3180 8352 3807
3 3180 3810 5768
3 3180 5768 8106
3 3180 8106 10440
3 3180 10440 8352
3 6055 3510 3181
3 8151 3181 3510
3 3181 3989 3988
3 6055 3181 3988
3 7587 3989 3181
3 8151 7587 3181
3 3182 4989 7875
3 3182 11007 4989
3 3182 7875 8858
3 3182 8858 10943
3 3182 10943 10015
3 3182 10015 11007
3 4987 9555 3183
3 7860 3183 9555
3 4299 3184 3472
3 3472 3184 8260
3 4299 6937 3184
3 11153 3184 6937
3 11153 8260 3184
3 3185 4270 6365
3 6450 4270 3185
3 3185 4279 10772
3 3185 6365 5381
3 6450 3185 10772
3 6748 3186 8848
3 6101 7209 3187
3 6541 3187 7209
3 3188 6168 3662
3 3188 4658 6168
3 4531 7233 3189
3 7445 4531 3189
3 3189 6735 5506
3 7445 3189 5506
3 7233 6020 3189
3 6020 7444 3189
3 7444 6735 3189
3 6578 10348 3190
3 3192 4721 6814
3 11029 4721 3192
3 3192 9547 7774
3 11029 3192 7774
3 6823 7864 3193
3 6823 3193 10545
3 7834 3193 10496
3 7834 10545 3193
3 8908 3193 7864
3 8908 10496 3193
3 3194 9575 10033
3 3195 8635 3436
3 3196 8340 6655
3 3196 6655 8725
3 7214 8340 3196
3 5405 3197 5871
3 5405 10032 3197
3 4930 10443 3200
3 10941 3201 3215
3 10941 3577 3201
3 10470 3567 3202
3 10470 3202 7328
3 3203 6790 3568
3 4603 4220 3204
3 3204 4220 5882
3 4603 3204 8770
3 3205 3568 7521
3 10917 3568 3205
3 10917 3205 4553
3 3206 3575 5547
3 3206 6798 3575
3 3206 4171 6798
3 3206 10470 4171
3 4205 3207 6672
3 10357 3207 4205
3 8658 4614 3207
3 9893 3207 4614
3 8658 3207 6362
3 10357 6362 3207
3 9893 6672 3207
3 3208 5061 6228
3 3208 8795 7984
3 6658 3209 3848
3 3848 3209 8862
3 5820 11031 3209
3 3209 11031 8862
3 10312 6903 3210
3 3211 7446 5058
3 3212 7825 3929
3 3212 3929 10239
3 3212 11056 7825
3 3212 10239 9800
3 11170 3213 8351
3 4175 4155 3214
3 7064 3214 4155
3 7064 9489 3214
3 10941 3215 9695
3 6746 4156 3216
3 11049 3216 4156
3 4179 7768 3216
3 11049 4179 3216
3 9134 6746 3216
3 7768 9134 3216
3 5516 5331 3217
3 5331 5750 3217
3 5825 5516 3217
3 3217 5750 6320
3 7448 5825 3217
3 7448 3217 6320
3 3815 4191 3218
3 3815 3218 9742
3 4191 5079 3218
3 10901 3218 5079
3 5093 5479 3218
3 5093 3218 10901
3 5479 9742 3218
3 3219 7916 6990
3 3219 6990 8664
3 3219 8664 9179
3 3237 6826 3220
3 11144 3237 3220
3 3220 6826 4502
3 3220 4502 7434
3 3220 7434 10979
3 11144 3220 10979
3 3792 3221 5506
3 3792 7446 3221
3 7445 5506 3221
3 6276 3221 7446
3 8147 3221 6276
3 7445 3221 8147
3 4327 5768 3222
3 4327 3222 7380
3 8581 3222 5768
3 5703 4147 3223
3 4147 8421 3223
3 10662 5703 3223
3 10662 3223 8496
3 3224 4012 5625
3 3224 5625 7798
3 3225 4543 5827
3 5129 3225 5827
3 3226 9535 4533
3 3226 9129 5854
3 3226 5854 9535
3 5538 4360 3228
3 4360 5687 3228
3 10549 5538 3228
3 7466 3228 5687
3 7466 8308 3228
3 8308 10549 3228
3 5967 3458 3229
3 3458 10970 3229
3 5967 3229 4347
3 4347 3229 7724
3 5845 7724 3229
3 5845 3229 10970
3 3605 3230 4263
3 3605 8120 3230
3 3230 10673 4263
3 6419 10673 3230
3 6419 3230 11235
3 9710 3230 8120
3 9710 11235 3230
3 4105 3231 4691
3 11126 3231 4105
3 9430 4691 3231
3 9430 3231 6106
3 3232 3880 4673
3 8250 3880 3232
3 3232 4673 5080
3 3232 5080 7947
3 3233 4761 7639
3 3682 3234 3884
3 3682 4260 3234
3 4676 3884 3234
3 3235 5222 3863
3 7611 3235 3863
3 7611 5607 3235
3 8706 3898 3236
3 3236 3898 10094
3 8353 3236 9587
3 10094 9587 3236
3 3237 8748 6826
3 3237 11240 8748
3 11144 11240 3237
3 8334 4473 3238
3 4473 8922 3238
3 8922 6042 3238
3 10009 3238 6042
3 8334 3238 10828
3 10009 10828 3238
3 10407 3350 3239
3 4138 4100 3240
3 4100 8380 3240
3 9496 3240 8380
3 8948 3241 4674
3 10029 3242 4155
3 9311 3242 5867
3 10029 5867 3242
3 9311 7355 3242
3 9398 3242 7355
3 3243 4204 4609
3 8483 4204 3243
3 3243 8134 4317
3 8483 3243 4317
3 3243 4609 8134
3 6807 7343 3244
3 9029 3245 5163
3 9988 3246 3402
3 10392 3402 3246
3 7776 10392 3246
3 10655 7776 3246
3 9988 8910 3246
3 4067 3247 10827
3 10985 3247 4067
3 5167 10827 3247
3 5177 3248 4033
3 3899 3249 6660
3 9467 3249 3899
3 3249 10244 6660
3 8422 3250 5345
3 8422 9369 3250
3 9002 3250 9369
3 9411 3250 9002
3 5638 3251 5688
3 5638 10078 3251
3 5686 3251 10078
3 3685 4766 3252
3 4766 8127 3252
3 6800 6796 3253
3 6796 7506 3253
3 6800 3253 9473
3 5587 3254 11142
3 3255 6974 5812
3 3255 5812 7950
3 3255 9100 6198
3 9227 3255 6198
3 3255 7950 9100
3 5886 3256 3441
3 5393 3256 9472
3 5393 11143 3256
3 5886 6479 3256
3 6479 9472 3256
3 4078 3257 8306
3 5396 6025 3257
3 9391 3257 6025
3 9391 8306 3257
3 4318 4578 3259
3 4578 10877 3259
3 6960 3259 10877
3 3261 4078 8306
3 6682 3261 4079
3 3261 8306 4079
3 3262 5649 4805
3 4490 3263 8131
3 4490 8312 3263
3 4762 6039 3263
3 4762 3263 6044
3 8131 3263 6039
3 3263 8312 6044
3 3264 8726 6009
3 3264 6009 8754
3 3264 8754 8443
3 3265 10478 4952
3 3265 7455 10478
3 4808 3266 7334
3 5078 3267 3667
3 3267 8325 3667
3 3375 3888 3268
3 3375 3268 4810
3 10508 4810 3268
3 10508 3268 7677
3 7429 3269 4264
3 4264 3269 8732
3 6185 3269 8009
3 9731 3269 6185
3 7429 8009 3269
3 9731 8732 3269
3 5233 8801 3270
3 6568 3270 9171
3 10066 3270 6568
3 9171 3270 8801
3 3271 7246 6850
3 3271 10671 7738
3 7952 4435 3272
3 11107 3272 4435
3 7952 3272 8023
3 9006 8023 3272
3 4097 10735 3273
3 3428 3274 4601
3 3428 4632 3274
3 4601 3274 7460
3 4605 3274 4632
3 4605 5301 3274
3 5301 7460 3274
3 3275 10093 7130
3 7638 8694 3275
3 9193 3275 8694
3 9193 10093 3275
3 5622 5171 3277
3 5622 3277 8915
3 6475 3278 3449
3 10767 3449 3278
3 5871 3278 6969
3 6475 6969 3278
3 4032 3280 3889
3 4032 10631 3280
3 10390 3280 6289
3 10631 6289 3280
3 3281 9157 8699
3 3281 10545 9157
3 6539 3282 9228
3 6539 10287 3282
3 3282 10287 7274
3 8672 3283 7378
3 3283 8749 7378
3 4256 3284 3829
3 4255 4226 3284
3 11047 3284 4226
3 4255 3284 4256
3 3285 4798 3301
3 7480 4824 3286
3 3286 4824 8181
3 7480 3286 10439
3 3286 8181 10217
3 3319 3287 10971
3 7483 3287 6836
3 8125 3287 7483
3 8125 10971 3287
3 3301 3288 5753
3 6946 5753 3288
3 10907 6946 3288
3 8895 3798 3289
3 6806 3289 4061
3 10514 3289 6806
3 10514 8895 3289
3 7442 3348 3290
3 8531 3290 3348
3 7442 3290 6095
3 3291 6560 4336
3 10585 3291 5941
3 10585 6560 3291
3 5885 3292 8627
3 3292 7571 8627
3 5391 3293 4315
3 3293 5391 8355
3 8355 9589 3293
3 3294 5753 7639
3 3295 6984 4160
3 7634 10056 3296
3 10639 9811 3296
3 10639 3296 10056
3 8355 6180 3297
3 8355 3297 9589
3 7809 3298 8299
3 10524 8299 3298
3 6760 5254 3299
3 3299 10472 9507
3 3300 5785 6748
3 3300 11044 9765
3 3303 3755 6344
3 8362 3755 3303
3 8784 3303 6344
3 8092 3304 4873
3 5314 7171 3305
3 3305 7171 8273
3 3313 3306 5782
3 3306 3666 8209
3 3306 8607 5782
3 3306 8209 8607
3 3307 4647 10422
3 7897 3307 8861
3 7897 10796 3307
3 3307 10422 8861
3 3308 6914 9328
3 8218 8067 3308
3 8218 3308 9328
3 3311 3990 3310
3 3311 3310 10320
3 3990 9515 3310
3 4645 3310 9515
3 10320 3310 6194
3 10570 3990 3311
3 5335 10861 3312
3 5158 3314 3790
3 11030 4385 3315
3 10924 3315 5469
3 5469 3315 10971
3 3315 9059 10971
3 10924 11030 3315
3 8078 3954 3316
3 8570 3316 6954
3 6954 3316 10358
3 8078 3316 8570
3 4931 3318 5797
3 4931 8759 3318
3 6485 5960 3318
3 8759 6485 3318
3 3319 5765 4626
3 3319 9059 5765
3 3319 10971 9059
3 9092 3321 4602
3 6338 3321 9863
3 9092 9863 3321
3 6835 3322 5763
3 6835 7835 3322
3 3323 4217 4967
3 6338 4217 3323
3 3323 4967 9831
3 3323 9831 9057
3 7578 3324 9216
3 7895 9216 3324
3 7895 3324 9739
3 4020 3642 3325
3 4020 3325 9428
3 9428 3325 9541
3 4515 3326 7010
3 3326 4515 9365
3 3326 9365 6021
3 3326 6889 7010
3 3327 4946 4948
3 3327 4948 10097
3 3327 6551 9401
3 3327 10097 6551
3 3812 5395 3328
3 4306 5009 3328
3 7231 9801 3329
3 10989 7231 3329
3 7742 3329 9145
3 10989 3329 7742
3 3331 3330 5676
3 3330 4517 5676
3 3331 5676 7380
3 3332 3357 8000
3 10038 3357 3332
3 3332 8000 3429
3 3333 3945 8135
3 3333 8135 8197
3 4144 3706 3334
3 3334 3706 5051
3 5050 3334 4136
3 7927 4136 3334
3 5050 4144 3334
3 7927 3334 5051
3 5819 4043 3335
3 6696 3335 4043
3 7965 4537 3335
3 4537 7991 3335
3 5819 3335 7991
3 7965 3335 6696
3 4882 4251 3336
3 7240 3336 4251
3 4882 3336 10023
3 9065 6801 3336
3 6801 10023 3336
3 7240 9065 3336
3 7465 6947 3337
3 3338 10107 3350
3 10407 3338 3350
3 7325 3339 4464
3 4464 3339 8563
3 7583 4656 3339
3 7583 3339 7325
3 7417 5463 3340
3 6723 3341 5956
3 9896 3342 7315
3 5072 6742 3343
3 5072 3343 7885
3 9855 3343 6742
3 3343 10242 7885
3 3345 10166 5457
3 6875 3345 8546
3 6875 10166 3345
3 5655 8210 3346
3 8210 8647 3346
3 3554 3347 7028
3 11106 4519 3351
3 3738 3352 4514
3 3738 6786 3352
3 3352 7537 4514
3 3362 7286 3353
3 7286 4886 3353
3 3355 7989 3886
3 4634 5605 3356
3 5265 3356 6461
3 6001 3356 5605
3 6461 3356 6001
3 4174 8000 3357
3 7675 9008 3358
3 3476 3359 8321
3 3476 9306 3359
3 6820 3360 3861
3 5360 3360 6361
3 3360 10036 6361
3 6820 10036 3360
3 10723 4654 3361
3 3361 10366 6085
3 10723 3361 6085
3 5790 8256 3362
3 7286 3362 8256
3 3363 6008 7440
3 8473 3363 7440
3 3364 8549 3785
3 3364 3785 10009
3 8436 3364 6042
3 10009 6042 3364
3 3364 8436 7305
3 3364 7305 8549
3 3365 6017 5710
3 3365 8149 6017
3 4172 5215 3366
3 5215 4718 3366
3 5006 3367 9690
3 7438 3367 8530
3 3368 10722 5522
3 3368 10520 10722
3 5210 3369 3457
3 7881 3457 3369
3 10135 7881 3369
3 8189 10135 3369
3 3370 3627 5569
3 3370 7715 3627
3 3370 5569 7306
3 5741 3370 7306
3 10734 4262 3371
3 7792 3371 4417
3 3637 4758 3372
3 3637 3372 7684
3 4758 5582 3372
3 6913 7684 3372
3 8051 7594 3373
3 3373 7594 8875
3 7892 3374 4215
3 10560 4215 3374
3 7892 4235 3374
3 3375 9858 3888
3 3375 4810 7283
3 3821 3376 4238
3 3376 6460 7249
3 3377 7876 5739
3 3377 5739 9949
3 3377 9362 7876
3 8821 3377 9949
3 3909 3378 7262
3 7262 3378 9165
3 3378 9532 9165
3 3378 10261 9532
3 3379 6144 5561
3 3379 8745 6144
3 11061 8745 3379
3 11061 3379 10434
3 6061 6088 3380
3 9547 6061 3380
3 6411 3380 9194
3 6411 9547 3380
3 7849 4591 3382
3 4591 9270 3382
3 7849 3382 7171
3 8933 7171 3382
3 8933 3382 8825
3 9270 8825 3382
3 6687 3383 9759
3 6687 10179 3383
3 3383 8750 8984
3 3383 10228 8750
3 8932 3383 10179
3 8932 10228 3383
3 9759 3383 8984
3 5909 3384 6135
3 5909 6310 3384
3 6135 3384 6323
3 6310 6137 3384
3 3384 6137 6323
3 9420 3385 8003
3 11229 8003 3385
3 7740 3386 8997
3 3387 5468 10556
3 10756 5468 3387
3 3387 9918 6935
3 10756 3387 6935
3 3387 8626 9918
3 3387 10556 8626
3 7635 9433 3388
3 7635 3388 10127
3 3390 8393 3602
3 3390 5408 5174
3 3390 5174 6697
3 3390 6697 8393
3 3391 7114 5673
3 3391 5673 8885
3 3984 3983 3392
3 7907 3984 3392
3 7939 3392 6881
3 7907 3392 7939
3 3394 9016 5415
3 3394 5738 6715
3 3394 9593 5738
3 3394 6715 9016
3 3395 9552 4314
3 10502 3395 4314
3 3395 10391 9552
3 10502 10128 3395
3 3396 6486 4518
3 3396 4518 10995
3 3396 4946 6486
3 3396 10096 4946
3 3397 6751 6813
3 3397 8715 6751
3 9226 8715 3397
3 9226 3397 9026
3 3398 3731 9241
3 3399 7169 8214
3 3399 8214 10401
3 3861 7984 3400
3 9031 3861 3400
3 9031 3400 4174
3 3400 7984 8795
3 3401 10537 10359
3 3723 9499 3402
3 9988 3402 9499
3 3403 3936 6569
3 3403 10246 3936
3 3403 6569 5237
3 7794 3403 5237
3 10978 3403 7794
3 10978 10246 3403
3 4867 8730 3404
3 4867 3404 9367
3 9367 3404 7260
3 9510 7260 3404
3 7479 3404 8730
3 7479 9510 3404
3 4122 5903 3405
3 8272 4122 3405
3 4720 3407 6964
3 3408 3730 5868
3 3408 5868 7076
3 3409 11194 4439
3 3409 9098 9794
3 3409 10415 9098
3 3409 9794 11194
3 10043 3410 3565
3 10529 6467 3410
3 10043 7296 3410
3 7296 10529 3410
3 5045 9199 3411
3 5475 9682 3412
3 5544 3412 9712
3 3413 8577 4392
3 3413 10083 8577
3 3414 8261 8186
3 3415 9909 6225
3 10833 3416 10117
3 3700 6501 3417
3 3700 3417 7851
3 3417 5273 7851
3 10799 5273 3417
3 6471 3418 5843
3 7414 5843 3418
3 6471 6608 3418
3 3418 6608 6987
3 8137 4162 3419
3 8137 3419 7059
3 3699 10799 3420
3 3420 6980 8662
3 10799 6980 3420
3 7953 3420 8662
3 8391 3421 10059
3 8391 10963 3421
3 3421 9186 10059
3 3422 4673 3880
3 3422 6952 4673
3 3422 7932 8868
3 4980 3423 3714
3 4980 6364 3423
3 3423 6625 6992
3 4661 3424 8077
3 3424 7735 8492
3 3530 4444 3425
3 3530 3425 6139
3 3753 6139 3425
3 4444 9113 3425
3 6871 3425 9113
3 5452 3426 3711
3 6873 3711 3426
3 3426 3784 9014
3 10236 3784 3426
3 10236 3426 5452
3 6873 3426 9243
3 9243 3426 9014
3 4526 3427 4821
3 6054 3428 4601
3 3428 4638 4632
3 8342 4638 3428
3 8342 3428 6054
3 3429 8000 6508
3 8675 3430 7457
3 8675 10413 3430
3 9021 3430 10908
3 10413 10908 3430
3 3432 4443 9575
3 9782 4443 3432
3 9149 3433 3469
3 9149 10371 3433
3 3839 6298 3435
3 3436 6968 3438
3 4882 10023 3437
3 3438 6968 10027
3 3439 4197 7576
3 3439 10042 6169
3 9058 3440 5101
3 6203 3440 9058
3 5886 3441 4212
3 9983 4212 3441
3 7394 9983 3441
3 5204 3442 4408
3 3442 6053 8117
3 3443 5947 5126
3 3776 7840 3445
3 3776 3445 9878
3 6562 3445 6703
3 6562 9878 3445
3 6703 3445 7387
3 7387 3445 7840
3 5814 3446 7727
3 3446 8211 7727
3 3446 8653 8211
3 4607 3447 6044
3 4607 9407 3447
3 9406 3447 9407
3 6991 5061 3448
3 3448 5061 10534
3 10767 4192 3449
3 8223 3450 6369
3 6164 9943 3452
3 10007 3453 5197
3 5197 3453 11139
3 9127 3454 7104
3 3454 8071 8714
3 3454 9075 8071
3 9127 9075 3454
3 10773 3455 8032
3 10773 9672 3455
3 3748 3456 7889
3 9709 7889 3456
3 8189 9709 3456
3 8189 3456 10135
3 10135 3456 9955
3 5014 5210 3457
3 5014 3457 10137
3 7881 9548 3457
3 10137 3457 9548
3 5967 5202 3458
3 3459 7878 8871
3 3459 10612 7878
3 3459 8871 9032
3 9170 3459 9032
3 9170 10612 3459
3 3460 9527 8772
3 3460 8772 9597
3 3460 9597 9210
3 3460 9210 10742
3 4687 3461 4555
3 8771 3461 4687
3 5500 8578 3461
3 8771 5500 3461
3 5179 4276 3462
3 3462 4276 10140
3 7279 5179 3462
3 10408 3463 3466
3 11014 4031 3463
3 8229 3463 6533
3 10408 6533 3463
3 8229 11014 3463
3 3658 4278 3464
3 10873 3658 3464
3 3464 9495 9342
3 10873 3464 9342
3 4403 3465 4071
3 8697 3466 6340
3 9258 3466 8697
3 9258 10408 3466
3 6670 3469 3467
3 3467 3469 6943
3 6670 3467 3549
3 3549 3467 7580
3 7219 3537 3468
3 4005 3468 4290
3 6670 9149 3469
3 4670 3470 4782
3 9884 4550 3471
3 7887 3471 9174
3 3472 8260 10724
3 9906 3473 4455
3 3473 10047 4455
3 3473 8963 7584
3 3473 7584 10047
3 3473 11010 8963
3 9906 11010 3473
3 3475 10895 4497
3 3475 7109 10895
3 3475 11178 7109
3 3475 7191 9686
3 3475 9686 11178
3 3476 8321 3477
3 3476 4866 9306
3 3831 3477 4858
3 3479 4442 6383
3 3479 9299 4442
3 5890 8736 3479
3 5890 3479 10999
3 3479 6383 10999
3 3479 8736 9299
3 3983 6938 3481
3 4344 3481 6938
3 3673 4716 3482
3 3673 3482 9960
3 3482 4716 4691
3 3482 4691 9430
3 3482 9430 4710
3 3482 4710 9960
3 5668 5002 3483
3 3483 5395 6676
3 5668 3483 6676
3 4003 3485 5235
3 3800 3973 3486
3 4613 3487 5950
3 4613 7525 3487
3 7245 5950 3487
3 3489 3617 10692
3 10911 3617 3489
3 9235 3489 10692
3 3490 4597 8902
3 10466 3490 10191
3 11055 3491 3892
3 10303 5346 3491
3 10303 3491 11055
3 9861 4316 3492
3 3493 5410 6229
3 9994 3494 4387
3 6913 3494 7684
3 6913 8307 3494
3 9994 7684 3494
3 5678 7703 3495
3 3496 3852 4982
3 3496 4982 9361
3 3496 9361 5425
3 3497 4342 7543
3 3497 9883 4343
3 3497 7543 9883
3 7980 3498 10155
3 7980 11218 3498
3 9397 10741 3498
3 10741 10155 3498
3 3500 4084 9349
3 7610 6029 3500
3 6465 3501 7510
3 6465 9188 3501
3 8826 7510 3501
3 8056 8826 3501
3 9588 8056 3501
3 9588 3501 9188
3 4395 3502 9813
3 6754 3503 3665
3 6754 5559 3503
3 7353 3503 5559
3 7353 6134 3503
3 9505 10373 3504
3 9505 3504 11168
3 7719 3505 3963
3 3505 7807 3963
3 3505 6610 7069
3 7719 6610 3505
3 3506 7720 4353
3 6050 3507 9948
3 8057 3507 8575
3 8057 9948 3507
3 8575 3507 8589
3 3508 5117 6339
3 3509 3735 8560
3 3509 8560 3799
3 6281 5152 3511
3 6930 6281 3511
3 6389 3512 6728
3 3512 6725 6728
3 7777 11171 3513
3 3515 10754 5691
3 6445 3516 8119
3 6445 9867 3516
3 9219 4373 3517
3 5502 6788 3518
3 5502 3518 9673
3 6011 9673 3518
3 6788 6732 3518
3 3519 6737 6223
3 3519 6223 8366
3 3519 6623 6737
3 3519 7908 6623
3 7588 7908 3519
3 7588 3519 8366
3 8147 6276 3520
3 6462 3520 7808
3 8147 3520 6462
3 10508 7677 3521
3 3522 3644 6642
3 8709 3644 3522
3 5230 3522 7562
3 5230 8709 3522
3 3522 6642 7565
3 3522 7565 7562
3 9857 3940 3523
3 6255 3524 11180
3 9855 6742 3525
3 8271 3526 6738
3 4447 6056 3527
3 4447 3527 7454
3 6187 4816 3527
3 4816 10463 3527
3 6187 3527 6056
3 7454 3527 8949
3 8949 3527 10463
3 5683 3528 5098
3 5098 3528 5791
3 5683 7305 3528
3 5791 3528 7694
3 7305 8436 3528
3 8436 7694 3528
3 3529 5952 7548
3 3531 7557 5216
3 11019 3531 5216
3 4180 3532 8704
3 4180 8856 3532
3 6393 3535 3533
3 6394 3533 3535
3 6393 3533 10648
3 9662 3533 6394
3 9662 11157 3533
3 3533 11157 10648
3 6673 4546 3534
3 6268 3535 6393
3 11077 3535 6268
3 6394 3535 8477
3 11077 8477 3535
3 3536 5018 8420
3 3536 10499 6459
3 8498 4869 3538
3 3538 5090 5008
3 8498 3538 5008
3 9935 5090 3538
3 3539 4890 7377
3 3539 5789 7481
3 8298 5789 3539
3 8298 3539 7377
3 3540 5699 5698
3 6761 3540 5698
3 3540 6870 5699
3 3542 8136 4429
3 3542 7911 5494
3 9270 3543 5312
3 9769 5312 3543
3 6756 3543 9271
3 9271 3543 9270
3 3544 6755 4959
3 3544 4959 9000
3 6260 6871 3544
3 3544 9000 6260
3 3544 9113 6755
3 3544 6871 9113
3 6286 7246 3545
3 6286 3545 7747
3 10926 7747 3545
3 4563 3546 5757
3 4563 5983 3546
3 3546 5983 5711
3 6263 3547 7568
3 10446 3547 6263
3 10173 5444 3548
3 10173 3548 7648
3 5386 4300 3549
3 6670 3549 4300
3 3550 5057 9821
3 3550 7723 7832
3 3550 9821 7723
3 3552 5481 4475
3 9664 3552 4475
3 9421 5481 3552
3 9980 3553 5477
3 6844 3553 9980
3 6844 10982 3553
3 10982 11128 3553
3 3554 7028 8168
3 3555 3560 4929
3 6000 3560 3555
3 4924 3555 4929
3 4924 10912 3555
3 6828 6000 3555
3 6828 3555 10912
3 10876 3556 6666
3 3557 3844 3680
3 3557 3680 9534
3 3558 5013 10504
3 3558 10504 9465
3 8763 7520 3559
3 8763 3559 8980
3 3559 9272 8980
3 4480 3560 4461
3 6000 4461 3560
3 4480 8244 3560
3 3560 8244 4929
3 9708 3744 3561
3 7225 3562 8145
3 3563 4625 3701
3 3563 3701 4790
3 3563 4367 4625
3 3563 5597 4367
3 3563 4790 5597
3 3564 8381 4408
3 8972 8381 3564
3 10043 3565 6926
3 3566 3869 5108
3 10469 3869 3566
3 5108 4414 3566
3 3568 6790 7521
3 7865 4491 3570
3 10546 3570 4491
3 10546 4877 3570
3 7865 3570 5702
3 4366 8472 3571
3 3571 7541 5495
3 3571 8472 7541
3 3572 5513 7961
3 3572 7961 7507
3 3572 7507 10129
3 3573 5901 7850
3 7737 9950 3573
3 10136 7737 3573
3 10136 3573 7850
3 6325 3574 4571
3 4571 3574 7061
3 6325 6410 3574
3 8384 3574 6410
3 7210 7061 3574
3 7210 3574 8384
3 6798 4170 3575
3 4170 9052 3575
3 10475 9757 3576
3 10475 3576 9786
3 4410 6381 3578
3 11036 4410 3578
3 5720 5111 3578
3 6381 5720 3578
3 9951 4434 3579
3 4434 10493 3579
3 9333 3579 10493
3 9951 3579 9685
3 7218 6766 3580
3 4803 7755 3582
3 4803 3582 11150
3 4834 11150 3582
3 3876 6869 3584
3 4545 3584 5124
3 4545 7900 3584
3 6869 5124 3584
3 9054 3584 7900
3 3585 4755 4516
3 6115 3585 4516
3 3585 9055 4777
3 6115 9055 3585
3 4059 6209 3586
3 4059 3586 6347
3 4060 3586 6209
3 4060 10845 3586
3 10845 6347 3586
3 7174 8213 3587
3 7174 3587 11226
3 3587 8213 8382
3 3587 8382 10282
3 10650 3587 10282
3 11226 3587 10650
3 10265 3588 8284
3 4051 8007 3589
3 4051 3589 8255
3 3589 8007 10075
3 3589 10075 11225
3 3590 7180 7831
3 8827 3591 8828
3 9696 3591 8827
3 10831 8828 3591
3 4183 8038 3592
3 10289 6141 3592
3 10289 3592 8038
3 5257 3593 3618
3 5257 7646 3593
3 5523 3593 7646
3 5523 9628 3593
3 7716 6664 3594
3 7716 3594 7718
3 7397 7398 3595
3 7397 3595 9902
3 9997 3595 7398
3 9167 3596 3860
3 3597 4592 3860
3 3597 10927 4592
3 3598 6058 4021
3 3598 4021 10929
3 8496 6058 3598
3 8042 6089 3598
3 8496 3598 6089
3 8042 3598 10929
3 3902 6555 3599
3 6094 3599 4854
3 6555 4854 3599
3 6094 7293 3599
3 4615 3600 7579
3 6982 3601 4809
3 10138 4809 3601
3 9602 4827 3601
3 6982 9602 3601
3 3602 8393 5539
3 8997 3602 5539
3 8997 7523 3602
3 3604 9519 3670
3 5669 3604 7317
3 3604 5669 9519
3 3604 8368 7317
3 3605 4263 4364
3 3605 4364 9626
3 3605 9626 8120
3 9462 3606 5904
3 3606 9580 5904
3 3606 8419 11197
3 3606 11197 9580
3 3607 8644 3850
3 3607 9216 8644
3 3608 5865 7797
3 3608 8187 5865
3 7181 3696 3609
3 6427 3610 4240
3 5043 3610 5679
3 6427 5679 3610
3 3611 10811 7366
3 10089 7536 3611
3 3612 10348 6578
3 3612 9940 7674
3 3612 7674 10348
3 3612 8237 9940
3 7720 3613 6027
3 9177 6027 3613
3 8375 8981 3613
3 8981 9177 3613
3 7280 9803 3614
3 11115 7280 3614
3 9803 9541 3614
3 8987 3615 4637
3 9870 4637 3615
3 6853 3615 7602
3 9870 3615 6853
3 3963 3616 4128
3 3963 7807 3616
3 3616 7807 8363
3 7555 5257 3618
3 6992 4847 3620
3 3621 9366 4713
3 3621 4713 10683
3 10731 3621 7701
3 10731 9366 3621
3 10026 9327 3622
3 9327 11053 3622
3 10026 3622 10857
3 10553 10652 3622
3 10553 3622 11053
3 10652 10857 3622
3 4620 11228 3623
3 3623 4708 4861
3 3623 8231 4708
3 3623 11228 8231
3 9518 3624 7499
3 4727 3625 4285
3 3626 3665 6902
3 3626 7139 3665
3 3626 4719 7139
3 3626 7142 4719
3 3626 6902 5734
3 3626 5734 7142
3 7679 3627 7715
3 7679 9609 3627
3 3627 9609 8221
3 8443 6451 3628
3 8995 3628 6451
3 9745 3628 7711
3 10245 7711 3628
3 9745 8443 3628
3 10245 3628 8995
3 3629 5578 5585
3 5578 3629 7057
3 7064 3630 9489
3 7064 10130 3630
3 3630 10554 9489
3 3630 10028 10554
3 3631 6902 3665
3 5741 6140 3633
3 6131 8340 3633
3 4450 8417 3634
3 4450 3634 8899
3 8760 8494 3634
3 3634 8494 8899
3 3635 4725 4321
3 3635 4321 6931
3 6009 10726 3636
3 11142 3636 10726
3 6150 3638 6025
3 9391 6025 3638
3 10800 3639 4077
3 10307 3639 9388
3 10800 9388 3639
3 11232 3639 10307
3 4745 6090 3640
3 3640 6090 10946
3 3640 10946 7696
3 5211 4665 3641
3 7108 3641 4665
3 11198 3641 7108
3 11198 9372 3641
3 4020 9360 3642
3 3642 7565 6642
3 3642 6642 7876
3 3642 9360 7565
3 9512 6157 3643
3 3643 7701 10597
3 9512 3643 9376
3 3643 10597 9376
3 3644 5209 5739
3 3644 5739 6642
3 7923 3868 3645
3 10555 7923 3645
3 3646 4069 3654
3 3646 10062 4069
3 7043 6533 3648
3 10408 3648 6533
3 7043 3648 11069
3 10408 10235 3648
3 4736 7306 3649
3 4736 3649 9967
3 4185 4772 3650
3 3650 5746 4185
3 5907 3652 4269
3 3652 8086 4269
3 5181 4995 3652
3 3652 4995 8086
3 5181 3652 9917
3 5907 9917 3652
3 3653 4072 4785
3 10507 3653 4785
3 3654 10558 5649
3 3654 8283 10558
3 4101 3658 4276
3 4101 4278 3658
3 3658 10140 4276
3 10873 10140 3658
3 6449 5572 3659
3 9219 3660 9135
3 3661 4825 4154
3 3661 4652 4817
3 3661 4817 8285
3 3661 8285 4825
3 3662 5562 9464
3 3663 8873 3877
3 4837 3664 4841
3 4837 9659 3664
3 3664 5112 4841
3 3664 9659 9962
3 6754 3665 7139
3 3666 5875 6784
3 3666 9239 5875
3 8209 3666 6784
3 3668 7451 5383
3 3668 5383 10893
3 3668 6936 7451
3 3668 9326 6936
3 7612 3669 7069
3 7331 7102 3669
3 9854 3669 7102
3 7331 3669 7612
3 3670 7531 5195
3 3670 5195 7736
3 3670 9519 7531
3 4146 9886 3671
3 4146 3671 10369
3 3671 5337 5103
3 3671 5103 9975
3 3671 9975 10369
3 3672 6016 4113
3 3672 6149 6016
3 3673 10878 7746
3 3673 9960 10878
3 4347 5192 3674
3 4347 3674 6421
3 3674 4754 4683
3 3674 4683 6421
3 3674 5192 4754
3 3675 7534 3973
3 5896 10516 3676
3 8911 3676 10344
3 9297 3676 9262
3 9262 3676 10516
3 9297 10344 3676
3 3677 7896 7954
3 9394 3678 8708
3 8708 3678 9623
3 9127 3678 9259
3 9127 9623 3678
3 10337 9259 3678
3 10337 3678 9394
3 4115 4112 3679
3 4112 5540 3679
3 6856 4115 3679
3 6856 3679 6855
3 10818 3681 7095
3 10818 10212 3681
3 3682 3884 7741
3 3682 7741 9776
3 4852 3683 4856
3 4852 4858 3683
3 3683 6094 4856
3 3683 4858 8286
3 4954 3684 8935
3 4954 9477 3684
3 3684 5240 8935
3 3685 4651 8654
3 3685 8654 4766
3 10501 5409 3686
3 8793 7894 3686
3 7894 10501 3686
3 5336 3687 10318
3 9109 10318 3687
3 9109 3687 11238
3 11238 3687 10914
3 4129 3688 5677
3 4129 6688 3688
3 5035 5677 3688
3 5035 3688 7637
3 3688 6688 7637
3 3689 7285 3837
3 3689 7561 7285
3 4836 10430 3690
3 3690 10430 7088
3 5788 6538 3691
3 5788 3691 10831
3 7274 3691 6538
3 7274 10287 3691
3 10831 3691 8828
3 3893 10526 3692
3 3797 10562 3693
3 3694 8385 7082
3 9371 8385 3694
3 6306 10328 3695
3 10328 8620 3695
3 8620 10865 3695
3 7181 10350 3696
3 3697 6207 6483
3 3697 10368 6207
3 7019 10368 3697
3 3699 8865 5273
3 3699 5273 10799
3 3699 7367 8865
3 9596 3700 5962
3 9596 6501 3700
3 9958 3701 4625
3 9958 9579 3701
3 8397 8175 3702
3 8991 3702 8175
3 8991 8616 3702
3 3703 9312 4864
3 9312 3703 5534
3 6356 3704 4655
3 5851 7197 3704
3 3705 5527 11041
3 3705 8731 8002
3 3705 11041 8731
3 4144 4140 3706
3 4140 7226 3706
3 5051 3706 7372
3 3706 7226 7372
3 3707 3718 6716
3 3707 10940 3718
3 4369 7255 3707
3 7255 10940 3707
3 3708 4750 10150
3 3708 10950 4750
3 3708 5191 7998
3 3708 10150 5191
3 3708 7998 10950
3 6023 9169 3709
3 9249 6023 3709
3 8892 3709 9169
3 8892 10780 3709
3 9249 3709 9736
3 3709 10780 9736
3 4413 4332 3710
3 11110 3710 4332
3 10663 4413 3710
3 10663 3710 5455
3 5455 3710 11119
3 11110 10640 3710
3 11119 3710 10640
3 6873 6059 3711
3 8548 3711 6059
3 3712 7000 4220
3 3712 4220 8650
3 3712 8650 6362
3 3712 6362 10357
3 3712 9164 7000
3 3712 10357 9164
3 3713 7323 5783
3 3715 5760 3920
3 3715 3920 10352
3 7946 5760 3715
3 7946 3715 5903
3 3828 3716 3932
3 3828 7247 3716
3 10743 3932 3716
3 7212 3716 4418
3 4418 3716 7247
3 3717 6750 4853
3 6752 6750 3717
3 6752 3717 7782
3 9751 7782 3717
3 3718 10940 11027
3 5447 3719 8263
3 5447 10018 3719
3 5630 3719 10018
3 8906 8263 3719
3 3720 3774 8808
3 3720 10061 3774
3 3720 7027 10061
3 9650 3721 8457
3 9650 9652 3721
3 9730 3721 9652
3 3722 4006 4641
3 7359 3722 4641
3 3723 8098 9499
3 3724 6498 5283
3 11177 3724 5283
3 3724 6937 6498
3 11153 6937 3724
3 11153 3724 7522
3 11177 7522 3724
3 5822 5323 3725
3 5323 6690 3725
3 3725 5928 5384
3 5384 6586 3725
3 5822 3725 6586
3 5928 3725 6690
3 3726 5008 3746
3 8876 3726 3746
3 4663 8498 3726
3 9047 4663 3726
3 3726 8498 5008
3 8876 9047 3726
3 6380 3727 5142
3 6380 5930 3727
3 3728 8030 4453
3 3728 5104 5965
3 8598 5104 3728
3 3728 5965 8030
3 7044 3729 9804
3 9785 8486 3729
3 7660 3730 11063
3 3731 8188 10506
3 9241 3731 10506
3 3732 4505 6783
3 3732 8453 4505
3 3732 6783 10720
3 3732 9052 8453
3 5958 3733 6724
3 5958 6725 3733
3 7832 3865 3734
3 8367 9321 3736
3 3737 5056 5951
3 3737 7420 5056
3 4513 6786 3738
3 7632 3739 6257
3 6257 3739 8270
3 7210 3739 7632
3 7210 8384 3739
3 3740 4616 4819
3 5464 3740 4819
3 3741 5721 8897
3 9693 3741 8897
3 7958 3742 4493
3 7958 5647 3742
3 6954 3743 3920
3 3920 3743 10352
3 5354 6543 3743
3 5354 3743 6954
3 9783 7850 3744
3 3744 7850 9955
3 9708 9783 3744
3 3745 8022 7916
3 9735 3745 7916
3 3745 9261 8022
3 3745 9099 9261
3 9735 9099 3745
3 3746 5008 10763
3 8876 3746 6375
3 3746 10763 6375
3 9753 4542 3747
3 10947 3747 4542
3 10947 9569 3747
3 9753 3747 9752
3 4233 9953 3748
3 6002 11043 3749
3 10647 3749 11043
3 3750 7708 7276
3 3750 7276 8357
3 3751 5807 3838
3 3751 5701 5807
3 3751 9163 5701
3 3751 9101 9163
3 7668 8651 3752
3 9605 7668 3752
3 10431 7873 3752
3 3752 7873 11169
3 10431 3752 8651
3 5730 5565 3753
3 5565 6139 3753
3 5730 3753 11158
3 5483 6266 3754
3 5483 3754 10634
3 6266 5700 3754
3 8230 10634 3754
3 5958 3755 4375
3 6724 3755 5958
3 3755 6724 6344
3 3756 6272 7172
3 3756 8600 6272
3 4478 3757 3866
3 4478 9868 3757
3 4478 3758 9868
3 6616 9716 3758
3 6616 3758 10188
3 9716 9868 3758
3 8160 3760 8482
3 8485 3760 10768
3 7744 5436 3761
3 5436 9740 3761
3 5680 3761 7594
3 5680 7744 3761
3 9748 7594 3761
3 9748 3761 9740
3 8480 9818 3762
3 8480 3762 9880
3 9658 3762 8819
3 9818 8819 3762
3 8485 3763 7553
3 9737 7553 3763
3 8485 7629 3763
3 7629 11087 3763
3 9737 3763 10466
3 10466 3763 9750
3 9750 3763 11087
3 3764 6398 4868
3 3764 4868 9574
3 3764 9574 4884
3 3764 8523 6398
3 11131 5259 3766
3 3766 8715 10474
3 11131 3766 10474
3 6851 3767 4446
3 3767 9563 4446
3 7816 10541 3767
3 9563 3767 10541
3 6242 3768 7289
3 9909 3768 9136
3 6867 9661 3769
3 9090 10718 3770
3 3771 5922 5195
3 7531 3771 5195
3 5922 3771 7546
3 7531 10557 3771
3 4195 3772 4955
3 4195 6163 3772
3 9079 4955 3772
3 6163 8532 3772
3 5614 3773 6289
3 8663 3773 5614
3 10390 6289 3773
3 8227 3773 8663
3 6537 8808 3774
3 3777 6667 4117
3 3777 5919 6667
3 6894 3778 5188
3 3778 9638 5188
3 3778 7765 5189
3 3778 5189 9638
3 5651 3779 3828
3 5573 3779 10274
3 3981 3781 7484
3 3981 10785 3781
3 3781 8107 5737
3 3781 5737 8110
3 7484 3781 8110
3 10785 8107 3781
3 4734 3782 3898
3 9506 3898 3782
3 4734 5562 3782
3 8878 3782 5562
3 9506 3782 8878
3 4200 9242 3784
3 9242 9014 3784
3 10009 3785 8331
3 8549 9381 3785
3 10063 3787 3934
3 3787 10565 3934
3 10063 7689 3787
3 4596 3788 5991
3 10902 5991 3788
3 7799 6822 3788
3 10902 3788 6822
3 4406 6738 3789
3 9044 3791 9023
3 11143 9023 3791
3 3792 5506 4534
3 3792 5058 7446
3 7981 8564 3793
3 7277 6575 3794
3 7670 6942 3795
3 7670 3795 7105
3 4352 3796 6176
3 4352 7313 3796
3 5944 3796 7313
3 5944 8206 3796
3 7982 6176 3796
3 7982 3796 8206
3 3797 3820 10562
3 7899 3798 5270
3 5270 3798 9314
3 8895 9314 3798
3 7485 3800 8080
3 8144 3801 7582
3 3802 4477 6718
3 3802 6718 10754
3 3802 10153 10617
3 3802 10754 10153
3 3803 6953 6326
3 3803 6326 7006
3 3803 11177 6953
3 3803 7522 11177
3 8369 6190 3804
3 9684 3804 6190
3 8369 3804 10501
3 9684 11241 3804
3 10501 3804 10459
3 3804 11241 10459
3 10895 7109 3805
3 4985 4328 3806
3 4985 3806 10480
3 3807 4326 3810
3 7323 4326 3807
3 7323 3807 6700
3 8352 6700 3807
3 5372 7866 3808
3 10749 5372 3808
3 6799 3808 5714
3 6886 3808 6799
3 10749 3808 6886
3 3809 5779 4010
3 3809 4010 8305
3 3809 8388 5779
3 3809 8305 7467
3 7855 3810 4326
3 8581 5768 3810
3 7855 8581 3810
3 5238 3811 5239
3 5238 10818 3811
3 5239 3811 10590
3 3811 10185 8996
3 3811 8996 10590
3 10818 10185 3811
3 3812 7006 5952
3 4943 3813 10111
3 11186 3813 6605
3 9681 10111 3813
3 11186 9681 3813
3 7539 3814 10724
3 4150 5831 3815
3 4150 3815 8815
3 3815 5831 4191
3 3815 9742 8815
3 3816 5974 11091
3 3816 11091 7052
3 4294 3841 3817
3 4294 3817 5919
3 3817 6667 5919
3 5026 4238 3819
3 4238 9162 3819
3 3821 4238 5026
3 3821 5026 7411
3 4225 6767 3822
3 6767 6994 3822
3 8269 11113 3823
3 3824 4237 5126
3 3824 8776 4237
3 3824 5126 5947
3 8839 3824 5947
3 3824 9383 8776
3 8839 9383 3824
3 3825 5420 5119
3 3825 5119 7374
3 3827 9387 4849
3 5651 3828 3932
3 4256 3829 3969
3 3969 3829 6230
3 4852 3831 4858
3 3832 6220 5940
3 3833 6388 5491
3 5438 3834 7833
3 9718 3834 5438
3 5802 7833 3834
3 7842 3834 9718
3 3835 4986 9709
3 10363 4986 3835
3 3835 9709 5898
3 9600 10363 3835
3 4270 9046 3836
3 5787 3837 7285
3 4423 3838 9058
3 5807 5491 3838
3 5491 9058 3838
3 3839 5076 8223
3 3839 6369 6298
3 3839 8223 6369
3 8855 3840 9812
3 8855 11094 3840
3 3840 9517 10798
3 3840 11094 9517
3 5285 5182 3842
3 9280 3843 4322
3 3843 10777 4322
3 7356 7793 3843
3 7356 3843 9280
3 11195 3843 7793
3 11195 10777 3843
3 3845 6824 7389
3 3845 10892 6824
3 3845 7389 7800
3 3845 7800 8547
3 5814 3846 7387
3 5814 7727 3846
3 4520 4521 3847
3 5702 3847 4521
3 10515 6658 3848
3 10515 3848 7890
3 7890 3848 10775
3 3848 8862 10775
3 4497 3849 8863
3 7600 6639 3849
3 8863 3849 6639
3 7600 3850 6639
3 10675 6639 3850
3 10675 3850 8644
3 8076 3854 3851
3 3854 11198 3851
3 11179 9929 3851
3 11179 3851 11198
3 8076 10122 3854
3 3854 9372 11198
3 5684 5052 3855
3 5684 3855 8338
3 3856 5077 4184
3 3856 8645 5077
3 3856 6631 8645
3 6629 4628 3857
3 6746 3857 4628
3 5091 6629 3857
3 5091 3857 11202
3 6746 9856 3857
3 11202 3857 9856
3 3858 7206 5984
3 3858 10791 7206
3 3858 8552 10791
3 3859 7653 4564
3 9167 3860 4592
3 9031 6820 3861
3 3862 6409 8681
3 9132 6409 3862
3 3863 5222 6355
3 5859 3863 6355
3 5859 10091 3863
3 7611 3863 10091
3 3864 4194 8538
3 5756 3864 5446
3 5446 3864 8538
3 4478 3866 10952
3 3867 8072 8854
3 9324 8072 3867
3 8698 8693 3867
3 8693 11175 3867
3 8698 3867 8854
3 9324 3867 11175
3 8897 5548 3869
3 10469 8897 3869
3 5123 5102 3870
3 9478 3870 5102
3 5123 3870 7371
3 10521 7371 3870
3 8621 3870 9478
3 8621 10521 3870
3 9443 3871 4165
3 4055 11074 3872
3 11074 6191 3872
3 4842 3873 7545
3 4842 9453 3873
3 6294 6899 3873
3 9453 6294 3873
3 6274 8024 3874
3 6274 3874 8049
3 3874 8024 7438
3 3874 7438 8530
3 9248 3875 8710
3 8806 3875 9807
3 7479 8730 3877
3 7479 3877 8873
3 3878 4033 5873
3 3878 5873 7254
3 3903 3879 10130
3 8250 5344 3880
3 4264 8732 3881
3 9232 3881 5159
3 10108 5159 3881
3 7425 3881 9232
3 8732 10108 3881
3 5201 3882 7509
3 8216 3882 5201
3 7509 3882 9295
3 9295 3882 7763
3 10846 7763 3882
3 8216 10846 3882
3 9642 3883 11005
3 4676 9638 3884
3 7741 3884 5189
3 9638 5189 3884
3 3885 5540 5608
3 9572 6915 3886
3 5151 4267 3887
3 3887 7266 8805
3 4032 3889 9847
3 5103 5337 3890
3 5103 3890 10613
3 3890 5337 6600
3 3891 6468 7270
3 11055 3892 7675
3 5621 7358 3893
3 8118 3893 7358
3 3893 8118 10526
3 3895 7087 11141
3 3895 11141 10535
3 3896 6463 9328
3 3896 8665 8239
3 3896 9328 8665
3 9003 3897 3986
3 4708 8231 3897
3 9003 4708 3897
3 8706 4734 3898
3 10094 3898 9506
3 6443 6366 3899
3 3899 6366 10498
3 6443 3899 6660
3 4745 3900 8018
3 3901 8316 6037
3 3901 10727 8316
3 3901 10956 10727
3 3901 11201 10956
3 3902 5778 6555
3 7359 5778 3902
3 10976 7791 3903
3 5954 9907 3904
3 9241 8021 3904
3 9698 3905 8934
3 4403 4071 3906
3 10822 3906 6594
3 4026 5780 3907
3 4095 3907 5780
3 10889 3907 4095
3 9070 3907 10889
3 4065 5966 3908
3 10170 4065 3908
3 8232 3908 5966
3 8232 7857 3908
3 3909 4815 4814
3 3909 4814 5564
3 3909 7262 4815
3 5601 3911 8287
3 9326 8287 3911
3 8288 3912 7271
3 11054 5685 3913
3 11108 3913 5685
3 7657 3914 4864
3 5265 3914 7275
3 7657 7275 3914
3 4577 3915 4956
3 6506 3915 4577
3 3916 6529 4114
3 3916 7801 6529
3 3917 7609 4928
3 3917 4928 7726
3 3917 6254 7609
3 3917 7726 10708
3 3918 4047 7116
3 3918 7116 6324
3 3918 6324 8441
3 3918 8441 7564
3 3919 5063 10866
3 10585 3919 5413
3 3919 10866 5413
3 10585 5941 3919
3 8573 3920 5760
3 8570 6954 3920
3 8573 8570 3920
3 4630 7145 3921
3 4630 3921 7997
3 5320 3921 5811
3 5320 7997 3921
3 5811 3921 7500
3 7500 3921 7145
3 3922 8186 8261
3 4886 7286 3923
3 6689 8977 3923
3 8248 7659 3924
3 8701 3924 7755
3 8248 3924 8701
3 6273 3926 10230
3 6273 10288 3926
3 3926 7154 7756
3 10288 7154 3926
3 8016 3927 4048
3 9171 4048 3927
3 6568 9171 3927
3 3928 4446 9563
3 8518 3928 9563
3 8518 9694 3928
3 7572 7298 3929
3 7825 7572 3929
3 4151 5369 3930
3 4151 3930 7312
3 5051 7372 3930
3 7312 3930 7372
3 5655 3933 10860
3 8055 10860 3933
3 8817 4298 3934
3 3934 4298 11000
3 10565 8817 3934
3 10063 3934 11000
3 3936 9246 6569
3 3936 10246 10060
3 7935 4730 3937
3 7935 3937 8813
3 8790 3937 10194
3 4030 11200 3938
3 3938 8593 6538
3 11200 8593 3938
3 5113 3941 6888
3 3941 5938 6888
3 3942 9726 8961
3 3943 5466 7351
3 5885 7673 3943
3 5885 3943 10665
3 10665 3943 7351
3 3944 9212 5010
3 3944 5010 10691
3 3944 10691 11086
3 3993 8135 3945
3 3946 8526 8679
3 3946 8971 8526
3 3946 8679 10552
3 3946 10806 8971
3 8503 3947 6145
3 10273 6145 3947
3 7802 8043 3947
3 8503 7802 3947
3 8011 3947 8043
3 10273 3947 8011
3 6819 3948 6377
3 6377 3948 10360
3 6819 7773 3948
3 7773 8246 3948
3 10588 3948 8246
3 10588 10360 3948
3 3981 5734 3949
3 3981 3949 10785
3 3949 5734 6902
3 4924 5698 3950
3 4924 3950 10912
3 3950 5698 5699
3 3950 5699 6606
3 3950 6606 8063
3 3950 8063 10912
3 7985 3951 7743
3 3952 4320 5399
3 4320 3952 6015
3 3952 5399 5400
3 7870 3953 6509
3 7870 8237 3953
3 6352 3954 4056
3 8078 4056 3954
3 3955 6919 3968
3 3955 3968 7680
3 3955 6517 6919
3 10258 6517 3955
3 3955 7680 8916
3 10258 3955 8916
3 3956 11040 5275
3 6656 11040 3956
3 4788 6953 3958
3 7762 10391 3959
3 3959 10391 9927
3 4397 8689 3960
3 9307 3960 8689
3 9307 10572 3960
3 3960 10572 11160
3 5232 3961 6118
3 5232 6996 3961
3 3961 10334 6118
3 11215 3961 6996
3 9722 10334 3961
3 11215 9722 3961
3 3962 6674 10021
3 10864 6674 3962
3 3962 10021 8545
3 10569 3962 8545
3 10569 10789 3962
3 10864 3962 10789
3 3964 6352 4056
3 3964 5277 5900
3 3964 5900 8441
3 3964 8441 6352
3 4589 3965 5067
3 8545 3965 4589
3 8731 5067 3965
3 8731 3965 8002
3 8550 3966 5328
3 3966 9197 5328
3 3966 10821 7705
3 10821 3966 8550
3 4350 5841 3967
3 4350 3967 7196
3 6987 3967 5841
3 6608 3967 6987
3 3968 4786 5646
3 3968 5646 7680
3 4256 3969 10517
3 4750 3969 10150
3 4750 10517 3969
3 10150 3969 6230
3 3970 9660 5976
3 3970 5976 10242
3 3971 3972 6536
3 4158 3971 10897
3 10897 3971 6536
3 3972 8271 5766
3 10062 7211 3974
3 7211 10525 3974
3 9352 3974 8096
3 3974 10525 8096
3 11009 3974 9352
3 11009 10062 3974
3 6280 3975 9964
3 6280 9966 3975
3 7833 3975 8479
3 7833 9964 3975
3 3975 10199 8479
3 3975 9966 10199
3 3984 5910 3976
3 9302 3976 5910
3 9301 3976 9302
3 5582 4331 3977
3 6029 3977 4331
3 7687 5582 3977
3 7687 3977 8940
3 3978 5692 10661
3 3978 10661 6431
3 9301 3979 4874
3 6959 3979 8739
3 9302 8739 3979
3 9301 9302 3979
3 9069 3982 8725
3 9097 3982 9069
3 7907 5910 3984
3 9294 3985 11026
3 3985 10679 11026
3 9003 3986 9566
3 11168 9566 3986
3 10879 3988 7861
3 11154 3989 7587
3 3993 4619 3991
3 3993 3991 8135
3 4619 10668 3991
3 7742 8135 3991
3 10989 7742 3991
3 10989 3991 10668
3 10316 4643 3992
3 10356 3992 4643
3 7844 10318 3992
3 10356 7844 3992
3 10316 3992 9109
3 9109 3992 10318
3 9110 3994 9111
3 9111 3994 10863
3 10320 10323 3994
3 10323 10863 3994
3 6267 5370 3995
3 3995 5370 10128
3 8832 3995 5821
3 10502 5821 3995
3 6267 3995 8729
3 8729 3995 8832
3 10502 3995 10128
3 3996 4860 5709
3 11024 3996 5709
3 6833 3996 8768
3 9035 8768 3996
3 9035 3996 11024
3 3997 4906 5935
3 3997 8265 4906
3 3997 5935 6159
3 3997 9288 8265
3 3997 9286 9288
3 8665 3999 8239
3 4000 7856 6965
3 7282 4000 7399
3 10376 4470 4001
3 8212 4001 10191
3 10376 4001 8212
3 9737 10191 4001
3 4002 5700 10815
3 4003 5235 8376
3 6220 4004 5940
3 8426 4004 6220
3 6224 4004 8426
3 6224 10428 4004
3 5671 4005 4290
3 4006 4149 4641
3 4149 4006 7029
3 4007 6524 6425
3 8132 4008 8319
3 8132 11117 4008
3 8711 8319 4008
3 8711 4008 11037
3 11037 4008 9380
3 11117 9380 4008
3 4009 4961 4430
3 4009 10611 4961
3 5980 9313 4009
3 4009 9313 10611
3 10293 4010 5779
3 10291 4010 6787
3 10293 6787 4010
3 10291 8305 4010
3 6193 4026 4011
3 4011 4026 6466
3 4120 4011 6466
3 8323 6193 4011
3 7238 6406 4012
3 5332 4014 5617
3 5332 6727 4014
3 7988 5617 4014
3 7267 7988 4014
3 4095 4015 4019
3 5297 4019 4015
3 4095 5780 4015
3 4016 5759 8137
3 4460 4373 4017
3 9219 4017 4373
3 9219 9135 4017
3 11064 4018 7532
3 11064 8183 4018
3 5719 4019 5297
3 5719 5508 4019
3 4020 10680 9360
3 4020 9428 9429
3 4020 9429 10680
3 6058 5530 4021
3 4021 5530 9277
3 4021 9277 8982
3 10929 4021 8982
3 4888 7249 4022
3 4888 4022 10476
3 5895 4022 7249
3 5895 7883 4022
3 7883 9161 4022
3 10476 4022 9161
3 5890 10999 4023
3 4024 5286 5466
3 8983 5286 4024
3 8983 4024 9939
3 4024 9847 9939
3 9237 4025 4583
3 4583 4025 9265
3 4025 5789 9265
3 9237 8879 4025
3 4025 8879 9488
3 6193 5780 4026
3 9167 4592 4027
3 7442 6095 4027
3 9167 4027 6095
3 7250 5568 4028
3 6990 7250 4028
3 6990 4028 9181
3 4030 7158 8822
3 4030 8822 11200
3 5607 9679 4031
3 4032 10635 10631
3 4845 4034 7672
3 4845 9354 4034
3 5193 5966 4034
3 5193 4034 9354
3 5200 4034 5966
3 5200 7672 4034
3 7130 10093 4035
3 7851 4922 4036
3 8225 4036 4922
3 4036 8225 8242
3 4037 8249 4042
3 4037 4042 10778
3 7429 4264 4037
3 7429 4037 10778
3 4972 5100 4038
3 4972 4038 10102
3 5100 5798 4038
3 4038 5798 7667
3 10222 4038 7667
3 10222 10102 4038
3 4039 4048 7449
3 4039 8016 4048
3 4039 7124 8016
3 4039 10075 7124
3 4039 7449 11225
3 4039 11225 10075
3 4040 5389 4774
3 4040 4774 6957
3 4040 6957 10350
3 7181 4040 10350
3 6680 4041 5929
3 5929 4041 7188
3 6680 7624 4041
3 4041 7524 7188
3 7406 7524 4041
3 7406 4041 7624
3 8249 5372 4042
3 4042 5372 10749
3 4042 10749 10778
3 6696 4043 5804
3 5818 4043 5819
3 5818 6799 4043
3 4044 6566 4046
3 7663 6566 4044
3 10086 10314 4044
3 9103 4045 5172
3 4046 6566 7027
3 11224 4046 7027
3 11224 7263 4046
3 6571 6341 4047
3 6341 7116 4047
3 10203 6571 4047
3 9749 4471 4049
3 8215 9749 4049
3 4050 8258 6253
3 4050 6253 10519
3 4050 8172 8258
3 4050 10519 9663
3 7123 8007 4051
3 7123 4051 11068
3 4051 8255 11068
3 9292 4052 5772
3 4052 11074 5772
3 8617 6191 4052
3 4052 6191 11074
3 8617 4052 8591
3 8591 4052 9292
3 5425 4053 6179
3 7113 6179 4053
3 7797 7113 4053
3 4054 4518 11067
3 10610 4055 4906
3 10610 11074 4055
3 8078 8451 4056
3 4057 4899 10737
3 5987 4057 10737
3 4058 7631 4565
3 4058 4565 10000
3 6521 7631 4058
3 6521 4058 8733
3 4058 8673 8733
3 4058 10000 8673
3 4059 4680 5213
3 4059 5214 4680
3 4059 5213 6209
3 4059 6347 5214
3 4060 6209 8578
3 7658 4634 4061
3 5214 6347 4062
3 5214 4062 8037
3 6521 4062 6347
3 4062 6521 6519
3 6519 7995 4062
3 4062 7995 8037
3 4639 5827 4063
3 4639 4063 8820
3 4063 6277 8820
3 6112 9088 4064
3 9088 7788 4064
3 4544 4065 6659
3 4544 9137 4065
3 9137 5966 4065
3 10170 6659 4065
3 8082 5286 4066
3 8983 4066 5286
3 8082 4066 7877
3 6585 4067 10085
3 6585 10985 4067
3 5537 9123 4068
3 4068 10582 5537
3 7364 4068 9894
3 7364 10582 4068
3 9123 9304 4068
3 9894 4068 9304
3 11009 4090 4069
3 11009 4069 10062
3 6589 4070 4765
3 6975 4765 4070
3 6589 5401 4070
3 6975 4070 7292
3 9355 4072 6082
3 10533 4073 8756
3 10004 4073 9222
3 5015 6825 4074
3 5015 4074 8610
3 7800 4074 6825
3 7800 8720 4074
3 4912 4075 6591
3 5136 4076 6611
3 5636 6611 4076
3 5636 4076 7106
3 7106 4076 10129
3 6682 4079 6312
3 6771 4079 8306
3 7307 4080 11039
3 4081 6468 6456
3 7270 6468 4081
3 7270 4081 8787
3 5394 4082 6143
3 4092 4083 5603
3 4092 9319 4083
3 4083 9319 10990
3 6682 6312 4084
3 6682 4084 9912
3 7264 6651 4085
3 10421 7264 4085
3 8995 10011 4085
3 9409 4085 10011
3 10421 4085 9409
3 4086 4751 4762
3 4087 8131 6039
3 4087 6039 8317
3 4087 8317 6910
3 9839 8131 4087
3 7063 4088 5155
3 10126 4088 7063
3 6617 7063 4089
3 8941 4090 7344
3 4090 9352 7344
3 8941 9353 4090
3 11009 9352 4090
3 6617 4091 7063
3 7957 4091 6617
3 10126 7063 4091
3 8992 4093 5618
3 11212 5618 4093
3 8992 9284 4093
3 11212 4093 9452
3 4096 9691 7718
3 4096 8434 9691
3 9496 4097 5590
3 9496 10735 4097
3 4738 4098 9471
3 4738 9923 4098
3 4098 8534 9471
3 4098 9923 9487
3 4099 6983 10121
3 4138 5575 4100
3 4100 8345 8380
3 4102 4739 8955
3 4102 9458 4739
3 4102 10842 9458
3 4102 10884 10842
3 4138 4103 9743
3 4103 4729 9743
3 5100 4104 5798
3 5847 8010 4104
3 4105 4691 11134
3 6332 4105 4714
3 4714 4105 11134
3 6332 8976 4105
3 11126 4105 8976
3 4106 10849 8734
3 5373 7940 4107
3 4107 9631 7263
3 7940 7641 4107
3 9631 4107 7641
3 6671 4229 4108
3 4229 9581 4108
3 5556 6671 4108
3 6898 4108 9581
3 11126 4109 4698
3 11141 7087 4109
3 11126 8976 4109
3 11141 4109 8976
3 4110 8977 4923
3 4110 7330 7253
3 8735 4111 6079
3 7033 4111 8123
3 4111 8735 8123
3 4115 5348 4112
3 4112 5608 5540
3 4114 7418 6100
3 6529 7418 4114
3 10456 5348 4115
3 4116 5728 8912
3 5005 4117 6667
3 4118 4123 5542
3 6520 8097 4119
3 10525 6520 4119
3 8096 10525 4119
3 8362 4120 7202
3 6183 5903 4122
3 8893 6183 4122
3 8272 7145 4122
3 8893 4122 7145
3 6472 5542 4123
3 6472 4123 6471
3 6471 4123 6608
3 4897 4124 5201
3 7331 7612 4124
3 9318 6107 4125
3 10938 4125 6107
3 7721 6436 4125
3 9318 4125 6436
3 7721 4125 11135
3 11135 4125 10938
3 7722 4126 4131
3 7722 10127 4126
3 8390 4126 10535
3 10535 4126 10127
3 6213 5843 4127
3 7414 4127 5843
3 5853 4127 7414
3 7157 6213 4127
3 7157 4128 6211
3 4129 5677 11156
3 4129 5953 6251
3 4129 11156 5953
3 4129 6251 6688
3 6866 4131 10488
3 7157 6211 4132
3 4132 6217 6213
3 7157 4132 6213
3 4132 6613 6217
3 6075 4133 5669
3 4133 9519 5669
3 7983 4133 6075
3 7983 7085 4133
3 7085 8389 4133
3 9519 4133 8389
3 9394 8708 4134
3 8708 11084 4134
3 9394 4134 9491
3 5050 4136 4143
3 8429 4143 4136
3 7927 7021 4136
3 8429 4136 7021
3 7025 4137 5121
3 7929 5121 4137
3 7160 7929 4137
3 10109 7160 4137
3 4138 8955 5575
3 4138 9743 8955
3 10240 4139 9402
3 4140 4142 7226
3 8348 7513 4141
3 4142 4145 7226
3 5050 4143 7527
3 10998 7527 4143
3 10998 4143 8429
3 4145 7372 7226
3 4146 7959 9886
3 5703 7474 4147
3 4147 9591 8421
3 7814 4148 10894
3 9791 4148 10834
3 10894 4148 9791
3 4148 10370 10834
3 4641 4149 6348
3 4149 7350 6348
3 7029 7604 4149
3 7350 4149 7604
3 8680 8034 4150
3 8680 4150 10017
3 4150 8815 10017
3 10550 9286 4152
3 4153 6313 5351
3 4153 5351 7161
3 4153 7574 6313
3 4175 10029 4155
3 6746 4628 4156
3 5085 11049 4156
3 4157 7457 4860
3 8675 7457 4157
3 8675 4157 9962
3 4158 10897 8366
3 4319 4159 10473
3 7401 10473 4159
3 4161 5000 4731
3 4161 4731 6127
3 4161 6127 6129
3 4161 6129 6904
3 5759 4162 8137
3 4163 4712 5316
3 11108 4712 4163
3 5185 4163 5316
3 6577 4163 5185
3 9666 4556 4164
3 9666 4164 4869
3 4636 4166 7163
3 4957 4166 6447
3 4957 10909 4166
3 10909 7163 4166
3 7273 4167 7964
3 9781 7964 4167
3 7595 7163 4168
3 6115 4516 4170
3 4170 4516 9052
3 6789 4171 5503
3 5503 4171 7328
3 6789 6798 4171
3 10470 7328 4171
3 6125 5215 4172
3 6125 4172 6304
3 7968 4173 6012
3 7968 7222 4173
3 9081 4173 7222
3 8914 4173 9081
3 8435 4175 5321
3 4175 8435 10029
3 6248 4176 7205
3 8807 7205 4176
3 8155 8807 4176
3 5356 4177 5024
3 10867 5024 4177
3 10867 4177 5086
3 5486 4177 5356
3 4178 6764 6132
3 4178 6132 6815
3 8856 6764 4178
3 4178 6815 8414
3 8856 4178 8414
3 7768 4179 4512
3 4512 4179 9968
3 11049 9968 4179
3 4180 6130 6764
3 4180 6764 8856
3 4962 4190 4181
3 4190 6523 4181
3 4962 4181 4964
3 4964 4181 6994
3 6648 4181 6523
3 6648 6994 4181
3 7921 4182 4805
3 8241 6453 4182
3 9126 4182 6453
3 8241 4182 7921
3 7913 8038 4183
3 5077 9486 4184
3 4184 9486 10116
3 4185 4188 4772
3 4211 4186 8869
3 7785 4933 4187
3 4933 9303 4187
3 4187 9303 9714
3 9910 4187 9714
3 4188 7787 4772
3 6016 4189 6019
3 6016 6149 4189
3 4190 6631 6523
3 8645 6631 4190
3 4191 9681 5079
3 5977 4193 7183
3 5977 10412 4193
3 7183 4193 8085
3 8085 4193 8775
3 10412 8775 4193
3 10215 4194 9093
3 4195 4432 6163
3 4195 7625 4432
3 4195 4955 6868
3 4195 6868 7625
3 4197 6635 5878
3 4198 5989 4411
3 7817 4198 4411
3 4421 9242 4200
3 9827 10672 4200
3 10006 4241 4201
3 9297 9262 4201
3 7894 4202 8369
3 7894 8433 4202
3 4603 8333 4203
3 4603 4203 8650
3 8650 4203 6362
3 8658 6362 4203
3 8333 10354 4203
3 10354 8658 4203
3 4857 4609 4204
3 4857 4204 8408
3 5552 8408 4204
3 8483 5552 4204
3 8777 4205 6672
3 8777 8666 4205
3 7230 4206 4437
3 5501 4206 7230
3 4847 7967 4207
3 6636 6637 4207
3 6706 6636 4207
3 6706 4207 7967
3 4208 4690 4693
3 4208 7746 4690
3 4208 4693 7546
3 4209 6909 5848
3 4209 5848 9869
3 9869 6148 4209
3 4209 6148 9875
3 7313 6714 4210
3 9340 4210 6714
3 10481 7313 4210
3 7838 7841 4210
3 7838 4210 9340
3 10481 4210 7841
3 4211 8214 7169
3 4211 8869 8214
3 5886 4212 8208
3 4212 6973 8208
3 10427 4213 4358
3 10427 5117 4213
3 4214 8844 5310
3 4214 8869 8844
3 9092 4215 6609
3 6609 4215 10560
3 7892 4215 9677
3 9092 9677 4215
3 5696 4216 7579
3 5696 7676 4216
3 4216 7676 5981
3 7579 4216 10219
3 10458 4967 4217
3 7336 10458 4217
3 4814 4219 5564
3 9500 4219 4814
3 6117 5564 4219
3 4603 8650 4220
3 5882 4220 7000
3 4501 7826 4221
3 4501 4221 9586
3 9697 9586 4221
3 10561 9697 4221
3 4222 4234 4675
3 5046 4222 6556
3 5735 4223 6438
3 9533 4223 5735
3 6066 4223 9533
3 6066 10678 4223
3 4624 6767 4225
3 4624 4225 7167
3 4226 4227 5267
3 4226 10871 4227
3 4255 10871 4226
3 4226 5267 5632
3 11047 4226 5632
3 5267 4227 9009
3 9336 9009 4227
3 4228 11191 4851
3 4228 9077 9823
3 4228 9823 11191
3 4702 4229 6671
3 4229 6088 9581
3 4230 11077 6268
3 9671 4231 7517
3 9969 6202 4232
3 7842 9718 4232
3 9969 4232 9718
3 10696 4233 9162
3 7892 8592 4235
3 8592 9544 4235
3 8785 4236 9974
3 9329 5126 4237
3 8522 4237 8776
3 8522 10119 4237
3 9329 4237 10119
3 8799 4239 8053
3 9291 8053 4239
3 8235 4239 8799
3 11231 4239 8235
3 10037 9291 4239
3 10037 4239 11231
3 4240 5188 6102
3 4240 6102 5551
3 6427 4240 5551
3 10419 4241 10006
3 6100 6469 4242
3 6607 4242 6469
3 6607 11176 4242
3 4243 5656 9683
3 10910 5656 4243
3 11114 4243 9683
3 10910 4243 10022
3 8623 6765 4244
3 8623 4244 7345
3 4245 5176 5411
3 4245 7084 5176
3 4245 5411 10233
3 4245 10233 7476
3 8404 5319 4246
3 8509 4246 5319
3 4246 11229 5327
3 4247 5977 7853
3 4247 10702 5977
3 4247 8527 10702
3 4248 10495 6952
3 9007 4248 9897
3 9007 10495 4248
3 4249 8360 8889
3 7630 8683 4250
3 7630 4250 11206
3 10969 4250 8683
3 10969 10847 4250
3 5014 4251 4882
3 5014 10137 4251
3 7321 7240 4251
3 7321 4251 10137
3 10059 5110 4252
3 8391 4252 5902
3 8391 10059 4252
3 7383 9141 4253
3 7383 4253 9160
3 7831 4417 4254
3 4994 4254 5793
3 7831 4254 4994
3 5467 5793 4254
3 4255 4256 9460
3 4256 10517 9460
3 9260 5240 4257
3 4257 5240 9776
3 8806 4257 5844
3 4257 9776 5844
3 8806 9807 4257
3 9260 4257 9807
3 4258 10104 4436
3 4258 5836 5135
3 4258 5135 10104
3 4258 6429 5836
3 5632 5267 4259
3 4259 5267 8526
3 8128 5632 4259
3 8128 4259 7781
3 7781 4259 8526
3 7644 4593 4261
3 4261 4593 9308
3 9063 7644 4261
3 4261 9308 9796
3 4261 9796 10622
3 4265 8500 4266
3 5573 10274 4265
3 7990 4266 8609
3 8500 8025 4266
3 8609 4266 8025
3 5151 10118 4267
3 7649 4268 8378
3 4269 6444 6525
3 4269 8086 6444
3 6365 4270 6906
3 6450 9046 4270
3 5909 4273 4271
3 7915 4271 4273
3 5909 4271 6310
3 4272 6982 4809
3 10588 7017 4274
3 4274 7017 11018
3 4274 11018 10875
3 4288 4275 6414
3 8892 4275 4288
3 4275 10870 6414
3 10930 4275 8892
3 9480 8823 4277
3 9939 4277 8823
3 9939 9847 4277
3 4281 4283 7308
3 9414 4281 7308
3 11205 9122 4281
3 11205 4281 9414
3 7121 4282 6678
3 6678 4282 9294
3 6679 4282 7121
3 7783 9294 4282
3 6140 9967 4283
3 5048 4284 6561
3 5889 6647 4284
3 6647 6561 4284
3 4286 8275 9619
3 4286 10686 8275
3 4286 8466 8702
3 4286 8702 10686
3 4286 9619 8767
3 6111 7987 4287
3 11071 6111 4287
3 4288 6414 10781
3 8892 4288 10780
3 4288 10781 10780
3 6144 4291 5561
3 10599 6666 4292
3 4293 8952 9386
3 8803 4295 8901
3 8803 9119 4295
3 4295 8847 10095
3 11107 8901 4295
3 11107 4295 10095
3 10235 4296 8847
3 9258 4296 10235
3 9301 4874 4297
3 8817 4932 4298
3 9172 11000 4298
3 5386 7184 4300
3 6670 4300 5670
3 4301 7618 8944
3 10142 7618 4301
3 10142 4301 8165
3 10016 4301 8944
3 4302 7619 9488
3 9696 7619 4302
3 8879 4302 9488
3 8879 10395 4302
3 9696 4302 10808
3 4302 10395 10808
3 8308 5408 4303
3 8308 4303 7874
3 4853 9187 4305
3 8857 8798 4307
3 4307 8798 11104
3 9995 4307 11104
3 8802 7187 4308
3 10035 4308 7187
3 8219 8802 4308
3 8860 4308 10034
3 10035 10034 4308
3 4310 6819 6377
3 4310 6377 8445
3 4310 6387 7904
3 4310 8445 6387
3 4310 9035 6819
3 4310 7904 9035
3 4867 8618 4311
3 4867 4311 10584
3 4311 8618 8849
3 8841 4311 8849
3 4312 6048 5144
3 4312 5144 6376
3 9028 5458 4313
3 11132 4313 5458
3 10068 6686 4313
3 10068 4313 11132
3 10025 9244 4314
3 10502 4314 9244
3 9290 4314 9552
3 10025 4314 9290
3 4315 8277 5272
3 8483 4317 5478
3 4317 9001 5478
3 5899 4317 8134
3 4320 6015 4318
3 4318 6015 4578
3 8455 9650 4319
3 8455 4319 10473
3 4319 9650 8457
3 4320 7405 5399
3 4725 6581 4321
3 4321 6581 5517
3 8913 4321 5517
3 8913 6931 4321
3 9447 4322 7854
3 7854 4322 10839
3 9280 4322 9447
3 10839 4322 10777
3 4323 6186 6184
3 4327 5676 4517
3 8106 4327 4517
3 4327 7380 5676
3 8106 5768 4327
3 6641 4329 7886
3 10445 7886 4329
3 10445 4329 9407
3 6847 9013 4330
3 10606 6847 4330
3 10106 4330 9013
3 10106 11105 4330
3 4758 4331 5582
3 4758 7678 4331
3 11110 4332 9004
3 4333 8940 4334
3 4333 4334 9576
3 7337 4333 7686
3 7337 7687 4333
3 4333 9576 7686
3 4333 7687 8940
3 5915 4334 8940
3 5915 9423 4334
3 6214 4335 4336
3 6214 4336 6385
3 6950 6385 4336
3 6560 6950 4336
3 4337 5499 8014
3 4337 9182 5499
3 4337 8728 5512
3 4337 5512 9182
3 4337 8014 9446
3 4337 9446 8728
3 4338 8566 6434
3 4339 6133 6317
3 4339 9485 6133
3 4339 6317 8377
3 4339 10738 9485
3 4340 6178 4341
3 5413 5610 4342
3 5413 4342 7708
3 5610 7543 4342
3 9883 9559 4343
3 10592 7930 4345
3 10592 4345 8431
3 4347 7724 5192
3 5967 4347 6421
3 4348 6987 5841
3 7765 5421 4349
3 9476 4349 5421
3 7741 4349 5844
3 4349 10361 5844
3 7765 4349 7741
3 9476 10361 4349
3 5946 4350 7586
3 7586 4350 7196
3 10481 7841 4351
3 4352 6176 7198
3 4352 7198 9341
3 4352 9341 7313
3 11188 4353 7720
3 11188 9806 4353
3 6078 10153 4354
3 4354 10153 10754
3 4355 10230 6405
3 4355 6405 10254
3 4355 8005 10230
3 4356 5687 4646
3 6859 4356 11004
3 4375 6119 4357
3 4375 4357 6730
3 4357 4379 6728
3 4357 7026 4379
3 4357 6119 7026
3 6730 4357 6728
3 6415 8705 4358
3 4359 5176 7084
3 4359 5538 10549
3 4360 4646 5687
3 4360 8196 4646
3 4360 5458 8196
3 11132 5458 4360
3 5538 11132 4360
3 11064 4361 5829
3 11064 7532 4361
3 7777 4363 8469
3 5358 5924 4365
3 5925 5358 4365
3 5925 4365 7410
3 4365 11099 7410
3 4366 7439 6010
3 4366 6010 10468
3 4366 10468 8472
3 4367 5597 4479
3 4367 4479 6083
3 4367 7144 4625
3 4367 6083 7144
3 4688 4368 5956
3 4688 8187 4368
3 4369 5795 7255
3 4370 9143 10544
3 4372 9611 4371
3 4371 4941 7039
3 4371 9012 4941
3 4371 9611 9012
3 9578 10437 4372
3 4372 10437 9611
3 4460 4969 4373
3 4374 4379 5433
3 6728 4379 4374
3 5951 5056 4374
3 6389 4374 5056
3 5951 4374 5433
3 6389 6728 4374
3 5958 4375 6730
3 5486 5356 4376
3 5801 5486 4376
3 9083 9041 4377
3 9083 4377 10195
3 7483 6836 4378
3 8425 4378 6836
3 7483 4378 10603
3 10646 10603 4378
3 5435 5433 4379
3 7026 5435 4379
3 10795 4380 6493
3 7244 4380 7326
3 4381 9985 5773
3 4381 5773 10362
3 4381 8424 9985
3 4381 10213 8424
3 4381 9618 10213
3 4381 10362 9618
3 7749 4792 4382
3 9629 5577 4382
3 10633 4382 5577
3 5380 6497 4383
3 4383 6497 6462
3 4383 6462 7808
3 7498 4383 7808
3 4908 4384 6205
3 4908 7294 4384
3 5717 4384 6812
3 5717 7404 4384
3 6205 4384 7151
3 6812 4384 7294
3 7151 4384 7404
3 8405 6981 4385
3 8405 4385 8624
3 11030 8624 4385
3 4386 6587 6474
3 4387 6934 6258
3 10695 4387 6258
3 9994 4387 10695
3 5659 5149 4388
3 4388 6372 5163
3 9633 4388 5163
3 5659 4388 9633
3 5860 7908 4389
3 6081 4390 5439
3 8112 5439 4390
3 4393 5439 8112
3 4394 5081 6263
3 5087 5695 4394
3 5087 4394 6263
3 4395 8537 7568
3 4395 9813 8537
3 5984 7206 4396
3 4396 7422 6096
3 7422 4396 7206
3 10809 8689 4397
3 4900 5747 4399
3 10918 4399 6841
3 11023 4400 8462
3 10494 4401 4580
3 7775 4401 8094
3 10494 8094 4401
3 4404 7283 4810
3 8320 9105 4405
3 8320 4405 11192
3 4405 10766 8402
3 4405 8402 11192
3 4405 8419 10766
3 4405 11197 8419
3 9105 11197 4405
3 5282 5450 4406
3 4406 5450 6738
3 8234 5637 4407
3 7992 4407 8282
3 5975 9865 4409
3 9858 9347 4409
3 4410 4525 9073
3 4410 9692 4525
3 4410 9073 6381
3 11036 9692 4410
3 4412 5006 6122
3 10663 4961 4413
3 5108 6785 4414
3 4415 4945 4433
3 4415 4433 7016
3 4415 6861 4945
3 4415 7016 8444
3 4416 9948 4587
3 4416 8946 8341
3 4416 8341 9948
3 4416 9745 8946
3 7792 4417 7180
3 7831 7180 4417
3 4418 5007 4993
3 7212 4418 4993
3 4418 7247 5007
3 7053 5107 4419
3 4420 7224 7035
3 4420 10887 7224
3 4421 10887 9242
3 4503 7288 4422
3 7288 8251 4422
3 8251 10528 4422
3 4422 10528 11089
3 4423 9058 5101
3 4424 9064 11157
3 9662 4424 11157
3 4425 10504 5013
3 4425 6801 5429
3 4425 5429 10931
3 4425 10931 10504
3 8329 4426 5794
3 8329 10676 4426
3 4426 10676 9063
3 4427 8579 9987
3 4427 10641 8579
3 4427 9987 10166
3 4427 10166 11119
3 4427 10640 10641
3 4427 11119 10640
3 4428 7470 6763
3 10663 4430 4961
3 10663 9832 4430
3 7535 8136 4431
3 5390 6163 4432
3 5390 4432 7905
3 5842 4433 4945
3 8541 4433 5842
3 8304 7016 4433
3 8541 8304 4433
3 5094 6278 4434
3 9221 5094 4434
3 4434 6278 8631
3 4434 8631 10493
3 9951 9221 4434
3 8274 4435 7952
3 11107 4435 8901
3 6136 8158 4437
3 6136 4437 9639
3 7230 4437 8158
3 6851 4446 4439
3 6851 4439 11194
3 4440 9688 10178
3 11124 4441 4449
3 11124 6402 4441
3 4442 9299 4623
3 4442 4623 9810
3 4442 6330 6383
3 4442 9810 6330
3 7623 9575 4443
3 4445 8548 6059
3 10333 4445 6059
3 9836 4445 9842
3 10333 9842 4445
3 4447 7454 9120
3 4450 8899 6988
3 4450 6988 8937
3 4450 9091 8417
3 4450 8937 9091
3 10157 5242 4451
3 10157 4451 7354
3 4452 5593 6020
3 4452 7443 5593
3 7233 4452 6020
3 4452 7045 7443
3 5142 4453 8030
3 4454 5106 5038
3 4454 9734 5106
3 4454 8556 9876
3 4454 9876 9734
3 6918 4455 10667
3 6918 10744 4455
3 9906 4455 10744
3 10047 10667 4455
3 7325 4464 4456
3 4456 4464 8183
3 10647 11043 4457
3 4459 7420 6448
3 4460 5461 4969
3 6000 7258 4461
3 11155 4461 7258
3 4462 5424 4656
3 10688 4462 4656
3 4462 10997 5424
3 8195 5589 4463
3 8816 4463 5589
3 8816 10380 4463
3 7521 7047 4466
3 4467 5588 7601
3 4467 9665 5588
3 4467 9159 9665
3 4468 8212 10191
3 9142 4469 5908
3 5908 4469 11159
3 8874 4469 9322
3 9142 9322 4469
3 9627 4573 4470
3 9627 4470 7796
3 9749 10223 4471
3 5729 4475 5481
3 5729 8489 4475
3 9158 4475 8489
3 9664 4475 9158
3 4756 4476 9400
3 4756 9542 4476
3 6303 4476 6622
3 6303 9400 4476
3 6622 4476 9425
3 9542 9425 4476
3 5597 10993 4479
3 10364 6083 4479
3 8395 10364 4479
3 4480 6830 8528
3 4480 8528 8244
3 8276 5580 4481
3 4481 5580 9568
3 8276 4481 10882
3 4482 9990 8475
3 4918 8050 4484
3 9982 5732 4484
3 8050 10491 4484
3 10491 9982 4484
3 4485 7235 6878
3 4485 6878 7903
3 4485 7903 9979
3 4579 10748 4486
3 4579 4486 10782
3 7321 10137 4486
3 7321 4486 11096
3 4486 10137 10782
3 4486 10748 11096
3 5936 4488 5023
3 5705 4489 9704
3 11106 4489 5705
3 4490 8131 10967
3 4490 10967 8760
3 6272 4491 7172
3 7865 7172 4491
3 5493 4493 4494
3 5493 7958 4493
3 4494 8456 6488
3 7227 4496 10351
3 4498 9050 6508
3 4498 6508 9793
3 6630 10001 4498
3 4498 10001 9050
3 8473 4499 4500
3 8473 7440 4499
3 4501 10667 4747
3 4501 9586 10667
3 4502 6826 5706
3 4502 5706 7435
3 4502 9310 7434
3 4502 7435 9310
3 5027 7288 4503
3 5027 4503 7410
3 4503 5925 7410
3 6007 4504 6121
3 6007 6401 4504
3 7439 6121 4504
3 4505 5107 6783
3 4506 10236 5452
3 7828 10236 4506
3 8761 4984 4507
3 8761 4507 5084
3 4508 8449 7143
3 4508 7777 8449
3 4508 11171 7777
3 4508 11172 11171
3 4575 4901 4509
3 4575 4509 11105
3 4901 6198 4509
3 11242 4509 6198
3 11105 4509 10098
3 11242 10098 4509
3 4511 5694 4879
3 6288 7830 4512
3 6288 4512 8133
3 7768 4512 7830
3 4512 9968 8133
3 4513 7427 6786
3 4515 7010 9207
3 4515 9207 9946
3 4515 10308 9365
3 4515 9946 10308
3 4755 8453 4516
3 9052 4516 8453
3 11067 4518 6486
3 11106 5705 4519
3 4520 5965 4521
3 9033 5965 4520
3 10319 9033 4520
3 5104 5407 4521
3 5104 4521 5965
3 5407 5702 4521
3 5992 7818 4522
3 10699 4522 7818
3 10699 8659 4522
3 5173 4523 9001
3 5173 9561 4523
3 4523 5485 5478
3 4523 5478 9001
3 4523 10079 5485
3 4523 9561 10079
3 4526 4821 10217
3 4526 8181 7759
3 4526 10217 8181
3 8368 4528 7317
3 7358 4528 8118
3 8256 8118 4528
3 4528 8368 8256
3 4529 5150 5250
3 4529 6775 5150
3 5250 7221 4529
3 5998 4529 7221
3 4530 6773 6794
3 4530 7538 6773
3 4530 6794 6793
3 4530 6793 9775
3 4530 6932 7538
3 4530 9775 6932
3 6403 4532 6497
3 6811 4532 6403
3 9899 4533 9535
3 9952 4533 9672
3 6735 4535 4534
3 6795 4534 4535
3 6735 4534 5506
3 6795 4535 4889
3 4889 4536 6017
3 6022 4536 4889
3 5710 6017 4536
3 6022 7541 4536
3 6986 4669 4538
3 4538 4669 7613
3 7075 4538 7613
3 7075 8716 4538
3 7558 4539 7965
3 4677 4540 9399
3 4931 10618 4541
3 9205 4541 10618
3 9753 4910 4542
3 4544 6659 8758
3 11045 4544 8758
3 11045 9137 4544
3 9062 7900 4545
3 8471 9062 4545
3 6673 5392 4546
3 4547 5155 4921
3 4547 4921 5334
3 4548 8065 4872
3 8909 4549 5254
3 6290 4549 5255
3 9884 6558 4550
3 10393 4550 6558
3 4551 4701 5161
3 4551 5161 10832
3 4551 10832 7066
3 4552 11127 4559
3 4552 4777 11127
3 7934 4871 4554
3 4871 9086 4554
3 7934 4554 4939
3 10787 4939 4554
3 4687 4555 4712
3 4712 4555 5316
3 9666 10717 4556
3 4556 10717 11151
3 6118 4557 9202
3 6118 10334 4557
3 6124 4557 10334
3 10915 9202 4557
3 4612 4558 5276
3 6661 4558 4612
3 9583 4988 4558
3 4988 10398 4558
3 8994 5276 4558
3 9583 4558 6661
3 8994 4558 10398
3 6200 6813 4560
3 6200 4560 8143
3 6813 9027 4560
3 10000 4565 9526
3 9526 4565 10186
3 4808 4566 4801
3 4808 7334 4566
3 4566 6791 6774
3 6791 4566 7334
3 6826 4568 5706
3 5706 4568 10619
3 6826 8748 4568
3 8672 7378 4568
3 7378 10619 4568
3 8748 8672 4568
3 7055 7819 4569
3 5716 4570 6279
3 5716 6503 4570
3 6167 4570 6503
3 6167 8356 4570
3 4571 7061 6043
3 4571 6043 7320
3 7533 6325 4571
3 7533 4571 7320
3 5518 5145 4572
3 4572 5145 7450
3 6316 5518 4572
3 6170 4572 7450
3 7451 4572 6170
3 7451 6316 4572
3 4574 8418 5021
3 4574 11093 9320
3 9420 11093 4574
3 4575 8733 4901
3 6519 4575 6522
3 6519 8733 4575
3 6522 4575 10106
3 10106 4575 11105
3 6548 6967 4576
3 7282 6548 4576
3 6506 4577 5717
3 5717 4577 7404
3 4578 6015 6934
3 7880 4579 6259
3 4579 10869 6259
3 7880 10748 4579
3 4579 10782 7884
3 4579 7884 10869
3 7698 10494 4580
3 8445 4581 5422
3 8445 9325 4581
3 4581 9325 9606
3 8298 4584 5789
3 5789 4584 9265
3 9265 4584 8986
3 4585 8574 4664
3 4585 4664 10770
3 4586 6363 8138
3 8057 4587 9948
3 9166 4588 9606
3 9166 10537 4588
3 10025 4589 5067
3 10025 10019 4589
3 4590 8755 6756
3 4590 6756 9271
3 4590 8046 8755
3 4590 9271 10713
3 7849 9115 4591
3 10713 4591 9115
3 4591 9271 9270
3 10713 9271 4591
3 9601 4593 7644
3 9601 9196 4593
3 4593 9196 10601
3 4593 10601 9308
3 4594 10324 5253
3 4594 8763 8608
3 4594 8608 10324
3 4606 4595 5707
3 6768 4595 5150
3 5707 4595 6413
3 6413 4595 6768
3 4596 5991 10518
3 4596 10376 8212
3 4596 10518 10376
3 8874 9322 4597
3 8874 4597 9911
3 9151 8902 4597
3 9151 4597 9322
3 4668 4598 7549
3 4668 9922 4598
3 7549 4598 10946
3 9922 7696 4598
3 4598 7696 10946
3 9440 5599 4599
3 9440 4599 10403
3 4600 8047 7913
3 4600 7913 8095
3 4600 8095 8046
3 4600 9272 8047
3 6054 4601 4604
3 4601 7460 4604
3 9677 4602 8937
3 4602 10382 8937
3 9092 4602 9677
3 6054 4604 6834
3 6834 4604 6932
3 6932 4604 7538
3 4604 7460 7538
3 5787 4605 4632
3 4605 7285 5301
3 5787 7285 4605
3 4606 5707 5160
3 4606 5160 6827
3 4606 6827 7067
3 4607 6044 8312
3 10445 4607 8417
3 10445 9407 4607
3 4608 4885 4629
3 4608 4629 7132
3 4608 7561 4885
3 5301 4608 7460
3 5301 7561 4608
3 4608 7132 7460
3 4857 8459 4609
3 8001 4609 8459
3 10858 4609 8001
3 10858 8134 4609
3 10968 4610 5157
3 11215 5157 4610
3 10968 10269 4610
3 11213 4610 10269
3 11213 10864 4610
3 11215 4610 10864
3 4645 7200 4611
3 5340 4611 7200
3 5340 8294 4611
3 4611 8294 11120
3 4612 5276 8335
3 10638 4613 5950
3 10638 6839 4613
3 7600 4614 10354
3 10354 4614 8658
3 4615 10219 6840
3 4615 6840 10714
3 4615 7579 10219
3 4819 4616 10330
3 10161 5454 4617
3 10039 4617 6928
3 10161 4617 10039
3 9914 8387 4618
3 9914 4618 10263
3 8616 10925 4619
3 4619 10925 10668
3 4620 10425 9412
3 4620 9412 11203
3 4620 11203 11228
3 7660 11063 4621
3 8597 4621 8090
3 11063 8090 4621
3 8597 10085 4621
3 8223 5076 4622
3 8643 4622 5076
3 8643 8668 4622
3 9299 5751 4623
3 4624 4964 6767
3 9778 4964 4624
3 7144 6065 4625
3 4626 5765 8824
3 6073 4627 4637
3 6073 6286 4627
3 10554 4628 6629
3 10028 4628 10554
3 4630 8893 7145
3 4990 4631 10048
3 4631 8607 10048
3 4631 11072 8607
3 5723 4632 4638
3 5787 4632 5723
3 10926 6068 4633
3 6404 4633 6970
3 6404 7747 4633
3 10926 4633 7747
3 7658 5264 4634
3 5264 10965 4634
3 4634 10965 5605
3 4635 11204 6364
3 4635 11113 8099
3 4635 8099 11204
3 7595 4636 7163
3 7595 8222 4636
3 4636 8222 10042
3 6073 4637 9870
3 5723 4638 7977
3 6848 7977 4638
3 8342 6848 4638
3 4639 5129 5827
3 4844 4839 4640
3 5605 4640 5379
3 5605 10965 4640
3 6348 5778 4641
3 7359 4641 5778
3 4642 6554 5162
3 6858 4642 5162
3 4642 6858 6514
3 6864 4642 6514
3 4642 6864 6554
3 9992 8066 4643
3 10316 9992 4643
3 9359 8074 4644
3 10692 4644 8074
3 4645 10329 7200
3 4645 9515 10329
3 8594 8019 4647
3 8797 4647 8019
3 8594 4647 9592
3 8797 10422 4647
3 9330 9198 4648
3 9330 4648 9820
3 4648 10581 9820
3 8811 4649 9198
3 10915 4649 8811
3 10381 4650 10760
3 4651 4770 4913
3 4651 4913 7458
3 4651 7458 8399
3 8399 8654 4651
3 4653 5261 4652
3 7489 4653 4652
3 4652 5261 4817
3 5626 5261 4653
3 10688 4656 7583
3 6480 9603 4657
3 9279 4657 9732
3 9603 9378 4657
3 9732 4657 9378
3 9503 6168 4658
3 4659 8851 10577
3 4659 10801 10571
3 4659 10577 10801
3 4660 4748 7085
3 5541 4660 7085
3 4661 5923 6384
3 4662 8077 5660
3 4663 5442 8498
3 4663 9789 5442
3 9667 4663 9047
3 9667 9789 4663
3 6916 4664 4763
3 8574 4763 4664
3 8513 4665 5211
3 5462 7108 4665
3 5462 4665 10327
3 8513 10327 4665
3 4666 9926 10806
3 5015 8610 4667
3 8774 5015 4667
3 8207 4667 8610
3 4668 5704 6212
3 4668 6212 9922
3 5837 7613 4669
3 9248 5837 4669
3 5178 4670 4782
3 6300 4670 5178
3 10434 4670 6300
3 4671 7497 6977
3 9830 4672 5344
3 5344 4672 10103
3 9828 5986 4672
3 5986 10103 4672
3 10495 5080 4673
3 10495 4673 6952
3 6685 4674 6091
3 6685 8948 4674
3 4676 6102 9638
3 4677 7536 10883
3 6291 4678 10625
3 9269 4678 7869
3 9269 10260 4678
3 10260 10625 4678
3 5214 4996 4680
3 10844 4680 4996
3 5213 4680 10844
3 4681 6451 8754
3 4681 10011 6451
3 9409 10011 4681
3 7516 6421 4683
3 10007 7516 4683
3 4850 4684 6592
3 4685 4752 8313
3 4685 8313 9222
3 4686 7713 4710
3 4686 4710 9513
3 4686 9513 8373
3 4686 8373 9944
3 4687 4712 5685
3 11054 4687 5685
3 8771 4687 11054
3 4692 4688 9986
3 8860 4689 5586
3 8860 10034 4689
3 10310 8881 4689
3 10034 10310 4689
3 7471 4693 4690
3 8928 7471 4690
3 9431 4690 7746
3 8928 4690 9431
3 4716 11134 4691
3 9340 7020 4692
3 7838 9340 4692
3 7838 4692 9986
3 4735 7074 4693
3 4735 4693 7471
3 7074 7546 4693
3 4799 4694 5428
3 6808 4694 4966
3 5349 4695 8993
3 5349 10949 4695
3 6037 4695 8884
3 10949 8884 4695
3 7690 5580 4696
3 4696 5580 8276
3 10252 7690 4696
3 10252 4696 10253
3 9278 8371 4698
3 9915 4700 4743
3 7077 5197 4700
3 7962 4700 5197
3 9915 7077 4700
3 4701 10268 5161
3 4701 10600 10268
3 4702 6671 8970
3 4702 8970 8877
3 7514 8326 4703
3 4703 8326 8073
3 4703 8073 9439
3 4703 9439 9438
3 4704 5557 4742
3 8891 4704 4742
3 4704 9429 5557
3 8891 10945 4704
3 4706 7566 8969
3 9741 7566 4706
3 4706 8969 10769
3 9741 4706 10375
3 4738 9458 4707
3 4738 4707 9923
3 8687 9233 4707
3 8687 4707 10842
3 9233 9923 4707
3 9458 10842 4707
3 5563 4709 4926
3 9184 4926 4709
3 10396 4709 5563
3 9960 4710 7713
3 9430 9513 4710
3 4711 7987 8278
3 4711 8278 11046
3 10170 4711 11046
3 11108 5685 4712
3 9366 9002 4713
3 9002 9369 4713
3 10937 4713 9369
3 10937 10683 4713
3 6142 9184 4715
3 6142 4715 10682
3 9184 9411 4715
3 4715 9411 11121
3 10682 4715 10008
3 10008 4715 11121
3 4716 7752 11134
3 6305 4719 4718
3 6905 4718 5215
3 6305 4718 6905
3 6305 7139 4719
3 4720 6964 10066
3 9657 4720 10066
3 6711 4722 5171
3 7663 5171 4722
3 7663 4722 6566
3 6566 4722 10061
3 5203 5598 4723
3 5203 4723 6438
3 4728 5914 4724
3 5385 4724 5914
3 5385 10433 4724
3 8990 6581 4725
3 8990 4725 7495
3 10385 4726 9500
3 10385 10911 4726
3 6304 5914 4728
3 4729 6907 5643
3 4729 5643 9466
3 4729 9466 9743
3 5279 4730 7935
3 8383 4731 5000
3 6127 4731 7396
3 7396 4731 8383
3 6443 4733 6366
3 4734 9464 5562
3 5741 4736 6140
3 5741 7306 4736
3 6140 4736 9967
3 4737 7710 8953
3 4737 10738 7710
3 4737 8428 9485
3 4737 8953 9799
3 4737 9485 10738
3 4739 9458 4738
3 4739 4738 9471
3 4739 8413 5575
3 4739 5575 8955
3 4739 9471 8413
3 4740 8081 5034
3 4740 5034 11104
3 4740 6845 8081
3 10624 6845 4740
3 10624 4740 8798
3 4740 11104 8798
3 10258 4742 5355
3 8891 4742 8916
3 10258 8916 4742
3 5377 11048 4744
3 11048 10892 4744
3 4745 8752 6090
3 4745 8018 8752
3 10047 6720 4747
3 10047 4747 10667
3 4748 8389 7085
3 4748 7752 10557
3 4748 10557 8389
3 5661 6307 4749
3 7504 5661 4749
3 10949 7504 4749
3 10949 4749 8884
3 4750 8599 10517
3 4750 10950 8599
3 4762 4751 6039
3 5579 6039 4751
3 6627 5579 4751
3 4752 6627 8313
3 4752 11081 6627
3 10975 11081 4752
3 6432 4753 8375
3 10906 4753 6432
3 7121 6678 4753
3 4753 6678 8981
3 10906 7121 4753
3 4753 8981 8375
3 7804 4754 5192
3 4755 9573 8453
3 5234 4757 6895
3 6895 4757 6770
3 4759 8402 5855
3 8173 4759 8580
3 11008 4759 8173
3 11008 8402 4759
3 4760 4876 5521
3 6622 4763 5234
3 6622 6916 4763
3 6589 4765 5932
3 5932 4765 7150
3 4765 6975 7508
3 7150 4765 7508
3 10642 8127 4766
3 8557 7669 4767
3 10031 4767 7669
3 10323 8557 4767
3 10322 4767 10031
3 10322 10863 4767
3 10323 4767 10863
3 4913 4770 11028
3 5727 8926 4770
3 8926 11028 4770
3 7476 10753 4771
3 9608 4771 10753
3 7787 8140 4772
3 4773 5474 6976
3 4773 8354 5474
3 4773 6976 6739
3 6957 4774 6327
3 4774 8885 6327
3 9055 7322 4777
3 11127 4777 7322
3 4778 4799 5428
3 4778 7900 4799
3 9054 7900 4778
3 5432 5353 4779
3 8670 4779 5353
3 5432 4779 7682
3 4779 8487 7682
3 9755 8487 4779
3 9755 4779 8670
3 4780 5490 5033
3 4780 5033 10942
3 5539 4781 10115
3 6371 5178 4782
3 10438 6182 4783
3 7707 6872 4783
3 4787 8410 10568
3 4788 6181 8157
3 6326 6953 4788
3 6326 4788 8157
3 9126 7332 4789
3 5597 4790 11136
3 4790 7738 10671
3 4790 10671 11136
3 8510 4791 9348
3 9146 5477 4792
3 4812 4793 6843
3 7789 6843 4793
3 7789 4793 8406
3 4794 6065 7144
3 4794 10225 6065
3 4794 10487 10225
3 4795 10924 8360
3 4795 10544 8929
3 4795 8929 10924
3 4795 10685 10544
3 8835 4796 5592
3 8281 5379 4798
3 4799 7900 9062
3 4800 4879 5694
3 4808 4801 5246
3 5714 4803 11150
3 6769 4804 7221
3 5649 7921 4805
3 8989 4807 6929
3 10367 4807 8989
3 10367 10666 4807
3 4812 6843 4811
3 4812 4811 9345
3 4811 9268 9345
3 4811 9720 9268
3 4812 9345 5416
3 4813 9466 5643
3 7709 9466 4813
3 4814 4815 10052
3 7262 6588 4815
3 4815 6588 10052
3 9121 10463 4816
3 7607 5964 4818
3 6879 4819 10330
3 4820 9613 8873
3 10217 4821 10218
3 7120 5256 4822
3 4822 5256 8896
3 8124 4822 8896
3 4824 5068 7778
3 8181 4824 7778
3 5628 10893 4826
3 6572 4826 10893
3 5383 6170 4828
3 5383 4828 6572
3 6572 4828 6005
3 7685 5615 4829
3 7685 4829 9771
3 8509 5319 4830
3 5319 8674 4830
3 8720 7389 4830
3 10736 4830 7389
3 8509 4830 10736
3 8720 4830 8674
3 7208 6944 4831
3 8746 9319 4832
3 8080 4833 8904
3 10489 4833 8122
3 10489 8904 4833
3 7078 4834 6407
3 8220 6407 4834
3 7078 11150 4834
3 5262 5604 4835
3 4837 10658 9659
3 4838 5826 5091
3 4838 5091 11202
3 5803 5826 4838
3 4838 11202 8531
3 10090 4840 10277
3 4841 5112 9835
3 4842 7545 9359
3 4845 5797 10163
3 4845 10532 5797
3 4845 7672 10532
3 4845 10163 9354
3 6357 5293 4846
3 4846 5293 7926
3 4846 6483 6207
3 4846 7926 6483
3 6992 6625 4847
3 6625 11199 4847
3 4847 11199 7967
3 10920 7971 4848
3 10920 4848 10932
3 4849 5472 5141
3 9387 5472 4849
3 6592 5374 4850
3 10148 4850 5374
3 4850 10148 10349
3 8201 4851 11191
3 8420 10500 4851
3 6094 4854 4856
3 6555 5631 4854
3 9143 4855 10579
3 11189 10579 4855
3 5137 8459 4857
3 4857 8408 9543
3 4861 4919 9283
3 7657 4864 9312
3 5341 8730 4867
3 5341 4867 10584
3 4867 9367 8618
3 6398 9577 4868
3 8191 8163 4868
3 8163 9574 4868
3 8191 4868 9577
3 8498 5442 4869
3 9666 4869 5442
3 8867 4870 8075
3 8065 7345 4872
3 8092 4873 8079
3 5846 4875 9866
3 8465 6797 4875
3 4875 6797 10812
3 4875 10812 9866
3 4876 7616 5521
3 4876 9287 7616
3 6549 5019 4878
3 6464 6549 4878
3 4881 8041 9276
3 4883 8825 5312
3 4883 5312 9769
3 4883 10050 8825
3 4883 9769 10284
3 4883 10046 10050
3 4883 10285 10046
3 4883 10284 10285
3 10477 4884 9574
3 6592 4887 5374
3 4887 7502 5374
3 6729 4887 6592
3 9389 4887 6729
3 9389 7502 4887
3 6795 4889 6017
3 4890 8898 7377
3 4890 7917 8898
3 7606 4891 5289
3 4892 5681 5194
3 4892 8364 5681
3 9177 4892 6027
3 6027 4892 9469
3 9177 8364 4892
3 4893 6962 7131
3 8803 4893 7131
3 8803 8901 4893
3 9524 4894 9647
3 10167 9647 4894
3 5832 9254 4895
3 4895 9250 9655
3 5279 8707 4896
3 5279 4896 8809
3 10973 6271 4896
3 8707 10973 4896
3 4897 5201 7509
3 8329 5794 4898
3 10973 4898 5794
3 10248 4898 8707
3 8707 4898 10973
3 8673 6198 4901
3 8733 8673 4901
3 4902 9815 4903
3 4902 5125 7626
3 10593 5125 4902
3 4902 7626 9815
3 6261 4903 10186
3 4903 9815 10186
3 4904 8178 8550
3 4904 8550 11244
3 7232 10211 4905
3 10610 4906 8265
3 5823 4907 5860
3 6623 5860 4907
3 6623 4907 6737
3 7149 6737 4907
3 7569 4908 6205
3 4908 7363 7294
3 7569 7363 4908
3 4911 6206 6353
3 6204 4912 6591
3 7363 4912 6204
3 7363 7192 4912
3 5634 4914 6593
3 9218 6593 4914
3 7270 8787 4914
3 9218 4914 8787
3 5333 5604 4915
3 5333 4915 6208
3 9786 8975 4916
3 10475 9786 4916
3 4917 7164 7802
3 4917 9417 7164
3 4917 7802 10399
3 8908 9417 4917
3 8908 4917 10496
3 4917 10399 10496
3 4918 11042 8050
3 4918 8301 11042
3 8945 6046 4919
3 4919 6046 9283
3 8945 4919 9448
3 5229 4920 8924
3 10948 10250 4920
3 7019 5334 4921
3 7019 4921 5484
3 7851 5273 4922
3 4922 5273 8865
3 4922 9267 8225
3 4922 8865 9267
3 5922 7074 4923
3 4923 9780 5922
3 9780 4923 8977
3 10723 6085 4925
3 5576 5563 4926
3 5576 4926 6908
3 10298 6908 4926
3 9184 10298 4926
3 7179 4927 8800
3 7179 8855 4927
3 8028 8800 4927
3 8028 4927 9812
3 4927 8855 9812
3 6985 4928 7609
3 7726 4928 9205
3 4930 7047 10443
3 4931 5797 10532
3 4931 10532 10618
3 10766 8419 4932
3 10411 4932 8817
3 10411 10766 4932
3 4933 9048 10881
3 4933 10881 9303
3 8724 4934 9710
3 8724 10747 4934
3 9710 4934 11235
3 4937 5808 8228
3 4937 10378 5808
3 4937 8228 7472
3 4937 7472 8302
3 4937 8302 10378
3 4938 6604 5837
3 10105 4938 5837
3 7816 4940 6321
3 9594 4940 10341
3 7754 7764 4941
3 9012 7754 4941
3 8031 9138 4942
3 8031 4942 10958
3 10637 9520 4942
3 9520 10958 4942
3 9674 5139 4943
3 9674 4943 10111
3 7199 7196 4944
3 4945 6861 6161
3 4946 11243 4948
3 10096 11243 4946
3 8252 5139 4948
3 4948 5139 10097
3 8252 4948 11243
3 5756 5446 4949
3 4949 5446 9761
3 5756 4949 10174
3 4949 10645 10174
3 4950 5360 5878
3 4950 5878 6635
3 5990 8161 4951
3 4951 8161 9804
3 4952 7452 5233
3 4952 10205 7452
3 4952 10478 10205
3 4953 7761 5130
3 8182 4953 5130
3 4953 8912 7761
3 8071 4953 8714
3 8071 8912 4953
3 8182 10304 4953
3 4953 10304 8714
3 4954 5130 7761
3 4954 10609 5130
3 4954 7761 9477
3 4954 8935 10609
3 6868 4955 9824
3 5075 4957 6447
3 5075 9175 4957
3 4958 8973 8845
3 4959 8517 5071
3 4959 5071 9000
3 6166 4960 10792
3 9832 7824 4960
3 9778 4962 4964
3 9778 5893 4962
3 6767 4964 6994
3 5989 4965 5969
3 5364 9678 4967
3 5364 4967 10458
3 4967 9678 9831
3 4968 9673 6011
3 7022 4969 5461
3 5653 4969 7022
3 4970 7119 8727
3 9522 7119 4970
3 4970 8727 8915
3 4970 8915 11146
3 4970 10851 9522
3 4970 11146 10851
3 5637 9935 4971
3 8623 4971 6765
3 4971 9935 6765
3 10168 4971 8623
3 8962 5100 4972
3 10073 4972 7813
3 7813 4972 10102
3 8962 4972 10073
3 4973 5305 6641
3 7821 5305 4973
3 4973 6641 5884
3 10531 4973 5884
3 7821 4973 9217
3 9217 4973 10531
3 4974 5110 8681
3 4974 9131 5810
3 4974 8681 9562
3 4974 9562 9131
3 6449 4977 6078
3 8925 4978 7692
3 7692 4978 9185
3 8925 9384 4978
3 9087 9185 4978
3 9087 4978 9384
3 8535 8481 4979
3 10152 4979 10482
3 4980 5243 6233
3 4981 5786 5300
3 4981 5300 7464
3 6704 4981 9357
3 4981 7464 9357
3 5713 9361 4982
3 5285 4983 10372
3 7770 4984 5874
3 8761 5874 4984
3 7770 8695 4984
3 7245 4985 10480
3 5375 5025 4986
3 7889 4986 5025
3 5375 4986 10363
3 9709 4986 7889
3 4987 5981 7676
3 7858 5981 4987
3 4987 7676 9555
3 9583 8502 4988
3 4988 8502 10471
3 4988 11164 10398
3 4988 10471 11164
3 4991 10192 5221
3 5912 4992 6965
3 4992 7094 6965
3 7943 4994 5793
3 5214 8037 4996
3 5219 4996 10187
3 5219 10844 4996
3 4997 7391 6154
3 4999 8743 11059
3 8383 5000 8590
3 8128 5001 10567
3 8128 11184 5001
3 5001 11184 11059
3 5668 8590 5002
3 5671 5002 8590
3 8409 9549 5003
3 8947 5003 10961
3 9549 10961 5003
3 5154 6951 5004
3 8525 5154 5004
3 9933 5004 6951
3 9549 8525 5004
3 9549 5004 8890
3 9933 8890 5004
3 5006 9690 6122
3 5007 7792 7180
3 7247 7792 5007
3 10763 5008 5090
3 8454 5010 5031
3 9212 5031 5010
3 8454 10691 5010
3 9951 9685 5011
3 6374 7395 5012
3 5012 7395 8337
3 9074 6825 5015
3 8774 9074 5015
3 9134 5016 9856
3 9134 9903 5016
3 5283 5672 5017
3 5017 6675 5571
3 5017 5672 7114
3 5017 7114 6675
3 8420 5018 10936
3 5926 5019 5020
3 6550 5020 5019
3 6549 6550 5019
3 6552 5776 5020
3 5776 6681 5020
3 6681 5926 5020
3 6550 9845 5020
3 6552 5020 9845
3 8418 5800 5021
3 5800 8920 5021
3 10255 5021 8920
3 5398 7185 5022
3 5398 5022 7189
3 7185 7624 5022
3 7402 5022 7624
3 6488 5023 7118
3 5802 5024 9964
3 10867 9964 5024
3 5027 10676 7288
3 5027 7410 10750
3 8200 5029 10819
3 6380 5142 5030
3 5142 8030 5030
3 5030 8030 9033
3 8454 5031 5963
3 5963 5031 10626
3 8201 5031 9212
3 8201 11191 5031
3 11191 10626 5031
3 5034 8081 10921
3 8640 11104 5034
3 5035 7637 7318
3 5667 5657 5037
3 10697 5667 5037
3 10697 5037 9160
3 5042 5039 7015
3 5039 5412 7735
3 8943 6459 5040
3 5040 6459 10499
3 5040 8699 9157
3 5040 10499 8699
3 8943 5040 11166
3 5040 9157 11166
3 5730 5041 7376
3 5730 11158 5041
3 9067 9990 5041
3 9067 5041 11158
3 5042 6452 6695
3 5043 7811 9850
3 5045 10453 7368
3 5045 7859 9199
3 5365 5048 6561
3 7927 5049 7021
3 9478 7021 5049
3 9478 5049 10044
3 5684 6491 5052
3 6491 5869 5052
3 5053 6710 6712
3 7586 6710 5053
3 6714 5053 6712
3 9341 5053 6714
3 5891 5054 6378
3 5054 6973 6378
3 9941 5055 6719
3 6077 6860 5057
3 9821 5057 6860
3 5891 5059 8333
3 8333 5059 10354
3 7955 5060 5816
3 5060 8460 5816
3 5060 7955 8741
3 10817 8460 5060
3 10262 5060 8741
3 10817 5060 10262
3 6991 6228 5061
3 10933 5062 7332
3 6949 5063 5724
3 6949 6743 5063
3 5063 6743 10866
3 5380 5065 6325
3 6325 5065 6410
3 8731 11041 5067
3 10025 5067 9244
3 9244 5067 11041
3 5917 7778 5068
3 9539 5069 5347
3 5069 10024 5347
3 5069 7001 10024
3 5069 10119 7001
3 9805 5070 8859
3 9942 8859 5070
3 9805 10843 5070
3 5071 8517 7433
3 5072 7885 9766
3 5072 9766 11180
3 5073 7165 8522
3 7165 5073 10455
3 8522 8776 5073
3 8776 9213 5073
3 7036 6416 5074
3 6416 9344 5074
3 7036 5074 6761
3 7902 9486 5077
3 5079 9681 7910
3 10901 5079 7910
3 7919 7947 5080
3 10446 5081 5612
3 10446 6263 5081
3 5084 11006 7411
3 10116 11006 5084
3 6104 5085 10147
3 6104 11049 5085
3 5872 10867 5086
3 5872 5086 11012
3 5087 5560 5695
3 5087 7570 5560
3 5087 6263 7568
3 5087 7568 8537
3 5087 8537 7570
3 5089 9811 7888
3 10761 5089 7888
3 10761 8052 5089
3 8234 5090 5637
3 5637 5090 9935
3 8234 10763 5090
3 8155 5091 5826
3 8155 6629 5091
3 6041 6040 5092
3 6041 5092 7491
3 7491 5092 7819
3 5093 7725 8576
3 5093 10901 7725
3 5675 9076 5095
3 5675 5095 10690
3 6393 5095 9066
3 6393 10648 5095
3 5095 9076 9066
3 10690 5095 10648
3 8034 5096 8688
3 8034 8854 5096
3 8854 8072 5096
3 10962 5096 8072
3 8688 5096 10962
3 10306 5241 5097
3 5097 5241 10389
3 7725 8677 5097
3 7725 5097 10852
3 8677 10306 5097
3 5097 10389 10852
3 5683 5098 9873
3 8132 5098 5791
3 8132 8319 5098
3 8319 9873 5098
3 8868 6234 5099
3 8868 5099 10110
3 8429 5102 5123
3 8429 7021 5102
3 9478 5102 7021
3 9794 9098 5105
3 9734 8572 5106
3 8693 6971 5109
3 8693 5109 11175
3 5109 10281 10904
3 11175 5109 10904
3 10059 6849 5110
3 7393 9835 5112
3 5114 5840 8684
3 5114 9422 5840
3 5114 8684 8670
3 5114 8670 9567
3 5114 9826 9422
3 5114 9567 9826
3 8966 9305 5115
3 10082 8966 5115
3 9305 9043 5115
3 10149 10082 5115
3 8805 5856 5116
3 10427 6339 5117
3 7203 5431 5118
3 5420 7928 5119
3 5851 5119 7928
3 10172 6032 5120
3 7025 5121 9408
3 7630 5121 8683
3 7630 9408 5121
3 8683 5121 7929
3 6612 7370 5122
3 7370 8348 5122
3 5838 8429 5123
3 6869 6032 5124
3 10172 5124 6032
3 10593 5813 5125
3 5125 7697 7626
3 5131 5127 9481
3 5306 5127 9051
3 5306 10084 5127
3 9051 5127 8013
3 5127 10084 9481
3 8247 11123 5128
3 8182 5130 10609
3 5131 9481 8090
3 10649 7796 5132
3 10751 5132 7796
3 10649 5132 10223
3 10751 10519 5132
3 6040 6279 5133
3 5134 5453 5715
3 5134 5715 6745
3 5134 7632 6257
3 5134 6745 7632
3 7937 5135 5186
3 8834 5186 5135
3 8834 5135 5836
3 5634 5136 6204
3 5634 6593 5136
3 5136 6611 6204
3 7826 7577 5137
3 5137 7577 9114
3 5137 9114 8459
3 8252 5138 10092
3 8252 11243 5138
3 9787 5138 11243
3 9674 10097 5139
3 5140 5519 6552
3 10295 5140 6552
3 6816 5252 5143
3 6816 6376 5144
3 11022 5145 5518
3 5828 5145 11022
3 5996 5146 8619
3 8619 5146 10875
3 5480 10657 5147
3 6051 7848 5147
3 6051 5147 10657
3 5148 8833 8753
3 5148 8753 8968
3 5148 11060 8833
3 9385 7241 5149
3 6775 6768 5150
3 6281 6295 5152
3 6295 9022 5152
3 9012 5153 7754
3 5153 9060 7754
3 9012 8596 5153
3 9011 9060 5153
3 5154 6948 6951
3 5154 7385 6948
3 5156 5673 5672
3 5156 5672 6498
3 8617 5157 6996
3 11215 6996 5157
3 8617 8591 5157
3 10968 5157 8591
3 5206 5159 7048
3 5206 9232 5159
3 9124 7048 5159
3 10108 9124 5159
3 5707 7459 5160
3 5160 7459 7071
3 7435 5161 9310
3 7435 10832 5161
3 9310 5161 10268
3 5631 6348 5162
3 6554 5631 5162
3 7350 5162 6348
3 7350 6858 5162
3 9029 5163 6372
3 5255 5164 9819
3 5644 9819 5164
3 5644 5164 10853
3 5165 5175 9468
3 5165 7407 7938
3 5165 9468 7407
3 5165 7938 11004
3 6669 5166 8928
3 5166 7471 8928
3 5167 7168 10827
3 5168 5924 5358
3 7925 5168 5358
3 5169 8378 7413
3 8569 5169 7413
3 5622 6711 5171
3 9103 5172 10826
3 10575 10151 5172
3 10151 10826 5172
3 7728 9561 5173
3 7728 5173 10231
3 5173 9001 7985
3 5173 7985 10231
3 8308 5174 5408
3 7466 5174 8308
3 9196 5175 8115
3 9468 5175 9196
3 5176 11058 5411
3 6300 5178 8948
3 7279 9914 5179
3 5180 7254 5873
3 5180 5873 10450
3 5180 8167 7254
3 10163 5180 10450
3 5285 5367 5182
3 5182 5367 9878
3 6562 5182 9878
3 5183 6099 8297
3 8400 6099 5183
3 5185 5316 11221
3 6577 5185 10165
3 5188 9638 6102
3 7765 7741 5189
3 5190 9949 5517
3 8821 5190 6805
3 8821 9949 5190
3 5191 8409 7998
3 5191 8525 8409
3 5193 8232 5966
3 5193 9354 5968
3 5681 8373 5194
3 6106 5194 9513
3 9513 5194 8373
3 5922 9780 5195
3 9780 7736 5195
3 9956 5196 6270
3 9956 7871 5196
3 7077 10007 5197
3 7962 5197 11139
3 5198 6418 9632
3 5199 8900 6940
3 5199 6940 9111
3 5199 10417 8900
3 5199 9111 9112
3 5199 9112 10417
3 9137 5200 5966
3 9089 7672 5200
3 9089 5200 8280
3 8280 5200 9137
3 5967 6421 5202
3 7516 5202 6421
3 7516 9516 5202
3 5205 5318 5927
3 5205 10045 5318
3 5205 10650 10045
3 10859 10650 5205
3 5206 7048 9100
3 5206 9100 7950
3 5206 7950 9232
3 5500 6036 5207
3 5208 7090 7970
3 5208 7970 9504
3 9949 5739 5209
3 8913 9949 5209
3 5920 8513 5211
3 7394 5212 6978
3 6978 5212 7976
3 10706 6209 5213
3 5213 10844 9527
3 6125 5584 5215
3 6905 5215 5584
3 9071 5216 7557
3 6038 6654 5217
3 6038 5217 7710
3 6654 6665 5217
3 6665 8029 5217
3 7710 5217 8953
3 5217 8029 8953
3 5218 5219 10187
3 5218 10187 7993
3 5219 9396 10844
3 8950 5220 7138
3 5220 10278 7138
3 5221 10820 7751
3 5221 10193 10076
3 5221 10076 10820
3 5221 10192 10193
3 5222 5225 6355
3 9007 5225 5222
3 7933 5223 8075
3 9096 7936 5223
3 7093 7511 5224
3 9007 6231 5225
3 6916 9425 5226
3 7996 5226 9425
3 9441 5226 7996
3 8876 5227 9047
3 10653 9047 5227
3 9067 7665 5228
3 8475 5228 8652
3 8475 9990 5228
3 9067 5228 9990
3 5230 7562 6599
3 5230 10986 8709
3 7596 5231 10730
3 9419 5231 8752
3 5232 6118 6857
3 5232 8450 6996
3 7452 10451 5233
3 5233 8788 8801
3 10451 8788 5233
3 6303 5234 5532
3 5532 5234 6895
3 6303 6622 5234
3 9764 8376 5235
3 6621 5352 5236
3 5352 7787 5236
3 6619 6621 5236
3 6619 5236 6741
3 5985 5237 8004
3 8004 5237 6569
3 5238 10212 10818
3 7123 8009 5239
3 7123 5239 10590
3 9260 8935 5240
3 5241 8527 10389
3 5241 10702 8527
3 10306 11013 5241
3 11013 10702 5241
3 10159 5242 10157
3 5243 10580 6233
3 7095 8794 5244
3 7095 5244 10185
3 5244 7126 10074
3 5244 10074 10185
3 5247 10587 6319
3 5247 6319 10711
3 10227 5247 7423
3 5247 10980 7423
3 10227 10587 5247
3 5247 10711 10980
3 8437 5248 5249
3 5249 5248 9022
3 8437 9494 5248
3 5249 9022 6295
3 9345 5249 6295
3 8437 5249 9268
3 9345 9268 5249
3 7221 5250 6769
3 5250 7436 6769
3 8012 5251 10783
3 9713 10608 5251
3 10608 10783 5251
3 11222 5253 10324
3 6760 8909 5254
3 6290 5255 8849
3 8849 5255 9819
3 7120 7105 5256
3 7555 7340 5257
3 11131 9640 5259
3 5626 5260 5261
3 5262 6354 10964
3 5263 7257 8154
3 5264 6565 10965
3 6554 6864 5266
3 6864 7801 5266
3 5267 9009 8526
3 5268 9455 5534
3 5268 6862 7248
3 5268 7248 8978
3 5268 8978 9455
3 7914 5269 10204
3 5270 9314 5272
3 7969 5271 7314
3 11149 5274 8346
3 5276 5732 8630
3 8994 5732 5276
3 5276 8630 8335
3 5279 7935 8707
3 5281 5280 10125
3 5280 8468 10125
3 5280 11181 8468
3 5280 8791 11181
3 5281 7756 7154
3 5281 7154 9080
3 5281 10125 7756
3 8415 5450 5282
3 5283 6498 5672
3 5657 5767 5284
3 5657 5284 6683
3 5767 8467 5284
3 5284 6241 6683
3 5466 5286 7351
3 8082 7351 5286
3 11190 6632 5287
3 5288 9595 5866
3 11217 5288 5866
3 11217 10134 5288
3 5770 5289 6956
3 5770 7606 5289
3 5289 7122 6956
3 7948 5290 7159
3 11167 7159 5290
3 5961 8180 5291
3 10578 5291 7365
3 8309 5294 5292
3 7926 5293 7155
3 7974 5294 5299
3 8309 5299 5294
3 10152 6252 5295
3 10511 5295 6252
3 10152 5295 7100
3 6227 7924 5298
3 6227 5298 9688
3 5298 8882 11187
3 9688 5298 11187
3 6733 5299 7972
3 6733 7974 5299
3 9300 7972 5299
3 8309 9300 5299
3 5300 5786 6195
3 6705 5300 6195
3 7560 5300 6705
3 7560 7464 5300
3 5301 7285 7561
3 5303 10180 8703
3 5303 8703 10410
3 5303 10410 9790
3 5303 9790 10784
3 5306 9051 10090
3 5306 10277 10084
3 5306 10090 10277
3 8568 8064 5307
3 8568 5307 11223
3 8004 7148 5308
3 5308 7148 10814
3 10855 8004 5308
3 5308 10814 8468
3 11181 5308 8468
3 11181 10855 5308
3 9247 8533 5309
3 9747 9247 5309
3 9747 5309 9449
3 5310 8844 10733
3 11164 10189 5310
3 11164 5310 10733
3 6345 7455 5311
3 5311 6571 10203
3 9270 5312 8825
3 8933 5313 8273
3 8933 10050 5313
3 5314 5899 9525
3 5314 7849 7171
3 5314 9525 7849
3 5315 8213 8692
3 9846 5315 8692
3 5315 10284 9769
3 9846 10284 5315
3 5317 10420 10742
3 11221 10420 5317
3 5318 10801 5927
3 5318 10571 10801
3 5726 5319 8404
3 5726 8674 5319
3 5320 5811 8253
3 7278 7997 5320
3 7278 5320 8784
3 5320 8253 8784
3 8343 8435 5321
3 6349 6074 5322
3 7107 6349 5322
3 10275 7107 5322
3 6975 7360 5324
3 6975 5324 7508
3 7360 10954 5324
3 8550 5328 11244
3 9197 10067 5328
3 5328 10067 11244
3 5725 7507 5329
3 6595 5329 7961
3 7507 7961 5329
3 5332 5617 5875
3 5332 5875 9239
3 5335 10794 9109
3 5335 9109 11238
3 5335 11238 10861
3 5680 5338 7744
3 5680 8051 5338
3 8051 7661 5338
3 7661 9716 5338
3 8669 7744 5338
3 8669 5338 7790
3 7790 5338 9716
3 5340 5339 8294
3 5920 8294 5339
3 5920 5339 8513
3 8513 5339 10328
3 5342 5520 7933
3 5342 10617 5520
3 6551 10097 5343
3 9674 5343 10097
3 9830 5344 8250
3 8422 5345 8951
3 5345 8829 8951
3 10396 8829 5345
3 5346 6297 8718
3 10303 6297 5346
3 5347 9327 10026
3 5347 10616 9327
3 9539 5347 10026
3 5347 10024 10616
3 6530 5348 10456
3 5349 8993 7072
3 5349 7072 9754
3 5349 9754 10684
3 5349 10684 10977
3 5349 10977 10949
3 5350 7052 7054
3 10604 5350 7054
3 7415 5350 8519
3 10604 8519 5350
3 5351 6313 5689
3 7300 5351 5689
3 7161 5351 8233
3 7300 8233 5351
3 7574 5352 6621
3 8140 7787 5352
3 5432 5648 5353
3 5648 8657 5353
3 9567 5353 8657
3 9567 8670 5353
3 6972 6543 5354
3 5354 6954 10358
3 6972 5354 10358
3 6598 5355 8818
3 10258 5355 6598
3 9803 8818 5355
3 7337 7686 5357
3 10689 7337 5357
3 6921 5878 5360
3 6921 5360 6361
3 6851 11194 5361
3 10966 5362 7397
3 10419 10423 5362
3 5364 5365 6979
3 5364 6979 9678
3 6561 6979 5365
3 10006 6658 5368
3 10419 10006 5368
3 10419 5368 10423
3 6267 5583 5370
3 5583 8691 5370
3 10551 5370 8691
3 10551 10128 5370
3 5372 10740 7866
3 8249 10740 5372
3 5373 10527 7940
3 5373 10321 9402
3 5373 9402 10527
3 5374 7502 5769
3 10148 5374 5769
3 5377 8740 6197
3 5377 6197 11048
3 9924 5378 8959
3 8959 5378 10813
3 10813 5378 9930
3 6001 5605 5379
3 6001 5379 8281
3 5380 6325 7060
3 5380 7060 6497
3 8744 6656 5381
3 9150 6662 5382
3 9150 5382 8959
3 7451 6170 5383
3 5383 6572 10893
3 5385 7184 5386
3 5385 5386 10433
3 5591 5387 8919
3 5388 8499 5994
3 6241 5389 6668
3 5390 7905 9809
3 11193 5392 6673
3 5393 7290 11143
3 9419 5394 6143
3 9419 8018 5394
3 6244 7014 5398
3 7014 7185 5398
3 6680 5400 5399
3 7402 6680 5399
3 7405 7402 5399
3 7400 5400 6680
3 6589 5633 5401
3 5401 5633 7309
3 5401 6244 7193
3 6244 5401 7309
3 7086 5403 10238
3 6189 9197 5406
3 7865 5702 5407
3 5440 5409 10345
3 5440 10566 5409
3 5409 10459 10345
3 10501 10459 5409
3 5427 6229 5410
3 10233 5411 10078
3 5411 11058 10078
3 5412 8492 7735
3 10866 5610 5413
3 5414 5954 5948
3 5414 9907 5954
3 5414 8564 9907
3 7333 5415 9016
3 6930 6034 5416
3 6930 5416 6281
3 9345 6281 5416
3 9238 5426 5418
3 9959 9238 5418
3 9959 5418 11165
3 5853 5419 6612
3 5853 7414 5419
3 5419 5945 7197
3 7414 5945 5419
3 7513 7928 5420
3 8445 5422 6387
3 10710 8870 5423
3 10715 5423 8870
3 9877 9234 5423
3 5423 9234 10836
3 9877 5423 10715
3 10710 5423 10700
3 10700 5423 10836
3 8503 6145 5426
3 6145 10401 5426
3 9238 8503 5426
3 8116 6229 5427
3 10931 5429 10762
3 5502 9673 5430
3 7026 5431 5435
3 7203 5435 5431
3 6110 5431 7026
3 5432 11020 5648
3 5432 7682 9843
3 5432 9843 11020
3 6732 5433 5435
3 6788 5951 5433
3 6788 5433 6732
3 9020 8811 5434
3 8811 9330 5434
3 9020 5434 9037
3 9330 9107 5434
3 7203 6732 5435
3 5438 7833 8479
3 5438 8479 10461
3 9718 5438 10605
3 10605 5438 10461
3 6081 5439 7490
3 5441 8043 7164
3 5441 7164 10461
3 5441 7888 8043
3 5441 10761 7888
3 5441 8479 10199
3 5441 10461 8479
3 5441 10199 10761
3 9666 5442 11174
3 11174 5442 9789
3 5445 9816 5526
3 6218 9497 5447
3 9497 10018 5447
3 5449 6152 7487
3 5449 10954 6152
3 5449 6620 7161
3 5449 7487 6620
3 5766 8271 5450
3 8415 5766 5450
3 8271 6738 5450
3 6316 5451 5518
3 5451 7062 5518
3 7599 5451 6316
3 5451 7009 7062
3 7599 7009 5451
3 7239 5715 5453
3 10160 5453 6428
3 7239 5453 10160
3 5455 6875 7824
3 5455 11119 6875
3 7824 9832 5455
3 10663 5455 9832
3 5456 9931 7228
3 5456 7228 10805
3 5457 10166 9987
3 5457 9987 10171
3 9371 8196 5458
3 9371 5458 9028
3 11161 8452 5460
3 7022 5461 7023
3 9934 7023 5461
3 5462 6544 5629
3 5462 5629 7108
3 5462 8069 6544
3 5462 10327 8069
3 5464 9168 6057
3 5464 6057 9578
3 5467 8314 5793
3 5467 7051 7228
3 5467 7228 8314
3 9920 8886 5468
3 10556 5468 8886
3 9920 5468 9274
3 10756 9274 5468
3 8125 8889 5469
3 8125 5469 10971
3 8889 8360 5469
3 8360 10924 5469
3 5470 9141 7383
3 9387 10356 5472
3 10356 10776 5472
3 5667 5473 5767
3 5767 5473 6192
3 5474 6924 6454
3 5474 6454 7487
3 8354 6924 5474
3 6976 5474 7487
3 10920 5475 9634
3 10414 9682 5475
3 10920 10414 5475
3 8840 5476 6923
3 9356 5476 8370
3 10957 8370 5476
3 10957 5476 8840
3 9146 10668 5477
3 10925 9980 5477
3 10668 10925 5477
3 8602 9742 5479
3 5480 9630 10657
3 5729 5481 9746
3 9421 9746 5481
3 9083 5482 10905
3 5482 9627 10649
3 5482 10649 10905
3 5483 10890 6266
3 5483 7265 9061
3 5483 10634 7265
3 5483 9061 10890
3 9698 5485 9116
3 5485 10079 9116
3 6781 11097 5487
3 11097 10890 5487
3 6067 5488 10680
3 6067 10937 5488
3 10257 10680 5488
3 9719 5490 8068
3 5491 6388 9058
3 5495 7541 6022
3 5495 6022 8458
3 6772 5495 8458
3 5496 8399 10367
3 8989 8506 5496
3 10367 8989 5496
3 8476 5512 5497
3 5497 5512 8728
3 5497 8350 6315
3 8476 5497 6315
3 5497 10483 8350
3 8566 5499 5574
3 9182 5574 5499
3 8771 6036 5500
3 8796 5504 7128
3 5504 9687 7128
3 5504 7806 9687
3 5877 10070 5505
3 5877 5505 10224
3 6567 7999 5505
3 6567 5505 10070
3 5505 7999 9687
3 8149 5708 5507
3 5708 8150 5507
3 5719 5804 5508
3 5511 7320 6265
3 7327 5511 6265
3 6811 6403 5511
3 7533 5511 6403
3 6811 5511 7327
3 7533 7320 5511
3 9218 5639 5513
3 8056 5514 9381
3 9588 5514 8056
3 9588 9284 5514
3 9284 10732 5514
3 5725 5516 5825
3 8913 5517 9949
3 6552 5519 5776
3 7486 5522 10722
3 5523 7646 9507
3 5523 8372 9628
3 5523 10472 8372
3 5523 9507 10472
3 5524 5641 7515
3 8238 5524 7515
3 8238 8347 5524
3 5526 9816 6060
3 6845 10694 5527
3 5527 10694 9245
3 5527 9245 11041
3 5839 5528 7103
3 5845 5528 7724
3 5845 9405 5528
3 5528 9405 7103
3 11011 5530 6058
3 8998 5530 11011
3 8998 11092 5530
3 11092 9277 5530
3 7789 5531 6843
3 9358 7847 5531
3 10071 5532 6895
3 7486 5532 10071
3 6827 5533 7067
3 5533 7070 6848
3 8342 5533 6848
3 8342 7067 5533
3 9312 5534 9455
3 5691 6718 5535
3 5537 10991 7512
3 5537 9118 9123
3 5537 10582 10991
3 7740 8997 5539
3 7740 5539 10115
3 7983 5541 7085
3 7983 10488 5541
3 6419 9669 5543
3 6419 5543 10673
3 5543 7298 7572
3 5543 7572 10673
3 5544 9712 5817
3 10438 5545 6182
3 8446 5546 8045
3 8792 8045 5546
3 8446 9114 5546
3 8608 8792 5546
3 8608 5546 10324
3 5546 9114 10324
3 8897 5721 5548
3 5549 9236 7911
3 5693 6255 5550
3 5550 6255 11180
3 8103 5550 9766
3 5550 11180 9766
3 6427 5551 6892
3 8934 8408 5552
3 9698 8934 5552
3 5553 7557 8177
3 9071 7557 5553
3 9071 5553 9752
3 9753 9752 5553
3 6865 5554 7252
3 7330 5554 7253
3 8412 8460 5555
3 5555 8460 10817
3 5556 6900 6671
3 9428 5557 9429
3 7353 5559 8957
3 8100 5695 5560
3 5560 5988 10338
3 5560 10645 5988
3 5560 7570 10645
3 8100 5560 10338
3 5576 6762 5563
3 5563 8328 6031
3 10396 5563 6031
3 5563 6762 8328
3 9229 5566 8029
3 9799 8029 5566
3 9799 5566 10379
3 10492 6907 5567
3 7250 7251 5568
3 5571 6675 6323
3 8566 5574 11203
3 9182 11227 5574
3 5574 11228 11203
3 5574 11227 11228
3 5576 5618 6762
3 11080 5618 5576
3 11080 5576 6908
3 9629 8130 5577
3 5579 8317 6039
3 11081 5579 6627
3 11081 8317 5579
3 7690 8318 5580
3 5580 8318 9568
3 7453 5581 10338
3 8100 10338 5581
3 10689 5582 7687
3 6267 10030 5583
3 7897 8691 5583
3 10797 7897 5583
3 10030 10797 5583
3 6239 5584 6125
3 10709 5586 7191
3 8860 5586 9739
3 10709 9739 5586
3 5587 9222 8313
3 5587 10004 9222
3 5587 11142 10004
3 7316 8551 5588
3 7316 5588 9665
3 8786 7805 5589
3 8816 5589 7805
3 6020 5593 7591
3 6793 5593 7443
3 6793 7591 5593
3 5594 5835 6297
3 6811 7327 5595
3 5595 7101 7045
3 6080 5596 10156
3 11136 10993 5597
3 9596 5600 6501
3 6501 5600 10402
3 7512 10402 5600
3 6575 5602 6941
3 6941 5602 7268
3 10512 7268 5602
3 10512 5602 10914
3 10835 6494 5603
3 5606 9026 8439
3 5606 8439 9445
3 7611 10101 5607
3 5607 10101 9679
3 5850 5610 10866
3 6127 7396 5611
3 5612 6080 10156
3 5612 7581 7490
3 10446 5612 7490
3 5612 10156 7581
3 9701 5613 10162
3 5614 7284 5771
3 8663 5614 5771
3 5614 6289 7284
3 5912 5615 7499
3 5912 7856 5615
3 7685 7499 5615
3 6874 5616 6547
3 5616 8284 6547
3 10716 5616 6874
3 10265 8284 5616
3 10265 5616 8507
3 10716 8507 5616
3 5617 6784 5875
3 6573 5617 7988
3 10197 5617 6573
3 10197 6784 5617
3 11212 6762 5618
3 11080 8992 5618
3 8440 9890 5620
3 7358 5621 6897
3 5622 10454 6711
3 5622 8915 8727
3 5622 8727 10209
3 5622 10209 10454
3 5624 10973 5794
3 5624 6271 10973
3 7798 5625 6779
3 5627 9529 11236
3 5627 10134 11217
3 8852 5629 6544
3 6810 5629 8852
3 6810 11179 5629
3 11179 7108 5629
3 8797 8019 5630
3 5630 8019 10012
3 8797 5630 10018
3 6348 5631 5778
3 6555 5778 5631
3 8128 11185 5632
3 11047 5632 11185
3 6589 6734 5633
3 6734 7151 5633
3 7151 7008 5633
3 7008 7309 5633
3 5634 6204 6591
3 8291 5635 10003
3 5635 9050 8783
3 5635 8783 10775
3 5635 10775 10003
3 5636 7294 6611
3 5636 6812 7294
3 5636 7891 6812
3 5636 7106 7891
3 10233 10078 5638
3 9218 8787 5639
3 6070 5642 6076
3 6070 6299 5642
3 6866 6076 5642
3 8448 5642 6299
3 6418 6866 5642
3 6418 5642 8448
3 5643 6907 10497
3 9200 6713 5644
3 5644 6713 9819
3 8841 6713 5645
3 9200 5645 6713
3 8512 5645 7348
3 9200 7348 5645
3 5648 9188 8657
3 5648 11020 9188
3 5649 10558 7921
3 7003 9163 5652
3 7821 9635 5654
3 10421 9409 5654
3 9635 9984 5654
3 10421 5654 9984
3 5655 7843 8210
3 5655 10860 7843
3 5955 8666 5656
3 5955 5656 10857
3 5656 8666 9683
3 10910 10857 5656
3 5667 5767 5657
3 5658 9571 10583
3 5659 9633 9682
3 10414 5659 9682
3 5939 7523 5660
3 5661 6314 6307
3 10365 6314 5661
3 10365 5661 7504
3 9299 5662 5751
3 5662 8520 6189
3 8625 8520 5662
3 8625 5662 8736
3 9299 8736 5662
3 7136 5663 7344
3 7136 7506 5663
3 5663 7944 7344
3 5664 6652 8203
3 5666 9343 5999
3 5666 5999 10008
3 5666 8068 9343
3 5666 10731 8068
3 5666 10008 9366
3 5666 9366 10731
3 5668 8383 8590
3 6670 5670 9149
3 7114 5672 5673
3 8990 5674 6581
3 9359 7545 5674
3 8990 8074 5674
3 9359 5674 8074
3 11082 10077 5675
3 11082 5675 10690
3 5677 6695 11156
3 5953 7703 5678
3 5680 7594 8051
3 5681 8121 8373
3 5681 9514 8121
3 5681 8364 9514
3 5935 5682 6159
3 6553 6159 5682
3 6553 5682 7017
3 11018 7017 5682
3 5683 8549 7305
3 7982 5684 6176
3 5684 8338 6176
3 7982 6491 5684
3 6223 6737 5689
3 7162 6223 5689
3 7162 5689 6313
3 7300 5689 6737
3 10661 5692 5690
3 5691 10754 6718
3 7204 6360 5692
3 8100 8168 5695
3 5696 9364 7676
3 9905 9364 5696
3 8722 5697 7872
3 7872 5697 11090
3 8722 9316 5697
3 7003 5701 9163
3 5703 7333 9016
3 10662 7333 5703
3 5703 9016 7474
3 5704 10520 6212
3 10722 10520 5704
3 5705 9704 9034
3 7435 5706 7065
3 5706 10619 7065
3 5707 6413 8678
3 5707 8678 7459
3 7621 9036 5709
3 11024 5709 9036
3 5983 6887 5711
3 6861 5711 6887
3 6199 5712 7046
3 9231 5712 6199
3 5712 10294 7046
3 9231 11123 5712
3 6178 9361 5713
3 7598 5715 6503
3 7598 6745 5715
3 5716 6040 6041
3 5716 6279 6040
3 7598 5716 6041
3 7598 6503 5716
3 6506 5717 5824
3 5717 6812 5824
3 9015 6507 5718
3 6507 10132 5718
3 9015 5718 9595
3 9595 5718 10563
3 5719 7558 5804
3 6381 8146 5720
3 5722 6116 7349
3 5722 7441 6116
3 6404 5723 7977
3 6949 5724 6350
3 6504 5725 5825
3 6504 7507 5725
3 5726 9758 8204
3 5726 8204 9760
3 5726 8404 9758
3 5726 9760 8674
3 8912 5728 7761
3 7761 5728 9477
3 9477 5728 7937
3 5729 9465 8489
3 5731 6296 7963
3 5731 7963 7366
3 5732 9624 8630
3 9982 9624 5732
3 7887 5733 6757
3 6757 5733 10046
3 7887 9174 5733
3 9174 10436 5733
3 5735 8110 9533
3 5736 9985 6717
3 5736 9536 9985
3 5737 9533 8110
3 8164 6715 5738
3 5738 9593 9617
3 7876 6642 5739
3 9779 5740 7477
3 9779 8166 5740
3 10204 5740 8166
3 9031 5742 6820
3 5744 10283 8216
3 5915 5745 9423
3 7004 5745 7610
3 7004 8924 5745
3 8924 9423 5745
3 10256 6597 5746
3 7339 6944 5748
3 9645 7339 5748
3 5749 8108 7401
3 5749 11131 8108
3 6883 6947 5752
3 6939 5752 7642
3 5752 6947 7256
3 7642 5752 7256
3 6946 7639 5753
3 5755 8157 6181
3 5756 8539 9104
3 5756 10174 8539
3 5762 9853 5976
3 8103 9853 5762
3 8415 5763 5766
3 6835 5763 8415
3 7316 9665 5764
3 5764 9665 8883
3 10479 8824 5765
3 5767 6192 8467
3 6540 6531 5769
3 10148 5769 6531
3 5771 7284 10846
3 5771 10846 10283
3 10610 5896 5772
3 10610 5772 11074
3 9610 9060 5773
3 10362 5773 9060
3 9610 5773 9536
3 9985 9536 5773
3 5775 5774 10311
3 5775 10921 5774
3 9805 10311 5774
3 7190 5775 10035
3 10035 5775 10311
3 5776 7400 6681
3 6243 10143 5777
3 9338 5777 6839
3 5806 5779 6693
3 10293 5779 5806
3 8388 6693 5779
3 5781 6196 8015
3 5781 8015 8463
3 5781 8463 9521
3 5781 9521 8712
3 5782 8607 11072
3 7323 6700 5783
3 8301 5785 11042
3 8118 8256 5790
3 8118 5790 10526
3 5791 7694 7945
3 10251 5791 7945
3 8132 5791 10251
3 5792 7974 6733
3 5792 6733 10395
3 9237 5792 8879
3 8879 5792 10395
3 6284 5796 5795
3 7255 5795 5796
3 6284 5795 7554
3 6284 8843 5796
3 7255 5796 7068
3 5802 9964 7833
3 5803 7237 5826
3 7558 6696 5804
3 5805 8254 8794
3 5806 7798 6779
3 10293 5806 6779
3 6331 9010 5808
3 6331 5808 10378
3 5809 6359 8636
3 5809 8636 7623
3 7461 5810 10281
3 10904 5810 9131
3 10904 10281 5810
3 6573 5811 7500
3 6573 7988 5811
3 8253 5811 7988
3 9231 6199 5812
3 9232 5812 6199
3 9231 5812 6974
3 7950 5812 9232
3 7733 10353 5813
3 10593 7733 5813
3 5814 7387 7840
3 10131 5866 5816
3 5866 10563 5816
3 7955 5816 10563
3 7956 7058 5817
3 6886 6799 5818
3 5820 10516 5897
3 5820 5897 11031
3 5820 9262 10516
3 9245 8832 5821
3 9244 9245 5821
3 10502 9244 5821
3 6586 6692 5822
3 5822 6692 7361
3 5822 7361 7292
3 7891 5824 6812
3 6504 5825 7153
3 7448 7153 5825
3 5826 7237 8807
3 8155 5826 8807
3 6221 6492 5829
3 8907 6567 5832
3 6567 10070 5832
3 10070 9254 5832
3 7461 5833 5902
3 8391 5902 5833
3 7461 11050 5833
3 8391 5833 10963
3 5834 8227 6473
3 11246 8227 5834
3 5834 9900 10109
3 11246 5834 10109
3 6297 5835 10883
3 6604 7613 5837
3 10105 5837 9248
3 10998 8429 5838
3 10684 8684 5840
3 5840 9422 10977
3 10684 5840 10977
3 6213 6471 5843
3 7741 5844 9776
3 8806 5844 10361
3 5845 10970 9405
3 5846 9675 8279
3 5846 9866 9675
3 8796 10010 5847
3 11182 5848 6909
3 8559 5848 11182
3 10974 7780 5849
3 5850 8123 6293
3 5850 6743 8123
3 5850 10866 6743
3 5852 9056 7978
3 8696 5854 9656
3 8696 10559 5854
3 5854 9129 10654
3 5854 10559 9535
3 5854 10654 9656
3 8402 10766 5855
3 5855 10766 9553
3 7784 5857 8464
3 7007 10872 5858
3 5858 11209 10044
3 10872 10510 5858
3 5858 10510 11209
3 6623 7908 5860
3 5861 10897 6536
3 5861 7588 10897
3 7785 7968 5863
3 8676 5864 11052
3 8927 11052 5864
3 9595 10563 5866
3 10131 11217 5866
3 11239 9311 5867
3 10029 11240 5867
3 11144 11239 5867
3 11144 5867 11240
3 8268 5881 5869
3 10596 5869 5881
3 8268 5869 6491
3 5870 11216 6505
3 5870 6601 11216
3 5872 8133 9968
3 5872 11012 8133
3 8761 9970 5874
3 5876 10803 6966
3 5877 10224 7423
3 5877 7423 10980
3 5877 9254 10070
3 5877 10980 9254
3 5879 6169 9213
3 5879 9383 6634
3 5879 9213 9383
3 7563 5880 10247
3 9392 5880 8894
3 8894 5880 10060
3 9392 10247 5880
3 10596 5881 8481
3 10810 7618 5883
3 10810 5883 7662
3 6309 5884 8936
3 6641 8936 5884
3 9393 10531 5884
3 5885 9204 7673
3 5885 8627 9204
3 5886 7381 6479
3 5886 8208 7381
3 8565 5887 7166
3 10829 7166 5887
3 10271 9689 5887
3 10829 5887 9689
3 10267 10271 5887
3 10651 6423 5888
3 7480 10439 5888
3 10651 5888 10439
3 5889 6978 6647
3 5889 9983 6978
3 5890 8508 8736
3 5892 6781 6126
3 5892 6126 9065
3 5892 9065 7240
3 5894 8236 6333
3 5895 7249 6460
3 5895 7882 7883
3 5896 10719 10516
3 10610 10719 5896
3 9288 5897 8265
3 5897 10719 8265
3 11031 5897 9288
3 10516 10719 5897
3 8189 5898 9709
3 5899 8134 9525
3 5900 7564 8441
3 5901 9955 7850
3 10135 5901 7881
3 10135 9955 5901
3 7946 5903 6183
3 9480 5904 10623
3 10623 5904 9580
3 9590 5906 5905
3 8470 7265 5906
3 11082 5906 7265
3 8470 5906 9590
3 6365 6906 5907
3 5907 6906 9917
3 5908 7636 9728
3 5908 11159 7636
3 9142 5908 7793
3 5908 11237 7793
3 5908 9728 11237
3 9302 5910 9293
3 10672 11066 5911
3 5912 6965 7856
3 6092 5916 6091
3 6877 6091 5916
3 5959 6317 5918
3 5959 5918 8946
3 5918 8341 8946
3 8872 8294 5920
3 5921 7213 7264
3 5921 9537 7213
3 7546 7074 5922
3 8184 6384 5923
3 6681 5929 5926
3 5926 5929 7186
3 7173 5927 7681
3 7681 5927 10801
3 5928 6690 6691
3 7400 6680 5929
3 7400 5929 6681
3 5929 7188 7186
3 6380 5934 5930
3 8233 7149 5931
3 5931 7150 7508
3 6474 7295 5932
3 6589 5932 7295
3 10226 7449 5933
3 5933 9309 10587
3 10226 5933 10615
3 10615 5933 10587
3 7617 10620 5937
3 7617 5937 10824
3 7728 10231 5937
3 7728 5937 10620
3 7812 10824 5937
3 5939 10583 9571
3 5942 8090 11063
3 5943 8456 6122
3 5943 6122 9690
3 10481 5944 7313
3 5944 11183 8206
3 5949 7528 5946
3 8338 5949 7198
3 7245 9901 5950
3 10638 5950 9901
3 7548 5952 7006
3 5953 11156 7703
3 5955 10857 10652
3 7419 6723 5956
3 9876 9705 5957
3 5958 6730 6725
3 5959 8377 6317
3 5959 8946 7711
3 5959 7711 9102
3 5959 9102 8377
3 6485 9946 5960
3 9180 5960 9946
3 5961 6412 8180
3 5962 6467 9928
3 9596 5962 9928
3 10136 5963 7737
3 5963 10626 7737
3 9783 8454 5963
3 9783 5963 10136
3 7607 7713 5964
3 8030 5965 9033
3 9354 10450 5968
3 7469 5971 9085
3 7469 10243 5971
3 6741 5973 11118
3 9644 7259 5974
3 6901 5975 6428
3 10160 6428 5975
3 9865 5975 6901
3 9853 7885 5976
3 10242 5976 7885
3 5977 7183 7853
3 5977 10702 10412
3 8248 5978 7659
3 10355 7659 5978
3 8248 10701 5978
3 8416 5980 9848
3 7858 9018 5981
3 5982 6528 7925
3 5982 11089 10737
3 5983 6502 6887
3 10855 5985 8004
3 10855 8109 5985
3 5986 10315 8686
3 9828 10315 5986
3 5987 11089 10528
3 5987 10737 11089
3 8194 10338 5988
3 5990 10176 8161
3 10518 5991 9663
3 5993 9642 8020
3 5993 8020 10017
3 5993 8815 8602
3 5993 8602 9642
3 5993 10017 8815
3 8499 7931 5994
3 5994 7931 8501
3 5994 8501 9784
3 8027 5995 8660
3 8027 9497 5995
3 9497 10418 5995
3 10418 10573 5995
3 5996 7750 7837
3 5996 8619 7750
3 6160 5997 8401
3 6160 10854 5997
3 10687 8401 5997
3 9721 10687 5997
3 9721 5997 10854
3 6047 10682 5999
3 10008 5999 10682
3 6828 9346 6000
3 6000 9346 7258
3 6002 8836 9569
3 10947 6002 9569
3 10947 11043 6002
3 10848 6003 7287
3 10848 7989 6003
3 6004 8142 7941
3 7056 6401 6007
3 6008 8474 7440
3 6009 8726 10726
3 6013 6874 9037
3 6013 10716 6874
3 6013 7750 10716
3 6013 11023 7750
3 6795 6017 8149
3 6020 7591 7444
3 6021 6477 6476
3 6021 6476 8659
3 6021 9365 6477
3 6023 7329 9169
3 6023 10641 7329
3 6026 7261 9377
3 6026 10880 7297
3 6026 9377 10880
3 11188 7720 6027
3 11188 6027 9469
3 7291 6028 8374
3 7291 8938 6028
3 6028 8938 7505
3 8428 6030 6133
3 9482 6133 6030
3 8571 6030 8428
3 6128 8829 6031
3 6128 6031 11122
3 11122 6031 8328
3 10396 6031 8829
3 7597 6032 6869
3 6033 9472 6479
3 10487 6034 9410
3 6035 8316 10727
3 6035 10727 10975
3 9085 6654 6038
3 6038 7710 9484
3 9085 6038 11078
3 6038 9484 11078
3 8436 6042 6628
3 6628 6042 8922
3 7432 6043 7061
3 7491 7320 6043
3 11234 9615 6045
3 8979 8336 6046
3 8336 9283 6046
3 8779 6046 8945
3 9039 6046 8779
3 9039 8979 6046
3 9374 6646 6047
3 6047 6646 9840
3 6047 9840 10682
3 6677 6048 7524
3 6050 9948 8341
3 6051 7734 7243
3 6051 7243 7906
3 6051 10657 7734
3 6051 9668 7848
3 6051 7906 9668
3 6052 9279 9732
3 6052 10492 9279
3 6052 9732 9434
3 6052 10497 10492
3 7633 6054 6834
3 8342 6054 7633
3 10923 6187 6056
3 10923 6056 11015
3 8586 6057 9018
3 8586 9578 6057
3 6061 8152 6088
3 6061 10234 8152
3 8422 8951 6062
3 8951 9838 6062
3 6062 9838 10249
3 6062 10249 10257
3 9944 8121 6063
3 10679 6063 8121
3 8397 6065 10225
3 6067 10680 9429
3 6069 6999 9754
3 6069 10425 6999
3 6069 9754 7072
3 6069 9412 10425
3 6070 6076 10490
3 6070 9947 6299
3 6072 10670 6853
3 6072 6853 11075
3 6072 7739 8410
3 6072 11075 7739
3 6072 8410 9351
3 6072 9351 10670
3 6073 7246 6286
3 6850 7246 6073
3 6850 6073 9870
3 6349 6458 6074
3 10490 6075 6897
3 7983 6075 10490
3 6866 10488 6076
3 7983 6076 10488
3 7983 10490 6076
3 10791 8552 6077
3 8126 6079 7075
3 6079 8716 7075
3 8126 8735 6079
3 6081 7490 7581
3 8406 6083 10364
3 6084 8751 6731
3 6084 10928 8580
3 6086 7473 9626
3 8152 9581 6088
3 6172 8496 6089
3 6633 6090 9285
3 6633 10946 6090
3 8752 9285 6090
3 6877 6685 6091
3 6096 6534 7117
3 6096 9282 6534
3 6096 7422 9282
3 6097 7422 7206
3 6097 7206 10791
3 7418 6469 6100
3 6104 10147 6280
3 6104 9968 11049
3 6912 9441 6105
3 8887 6105 9206
3 9441 9206 6105
3 9430 6106 9513
3 9404 6107 7102
3 9854 7102 6107
3 9854 6107 9318
3 10938 6107 9404
3 6610 6109 7069
3 7612 7069 6109
3 6119 6110 7026
3 6119 7202 6110
3 6577 6111 7273
3 6577 10165 6111
3 11071 7273 6111
3 10165 7987 6111
3 6112 10838 7354
3 6112 10530 10838
3 6857 6118 9202
3 10795 6493 6120
3 7478 10960 6124
3 7699 8829 6128
3 6128 11122 11234
3 6131 6655 8340
3 6131 9122 6655
3 8470 6815 6132
3 8470 6132 9061
3 9485 8428 6133
3 6135 6323 6675
3 7469 6138 10243
3 8950 6138 9230
3 8950 10243 6138
3 8058 6141 7647
3 10289 7647 6141
3 8058 8041 6141
3 6142 9840 7973
3 6142 7973 10298
3 6142 10298 9184
3 6142 10682 9840
3 6146 9192 7739
3 11075 6146 7739
3 11075 9191 6146
3 9989 9192 6146
3 7042 6147 8703
3 8703 6147 7092
3 10653 7092 6147
3 9667 10653 6147
3 9869 8649 6148
3 7683 6609 6151
3 6609 10560 6151
3 8054 6151 8300
3 10560 8300 6151
3 6739 6976 6152
3 6739 6152 7360
3 6152 6976 7487
3 7360 6152 10954
3 8561 9572 6155
3 10335 6854 6156
3 9108 10335 6156
3 8840 8923 6158
3 10957 8840 6158
3 9275 6160 8401
3 6160 9820 10581
3 6160 10581 10854
3 6161 6861 6887
3 6165 6958 7211
3 6165 10712 6958
3 6166 10792 7828
3 6167 6590 8356
3 10662 8496 6172
3 10662 6172 10602
3 8338 7198 6176
3 6214 6385 6177
3 8893 7287 6183
3 7123 6185 8009
3 7123 11068 6185
3 9731 6185 8737
3 6185 11068 8737
3 6188 6701 6721
3 9905 6188 6721
3 8520 10067 6189
3 9197 6189 10067
3 11178 6190 7109
3 11178 9684 6190
3 8450 6191 8617
3 10323 6194 8557
3 10320 6194 10323
3 6705 6195 10660
3 10660 6195 8044
3 6196 9796 8015
3 10622 9796 6196
3 6197 10493 8633
3 8740 10493 6197
3 9227 6198 8673
3 11242 6198 9100
3 7425 6199 7046
3 7425 9232 6199
3 7107 10275 6201
3 10275 7542 6201
3 6203 9058 6388
3 7363 6204 6611
3 6734 6205 7151
3 6734 7430 6205
3 7569 6205 7430
3 6358 6207 10368
3 7492 6208 7311
3 6210 9377 7261
3 9922 6212 8585
3 9544 6212 10520
3 6472 6213 6217
3 6472 6471 6213
3 7408 10417 6215
3 6216 6368 8629
3 9320 11093 6216
3 9829 8514 6218
3 8514 10418 6218
3 6218 10418 9497
3 6382 11002 6219
3 6259 8426 6220
3 6221 7416 8184
3 6248 7205 6222
3 6225 9909 7342
3 6225 7342 10389
3 6225 10389 8527
3 6226 11187 8882
3 9735 6226 9099
3 9735 10178 6226
3 6226 10178 11187
3 6227 6849 9186
3 6227 9688 6849
3 6630 6228 10464
3 7852 6229 8116
3 10773 8032 6231
3 9007 9897 6231
3 10773 6231 9897
3 6232 11057 7236
3 7943 11057 6232
3 8868 7932 6234
3 6235 10363 9600
3 6484 6237 8613
3 9767 8613 6237
3 7140 6238 8447
3 9899 8447 6238
3 6240 10262 8741
3 10564 6240 8741
3 9457 6240 10564
3 11148 6240 9457
3 9825 10262 6240
3 11148 9825 6240
3 6683 6241 6668
3 9056 6242 7289
3 7860 9555 6243
3 6243 9555 9364
3 6243 9364 10143
3 6244 7309 7014
3 6379 6245 7014
3 6677 7406 6245
3 7014 6245 7185
3 7406 7185 6245
3 10636 6246 7585
3 6247 8856 8414
3 6247 8414 9094
3 9675 7194 6249
3 9802 6249 7194
3 8036 6249 9802
3 9675 6249 8279
3 6688 6251 7731
3 6251 8379 7731
3 10482 7341 6252
3 10511 6252 7341
3 10152 10482 6252
3 8258 8192 6253
3 6253 8192 10759
3 6253 10759 10519
3 11067 7609 6254
3 6259 10869 8426
3 6778 6260 9000
3 7034 6871 6260
3 6876 9172 6262
3 6262 9172 9462
3 7327 6265 7055
3 7055 6265 7819
3 7491 6265 7320
3 7491 7819 6265
3 11097 6266 10890
3 6267 8729 10030
3 6268 6393 9066
3 9765 6269 10393
3 9765 11044 6269
3 6273 8005 10228
3 6273 10230 8005
3 6273 10228 9173
3 6273 9173 10288
3 9240 6275 10292
3 6277 7769 8065
3 6280 10147 9966
3 9345 6295 6281
3 8476 9487 6282
3 6282 9923 9233
3 9487 9923 6282
3 6283 6700 8352
3 6288 10032 7830
3 10631 7284 6289
3 8618 6290 8849
3 6290 8618 9492
3 7783 6291 11017
3 6291 10625 8039
3 6291 8039 11017
3 6760 6292 8909
3 6760 11038 6292
3 8442 8909 6292
3 8442 6292 9723
3 8123 8735 6293
3 8497 6293 8735
3 9989 6899 6294
3 9989 6294 9192
3 10568 9192 6294
3 10568 6294 9453
3 6884 7963 6296
3 8718 6297 10883
3 8448 6299 9991
3 6300 8948 6685
3 6302 10677 6580
3 6302 6805 8293
3 6302 8821 6805
3 6302 8293 10677
3 6754 7139 6305
3 8513 6306 10327
3 8513 10328 6306
3 6306 10270 10327
3 6307 6314 7714
3 8641 6308 9332
3 6309 8936 9057
3 9831 6309 9057
3 9678 6309 9831
3 6621 7099 6313
3 7574 6621 6313
3 7162 6313 7099
3 7714 6314 10253
3 10365 10253 6314
3 8589 6315 8350
3 8476 6315 9487
3 7451 6936 6316
3 7599 6316 6936
3 8871 6318 7909
3 10804 7909 6318
3 8871 9774 6318
3 8179 7645 6319
3 10711 6319 7645
3 7816 6321 10541
3 6352 8441 6324
3 7533 7060 6325
3 7548 7006 6326
3 7548 6326 8157
3 6957 6327 7395
3 6327 8199 7395
3 6328 7970 8073
3 9504 7970 6328
3 6328 8073 8326
3 8965 9504 6328
3 10241 9502 6329
3 6330 7482 6383
3 8880 7482 6330
3 6331 10304 8182
3 6331 8182 10609
3 6331 10609 9010
3 6331 10378 10304
3 6332 8390 11141
3 6332 11141 8976
3 6334 8521 7482
3 8880 6334 7482
3 6337 7347 8961
3 6337 8961 9726
3 8697 6340 10836
3 10700 10836 6340
3 6341 10448 7116
3 9190 6342 7662
3 10810 7662 6342
3 9190 9556 6342
3 10435 10810 6342
3 8388 6343 6693
3 7278 8784 6344
3 6345 10478 7455
3 6345 10292 7779
3 6345 7779 10478
3 8553 6346 9977
3 6521 6347 7631
3 6347 10845 7631
3 6458 6349 6425
3 6949 6350 6603
3 6603 6350 8392
3 11005 6357 6487
3 8601 6358 6971
3 6971 6358 9509
3 8601 8403 6358
3 6358 10368 9509
3 9978 8636 6359
3 7162 7099 6360
3 8138 6363 7772
3 7608 6367 7643
3 6824 8629 6368
3 10736 6824 6368
3 7994 8395 6373
3 6374 6957 7395
3 6374 10350 6957
3 10353 6375 8773
3 10763 8773 6375
3 6377 9325 8445
3 6377 10360 9325
3 6379 7309 7008
3 6379 7008 7404
3 6379 7014 7309
3 6381 9073 8146
3 6382 10462 11002
3 9833 6383 7482
3 10999 6383 9833
3 7852 8116 6384
3 8184 7852 6384
3 6386 7018 6426
3 6386 6710 7199
3 7848 7904 6387
3 9662 6394 6390
3 6394 10745 6390
3 10745 10779 6390
3 6437 8543 6391
3 6391 9296 8438
3 6535 6392 9558
3 7011 6395 6838
3 6395 7220 6838
3 9090 7220 6395
3 9090 6395 10718
3 7011 6838 6396
3 6397 6831 9048
3 6398 6809 9577
3 6399 9164 7379
3 6867 6400 7217
3 7217 6400 7368
3 10630 6402 11124
3 6403 6497 7060
3 7533 6403 7060
3 8764 8407 6405
3 6405 8407 10254
3 8220 9225 6407
3 6407 9225 10889
3 9098 10415 6408
3 9562 8681 6409
3 9132 9133 6409
3 6411 8365 7774
3 6411 7774 9547
3 6411 9194 8365
3 9957 6414 10870
3 6415 7917 9756
3 6415 8582 8705
3 6415 9756 8582
3 9024 6417 10603
3 9215 6417 9049
3 11137 9049 6417
3 9215 10603 6417
3 6418 8448 9632
3 6419 11235 9669
3 6778 10347 6420
3 8480 9880 6420
3 8480 6420 10347
3 6422 7729 8359
3 6422 8359 8984
3 6422 8984 8750
3 10332 6423 10651
3 9121 9836 6424
3 6424 10463 9121
3 6424 9836 9842
3 10332 10463 6424
3 6524 6458 6425
3 6426 6894 6709
3 7969 6426 6709
3 7018 6894 6426
3 6427 6892 6708
3 9859 7030 6431
3 8566 11203 6434
3 11203 9412 6434
3 9915 6435 9516
3 10426 6435 9915
3 6753 8931 6436
3 10642 6753 6436
3 7721 10642 6436
3 9318 6436 8931
3 6437 6534 9282
3 6437 9636 6534
3 6437 9282 8543
3 10939 9435 6440
3 6442 9872 8559
3 6442 9727 9941
3 6646 6446 9840
3 6646 10828 6446
3 9840 6446 7973
3 11079 7973 6446
3 6446 10828 8331
3 11079 6446 8331
3 6450 8743 9046
3 6450 9266 8743
3 6450 10772 9266
3 8443 8754 6451
3 8995 6451 10011
3 6452 11156 6695
3 6452 7703 11156
3 10933 9126 6453
3 6620 7487 6454
3 6620 6454 8140
3 10834 6574 6456
3 8675 9962 6457
3 8675 6457 10413
3 9659 6457 9962
3 9659 10038 6457
3 7465 6458 6524
3 8218 9328 6463
3 8218 6463 10776
3 6464 6967 6549
3 6465 7510 9185
3 6465 9087 8657
3 6465 8657 9188
3 6465 9185 9087
3 10529 9928 6467
3 7651 6469 7418
3 8227 8663 6473
3 6474 6587 7430
3 6474 7430 7295
3 9365 9315 6477
3 6480 7494 9603
3 6480 10263 7494
3 6481 10850 7013
3 6481 9207 10850
3 7519 6482 6995
3 6482 9598 6995
3 8759 9183 6485
3 9183 10308 6485
3 10308 9946 6485
3 6985 7609 6486
3 11067 6486 7609
3 8020 6487 8403
3 8020 11005 6487
3 7862 10400 6489
3 9550 6489 8626
3 6489 9918 8626
3 6489 10400 9918
3 7982 9493 6491
3 10123 6494 6574
3 6809 6887 6502
3 6809 6502 9577
3 8191 9577 6502
3 6504 7153 7106
3 6504 7106 10129
3 6504 10129 7507
3 6505 11216 10981
3 8143 6507 9015
3 9793 6508 8000
3 7870 6509 7748
3 6509 11098 7748
3 6509 10552 11098
3 6511 7428 8837
3 11109 6516 6512
3 6512 8347 8238
3 11109 6512 8238
3 8767 6650 6513
3 6513 6650 10146
3 8767 6513 7341
3 6513 10511 7341
3 6513 10146 10511
3 6529 6864 6514
3 6529 6514 7418
3 6858 7651 6514
3 7651 7418 6514
3 6515 6516 10146
3 6515 10216 7986
3 6515 10146 10216
3 6775 6517 6598
3 10258 6598 6517
3 6519 6521 8733
3 6519 6522 7995
3 10525 6958 6520
3 6522 10106 9013
3 7593 6648 6523
3 7256 7465 6524
3 8907 6527 10452
3 9006 10452 6527
3 7801 6864 6529
3 6956 6531 6540
3 6531 6956 7122
3 7122 9156 6531
3 10148 6531 9156
3 6532 9625 9491
3 9636 7117 6534
3 6537 11021 8808
3 6537 9080 11021
3 7274 6538 8593
3 6539 7481 8661
3 6539 8661 10287
3 6542 8533 9247
3 6542 9247 10269
3 10968 6542 10269
3 10968 10342 6542
3 6972 10291 6543
3 7478 8852 6544
3 7478 6544 10960
3 10960 6544 8069
3 6545 8685 10325
3 6545 10325 10607
3 9038 6547 6857
3 9038 6874 6547
3 6548 6550 6549
3 6548 6549 6967
3 10295 6552 9845
3 6553 7017 8246
3 6553 8246 7773
3 6553 7773 9036
3 8361 6559 6698
3 6563 7156 8831
3 6563 9475 7156
3 7319 6564 7488
3 10885 6564 7319
3 8540 7488 6564
3 8540 6564 11111
3 10885 9554 6564
3 11111 6564 9554
3 6566 10061 7027
3 6567 9965 7999
3 8907 9965 6567
3 6568 9657 10066
3 8004 6569 7148
3 7148 6569 9246
3 10197 6573 7500
3 10123 6574 10370
3 10834 10370 6574
3 10406 6575 7277
3 6579 7146 9375
3 7281 6580 10677
3 7993 6582 7760
3 10715 7760 6582
3 10187 6582 7993
3 10715 6582 10099
3 6584 7366 10811
3 6585 8597 9481
3 6585 10085 8597
3 6585 9481 10084
3 6585 10084 10985
3 7569 6587 7192
3 7569 7430 6587
3 7262 10264 6588
3 8437 6588 10264
3 6589 7295 6734
3 8141 7493 6590
3 7493 8356 6590
3 6775 6598 6768
3 6599 7562 10249
3 8327 6599 9838
3 6599 10249 9838
3 7650 10983 6601
3 8814 6601 10983
3 6602 10325 8685
3 6602 8686 10081
3 6602 10081 10317
3 6602 10317 10325
3 6603 8392 11133
3 6604 8646 7613
3 8671 8646 6604
3 11186 6605 10752
3 6606 7376 8063
3 7683 9863 6609
3 9092 6609 9863
3 7363 6611 7294
3 7025 7024 6614
3 6615 10823 7160
3 6615 9363 10823
3 6616 8819 7790
3 6616 7790 9716
3 6619 7099 6621
3 6619 6741 11118
3 6622 9425 6916
3 10503 6624 6910
3 9844 11116 6626
3 8436 6628 7694
3 6628 9424 7694
3 6630 10464 10001
3 7605 6632 11190
3 6633 7549 10946
3 8839 6634 9383
3 6636 10024 6637
3 6636 10616 10024
3 7165 6637 7001
3 10024 7001 6637
3 7514 6638 8326
3 10375 6638 9741
3 10675 8863 6639
3 9546 6640 9996
3 9546 10484 6640
3 6641 7886 8936
3 9741 6643 7566
3 10522 7566 6643
3 10944 6643 9615
3 10944 10522 6643
3 7260 6644 8372
3 9510 6644 7260
3 9628 8372 6644
3 9510 11076 6644
3 9039 7304 6645
3 10944 6645 7304
3 9373 9452 6645
3 9373 6645 10944
3 9374 8334 6646
3 8334 10828 6646
3 6647 6978 7976
3 6649 8434 9436
3 9691 8434 6649
3 10441 6649 9414
3 11205 9414 6649
3 11205 6649 9436
3 10441 9691 6649
3 8767 9619 6650
3 10146 6650 10216
3 7213 6651 7264
3 8903 6651 7213
3 8903 9643 6651
3 6653 8954 8905
3 6653 8905 10244
3 10994 8725 6655
3 9122 10994 6655
3 8744 11040 6656
3 7494 6657 9603
3 9603 6657 9834
3 10728 9834 6657
3 10170 11046 6659
3 9150 9932 6662
3 6665 9229 8029
3 10214 6666 10599
3 10214 10876 6666
3 8205 6683 6668
3 8928 9431 6669
3 8970 6671 6900
3 9546 6672 6997
3 6997 6672 9893
3 9546 8777 6672
3 6674 10340 10021
3 11213 6674 10864
3 6677 7524 7406
3 8981 6678 11025
3 11026 6678 9294
3 11026 11025 6678
3 7869 6679 7705
3 7402 7624 6680
3 6688 7731 9545
3 7736 9780 6689
3 8977 6689 9780
3 6690 7189 6691
3 6692 6739 7361
3 7707 6694 6872
3 7558 7965 6696
3 6699 7730 6702
3 6701 7525 6721
3 10440 6702 7730
3 8198 6702 10440
3 6707 7998 8409
3 7199 6710 7586
3 9340 6714 6712
3 9340 6712 7020
3 8841 9819 6713
3 9341 6714 7313
3 6715 6740 7474
3 8164 6740 6715
3 6715 7474 9016
3 8425 6836 6717
3 8424 8425 6717
3 8424 6717 9985
3 10802 9139 6720
3 9140 6720 10047
3 10802 6720 9140
3 9905 6721 10143
3 6730 6728 6725
3 6729 8039 8257
3 6729 8257 9300
3 9389 6729 9300
3 6734 7295 7430
3 7431 8325 6736
3 7300 6737 7149
3 7361 6739 7360
3 6949 7033 6743
3 7033 8123 6743
3 6745 7432 7632
3 9134 9856 6746
3 8712 7272 6747
3 7272 9246 6747
3 9601 6749 7407
3 9601 7644 6749
3 6813 6751 9027
3 6752 7782 8104
3 6753 7388 8059
3 6753 8059 8931
3 8755 8382 6756
3 7887 6757 10286
3 10046 10285 6757
3 6758 9553 8516
3 6758 8516 10885
3 6758 9808 8567
3 6758 10885 9808
3 10655 6759 7776
3 9721 6759 10687
3 9721 10919 6759
3 10655 10687 6759
3 11212 8328 6762
3 8351 6763 7470
3 7218 7242 6766
3 7234 6769 7436
3 6771 8306 9391
3 6794 6773 6772
3 6794 6772 6792
3 6772 8458 6792
3 6773 7538 7132
3 6776 11169 7873
3 6776 10183 11169
3 8465 6780 6797
3 6797 6780 9704
3 9034 9704 6780
3 8721 8209 6784
3 10197 8721 6784
3 7521 6790 7047
3 6794 6792 7591
3 7591 6792 7444
3 6794 7591 6793
3 6793 7443 9775
3 6804 8489 9465
3 6804 9465 10504
3 9879 6804 10931
3 6804 10504 10931
3 6899 8293 6805
3 10514 6806 7275
3 11035 7343 6807
3 6810 8852 10789
3 10569 10416 6810
3 10416 11179 6810
3 10569 6810 10789
3 9797 6814 7526
3 8414 6815 9725
3 8470 9590 6815
3 6815 9590 9725
3 8160 8482 6818
3 9081 8160 6818
3 10195 6818 8482
3 8914 9081 6818
3 6819 11024 7773
3 6819 9035 11024
3 7799 9773 6822
3 10064 6822 9773
3 10280 6822 10064
3 10280 10902 6822
3 9969 7864 6823
3 10736 7389 6824
3 6824 10892 8629
3 6825 9074 7666
3 6825 7666 10190
3 8547 7800 6825
3 8547 6825 10190
3 6828 10200 9346
3 6828 10788 10200
3 6828 10912 10788
3 6829 9346 10200
3 6829 9772 9770
3 6829 10200 9772
3 8528 6830 9762
3 9048 6831 10881
3 10159 10157 6832
3 6833 9668 7906
3 6833 8768 9668
3 6837 6852 10341
3 9338 6839 8812
3 10638 8812 6839
3 6879 10714 6840
3 9168 6840 10219
3 6842 6920 8982
3 6842 8982 9277
3 11140 6842 9277
3 10467 9676 6844
3 9676 10982 6844
3 10467 6844 9980
3 10624 10694 6845
3 10959 6846 7071
3 8987 6846 10959
3 6847 8430 9013
3 6847 9877 8430
3 6847 10100 9877
3 10606 10100 6847
3 6848 7070 7462
3 6848 7462 7977
3 10059 9186 6849
3 6850 10670 9351
3 6850 9870 10670
3 11075 6853 7602
3 9870 6853 10670
3 10336 7125 6854
3 10335 10336 6854
3 9038 6857 9202
3 7604 6858 7350
3 6858 7604 7651
3 9821 6860 10644
3 6868 10891 7625
3 6868 9824 8529
3 6868 8529 10891
3 9037 6874 9038
3 7824 6875 8546
3 6875 11119 10166
3 6876 11000 9172
3 9888 10816 6876
3 6876 10816 11000
3 11052 7903 6878
3 11052 6878 9585
3 6879 10330 10331
3 6879 10331 10714
3 6880 7907 7939
3 10372 6880 7939
3 7939 6881 10113
3 10699 8688 6889
3 8688 10962 6889
3 10547 6890 7664
3 10337 9625 6893
3 10337 6893 10996
3 6898 9581 11062
3 9989 8293 6899
3 10158 6901 10542
3 10492 10497 6907
3 11079 8587 6908
3 11080 6908 8587
3 11079 6908 10298
3 6912 10505 10770
3 6914 8665 9328
3 10727 10956 6917
3 10975 10727 6917
3 8275 6918 9586
3 10686 6918 8275
3 6918 10667 9586
3 10686 10744 6918
3 10929 8982 6920
3 10929 6920 9599
3 7415 8519 6927
3 10974 6927 8519
3 11208 6927 10974
3 10039 6928 10220
3 9105 8989 6929
3 9105 6929 11197
3 11197 6929 9580
3 7436 6932 9775
3 9933 6951 6935
3 10756 6935 6951
3 9918 10400 6935
3 9933 6935 10400
3 10934 6939 7949
3 6940 8900 10794
3 6940 9110 9111
3 10465 6941 7268
3 8781 6944 7339
3 6945 9916 7308
3 6947 7465 7256
3 10756 6951 6948
3 7385 8622 6948
3 9274 6948 8622
3 10756 6948 9274
3 7211 6958 10525
3 10785 6961 8107
3 7131 6962 9316
3 6966 10803 6993
3 10027 6968 7176
3 8601 6971 8693
3 6972 8310 8305
3 6972 8305 10291
3 6972 10358 8310
3 6975 7292 7361
3 6975 7361 7360
3 7394 6978 9983
3 9621 6981 8405
3 9621 8769 6981
3 6981 8769 10479
3 10121 6983 6989
3 7892 6988 8592
3 7892 9677 6988
3 8592 6988 8899
3 9677 8937 6988
3 7364 6989 10582
3 6990 8022 7250
3 6990 7916 8022
3 8664 6990 9181
3 8450 8617 6996
3 9546 6997 10484
3 7552 9866 6998
3 6998 10874 7552
3 7867 6998 10812
3 10812 6998 9866
3 9382 6999 7702
3 6999 10425 7702
3 9382 9040 6999
3 9754 6999 9040
3 8522 7165 7001
3 8522 7001 10119
3 7005 8739 9293
3 7007 10114 10872
3 7151 7404 7008
3 9207 7010 10850
3 7012 9261 7182
3 7012 7251 7250
3 7012 7250 8022
3 7012 8022 9261
3 7013 10850 9178
3 10588 8246 7017
3 7022 7023 8888
3 9727 8888 7023
3 7025 9408 7024
3 7437 7034 7665
3 7035 9395 10347
3 9030 7043 7038
3 7038 7043 11069
3 7038 11069 7758
3 9830 9030 7038
3 7042 8703 10180
3 7044 9804 8161
3 10343 7044 8161
3 9124 8084 7048
3 11242 7048 8084
3 11242 9100 7048
3 7228 7051 10805
3 10805 7051 9413
3 10604 7054 8753
3 7057 10695 9764
3 7432 7061 7210
3 7435 7065 10832
3 9637 7065 10619
3 8342 7633 7067
3 7255 7068 10940
3 8646 7075 7613
3 8126 7075 8646
3 7076 10824 7812
3 7516 7077 9516
3 10007 7077 7516
3 9915 9516 7077
3 7979 9223 7079
3 7979 7079 11218
3 7079 9223 9116
3 7079 9116 10079
3 7079 10079 9528
3 7079 9528 11218
3 8518 7080 9694
3 7081 9084 9117
3 10142 7081 9117
3 8385 7729 7082
3 9540 7082 7729
3 9540 10210 7082
3 8012 10783 7083
3 9779 10164 7083
3 9779 7083 10783
3 9904 7088 10430
3 9904 11230 7088
3 8965 9176 7089
3 8965 7089 9504
3 8703 7092 10410
3 10181 7092 10653
3 7093 8903 7511
3 7093 9643 8903
3 10818 7095 10185
3 7097 7194 7552
3 7097 7552 10874
3 11245 7102 7331
3 11245 9404 7102
3 9405 7369 7103
3 11245 7103 7369
3 9127 7104 9623
3 7106 7153 7891
3 11179 11198 7108
3 7112 9415 7424
3 7112 7615 9415
3 9849 7115 7645
3 10903 7645 7115
3 9392 8894 7115
3 9392 7115 9849
3 8727 7119 8789
3 8789 7119 9523
3 9156 7122 10540
3 7123 10590 8007
3 7124 10075 10589
3 7127 7813 8737
3 9251 7813 7127
3 7127 8255 9892
3 7127 11068 8255
3 7127 8737 11068
3 9251 7127 9892
3 7128 9687 7999
3 10739 7128 7999
3 8796 7128 10112
3 10739 10112 7128
3 7695 7129 8584
3 10226 8584 7129
3 10226 7129 11225
3 8766 7758 7131
3 8803 7131 7758
3 8766 7131 9316
3 7538 7460 7132
3 11226 7133 10669
3 10859 7133 11226
3 7134 7156 7158
3 8831 7156 7134
3 7456 7135 9849
3 7135 9392 9849
3 7135 10247 9392
3 7136 7344 9352
3 7136 9352 8096
3 7137 7689 10063
3 7137 8264 10321
3 7137 10816 8264
3 7137 10063 10816
3 8950 7138 10243
3 7140 8447 11013
3 7140 10051 10049
3 7140 11013 10051
3 8272 7500 7145
3 7147 10979 7434
3 7147 9530 10979
3 7148 9246 7272
3 7148 7272 10814
3 7300 7149 8233
3 9080 7154 8544
3 8544 7154 10288
3 7160 10823 7929
3 10109 9900 7160
3 7802 7164 8043
3 9417 10461 7164
3 8903 7213 7170
3 9537 7170 7213
3 7511 8903 7170
3 8933 8273 7171
3 7174 8692 8213
3 7174 11226 10669
3 8050 11042 7175
3 9141 11002 7177
3 7177 11002 10462
3 7178 9072 7336
3 7179 8054 8300
3 7179 8800 8054
3 9195 7183 8085
3 7406 7624 7185
3 7190 10035 7187
3 8802 11231 7187
3 7569 7192 7363
3 7552 7194 9675
3 7199 7586 7196
3 10329 7348 7200
3 7237 7205 8807
3 7432 7210 7632
3 7810 7242 7218
3 9090 8486 7220
3 9081 7222 10346
3 9910 10346 7222
3 9770 7223 8551
3 10539 8551 7223
3 9772 7223 9770
3 7227 10351 7232
3 8471 7229 10916
3 7230 8158 7836
3 7231 8129 9801
3 10989 9146 7231
3 7232 10351 10211
3 7234 7436 9775
3 7234 9775 7443
3 7384 7236 11057
3 9385 8484 7241
3 10698 7243 7734
3 7245 10480 9901
3 7257 10547 8154
3 9564 11155 7258
3 7260 8372 9492
3 9367 7260 9492
3 7262 9165 10264
3 8470 9061 7265
3 10077 7265 10634
3 11082 7265 10077
3 7267 8253 7988
3 10465 7268 7271
3 10512 7271 7268
3 8288 7271 10512
3 9521 7272 8712
3 10514 7275 7657
3 7279 8387 9914
3 11103 8387 7279
3 7280 9335 9803
3 9511 9874 7281
3 9511 7281 10677
3 7284 8006 10014
3 10631 8006 7284
3 7284 10014 10846
3 8329 8251 7288
3 8329 7288 10676
3 7978 7289 7303
3 7978 9056 7289
3 9635 9023 7290
3 11143 7290 9023
3 9635 7290 9984
3 7301 10956 11201
3 9147 7978 7303
3 9039 8779 7304
3 8779 10522 7304
3 10944 7304 10522
3 8142 7307 7941
3 7307 11039 7941
3 9414 7308 9916
3 9370 10576 7310
3 10576 11100 7310
3 11100 10746 7310
3 7316 9770 8551
3 8932 7319 7488
3 8932 9837 7319
3 9808 7319 9837
3 10885 7319 9808
3 11110 9169 7329
3 7329 10641 10640
3 11110 7329 10640
3 10933 7332 9126
3 10662 10602 7333
3 7336 9072 10301
3 7336 10301 10458
3 10689 7687 7337
3 7338 8138 7772
3 8781 7339 7340
3 7342 9909 9136
3 7342 9136 10852
3 10389 7342 10852
3 11035 9954 7343
3 8941 7344 7944
3 8065 7769 7345
3 8623 7345 7769
3 8512 7348 10329
3 7355 10899 8311
3 9311 10899 7355
3 8495 7356 7652
3 7356 9280 7652
3 9142 7793 7356
3 8495 7652 7357
3 7357 7652 8851
3 7914 10608 7365
3 10578 7365 9713
3 9713 7365 10608
3 11245 7369 9404
3 7513 7370 7928
3 7513 8348 7370
3 10069 7371 9656
3 10521 9656 7371
3 8185 8033 7373
3 7373 8033 10967
3 8185 7373 9403
3 9839 9403 7373
3 9839 7373 10967
3 10998 7374 7527
3 8298 7377 9991
3 8898 8488 7377
3 7377 8488 9991
3 9963 7378 8749
3 9963 10619 7378
3 7379 9164 10357
3 7386 8971 10806
3 7386 10806 9926
3 8059 7388 7655
3 7800 7389 8720
3 7390 7666 8153
3 7390 8153 11161
3 9461 7392 11019
3 10698 8838 7393
3 8199 8337 7395
3 10966 7397 9902
3 8455 10473 7403
3 9601 7407 9468
3 7408 8066 9992
3 7408 9992 8900
3 7408 8900 10417
3 10750 7410 11099
3 7412 10392 7912
3 8569 7413 10139
3 8184 7416 7852
3 7852 7416 9875
3 11100 10576 7428
3 7437 7665 9067
3 7437 9067 11158
3 8148 7438 8024
3 7447 7788 7477
3 10226 11225 7449
3 10194 7456 7452
3 7452 7456 10451
3 10205 10194 7452
3 7453 10338 8194
3 10439 7454 8949
3 7456 9849 8179
3 7456 8179 10451
3 7458 10367 8399
3 10367 7458 10666
3 11083 10207 7463
3 7467 8305 8310
3 10448 7467 8310
3 7709 7468 9463
3 7468 8706 10884
3 7469 9085 9702
3 11170 8351 7470
3 9626 7473 8120
3 7475 9827 7590
3 7475 11066 9827
3 10164 7477 7788
3 9779 7477 10164
3 7479 8873 9613
3 7479 9613 9510
3 9833 7482 8521
3 9215 8125 7483
3 9215 7483 10603
3 7485 8080 8904
3 8540 9173 7488
3 8932 7488 10228
3 9173 10228 7488
3 8990 7495 9235
3 9518 7499 7685
3 10197 7500 8272
3 8251 7503 10528
3 9422 10365 7504
3 9422 7504 10977
3 10977 7504 10949
3 8939 7505 10882
3 7509 9295 7547
3 10991 10402 7512
3 8211 8653 7518
3 8211 7518 10553
3 7518 9993 10553
3 7520 9773 7647
3 9797 7526 10886
3 10058 10886 7526
3 9740 7530 9068
3 7531 9519 8389
3 7531 8389 10557
3 10089 8718 7536
3 8718 10883 7536
3 9885 7540 7706
3 11035 7706 7540
3 8220 7540 9225
3 8220 9954 7540
3 7540 9070 9225
3 9070 7540 9885
3 11035 7540 9954
3 9883 7543 11085
3 7544 10120 9559
3 7544 10747 10120
3 7550 8449 8469
3 7552 9675 9866
3 11103 7712 7554
3 11103 7554 8387
3 9921 7562 7565
3 9921 10249 7562
3 7563 10247 8809
3 9921 7565 9360
3 8969 7566 9919
3 10522 9919 7566
3 8499 7567 7627
3 7570 8537 8539
3 10174 7570 8539
3 10645 7570 10174
3 8521 8627 7571
3 9833 8521 7571
3 8267 10405 7573
3 9442 7573 10405
3 11222 9114 7577
3 8210 7578 8647
3 7581 10156 8292
3 10688 7583 8114
3 8963 8174 7584
3 7584 8174 10958
3 9140 10047 7584
3 9140 7584 10958
3 7587 9801 8129
3 11154 7587 8129
3 8151 9801 7587
3 10897 7588 8366
3 7828 10792 7590
3 9748 8875 7594
3 7596 9206 7996
3 7596 7996 9542
3 7596 10730 9206
3 11075 7602 9191
3 7603 9165 9378
3 7603 10264 9165
3 7603 9378 9834
3 9494 10264 7603
3 9494 7603 10728
3 10728 7603 9834
3 10809 7605 11190
3 7607 9960 7713
3 7607 10878 9960
3 7617 10824 10404
3 11233 7617 10404
3 11219 10620 7617
3 11219 7617 11233
3 10810 8944 7618
3 9696 8827 7619
3 9940 7620 9148
3 9940 10424 7620
3 10984 7622 11183
3 7623 8636 10033
3 7623 10033 9575
3 8499 7627 7931
3 8667 7628 8694
3 10606 7628 8667
3 7628 9891 8694
3 8485 10768 7629
3 8786 7629 10768
3 7634 8311 8864
3 7634 8864 9689
3 7634 9689 10056
3 7635 10127 7722
3 8883 9159 7636
3 9728 7636 9159
3 7638 8667 8694
3 7638 9125 8667
3 7638 11211 9125
3 7940 10607 7641
3 7641 11210 9631
3 7641 10325 10317
3 7641 10317 11210
3 10607 10325 7641
3 8179 9849 7645
3 10711 7645 10903
3 8058 7647 9773
3 8628 10899 7649
3 7975 7650 7966
3 7975 10983 7650
3 9447 8851 7652
3 9280 9447 7652
3 8020 8403 7654
3 8020 7654 10017
3 8601 7654 8403
3 8698 7654 8601
3 8680 7654 8698
3 8680 10017 7654
3 8059 7655 9800
3 8967 7656 9256
3 9699 7656 8967
3 8282 7659 10355
3 7661 9868 9716
3 10547 7664 8154
3 9074 8153 7666
3 10409 10222 7667
3 11173 7668 8542
3 11173 8651 7668
3 8557 11120 7669
3 9738 7669 8804
3 8804 7669 11120
3 9738 10031 7669
3 10704 7671 9418
3 10704 10837 7671
3 9209 7672 9089
3 9209 10532 7672
3 10635 7673 8006
3 8006 7673 10807
3 7673 9204 10807
3 7674 9940 9148
3 7674 9148 10632
3 9364 9555 7676
3 7681 10577 9281
3 7681 10801 10577
3 7682 8487 8336
3 7682 8336 8979
3 7682 8979 9843
3 9518 7685 9771
3 8093 7686 9576
3 8925 7690 10252
3 7691 7693 9570
3 10595 7693 7691
3 10595 7691 8226
3 7691 9570 8347
3 7693 10825 9570
3 10595 10154 7693
3 7693 10154 10825
3 7695 8584 9998
3 9426 9892 7695
3 9426 7695 9998
3 8185 9403 7696
3 8185 7696 9922
3 7698 10586 10494
3 7699 8951 8829
3 7699 9838 8951
3 7699 8985 9838
3 7700 8040 10090
3 7700 11223 8040
3 8842 8568 7700
3 8568 11223 7700
3 8842 7700 9051
3 7700 10090 9051
3 8487 7702 8336
3 7702 9283 8336
3 8487 9382 7702
3 10381 10005 7704
3 9269 7869 7705
3 10821 9269 7705
3 7709 9463 9466
3 7710 10738 9484
3 9745 7711 8946
3 10245 9102 7711
3 9691 7716 7718
3 10441 7716 9691
3 7721 8127 10642
3 7721 11135 8127
3 7723 9821 9130
3 8576 7725 10852
3 7725 10901 8677
3 10388 10708 7726
3 8211 11053 7727
3 7728 9528 9561
3 7728 10620 9528
3 8359 7729 8385
3 9540 7729 10254
3 8352 10440 7730
3 8379 10120 7731
3 8724 9545 7731
3 8724 7731 10120
3 9823 7732 8554
3 9823 9077 7732
3 10593 10208 7733
3 10145 7734 8035
3 7734 10657 8035
3 10145 10698 7734
3 8554 9950 7737
3 8554 7737 10626
3 10568 8410 7739
3 10568 7739 9192
3 7742 8197 8135
3 7742 9145 8197
3 7985 7743 10231
3 11152 11196 7745
3 9431 7746 10878
3 7749 11154 8129
3 7750 11023 7837
3 10716 7750 8619
3 7754 10758 7764
3 7754 9060 10758
3 10125 10856 7756
3 8803 7758 9119
3 7758 11069 9119
3 7759 8181 7778
3 10840 7993 7760
3 10715 8870 7760
3 10840 7760 8870
3 8076 9552 7762
3 8076 7762 10122
3 7762 9552 10391
3 8290 9295 7763
3 10846 10014 7763
3 10758 9616 7764
3 10922 7764 9616
3 10710 7766 9211
3 10710 10700 7766
3 9664 9158 7767
3 7768 9903 9134
3 10168 8623 7769
3 11024 9036 7773
3 8455 7775 8094
3 7776 7912 10392
3 7777 8469 8449
3 10205 7779 8790
3 10205 10478 7779
3 10604 7780 8519
3 10974 8519 7780
3 10604 8833 7780
3 8128 7781 11184
3 7781 8526 8971
3 7782 9641 8104
3 7786 11032 9155
3 9088 10164 7788
3 8669 7790 9818
3 7790 8819 9818
3 11195 7793 11237
3 8017 7794 9524
3 8017 10978 7794
3 7795 9749 8215
3 10649 9627 7796
3 8058 9773 7799
3 8503 10399 7802
3 8816 7805 8603
3 8786 10768 7805
3 9426 9998 7806
3 8737 7813 10102
3 9251 10073 7813
3 7814 10894 10703
3 9274 8622 7815
3 10543 7815 8622
3 9920 9274 7815
3 10681 7815 10543
3 7818 8688 10699
3 7821 9217 9635
3 7825 11056 9798
3 7827 9707 8757
3 7827 10600 9707
3 7827 10268 10600
3 8042 9599 7829
3 9313 7829 10611
3 7834 8176 9959
3 7834 10496 8176
3 7834 9157 10545
3 7834 11166 9157
3 7834 9959 11166
3 9296 7835 8438
3 7839 8651 9082
3 10431 8651 7839
3 7839 9082 9045
3 7839 9045 11087
3 9501 8219 7843
3 9501 7843 10860
3 9387 7844 10356
3 8559 11182 7845
3 7846 8572 9734
3 9337 9720 7847
3 9337 7847 10020
3 7848 9668 7904
3 7849 9525 9115
3 9783 10136 7850
3 9281 9447 7854
3 7855 8812 8581
3 7855 9338 8812
3 10530 7857 8232
3 7858 8586 9018
3 10879 7861 8583
3 7862 9774 10133
3 9936 7862 10133
3 9936 10400 7862
3 8908 7864 10605
3 9969 9718 7864
3 7864 9718 10605
3 8346 10825 7868
3 11149 8346 7868
3 10594 7868 10825
3 10837 7868 10594
3 10704 7868 10837
3 7870 10424 8237
3 7871 10476 9161
3 9956 10896 7871
3 10896 10476 7871
3 8722 7872 10315
3 7872 10081 10315
3 7872 10317 10081
3 7872 11090 10317
3 10431 8195 7873
3 8308 7874 10549
3 7875 8769 9621
3 7875 9621 8858
3 9475 8082 7877
3 10133 8871 7878
3 8947 9860 7878
3 8947 7878 10612
3 9860 10133 7878
3 7880 9706 10748
3 7882 8634 7883
3 7883 8634 10313
3 7883 10313 9161
3 8700 7884 10782
3 9853 9766 7885
3 10382 8936 7886
3 10382 7886 9091
3 10445 9091 7886
3 7888 8011 8043
3 7888 9811 8011
3 7890 8783 8266
3 7890 8266 10621
3 7890 10775 8783
3 10515 7890 10621
3 7894 8369 10501
3 8793 8433 7894
3 7895 8644 9216
3 10675 8644 7895
3 7895 9739 10709
3 10675 7895 10709
3 7897 8861 8691
3 10797 10796 7897
3 10819 9486 7902
3 8927 7903 11052
3 9035 7904 8768
3 9668 8768 7904
3 9809 7905 9093
3 7905 9817 9093
3 8871 7909 9032
3 10804 8958 7909
3 10901 7910 8677
3 7910 9681 11186
3 7913 8047 8038
3 7914 10204 8166
3 7914 8166 10608
3 7918 10080 8302
3 7919 11014 7947
3 9195 8085 7920
3 8085 10559 7920
3 8621 7920 8696
3 8621 11051 7920
3 8696 7920 10559
3 9195 7920 11051
3 10969 8683 7929
3 10969 7929 10823
3 8243 7930 10592
3 7935 10248 8707
3 7935 8813 10248
3 10607 7940 10527
3 8229 7947 11014
3 9006 7951 10452
3 10229 10452 7951
3 11220 7952 8023
3 9208 8274 7952
3 9208 7952 11220
3 7959 7957 9886
3 7957 9607 9886
3 7971 9634 9637
3 10920 9634 7971
3 7971 9637 9963
3 8257 7972 9300
3 11079 10298 7973
3 9707 11112 7975
3 7975 11112 10983
3 10594 7979 7980
3 7980 7979 11218
3 7979 10154 9223
3 10594 10154 7979
3 10594 7980 10155
3 9907 8564 7981
3 7982 8206 9493
3 7986 8408 8934
3 7986 9543 8408
3 7986 10216 9543
3 10165 8278 7987
3 7990 8609 9703
3 7992 8282 10355
3 7992 10355 10182
3 7994 10774 8395
3 9441 7996 9206
3 7996 9425 9542
3 10739 7999 9965
3 8001 8446 8045
3 10858 8001 8045
3 8001 8459 8446
3 9420 8003 11093
3 8750 10228 8005
3 8006 10807 10014
3 10635 8006 10631
3 10589 10075 8007
3 10590 10589 8007
3 9298 10729 8008
3 9942 8008 10729
3 9193 8010 10093
3 10639 8011 9811
3 10273 8011 10639
3 8842 9051 8013
3 9446 8014 11116
3 9189 8015 8386
3 9796 8386 8015
3 9189 8463 8015
3 8017 9647 9250
3 8017 9524 9647
3 8017 10591 10978
3 9419 8752 8018
3 10040 8019 8594
3 10040 10012 8019
3 8020 9642 11005
3 9241 10506 8021
3 9736 8025 8500
3 8609 8025 10781
3 9736 10780 8025
3 10781 8025 10780
3 8026 10612 9170
3 8026 9170 11140
3 8026 9277 11092
3 8026 11140 9277
3 10013 8027 8660
3 8027 8717 9497
3 8027 10457 8717
3 8028 8638 8800
3 9799 8953 8029
3 8174 8031 10958
3 8031 10951 9138
3 8185 8585 8033
3 8585 8494 8033
3 8033 8494 8760
3 8033 8760 10967
3 8680 8854 8034
3 10145 8035 8749
3 9630 8035 10657
3 10289 8038 8047
3 8257 8039 10625
3 8504 8040 11223
3 8042 10929 9599
3 10693 8045 8792
3 10693 10858 8045
3 8095 8755 8046
3 8048 8974 9798
3 11008 8974 8048
3 11056 8048 9798
3 11008 8048 11192
3 10761 10266 8052
3 9072 8053 10302
3 9291 10302 8053
3 8800 11073 8054
3 8057 8575 8756
3 11036 8060 9692
3 8061 9680 10101
3 8063 10788 10912
3 10270 8690 8069
3 10960 8069 8690
3 10327 10270 8069
3 8990 9235 8074
3 9235 10692 8074
3 8078 8159 8451
3 8078 8570 8159
3 10409 8084 9124
3 11242 8084 10098
3 8085 8775 10559
3 8089 11038 9651
3 8597 8090 9481
3 8091 10771 9788
3 8093 9576 8655
3 8455 8094 9650
3 9650 8094 9652
3 10494 9652 8094
3 8095 8202 8755
3 8269 8099 11113
3 8917 8101 8738
3 8738 8101 10729
3 8101 8881 8859
3 9942 8101 8859
3 8917 8881 8101
3 9942 10729 8101
3 8103 9766 9853
3 9646 8104 9641
3 8108 11131 10474
3 9196 8115 10601
3 9944 8373 8121
3 9514 10679 8121
3 8122 8124 8896
3 9215 8889 8125
3 8671 8497 8126
3 8126 8497 8735
3 8671 8126 8646
3 8128 10567 11185
3 9629 8595 8130
3 10213 8130 8595
3 10213 9618 8130
3 9839 10967 8131
3 8132 10251 11117
3 10858 9525 8134
3 11062 9581 8152
3 8452 8153 9565
3 11161 8153 8452
3 9074 9565 8153
3 9846 10184 8156
3 8159 8570 8573
3 9081 10346 8160
3 10343 8161 10176
3 8163 10477 9574
3 8163 11151 10477
3 8165 9882 10886
3 9779 10783 8166
3 10608 8166 10783
3 8172 8259 9724
3 10928 8173 8580
3 11008 8173 8974
3 8963 11070 8174
3 8397 11145 8175
3 8175 11145 10764
3 9959 8176 9238
3 9238 8176 10399
3 10496 10399 8176
3 10821 8550 8178
3 10821 8178 9390
3 8185 9922 8585
3 8190 8188 8299
3 8190 8299 10524
3 8190 10524 9289
3 8190 9289 10951
3 8258 9138 8192
3 9138 10951 8192
3 9289 10759 8192
3 9289 8192 10951
3 8193 9333 8740
3 8755 8202 8382
3 10282 8382 8202
3 10048 8607 8209
3 8721 10048 8209
3 8211 10553 11053
3 10283 10846 8216
3 8822 9084 8217
3 8822 8217 11200
3 11200 8217 8964
3 9501 8802 8219
3 8224 8664 9181
3 8224 10309 8664
3 8224 11088 9180
3 8224 9181 11088
3 8242 8225 10114
3 8230 10077 10634
3 10898 8235 8799
3 10898 10305 8235
3 8237 10424 9940
3 11109 8238 10296
3 8243 10592 9881
3 9416 8244 8528
3 9830 8250 9030
3 10280 9724 8259
3 10280 8259 10902
3 8906 9938 8263
3 9888 8264 10816
3 10240 10321 8264
3 10610 8265 10719
3 8266 8783 10001
3 8266 10001 10464
3 8266 10464 10002
3 8266 10002 10621
3 8267 10002 10405
3 8267 10621 10002
3 8267 10515 10621
3 10197 8272 8721
3 8275 9586 9697
3 8275 9697 9619
3 10388 9089 8280
3 11045 8280 9137
3 8835 10558 8283
3 8291 10550 9021
3 8291 10003 10384
3 8291 10384 10550
3 8872 11120 8294
3 8295 8846 10398
3 8295 10733 10072
3 8295 10398 10733
3 8774 8303 9565
3 11162 9565 8303
3 9389 9300 8309
3 8628 8864 8311
3 8628 8311 10899
3 8320 8960 8506
3 8320 8506 9105
3 8322 9388 10800
3 8985 9438 8327
3 8327 9838 8985
3 9373 11122 8328
3 9373 8328 11212
3 11079 8331 8587
3 10009 8331 10828
3 10255 8335 8630
3 10255 8920 8335
3 10632 9148 8339
3 10632 8339 9342
3 8339 10873 9342
3 8339 10140 10873
3 8435 8343 8748
3 8748 8343 8672
3 8345 10379 8380
3 8346 9570 10825
3 8349 9482 8490
3 8575 8589 8350
3 8575 8350 10483
3 8359 8385 9028
3 10239 8363 9800
3 9177 11025 8364
3 9514 8364 11025
3 10055 8365 9194
3 9278 9469 8371
3 10472 9492 8372
3 9496 8380 10735
3 8380 10379 10735
3 9371 9028 8385
3 9189 8386 10210
3 9796 9308 8386
3 10601 8386 9308
3 11141 8390 10535
3 8440 10198 8394
3 8395 10774 10364
3 8620 8396 10865
3 8397 10225 11145
3 8943 11165 8398
3 8398 10189 10471
3 9275 8401 11033
3 10687 11033 8401
3 11008 11192 8402
3 8405 8624 10579
3 8988 9621 8405
3 8988 8405 11189
3 11189 8405 10579
3 8463 8407 8764
3 9189 8407 8463
3 9189 9540 8407
3 9540 10254 8407
3 8409 8525 9549
3 8411 10486 9019
3 8411 9024 9937
3 8411 9937 10486
3 8967 9256 8412
3 8413 9471 9584
3 9094 8414 9725
3 10445 8417 9091
3 8420 10936 10500
3 8421 9591 11032
3 8421 11032 10509
3 9418 8423 10082
3 9620 8425 8424
3 10213 9620 8424
3 10099 9013 8430
3 9877 10715 8430
3 10715 10099 8430
3 8702 10592 8431
3 8702 8431 10686
3 10686 8431 10744
3 9436 8434 9437
3 8435 8748 11240
3 8435 11240 10029
3 8437 10264 9494
3 8446 8459 9114
3 9899 8775 8447
3 10412 8447 8775
3 11013 8447 10412
3 8448 8488 9632
3 8448 9991 8488
3 11162 8452 9565
3 9708 8454 9783
3 9708 10691 8454
3 9939 8823 8461
3 8983 8461 9190
3 8983 9939 8461
3 9190 8461 9556
3 9521 8463 8764
3 8702 8466 9881
3 9323 9881 8466
3 10125 8468 10856
3 8468 10814 10856
3 8471 10916 9062
3 9729 10190 8478
3 8480 9395 9818
3 8480 10347 9395
3 9755 9382 8487
3 9632 8488 8898
3 9584 8534 8490
3 8671 9560 8497
3 9106 9784 8501
3 9583 9334 8502
3 9238 10399 8503
3 9105 8506 8989
3 10716 8619 8507
3 8619 10875 8507
3 10265 8507 11018
3 8507 10875 11018
3 8508 8625 8736
3 8511 8875 10755
3 9557 8516 8830
3 10411 8830 8516
3 10411 8516 9553
3 9557 9554 8516
3 10885 8516 9554
3 8518 9563 10541
3 8625 9887 8520
3 9887 11244 8520
3 8520 11244 10067
3 8780 8627 8521
3 10894 8524 10703
3 8526 9009 8679
3 9416 8528 10790
3 8528 9762 10790
3 8541 10175 8529
3 10175 10891 8529
3 9584 9471 8534
3 9814 9612 8536
3 8544 9173 8540
3 11021 8544 8540
3 11021 8540 11111
3 11173 8542 8562
3 9080 8544 11021
3 8544 10288 9173
3 8547 10190 9729
3 9823 8554 10626
3 9876 8556 9705
3 8575 10483 8756
3 8576 10852 9136
3 8582 9756 11167
3 10226 10615 8584
3 8586 10437 9578
3 11080 8587 10732
3 9305 8588 9043
3 9653 9043 8588
3 9825 8588 9305
3 11101 9653 8588
3 11148 8588 9825
3 11148 11101 8588
3 10342 8591 9292
3 10968 8591 10342
3 11200 8964 8593
3 8594 9592 11232
3 10040 8594 10307
3 8594 11232 10307
3 9629 11128 8595
3 10213 8595 10202
3 11125 10202 8595
3 11128 11125 8595
3 9611 8596 9012
3 10517 8599 8810
3 8599 10943 8810
3 8599 10015 10943
3 10950 10015 8599
3 8698 8601 8693
3 8602 8815 9742
3 8816 8603 9714
3 9910 9714 8603
3 9910 8603 10346
3 8606 8956 9178
3 10065 8956 8606
3 9324 10065 8606
3 8612 8958 9551
3 8612 9957 8958
3 8612 9551 9413
3 8612 9413 9622
3 9550 8614 10627
3 10467 8616 8991
3 10467 10925 8616
3 9367 9492 8618
3 8621 8696 10521
3 8621 9478 11051
3 10888 10543 8622
3 8929 10579 8624
3 8929 8624 11030
3 9930 9550 8626
3 9930 8626 10556
3 8780 9204 8627
3 8628 10829 8864
3 11048 8629 10892
3 10255 8630 9624
3 10493 8631 8633
3 8676 11052 8632
3 11052 9585 8632
3 8636 10485 10033
3 9331 10721 8637
3 10898 8799 8638
3 8800 8638 11073
3 10980 8639 9254
3 10711 10903 8639
3 10711 8639 10980
3 9995 8640 10305
3 9995 11104 8640
3 8648 8969 9448
3 8648 10769 8969
3 8648 9003 9566
3 8648 9566 10769
3 11173 9082 8651
3 8652 9658 10201
3 9567 8657 9087
3 10013 8660 9927
3 8664 10309 9179
3 8777 9683 8666
3 10100 8667 9125
3 10606 8667 10100
3 8669 9818 9395
3 9755 8670 8684
3 8671 10386 9560
3 10000 9227 8673
3 8679 9009 9263
3 8680 8698 8854
3 9755 8684 9040
3 10684 9040 8684
3 8686 10315 10081
3 10809 11190 8689
3 9846 8692 10184
3 9193 8694 9891
3 8696 9656 10521
3 8700 10782 9548
3 8702 9881 10592
3 10105 9248 8710
3 9226 10474 8715
3 8797 10018 8717
3 8797 8717 10422
3 9497 8717 10018
3 10457 10422 8717
3 8719 10523 8810
3 8719 8810 10943
3 8719 8858 8988
3 8719 10943 8858
3 8719 8988 10523
3 8766 9316 8722
3 9828 8766 8722
3 9828 8722 10315
3 8724 9710 9545
3 8724 10120 10747
3 9069 8725 10994
3 8727 8789 10209
3 10624 8729 8832
3 8857 10030 8729
3 10624 8857 8729
3 9731 10108 8732
3 9731 8737 10102
3 8866 8917 8738
3 8866 8738 9684
3 9684 8738 11241
3 11241 8738 10729
3 9302 9293 8739
3 9333 10493 8740
3 9266 11059 8743
3 11061 9913 8745
3 8746 10990 9319
3 10604 8753 8833
3 10533 8756 10483
3 9711 8758 9210
3 11045 8758 9711
3 10271 8765 10056
3 10639 10056 8765
3 10267 8765 10271
3 10273 10639 8765
3 9350 10479 8769
3 9350 8769 10955
3 9527 9396 8772
3 9597 8772 10076
3 10182 9450 8773
3 8774 9565 9074
3 9899 9535 8775
3 10559 8775 9535
3 9383 9213 8776
3 9546 9996 8777
3 9996 9683 8777
3 9151 8778 8902
3 8779 8945 9919
3 8779 9919 10522
3 9050 10001 8783
3 9309 8801 8788
3 8789 9257 10209
3 10205 8790 10194
3 8796 10112 10010
3 10624 8798 8857
3 10037 8802 9501
3 10037 11231 8802
3 8872 10862 8804
3 8872 8804 11120
3 9738 8804 9451
3 8804 10862 9451
3 11021 11111 8808
3 9460 10517 8810
3 9460 8810 10523
3 9020 10915 8811
3 8811 9198 9330
3 8814 10983 11112
3 8816 9714 10380
3 10411 8817 8830
3 10565 8830 8817
3 9335 8818 9803
3 9042 9084 8822
3 9480 10623 8823
3 9350 10221 8824
3 9350 8824 10479
3 8933 8825 10050
3 9557 8830 10394
3 10565 10394 8830
3 8832 9245 10694
3 10624 8832 10694
3 10196 9569 8836
3 10145 8838 10698
3 8841 8849 9819
3 10733 8844 10072
3 8994 10398 8846
3 9281 8851 9447
3 10577 8851 9281
3 11214 10789 8852
3 8988 8858 9621
3 10310 8859 8881
3 9805 8859 10310
3 10457 8861 10422
3 10003 8862 10384
3 10003 10775 8862
3 11031 10384 8862
3 10675 10709 8863
3 8864 10829 9689
3 8866 9686 8917
3 11178 8866 9684
3 11178 9686 8866
3 10710 9211 8870
3 10840 8870 9211
3 10133 9774 8871
3 10755 8875 9748
3 8970 9961 8877
3 10055 9194 8877
3 9506 8878 9505
3 9505 8878 10373
3 10272 10373 8878
3 8883 9665 9159
3 10813 10556 8886
3 8887 9206 10730
3 9215 9049 8889
3 9549 8890 10961
3 9936 9860 8890
3 9860 10961 8890
3 9933 9936 8890
3 8891 10597 10945
3 9004 8892 9169
3 10930 8892 9004
3 8894 10060 10246
3 9693 8897 10469
3 10316 8900 9992
3 10316 10794 8900
3 10278 8905 8954
3 8907 10452 9965
3 8908 10605 9417
3 11034 8910 9988
3 9945 8911 10566
3 8921 9379 9424
3 8925 10252 9384
3 8926 9538 10016
3 8926 10016 11028
3 9143 8929 10544
3 10579 8929 9143
3 8929 11030 10924
3 8932 10179 9837
3 10382 9057 8936
3 10382 9091 8937
3 10280 10064 8942
3 8943 11166 11165
3 10016 8944 11028
3 10435 8944 10810
3 10435 11028 8944
3 8945 9448 9919
3 8947 10961 9860
3 10332 8949 10463
3 10332 10651 8949
3 10651 10439 8949
3 9386 8952 10214
3 9562 8956 9131
3 10065 9131 8956
3 10804 9551 8958
3 9150 8959 10813
3 8962 10073 9648
3 8963 11010 11070
3 8965 10374 9176
3 8966 10262 9305
3 10817 10262 8966
3 8969 9919 9448
3 8981 11025 9177
3 10460 8986 9947
3 8988 11189 10523
3 10732 9284 8992
3 11080 10732 8992
3 8996 10185 10074
3 8996 10589 10590
3 8998 11011 10509
3 9973 8999 11146
3 10087 10851 8999
3 10851 11146 8999
3 9002 9366 11121
3 9411 9002 11121
3 11110 9004 9169
3 9336 9263 9009
3 10362 9060 9011
3 10362 9011 9618
3 9242 10887 9014
3 9777 9019 10764
3 9019 10486 10764
3 9020 9037 9038
3 9020 9038 9202
3 9020 9202 10915
3 9217 9044 9023
3 9217 9023 9635
3 9937 9024 10646
3 9024 10603 10646
3 9170 9032 9025
3 10757 9170 9025
3 9755 9040 9382
3 10684 9754 9040
3 9083 10905 9041
3 9042 9117 9084
3 9653 11100 9043
3 9217 10531 9044
3 9393 9044 10531
3 9750 9045 9911
3 9750 11087 9045
3 9667 9047 10653
3 11137 11196 9049
3 10758 9060 9610
3 10690 10648 9064
3 11157 9064 10648
3 9748 9740 9068
3 10755 9748 9068
3 9097 9069 9437
3 9069 9436 9437
3 9069 10994 9436
3 9225 9070 10889
3 9072 10302 10301
3 9127 9259 9075
3 9702 9085 11078
3 9567 9087 9384
3 10215 9093 9817
3 9095 11174 9789
3 10245 9479 9102
3 9103 10826 11102
3 9330 9820 9107
3 10316 9109 10794
3 9112 9111 10863
3 11222 10324 9114
3 10693 9115 9525
3 9224 9123 9118
3 10217 10218 9120
3 11205 10994 9122
3 9224 9304 9123
3 10100 9125 9234
3 9260 9807 9128
3 10057 10654 9129
3 9130 9821 10644
3 10065 10904 9131
3 10802 9140 9520
3 9520 9140 10958
3 10989 10668 9146
3 11032 9591 9155
3 9156 10349 10148
3 9165 9532 9378
3 9166 9606 11138
3 10757 11140 9170
3 9182 9456 11227
3 9183 9315 10308
3 9188 11020 9588
3 9189 10210 9540
3 9195 11051 11209
3 9601 9468 9196
3 9209 10618 10532
3 9711 9210 9597
3 9214 9928 10529
3 10595 9223 10154
3 10403 9304 9224
3 10403 9224 9440
3 10000 9526 9227
3 9877 10100 9234
3 9244 11041 9245
3 9647 9655 9250
3 9426 9251 9892
3 10167 9253 9655
3 10167 9733 9253
3 9255 10823 9363
3 9255 10069 10847
3 10969 10823 9255
3 10969 9255 10847
3 9258 10235 10408
3 10337 10996 9259
3 10681 9266 10772
3 9269 9390 10260
3 10821 9390 9269
3 11188 9469 9278
3 11188 9278 9806
3 9588 11020 9284
3 10384 9288 9286
3 10550 10384 9286
3 11031 9288 10384
3 10019 9290 9929
3 10025 9290 10019
3 9291 10299 10302
3 10342 9292 9945
3 9298 10345 10459
3 11241 9298 10459
3 11241 10729 9298
3 10380 9714 9303
3 10900 9303 10881
3 9894 9304 9370
3 10403 9370 9304
3 9825 9305 10262
3 10308 9315 9365
3 9973 10314 9317
3 10086 9317 10314
3 11210 9317 10086
3 11210 11090 9317
3 9324 11175 10065
3 9325 11138 9606
3 9325 10360 11138
3 9721 10854 9331
3 9721 9331 10919
3 9331 10854 10721
3 9339 10833 9895
3 10163 10450 9354
3 9921 9360 10257
3 10257 9360 10680
3 9905 10143 9364
3 9366 10008 11121
3 10403 10576 9370
3 9373 11212 9452
3 9373 10944 9615
3 9373 9615 11122
3 9732 9378 9532
3 9603 9834 9378
3 9717 10250 9380
3 9717 9380 11117
3 10948 9380 10250
3 11037 9380 10948
3 9567 9384 9826
3 10252 9826 9384
3 9386 10599 9913
3 9386 10214 10599
3 10040 10307 9388
3 9390 10259 10260
3 9394 9491 9625
3 10337 9394 9625
3 10844 9396 9527
3 9397 10826 10741
3 9397 11102 10826
3 9397 11219 11102
3 10240 9402 10321
3 9410 9777 10764
3 10487 9410 11145
3 11145 9410 10764
3 10805 9413 9551
3 10441 9414 9916
3 10605 10461 9417
3 10988 9418 10082
3 10704 9418 10988
3 9422 9826 10365
3 9434 9732 9532
3 9434 9532 10261
3 10939 9502 9435
3 11205 9436 10994
3 9717 9444 10250
3 9446 11116 9844
3 9747 9449 9614
3 10793 9738 9451
3 9670 10964 9454
3 11148 9457 11060
3 9743 9466 9463
3 9478 10044 11051
3 9988 9499 9792
3 9510 9613 11076
3 9514 11026 10679
3 9514 11025 11026
3 9592 10798 9517
3 11232 9592 9517
3 10637 10802 9520
3 10167 9523 9733
3 10693 9525 10858
3 9815 9526 10186
3 10079 9561 9528
3 10979 9530 11239
3 9610 9536 10659
3 9538 10234 9744
3 9539 10910 10022
3 9539 10026 10910
3 10216 10561 9543
3 10137 9548 10782
3 10411 9553 10766
3 9557 11111 9554
3 9711 9597 10193
3 9597 10076 10193
3 9610 10659 9616
3 10758 9610 9616
3 10340 9747 9614
3 11122 9615 11234
3 10664 9616 10659
3 10664 10922 9616
3 10213 10202 9620
3 11210 10086 9631
3 9963 9637 10619
3 9649 9641 9640
3 9649 9646 9641
3 10167 9655 9647
3 10494 10586 9652
3 9653 10746 11100
3 10069 9656 10654
3 10751 10518 9663
3 10751 9663 10519
3 9666 11174 10717
3 9952 9672 9897
3 10773 9897 9672
3 9937 9676 10486
3 9937 10982 9676
3 9680 9679 10101
3 9996 11114 9683
3 9688 11187 10178
3 10271 10056 9689
3 9706 11096 10748
3 9707 10600 11112
3 9717 11117 10598
3 11215 11214 9722
3 9728 9788 11237
3 9737 10466 10191
3 10793 10031 9738
3 9797 9882 9744
3 10180 9757 10475
3 9762 10183 10790
3 9762 11169 10183
3 9763 10041 10286
3 10183 9768 10790
3 10096 9787 11243
3 9788 10771 11237
3 11034 9988 9792
3 9792 10536 11147
3 11147 11034 9792
3 9797 10886 9882
3 9805 10310 10311
3 9823 10626 11191
3 10252 10365 9826
3 9827 11066 10672
3 9936 10133 9860
3 9879 10931 10762
3 11208 10974 9889
3 10833 10117 9895
3 10181 9904 10430
3 9904 10208 11230
3 9921 10257 10249
3 10416 10019 9929
3 10416 9929 11179
3 10813 9930 10556
3 9933 10400 9936
3 9937 10646 11125
3 9937 11125 10982
3 9956 10442 10896
3 9956 11086 10442
3 9959 11165 11166
3 10739 9965 10452
3 10147 10088 9966
3 10266 9966 10088
3 10266 10199 9966
3 10896 10442 9971
3 10467 9980 10925
3 9993 10652 10553
3 9995 10305 10898
3 10004 11142 10726
3 10381 10760 10005
3 10112 10229 10010
3 10910 10026 10857
3 10035 10311 10034
3 10034 10311 10310
3 10039 10220 10237
3 10044 11209 11051
3 10045 10650 10282
3 10752 10049 10051
3 10306 10051 11013
3 10057 10444 10654
3 10063 11000 10816
3 11175 10904 10065
3 10444 10069 10654
3 10444 10847 10069
3 10988 10082 10149
3 10277 10985 10084
3 10739 10229 10112
3 10741 10826 10151
3 10594 10825 10154
3 10594 10155 10837
3 11164 10471 10189
3 10761 10199 10266
3 10649 10223 10905
3 10487 11145 10225
3 10227 10615 10587
3 10739 10452 10229
3 11152 11027 10232
3 10591 10246 10978
3 10251 10598 11117
3 10252 10253 10365
3 10299 10301 10302
3 10991 10300 10402
3 11210 10317 11090
3 10449 10331 10330
3 10714 10331 10987
3 11037 10948 10397
3 10398 11164 10733
3 10406 10861 11238
3 11013 10412 10702
3 10920 10932 10414
3 10717 10477 11151
3 10888 10567 10543
3 10888 11185 10567
3 10854 10581 10721
3 10859 11226 10650
3 11195 10771 10777
3 11195 11237 10771
3 11214 10864 10789
3 10830 10981 11216
3 11215 10864 11214
3 11144 10979 11239
3 10982 11125 11128
3 11148 11060 11101
3 11219 11233 11102
