v 2.06727 -26.9063 -537.546
v 2.09538 -27.0786 -537.685
v 2.15266 -26.6897 -537.468
v -2.1363 -26.353 -542.883
v 0.716956 -25.1548 -537.738
v -1.95595 -26.4399 -542.803
v -1.1931 -26.4256 -542.582
v -1.30338 -26.5817 -542.981
v -1.36314 -26.5336 -542.798
v -1.76958 -26.3933 -542.423
v -1.59552 -26.5219 -542.809
v -2.31434 -26.3067 -542.463
v -2.78182 -26.2863 -536.009
v 1.56563 -35.9988 -543.151
v 1.73391 -36.1119 -543.001
v 1.36168 -36.1576 -543.085
v 0.902504 -35.6371 -543.705
v 2.40736 -22.8789 -540.787
v 0.917532 -36.0905 -543.362
v 2.33416 -20.1748 -536.104
v 1.89157 -20.3543 -535.922
v 2.32324 -20.3152 -535.917
v -1.78741 -28.2525 -544.931
v -1.55646 -28.3194 -545.235
v -2.00944 -28.261 -545.09
v 0.100537 -27.9472 -538.194
v 0.151291 -27.2846 -538.455
v 0.070186 -26.7221 -538.69
v -0.0435909 -26.8616 -538.893
v -4.16186 -30.6567 -537.047
v -4.34764 -31.0968 -537.375
v -3.9832 -30.7937 -536.939
v 1.6201 -21.9107 -536.399
v 1.56875 -22.3845 -536.636
v 1.76657 -22.301 -536.552
v 0.0614053 -26.9574 -538.702
v 0.0299219 -27.1925 -538.643
v 1.59912 -26.5091 -537.261
v 1.74413 -26.931 -537.399
v -2.2513 -26.1243 -542.874
v 1.87741 -27.2678 -537.615
v 1.80933 -26.4022 -537.247
v 2.2366 -26.4773 -537.378
v 1.86429 -25.9263 -537.145
v 2.05242 -26.0897 -537.171
v 1.60065 -26.0002 -537.196
v 1.39921 -26.3833 -537.274
v -0.135507 -26.5281 -539.033
v 0.0690058 -26.4904 -538.68
v -2.54108 -26.443 -536.06
v -0.21262 -25.4259 -542.825
v -0.256789 -25.5614 -543.012
v -0.575665 -25.8287 -542.972
v 1.13953 -21.2922 -539.363
v 0.93433 -21.6597 -539.399
v 1.12898 -21.139 -539.174
v 0.884017 -21.9476 -539.669
v 0.739083 -22.5301 -540.217
v 0.749925 -22.4305 -540.044
v 0.886986 -22.0648 -539.872
v 2.85464 -20.138 -536.466
v 2.92609 -20.4619 -536.056
v 2.92844 -20.3037 -536.258
v 3.13256 -20.2222 -536.888
v 2.55466 -20.1308 -536.194
v 2.60284 -20.003 -536.444
v 2.53026 -20.2988 -535.968
v 2.69935 -20.4581 -535.889
v 1.87072 -20.2218 -536.113
v 4.20987 -32.9088 -542.412
v 1.39734 -20.8135 -538.992
v 1.22026 -20.8322 -538.839
v 0.898276 -21.571 -539.178
v -0.305485 -24.7668 -542.102
v -0.43904 -25.2355 -542.107
v -0.49032 -24.9908 -541.782
v 0.59256 -22.9805 -540.614
v 0.253543 -23.5048 -540.873
v 0.609741 -22.8767 -540.43
v 0.691379 -23.1573 -541.22
v -4.06988 -37.764 -542.133
v 0.36967 -23.4694 -541.264
v 0.762959 -22.8372 -540.805
v -4.06379 -36.3647 -543.09
v 2.28955 -26.9669 -537.856
v 2.24277 -26.2438 -537.249
v 2.17666 -27.1553 -537.923
v 2.34828 -26.64 -537.573
v 2.55611 -26.6679 -537.922
v 2.58214 -26.2375 -537.547
v 2.37805 -27.135 -538.585
v 2.16041 -27.4386 -538.537
v 2.44549 -27.1164 -538.83
v 2.08693 -27.6398 -538.451
v 2.25219 -27.4872 -538.906
v -2.72569 -35.7011 -543.459
v 2.02806 -27.2751 -537.764
v 1.93681 -27.8453 -538.08
v 2.0302 -27.4807 -538.051
v 2.18224 -27.2693 -538.164
v 2.04316 -27.8273 -538.343
v 2.44265 -26.9604 -538.218
v 2.30559 -27.0585 -538.081
v 3.19171 -23.8634 -537.479
v 3.15208 -24.3354 -537.522
v 3.27076 -24.004 -537.684
v 1.25589 -27.6777 -544.209
v 1.62742 -28.0143 -544.234
v 1.20033 -28.0736 -544.55
v 2.75132 -27.5104 -541.911
v 2.81377 -27.8728 -542.145
v 2.68466 -27.7469 -542.305
v 2.59693 -27.3988 -542.07
v 2.5907 -26.8408 -541.254
v 2.39164 -26.744 -541.681
v 2.49629 -26.7607 -541.47
v 2.29183 -26.8132 -541.943
v -3.6952 -37.1142 -542.888
v 2.04757 -25.9982 -542.069
v 2.15657 -26.4529 -541.953
v 2.03997 -26.2678 -542.086
v 1.9565 -26.3729 -542.269
v 2.06488 -26.5333 -542.173
v 1.96893 -26.5741 -542.403
v 1.86658 -26.3351 -542.458
v 1.85295 -28.7223 -544.599
v -5.02509 -24.4182 -541.47
v 1.975 -28.9323 -544.606
v 2.09593 -29.3293 -544.68
v 1.92581 -29.3552 -544.874
v 1.92708 -29.1313 -544.753
v 1.77028 -29.2164 -544.924
v 1.36712 -28.7628 -544.942
v 1.19707 -29.04 -545.231
v 1.02434 -28.8829 -545.234
v 2.50389 -27.1147 -541.822
v 2.40484 -27.3207 -542.266
v 1.91883 -26.9812 -542.665
v 2.03338 -27.1713 -542.639
v 1.84477 -27.1632 -542.848
v 1.79811 -26.7755 -542.72
v 1.54891 -26.9261 -543.124
v 1.68294 -27.1338 -543.057
v 1.3731 -27.1119 -543.508
v -0.933784 -26.3307 -543.417
v -1.275 -26.6691 -543.617
v -1.23257 -26.6046 -543.355
v -1.43708 -26.722 -543.441
v -1.49544 -28.2673 -544.996
v -1.62232 -28.1484 -544.779
v -1.41109 -28.0606 -544.832
v -1.41353 -27.8146 -544.65
v -1.54669 -27.9607 -544.651
v -1.27882 -27.6491 -544.663
v -1.62542 -28.4351 -545.444
v -1.06816 -28.0666 -545.237
v -1.16838 -28.2231 -545.423
v -1.30914 -28.216 -545.206
v 0.398732 -27.9067 -544.811
v 0.0755707 -28.1277 -545.114
v -0.0189066 -27.8818 -544.995
v 2.50287 -27.4233 -539.972
v -5.61001 -35.7299 -539.047
v 2.63152 -27.2259 -540.399
v 0.56291 -31.1073 -537.298
v -3.3062 -31.951 -536.855
v 0.774433 -31.5338 -537.294
v 0.354275 -31.4808 -537.2
v 1.33565 -34.1872 -545.674
v 1.37933 -34.1996 -545.939
v 1.57746 -32.3952 -538.113
v 1.11675 -34.1853 -545.547
v 1.44588 -34.4358 -545.377
v 1.01077 -34.2582 -545.305
v 0.808385 -34.3245 -545.158
v 0.570074 -34.2632 -545.197
v 0.754686 -34.1979 -545.352
v 1.81378 -34.1975 -545.884
v 1.96233 -34.3261 -545.77
v 1.48902 -34.2693 -545.562
v 2.26994 -35.381 -545.253
v 2.10645 -35.7306 -545.082
v 2.06179 -35.2897 -545.239
v 2.40764 -35.0999 -545.469
v 1.86569 -35.6608 -545.068
v 1.70185 -35.3539 -545.111
v -3.29577 -36.2073 -538.436
v -3.68517 -30.4208 -536.744
v -3.45327 -30.4653 -536.643
v -1.09478 -34.4663 -537.943
v -1.4625 -34.6582 -537.991
v -1.06717 -34.8516 -538.017
v -0.0371199 -35.005 -538.067
v -0.288087 -35.3316 -538.183
v 0.186637 -35.3097 -538.186
v 3.18686 -23.3597 -540.075
v 0.247748 -34.7437 -538.045
v 0.490241 -34.8939 -538.135
v 0.609652 -35.1117 -538.252
v 0.879719 -34.7366 -538.241
v 0.80657 -34.5046 -538.149
v -0.462676 -33.7517 -537.632
v -0.293177 -33.8921 -537.738
v -0.0777337 -33.9844 -537.841
v 0.0839673 -34.1222 -537.914
v -0.973665 -20.9847 -537.846
v 0.861128 -23.6641 -537.515
v 0.142033 -34.3215 -537.961
v 0.398742 -34.3799 -538.007
v 4.11775 -36.4606 -544.053
v 4.22276 -36.3107 -544.235
v 4.29676 -36.2834 -543.99
v 4.03539 -36.348 -544.428
v -2.13373 -23.0178 -539.602
v -2.13107 -23.2235 -539.547
v -2.09984 -23.1213 -539.796
v -2.2008 -22.8727 -539.959
v -2.20845 -22.619 -539.663
v -1.44177 -25.4983 -540.069
v -1.22444 -25.6284 -540.166
v -1.48365 -25.6717 -540.536
v -1.28269 -25.7094 -540.623
v -2.19527 -24.7126 -540.666
v -2.27402 -24.7067 -541.079
v -2.21357 -24.507 -540.76
v -6.10386 -36.1975 -543.263
v -6.10028 -36.2214 -543.698
v -5.72689 -36.1327 -543.426
v -6.95274 -35.985 -542.374
v -6.90273 -36.0377 -542.788
v -6.85124 -36.1419 -542.541
v -6.81007 -36.1015 -543.025
v -6.70287 -36.3118 -542.591
v -6.64721 -36.5292 -542.235
v -6.85467 -36.2615 -542.111
v -6.89187 -36.3478 -541.636
v -6.93202 -36.1032 -541.985
v -3.18119 -38.5504 -540.693
v -3.29604 -38.5208 -540.895
v -3.1337 -38.37 -541.045
v -5.91205 -28.69 -540.883
v -2.71336 -38.1925 -541.125
v -2.79435 -38.0602 -541.296
v -2.56324 -38.0521 -541.274
v -0.277751 -37.0831 -541.926
v -0.0150558 -37.252 -542.214
v 0.0936533 -37.3169 -541.854
v 0.148784 -37.3489 -542.338
v 0.261894 -37.3789 -541.75
v -4.47119 -36.0091 -545.065
v -4.51737 -35.9606 -545.502
v -4.27236 -35.9219 -545.474
v -4.50171 -35.9525 -545.769
v -4.13321 -35.7213 -546.078
v -1.66887 -34.7618 -547.875
v -1.99864 -34.9058 -547.563
v -2.183 -34.7821 -547.665
v -2.427 -34.8814 -547.196
v -2.45 -34.7434 -547.348
v -2.23792 -35.013 -547.225
v -1.59305 -25.99 -541.16
v -1.54816 -26.1135 -541.371
v -1.71538 -25.963 -541.383
v 1.32012 -25.6454 -537.258
v -5.64459 -31.3612 -545.639
v -2.35377 -20.8185 -539.062
v -6.03148 -28.9096 -540.973
v -2.40685 -25.7046 -542.261
v -2.58281 -34.9642 -537.936
v -0.368494 -35.4105 -546.812
v -2.29393 -25.8711 -542.804
v -2.3384 -25.7715 -542.045
v -2.22522 -25.9725 -542.056
v -2.04409 -25.9341 -541.753
v -2.36494 -25.6555 -541.828
v -1.79437 -26.5153 -542.983
v -1.9838 -26.3599 -543.028
v -1.94859 -26.4664 -543.215
v -2.10434 -26.2641 -543.234
v -2.42851 -35.9635 -538.345
v -6.71529 -35.8571 -545.503
v -2.15698 -26.1679 -543.044
v -2.26025 -26.4076 -542.74
v -2.35966 -25.9819 -542.576
v -2.33628 -25.836 -542.449
v -2.13513 -26.1383 -542.192
v -1.69378 -37.8993 -540.576
v -1.91082 -38.0165 -540.86
v 2.3474 -23.2311 -541.038
v -0.338347 -24.4593 -540.426
v -1.61648 -26.7098 -543.292
v -1.86304 -26.7479 -543.442
v -1.83775 -38.0462 -540.619
v -4.73791 -23.1337 -540.53
v -1.44214 -25.9659 -540.977
v -5.04954 -28.6844 -539.187
v 0.818389 -35.3508 -538.545
v -1.8221 -25.7213 -540.965
v 1.50361 -25.7857 -537.2
v -1.68253 -26.0931 -541.55
v -1.88353 -25.8498 -541.395
v -2.07286 -25.7672 -541.359
v -1.71621 -26.1841 -541.745
v -1.71676 -26.2912 -541.967
v -1.96042 -32.265 -536.819
v -1.87754 -26.1049 -541.855
v -1.34962 -26.1941 -541.967
v -1.48502 -26.3035 -542.129
v -1.3506 -26.1637 -541.714
v -1.20077 -26.0357 -541.82
v -3.29103 -30.2879 -536.599
v -1.34484 -26.135 -541.461
v -2.13651 -26.4175 -542.61
v -1.23591 -25.9377 -541.096
v -1.11345 -25.7734 -540.995
v -1.38452 -26.0794 -541.207
v -1.53131 -26.2326 -541.602
v -6.84282 -34.1145 -545.793
v -1.51144 -26.2892 -541.86
v -1.72398 -26.3311 -542.19
v -1.94997 -26.3064 -542.281
v -1.9173 -26.2171 -542.073
v 2.31981 -36.4898 -542.484
v 2.14442 -36.631 -542.45
v 2.13507 -36.4295 -542.608
v 4.0177 -35.6531 -545.161
v 4.09363 -35.2181 -545.378
v 4.19768 -35.6397 -544.969
v 1.47888 -35.72 -544.873
v 1.40448 -35.8064 -544.654
v 1.25089 -35.6298 -544.769
v 1.38266 -35.5097 -544.942
v 0.613326 -35.2653 -544.464
v 0.827405 -35.4329 -544.435
v 0.643985 -35.4009 -544.269
v 0.42082 -35.2393 -544.319
v 1.08727 -35.7187 -543.555
v -5.90475 -30.4159 -544.948
v 1.15019 -35.5981 -543.769
v 0.702912 -35.6265 -543.854
v 0.870745 -35.5029 -544.192
v 0.953259 -35.5333 -543.945
v 0.903242 -35.0924 -544.902
v -6.22862 -36.1215 -546.498
v 0.946546 -35.3355 -544.788
v 1.15377 -35.4464 -544.859
v 4.2032 -32.9577 -542.846
v 1.01556 -35.5064 -544.638
v 1.01418 -35.5685 -544.398
v 1.19545 -35.6775 -544.558
v 1.33178 -35.7413 -544.19
v 1.39029 -35.8063 -544.421
v 0.725648 -36.7854 -543.076
v 0.886435 -36.9091 -542.901
v 0.402917 -37.0711 -543.064
v 0.578132 -36.6886 -543.263
v 0.3402 -36.7754 -543.329
v -1.43792 -25.5988 -540.293
v 0.978239 -36.477 -543.083
v 0.510216 -23.2947 -541.178
v 0.578378 -37.2877 -542.76
v 0.554666 -37.1496 -542.92
v 0.808413 -37.2661 -542.655
v 0.586836 -37.3904 -542.557
v 0.813855 -37.3776 -542.448
v 1.12085 -36.8451 -542.823
v 0.986701 -37.0722 -542.744
v 1.39117 -35.7184 -543.811
v 2.2893 -19.8793 -536.765
v 1.81025 -19.9994 -536.67
v 1.62615 -35.5721 -545.025
v 1.51057 -35.3476 -545.046
v -5.33295 -26.5185 -542.35
v 1.69229 -35.8013 -544.957
v 1.60746 -35.9009 -544.737
v 1.78086 -36.0298 -544.577
v 1.56296 -35.8893 -544.259
v 1.80417 -36.0232 -544.322
v 1.96896 -36.1234 -544.711
v 1.9922 -36.1314 -544.475
v 2.74369 -36.3321 -543.859
v 3.06048 -36.3761 -544.211
v 3.15296 -36.4656 -543.852
v 3.43928 -36.4574 -544.192
v 2.15258 -36.2715 -542.785
v -3.51683 -25.0981 -542.541
v 2.31664 -36.2174 -543.196
v 2.36613 -36.2597 -542.954
v 2.15441 -36.1699 -543.001
v 2.23239 -27.2777 -538.443
v 0.627788 -23.7101 -538.072
v 2.7181 -20.7093 -538.672
v -4.34959 -23.9901 -541.528
v -3.15701 -30.9726 -546.561
v 1.72149 -36.34 -542.829
v 1.46988 -35.8297 -543.364
v 1.32679 -35.9639 -543.231
v 1.25491 -35.8042 -543.404
v 1.32652 -35.7028 -543.591
v -5.77775 -32.6637 -546.28
v 1.84909 -35.9467 -543.463
v 1.83311 -35.9825 -543.222
v 1.67121 -35.873 -543.38
v 0.631296 -23.9552 -538.018
v 1.76387 -36.8125 -542.503
v 1.70986 -36.5887 -542.68
v -6.1478 -28.504 -543.123
v 1.62279 -37.0304 -542.408
v 1.91446 -36.3995 -542.706
v 1.92871 -36.2076 -542.86
v 1.94574 -36.0861 -543.057
v 2.27288 -36.2009 -544.458
v 2.17584 -36.1922 -544.634
v 2.40832 -36.2155 -544.698
v 2.0663 -36.0446 -543.887
v 1.9418 -36.036 -544.108
v 0.452506 -35.6196 -543.956
v -0.376053 -35.4408 -547.426
v -0.167325 -35.3488 -547.502
v -0.193003 -35.3589 -547.256
v 1.62495 -34.2953 -547.155
v 1.64138 -34.149 -547.368
v 1.75603 -34.2484 -546.975
v -0.106875 -35.2543 -547.961
v -0.341407 -35.3975 -547.921
v -0.19987 -35.1812 -548.338
v -0.0926943 -35.1705 -548.141
v -0.854495 -32.6462 -548.171
v -0.429571 -32.852 -548.251
v -0.812191 -33.0426 -548.337
v -4.35063 -35.7679 -546.168
v -3.25931 -33.911 -547.518
v -3.00324 -33.9681 -547.596
v -3.38801 -34.106 -547.405
v -2.76052 -33.4008 -547.823
v -2.58403 -33.5716 -547.91
v -2.88967 -33.8175 -547.703
v -3.35839 -33.6969 -547.529
v -3.50411 -33.9251 -547.434
v 3.1449 -20.3745 -536.715
v 3.17209 -20.529 -536.502
v 3.23843 -20.5838 -536.766
v 2.9283 -20.0515 -536.864
v 4.23609 -33.1472 -543.196
v 2.69903 -19.9596 -536.894
v -5.38778 -27.1092 -543.061
v 3.26428 -20.6124 -537.167
v 2.85297 -20.6605 -535.919
v 2.38843 -21.7397 -536.316
v 2.43771 -22.0053 -536.569
v 2.52946 -21.8305 -536.494
v 2.50574 -21.576 -536.239
v -3.1059 -28.7615 -545.301
v 2.99813 -21.9032 -536.955
v 3.07196 -22.0735 -537.081
v 3.2001 -21.9238 -537.182
v 3.1158 -21.7395 -536.973
v 2.27901 -22.1261 -536.541
v 2.17763 -22.5252 -536.639
v 2.53822 -22.4232 -536.783
v 2.69528 -22.2001 -536.832
v 2.81003 -21.9449 -536.807
v 2.94843 -21.7176 -536.757
v 2.84949 -21.6188 -536.551
v 3.12287 -21.549 -536.784
v 1.86698 -20.8943 -535.694
v 1.79294 -21.2611 -535.883
v 1.93878 -21.1407 -535.766
v -5.11669 -25.5659 -542.219
v -5.24824 -25.9398 -542.115
v -5.585 -27.5264 -541.297
v -5.182 -26.0511 -542.343
v -1.07072 -26.5158 -543.743
v -1.20934 -26.7598 -544.049
v -0.629951 -26.0774 -543.639
v -1.68932 -26.947 -543.768
v -1.51977 -26.9832 -543.919
v -1.52723 -27.1692 -544.115
v -1.73904 -27.3295 -544.18
v -1.66262 -27.5483 -544.302
v -1.89978 -27.4844 -544.344
v -2.05309 -27.6345 -544.503
v -0.765038 -25.6857 -541.949
v -0.688048 -25.6618 -542.121
v -1.0304 -25.9379 -541.962
v -0.788717 -25.949 -542.532
v -0.902637 -26.0222 -542.33
v -1.31663 -26.3488 -542.361
v -1.54453 -26.3774 -542.353
v -1.08472 -26.2493 -542.397
v -1.25003 -26.2189 -542.201
v -1.01027 -26.3086 -542.66
v -0.954131 -26.2967 -542.908
v -0.6965 -25.8878 -542.748
v -0.835922 -26.1706 -543.07
v -3.74672 -25.1044 -542.602
v -3.8264 -25.4233 -542.895
v -3.83152 -24.9076 -542.432
v -4.23537 -28.4246 -544.706
v -4.02144 -28.4571 -544.841
v -3.29946 -23.4054 -541.062
v -3.63097 -28.1343 -544.605
v 0.328891 -31.1753 -546.967
v -3.62922 -27.9309 -544.449
v -6.32459 -30.808 -540.866
v -3.41303 -27.7031 -544.443
v 2.15421 -33.3483 -547.217
v -2.47793 -25.7869 -542.941
v -2.68086 -25.6763 -542.857
v -3.20063 -28.1738 -544.876
v -3.61498 -28.29 -544.802
v -3.7968 -28.4121 -544.879
v -3.49751 -22.5838 -536.356
v -4.27992 -28.8118 -545.091
v -4.45394 -28.7165 -544.978
v -4.04853 -28.8177 -545.137
v -4.38338 -29.0741 -545.198
v -4.36616 -27.741 -544.383
v -4.76983 -28.0583 -544.404
v -4.59823 -27.7352 -544.337
v -3.99511 -27.1969 -544.246
v -4.15241 -27.6405 -544.355
v -4.3214 -27.994 -544.452
v -5.15242 -29.9126 -545.281
v -5.37853 -30.3848 -545.305
v -5.58762 -30.0226 -545.049
v -5.59699 -30.4381 -545.227
v -3.03408 -32.283 -547.376
v -2.41858 -31.9651 -547.479
v -2.65255 -32.2862 -547.571
v -2.79582 -31.9388 -547.283
v -2.2242 -32.0827 -547.627
v -2.44061 -32.1836 -547.608
v -4.567 -23.6906 -541.193
v -6.36099 -36.1726 -546.048
v -6.50034 -35.9628 -546.131
v -6.30822 -35.8871 -546.486
v -5.34278 -36.1615 -546.547
v -3.4326 -22.3486 -536.38
v -5.79883 -36.1253 -546.647
v -6.14274 -35.4907 -546.619
v -6.46257 -35.4981 -546.37
v 0.858352 -25.1052 -537.573
v -6.02438 -36.1097 -546.666
v -6.19 -35.7155 -546.608
v -5.73418 -35.6932 -546.774
v -4.08748 -31.9361 -537.337
v -0.74265 -30.8762 -546.987
v -1.05899 -31.1762 -547.152
v -1.07885 -30.9728 -547.029
v -2.46641 -27.4414 -544.447
v -2.39549 -27.8162 -544.744
v -2.77396 -27.6973 -544.655
v 2.43304 -37.4125 -541.322
v 0.293797 -27.1246 -538.324
v 0.107514 -27.5194 -538.361
v -0.246231 -27.4901 -538.493
v -0.443929 -28.4385 -537.777
v -0.406541 -28.2908 -537.912
v -0.590495 -28.2306 -537.789
v -0.565151 -28.5748 -537.461
v -4.67559 -23.3116 -538.301
v 0.626844 -37.3432 -540.117
v 0.178776 -31.4346 -547.143
v 1.96925 -37.9091 -541.093
v -0.963297 -27.5463 -537.713
v -2.3569 -26.0845 -542.723
v -1.01177 -27.3212 -537.745
v -0.956689 -27.6688 -537.481
v -0.734377 -28.1096 -537.645
v -0.926646 -27.7499 -537.711
v -4.03937 -28.0964 -537.608
v -0.581479 -33.7423 -548.515
v -3.9092 -28.081 -537.426
v 2.7542 -20.5364 -538.331
v -4.26498 -27.2014 -538.131
v -4.2396 -27.102 -537.934
v -4.04958 -30.2893 -537.007
v -0.386377 -33.1065 -548.339
v -3.7831 -30.0226 -536.983
v -4.28684 -30.0075 -537.382
v -2.98784 -28.8193 -536.766
v -3.31631 -28.9473 -537.001
v -6.33327 -28.6896 -542.694
v -2.90755 -29.0725 -536.718
v -3.07844 -28.4103 -536.59
v -1.12275 -26.9014 -537.592
v -1.09319 -27.2345 -537.321
v -1.08441 -27.105 -537.781
v -1.40971 -24.6633 -536.479
v -1.3456 -25.0892 -536.647
v -1.29985 -24.5642 -536.65
v 4.42558 -33.8102 -543.987
v -1.29671 -26.0046 -536.772
v 1.34232 -30.5253 -546.161
v -1.23593 -25.8754 -537.001
v -1.13941 -26.5485 -537.17
v -1.17926 -26.5614 -536.915
v -1.11602 -26.7803 -537.134
v -1.72902 -27.3751 -536.631
v -1.52484 -27.3652 -536.757
v -1.14619 -20.5872 -535.902
v -1.25289 -27.5131 -536.993
v -1.20092 -27.3235 -537.134
v -1.37619 -27.576 -536.817
v -1.26037 -27.1075 -536.958
v 2.07473 -30.7442 -537.95
v -1.12945 -27.0531 -537.128
v -1.47513 -26.775 -536.667
v -1.34766 -26.9274 -536.794
v -1.18138 -26.8471 -536.932
v -1.67952 -26.7555 -536.534
v -3.37736 -30.065 -536.721
v -3.00791 -30.3353 -536.521
v -2.89978 -30.1125 -536.521
v -3.213 -29.9015 -536.739
v -2.71478 -30.268 -536.496
v 4.60683 -34.432 -544.244
v -0.955228 -28.0977 -536.988
v -0.730354 -28.1641 -537.392
v -0.767476 -28.4821 -537.097
v 1.60868 -22.898 -536.756
v 1.67338 -23.4235 -536.824
v 1.82136 -23.0234 -536.72
v 1.47151 -23.067 -536.858
v 0.910986 -21.1066 -536.898
v 0.877506 -20.9223 -537.362
v 0.835726 -21.2995 -537.266
v 1.0023 -20.6596 -537.085
v 1.42182 -21.9445 -536.529
v 1.44961 -22.1778 -536.633
v 1.70098 -21.0154 -535.795
v 1.57146 -21.18 -535.943
v -0.484676 -33.3232 -548.418
v 0.329822 -25.9131 -538.287
v 0.234112 -26.1876 -538.313
v 0.447544 -25.8383 -538.112
v 0.252721 -25.7426 -538.452
v 0.509541 -25.9939 -537.926
v 0.631162 -26.3985 -537.697
v 1.71738 -27.4537 -537.597
v 1.61129 -27.8893 -537.725
v 1.74449 -27.672 -537.737
v 1.53839 -27.6633 -537.591
v 1.51964 -27.3817 -537.504
v 1.67573 -27.188 -537.478
v 2.36676 -28.7096 -538.428
v 1.41262 -26.6731 -537.323
v 1.61027 -26.7457 -537.322
v 1.22285 -26.4981 -537.339
v 0.778053 -26.1608 -537.608
v -0.741258 -25.9105 -539.711
v -0.293906 -26.2623 -539.261
v -0.438256 -26.1727 -539.404
v -5.18448 -25.5064 -540.175
v -6.25898 -28.6167 -542.909
v -0.251294 -26.0253 -539.348
v -0.512503 -25.8658 -539.727
v -0.0313518 -26.1568 -538.943
v -1.3941 -32.7301 -548.146
v -4.75892 -38.1573 -540.5
v -2.76062 -35.2347 -543.71
v -5.0409 -37.8832 -540.882
v 3.35023 -31.9471 -540.123
v -0.264104 -25.5608 -539.521
v -0.0558807 -25.6677 -539.048
v -1.08341 -26.1338 -538.669
v -0.983355 -26.3389 -538.76
v -1.09878 -25.9455 -539.138
v -0.530258 -27.226 -538.495
v -0.178457 -27.2681 -538.637
v -0.132019 -27.0996 -538.815
v 1.37786 -25.404 -537.221
v -5.04705 -37.7689 -541.08
v 1.21571 -24.5574 -537.238
v 1.16798 -25.4603 -537.331
v 1.11561 -24.9967 -537.34
v 0.838894 -25.581 -537.615
v 0.999065 -25.5074 -537.451
v 1.16953 -26.2877 -537.351
v 0.93474 -24.9437 -537.482
v 0.166101 -26.806 -538.49
v 0.363831 -26.9385 -538.156
v 0.589696 -27.3095 -537.995
v 0.653408 -27.577 -537.934
v -0.462677 -25.4164 -542.305
v 0.00056148 -25.0801 -542.607
v -0.328231 -25.3367 -542.496
v -0.366497 -25.485 -542.684
v -0.49876 -25.5523 -542.516
v -2.29563 -25.0812 -541.346
v -0.513053 -25.8527 -543.245
v 0.0521771 -25.48 -543.17
v -0.303398 -25.7442 -543.39
v 1.37362 -25.1097 -542.483
v 1.11009 -25.4132 -542.693
v 1.00165 -25.1979 -542.641
v -0.00304595 -25.2603 -542.794
v 0.212971 -25.1348 -542.773
v 0.152482 -25.3219 -542.957
v 0.479045 -25.1388 -542.769
v 0.29927 -25.4339 -543.118
v 0.177338 -25.5543 -543.325
v 0.543685 -25.4822 -543.057
v 0.41946 -25.5879 -543.246
v 0.610173 -25.3155 -542.856
v 0.743443 -25.1563 -542.702
v 0.744373 -25.4625 -542.926
v 2.0983 -19.9237 -536.616
v 2.35719 -19.9273 -536.525
v 1.31393 -20.3617 -537.876
v 1.43814 -20.4605 -538.325
v 1.12777 -20.4947 -537.829
v 1.63607 -20.3318 -538.281
v 1.6668 -20.2174 -538.046
v -5.23165 -32.9012 -538.146
v 1.7429 -20.1348 -537.788
v 1.59753 -20.1563 -537.646
v 1.40109 -20.2602 -537.642
v -2.0952 -24.6755 -540.295
v 1.53687 -20.1614 -537.431
v -1.47213 -21.044 -536.054
v 0.396318 -24.1973 -538.533
v 0.551749 -24.1112 -538.182
v 0.587843 -23.5805 -538.307
v 0.625872 -24.2062 -537.971
v 0.68579 -23.3618 -537.877
v 0.82395 -24.1516 -537.625
v 1.18498 -21.7666 -539.96
v 0.980634 -22.1492 -540.209
v 1.25208 -21.8606 -540.139
v 1.0532 -22.2192 -540.4
v -0.159173 -24.2126 -541.812
v -0.314836 -24.572 -541.946
v -0.276952 -24.4046 -541.754
v -0.0937409 -24.3879 -542.214
v -0.101251 -24.0876 -541.594
v -0.260801 -24.3559 -541.306
v 0.228311 -23.7741 -541.788
v -0.0300008 -24.0548 -541.835
v 0.229658 -23.6358 -541.357
v 0.123954 -23.7848 -541.499
v -0.685544 -25.1822 -541.216
v -0.7705 -25.3245 -541.086
v -2.27128 -35.1105 -545.699
v -0.242834 -24.7444 -539.41
v -2.35549 -20.1175 -536.426
v -0.303745 -24.5948 -539.759
v 0.128129 -23.6507 -540.729
v 0.642669 -22.7148 -539.322
v 0.529474 -23.073 -539.534
v 0.582504 -23.0767 -539.087
v 0.37072 -23.5712 -539.313
v 0.791376 -22.1734 -539.674
v 0.805199 -22.0546 -539.485
v 0.744742 -36.0508 -539.255
v 0.804986 -22.5521 -540.445
v 1.10678 -20.8728 -536.334
v 1.06003 -20.6888 -536.67
v 0.981959 -21.1305 -536.67
v 0.936054 -21.5362 -536.923
v 1.15476 -21.3053 -536.385
v -5.98644 -31.6171 -545.538
v 0.858552 -21.5038 -537.182
v 0.824361 -21.5089 -537.459
v 1.90299 -20.1603 -537.944
v 1.84702 -20.2456 -538.198
v 1.85633 -20.3496 -538.427
v 1.88888 -20.4609 -538.635
v 1.93641 -20.5753 -538.832
v 1.65781 -20.5688 -538.722
v 1.14658 -20.6682 -538.2
v 1.05813 -20.6287 -537.992
v 0.82343 -21.7278 -537.54
v 2.49874 -33.7119 -539.326
v 0.804355 -21.4551 -537.932
v 0.844023 -21.1393 -537.663
v 0.871256 -20.9003 -537.598
v 0.867866 -20.9556 -537.809
v -1.25582 -24.7292 -537.064
v 0.950402 -20.6852 -537.746
v 1.07299 -20.9554 -538.695
v 0.979804 -21.2224 -538.989
v 0.88837 -21.4491 -538.979
v -0.651481 -25.3659 -541.698
v 0.0756658 -23.7888 -541.221
v -0.0820331 -24.0101 -541.176
v -0.208121 -24.2318 -541.102
v -0.0374993 -23.8982 -540.771
v -0.524685 -24.918 -541.511
v -0.367025 -24.6043 -541.743
v -0.523208 -24.8493 -541.213
v -0.614416 -25.0106 -541.127
v -0.461769 -24.6873 -540.968
v 1.9246 -21.9297 -540.302
v 1.50898 -22.358 -540.708
v 1.71276 -21.8836 -540.276
v 2.19068 -21.0341 -539.375
v 2.3704 -21.4425 -539.734
v 2.10747 -21.3821 -539.75
v 2.36751 -21.7575 -540.036
v -3.32544 -23.0513 -540.816
v 2.11705 -21.9967 -540.327
v -3.12231 -22.4424 -536.104
v 2.38772 -22.298 -540.45
v 0.506671 -24.0691 -542.345
v 0.29128 -24.172 -542.343
v 3.01606 -33.1918 -546.464
v 0.474438 -24.3147 -542.459
v 0.172925 -24.0258 -542.152
v 0.079037 -24.2614 -542.284
v -0.027768 -24.1586 -542.06
v 0.350708 -23.809 -542.009
v 0.358847 -23.9516 -542.215
v 1.34717 -21.5873 -539.861
v 3.34784 -23.8841 -537.895
v 3.24835 -23.6526 -537.5
v 1.68753 -28.1188 -537.875
v 1.42549 -28.3144 -537.638
v 1.9563 -28.526 -538.107
v 1.66669 -28.6133 -537.78
v 3.18935 -28.9109 -541.317
v 3.15897 -29.0435 -541.937
v 3.14609 -28.6221 -541.68
v 3.17718 -29.1398 -541.419
v 3.18252 -29.1267 -541.192
v -3.6586 -22.4703 -540.388
v 3.22749 -29.3467 -541.498
v 3.19555 -29.4036 -541.254
v 3.14973 -28.1957 -540.637
v 3.22846 -28.416 -540.59
v 3.19378 -28.3039 -541.045
v 3.12553 -28.1128 -540.86
v 3.03318 -27.9552 -541.065
v 0.0980392 -36.3456 -539.234
v 1.46183 -28.97 -537.492
v 1.50608 -28.5358 -537.654
v 1.09939 -29.0763 -537.333
v -0.432848 -29.6855 -537.375
v -0.585172 -29.9283 -537.347
v -0.097106 -29.9084 -537.384
v -0.233141 -28.4454 -537.927
v -0.0213488 -28.4651 -537.944
v -0.713387 -29.3066 -537.223
v -0.573934 -29.2631 -537.392
v -0.576385 -29.0341 -537.457
v -0.43207 -29.2383 -537.579
v -0.527923 -28.8125 -537.57
v -0.613038 -28.8197 -537.344
v 0.0527924 -30.0934 -537.406
v 0.165731 -30.4933 -537.45
v 0.296503 -30.0873 -537.288
v 0.0155884 -29.6657 -537.331
v 0.132251 -29.8867 -537.301
v 0.515792 -30.0474 -537.156
v 0.43573 -29.6789 -537.137
v 0.164778 -29.4335 -537.354
v -2.56328 -26.2203 -536.009
v -0.217911 -29.679 -537.395
v -0.361922 -29.448 -537.448
v 3.59239 -35.2733 -541.614
v 4.6293 -35.3098 -543.601
v 3.39243 -35.3247 -541.267
v -0.208061 -29.3059 -537.588
v -0.262249 -29.1071 -537.755
v -0.0851989 -28.6715 -537.865
v -0.312551 -28.6794 -537.881
v 0.109366 -28.788 -537.737
v -0.115353 -28.902 -537.786
v 3.03483 -22.7975 -540.118
v -0.0410778 -29.1187 -537.651
v 2.56876 -29.9914 -538.588
v 2.68273 -29.7088 -538.965
v 2.59979 -29.7698 -538.565
v 1.58969 -26.3779 -542.849
v 1.38267 -26.5157 -543.173
v 1.25564 -26.3457 -543.303
v 1.51925 -26.536 -542.966
v 1.75316 -25.1975 -542.316
v 1.73292 -25.8338 -542.472
v 1.5911 -25.5962 -542.492
v 1.92885 -25.2578 -542.184
v 1.96147 -24.6807 -542.094
v 2.37014 -27.2628 -538.965
v 2.4253 -27.2251 -539.171
v 2.32842 -27.4503 -539.134
v 2.40699 -27.4883 -539.509
v 2.63034 -26.0311 -537.512
v 2.78184 -26.2504 -537.948
v 2.86957 -25.7555 -537.776
v 2.64795 -26.6308 -538.114
v 2.86998 -26.1938 -538.168
v 2.52924 -26.5604 -537.738
v 2.6492 -26.3483 -537.743
v 2.58479 -26.7929 -538.263
v 4.17691 -33.181 -543.637
v 3.08184 -25.4775 -540.504
v 3.02413 -25.9551 -540.361
v 2.91702 -25.8159 -540.833
v 3.36779 -23.194 -539.47
v 3.29578 -23.1695 -539.717
v 3.35913 -22.7744 -539.411
v 3.23714 -22.9761 -539.817
v 2.0313 -26.3291 -537.244
v 2.99966 -24.0918 -540.684
v 2.27915 -26.009 -537.197
v -0.235304 -26.5616 -544.525
v 2.40301 -25.5228 -537.192
v 2.50644 -25.7225 -537.277
v 2.49022 -25.9295 -537.306
v 2.46885 -26.1373 -537.331
v 2.61071 -25.5746 -537.347
v 1.70388 -25.1198 -537.105
v 1.80285 -25.5004 -537.122
v 1.87799 -25.2608 -537.093
v 1.7427 -24.8732 -537.058
v 1.53665 -24.7893 -537.106
v 1.95572 -25.6669 -537.123
v 2.18999 -25.5703 -537.13
v 2.69885 -25.1987 -537.298
v 2.53855 -25.3502 -537.229
v 2.67969 -24.7147 -537.154
v 2.84815 -24.8126 -537.303
v 2.84443 -24.5658 -537.247
v 2.84928 -25.0428 -537.384
v 2.9914 -24.6702 -537.417
v 2.50033 -25.1256 -537.157
v 2.68653 -24.9657 -537.211
v 2.28822 -24.4752 -536.985
v 2.11042 -25.1553 -537.068
v 2.30788 -25.025 -537.077
v 2.85365 -25.2725 -537.492
v 2.75738 -25.669 -537.554
v 3.11717 -23.7171 -540.36
v -3.07197 -22.6467 -536.002
v 2.9732 -25.3337 -537.704
v 3.12434 -24.7347 -537.636
v 2.95368 -25.7799 -537.984
v 3.03064 -25.7453 -538.191
v 3.14524 -25.296 -538.127
v 1.81969 -27.8746 -543.868
v 1.98003 -28.3481 -544.268
v 1.67166 -28.725 -544.71
v 1.41506 -28.9886 -545.049
v 1.5136 -29.3882 -545.188
v 1.12501 -29.2453 -545.377
v 1.76318 -28.3525 -544.414
v 1.59406 -28.194 -544.402
v 1.33839 -28.4084 -544.699
v 1.6064 -27.6073 -543.71
v 1.42763 -27.6772 -544.04
v 0.821221 -27.167 -544.244
v 1.05937 -27.5033 -544.222
v 0.883014 -27.5614 -544.406
v 1.22465 -27.3416 -543.883
v 1.11856 -27.1253 -543.87
v 0.966302 -27.0759 -544.038
v 2.75036 -27.402 -540.87
v 2.76919 -27.5456 -540.668
v 2.92683 -27.7378 -541.067
v 2.66174 -27.4631 -540.469
v 2.38492 -27.4609 -542.447
v 2.98065 -28.3066 -542.098
v 2.86484 -28.3788 -542.549
v 2.81072 -28.1674 -542.457
v 2.85334 -28.679 -542.848
v 2.81261 -28.4323 -542.785
v 2.96546 -28.8269 -542.646
v 2.916 -29.0484 -543.002
v 2.81637 -28.85 -543.028
v 2.6346 -28.2899 -542.961
v 2.73631 -28.4922 -542.976
v 2.18186 -29.5626 -544.713
v 3.15598 -29.6108 -543.004
v 3.11744 -29.3929 -542.934
v 3.14612 -29.3247 -542.717
v 3.3512 -29.9162 -542.722
v 3.63962 -31.1182 -542.576
v 3.61205 -31.2753 -543.032
v 3.49224 -30.8723 -542.975
v 2.54865 -26.0967 -541.438
v 2.54338 -26.606 -541.315
v 2.42837 -26.5238 -541.546
v 2.2978 -26.3909 -541.741
v 2.00266 -25.7512 -542.146
v 1.92603 -26.1396 -542.258
v 2.2217 -25.991 -541.856
v 2.15685 -26.2065 -541.915
v 2.16901 -25.7981 -541.951
v 2.11926 -25.5781 -542.016
v 2.10354 -24.8535 -541.997
v 3.31734 -30.7791 -543.436
v 2.78001 -25.6955 -541.199
v 0.838523 -34.4878 -547.76
v 1.83919 -26.5545 -542.593
v 2.27443 -27.126 -542.262
v 2.22364 -27.255 -542.47
v 2.12401 -27.3601 -542.676
v 2.34661 -27.0316 -542.032
v 2.1094 -27.0052 -542.446
v 1.97397 -26.7889 -542.532
v 2.21328 -26.9108 -542.204
v 1.27188 -31.1058 -546.496
v -4.67103 -29.5065 -537.943
v 1.13575 -31.2242 -546.637
v 1.60393 -31.0909 -546.244
v 3.07349 -25.3243 -537.923
v 1.35915 -30.7575 -546.272
v 1.16553 -29.645 -545.613
v 1.29734 -30.106 -545.869
v 0.929616 -29.9129 -545.968
v 1.41962 -29.9964 -545.664
v 1.59114 -30.1376 -545.641
v 1.33166 -30.329 -546.023
v -6.46304 -32.0725 -540.43
v 0.801474 -29.3427 -545.629
v 0.622433 -29.1359 -545.586
v 1.14252 -28.6401 -544.992
v 0.724603 -28.5964 -545.178
v -1.11206 -26.4761 -542.823
v -1.12454 -26.5033 -543.081
v -0.570264 -26.1391 -543.901
v -0.880535 -26.3842 -543.913
v -1.04831 -26.6585 -544.162
v -1.24977 -27.8818 -544.844
v -1.24513 -28.1028 -545.016
v -1.10916 -27.6929 -544.843
v -1.07228 -27.9129 -545.017
v -0.883587 -27.8702 -545.159
v -0.781094 -27.5089 -544.939
v -1.47683 -27.3712 -544.268
v 1.75882 -22.2892 -540.638
v -1.59383 -27.7686 -544.461
v -1.30123 -27.4413 -544.488
v -1.44961 -27.5953 -544.445
v 1.02421 -25.7179 -543.022
v 0.635745 -25.6823 -543.219
v 1.25877 -26.1408 -543.19
v 1.11682 -26.4657 -543.533
v 1.4036 -25.8711 -542.842
v 1.54008 -25.9947 -542.785
v 0.917307 -26.5106 -543.763
v 0.784027 -26.6529 -543.972
v 0.013167 -26.6028 -544.453
v 0.26004 -26.3099 -544.111
v 0.244403 -26.6586 -544.358
v -0.146691 -26.7938 -544.589
v -0.326483 -26.3844 -544.413
v -0.0887588 -26.3939 -544.361
v 0.00659318 -26.2158 -544.188
v -0.536153 -27.1565 -544.776
v 0.7964 -21.4914 -538.157
v -0.469435 -27.7231 -545.093
v -0.0760646 -27.6489 -544.872
v -0.417655 -27.5497 -544.948
v -0.364971 -27.2987 -544.799
v 0.028793 -27.4443 -544.733
v 0.629885 -27.2459 -544.406
v 0.663973 -27.4727 -544.488
v -0.370904 -29.7049 -546.317
v -0.619118 -30.1705 -546.653
v -0.593452 -29.8044 -546.43
v -0.788205 -29.9696 -546.56
v -0.244104 -29.1768 -545.915
v -0.415407 -29.4948 -546.178
v -0.635477 -29.4173 -546.146
v -0.443999 -29.0249 -545.868
v -0.216535 -29.3759 -546.048
v 0.13216 -28.9592 -545.667
v 0.508291 -29.5554 -545.916
v -0.759946 -25.3729 -540.359
v 0.933438 -28.3197 -544.861
v 0.495241 -28.2862 -545.012
v 0.729238 -28.2233 -544.869
v 0.291932 -27.7418 -544.764
v 0.26852 -27.5255 -544.675
v 1.08649 -27.7057 -544.368
v 0.830302 -27.9107 -544.629
v 0.275068 -28.3159 -545.141
v 0.0592102 -28.3474 -545.288
v 3.09101 -28.1979 -541.521
v 3.22337 -28.5035 -541.038
v 3.15362 -28.4454 -541.502
v 3.3014 -29.5766 -541.386
v 3.33296 -29.5279 -541.642
v 3.18138 -29.4964 -541.007
v 3.22126 -29.2582 -541.906
v 3.33755 -29.4791 -541.894
v 0.87629 -22.6204 -540.675
v 1.92539 -28.5162 -544.44
v 2.74942 -29.0564 -543.383
v 2.61507 -28.8433 -543.444
v 0.967705 -26.2375 -537.469
v 2.2584 -28.4004 -543.866
v 2.20643 -28.5935 -544.064
v 1.99962 -28.1796 -544.07
v 2.09468 -28.5917 -544.267
v 2.3067 -28.2786 -543.64
v 2.46483 -28.4115 -543.427
v -0.681177 -30.4179 -537.315
v -0.375341 -30.7802 -537.28
v -0.227654 -30.6377 -537.379
v -0.817463 -30.7137 -537.096
v -0.227149 -30.1402 -537.457
v -0.0681768 -30.5026 -537.444
v -0.481938 -30.0935 -537.414
v 0.00469837 -31.0798 -537.258
v 0.149595 -30.8969 -537.315
v -0.144345 -31.2516 -537.18
v -0.587954 -31.7297 -536.944
v -0.45786 -31.9628 -536.966
v -0.230784 -31.9728 -536.997
v -0.63219 -31.1114 -537.062
v -0.481988 -31.5422 -537.006
v -0.160683 -31.6815 -537.033
v -0.0196122 -31.8622 -537.013
v 0.0123176 -32.045 -537.042
v 0.218829 -31.9331 -537.091
v 0.508008 -37.5447 -540.693
v -1.34428 -26.4236 -536.683
v 0.917917 -37.6734 -540.854
v 1.29021 -37.8286 -541.076
v -1.33762 -25.336 -536.686
v 1.1059 -37.6682 -540.66
v 0.550791 -23.3542 -541.383
v 1.91279 -37.9179 -541.337
v -5.63588 -27.5495 -542.906
v -0.0562104 -35.2777 -547.054
v 1.57611 -37.8051 -540.778
v 0.803528 -37.4613 -540.321
v 1.05775 -37.5319 -540.435
v 2.52169 -35.6901 -545.159
v -1.67546 -20.671 -538.704
v 2.22309 -35.9495 -545
v 2.49748 -35.4788 -545.257
v 2.29406 -35.5858 -545.17
v 3.12114 -33.6159 -546.423
v 2.91123 -33.669 -546.527
v 2.97279 -33.4219 -546.517
v 2.33062 -34.1785 -546.12
v 2.07524 -34.1266 -546.166
v 2.49879 -34.1144 -546.274
v 2.25947 -34.0842 -546.316
v 2.38739 -34.0066 -546.481
v 0.615658 -35.0976 -544.653
v 2.79321 -21.3979 -539.395
v 0.958684 -34.4759 -545.13
v 0.797369 -34.7072 -544.97
v 0.479921 -34.5234 -544.865
v 0.990913 -34.6976 -545.071
v 1.34435 -34.5739 -545.261
v -3.62365 -22.366 -536.551
v 1.18646 -34.4073 -545.266
v 1.6318 -34.4028 -545.521
v 2.05008 -34.5218 -545.654
v 2.17647 -34.3779 -545.818
v 2.48285 -33.7464 -546.737
v 2.2959 -33.9294 -546.699
v 1.96684 -33.2727 -547.345
v 1.63866 -33.5435 -547.563
v 1.77449 -33.161 -547.464
v 0.306973 -34.6559 -548.172
v 0.287028 -34.8256 -548.002
v 0.456853 -34.4719 -548.129
v -1.13398 -34.4266 -548.455
v -0.935843 -34.9355 -548.481
v -1.18271 -34.6817 -548.366
v -0.892875 -34.4444 -548.537
v 1.45362 -33.5002 -547.689
v 1.35092 -33.0227 -547.711
v 1.18769 -32.8407 -547.765
v 1.36339 -32.7698 -547.634
v 1.70536 -37.9729 -541.145
v 2.8626 -30.2914 -539.197
v 2.8676 -30.0185 -539.487
v -1.68089 -33.503 -537.287
v -1.64147 -33.7117 -537.462
v -1.2298 -33.6796 -537.473
v -1.29305 -33.476 -537.338
v -1.84359 -33.6499 -537.333
v -1.86978 -33.4408 -537.168
v -1.59231 -33.8892 -537.614
v -1.68692 -33.2489 -537.14
v -1.53414 -33.0509 -537.086
v -1.17887 -33.3203 -537.28
v -1.33978 -32.8991 -537.04
v -0.0348922 -33.582 -537.72
v -0.568074 -36.7723 -539.471
v -0.902677 -36.9694 -539.663
v -0.414677 -36.9222 -539.581
v -3.13686 -31.4288 -536.772
v -3.27719 -31.6561 -536.819
v -2.87134 -31.809 -536.713
v -3.33818 -31.3777 -536.86
v -2.62508 -34.3354 -537.711
v -2.21837 -34.7096 -537.884
v -2.06488 -34.4903 -537.85
v -3.30674 -34.5152 -537.795
v -2.97271 -34.7902 -537.881
v -3.06934 -34.4122 -537.742
v -2.66466 -34.5623 -537.806
v -1.17825 -35.0534 -538.038
v -0.947974 -34.0786 -537.735
v -0.526604 -34.2136 -537.824
v -0.897475 -33.8952 -537.62
v -1.17244 -34.1045 -537.771
v 0.953883 -35.4573 -538.749
v 0.651277 -35.2986 -538.389
v 0.56916 -35.6295 -538.736
v 0.447285 -35.4505 -538.413
v 0.331676 -35.5867 -538.558
v 1.12817 -34.6942 -538.349
v 0.962847 -34.928 -538.355
v 1.32999 -34.7599 -538.483
v 0.851018 -35.1495 -538.393
v 1.08517 -35.083 -538.507
v 1.1706 -35.3567 -538.799
v -0.45763 -35.1317 -538.076
v -1.06198 -35.2688 -538.078
v -0.556566 -35.3099 -538.15
v -0.815281 -35.2854 -538.113
v -0.076934 -34.4373 -537.945
v -0.308647 -34.112 -537.82
v -0.552774 -34.4537 -537.908
v 0.656963 -34.3268 -538.06
v 1.47734 -37.885 -541.219
v 1.35445 -34.5435 -538.397
v 2.8 -29.3967 -539.268
v 2.82317 -29.5057 -539.813
v 2.8846 -29.2566 -539.444
v 2.92397 -29.329 -539.915
v 2.97836 -29.1062 -539.605
v 4.57073 -35.5013 -543.465
v 4.59819 -35.6212 -543.918
v 4.67461 -35.102 -543.68
v -1.40021 -20.6149 -535.874
v -1.32883 -20.8202 -535.967
v -1.48448 -20.4109 -535.827
v -0.231711 -19.5813 -535.898
v -0.439355 -19.9025 -535.938
v -0.0350302 -19.6755 -536.048
v -0.281526 -20.0021 -536.095
v -4.58757 -23.4545 -538.099
v -4.44056 -23.6861 -537.714
v -4.43051 -23.4835 -537.752
v -3.79896 -21.0352 -538.168
v -3.85039 -21.0927 -538.665
v -4.00214 -21.3245 -538
v -2.94222 -21.0893 -539.319
v -3.06662 -21.452 -539.602
v -3.3121 -21.4549 -539.552
v -4.5954 -30.6446 -537.598
v -4.51034 -31.171 -537.508
v -4.35174 -30.8666 -537.305
v -4.56875 -31.4192 -537.541
v -4.79255 -31.6863 -537.785
v -4.61516 -31.6449 -537.591
v -3.49899 -31.5234 -536.933
v -3.99847 -31.4714 -537.198
v -3.98883 -31.0162 -537.083
v -3.72983 -30.8243 -536.835
v -3.8913 -30.4004 -536.849
v -4.75995 -24.0425 -541.371
v -4.04803 -30.5335 -536.929
v 1.00546 -22.6508 -540.855
v -5.16379 -35.7161 -538.765
v -2.54587 -35.1151 -543.786
v -3.77018 -31.1812 -537.049
v -3.75734 -31.4193 -537.068
v 1.81065 -25.6657 -542.327
v -4.21666 -31.5328 -537.32
v -3.37394 -33.9762 -537.559
v -3.49092 -34.3373 -537.738
v -3.725 -33.7565 -537.528
v -2.49611 -33.7441 -537.38
v -2.34979 -34.1198 -537.643
v -2.11215 -33.9046 -537.506
v -5.31515 -25.8273 -541.88
v -5.36615 -26.2762 -541.911
v -5.34989 -24.8017 -541.035
v -2.75645 -35.0908 -543.94
v -5.38637 -25.2025 -540.953
v -3.29442 -22.5099 -536.208
v -5.24365 -24.3333 -539.87
v -3.33692 -24.0804 -541.665
v -5.14043 -23.689 -539.622
v -5.21007 -23.9522 -539.939
v -5.23483 -24.0184 -540.217
v -5.30861 -24.7352 -540.184
v -5.35059 -24.8911 -540.414
v -5.30474 -25.027 -540.242
v -5.31233 -24.4648 -540.262
v -5.32399 -24.4345 -540.498
v -5.25532 -24.2189 -540.633
v -5.37569 -24.7677 -540.798
v -0.477887 -29.0203 -537.664
v -5.20059 -24.9504 -539.85
v -3.00607 -26.6287 -536.124
v 0.952029 -25.7427 -537.489
v -2.81484 -27.2337 -536.193
v -2.83353 -25.1844 -535.827
v -2.7239 -25.6072 -535.878
v -2.66977 -25.0433 -535.797
v -2.91008 -24.6754 -535.778
v -3.0676 -24.8029 -535.851
v -2.96295 -25.6545 -535.918
v -1.28077 -25.7368 -536.84
v -4.23387 -33.7374 -537.713
v -4.58469 -26.291 -538.417
v -2.88097 -28.4736 -536.477
v -2.61757 -28.9813 -536.445
v -2.99805 -28.229 -536.45
v -4.38646 -33.5519 -537.742
v -2.94077 -27.8359 -536.324
v -2.85686 -28.0569 -536.355
v -3.8727 -26.508 -536.862
v -3.98885 -26.8713 -537.128
v 1.73474 -34.3461 -538.567
v -1.10316 -20.1673 -535.819
v -0.971614 -20.3381 -535.902
v -0.888541 -20.0491 -535.852
v -1.97269 -38.1013 -540.41
v -0.583541 -20.2563 -536.076
v -0.501743 -20.0919 -536.006
v -4.47913 -22.3016 -539.675
v -4.72973 -22.8311 -539.958
v -4.80002 -22.8646 -539.741
v -5.12851 -24.8835 -541.715
v -5.23246 -25.0419 -541.567
v -5.09568 -24.6562 -541.59
v -4.97667 -24.7497 -541.797
v -4.79064 -24.6182 -541.837
v -4.91908 -24.5082 -541.647
v -5.18871 -24.6136 -541.382
v -4.80578 -24.2595 -541.522
v -4.50827 -22.461 -539.849
v -4.48642 -22.6917 -540.239
v -4.62042 -23.1914 -540.712
v -4.90901 -23.3451 -540.487
v -4.78251 -22.9928 -540.157
v -3.39754 -21.8311 -539.82
v -4.386 -22.4945 -540.06
v -4.40043 -22.7636 -540.431
v -3.86663 -22.5543 -540.425
v -3.63624 -22.652 -540.56
v -4.08317 -22.8327 -540.647
v -4.41173 -23.065 -540.751
v -4.48055 -23.263 -540.883
v -4.30689 -22.8519 -540.598
v -4.15314 -23.5916 -541.251
v -4.1016 -23.9106 -541.542
v -4.14364 -24.0739 -541.68
v -1.26926 -24.945 -536.873
v -1.24261 -25.218 -537.214
v -1.2523 -24.5104 -536.871
v -1.11782 -22.8193 -536.908
v -1.2106 -23.1665 -537.109
v -1.14364 -22.6884 -537.136
v -1.09897 -22.9134 -536.675
v -1.11045 -22.445 -537.185
v -1.20157 -22.5897 -537.37
v -1.19158 -22.354 -537.408
v -4.74199 -25.9971 -538.754
v -1.31498 -22.4954 -537.577
v -1.15732 -22.0285 -536.145
v -1.0379 -22.0397 -536.358
v -1.10875 -21.8052 -536.248
v -1.10293 -22.2657 -536.244
v -1.18478 -22.753 -536.248
v -1.12763 -22.9622 -536.43
v -1.09209 -22.5113 -536.35
v -1.05132 -22.4826 -536.574
v -4.37683 -37.6976 -539.664
v -1.01547 -21.8313 -536.49
v -1.10802 -21.6065 -536.367
v -1.23226 -21.3887 -536.292
v -1.08736 -21.4429 -536.531
v -0.996696 -22.0322 -536.611
v -1.04071 -22.2605 -536.47
v -0.983327 -22.0455 -536.852
v -1.05418 -22.4444 -536.797
v -1.04398 -22.2906 -536.978
v -0.406838 -28.8653 -537.801
v -1.00107 -22.0797 -537.067
v -1.25702 -22.0328 -537.619
v -1.16594 -22.1185 -537.429
v -1.40446 -22.1665 -537.81
v -0.661841 -25.7772 -539.892
v -0.792788 -25.6989 -540.049
v -0.995478 -25.5665 -540.346
v -1.06319 -25.5633 -540.574
v -0.994306 -25.6613 -540.12
v -1.31472 -25.5414 -539.9
v -1.13123 -25.6641 -539.937
v -2.11404 -24.4254 -540.308
v -1.57371 -24.7804 -538.911
v -1.72424 -24.6722 -539.335
v -1.78112 -24.4546 -539.01
v -2.03796 -25.6387 -541.001
v -2.18051 -25.6605 -541.219
v -1.61389 -25.4295 -540.216
v -1.86627 -25.4634 -540.565
v -1.59379 -25.3061 -540.011
v -1.58139 -25.1588 -539.786
v -1.7618 -25.2338 -540.176
v 0.377885 -25.2979 -542.924
v -2.24081 -24.9066 -540.975
v 0.700766 -23.812 -537.836
v -4.99661 -24.0832 -538.877
v -2.19944 -25.2964 -540.943
v -2.20904 -25.0893 -540.881
v -1.4375 -23.6632 -537.486
v -1.45307 -23.417 -537.489
v -1.24257 -23.3729 -537.143
v -3.12546 -28.581 -536.754
v 0.295572 -28.514 -545.291
v -2.25536 -25.688 -541.46
v -2.25645 -25.7682 -541.665
v -2.27434 -25.2928 -541.217
v -2.2274 -25.4782 -541.096
v -2.39746 -25.2855 -541.689
v -2.43839 -25.4442 -541.849
v 3.3318 -33.6122 -540.227
v 3.31571 -30.4622 -543.162
v -2.29128 -25.9365 -543.032
v -2.29139 -26.0666 -543.224
v -2.50154 -26.0721 -543.361
v -2.68176 -25.7919 -543.089
v -2.87785 -25.837 -543.236
v 3.23553 -30.5449 -543.424
v -2.04579 -20.3405 -536.125
v -1.89345 -20.1978 -535.999
v -0.369568 -20.208 -536.207
v -0.397801 -20.3921 -536.383
v -0.239002 -20.2507 -536.416
v -0.295282 -20.4273 -536.611
v -1.67113 -21.1882 -536.057
v -2.94649 -21.6412 -536.31
v 3.17311 -24.2071 -540.307
v -5.30473 -33.0988 -538.225
v 2.15717 -27.5727 -538.696
v -2.96623 -21.8603 -536.218
v 1.91092 -27.6723 -537.93
v -3.44609 -21.5604 -536.711
v -1.68236 -34.6154 -548.072
v 2.93491 -20.5383 -538.172
v -5.24599 -37.2541 -541.728
v -4.50705 -37.2458 -542.22
v -4.43478 -37.4398 -542.102
v 3.23572 -24.1882 -540.104
v -4.94898 -37.0348 -542.082
v -5.93896 -36.9382 -539.79
v -6.15604 -36.9621 -540.142
v -5.79692 -37.2571 -540.006
v -5.95675 -37.1709 -540.213
v -5.12726 -36.0222 -543.153
v -5.29645 -36.3731 -542.905
v -5.38315 -36.1734 -543.054
v -4.91269 -36.0831 -543.096
v -4.88822 -36.5478 -542.893
v -4.74957 -36.8245 -542.664
v -4.92592 -36.6953 -542.738
v -5.53622 -36.9089 -539.506
v -5.6107 -37.0908 -539.655
v 3.20216 -23.7701 -540.148
v -6.29569 -36.7128 -540.088
v -6.12802 -36.8508 -539.929
v -6.30356 -36.8528 -540.313
v -5.18001 -37.5382 -541.386
v -5.60526 -37.5155 -541.225
v -5.70043 -37.4648 -541.036
v -1.64358 -21.4204 -536.036
v -4.09818 -35.5793 -543.919
v -3.95481 -35.6283 -544.128
v -3.84487 -35.5178 -543.97
v -3.44087 -35.6169 -544.243
v -4.4526 -35.7324 -543.641
v -4.22587 -35.5977 -543.676
v -5.78415 -36.3767 -544.842
v -4.70735 -36.0505 -544.994
v -5.54248 -36.3392 -544.825
v -5.69834 -36.4934 -544.375
v -5.41479 -36.4062 -544.634
v -5.27762 -36.5249 -544.258
v -6.13272 -36.3606 -544.216
v -5.95997 -36.3749 -544.085
v -6.48824 -36.1833 -543.407
v -6.39827 -36.3176 -542.975
v -6.66746 -36.151 -543.219
v -6.35229 -36.2051 -543.638
v -6.3231 -36.2486 -543.863
v -6.5906 -36.1958 -543.587
v -7.03097 -35.7869 -542.348
v -6.98406 -35.8967 -542.135
v -6.59097 -36.1984 -543.007
v -6.56217 -36.3341 -542.801
v -6.35563 -36.4805 -542.782
v -5.8193 -36.3148 -543.012
v -5.72227 -36.4584 -542.846
v -5.38452 -36.5741 -542.749
v -4.62147 -36.004 -545.245
v -6.08075 -36.7005 -542.534
v -6.2874 -36.7403 -542.372
v -6.51758 -36.4892 -542.62
v -6.48356 -36.6171 -542.411
v -2.11901 -36.2249 -543.172
v -2.08318 -36.3822 -542.996
v -2.23803 -36.6163 -542.953
v 4.00169 -33.02 -541.067
v -5.87954 -34.6957 -539.128
v -5.84693 -35.2171 -539.185
v 0.300712 -26.3143 -538.096
v -4.66869 -36.6644 -542.845
v -4.69423 -36.4402 -542.961
v -3.07667 -37.4271 -542.441
v -3.41519 -37.6122 -542.273
v -3.17469 -37.2888 -542.601
v -3.07617 -37.9379 -541.539
v -3.21889 -38.062 -541.389
v -3.60973 -38.1794 -541.399
v -3.84332 -37.7709 -542.19
v -3.86737 -37.8879 -541.962
v -4.18729 -37.9121 -541.769
v -3.62475 -37.7184 -542.227
v -3.74592 -37.4987 -542.566
v -3.64509 -37.8489 -542.002
v -3.57121 -37.5607 -542.417
v -4.64599 -37.8575 -539.819
v -4.42514 -38.0307 -539.949
v -4.61309 -37.6874 -539.682
v -2.50531 -38.3885 -540.409
v -2.59353 -38.4707 -540.596
v -2.34775 -38.3823 -540.571
v -2.72936 -38.4099 -540.357
v -0.466711 -37.171 -540.927
v -0.715248 -37.1853 -540.473
v -0.523436 -37.216 -540.66
v -0.30836 -37.3204 -540.585
v 1.36801 -31.7979 -546.962
v -0.712971 -37.2157 -540.238
v -0.758148 -37.0939 -540.679
v -0.978208 -37.1138 -540.782
v -0.943996 -37.1981 -540.555
v -2.01778 -38.169 -540.68
v 3.81068 -32.3125 -540.947
v -1.55177 -37.7509 -540.675
v -2.11873 -38.1208 -540.914
v -5.1166 -36.1745 -545.11
v -2.52168 -37.3252 -542.56
v -2.45828 -37.5271 -542.206
v -2.49276 -37.738 -541.811
v -2.58707 -37.9424 -541.449
v -2.65569 -37.8353 -541.646
v -3.40445 -38.4248 -541.047
v -3.49721 -38.3022 -541.203
v 0.539827 -37.5409 -541.103
v 0.783082 -37.5577 -541.575
v 1.02866 -37.6936 -541.303
v 1.22493 -37.7083 -541.523
v -0.456557 -37.1756 -539.947
v -0.934863 -37.2376 -540.069
v -0.484598 -37.2324 -540.175
v -0.279437 -37.3097 -540.35
v -0.0837183 -37.3902 -540.521
v 3.18855 -33.5012 -540.043
v 0.585491 -37.4626 -542.32
v 0.802185 -37.4673 -542.224
v 0.696082 -37.5117 -541.806
v 0.371306 -37.4347 -542.204
v 0.587247 -37.4868 -542.053
v -6.96641 -35.6054 -545.331
v -6.80975 -35.7813 -545.315
v -7.07263 -35.6352 -544.89
v -6.42713 -36.1283 -545.225
v -6.709 -35.9315 -544.841
v -6.69524 -35.8448 -545.731
v -6.60266 -35.9591 -545.32
v -6.7796 -35.6512 -545.831
v -5.64572 -36.4329 -544.624
v -6.02068 -36.3568 -544.726
v -6.46558 -36.1861 -544.492
v -6.55407 -36.2434 -544.029
v -6.75831 -36.1654 -544.189
v -6.30211 -36.2927 -544.358
v -6.23627 -36.2679 -544.601
v -6.53216 -36.0495 -544.853
v -6.61501 -36.0633 -544.637
v -6.39231 -36.1609 -544.726
v -5.24636 -36.3062 -543.832
v -4.88307 -36.2026 -543.886
v -5.09449 -36.1684 -543.73
v -4.97882 -36.154 -545.323
v -5.31775 -36.2811 -544.787
v -5.2681 -36.4877 -544.492
v -5.0683 -36.4376 -544.443
v -4.04667 -28.2962 -544.61
v -5.0695 -36.4593 -544.171
v -5.31095 -36.4341 -544.029
v 3.32857 -33.3685 -540.181
v -4.07384 -36.0049 -544.771
v -4.05375 -36.0259 -544.958
v -3.83332 -35.9584 -545.286
v -4.32119 -36.0457 -544.677
v 0.718129 -29.8589 -546.039
v -4.2186 -36.0125 -545.11
v -4.52718 -36.046 -544.835
v -4.72429 -36.2448 -544.278
v -4.76456 -36.2046 -544.526
v -4.57359 -36.1388 -544.422
v -3.81058 -35.7298 -544.337
v -3.57501 -35.7394 -544.381
v -3.81907 -35.9597 -544.906
v -3.95603 -35.8431 -544.477
v -3.71433 -35.845 -544.559
v -3.60291 -35.8906 -544.816
v -4.36431 -36.0175 -544.44
v -4.13746 -35.9471 -544.566
v -5.33893 -36.2361 -544.987
v -4.87098 -36.3433 -544.102
v -4.52697 -36.0926 -544.233
v -1.1094 -34.9058 -548.324
v -1.00894 -35.129 -548.265
v -1.34259 -34.9552 -547.949
v -1.28662 -34.8335 -548.171
v -0.737814 -34.9785 -548.577
v 0.380781 -23.3919 -541.022
v -0.426543 -35.2981 -548.325
v 2.7025 -33.3834 -539.461
v -0.651779 -35.308 -548.303
v -0.584486 -35.1943 -548.504
v -0.829687 -35.2985 -548.166
v -1.18744 -35.1365 -547.837
v -1.85033 -35.2254 -546.79
v -4.95545 -36.2403 -544.643
v -1.65948 -35.1865 -546.695
v -2.45116 -35.1241 -546.117
v -2.65268 -34.9845 -545.565
v -2.85439 -34.8833 -546.193
v -2.04782 -35.2832 -546.352
v -2.08794 -35.2823 -546.641
v -1.8655 -35.2573 -546.531
v -3.09213 -35.4197 -544.174
v -2.90412 -35.2653 -544.573
v -2.93425 -35.2839 -544.296
v 3.47975 -33.511 -546.148
v -2.94935 -35.2468 -544.046
v -3.05278 -35.4494 -544.444
v -4.08334 -35.8677 -545.638
v 1.33961 -31.3464 -546.59
v -2.8466 -35.025 -545.474
v -3.07903 -35.0262 -545.804
v -3.02818 -35.1265 -545.539
v -3.09873 -34.9118 -546.022
v -2.47732 -33.818 -547.937
v -5.62765 -35.9093 -546.739
v -1.5288 -34.5169 -548.237
v -2.75033 -34.0559 -547.644
v -2.34645 -34.0155 -547.969
v -2.1556 -34.4453 -547.942
v -2.56093 -34.2273 -547.669
v -2.24325 -33.8215 -548.07
v -2.8745 -34.1504 -547.48
v -2.03617 -35.2293 -546.898
v -2.02979 -35.1224 -547.147
v 3.32311 -33.567 -546.297
v -3.10004 -34.8314 -546.235
v -3.17262 -34.7822 -546.459
v -3.27986 -35.0106 -546.171
v -3.19739 -34.6461 -546.81
v -3.27078 -34.752 -546.653
v -2.92601 -34.5958 -546.841
v -5.06691 -36.3554 -543.944
v -2.82149 -34.7396 -546.649
v -2.7087 -34.726 -546.884
v -2.73827 -34.8806 -546.448
v -6.93137 -35.7136 -545.089
v -2.47449 -35.037 -546.768
v -2.43512 -35.1525 -546.354
v -2.35449 -35.1798 -546.601
v -4.17486 -31.0665 -537.221
v -2.68777 -34.9875 -545.325
v 4.00478 -34.8771 -545.747
v -2.67649 -34.988 -545.819
v -2.42477 -35.0086 -545.452
v -3.19936 -28.7579 -536.899
v 1.48283 -37.887 -540.956
v 1.15149 -30.2093 -546.079
v 1.35135 -37.7379 -540.725
v 1.18781 -37.7607 -540.879
v 2.03976 -32.065 -546.782
v 0.874669 -29.183 -545.49
v -1.04737 -25.8845 -541.711
v -0.92141 -25.6886 -541.37
v 3.61655 -30.6728 -542.095
v 3.65448 -30.8192 -541.661
v 3.63853 -30.9081 -542.092
v 3.67515 -31.0496 -541.347
v 3.65038 -30.8706 -541.215
v 3.83502 -36.4692 -543.399
v 3.9756 -36.5585 -543.845
v 4.03223 -36.3514 -543.394
v 4.59806 -34.8927 -543.226
v 3.58206 -35.8711 -542.362
v 3.6777 -35.9958 -542.581
v 3.804 -35.7983 -542.476
v 3.61911 -35.6086 -542.079
v 3.48248 -35.7583 -542.118
v 2.49412 -36.4852 -542.32
v 3.25759 -29.7636 -542.858
v 0.762103 -30.4323 -546.41
v 2.47577 -36.349 -542.519
v 2.27418 -36.8907 -542.176
v 2.11003 -37.2085 -542.029
v 3.00571 -25.6466 -540.676
v 2.10319 -37.6003 -541.69
v 2.27587 -37.4274 -541.682
v 2.25457 -37.2538 -541.872
v -3.30952 -20.9898 -537.052
v 4.56248 -35.1112 -543.174
v 4.011 -34.2428 -541.409
v 4.11197 -34.4898 -541.801
v 4.20238 -34.0718 -541.718
v 1.5346 -34.3542 -546.88
v 1.7105 -34.2561 -546.729
v 4.16833 -34.5144 -545.565
v 0.187313 -34.444 -545.09
v 4.2715 -33.9123 -544.946
v 0.532934 -34.3394 -545.408
v 0.692108 -34.3277 -545.572
v 0.886325 -34.1969 -545.529
v 4.40824 -34.742 -544.989
v -0.364721 -34.5869 -544.506
v -0.116567 -34.5077 -544.796
v -0.163107 -34.6587 -544.954
v 0.0300939 -34.4836 -544.938
v -0.393616 -34.7542 -544.947
v -0.937113 -36.2713 -543.262
v -1.23846 -36.1137 -543.099
v -3.12367 -20.8436 -536.918
v -1.08201 -35.9559 -543.462
v 4.452 -34.9134 -544.857
v 4.5029 -35.4442 -544.561
v 4.28444 -34.4905 -545.33
v 4.33399 -34.972 -545.087
v 4.04602 -36.1963 -544.65
v 4.19409 -36.2057 -544.465
v 4.33724 -36.1006 -544.374
v 3.775 -36.4141 -544.424
v 3.86181 -36.5427 -544.062
v 4.22534 -36.0195 -544.638
v 4.02125 -36.0457 -544.825
v 3.80691 -36.0425 -544.954
v 4.44143 -35.6613 -544.565
v 4.38985 -35.8968 -544.507
v 4.29365 -35.3934 -544.971
v 4.35915 -35.5428 -544.782
v 3.75662 -31.4349 -542.381
v 3.7329 -31.2883 -541.952
v 3.86403 -31.6973 -542.11
v 3.87154 -31.8029 -542.641
v 3.67475 -31.0382 -541.858
v 3.72666 -31.3052 -542.184
v 3.71577 -31.3809 -542.624
v 3.78266 -31.6063 -542.762
v 2.99582 -25.8518 -540.572
v 3.75939 -31.6616 -543.019
v 4.49112 -34.603 -542.784
v 4.59466 -34.4862 -543.172
v 4.63002 -34.6854 -543.304
v 0.717436 -24.0487 -537.803
v 4.62459 -34.4759 -543.438
v 4.54224 -34.0861 -543.192
v 4.54286 -34.0742 -543.437
v 4.49086 -33.9387 -542.719
v 4.46324 -33.9412 -542.5
v 4.53217 -34.1787 -542.831
v 0.716155 -35.7993 -543.686
v 0.750349 -36.0102 -543.537
v 0.50968 -36.3593 -543.496
v 0.54462 -35.9775 -543.685
v 0.239468 -35.8035 -543.856
v 0.83759 -36.3501 -543.263
v 0.727201 -36.242 -543.425
v 1.34661 -36.4007 -542.951
v 1.54055 -36.2298 -542.971
v 1.2244 -35.6439 -543.978
v 1.08608 -35.5995 -544.153
v 4.21014 -34.9973 -545.302
v 3.59827 -36.5393 -544.011
v 2.40729 -36.1855 -544.037
v 2.82322 -36.3219 -544.135
v 2.28956 -36.1407 -543.848
v 2.46286 -36.2802 -543.4
v 2.52906 -36.3137 -543.161
v 2.60196 -36.3252 -543.619
v 2.81347 -36.4145 -543.584
v 2.24912 -36.1603 -543.423
v 2.38687 -36.2113 -543.626
v -3.79356 -21.9189 -536.892
v 2.16893 -36.0949 -543.65
v 1.34773 -34.437 -546.67
v 1.3208 -34.4923 -546.878
v -0.496707 -35.4095 -546.645
v -0.260749 -35.3855 -547.014
v -0.267399 -35.4079 -546.574
v -6.95255 -33.9997 -545.574
v -0.392941 -35.4411 -547.204
v -0.352257 -35.426 -547.679
v -0.609737 -35.4596 -547.283
v 0.814404 -30.0781 -546.15
v -0.56872 -35.4294 -547.841
v -0.565322 -35.3849 -548.088
v -1.38377 -35.0784 -547.4
v -1.44258 -35.151 -546.864
v -1.60931 -35.0569 -547.253
v -1.05358 -35.2821 -547.41
v -1.22694 -35.2095 -547.01
v -0.861953 -35.3854 -547.277
v -1.06244 -35.2849 -546.848
v -0.016763 -35.2322 -547.321
v 0.159576 -35.0658 -547.642
v 0.401653 -34.9061 -547.422
v 0.798994 -34.6734 -547.577
v 0.425339 -34.7794 -547.8
v 0.273678 -35.0605 -547.018
v 0.492729 -34.9531 -546.974
v 0.629446 -34.8035 -547.401
v 0.834438 -34.7601 -547.331
v 0.0494984 -35.1569 -547.81
v 0.228042 -34.9635 -547.832
v 2.89623 -32.5822 -546.327
v -2.68753 -26.0291 -535.958
v 3.05388 -32.9777 -546.369
v 2.76616 -32.5995 -546.523
v -0.681656 -32.0391 -547.742
v -0.740206 -32.3265 -547.962
v -0.912173 -31.724 -547.513
v -0.959051 -32.4623 -548.063
v -1.19325 -34.1502 -548.475
v -2.1943 -33.5615 -548.1
v -1.85302 -33.8648 -548.281
v -1.81581 -33.6194 -548.274
v -1.66899 -33.7959 -548.346
v -1.53394 -34.6515 -544.49
v -1.92662 -33.2211 -548.166
v -1.34371 -33.2915 -548.343
v -1.53291 -33.3711 -548.322
v -3.02555 -34.2413 -547.351
v -3.35273 -34.6323 -546.971
v -3.45664 -34.8055 -546.786
v -3.06818 -34.3835 -547.18
v -3.60023 -34.9975 -546.641
v -3.23723 -34.2802 -547.325
v -3.48515 -34.5334 -547.128
v -3.83467 -34.731 -547.013
v -3.4465 -34.3154 -547.293
v -3.62254 -34.3761 -547.25
v -5.07901 -36.3305 -546.268
v -5.30081 -36.3403 -546.332
v -5.12611 -36.194 -546.461
v -4.92562 -36.1902 -546.297
v -4.76157 -36.0375 -546.319
v -4.70289 -35.2812 -546.912
v -4.81443 -35.6599 -546.756
v -5.04016 -35.6657 -546.802
v -4.68798 -35.736 -546.658
v -5.16138 -36.0067 -546.633
v -5.40036 -35.9456 -546.706
v -5.26404 -35.5531 -546.849
v -5.64857 -35.4704 -546.809
v -3.31858 -33.0863 -547.516
v -3.36004 -32.8739 -547.448
v -7.34613 -34.5772 -543.833
v -3.46483 -32.5368 -547.276
v -3.73602 -32.8987 -547.275
v -2.37745 -33.4254 -548.003
v -2.26322 -32.9715 -547.974
v -2.14933 -33.3214 -548.092
v -2.70516 -33.1565 -547.818
v -2.83448 -33.0148 -547.739
v -2.59461 -32.8887 -547.822
v -2.96055 -32.8513 -547.644
v -3.05771 -33.0925 -547.644
v -1.74513 -22.6538 -538.192
v -3.56688 -33.045 -547.387
v -3.6527 -33.277 -547.389
v -3.61103 -33.734 -547.426
v -3.74954 -33.9578 -547.359
v -3.85028 -33.7452 -547.338
v -4.15701 -24.261 -541.841
v -5.02602 -24.9773 -541.943
v -5.13385 -25.2153 -541.96
v -4.15701 -24.7655 -542.235
v -4.47646 -24.9516 -542.237
v -4.64884 -24.8712 -542.131
v -2.45992 -22.4121 -539.924
v -2.28366 -22.9897 -540.16
v -2.56973 -22.6795 -540.195
v 3.04834 -20.1097 -537.072
v 2.85296 -20.0288 -537.112
v 2.40269 -21.1258 -539.396
v 2.35669 -20.7832 -539.04
v 4.15336 -35.4303 -545.163
v 3.32997 -20.9067 -536.51
v 3.30968 -20.8199 -536.782
v 3.34356 -21.0126 -536.738
v 3.3346 -21.1901 -536.812
v 3.29628 -20.9637 -537.44
v -7.2804 -34.6548 -544.718
v 3.30432 -20.9886 -537.677
v 3.27637 -20.7644 -537.547
v 3.27292 -21.7097 -537.191
v 3.34634 -21.8393 -537.395
v 3.4167 -21.7321 -537.619
v 3.35569 -21.3345 -537.313
v 3.50264 -22.036 -538.257
v 3.47228 -22.1599 -538.681
v 3.43464 -21.9671 -538.738
v 3.36287 -21.429 -538.424
v 3.42288 -21.686 -538.462
v 3.40169 -21.7504 -538.677
v 3.25205 -21.2579 -538.568
v 3.32179 -21.9302 -539.114
v 2.88012 -21.4521 -536.379
v 2.88149 -21.2821 -536.207
v 3.09143 -21.2822 -536.387
v 3.2006 -21.3526 -536.631
v 3.08535 -20.496 -536.271
v 3.06964 -20.6684 -536.09
v 3.29688 -22.5565 -537.382
v 3.29661 -23.0073 -537.443
v 3.39458 -22.5255 -537.561
v 3.37093 -23.1679 -537.609
v 3.18076 -22.6696 -537.253
v 3.14681 -23.1196 -537.261
v 2.99684 -22.9905 -537.12
v 3.40856 -22.934 -537.655
v 3.40494 -22.2604 -537.583
v 3.18002 -22.4232 -537.226
v 3.20183 -22.1748 -537.229
v 3.03698 -22.2907 -537.086
v 1.9778 -22.6623 -536.637
v 1.11411 -22.9916 -537.13
v 1.21444 -23.5918 -537.093
v 1.28736 -23.3883 -537.008
v 1.50532 -23.5448 -536.907
v 1.4182 -23.9569 -537.013
v 1.57372 -23.8252 -536.918
v 1.79452 -23.9619 -536.882
v -0.492429 -28.6106 -537.681
v -6.32085 -29.3508 -541.801
v -6.28079 -29.1159 -541.81
v -6.14607 -29.2042 -541.354
v -6.20133 -29.0102 -541.583
v -5.87242 -35.9067 -546.734
v -5.27027 -26.4899 -542.579
v -5.47709 -26.9386 -542.599
v -5.39552 -26.4983 -541.93
v -5.45109 -26.3755 -541.682
v -5.17091 -26.6703 -543.078
v -5.40419 -26.9348 -542.859
v -5.32122 -26.7466 -542.926
v -5.02699 -25.8539 -542.473
v -5.05907 -26.0479 -542.543
v -4.97066 -25.6274 -542.404
v -4.94614 -25.4056 -542.31
v -6.97692 -32.3673 -543.576
v -4.80012 -25.7392 -542.543
v -4.61536 -25.6595 -542.577
v -4.74908 -25.4887 -542.441
v -4.27159 -25.4744 -542.674
v -4.20928 -25.6537 -542.827
v -4.41209 -25.6861 -542.681
v -4.16255 -25.8238 -543
v -4.36446 -25.8582 -542.833
v -6.12957 -35.9159 -546.661
v -1.74135 -27.9396 -544.579
v -1.85906 -28.0778 -544.746
v -2.02895 -28.1313 -544.909
v -2.46389 -28.0256 -544.922
v -2.0505 -27.9651 -544.756
v 0.0899921 -33.7773 -537.798
v -2.30195 -27.6102 -544.569
v -2.17495 -27.7903 -544.667
v -3.82972 -27.3286 -544.266
v -3.38067 -26.3857 -543.85
v -3.63215 -26.6687 -544.048
v -3.62541 -26.4813 -543.911
v -2.11873 -26.4113 -543.417
v -5.98364 -35.6972 -546.708
v -2.31598 -26.3806 -543.536
v -2.22896 -26.5698 -543.605
v -2.13266 -26.7603 -543.62
v -2.51083 -26.2511 -543.525
v -2.71242 -26.1191 -543.505
v 1.59384 -35.9318 -544.488
v -2.88484 -25.6897 -543.013
v -3.10459 -25.6126 -542.997
v -2.89912 -25.5445 -542.789
v -3.23675 -25.3444 -542.71
v -3.26672 -25.8776 -543.372
v -3.3686 -26.1882 -543.681
v -3.16966 -26.0761 -543.567
v -2.94446 -26.1915 -543.624
v -3.49266 -27.0811 -544.181
v -3.3577 -35.9191 -543.256
v -4.48411 -27.3212 -544.198
v -3.65335 -26.9039 -544.157
v -3.8256 -26.7666 -544.081
v -3.19263 -26.5575 -543.915
v -3.42691 -26.845 -544.096
v -3.8453 -28.1257 -544.51
v 0.571231 -23.074 -540.789
v -6.63648 -30.9325 -543.852
v -6.73498 -31.3324 -543.968
v -6.70551 -31.1835 -543.56
v -6.54143 -30.8281 -544.073
v -6.63079 -31.1012 -544.054
v -6.54359 -31.1464 -544.307
v -6.28401 -30.4978 -544.391
v -5.92724 -29.9949 -544.671
v -6.03612 -30.3786 -544.733
v 1.52515 -32.6564 -547.489
v -5.67055 -29.6131 -544.773
v -5.6327 -29.814 -544.912
v -2.02265 -28.3831 -545.294
v -3.82291 -36.9536 -542.967
v -4.52458 -28.1461 -544.476
v -4.46764 -28.3575 -544.586
v -4.63485 -28.4918 -544.641
v -4.8298 -28.6378 -544.705
v -4.73617 -28.2784 -544.488
v -4.83011 -28.46 -544.562
v -5.01644 -28.5857 -544.583
v -5.26792 -28.9511 -544.722
v -5.38956 -28.813 -544.54
v -5.48647 -29.0277 -544.614
v -5.34645 -29.3663 -544.917
v -5.62476 -29.2287 -544.62
v -2.86453 -27.8926 -544.778
v -3.23885 -27.806 -544.58
v -3.15249 -27.5945 -544.481
v -3.57809 -28.6652 -545.129
v -3.9241 -28.9476 -545.214
v -4.19217 -29.201 -545.309
v -4.45424 -25.9992 -538.02
v -3.78356 -29.2059 -545.445
v -4.17103 -29.5092 -545.543
v -4.08665 -28.5921 -537.556
v -2.58808 -29.084 -545.73
v -3.00851 -29.3728 -545.83
v -3.17606 -29.2709 -545.701
v -6.81 -32.6278 -544.808
v -6.91414 -32.8132 -544.421
v -6.80608 -32.4759 -544.591
v -4.43193 -26.4414 -537.984
v -6.61457 -35.436 -546.209
v -6.56326 -35.7014 -546.197
v -6.7647 -35.4265 -545.998
v -6.50522 -35.2439 -546.351
v -6.68294 -35.214 -546.164
v -6.7481 -34.9984 -546.093
v -5.89757 -35.4848 -546.731
v -5.97949 -35.0842 -546.685
v -6.35982 -31.7217 -545.162
v -6.60633 -31.8721 -544.733
v -6.56643 -31.4851 -544.553
v -6.7586 -32.2117 -544.526
v -6.73638 -32.5176 -544.973
v -6.78153 -34.3497 -545.936
v -7.03577 -33.6725 -545.284
v -6.93446 -33.4686 -545.436
v -4.40944 -26.7647 -538.222
v -5.73438 -30.0155 -539.709
v -5.6459 -29.8447 -539.482
v -5.5678 -30.1798 -539.361
v -5.50172 -30.3335 -539.221
v -5.58314 -30.557 -539.283
v -5.81175 -30.2458 -539.803
v -6.53429 -29.6181 -542.868
v -6.56063 -29.8824 -542.945
v -6.54778 -29.7778 -542.446
v -6.5701 -29.965 -543.196
v -6.58288 -30.0721 -542.812
v -5.31604 -37.7178 -540.682
v -6.57384 -30.1051 -542.578
v -4.19244 -26.865 -537.55
v -6.61172 -30.2855 -543.505
v -6.62632 -30.212 -543.272
v -5.61042 -27.3637 -542.749
v -5.50676 -27.131 -542.805
v -5.50678 -27.3203 -542.975
v -5.58627 -27.1897 -542.575
v -5.69279 -27.4244 -542.525
v -5.53592 -27.5103 -543.118
v -6.45153 -29.586 -543.31
v -5.668 -28.6595 -544.176
v -5.33551 -28.5652 -544.415
v -3.22515 -22.2576 -536.251
v -4.99767 -27.986 -544.298
v -4.91213 -27.6098 -544.159
v -5.16847 -28.4876 -544.461
v -5.3416 -34.6198 -546.924
v -5.55387 -34.9792 -546.852
v -5.86549 -34.5942 -546.721
v -5.52793 -31.103 -545.595
v -5.53501 -31.5096 -545.773
v -5.8446 -31.4069 -545.542
v -5.04575 -30.0923 -545.348
v -2.32782 -32.7752 -547.9
v -2.27981 -32.5322 -547.837
v -2.06986 -32.6296 -547.944
v -4.84436 -28.1527 -538.958
v -2.90933 -32.6153 -547.604
v -2.50939 -32.6485 -547.785
v -2.4687 -32.4121 -547.713
v -2.32655 -31.5257 -547.217
v -2.54897 -31.625 -547.188
v -3.78447 -31.0453 -546.437
v -4.089 -31.3719 -546.505
v -4.0228 -31.1556 -546.422
v -4.25485 -31.2648 -546.373
v -3.14449 -31.9662 -547.113
v -3.3643 -32.1075 -547.096
v -3.50538 -31.9978 -546.954
v -1.93414 -31.6154 -547.383
v -1.99546 -31.9753 -547.616
v -2.17053 -31.6562 -547.357
v -1.57305 -31.9589 -547.659
v -4.22281 -32.9393 -547.105
v -3.88264 -32.7247 -547.162
v -5.13638 -33.5216 -546.875
v -4.85893 -33.0938 -546.897
v -4.90969 -33.5197 -546.964
v -5.25813 -33.7482 -546.868
v -5.49094 -33.7635 -546.77
v -5.47467 -36.4141 -545.667
v -5.29201 -36.4319 -545.846
v -5.20386 -36.2656 -545.346
v -3.91678 -34.5722 -547.14
v -3.96989 -34.8678 -546.922
v -4.09101 -35.0551 -546.839
v -4.21057 -34.8925 -546.982
v -3.64536 -34.1562 -547.339
v -3.92172 -34.1777 -547.281
v -4.29334 -34.5334 -547.149
v -4.46259 -34.9403 -547.012
v -4.05255 -34.4439 -547.198
v -4.64968 -34.7941 -547.059
v -4.93767 -35.1113 -546.972
v -5.36234 -35.1251 -546.899
v -5.59544 -35.2198 -546.834
v -0.817626 -29.7458 -546.406
v -1.25758 -29.8612 -546.45
v -1.46631 -30.021 -546.51
v -1.68919 -29.7692 -546.334
v -0.434825 -30.3451 -546.721
v -0.819967 -30.2194 -546.683
v -1.01639 -29.8999 -546.506
v -1.0068 -30.1058 -546.612
v -1.79857 -23.7045 -538.096
v -4.87844 -27.9845 -539.112
v -1.3775 -30.438 -546.732
v -1.35956 -30.6509 -546.847
v -1.61114 -30.7754 -546.895
v 0.351336 -30.9063 -546.829
v -0.0623958 -31.1111 -547.028
v 0.0929366 -30.8362 -546.864
v -0.3201 -31.0752 -547.062
v -2.65996 -28.3693 -545.181
v -4.35727 -26.6226 -537.846
v -2.43811 -28.2383 -545.12
v -2.03769 -28.5485 -545.483
v -2.2638 -28.4983 -545.404
v -2.49959 -28.6372 -545.444
v -2.28532 -28.6956 -545.557
v -2.20229 -28.8937 -545.697
v -2.51474 -29.262 -545.882
v -2.24094 -29.2721 -545.941
v -2.00092 -28.9195 -545.742
v -1.72128 -29.232 -545.967
v -1.84319 -29.4284 -546.09
v -1.81159 -28.8239 -545.711
v -0.653948 -28.1808 -545.48
v -0.884414 -28.5611 -545.691
v -1.02041 -28.3717 -545.585
v -0.479022 -28.3744 -545.557
v -4.25868 -29.8875 -545.676
v -1.89012 -21.3281 -536.03
v -4.39243 -30.0745 -545.681
v -4.12175 -29.6998 -545.66
v -3.9163 -29.7103 -545.755
v -4.03193 -29.8894 -545.787
v -3.72028 -29.6196 -545.776
v -1.99382 -29.6391 -546.206
v -2.36976 -29.4374 -546.025
v -1.52174 -29.5947 -546.234
v 0.349568 -27.993 -538.016
v 0.359344 -28.4281 -537.836
v 0.574617 -28.0486 -537.838
v -0.771181 -26.8894 -538.501
v -0.73846 -27.1453 -538.454
v -0.56115 -26.9961 -538.547
v -5.09577 -37.8765 -540.302
v -0.76044 -27.8249 -538.322
v -0.857226 -27.5771 -538.374
v -1.13046 -26.7346 -537.375
v -4.88528 -28.3761 -538.998
v -4.97704 -26.35 -540.374
v -0.877655 -29.4205 -537.096
v -0.628532 -29.7245 -537.288
v -0.560601 -29.4859 -537.322
v -4.57404 -26.6311 -538.954
v -0.794601 -29.8946 -537.229
v -1.34113 -29.088 -536.651
v -1.16405 -28.9523 -536.767
v -7.16777 -34.6649 -542.717
v -1.10705 -28.7025 -536.776
v -2.81531 -26.7592 -536.106
v -2.55015 -26.6515 -536.101
v -2.66857 -27.4492 -536.229
v -1.48545 -23.2446 -536.05
v -1.52872 -23.6891 -536.122
v -1.31923 -23.6403 -536.288
v -1.43494 -25.4779 -536.524
v -1.51124 -25.0511 -536.415
v -5.24876 -37.6617 -539.942
v -4.60739 -31.0417 -537.641
v -5.01542 -28.1268 -539.47
v -4.16271 -28.1407 -537.804
v -4.12208 -28.3428 -537.668
v -4.1951 -27.9648 -537.943
v -4.25757 -28.3742 -537.868
v -4.25261 -28.7659 -537.722
v -3.87929 -29.8961 -537.156
v -3.63642 -29.8631 -537.012
v -4.56212 -30.4091 -537.504
v -4.33245 -30.644 -537.203
v -4.57265 -30.1563 -537.553
v -4.21917 -30.4289 -537.113
v -4.78441 -30.0147 -537.835
v -4.71009 -26.1798 -538.906
v -4.62611 -29.9054 -537.699
v -4.43239 -29.8129 -537.573
v -4.56032 -29.6308 -537.755
v -4.84445 -29.3911 -538.27
v -4.79923 -29.5354 -538.085
v -4.56054 -29.338 -537.909
v -5.09452 -29.804 -538.264
v -4.78253 -29.159 -538.357
v -4.68305 -29.2769 -538.13
v -4.42475 -28.8919 -537.909
v -3.95311 -27.6051 -537.398
v -3.86426 -27.8651 -537.315
v -4.10353 -26.9252 -537.357
v -4.00281 -27.1082 -537.253
v -4.88247 -24.9056 -538.835
v -4.08784 -27.8931 -537.73
v -4.12456 -27.4915 -537.825
v -4.62459 -25.6953 -538.387
v -4.05525 -27.4097 -537.566
v -4.10132 -27.1465 -537.504
v -5.19411 -24.3368 -539.597
v -5.09912 -24.7868 -539.471
v -5.21919 -24.5307 -539.767
v -4.32799 -28.0153 -538.155
v -4.23489 -27.7999 -538.083
v -4.35058 -27.7855 -538.273
v -4.28803 -27.3908 -538.257
v -3.58499 -30.0378 -536.848
v -3.54841 -30.2333 -536.703
v -3.51926 -29.6539 -537.041
v -3.1967 -29.6766 -536.831
v -3.73275 -29.7125 -537.18
v -3.76453 -29.3275 -537.28
v -3.79475 -29.5604 -537.293
v -3.41263 -29.3905 -537.042
v -3.58202 -29.2239 -537.157
v -3.23962 -29.1952 -536.951
v -3.56087 -28.9508 -537.108
v -3.76631 -29.0916 -537.239
v -4.71241 -25.8264 -538.581
v -2.72469 -29.159 -536.553
v -2.64774 -29.4156 -536.525
v -4.45558 -22.3261 -538.004
v -2.51407 -29.6142 -536.459
v -2.83361 -29.5681 -536.62
v -2.84938 -29.8413 -536.568
v -2.64732 -27.0818 -536.171
v 2.13732 -35.2332 -539.53
v -2.42174 -27.4594 -536.311
v -2.32268 -27.6811 -536.338
v -1.98643 -27.5772 -536.471
v -2.45687 -27.9007 -536.299
v -1.88267 -27.1661 -536.527
v -2.0985 -27.1998 -536.411
v -2.9331 -27.4043 -536.228
v -2.78933 -27.644 -536.261
v -2.69147 -28.4839 -536.39
v -4.27358 -25.8659 -537.418
v -2.73733 -28.7294 -536.448
v -2.4795 -28.8071 -536.382
v 0.86101 -29.7568 -537.021
v 0.780351 -29.9769 -537.043
v 1.04751 -29.9411 -537.032
v 1.12807 -29.7089 -537.046
v 0.676129 -30.1722 -537.129
v 0.749964 -30.3431 -537.179
v 0.484758 -30.2782 -537.267
v 0.615646 -30.5037 -537.294
v 0.527397 -30.7134 -537.363
v 0.76212 -30.7342 -537.328
v -1.20296 -30.7472 -536.911
v -1.05139 -30.4192 -537.074
v -1.59071 -30.118 -536.814
v -1.41418 -30.6042 -536.866
v -1.17672 -30.2431 -537.009
v -1.37852 -30.8798 -536.847
v -2.49551 -29.2219 -536.439
v -2.38765 -29.4373 -536.451
v -2.15367 -29.5322 -536.49
v -4.95604 -27.6836 -539.443
v -2.116 -29.7933 -536.552
v -1.91896 -29.6638 -536.595
v -2.49064 -29.876 -536.458
v -1.72029 -30.3106 -536.793
v -0.923593 -27.7234 -537.935
v -0.909822 -27.6703 -538.161
v -1.01767 -27.4031 -537.508
v -3.04259 -29.2476 -536.815
v -1.07413 -27.5028 -537.311
v -0.974543 -27.76 -537.264
v -1.38545 -28.4731 -536.505
v -1.22525 -28.3335 -536.66
v -1.40244 -28.2166 -536.549
v 1.18788 -22.1414 -536.829
v 0.94731 -24.2752 -537.463
v 0.809568 -23.8915 -537.62
v 0.86366 -24.704 -537.557
v 0.73131 -24.5987 -537.727
v 0.522472 -24.5937 -538.072
v 0.41827 -24.5222 -538.293
v 0.0648591 -24.2786 -539.108
v 0.180383 -24.4739 -538.739
v 2.62333 -32.626 -546.697
v -0.0572218 -24.1547 -539.523
v -0.0833283 -24.4099 -539.178
v 0.0286422 -24.6508 -538.811
v -0.103154 -24.6142 -539.039
v 0.474777 -30.132 -546.32
v 1.08642 -24.4286 -537.335
v 0.74364 -27.3512 -537.827
v 0.550649 -26.8506 -537.802
v 0.921844 -27.4062 -537.677
v 0.921091 -26.978 -537.539
v 0.810533 -27.1651 -537.662
v 1.16043 -27.0578 -537.474
v 0.72313 -26.9087 -537.651
v 1.18543 -26.6825 -537.376
v 0.85076 -26.705 -537.538
v 0.149107 -25.2863 -538.445
v 0.0931275 -25.3849 -538.625
v 0.359337 -25.6313 -538.255
v 0.444085 -25.4183 -538.08
v -0.0045204 -25.2746 -538.792
v -0.03559 -25.4382 -538.972
v -0.161893 -25.1981 -539.225
v -0.0862368 -25.2207 -539.006
v 0.484832 -26.608 -537.827
v 0.430754 -26.1916 -537.95
v 0.322484 -26.5524 -538.038
v 0.255602 -26.7025 -538.23
v 0.140632 -26.3508 -538.484
v 0.220429 -26.4522 -538.264
v -0.609974 -25.5747 -540.046
v -0.382471 -25.9475 -539.535
v -0.246297 -25.7899 -539.43
v -0.142078 -25.8457 -539.209
v 0.231022 -25.981 -538.447
v 0.145099 -26.1237 -538.559
v 0.137415 -25.6365 -538.637
v 0.145419 -25.8725 -538.633
v -0.608922 -26.7747 -538.656
v -1.71563 -31.8638 -536.82
v -0.91006 -25.7798 -539.872
v -0.806096 -26.0211 -539.504
v -0.522511 -26.3622 -539.212
v 1.33173 -25.9029 -537.265
v 1.14728 -26.0443 -537.357
v -2.1081 -28.5863 -536.351
v 1.20269 -24.7964 -537.267
v 1.29368 -24.1277 -542.128
v 1.68078 -24.3134 -542.105
v 1.31763 -24.4928 -542.296
v 1.98402 -23.808 -541.654
v 1.34571 -23.9416 -542.006
v 1.35539 -23.774 -541.882
v 2.18622 -23.3207 -541.212
v -7.34955 -34.9291 -543.508
v 1.97222 -23.238 -541.285
v -0.170662 -25.0869 -542.446
v -0.236787 -24.8971 -542.282
v -0.158995 -24.6669 -542.299
v 1.65002 -35.3422 -539.168
v -0.0447152 -24.839 -542.455
v 0.31355 -24.7689 -542.583
v 0.147587 -24.9221 -542.602
v 0.230002 -24.4045 -542.425
v 0.152843 -24.6693 -542.489
v 1.57727 -25.1214 -542.405
v 1.52833 -25.3441 -542.465
v 0.570715 -23.2181 -538.872
v 0.419295 -23.699 -538.952
v 0.541964 -23.5465 -538.573
v 0.443575 -23.5228 -539.09
v 0.384166 -23.8891 -538.837
v 0.20109 -23.889 -539.323
v 0.275888 -24.086 -538.928
v 0.447262 -23.9319 -538.597
v 0.259692 -23.7131 -539.456
v -7.31107 -34.8006 -543.344
v 0.757369 -23.3651 -537.676
v 0.748871 -22.9466 -537.675
v 0.950579 -23.2815 -537.33
v 0.968169 -22.8302 -537.285
v 0.812555 -22.5924 -537.539
v 0.693254 -22.499 -537.872
v 2.11181 -21.7698 -540.122
v 1.79919 -21.5922 -539.981
v 0.688017 -22.5395 -539.828
v 0.656274 -22.631 -539.584
v 0.538865 -22.9857 -539.756
v -0.351118 -24.5301 -541.292
v -0.337218 -24.5124 -541.528
v -0.368427 -24.7856 -539.888
v -5.32001 -28.46 -539.945
v -0.0943528 -24.8251 -538.919
v 0.252207 -25.1687 -538.281
v 0.298205 -25.3907 -538.26
v 0.297077 -24.6953 -538.401
v 0.409738 -24.7609 -538.198
v 0.466632 -25.0061 -538.059
v 0.633618 -24.727 -537.857
v 0.155238 -24.8797 -538.499
v 0.307041 -24.9442 -538.276
v 1.28721 -35.4459 -538.98
v 1.49751 -35.3241 -539.021
v 1.60672 -35.5227 -539.306
v 0.0192791 -25.1116 -538.602
v -0.0742534 -25.0484 -538.827
v 0.0162274 -24.8613 -538.693
v -0.134874 -25.0046 -539.069
v -0.205516 -24.9711 -539.3
v 0.973181 -32.2909 -547.541
v -0.788006 -25.5562 -540.223
v -0.841156 -25.5241 -541.242
v -1.07079 -25.8303 -541.232
v -1.14546 -25.6941 -540.763
v -1.28539 -25.8403 -540.861
v -1.00677 -25.6014 -540.846
v -0.881547 -25.4875 -540.983
v -0.865372 -25.4016 -540.523
v -0.897367 -25.4427 -540.727
v -0.634854 -24.9954 -540.704
v -0.753834 -25.2232 -540.701
v -0.436922 -24.6308 -540.574
v -0.499462 -24.9468 -540.247
v -0.621107 -25.363 -540.175
v -0.481101 -25.401 -539.971
v -0.346415 -24.5429 -540.204
v -5.09376 -28.5373 -539.394
v -0.255315 -24.3485 -540.039
v -0.045671 -23.9849 -539.988
v 0.563056 -22.8991 -539.974
v 0.46781 -23.1362 -539.979
v 0.583493 -22.868 -540.201
v 0.421889 -23.2126 -540.556
v 0.396205 -23.2483 -540.25
v 0.155489 -23.6084 -540.275
v 0.16049 -23.6559 -540.052
v 0.912879 -31.8674 -537.416
v -5.22531 -28.6149 -539.581
v 0.659985 -22.3767 -539.018
v 0.687326 -22.1384 -539.045
v 0.741905 -21.9081 -539.04
v 0.724616 -22.2559 -537.873
v 0.763524 -22.39 -537.688
v 0.79526 -22.13 -537.642
v 0.869613 -22.132 -537.381
v -2.81547 -22.202 -536.026
v 0.65602 -22.3906 -538.112
v 0.617386 -22.6308 -538.228
v 0.650057 -22.6095 -538.03
v 0.623954 -23.0718 -538.154
v 0.60081 -23.1288 -538.386
v 0.611564 -22.9757 -538.87
v -7.28158 -34.5849 -543.392
v -2.49389 -28.3419 -536.342
v -1.27689 -29.5811 -536.876
v 0.744513 -22.2424 -539.443
v 0.675138 -22.5087 -539.212
v 0.641839 -22.6232 -539.052
v 0.627792 -22.8476 -539.09
v 1.2205 -20.7973 -536.132
v 1.19192 -20.6228 -536.283
v 1.30845 -20.528 -536.119
v 1.46102 -20.3626 -536.197
v 1.39047 -20.7274 -535.926
v 1.1302 -20.4879 -537.093
v 1.05459 -20.6132 -536.868
v 1.18572 -20.4794 -536.65
v 1.29669 -20.4212 -536.4
v 1.35235 -20.2995 -536.653
v 1.05827 -21.6076 -536.691
v 1.20651 -21.5524 -536.455
v 2.53723 -24.0948 -541.271
v 0.928287 -22.3601 -537.288
v 1.05693 -22.3873 -537.097
v -5.18718 -28.274 -539.808
v 0.967735 -22.1518 -537.163
v 2.54323 -19.9133 -536.69
v 2.46558 -19.8971 -536.944
v 2.38219 -19.9442 -537.182
v 2.21482 -19.882 -537.003
v 1.32043 -21.132 -539.34
v 1.25383 -20.9644 -539.109
v 1.4587 -20.9715 -539.22
v 0.854764 -21.7222 -537.321
v 0.84003 -21.9378 -537.464
v 0.746559 -21.7263 -538.198
v 0.778459 -21.7147 -537.949
v 0.79912 -21.8683 -537.711
v 0.694006 -21.9886 -538.259
v 0.75884 -22.0065 -537.871
v 0.684192 -21.889 -538.626
v -0.779121 -25.5139 -541.506
v -0.629803 -25.4786 -541.902
v 2.00705 -22.3425 -540.634
v 1.85973 -22.4852 -540.776
v 1.34008 -21.9696 -540.321
v 1.29855 -22.1295 -540.482
v 2.61693 -21.6105 -539.755
v 1.07078 -23.0641 -541.293
v 0.964815 -23.3346 -541.564
v 0.897019 -23.1691 -541.365
v 0.95401 -23.5068 -541.754
v 0.691915 -23.5653 -541.825
v 2.1505 -20.6559 -538.962
v 1.97177 -20.9433 -539.306
v 1.83245 -21.0889 -539.455
v 1.78904 -20.8057 -539.134
v 1.49163 -21.8375 -540.216
v 1.42139 -21.6961 -540.032
v 3.34415 -24.2431 -538.07
v 3.37102 -24.0338 -538.099
v 3.31129 -24.683 -538.211
v 3.3631 -24.481 -538.347
v 2.24946 -29.5204 -537.797
v 2.4062 -29.4915 -537.99
v 2.26677 -29.2846 -537.885
v 2.01391 -28.9264 -537.913
v 2.24176 -29.7666 -537.77
v 2.41829 -29.2793 -538.085
v 1.97677 -28.2071 -538.218
v 2.90252 -28.6447 -539.474
v 3.01799 -28.7254 -539.687
v 3.01888 -28.5459 -539.839
v 1.84494 -28.0767 -538.041
v 1.99066 -28.006 -538.208
v -5.39603 -28.4273 -540.182
v 2.22781 -27.9567 -538.77
v 2.46714 -27.8504 -539.473
v 0.370721 -30.4383 -546.548
v 2.55493 -27.8558 -539.723
v -1.37775 -29.3545 -536.732
v 2.39022 -27.8457 -539.243
v 2.37664 -27.6334 -539.336
v 2.30075 -27.6651 -539.085
v 2.30269 -27.874 -539.008
v 2.33292 -28.0697 -538.931
v 2.41727 -28.0566 -539.137
v -7.22764 -34.7905 -542.892
v 3.47838 -32.8508 -545.473
v 2.76488 -27.6982 -540.466
v 2.88551 -27.8934 -540.451
v 2.8926 -27.772 -540.661
v 2.57877 -27.6507 -540.085
v 2.73469 -27.8269 -540.219
v 3.01982 -28.0878 -540.425
v 3.12177 -28.2654 -540.388
v 2.88436 -28.0005 -540.254
v 1.90193 -29.2306 -537.627
v 0.39827 -29.4772 -537.229
v 0.635954 -29.5917 -537.09
v 0.860385 -29.5293 -537.075
v 0.8085 -29.2935 -537.206
v 1.0567 -29.4586 -537.121
v 0.858502 -28.6499 -537.507
v 1.12285 -28.6999 -537.472
v 1.16634 -28.3083 -537.575
v 0.696477 -28.4711 -537.619
v 0.850083 -29.0793 -537.329
v 0.837616 -28.0025 -537.732
v 0.298543 -28.6476 -537.734
v 0.617825 -28.7141 -537.554
v 0.0100978 -29.3141 -537.503
v -0.100659 -29.4803 -537.433
v 0.180958 -29.1971 -537.489
v 0.609273 -29.366 -537.208
v 0.881222 -26.8586 -544.011
v 0.78249 -26.9854 -544.182
v 0.667652 -26.8179 -544.168
v 0.339361 -26.9011 -544.422
v 2.62965 -26.777 -541.066
v -4.39429 -28.441 -538.056
v 2.69205 -26.6589 -540.87
v 2.74639 -26.709 -540.64
v 2.68322 -26.9097 -540.841
v 2.81686 -26.5662 -540.423
v 2.79242 -26.4785 -540.685
v 2.67678 -26.9873 -540.372
v 2.70232 -26.8919 -540.584
v 2.65172 -26.9195 -539.921
v 2.74719 -26.7659 -540.37
v 2.55325 -27.1624 -539.963
v 2.46106 -27.2695 -539.539
v 2.73287 -26.5789 -538.333
v 2.85466 -26.4302 -538.713
v 2.64018 -26.7802 -538.484
v 2.53245 -26.965 -538.661
v 2.58772 -26.9294 -538.907
v 3.29984 -24.9255 -538.586
v 3.28202 -24.9093 -538.33
v 3.20541 -23.4897 -537.391
v 3.32374 -23.4028 -537.561
v -4.89232 -29.9085 -537.976
v 3.39484 -23.6186 -537.905
v 3.39696 -23.3677 -537.776
v 3.43796 -23.1256 -537.828
v 3.51556 -22.6767 -538.259
v 3.49867 -23.0926 -538.281
v 3.49729 -23.1122 -538.48
v 3.32303 -22.0755 -537.39
v 3.4119 -21.9957 -537.59
v 3.46609 -22.1969 -537.777
v -5.20701 -29.4131 -538.787
v 3.50255 -22.1302 -538.004
v 3.51936 -22.2694 -538.207
v 3.25817 -20.7366 -537.806
v 3.26201 -20.9959 -538.187
v 3.15224 -20.8664 -538.283
v 3.21459 -20.5363 -537.67
v 3.42086 -21.5858 -538.266
v 3.34249 -21.1677 -538.077
v 3.28276 -20.719 -536.993
v 3.28149 -20.8244 -537.249
v 3.32052 -20.9775 -537.004
v 3.3152 -21.0788 -537.242
v 3.22533 -21.5754 -536.993
v 3.27889 -21.3915 -536.889
v -5.2397 -29.0781 -539.135
v 3.33643 -21.2242 -537.068
v 3.38029 -21.4612 -537.546
v 3.35428 -21.2816 -537.699
v 3.42563 -21.5781 -538.036
v 3.34044 -21.1394 -537.852
v -1.66972 -29.6692 -536.705
v -4.69965 -30.4485 -537.724
v 3.5203 -22.4427 -538.379
v 3.50069 -22.3969 -538.612
v 3.50558 -22.1945 -538.444
v 3.49594 -22.8168 -538.683
v -1.83785 -35.0616 -547.255
v 3.46445 -22.7993 -538.925
v 3.46234 -22.3557 -538.855
v 3.42059 -22.7776 -539.166
v 3.44403 -23.2022 -539.031
v -5.21879 -29.2447 -538.953
v 3.42697 -23.4237 -539.116
v 3.39239 -23.4356 -539.366
v 3.22929 -22.3645 -539.581
v 3.24187 -22.1713 -539.443
v 3.20612 -22.5742 -539.727
v 3.30263 -23.5739 -539.782
v 3.09878 -24.1421 -540.49
v 3.14773 -23.511 -540.223
v 3.31454 -23.9752 -539.784
v 3.25385 -23.9879 -540.025
v -1.13128 -29.7579 -536.989
v 3.25881 -24.4168 -539.992
v 3.34263 -24.1207 -539.621
v 3.39607 -24.159 -538.943
v 3.37815 -24.3102 -539.158
v 3.37307 -24.1555 -539.365
v 3.07522 -25.1535 -537.789
v -5.60789 -33.1858 -546.566
v 3.29277 -24.3858 -537.899
v 3.22519 -24.5308 -537.738
v 3.10524 -24.9519 -537.729
v 3.24716 -24.8691 -538.087
v 3.25984 -24.6533 -539.901
v 3.21586 -24.8623 -540.034
v 3.18056 -24.849 -540.268
v 2.04424 -24.0762 -536.887
v 2.29479 -23.9946 -536.916
v -1.52369 -29.8775 -536.811
v 2.50461 -23.8617 -536.959
v 2.07194 -24.3367 -536.929
v 1.93785 -23.8033 -536.847
v -5.10369 -33.0924 -546.789
v 1.41087 -24.4276 -537.097
v 1.32566 -24.9704 -537.203
v -1.54755 -25.9184 -536.452
v 1.64648 -24.3526 -536.979
v 1.72594 -24.6136 -537.012
v 1.92367 -24.7403 -536.992
v 3.00572 -22.7627 -537.112
v 2.70678 -23.959 -537.063
v 2.81779 -23.5858 -537.062
v 2.04276 -23.1323 -536.735
v 2.23553 -22.9896 -536.75
v 2.461 -23.3442 -536.867
v -1.93433 -29.896 -536.641
v 2.85861 -24.3129 -537.21
v 3.02988 -24.1878 -537.328
v 2.67728 -24.4577 -537.119
v 2.688 -24.2044 -537.091
v 2.49023 -24.6021 -537.058
v 2.49692 -24.8669 -537.101
v 2.94652 -26.1356 -538.394
v 3.08834 -25.6943 -538.39
v 2.80877 -22.8474 -536.988
v 3.18396 -25.3068 -538.369
v 3.09451 -25.7677 -538.588
v 3.26661 -25.0769 -539.195
v 3.16243 -25.5115 -539.234
v 3.1662 -25.4956 -539.468
v 2.79123 -26.6396 -540.144
v 2.70875 -26.8359 -540.124
v 2.90308 -26.3595 -539.805
v 2.94632 -26.2731 -540.02
v 2.74457 -26.7092 -539.855
v 2.83602 -26.4777 -539.425
v 2.51361 -27.1057 -539.338
v 2.66981 -26.8021 -539.126
v 2.75224 -29.8408 -539.391
v 2.74216 -29.6067 -539.339
v 3.17842 -30.7646 -539.534
v 3.39371 -30.9741 -540.103
v 3.27201 -30.6804 -539.74
v 3.02932 -30.403 -539.358
v 3.26119 -30.4453 -539.766
v 2.77434 -31.3407 -539.039
v 3.04021 -31.2034 -539.417
v 2.88781 -31.1555 -539.164
v 3.15252 -31.373 -539.629
v 2.97405 -30.9931 -539.252
v 2.83182 -30.9287 -538.998
v 3.12002 -30.9982 -539.493
v 2.48147 -29.7338 -538.138
v 1.21723 -34.4745 -547.44
v 2.4502 -29.9959 -538.168
v 2.57551 -29.4088 -538.432
v 2.06617 -30.107 -537.674
v 2.37911 -29.8999 -537.962
v 1.30277 -29.9537 -537.09
v 1.40872 -29.7577 -537.13
v 1.54692 -29.9712 -537.215
v 2.09707 -29.3793 -537.696
v 1.9298 -29.4759 -537.529
v 1.60366 -29.3974 -537.355
v 1.66416 -29.763 -537.275
v 2.69861 -22.461 -536.887
v 1.43278 -30.176 -537.236
v 1.81272 -30.3604 -537.565
v 1.89731 -29.7286 -537.453
v 1.76318 -29.9518 -537.37
v -1.9953 -30.2825 -536.699
v 2.3213 -30.1362 -538.006
v 2.39758 -30.2421 -538.207
v 1.63714 -31.3214 -537.81
v 1.55922 -31.7452 -537.848
v 1.79364 -31.3982 -537.98
v 1.82746 -31.7967 -538.162
v 1.7622 -31.1505 -537.866
v -2.10588 -25.9109 -536.116
v 1.93142 -31.1698 -538.013
v 1.69404 -30.9442 -537.754
v 1.36983 -30.7673 -537.531
v 1.55448 -31.1445 -537.697
v -6.7845 -34.5932 -545.985
v 1.60184 -30.7558 -537.65
v 1.72674 -30.5618 -537.625
v 2.17822 -30.2551 -537.854
v 1.90617 -30.9372 -537.909
v 2.26358 -30.6366 -538.101
v 2.25831 -31.0831 -538.27
v 2.64033 -31.2731 -538.806
v 2.79956 -31.5592 -539.144
v 2.41438 -30.991 -538.4
v 2.42526 -30.7472 -538.343
v 2.27624 -30.3866 -538.05
v 2.48139 -30.3354 -538.414
v 2.49014 -30.5573 -538.432
v 2.58862 -30.4464 -538.619
v 3.30989 -31.0856 -539.89
v 1.54566 -28.387 -544.563
v 1.30169 -28.5726 -544.843
v -2.97398 -23.312 -535.863
v 1.66583 -27.4439 -543.382
v 1.79463 -27.7454 -543.676
v 2.00701 -27.7248 -543.213
v 1.23973 -26.7224 -543.499
v 1.3942 -26.7443 -543.281
v 1.63076 -26.7642 -542.913
v 1.49323 -26.7147 -543.088
v 1.38313 -26.9284 -543.388
v 2.83041 -36.3353 -542.959
v 1.0553 -26.9073 -543.833
v 1.21689 -26.938 -543.634
v 2.70104 -27.154 -540.871
v 2.73061 -27.2675 -541.083
v 2.98905 -27.8729 -540.856
v 3.025 -27.9902 -540.656
v 2.93014 -27.8696 -541.732
v 3.01066 -28.0942 -541.73
v 2.91608 -27.9849 -541.953
v 3.00318 -27.9667 -541.518
v 2.72632 -28.2284 -542.708
v 2.65765 -28.0316 -542.609
v 2.46525 -27.8886 -542.735
v 2.54802 -28.0836 -542.832
v 2.33906 -27.93 -542.958
v 1.41377 -27.5166 -543.847
v 1.23013 -27.4967 -544.043
v 1.51268 -27.2837 -543.434
v 1.53154 -27.4637 -543.601
v 1.67365 -27.311 -543.221
v 1.82278 -27.35 -543.039
v 3.25217 -29.4745 -542.545
v 3.18713 -29.1918 -542.129
v 3.23632 -29.3508 -542.329
v 3.05997 -28.7109 -542.193
v -1.90163 -25.8122 -536.193
v 3.07596 -28.4512 -541.892
v 2.97443 -28.5456 -542.381
v 3.06836 -28.9852 -542.466
v 3.03486 -29.1743 -542.868
v 2.9829 -29.2379 -543.095
v 2.7666 -29.244 -543.539
v 3.43121 -30.3074 -542.751
v 3.42341 -30.6421 -542.997
v 3.38221 -30.3963 -542.946
v 3.12895 -30.5292 -543.647
v 3.1295 -30.3338 -543.502
v 3.35626 -30.1384 -542.856
v 2.15079 -31.5165 -546.012
v 2.14172 -31.7018 -546.249
v 2.01364 -31.5368 -546.271
v 2.1603 -31.1026 -545.737
v 2.23494 -31.3468 -545.773
v 1.93274 -31.1388 -546.037
v 2.30163 -31.568 -545.801
v 2.37607 -30.994 -545.399
v 2.05612 -30.8649 -545.723
v 2.3931 -31.389 -545.58
v 2.47204 -31.6113 -545.609
v 2.65866 -31.3105 -545.22
v 2.66295 -31.6634 -545.446
v 1.71704 -29.3892 -545.047
v 1.87044 -29.5653 -545.028
v 1.94548 -30.2641 -545.491
v 1.53384 -30.4739 -545.967
v 1.40302 -33.9298 -547.655
v 1.79394 -29.9167 -545.33
v 2.16009 -30.125 -545.154
v 2.11824 -30.2948 -545.336
v 2.03224 -29.7509 -545.018
v 2.1941 -29.7785 -544.837
v 2.04853 -29.5474 -544.859
v 2.18516 -29.9596 -544.978
v 3.1841 -30.053 -543.196
v 2.89356 -29.8613 -543.645
v 2.90457 -30.0605 -543.771
v 3.06644 -29.6422 -543.211
v 2.60169 -29.5722 -543.993
v 2.64355 -29.75 -544.034
v 2.64877 -29.9083 -544.138
v 2.42203 -29.8915 -544.527
v 2.30003 -29.7489 -544.636
v 2.35075 -29.2224 -544.209
v 2.47572 -29.3907 -544.102
v 2.25819 -29.4853 -544.538
v 2.638 -29.2471 -543.756
v 3.59795 -30.7783 -542.331
v 3.51085 -30.7401 -542.761
v 3.42497 -29.7734 -541.321
v 3.43534 -29.7069 -541.582
v 3.5706 -30.005 -541.34
v 3.52356 -29.868 -541.521
v 3.46626 -29.9208 -541.129
v 3.53897 -29.8897 -541.775
v 3.61743 -30.1481 -541.728
v 3.43625 -29.9173 -542.48
v 3.64475 -30.2586 -541.456
v 3.65018 -30.5456 -541.482
v 3.64184 -30.3834 -541.678
v 3.62924 -30.5186 -541.902
v 3.56265 -30.1949 -542.162
v 3.58092 -30.5757 -542.298
v 3.49311 -30.3569 -542.56
v -1.75002 -26.5518 -536.455
v 3.50418 -31.0634 -543.167
v 2.95069 -30.688 -544.201
v 3.07969 -31.0162 -544.274
v 2.94747 -30.9489 -544.469
v 3.28588 -31.8526 -544.504
v 3.04231 -31.6702 -544.877
v 3.2172 -31.6259 -544.499
v 3.36724 -31.5126 -544.125
v 3.44656 -31.7588 -544.129
v 3.15121 -31.4189 -544.476
v 2.8991 -31.1954 -544.758
v 2.89428 -30.3831 -544.033
v 2.80832 -30.6211 -544.413
v 2.71427 -30.4213 -544.422
v 2.93446 -30.2694 -543.865
v -1.67708 -24.4264 -536.197
v 2.41093 -26.0314 -541.642
v 2.43917 -26.2821 -541.555
v 1.57273 -26.199 -542.828
v 1.73331 -26.3079 -542.643
v 1.35946 -25.4856 -542.601
v -1.83199 -30.1074 -536.719
v -0.626346 -35.1493 -544.077
v 1.17849 -25.6005 -542.797
v 1.39374 -25.6783 -542.693
v 1.68517 -26.0424 -542.629
v -1.74175 -24.7056 -536.211
v -6.65533 -34.4887 -546.128
v 1.90116 -25.909 -542.288
v 1.8123 -26.0922 -542.466
v 2.09047 -25.3376 -542.038
v 1.94453 -25.5053 -542.186
v 2.26946 -25.2044 -541.864
v -1.89313 -23.426 -535.864
v 2.26497 -24.9729 -541.854
v 1.98743 -24.1809 -541.859
v 2.95866 -26.2241 -540.283
v 2.88459 -26.3617 -540.468
v 2.85976 -26.2399 -540.678
v -2.12503 -23.298 -535.757
v 3.90803 -32.3557 -543.337
v 3.81757 -32.1581 -543.449
v -2.07132 -23.0617 -535.764
v 3.55783 -31.8126 -543.915
v 3.54123 -31.6059 -543.762
v 0.599334 -33.1507 -537.819
v 3.52656 -31.9791 -544.097
v 3.71854 -32.2618 -543.847
v 3.78293 -32.4793 -543.861
v 0.910179 -31.4567 -546.893
v 1.17061 -31.4484 -546.758
v 0.783246 -31.6006 -547.055
v 0.743094 -31.1072 -546.788
v 1.05846 -30.965 -546.574
v 1.85368 -32.2595 -547.078
v 2.01876 -32.4493 -547.088
v 1.6305 -32.2726 -547.212
v 0.988443 -32.8759 -547.89
v 0.973725 -32.678 -547.811
v -0.641148 -35.9283 -543.64
v 1.86618 -31.3821 -546.293
v 1.79626 -31.1894 -546.182
v 1.97965 -31.0109 -545.89
v 1.95167 -30.6451 -545.703
v 1.66979 -30.7244 -545.999
v 1.76163 -30.9666 -546.051
v 1.59951 -29.7577 -545.343
v 1.57371 -29.9326 -545.486
v -0.189931 -28.4108 -545.453
v -0.312004 -28.7978 -545.703
v -0.370314 -28.5725 -545.612
v 0.0566004 -28.5402 -545.419
v -0.0842156 -28.8514 -545.666
v 0.308953 -28.6906 -545.424
v 0.504293 -28.8914 -545.494
v -1.83791 -22.9941 -535.851
v 0.0956166 -25.6913 -543.549
v 0.286288 -25.8406 -543.619
v 0.05464 -25.8252 -543.759
v -1.03589 -35.7845 -543.618
v -0.160129 -25.8899 -543.849
v -0.199619 -26.0631 -544.078
v -0.440982 -26.1739 -544.096
v 0.0070335 -25.9917 -543.99
v -0.0707026 -25.622 -543.386
v -0.309497 -25.8618 -543.646
v -1.12285 -27.2528 -544.545
v -0.123904 -28.2065 -545.293
v -2.28542 -29.9708 -536.524
v -0.960701 -27.0474 -544.579
v -1.65789 -23.0955 -535.939
v -0.790155 -26.861 -544.619
v -1.05891 -35.4353 -543.837
v -1.33029 -27.1091 -544.245
v -1.57096 -23.4859 -537.671
v 0.206774 -25.9735 -543.839
v 0.162452 -26.1305 -544.033
v 0.576248 -26.1423 -543.767
v -1.66294 -23.3433 -535.969
v 0.395848 -26.0087 -543.737
v 0.701545 -25.858 -543.381
v 0.780817 -26.1894 -543.676
v -0.705088 -26.4608 -544.308
v -0.766685 -26.6363 -544.49
v -0.517052 -26.5041 -544.507
v -0.598679 -26.7103 -544.615
v -1.2538 -35.7681 -543.511
v -0.251757 -26.2298 -544.25
v -0.744126 -35.0885 -545.384
v -3.8371 -24.3419 -536.568
v -0.377965 -26.7487 -544.626
v -0.544403 -26.9295 -544.702
v -0.309524 -27.0185 -544.696
v 0.103007 -26.8223 -544.512
v 0.417935 -27.1412 -544.474
v -1.11625 -29.5608 -546.239
v -1.48532 -29.8132 -546.389
v 0.20119 -29.3621 -545.908
v 0.0634709 -29.6588 -546.154
v 1.32359 -29.3778 -545.318
v 1.38771 -29.756 -545.519
v 1.02575 -29.4076 -545.53
v 0.947397 -29.5617 -545.689
v 0.476098 -29.7579 -546.073
v 0.653666 -29.685 -545.941
v -0.156665 -27.24 -544.725
v 0.045713 -27.2136 -544.654
v -6.93454 -34.9163 -541.251
v 0.457305 -27.3882 -544.549
v 0.306336 -28.1258 -544.988
v 0.529023 -28.0871 -544.861
v -1.30084 -29.2609 -546.012
v -1.34189 -29.4649 -546.152
v -1.27156 -29.0156 -545.883
v -1.08308 -29.067 -545.922
v 2.54243 -29.0724 -543.785
v -3.95409 -24.5168 -536.724
v 2.19981 -28.821 -544.189
v 2.10781 -28.8729 -544.392
v 2.00797 -28.7179 -544.456
v 2.30227 -28.799 -543.987
v -7.22149 -34.3466 -543.417
v 2.09713 -29.1103 -544.55
v 2.33233 -29.0162 -544.101
v 2.40519 -28.7282 -543.75
v 2.30884 -28.5983 -543.863
v 2.49592 -28.6443 -543.528
v 2.60345 -28.4422 -543.184
v 2.7199 -28.6564 -543.099
v 2.3419 -28.0678 -543.19
v 2.18239 -27.8941 -543.175
v 2.49214 -28.2617 -543.217
v 2.15874 -28.0717 -543.622
v 2.2942 -36.1356 -540.338
v 2.45173 -36.6389 -540.737
v 2.56292 -36.2304 -540.662
v 0.985256 -35.7238 -539.067
v 2.19861 -35.9835 -540.171
v 2.29533 -35.7764 -540.134
v 2.38376 -35.5856 -540.093
v 2.57871 -35.8786 -540.485
v 2.69511 -35.5343 -540.402
v 2.49342 -35.3847 -540.055
v 2.79936 -35.1758 -540.255
v 2.83557 -35.3243 -540.423
v 2.91522 -34.9996 -540.273
v 1.65965 -34.8039 -538.733
v 1.87797 -35.0396 -539.093
v 1.96045 -34.826 -539.011
v -0.977614 -30.8517 -536.972
v -1.01176 -31.2297 -536.867
v 0.286733 -30.7049 -537.382
v 0.310427 -31.7018 -537.128
v 0.558107 -31.6818 -537.198
v 0.155133 -31.5105 -537.154
v 0.0766705 -31.6897 -537.073
v -0.289905 -37.2392 -541.045
v -6.97811 -34.8228 -541.484
v 0.117555 -37.4631 -540.715
v 0.111886 -37.4392 -540.947
v 0.668751 -37.1894 -539.932
v -7.00426 -34.1219 -542.482
v 1.02519 -37.38 -540.255
v 0.26058 -37.0955 -539.74
v -0.371848 -28.2211 -545.428
v -0.156069 -36.9345 -539.572
v 0.119469 -36.9112 -539.561
v -0.690292 -36.6158 -539.355
v 0.479364 -37.0596 -539.752
v -6.91735 -34.3082 -541.412
v 1.21272 -37.2217 -540.184
v 1.13619 -37.0345 -540.009
v 2.46479 -35.2825 -545.37
v -4.16326 -24.037 -537.023
v -1.58836 -30.7671 -536.829
v 2.7068 -34.9921 -545.681
v 2.49133 -35.9017 -545.052
v 2.71158 -35.6018 -545.248
v 2.7269 -35.8086 -545.119
v 2.88693 -35.5168 -545.356
v 2.67601 -35.3907 -545.381
v 3.2291 -34.0275 -546.375
v 3.15391 -34.2443 -546.329
v 2.97871 -34.0784 -546.387
v 3.05702 -33.8543 -546.439
v -6.99976 -35.8552 -544.542
v 2.6596 -33.2881 -546.791
v 2.7026 -33.7027 -546.619
v -7.2068 -35.5252 -544.671
v 2.81273 -33.8996 -546.477
v 2.61194 -34.0079 -546.433
v 2.55648 -33.8812 -546.582
v -0.911125 -28.6274 -536.954
v 2.6216 -34.2677 -546.135
v 2.3734 -34.2988 -545.982
v -6.68793 -35.1969 -540.485
v 2.81658 -34.4457 -546.083
v -3.83961 -25.076 -536.624
v 2.59121 -34.4358 -545.978
v 2.7431 -34.1236 -546.325
v -6.64073 -35.4094 -540.364
v -6.20596 -36.0809 -539.738
v 2.88368 -34.2742 -546.248
v -6.1962 -36.364 -539.792
v 3.42285 -34.204 -546.32
v 3.35991 -34.4091 -546.259
v 3.55005 -34.5774 -546.146
v 3.29058 -34.5857 -546.154
v -3.7291 -25.4555 -536.51
v 2.91772 -34.6745 -545.978
v -3.59485 -25.0922 -536.302
v 3.07648 -34.42 -546.215
v 3.03995 -34.5669 -546.099
v 0.770786 -35.1526 -544.773
v 0.797155 -35.3227 -544.619
v 0.69952 -34.9245 -544.834
v -6.77234 -36.4311 -542.065
v 1.12117 -35.0605 -545.011
v 1.29317 -35.264 -545.001
v 1.91166 -34.6609 -545.499
v 1.68354 -34.577 -545.434
v -1.0846 -28.2111 -536.814
v 2.25924 -34.5883 -545.712
v 3.0208 -32.5949 -546.132
v 1.82133 -34.126 -547.191
v 1.95998 -34.0844 -546.999
v 1.65163 -34.1989 -546.235
v 2.04541 -34.0977 -546.388
v 1.40575 -34.2728 -546.179
v 2.1609 -34.046 -546.55
v 2.06106 -34.0421 -546.757
v 2.30129 -33.8047 -546.867
v 2.12352 -33.9248 -546.932
v 2.09489 -33.6314 -547.207
v 2.18905 -33.743 -547.05
v 2.00051 -33.908 -547.166
v 1.80113 -33.9443 -547.346
v 1.53711 -33.7359 -547.608
v 1.37371 -22.3608 -536.754
v 2.03157 -32.8515 -547.246
v 1.79103 -32.8956 -547.413
v 0.559783 -34.2591 -548.144
v -7.04878 -34.9152 -541.846
v 1.05334 -34.3132 -547.725
v 1.25675 -34.3176 -547.569
v 1.00346 -34.6497 -547.423
v 0.640393 -34.6266 -547.781
v 0.659985 -34.4322 -547.954
v -3.43919 -25.2245 -536.139
v 0.890568 -34.0648 -547.961
v 1.10781 -33.6662 -547.899
v 0.865988 -34.2886 -547.879
v 3.2599 -30.0514 -540.301
v 3.3917 -30.026 -540.721
v -3.47 -25.4553 -536.197
v 2.96995 -29.7848 -540.198
v -6.66745 -36.7034 -541.769
v 1.41549 -22.8453 -536.858
v 3.11397 -30.3196 -539.584
v -3.56068 -36.445 -538.609
v -3.31636 -35.9856 -538.304
v -3.72688 -36.132 -538.443
v -1.23001 -31.2324 -536.834
v -1.59297 -31.0404 -536.822
v -1.62902 -31.583 -536.819
v -2.83167 -32.4876 -536.815
v -2.64789 -32.1526 -536.745
v -3.40332 -31.1178 -536.843
v -3.19768 -31.1754 -536.759
v -2.89605 -31.4268 -536.696
v 1.2539 -22.8334 -536.988
v -2.64667 -31.9423 -536.725
v -2.19481 -31.8899 -536.782
v -2.25669 -31.6087 -536.752
v -1.94818 -31.9653 -536.813
v -1.7598 -32.1457 -536.821
v -1.77112 -32.4259 -536.844
v -1.55962 -32.5681 -536.887
v -1.33994 -32.4475 -536.878
v -1.32741 -32.2187 -536.838
v -1.98717 -32.5489 -536.866
v -0.844007 -33.6747 -537.508
v -0.497414 -33.9889 -537.713
v -0.404684 -33.5099 -537.576
v 0.439152 -33.9523 -537.923
v -1.07238 -33.1532 -537.229
v -0.798776 -33.4624 -537.434
v -0.729401 -33.2448 -537.379
v -1.12389 -32.5425 -536.962
v -0.873883 -33.0632 -537.253
v -0.915888 -32.6268 -537.065
v -0.123177 -37.1033 -539.745
v -0.515873 -37.0524 -539.742
v 1.2422 -31.3729 -537.496
v 0.757669 -31.777 -537.301
v 0.425289 -31.8769 -537.156
v -0.106018 -32.1971 -537.084
v 0.1809 -32.1708 -537.168
v 0.0859417 -32.3432 -537.222
v 0.361151 -32.3019 -537.348
v 0.390719 -32.0907 -537.238
v 0.587356 -31.9442 -537.275
v 0.572066 -32.1672 -537.397
v 0.685417 -32.5673 -537.656
v 0.784072 -32.2157 -537.554
v 1.13993 -32.126 -537.709
v 1.65849 -32.1708 -538.074
v 1.67971 -31.9042 -538.028
v 1.34471 -32.0778 -537.804
v 0.713456 -25.6792 -537.767
v 1.91083 -32.4957 -538.401
v 1.79887 -32.7002 -538.396
v 2.06928 -32.8997 -538.676
v 1.81399 -32.3147 -538.253
v -3.03364 -23.5063 -535.912
v 1.45502 -32.2389 -537.96
v 0.833233 -33.1285 -537.922
v -3.11056 -25.4429 -535.942
v 0.895878 -32.8793 -537.884
v -3.37852 -32.8501 -537.1
v -3.05777 -33.1634 -537.157
v -2.95779 -33.0366 -537.031
v -2.95897 -33.3512 -537.251
v -2.73509 -33.4182 -537.21
v -3.39763 -32.6364 -537.049
v -3.20105 -32.7159 -536.98
v -2.99354 -32.8198 -536.938
v -3.09431 -32.35 -536.846
v -3.03066 -32.5874 -536.884
v -2.60423 -32.8536 -536.879
v -2.65123 -33.9304 -537.517
v -2.92914 -33.9648 -537.521
v -2.9994 -34.1973 -537.631
v -4.16091 -37.8305 -539.755
v -4.02884 -38.1444 -540.059
v -3.08853 -38.5014 -540.484
v -2.94796 -38.5377 -540.689
v -2.82773 -38.5084 -540.533
v -3.64463 -36.9602 -538.99
v -7.01546 -35.2539 -541.538
v -3.31989 -36.7585 -538.833
v -2.02728 -35.8319 -538.318
v -1.82976 -35.6736 -538.239
v -2.28846 -35.5917 -538.148
v -0.707054 -36.8783 -541.431
v -0.62417 -37.0928 -540.842
v -0.805919 -36.9165 -541.185
v -1.38001 -36.2042 -542.53
v -1.56249 -36.3884 -542.173
v -1.57569 -36.1905 -542.523
v -4.78355 -22.7908 -539.318
v -1.73056 -36.2235 -542.667
v -1.74916 -36.0976 -542.87
v -6.49437 -36.7081 -542.191
v -1.02709 -36.7148 -541.608
v -0.933178 -36.8307 -541.385
v -1.24445 -36.7788 -541.641
v -1.45831 -36.5398 -541.989
v -1.54655 -36.784 -541.842
v -2.27431 -37.6746 -541.737
v -1.67488 -36.5936 -542.109
v -7.04248 -35.39 -541.72
v -1.88481 -37.1484 -541.82
v -1.86224 -36.6963 -542.256
v -1.83843 -36.8212 -542.074
v -2.113 -37.1395 -542.199
v -1.77323 -36.9364 -541.895
v -1.5615 -37.1203 -541.561
v -1.86472 -37.4621 -541.49
v 0.862185 -25.3318 -537.584
v -1.15459 -37.3009 -540.024
v -1.14779 -37.1746 -539.865
v -0.931428 -37.1214 -539.843
v -0.702963 -37.0819 -539.811
v -1.05935 -36.8715 -539.543
v -1.4455 -37.0027 -539.576
v -1.30175 -36.8838 -539.49
v -1.2015 -36.7417 -539.377
v -2.14088 -38.2594 -540.491
v -1.81253 -37.9455 -540.375
v -1.6073 -37.7929 -540.425
v -2.15217 -38.1099 -540.266
v -1.99451 -37.9029 -540.213
v -1.51597 -37.667 -540.285
v -1.42446 -37.6302 -540.511
v -1.75992 -37.7861 -540.221
v -2.26088 -37.6155 -539.869
v 0.586523 -25.5007 -537.907
v -1.36894 -33.9833 -537.708
v -1.39201 -34.196 -537.858
v -2.35694 -26.7859 -536.199
v -0.820159 -34.462 -537.915
v -0.948546 -34.655 -537.978
v -0.696798 -34.6545 -537.965
v 2.13252 -34.132 -538.978
v 2.51374 -34.4711 -539.49
v 0.582447 -25.7709 -537.916
v 2.10423 -33.1253 -538.766
v 2.05453 -33.7055 -538.828
v 2.33111 -33.4088 -539.057
v -7.00219 -35.5047 -541.47
v 1.19032 -34.4254 -538.286
v 2.37877 -34.3821 -539.304
v -2.21645 -26.9858 -536.306
v 2.63077 -34.5817 -539.651
v 1.14475 -34.1572 -538.219
v 1.36323 -34.2927 -538.326
v 1.54997 -34.1919 -538.41
v 1.55255 -34.4363 -538.466
v 1.86975 -34.2343 -538.659
v -6.41905 -37.0131 -541.01
v 1.53096 -34.6523 -538.55
v 1.72696 -34.5679 -538.649
v 1.92179 -34.4564 -538.76
v -1.71054 -34.7166 -537.961
v -1.57402 -34.872 -537.997
v -1.84579 -34.8861 -537.965
v -1.54143 -35.2218 -538.048
v -2.18445 -36.223 -538.581
v -2.12393 -36.3971 -538.745
v -1.74772 -36.0245 -538.515
v -2.20049 -36.0271 -538.426
v -2.65493 -36.2272 -538.498
v -0.927207 -36.5825 -539.3
v 4.62959 -35.0956 -544.307
v 4.55142 -35.2302 -544.535
v 4.55773 -34.8369 -544.613
v 0.562265 -25.2352 -537.923
v 4.43882 -34.5034 -544.909
v -6.98845 -33.0575 -543.897
v -1.49737 -19.9809 -535.799
v -1.06214 -19.9065 -535.802
v -1.33893 -19.8108 -535.807
v -1.34409 -20.2084 -535.787
v -0.823568 -19.7759 -535.822
v -1.04118 -19.3733 -535.966
v -0.694426 -19.5582 -535.849
v -1.11274 -19.6949 -535.827
v -1.21277 -19.2723 -536.073
v -2.38117 -20.3667 -536.351
v -2.65725 -20.2177 -536.711
v -2.55565 -20.5005 -536.46
v -2.70253 -20.4055 -536.658
v -2.71118 -19.9748 -537.068
v -2.86614 -20.1996 -537.11
v -2.52285 -20.0514 -536.643
v -2.44378 -19.7168 -536.907
v -3.02584 -20.3425 -537.29
v -3.04202 -20.6308 -536.976
v -4.50197 -22.6649 -537.854
v -4.51968 -22.8852 -537.889
v -4.45065 -22.7685 -537.668
v -4.35163 -23.127 -537.464
v -4.48828 -23.1282 -537.868
v -4.29454 -22.9055 -537.336
v -4.30171 -23.8142 -537.31
v -4.387 -23.9808 -537.435
v -4.27901 -24.0021 -537.215
v -4.39996 -23.2771 -537.64
v -4.28449 -23.5945 -537.329
v -4.2068 -23.5118 -537.153
v 1.05832 -34.0971 -547.834
v -4.2015 -23.7776 -537.122
v -4.18794 -23.293 -537.132
v -3.9866 -23.7347 -536.779
v -3.94254 -23.3082 -536.743
v -3.85453 -23.7007 -536.599
v -3.87331 -24.1142 -536.61
v -2.62682 -23.4971 -535.696
v -2.51251 -24.0224 -535.665
v -2.29406 -23.6496 -535.73
v -4.65032 -23.8481 -538.037
v -4.80054 -23.6511 -538.396
v -4.74937 -24.0742 -538.114
v 1.10609 -22.7737 -537.124
v -3.56195 -20.7655 -538.665
v -3.51115 -20.6502 -538.285
v -3.70859 -20.9306 -538.669
v -3.74624 -21.0899 -538.886
v -4.13301 -21.481 -538.883
v -3.57078 -21.827 -539.733
v -3.6596 -21.6888 -539.568
v -3.40701 -21.309 -539.396
v -3.53042 -20.9898 -539.024
v -3.81936 -21.28 -539.067
v -2.10577 -19.6004 -538.184
v -2.33728 -19.9373 -538.494
v 1.21569 -22.3933 -536.902
v -2.46511 -20.1318 -538.646
v -2.74424 -20.6592 -539.01
v -2.97307 -20.6437 -538.999
v -2.49914 -20.6501 -538.981
v -2.72211 -20.986 -539.23
v -2.46189 -20.9729 -539.177
v -2.18741 -20.9829 -539.085
v -2.47022 -21.3394 -539.385
v -1.37131 -20.8022 -538.453
v -1.86066 -21.1818 -538.939
v -1.74075 -20.8778 -538.796
v -5.71426 -33.2756 -538.703
v -5.60013 -33.7117 -538.664
v -5.4484 -33.4433 -538.455
v -6.00617 -34.2691 -539.2
v -5.73932 -34.6279 -538.935
v -5.84652 -34.2293 -538.989
v -5.5866 -34.7963 -538.82
v -5.73131 -33.5256 -538.774
v 0.94771 -23.8045 -537.408
v -5.80801 -33.0755 -538.828
v -5.49458 -34.1077 -538.612
v -5.18623 -32.2352 -538.195
v -5.46653 -32.6372 -538.412
v -5.40354 -32.8649 -538.317
v -5.03933 -32.8683 -538.022
v -5.14894 -32.6841 -538.098
v -4.37673 -31.3533 -537.401
v -4.4206 -31.5949 -537.445
v -4.43628 -31.8222 -537.539
v -4.62576 -31.8509 -537.692
v -0.625726 -28.5551 -545.667
v -7.02204 -35.6064 -541.715
v -4.80498 -31.8867 -537.836
v -4.70008 -32.0699 -537.775
v -4.50187 -32.042 -537.633
v -4.26153 -32.3023 -537.487
v -6.96927 -35.7523 -541.335
v -3.46751 -31.7802 -536.919
v -3.10766 -31.8655 -536.763
v -3.66854 -31.8469 -537.055
v -3.49051 -32.03 -536.979
v -3.55809 -32.2582 -537.072
v -3.33101 -32.2275 -536.927
v -4.83652 -33.9117 -538.094
v -2.33446 -25.6162 -535.956
v -4.60318 -33.5695 -537.864
v -4.32133 -33.0708 -537.595
v -4.47579 -32.9009 -537.665
v 1.09509 -23.4323 -537.177
v -4.53748 -33.3559 -537.776
v -4.16669 -33.2631 -537.55
v -3.82854 -33.1079 -537.332
v -4.09898 -32.1622 -537.384
v -6.98269 -35.8605 -541.709
v -4.05131 -31.7047 -537.26
v -2.3585 -26.2953 -536.101
v -3.43598 -33.2359 -537.269
v -3.36224 -33.4591 -537.349
v -3.29683 -33.0824 -537.176
v -3.11754 -33.51 -537.36
v -3.8255 -32.7123 -537.269
v -3.72142 -32.9122 -537.243
v -3.51914 -32.9834 -537.188
v -3.7159 -32.4868 -537.196
v -3.59407 -32.7075 -537.161
v -3.88037 -31.8766 -537.196
v -3.91187 -32.3367 -537.291
v -5.69705 -35.3445 -539.043
v -5.53744 -35.2954 -538.897
v -5.44082 -35.9182 -538.984
v -5.41243 -34.9631 -538.717
v -5.22053 -35.3189 -538.692
v -2.63035 -35.3917 -538.03
v -2.97894 -35.1796 -537.961
v -3.09896 -35.413 -538.016
v -3.10014 -34.9735 -537.926
v -4.01339 -35.8541 -538.384
v -3.56355 -35.8596 -538.274
v -3.71912 -35.4989 -538.184
v -4.08522 -34.6974 -538.041
v -2.54786 -25.7814 -535.924
v -3.84494 -35.0116 -538.086
v -3.87096 -34.7839 -538.005
v -4.48493 -35.8874 -538.54
v -4.19043 -36.1741 -538.574
v -4.13801 -35.3505 -538.285
v -4.25573 -35.768 -538.428
v -3.80851 -35.2648 -538.145
v -4.01101 -35.1782 -538.195
v -4.22801 -35.0807 -538.252
v -4.59363 -35.2516 -538.421
v 1.18762 -23.4273 -541.638
v -4.48468 -35.0702 -538.346
v -4.51303 -34.69 -538.234
v -6.93828 -36.1128 -541.703
v -4.68467 -34.4855 -538.213
v -4.37932 -34.3639 -538.009
v -4.77757 -34.6442 -538.327
v -4.03549 -36.3116 -538.605
v -4.03455 -36.744 -538.883
v -3.83391 -36.4621 -538.654
v -3.77578 -36.7949 -538.876
v -6.54495 -32.2533 -540.573
v -2.14546 -33.2284 -536.996
v -2.23018 -33.0035 -536.948
v -2.62051 -33.1242 -536.953
v -2.57656 -33.3344 -537.062
v -2.33432 -33.4184 -537.054
v 2.51504 -22.7524 -540.634
v -2.06327 -33.6181 -537.23
v -2.25537 -33.7734 -537.362
v -4.37618 -35.8317 -544.011
v -2.30138 -33.6136 -537.201
v -2.51181 -33.5378 -537.197
v -4.70165 -36.0297 -543.858
v -2.66684 -33.6088 -537.331
v -2.7725 -33.7705 -537.445
v -3.02167 -33.7363 -537.436
v -3.17998 -33.8732 -537.491
v -3.99619 -33.4483 -537.511
v -3.81367 -33.3334 -537.396
v -4.4657 -33.76 -537.842
v -4.08973 -33.8991 -537.697
v -4.27032 -34.2109 -537.892
v -3.98872 -33.6924 -537.586
v -3.69491 -34.169 -537.697
v -5.23622 -25.3629 -541.776
v -5.34119 -25.7582 -541.618
v -5.33922 -25.9329 -541.077
v -5.33402 -26.5258 -540.9
v -5.19903 -26.1125 -540.748
v -5.23467 -25.715 -540.76
v -5.35959 -25.2391 -540.706
v -5.25021 -25.9059 -540.875
v -5.06444 -26.1157 -540.517
v -5.3496 -25.5521 -541.184
v -5.37156 -25.8284 -541.232
v -5.31015 -25.6768 -540.985
v -5.26643 -25.2614 -541.56
v -5.35217 -25.6794 -541.402
v -5.4663 -26.425 -541.272
v -5.40235 -25.9711 -541.45
v -5.42756 -26.1461 -541.668
v -5.12676 -26.3039 -540.602
v -2.47817 -25.1872 -535.845
v -4.96355 -26.607 -540.306
v -5.39204 -26.346 -541.075
v -5.50129 -26.7315 -541.292
v -5.44751 -26.8668 -541.071
v -5.3649 -26.9855 -540.852
v -5.82356 -28.8065 -540.547
v -5.83666 -28.9619 -540.392
v 2.57019 -22.3695 -540.38
v -5.80942 -37.2917 -540.428
v -5.7046 -28.0612 -541.283
v -5.82581 -28.1565 -541.499
v -5.87896 -28.4534 -541.148
v -5.63706 -28.2524 -540.889
v -4.74586 -26.8716 -539.57
v -4.7197 -27.0248 -539.384
v -4.63583 -26.8416 -539.317
v -4.65859 -26.6412 -539.436
v -5.2998 -24.8365 -541.264
v -5.20595 -24.3681 -541.053
v -5.17284 -24.1616 -540.883
v -5.08257 -24.1687 -541.127
v -5.15326 -23.9826 -540.718
v -5.15616 -23.8003 -540.34
v -4.98989 -23.2474 -539.857
v -5.02118 -23.2923 -539.609
v -4.84416 -22.9208 -539.513
v -1.85062 -27.774 -536.472
v -5.11738 -23.5889 -539.984
v -4.73379 -23.1538 -538.453
v -5.05685 -23.5394 -539.264
v -5.18448 -23.9274 -539.677
v -5.09024 -23.8197 -539.232
v -4.99065 -23.403 -539.099
v -4.42484 -25.5812 -537.748
v -4.3428 -25.617 -537.511
v -4.32428 -25.4071 -537.373
v -4.76639 -26.199 -539.83
v -1.26175 -25.5449 -538.44
v -4.9576 -25.8033 -539.716
v -4.70322 -26.4126 -539.759
v -4.76505 -26.2018 -539.613
v -4.7591 -26.3384 -539.999
v -4.96725 -25.6078 -539.374
v -4.80725 -25.9362 -538.991
v -4.86854 -25.6497 -538.961
v -3.58464 -25.5767 -536.342
v -3.53144 -25.9998 -536.348
v -3.39991 -25.6799 -536.166
v -3.86112 -25.5836 -536.68
v -3.97628 -25.1661 -536.819
v -3.98236 -25.4191 -536.832
v -4.21306 -25.4224 -537.155
v -3.99716 -25.7094 -536.842
v -4.31412 -24.6313 -537.236
v -4.20179 -25.0106 -537.128
v -4.04579 -24.7379 -536.866
v -4.26736 -25.2118 -537.236
v -4.08802 -25.8908 -536.992
v -3.95369 -25.9908 -536.815
v -3.85267 -25.8465 -536.671
v -3.6018 -26.159 -536.455
v -4.14032 -26.2558 -537.208
v -4.17617 -26.6561 -537.412
v -4.08744 -26.7156 -537.23
v -4.27459 -26.2865 -537.603
v -4.26424 -26.5671 -537.612
v -4.17473 -26.0222 -537.206
v -4.0199 -26.3678 -537.013
v -4.26489 -25.6313 -537.294
v -4.14699 -25.6619 -537.055
v -4.48034 -25.1755 -537.685
v -4.39128 -25.1836 -537.467
v -4.3506 -25.0023 -537.351
v -1.47963 -27.9859 -536.571
v -3.08252 -27.1747 -536.223
v -3.14933 -27.4317 -536.306
v -3.21629 -26.7493 -536.258
v -3.17163 -26.5195 -536.182
v -3.25338 -26.9977 -536.305
v -3.29637 -27.2514 -536.376
v -3.40706 -26.7873 -536.416
v -3.32297 -28.5213 -536.893
v -3.26758 -28.3451 -536.721
v -3.10237 -27.9894 -536.429
v -3.20739 -28.1535 -536.559
v -3.52804 -28.4764 -537.02
v -3.42288 -28.7236 -537.013
v -1.46387 -24.6652 -538.037
v -3.43573 -28.2863 -536.873
v -3.38142 -28.0946 -536.701
v -3.72966 -26.8993 -536.799
v -3.75378 -26.4101 -536.685
v -3.56172 -26.5776 -536.525
v -4.6326 -22.4893 -539.62
v -4.6939 -22.5631 -539.376
v -4.29471 -22.315 -539.87
v -4.58571 -24.2778 -541.665
v -4.39842 -24.3472 -541.819
v -4.73512 -23.6283 -541.038
v -4.92663 -23.9943 -541.186
v -4.87031 -23.5811 -540.848
v -3.18819 -21.8659 -539.896
v -6.90439 -34.4973 -541.28
v 2.25282 -22.4245 -540.603
v -4.38094 -23.7095 -541.283
v -4.57844 -24.0956 -541.517
v -4.21786 -23.1797 -540.913
v -4.35069 -23.3529 -541.009
v -3.96461 -24.1521 -541.802
v -3.86861 -24.0032 -541.669
v -3.54075 -23.7227 -541.39
v -3.59248 -24.0266 -541.692
v -3.77342 -23.707 -541.386
v -3.89861 -23.5617 -541.262
v -4.02716 -23.0421 -540.847
v -3.98815 -23.4142 -541.141
v -4.18401 -22.4014 -540.094
v -4.13162 -22.1216 -539.736
v -3.8835 -22.0841 -539.82
v -4.27073 -22.5742 -540.284
v -1.71035 -24.9681 -536.268
v -1.56647 -24.7992 -536.348
v -1.54475 -24.5526 -536.327
v -2.30815 -23.9009 -535.717
v -2.1146 -23.7624 -535.809
v -2.12614 -23.5157 -535.78
v -2.30976 -23.1502 -535.688
v -2.08577 -24.0004 -535.842
v -1.93203 -23.8595 -535.915
v -1.2327 -25.6241 -537.082
v -1.20108 -26.0898 -537.137
v -1.4416 -23.8997 -537.58
v -1.58114 -23.9079 -537.83
v -1.68763 -23.7445 -537.914
v -1.1537 -23.3214 -536.871
v -1.70707 -23.523 -537.901
v -1.90212 -23.6679 -538.309
v -1.7711 -23.3047 -538.026
v -1.66831 -22.269 -538.224
v 1.1373 -22.2955 -540.569
v -1.76164 -22.4697 -538.313
v -1.62147 -22.4542 -538.049
v -1.47932 -22.0269 -538.001
v -1.60359 -22.0456 -538.222
v -1.21977 -22.8023 -537.303
v -1.76823 -27.5846 -536.569
v -1.32497 -22.7775 -537.506
v -2.05365 -24.5356 -540.106
v -2.12762 -24.8206 -540.493
v -1.97573 -24.3967 -539.674
v -1.87528 -24.6037 -539.718
v -2.00379 -24.4481 -539.911
v -2.08377 -24.2692 -540.107
v -2.10964 -24.2053 -540.358
v -2.1211 -23.1175 -540.025
v -2.09943 -23.3639 -539.928
v -2.1241 -23.5971 -539.868
v -2.10154 -23.5713 -540.139
v -2.1113 -23.3386 -540.127
v -2.27291 -24.4833 -541.038
v -2.32466 -24.6399 -541.263
v -2.14348 -23.9619 -540.678
v -2.13702 -23.5929 -540.43
v -2.1294 -24.1659 -540.623
v -2.08909 -23.985 -540.439
v -2.09289 -23.7827 -540.294
v -1.58997 -24.2918 -538.137
v -2.10046 -24.0385 -539.736
v -2.08183 -24.0745 -539.464
v -2.08744 -24.0163 -540.2
v -2.09685 -24.0333 -539.978
v -2.13177 -23.4647 -539.189
v -2.10701 -23.1073 -539.146
v -2.0865 -23.4429 -538.919
v -1.41485 -24.1653 -537.615
v -1.49499 -24.2802 -537.865
v -0.796856 -26.6584 -538.606
v -0.850011 -29.1614 -537.099
v -0.953856 -26.127 -539.148
v -0.829547 -26.4831 -538.784
v -1.11946 -25.7549 -539.513
v -1.3638 -25.233 -538.688
v -1.3361 -25.3452 -538.502
v -1.19396 -25.6742 -538.603
v -1.32756 -25.3276 -538.91
v -1.49671 -25.0778 -539.356
v -1.41802 -25.1211 -538.93
v -0.743271 -28.7568 -537.139
v -1.65402 -24.3396 -538.367
v -1.77316 -24.2345 -538.534
v -1.91987 -24.3149 -539.186
v -1.90011 -24.1537 -538.744
v -2.02477 -24.0416 -538.965
v -1.77188 -24.8156 -539.738
v -1.85819 -24.5303 -539.514
v -1.84104 -24.8941 -539.958
v -0.598543 -28.3397 -537.571
v -1.15105 -25.759 -539.298
v -1.08501 -29.4085 -546.122
v -0.751466 -20.5769 -536.221
v -1.06611 -25.7408 -539.731
v -0.949151 -25.8807 -539.617
v -1.21919 -25.6022 -539.691
v -1.25114 -25.5437 -539.455
v -1.1236 -25.9103 -538.949
v -1.18139 -25.7102 -539.044
v -1.31793 -25.3979 -539.268
v -1.22901 -25.5847 -539.229
v -1.35117 -25.421 -539.646
v -1.47864 -25.2041 -539.594
v -1.60438 -24.8725 -539.332
v -1.60363 -24.9803 -539.571
v -2.11335 -25.4978 -540.883
v -0.931224 -20.9502 -536.458
v -1.93189 -25.1454 -540.337
v -2.05998 -25.3999 -540.714
v -6.83659 -34.506 -541.038
v -2.25359 -25.1015 -541.106
v -3.455 -24.9275 -542.335
v -3.66806 -24.7468 -542.272
v -2.85844 -23.6304 -541.028
v -2.71429 -23.3387 -540.728
v -0.924899 -29.6831 -537.105
v 1.31024 -22.3209 -540.662
v -3.66859 -24.3557 -541.98
v -3.27513 -24.268 -541.782
v -3.39148 -24.5835 -542.048
v -1.33613 -24.6017 -537.459
v -1.22974 -25.462 -537.528
v -1.34229 -25.0145 -537.76
v -3.81363 -21.1445 -537.929
v -3.65983 -20.8551 -538.22
v -3.89075 -21.3873 -537.593
v -3.64881 -21.1765 -537.516
v -3.52968 -20.8607 -537.792
v -2.7901 -19.9258 -537.444
v -3.03626 -20.2388 -537.535
v -3.01101 -20.1383 -537.737
v -3.1677 -20.5264 -537.366
v -3.21623 -20.784 -537.121
v -1.71295 -20.0494 -535.887
v -1.61284 -19.7919 -535.898
v -2.01793 -20.6084 -536.124
v -1.86684 -20.4643 -536.005
v -2.37877 -20.6348 -536.321
v -0.843653 -21.0678 -536.666
v -0.643779 -20.964 -536.786
v -0.72794 -20.8755 -536.577
v -0.792163 -21.1731 -536.852
v -0.53423 -20.7744 -536.686
v -6.89075 -34.0818 -541.28
v -3.03517 -23.7145 -535.903
v -2.84425 -23.5695 -535.783
v -3.16945 -23.3428 -536.031
v -2.55123 -23.2301 -535.682
v -2.91017 -22.4438 -535.987
v -3.11734 -22.8732 -535.969
v -2.89175 -22.8264 -535.855
v 0.71928 -32.9736 -537.807
v -2.30382 -34.6975 -544.402
v -3.00851 -22.0838 -536.155
v -3.30685 -22.9507 -536.109
v -3.02812 -22.2741 -536.098
v -2.74281 -20.607 -536.611
v -2.78295 -20.8078 -536.591
v -2.60627 -20.9308 -536.439
v -2.55683 -20.7319 -536.445
v 0.723203 -32.7667 -537.742
v -2.93547 -20.7114 -536.77
v -3.2062 -21.049 -536.846
v -3.3991 -21.1989 -536.961
v -3.26862 -21.2438 -536.748
v -3.00391 -20.9158 -536.725
v -1.17477 -26.3148 -537.249
v -1.72025 -20.3258 -535.892
v -1.56552 -20.1964 -535.813
v -1.80421 -20.7169 -536.027
v -1.64917 -20.5704 -535.914
v -1.83777 -21.5495 -535.979
v -1.46065 -21.5821 -536.063
v -1.72812 -20.9575 -536.058
v -1.93309 -21.1107 -536.094
v -2.12942 -21.2935 -536.088
v -2.03978 -21.5625 -535.982
v -2.15548 -21.02 -536.179
v -1.97013 -20.8638 -536.129
v -2.71961 -21.298 -536.359
v -4.74818 -22.703 -539.557
v -2.32575 -21.1686 -536.207
v -2.73797 -21.5141 -536.28
v -2.56148 -21.5932 -536.165
v 1.27184 -31.7384 -537.587
v -2.85754 -21.0077 -536.566
v 1.29589 -22.5173 -540.83
v -3.07613 -21.1214 -536.656
v -3.29479 -21.4528 -536.631
v -3.11691 -21.3295 -536.556
v -3.13782 -21.549 -536.459
v -4.79903 -36.9161 -542.45
v -4.61981 -37.0664 -542.344
v -5.18359 -36.686 -542.635
v -4.98052 -36.7981 -542.533
v -5.43568 -36.8217 -542.325
v -5.24584 -36.8747 -542.236
v -2.95152 -29.7665 -546.067
v -2.04204 -22.7104 -539.026
v -4.437 -37.1741 -542.45
v -4.26331 -37.2838 -542.571
v -4.33105 -37.3756 -542.328
v -4.31215 -36.9487 -542.85
v -4.18577 -37.168 -542.789
v -4.06522 -37.3616 -542.702
v -4.76213 -37.3519 -541.807
v -5.52431 -37.5191 -540.27
v -2.06722 -35.6573 -543.535
v -2.56363 -36.1615 -543.268
v -2.48223 -35.7825 -543.461
v -2.17076 -36.0446 -543.337
v -2.68368 -36.7612 -542.955
v 1.60352 -22.482 -540.807
v -2.81868 -37.1117 -542.751
v -3.09866 -29.6304 -545.968
v -4.91341 -36.3125 -542.993
v -5.1393 -36.5635 -542.807
v -3.56332 -29.7991 -545.912
v -6.14853 -37.0273 -540.383
v -6.11653 -37.0828 -540.642
v -5.98781 -37.1562 -540.448
v -6.30979 -36.4719 -539.976
v -5.27364 -37.7393 -540.913
v -3.4507 -35.4073 -543.888
v -3.16922 -35.3514 -543.93
v -3.58714 -35.3975 -543.63
v -3.35145 -35.3413 -543.74
v -3.15839 -35.313 -543.667
v -5.5108 -36.3964 -546.248
v -5.52962 -36.2913 -546.435
v -1.04477 -29.2481 -546.017
v -1.78404 -22.3152 -538.445
v -3.46197 -35.0753 -546.397
v -2.48082 -29.6134 -546.096
v -5.77237 -36.2774 -546.468
v -5.65511 -36.38 -545.526
v -5.51414 -36.4417 -545.876
v -5.38821 -36.4446 -546.084
v -5.72813 -36.4081 -545.798
v -5.7344 -36.3762 -546.263
v -4.74734 -36.055 -545.41
v -4.6739 -36.0772 -545.658
v -6.86916 -33.8463 -541.158
v -5.51193 -36.477 -544.186
v -5.45531 -36.3113 -543.823
v -7.09189 -34.8963 -542.104
v -7.18707 -34.8814 -542.625
v -7.12629 -35.1281 -542.208
v -7.24857 -35.0076 -542.878
v -7.01797 -35.739 -541.934
v -0.243609 -24.3926 -539.805
v -2.97453 -35.263 -545.061
v -2.7156 -35.0109 -544.908
v -3.15372 -20.4127 -537.535
v -2.37124 -34.814 -544.797
v -2.52815 -34.9329 -543.952
v -2.78811 -35.1054 -544.198
v -2.4268 -34.7701 -544.158
v -2.80352 -35.1345 -544.431
v -2.96626 -35.2309 -543.817
v -2.36812 -21.8883 -539.597
v -2.32625 -35.0069 -543.837
v -2.16276 -21.5644 -539.296
v -6.79937 -34.3002 -540.932
v -2.2894 -35.2289 -543.734
v -2.63708 -29.4337 -545.968
v -3.11227 -20.5621 -537.182
v -4.29657 -36.2786 -543.07
v -3.62369 -35.5304 -543.392
v -3.38962 -35.4114 -543.517
v -4.07297 -36.9876 -542.921
v -3.94133 -37.1842 -542.864
v -0.148916 -24.3553 -539.416
v -3.55195 -37.2318 -542.774
v -3.33406 -36.8619 -542.966
v -3.16936 -36.9701 -542.868
v -0.14584 -24.1712 -539.889
v -4.15886 -38.0432 -541.557
v -3.97678 -38.1252 -541.493
v -3.75973 -38.0779 -541.596
v -3.96744 -38.2888 -541.262
v -3.31847 -37.9785 -541.6
v -4.26763 -37.4299 -539.451
v -4.49896 -37.3036 -539.398
v -4.36819 -38.0216 -541.396
v -3.79238 -26.1254 -536.65
v -4.48327 -38.0543 -541.219
v -4.60904 -37.8902 -541.343
v -4.39525 -37.7847 -541.774
v 0.343279 -37.404 -541.555
v 0.0896776 -37.3022 -541.596
v -3.23724 -29.4954 -545.847
v -0.0707491 -37.1991 -542.424
v -0.24506 -36.9371 -542.997
v -0.256852 -37.0001 -542.784
v -0.0527302 -37.0869 -542.91
v -0.503783 -36.8876 -542.382
v -0.46979 -36.9612 -541.783
v -0.173358 -37.2227 -541.247
v -0.344471 -37.099 -541.411
v -1.42375 -37.5848 -540.766
v -6.73488 -33.9017 -540.71
v -2.47156 -38.3749 -540.788
v -2.73747 -38.451 -540.8
v -2.72998 -37.3149 -542.603
v -2.94436 -37.5496 -542.259
v -3.06491 -37.6489 -542.078
v -2.59959 -37.4658 -542.41
v -2.70407 -37.5736 -542.24
v -2.58822 -37.6578 -542.032
v -2.8314 -37.6609 -542.057
v -6.76265 -34.0977 -540.823
v -2.73733 -37.7513 -541.853
v -0.997042 -36.4304 -542.889
v -0.880778 -36.4299 -543.119
v -0.694489 -36.5338 -543.166
v -0.810945 -36.5883 -542.943
v -0.704475 -36.7176 -542.774
v -0.906916 -36.5499 -542.706
v -3.46822 -29.588 -545.838
v -1.28112 -36.2303 -542.685
v -1.20562 -36.3409 -542.423
v 1.05196 -37.3731 -542.343
v 1.03665 -37.4626 -542.151
v 0.845584 -37.515 -541.997
v 0.941787 -37.5636 -541.782
v 1.12562 -37.5101 -541.97
v 1.18816 -37.5968 -541.751
v 1.41566 -37.6492 -541.708
v 1.27009 -37.3746 -542.17
v 1.44755 -37.2157 -542.299
v 1.50094 -37.3583 -542.065
v 1.92983 -37.3422 -541.985
v 1.66523 -37.1802 -542.212
v 1.61968 -37.7221 -541.626
v 1.43832 -37.7895 -541.468
v 1.65567 -37.8866 -541.388
v 1.82379 -37.8157 -541.528
v 0.141735 -37.4337 -540.456
v 0.0945291 -23.8055 -539.857
v -6.1207 -34.5623 -539.447
v -5.51798 -32.4561 -538.53
v -5.68336 -32.2244 -538.894
v -5.423 -32.0078 -538.576
v -5.30994 -31.6728 -538.476
v -5.62643 -31.7647 -539.025
v 3.08547 -21.5996 -539.247
v -5.56014 -33.2501 -538.521
v -5.72317 -32.8548 -538.718
v -5.67459 -32.4496 -538.766
v -5.87504 -32.6188 -539.049
v -5.62881 -32.6517 -538.621
v -6.29153 -34.1621 -539.642
v -6.32467 -34.5749 -539.798
v -6.24342 -36.2982 -545.858
v -6.56229 -36.0031 -545.607
v -7.07105 -35.7132 -544.69
v -7.19103 -35.4097 -544.873
v -7.07561 -35.3913 -545.305
v -7.27419 -35.2906 -544.636
v -6.83775 -35.2315 -545.945
v -6.89054 -35.0364 -545.868
v -6.88507 -35.461 -545.763
v -7.05349 -35.2198 -545.49
v -7.13249 -35.1637 -545.263
v -7.03802 -34.7507 -545.557
v -7.15931 -34.9474 -545.221
v -2.67423 -19.8275 -537.269
v -3.952 -29.5239 -545.64
v -6.61299 -34.0859 -540.385
v -7.23297 -34.6153 -544.92
v -6.95923 -32.9822 -544.294
v -6.96184 -32.9063 -544.057
v -6.91778 -32.7255 -544.22
v -6.99484 -33.1473 -544.139
v -7.0062 -33.1076 -543.008
v -7.02173 -33.2073 -543.245
v -6.99884 -33.355 -543.063
v -7.02738 -32.9527 -543.217
v -7.11887 -34.6749 -542.454
v -7.1116 -34.5079 -542.609
v -7.06315 -34.2823 -542.653
v -7.05386 -35.1573 -541.766
v -7.05877 -35.5102 -541.94
v -6.9444 -33.8913 -541.625
v -6.86082 -34.2917 -541.169
v -6.91464 -33.866 -541.378
v -6.9574 -33.477 -541.516
v -6.90573 -33.6036 -541.274
v -6.94574 -34.0903 -541.762
v -6.95203 -34.3141 -541.647
v -6.36134 -34.3063 -539.816
v -6.6863 -34.0828 -540.589
v -6.71813 -34.306 -540.698
v -6.5361 -34.3388 -540.222
v -6.80601 -33.8702 -540.931
v -6.83239 -34.0785 -541.054
v -6.88421 -34.7164 -541.132
v -6.76409 -34.517 -540.813
v -6.95936 -35.9591 -541.494
v -6.97149 -35.9476 -541.894
v -6.93368 -36.179 -541.45
v -6.88842 -36.4148 -541.401
v -6.92048 -36.2315 -541.206
v -6.87613 -36.3017 -540.995
v -6.93439 -35.8039 -541.109
v -6.98935 -35.725 -541.537
v -6.95594 -35.5563 -541.209
v -6.97355 -35.33 -541.305
v -6.88091 -35.8151 -540.896
v -6.9796 -35.0857 -541.391
v -7.01769 -34.9957 -541.618
v -6.9582 -34.5434 -541.535
v -6.93651 -34.6902 -541.347
v -1.57226 -23.7025 -537.707
v -2.90258 -20.0334 -537.595
v -7.32403 -35.0408 -543.308
v -7.25212 -35.2609 -542.924
v -7.25769 -34.6814 -543.145
v -7.28172 -34.9092 -543.103
v -7.34396 -34.7285 -543.615
v -3.91371 -30.0582 -545.9
v -7.34745 -34.6726 -544.283
v -2.9175 -20.1446 -537.358
v -7.31361 -34.3998 -544.284
v -7.30928 -34.559 -544.491
v -7.29107 -34.3765 -543.801
v -7.35532 -34.6044 -544.082
v -6.96413 -34.228 -545.607
v -7.05426 -33.9319 -545.318
v -5.85836 -36.4264 -544.577
v -2.17639 -21.1944 -539.166
v -5.37087 -36.278 -545.197
v 2.93484 -21.545 -539.383
v -5.12552 -36.1917 -544.849
v -0.211448 -24.1921 -540.435
v -4.93616 -36.1159 -544.912
v -4.86727 -36.0782 -545.16
v -1.33689 -34.5911 -548.289
v -1.5997 -21.0552 -538.668
v -1.46668 -34.7357 -548.052
v -1.72923 -34.8724 -547.649
v -1.77932 -34.9772 -547.441
v -0.18259 -24.1349 -540.685
v -1.54971 -34.9732 -547.525
v -1.35773 -35.0375 -547.678
v -1.6283 -35.1247 -546.97
v -1.46772 -35.1788 -546.591
v -0.874922 -34.636 -544.431
v -0.611779 -34.6131 -544.465
v -0.118444 -34.562 -544.562
v -1.37106 -34.6471 -544.325
v -1.30812 -34.6934 -544.612
v -0.777621 -34.6611 -544.65
v -1.84144 -22.659 -538.424
v -0.0384969 -34.9556 -545.36
v 0.0804887 -34.7795 -545.288
v -0.385344 -34.9133 -545.153
v -0.156425 -34.8177 -545.129
v -0.654007 -34.7478 -544.86
v -2.28913 -34.7857 -543.986
v -1.87185 -22.4731 -538.597
v -1.89043 -34.9071 -543.925
v -1.97314 -23.0138 -538.66
v -1.75308 -34.738 -544.057
v -1.63421 -34.638 -544.249
v -2.04635 -23.0591 -538.898
v -1.34645 -30.8446 -546.95
v -2.19476 -34.6247 -544.19
v -2.07614 -34.6419 -544.42
v -1.7336 -22.8881 -538.074
v -1.9133 -34.6057 -544.206
v -1.81072 -34.6329 -544.416
v -3.57272 -35.274 -546.305
v -3.41054 -34.8936 -546.556
v -3.40696 -35.1962 -546.163
v -3.18963 -35.2137 -545.71
v -3.33569 -35.3631 -545.81
v -0.138425 -24.0848 -540.923
v -2.91329 -35.1205 -545.278
v -1.79131 -34.2308 -548.268
v -1.94072 -34.5171 -548.047
v -2.14016 -34.0768 -548.095
v -2.00691 -34.3043 -548.122
v -2.29386 -34.574 -547.743
v -2.54483 -34.5355 -547.386
v -2.26772 -35.1836 -546.81
v -1.80772 -23.0911 -538.16
v -1.89732 -35.1232 -545.516
v -1.48705 -35.2253 -545.718
v -2.00622 -35.0234 -545.313
v -1.54382 -35.0544 -545.33
v 4.00578 -32.7695 -541.166
v 4.14589 -33.0451 -541.536
v 4.08154 -32.7956 -541.422
v 4.09099 -33.1808 -541.285
v 4.21833 -33.4494 -541.667
v 4.27429 -33.3955 -541.895
v 4.21528 -33.6868 -541.645
v 4.15361 -33.8542 -541.52
v 4.29665 -34.0602 -541.946
v 3.65557 -35.4484 -541.95
v 3.78511 -35.4888 -542.165
v 4.02518 -35.6519 -542.572
v -3.77607 -21.212 -537.69
v 4.10306 -36.1967 -543.25
v 4.04803 -35.956 -542.881
v 3.84129 -35.28 -542.051
v 2.38157 -37.1646 -541.756
v 2.40989 -37.3294 -541.538
v 2.28542 -37.5939 -541.48
v 2.32523 -37.6235 -541.224
v 2.42881 -36.8111 -542.057
v -3.62575 -21.0353 -537.707
v 2.62459 -36.8056 -541.685
v 2.50834 -37.0519 -541.619
v 2.70585 -36.4833 -541.972
v 3.75107 -35.0792 -541.716
v 4.4403 -34.109 -542.333
v 4.34281 -33.8181 -542.04
v 4.43473 -34.3116 -542.41
v 4.25597 -33.1938 -541.995
v 4.38329 -33.6486 -542.26
v 4.36864 -33.4767 -542.407
v 4.19565 -33.0134 -541.83
v 4.42909 -34.5146 -542.528
v 4.50046 -34.3676 -542.686
v 4.33913 -34.6438 -542.379
v 4.4675 -34.8312 -542.805
v 4.45466 -35.1998 -542.945
v 4.5174 -35.8306 -543.754
v 4.16636 -36.3551 -543.604
v 4.17883 -36.4314 -543.82
v 4.30281 -36.2258 -543.745
v 4.43029 -36.0669 -543.872
v 4.43329 -35.876 -543.489
v 4.58684 -35.3027 -543.344
v 4.33848 -35.8664 -543.23
v -1.87503 -31.4007 -547.253
v 4.38713 -35.4518 -542.952
v 4.33105 -35.309 -542.753
v 4.00844 -34.8922 -541.964
v 4.2323 -34.6645 -542.171
v 4.18664 -35.0383 -542.352
v 4.33947 -34.9544 -542.576
v 4.07492 -33.7206 -541.297
v 4.04105 -33.9884 -541.325
v 1.44599 -34.4164 -547.095
v 1.24079 -34.5727 -547.073
v -3.66945 -20.9643 -537.968
v 0.997279 -34.3481 -545.914
v 0.821091 -34.3531 -545.75
v 0.810075 -34.5157 -545.931
v 1.0138 -34.4696 -546.094
v 0.839222 -34.6427 -546.097
v 0.65001 -34.5268 -545.762
v 0.391079 -34.5375 -545.452
v 0.492968 -34.8747 -544.673
v 0.285378 -34.8527 -544.53
v 0.156222 -35.1723 -544.23
v -1.23006 -34.7879 -544.16
v -0.955628 -34.7438 -544.236
v -1.49317 -34.7777 -544.122
v -1.40823 -34.972 -544.013
v -1.01631 -34.9054 -544.122
v 4.50231 -34.4532 -544.674
v 4.41587 -34.2761 -544.858
v 3.99741 -32.1556 -542.129
v 3.97772 -32.0755 -542.361
v 3.73276 -31.2759 -541.741
v 3.85548 -31.7305 -541.689
v 3.82113 -31.7094 -541.462
v 3.72528 -31.7259 -543.278
v 3.64835 -31.6967 -543.529
v 3.60491 -32.195 -544.067
v 3.56408 -32.3432 -544.263
v 3.47921 -32.1331 -544.283
v 3.6619 -32.5627 -544.294
v 3.73574 -32.105 -543.666
v 3.64155 -32.0369 -543.88
v 3.81894 -31.8934 -543.118
v -2.09992 -31.4463 -547.238
v 3.50276 -31.6917 -540.418
v -1.95594 -31.0032 -546.986
v 3.51954 -31.4577 -540.449
v 3.6429 -31.4576 -540.83
v 3.77007 -31.6772 -541.238
v 3.82476 -31.9155 -541.273
v 3.6472 -31.0394 -541.059
v 3.7583 -31.4723 -541.396
v 3.62839 -30.7781 -541.01
v 3.59395 -30.9045 -540.803
v 3.67207 -31.3032 -541.027
v 3.57456 -31.1014 -540.675
v 3.89399 -32.1358 -541.33
v 3.9573 -32.1702 -541.584
v 4.05939 -32.435 -541.885
v 4.11505 -32.6065 -542.044
v 4.43913 -33.6921 -543.325
v 4.4611 -33.7318 -543.055
v 4.39486 -33.515 -542.652
v 4.1025 -32.6196 -542.738
v 4.26162 -33.1335 -542.921
v 4.12371 -32.7747 -542.932
v 4.2585 -33.0791 -542.646
v 3.92652 -31.9804 -541.739
v 3.9514 -32.0161 -541.955
v 4.01846 -32.2511 -542.571
v 3.97953 -32.2028 -542.814
v -0.390522 -24.5299 -540.801
v 4.07454 -32.4692 -542.537
v 4.10196 -32.5391 -542.288
v 4.26441 -33.0943 -542.391
v 1.24618 -37.2391 -542.424
v 1.19681 -37.0658 -542.646
v 1.31803 -36.6557 -542.838
v 1.56714 -36.8535 -542.594
v 2.83725 -36.2641 -542.051
v -0.354342 -25.7183 -539.65
v 2.65081 -36.2974 -542.406
v -2.13196 -23.8725 -539.377
v 2.37385 -36.304 -542.711
v 2.61243 -36.2603 -542.661
v 2.82676 -36.2015 -542.528
v 3.18999 -36.4429 -543.216
v 3.5428 -36.5725 -543.742
v 3.41813 -36.4844 -543.317
v 2.68541 -36.3847 -543.377
v 3.19045 -36.5069 -543.435
v 2.09362 -36.0968 -543.228
v -1.83665 -23.4868 -538.152
v 0.385725 -36.1838 -543.629
v 0.276313 -36.3944 -543.532
v 0.166001 -36.1817 -543.638
v 0.0633651 -35.9657 -543.75
v -0.093022 -35.4121 -546.399
v -0.00632061 -35.3327 -546.618
v 0.138801 -35.2972 -546.387
v -0.807273 -35.36 -547.933
v -1.01041 -35.2731 -547.732
v -0.734439 -35.43 -547.466
v -0.769936 -35.4137 -547.066
v -0.129851 -35.3423 -546.81
v 0.108309 -35.1476 -547.14
v 0.0568541 -35.2922 -545.936
v 0.213491 -35.239 -546.127
v 0.263295 -35.1261 -545.906
v 0.40275 -35.0646 -546.054
v 0.310378 -35.1682 -546.465
v 0.351672 -35.1474 -546.272
v 0.0924602 -35.2168 -546.864
v 0.414364 -35.0707 -546.625
v 1.17474 -34.5302 -546.471
v 1.16698 -34.597 -546.681
v 1.01165 -34.7464 -546.716
v 0.761224 -34.8903 -546.41
v 0.821216 -34.8698 -546.67
v 0.934786 -34.7985 -546.903
v 0.642378 -34.9618 -546.576
v 0.717895 -34.881 -546.913
v 2.13784 -31.8591 -546.467
v 2.32473 -32.0727 -546.501
v 2.3903 -32.3015 -546.686
v 2.22573 -32.2036 -546.752
v 2.46202 -32.0589 -546.282
v 2.51875 -32.2318 -546.459
v 2.60341 -31.8099 -545.637
v 2.76661 -31.9929 -545.664
v 2.42744 -31.765 -545.826
v 2.78971 -31.8684 -545.461
v -0.280284 -24.9487 -539.526
v -1.32658 -31.1881 -547.153
v -1.24169 -31.5189 -547.371
v -1.50367 -31.5365 -547.376
v -1.11018 -32.1172 -547.812
v -1.35784 -32.2642 -547.886
v -1.34508 -31.8571 -547.608
v -0.671698 -31.749 -547.514
v -0.986489 -31.5311 -547.377
v -1.86544 -32.9677 -548.118
v -1.6243 -32.8763 -548.158
v -1.8361 -32.7368 -548.055
v -1.82286 -32.5102 -547.957
v -2.04115 -32.4054 -547.859
v -2.24753 -32.2982 -547.748
v -1.80198 -32.2874 -547.842
v -2.01476 -32.1848 -547.746
v -4.159 -35.6627 -546.303
v -3.98467 -35.5325 -546.426
v -4.21485 -35.5985 -546.531
v -4.08856 -35.4254 -546.627
v -3.89087 -35.804 -545.766
v -3.68916 -35.8 -545.626
v -3.91275 -35.7077 -545.991
v -3.93259 -35.6109 -546.211
v -3.72246 -35.5788 -546.095
v -3.66968 -35.2102 -546.464
v -3.87636 -35.3501 -546.516
v -1.01579 -30.3249 -546.714
v -3.84642 -35.0111 -546.759
v -3.69706 -34.8694 -546.847
v -4.8305 -36.2238 -545.832
v -4.50196 -35.9043 -546.029
v -4.66178 -36.062 -545.898
v -4.75361 -35.9054 -546.501
v -4.56088 -35.7831 -546.49
v -3.99355 -35.213 -546.688
v -4.20734 -35.2739 -546.777
v -4.43659 -35.6603 -546.639
v -4.45068 -35.3212 -546.845
v -0.302595 -25.3353 -539.609
v -3.14342 -33.5042 -547.633
v -3.52296 -33.5048 -547.464
v -3.80802 -24.5277 -542.132
v -4.2334 -24.5985 -542.096
v -2.69261 -21.343 -539.475
v -2.95557 -21.6199 -539.716
v -2.54429 -21.7078 -539.622
v -1.83443 -23.9053 -538.276
v -2.93059 -21.9396 -539.915
v -3.13124 -22.0616 -540.037
v -2.71203 -22.0293 -539.88
v -2.89066 -22.1486 -540.029
v -2.78436 -22.5654 -540.258
v -3.02017 -22.4832 -540.306
v -3.3807 -22.6794 -540.561
v -3.25862 -22.3659 -540.284
v -3.0294 -22.8621 -540.58
v -3.12807 -22.6769 -540.493
v -2.52762 -23.2555 -540.558
v -2.50373 -23.4676 -540.69
v -2.73795 -23.1447 -540.611
v -2.92715 -23.0428 -540.648
v -2.69721 -22.7863 -540.356
v -2.81082 -22.9144 -540.506
v -4.89367 -24.44 -538.627
v -2.16566 -23.4105 -540.327
v 0.0604285 -30.0799 -546.431
v -1.16485 -20.0309 -538.258
v -2.33952 -23.2767 -540.419
v -2.16225 -24.3602 -540.56
v -2.20352 -24.3168 -540.835
v -2.2994 -24.2613 -541.063
v -2.21077 -24.0902 -540.865
v -2.29829 -23.8499 -540.797
v -2.37757 -24.0399 -540.994
v -2.30482 -23.6339 -540.649
v -2.49347 -24.1843 -541.192
v 2.56533 -20.9 -539.049
v 2.6268 -20.5755 -538.511
v 3.22298 -20.7309 -536.32
v 3.27163 -21.1592 -536.532
v 2.62649 -20.6562 -535.774
v -0.558326 -24.8998 -540.491
v 2.9403 -20.8819 -536.029
v 2.53019 -20.8795 -535.751
v 2.59981 -21.0789 -535.898
v 3.21633 -21.0387 -536.326
v 3.02822 -21.1052 -536.183
v 1.8763 -21.6954 -536.169
v 1.81873 -22.0617 -536.427
v 2.13554 -22.2723 -536.551
v 2.11468 -21.7921 -536.247
v 2.28287 -21.9144 -536.403
v 2.01886 -21.3688 -535.904
v 2.18616 -21.2317 -535.818
v 1.85378 -21.4968 -536.017
v 1.95046 -20.489 -535.756
v 1.86949 -20.6664 -535.668
v 2.16657 -20.5642 -535.664
v 1.71426 -20.5126 -535.823
v 1.62626 -20.7502 -535.784
v -0.929879 -19.6951 -538.01
v 2.43328 -20.4725 -535.774
v 2.10083 -20.7914 -535.591
v 2.38894 -20.6812 -535.643
v 2.11408 -21.0217 -535.684
v 2.30381 -20.8937 -535.663
v 2.24188 -21.4226 -535.978
v 0.355573 -23.5065 -539.523
v 2.42579 -21.2571 -535.926
v 2.65789 -21.2651 -536.054
v 2.39379 -22.6069 -536.742
v -6.28862 -28.7403 -542.021
v -6.18736 -28.7416 -541.649
v -3.94006 -21.3324 -537.798
v -6.54117 -30.3971 -541.955
v -6.45113 -29.9005 -541.776
v -0.0321165 -32.516 -537.283
v -5.49111 -26.8405 -541.799
v -4.9026 -26.73 -543.367
v -5.10264 -26.843 -543.263
v -4.83262 -26.8334 -543.554
v -4.86008 -27.224 -543.929
v -5.10337 -27.6478 -544.055
v -5.04798 -27.2911 -543.787
v -5.28068 -27.8238 -544.019
v -4.60027 -26.6885 -543.644
v -4.74979 -26.8956 -543.717
v -5.02211 -26.9752 -543.451
v -4.9708 -26.6021 -543.183
v -1.28921 -19.8609 -538.246
v -5.0356 -26.4791 -542.971
v -4.74696 -26.5113 -543.274
v -4.50223 -26.4054 -543.354
v -2.53284 -26.8947 -543.926
v -2.36904 -27.0433 -543.995
v -2.62066 -27.0794 -544.105
v -1.80035 -26.6253 -543.212
v -2.14248 -20.3174 -538.735
v -2.01516 -26.6068 -543.423
v -1.89426 -19.8966 -538.446
v -2.29836 -26.8919 -543.807
v -2.07671 -26.9288 -543.753
v -1.894 -27.0239 -543.866
v -1.93086 -27.1745 -544.078
v -2.41757 -27.1741 -544.165
v -2.18019 -27.4636 -544.405
v -2.75139 -27.3651 -544.378
v -6.58863 -30.7105 -543.904
v -6.31484 -30.1619 -544.103
v -6.48343 -30.5647 -544.067
v -6.53809 -30.3033 -543.747
v -6.57474 -30.5106 -543.833
v -3.60078 -25.4636 -542.954
v -3.36002 -25.5429 -543.001
v -4.12778 -26.0055 -543.183
v -3.91673 -25.9653 -543.31
v -4.09626 -26.1556 -543.374
v -3.87139 -26.1119 -543.491
v -3.31317 -25.6975 -543.175
v -3.49658 -25.8178 -543.319
v -3.88715 -26.5876 -543.944
v -3.84755 -26.3984 -543.793
v -4.07976 -26.4912 -543.784
v -4.03236 -26.8056 -544.055
v -3.60993 -26.1174 -543.59
v -3.73517 -25.7839 -543.247
v -4.6312 -27.1834 -544.052
v -4.14362 -27.0403 -544.166
v -3.20457 -26.8072 -544.03
v -3.02249 -26.9987 -544.096
v -3.25914 -27.0354 -544.142
v -3.87251 -27.9122 -544.398
v -3.75521 -27.5201 -544.293
v -3.66268 -27.7242 -544.353
v -0.161407 -29.8965 -546.382
v -6.63174 -34.3112 -540.467
v -3.9247 -27.6906 -544.333
v -1.9825 -19.7228 -538.341
v -6.1843 -31.6232 -545.357
v -6.20653 -31.1651 -545.024
v -5.87174 -30.7745 -545.196
v -6.06953 -31.1841 -545.228
v -5.72677 -30.2565 -545.046
v -5.67999 -30.68 -545.302
v -5.96216 -30.6656 -545.028
v -6.10525 -30.7977 -544.909
v -3.22482 -28.3819 -545.021
v 0.4132 -29.9277 -546.21
v -2.72541 -28.0333 -544.913
v -4.63577 -29.2234 -545.218
v -4.86885 -28.9668 -544.974
v -4.61862 -29.4487 -545.345
v -4.8512 -28.8026 -544.848
v -5.00052 -29.1416 -545.015
v -3.60345 -28.4498 -545.008
v -3.37793 -28.5276 -545.086
v -3.52472 -28.8776 -545.247
v -6.97132 -32.8656 -542.225
v -6.9773 -33.0817 -542.301
v -6.98481 -33.2316 -542.123
v -6.95729 -33.4274 -542.217
v -6.97103 -32.6949 -542.844
v -6.9873 -32.916 -542.862
v -6.95142 -32.8026 -542.642
v -7.1277 -33.647 -544.526
v -7.19368 -33.8721 -544.425
v -7.05059 -33.402 -544.216
v -7.01221 -33.2346 -544.6
v -7.00821 -33.2043 -544.374
v 0.2487 -30.0067 -546.321
v -7.01924 -33.3009 -543.984
v -6.82661 -31.568 -543.88
v -6.88864 -31.7884 -543.766
v -6.96098 -32.1608 -543.443
v -6.91704 -31.9469 -543.343
v -7.01302 -32.6466 -543.242
v -6.97988 -32.4046 -543.127
v -6.8883 -31.7707 -543.485
v -7.01073 -32.84 -543.049
v -6.95328 -32.4607 -542.885
v -6.88006 -31.9196 -543.133
v -6.93341 -32.2437 -542.963
v -0.629505 -29.1941 -545.992
v -6.9079 -32.3175 -542.726
v -6.93023 -32.5659 -542.656
v -6.89652 -32.4229 -542.505
v -6.82294 -31.6049 -543.394
v -6.89265 -32.0334 -543
v -2.23736 -20.1196 -538.629
v -7.07909 -33.6201 -545.062
v -7.17983 -34.0006 -544.867
v -6.92543 -33.3394 -541.337
v -6.17986 -35.0605 -546.58
v -6.38544 -35.0441 -546.451
v -5.82413 -35.2726 -546.757
v -1.80353 -19.1781 -537.275
v -6.82767 -33.8503 -545.752
v -6.5478 -32.1636 -545.143
v -6.30149 -31.8585 -545.354
v -6.13982 -31.8267 -545.526
v -5.95154 -32.0632 -545.802
v -6.29387 -32.3248 -545.68
v -6.39688 -32.253 -545.5
v -6.43441 -32.5959 -545.707
v -6.62527 -32.5594 -545.357
v -6.57126 -32.844 -545.701
v -6.49595 -32.9694 -545.899
v -6.66002 -33.0703 -545.713
v -6.23581 -33.5419 -546.301
v -6.35552 -33.7758 -546.263
v -6.47038 -33.3603 -546.066
v -6.21743 -30.9885 -544.862
v -6.3271 -31.3585 -544.966
v -6.66396 -31.3319 -544.181
v -6.76386 -31.5595 -544.107
v -6.76342 -31.7686 -544.248
v -6.91302 -33.0093 -544.995
v -6.85577 -32.9872 -545.237
v -6.96143 -33.2047 -545.121
v -6.6627 -30.7292 -543.009
v -6.67238 -30.8664 -543.202
v -6.65905 -30.9136 -542.934
v 0.0625777 -29.8693 -546.294
v -6.0775 -29.5646 -540.917
v -5.85238 -29.8345 -540.083
v -6.05182 -30.1173 -540.442
v -6.08323 -28.8765 -541.178
v -6.01849 -29.0968 -540.85
v -5.92278 -29.1951 -540.438
v -6.07964 -29.139 -541.098
v -5.98819 -29.2594 -540.676
v -6.04681 -29.3234 -540.919
v -5.94847 -29.4086 -540.48
v -5.91252 -29.5468 -540.316
v -6.19415 -29.3955 -541.398
v 0.269045 -29.5794 -546.03
v -6.38564 -29.6054 -541.78
v 0.390078 -29.4227 -545.872
v -6.14276 -29.8264 -540.876
v -6.24342 -29.9191 -541.062
v -5.48325 -29.8949 -539.057
v -5.38434 -30.0815 -538.878
v -5.30612 -30.0467 -538.642
v -5.66624 -29.6351 -539.498
v -5.47633 -29.5016 -539.169
v -5.25237 -30.5559 -538.728
v -5.08115 -30.8785 -538.338
v -5.06927 -30.6138 -538.389
v -5.45019 -30.503 -539.09
v -6.0462 -30.9108 -540.062
v -5.96294 -31.0652 -539.854
v -5.85322 -30.9296 -539.681
v -5.98341 -30.4317 -540.088
v -5.99567 -30.6574 -540.031
v 0.108248 -32.6492 -537.396
v -5.81731 -31.5301 -539.448
v -5.56158 -31.3131 -539.069
v -6.36846 -29.2 -542.051
v -6.45217 -29.3712 -542.222
v -6.37731 -28.9854 -542.248
v -6.50636 -29.373 -542.741
v -6.49403 -29.5229 -543.081
v -6.51759 -29.5721 -542.368
v -6.47641 -29.5761 -542.138
v -0.551899 -30.7977 -546.95
v -6.53685 -29.5941 -542.623
v -6.50076 -29.3767 -542.492
v -6.46251 -29.1672 -542.612
v -6.64676 -31.2005 -542.647
v -6.6938 -31.5863 -542.507
v -6.64045 -31.4882 -542.266
v -0.360185 -30.8971 -546.981
v -6.74882 -31.9375 -542.218
v -6.75293 -32.1593 -541.717
v -6.68346 -31.9233 -541.697
v -6.6682 -31.7893 -541.881
v -6.64658 -31.6095 -542.064
v -6.60881 -31.5336 -541.837
v -6.58043 -31.1438 -541.993
v -6.57236 -31.3147 -541.779
v -6.53317 -30.8559 -541.744
v -6.55861 -31.4928 -541.362
v -6.4878 -31.0938 -541.344
v -6.61964 -30.9719 -542.454
v -6.63926 -30.9421 -542.68
v -6.14631 -31.006 -540.253
v -6.44242 -31.3159 -540.911
v -6.53953 -31.706 -540.977
v -6.16889 -30.6248 -540.453
v -6.24817 -31.1124 -540.462
v -6.49305 -30.6636 -541.631
v -6.4821 -30.866 -541.478
v -6.44103 -30.2637 -541.559
v -6.41579 -30.0269 -541.555
v -6.43291 -30.674 -541.362
v 0.191299 -30.5229 -546.662
v -6.15496 -29.5004 -543.964
v -6.06502 -29.0644 -543.839
v -6.28372 -29.3624 -543.588
v -6.18643 -29.1157 -543.628
v -1.59646 -19.5337 -538.169
v -5.79016 -27.6808 -542.477
v -5.72697 -27.6026 -542.689
v -5.79145 -27.7718 -542.846
v -5.69964 -27.7312 -543.068
v -0.988094 -19.3267 -537.857
v -5.22175 -27.4093 -543.674
v -5.60636 -28.4517 -544.119
v -5.78508 -28.5968 -543.974
v -5.78236 -28.3924 -543.83
v -5.62887 -28.3025 -544.006
v -0.854928 -18.9641 -537.251
v -5.46507 -27.8966 -543.864
v -5.37543 -27.5331 -543.575
v -5.6261 -28.1305 -543.864
v -5.76902 -28.2026 -543.683
v -5.63298 -27.9796 -543.683
v -5.76814 -28.0435 -543.481
v -6.37678 -29.6406 -543.552
v -6.44208 -29.9044 -543.611
v -6.33977 -29.8143 -543.769
v -5.23702 -28.0504 -544.205
v -5.41918 -28.2404 -544.177
v 0.456123 -23.2116 -539.754
v -4.34161 -29.6884 -545.567
v 0.374423 -23.3396 -539.974
v -4.47401 -29.8786 -545.562
v -4.43462 -29.2923 -545.306
v -4.41101 -29.4923 -545.447
v -4.56336 -29.6655 -545.468
v -4.69095 -29.8667 -545.456
v -4.77734 -29.6565 -545.372
v -4.89942 -29.288 -545.152
v -4.83293 -29.4517 -545.268
v -2.03153 -19.2737 -536.971
v -5.0698 -29.5021 -545.175
v -5.00857 -29.677 -545.297
v -1.4355 -30.2273 -546.619
v -5.23131 -29.7297 -545.184
v -5.8084 -33.5671 -546.56
v -2.09085 -30.0741 -546.425
v -1.6745 -30.1847 -546.571
v -6.24252 -34.1701 -546.431
v -6.37568 -34.3584 -546.377
v -6.08053 -33.9638 -546.493
v -5.93316 -34.3521 -546.66
v -6.53292 -34.307 -546.218
v -6.08489 -34.6101 -546.608
v -6.31288 -34.6029 -546.467
v -4.93048 -30.2607 -545.433
v -5.13794 -30.3233 -545.372
v -5.4683 -30.6264 -545.387
v -5.0653 -30.6422 -545.593
v -5.94511 -31.0014 -545.253
v -5.90434 -31.1947 -545.4
v -5.4168 -30.8632 -545.545
v -5.78185 -30.9363 -545.365
v -2.31294 -19.7075 -536.696
v -4.72457 -31.4114 -546.247
v -4.49268 -31.357 -546.311
v -4.57441 -31.5762 -546.373
v -4.52679 -22.5471 -538.025
v -1.99571 -36.6138 -542.607
v -4.96098 -31.8577 -546.295
v -4.72769 -31.0398 -545.997
v -1.24381 -25.3376 -537.051
v -4.84027 -31.2688 -546.086
v -4.84766 -31.6163 -546.289
v -4.95357 -31.4836 -546.142
v -5.07487 -31.7187 -546.172
v -5.16554 -31.5592 -546.03
v -5.41642 -31.9316 -546.074
v -5.61516 -31.9251 -545.948
v -3.61206 -31.1443 -546.533
v -3.9032 -31.4907 -546.592
v -3.53978 -30.9333 -546.433
v -3.41858 -32.3111 -547.191
v -3.30622 -32.6363 -547.397
v -3.13349 -31.737 -546.951
v -2.40145 -31.181 -546.948
v -2.83075 -31.4096 -546.883
v -2.56538 -31.076 -546.808
v -2.10395 -30.8355 -546.845
v -2.17792 -31.0768 -546.969
v -2.47688 -31.4067 -547.069
v -2.6199 -31.2964 -546.918
v -2.70739 -31.5184 -547.028
v -2.96073 -31.8209 -547.111
v -4.23828 -33.9213 -547.217
v -4.13194 -34.1016 -547.246
v -4.36815 -34.139 -547.185
v -4.96589 -34.4441 -547.035
v -5.31109 -34.8622 -546.931
v -3.96618 -33.5398 -547.288
v -4.34258 -33.7238 -547.178
v -3.73338 -33.5329 -547.378
v -3.83312 -33.1187 -547.286
v -4.11367 -33.123 -547.182
v -4.47276 -32.9067 -547.008
v -4.24371 -32.5598 -546.977
v -4.00261 -32.5171 -547.042
v -4.32128 -32.7539 -547.018
v -4.50322 -32.6606 -546.915
v -4.74613 -32.6884 -546.819
v -4.6905 -32.8836 -546.911
v -4.58525 -32.4713 -546.8
v -4.37982 -33.1179 -547.091
v -4.62425 -33.101 -546.997
v -4.04247 -33.315 -547.236
v -4.28749 -33.3153 -547.153
v -4.48227 -33.9408 -547.151
v -4.83962 -34.1995 -547.065
v -3.25061 -35.1371 -545.948
v -4.58254 -33.7328 -547.106
v -4.9398 -33.9746 -547.015
v -5.44814 -34.4021 -546.88
v -5.70739 -34.3786 -546.778
v -6.94219 -33.6919 -541.486
v -4.94358 -35.3074 -546.926
v -4.2032 -34.3038 -547.211
v -4.4645 -34.3637 -547.155
v -4.71769 -34.4032 -547.098
v -4.90795 -34.8622 -547.018
v 1.15129 -30.4073 -546.226
v 1.21186 -30.8581 -546.431
v -1.33153 -24.8249 -537.572
v 0.994209 -30.105 -546.087
v -2.49052 -37.9551 -540.061
v -1.90935 -29.8617 -546.356
v -2.13143 -29.8496 -546.282
v -1.70212 -29.9683 -546.452
v -1.89302 -30.1259 -546.506
v -2.06943 -30.3255 -546.576
v -2.27698 -30.2599 -546.473
v -1.5608 -30.5782 -546.788
v -1.78738 -30.5884 -546.767
v -2.0368 -30.583 -546.726
v -3.79265 -38.1148 -540.042
v -1.62768 -30.3922 -546.681
v -1.86493 -30.374 -546.642
v 0.152994 -30.3128 -546.546
v 0.220496 -30.7219 -546.767
v -0.0332436 -30.4253 -546.671
v -0.355285 -30.6914 -546.88
v -0.578484 -31.048 -547.076
v -0.231715 -30.2956 -546.649
v -0.240542 -30.5142 -546.774
v -6.92609 -34.0979 -541.518
v 0.254696 -29.7832 -546.171
v -1.28619 -25.249 -537.655
v -0.131236 -29.7359 -546.269
v -0.187783 -30.0807 -546.509
v -0.374301 -29.9134 -546.459
v -0.395563 -30.1314 -546.598
v -3.40266 -37.9438 -539.906
v -1.20859 -30.2829 -546.674
v -0.879295 -30.4681 -546.788
v -0.658188 -30.3969 -546.763
v -0.709379 -30.6272 -546.864
v -0.492741 -30.5518 -546.825
v 1.17003 -30.6272 -546.344
v -1.65441 -31.3707 -547.256
v -1.72457 -31.5899 -547.395
v -1.87709 -30.7813 -546.866
v -2.02926 -31.2299 -547.113
v -1.7269 -30.9736 -546.998
v -1.80595 -31.1867 -547.123
v -1.49806 -30.9865 -547.024
v -1.57911 -31.1754 -547.134
v 0.582754 -30.5583 -546.554
v 0.401516 -30.6647 -546.683
v 0.229398 -23.6548 -539.69
v -4.06495 -30.2468 -545.91
v -3.78995 -29.3932 -545.606
v -7.10119 -35.3999 -542.16
v 0.0654546 -24.016 -539.445
v -3.39374 -29.3738 -545.716
v -5.13451 -34.9785 -546.966
v -2.73069 -29.6501 -546.066
v -2.86967 -29.4972 -545.954
v -3.32214 -29.7322 -545.96
v -3.17166 -29.9039 -546.07
v 0.28451 -27.3541 -538.285
v 0.272306 -27.5874 -538.211
v -1.17889 -26.3464 -537.026
v -1.29188 -25.0199 -537.513
v -1.17121 -26.2718 -537.461
v -1.06468 -29.5255 -536.99
v -0.642898 -28.5987 -537.256
v -0.657655 -28.3722 -537.321
v -0.855659 -28.907 -537.056
v -3.38459 -38.2382 -540.188
v -1.0097 -29.0578 -536.936
v -0.706503 -29.0356 -537.248
v -4.83292 -34.6334 -547.059
v -1.54777 -27.5955 -536.679
v -0.0836446 -23.9949 -540.269
v -1.2063 -27.7386 -536.906
v -1.14492 -27.9585 -536.846
v -1.27327 -28.0717 -536.688
v -1.36113 -27.8166 -536.715
v -3.27475 -37.7785 -539.773
v -1.59984 -27.7882 -536.579
v -2.10515 -27.7247 -536.397
v 3.3301 -33.137 -540.15
v -2.51083 -25.4941 -535.881
v -2.48857 -24.9022 -535.799
v -2.45047 -26.028 -536.005
v -2.31991 -25.3403 -535.917
v -2.31617 -25.8493 -536.011
v -2.10961 -25.7006 -536.061
v -1.99154 -26.0721 -536.213
v -2.4247 -27.0315 -536.222
v -2.00632 -26.9588 -536.404
v -3.02983 -25.2031 -535.879
v -3.24078 -25.2271 -535.986
v -3.19147 -25.664 -536.007
v 0.655114 -22.0712 -538.464
v -3.31504 -25.4521 -536.061
v -3.33761 -25.0063 -536.031
v -3.48343 -24.985 -536.161
v -3.59461 -25.329 -536.331
v -3.7229 -25.2062 -536.482
v -4.0274 -24.0905 -536.819
v -4.12631 -24.2745 -536.952
v -3.98618 -24.3027 -536.763
v -3.68925 -24.4292 -536.382
v -2.12048 -22.6589 -535.79
v -2.22425 -22.8907 -535.723
v -1.95253 -22.8217 -535.811
v -1.39766 -22.8248 -536.06
v -1.44647 -23.027 -536.047
v -1.23963 -23.0007 -536.217
v -1.34455 -22.6401 -536.079
v -1.58672 -22.6357 -535.955
v -1.67173 -22.838 -535.92
v -1.87869 -23.2116 -535.847
v -1.6778 -23.5539 -535.997
v -4.71215 -35.0214 -547.004
v -1.90219 -24.9071 -536.134
v -1.84205 -24.5194 -536.101
v -1.54603 -26.3576 -536.527
v -7.08912 -35.0758 -541.99
v -1.80951 -26.1536 -536.325
v -1.74389 -25.9481 -536.305
v -1.90472 -25.5821 -536.149
v -1.50057 -25.693 -536.469
v -1.39063 -25.8686 -536.624
v -1.26656 -26.2817 -536.802
v -1.41724 -26.145 -536.603
v -1.30189 -26.6756 -536.759
v -1.60702 -26.1457 -536.441
v -1.69963 -25.6971 -536.3
v -1.64507 -25.2228 -536.316
v -1.58684 -25.4748 -536.364
v -4.81912 -30.2706 -537.879
v -4.94706 -30.1217 -538.027
v -5.09797 -30.1643 -538.262
v -4.85564 -31.3027 -537.869
v -4.91974 -31.5285 -537.915
v -5.25695 -28.0041 -540.347
v -5.52558 -28.2532 -540.665
v -5.32591 -28.2132 -540.31
v -5.24217 -28.0964 -540.135
v -5.27544 -28.2666 -540.046
v -5.16323 -28.067 -539.901
v 0.608981 -22.4641 -538.38
v -5.44484 -28.3342 -540.424
v -5.4541 -28.6198 -540.035
v -5.11435 -28.3436 -539.581
v -5.01896 -28.3294 -539.372
v -5.23098 -28.4715 -539.734
v -5.19976 -28.7516 -539.397
v -5.12901 -27.7331 -540.037
v -5.08899 -27.8336 -539.801
v -4.90623 -27.4178 -539.442
v -5.00593 -27.599 -539.643
v -4.90336 -27.7947 -539.243
v -5.08901 -28.078 -539.69
v -5.02097 -27.8693 -539.581
v -4.93294 -28.1975 -539.205
v -4.95361 -27.9576 -539.352
v -4.93128 -28.6188 -538.983
v -5.07106 -35.4573 -546.884
v 0.672295 -22.0058 -538.847
v -3.96362 -28.9845 -537.378
v -3.79047 -28.8786 -537.213
v -3.93382 -29.2101 -537.399
v -4.11195 -29.0923 -537.538
v -4.11857 -28.8582 -537.547
v -7.08651 -35.2819 -541.971
v 0.620145 -22.4801 -538.811
v -3.91958 -28.5221 -537.387
v -3.83158 -28.3039 -537.338
v -5.61747 -34.5828 -546.826
v -3.81491 -28.677 -537.248
v -3.97316 -28.7528 -537.394
v -3.44092 -24.7554 -542.186
v -4.55441 -26.106 -538.24
v -4.51521 -26.3567 -538.192
v -4.45285 -26.2246 -538.015
v -4.52874 -25.8489 -538.182
v -4.35867 -26.1486 -537.806
v -4.61195 -25.9167 -538.375
v 1.19837 -33.8938 -547.802
v -4.42877 -26.6131 -538.09
v -4.50412 -26.528 -538.334
v -4.28053 -26.7861 -537.737
v -4.32737 -26.8511 -537.957
v 1.00894 -20.8458 -538.148
v -4.84948 -26.4796 -540.161
v -4.85147 -26.7265 -540.084
v -4.70548 -26.6421 -539.675
v -4.75194 -26.5849 -539.926
v -4.79997 -26.8109 -539.829
v -4.69767 -26.421 -539.519
v -4.61495 -26.6231 -539.188
v -4.76903 -26.1985 -539.379
v -4.68961 -26.4087 -539.281
v -4.74734 -26.1731 -539.134
v -4.65523 -26.4004 -539.048
v -4.61433 -26.4215 -538.816
v -4.5316 -26.6517 -538.721
v -4.71454 -33.9611 -547.086
v -4.64954 -26.2352 -538.668
v -3.01476 -29.4882 -536.757
v -3.20323 -29.4244 -536.897
v -2.2178 -29.2642 -536.439
v 2.802 -32.8955 -539.463
v -1.85472 -28.5977 -536.359
v -2.3425 -28.5789 -536.35
v -1.97984 -28.7937 -536.373
v -1.70036 -29.0698 -536.45
v -1.74786 -29.2978 -536.512
v -1.52684 -29.2037 -536.574
v -1.58006 -29.4364 -536.654
v -1.19133 -29.3864 -536.858
v -1.78336 -29.5007 -536.589
v -1.46578 -29.6192 -536.789
v -1.32759 -29.8338 -536.894
v -0.90551 -30.2938 -537.199
v -0.95044 -30.0959 -537.152
v -0.267899 -30.392 -537.452
v -0.499096 -30.296 -537.439
v -0.726468 -30.1494 -537.323
v -4.43977 -33.5182 -547.128
v -1.16102 -30.0099 -536.993
v -0.984794 -29.8974 -537.099
v -1.73826 -29.8883 -536.721
v -1.36859 -30.0915 -536.899
v -2.07271 -30.0559 -536.62
v -2.17154 -30.4553 -536.673
v -2.23846 -30.2142 -536.602
v -2.23391 -30.6912 -536.679
v -1.90615 -30.487 -536.76
v -1.63858 -30.5186 -536.826
v -1.76345 -30.9313 -536.807
v -1.06082 -28.4667 -536.791
v -0.911742 -28.3545 -536.948
v 1.34706 -22.6019 -536.865
v 3.04765 -33.1699 -539.81
v 0.707959 -25.4036 -537.76
v 0.673326 -25.9557 -537.753
v 1.18002 -22.5914 -537.021
v -7.06007 -34.4046 -542.453
v 0.957393 -23.5345 -537.347
v 1.07945 -23.6921 -537.232
v -5.06667 -34.2123 -546.996
v 1.11271 -23.2105 -537.137
v 1.13493 -23.2348 -541.466
v 1.44869 -23.4674 -541.619
v -7.07797 -34.6914 -542.198
v 2.61968 -22.9611 -540.663
v 2.47912 -23.1153 -540.867
v 2.49573 -22.5367 -540.529
v 2.09966 -22.5489 -540.752
v 2.53388 -22.1531 -540.268
v 2.38978 -32.9869 -539.013
v 0.776927 -21.5434 -538.375
v 1.08811 -22.4682 -540.718
v 1.18433 -22.7114 -540.978
v 1.58573 -22.8028 -541.07
v 1.45312 -22.6435 -540.94
v -0.156186 -24.2541 -539.658
v -0.0199585 -24.0123 -539.727
v 0.892141 -21.3312 -538.773
v 2.97425 -21.3813 -539.175
v -4.60494 -34.1721 -547.128
v 2.98828 -21.7447 -539.509
v 3.15351 -21.4684 -539.016
v -0.263894 -24.3033 -540.863
v -0.0962339 -23.9807 -540.522
v -0.330596 -24.4562 -541.045
v -0.328959 -24.5689 -539.98
v -0.408045 -24.7666 -540.123
v -0.437083 -24.9882 -539.999
v 2.53799 -33.017 -539.182
v -0.376359 -25.4746 -539.753
v -0.471922 -25.642 -539.857
v -1.27168 -25.1942 -536.865
v -0.404899 -25.218 -539.852
v -0.241358 -25.1676 -539.436
v -0.322088 -25.1356 -539.652
v 1.1267 -36.6959 -539.796
v 3.59305 -34.9814 -541.335
v -0.614171 -25.1337 -540.317
v -0.698499 -25.1486 -540.51
v 0.450274 -23.2908 -539.531
v 0.355272 -23.4264 -539.736
v 0.249485 -23.5609 -539.904
v 0.123575 -23.8486 -539.602
v -0.0179845 -23.8926 -541.01
v 0.0237812 -23.7866 -540.586
v 0.283576 -23.3975 -540.402
v 0.154073 -23.5937 -540.499
v -4.19949 -33.5221 -547.206
v 0.0224754 -23.7997 -540.371
v 0.611969 -22.3276 -538.572
v 0.630155 -22.2524 -538.823
v 0.607121 -22.8443 -538.67
v 0.599808 -22.945 -538.497
v 0.59944 -22.5785 -538.623
v 0.596992 -22.7063 -538.45
v 0.937143 -20.8129 -537.944
v 0.896853 -21.0371 -538.041
v 0.934792 -21.0481 -538.266
v 0.844209 -21.2574 -538.121
v 0.827611 -21.4126 -538.56
v 1.4253 -20.5763 -538.559
v 1.21414 -20.7691 -538.585
v 1.27298 -20.6274 -538.368
v 1.10343 -20.8284 -538.364
v 3.47447 -35.0708 -541.211
v 1.01131 -20.9999 -538.477
v 0.865225 -21.2753 -538.36
v 0.923343 -21.1813 -538.587
v 0.73189 -21.774 -538.814
v 0.747042 -21.6531 -538.588
v 0.809234 -21.5481 -538.781
v 0.81076 -21.6764 -539
v -3.98926 -26.6134 -537.044
v 1.49084 -20.9523 -535.883
v 1.50131 -20.5181 -535.94
v 1.66135 -20.3521 -536.033
v 1.64808 -20.2188 -536.255
v 1.67545 -20.1057 -536.482
v 1.55534 -20.1296 -536.705
v 1.47344 -20.2376 -536.449
v 1.76324 -19.9987 -536.868
v 1.58 -20.1064 -536.978
v 1.02311 -20.5802 -537.314
v 1.16837 -20.4197 -537.354
v 1.28954 -20.3326 -537.124
v 1.04845 -20.5252 -537.572
v 0.933115 -20.7109 -537.49
v 1.33971 -20.2876 -537.387
v 1.21724 -20.3759 -537.617
v 1.40788 -20.2352 -536.901
v 1.45944 -20.1967 -537.175
v 1.41859 -21.563 -536.279
v 1.6433 -21.5637 -536.143
v -4.77231 -33.3051 -546.978
v 1.32087 -20.9447 -536.042
v 1.28965 -21.35 -536.254
v 1.21916 -21.7754 -536.576
v 2.54402 -20.0441 -537.357
v 2.70374 -20.1619 -537.543
v -7.2561 -34.8949 -544.841
v 2.35365 -20.1751 -537.748
v 2.95059 -20.2214 -537.533
v -4.10004 -32.7388 -547.089
v -3.84309 -33.3418 -547.318
v 2.41479 -20.2654 -537.926
v 2.16624 -20.5099 -538.721
v 2.4574 -20.589 -538.693
v 2.35322 -20.4769 -538.528
v 2.10618 -20.4019 -538.512
v 1.12527 -21.653 -539.758
v 1.27999 -21.3247 -539.527
v 1.47823 -21.2454 -539.541
v 1.24996 -21.4916 -539.683
v 0.923106 -20.8076 -537.223
v 1.56725 -21.0861 -539.403
v 1.5848 -20.846 -539.118
v 0.405486 -23.5291 -541.524
v -5.19495 -34.4408 -546.965
v 2.52244 -34.245 -539.473
v 0.620397 -24.5432 -542.536
v 0.615075 -23.7013 -541.995
v 0.841049 -23.8368 -542.098
v 0.562096 -23.845 -542.163
v 0.581112 -23.4669 -541.628
v 3.71847 -34.8068 -541.389
v 1.89345 -21.2765 -539.655
v 1.6635 -21.3627 -539.717
v 2.31981 -29.0668 -538.072
v 2.44772 -29.0718 -538.259
v 2.48437 -28.9156 -538.444
v 2.16504 -28.6609 -538.236
v 2.14335 -28.2781 -538.407
v 2.17006 -28.8615 -538.091
v 2.2403 -28.5051 -538.41
v 2.59624 -28.0434 -539.58
v 2.63997 -27.8432 -539.965
v 2.69452 -28.0276 -539.815
v 2.73276 -28.2179 -539.66
v 1.8402 -28.7726 -537.869
v 1.99082 -28.7165 -538.043
v 1.20539 -29.3104 -537.237
v 1.28764 -29.5416 -537.137
v 1.54854 -29.1823 -537.427
v 1.56537 -28.7995 -537.619
v 2.80056 -36.054 -540.864
v 1.71754 -28.8652 -537.723
v 0.436021 -27.405 -538.144
v -5.09465 -34.6928 -546.993
v 0.919397 -27.8066 -537.747
v 1.04207 -27.6563 -537.669
v 1.13472 -27.4685 -537.577
v 1.26922 -27.7114 -537.579
v 1.29802 -28.5089 -537.542
v 1.50825 -28.1192 -537.719
v 1.35903 -27.5169 -537.537
v 1.02545 -27.2249 -537.56
v 2.73298 -35.7038 -540.559
v 2.85363 -35.4913 -540.572
v 1.01113 -28.1451 -537.643
v 1.11993 -27.9147 -537.652
v -0.903718 -27.3079 -538.385
v -0.697325 -27.4107 -538.448
v -0.474446 -27.4788 -538.445
v -0.479475 -27.8778 -538.349
v -0.612897 -27.6648 -538.452
v 3.00359 -35.4308 -540.731
v -0.347495 -27.6978 -538.412
v -0.361672 -28.0233 -538.208
v -0.176111 -27.8746 -538.31
v -0.103057 -28.0773 -538.184
v 0.155618 -28.1434 -538.086
v 2.86953 -35.8157 -540.803
v -0.855939 -27.9507 -537.838
v -7.20271 -34.7965 -545.062
v 1.65814 -20.0765 -537.262
v -0.729352 -28.0932 -537.941
v 1.2774 -36.56 -539.817
v -0.873619 -27.9191 -538.101
v -0.51497 -28.1378 -538.036
v -0.632375 -27.9966 -538.186
v -0.272743 -28.2023 -538.062
v -4.09561 -33.7298 -547.255
v 0.178686 -28.3399 -537.969
v -0.0544766 -28.2784 -538.051
v 1.09402 -25.9372 -543.19
v -3.98321 -33.9411 -547.293
v 0.958449 -26.3244 -543.615
v 0.648111 -26.4824 -543.966
v 3.34557 -24.7202 -538.698
v 3.31257 -24.9022 -538.835
v 3.38309 -24.4833 -538.754
v 3.43529 -23.5529 -538.121
v 3.37976 -24.2227 -538.295
v 3.40277 -23.9658 -538.311
v 3.43082 -23.7287 -538.318
v 3.42172 -23.8611 -538.526
v 3.39339 -24.3285 -538.526
v 3.39771 -24.2438 -538.744
v 3.40849 -21.54 -537.775
v 3.45126 -21.7463 -537.901
v 3.41146 -22.3483 -539.09
v 3.3362 -22.3656 -539.344
v 1.39886 -21.7404 -536.412
v -2.37189 -23.4211 -535.689
v 3.38081 -23.7031 -539.425
v 3.38917 -23.9004 -539.297
v 1.63348 -36.7421 -540.125
v 3.49412 -22.6526 -537.974
v 3.50197 -22.8708 -538.14
v 3.50285 -22.3773 -537.967
v 3.47568 -23.0993 -538.05
v 3.48293 -23.343 -538.462
v 1.81832 -36.5721 -540.156
v 3.45766 -23.5029 -538.328
v -7.30607 -34.8089 -544.626
v 3.47942 -23.2425 -538.68
v 3.43176 -23.7378 -538.732
v 3.41068 -23.8896 -538.921
v 3.43345 -23.6117 -538.941
v 3.40867 -23.8087 -539.091
v 3.3389 -24.2978 -539.586
v 3.35791 -24.4167 -539.346
v 3.15497 -25.4714 -539.977
v 3.07167 -25.8615 -540.178
v 3.07559 -25.6953 -540.394
v 3.12531 -25.6758 -539.84
v 3.08644 -25.8319 -539.95
v 3.00332 -25.2037 -540.807
v 2.90812 -25.6247 -540.956
v 2.81867 -25.2315 -541.184
v 3.09493 -24.5839 -540.565
v 3.0132 -24.5787 -540.751
v -0.761874 -28.7472 -545.773
v 1.63076 -21.7343 -536.273
v 3.17072 -24.6198 -540.352
v 3.12646 -24.8275 -540.491
v 3.07091 -25.0244 -540.646
v 2.98014 -24.9613 -540.865
v 3.08304 -25.2567 -540.583
v 3.00853 -25.443 -540.76
v 3.12702 -25.4832 -540.25
v 3.13427 -25.2762 -540.342
v 3.17401 -25.0695 -540.181
v 3.246 -24.8738 -539.793
v 3.16663 -25.2781 -540.087
v 3.23303 -25.0771 -539.682
v 1.97566 -36.6983 -540.323
v 3.35109 -24.5975 -539.163
v 3.27575 -24.8734 -539.54
v 3.32637 -24.5015 -539.552
v 3.2879 -24.6782 -539.665
v 3.0769 -25.864 -538.788
v 3.20499 -25.336 -538.622
v 3.21394 -25.333 -538.855
v 3.15234 -25.5742 -538.753
v 3.11451 -25.7304 -538.937
v 1.88716 -23.5328 -536.802
v 2.07122 -23.3798 -536.781
v 2.28433 -23.4842 -536.835
v 2.10139 -23.6229 -536.826
v 3.03106 -26.0378 -539.948
v 2.88073 -26.436 -540.212
v 3.06253 -25.8931 -539.492
v 2.98223 -26.1601 -539.763
v 2.94262 -26.2432 -539.337
v 3.03533 -25.9919 -539.275
v 3.10364 -25.7522 -539.15
v 2.9971 -26.1098 -538.85
v -2.9586 -31.5942 -546.942
v 3.11683 -25.6957 -539.604
v 3.16441 -25.5249 -538.998
v 3.21571 -25.3037 -539.095
v 2.77085 -26.6043 -538.784
v 2.79767 -26.5516 -539.015
v 3.02203 -26.0202 -538.607
v 2.94045 -26.2396 -538.642
v 2.90842 -26.3226 -538.922
v 2.86572 -26.4077 -539.177
v 2.02265 -31.7269 -538.314
v 1.99393 -31.3699 -538.152
v 1.9452 -31.9333 -538.303
v 2.29207 -31.9022 -538.608
v 2.2054 -31.3201 -538.323
v 2.21659 -31.6973 -538.475
v 2.49548 -31.4193 -538.674
v 2.31453 -31.4748 -538.495
v 2.54358 -31.6549 -538.82
v 2.83897 -31.7924 -539.261
v 3.0283 -31.4222 -539.449
v 2.99851 -31.8038 -539.49
v 3.27915 -31.7701 -539.951
v 3.32423 -32.169 -540.083
v 3.47369 -31.9039 -540.38
v 3.57574 -32.0857 -540.559
v 3.27239 -31.3253 -539.85
v 3.37327 -31.2536 -540.072
v 3.45498 -31.079 -540.283
v 1.0932 -31.168 -537.429
v 0.849668 -31.1434 -537.347
v 0.964736 -30.7135 -537.342
v 1.09562 -30.5363 -537.294
v 1.01957 -30.3484 -537.161
v 0.961255 -30.9415 -537.388
v 1.14865 -30.7628 -537.424
v 1.21984 -30.9711 -537.484
v 1.18044 -30.1495 -537.118
v 0.928649 -30.1601 -537.07
v 1.2493 -30.3505 -537.237
v 1.69814 -36.3752 -539.982
v 1.51195 -30.5754 -537.511
v 1.2968 -30.5669 -537.401
v 2.55728 -30.9018 -538.568
v 2.76575 -31.1351 -538.954
v -7.09055 -34.972 -545.432
v 1.97355 -27.8959 -543.652
v 2.6388 -27.1354 -541.594
v -2.25312 -31.3043 -547.096
v 2.61353 -26.9906 -541.382
v 2.73994 -27.3111 -541.54
v 2.84972 -27.6509 -541.717
v 2.84116 -27.7549 -541.935
v 2.6635 -27.0249 -541.097
v 2.70563 -27.1787 -541.318
v 2.77545 -27.401 -541.29
v 2.86997 -27.629 -541.28
v 2.91253 -27.7506 -541.503
v 2.97022 -27.8447 -541.289
v 1.80102 -36.1785 -539.954
v 2.28396 -27.7347 -542.801
v 1.97359 -27.5507 -543.037
v 2.14689 -27.7435 -543.001
v 2.63262 -31.1059 -545.117
v 2.49296 -31.2029 -545.364
v 2.71025 -30.0742 -544.159
v 2.56234 -30.0017 -544.368
v 2.04524 -30.4761 -545.52
v 1.86214 -30.4371 -545.673
v 2.27091 -30.3455 -545.152
v 2.20105 -30.5147 -545.355
v -1.65411 -28.9947 -545.832
v 2.12473 -30.6988 -545.545
v 2.4015 -30.7942 -545.247
v 2.43448 -30.2314 -544.786
v 1.47539 -21.3717 -536.119
v 2.34806 -30.5654 -545.186
v 2.99122 -29.7551 -543.402
v 2.86212 -29.6439 -543.59
v 3.03656 -29.4335 -543.159
v 2.95509 -29.5224 -543.368
v 2.0206 -36.4683 -540.255
v 2.74979 -29.4603 -543.694
v 2.38586 -29.6594 -544.421
v -2.33237 -30.952 -546.832
v 1.65788 -21.386 -536.002
v 3.61254 -30.148 -541.187
v -3.2948 -31.9089 -546.993
v 3.62049 -30.2951 -541.039
v 3.40723 -29.6168 -542.092
v 3.33747 -29.5632 -542.34
v -0.152672 -33.8987 -548.463
v 3.44564 -29.6751 -541.84
v 3.50553 -29.8203 -542.032
v 3.56553 -30.0402 -541.974
v 3.43305 -29.7594 -542.305
v 3.33649 -29.7066 -542.575
v 3.5062 -30.1442 -542.399
v 3.51779 -29.9716 -542.227
v 3.40279 -30.9785 -543.405
v 3.47776 -31.1564 -543.376
v 3.11718 -30.7052 -543.85
v 3.31584 -30.9541 -543.654
v 2.95634 -31.9444 -545.275
v 3.05708 -32.1577 -545.284
v 2.92737 -32.0692 -545.483
v 3.12357 -31.9188 -544.882
v 3.08675 -32.0506 -545.074
v -7.20848 -35.0488 -545.033
v 3.40319 -31.917 -544.306
v 2.9118 -31.5988 -545.061
v 2.82 -31.4165 -545.069
v 2.53804 -23.381 -540.96
v 1.19552 -21.079 -536.225
v 2.32785 -23.7042 -541.315
v -3.44883 -24.3919 -541.944
v -1.24302 -28.7915 -545.778
v 2.8207 -21.9677 -539.897
v 2.48926 -21.9424 -540.135
v 2.70333 -22.5425 -540.363
v 3.00513 -23.6658 -540.56
v 2.86571 -24.0357 -540.873
v 2.84696 -23.6412 -540.761
v 2.95094 -23.1995 -540.435
v -3.25196 -32.4094 -547.328
v 3.29698 -21.5879 -538.861
v 3.16936 -21.7999 -539.307
v 2.97608 -21.9403 -539.697
v -3.08205 -32.505 -547.462
v 2.9835 -22.1531 -539.851
v 3.10905 -22.3605 -539.792
v 3.08897 -22.583 -539.935
v 2.96298 -22.6004 -540.121
v 2.98031 -22.3773 -539.986
v 2.84196 -22.202 -540.037
v -3.8522 -31.2626 -546.529
v 2.9216 -24.2663 -540.86
v 0.203199 -33.9983 -548.381
v 3.04831 -23.4452 -540.403
v 3.0688 -23.9028 -540.511
v 0.429531 -33.8527 -548.292
v 3.12044 -22.9978 -540.07
v 2.84498 -22.4632 -540.186
v 2.86614 -22.7389 -540.306
v 2.82607 -22.9466 -540.456
v 2.81871 -23.2822 -540.637
v 2.92419 -24.4926 -540.903
v 2.79094 -24.2088 -541.023
v 2.81133 -24.6474 -541.122
v 2.6692 -23.6118 -540.943
v 2.70019 -24.0435 -541.075
v 2.65883 -24.2841 -541.204
v 0.120957 -34.6342 -548.365
v 1.8252 -24.7817 -542.211
v 1.63504 -24.7211 -542.283
v 1.76512 -24.1328 -541.967
v 1.5362 -24.1045 -542.047
v 1.91031 -24.3853 -542.018
v 1.77493 -24.5347 -542.159
v 2.0944 -24.5881 -541.943
v 2.245 -24.741 -541.821
v 2.56356 -24.9273 -541.511
v 2.41831 -24.8426 -541.661
v 2.38946 -24.4331 -541.558
v 2.66622 -26.3119 -541.123
v 2.70784 -26.4587 -540.925
v 3.34507 -33.3319 -546.199
v 3.16091 -33.3765 -546.368
v 3.37072 -33.1424 -546.054
v 3.51885 -33.3351 -545.995
v 3.52376 -33.7299 -546.209
v 3.53198 -33.1643 -545.821
v 3.8087 -33.6602 -545.843
v 3.17715 -32.7402 -545.999
v -5.37711 -31.6024 -545.917
v 3.04799 -32.5054 -545.942
v -0.971438 -34.1931 -548.522
v 1.40295 -33.2576 -547.71
v 1.55795 -32.8682 -547.542
v 1.19548 -33.2445 -547.845
v 2.27992 -33.5133 -547.09
v 2.40263 -33.6229 -546.92
v 2.30475 -33.1094 -547.095
v 2.67003 -33.0305 -546.78
v 2.34746 -33.3064 -547.072
v 2.55307 -32.7823 -546.83
v 2.14909 -32.6427 -547.101
v 2.45148 -32.9341 -546.954
v 2.34718 -32.6827 -546.966
v -5.5555 -31.7315 -545.878
v 1.92268 -32.6612 -547.251
v 1.715 -32.6706 -547.379
v 1.37378 -32.5167 -547.508
v 1.57926 -32.4583 -547.359
v 1.46967 -32.1124 -547.176
v 1.18828 -32.6134 -547.672
v 2.4448 -32.5244 -546.809
v 2.24522 -32.4321 -546.924
v 2.05904 -32.2589 -546.94
v 1.87961 -32.0504 -546.894
v 1.92898 -31.8528 -546.673
v 1.68823 -32.078 -547.035
v 1.4654 -31.229 -546.421
v -6.94706 -34.8469 -545.76
v 1.30415 -31.9499 -547.123
v 1.22918 -32.1034 -547.284
v 1.063 -31.9373 -547.218
v 1.53904 -31.7292 -546.813
v 1.04526 -31.6031 -546.946
v 0.836335 -31.9156 -547.29
v 0.632765 -31.4383 -547.004
v 0.515124 -31.5925 -547.15
v 0.679292 -31.7425 -547.206
v 0.682468 -32.0397 -547.447
v 0.409027 -31.7656 -547.315
v -1.13 -27.0436 -544.406
v -0.968451 -26.8435 -544.45
v 0.60498 -29.9946 -546.182
v 1.37086 -21.1557 -536.07
v 0.995869 -30.7441 -546.507
v 0.785478 -30.6578 -546.547
v 0.936483 -30.2951 -546.252
v 0.788638 -33.8973 -548.077
v 0.970464 -30.517 -546.391
v 0.700919 -30.2263 -546.293
v 0.304862 -30.2174 -546.434
v 0.53941 -30.3396 -546.429
v -0.577542 -27.408 -544.894
v -0.677966 -27.6533 -545.058
v -0.306281 -28.0671 -545.289
v 4.25317 -33.6971 -544.574
v -0.146159 -27.9881 -545.139
v -0.385667 -27.8872 -545.19
v -0.543628 -28.0224 -545.354
v 4.24819 -33.5964 -544.357
v -0.646914 -27.844 -545.229
v 4.22839 -33.4691 -544.131
v -0.928936 -28.1668 -545.468
v -0.815949 -27.9943 -545.356
v -1.39819 -28.3268 -545.415
v 4.12186 -33.2577 -544.089
v -1.80972 -28.4241 -545.371
v 4.04596 -33.3001 -544.554
v 4.0995 -33.1304 -543.861
v -1.5174 -28.5311 -545.576
v -1.26149 -28.4299 -545.573
v -1.37147 -28.6551 -545.687
v -5.29395 -31.764 -546.057
v -0.524818 -28.7724 -545.749
v -0.859386 -29.5456 -546.245
v -0.833636 -29.3441 -546.087
v -0.65903 -28.9638 -545.867
v -0.841535 -29.1311 -545.961
v -1.60966 -28.7451 -545.696
v -1.78774 -28.6003 -545.568
v -1.86837 -29.0696 -545.851
v -1.45195 -28.9026 -545.809
v -0.876857 -28.9321 -545.864
v -1.12422 -28.5886 -545.688
v 2.07192 -27.8903 -543.424
v 1.90769 -27.7312 -543.44
v 1.77196 -37.9044 -540.911
v 0.3345 -32.9045 -537.599
v 1.76708 -37.7223 -540.734
v 1.32524 -33.7017 -547.753
v -7.00873 -35.016 -545.635
v 1.5256 -37.6243 -540.607
v 3.77229 -32.6346 -544.09
v 1.3004 -37.5762 -540.523
v 1.02043 -37.2089 -540.086
v 1.26057 -37.4054 -540.355
v 1.42016 -37.22 -540.276
v 1.49987 -37.4191 -540.449
v 1.60235 -37.2031 -540.347
v 1.3505 -37.0262 -540.114
v 2.15925 -36.5861 -540.418
v 2.21759 -36.3647 -540.373
v 1.52538 -35.0369 -538.786
v 1.41336 -35.2362 -538.866
v 3.86988 -32.5615 -543.689
v 0.938165 -36.1286 -539.389
v 0.769193 -35.8314 -539.078
v 1.52534 -36.0134 -539.663
v 1.58692 -36.2056 -539.82
v 1.91477 -35.9811 -539.929
v 1.32888 -35.9975 -539.528
v 1.49439 -35.8231 -539.499
v 1.12553 -35.9799 -539.39
v 0.99075 -36.3157 -539.52
v 1.22972 -35.6358 -539.138
v 1.29443 -35.81 -539.354
v 2.91284 -34.8424 -540.146
v 2.72575 -34.691 -539.807
v -5.59865 -30.88 -545.451
v 3.58378 -34.3108 -540.736
v 3.43491 -34.4753 -540.623
v 2.79652 -24.4211 -541.081
v 2.53195 -24.3772 -541.378
v 3.21369 -34.8329 -540.575
v 2.68996 -36.7739 -541.285
v 2.62185 -36.9012 -541.475
v 2.75633 -36.6639 -541.511
v 2.88706 -36.441 -541.627
v 2.8766 -36.4668 -541.425
v 2.53602 -24.6563 -541.467
v 2.74274 -36.5848 -541.753
v 2.45285 -20.1136 -537.557
v 2.94085 -35.9507 -540.986
v 3.04979 -36.1228 -541.301
v 3.19926 -35.7484 -541.226
v 3.09358 -35.504 -540.913
v 3.24794 -35.3567 -541.044
v -1.51324 -34.8929 -547.799
v 3.01886 -36.1475 -541.928
v 2.31126 -25.6003 -541.822
v 2.81887 -36.1914 -542.28
v 2.71446 -25.5229 -541.345
v 3.01117 -36.1018 -542.162
v 3.18611 -35.9846 -542.036
v 3.29672 -35.883 -541.628
v 2.52453 -25.8589 -541.542
v 2.93972 -24.7297 -540.919
v 3.42041 -35.6805 -541.671
v 3.33891 -35.8393 -541.896
v 3.49628 -35.6502 -541.888
v 3.44917 -35.4694 -541.489
v 3.5442 -35.47 -541.724
v 3.01011 -36.2722 -541.474
v 3.03127 -36.2178 -541.705
v 3.15317 -36.0801 -541.546
v 3.20224 -35.9215 -541.383
v 3.33474 -35.7068 -541.446
v 3.31544 -35.5292 -541.274
v 3.51727 -35.2203 -541.419
v 3.66487 -35.0369 -541.522
v 3.70209 -35.2733 -541.833
v 3.13212 -35.2676 -540.804
v 3.34916 -35.1738 -541.079
v -6.95455 -35.2473 -545.711
v 3.13714 -35.0485 -540.637
v 3.25406 -35.1184 -540.878
v 2.15689 -34.7165 -539.146
v 2.03599 -34.5995 -538.951
v 2.09728 -34.3767 -538.938
v 2.08194 -34.9289 -539.203
v 2.27783 -34.8111 -539.342
v 2.6052 -35.0289 -539.885
v 2.392 -34.9068 -539.541
v 1.8277 -35.2308 -539.218
v 1.65883 -35.1482 -538.993
v 2.09396 -35.8341 -539.984
v -0.496069 -30.9381 -537.169
v -0.255895 -31.0211 -537.228
v 0.248206 -30.2765 -537.398
v 0.403239 -30.4808 -537.389
v 0.273626 -31.0973 -537.27
v 0.415482 -30.9099 -537.319
v 0.0362375 -30.6975 -537.383
v 2.79425 -25.0022 -541.208
v -0.110508 -37.3369 -541.001
v 0.0107422 -37.279 -541.378
v -0.160782 -36.0717 -539.014
v -0.254926 -35.9137 -538.855
v -0.417101 -36.0679 -538.956
v 0.110204 -36.1208 -539.107
v -0.015704 -35.9336 -538.933
v -0.523593 -36.2401 -539.067
v -0.295761 -36.237 -539.099
v -0.747339 -36.2822 -539.069
v -0.0708001 -36.2325 -539.136
v 0.315454 -36.2564 -539.237
v -0.138127 -36.4113 -539.229
v 0.25741 -36.4787 -539.342
v 0.701724 -37.0311 -539.805
v 0.354115 -36.8792 -539.582
v 0.591519 -36.8832 -539.661
v 0.741896 -36.6918 -539.596
v 3.25754 -36.3877 -544.376
v 3.51472 -36.4118 -544.417
v 3.97509 -36.4612 -544.249
v 2.78999 -20.0884 -537.341
v 3.85754 -36.3114 -544.593
v 3.18965 -32.5962 -545.754
v 2.87106 -28.3644 -539.751
v 3.39125 -36.3301 -544.614
v 3.63268 -36.3292 -544.63
v 3.13728 -36.3172 -544.581
v 3.28302 -36.2096 -544.786
v 3.39851 -36.0771 -544.93
v 3.56461 -36.1881 -544.828
v 3.61616 -35.9907 -545.022
v 3.6343 -35.8013 -545.204
v 3.82872 -34.9938 -545.859
v 4.10827 -34.7436 -545.609
v 3.9704 -35.1226 -545.63
v 3.62097 -34.3701 -546.214
v 3.79336 -34.5339 -546.079
v 3.5853 -34.9399 -545.936
v -5.2864 -30.691 -545.515
v 3.61725 -35.135 -545.798
v 3.91673 -35.3621 -545.495
v 3.78627 -35.2421 -545.689
v 3.70825 -35.4634 -545.519
v 3.83117 -35.8396 -545.14
v 3.82638 -35.619 -545.332
v 3.47605 -35.4908 -545.493
v 3.59319 -35.6361 -545.365
v 3.41185 -35.7714 -545.216
v 3.16497 -35.8213 -545.143
v 3.09373 -35.6233 -545.308
v 2.95272 -35.9135 -545.055
v 2.9337 -35.7236 -545.2
v 3.19662 -29.0894 -540.939
v 1.94298 -35.8641 -544.995
v 1.80324 -35.9822 -544.827
v 3.20962 -28.8983 -541.069
v 2.21871 -36.1397 -544.845
v 2.0248 -36.0333 -544.909
v 2.43838 -36.0886 -544.932
v 2.98472 -28.8805 -539.532
v 2.63726 -36.1609 -544.852
v 3.10307 -28.7723 -539.903
v 2.69602 -35.9963 -544.997
v 2.91037 -36.0802 -544.912
v 2.97052 -36.3364 -544.377
v 2.6888 -36.2757 -544.315
v 2.40073 -36.2075 -544.259
v 2.53531 -36.2538 -544.474
v 2.8458 -36.2888 -544.547
v 2.63857 -36.2445 -544.655
v 3.04604 -36.2097 -544.768
v 2.83099 -36.216 -544.752
v -5.21684 -30.5169 -545.437
v 3.15772 -36.0327 -544.96
v 3.05025 -34.8729 -545.891
v 0.929022 -31.7604 -547.126
v 1.66158 -35.1303 -545.162
v 1.57132 -34.9108 -545.208
v 1.47147 -35.1226 -545.1
v 1.3341 -34.9988 -545.1
v 1.75002 -34.783 -545.35
v 1.53662 -34.6813 -545.298
v 2.0415 -35.0592 -545.33
v 1.81385 -34.9771 -545.275
v 2.47936 -34.9676 -545.598
v 1.9883 -34.8599 -545.417
v 2.8144 -34.8305 -545.832
v 2.32975 -20.6356 -538.858
v 2.84525 -35.1538 -545.621
v 2.86207 -35.3168 -545.506
v 2.86947 -33.0084 -546.577
v 2.74975 -32.8241 -546.662
v 1.45413 -34.3254 -547.365
v 1.33308 -34.4723 -547.258
v 1.45143 -34.1429 -547.533
v 1.24841 -34.122 -547.691
v 1.00546 -21.8529 -539.837
v 1.75728 -33.7073 -547.456
v 2.378 -33.8806 -539.24
v 2.50543 -33.9821 -539.408
v 2.63281 -33.8314 -539.501
v 2.04807 -33.9412 -538.854
v 2.22379 -33.8886 -539.06
v 1.91784 -33.7778 -538.698
v 1.88982 -34.0086 -538.681
v 2.35108 -33.6414 -539.142
v 2.6507 -33.5901 -539.463
v 2.59854 -33.2421 -539.306
v 3.28735 -34.4526 -540.404
v 3.41443 -34.285 -540.492
v 3.52347 -34.1275 -540.578
v -2.56595 -32.6153 -536.824
v -2.25784 -32.5949 -536.852
v -1.91858 -32.7984 -536.95
v -2.39658 -32.244 -536.778
v -2.40796 -32.4492 -536.804
v -2.80617 -30.5231 -536.505
v -2.99771 -30.5841 -536.537
v -2.85003 -30.7997 -536.566
v -3.11894 -30.7621 -536.603
v -2.61672 -30.7093 -536.558
v 1.89077 -19.9934 -537.292
v -0.781953 -31.275 -536.955
v -0.923518 -31.4595 -536.857
v -1.08073 -31.6494 -536.82
v 1.88018 -20.1058 -536.309
v -0.82754 -31.6805 -536.86
v -0.974236 -31.8655 -536.842
v -0.199077 -32.3748 -537.155
v -6.1669 -34.4001 -546.526
v -0.699847 -31.4989 -536.939
v -0.860258 -32.0459 -536.887
v -0.616006 -32.1223 -536.962
v -0.705791 -31.8999 -536.894
v -6.45522 -34.8019 -546.373
v 2.9109 -21.1872 -539.049
v 1.55263 -33.944 -538.401
v -1.22056 -31.8366 -536.816
v 1.08645 -21.508 -539.541
v -1.10769 -32.3249 -536.899
v -1.03098 -28.8014 -545.8
v 1.44742 -21.4197 -539.719
v -1.33293 -32.0043 -536.814
v -1.54928 -32.0609 -536.818
v 2.79961 -21.5908 -539.577
v -1.90448 -33.2241 -537.058
v -1.55803 -32.8245 -536.977
v -1.34739 -32.6812 -536.944
v -1.75871 -32.6926 -536.921
v -1.75686 -32.9889 -537.034
v 0.196607 -33.9541 -537.876
v 0.193733 -33.5647 -537.781
v 0.323624 -33.7573 -537.854
v 0.422186 -33.5506 -537.85
v 3.09041 -21.0906 -538.679
v -0.871055 -32.229 -536.937
v 0.511162 -32.7257 -537.608
v 0.529131 -32.9454 -537.7
v 0.365123 -33.1285 -537.718
v 0.452285 -32.5071 -537.498
v 0.229901 -32.4822 -537.366
v -0.0913352 -32.7291 -537.375
v 0.309509 -32.6847 -537.497
v 0.126681 -33.0367 -537.593
v 0.142135 -33.2069 -537.674
v 0.286195 -33.355 -537.771
v 0.503358 -33.3367 -537.842
v 0.0398134 -33.3764 -537.696
v -0.182612 -33.4115 -537.63
v -0.0980896 -33.178 -537.586
v -0.329631 -33.2749 -537.537
v 0.11726 -32.84 -537.492
v -0.092798 -32.9515 -537.484
v 3.19977 -20.767 -538.046
v -6.23834 -34.8257 -546.537
v -0.432238 -32.4343 -537.146
v -0.621358 -32.3155 -537.042
v -0.284655 -33.0507 -537.465
v -0.46876 -32.9196 -537.346
v -0.720632 -32.7023 -537.168
v -0.488768 -32.6775 -537.241
v -0.707224 -35.4606 -538.245
v -0.450559 -35.4678 -538.304
v -0.962821 -35.4603 -538.18
v -0.86921 -35.6066 -538.336
v 1.71849 -20.9543 -539.29
v 0.437001 -35.3058 -538.254
v -5.90126 -34.0376 -546.616
v 0.233905 -35.4796 -538.339
v 0.121265 -35.6751 -538.647
v 1.96112 -22.6875 -540.901
v -0.133781 -35.6467 -538.562
v 0.0576178 -35.562 -538.453
v 0.588392 -35.7615 -538.929
v 0.36033 -35.7097 -538.771
v 0.547327 -36.1663 -539.254
v 0.401579 -36.6185 -539.45
v 0.495848 -36.3772 -539.35
v -6.14104 -33.7327 -546.402
v 0.745513 -36.2887 -539.384
v 0.853448 -36.4863 -539.529
v 0.568874 -35.9447 -539.113
v 0.360054 -36.0551 -539.127
v -6.0571 -34.1998 -546.556
v 0.385352 -35.8606 -538.966
v 1.18168 -32.6121 -537.979
v -7.17869 -35.2967 -545.071
v 1.45584 -31.3628 -537.649
v 1.39989 -31.5846 -537.647
v 1.16806 -31.5627 -537.468
v 1.08882 -31.8078 -537.485
v 2.34663 -36.4921 -540.551
v 0.971767 -32.0489 -537.558
v 1.5918 -33.7082 -538.427
v 1.37789 -33.7821 -538.311
v 1.72712 -34.0919 -538.517
v 1.78941 -33.6278 -538.573
v 1.82341 -33.4129 -538.588
v 1.56713 -33.0313 -538.352
v 1.91271 -33.0698 -538.594
v 2.12975 -23.1163 -541.112
v 1.60031 -32.7713 -538.292
v 1.27343 -32.7723 -538.091
v 1.4176 -32.8719 -538.214
v -1.60526 -34.3081 -537.897
v -1.66171 -34.5237 -537.943
v -1.9472 -34.0343 -537.648
v -1.57265 -34.095 -537.77
v -1.99758 -34.2451 -537.781
v -2.41918 -34.3133 -537.727
v -2.14451 -35.409 -538.086
v -6.25913 -33.9421 -546.37
v -1.89841 -35.4813 -538.129
v -1.65449 -35.5352 -538.164
v 2.32567 -22.6411 -540.698
v -1.21591 -35.4525 -538.13
v -1.13604 -35.6152 -538.266
v -1.30268 -35.2493 -538.058
v -1.3925 -35.5994 -538.214
v -1.94141 -35.0956 -538.004
v -2.20117 -35.1492 -538.006
v -1.74599 -35.3073 -538.067
v -2.36683 -35.3533 -538.05
v -2.71208 -35.1694 -537.973
v 1.59146 -20.711 -538.918
v -2.8414 -34.9778 -537.927
v -4.26959 -38.1812 -540.098
v -4.11621 -36.9449 -539.04
v -4.43316 -36.694 -538.956
v -3.99917 -37.13 -539.162
v -3.1399 -37.0015 -539.046
v -3.30255 -37.3262 -539.315
v -2.32605 -38.2747 -540.334
v -2.39634 -38.1176 -540.176
v -2.68452 -38.1163 -540.118
v -2.85637 -38.2527 -540.194
v -2.58311 -38.2674 -540.244
v -2.74705 -37.9715 -540.016
v -2.89079 -37.2678 -539.335
v -2.72919 -36.8045 -538.959
v -2.99642 -37.4589 -539.493
v -2.76134 -37.4044 -539.508
v -2.23637 -37.9373 -540.127
v -6.98027 -35.4521 -545.537
v -2.63944 -37.5285 -539.665
v -2.36366 -37.7866 -539.976
v -3.02333 -37.7459 -539.781
v -2.04173 -37.3266 -541.841
v -2.07713 -37.5955 -541.576
v -7.08466 -35.5243 -545.102
v -2.00908 -37.9465 -541.07
v -1.56126 -37.4395 -541.24
v -1.26489 -37.0809 -541.318
v -1.18645 -37.1373 -541.119
v -1.66241 -37.6374 -541.119
v -6.41811 -34.0739 -546.275
v -1.89104 -37.756 -541.196
v -2.11815 -37.8694 -541.275
v -2.41854 -37.0126 -542.778
v 1.35912 -23.2814 -541.489
v -2.37101 -37.1922 -542.585
v 0.933285 -22.8341 -540.999
v -2.1297 -36.6812 -542.77
v -5.67502 -33.3896 -546.588
v -2.25601 -37.3756 -542.164
v -1.43761 -36.5575 -539.113
v -1.61252 -36.6909 -539.18
v -2.71183 -36.958 -539.098
v -2.28403 -37.3023 -539.572
v -0.458789 -34.6908 -537.972
v -0.211879 -34.8076 -538.004
v 2.00477 -34.1991 -538.81
v 2.24515 -34.2836 -539.127
v 0.683247 -33.9433 -538.001
v 0.904797 -34.2287 -538.128
v 0.789038 -33.7551 -538.027
v -3.41108 -36.5946 -538.706
v -3.09429 -36.0959 -538.358
v -3.00694 -36.4916 -538.655
v -3.10065 -35.8871 -538.224
v -2.6628 -35.8702 -538.246
v -2.67693 -35.6522 -538.12
v -3.09692 -35.6664 -538.105
v -3.297 -35.5674 -538.094
v -3.33635 -35.3415 -538.027
v -6.43632 -36.1267 -545.469
v -2.87838 -35.5504 -538.051
v 1.95589 -33.5172 -547.34
v -2.88458 -35.7755 -538.161
v -3.12916 -36.8126 -538.893
v -2.74429 -36.5289 -538.722
v -2.61876 -36.6801 -538.879
v -2.22508 -36.5364 -538.848
v -2.24164 -36.8244 -539.128
v -2.36154 -36.6879 -538.958
v -2.10512 -36.6664 -539.01
v -1.73801 -36.3796 -538.836
v -1.94817 -36.5098 -538.894
v -1.1145 -36.2856 -538.985
v -5.44007 -29.7842 -545.056
v -0.888455 -36.0334 -538.792
v -1.54613 -36.0698 -538.613
v -1.33893 -36.1107 -538.724
v -1.34846 -35.9454 -538.549
v 1.69129 -21.2088 -539.559
v -1.53999 -36.242 -538.78
v -1.26107 -36.4227 -539.059
v 4.51213 -35.8853 -543.996
v 4.39972 -36.1207 -544.12
v 4.50804 -35.7596 -544.366
v 4.47155 -35.9321 -544.244
v 4.57218 -35.702 -544.141
v 4.62395 -35.4509 -544.09
v -0.083079 -19.146 -536.953
v -0.285904 -19.2168 -537.328
v -0.433978 -19.0486 -537.19
v -1.23477 -18.9147 -536.674
v -1.4648 -18.9416 -536.778
v -1.46978 -18.9975 -536.563
v -1.08751 -18.9481 -536.465
v -0.953368 -18.9138 -536.669
v -1.06174 -18.8984 -536.864
v -0.308538 -19.0351 -536.972
v -0.661528 -18.9744 -537.11
v -0.00814802 -19.1147 -536.593
v -1.97345 -19.8552 -536.195
v -2.20729 -20.2122 -536.263
v -1.31224 -18.9952 -536.414
v -1.16257 -19.0757 -536.247
v -1.57635 -19.3221 -536.157
v -1.39343 -19.6242 -535.901
v -1.89983 -19.6347 -536.22
v -2.16413 -19.9534 -536.345
v -2.04291 -19.6987 -536.361
v -2.17885 -19.727 -536.508
v -2.32377 -19.9145 -536.532
v -4.25319 -21.5929 -538.229
v -4.16256 -21.5076 -538.049
v -4.36071 -22.2965 -537.729
v -4.37963 -22.5144 -537.613
v -4.25621 -22.2959 -537.503
v -4.33908 -22.1128 -537.868
v -4.03356 -21.8934 -537.309
v -4.13473 -22.2806 -537.269
v -4.02277 -22.0869 -537.164
v -3.91417 -21.6858 -537.234
v -3.20859 -23.5757 -536.06
v -5.28828 -29.5525 -545.057
v 1.75359 -34.9396 -538.904
v -3.00076 -24.1429 -535.81
v -4.54524 -22.1548 -539.275
v -4.58405 -22.233 -539.051
v -4.26393 -21.5633 -538.675
v -4.37238 -21.7899 -539.104
v -4.51142 -21.9987 -539.086
v -4.46304 -21.8741 -538.88
v -4.39618 -21.7703 -538.671
v -4.20108 -21.4768 -538.448
v -4.32504 -21.6757 -538.453
v -4.416 -21.8974 -538.456
v -4.63691 -22.5132 -538.619
v -4.64096 -22.674 -538.407
v -4.55903 -22.5081 -538.224
v -4.24674 -22.4812 -537.381
v -4.09192 -22.6827 -537.066
v -4.34291 -22.6865 -537.46
v -4.21933 -22.6792 -537.255
v -4.11251 -23.0807 -537.023
v -4.46154 -23.9165 -537.632
v -4.65573 -24.0736 -537.921
v -4.62839 -24.2849 -537.776
v -2.86673 -20.3023 -538.737
v -3.20327 -20.6245 -538.911
v -3.06706 -20.3323 -538.64
v -3.10429 -21.004 -539.247
v -3.31193 -20.9547 -539.148
v -4.02727 -21.596 -539.269
v -4.40514 -21.9412 -539.312
v -4.18742 -21.6108 -539.093
v -4.23044 -21.9641 -539.507
v -4.04642 -21.7898 -539.435
v -3.86151 -21.7978 -539.542
v -4.00224 -21.9596 -539.621
v -3.63183 -21.3139 -539.274
v -3.82316 -21.6153 -539.412
v -2.86706 -19.9756 -537.837
v -2.74361 -19.8556 -537.663
v -3.22216 -20.3196 -538.278
v -3.20448 -20.2943 -538.033
v -2.3377 -19.5875 -537.758
v -2.54673 -19.8002 -538.101
v -2.65205 -19.8107 -537.87
v -2.56556 -19.7641 -537.085
v -2.40511 -19.5705 -537.11
v -2.29883 -19.5419 -536.909
v -2.16147 -19.403 -536.887
v -4.75413 -29.0796 -545.103
v -2.51757 -19.6506 -537.299
v -2.63467 -19.7387 -537.489
v -2.33 -19.5035 -537.322
v -2.00081 -19.2846 -537.212
v -2.06883 -19.3985 -537.589
v -0.380123 -19.3218 -537.514
v -0.706265 -19.1475 -537.583
v -1.51133 -19.3397 -538.019
v -1.07983 -19.5085 -537.992
v -1.44356 -19.6845 -538.222
v -1.14677 -19.1552 -537.783
v -5.13834 -29.3369 -545.04
v -2.10419 -20.5626 -538.855
v -1.90417 -20.2836 -538.663
v -6.41165 -36.1557 -545.76
v -1.89277 -20.7027 -538.835
v -1.89969 -21.3965 -538.994
v -2.07215 -21.3868 -539.162
v -1.01705 -21.6505 -536.59
v -0.980117 -21.536 -536.76
v -0.96159 -21.8069 -536.766
v -4.23496 -29.3609 -545.417
v 1.20318 -24.6801 -542.406
v -0.926159 -21.64 -536.98
v -1.26675 -21.5681 -536.178
v -1.43533 -21.3224 -536.115
v -1.24435 -20.9675 -536.122
v -1.03844 -20.8737 -536.245
v -1.30843 -21.1678 -536.215
v -1.15586 -21.2469 -536.453
v -0.986414 -21.2834 -536.701
v -0.897797 -21.3911 -536.913
v -0.838216 -21.2872 -537.255
v 1.26179 -24.8769 -542.459
v -0.89546 -21.4786 -537.141
v -0.96773 -21.7048 -537.243
v -1.06848 -21.661 -537.472
v -0.993578 -21.2944 -537.592
v -0.95936 -21.4617 -537.37
v -6.19928 -32.9918 -539.525
v -6.32682 -33.1044 -539.736
v -6.13349 -33.3819 -539.357
v -6.23531 -31.484 -540.229
v -6.07668 -31.1591 -540.042
v -5.39206 -30.6582 -538.941
v -5.2771 -30.9258 -538.64
v -5.60811 -30.9565 -539.231
v -5.39725 -31.0122 -538.836
v -5.78246 -30.4712 -539.662
v -5.66701 -30.7923 -539.362
v -5.86236 -31.1695 -539.648
v -5.90753 -31.4187 -539.643
v -5.99338 -31.3015 -539.837
v 0.734488 -23.2898 -541.462
v -5.98418 -32.6029 -539.281
v -5.93574 -33.0107 -539.055
v -5.89631 -32.4379 -539.184
v -4.71841 -33.1764 -537.847
v -4.8322 -33.5223 -537.989
v -5.20128 -33.3428 -538.201
v -5.12663 -33.6221 -538.223
v -5.38121 -33.2795 -538.339
v 0.444114 -23.6383 -541.802
v -5.28744 -33.5407 -538.338
v -5.45435 -33.8709 -538.543
v -4.82304 -32.4191 -537.864
v -4.63658 -32.7508 -537.752
v -4.12879 -22.6665 -540.463
v -4.43501 -32.666 -537.615
v -3.54021 -33.6105 -537.429
v -3.27695 -33.6651 -537.421
v -3.59939 -33.4043 -537.359
v -3.64678 -33.1698 -537.282
v -3.94151 -32.9315 -537.352
v -4.07354 -32.7599 -537.403
v -4.10239 -32.3992 -537.397
v -4.27732 -32.8206 -537.532
v -5.98884 -36.7406 -539.709
v -5.3641 -36.7597 -539.334
v -5.49914 -36.5891 -539.306
v -5.8057 -36.0399 -539.283
v -5.78845 -35.7782 -539.207
v -5.48 -36.1455 -539.091
v -5.65602 -36.218 -539.235
v -5.94968 -36.3787 -539.526
v -5.27644 -36.098 -538.964
v -5.39044 -35.7087 -538.893
v -5.67441 -36.4801 -539.361
v 0.768049 -24.7686 -542.557
v 1.26801 -35.1659 -538.695
v -4.0366 -22.4863 -540.287
v -5.03978 -36.111 -538.852
v -4.26223 -36.5758 -538.825
v -4.56105 -36.2686 -538.739
v -5.4167 -37.4995 -539.88
v -4.87349 -37.6915 -539.739
v -4.54799 -23.4793 -541.029
v -4.92613 -37.2932 -539.482
v -4.68968 -37.3685 -539.476
v -4.72701 -36.9751 -539.23
v -5.02343 -37.4796 -539.629
v -5.3097 -37.4191 -539.708
v -5.1426 -37.6037 -539.771
v -5.11897 -37.1169 -539.437
v -5.45577 -28.4687 -544.267
v -5.12014 -36.6836 -539.186
v -4.89414 -36.5856 -539.041
v -4.93434 -36.3512 -538.922
v -4.81213 -36.1864 -538.784
v -5.58187 -34.5573 -538.748
v -5.24082 -28.3015 -544.322
v -5.53573 -34.3264 -538.668
v -5.71872 -34.396 -538.862
v -5.32549 -34.252 -538.483
v -4.71653 -34.0954 -538.075
v -4.47286 -34.1253 -537.958
v -4.95503 -34.1229 -538.214
v -5.04935 -33.8747 -538.224
v -4.90451 -34.406 -538.286
v -5.09836 -34.3115 -538.346
v -5.21223 -34.4553 -538.449
v -5.26909 -34.8674 -538.595
v 0.883202 -23.6707 -541.937
v -4.93853 -35.7121 -538.654
v -5.10647 -35.5161 -538.68
v -4.66158 -36.0508 -538.665
v -4.94775 -35.9408 -538.738
v -5.01645 -34.5952 -538.398
v -4.8726 -34.8333 -538.418
v -4.64114 -34.8546 -538.346
v -4.73598 -35.0508 -538.426
v -4.88376 -35.4964 -538.574
v -4.96179 -35.0613 -538.505
v -4.69356 -35.6926 -538.552
v -4.46689 -35.4408 -538.416
v -3.91845 -34.0777 -537.711
v -4.06722 -34.3428 -537.867
v -6.5105 -30.1197 -543.643
v -3.46216 -34.7262 -537.889
v -4.68992 -23.4108 -540.868
v -5.6992 -27.4066 -542.143
v -5.63009 -27.2411 -542.03
v -4.97095 -26.1075 -540.334
v 1.59484 -21.5334 -539.896
v -5.34065 -27.4669 -540.776
v -5.41679 -27.6638 -540.891
v -5.30757 -27.6962 -540.673
v -5.35497 -27.2239 -540.819
v -5.24273 -26.8643 -540.661
v -5.50587 -28.0631 -540.818
v -5.61423 -28.0386 -541.063
v -5.27308 -27.8774 -540.523
v -5.18594 -27.7845 -540.277
v -5.15074 -27.4193 -540.4
v -6.14536 -34.2841 -539.424
v -5.17735 -27.9132 -540.066
v -5.04626 -27.3857 -540.016
v -5.07791 -27.307 -540.23
v -5.19454 -27.6522 -540.429
v -5.0191 -27.0551 -540.241
v 1.33272 -32.4382 -537.995
v -4.97563 -26.8418 -540.252
v -5.11849 -26.957 -540.447
v -5.24744 -27.2999 -540.611
v -5.51704 -27.8491 -540.991
v -5.6164 -27.8182 -541.237
v -1.88402 -28.9722 -536.401
v -5.39067 -27.8928 -540.751
v -6.04435 -28.6455 -541.266
v -5.96939 -28.6578 -541.056
v -5.01593 -27.4219 -539.797
v -4.94597 -27.3008 -539.643
v -4.9027 -26.9599 -540.005
v -4.95792 -27.1859 -539.869
v -4.78375 -27.4021 -539.211
v -4.86651 -27.5802 -539.248
v -4.75481 -27.2352 -539.291
v -4.86637 -23.0352 -539.923
v -4.98562 -23.3597 -540.274
v -5.00277 -23.2904 -539.326
v -4.98135 -23.5295 -538.91
v -4.88814 -23.037 -539.295
v -4.71807 -22.6627 -539.123
v -6.26451 -29.5486 -543.748
v -4.97375 -25.3782 -539.254
v -4.86486 -23.8571 -538.466
v -4.83098 -24.0696 -538.322
v -6.2452 -34.407 -539.614
v -4.5547 -25.6095 -538.164
v -4.38134 -25.9361 -537.813
v -4.35142 -26.3861 -537.791
v -5.49666 -27.7652 -543.664
v -4.30389 -26.0263 -537.601
v -2.12587 -29.0228 -536.405
v -5.40106 -25.0089 -540.865
v -5.37804 -24.9816 -540.638
v -5.27439 -25.3872 -540.463
v -5.26202 -25.2766 -540.237
v -5.15966 -25.7556 -540.529
v -5.16895 -25.6312 -540.351
v -5.10187 -25.4239 -539.758
v -5.07535 -25.7339 -540.142
v -5.06623 -25.881 -540.371
v -4.96615 -25.9611 -540.162
v -5.17831 -25.378 -539.99
v -5.23224 -25.1419 -540.036
v -4.85696 -25.9983 -539.522
v 2.17799 -29.0657 -537.94
v -5.02032 -25.6192 -539.638
v -4.92195 -25.8049 -539.448
v -5.12547 -24.9808 -539.639
v -5.08413 -25.2144 -539.6
v -5.44985 -29.0474 -539.502
v -2.9384 -26.1018 -535.993
v -3.38012 -25.9434 -536.192
v -3.17601 -26.1188 -536.088
v -3.23744 -24.1627 -535.95
v -3.18573 -24.3576 -535.904
v -3.3003 -23.9864 -536.035
v -3.60164 -23.7743 -536.322
v -3.45192 -24.1286 -536.128
v -3.14123 -25.0048 -535.907
v -3.25932 -24.7774 -535.958
v -3.40396 -24.3486 -536.072
v -3.34472 -24.5505 -536.018
v -3.72843 -24.1727 -536.428
v -3.53719 -24.5404 -536.203
v -4.65929 -25.1311 -538.126
v -4.50764 -25.5373 -537.968
v -4.57879 -25.1793 -537.926
v -4.68626 -25.2646 -538.334
v -3.3018 -27.5756 -536.447
v -3.59834 -27.6336 -536.819
v -3.30961 -27.882 -536.544
v -3.75379 -27.1475 -536.889
v -3.8788 -27.2542 -537.106
v -4.84383 -25.0128 -542.138
v -4.98133 -25.1711 -542.14
v -4.83827 -24.8171 -541.983
v 0.599383 -31.8816 -547.346
v -1.65733 -24.1758 -536.158
v -1.46086 -24.0668 -536.285
v -1.11969 -25.9075 -538.527
v -1.17592 -25.7574 -538.361
v -1.12608 -25.97 -538.251
v -1.19261 -25.7839 -538.118
v -1.12105 -26.3563 -537.915
v -1.0977 -26.4147 -538.158
v -5.43601 -28.0539 -544.04
v -1.12691 -26.5849 -538.037
v -0.964813 -27.4214 -538.188
v -1.03101 -27.2645 -537.994
v -1.029 -27.1734 -538.227
v -1.09851 -27.0403 -538.048
v -1.07284 -26.9076 -538.273
v -1.12997 -26.7991 -538.082
v -0.972206 -26.7803 -538.461
v -0.943834 -27.0407 -538.417
v -1.0521 -26.3309 -538.564
v -0.978772 -26.5437 -538.549
v -1.09045 -26.6441 -538.296
v -1.08056 -26.4109 -538.38
v -1.11622 -26.1592 -538.055
v -1.09572 -26.2044 -538.254
v -1.17789 -25.9078 -537.722
v -1.14151 -26.1389 -537.817
v -1.16879 -26.097 -537.592
v -1.16442 -23.2072 -536.399
v -5.63851 -28.9615 -539.946
v -1.08728 -22.7283 -536.483
v -1.12214 -23.1595 -536.647
v -1.2 -23.5336 -537.007
v -1.14735 -23.3988 -536.6
v -1.19091 -23.8101 -536.769
v -1.27543 -23.9972 -537.181
v -1.22979 -23.9045 -536.572
v -1.26653 -24.4468 -537.071
v -1.22777 -23.9918 -536.939
v -1.27946 -24.8158 -537.303
v -1.24921 -25.2522 -537.432
v -1.20725 -25.8426 -537.227
v -1.2099 -25.6512 -537.354
v -1.29712 -23.6271 -537.229
v -1.32364 -23.8346 -537.335
v -2.15824 -22.8254 -539.508
v 2.5011 -29.2831 -538.283
v -2.08123 -22.9178 -539.091
v -2.50677 -22.184 -539.833
v -2.66912 -22.261 -539.989
v -2.32509 -22.3692 -539.746
v -2.28386 -22.6208 -539.852
v -2.36107 -22.112 -539.68
v -2.22283 -22.2556 -539.537
v -2.20947 -22.4459 -539.56
v -1.05966 -21.1806 -537.815
v -0.784646 -20.673 -537.825
v -0.699407 -20.756 -537.612
v -0.434027 -20.3583 -537.549
v -0.525269 -20.7202 -537.304
v -0.770701 -20.9787 -537.501
v -1.20918 -20.7214 -538.3
v -1.43974 -21.0142 -538.485
v -5.33769 -27.6632 -543.8
v -1.15328 -20.4817 -538.302
v -1.04081 -20.6384 -538.159
v -0.81081 -20.3647 -538.037
v -0.883093 -20.5693 -538.021
v -1.29458 -20.9614 -538.308
v -1.10586 -21.0304 -538.001
v -1.39014 -21.2051 -538.336
v -1.48176 -21.5844 -538.282
v -1.62685 -21.2982 -538.652
v -0.934507 -21.8587 -537.028
v -5.11459 -27.1839 -543.549
v -1.10536 -21.8742 -537.433
v -1.02668 -21.96 -537.252
v -1.20659 -21.8031 -537.641
v -1.29107 -21.6994 -537.857
v -0.22787 -20.3317 -537.091
v -0.0104497 -19.9626 -536.917
v -0.0696636 -20.1493 -536.779
v -0.214712 -20.3677 -536.847
v 2.04023 -28.422 -538.242
v -0.777816 -21.2396 -537.067
v -0.714553 -21.0694 -537.256
v -0.658056 -20.2328 -537.941
v -0.338765 -20.4786 -537.174
v -0.183548 -20.1329 -537.258
v -3.23085 -24.726 -542.06
v -1.56179 -23.0659 -537.731
v -1.50321 -23.2415 -537.593
v -1.42326 -22.6172 -537.684
v -1.41347 -23.0251 -537.525
v -5.84553 -32.8392 -538.929
v -2.13885 -23.2639 -539.304
v -2.14757 -23.4546 -539.454
v -2.12658 -23.4051 -539.7
v -2.12596 -23.8132 -539.811
v -2.15098 -23.6511 -539.595
v -6.16777 -29.3034 -543.797
v -5.76356 -32.6314 -538.842
v -0.44204 -26.7269 -538.855
v -0.289993 -26.9206 -538.866
v -0.258795 -26.7075 -539.001
v -0.322837 -26.487 -539.15
v -0.478958 -26.5515 -539.019
v -0.746015 -26.2764 -539.166
v -1.93319 -24.6782 -539.924
v -2.0305 -24.9215 -540.31
v -1.59811 -24.5297 -538.463
v -1.40182 -25.1601 -538.419
v -1.50967 -24.8435 -538.663
v -1.54188 -24.5374 -538.244
v -1.4603 -24.9347 -538.437
v -1.42631 -25.0121 -538.221
v -1.4752 -24.7865 -538.233
v -3.44443 -20.5939 -538.075
v -3.35977 -20.4546 -538.179
v -3.30401 -20.4499 -537.929
v -3.27766 -20.5121 -537.72
v -3.91303 -21.8843 -537.089
v -3.6129 -21.5489 -536.879
v -3.69644 -21.7493 -536.839
v -3.45905 -21.3736 -536.841
v -3.29587 -20.6433 -537.525
v -3.515 -21.0676 -537.424
v -3.59741 -21.38 -537.058
v -3.61783 -21.2753 -537.279
v -1.0928 -20.7767 -536.032
v -1.22399 -20.3992 -535.838
v -5.29249 -34.2065 -546.916
v -6.45216 -30.4911 -541.525
v -0.936028 -20.5542 -536.022
v 2.33501 -28.8561 -538.249
v -2.38706 -22.7168 -535.769
v -2.47999 -22.9604 -535.698
v -2.72088 -23.0226 -535.744
v -2.64069 -22.7794 -535.786
v -6.49672 -30.4196 -541.74
v -3.30517 -22.7206 -536.146
v 1.71806 -36.0125 -539.8
v -3.82429 -23.4444 -536.586
v -3.6675 -23.3404 -536.448
v -3.79551 -23.1919 -536.581
v -3.62577 -23.0611 -536.418
v -3.89678 -22.8454 -536.753
v -3.94279 -23.0733 -536.774
v -6.54321 -30.6471 -541.874
v -5.81269 -36.832 -542.275
v -5.98419 -37.0075 -541.915
v -6.06566 -36.798 -542.305
v -6.15053 -36.9007 -542.054
v -5.83336 -37.1338 -541.821
v -6.06771 -37.1496 -541.709
v -6.32235 -37.06 -541.646
v -5.77481 -36.9657 -542.031
v -5.69314 -37.2261 -541.747
v -5.90894 -37.3056 -541.604
v -5.58406 -37.0665 -541.931
v -3.74072 -24.1664 -541.826
v -4.90871 -37.4117 -541.637
v -4.98286 -37.6611 -541.29
v -4.65773 -38.1182 -540.912
v 1.74421 -33.8603 -538.538
v -4.81375 -37.8064 -541.229
v -4.84873 -37.9202 -541.023
v -5.2351 -37.656 -541.154
v -5.65816 -33.056 -538.615
v -4.74078 -37.7066 -541.455
v -4.93787 -37.547 -541.473
v -4.03806 -37.6494 -542.336
v -4.05091 -22.2408 -539.933
v -4.16382 -37.4757 -542.452
v -3.95251 -37.519 -542.565
v -4.4155 -37.6214 -541.961
v -4.24986 -37.7542 -541.989
v -4.57781 -37.6693 -541.704
v -4.58286 -37.4873 -541.873
v -4.73828 -37.5426 -541.648
v -6.24167 -37.0637 -540.854
v -5.81981 -37.3345 -540.85
v -5.1437 -37.867 -540.702
v -2.27947 -36.4295 -543.116
v -2.46179 -36.6093 -543.048
v -2.72083 -36.3206 -543.169
v -2.888 -36.471 -543.077
v -6.35711 -37.1307 -541.412
v -5.37621 -33.9771 -546.854
v -6.51786 -36.8912 -541.714
v -6.1533 -37.2407 -541.525
v -6.11552 -30.3691 -540.447
v -2.47548 -30.4119 -546.49
v -2.5008 -30.2091 -546.356
v -5.36123 -37.3954 -541.536
v -5.38833 -37.5456 -541.287
v -5.63254 -37.3611 -541.598
v -3.13584 -30.1805 -546.174
v -5.46705 -37.233 -541.744
v -5.54555 -37.4606 -541.429
v -6.07291 -30.5255 -540.256
v -5.79082 -37.4406 -541.433
v -6.10869 -30.7649 -540.25
v -6.20719 -37.2562 -541.301
v -6.31939 -37.1378 -541.132
v -6.01806 -37.3653 -541.335
v -6.08376 -36.2366 -539.622
v -6.18641 -36.6275 -539.858
v -6.12602 -34.8345 -539.505
v -6.06927 -35.2317 -539.464
v -5.87616 -34.9489 -539.174
v -6.29102 -35.1268 -539.769
v -6.16388 -35.0485 -539.578
v -6.3132 -35.4048 -539.811
v -6.00249 -36.334 -544.968
v -5.60905 -36.3498 -545.275
v -6.28041 -36.2729 -545.59
v -6.03261 -36.3326 -545.215
v -5.56933 -32.8513 -538.508
v -5.85166 -36.2028 -543.648
v -5.59438 -36.1793 -543.625
v -5.2439 -36.0394 -543.509
v -6.12403 -36.2983 -543.949
v -5.88212 -36.3061 -543.882
v -6.92408 -36.0593 -543.258
v -7.10025 -35.9523 -543.423
v -6.99369 -35.9655 -543.017
v -7.04935 -35.8515 -542.787
v -5.21078 -32.1997 -546.333
v -7.13668 -35.9616 -543.694
v -7.13929 -35.7633 -542.982
v -7.10723 -35.8784 -543.2
v -7.22777 -35.6446 -543.166
v -7.23716 -35.748 -543.375
v -7.20292 -35.3882 -542.755
v -7.14991 -35.6325 -542.769
v -7.09916 -35.562 -542.349
v -7.14329 -35.3136 -542.361
v -7.21717 -35.1218 -542.7
v -3.64494 -35.9182 -545.085
v -3.4316 -35.7943 -544.984
v -3.50653 -35.8202 -544.605
v -3.57512 -35.5117 -544.032
v -3.31075 -35.4881 -544.094
v -3.21031 -35.5801 -544.341
v -4.81009 -32.1563 -546.511
v -3.16737 -35.5949 -544.637
v -3.33775 -35.7107 -544.483
v -4.77192 -31.9705 -546.43
v -5.51477 -27.6629 -543.463
v -3.35212 -35.7638 -544.748
v -3.01494 -35.4024 -544.68
v -3.22722 -35.6345 -544.903
v -3.15236 -35.4743 -543.458
v -2.95479 -35.3706 -543.575
v -2.96234 -35.6195 -543.433
v -3.22135 -35.6873 -543.342
v -2.54953 -35.322 -543.661
v -4.58801 -36.9958 -542.567
v -5.76724 -27.9175 -543.249
v -4.53372 -36.8752 -542.765
v -4.39026 -37.0856 -542.672
v -4.08234 -36.5921 -543.035
v -4.42722 -36.7164 -542.9
v -3.96173 -36.779 -543.009
v -3.33919 -37.4436 -542.452
v -3.5708 -37.4007 -542.607
v -3.24084 -37.7766 -541.927
v -6.20691 -30.8686 -540.46
v -3.9912 -37.7326 -539.673
v -4.01586 -37.4984 -539.474
v -3.76864 -37.8028 -539.742
v -3.81007 -38.5503 -540.614
v -3.85922 -38.5539 -540.853
v -3.59164 -38.5695 -540.833
v -6.49791 -31.2974 -541.218
v -3.74469 -38.4218 -540.388
v -3.4137 -38.5643 -540.702
v -3.33941 -38.5027 -540.495
v 0.442697 -37.4576 -541.326
v 0.29579 -37.4523 -541.12
v -0.808596 -36.6542 -542.526
v -0.70119 -36.7411 -542.341
v -0.476462 -36.8578 -542.843
v -0.890189 -36.5859 -542.277
v -6.5156 -31.4878 -541.104
v -0.410173 -36.9333 -542.606
v -0.590929 -36.834 -542.158
v -1.3121 -36.3775 -542.166
v -1.21015 -36.4893 -541.982
v -1.00319 -36.4877 -542.466
v -1.08788 -36.4469 -542.222
v -0.971903 -36.557 -542.024
v -3.50705 -24.2035 -541.822
v -6.60717 -31.2621 -542.217
v -0.567884 -36.9962 -541.305
v -1.45578 -37.5106 -541.019
v -1.29624 -37.4081 -540.823
v -2.85552 -38.3451 -540.997
v -2.59321 -38.3098 -540.969
v -2.34282 -37.9626 -541.351
v -2.34123 -38.2208 -540.953
v 1.36302 -37.4926 -541.921
v 1.71763 -37.3577 -542.01
v 1.84157 -37.6648 -541.7
v 1.60824 -37.5399 -541.847
v -6.51602 -31.0476 -541.569
v -0.248202 -37.2687 -540.125
v -6.92838 -33.11 -541.39
v -6.99972 -33.2238 -541.871
v 2.50508 -28.0489 -539.353
v -6.79354 -33.4938 -540.839
v -6.82428 -33.2903 -540.945
v -6.19019 -32.7377 -539.592
v -6.08644 -32.7858 -539.392
v -6.29317 -32.4571 -539.865
v -6.30917 -32.6877 -539.797
v -6.53653 -31.2728 -541.514
v -6.62822 -33.3782 -540.344
v -6.54236 -33.7227 -540.141
v -6.44931 -33.4305 -539.948
v -6.62889 -33.6254 -540.351
v -6.40561 -32.8948 -539.916
v -6.49081 -33.0075 -540.083
v -6.63033 -33.1035 -540.397
v -6.4913 -32.7534 -540.133
v -6.57009 -32.9328 -540.283
v -6.46373 -32.4798 -540.181
v -6.50808 -32.374 -540.38
v -6.63129 -32.8354 -540.524
v -6.71639 -32.8805 -540.781
v -6.70176 -33.0566 -540.63
v -6.58678 -32.5502 -540.539
v -5.35201 -31.3413 -538.638
v -5.50188 -31.6588 -538.85
v -5.87761 -32.2284 -539.249
v -5.79271 -32.3849 -539.002
v -6.08517 -32.2972 -539.597
v -6.55356 -31.0868 -541.776
v -6.19977 -32.2588 -539.8
v -5.96149 -31.664 -539.629
v -6.09164 -32.0505 -539.703
v -5.98288 -32.127 -539.484
v -5.87322 -31.9935 -539.339
v -6.3874 -36.1537 -544.983
v -5.88389 -28.2576 -543.496
v -6.20165 -36.2598 -544.851
v 0.929361 -35.9179 -539.242
v -6.60207 -31.385 -542.02
v -6.06276 -36.3305 -545.452
v -6.69805 -31.8306 -542.071
v -6.0143 -36.2714 -546.493
v -6.21585 -36.2576 -546.28
v -5.97461 -36.3626 -546.279
v -6.09219 -36.3347 -545.677
v -6.13786 -36.3363 -546.07
v 2.18146 -33.7443 -538.978
v -5.90326 -28.166 -543.31
v -6.26328 -36.2657 -545.339
v -6.22981 -36.2741 -545.097
v -7.33431 -34.8717 -544.45
v -6.99 -32.3831 -543.342
v -7.12764 -34.3322 -545.21
v -7.12623 -34.7531 -545.31
v -7.14282 -34.1207 -545.092
v -7.26484 -34.4351 -544.732
v -7.27969 -34.3034 -544.531
v -7.17101 -33.8382 -544.665
v -7.22922 -34.0641 -544.601
v -7.25984 -34.1294 -544.361
v -7.26572 -34.1682 -544.136
v -7.19829 -33.9205 -544.199
v -6.95825 -33.175 -542.559
v -6.95199 -33.4082 -542.619
v -6.94322 -33.5444 -542.413
v -6.94463 -33.774 -542.37
v -6.9647 -34.0061 -542.285
v -6.94071 -33.8413 -542.113
v -6.95416 -33.6476 -542.614
v -6.97375 -33.883 -542.576
v -7.07397 -34.1803 -542.863
v -6.95484 -34.0556 -542.012
v -6.97326 -34.2868 -541.889
v -7.04653 -34.4825 -542.258
v -7.01723 -34.4914 -542.028
v -5.86715 -33.5815 -538.957
v -6.05137 -33.8423 -539.214
v -5.95925 -34.0498 -539.107
v -5.98841 -33.6452 -539.124
v -6.17935 -33.7964 -539.403
v -6.23053 -34.0182 -539.502
v -6.35235 -33.8821 -539.717
v -6.28085 -34.8553 -539.737
v -6.43052 -34.4624 -539.995
v -6.38893 -34.9792 -539.928
v -6.50332 -34.8943 -540.141
v -6.57342 -34.7514 -540.297
v -6.68316 -34.5189 -540.59
v -6.49974 -34.6093 -540.15
v -6.62081 -31.1648 -542.406
v -6.49408 -33.9356 -540.052
v -6.4078 -34.0293 -539.855
v -6.45846 -34.208 -540.017
v -6.5377 -34.1005 -540.193
v -6.84118 -33.6522 -541.02
v -6.9902 -34.5123 -541.783
v -7.00674 -34.7363 -541.699
v -6.78475 -35.2019 -540.7
v -6.62334 -34.9635 -540.378
v -6.74307 -34.7452 -540.704
v -6.87636 -34.9506 -541.026
v -6.86559 -35.1832 -540.923
v -6.80559 -34.9696 -540.808
v -6.91798 -35.3761 -541.058
v -6.93016 -35.1466 -541.156
v -6.81101 -35.6654 -540.708
v -7.31953 -35.2787 -543.334
v -7.27603 -35.3965 -543.14
v -7.34328 -35.3861 -543.568
v -7.29702 -34.4898 -543.603
v 1.52204 -29.5779 -537.235
v -7.07832 -33.5471 -544.042
v -7.13517 -33.7607 -544.018
v -7.22973 -34.2452 -543.634
v -7.2462 -34.1827 -543.888
v -7.21078 -34.4494 -543.2
v -7.19608 -34.5581 -542.969
v -5.06845 -36.3595 -545.85
v -4.85199 -36.178 -545.568
v -4.54875 -36.0931 -544.616
v -4.76116 -36.1096 -544.75
v -0.175531 -35.1348 -545.499
v -0.381754 -35.0866 -545.383
v -1.0296 -34.8807 -545.023
v -5.4916 -33.0586 -538.407
v -0.59672 -34.8816 -545.061
v -0.595707 -35.3811 -545.943
v -0.599664 -35.4008 -546.194
v -0.805799 -35.3111 -545.81
v -0.572124 -35.2908 -545.716
v -0.775456 -35.2091 -545.591
v -1.17673 -34.7816 -544.824
v -1.54076 -34.752 -544.741
v -2.65717 -34.964 -544.438
v -2.51232 -34.8226 -544.345
v -2.44813 -34.7919 -544.569
v -2.53015 -34.8938 -544.939
v -6.07127 -28.8618 -543.668
v -2.2782 -34.9763 -545.299
v -6.65877 -31.1035 -542.845
v -6.43572 -29.1878 -542.33
v 1.40974 -29.3579 -537.28
v -2.18703 -34.7297 -544.656
v -2.14923 -34.8306 -544.917
v -1.95367 -34.6985 -544.618
v -5.95305 -29.0634 -544.055
v -1.95102 -34.8048 -544.851
v -1.51229 -34.9446 -545.123
v -1.09342 -34.9955 -545.239
v -2.89471 -34.4587 -547.07
v -5.52758 -31.8838 -538.804
v -2.68963 -34.4652 -547.241
v -2.66188 -34.2927 -547.469
v 4.22638 -35.8376 -542.996
v 4.28739 -36.0403 -543.364
v 4.17983 -35.4043 -542.571
v 4.28019 -35.6511 -542.901
v 4.11436 -35.2396 -542.37
v 3.8745 -35.0971 -541.936
v 4.23418 -34.4685 -542.025
v 4.34031 -34.2578 -542.131
v 4.08926 -33.443 -541.273
v 0.35634 -34.3923 -545.253
v 0.216142 -34.5835 -545.275
v -0.358931 -35.3597 -545.823
v -0.387382 -35.432 -546.062
v -0.155303 -35.3954 -545.955
v -0.186736 -35.447 -546.183
v -0.351879 -35.4391 -546.322
v 0.0254518 -35.3773 -546.171
v -6.62467 -30.5181 -542.646
v -0.127383 -35.2762 -545.724
v -6.52889 -29.7353 -543.121
v 0.0933623 -35.189 -545.759
v -6.15929 -30.2106 -540.635
v 0.0272886 -35.1072 -545.572
v -6.28796 -30.3022 -540.956
v 0.156178 -34.9124 -545.487
v 0.27958 -34.7221 -545.469
v -6.33782 -29.9893 -541.304
v 0.277922 -34.4561 -544.824
v 0.402173 -34.3423 -545.006
v 0.607534 -34.3795 -545.027
v 0.0294169 -34.8598 -544.392
v -0.174449 -34.7191 -544.404
v 0.118834 -34.5299 -544.679
v -0.78842 -35.7778 -543.701
v -0.894802 -36.1278 -543.419
v -0.680945 -34.7467 -544.275
v -0.422523 -34.7422 -544.322
v -0.241318 -34.9227 -544.258
v -0.760273 -34.9336 -544.154
v -0.510707 -34.9402 -544.196
v -0.853069 -35.2772 -543.972
v -1.1163 -35.2383 -543.929
v -1.90344 -35.4796 -543.625
v -1.84104 -35.655 -543.465
v -1.74008 -35.3132 -543.725
v -2.00217 -35.2804 -543.74
v -1.42146 -35.579 -543.575
v -1.42662 -35.7782 -543.364
v -6.38082 -29.7673 -541.621
v -1.61375 -35.6719 -543.403
v -1.96461 -36.0195 -543.221
v -1.77852 -35.9751 -543.083
v -1.36633 -36.0987 -542.91
v 1.23181 -28.9068 -537.419
v -1.59978 -35.8431 -543.194
v -1.41417 -35.9632 -543.143
v -5.65771 -31.9925 -538.966
v -1.56737 -35.9853 -542.967
v -1.80343 -35.8247 -543.286
v -6.40519 -29.4491 -541.982
v -1.6579 -35.5027 -543.579
v -1.50399 -35.367 -543.731
v -1.28687 -35.4095 -543.771
v -6.74661 -32.0348 -541.935
v -2.01501 -34.7043 -544.003
v -6.86389 -32.3405 -542.131
v -2.12212 -34.8896 -543.902
v -1.64918 -34.941 -543.969
v -1.81744 -35.1163 -543.839
v -1.34885 -35.1954 -543.892
v -1.57626 -35.1525 -543.864
v 0.472022 -35.4326 -544.127
v 0.691207 -35.4995 -544.036
v 0.240183 -35.4947 -544.047
v -5.59743 -31.537 -539.058
v 0.000959731 -35.009 -544.277
v -5.72338 -31.646 -539.24
v -0.563403 -36.4241 -543.339
v -0.491576 -36.6154 -543.226
v -5.65317 -31.1751 -539.272
v -0.733603 -36.3134 -543.346
v -0.0242124 -35.5308 -543.984
v -0.292112 -36.1641 -543.577
v -0.457711 -35.5759 -543.889
v 4.6373 -34.8375 -544.364
v 4.60122 -34.6137 -544.469
v 4.66684 -34.6627 -544.2
v 4.66705 -34.8876 -543.486
v 4.67178 -34.6698 -543.568
v 4.65834 -35.3279 -543.859
v 4.70183 -35.0507 -543.91
v -5.68722 -31.4118 -539.266
v 4.70734 -34.8665 -543.735
v -5.87965 -30.6699 -539.782
v 4.68465 -34.9342 -544.137
v 4.70518 -34.7649 -543.977
v 4.63975 -34.452 -543.719
v 4.68591 -34.6367 -543.81
v 4.53876 -34.0521 -543.688
v -3.59017 -24.5575 -542.113
v -2.69231 -23.5236 -540.851
v 3.3006 -32.7828 -545.804
v 3.97643 -32.3421 -543.065
v 3.88277 -32.1557 -543.206
v -2.18644 -20.76 -536.224
v -5.30604 -31.8832 -538.423
v 2.9007 -29.5846 -540.289
v -5.89318 -30.4546 -539.885
v 2.76243 -29.6465 -539.589
v 2.84961 -29.6524 -540.035
v 2.67251 -29.965 -539.028
v 1.11413 -35.8026 -539.234
v 2.76872 -30.0564 -539.248
v 2.81677 -29.8405 -539.605
v 2.94285 -29.9401 -539.737
v 2.95836 -29.854 -539.967
v 3.23967 -30.1472 -540.054
v 3.18886 -30.2367 -539.817
v 3.29826 -29.6764 -541.145
v 3.19644 -29.6913 -540.906
v 3.09249 -29.7187 -540.664
v 3.38989 -30.1249 -540.484
v 3.5216 -30.1035 -540.923
v 3.37484 -30.2442 -540.241
v 3.32753 -30.3506 -539.999
v 3.47568 -30.353 -540.429
v 3.51203 -30.2261 -540.669
v 3.35162 -30.5833 -539.961
v 3.48858 -30.5981 -540.386
v 3.47388 -30.8362 -540.338
v 3.54442 -30.4861 -540.616
v 3.97906 -32.3606 -541.424
v 4.09965 -32.6273 -541.783
v 3.74769 -36.5826 -543.859
v 3.78815 -36.5759 -543.638
v 3.43221 -36.3896 -543.105
v 3.61789 -36.5347 -543.473
v 3.02678 -36.1244 -542.408
v 0.347868 -37.3668 -542.683
v 0.136963 -37.2366 -542.798
v -5.55176 -32.0986 -538.743
v 0.159914 -37.1304 -543.024
v 0.350883 -37.2451 -542.895
v 0.089651 -36.8183 -543.298
v -0.00574686 -36.9783 -543.12
v 0.18842 -36.6059 -543.426
v -6.74846 -31.5542 -542.968
v -6.69362 -31.4576 -542.724
v -0.608354 -36.7202 -543.006
v -6.80777 -31.9146 -542.665
v -0.396312 -36.7988 -543.097
v -0.159855 -36.828 -543.21
v -6.85735 -32.258 -542.351
v -6.01401 -30.2645 -540.258
v 1.44773 -32.6153 -538.14
v -5.94937 -30.8382 -539.883
v -0.36358 -36.4156 -543.412
v -0.282231 -36.6533 -543.293
v -0.160434 -36.3181 -543.515
v -0.506253 -36.2287 -543.487
v -0.158183 -36.4933 -543.421
v -0.0406056 -36.6476 -543.375
v 1.33296 -29.1239 -537.356
v 0.0513834 -36.3983 -543.51
v -6.86934 -32.0641 -542.801
v 1.15879 -34.6021 -547.273
v 1.13382 -34.6629 -546.905
v 1.03228 -34.7188 -547.149
v -5.18464 -30.7364 -538.55
v 0.84339 -34.8088 -547.097
v -2.97012 -28.9207 -545.477
v 2.26892 -31.7299 -546.029
v 2.4305 -31.905 -546.057
v 2.29374 -31.8912 -546.27
v -0.20207 -33.0361 -548.287
v -0.203598 -32.8011 -548.182
v -0.56826 -32.6422 -548.161
v -3.37657 -29.0169 -545.417
v -0.485597 -32.4109 -547.997
v 0.00481653 -32.4004 -547.893
v -0.349858 -32.6113 -548.104
v 0.00138516 -32.7567 -548.121
v -0.211767 -32.0216 -547.655
v -0.735796 -31.5344 -547.364
v -0.889308 -31.3352 -547.248
v -0.512601 -31.4519 -547.286
v -0.485955 -31.6415 -547.411
v 1.69222 -29.058 -537.579
v 0.266922 -31.6238 -547.253
v -2.91559 -28.6878 -545.318
v -0.958858 -32.8111 -548.244
v -1.19553 -32.8559 -548.23
v -1.1464 -32.6203 -548.129
v -1.37597 -32.5037 -548.029
v -1.38845 -32.9816 -548.243
v -1.60701 -32.6249 -548.058
v -1.58758 -32.3927 -547.935
v -1.17151 -32.3747 -547.981
v -4.56237 -35.8691 -546.288
v -4.37283 -35.7235 -546.397
v -2.91867 -23.4084 -540.888
v -3.16035 -23.2662 -540.9
v -3.21771 -23.6146 -541.192
v -2.49448 -23.8509 -540.954
v -2.65247 -23.6968 -540.954
v -2.39737 -24.4098 -541.27
v -2.41546 -24.6378 -541.472
v -2.55195 -24.472 -541.464
v -2.86404 -24.1794 -541.455
v 2.90392 -23.7977 -537.156
v 2.96592 -23.5255 -537.16
v 3.11027 -23.3925 -537.261
v 3.25771 -23.2456 -537.411
v 2.98111 -23.2381 -537.132
v 2.81796 -23.3388 -537.032
v 2.42938 -22.8406 -536.797
v 2.44401 -23.089 -536.832
v 2.81558 -23.0906 -537.007
v -5.5831 -29.4757 -539.369
v -5.56073 -27.0657 -542.159
v 2.50575 -33.4654 -539.265
v -5.56025 -27.0708 -541.878
v -5.69193 -27.4572 -541.916
v -5.58816 -27.1628 -541.601
v -5.68421 -27.5291 -541.679
v -4.32289 -26.2046 -543.238
v -2.69508 -28.5709 -545.32
v -4.59187 -25.8881 -542.67
v -4.84048 -25.9603 -542.621
v -4.51569 -26.0428 -542.86
v -2.96366 -29.1482 -545.663
v -4.63799 -25.0946 -542.269
v -4.79101 -25.2483 -542.302
v -4.41271 -25.1351 -542.367
v -4.58037 -25.3033 -542.407
v -4.18998 -25.117 -542.464
v -4.0553 -25.446 -542.799
v -4.00461 -25.6164 -542.967
v -3.95898 -25.7978 -543.134
v -4.35851 -32.4159 -546.865
v -4.3151 -26.0171 -543.033
v -5.23798 -26.3133 -542.349
v -5.27686 -26.1721 -542.134
v -5.22972 -26.555 -542.83
v -5.36105 -26.7261 -542.694
v -5.1571 -26.2501 -542.542
v -5.10607 -26.3754 -542.749
v -4.96112 -26.1767 -542.69
v -4.72537 -26.1072 -542.756
v -4.88698 -26.3026 -542.867
v -4.6723 -26.2324 -542.957
v -4.47162 -26.1668 -543.059
v -4.26881 -26.3213 -543.447
v -4.03655 -26.2972 -543.597
v -6.23803 -29.7115 -543.917
v -6.15757 -29.7408 -544.115
v -6.2792 -29.9399 -544.001
v -6.40572 -30.0841 -543.852
v -5.44437 -32.2407 -538.514
v -5.6986 -29.0874 -544.452
v -5.71245 -29.4173 -544.639
v -5.95238 -29.2944 -544.233
v -6.0599 -29.2806 -544.013
v -5.83764 -29.0876 -544.264
v -5.82205 -29.3113 -544.446
v -5.83321 -29.5754 -544.577
v -6.06088 -29.7591 -544.317
v -6.18444 -29.9827 -544.228
v -4.36331 -26.7803 -543.906
v -4.50224 -26.981 -543.985
v -2.89507 -26.3886 -543.736
v -2.70184 -26.3218 -543.639
v -3.59639 -32.2093 -547.044
v -3.63208 -32.4126 -547.137
v -3.43582 -31.2539 -546.619
v -2.99408 -31.1177 -546.673
v -3.20986 -31.2599 -546.671
v -2.80031 -31.2048 -546.775
v -3.01842 -31.3692 -546.772
v -3.35168 -31.7573 -546.863
v -3.8573 -31.9338 -546.783
v -3.84261 -32.3054 -547
v -3.72213 -31.7532 -546.728
v -4.328 -31.4762 -546.438
v -3.97263 -32.147 -546.863
v -4.36572 -31.6813 -546.494
v -5.56125 -29.7147 -539.251
v -3.15585 -29.0708 -545.54
v -3.59847 -29.4508 -545.714
v -3.5695 -29.0857 -545.411
v -6.64529 -30.5194 -543.586
v -6.64446 -30.7347 -543.676
v -6.66994 -30.7521 -543.429
v -6.66926 -30.9567 -543.597
v -6.67973 -31.0378 -543.346
v 2.44115 -33.2348 -539.13
v -6.67289 -31.0916 -543.083
v -6.84521 -31.5841 -543.643
v -2.97244 -26.7688 -543.965
v -6.71601 -31.273 -543.35
v -6.77068 -31.4138 -543.494
v -6.76504 -31.4947 -543.22
v -6.68719 -31.3104 -542.899
v -6.65287 -34.7571 -546.182
v -7.00817 -33.4225 -545.22
v -7.04155 -33.4168 -544.966
v 0.470772 -27.5888 -538.056
v -6.89729 -33.1983 -545.355
v -6.57229 -32.0225 -544.944
v -6.63677 -32.3984 -545.154
v -6.74566 -32.793 -545.318
v -6.74815 -32.971 -545.492
v -6.81105 -33.2168 -545.559
v -6.82689 -33.4329 -545.631
v -6.56913 -33.2047 -545.911
v -6.65086 -33.7256 -545.956
v -6.70614 -33.3168 -545.769
v -6.39722 -33.1303 -546.077
v -6.69381 -34.2093 -546.018
v -6.26206 -29.7825 -541.239
v -6.60338 -33.4773 -545.95
v -6.52991 -33.8507 -546.12
v 0.700516 -27.8197 -537.839
v -6.33318 -30.9889 -544.632
v -6.44989 -31.3998 -544.748
v -6.58182 -31.3398 -544.398
v -6.80479 -32.0349 -542.413
v -6.68909 -31.7044 -542.284
v -6.80468 -32.1443 -542.144
v -6.79071 -32.3858 -541.553
v -6.73101 -32.2285 -541.481
v -6.89521 -32.5817 -541.806
v -5.99565 -29.8933 -540.467
v -5.96448 -29.6507 -540.507
v -5.75386 -29.5173 -539.736
v -5.6718 -29.4218 -539.566
v -5.86471 -29.5757 -540.114
v -5.80638 -29.6371 -539.91
v -5.81154 -29.386 -539.951
v -5.4701 -30.1119 -539.125
v -5.38653 -30.2776 -538.982
v -5.08128 -30.3769 -538.335
v -5.21523 -29.9765 -538.407
v -5.06677 -29.9652 -538.168
v -2.68895 -26.7529 -543.892
v -5.20567 -30.2138 -538.488
v -5.17573 -30.4585 -538.544
v -5.28196 -30.2836 -538.723
v -4.55332 -26.8154 -543.82
v -6.3639 -28.7857 -542.469
v -4.23491 -26.4355 -543.633
v -6.23691 -28.4641 -542.684
v -6.2901 -28.5407 -542.434
v -6.18486 -28.3056 -542.497
v -6.54529 -29.983 -542.224
v -6.51704 -29.7755 -542.181
v -6.29018 -29.5207 -541.577
v -6.56756 -30.1815 -542.314
v -6.6025 -30.5766 -542.364
v -6.58071 -31.6915 -541.236
v -6.16401 -29.6589 -541.085
v -6.57861 -30.6248 -542.102
v -6.59738 -31.0189 -542.198
v -6.21721 -29.5733 -541.316
v -6.44299 -31.1154 -541.089
v -6.37733 -31.0897 -540.85
v -6.42104 -31.5166 -540.672
v -6.39829 -30.4517 -541.32
v -6.36857 -30.6588 -541.108
v -6.34288 -30.404 -541.119
v -6.38827 -30.9025 -541.029
v -6.25482 -30.7225 -540.667
v -6.2156 -30.482 -540.643
v -6.24306 -28.7356 -543.13
v -6.39981 -28.9262 -542.699
v -6.15031 -28.3815 -542.912
v -6.29512 -28.9477 -543.215
v -6.12493 -28.6084 -543.319
v -6.47403 -29.3387 -542.965
v -6.34676 -28.8728 -542.943
v -6.31468 -29.1702 -543.37
v -6.21084 -28.9808 -543.468
v -6.0373 -28.0706 -542.564
v -5.87396 -27.841 -542.63
v -5.96174 -27.9935 -542.781
v 0.837063 -27.5911 -537.808
v -6.11218 -28.231 -542.724
v -5.85788 -27.9282 -543.004
v -5.91705 -28.0833 -543.131
v -5.53824 -29.3958 -544.789
v -5.48779 -29.5918 -544.925
v -5.73167 -33.8251 -546.664
v -5.74728 -34.132 -546.721
v -5.57724 -32.2968 -538.688
v -5.51031 -27.3286 -541.164
v -5.98728 -32.662 -546.177
v -6.05821 -32.4797 -546.01
v -6.25136 -32.514 -545.858
v -6.38557 -32.7435 -545.887
v 1.26686 -27.2891 -537.502
v -6.31297 -32.9056 -546.078
v -6.19671 -32.6866 -546.047
v 1.39877 -27.9026 -537.604
v -5.5064 -27.0324 -541.222
v -5.97848 -33.0907 -546.338
v 0.1973 -35.9547 -539.003
v -6.10337 -32.8801 -546.217
v 1.27197 -28.1058 -537.606
v -5.86899 -32.8638 -546.316
v -5.85992 -33.2966 -546.46
v -6.20302 -33.1037 -546.229
v -5.46544 -26.6023 -541.71
v -5.31916 -32.1403 -538.37
v -6.00771 -33.5231 -546.435
v -6.09026 -33.3149 -546.338
v -4.55988 -30.8258 -545.944
v -4.89608 -30.9685 -545.866
v -4.61884 -30.6278 -545.813
v -6.00071 -34.7715 -539.314
v -4.91819 -29.8713 -545.368
v -4.80779 -30.0689 -545.431
v -4.74106 -30.2802 -545.539
v -4.59272 -30.0799 -545.539
v -4.30907 -30.2578 -545.802
v -4.69786 -30.4517 -545.672
v -4.84407 -30.6205 -545.693
v -4.97864 -30.8055 -545.733
v -5.32098 -31.0602 -545.686
v -4.66644 -32.288 -546.663
v -4.45698 -32.2429 -546.738
v -5.23943 -33.3007 -546.783
v -4.81172 -32.5101 -546.709
v -5.58612 -32.3272 -546.205
v -5.40315 -32.3822 -546.332
v -5.61951 -32.7922 -546.419
v -5.95208 -31.8252 -545.67
v -5.77678 -32.0749 -545.935
v -5.06498 -31.3505 -545.985
v -5.19906 -31.217 -545.824
v -3.71673 -30.841 -546.327
v -3.95703 -30.9474 -546.316
v -3.70196 -30.6227 -546.211
v -5.46627 -26.244 -541.451
v -3.36246 -31.0565 -546.55
v -3.31661 -30.8237 -546.43
v -2.22803 -29.6338 -546.153
v -2.357 -29.8287 -546.21
v -2.53494 -30.0051 -546.241
v -0.110861 -27.6422 -538.378
v -2.73785 -30.137 -546.248
v -2.93106 -30.276 -546.258
v -6.11169 -29.4 -541.144
v -4.39268 -30.6257 -545.918
v -4.50948 -31.0034 -546.079
v -4.40053 -31.1533 -546.232
v -4.62572 -31.2054 -546.16
v -4.10661 -30.8162 -546.157
v -4.16937 -31.0485 -546.283
v -4.16082 -30.6192 -546.022
v -6.13147 -29.0172 -541.329
v -4.46569 -30.4436 -545.802
v -3.43281 -29.9654 -546.026
v -3.55166 -30.228 -546.089
v -3.66761 -30.031 -545.975
v -3.80529 -30.2312 -546.006
v -3.98669 -30.4217 -546.013
v -3.51696 -30.4762 -546.194
v -3.93582 -30.603 -546.115
v -2.9177 -30.4985 -546.379
v -3.30543 -30.5901 -546.307
v -2.68307 -30.5466 -546.493
v -2.9492 -30.8763 -546.581
v -3.10601 -30.701 -546.429
v -3.5036 -30.7134 -546.315
v -2.5112 -30.851 -546.716
v -4.53339 -33.3105 -547.069
v -4.81285 -33.7412 -547.032
v -0.000176284 -30.6161 -546.775
v -0.155473 -30.7384 -546.876
v -3.64398 -26.336 -536.542
v -0.0416287 -30.2284 -546.557
v -1.14 -30.7381 -546.903
v -1.13685 -30.518 -546.795
v -1.15136 -26.6394 -537.593
v -1.10124 -26.9743 -537.351
v -1.16052 -26.3607 -537.659
v -5.94137 -29.0295 -540.608
v 0.29597 -27.7899 -538.117
v -1.12781 -26.921 -537.85
v -1.44378 -28.7205 -536.479
v 0.0777489 -27.7491 -538.28
v -1.49613 -28.9533 -536.51
v -1.69636 -28.8102 -536.407
v -1.61332 -28.5812 -536.394
v -1.72806 -27.9654 -536.463
v -1.54707 -28.3598 -536.43
v -1.62546 -28.1592 -536.442
v -2.23223 -26.0891 -536.112
v -2.29121 -26.5459 -536.183
v -1.77749 -26.3609 -536.396
v -1.90583 -26.7396 -536.408
v -3.68571 -24.6756 -536.381
v -3.71064 -24.9485 -536.435
v -4.50141 -24.1742 -537.569
v -4.37987 -24.1822 -537.339
v -4.25459 -24.2304 -537.135
v -4.72188 -24.3052 -537.983
v -4.6624 -24.5268 -537.838
v -4.46518 -24.3467 -537.448
v -4.56837 -24.4347 -537.627
v -4.35068 -24.4064 -537.262
v -4.22074 -24.4746 -537.08
v -1.57568 -34.2763 -548.339
v -3.81469 -24.8274 -536.561
v -2.74788 -24.5189 -535.723
v -2.26921 -24.1312 -535.742
v -1.32248 -24.148 -536.475
v -0.874893 -27.9043 -537.609
v -1.30247 -23.8724 -536.4
v -1.23086 -23.442 -536.35
v -3.64127 -24.9454 -542.434
v -1.37154 -24.4109 -536.47
v -1.62288 -23.948 -536.128
v -1.43916 -23.8418 -536.238
v -1.90725 -23.64 -535.894
v -1.74448 -23.7936 -536.014
v -1.8424 -24.0499 -536.006
v -2.37185 -20.904 -536.306
v -2.03761 -24.2086 -535.899
v -2.01262 -24.444 -535.964
v -2.19815 -24.3672 -535.817
v -2.75719 -24.0472 -535.703
v -2.9808 -24.4161 -535.784
v -2.6925 -23.7847 -535.698
v -2.61914 -24.2884 -535.671
v -2.4159 -24.3103 -535.699
v -2.52243 -24.5971 -535.721
v -2.32242 -24.7791 -535.842
v -2.2819 -25.0482 -535.903
v -2.15572 -24.6241 -535.908
v -2.12228 -24.8644 -535.982
v -1.95539 -25.3344 -536.102
v -1.76359 -25.4235 -536.232
v -2.15022 -25.2474 -535.986
v -2.12276 -25.482 -536.015
v -1.83564 -25.1544 -536.188
v -2.04664 -25.0809 -536.047
v -4.95274 -30.527 -538.176
v -4.82362 -30.4849 -537.95
v -4.97443 -30.7362 -538.223
v -5.07917 -31.1397 -538.234
v -4.80126 -30.8976 -537.93
v -5.35669 -28.6594 -539.786
v -5.49347 -28.8165 -539.848
v -5.79145 -28.465 -540.932
v -5.68246 -28.6147 -540.509
v -5.54269 -28.5742 -540.286
v -5.73032 -28.9398 -540.17
v -5.57644 -29.2279 -539.539
v -5.47835 -29.2832 -539.333
v -5.35805 -29.2933 -539.13
v -5.32655 -29.6388 -538.794
v -4.99654 -28.8317 -538.967
v -5.39312 -29.8631 -538.818
v -5.2946 -29.8104 -538.602
v -5.19314 -29.5755 -538.612
v -5.16185 -29.715 -538.429
v -5.06245 -29.3521 -538.617
v -4.92025 -29.3032 -538.451
v -4.97101 -29.6046 -538.257
v -5.07081 -29.1871 -538.775
v -5.09477 -29.0309 -538.955
v -4.91173 -29.1312 -538.581
v -4.79355 -28.9288 -538.505
v -2.5995 -28.1027 -536.328
v 0.644807 -37.5273 -540.484
v -2.11263 -28.1516 -536.334
v -2.35851 -28.1361 -536.323
v -2.24121 -28.3598 -536.333
v -1.99509 -28.3741 -536.343
v -6.13665 -28.8193 -541.429
v -1.98338 -29.4077 -536.49
v -1.96031 -29.1866 -536.437
v 2.62593 -22.9493 -536.895
v 0.615255 -24.9887 -537.861
v 0.391128 -25.1884 -538.122
v 1.25087 -24.0707 -537.145
v 1.0876 -23.9391 -537.274
v 1.12606 -23.628 -541.825
v 1.08445 -23.9708 -542.101
v 0.928819 -25.9768 -543.362
v 0.711208 -24.184 -542.384
v 0.714962 -23.9729 -542.259
v 0.925287 -24.3276 -542.336
v 0.860401 -24.5663 -542.454
v 0.720682 -24.3771 -542.45
v -5.83542 -30.047 -539.966
v 0.890983 -24.0685 -542.231
v 1.75015 -23.1768 -541.331
v 1.6831 -23.5346 -541.614
v 3.19383 -20.2623 -537.172
v 3.23925 -20.4318 -537.249
v 3.16849 -20.3373 -537.476
v 3.01806 -20.1595 -537.315
v 3.06167 -20.3739 -537.732
v 2.67191 -20.3301 -537.934
v 3.0564 -20.6875 -538.228
v 2.48355 -20.3593 -538.126
v 2.53131 -20.4536 -538.331
v 0.731265 -37.6009 -540.71
v 2.58868 -20.2263 -537.74
v 2.03305 -20.0145 -537.471
v 1.96566 -20.088 -537.703
v 2.06838 -20.3119 -538.295
v 1.97708 -20.7426 -539.081
v 1.78617 -20.6629 -538.924
v 2.77518 -29.0329 -538.988
v 2.85632 -29.1827 -539.197
v 2.93657 -29.0431 -539.381
v 2.63986 -29.53 -538.603
v 2.70601 -29.4518 -538.852
v 2.64362 -29.3012 -538.644
v 2.71046 -29.197 -538.825
v 2.60342 -29.0408 -538.626
v 2.55106 -29.1592 -538.457
v 2.53678 -28.7823 -538.644
v 2.67283 -28.7857 -538.884
v -5.9091 -30.2296 -540.04
v 2.7835 -28.79 -539.1
v 2.66371 -28.4218 -539.254
v 2.67191 -28.5999 -539.054
v 2.10298 -28.04 -538.402
v 2.29664 -28.3488 -538.58
v 2.2006 -28.1018 -538.581
v 2.4327 -28.4087 -538.784
v 2.53634 -28.2476 -539.203
v 2.55309 -28.4272 -539.013
v 0.386562 -37.4764 -540.45
v 0.505364 -27.8162 -537.955
v 2.65499 -26.8559 -539.649
v 2.55571 -27.0435 -539.544
v 2.63276 -26.8735 -539.359
v 2.73468 -26.6881 -539.539
v -1.88641 -25.0184 -540.146
v 2.3935 -31.6587 -538.639
v 1.81515 -32.068 -538.186
v 1.98366 -32.1377 -538.365
v 2.18326 -32.123 -538.553
v 2.12733 -32.4992 -538.595
v 2.23288 -32.9424 -538.841
v 2.31391 -32.5106 -538.79
v 2.5025 -32.7861 -539.089
v 2.44358 -32.3059 -538.892
v 2.45061 -31.8819 -538.776
v 2.36486 -32.1107 -538.743
v 2.59712 -31.8737 -538.957
v 2.63651 -32.2161 -539.106
v 2.80392 -32.1893 -539.314
v -5.93418 -30.0264 -540.228
v 2.96506 -32.1944 -539.53
v 3.05731 -32.399 -539.698
v 3.10872 -32.174 -539.73
v 3.22013 -32.0093 -539.884
v 3.1545 -31.8002 -539.731
v 1.21566 -25.7858 -542.941
v 2.80218 -30.4266 -538.986
v 2.67017 -30.3258 -538.816
v 1.072 -35.5523 -538.936
v 3.06491 -30.6229 -539.337
v 2.70867 -30.804 -538.779
v 2.84005 -30.6779 -538.96
v 2.74837 -31.033 -544.882
v 2.50945 -30.9643 -545.2
v 2.8102 -30.7765 -544.56
v 2.70676 -30.8077 -544.765
v 2.57239 -30.6373 -544.864
v 2.67471 -30.5808 -544.627
v 2.5833 -30.33 -544.598
v 2.48651 -30.1024 -544.587
v -1.99734 -25.2738 -540.52
v 3.62481 -31.5255 -543.361
v 3.51296 -31.3289 -543.486
v 3.28538 -31.2776 -544.094
v 3.41062 -31.3887 -543.919
v 3.40596 -31.1417 -543.613
v 3.45149 -31.3386 -543.724
v 3.32892 -31.1459 -543.859
v 3.09338 -30.8492 -544.072
v 3.70777 -33.2895 -545.636
v 3.59322 -33.0744 -545.586
v 3.86612 -33.4021 -545.444
v 3.74539 -33.1906 -545.414
v 2.1128 -23.6625 -541.473
v 2.19012 -23.8595 -541.519
v 1.24949 -37.7869 -541.284
v 2.80218 -25.874 -541.075
v 2.84327 -26.0406 -540.882
v 4.5499 -34.3894 -544.46
v 4.46128 -34.2237 -544.6
v 4.37164 -34.0686 -544.773
v 4.56421 -34.2235 -544.092
v 4.65079 -34.4754 -543.997
v 4.59209 -34.2524 -543.85
v 4.4575 -33.983 -544.199
v 4.41654 -34.026 -544.481
v 0.930565 -26.1324 -543.51
v -6.82474 -32.7824 -545.049
v 4.4025 -33.5297 -542.899
v 4.40832 -33.6418 -543.576
v 2.74075 -34.8537 -539.926
v 4.48661 -33.8627 -543.511
v 4.35721 -33.477 -543.411
v 4.31555 -33.5794 -543.987
v 4.46553 -33.8338 -543.753
v 4.51662 -34.0268 -543.942
v 4.34914 -33.7303 -544.183
v 4.35357 -33.831 -544.396
v 3.06308 -34.8848 -540.394
v -0.900296 -33.4838 -548.461
v -0.728117 -33.2889 -548.418
v -0.589165 -33.0635 -548.342
v -0.237302 -33.2937 -548.372
v -1.65715 -34.0332 -548.358
v -1.91629 -34.0858 -548.231
v -1.25367 -33.8668 -548.462
v -1.46878 -33.826 -548.412
v -1.18382 -33.1436 -548.329
v -1.1433 -33.4201 -548.413
v -1.33414 -33.5832 -548.41
v -1.57861 -33.5881 -548.355
v -1.09223 -33.6673 -548.474
v -1.02632 -33.9262 -548.514
v -0.840172 -33.7173 -548.51
v -0.545465 -33.9919 -548.54
v -0.734264 -34.2079 -548.555
v -0.0502087 -33.4323 -548.371
v 0.40593 -33.5741 -548.286
v 0.0426081 -33.837 -548.413
v 0.526123 -33.3663 -548.213
v 0.655705 -33.5521 -548.184
v -0.353285 -33.5348 -548.455
v -0.130815 -33.6558 -548.433
v -0.352831 -33.794 -548.495
v -0.637683 -33.5165 -548.484
v 1.95863 -31.6907 -546.484
v 2.14074 -31.9984 -546.622
v 1.7256 -31.6668 -546.649
v 1.72884 -31.8672 -546.83
v 1.67017 -31.3141 -546.366
v 1.57695 -31.451 -546.541
v 1.19298 -32.4068 -547.531
v -2.71401 -23.8492 -541.109
v 0.978616 -32.4947 -547.693
v 0.732102 -32.5657 -547.828
v 1.1565 -32.2316 -547.418
v 0.800968 -32.3893 -547.678
v 1.16347 -36.1626 -539.535
v 1.23122 -36.3531 -539.681
v 0.730795 -26.3347 -543.806
v 1.45474 -36.4006 -539.844
v 2.87366 -36.3592 -541.842
v 2.28247 -37.111 -540.779
v 2.33644 -36.8764 -540.721
v 2.10886 -37.2511 -540.69
v 2.38546 -37.2164 -540.966
v 2.56865 -36.8984 -541.093
v 1.79169 -36.8265 -540.264
v 1.95015 -37.1531 -540.523
v 2.14688 -36.8129 -540.511
v 2.05966 -37.7588 -541.523
v -2.9789 -24.0096 -541.409
v -2.73963 -24.3503 -541.497
v 2.16122 -37.8035 -541.311
v 2.15931 -37.7665 -541.079
v -2.75496 -24.6777 -541.771
v -2.5886 -25.0063 -541.924
v 2.00222 -37.7486 -540.884
v 2.22698 -37.5922 -540.967
v 2.51442 -37.1661 -541.399
v -3.42174 -25.3838 -542.831
v 2.48983 -37.1774 -541.155
v 2.38085 -37.4153 -541.089
v -2.42776 -25.0687 -541.77
v 2.25158 -37.3604 -540.87
v 2.08472 -37.5007 -540.789
v 1.91347 -37.5879 -540.712
v -3.01906 -25.3837 -542.644
v 1.71444 -37.5058 -540.573
v 2.63363 -35.1764 -545.519
v 1.58247 -36.9887 -540.221
v -2.56193 -25.3785 -542.075
v 2.76925 -36.4051 -541.06
v 2.78404 -36.5576 -541.261
v 2.90387 -36.3201 -541.246
v 2.62212 -36.5202 -540.896
v 2.88823 -36.1661 -541.071
v 3.99972 -34.4722 -541.571
v 3.81958 -34.8442 -541.604
v 3.90089 -34.4167 -541.33
v 3.86933 -34.6362 -541.487
v 0.57338 -26.6335 -544.117
v 2.45351 -35.0554 -539.723
v 2.30999 -35.4264 -539.89
v 2.12084 -35.4389 -539.703
v -0.304053 -36.7726 -539.455
v -3.0231 -23.6757 -541.156
v -0.590229 -36.4318 -539.214
v -0.455862 -36.6054 -539.341
v -0.0541043 -36.7581 -539.445
v -0.372534 -36.4222 -539.213
v 0.188756 -36.7117 -539.45
v 0.533755 -36.7238 -539.544
v 0.639681 -36.5082 -539.458
v 1.03676 -36.885 -539.857
v 3.41021 -35.0537 -545.847
v 3.55339 -35.3262 -545.648
v 3.30563 -34.9013 -545.939
v 3.34744 -35.2082 -545.724
v 3.08046 -35.2257 -545.645
v 3.29266 -35.3567 -545.588
v 3.06618 -35.4175 -545.484
v -0.494475 -33.1578 -537.431
v -2.3709 -32.792 -536.882
v 2.62781 -32.6066 -539.196
v -6.67798 -31.556 -544.334
v 3.74891 -31.8369 -541.059
v 3.69424 -31.9334 -540.879
v 3.70717 -32.3038 -540.711
v 3.81723 -32.5315 -540.822
v 3.69366 -32.1035 -540.804
v 3.70905 -32.5143 -540.611
v 3.78548 -32.7541 -540.689
v 3.44949 -32.111 -540.316
v 3.58163 -32.2868 -540.483
v 3.57305 -32.4729 -540.412
v 3.44688 -32.3236 -540.256
v -3.31948 -23.761 -541.375
v 3.32739 -32.418 -540.069
v 3.32943 -32.6665 -540.092
v 3.20803 -32.2785 -539.894
v 3.1961 -32.5292 -539.902
v 3.07051 -32.6587 -539.76
v 2.92932 -32.7889 -539.603
v -3.2111 -30.5122 -536.57
v -3.35959 -30.7031 -536.657
v -3.26821 -30.9357 -536.711
v -3.03483 -30.9777 -536.65
v -3.20377 -23.9617 -541.5
v -2.98597 -31.2118 -536.695
v -2.76066 -31.2462 -536.666
v -2.79795 -31.0374 -536.629
v -2.59386 -30.938 -536.609
v -2.33446 -31.0952 -536.69
v -1.97046 -30.9614 -536.77
v -1.8345 -31.1659 -536.8
v -1.85583 -31.4016 -536.803
v -1.86532 -31.6711 -536.811
v -1.48966 -31.8073 -536.817
v -2.31503 -31.3466 -536.719
v -2.07706 -31.4661 -536.773
v -2.68756 -30.0073 -536.483
v -2.68162 -29.7092 -536.507
v -3.41388 -23.22 -540.956
v -2.4805 -30.1223 -536.509
v -2.42872 -30.3424 -536.569
v -2.59995 -30.4742 -536.537
v -2.3988 -30.8379 -536.638
v -6.29695 -31.533 -545.141
v -2.53853 -31.1787 -536.662
v -2.59586 -31.3902 -536.683
v -6.30806 -33.3463 -546.206
v -6.45581 -33.5919 -546.134
v -0.666552 -36.0829 -538.91
v -0.549125 -35.7576 -538.603
v -1.574 -35.7207 -538.293
v -1.76856 -35.8475 -538.366
v -1.15948 -35.8586 -538.519
v -1.31956 -35.7634 -538.372
v -1.03424 -35.7395 -538.426
v -3.47587 -22.8394 -540.703
v -3.67279 -23.1993 -540.999
v -3.69397 -22.841 -540.726
v -0.206792 -35.5064 -538.365
v -0.029242 -35.4239 -538.263
v -0.618925 -35.6089 -538.415
v -0.778705 -35.7465 -538.519
v -0.317006 -35.7665 -538.676
v -0.378276 -35.6211 -538.487
v -6.61305 -32.7193 -545.528
v 1.95394 -33.2803 -538.669
v 1.53755 -33.2726 -538.369
v 1.65284 -33.4553 -538.464
v -3.58471 -38.5237 -540.558
v -3.57427 -22.1717 -540.09
v -3.49832 -38.3891 -540.351
v -3.89178 -38.2903 -540.225
v -3.64628 -38.2614 -540.201
v -4.13531 -38.3185 -540.256
v -4.49873 -37.0755 -539.241
v -4.2391 -37.0988 -539.19
v -3.66419 -37.3087 -539.283
v -3.50191 -37.4643 -539.433
v -3.39185 -37.6276 -539.611
v -3.25702 -37.489 -539.48
v -0.806507 -37.0061 -540.937
v -1.0014 -37.0237 -541.022
v -6.41658 -32.084 -545.333
v -1.15629 -36.8841 -541.443
v -1.05952 -36.9569 -541.235
v -1.45195 -36.8902 -541.681
v -1.3564 -36.9954 -541.506
v -1.86507 -36.5403 -542.44
v -1.99611 -36.7676 -542.416
v -2.6391 -37.2383 -539.382
v -2.32488 -36.9953 -539.261
v -2.04719 -37.2604 -539.615
v -1.90629 -37.1028 -539.517
v -1.77936 -37.4714 -539.905
v -1.69376 -36.9765 -539.471
v -2.00265 -36.8003 -539.186
v -1.75928 -36.8125 -539.273
v -2.63341 -32.3746 -536.781
v 0.38797 -26.5081 -544.165
v -1.29496 -37.5061 -540.342
v -1.45313 -37.5482 -540.151
v -3.96393 -22.3305 -540.119
v -1.89265 -37.6894 -540.062
v -3.77197 -22.352 -540.228
v 0.174803 -31.8383 -547.435
v -0.918887 -37.2543 -540.326
v -1.13061 -37.2849 -540.675
v -1.14453 -37.2056 -540.897
v -1.12078 -37.3438 -540.449
v 0.0324611 -32.0245 -547.608
v -1.3103 -37.4241 -540.102
v -1.11328 -37.3454 -540.227
v -1.54523 -37.4421 -539.968
v -1.36873 -37.29 -539.903
v 0.751523 -31.3011 -546.877
v -1.67483 -37.6076 -540.083
v 1.16981 -33.2545 -538.146
v 1.26485 -33.5184 -538.244
v 1.35652 -34.0455 -538.305
v 1.1779 -33.7008 -538.213
v 0.954811 -33.2998 -538.042
v 1.06038 -33.49 -538.138
v 0.557737 -33.7498 -537.924
v 0.645499 -33.5428 -537.943
v -0.315044 -19.1588 -536.113
v -0.0888688 -19.2176 -536.145
v -0.243615 -19.0864 -536.317
v -0.222226 -19.3367 -535.941
v -0.514432 -19.7169 -535.858
v -0.664864 -19.9385 -535.882
v -0.429803 -19.2808 -535.965
v -0.450159 -19.482 -535.862
v -0.838823 -19.3606 -535.942
v -0.785448 -19.1604 -536.086
v -0.839382 -18.9463 -536.478
v -0.711186 -19.0304 -536.263
v -0.625689 -18.9813 -536.458
v -0.434077 -19.0027 -536.517
v 0.152122 -19.4021 -536.738
v 0.137323 -19.5958 -536.682
v -1.17037 -36.2563 -542.878
v 0.148761 -19.273 -536.519
v 0.165119 -19.5125 -536.453
v 0.06774 -19.2009 -536.784
v 0.131491 -32.2329 -547.742
v -0.0818595 -19.8754 -536.163
v 0.119085 -19.5372 -536.195
v -0.0147633 -19.4292 -536.022
v 0.104786 -19.3297 -536.265
v 0.24511 -32.4418 -547.87
v 0.366366 -32.2857 -547.731
v -0.21361 -19.049 -536.549
v -0.0195919 -19.1377 -536.369
v -0.656152 -18.9506 -536.68
v -0.397532 -18.9961 -536.744
v -1.75769 -19.4711 -536.164
v -1.77665 -19.7119 -536.057
v -4.33226 -21.798 -538.228
v -4.23075 -21.7185 -537.981
v -1.0941 -36.3867 -542.661
v -4.54424 -22.1123 -538.855
v -4.48822 -22.0045 -538.659
v -2.70576 -20.0102 -538.418
v -2.89069 -20.1683 -538.534
v -3.05654 -20.2246 -538.406
v -2.48234 -19.847 -538.32
v -2.8932 -20.0822 -538.307
v 0.40843 -31.9529 -547.463
v -3.40423 -20.6672 -538.791
v -3.21 -20.3673 -538.504
v -3.26906 -20.4912 -538.69
v -2.9013 -20.0279 -538.08
v -3.0657 -20.1688 -538.172
v -1.53087 -19.1257 -536.337
v -1.68238 -19.1314 -536.483
v 3.26581 -25.0999 -538.963
v -6.52665 -32.3215 -545.338
v -1.93692 -19.3575 -537.76
v -2.21652 -19.5697 -537.983
v -1.73137 -19.1836 -537.474
v -2.38609 -20.3006 -538.758
v -2.81283 -20.4701 -538.888
v -1.31768 -20.3481 -538.423
v -0.607297 -19.5314 -537.775
v -0.556893 -19.3249 -537.646
v -0.388421 -19.521 -537.635
v -0.425378 -19.7099 -537.737
v -0.674444 -19.7342 -537.896
v -6.4824 -32.4705 -545.537
v -0.469773 -19.8999 -537.819
v -0.818745 -20.1498 -538.077
v -1.34696 -20.0913 -538.367
v -1.6804 -20.2831 -538.585
v -1.69714 -19.9149 -538.418
v -5.16789 -32.4581 -538.142
v -5.05665 -32.0468 -538.084
v -4.91198 -32.0625 -537.938
v -4.98976 -32.579 -537.987
v -4.85555 -32.8051 -537.896
v -5.10604 -33.1385 -538.071
v -6.08133 -35.9694 -539.561
v -5.92628 -35.6152 -539.326
v -6.19987 -35.5645 -539.662
v -6.33021 -35.9151 -539.875
v -5.25116 -33.8067 -538.361
v -5.16571 -34.0633 -538.333
v -3.35622 -34.9363 -537.944
v -3.21519 -35.1688 -537.971
v -3.58376 -35.3021 -538.083
v -3.49809 -35.4827 -538.109
v -3.62432 -34.8898 -537.982
v -3.45716 -35.1101 -538.001
v -4.30831 -34.6053 -538.093
v -4.16351 -34.4775 -537.965
v -3.92312 -34.5427 -537.911
v -3.70391 -34.6602 -537.907
v -5.71861 -27.7504 -541.628
v -5.84898 -28.0804 -541.699
v -0.379271 -31.8409 -547.546
v -5.65823 -27.6717 -541.445
v -6.33581 -28.7386 -542.242
v -6.26568 -28.5362 -542.148
v -6.1468 -28.3834 -541.968
v -6.20586 -28.3461 -542.251
v -0.0810632 -31.8462 -547.496
v -6.06148 -28.1917 -542.109
v -6.0769 -28.1362 -542.339
v -5.92702 -27.918 -542.411
v -5.93383 -27.9888 -542.19
v -5.81846 -27.84 -542.025
v -5.82496 -27.7698 -542.257
v -0.288629 -31.395 -547.212
v -5.976 -28.3709 -541.525
v -5.999 -28.2073 -541.896
v -6.12224 -28.49 -541.717
v -4.87055 -27.0255 -539.735
v -4.84125 -27.1429 -539.515
v -5.01901 -23.7763 -540.796
v -5.10484 -23.7825 -540.571
v -4.65167 -22.903 -538.31
v -4.55577 -23.2259 -538.074
v -4.58522 -22.741 -538.133
v -4.57184 -22.9807 -538.079
v 0.548781 -31.0042 -546.814
v -4.72547 -22.9314 -538.527
v -4.81512 -23.4106 -538.512
v -4.84307 -23.0644 -538.897
v -4.92296 -23.4705 -538.715
v -4.83804 -23.1937 -538.662
v -4.6841 -22.6001 -538.857
v -4.78176 -22.9565 -538.725
v -4.8358 -24.6562 -538.513
v -4.89745 -24.6389 -538.744
v -4.76895 -25.1007 -538.517
v -4.75076 -24.4948 -538.096
v -4.72095 -24.8783 -538.17
v -4.60626 -24.7784 -537.788
v -5.11608 -24.0801 -539.261
v -5.04598 -23.9495 -539.047
v -5.15508 -24.5431 -539.514
v -5.12391 -24.3331 -539.328
v -5.03624 -24.4509 -539.106
v -4.9703 -24.3797 -538.873
v -3.36632 -26.5637 -536.339
v -3.46997 -26.373 -536.383
v -4.54589 -24.6738 -537.621
v -4.47852 -24.9391 -537.578
v -4.78111 -24.8602 -538.411
v -4.72751 -25.0502 -538.312
v -4.55886 -24.9986 -537.775
v -4.6472 -24.9381 -537.966
v -3.43087 -27.0228 -536.471
v -3.60068 -27.0475 -536.671
v -3.41117 -27.4304 -536.528
v -3.63376 -27.2578 -536.76
v -3.62462 -28.7097 -537.104
v 0.799042 -30.8863 -546.661
v -3.68217 -28.3227 -537.153
v -3.72495 -28.5036 -537.194
v -3.76829 -28.1037 -537.233
v -3.60274 -28.201 -537.029
v -3.70686 -27.954 -537.097
v -3.54066 -28.0398 -536.887
v -3.86007 -27.4781 -537.18
v -3.80814 -27.7151 -537.179
v -1.82303 -22.8705 -538.284
v -1.13483 -21.3739 -537.788
v -1.35962 -21.383 -538.189
v -0.566616 -20.5319 -536.361
v -0.454322 -20.5822 -536.556
v -0.371855 -20.6008 -536.772
v -0.4842 -20.8092 -536.919
v -0.635056 -21.0341 -537.007
v -0.441119 -20.6849 -537.123
v -0.081248 -19.3486 -537.249
v -0.217863 -19.4454 -537.461
v -0.0924966 -19.5616 -537.362
v -0.283407 -19.9103 -537.634
v 3.44693 -36.2697 -542.878
v -0.208615 -19.7008 -537.544
v -0.070455 -19.7538 -537.298
v 3.64746 -36.1666 -542.786
v 3.87536 -36.3225 -543.186
v -0.515523 -20.1114 -537.85
v -0.657005 -19.971 -537.956
v -0.0728652 -20.1042 -536.518
v 0.0157696 -19.9262 -536.395
v 0.119005 -19.7543 -536.535
v 0.0992763 -19.732 -536.285
v 0.058799 -19.3224 -537.022
v 0.332658 -34.8457 -545.644
v 0.0177682 -19.5412 -537.147
v 0.0371331 -19.954 -536.658
v 0.0760356 -19.7733 -536.803
v 0.0969881 -19.5582 -536.927
v 3.31257 -24.855 -539.068
v 0.0204235 -19.7608 -537.049
v -0.0757385 -19.9548 -537.165
v -0.283343 -20.1315 -537.489
v -0.164336 -19.9292 -537.418
v -0.533162 -20.3205 -537.752
v -0.389857 -20.1314 -537.68
v -3.24163 -24.4901 -541.916
v -1.35351 -24.3402 -537.437
v -1.38375 -24.6292 -537.66
v -3.37423 -20.9368 -537.28
v -3.46378 -21.1541 -537.175
v -4.10399 -21.5257 -537.857
v -4.02681 -21.5379 -537.636
v -3.91263 -21.5286 -537.405
v -4.14013 -21.7213 -537.72
v -3.7628 -21.4772 -537.215
v -3.77141 -21.6439 -537.036
v -6.2721 -32.0614 -545.525
v -3.76763 -21.3448 -537.43
v -2.40954 -21.6541 -536.078
v -1.84536 -22.6036 -535.871
v -6.12095 -32.0698 -545.672
v -1.35495 -22.0264 -536.022
v -1.29023 -21.7947 -536.092
v -1.50219 -21.8203 -535.993
v -1.74794 -21.9201 -535.922
v -1.92072 -21.7899 -535.925
v -1.96626 -22.048 -535.888
v -1.56562 -22.0348 -535.942
v -1.74429 -22.1732 -535.898
v -1.26922 -22.2514 -536.071
v -1.20847 -22.4868 -536.158
v -1.43097 -22.444 -536.006
v -1.50092 -22.2399 -535.963
v -1.91907 -22.3169 -535.868
v -1.68227 -22.4203 -535.918
v 1.52399 -34.2839 -546.38
v -2.06701 -22.4438 -535.844
v -2.21547 -21.5828 -536.024
v 1.86625 -34.1529 -546.322
v -2.1414 -21.8877 -535.929
v -2.17418 -22.1983 -535.885
v 3.43914 -23.3479 -537.979
v -3.15753 -27.7369 -536.389
v -2.59157 -22.123 -536
v -2.29179 -22.4636 -535.833
v -2.36178 -22.0439 -535.953
v 3.40408 -24.1032 -538.516
v -2.67228 -22.3694 -535.933
v -3.45556 -21.9332 -536.558
v -1.32274 -35.0239 -545.282
v -3.1658 -22.0103 -536.298
v -1.3999 -35.1425 -545.513
v -2.94313 -23.0652 -535.834
v -2.7777 -23.2902 -535.745
v -3.14456 -23.1142 -535.97
v -6.03885 -31.4121 -545.395
v -3.35211 -23.4276 -536.193
v -3.40491 -23.6603 -536.198
v -2.48643 -35.043 -545.675
v -3.4544 -23.0556 -536.263
v -3.6291 -22.7867 -536.448
v -1.06895 -36.2841 -543.08
v -3.98948 -22.2912 -537.029
v -3.73272 -22.1582 -536.73
v -3.8172 -22.352 -536.784
v -3.63744 -21.9591 -536.7
v -3.54973 -22.1604 -536.548
v -3.49907 -23.2671 -536.313
v -2.24428 -35.2268 -546.19
v -3.77671 -22.9684 -536.582
v 3.38054 -24.417 -538.963
v -3.7634 -22.7441 -536.611
v -3.68488 -22.5503 -536.571
v -5.62783 -36.6211 -542.675
v -5.95376 -36.4601 -542.869
v -5.57187 -36.1076 -543.221
v -5.82737 -36.1848 -543.22
v -6.22666 -36.283 -543.098
v -6.00708 -36.2968 -543.071
v -6.1242 -36.5746 -542.736
v -6.17928 -36.421 -542.918
v -5.42767 -36.7066 -542.556
v -5.62972 -36.7643 -542.435
v -5.87869 -36.6075 -542.694
v -5.84516 -36.7214 -542.495
v -5.90232 -37.233 -540.653
v -5.69557 -37.3926 -540.657
v 3.41096 -23.9994 -538.729
v -5.61348 -37.4859 -540.861
v -6.12681 -37.2294 -541.075
v -5.8302 -37.4319 -541.225
v -2.90922 -37.8355 -541.686
v -5.93646 -37.332 -541.062
v -5.6022 -37.3142 -539.809
v -5.40486 -37.5969 -540.093
v -5.21731 -37.7935 -540.489
v -5.18443 -37.7737 -540.113
v -2.78943 -36.1015 -543.267
v -3.00536 -36.0695 -543.256
v -3.17562 -36.2799 -543.169
v -3.20947 -36.056 -543.242
v -3.84823 -35.8885 -545.528
v -3.64938 -35.8693 -545.354
v -3.70788 -35.6937 -545.879
v -3.51647 -35.5314 -545.92
v -6.45546 -31.9346 -545.15
v -3.47994 -35.7788 -545.225
v -3.41246 -35.5611 -545.661
v -3.2107 -35.4733 -545.314
v -3.30058 -35.6419 -545.141
v -6.86836 -33.6393 -545.622
v -3.09257 -35.8454 -543.323
v -2.87094 -35.8643 -543.364
v -4.85209 -35.8989 -543.49
v -4.87392 -36.0355 -543.707
v -4.66883 -35.8831 -543.658
v -4.61585 -35.8121 -543.451
v -4.34333 -35.7091 -543.442
v -5.34141 -36.0044 -543.263
v -5.08064 -35.9366 -543.357
v -4.54284 -35.8596 -543.271
v -4.12343 -35.6993 -543.325
v -4.83235 -35.9124 -543.263
v -4.07539 -35.9171 -543.203
v -4.43357 -36.0438 -543.125
v -3.97652 -35.4965 -543.739
v -3.72224 -35.4348 -543.806
v -4.0773 -35.5683 -543.51
v -3.81477 -35.472 -543.56
v -3.87151 -35.5954 -543.365
v -0.720046 -35.363 -546.599
v -3.91606 -35.7845 -543.248
v 3.48456 -21.9272 -538.043
v -3.83299 -36.0009 -543.193
v -3.70648 -36.4608 -543.109
v -4.04089 -36.1587 -543.143
v -2.83713 -37.4546 -542.437
v -2.94721 -37.2921 -542.611
v -3.33451 -36.6651 -543.048
v -3.11148 -36.7589 -542.967
v -3.34843 -36.4284 -543.13
v -3.11646 -36.5146 -543.072
v -2.90727 -36.6714 -542.983
v -2.90878 -36.901 -542.868
v -3.29137 -37.1513 -542.762
v -3.04052 -37.1101 -542.755
v -3.45151 -37.7716 -542.047
v -3.44091 -37.8983 -541.816
v 0.224515 -37.2699 -539.981
v 0.521394 -37.4408 -540.288
v -6.63538 -32.0934 -541.057
v 3.06239 -35.9488 -541.16
v -6.61689 -32.4103 -540.729
v -6.64799 -32.2885 -540.926
v -6.85447 -32.6153 -541.531
v -6.76598 -32.4537 -541.34
v -6.93544 -32.7883 -541.696
v -7.07652 -34.0627 -543.062
v -6.62977 -31.6983 -541.681
v -6.58518 -31.4963 -541.592
v -6.62004 -31.744 -541.471
v -6.6894 -32.1742 -541.291
v 3.4135 -22.1163 -538.944
v -6.75123 -32.5546 -541.141
v -6.69964 -32.3339 -541.129
v -6.68862 -32.509 -540.926
v -6.66035 -32.6677 -540.727
v -6.24234 -31.8488 -540.049
v -6.20973 -32.043 -539.903
v -6.04677 -31.5514 -539.826
v -6.4008 -32.598 -539.992
v -6.32187 -32.0685 -540.091
v -6.29348 -30.9898 -540.661
v -6.3509 -31.2644 -540.651
v -6.34516 -31.5194 -540.462
v -6.27894 -31.3242 -540.422
v -6.56365 -31.9279 -540.862
v -6.48797 -31.7461 -540.721
v -6.30851 -31.7013 -540.26
v -6.3708 -31.9298 -540.272
v -5.84239 -33.3435 -538.891
v -5.91979 -33.2117 -539.01
v -6.03311 -33.2048 -539.201
v -5.99119 -33.4249 -539.124
v -7.35622 -35.1541 -543.536
v -6.11199 -33.5935 -539.304
v -6.36161 -33.6027 -539.751
v -6.2804 -33.7557 -539.58
v -6.3451 -33.3587 -539.744
v -6.244 -33.5273 -539.533
v -5.05622 -31.582 -538.1
v -5.08986 -31.8079 -538.138
v 3.3489 -22.161 -539.192
v -4.9529 -31.7901 -537.974
v -5.21948 -31.2454 -538.419
v -5.01053 -31.3371 -538.065
v -5.31666 -31.1359 -538.631
v -5.26542 -31.4709 -538.438
v -6.84349 -31.7891 -544.004
v -6.90305 -32.0214 -543.881
v -6.76158 -31.9745 -544.369
v -6.83104 -32.1993 -544.262
v -6.66601 -31.7443 -544.501
v -6.69524 -31.9795 -544.567
v -2.12348 -32.7765 -536.922
v -6.86709 -32.5855 -544.393
v -6.88496 -32.4502 -544.17
v -6.88885 -32.233 -544.033
v -6.93988 -32.2995 -543.816
v -6.9459 -32.1534 -543.677
v -6.92285 -34.6455 -545.776
v -7.08936 -34.5526 -545.378
v -6.98822 -33.4352 -541.76
v -6.97877 -33.4297 -541.994
v -6.94452 -33.6282 -542.173
v -6.95964 -33.6477 -541.931
v -6.43048 -36.7642 -540.473
v -6.40764 -35.257 -539.951
v -6.4541 -36.6196 -540.299
v -6.50949 -36.7639 -540.667
v -6.44438 -36.4616 -540.173
v -6.57066 -35.6172 -540.221
v -6.64213 -36.065 -540.381
v -6.45405 -35.7624 -540.035
v -6.64506 -35.8065 -540.36
v -6.53242 -36.1875 -540.22
v -6.52958 -35.3693 -540.156
v -6.44277 -35.5189 -540.009
v -6.69451 -33.2805 -540.524
v -6.7559 -33.2977 -540.72
v -6.71035 -33.5276 -540.568
v -6.75992 -33.6941 -540.749
v -7.36132 -34.9535 -544.281
v -6.30811 -35.3061 -546.505
v -7.39981 -35.0575 -543.931
v -7.38013 -34.8632 -544.094
v -7.38399 -34.9771 -543.714
v -7.38498 -34.7979 -543.873
v -7.14717 -34.203 -543.242
v -7.14061 -34.3133 -543.033
v -7.08312 -33.9569 -543.271
v -1.38269 -25.2949 -539.414
v -0.837485 -34.9747 -545.194
v -2.55012 -34.9357 -545.178
v -6.48372 -35.123 -540.089
v -6.32867 -35.662 -539.848
v 3.38928 -22.5655 -539.252
v -2.3444 -34.8953 -545.054
v -2.13219 -34.9286 -545.141
v -6.43994 -36.0237 -540.047
v -1.92037 -34.92 -545.086
v -1.76556 -35.2161 -545.722
v -1.5805 -35.2551 -545.917
v -0.547421 -35.4064 -546.431
v -0.633947 -35.4046 -546.842
v -0.913281 -35.3064 -546.586
v -0.862136 -35.3585 -546.857
v -1.65531 -35.2399 -546.16
v -1.45926 -35.1939 -546.332
v -1.23775 -35.226 -546.208
v -1.26434 -35.2042 -546.465
v -1.26863 -35.2098 -546.744
v -1.10487 -35.2514 -546.601
v -1.03637 -35.2598 -546.366
v -1.02859 -35.2862 -546.128
v -0.806562 -35.3402 -546.327
v -0.816495 -35.3502 -546.059
v -2.23511 -35.1829 -545.939
v -2.23694 -35.2564 -546.436
v -2.04048 -35.2487 -546.05
v -2.02507 -35.1896 -545.762
v -1.85431 -35.2635 -546.243
v -1.66926 -35.2151 -546.429
v -6.55143 -35.9012 -540.203
v -1.83595 -35.2526 -545.957
v -1.43598 -35.2337 -546.099
v -6.94614 -33.8698 -541.863
v -1.03671 -35.2872 -545.884
v -1.28447 -35.2547 -545.939
v -1.00146 -35.2231 -545.649
v -1.23294 -35.2274 -545.702
v -0.94806 -35.0994 -545.416
v -1.16819 -35.1225 -545.468
v -7.13771 -33.791 -544.899
v -1.27938 -25.4507 -539.063
v -6.96498 -33.6641 -541.704
v 0.988207 -34.731 -546.501
v 0.526372 -35.0351 -546.418
v 0.567721 -34.9838 -546.227
v 1.19938 -34.3086 -546.05
v -2.9891 -37.7478 -541.881
v 1.91567 -34.1488 -546.579
v 1.88905 -34.1719 -546.806
v 1.70599 -34.2216 -546.486
v -6.81411 -34.8112 -545.972
v 1.35189 -34.3788 -546.424
v 1.52738 -34.3272 -546.618
v 1.02725 -34.5909 -546.293
v 1.19573 -34.4139 -546.256
v 0.879375 -34.7485 -546.298
v 0.717213 -34.8204 -546.15
v 0.558913 -34.8954 -546.018
v -1.40113 -25.206 -539.154
v 0.23928 -35.0213 -545.699
v -6.88928 -34.3918 -545.781
v 0.633016 -34.7127 -545.915
v -6.99661 -34.4983 -545.598
v 0.472589 -34.686 -545.689
v 0.436271 -34.9045 -545.84
v -0.367517 -35.1289 -544.132
v 3.63049 -30.5288 -541.032
v 3.59125 -30.6408 -540.809
v 3.80997 -36.216 -542.964
v 3.46655 -36.1374 -542.648
v 3.36103 -35.8999 -542.187
v 3.21119 -36.0266 -542.295
v 3.43926 -36.0111 -542.437
v 3.24595 -36.1192 -542.529
v 3.25244 -36.2285 -542.755
v 3.64763 -36.3189 -543.027
v -0.17465 -31.2587 -547.119
v -0.452114 -31.2387 -547.161
v 0.0884913 -31.2517 -547.06
v 0.583141 -30.7869 -546.689
v 3.30979 -22.5691 -539.496
v 0.150843 -31.038 -546.946
v 0.541194 -31.2314 -546.927
v -0.0450519 -31.4452 -547.196
v 0.399545 -31.4128 -547.072
v 0.0259366 -31.6492 -547.327
v -0.24338 -31.5587 -547.31
v -0.224982 -31.7124 -547.421
v 0.501461 -32.147 -547.59
v 0.259681 -32.0665 -547.589
v 0.482878 -32.5056 -547.859
v -4.94634 -36.3102 -546.058
v -4.78701 -36.1648 -546.081
v -3.6528 -23.5477 -541.246
v -3.42797 -23.5693 -541.226
v -3.32273 -22.1836 -540.147
v -3.38221 -22.0159 -539.99
v -3.62126 -22.0211 -539.892
v -3.79787 -22.1907 -540.012
v 3.04588 -35.7421 -540.992
v -3.51351 -22.3181 -540.261
v 3.35618 -23.5661 -539.56
v -3.79305 -23.0442 -540.882
v -3.55573 -23.0295 -540.858
v -3.77665 -23.3714 -541.121
v -3.2491 -22.8586 -540.66
v -3.53597 -23.3811 -541.098
v -3.10416 -23.818 -541.327
v -3.43663 -23.8984 -541.541
v -2.55707 -25.5342 -542.258
v -2.49704 -25.224 -541.922
v -2.70744 -25.3501 -542.279
v 3.4111 -23.2126 -539.246
v -2.6713 -25.5009 -542.448
v -3.02313 -25.2147 -542.428
v -2.84195 -25.396 -542.519
v -7.05223 -34.3454 -545.433
v -2.66896 -25.1668 -542.11
v -2.28491 -24.8858 -541.22
v -2.35603 -25.0618 -541.569
v -2.32565 -24.8518 -541.448
v -6.83241 -32.3733 -544.385
v -3.40141 -25.2209 -542.632
v -3.18353 -25.2328 -542.543
v -3.03788 -25.0461 -542.241
v -3.26124 -25.0835 -542.406
v -2.82395 -24.9916 -542.068
v -2.8479 -25.1826 -542.277
v -2.57067 -24.6694 -541.648
v -2.44799 -24.8545 -541.686
v -2.67008 -24.8444 -541.853
v -2.74085 -24.5102 -541.628
v -2.88531 -24.7866 -541.927
v -2.9245 -24.5552 -541.775
v -3.09786 -24.1642 -541.604
v -2.93084 -24.3408 -541.624
v -2.89027 -23.8467 -541.228
v -2.74094 -24.0521 -541.274
v -6.83911 -31.9951 -544.126
v 2.61352 -22.6908 -536.865
v -5.51502 -26.7555 -541.535
v -5.49637 -26.5185 -541.477
v -5.44018 -27.1374 -541.02
v -5.57139 -27.2387 -541.362
v -5.18706 -31.0114 -538.448
v -5.53745 -26.9709 -541.423
v -5.51403 -27.6145 -541.103
v -5.72356 -27.9251 -541.481
v -5.63301 -27.4007 -541.514
v -5.43257 -27.4076 -540.972
v -6.82862 -31.7194 -543.182
v -5.13999 -31.3978 -538.25
v -5.53653 -26.9667 -541.651
v 3.1823 -35.5781 -541.089
v -4.45064 -26.5038 -543.552
v -4.3511 -26.609 -543.757
v -3.0033 -27.3709 -544.358
v -2.90964 -27.5401 -544.504
v -3.59317 -27.3118 -544.252
v -3.4978 -27.5072 -544.337
v -3.2591 -27.4448 -544.363
v -3.35889 -27.2685 -544.254
v -2.84946 -27.1757 -544.207
v -3.1093 -27.215 -544.232
v -2.41438 -26.6986 -543.765
v -2.46917 -26.4742 -543.662
v -2.64486 -26.5465 -543.76
v -2.7942 -26.9551 -544.036
v -2.84051 -26.6102 -543.85
v -4.21527 -32.1958 -546.806
v -4.10308 -32.3482 -546.928
v -2.55454 -28.8507 -545.57
v -2.77658 -29.0198 -545.616
v -3.1174 -28.5637 -545.159
v -3.33293 -28.7215 -545.197
v -2.88191 -28.4721 -545.18
v -3.03595 -28.3266 -545.034
v -3.23933 -28.897 -545.361
v -2.74326 -28.7912 -545.458
v 3.33654 -23.7695 -539.669
v -6.85933 -32.1635 -542.577
v -6.90692 -32.494 -542.283
v -6.75192 -31.6822 -542.734
v -6.81572 -31.8053 -542.92
v -6.99249 -32.6075 -543.04
v -5.19509 -31.9704 -538.25
v 0.0331419 -34.6416 -545.11
v -6.97618 -33.2693 -542.818
v -2.58791 -37.1561 -542.722
v -6.9733 -33.0484 -542.732
v -6.96436 -32.936 -542.475
v -6.93802 -32.6866 -542.43
v -6.95035 -32.1658 -543.208
v -5.19174 -31.6751 -538.288
v -6.94507 -32.6819 -542.178
v -6.96025 -32.7866 -541.955
v -6.90846 -32.5357 -542.023
v -6.82751 -32.2961 -541.918
v -6.46586 -29.7198 -541.958
v -6.32839 -29.7772 -541.447
v -6.30679 -30.1389 -541.11
v -6.24158 -30.3282 -540.791
v -6.10397 -29.9757 -540.667
v -6.21432 -30.0737 -540.865
v -6.66905 -30.6231 -543.198
v -6.62348 -30.326 -542.874
v -6.60049 -30.289 -542.674
v -6.60805 -30.1345 -543.039
v 3.36199 -23.9437 -539.516
v -6.66421 -30.4737 -543.359
v -6.41916 -31.7772 -540.487
v -6.6495 -30.5385 -542.925
v -6.65191 -30.3801 -543.116
v -6.62378 -30.7452 -542.523
v -6.64404 -30.7206 -542.764
v -5.70031 -28.8816 -544.288
v -5.82398 -28.8479 -544.097
v -5.94297 -28.8382 -543.895
v -5.92735 -28.6336 -543.766
v -6.04302 -28.2962 -543.134
v -6.01675 -28.417 -543.367
v -5.91298 -28.4325 -543.625
v -6.03827 -28.6291 -543.546
v -5.37867 -27.2926 -543.205
v -5.27047 -26.9146 -543.107
v -5.21669 -27.0913 -543.3
v -5.27524 -27.3172 -543.432
v -6.42063 -32.2109 -540.228
v -5.43488 -27.4886 -543.334
v -5.60957 -27.7002 -543.269
v -5.64801 -27.8531 -543.465
v -4.73731 -31.7603 -546.365
v -4.56694 -31.8272 -546.46
v -4.40578 -31.8964 -546.565
v -1.1418 -34.6405 -544.388
v -5.19253 -31.9545 -546.216
v -5.01042 -32.0627 -546.364
v -5.04055 -32.2799 -546.465
v -5.74407 -32.2639 -546.076
v -5.82363 -32.4632 -546.15
v -2.96238 -30.0229 -546.158
v -2.76769 -29.9009 -546.157
v -2.3035 -30.0461 -546.331
v -2.70609 -30.3475 -546.365
v -2.70295 -30.7634 -546.61
v -6.47942 -31.5374 -540.873
v -2.47412 -30.6244 -546.616
v -2.25548 -30.4866 -546.614
v -5.52903 -34.1915 -546.827
v -5.15974 -33.9784 -546.938
v -2.15634 -26.325 -536.207
v -2.01857 -26.527 -536.314
v -5.8551 -29.1224 -540.244
v -5.79678 -29.1592 -540.052
v -5.71619 -29.1512 -539.864
v -5.70399 -29.2695 -539.727
v -5.37625 -28.8361 -539.607
v -5.55225 -29.02 -539.711
v -5.29825 -28.9323 -539.368
v -5.36699 -29.1237 -539.295
v -4.79658 -28.3119 -538.781
v -4.73714 -28.0955 -538.717
v -2.23532 -28.8098 -536.367
v -2.36153 -29.0322 -536.406
v 1.42058 -24.6949 -542.347
v 0.529323 -24.7523 -542.61
v 0.37798 -24.9609 -542.687
v 0.884158 -24.9798 -542.595
v 0.63546 -24.9618 -542.654
v 1.01257 -24.7841 -542.494
v 1.12582 -25.0338 -542.544
v 1.1829 -24.3291 -542.256
v 1.06638 -24.5294 -542.378
v 0.89115 -22.9942 -541.172
v -6.9293 -31.9642 -543.611
v 1.34878 -22.7991 -541.072
v 1.14789 -22.906 -541.148
v -0.405807 -37.1204 -541.184
v 1.2817 -23.0867 -541.327
v 2.18977 -22.7727 -540.855
v 2.27373 -23.0021 -540.948
v 2.05196 -22.9032 -541.009
v -6.77263 -31.3647 -543.735
v 1.90416 -23.0366 -541.171
v 1.67207 -22.9829 -541.207
v 1.72059 -22.6461 -540.927
v 1.82211 -22.8357 -541.053
v 1.42235 -22.9496 -541.207
v 1.51716 -23.1305 -541.349
v 3.11557 -20.5565 -537.943
v 3.04415 -20.867 -538.485
v 2.88284 -20.6723 -538.457
v 2.75248 -20.8665 -538.858
v 2.61167 -21.2515 -539.401
v 2.78146 -21.2194 -539.228
v 2.93244 -21.0357 -538.853
v 2.75698 -21.0302 -539.049
v 2.91937 -20.8638 -538.667
v -7.06532 -33.4348 -544.691
v 2.0237 -19.8981 -536.828
v 1.91139 -20.0146 -536.49
v 1.97204 -19.9247 -537.053
v 1.76447 -20.0059 -537.091
v -7.07117 -33.4444 -544.435
v 2.13464 -19.944 -537.238
v 3.40917 -23.631 -539.201
v 2.29098 -20.0138 -537.402
v 2.19537 -20.0871 -537.627
v 2.15487 -20.1746 -537.872
v 2.25139 -20.2865 -538.102
v 2.04902 -20.2259 -538.08
v 3.11482 -28.5781 -540.037
v 3.17565 -28.8182 -540.119
v 3.19922 -28.6315 -540.248
v 3.06501 -28.947 -539.755
v 3.11281 -29.0082 -539.991
v 3.02906 -29.2266 -540.106
v -6.99688 -33.2334 -544.864
v 3.07429 -29.2091 -540.346
v 2.96695 -29.3694 -540.335
v 3.07877 -29.3025 -540.578
v 3.15931 -29.0673 -540.477
v 3.14088 -29.0364 -540.222
v -6.33865 -32.3013 -540.015
v 3.21158 -28.8531 -540.358
v 3.22407 -28.8653 -540.597
v 3.1831 -29.0946 -540.7
v 2.97947 -29.5243 -540.534
v 3.02425 -29.7475 -540.445
v 3.08244 -29.4988 -540.757
v -6.09933 -31.8063 -539.815
v 3.17821 -29.2929 -541.055
v 3.15148 -29.3023 -540.82
v 3.23631 -28.6628 -540.931
v 3.22537 -28.8749 -540.823
v 3.25194 -28.6329 -540.714
v 3.24339 -28.6529 -540.489
v 3.0992 -28.3928 -540.184
v 3.20497 -28.4603 -540.374
v 2.8001 -28.0097 -540.049
v 2.97234 -28.1843 -540.16
v 2.84576 -28.1901 -539.91
v 2.98925 -28.3595 -539.985
v 2.7764 -28.42 -539.49
v 2.91787 -28.5263 -539.636
v -1.16552 -25.7761 -538.781
v 3.05801 -32.2878 -545.504
v -0.503684 -36.9768 -541.544
v 2.7273 -32.3949 -546.39
v 2.58028 -32.4237 -546.598
v 2.66134 -32.225 -546.253
v 2.87058 -32.3994 -546.154
v 2.59048 -31.9366 -545.851
v 2.60356 -32.0619 -546.068
v 2.84691 -31.7359 -545.268
v -6.94885 -32.9909 -544.55
v 3.4581 -22.464 -537.769
v -0.307547 -37.0915 -541.662
v 2.76946 -32.1066 -545.867
v 2.77588 -32.2209 -546.058
v 2.92202 -32.3097 -545.904
v 2.92462 -32.1932 -545.689
v 3.0652 -32.4041 -545.708
v 3.33178 -32.7067 -545.584
v 2.85775 -24.8643 -541.088
v 2.71071 -25.3117 -541.373
v -6.1743 -31.6397 -540.022
v 2.63608 -25.686 -541.447
v 2.47632 -25.6212 -541.646
v 2.42464 -25.3616 -541.711
v 2.35539 -25.8131 -541.746
v 2.58556 -25.4421 -541.541
v -3.73882 -28.9987 -545.288
v 2.56602 -25.1966 -541.552
v 2.42884 -25.0909 -541.695
v 2.69173 -25.063 -541.376
v -6.11762 -31.4023 -540.025
v 2.66785 -24.5469 -541.28
v 2.69711 -24.7973 -541.317
v 4.03073 -32.7826 -543.424
v 3.96328 -32.7645 -543.654
v 3.93123 -32.5539 -543.48
v 3.89436 -32.9659 -544.317
v 4.00106 -33.0522 -544.088
v 4.02158 -33.1729 -544.317
v 3.87407 -32.7123 -543.885
v 3.76679 -32.7596 -544.323
v 3.8805 -32.8448 -544.097
v 4.06781 -32.9692 -543.627
v 3.98338 -32.9208 -543.867
v -6.74503 -32.7204 -540.979
v 4.03944 -32.4083 -542.802
v 4.05402 -32.5675 -543.003
v 3.99733 -32.5563 -543.243
v 4.08228 -32.7787 -543.194
v 4.16736 -32.9628 -543.107
v 4.31504 -33.3406 -543.245
v 4.13686 -33.0035 -543.381
v 4.29402 -33.4055 -543.635
v 4.24543 -33.2401 -543.434
v 4.07811 -33.4453 -544.793
v 3.95707 -33.2292 -544.765
v 4.13655 -33.3775 -544.335
v 4.22397 -33.3573 -543.87
v 4.1573 -33.5098 -544.58
v 4.19436 -33.6781 -544.812
v 4.09229 -33.5732 -545.025
v -0.141859 -34.952 -548.477
v -0.326566 -35.1031 -548.522
v -0.570518 -34.8124 -548.631
v -6.67944 -32.0121 -541.498
v -0.488668 -34.9996 -548.614
v -6.63565 -31.9287 -541.286
v -6.59614 -31.8754 -541.087
v -0.502197 -34.6286 -548.615
v -0.231656 -34.5461 -548.558
v 0.00720479 -37.2958 -540.08
v -0.303225 -34.8165 -548.603
v -0.0885709 -34.6849 -548.502
v 0.396869 -37.344 -540.107
v -0.783821 -34.6954 -548.581
v -0.662236 -34.4452 -548.579
v -0.139411 -37.1911 -541.513
v -0.484534 -34.2254 -548.553
v -0.417289 -34.4245 -548.572
v 0.254294 -33.7523 -548.349
v 0.372987 -34.3088 -548.272
v 0.598975 -34.0023 -548.188
v 0.874528 -33.6524 -548.057
v -0.0114878 -35.0149 -548.258
v 0.223041 -37.3861 -540.236
v 0.0188527 -34.8297 -548.373
v -3.3984 -36.1696 -543.197
v 0.634609 -33.7499 -548.195
v 0.39774 -34.0999 -548.293
v 0.172319 -34.2354 -548.392
v 0.230957 -34.4616 -548.326
v -3.82036 -28.559 -545.033
v -0.0323669 -34.127 -548.456
v -0.00429678 -34.4124 -548.466
v -0.295824 -34.0597 -548.509
v -0.216075 -34.2926 -548.518
v 1.11346 -33.0528 -547.87
v 0.959616 -33.2358 -547.996
v 1.25341 -33.4684 -547.818
v 0.99145 -33.8574 -547.946
v 0.808937 -33.4097 -548.099
v 1.03328 -33.4527 -547.962
v 0.706111 -33.1942 -548.11
v 0.859038 -33.0291 -548.003
v 0.450039 -33.1557 -548.186
v 0.62724 -32.969 -548.07
v -3.88731 -36.5126 -543.083
v 3.46426 -22.887 -537.897
v -0.657586 -36.8111 -541.919
v 0.778892 -32.7931 -547.94
v 0.01108 -32.9724 -548.22
v 0.247594 -33.3451 -548.285
v 0.0149725 -33.2088 -548.3
v -3.41397 -28.3117 -544.935
v -3.80535 -36.2368 -543.147
v 0.22798 -33.0931 -548.22
v 0.409846 -32.9095 -548.108
v 3.46737 -23.3132 -538.2
v -4.23595 -36.0563 -543.147
v 0.20369 -32.837 -548.124
v 0.347788 -32.6641 -547.995
v 0.122522 -32.599 -548.004
v 0.56759 -32.7258 -547.973
v -4.30729 -35.8432 -543.244
v 0.596988 -32.3513 -547.72
v -1.11436 -25.981 -538.76
v 2.10583 -36.2278 -540.218
v 1.91027 -36.3326 -540.107
v 1.44063 -36.6418 -539.958
v 1.61246 -36.5395 -540.012
v 2.72562 -35.8926 -540.67
v 2.92879 -35.6291 -540.764
v 3.53746 -34.5462 -540.827
v 3.67889 -34.4208 -540.929
v 3.97408 -33.873 -541.136
v 3.91927 -34.1639 -541.179
v 3.77409 -34.2264 -540.964
v 3.80501 -34.4038 -541.126
v 3.75568 -34.6175 -541.257
v 3.44782 -23.6106 -538.525
v 2.68875 -34.3349 -539.663
v -4.67139 -36.026 -543.128
v 2.80793 -34.4916 -539.82
v 3.29861 -34.6292 -540.537
v 3.16579 -34.6664 -540.374
v 3.30642 -34.9124 -540.787
v 3.38239 -34.7022 -540.723
v 3.48079 -34.7628 -540.936
v 3.41344 -34.959 -541.007
v 3.64355 -34.609 -541.051
v 3.58449 -34.8152 -541.163
v 2.01257 -35.132 -539.307
v 2.1955 -35.018 -539.4
v -5.03784 -36.0036 -543.567
v 1.28473 -31.6297 -546.857
v -4.63112 -28.6666 -544.831
v -3.35846 -35.6158 -545.392
v 1.07154 -36.5039 -539.661
v 0.940596 -36.6902 -539.688
v 2.27611 -33.1803 -538.944
v -5.06881 -28.9659 -544.858
v 2.67797 -33.0282 -539.342
v -3.06332 -35.4372 -544.868
v 2.92542 -33.041 -539.637
v -3.94833 -23.2172 -540.999
v 3.17954 -33.2725 -539.989
v 2.77588 -33.1577 -539.484
v 3.19115 -33.0329 -539.965
v 3.06208 -32.9167 -539.788
v -2.97821 -38.3914 -540.325
v -3.13352 -35.4672 -545.087
v -3.27215 -35.431 -545.571
v -3.23753 -38.377 -540.324
v -3.75662 -37.4735 -539.438
v -3.83782 -37.6277 -539.576
v -3.52355 -37.7966 -539.756
v -3.61957 -37.6313 -539.591
v -3.14144 -37.9245 -539.918
v -3.063 -35.2904 -545.283
v -2.97567 -38.0748 -540.053
v -3.25493 -38.0875 -540.044
v -3.11354 -38.2354 -540.175
v -3.5307 -38.1019 -540.044
v -3.67296 -37.9569 -539.895
v -2.62171 -37.8133 -539.926
v -2.89601 -37.8732 -539.917
v -1.93274 -36.1663 -543.03
v -1.90283 -36.2902 -542.834
v -2.12196 -36.8315 -542.591
v -1.86787 -36.4071 -542.628
v -4.66408 -28.8526 -544.989
v -2.17584 -19.5305 -536.687
v -2.03892 -19.4852 -536.522
v -1.90598 -19.4476 -536.362
v -1.75321 -19.2669 -536.318
v -1.87664 -19.2614 -536.547
v -1.69584 -19.072 -536.673
v -1.87512 -19.1759 -536.793
v -2.02701 -19.3338 -536.712
v -1.69076 -19.0458 -536.892
v -1.85319 -19.1601 -537.043
v -1.08117 -18.9115 -537.108
v -1.04375 -18.9627 -537.354
v -1.23597 -18.9372 -537.275
v -1.28318 -18.8964 -536.961
v -3.55507 -35.6693 -545.729
v -1.50047 -18.952 -536.987
v -1.43546 -18.9591 -537.197
v -3.51161 -35.7301 -545.483
v -3.57092 -35.4127 -546.138
v -0.931449 -19.139 -537.697
v -0.649716 -19.0299 -537.35
v -0.883121 -19.0304 -537.49
v -1.13757 -19.0177 -537.557
v -0.468628 -36.9424 -541.988
v -1.34807 -19.0849 -537.677
v -1.37599 -19.0092 -537.451
v -1.36441 -19.2058 -537.876
v -1.56287 -19.1944 -537.814
v -2.9572 -36.2931 -543.158
v -2.33982 -19.6987 -538.156
v -1.71092 -19.7208 -538.309
v 3.45677 -23.3473 -538.883
v -5.31491 -37.6946 -540.297
v -1.75161 -19.4118 -538.084
v -1.8638 -19.5565 -538.21
v -4.52072 -28.9578 -545.112
v -2.8272 -28.2495 -545.047
v -1.76532 -19.3049 -537.912
v -1.98449 -19.4496 -538.005
v -1.55435 -19.1134 -537.584
v -1.75469 -19.2411 -537.68
v -1.65485 -19.0535 -537.128
v -1.58363 -19.0706 -537.349
v -2.11898 -19.9132 -538.481
v -2.02656 -20.1081 -538.593
v -0.764523 -19.3259 -537.759
v -0.828842 -19.5239 -537.889
v -1.05646 -19.8614 -538.139
v -1.18726 -19.6757 -538.12
v -5.64525 -27.2658 -542.319
v 3.18444 -36.0182 -541.794
v -5.74336 -27.5184 -542.317
v -5.7588 -27.6217 -542.087
v -5.05304 -24.221 -539.08
v -4.93601 -24.211 -538.7
v -4.98834 -23.7697 -538.837
v -4.90179 -23.6693 -538.608
v -4.94564 -23.9281 -538.686
v -4.89479 -24.0674 -538.532
v -4.8645 -24.273 -538.46
v -0.0483711 -37.1602 -542.676
v -1.72042 -23.9363 -538.076
v -1.9463 -23.8458 -538.475
v -1.99234 -23.6207 -538.538
v -1.94121 -23.4488 -538.399
v -2.0713 -23.8314 -538.911
v -2.10728 -23.8726 -539.144
v -2.14957 -23.6596 -539.313
v -2.13292 -23.8741 -539.596
v -2.02121 -23.7812 -538.684
v -1.98595 -23.9736 -538.707
v -2.06455 -23.6159 -538.802
v -2.11504 -23.6505 -539.059
v -2.02391 -23.4242 -538.654
v -1.9639 -23.2385 -538.529
v -1.69617 -23.0957 -537.939
v -1.87789 -23.2765 -538.271
v -1.89844 -23.0698 -538.402
v -1.8983 -22.8718 -538.489
v -2.03519 -23.2337 -538.771
v -2.0008 -22.8434 -538.841
v -1.92561 -22.7333 -538.641
v -1.84464 -22.2279 -538.644
v -2.15215 -22.6188 -539.419
v -1.76292 -21.3724 -538.818
v -1.98893 -21.5778 -539.096
v -2.07771 -21.7689 -539.231
v -1.94197 -21.7431 -539.008
v -3.84628 -22.5799 -536.755
v -1.85834 -21.8489 -538.828
v -1.97527 -21.94 -539.034
v -3.96803 -22.4857 -536.942
v -2.2679 -21.3735 -539.294
v -2.28591 -21.715 -539.458
v -2.54434 -21.9324 -539.743
v -2.19082 -21.8781 -539.409
v -2.20999 -22.0553 -539.48
v -2.08061 -21.9985 -539.242
v -2.10138 -22.1982 -539.293
v -1.99539 -22.1568 -539.047
v -2.03053 -22.3475 -539.109
v -2.12739 -22.3993 -539.346
v -2.08017 -22.567 -539.199
v -2.11697 -22.7882 -539.271
v -1.7282 -22.1169 -538.429
v -1.79647 -21.9884 -538.644
v -1.90192 -22.0928 -538.835
v -1.93317 -22.3359 -538.84
v -1.9978 -22.5009 -538.983
v -1.95205 -22.5892 -538.804
v -1.82583 -21.5989 -538.856
v -1.67809 -21.518 -538.65
v -1.61188 -21.6466 -538.477
v -1.74351 -21.7444 -538.659
v -1.68135 -21.8994 -538.459
v -1.57872 -21.8081 -538.319
v -1.49534 -21.8244 -538.154
v -1.37912 -21.6036 -538.084
v -0.831206 -20.7737 -536.363
v -1.1354 -21.0473 -536.331
v -3.09075 -24.3903 -541.766
v -3.06832 -24.6414 -541.922
v -1.72774 -24.1252 -538.266
v -1.60936 -24.1092 -538.01
v -2.96601 -28.1037 -544.901
v -1.51155 -24.4518 -538.029
v -1.41007 -24.4054 -537.645
v -1.44546 -24.5233 -537.842
v -1.26998 -25.5889 -538.213
v -1.25996 -25.5969 -537.986
v -3.88319 -22.1206 -536.941
v -1.20867 -25.7306 -537.853
v -1.26454 -25.4778 -537.775
v -1.3266 -25.4191 -538.032
v -1.33122 -25.2502 -537.872
v -3.47916 -22.8378 -536.29
v -3.3104 -23.193 -536.146
v -3.29106 -21.9013 -536.44
v -1.35442 -25.38 -538.288
v -1.38402 -25.2209 -538.147
v -3.35836 -22.126 -536.407
v -1.4127 -24.8874 -538
v -1.37928 -25.077 -537.987
v -5.41937 -37.6179 -540.49
v -5.60649 -37.4558 -540.47
v -5.45773 -37.6008 -541.024
v -5.48085 -37.5822 -540.739
v -4.31245 -35.6929 -543.863
v -4.19284 -35.733 -544.106
v -4.5348 -35.9952 -544.029
v -4.51541 -35.8543 -543.83
v -6.58811 -32.1484 -540.788
v -6.50936 -31.9752 -540.628
v -3.52851 -21.7441 -536.695
v -1.05181 -34.6748 -544.622
v -6.78497 -33.0911 -540.879
v -6.8732 -33.1648 -541.139
v -6.89716 -32.84 -541.453
v -6.81915 -32.7141 -541.26
v -6.98858 -33.0083 -541.799
v -6.99078 -33.0219 -542.038
v -3.32494 -21.6946 -536.546
v -2.53711 -22.5397 -535.845
v -6.95613 -33.0047 -541.591
v 3.4595 -23.4884 -538.709
v -6.80548 -32.9207 -541.047
v -6.87108 -32.9483 -541.249
v -7.03869 -33.4332 -543.823
v -7.0129 -33.2384 -543.73
v -7.00505 -33.0198 -543.669
v -7.00276 -32.5835 -543.482
v -7.00281 -32.794 -543.606
v -7.02429 -32.7972 -543.392
v -6.86337 -36.4815 -541.177
v -6.43935 -36.908 -540.826
v -6.29972 -36.9314 -540.598
v -6.52163 -36.9774 -541.492
v -6.66353 -36.8514 -541.31
v -6.67516 -36.7848 -541.542
v -6.50823 -37.0233 -541.249
v -6.59389 -36.8831 -541.064
v -6.31312 -36.8235 -542.145
v -6.35382 -36.9277 -541.886
v -6.65556 -36.6222 -542.003
v -6.51473 -36.7933 -541.954
v -6.79162 -36.5055 -541.817
v -6.80362 -36.5762 -541.588
v -6.79916 -36.6476 -541.359
v -0.295748 -37.0348 -542.385
v -6.64334 -36.7488 -540.887
v -6.75194 -36.7088 -541.125
v -2.3338 -21.8259 -535.997
v -6.7932 -36.5551 -540.954
v -6.79955 -36.3998 -540.802
v -6.68649 -36.5865 -540.72
v -6.57753 -36.5629 -540.509
v -5.95342 -36.1233 -539.448
v -5.94174 -35.8685 -539.378
v 3.29688 -24.4478 -539.778
v -6.31545 -36.1886 -539.903
v -6.59861 -36.348 -540.384
v -6.41493 -36.2724 -540.063
v -6.7095 -36.3683 -540.596
v -6.72959 -36.1373 -540.559
v -6.90626 -36.0471 -540.999
v -6.94373 -36.0026 -541.252
v -6.82931 -36.1839 -540.782
v -6.82602 -35.949 -540.745
v -6.73915 -35.8698 -540.548
v -6.70088 -35.6245 -540.47
v -6.7516 -35.4295 -540.593
v -6.58298 -35.1589 -540.274
v -7.18779 -35.6723 -544.482
v -7.29177 -35.4356 -544.442
v -7.13394 -35.8333 -544.322
v -7.30453 -35.6162 -543.599
v -7.23215 -35.8134 -543.594
v -7.27689 -35.7463 -543.83
v -2.42703 -22.2867 -535.905
v -7.35665 -35.4917 -543.8
v -7.24716 -35.165 -544.844
v -7.33521 -35.1778 -544.408
v -7.37978 -35.1384 -544.157
v -7.35292 -35.3759 -544.221
v -6.89336 -35.8048 -544.823
v -6.82027 -35.9631 -544.595
v -6.70358 -36.107 -544.416
v -6.93054 -36.0225 -544.345
v -6.95651 -36.0951 -544.072
v -7.09233 -35.9568 -544.162
v -6.56495 -36.2286 -543.799
v -6.79242 -36.1754 -543.685
v -6.7573 -36.1476 -543.428
v -6.96185 -36.0863 -543.534
v -6.77707 -36.1855 -543.936
v -6.98062 -36.1048 -543.808
v -7.24278 -35.781 -544.079
v -7.14532 -35.9547 -543.931
v -2.75231 -21.7497 -536.186
v -7.28116 -35.6152 -544.262
v -1.67769 -21.6764 -535.973
v -7.34364 -35.5677 -544.026
v -6.06365 -30.9423 -545.077
v -7.39138 -35.3185 -543.983
v -7.38359 -35.2374 -543.761
v -7.02066 -33.4576 -543.315
v -7.02621 -33.0182 -543.434
v -7.02238 -33.2428 -543.48
v -7.03262 -33.4438 -543.579
v -7.05531 -33.6501 -543.52
v -4.03489 -21.7165 -537.47
v -7.07493 -33.623 -543.787
v 3.11443 -25.6585 -540.12
v -6.98859 -34.2519 -542.123
v -7.00666 -34.2398 -542.312
v -7.02 -34.0651 -542.68
v -7.01811 -33.9391 -542.85
v -6.97134 -33.4986 -542.845
v -7.0008 -33.5877 -543.082
v -7.02546 -33.8224 -543.07
v -6.98261 -33.7272 -542.838
v -7.09861 -33.8739 -543.496
v -7.0385 -33.7112 -543.292
v -7.12069 -33.8203 -543.747
v -7.17337 -34.0258 -543.696
v -7.15637 -34.1032 -543.458
v -3.28157 -20.7404 -537.336
v -0.558788 -35.1649 -545.497
v -0.352072 -35.2394 -545.61
v -1.26311 -35.9521 -543.318
v -1.30393 -24.2672 -537.25
v -1.19226 -35.6042 -543.679
v -0.946168 -35.6218 -543.758
v -0.833777 -35.4649 -543.88
v -0.684424 -35.6065 -543.832
v -0.630825 -35.3856 -543.963
v -0.426314 -35.3449 -544.018
v -0.124164 -35.1415 -544.168
v -0.199089 -35.3386 -544.057
v 2.75776 -36.3823 -543.154
v 3.00322 -36.3961 -543.104
v 2.59362 -36.301 -542.911
v 3.23235 -36.342 -542.986
v 3.04005 -36.1977 -542.641
v -1.39213 -24.7772 -537.812
v 3.04139 -36.2945 -542.866
v 2.81567 -36.2641 -542.76
v -3.03947 -24.8701 -542.075
v -3.24141 -24.9184 -542.221
v 2.85694 -22.3643 -536.969
v 2.83067 -22.6228 -536.983
v -5.41626 -32.6176 -546.448
v -5.211 -32.6707 -546.58
v -5.38513 -32.8411 -546.566
v -3.4128 -31.4431 -546.687
v -3.69262 -31.5697 -546.665
v -4.07873 -31.9753 -546.731
v -0.177075 -19.1643 -537.139
v -4.18858 -31.8147 -546.616
v -3.94893 -31.7355 -546.657
v -4.32332 -32.0402 -546.68
v -4.57285 -32.0702 -546.581
v 3.009 -26.0841 -540.155
v -4.87295 -32.3456 -546.59
v -5.54017 -32.9837 -546.537
v -5.7585 -33.0384 -546.437
v -4.93091 -32.8924 -546.808
v -5.34807 -33.0895 -546.674
v -4.98971 -32.7009 -546.707
v -5.16948 -32.8904 -546.693
v -5.22908 -32.4457 -546.457
v -5.03896 -32.5025 -546.589
v 2.92307 -25.367 -540.975
v -6.06388 -30.5886 -544.825
v -4.43432 -28.2596 -538.2
v -4.45887 -28.6764 -538.051
v -4.35148 -29.6216 -537.601
v -4.19562 -29.7964 -537.438
v -4.11448 -29.5941 -537.491
v -3.96878 -29.7366 -537.333
v -4.25318 -29.4385 -537.614
v -4.0841 -29.3332 -537.534
v -3.93082 -29.4743 -537.417
v -0.172275 -20.2699 -536.645
v -0.167141 -20.0656 -536.287
v -4.27341 -29.2206 -537.671
v -4.42808 -29.405 -537.738
v -4.28133 -28.9896 -537.712
v -4.43337 -29.1405 -537.835
v -4.55571 -29.0822 -538.034
v -4.55243 -28.836 -538.142
v -4.4634 -28.022 -538.335
v -4.53284 -28.541 -538.237
v -3.8937 -22.8838 -540.742
v 3.62168 -32.986 -545.355
v 3.7597 -33.0903 -545.177
v 2.23734 -24.4954 -541.752
v 2.08841 -24.3712 -541.864
v 2.25275 -24.0688 -541.565
v 2.21257 -24.2528 -541.686
v 2.37443 -23.9637 -541.392
v 2.39265 -24.208 -541.471
v 0.953729 -32.0948 -547.392
v 0.751229 -32.2047 -547.555
v 1.44951 -35.6632 -539.321
v 1.67934 -35.6421 -539.481
v 1.43456 -35.5015 -539.151
v 1.78587 -35.4324 -539.373
v 1.83832 -35.6879 -539.65
v 1.9725 -35.3344 -539.457
v 1.67864 -35.8339 -539.642
v 1.89325 -35.8296 -539.807
v 2.02965 -35.6451 -539.786
v 2.19758 -35.6172 -539.929
v 2.28762 -35.2687 -539.725
v 1.91504 -35.5216 -539.575
v 3.47585 -33.236 -540.338
v 3.33457 -32.9048 -540.126
v 2.83016 -25.4697 -541.155
v -4.44876 -22.4593 -537.825
v -0.9732 -20.372 -538.177
v -5.78614 -30.5182 -545.13
v -0.983676 -20.0986 -538.177
v -1.14133 -20.2458 -538.304
v -0.568871 -20.8881 -537.151
v -4.80177 -25.7364 -538.783
v -4.92749 -25.5638 -539.148
v -4.90932 -25.3741 -539.017
v -4.88543 -25.1659 -538.927
v -5.00986 -24.8702 -539.257
v -5.04402 -25.0262 -539.411
v -4.9577 -25.133 -539.166
v -4.65164 -25.4737 -538.365
v -4.73094 -25.5756 -538.599
v -4.82792 -25.4318 -538.793
v -4.74614 -25.3447 -538.576
v -4.82193 -25.1545 -538.723
v -0.645602 -20.6944 -536.462
v -5.08013 -24.5914 -539.307
v -5.00198 -24.6915 -539.128
v -4.95231 -24.6481 -538.942
v -4.93723 -24.9208 -539.039
v -5.03953 -37.7803 -539.906
v -4.84127 -37.8944 -539.92
v 3.13099 -24.3879 -540.447
v -4.64044 -38.0216 -539.977
v -4.76283 -38.0767 -540.13
v -4.97677 -37.9276 -540.11
v -4.51379 -38.1745 -540.129
v -4.38945 -38.3094 -540.302
v -3.73498 -38.3332 -541.213
v -3.66315 -38.4705 -541.039
v -4.1352 -38.3462 -541.111
v -4.1618 -38.1731 -541.332
v -3.91388 -38.4463 -541.062
v -4.31818 -38.3655 -540.949
v -4.11106 -38.492 -540.893
v -4.06377 -38.5334 -540.652
v -4.30952 -38.4476 -540.705
v -3.98693 -38.4464 -540.425
v -4.2471 -38.4333 -540.468
v -4.31828 -38.2023 -541.176
v -1.26471 -21.4754 -537.957
v -4.48532 -38.1892 -541.018
v 0.159534 -35.8058 -538.835
v -1.05791 -21.4779 -537.576
v -4.49871 -38.3105 -540.789
v -4.68098 -38.195 -540.69
v -4.63329 -38.2161 -540.326
v -4.50357 -38.3262 -540.533
v -4.83535 -38.0372 -540.838
v -4.92217 -38.0342 -540.677
v -5.00503 -37.9742 -540.493
v -4.8771 -38.0546 -540.311
v -3.56774 -36.8607 -543.003
v -3.73777 -36.7179 -543.048
v 3.03459 -24.3483 -540.669
v -3.49683 -35.7523 -543.279
v -3.38567 -35.5562 -543.373
v -5.76735 -30.0261 -544.888
v -3.5356 -36.5874 -543.089
v -3.56937 -36.2983 -543.156
v -3.70536 -35.7733 -543.257
v -3.60257 -36.0242 -543.205
v -6.93508 -32.6697 -544.035
v -6.93529 -32.497 -543.933
v -6.9736 -32.7919 -543.835
v -6.9746 -32.5633 -543.714
v -4.97451 -28.4568 -539.188
v -1.21012 -21.2667 -537.999
v -4.87274 -28.7809 -538.747
v -4.83944 -28.5502 -538.79
v -3.72897 -27.5987 -537.016
v -3.98189 -27.3369 -537.347
v -4.74619 -28.4728 -538.619
v -4.67522 -28.276 -538.561
v 3.32153 -32.2551 -544.699
v 3.21043 -32.1745 -544.885
v 3.43754 -32.2895 -544.482
v 3.5475 -32.4781 -544.46
v 3.63041 -32.6613 -544.556
v 3.44926 -32.4638 -544.671
v 3.50518 -32.6109 -544.815
v 3.33246 -32.4165 -544.91
v 3.67223 -32.8048 -544.745
v 3.57128 -32.7628 -544.973
v 3.20576 -24.4165 -540.218
v 3.92153 -33.091 -544.535
v 3.82347 -33.0162 -544.741
v 3.7808 -32.8755 -544.535
v 4.24153 -35.1991 -545.156
v 4.10116 -34.9782 -545.513
v 4.30183 -34.7578 -545.224
v 4.20411 -34.7462 -545.418
v -6.18654 -31.3794 -545.201
v 4.36325 -34.5638 -545.127
v 2.90897 -25.1157 -541.014
v 4.21952 -34.3175 -545.496
v 4.29152 -34.2038 -545.292
v 4.36531 -34.3441 -545.109
v 4.18217 -33.7757 -545.063
v 4.32703 -34.1157 -545.051
v 4.05462 -34.5796 -545.771
v -3.64176 -27.8134 -536.95
v 3.97718 -34.4278 -545.929
v 3.91281 -34.7132 -545.925
v 3.84654 -34.2881 -546.096
v -4.08005 -28.0801 -544.469
v 3.99278 -34.1655 -545.906
v 4.10727 -34.2945 -545.719
v 3.29364 -33.7939 -546.349
v 3.65488 -33.9257 -546.182
v 3.74802 -33.7934 -546.036
v -4.38463 -27.1172 -544.128
v 3.65969 -34.1446 -546.225
v 3.46737 -33.9653 -546.308
v -3.47935 -27.2318 -536.562
v 3.83985 -34.039 -546.065
v 3.92307 -33.9061 -545.873
v 4.09876 -33.8697 -545.476
v 4.06792 -34.0185 -545.704
v -3.55595 -27.4474 -536.713
v 4.19089 -34.0935 -545.503
v 4.10094 -33.7255 -545.267
v 4.22299 -33.959 -545.244
v 3.67613 -33.4118 -545.824
v 3.96325 -33.7709 -545.671
v 3.98348 -33.632 -545.465
v 3.84271 -33.5244 -545.652
v 3.99264 -33.4943 -545.244
v 3.04343 -24.7975 -540.706
v 3.98554 -33.3623 -545.003
v 3.87966 -33.2849 -545.215
v 3.72991 -32.9558 -544.941
v 3.86339 -33.1592 -544.97
v 3.63782 -32.9121 -545.136
v -4.73563 -27.6056 -544.238
v 3.21065 -32.5019 -545.493
v 3.18958 -32.2797 -545.085
v 3.15966 -32.3511 -545.316
v -3.44074 -27.6661 -536.623
v -3.72016 -26.6617 -536.72
v -3.57607 -26.8204 -536.594
v -0.844177 -26.1127 -539.314
v 3.2824 -32.474 -545.192
v 3.36517 -32.6453 -545.344
v 3.41841 -32.6024 -545.066
v 3.50488 -32.7791 -545.231
v 2.83571 -33.5013 -539.647
v 2.78654 -33.7228 -539.643
v 2.94375 -33.6616 -539.804
v 2.89274 -33.2861 -539.652
v 3.0215 -33.419 -539.835
v 3.07892 -33.6333 -539.947
v 3.20171 -33.7714 -540.108
v 3.47041 -33.468 -540.363
v 3.3299 -33.8631 -540.271
v 3.13492 -25.0558 -540.42
v -4.66716 -29.0128 -538.257
v -4.65696 -28.7643 -538.354
v -4.76166 -28.6965 -538.558
v 3.4782 -32.7926 -540.293
v 3.48269 -33.0112 -540.319
v 3.64315 -32.8914 -540.499
v 3.63544 -33.1181 -540.508
v -3.80371 -26.2395 -543.654
v 3.61992 -33.3371 -540.518
v 3.69442 -34.0963 -540.795
v 3.85269 -33.9986 -540.985
v 3.89603 -33.7248 -540.949
v 3.99841 -33.5791 -541.099
v 3.76221 -33.8627 -540.806
v 3.61956 -33.9586 -540.649
v 2.90364 -34.3005 -539.865
v 3.09116 -34.2608 -540.069
v 3.01359 -34.0901 -539.937
v 2.885 -34.6667 -539.987
v 3.03538 -34.6716 -540.189
v 2.98723 -34.4736 -540.019
v 3.13962 -34.4605 -540.21
v 3.24812 -34.2531 -540.262
v -3.38889 -26.1674 -536.257
v 2.7696 -33.9435 -539.647
v 2.65164 -34.1008 -539.575
v 2.82887 -34.1363 -539.746
v -3.26219 -26.3363 -536.199
v 3.06349 -33.8713 -539.965
v 2.91273 -33.9085 -539.797
v 3.35545 -34.0825 -540.349
v 3.18902 -34.035 -540.136
v 3.2044 -25.0752 -539.935
v 3.477 -33.9179 -540.46
v 3.80081 -32.0954 -541.076
v 3.89935 -32.3262 -541.18
v 3.91743 -32.5371 -541.053
v 3.99951 -32.5605 -541.29
v 3.91563 -32.7557 -540.936
v -3.78454 -25.6068 -543.071
v 3.89304 -32.939 -540.85
v -5.17034 -24.1333 -539.493
v 4.01397 -33.3052 -541.074
v 3.91951 -33.1753 -540.886
v 3.9011 -33.4431 -540.896
v -0.213881 -37.0689 -542.572
v 3.62683 -32.6816 -540.469
v 3.78352 -33.0122 -540.682
v 3.7857 -33.2519 -540.706
v -5.03159 -23.6808 -539.055
v -4.82013 -24.4723 -538.364
v 3.62409 -33.7654 -540.601
v 3.78066 -33.6331 -540.763
v 3.75614 -33.4434 -540.699
v 3.16928 -25.4814 -539.714
v 3.47059 -33.6983 -540.403
v 3.61684 -33.5607 -540.549
v -0.382524 -36.9895 -542.17
v -4.79265 -27.9317 -538.882
v -4.82454 -27.7524 -539.044
v -4.73917 -27.5243 -539.022
v -4.50845 -26.8643 -538.85
v -4.46935 -27.1069 -538.712
v -4.41016 -27.0909 -538.518
v -4.55969 -26.8534 -539.076
v -4.77293 -24.67 -538.258
v -4.53975 -27.0943 -538.946
v -4.5314 -27.306 -538.768
v -4.62274 -27.0687 -539.164
v -4.64065 -27.2959 -539.025
v -4.62321 -27.4829 -538.826
v -4.72228 -27.7052 -538.848
v -4.70056 -24.7002 -538.008
v -3.6762 -25.951 -543.422
v -4.79699 -24.2877 -538.215
v -4.50388 -27.5201 -538.58
v -4.60309 -27.6759 -538.656
v -4.66281 -27.8788 -538.66
v -4.83148 -24.8844 -538.634
v -4.61184 -22.358 -538.827
v -4.64951 -26.071 -538.508
v -4.5656 -26.4656 -538.574
v -4.48222 -26.6929 -538.477
v -4.46399 -26.8732 -538.621
v -4.40468 -26.9162 -538.382
v -4.22184 -27.5795 -538.111
v -4.13429 -27.7151 -537.888
v -4.3362 -27.163 -538.337
v -4.75895 -22.8133 -538.907
v -4.41611 -27.3287 -538.506
v -4.81338 -22.9149 -539.108
v -4.37657 -27.5686 -538.365
v -4.50344 -27.7857 -538.466
v -4.92175 -23.2897 -538.886
v -4.59782 -28.0458 -538.506
v -4.55424 -28.2812 -538.37
v -4.64341 -28.5165 -538.429
v 2.23075 -26.8453 -537.661
v 3.25594 -25.0744 -539.433
v -4.7031 -22.7347 -538.656
v -3.42246 -26.0023 -543.504
v -1.6182 -26.4537 -542.573
v -1.78531 -26.4651 -542.709
v -1.95883 -26.4058 -542.523
v -4.63212 -23.1078 -538.25
v -5.05014 -23.9722 -540.958
v 3.19377 -25.2786 -539.83
v 1.08641 -35.9206 -543.37
v 0.907147 -35.858 -543.532
v 2.10399 -20.2484 -536.012
v -3.5484 -25.6414 -543.139
v -1.76458 -28.3134 -545.142
v -4.96799 -23.5658 -540.64
v -4.18029 -30.8548 -537.118
v 1.60317 -22.1309 -536.512
v -6.0955 -28.5895 -541.497
v -3.63675 -25.2729 -542.757
v -6.05186 -30.1783 -544.584
v 1.79557 -26.654 -537.308
v 1.89356 -27.0558 -537.51
v -4.02732 -23.728 -541.388
v 2.00266 -26.5467 -537.344
v -5.99462 -28.2893 -541.721
v 1.94046 -26.7954 -537.422
v 1.8174 -26.1604 -537.195
v -5.96918 -28.4631 -541.346
v 1.59772 -26.2511 -537.225
v -5.90139 -28.0348 -541.953
v -6.36082 -30.4062 -544.2
v -0.0223938 -26.6322 -538.883
v -2.16865 -32.3737 -536.813
v -6.22353 -28.608 -541.88
v -0.19357 -37.1263 -542.181
v -5.74166 -27.6825 -541.856
v -0.413173 -25.6317 -542.894
v 1.00502 -21.4681 -539.344
v -5.8323 -28.2764 -541.312
v 0.972336 -21.734 -539.616
v 0.868992 -22.2008 -540.056
v -5.78619 -27.8976 -541.763
v -3.71797 -34.4182 -537.808
v -6.44632 -30.3248 -543.977
v 2.99446 -20.1717 -536.668
v 2.73963 -20.1506 -536.288
v -2.30679 -27.3149 -544.297
v -2.1795 -27.1833 -544.122
v 2.36388 -20.0339 -536.309
v 2.74173 -20.2971 -536.085
v -3.89084 -34.2911 -537.794
v 2.1156 -20.1142 -536.198
v 1.40073 -20.6829 -538.76
v -3.66487 -35.1 -538.056
v 0.997869 -21.3412 -539.171
v -0.399416 -25.0047 -542.023
v -0.401662 -24.8057 -541.888
v -6.20698 -35.8156 -539.696
v 0.406587 -23.2875 -540.796
v -5.94033 -35.3499 -539.313
v 0.283479 -23.6596 -541.613
v 0.729942 -22.9991 -540.992
v -6.06568 -35.4737 -539.479
v 0.550983 -23.1827 -540.992
v -6.07146 -35.7164 -539.511
v -4.79416 -32.6151 -537.85
v -2.58882 -27.2626 -544.275
v 2.41152 -26.7741 -537.788
v 2.47024 -26.4505 -537.547
v 2.27918 -27.3137 -538.725
v -4.68455 -32.9658 -537.805
v -4.9019 -33.0388 -537.945
v -2.01938 -27.3244 -544.241
v 1.90762 -27.4819 -537.776
v -5.01469 -32.3029 -538.016
v 2.07528 -27.3463 -537.943
v -5.30971 -32.6447 -538.243
v 2.01532 -27.6498 -538.191
v -1.8045 -20.0981 -538.542
v 2.10492 -27.4487 -538.298
v -1.50279 -19.8761 -538.34
v -1.96206 -20.4699 -538.769
v 2.32908 -27.1262 -538.324
v 2.47139 -26.85 -538.025
v -1.7659 -20.4864 -538.699
v -1.57476 -20.0819 -538.46
v -4.95884 -24.2012 -541.34
v 3.1712 -24.0956 -537.49
v 1.44259 -27.8486 -544.222
v 1.4203 -28.0348 -544.391
v 1.25289 -27.8758 -544.379
v 2.72275 -27.6258 -542.108
v -1.4811 -20.2534 -538.488
v 2.55673 -27.5178 -542.263
v 2.28874 -26.5952 -541.808
v 2.18033 -26.6807 -542.068
v -0.839751 -19.8979 -538.042
v -1.48699 -20.6622 -538.572
v 3.35263 -24.6627 -538.933
v 1.7873 -28.918 -544.749
v 1.20911 -28.8412 -545.101
v 2.45981 -27.221 -542.047
v 1.52527 -27.1077 -543.276
v -2.63645 -20.3028 -538.77
v 1.72885 -26.9645 -542.885
v -1.09016 -26.5011 -543.522
v -1.06667 -26.4669 -543.295
v -1.37891 -26.6502 -543.189
v -0.0782909 -35.7821 -538.748
v -2.57284 -20.4735 -538.884
v 0.179018 -27.942 -544.933
v 3.30372 -24.8487 -539.291
v 2.5683 -27.2647 -540.155
v -1.92303 -19.2928 -537.474
v 0.570117 -31.459 -537.239
v -1.88672 -26.8827 -543.641
v 0.420008 -31.277 -537.25
v 1.55863 -34.1895 -545.795
v 3.32199 -24.6586 -539.403
v 1.17455 -34.2119 -545.823
v 1.2672 -34.2572 -545.419
v -2.24856 -19.4953 -537.558
v -2.12939 -19.4754 -537.799
v -2.7049 -19.9355 -538.22
v 1.72788 -34.2835 -545.686
v -2.74327 -19.904 -538.018
v -3.56894 -20.8765 -538.852
v 2.07209 -35.5167 -545.158
v -3.35944 -20.8005 -538.983
v 2.23568 -35.1674 -545.359
v -2.69728 -20.1429 -538.625
v 1.861 -35.4454 -545.134
v -4.56425 -22.2563 -538.637
v -1.21583 -34.6435 -537.991
v -2.12666 -27.0511 -543.939
v -0.0653054 -35.2404 -538.137
v -4.2391 -21.9058 -537.798
v 0.141682 -35.1299 -538.125
v 0.0288744 -34.8237 -538.031
v 0.237362 -34.9449 -538.099
v 0.377968 -35.1112 -538.162
v -4.41058 -22.1352 -538.079
v 0.739406 -34.9379 -538.247
v -4.32035 -21.9303 -538.029
v 0.656287 -34.7239 -538.15
v -0.115256 -33.7844 -537.758
v -4.49505 -22.2668 -538.249
v 0.191299 -34.5206 -538
v -4.41453 -22.023 -538.259
v 0.313107 -34.159 -537.944
v 0.427144 -34.6387 -538.065
v 0.587277 -34.5145 -538.082
v -1.83447 -19.9432 -536.024
v -2.15843 -22.8487 -539.753
v -1.23562 -25.6385 -540.409
v -1.59541 -19.5521 -536.006
v -2.23572 -24.6993 -540.874
v -0.888081 -18.9269 -537.033
v -5.97739 -36.1623 -543.459
v -0.53472 -18.9807 -536.931
v -0.784581 -18.9335 -536.865
v -6.74915 -36.1919 -542.791
v -0.469129 -19.048 -536.281
v -6.77647 -36.3157 -542.335
v -0.941004 -19.036 -536.27
v -6.87867 -36.2973 -541.865
v -6.89946 -36.1223 -542.264
v -0.561105 -19.1397 -536.093
v -6.64026 -36.4536 -542.437
v -2.97546 -38.2107 -541.153
v -3.0268 -38.0697 -541.326
v -0.076683 -37.222 -541.991
v -0.632782 -19.3303 -535.938
v 0.145073 -37.3541 -542.095
v -1.00065 -19.1886 -536.095
v -4.38762 -35.9674 -545.289
v -4.32665 -35.8205 -545.929
v -4.31701 -35.89 -545.689
v -1.92742 -34.7921 -547.751
v -1.86248 -34.6764 -547.931
v -2.2536 -34.8789 -547.436
v -2.37679 -34.6725 -547.542
v -2.04198 -35.0067 -547.37
v -4.68009 -26.6013 -543.461
v 0.858979 -33.5268 -538.042
v -2.05634 -26.0444 -541.971
v -2.32874 -25.933 -542.222
v 0.731461 -33.3338 -537.942
v 0.990009 -33.7415 -538.125
v -4.92987 -27.0712 -543.692
v -1.56553 -26.6093 -543.037
v -1.95543 -37.4035 -539.781
v -4.73061 -27.0343 -543.877
v -2.33208 -26.1014 -542.326
v -1.59503 -37.2918 -539.806
v -2.40255 -32.0309 -536.758
v -1.47369 -25.8114 -540.76
v -1.28313 -37.4633 -540.585
v -1.64034 -25.8627 -540.95
v -1.67372 -25.7186 -540.759
v -1.71515 -25.6053 -540.608
v -2.05794 -25.8446 -541.556
v -1.75847 -25.8464 -541.166
v -1.95209 -25.7475 -541.172
v -2.02291 -37.569 -539.91
v -1.8925 -36.9388 -539.363
v -1.64468 -37.1296 -539.637
v -1.84902 -25.9767 -541.626
v -1.81251 -37.2701 -539.707
v -1.19773 -26.0146 -541.583
v -5.17198 -27.5418 -543.889
v -1.2075 -25.9848 -541.339
v -2.09526 -36.9702 -539.322
v -2.17002 -37.1334 -539.45
v -2.53263 -37.047 -539.236
v -2.40426 -37.1766 -539.407
v -1.69535 -24.9905 -539.794
v -2.24859 -37.0192 -542.591
v -4.97171 -27.4255 -543.996
v -2.15121 -26.2843 -542.381
v 1.07169 -32.4516 -537.851
v 4.01354 -35.4629 -545.323
v -2.11856 -36.9862 -542.397
v -4.74263 -27.3911 -544.121
v 1.08806 -35.2528 -544.932
v 1.19958 -35.6846 -544.345
v 0.646417 -36.9729 -542.997
v 0.495435 -36.8848 -543.176
v -3.14249 -37.6175 -539.635
v 0.947534 -36.7021 -542.979
v -3.47108 -37.2776 -539.261
v 0.78297 -36.5821 -543.16
v 1.00491 -36.2595 -543.197
v -3.8908 -23.8469 -541.517
v 1.53367 -31.9259 -546.991
v 1.14366 -36.108 -543.213
v 1.17189 -36.3291 -543.06
v -5.40403 -26.6616 -542.183
v 0.131154 -37.3114 -542.565
v 0.766901 -37.1136 -542.831
v 1.14606 -36.5813 -542.943
v -3.54277 -37.1113 -539.116
v 1.61891 -35.8343 -543.856
v 1.54494 -35.7836 -543.615
v 1.71164 -35.9289 -544.093
v 1.47603 -35.7941 -544.032
v -5.48621 -26.8791 -542.059
v 2.97764 -36.3874 -543.987
v 2.9332 -36.4184 -543.776
v 3.22615 -36.4344 -544.105
v 3.38048 -36.5068 -543.934
v 2.31248 -23.7364 -536.881
v 1.74518 -35.8787 -543.659
v 1.94749 -36.7775 -542.422
v 1.92288 -36.5916 -542.565
v 2.10978 -36.8409 -542.311
v 1.85296 -36.9893 -542.31
v -3.89269 -37.317 -539.305
v -5.43579 -26.698 -541.948
v -6.48814 -30.1626 -541.795
v 1.95775 -35.9905 -543.678
v 1.8422 -35.9471 -543.893
v 2.09272 -36.1254 -544.284
v -4.10887 -37.2988 -539.324
v -6.50577 -29.9702 -541.981
v 2.25841 -23.2339 -536.792
v -6.2523 -28.8778 -541.808
v -0.145475 -35.3192 -547.743
v -4.32783 -37.2378 -539.318
v -0.108689 -37.1995 -541.756
v -0.300667 -35.3202 -548.135
v 2.13322 -23.8625 -536.867
v -0.687736 -32.8384 -548.258
v 1.46826 -33.5327 -538.349
v -3.13872 -34.0973 -547.46
v -2.77871 -33.6334 -547.811
v -2.68216 -33.8338 -547.809
v -3.11591 -33.7446 -547.625
v 3.25504 -20.7123 -536.561
v 1.35506 -33.3335 -538.269
v 3.04615 -20.3254 -536.472
v 2.77265 -20.0131 -536.658
v -0.932922 -35.8796 -538.615
v -0.71279 -35.9039 -538.718
v 3.05976 -25.9187 -539.724
v 3.22353 -20.4499 -536.969
v -0.494442 -35.9159 -538.793
v 2.65824 -21.6338 -536.407
v 2.33633 -22.3631 -536.668
v 2.49153 -22.1935 -536.697
v 2.625 -21.9928 -536.688
v 2.88869 -22.1254 -536.948
v -0.914099 -32.8415 -537.149
v -0.654775 -33.0534 -537.331
v 2.73842 -21.7841 -536.624
v -2.4006 -30.5796 -536.611
v 2.46739 -21.4241 -536.086
v -5.23155 -25.7027 -542.058
v -5.1485 -25.7953 -542.282
v -1.19446 -26.667 -543.832
v -1.35171 -26.814 -543.857
v -0.918113 -26.3544 -543.661
v -2.05658 -31.7279 -536.79
v -0.780219 -26.1998 -543.536
v -1.66038 -26.8185 -543.532
v -1.48202 -26.8332 -543.677
v -2.08739 -31.2104 -536.757
v -2.04367 -30.6935 -536.737
v -1.71621 -27.1075 -544.01
v -2.17361 -30.9439 -536.717
v -1.36334 -26.9456 -544.091
v 2.36729 -21.0746 -535.782
v -1.81872 -27.6989 -544.443
v -0.869815 -25.8596 -542.115
v -0.897907 -25.7837 -541.849
v -0.748151 -25.8159 -542.318
v -3.59095 -30.6517 -536.729
v -1.42273 -26.4588 -542.574
v 2.79249 -32.635 -539.406
v -1.03881 -26.0693 -542.187
v -1.17619 -26.0884 -542.035
v 2.94431 -32.5695 -539.584
v -0.857109 -26.1104 -542.727
v -0.926923 -26.1432 -542.523
v 3.19675 -32.7841 -539.939
v -0.768121 -26.0355 -542.92
v 3.46124 -32.5647 -540.252
v 3.59086 -31.8657 -540.629
v -0.679932 -25.9911 -543.141
v 2.66235 -32.8101 -539.279
v -3.88749 -25.2576 -542.73
v -4.42931 -28.5452 -544.774
v 1.79716 -32.4573 -547.23
v -3.83418 -28.301 -544.689
v 2.91618 -26.3148 -539.574
v 2.94964 -35.0247 -545.75
v -3.44525 -27.944 -544.569
v -3.43017 -28.1552 -544.742
v -2.4541 -25.7334 -542.693
v -2.68074 -25.5826 -542.653
v 3.17395 -35.057 -545.797
v -4.04373 -28.6438 -545.037
v 2.15776 -20.4003 -535.818
v -4.24137 -28.5868 -544.916
v -4.15778 -29.0009 -545.202
v -4.5661 -27.9239 -544.404
v 2.0692 -21.5886 -536.07
v -4.03444 -27.4461 -544.307
v -4.3022 -27.4815 -544.315
v 3.1804 -34.7368 -546.028
v 0.829468 -36.8836 -539.755
v -5.27889 -30.1518 -545.275
v -5.3766 -29.9708 -545.176
v -5.50631 -30.2081 -545.177
v -2.82538 -32.1671 -547.414
v -2.62202 -32.0639 -547.446
v -2.8627 -32.3933 -547.52
v -2.98922 -32.0564 -547.26
v -2.59502 -31.8407 -547.314
v 0.0293544 -36.5615 -539.337
v -1.72576 -24.7597 -539.534
v -6.37505 -36.0652 -546.299
v -1.86264 -24.0529 -538.483
v -5.56987 -36.1302 -546.613
v -6.32464 -35.5936 -546.491
v -6.43544 -35.795 -546.334
v -0.829441 -31.1016 -547.108
v -0.93396 -30.8839 -546.986
v -2.52813 -27.6441 -544.627
v -2.67688 -27.5241 -544.523
v 3.04902 -25.9566 -539.029
v 0.170741 -27.0499 -538.516
v -0.0346973 -27.413 -538.506
v -0.213641 -36.5976 -539.334
v -0.968526 -27.489 -537.961
v -3.98776 -28.3275 -537.501
v -4.32803 -26.9827 -538.148
v -3.79356 -30.208 -536.871
v 2.29451 -35.0994 -539.581
v -3.99024 -30.101 -537.082
v -4.21603 -30.1985 -537.206
v -3.10524 -29.002 -536.866
v 0.570368 -37.4785 -541.561
v -2.04339 -24.1049 -539.214
v -1.06911 -27.149 -537.542
v -1.3181 -24.8297 -536.664
v 2.46253 -35.2309 -539.888
v -1.41091 -24.8999 -536.503
v -1.22536 -26.1205 -536.94
v 2.28157 -21.6095 -536.146
v -1.27212 -25.4764 -536.873
v 3.89134 -34.908 -541.79
v 3.97963 -34.6898 -541.736
v 2.52006 -36.7703 -540.899
v 2.70828 -36.2739 -540.873
v -1.34318 -27.328 -536.919
v 2.6698 -36.6537 -541.073
v -1.45314 -27.1438 -536.8
v -1.66132 -27.1638 -536.651
v -1.57059 -26.9629 -536.658
v -1.50879 -26.5736 -536.595
v -3.14698 -30.1222 -536.592
v 1.77621 -37.0554 -540.368
v -1.02712 -27.8605 -537.046
v -0.876558 -28.007 -537.204
v 2.99841 -35.2588 -540.6
v -1.11868 -27.6165 -537.12
v -0.79534 -28.234 -537.146
v 1.65034 -23.1693 -536.792
v 1.85592 -23.2787 -536.764
v 1.76681 -22.7724 -536.677
v 1.74415 -22.546 -536.624
v 1.45495 -36.8526 -540.072
v 1.26231 -36.8209 -539.946
v 1.53441 -22.6266 -536.726
v 0.868992 -21.0692 -537.143
v 0.845989 -21.1038 -537.407
v 1.74333 -37.2966 -540.473
v 0.354833 -26.0733 -538.123
v 1.9251 -37.376 -540.614
v 0.590216 -26.1834 -537.771
v 2.58127 -36.9938 -541.277
v 2.1412 -37.0226 -540.604
v 1.96411 -36.929 -540.425
v 1.41674 -27.1384 -537.434
v 2.44079 -37.0017 -540.928
v -0.270964 -32.583 -537.259
v 2.29216 -36.6919 -540.593
v 1.29547 -26.8998 -537.396
v 1.52606 -26.9547 -537.377
v -1.98294 -24.2873 -539.416
v 3.10716 -25.7264 -539.361
v -4.52501 -37.8328 -541.542
v -0.584051 -26.0465 -539.569
v 1.38057 -36.1956 -539.687
v 2.97208 -26.1771 -539.101
v -4.33684 -37.9272 -541.605
v 1.39388 -32.2953 -547.353
v -1.86294 -24.4579 -539.337
v 0.0603676 -26.2567 -538.72
v 0.0563361 -26.0148 -538.789
v -0.14175 -26.3117 -539.092
v -0.147593 -26.0834 -539.148
v -0.016611 -26.3917 -538.889
v -1.92425 -24.2288 -538.99
v 2.07065 -22.0169 -536.395
v 1.44637 -31.5447 -546.696
v -0.200901 -25.3934 -539.375
v -0.161355 -25.6225 -539.287
v -1.05009 -26.137 -538.933
v 1.9589 -22.4368 -536.578
v -0.342842 -27.288 -538.521
v 1.55631 -25.5655 -537.171
v 1.8042 -31.5197 -546.466
v 0.137713 -33.5724 -548.357
v 1.9553 -22.2051 -536.496
v -0.787883 -33.9613 -548.54
v 1.02526 -25.2279 -537.422
v 0.81329 -25.8722 -537.617
v 2.21696 -34.5021 -539.119
v 0.961937 -25.9838 -537.478
v -1.41725 -34.0872 -548.425
v 0.253792 -26.9081 -538.337
v 0.434707 -27.1841 -538.142
v -0.96278 -33.2498 -548.39
v -0.598768 -25.6112 -542.315
v 1.87113 -21.8742 -536.301
v -0.177942 -25.2634 -542.64
v -0.544123 -25.6954 -542.736
v -0.64845 -25.753 -542.53
v 4.31229 -33.8709 -544.673
v 4.35584 -33.5926 -543.796
v 3.0032 -26.0917 -539.518
v -0.644724 -26.0269 -543.383
v -0.392364 -25.7135 -543.133
v -0.18127 -25.5947 -543.205
v 4.32963 -33.3303 -543.015
v 4.39384 -33.5298 -543.151
v -0.477491 -25.902 -543.486
v -0.803407 -26.1679 -543.289
v 1.26206 -25.2717 -542.569
v 2.81795 -21.0915 -536.028
v -0.0645378 -25.4286 -542.993
v 4.51242 -34.1945 -544.329
v 2.75212 -26.1091 -541.049
v 0.868103 -25.3423 -542.77
v 2.61574 -23.8434 -541.094
v 2.13629 -20.007 -536.4
v 1.26344 -20.4952 -538.1
v 1.45324 -20.3413 -538.096
v 1.64106 -20.4474 -538.509
v 2.47487 -23.8481 -541.241
v 1.78065 -20.0677 -537.515
v -4.20122 -25.8184 -537.199
v 1.51415 -20.2392 -537.87
v -4.21174 -37.6084 -539.587
v 3.12646 -20.8875 -536.168
v -1.68778 -24.4351 -538.625
v 3.25833 -25.1233 -538.725
v 0.451493 -24.2875 -538.346
v 0.497763 -24.0222 -538.387
v 0.56444 -23.8463 -538.238
v 0.689818 -23.5759 -537.872
v 3.44824 -32.9372 -545.705
v 3.19974 -31.0722 -544.075
v 0.522698 -23.763 -538.459
v 1.03244 -21.97 -540.05
v 3.2189 -30.9185 -543.867
v 2.70368 -26.7388 -538.927
v 1.15253 -22.0377 -540.273
v -0.235645 -24.5385 -542.132
v -0.222309 -24.2871 -541.553
v 3.55503 -31.5067 -543.58
v 3.56512 -31.0793 -542.95
v 2.34406 -34.6018 -539.312
v 0.0483518 -23.9169 -541.678
v 3.57224 -31.3091 -543.247
v -4.48978 -37.5203 -539.547
v 0.223615 -23.5911 -541.116
v -0.685072 -25.118 -540.93
v -0.238892 -24.5138 -539.555
v -0.306051 -24.7539 -539.637
v 2.53678 -30.4433 -544.775
v 0.524438 -23.1741 -539.305
v 0.590876 -22.9483 -539.314
v 2.7408 -20.8755 -535.882
v 0.450199 -23.3816 -539.302
v 2.63656 -30.2031 -544.4
v 2.61228 -30.8758 -544.979
v 0.855649 -21.8661 -539.434
v 0.773265 -22.3018 -539.855
v 0.868125 -22.3525 -540.277
v 2.48413 -30.6954 -545.062
v 2.71175 -30.5655 -538.788
v 0.675108 -22.6996 -540.313
v 0.924092 -32.6367 -537.826
v 0.9528 -22.4191 -540.518
v 2.63181 -35.1995 -540.059
v 3.06281 -30.8324 -539.346
v 2.94928 -30.7658 -539.148
v 2.94098 -30.5225 -539.147
v 0.722104 -22.758 -540.58
v 0.973918 -20.8864 -536.778
v 0.929992 -20.8637 -536.988
v 3.09014 -31.6081 -539.585
v 1.0566 -21.3717 -536.575
v 1.07283 -21.108 -536.449
v 2.76921 -26.5751 -538.547
v 1.03017 -20.8982 -536.553
v 0.873861 -21.3061 -537.024
v 0.946944 -21.3593 -536.78
v 3.21976 -31.5697 -539.798
v 2.88086 -32.3958 -539.467
v 2.54477 -20.7464 -538.861
v 3.06429 -31.9905 -539.627
v 2.7271 -32.4097 -539.275
v 0.806311 -21.6107 -537.73
v 0.827716 -21.2994 -537.499
v -3.53275 -38.0302 -541.615
v 0.819935 -21.3825 -537.703
v 0.842773 -21.2142 -537.886
v 0.986234 -21.1309 -538.793
v 1.10065 -21.0167 -538.944
v 2.7229 -31.9877 -539.154
v 2.53891 -32.0767 -538.941
v -0.525296 -25.229 -541.888
v 2.57533 -32.4101 -539.08
v -0.0202888 -23.9444 -541.412
v 0.0999137 -23.7174 -540.957
v 2.46366 -32.5557 -538.979
v -0.151294 -24.151 -541.354
v -0.583666 -25.1379 -541.643
v -0.675161 -25.2736 -541.482
v -0.603661 -25.0518 -541.379
v -0.443938 -24.7595 -541.639
v 2.35044 -32.7454 -538.903
v -0.575502 -24.8991 -540.932
v 1.74233 -22.0822 -540.457
v 1.53774 -22.1898 -540.562
v 2.24643 -21.2448 -539.579
v 2.25681 -32.3104 -538.676
v 2.18883 -32.7053 -538.728
v 2.22564 -21.5748 -539.911
v 2.44792 -21.6313 -539.879
v 2.27651 -21.8944 -540.193
v 2.04192 -32.3173 -538.461
v 2.75078 -26.6407 -539.277
v 2.57618 -27.0334 -539.766
v -0.195064 -24.3437 -541.999
v 0.120898 -23.937 -541.944
v 2.58378 -21.0707 -539.23
v 3.0271 -25.9142 -538.386
v 2.63628 -28.2407 -539.43
v 2.32375 -28.197 -538.755
v 3.31306 -23.7769 -537.7
v 1.63054 -28.3537 -537.813
v 1.82142 -28.3141 -538.025
v 1.79298 -28.5288 -537.942
v 3.17881 -28.8891 -541.556
v 3.1546 -28.8641 -541.773
v 3.17942 -29.1163 -541.674
v 3.22016 -28.382 -540.817
v 2.43654 -28.2503 -538.975
v 3.12016 -28.1351 -541.103
v 1.37374 -28.7321 -537.519
v 1.90166 -31.5677 -538.149
v 2.41317 -28.5665 -538.604
v 0.354199 -29.8767 -537.188
v 0.22182 -29.6534 -537.236
v 2.11764 -31.9231 -538.448
v 2.55098 -28.6003 -538.817
v 0.135878 -28.9751 -537.629
v 0.360595 -28.8213 -537.609
v 2.62779 -29.8766 -538.795
v 2.6596 -29.6589 -538.761
v 1.42038 -26.3103 -543.063
v 2.7831 -28.5986 -539.281
v 1.75051 -25.436 -542.342
v 1.93436 -24.9872 -542.167
v 2.88438 -28.8081 -539.321
v 2.66946 -28.9574 -538.787
v 1.20505 -31.9485 -537.638
v 2.39839 -27.3636 -539.339
v 2.85832 -26.0076 -537.923
v 2.76586 -25.9108 -537.674
v 2.78118 -26.4082 -538.164
v 2.72857 -26.1273 -537.738
v 2.11268 -31.5255 -538.322
v 2.78142 -29.3061 -539.025
v 2.67917 -26.4669 -537.941
v -3.69168 -37.9659 -541.793
v 2.48914 -26.967 -538.434
v -2.32981 -23.4413 -540.531
v 3.32778 -22.9778 -539.567
v 2.85329 -28.9725 -539.18
v 3.27553 -22.7763 -539.655
v -3.808 -38.2033 -541.393
v 2.31945 -25.7686 -537.184
v 2.72489 -20.4266 -538.132
v 2.41076 -26.3297 -537.385
v 2.64466 -25.8144 -537.456
v 2.52919 -31.1516 -538.609
v 1.62747 -25.3458 -537.141
v 1.92333 -25.0082 -537.046
v 1.54329 -24.9911 -537.131
v 2.29853 -20.3813 -538.326
v 1.72039 -25.7521 -537.152
v 2.83164 -20.2822 -537.742
v 2.91708 -20.4059 -537.945
v 2.05161 -25.4062 -537.095
v 2.10435 -25.8416 -537.143
v 1.75829 -23.757 -541.737
v 1.59779 -23.3254 -541.482
v 1.82224 -23.382 -541.457
v 2.72905 -25.4272 -537.416
v -2.42037 -23.0996 -540.366
v 2.3027 -24.7439 -537.031
v -2.22395 -23.1891 -540.237
v 1.07062 -24.1698 -542.211
v 2.30141 -25.3028 -537.123
v 2.38202 -31.2447 -538.473
v -2.49491 -22.8951 -540.286
v -3.94713 -37.9969 -541.73
v 1.54549 -23.6872 -541.762
v 1.32885 -23.5907 -541.745
v 2.97813 -25.1058 -537.584
v 2.9916 -24.8889 -537.5
v 2.69716 -31.7305 -539.049
v 1.09629 -23.8005 -541.985
v 1.24817 -24.3042 -537.187
v 2.86572 -25.5085 -537.629
v 3.11536 -25.5047 -538.265
v 3.0521 -25.5363 -538.05
v 2.97173 -25.5507 -537.843
v -4.06012 -37.8778 -541.918
v 2.94346 -25.9751 -538.162
v 1.82689 -28.0138 -544.061
v 1.81085 -28.1733 -544.249
v 1.66413 -29.0432 -544.903
v 1.55704 -29.1906 -545.059
v 1.55523 -28.8479 -544.862
v -2.61063 -23.0225 -540.454
v 2.9399 -31.6051 -539.359
v 1.34842 -29.1908 -545.203
v -1.79247 -24.3423 -538.794
v 1.70151 -28.5394 -544.571
v 1.23584 -23.8337 -537.117
v 1.37773 -28.222 -544.553
v 0.757754 -24.886 -537.68
v -4.41726 -24.7788 -537.423
v 1.61116 -27.708 -543.88
v 1.63404 -27.8486 -544.06
v -2.22271 -27.9246 -536.328
v 0.865423 -27.3611 -544.313
v -1.86922 -28.1586 -536.371
v 1.03732 -27.3051 -544.085
v -5.14131 -28.8794 -539.168
v 1.25498 -27.1611 -543.707
v -4.9412 -28.979 -538.746
v -5.03164 -29.4977 -538.438
v 2.68748 -27.3101 -540.65
v -5.45212 -29.6823 -539.009
v -2.9118 -22.697 -540.411
v -5.34547 -29.4679 -538.97
v -5.58887 -28.7696 -540.104
v 2.92416 -28.3236 -542.313
v 2.89411 -31.9946 -539.384
v 2.91836 -28.603 -542.614
v 2.93019 -28.9244 -542.832
v -5.57005 -28.4462 -540.514
v 3.22075 -29.5583 -542.762
v 3.64344 -31.2263 -542.788
v 2.7613 -35.0179 -540.08
v 2.55527 -26.3559 -541.351
v -5.67267 -28.4367 -540.723
v -5.69313 -28.7668 -540.329
v 2.09647 -25.0958 -542.029
v 2.66064 -26.1045 -541.24
v 2.67119 -25.8903 -541.323
v 1.69464 -26.5557 -542.766
v -3.67409 -23.871 -541.546
v 2.25729 -27.5027 -542.633
v 2.40044 -26.9362 -541.816
v 2.09594 -26.7664 -542.322
v -1.48852 -24.9518 -538.878
v -4.95462 -30.9375 -538.132
v 1.4092 -30.9896 -546.34
v 1.12772 -29.9894 -545.908
v 1.05723 -29.7755 -545.787
v 1.46492 -30.2414 -545.832
v -4.76096 -31.0816 -537.82
v -4.92121 -31.1206 -538.019
v 0.710188 -28.9488 -545.435
v 0.955555 -29.0295 -545.36
v -4.95258 -30.3218 -538.105
v 0.962762 -28.7002 -545.142
v 0.924163 -28.5126 -545.015
v -0.953917 -26.3338 -543.155
v -4.85042 -30.7081 -538.035
v -0.751734 -26.237 -543.809
v 3.32809 -31.5207 -540.008
v -2.3312 -24.54 -535.781
v -1.03842 -26.5593 -543.974
v -0.863121 -26.4717 -544.134
v -0.920378 -27.7053 -544.985
v -0.886036 -32.4232 -537.003
v -2.82816 -24.2736 -535.729
v -1.51268 -24.9621 -539.12
v 0.794384 -25.618 -543.06
v -2.89888 -23.8659 -535.787
v -1.96227 -24.6922 -536.056
v 1.09753 -26.1885 -543.389
v -3.07068 -22.2621 -540.169
v 1.27168 -25.9615 -543.054
v 1.41523 -26.0938 -542.987
v 1.26744 -26.5504 -543.375
v -1.84402 -24.2858 -536.05
v 0.142589 -26.4433 -544.278
v -0.764315 -27.2925 -544.829
v -1.19442 -23.645 -536.534
v -0.243748 -27.7422 -545.007
v -0.207969 -27.4887 -544.84
v -1.30768 -23.2389 -536.196
v -0.564771 -29.9873 -546.546
v -0.434173 -29.2786 -546.024
v -1.23923 -24.2546 -536.877
v -0.617294 -29.6097 -546.297
v -1.27392 -24.318 -536.659
v -0.187619 -29.5666 -546.173
v -0.0160233 -29.2733 -545.92
v -0.0382616 -29.0758 -545.79
v 0.73552 -29.5226 -545.779
v 0.593465 -29.3484 -545.732
v -2.69986 -24.7779 -535.75
v 0.709805 -28.4093 -545.023
v -3.45778 -22.5013 -540.423
v 0.960569 -28.1184 -544.7
v 1.15033 -28.2549 -544.705
v 1.12194 -28.442 -544.854
v -3.23596 -22.5335 -540.413
v -3.95239 -24.936 -536.761
v 0.10604 -27.6953 -544.817
v 3.39184 -31.7265 -540.178
v -3.14795 -35.302 -545.488
v 1.05568 -27.9195 -544.533
v -3.91803 -24.7174 -536.691
v 0.736009 -28.0459 -544.756
v 0.486839 -27.6452 -544.64
v 0.599784 -27.8682 -544.705
v 0.707936 -27.689 -544.569
v -2.84565 -22.3611 -540.149
v 0.91563 -27.7525 -544.502
v 3.14579 -28.2762 -541.308
v 3.19677 -31.1558 -539.66
v 3.18487 -28.6806 -541.436
v 3.19192 -28.4904 -541.27
v -4.09468 -24.5123 -536.911
v -2.75285 -21.7867 -539.763
v 3.21061 -28.7041 -541.189
v -4.45128 -24.5576 -537.44
v 3.24747 -29.3368 -541.715
v -3.00396 -21.7602 -539.818
v 2.71163 -28.8443 -543.245
v 2.83909 -29.0566 -543.193
v -4.56269 -24.0643 -537.742
v 2.13129 -28.3735 -544.085
v 2.00485 -28.0335 -543.852
v -3.80947 -24.5713 -536.537
v 2.38656 -28.4905 -543.658
v 2.15192 -28.2068 -543.854
v -0.462104 -30.5427 -537.361
v -0.613295 -30.6824 -537.224
v -0.0198808 -30.2949 -537.472
v -1.9676 -26.3036 -536.289
v -0.324825 -29.9143 -537.4
v -0.115649 -30.8606 -537.307
v -2.38161 -21.5433 -539.449
v 0.130767 -31.2929 -537.215
v -2.13529 -26.7397 -536.292
v -0.295385 -31.446 -537.086
v -0.387117 -31.1852 -537.129
v -0.354586 -31.7298 -537.003
v 0.650959 -37.5934 -540.911
v -1.76143 -28.3755 -536.372
v 1.05267 -37.7311 -541.07
v -1.98093 -27.9518 -536.383
v -1.15831 -26.4941 -537.416
v -1.14691 -26.7389 -537.813
v 0.884067 -37.5901 -540.57
v 2.57384 -34.8357 -539.706
v 2.32212 -35.7794 -545.09
v 2.08832 -34.2152 -545.961
v -1.14958 -26.5286 -537.798
v 1.85698 -34.1574 -546.084
v 0.578778 -34.7139 -544.825
v 0.722292 -34.5223 -544.986
v -0.930253 -30.6722 -546.879
v 0.923678 -34.8958 -544.98
v -4.67858 -33.5195 -547.049
v 1.15873 -34.6163 -545.163
v -2.75689 -30.9847 -546.693
v 1.84233 -34.4611 -545.593
v -2.27092 -30.7131 -546.726
v 3.42281 -31.498 -540.22
v 1.79455 -33.4212 -547.462
v -2.57986 -21.5085 -539.533
v 3.45427 -31.2976 -540.283
v 0.0923329 -35.0368 -548.025
v 0.156898 -34.8428 -548.19
v -2.88528 -30.6801 -546.494
v -1.00611 -34.6744 -548.485
v 1.60536 -33.3119 -547.583
v -3.12168 -30.4461 -546.285
v -3.33182 -30.3481 -546.189
v -1.45906 -33.6115 -537.398
v -1.51931 -33.415 -537.255
v -3.73711 -30.4152 -546.105
v -1.43408 -33.2568 -537.203
v -2.77711 -21.1689 -539.374
v -1.29407 -33.1041 -537.152
v -3.78737 -29.8556 -545.862
v -0.25711 -33.6489 -537.665
v -3.32734 -30.1197 -546.107
v -0.670332 -36.9227 -539.616
v -3.03887 -31.6359 -536.73
v -2.44419 -34.5477 -537.808
v -2.78183 -21.5389 -539.625
v -3.10125 -34.6071 -537.82
v -2.48062 -34.7567 -537.885
v -2.83418 -34.3622 -537.718
v -2.88236 -34.5814 -537.81
v -2.72797 -34.7745 -537.882
v -1.31536 -34.8463 -538.015
v -0.746412 -34.267 -537.828
v -0.713918 -34.0516 -537.723
v -1.15595 -33.9071 -537.625
v -1.03909 -33.7404 -537.517
v -4.22884 -30.4361 -545.914
v -3.88924 -30.7688 -546.218
v 0.758129 -35.5243 -538.701
v 0.590898 -35.4835 -538.551
v 1.16175 -34.8917 -538.447
v 2.01088 -36.0844 -540.071
v -4.33246 -30.8019 -546.037
v 1.32284 -34.9883 -538.602
v 1.02385 -35.2613 -538.603
v -4.2982 -30.9614 -546.155
v -0.937053 -35.0723 -538.043
v -0.824889 -34.8659 -538.018
v -0.699061 -35.0994 -538.057
v -4.05427 -24.9225 -542.39
v -2.5763 -29.7972 -546.156
v -0.242257 -35.089 -538.075
v -4.43156 -24.5557 -541.985
v -0.325682 -34.3426 -537.885
v -0.0304444 -34.6399 -537.989
v -0.110723 -34.221 -537.898
v -3.44707 -37.0398 -542.891
v -4.01516 -24.6025 -542.167
v 1.00154 -34.5607 -538.242
v -5.10214 -31.016 -545.775
v 2.80642 -29.452 -539.53
v 2.89756 -29.4403 -540.087
v 2.89828 -29.3085 -539.687
v 3.01633 -29.1565 -539.849
v 4.59987 -35.5439 -543.714
v -5.427 -31.2803 -545.725
v -0.251275 -19.787 -535.98
v -4.53002 -23.6268 -537.945
v -4.4795 -23.3638 -537.898
v -3.9022 -21.1192 -538.396
v -4.04578 -21.2996 -538.413
v -3.94549 -21.2008 -538.172
v -2.92043 -21.3141 -539.494
v -3.14716 -21.2583 -539.435
v -4.49845 -30.888 -537.495
v -4.47013 -30.6432 -537.402
v -4.75226 -31.473 -537.722
v -4.17805 -31.2965 -537.281
v -3.83468 -30.6201 -536.803
v -5.29563 -31.4154 -545.869
v -3.82309 -30.9664 -536.965
v -4.96472 -31.1519 -545.933
v -3.96735 -31.25 -537.161
v -5.92676 -32.2825 -545.965
v -3.65129 -31.6351 -537.016
v -3.55987 -31.2853 -536.957
v -5.77248 -31.8495 -545.8
v -3.84299 -31.6488 -537.134
v -3.90381 -24.732 -542.285
v -3.44268 -34.1486 -537.644
v -3.2463 -34.2865 -537.692
v -3.60726 -33.9679 -537.594
v -5.57324 -32.1086 -546.087
v -2.38215 -33.9274 -537.51
v -5.19879 -25.4696 -541.989
v -5.33877 -26.0584 -541.914
v -3.89239 -24.3164 -541.953
v -5.36347 -25.0342 -541.127
v -5.21433 -24.1372 -539.744
v -4.25198 -24.4253 -541.951
v -5.38272 -32.1421 -546.214
v -5.15896 -23.7326 -539.842
v -5.24632 -24.1359 -539.993
v -5.60147 -32.5456 -546.311
v -5.27869 -24.2194 -540.38
v -4.04351 -24.4374 -542.027
v -5.27822 -24.2755 -540.137
v -5.45575 -33.3347 -546.689
v -5.32379 -24.5022 -540.709
v -5.36656 -24.7118 -540.581
v -3.80043 -37.3423 -542.745
v -5.34298 -24.6494 -540.382
v -5.26265 -24.9104 -540.054
v -5.27489 -24.5147 -540.026
v -2.9527 -33.5521 -547.726
v -3.05171 -26.9017 -536.182
v -5.35998 -33.5361 -546.781
v -2.89127 -25.4236 -535.868
v -2.67216 -25.3338 -535.839
v -2.8986 -24.9493 -535.81
v -5.1983 -30.8489 -545.649
v -1.23299 -25.5638 -538.852
v -4.53368 -30.2662 -545.675
v -4.94495 -30.4535 -545.532
v -2.8101 -25.8477 -535.926
v -4.75766 -30.8135 -545.845
v -2.93114 -28.6557 -536.609
v -6.11217 -32.2913 -545.828
v -2.80975 -28.8998 -536.593
v -0.720649 -30.8918 -537.079
v -2.75669 -28.273 -536.375
v -4.81806 -23.3565 -540.69
v -3.85852 -26.7601 -536.919
v -5.58993 -33.5809 -546.681
v -0.748306 -20.1812 -535.939
v -5.93429 -33.7677 -546.536
v -1.27719 -25.4504 -538.68
v -3.33312 -33.4593 -547.546
v -4.67244 -22.6521 -539.79
v -5.5871 -33.9708 -546.767
v -5.311 -25.1023 -541.356
v -4.74569 -24.4161 -541.693
v -6.01793 -28.1577 -542.936
v -4.56906 -22.6403 -540.008
v -4.53312 -36.251 -543.045
v -4.83328 -23.146 -540.33
v -4.64797 -22.8144 -540.164
v -4.30996 -35.1079 -546.91
v -4.63965 -22.9251 -540.367
v -3.2146 -21.6403 -539.722
v -3.44247 -21.6306 -539.636
v -6.36674 -29.4143 -543.415
v -4.53464 -35.1412 -546.941
v -3.88671 -22.7139 -540.583
v -6.43793 -29.1144 -542.852
v -4.53675 -22.9712 -540.566
v -6.38471 -29.1109 -543.093
v -4.48302 -36.4858 -542.971
v 0.982693 -31.3781 -537.377
v -1.24954 -25.0136 -537.084
v -6.41473 -29.3319 -543.207
v -1.26183 -24.7208 -536.842
v -6.16639 -28.7963 -543.405
v -1.17425 -22.9414 -537.101
v -6.29725 -30.5579 -540.885
v -1.14106 -23.0705 -536.88
v -6.37951 -30.2017 -541.338
v -4.59072 -35.5102 -546.784
v -6.43268 -30.8782 -541.233
v -1.07843 -22.6758 -536.726
v -6.57267 -30.8756 -541.995
v -6.60105 -30.7987 -542.257
v -6.57459 -30.3932 -542.201
v -1.09361 -22.5577 -536.964
v -6.59168 -30.3613 -542.454
v -6.56151 -29.9676 -542.466
v -1.02501 -22.2469 -536.714
v -1.31003 -22.2644 -537.615
v 1.33739 -31.1675 -537.543
v -1.09147 -22.2154 -537.224
v -4.33036 -35.481 -546.722
v -6.53847 -30.1861 -542.058
v 0.715905 -31.3083 -537.3
v -2.15931 -24.5736 -540.501
v -6.42056 -29.0029 -542.473
v -1.64634 -24.7161 -539.107
v -1.77147 -24.5358 -539.18
v -1.67769 -24.5664 -538.866
v -1.90131 -25.5865 -540.781
v -5.55784 -29.9483 -539.279
v -1.64664 -25.5313 -540.419
v -1.80741 -25.3518 -540.366
v -1.45559 -25.3559 -539.833
v -5.7281 -29.757 -539.696
v -1.72605 -25.1083 -539.986
v -4.94543 -36.0379 -546.505
v -5.87918 -29.3469 -540.211
v -2.18305 -24.9314 -540.717
v -2.13743 -25.1793 -540.703
v 0.686368 -30.9336 -537.342
v 0.860764 -30.5238 -537.252
v -1.3568 -23.4637 -537.339
v -1.34292 -23.2219 -537.358
v 1.42128 -30.3911 -537.357
v -6.0055 -29.4898 -540.711
v -2.46103 -25.5863 -542.045
v -2.50507 -25.6507 -542.484
v -2.29055 -25.4862 -541.354
v -2.22893 -25.8648 -541.867
v -2.35409 -25.5177 -541.61
v -2.32856 -25.2974 -541.469
v -5.91021 -29.7803 -540.288
v -6.0408 -29.7382 -540.697
v -6.83063 -32.4074 -541.716
v -6.74762 -31.8083 -542.483
v -2.49109 -25.9206 -543.164
v -2.69341 -25.9483 -543.308
v -2.03559 -20.0801 -536.157
v -2.36528 -35.4254 -543.634
v -1.01351 -25.9538 -539.37
v -2.14819 -35.4449 -543.65
v -1.56508 -20.8034 -535.972
v -3.14124 -21.7641 -536.372
v -6.4253 -31.5734 -544.936
v -5.00333 -37.2664 -541.757
v -5.09658 -37.1199 -541.896
v -4.84701 -37.1801 -541.929
v -0.522408 -34.6367 -544.714
v -4.70962 -37.1281 -542.122
v -5.98082 -37.0742 -539.986
v -5.14298 -36.2027 -543.017
v -6.46018 -31.2081 -544.561
v -5.37245 -37.1071 -539.533
v -5.76826 -36.8703 -539.623
v -5.7928 -37.1131 -539.792
v -5.12948 -37.4014 -541.574
v -3.78842 -35.145 -546.612
v -3.69467 -35.6188 -544.179
v -6.34075 -31.1857 -544.79
v -6.21152 -30.7837 -544.709
v -5.58821 -36.3134 -545.036
v -5.48081 -36.508 -544.423
v -5.91541 -36.4373 -544.318
v -6.42354 -30.9518 -544.424
v -6.39259 -36.2029 -543.211
v -6.2272 -36.1819 -543.454
v -6.57656 -34.0748 -546.123
v -5.62688 -36.2441 -543.031
v -5.50687 -36.4077 -542.876
v 2.58668 -30.6872 -538.582
v -6.30854 -36.6276 -542.586
v 0.218206 -37.3646 -541.355
v -3.76161 -35.4445 -546.316
v -6.70718 -33.9592 -545.944
v -6.75 -33.5926 -545.801
v -6.72654 -32.6214 -545.169
v -5.71894 -35.1099 -539.025
v -5.73521 -34.8678 -538.993
v -3.18579 -37.5389 -542.281
v -6.49964 -31.7922 -544.941
v -3.24075 -38.2328 -541.202
v -3.40349 -38.1331 -541.387
v -6.67202 -32.1267 -544.746
v -6.6539 -32.2615 -544.95
v -3.8021 -37.6461 -542.388
v -6.508 -34.566 -546.299
v -6.70498 -31.3011 -543.133
v -4.39535 -37.8605 -539.797
v -2.63465 -34.9467 -544.155
v -0.506295 -37.2657 -540.417
v -1.71434 -37.8909 -540.797
v 2.67499 -31.0245 -538.777
v -6.64579 -31.3689 -542.477
v -2.22559 -38.2767 -540.745
v -2.60335 -34.907 -544.705
v -2.36628 -37.5898 -541.991
v 2.64488 -27.2885 -541.828
v -3.58796 -29.2725 -545.574
v -2.84015 -37.9262 -541.483
v -3.36847 -29.1838 -545.569
v -4.13087 -31.596 -546.558
v 0.810392 -37.6405 -541.107
v 0.854807 -37.6148 -541.355
v 0.662369 -37.5451 -541.32
v 1.01456 -37.6181 -541.557
v -3.74007 -32.0879 -546.915
v 0.360829 -37.4037 -542.448
v 0.339248 -37.4157 -541.976
v 0.482545 -37.4513 -541.796
v -6.57211 -36.0003 -545.074
v -6.74948 -35.8539 -545.08
v -6.85805 -35.6705 -545.575
v -3.46458 -31.6424 -546.755
v -6.52741 -36.0165 -545.886
v -3.60653 -31.8683 -546.832
v -6.63557 -35.8239 -545.973
v -3.2013 -31.5356 -546.791
v -6.52598 -36.2195 -544.264
v -6.3336 -36.2921 -544.108
v -3.662 -31.3661 -546.608
v -3.80781 -32.5124 -547.108
v -6.07972 -36.369 -544.472
v -1.78597 -32.0659 -547.704
v -3.02674 -26.5174 -543.849
v -5.16262 -36.3349 -544.644
v -4.26238 -26.8996 -544.037
v -4.29201 -36.0308 -544.9
v -3.91097 -36.0073 -545.108
v -4.11641 -35.9758 -545.283
v -4.14927 -26.6742 -543.912
v -5.94829 -29.5311 -544.38
v -4.89414 -36.36 -544.373
v -6.07128 -29.9906 -544.441
v -3.86346 -35.9265 -544.687
v -5.94736 -29.7799 -544.521
v -4.18518 -35.8744 -544.346
v -4.03208 -35.7449 -544.281
v -4.7076 -36.1683 -544.054
v -6.05582 -29.5119 -544.178
v -4.3551 -35.9246 -544.206
v -1.17777 -35.0581 -548.1
v -4.5834 -26.3263 -543.17
v -0.824344 -35.1686 -548.413
v -4.82034 -26.4115 -543.074
v -5.32867 -26.4084 -542.138
v -4.34316 -25.3029 -542.516
v -1.01821 -35.2304 -548.003
v -4.11928 -25.2818 -542.631
v -3.97392 -25.0953 -542.556
v -1.81517 -35.1412 -547.048
v -4.27555 -24.9386 -542.302
v -2.66524 -34.9903 -546.053
v -2.87733 -34.9268 -545.939
v -2.63583 -35.0147 -546.281
v -2.76751 -35.0771 -544.662
v -4.0307 -35.9319 -545.444
v -5.63488 -27.2962 -541.768
v -4.11202 -35.7947 -545.851
v -2.88064 -34.9747 -545.695
v 2.50544 -26.9543 -541.614
v 2.6386 -23.2057 -536.922
v -1.36 -34.3456 -548.398
v -2.56317 -34.0212 -547.808
v -2.22364 -34.2405 -547.977
v -2.35931 -34.365 -547.79
v -2.41166 -34.1724 -547.837
v -1.52716 -33.1135 -548.255
v 3.089 -23.6882 -537.304
v -1.71252 -33.1388 -548.216
v -3.30388 -34.9156 -546.353
v -3.03418 -34.6817 -546.632
v -2.61593 -24.2688 -541.346
v -2.47246 -23.6677 -540.809
v -2.93199 -34.7746 -546.413
v -2.64651 -34.888 -546.706
v -2.57197 -24.003 -541.116
v -2.58654 -34.6894 -547.147
v -1.81997 -30.7085 -536.792
v -2.54948 -34.8757 -546.956
v -2.38117 -35.0252 -546.997
v -3.07937 -23.4811 -541.026
v -2.46042 -35.0892 -545.893
v 2.76809 -27.4445 -541.707
v -2.89351 -35.2087 -544.846
v -2.93915 -23.2246 -540.772
v -0.890686 -25.7241 -541.598
v -3.11995 -23.06 -540.747
v -1.04959 -25.8568 -541.472
v -2.07275 -32.8433 -548.014
v 3.64034 -30.7844 -541.889
v 3.6557 -30.8197 -541.438
v 3.99788 -36.4816 -543.609
v -4.64736 -36.0079 -546.128
v 4.6289 -35.0976 -543.424
v -0.609261 -31.9028 -547.627
v 3.69862 -35.6992 -542.276
v -0.537598 -31.3328 -537.038
v 2.82058 -27.5336 -541.494
v 2.08451 -37.0346 -542.175
v 1.88105 -37.1701 -542.139
v 2.34946 -36.6888 -542.293
v -1.57166 -32.173 -547.798
v 2.10283 -37.4239 -541.855
v -0.981188 -32.271 -547.927
v -1.02545 -33.0197 -548.307
v -0.676116 -31.2838 -547.21
v 2.31185 -37.0457 -541.996
v -0.102118 -32.2115 -547.775
v -2.80531 -35.0701 -545.088
v -0.337314 -32.2198 -547.828
v 4.1148 -34.2895 -541.654
v -0.436736 -32.0363 -547.704
v 0.896032 -37.083 -539.929
v -0.572704 -32.2094 -547.857
v 2.81646 -27.5096 -541.073
v -0.122694 -32.5834 -548.037
v -0.308098 -34.5941 -544.763
v -1.10006 -36.1217 -543.284
v 4.49396 -35.0839 -544.722
v 4.42947 -35.3169 -544.764
v 4.37425 -35.1536 -544.939
v 3.69024 -36.4762 -544.23
v -0.239973 -32.4016 -547.942
v -1.13718 -31.7059 -547.506
v 4.01957 -35.851 -545.007
v -0.0511278 -36.1535 -543.627
v 4.16446 -35.8658 -544.845
v 1.9806 -33.5192 -538.739
v -1.35835 -31.6754 -547.479
v -4.90441 -23.7916 -541.017
v 4.30229 -35.7727 -544.733
v 0.243362 -36.9694 -543.204
v 3.78837 -31.484 -542.105
v 3.83124 -31.6232 -542.307
v 3.90465 -31.8281 -542.385
v 3.81244 -31.6108 -542.529
v 3.67662 -31.1121 -542.118
v 3.68002 -31.0475 -541.605
v 3.68859 -31.222 -542.393
v 3.63544 -30.9981 -542.347
v 3.65 -36.431 -543.241
v -1.56825 -31.7521 -547.518
v 3.84366 -31.8279 -542.891
v 3.7015 -31.4433 -542.882
v 4.02569 -32.3924 -541.666
v 4.55665 -34.6983 -543.033
v 4.05803 -32.5961 -541.537
v 4.58312 -34.2849 -543.318
v 4.55919 -34.2411 -543.057
v 4.4917 -34.1508 -542.59
v 4.51225 -33.9639 -542.972
v 3.54211 -30.7353 -540.589
v 3.53363 -30.9568 -540.532
v 4.55029 -34.4427 -542.931
v 3.41799 -30.7164 -540.149
v 0.589873 -36.1576 -543.563
v 3.58634 -30.3682 -540.836
v 0.502377 -35.7992 -543.82
v 0.42446 -36.5656 -543.417
v 1.83378 -27.5404 -543.242
v 3.4236 -30.4732 -540.192
v 0.649199 -36.4768 -543.344
v 3.24813 -29.8572 -540.755
v 3.36328 -29.8826 -540.948
v 3.28929 -36.527 -543.693
v 3.02829 -30.1314 -539.649
v 2.60826 -36.2544 -544.082
v 2.52075 -36.2503 -543.837
v 3.08911 -30.0448 -539.885
v 3.0452 -36.4797 -543.593
v 2.03214 -36.0401 -543.436
v 3.11159 -29.9643 -540.112
v -1.11117 -31.9068 -547.653
v 2.71999 -30.1946 -539.036
v 2.82802 -29.7345 -539.812
v 2.56149 -30.2156 -538.614
v 2.49982 -30.1065 -538.385
v -0.518144 -35.4368 -547.033
v 2.62626 -30.0978 -538.822
v -1.33793 -32.052 -547.745
v 3.58631 -31.3484 -540.653
v -0.560291 -35.4622 -547.575
v -1.41022 -31.3537 -547.26
v -1.41217 -35.1149 -547.134
v 3.5218 -31.2055 -540.476
v -1.20134 -35.1706 -547.562
v 3.9111 -32.0889 -542.995
v -1.0175 -35.3158 -547.105
v -1.21126 -35.1917 -547.268
v 4.59105 -34.2652 -543.582
v 0.172745 -35.0705 -547.416
v 0.0103835 -35.2116 -547.565
v 0.555503 -34.7768 -547.604
v -7.05018 -35.653 -542.142
v 0.329105 -34.9166 -547.615
v 0.458586 -34.9223 -547.202
v 4.66634 -35.2072 -544.086
v 3.81398 -36.2051 -544.782
v 2.12103 -27.5547 -542.842
v 3.05781 -32.7797 -546.24
v 3.20804 -32.9528 -546.144
v 2.91183 -32.7951 -546.461
v -0.847622 -32.135 -547.825
v -0.88129 -31.932 -547.67
v -0.707758 -32.4936 -548.075
v -2.03339 -33.6985 -548.185
v -2.38627 -33.6438 -548.008
v -1.13928 -31.3534 -547.264
v -1.98067 -33.4616 -548.188
v -1.76036 -33.3955 -548.265
v -0.176236 -35.9557 -543.718
v -0.0518305 -35.7587 -543.851
v -3.11763 -34.5257 -546.989
v -3.27908 -34.4675 -547.154
v 0.0369263 -35.332 -544.099
v -0.530034 -35.777 -543.756
v -0.239078 -35.5633 -543.931
v -3.57827 -34.7136 -546.975
v -3.70383 -34.5678 -547.13
v -4.82887 -35.4799 -546.848
v -0.428483 -35.9923 -543.648
v -4.95834 -35.8589 -546.676
v -0.30112 -35.7753 -543.8
v -5.22653 -35.7998 -546.764
v -0.666816 -36.1055 -543.519
v -5.47681 -35.6873 -546.808
v 0.277547 -35.3252 -544.164
v -3.16824 -32.9265 -547.561
v -3.52472 -32.7882 -547.343
v -1.26332 -31.0358 -547.061
v -2.32536 -33.1959 -547.993
v -2.09048 -33.0839 -548.069
v 2.32272 -31.1685 -545.568
v -2.7444 -32.7533 -547.723
v -2.47193 -33.0376 -547.902
v 0.170721 -35.6543 -543.942
v -2.54925 -33.3009 -547.91
v -3.19002 -33.2776 -547.602
v 0.656058 -34.8521 -547.156
v 0.572249 -34.9622 -546.77
v -2.94585 -33.283 -547.718
v -3.44245 -33.2587 -547.482
v -4.74252 -23.8419 -541.212
v -7.17228 -35.0746 -542.458
v -0.881583 -26.3084 -538.97
v -1.18388 -35.0262 -544.027
v -2.07928 -35.0857 -543.817
v -5.18162 -25.1133 -541.775
v 2.51269 -29.7985 -544.294
v -4.41188 -24.7569 -542.143
v -2.40258 -22.6336 -540.022
v -2.37498 -22.8119 -540.119
v 2.82768 -30.1441 -543.99
v 2.44501 -21.3005 -539.56
v 2.37445 -20.9514 -539.223
v 2.16373 -20.8485 -539.182
v 1.75239 -30.5718 -545.846
v -4.40865 -25.3901 -537.6
v 3.25765 -20.582 -537.417
v 0.191792 -35.2105 -546.639
v 3.36872 -21.601 -537.381
v -0.909424 -35.0946 -544.048
v 3.46731 -21.9402 -538.488
v 3.33939 -21.5023 -538.641
v -0.862873 -35.9535 -543.561
v 0.338864 -34.6639 -544.691
v 3.36158 -21.841 -538.911
v 2.6892 -21.4384 -536.231
v 3.02309 -21.4863 -536.575
v 2.30768 -30.1778 -544.962
v 3.33494 -22.7684 -537.473
v 0.0914989 -34.6929 -544.54
v 0.31867 -35.0841 -546.819
v 3.1775 -22.8868 -537.274
v -1.49716 -24.0681 -537.775
v 3.43938 -22.7089 -537.723
v 2.27496 -30.75 -545.39
v 3.31482 -22.3247 -537.395
v 0.272253 -35.0158 -547.244
v 2.42103 -30.4309 -544.975
v 3.01322 -22.5287 -537.104
v 4.22472 -34.2801 -541.883
v 2.009 -22.8922 -536.689
v 2.74951 -29.6827 -543.802
v 1.29171 -23.106 -536.983
v 1.45811 -23.292 -536.892
v 4.03964 -35.461 -542.426
v 4.02043 -35.1082 -542.151
v 4.37562 -35.6659 -543.104
v 1.37598 -23.6815 -536.995
v 1.72095 -23.6858 -536.851
v -6.32307 -28.9636 -542.026
v -0.774535 -35.3914 -547.713
v -6.23054 -29.2608 -541.604
v 4.22582 -35.5403 -542.737
v -5.39611 -26.7064 -542.464
v -5.47918 -26.8743 -542.32
v 2.89373 -29.2704 -543.32
v 2.85166 -29.4229 -543.502
v -4.50147 -25.4777 -542.551
v 4.39288 -36.0405 -543.626
v -2.24236 -28.1544 -545.026
v 4.17045 -36.0147 -543.122
v -1.94631 -27.8427 -544.603
v -2.83942 -34.3175 -547.297
v -2.24604 -27.9813 -544.848
v -0.909158 -35.3513 -547.535
v -1.26187 -34.903 -545.058
v -2.29888 -26.2222 -543.387
v -1.68836 -34.8747 -544.987
v -3.08534 -25.757 -543.189
v -3.15388 -25.4765 -542.842
v 2.61904 -29.424 -543.884
v -1.75412 -35.0153 -545.258
v -3.59153 -26.3003 -543.761
v -1.76692 -34.7752 -544.786
v -2.91587 -26.0128 -543.459
v -3.06938 -25.914 -543.383
v -3.73681 -27.1247 -544.212
v -2.14521 -35.0824 -545.517
v -3.90405 -26.9717 -544.172
v -7.13422 -34.8885 -542.352
v -4.23066 -27.2651 -544.253
v -4.53387 -27.5246 -544.278
v -1.7164 -34.6955 -544.602
v -0.927483 -34.7596 -544.817
v -1.41351 -34.8204 -544.886
v -3.40465 -26.6121 -543.988
v 2.48431 -29.5974 -544.205
v -3.1525 -26.2987 -543.748
v -0.584497 -35.0155 -545.265
v -4.12258 -27.8531 -544.406
v -6.69522 -31.1403 -543.805
v -6.51186 -30.9397 -544.225
v -6.31489 -30.7478 -544.494
v -6.40983 -30.6917 -544.272
v -5.89812 -30.2032 -544.832
v -6.15726 -30.3581 -544.52
v 0.311256 -35.9896 -543.751
v -5.80446 -29.8072 -544.73
v -6.18239 -30.5667 -544.609
v -6.2089 -30.2166 -544.342
v -0.80951 -34.8537 -544.995
v 3.70867 -34.7681 -546.015
v -4.27706 -28.2218 -544.544
v -5.05728 -28.7853 -544.725
v -5.7534 -36.428 -544.128
v -5.00495 -28.353 -544.459
v -5.40766 -29.1777 -544.765
v -5.59392 -36.3921 -543.979
v 3.41519 -36.5458 -543.535
v -5.21365 -29.1527 -544.884
v -3.08895 -27.9543 -544.754
v -3.28042 -28.0096 -544.708
v -3.00971 -27.7392 -544.626
v -3.78632 -28.7739 -545.157
v -3.96338 -29.1344 -545.326
v -0.221763 -34.9807 -545.289
v 3.64996 -30.4034 -541.263
v -4.99816 -36.2974 -545.682
v -4.0012 -29.3284 -545.472
v -5.06002 -36.2646 -545.494
v -2.77192 -29.2561 -545.807
v -7.19197 -33.976 -543.956
v -6.87266 -32.7285 -544.609
v -6.8886 -32.8568 -544.806
v -6.9538 -33.0615 -544.76
v -6.68266 -35.6128 -546.047
v 2.94542 -36.4526 -543.348
v 3.64888 -30.6432 -541.25
v -6.58302 -34.9995 -546.284
v -6.07678 -35.2876 -546.646
v 1.53346 -36.4781 -542.835
v -7.29426 -35.5133 -543.361
v -6.5435 -31.644 -544.727
v -6.73781 -32.3663 -544.758
v -7.28929 -35.1475 -543.108
v -6.84175 -35.4202 -540.814
v -6.95408 -33.7661 -545.499
v -5.78709 -29.865 -539.869
v -6.89537 -35.5991 -540.956
v -6.81943 -34.7342 -540.917
v -5.64023 -30.0432 -539.496
v -5.70284 -30.2353 -539.599
v -6.66186 -34.7474 -540.495
v -6.55847 -29.8371 -542.701
v -6.55408 -30.0399 -543.428
v 1.50376 -36.69 -542.732
v -5.55647 -27.0599 -542.404
v -6.49251 -29.8048 -543.381
v -5.52322 -28.7024 -544.353
v -5.56399 -28.9009 -544.452
v -4.82113 -27.8314 -544.302
v -5.0846 -27.833 -544.182
v -5.01127 -28.17 -544.362
v -6.72039 -34.9769 -540.595
v -5.21051 -28.7199 -544.587
v -5.51705 -34.769 -546.87
v -5.7511 -34.7968 -546.78
v -5.78838 -35.0239 -546.767
v -5.99593 -34.8412 -546.669
v -5.75994 -31.6162 -545.687
v -5.71864 -31.1513 -545.507
v -6.67678 -33.806 -540.515
v -2.68747 -32.5176 -547.661
v -3.13207 -32.7219 -547.525
v -2.09855 -23.2701 -539.033
v -6.59092 -33.8684 -540.29
v -2.38611 -31.7453 -547.343
v -6.45237 -33.7208 -539.93
v -2.77086 -31.7185 -547.14
v 3.44947 -34.7547 -546.051
v -3.19821 -32.1897 -547.235
v -2.00879 -31.7911 -547.488
v -5.87356 -36.365 -545.613
v -1.78699 -31.8281 -547.548
v -6.59666 -34.5248 -540.365
v -2.21075 -31.8747 -547.49
v -3.97217 -32.9347 -547.192
v -3.66683 -32.6576 -547.225
v -5.00616 -33.3018 -546.883
v -6.40287 -34.7333 -539.951
v -5.03729 -33.7452 -546.952
v -5.23289 -36.3634 -545.611
v -6.1036 -34.0631 -539.311
v -5.9007 -33.8259 -539.019
v -4.10402 -34.6991 -547.087
v -5.7938 -34.0034 -538.911
v -3.81574 -34.3595 -547.249
v -4.37245 -34.7376 -547.079
v 1.33917 -36.8783 -542.7
v 3.41444 -30.8328 -543.193
v -4.55901 -34.5796 -547.112
v -5.18523 -35.2624 -546.917
v -7.03898 -34.7014 -541.942
v -5.42476 -35.3961 -546.859
v 2.99663 -30.6148 -544.026
v -0.883672 -31.0576 -536.961
v -1.23363 -30.0608 -546.562
v -7.12917 -34.4209 -542.819
v -6.95502 -33.3036 -542.385
v -7.31357 -34.3827 -544.034
v -0.105683 -30.9413 -546.961
v -2.61682 -28.172 -545.038
v -7.12632 -33.663 -544.268
v -2.61934 -27.8487 -544.787
v -2.23796 -28.325 -545.215
v -2.46659 -28.4358 -545.302
v -7.10802 -33.6147 -544.792
v -2.02268 -28.7205 -545.615
v 1.02898 -37.2463 -542.555
v -2.11205 -29.1003 -545.845
v -2.35283 -29.098 -545.806
v -2.39885 -28.9183 -545.661
v -1.97667 -29.2673 -545.969
v -7.11092 -33.8696 -545.104
v -0.763665 -28.3579 -545.588
v -4.16354 -30.072 -545.801
v -7.1957 -34.3626 -544.985
v 3.22054 -30.7386 -543.643
v -2.10239 -29.4502 -546.071
v -1.75902 -29.6017 -546.214
v 0.38144 -28.1991 -537.924
v -7.22125 -34.211 -544.807
v -1.01465 -29.2843 -536.964
v -7.05871 -34.1409 -545.363
v -0.749836 -29.5891 -537.202
v -7.16764 -34.561 -545.138
v 1.40891 -37.0644 -542.519
v -1.1913 -29.1838 -536.804
v -1.29981 -28.835 -536.623
v -1.00154 -28.8348 -536.9
v -1.24187 -28.5871 -536.63
v -2.79626 -26.5194 -536.057
v -7.29635 -35.0547 -544.633
v -5.87664 -36.3922 -546.047
v 4.33302 -33.3085 -542.768
v 4.32658 -33.2889 -542.53
v -2.86462 -27.0064 -536.152
v -5.98518 -31.8907 -539.577
v -1.43551 -23.4592 -536.132
v -1.34718 -25.6092 -536.668
v -1.45943 -25.263 -536.482
v -4.64906 -30.8574 -537.716
v -5.85653 -31.7632 -539.408
v -4.72451 -30.6664 -537.822
v -4.68383 -31.2593 -537.682
v -4.21204 -28.5443 -537.728
v -5.7553 -31.8776 -539.185
v -4.09298 -29.9615 -537.268
v -5.77298 -32.1196 -539.106
v -4.39185 -30.4143 -537.288
v -4.41221 -30.2199 -537.383
v 3.24024 -32.0147 -544.696
v 4.22423 -32.9975 -542.133
v -2.06145 -24.2389 -539.865
v -5.98595 -32.3654 -539.393
v -4.69292 -30.2033 -537.684
v -6.08592 -32.5474 -539.491
v -4.74212 -29.7466 -537.88
v -4.47222 -30.0072 -537.522
v -4.91852 -29.7466 -538.084
v 4.16631 -32.7698 -542.211
v -4.34173 -28.6326 -537.893
v -3.97823 -27.8446 -537.518
v -5.43936 -31.2245 -538.852
v -4.19706 -27.3518 -537.993
v -4.05058 -27.6498 -537.64
v -4.1457 -27.2542 -537.741
v -4.21115 -27.0179 -537.728
v -5.17509 -24.7474 -539.688
v -5.24719 -24.7191 -539.928
v -5.47371 -31.4363 -538.86
v -5.414 -31.7839 -538.637
v -4.2938 -28.202 -538.011
v -5.38834 -31.5527 -538.659
v 3.38118 -35.921 -545.073
v -3.40727 -29.8507 -536.886
v -3.3459 -29.6061 -536.951
v -3.61095 -29.4748 -537.167
v -3.42067 -29.1382 -537.063
v -6.54755 -32.6598 -540.345
v -5.64584 -36.4326 -546.042
v -2.8481 -29.3245 -536.665
v 4.14034 -32.6886 -542.474
v -3.01573 -29.7249 -536.699
v -3.02703 -29.9438 -536.62
v -2.60278 -26.8728 -536.136
v -6.43052 -33.1791 -539.935
v -2.19143 -27.4561 -536.411
v -6.53933 -33.2271 -540.158
v 2.99973 -31.8196 -545.073
v -2.53882 -27.2591 -536.244
v -2.55266 -27.6687 -536.275
v -1.96011 -27.382 -536.516
v -1.79097 -26.9553 -536.521
v -2.30697 -27.2367 -536.326
v 3.35441 -32.0803 -544.498
v -3.00602 -27.6111 -536.287
v -2.69598 -27.8747 -536.3
v -6.54103 -33.501 -540.135
v -6.2962 -32.8922 -539.713
v 4.03981 -32.311 -542.336
v -3.91126 -26.2485 -536.825
v -6.18834 -32.4941 -539.685
v -2.54953 -28.5949 -536.367
v 0.605674 -29.8243 -537.08
v -6.06601 -32.9827 -539.289
v -6.86926 -33.4282 -541.109
v -6.97988 -33.2384 -541.603
v -1.02998 -30.6231 -537.016
v -0.832192 -30.5251 -537.179
v -1.44258 -30.3327 -536.879
v -0.0348187 -37.3547 -540.291
v -1.2432 -30.479 -536.957
v -0.194439 -37.2057 -539.933
v -2.31436 -29.7043 -536.485
v -2.04575 -24.2146 -539.624
v 3.91649 -31.9874 -542.785
v 1.86659 -37.5086 -541.847
v -2.40864 -37.8456 -541.593
v -0.852233 -27.9401 -537.426
v 3.95156 -32.0207 -542.576
v 1.28639 -22.0385 -536.684
v -4.37052 -24.1642 -541.676
v 0.940885 -24.0355 -537.454
v 0.952875 -24.5226 -537.467
v -2.22706 -38.0438 -541.128
v 4.05422 -32.3709 -542.095
v 0.716861 -24.3126 -537.776
v 0.830138 -24.4261 -537.609
v 0.622132 -24.4612 -537.918
v 2.94898 -31.4237 -544.857
v 0.532422 -24.3606 -538.132
v -2.44726 -38.1401 -541.141
v 0.318717 -24.4565 -538.515
v 0.175068 -24.2754 -538.934
v 0.285622 -24.2839 -538.715
v -3.0116 -38.4737 -540.876
v 2.79158 -31.2429 -544.977
v 0.00437584 -24.2089 -539.303
v 0.0423389 -24.4624 -538.954
v -1.5819 -37.7053 -540.914
v -0.180527 -24.5679 -539.299
v -0.16956 -24.7859 -539.168
v 1.09163 -24.1715 -537.306
v 1.15541 -31.7757 -547.043
v 1.04418 -24.7217 -537.384
v 0.502133 -27.0294 -537.975
v 0.644077 -27.1059 -537.815
v -0.669514 -36.8394 -541.691
v 1.00816 -26.507 -537.445
v -0.83169 -36.7655 -541.594
v 0.815723 -26.4336 -537.564
v 0.664885 -26.6498 -537.661
v 1.05216 -26.8038 -537.457
v -0.855949 -36.6827 -541.828
v 0.227753 -25.5165 -538.446
v 3.9987 -32.214 -541.854
v 0.485555 -25.6286 -538.067
v -0.110678 -25.4359 -539.162
v 0.0411781 -25.538 -538.823
v -1.09999 -36.6042 -541.803
v 0.44407 -26.3886 -537.875
v 0.153651 -26.5843 -538.459
v 2.73995 -31.5281 -545.262
v 0.396976 -26.7768 -537.995
v 2.64156 -23.2119 -540.776
v -5.17241 -36.4062 -546.079
v -0.780374 -36.6875 -542.085
v -0.602419 -36.8023 -542.591
v 0.0616987 -37.3495 -541.164
v -5.08427 -36.4027 -542.927
v -0.045693 -25.9144 -538.998
v 2.37394 -23.4595 -541.147
v -3.27353 -37.6681 -542.118
v 0.0474203 -25.7737 -538.834
v -3.17469 -37.8585 -541.74
v -0.290931 -32.8113 -537.361
v -3.38346 -37.3075 -542.634
v -0.344947 -27.0926 -538.662
v -4.20044 -36.7744 -542.955
v -0.646604 -26.1911 -539.368
v -4.27311 -36.5271 -543.009
v 1.12488 -25.758 -537.363
v -2.54657 -35.5598 -543.549
v -4.74116 -36.2144 -543.039
v -2.76011 -35.4632 -543.547
v 1.37354 -26.1365 -537.262
v 4.17426 -32.8369 -542.665
v -7.18067 -35.2723 -542.562
v 2.21652 -23.5236 -541.311
v -7.08028 -35.7148 -542.566
v 1.22618 -25.2102 -537.282
v 1.43856 -24.3018 -542.176
v 1.55349 -24.4971 -542.228
v 4.45648 -33.7362 -542.803
v 2.02937 -23.4477 -541.396
v -7.21753 -35.5187 -542.958
v 1.89655 -23.5989 -541.568
v -0.329588 -25.2343 -542.324
v -0.304544 -25.0806 -542.228
v -7.14518 -35.494 -542.557
v 0.0150959 -24.5388 -542.387
v -6.98396 -35.9354 -542.578
v 0.384515 -24.5484 -542.52
v -5.6871 -36.2784 -543.793
v -5.4804 -36.0742 -543.447
v -5.34776 -36.172 -543.655
v 0.507277 -23.4822 -538.853
v 0.565694 -23.3437 -538.688
v 0.475999 -23.7065 -538.713
v -5.98483 -36.3648 -545.857
v 0.518518 -23.3103 -539.074
v 4.49695 -33.8942 -543.239
v 4.16436 -32.8191 -541.948
v -5.83361 -36.3583 -545.359
v 0.163011 -24.0826 -539.166
v 0.33563 -23.7304 -539.196
v 0.299045 -23.905 -539.076
v 0.36246 -24.0803 -538.722
v 3.32584 -35.6508 -545.315
v 0.719017 -23.1584 -537.75
v 0.824566 -23.1403 -537.518
v 0.950813 -23.0574 -537.319
v 0.840608 -22.867 -537.479
v 0.750399 -22.6904 -537.677
v 0.682505 -22.7717 -537.859
v -5.4213 -36.3539 -545.434
v 0.646561 -23.2269 -538.009
v 0.768814 -23.6336 -537.672
v -5.80514 -36.3482 -545.105
v 0.846564 -23.4079 -537.501
v 1.88504 -21.7462 -540.133
v 1.64758 -21.7071 -540.094
v 2.01971 -21.5739 -539.951
v 1.86119 -21.4406 -539.824
v -6.19039 -35.3055 -539.634
v 0.716489 -22.4015 -539.638
v 3.88842 -31.9424 -541.509
v 0.610212 -22.7575 -539.789
v 0.596163 -22.8483 -539.543
v -6.21838 -34.6541 -539.624
v -6.00244 -35.0448 -539.356
v -0.440879 -24.7141 -541.405
v -0.423772 -24.6522 -541.17
v 2.6233 -21.8121 -539.938
v -6.04798 -36.5129 -539.667
v -0.362161 -24.9779 -539.772
v -2.68296 -36.5463 -543.064
v 3.72094 -31.4528 -541.187
v 0.172158 -24.6624 -538.604
v 0.526702 -24.818 -538.005
v -2.6418 -35.9334 -543.368
v -2.50173 -36.3905 -543.165
v 0.158391 -25.0621 -538.421
v -2.33608 -36.2226 -543.257
v 3.70356 -31.5808 -541.017
v -0.963613 -25.6635 -541.115
v -0.796021 -25.3086 -540.88
v -0.515222 -24.7738 -540.731
v -0.513465 -25.1733 -540.091
v -2.44781 -36.8074 -542.921
v -0.438639 -24.7214 -540.358
v -6.03096 -37.1972 -540.856
v -0.304071 -24.3679 -540.631
v -4.25059 -37.5861 -542.201
v -0.26323 -24.3295 -540.263
v -0.164779 -24.1563 -540.152
v -2.141 -23.7803 -540.566
v 0.498623 -23.0591 -540.162
v -2.65517 -36.9586 -542.849
v 0.648773 -22.6727 -540.035
v -4.6562 -37.9874 -541.126
v 2.3314 -22.0813 -540.327
v -5.60914 -36.8979 -542.171
v 0.283088 -23.423 -540.639
v 0.281677 -23.4506 -540.153
v 0.498072 -23.0678 -540.387
v 0.0416132 -23.8181 -540.124
v -1.17322 -31.442 -536.822
v 3.62375 -31.1739 -540.856
v 0.833717 -22.3417 -537.491
v -2.00596 -35.8508 -543.398
v 0.69224 -22.1508 -538.079
v 0.644673 -22.2438 -538.31
v 0.670396 -23.0008 -537.912
v -5.41466 -36.9555 -542.085
v -6.1854 -37.0121 -541.825
v 0.605374 -22.8865 -538.292
v 0.637743 -22.8389 -538.077
v 0.604659 -23.3227 -538.242
v 0.627211 -23.4785 -538.086
v 0.584267 -23.349 -538.464
v 0.600488 -23.1176 -538.645
v 0.827329 -21.7976 -539.216
v 2.80836 -21.7759 -539.736
v 0.767617 -22.0412 -539.256
v -5.95626 -36.8863 -542.127
v -3.97125 -22.694 -536.891
v -4.03606 -22.8948 -536.94
v 0.691114 -22.4782 -539.413
v 0.705155 -22.2808 -539.23
v -3.54182 -23.5169 -536.327
v 0.625164 -22.7282 -538.853
v -3.71605 -23.6229 -536.451
v -2.79769 -22.6071 -535.886
v -2.30527 -35.6307 -543.549
v 1.13151 -20.6362 -536.472
v -0.567531 -20.395 -536.207
v 1.22828 -20.3955 -536.872
v -0.773196 -20.3972 -536.039
v 1.0307 -21.9964 -536.972
v 1.11515 -21.8706 -536.762
v 1.08431 -22.2091 -536.983
v -0.925973 -20.7038 -536.173
v 0.897865 -22.6069 -537.383
v 1.00747 -22.5856 -537.199
v 2.68359 -22.7459 -540.49
v 3.69702 -31.241 -541.252
v 0.991398 -21.7701 -536.92
v 0.907514 -21.6982 -537.106
v 0.91139 -21.9246 -537.189
v 2.62479 -19.9733 -537.14
v -3.43718 -20.8793 -537.534
v 3.6602 -31.7153 -540.825
v -3.15559 -20.3135 -537.774
v -3.3976 -20.7243 -537.68
v -3.4208 -20.655 -537.872
v 0.737378 -21.9084 -538.064
v 0.713467 -21.8024 -538.414
v -3.55549 -20.7718 -538.043
v 0.641712 -22.1204 -538.661
v -0.754716 -25.3721 -541.323
v -1.43371 -25.046 -538.657
v -0.75365 -25.5897 -541.73
v -0.541386 -25.4382 -542.088
v -1.52315 -24.7157 -538.444
v -1.59009 -24.6453 -538.678
v -2.40596 -36.0022 -543.367
v 1.94559 -22.147 -540.486
v -1.98704 -24.7871 -540.118
v 2.16925 -22.2127 -540.486
v -0.678644 -26.4292 -539.002
v 3.58581 -31.607 -540.63
v 1.52879 -22.0169 -540.402
v 3.73012 -31.9119 -543.495
v 2.60788 -21.4361 -539.589
v 0.782886 -23.4232 -541.658
v -0.641329 -26.5965 -538.823
v 2.04628 -21.1583 -539.53
v -0.439741 -26.9022 -538.712
v -2.10543 -23.7926 -540.052
v -1.47804 -22.8413 -537.683
v -1.64414 -23.2965 -537.811
v 3.33694 -24.4458 -538.136
v 2.37479 -29.684 -537.926
v 3.79555 -31.9607 -543.309
v -1.61131 -22.8766 -537.872
v 1.78299 -27.8784 -537.887
v -1.54137 -22.6214 -537.855
v 2.14113 -27.8365 -538.59
v 2.20691 -27.7301 -538.839
v -0.119223 -20.159 -537.011
v -2.23864 -35.8393 -543.456
v -0.305824 -20.3141 -537.34
v 2.58186 -27.4369 -540.232
v -0.703396 -20.4638 -537.875
v -0.859085 -21.1953 -537.431
v 2.44351 -27.6747 -539.608
v 2.45303 -27.461 -539.734
v 2.92008 -23.445 -540.595
v 2.65429 -27.6315 -540.297
v -0.342994 -20.5549 -536.966
v 2.50944 -27.6571 -539.863
v -1.39856 -21.8203 -537.979
v 2.06255 -29.1611 -537.789
v 1.87075 -29.0133 -537.742
v 1.05746 -28.5119 -537.524
v 0.908635 -28.3815 -537.591
v 0.974364 -28.8715 -537.411
v -1.3407 -21.9361 -537.805
v 3.68022 -32.4144 -544.064
v -1.17601 -21.589 -537.716
v 0.749484 -28.2153 -537.695
v -1.50849 -21.2136 -538.512
v 0.550846 -28.3051 -537.769
v 0.607493 -29.1384 -537.348
v 0.999434 -29.2413 -537.232
v 3.67006 -31.5015 -543.136
v 0.493885 -28.5704 -537.685
v 0.741358 -28.893 -537.429
v -1.51617 -21.417 -538.432
v 0.140728 -28.5639 -537.849
v -0.960532 -20.7992 -537.978
v 0.533449 -28.9297 -537.478
v 0.389366 -29.2753 -537.347
v 0.367649 -29.0592 -537.478
v -1.13504 -20.876 -538.15
v 3.72576 -31.2599 -541.505
v 0.956871 -26.7096 -543.845
v 0.452859 -26.7546 -544.273
v 3.78925 -31.4966 -541.624
v 0.576426 -27.0051 -544.332
v 2.61815 -26.5248 -541.126
v 2.6267 -27.0583 -540.169
v -1.25231 -21.1318 -538.167
v 2.49713 -27.2436 -539.763
v -1.32984 -20.571 -538.444
v 2.85241 -26.3616 -538.416
v 3.88424 -31.7926 -541.911
v 2.66581 -26.7798 -538.704
v -1.55068 -20.8532 -538.633
v -1.74341 -21.1075 -538.82
v 3.32763 -24.7228 -538.446
v 3.36731 -24.5464 -538.554
v -0.909074 -21.0887 -537.644
v -0.642674 -20.8594 -537.39
v -0.425407 -20.5135 -537.354
v 3.35525 -23.5704 -537.698
v -0.551962 -20.6108 -537.5
v -0.608592 -20.5298 -537.683
v 3.39955 -23.7948 -538.1
v -0.840774 -20.8715 -537.74
v -2.62306 -22.4732 -540.092
v 3.50844 -22.8671 -538.41
v 3.80959 -31.534 -541.864
v 3.45996 -21.946 -537.799
v -2.1403 -23.0241 -539.358
v -1.34847 -24.0687 -537.41
v 3.51734 -22.4944 -538.147
v -1.18918 -26.0652 -537.354
v -1.22431 -25.4483 -537.268
v -1.2055 -25.6733 -537.618
v 3.30751 -21.2092 -538.327
v -1.1898 -25.8641 -537.477
v 3.18697 -21.0531 -538.45
v 3.46617 -21.796 -538.225
v 3.3829 -21.3817 -538.176
v -1.29688 -24.555 -537.258
v 3.29725 -20.9428 -537.93
v -1.25669 -25.0356 -537.303
v -5.6033 -37.4233 -540.037
v -1.22534 -24.0762 -536.707
v 3.32512 -21.4674 -537.147
v -1.25953 -24.1878 -537.066
v -1.22587 -23.7702 -537.038
v -4.35621 -23.5354 -541.148
v -1.17131 -23.5761 -536.792
v 3.33103 -21.1883 -537.488
v -1.15814 -25.9515 -537.975
v 3.38277 -21.3624 -537.932
v -1.09424 -26.1326 -538.436
v -1.48802 -24.2935 -536.314
v 3.20484 -21.3461 -538.784
v -4.62346 -24.6824 -541.999
v -4.5943 -24.4835 -541.839
v 3.4937 -23.0077 -538.626
v -5.08845 -25.3567 -542.135
v 3.50921 -22.6361 -538.518
v 3.48444 -22.592 -538.768
v -3.7314 -27.4 -536.935
v -3.87785 -27.0137 -537.014
v 3.44514 -22.5707 -539.006
v -3.48032 -27.8648 -536.734
v 3.39293 -22.9856 -539.328
v 3.47033 -23.0499 -538.849
v -4.50374 -25.3691 -537.841
v 3.43781 -22.9927 -539.086
v -0.374304 -32.1996 -537.04
v 3.93337 -31.9222 -542.158
v -4.5986 -25.3686 -538.111
v -3.5825 -24.8088 -536.263
v 3.16798 -22.7881 -539.891
v 3.23571 -23.5724 -540.007
v 3.16851 -23.9722 -540.28
v 3.26658 -23.3654 -539.858
v -3.76217 -23.9071 -536.473
v 3.19999 -23.172 -539.975
v 3.33661 -23.3723 -539.616
v 3.27627 -23.7827 -539.913
v -3.57645 -24.2849 -536.248
v -3.43252 -24.7526 -536.104
v -3.13352 -24.5815 -535.874
v 3.29501 -24.2057 -539.858
v 3.39141 -24.0573 -539.138
v -3.61387 -24.0242 -536.302
v -3.10037 -23.9505 -535.903
v -3.45425 -23.8896 -536.179
v -5.73142 -37.3486 -540.228
v -3.24412 -25.8694 -536.078
v -3.02051 -26.3481 -536.068
v 3.24441 -21.6915 -539.078
v 3.31767 -24.1295 -537.877
v -3.05122 -25.8938 -535.988
v 3.24819 -24.2547 -537.697
v 3.21166 -24.7998 -537.857
v -5.03824 -25.4261 -539.512
v 3.27001 -24.6245 -537.979
v 3.16858 -25.0647 -537.971
v -5.15809 -25.1904 -539.814
v -4.83239 -25.9844 -539.259
v 3.21996 -24.6378 -540.126
v -4.97679 -25.8475 -539.95
v -4.85822 -26.0013 -539.768
v 2.27419 -24.2236 -536.945
v 2.48613 -24.3449 -537.024
v 2.49725 -24.1025 -536.993
v 3.05853 -21.2504 -538.919
v -4.85301 -26.078 -539.995
v 1.84497 -24.2159 -536.913
v -5.07939 -25.6182 -539.914
v 1.36271 -24.6914 -537.159
v 1.54529 -24.5561 -537.061
v 1.44936 -25.1842 -537.178
v -5.23935 -25.5698 -540.567
v 1.43933 -24.2015 -537.045
v -5.32881 -25.1508 -540.461
v 1.62268 -24.094 -536.946
v -4.62373 -37.3012 -542.003
v -4.36155 -25.7908 -537.663
v -4.22905 -26.1365 -537.41
v -4.20204 -26.3992 -537.419
v 0.244684 -35.0292 -544.38
v 1.88357 -24.4674 -536.946
v -4.45645 -25.7557 -537.944
v 2.11899 -24.8827 -537.02
v 2.10182 -24.6047 -536.974
v -5.34274 -37.0954 -541.898
v 2.68726 -23.7296 -537.014
v -5.01627 -25.2284 -539.378
v 2.21058 -22.7554 -536.699
v -4.91358 -23.1682 -539.105
v 2.64803 -23.4629 -536.955
v 3.24784 -21.9964 -539.315
v -4.65071 -22.462 -539.021
v 2.48508 -23.6055 -536.914
v 2.88251 -24.0573 -537.181
v -5.04462 -23.5689 -540.427
v 3.11607 -24.5413 -537.538
v 3.05093 -23.9392 -537.305
v 3.00285 -24.4281 -537.357
v 3.12005 -21.9487 -539.507
v -4.92279 -23.1923 -540.101
v 3.11747 -22.1491 -539.656
v -5.80145 -28.6335 -540.724
v -5.24703 -27.0809 -540.64
v -5.23082 -26.6558 -540.682
v -5.09687 -26.7434 -540.469
v -5.13203 -27.1815 -540.435
v -4.98843 -27.1664 -540.068
v 3.21294 -25.0932 -538.217
v 3.24464 -25.1189 -538.474
v -5.07357 -27.6 -539.899
v 3.14845 -25.523 -538.514
v -5.11692 -27.5548 -540.187
v 3.21538 -25.2907 -539.331
v 3.21209 -25.2833 -539.575
v 0.539838 -34.4885 -545.588
v -5.37858 -28.0949 -540.567
v 2.84369 -26.506 -539.957
v -5.24239 -27.5103 -540.582
v 2.82222 -26.5304 -539.69
v 2.53985 -27.0362 -539.108
v 3.24733 -35.507 -545.44
v -1.35829 -31.619 -536.815
v 2.70503 -29.7966 -539.184
v 2.73448 -29.5397 -539.101
v -4.86774 -26.2272 -540.188
v 3.33812 -30.8314 -539.926
v 3.17034 -30.5322 -539.549
v -3.53357 -34.5332 -537.823
v 2.53348 -29.8723 -538.354
v 2.55432 -29.6443 -538.368
v -2.08108 -25.0498 -540.511
v -3.22772 -34.76 -537.879
v 2.50142 -29.4943 -538.203
v 2.70727 -22.2867 -540.219
v 2.21183 -30.0077 -537.818
v -4.27433 -35.5295 -538.371
v 2.08353 -29.6179 -537.626
v 1.75193 -29.3066 -537.488
v 1.75039 -29.5573 -537.38
v 1.6695 -30.1625 -537.367
v -4.46929 -35.66 -538.469
v -4.66654 -35.4726 -538.492
v 1.94022 -29.9519 -537.516
v 2.08492 -29.855 -537.627
v -4.81914 -35.2664 -538.501
v 1.87807 -30.1584 -537.522
v -5.08028 -34.8512 -538.497
v -4.74533 -35.8665 -538.624
v 1.59248 -31.517 -537.826
v 0.991915 -34.2356 -545.719
v 1.71944 -31.6446 -538.002
v -5.03038 -35.2854 -538.587
v 2.681 -22.0367 -540.082
v 1.46356 -30.9597 -537.607
v 1.84121 -30.7498 -537.781
v 1.60114 -30.3593 -537.438
v 2.13351 -30.5047 -537.899
v -5.20858 -35.9097 -538.851
v 1.94761 -30.5562 -537.758
v 2.00997 -30.3342 -537.711
v -5.23001 -34.6585 -538.512
v 4.10864 -34.0845 -541.518
v 2.09713 -31.1787 -538.163
v 2.09234 -30.9689 -538.066
v -4.78864 -34.2707 -538.174
v 2.6482 -31.4925 -538.91
v 2.90969 -31.3729 -539.26
v 2.26264 -30.8517 -538.176
v 2.38244 -30.4975 -538.246
v 3.24719 -30.926 -539.71
v -1.10019 -32.085 -536.85
v 1.49756 -28.6037 -544.736
v -5.17388 -36.9818 -542.067
v 4.15482 -33.5753 -541.462
v 1.73821 -27.5997 -543.489
v 2.93855 -23.8549 -540.716
v 3.08985 -23.2263 -540.233
v 1.09637 -26.6965 -543.675
v 2.68427 -27.0878 -540.628
v 4.40339 -35.0697 -542.77
v 2.86394 -27.6366 -540.864
v 2.99577 -28.2038 -541.929
v 2.88366 -28.1068 -542.187
v -5.39956 -34.4842 -538.581
v 2.75641 -27.9679 -542.368
v 3.06318 -28.057 -541.311
v -5.33203 -34.021 -538.456
v 2.59277 -27.8391 -542.52
v 2.52883 -27.6447 -542.432
v 2.41233 -27.6832 -542.608
v 4.26818 -35.1704 -542.565
v -4.15787 -23.3713 -541.074
v 2.19348 -36.1189 -544.086
v 1.37585 -27.3286 -543.668
v -5.67339 -34.1707 -538.793
v 1.97166 -27.3591 -542.852
v 3.2899 -29.4171 -542.117
v 3.14898 -29.2322 -542.518
v -5.42995 -34.7159 -538.661
v 3.10727 -28.659 -541.928
v 3.10983 -28.9484 -542.213
v 3.11668 -28.8494 -542.009
v 3.02799 -28.504 -542.139
v -5.10524 -36.4806 -539.067
v -5.12596 -36.8943 -539.311
v 3.09057 -28.3474 -541.707
v -4.72389 -36.4129 -538.877
v -4.48587 -36.4758 -538.831
v 3.01345 -28.7681 -542.418
v -4.64858 -36.6168 -538.976
v -4.56378 -36.8546 -539.101
v -4.76004 -36.7619 -539.106
v 3.14439 -29.1362 -542.325
v 3.04294 -29.0779 -542.67
v -4.93451 -36.8236 -539.198
v 3.4652 -30.5299 -542.76
v 3.3404 -30.6493 -543.24
v -5.17349 -37.2911 -539.564
v 3.21823 -30.3052 -543.289
v 3.26009 -29.9755 -542.975
v 2.10131 -31.261 -545.924
v 2.22149 -30.938 -545.566
v 2.55847 -31.4425 -545.415
v -4.92404 -37.0585 -539.341
v 1.76624 -30.2509 -545.619
v 1.65216 -30.3588 -545.787
v -4.71694 -37.174 -539.358
v 1.77533 -30.0812 -545.476
v -4.77906 -37.5173 -539.59
v 1.98194 -30.0879 -545.33
v 2.00681 -29.9253 -545.167
v 1.8316 -29.7462 -545.181
v -5.43197 -37.255 -539.654
v 3.11819 -30.1389 -543.389
v 3.0092 -30.0839 -543.573
v 3.04761 -29.9369 -543.394
v 4.13283 -34.8815 -542.155
v 3.14622 -29.825 -543.142
v 3.28795 -30.216 -543.072
v -4.41355 -36.1191 -538.615
v 2.77697 -29.9129 -543.901
v 2.33193 -29.9899 -544.764
v -4.30019 -36.3505 -538.7
v 2.36184 -29.433 -544.323
v 2.47979 -29.1934 -543.976
v -5.0217 -36.8921 -542.294
v 2.2285 -29.2676 -544.45
v -1.2798 -23.0045 -537.329
v 3.58318 -30.8621 -542.551
v 3.57367 -30.9745 -542.757
v 3.59801 -30.0455 -541.568
v 3.43484 -30.1116 -542.62
v 4.27078 -34.8348 -542.365
v 3.64469 -30.604 -541.708
v 3.61259 -30.2771 -541.925
v 3.59622 -30.4251 -542.114
v 3.5441 -30.3806 -542.353
v -4.21684 -22.9966 -540.761
v 4.11422 -34.6806 -541.963
v 3.54045 -30.61 -542.531
v 4.48805 -35.4957 -543.212
v 2.95975 -30.8201 -544.318
v 3.16621 -31.773 -544.696
v -5.30739 -36.547 -539.195
v 3.33315 -31.6859 -544.314
v 3.25447 -31.4424 -544.296
v -1.46134 -22.3949 -537.809
v 3.00423 -31.125 -544.512
v 3.03793 -31.3163 -544.609
v 2.84924 -30.9853 -544.672
v 3.15159 -31.2257 -544.318
v 3.08841 -31.5385 -544.688
v 2.84455 -30.4935 -544.221
v -5.49555 -36.3777 -539.203
v 2.77016 -30.2853 -544.21
v 3.02712 -30.2944 -543.689
v -5.1303 -36.2733 -538.971
v 3.0231 -30.4828 -543.844
v 2.3055 -26.1821 -541.739
v -5.30882 -36.3235 -539.082
v -5.21107 -36.7894 -542.436
v 0.967316 -25.5329 -542.875
v 1.56848 -25.8088 -542.632
v -5.84014 -36.6042 -539.534
v -5.63476 -36.7172 -539.454
v 2.25266 -25.4136 -541.884
v -5.34486 -35.4834 -538.808
v -5.81327 -36.3197 -539.393
v 2.07848 -24.0226 -541.702
v 1.85593 -23.9618 -541.823
v 2.94979 -26.1156 -540.505
v 4.4633 -35.6907 -543.335
v 2.91665 -26.0069 -540.694
v -5.77536 -35.5181 -539.151
v 3.64802 -31.8597 -543.709
v 3.46752 -31.6122 -543.961
v -5.63669 -35.9662 -539.133
v 3.82016 -32.345 -543.609
v -5.30867 -36.9501 -539.417
v 4.50297 -35.3168 -543.115
v 2.98675 -22.9898 -540.281
v 0.961571 -31.2844 -546.767
v -4.22761 -32.5777 -537.48
v 0.935955 -31.0761 -546.685
v 2.01049 -31.3508 -546.117
v 4.22953 -36.2001 -543.487
v 1.85888 -30.7995 -545.873
v 1.55954 -30.8767 -546.169
v 1.49641 -30.6609 -546.11
v 4.52649 -35.6978 -543.567
v 2.77682 -23.1042 -540.588
v -3.45912 -33.8016 -537.497
v -4.43078 -32.4406 -537.598
v 1.66314 -29.5776 -545.188
v -0.141043 -28.6294 -545.554
v -0.236926 -28.9864 -545.793
v 4.52016 -34.95 -542.992
v 0.0831107 -28.7384 -545.54
v 0.500607 -28.4809 -545.167
v 0.54975 -28.6936 -545.331
v 0.795978 -28.7977 -545.295
v 0.288468 -28.8625 -545.549
v -4.61291 -32.2845 -537.716
v 0.379658 -29.0496 -545.636
v -0.663022 -32.5195 -537.117
v 1.36544 -34.7811 -545.18
v 0.293219 -25.6892 -543.438
v -4.61193 -32.5198 -537.723
v -0.131663 -25.7459 -543.603
v -4.82216 -32.2362 -537.863
v -0.353972 -26.0163 -543.901
v -0.470413 -25.9954 -543.716
v -1.13104 -27.466 -544.685
v -0.959733 -27.2625 -544.708
v -0.764796 -27.0757 -544.728
v -0.960727 -27.4878 -544.835
v 4.34053 -34.4618 -542.257
v 4.3977 -34.7373 -542.59
v -1.15515 -26.8594 -544.264
v -4.93471 -33.6888 -538.106
v -1.28185 -27.2531 -544.378
v 0.36317 -26.1609 -543.916
v -5.03099 -33.4205 -538.096
v 0.482533 -25.7724 -543.41
v -4.9145 -33.2677 -537.979
v 0.87478 -25.7985 -543.208
v 0.727968 -26.0258 -543.544
v 0.528176 -25.9384 -543.576
v 0.493294 -26.3256 -543.967
v -0.924089 -26.6476 -544.317
v 2.73069 -23.4364 -540.801
v -0.67816 -26.3048 -544.077
v -0.509213 -26.33 -544.282
v -4.72573 -33.3801 -537.89
v -5.96673 -32.807 -539.16
v -4.822 -36.9925 -542.254
v -1.30343 -29.6683 -546.307
v -1.04596 -29.7101 -546.368
v 0.0258604 -29.4707 -546.041
v 0.179965 -29.1581 -545.781
v 0.410537 -29.2309 -545.738
v 1.24353 -29.5061 -545.459
v 4.13245 -32.8277 -541.671
v 1.45631 -29.5795 -545.347
v -5.77409 -31.279 -539.461
v 1.256 -29.8675 -545.717
v -5.64762 -30.3902 -539.442
v -5.74371 -31.0174 -539.461
v 2.50471 -23.6213 -541.111
v -5.70154 -30.5899 -539.472
v 0.85307 -29.7159 -545.862
v -3.403 -35.3307 -545.995
v -0.0611031 -27.0075 -544.627
v -5.77955 -30.7559 -539.57
v 0.190661 -27.0494 -544.548
v -5.46733 -30.877 -539.003
v 0.240389 -27.3003 -544.606
v -5.52577 -31.0959 -539.05
v -5.53252 -30.7306 -539.153
v -1.5641 -29.3863 -546.08
v -5.33272 -30.445 -538.886
v -1.49419 -29.1544 -545.94
v -5.32389 -30.7859 -538.776
v 2.51924 -28.8728 -543.652
v 2.64665 -29.0537 -543.584
v -6.18172 -31.246 -540.23
v 2.42579 -28.9571 -543.889
v -6.14092 -33.1627 -539.394
v 4.29606 -33.2363 -542.257
v 2.22203 -29.0546 -544.319
v -6.24075 -33.2649 -539.559
v -1.01914 -21.1189 -536.542
v -2.01621 -21.1564 -539.052
v -2.0992 -20.79 -538.966
v -1.93566 -20.9433 -538.941
v 4.43056 -33.7161 -542.528
v 2.59455 -28.6257 -543.326
v -1.52957 -20.4642 -538.577
v 2.77855 -23.8294 -540.909
v -2.32804 -20.4747 -538.857
v 2.47279 -28.126 -543.026
v -2.27465 -20.6582 -538.951
v 2.34478 -28.1898 -543.433
v -1.23541 -19.3406 -537.954
v 2.21933 -28.0242 -543.384
v 2.39975 -36.2866 -540.507
v 2.53169 -36.4126 -540.715
v 0.818901 -35.6493 -538.89
v 2.39449 -35.9166 -540.315
v 2.51924 -35.7137 -540.322
v 2.54934 -35.5275 -540.229
v 2.47528 -36.0751 -540.478
v 2.64947 -36.0746 -540.678
v 2.67329 -35.3557 -540.24
v 2.97681 -35.1081 -540.448
v -1.14933 -31.0033 -536.872
v -1.34308 -19.5047 -538.089
v 1.72545 -24.9579 -542.302
v -0.0573144 -31.4633 -537.132
v -0.307541 -37.2923 -540.812
v -0.492845 -19.1467 -537.437
v -2.44247 -19.6023 -537.524
v 0.36311 -37.5183 -540.895
v 0.303284 -37.4954 -540.651
v -0.0994643 -37.3868 -540.762
v 0.836963 -37.3015 -540.106
v -2.13083 -19.391 -537.362
v 0.436815 -37.2157 -539.922
v -2.20753 -19.4053 -537.124
v 4.32221 -33.4117 -542.148
v -2.54367 -19.7048 -537.708
v -2.43361 -19.6889 -537.933
v -3.04985 -20.1427 -537.936
v 0.0459152 -37.0453 -539.684
v -0.823648 -36.7833 -539.49
v -3.35885 -20.486 -538.423
v -3.76527 -21.9163 -539.71
v -4.31732 -22.1521 -539.666
v 2.60147 -33.5386 -546.78
v 2.78892 -33.4725 -546.655
v 2.82725 -33.2243 -546.641
v -4.44455 -22.1134 -539.485
v 2.70909 -34.622 -545.91
v 2.38122 -34.4578 -545.86
v -3.81582 -21.4455 -539.272
v 0.440227 -35.0629 -544.505
v 1.15122 -34.8497 -545.09
v -4.22546 -21.7735 -539.301
v -1.54525 -22.2372 -538.016
v -3.13173 -20.7974 -539.088
v 2.48984 -34.6204 -545.807
v 2.1355 -34.7347 -545.562
v -3.47263 -21.1407 -539.218
v -3.28137 -21.134 -539.308
v -3.0461 -20.4679 -538.829
v 1.60039 -34.1687 -546.023
v -4.54581 -23.8514 -537.845
v 1.92616 -33.7537 -547.314
v 1.60978 -33.9422 -547.502
v 1.9334 -33.0439 -547.347
v -4.05308 -23.2303 -536.918
v -0.681274 -32.8716 -537.247
v 1.02437 -34.5033 -547.602
v 0.478812 -34.6283 -547.972
v -4.17575 -22.8952 -537.146
v 1.86926 -35.1973 -545.211
v 1.49873 -24.9103 -542.39
v 0.725382 -34.1765 -548.042
v 3.22436 -29.9245 -540.534
v 3.12051 -29.8959 -540.33
v -4.11301 -22.4735 -537.16
v 2.93751 -30.201 -539.409
v -4.4956 -22.1449 -538.452
v -3.50674 -36.2768 -538.497
v -3.52389 -36.0662 -538.376
v 4.41713 -33.8574 -542.299
v -1.40216 -31.1369 -536.826
v -1.63263 -31.3098 -536.816
v -1.42971 -31.4059 -536.82
v -2.89447 -32.0321 -536.742
v -4.57465 -22.4082 -538.431
v -3.49005 -30.8799 -536.772
v -3.61294 -31.0485 -536.909
v -2.76301 -31.5912 -536.689
v -2.41997 -31.799 -536.739
v -2.63407 -31.741 -536.711
v -2.47415 -31.5584 -536.712
v -2.15997 -32.1251 -536.794
v -1.56037 -32.3174 -536.835
v -3.97614 -21.2301 -538.617
v -4.31392 -21.6692 -538.891
v -0.671402 -33.8367 -537.613
v -4.6386 -22.4046 -539.226
v -1.04473 -33.5228 -537.399
v -4.5957 -22.3264 -539.449
v -0.623197 -33.6055 -537.535
v -3.24628 -23.7896 -536.046
v 0.529065 -34.1567 -537.99
v 0.758361 -34.1173 -538.053
v -0.945696 -33.308 -537.331
v -4.14128 -22.0925 -537.402
v -4.14377 -21.9034 -537.553
v -1.10196 -32.9648 -537.136
v -4.24793 -22.0985 -537.636
v -0.562834 -33.3804 -537.481
v 1.603 -23.9101 -541.898
v -1.12922 -32.7589 -537.04
v -2.77008 -21.9742 -536.104
v 0.0532705 -37.1894 -539.867
v -4.11506 -21.3832 -538.224
v -0.316982 -37.0806 -539.746
v -2.52824 -20.2688 -536.52
v 4.33053 -33.5895 -542.041
v 4.37611 -34.0262 -542.138
v 0.958844 -31.6279 -537.37
v -1.3734 -19.1872 -536.203
v -1.40391 -19.4049 -536.032
v 2.58704 -36.7039 -541.902
v 0.606284 -32.3595 -537.524
v 0.762588 -32.022 -537.416
v -0.160651 -19.0637 -536.771
v 4.60213 -35.3335 -544.311
v 0.839011 -32.4227 -537.699
v 1.52876 -32.0007 -537.906
v 4.56077 -35.55 -544.336
v 2.66736 -36.383 -542.181
v 2.00652 -32.6773 -538.552
v 2.53945 -36.6012 -542.126
v 0.987891 -32.2623 -537.707
v 1.69079 -32.5398 -538.253
v -1.18497 -36.5642 -539.221
v 1.22611 -32.2804 -537.853
v 2.58962 -34.805 -545.752
v 1.03062 -33.0689 -538.022
v 1.21702 -32.9984 -538.116
v -3.16108 -32.9469 -537.057
v -1.32632 -36.2668 -538.887
v -2.80795 -33.2162 -537.084
v -1.12563 -35.9987 -538.679
v -3.25883 -32.4699 -536.944
v 2.37795 -24.6351 -541.641
v -2.79827 -32.7139 -536.864
v -2.77407 -34.1389 -537.606
v -1.5421 -35.8898 -538.443
v -2.54565 -34.1098 -537.611
v -3.17081 -34.0792 -537.584
v -4.18237 -38.0053 -539.921
v -3.93954 -37.953 -539.871
v -3.37581 -36.9433 -538.98
v -2.93519 -21.4285 -536.405
v -2.07251 -35.6384 -538.193
v -0.618737 -37.0305 -541.079
v 2.77201 -26.2849 -540.876
v -0.798088 -36.4493 -539.218
v -1.43849 -36.263 -542.326
v -1.51983 -36.0923 -542.736
v -0.900765 -36.1951 -538.958
v -1.11243 -36.1399 -538.835
v -2.71649 -21.1123 -536.439
v -1.33777 -36.6582 -541.817
v -0.999793 -36.3952 -539.124
v -1.85918 -36.6628 -539.077
v -1.69742 -36.3409 -542.425
v -1.95141 -37.0374 -542.028
v 2.47035 -36.9284 -541.835
v -1.9862 -36.9145 -542.225
v -1.73503 -36.4946 -542.281
v -1.66272 -37.3419 -541.432
v -1.76626 -37.2333 -541.614
v -1.67092 -37.0235 -541.731
v -1.7497 -36.1984 -538.672
v -1.65185 -36.7174 -541.969
v 3.95498 -35.3463 -542.239
v 3.84644 -36.0534 -542.792
v -0.70353 -37.1813 -540.014
v -1.50714 -36.4056 -538.946
v -1.1655 -37.0245 -539.682
v -1.69412 -36.5366 -539
v -1.0296 -36.6984 -539.392
v -1.39115 -37.1421 -539.742
v -2.11938 -37.7578 -540.035
v -2.48549 -36.8541 -539.073
v -1.40058 -33.7943 -537.56
v -2.48124 -36.5314 -538.783
v -0.984043 -34.2764 -537.85
v -1.21089 -34.2991 -537.886
v 4.11026 -35.7604 -542.77
v 2.3839 -34.1441 -539.301
v 2.27096 -34.0677 -539.146
v 2.14434 -33.3449 -538.85
v 2.18851 -33.5423 -538.936
v 3.19949 -33.1538 -546.273
v -2.917 -21.2204 -536.498
v -2.57098 -36.37 -538.625
v 2.46535 -34.7041 -539.505
v 1.85106 -34.6976 -538.83
v -2.34468 -36.3661 -538.668
v 3.91548 -35.8754 -542.662
v 1.48444 -34.8621 -538.639
v -1.94204 -34.6679 -537.918
v 3.34837 -32.962 -545.929
v -1.42945 -35.0449 -538.024
v -1.69372 -35.0737 -538.01
v -2.09114 -34.9039 -537.947
v -2.90794 -36.6793 -538.816
v -1.94687 -36.3153 -538.718
v -1.97804 -36.1336 -538.554
v -1.95982 -35.977 -538.435
v -2.41539 -36.172 -538.496
v -2.64123 -36.0618 -538.38
v 3.98536 -36.1375 -543.034
v -2.87731 -36.1731 -538.428
v 4.58185 -35.0145 -544.508
v -2.83355 -36.3599 -538.577
v -3.07782 -36.3024 -538.504
v 4.50567 -34.6746 -544.743
v -3.55123 -35.67 -538.194
v -1.2607 -20.0099 -535.783
v -0.938016 -19.5624 -535.857
v -1.19685 -19.4931 -535.925
v -2.21071 -20.4883 -536.224
v -3.31856 -35.7804 -538.198
v 2.35636 -34.7838 -545.645
v -2.57882 -19.9138 -536.88
v -2.44672 -19.8647 -536.72
v -2.80375 -20.0236 -537.24
v -2.46519 -35.7563 -538.209
v -2.95643 -20.4139 -537.054
v -2.70246 -20.1066 -536.887
v -2.81225 -20.3065 -536.889
v -2.87627 -20.5083 -536.827
v -4.44281 -23.0306 -537.683
v -2.24802 -35.8164 -538.276
v -4.38434 -22.9054 -537.523
v -4.36309 -23.7401 -537.504
v -2.87933 -35.9804 -538.29
v -4.26942 -23.8054 -541.401
v -3.16142 -36.6149 -538.733
v -4.35937 -23.4989 -537.542
v -4.10213 -23.6433 -536.961
v -3.53142 -36.7886 -538.855
v -4.25256 -23.1212 -537.249
v -4.29907 -23.3428 -537.367
v -4.08397 -23.427 -536.95
v -3.28314 -36.4206 -538.584
v -4.07921 -23.8739 -536.907
v -3.96468 -23.5348 -536.762
v 1.01478 -34.3575 -538.198
v -3.92259 -23.9157 -536.677
v -2.48396 -23.7141 -535.68
v 1.16755 -33.9198 -538.215
v -4.66536 -23.6628 -538.159
v -4.71439 -23.4952 -538.307
v 0.941734 -33.9786 -538.112
v -4.76399 -23.858 -538.243
v -3.46117 -20.6163 -538.547
v -0.291252 -34.558 -537.949
v -3.77076 -20.9572 -538.422
v -3.62353 -20.7856 -538.452
v -3.94446 -21.2836 -538.854
v -4.10572 -21.384 -538.667
v -0.388888 -34.9164 -538.024
v -3.58019 -21.4851 -539.449
v -3.65601 -21.1561 -539.088
v -3.99397 -21.4405 -539.07
v -2.23253 -19.7658 -538.34
v -0.59771 -34.8893 -538.013
v -2.53624 -19.9905 -538.504
v -2.89584 -20.8496 -539.145
v -2.51985 -37.3552 -539.539
v -2.63112 -20.8208 -539.108
v -2.35376 -21.1508 -539.239
v -2.5703 -21.1466 -539.317
v -2.1689 -37.4403 -539.74
v 3.64005 -33.5735 -546.01
v -5.59345 -33.4792 -538.605
v -5.43096 -33.6609 -538.485
v -5.8732 -34.4536 -539.066
v -2.55303 -21.8708 -536.068
v -6.01263 -34.4994 -539.267
v 3.88978 -35.5914 -542.366
v -5.75258 -33.7675 -538.838
v -2.74326 -37.1235 -539.24
v -5.62806 -33.9414 -538.729
v -5.34261 -32.403 -538.334
v -1.5332 -36.8491 -539.38
v 4.28091 -33.6411 -541.848
v -4.41928 -32.2122 -537.586
v -4.2857 -32.021 -537.48
v -3.12176 -32.1197 -536.807
v -2.88095 -32.2548 -536.774
v -3.48207 -32.4525 -537.061
v 4.25751 -33.8666 -541.785
v -1.38487 -36.7121 -539.281
v -2.20625 -37.4705 -541.936
v -4.58039 -33.9292 -537.954
v -4.71095 -33.7392 -537.975
v -4.5109 -33.1274 -537.72
v 4.21068 -33.2172 -541.723
v -4.34809 -33.3188 -537.66
v -1.75991 -34.4222 -548.194
v 1.73372 -33.2026 -538.494
v -3.99544 -33.1889 -537.437
v -4.13764 -33.0011 -537.474
v -2.3443 -21.4102 -536.133
v -4.25087 -31.7741 -537.4
v -3.70117 -32.0538 -537.119
v -3.20335 -33.2997 -537.272
v -2.24029 -37.1939 -542.373
v -2.03108 -36.4959 -542.814
v -1.65287 -22.682 -538.01
v -3.74986 -32.261 -537.189
v -3.91006 -32.0927 -537.259
v 2.24126 -32.872 -547.104
v -2.38037 -37.3668 -542.369
v -2.26427 -36.8396 -542.793
v -3.96908 -32.5569 -537.335
v -2.51688 -21.1134 -536.323
v -2.20431 -37.7886 -541.491
v -5.55915 -35.525 -538.963
v -1.99227 -37.676 -541.385
v -5.57032 -35.0409 -538.864
v -5.38429 -35.2068 -538.761
v -5.19309 -35.0836 -538.613
v -2.86158 -35.3477 -538.002
v -2.52466 -21.3449 -536.243
v -3.78552 -35.94 -538.361
v -3.81377 -35.7099 -538.277
v -1.46407 -37.2195 -541.38
v -4.05252 -34.9307 -538.133
v -4.22541 -35.9764 -538.495
v -3.97198 -36.0889 -538.477
v 4.15643 -33.3017 -541.486
v -3.92741 -35.4531 -538.238
v -4.0585 -35.6232 -538.326
v -1.77072 -37.5541 -541.309
v -4.34674 -35.2739 -538.341
v -1.78916 -37.8331 -541.004
v -4.41539 -34.9033 -538.274
v -4.25716 -34.8216 -538.176
v -4.49289 -34.5006 -538.126
v -4.58817 -34.2949 -538.08
v 4.07091 -32.9676 -541.295
v -4.07875 -36.5059 -538.733
v -3.88332 -36.6305 -538.773
v -1.65811 -35.1385 -545.509
v 1.57795 -33.0777 -547.576
v -3.65446 -36.6191 -538.739
v -3.78238 -36.2866 -538.541
v -1.29815 -37.3273 -541.011
v -2.44075 -32.997 -536.92
v -2.00051 -33.0128 -536.995
v -2.38631 -33.2078 -536.972
v -1.37731 -37.3004 -541.189
v -2.7957 -32.9727 -536.936
v -2.08357 -37.2428 -542.009
v -1.94581 -37.3634 -541.668
v -2.01872 -33.7692 -537.381
v -2.12261 -37.5102 -541.747
v -2.76375 -37.6953 -539.79
v -2.09689 -33.4277 -537.105
v -1.83984 -33.8472 -537.509
v -2.88607 -37.5771 -539.646
v -2.39661 -37.4829 -539.701
v -2.50585 -37.651 -539.82
v -2.88478 -33.5575 -537.359
v -2.20448 -35.1422 -547.024
v -4.17977 -33.5176 -537.621
v -2.56007 -35.032 -546.527
v -3.10025 -37.3464 -539.364
v 1.41204 -31.8464 -537.727
v -4.32512 -33.9586 -537.829
v -2.93356 -36.8799 -538.978
v -4.11741 -34.112 -537.789
v -3.8407 -33.9187 -537.627
v -2.92977 -37.0723 -539.145
v -2.74888 -34.5799 -547.025
v -3.79096 -33.555 -537.472
v -5.28234 -25.6014 -541.815
v -5.29129 -25.5124 -541.583
v -3.10528 -37.1823 -539.211
v -5.3248 -26.1291 -540.992
v -5.27725 -26.3038 -540.847
v -5.3414 -25.4156 -540.954
v -5.30166 -25.4824 -540.746
v -3.31784 -37.1232 -539.135
v -5.14487 -25.9228 -540.639
v -5.35991 -25.2872 -541.174
v -3.77755 -37.1314 -539.139
v -5.32203 -25.397 -541.371
v -3.89201 -36.9543 -539.01
v -4.357 -36.919 -539.09
v -5.41566 -26.1288 -541.239
v -4.23533 -36.7751 -538.951
v -5.38902 -25.9489 -541.69
v 2.48394 -33.4036 -546.932
v -5.08958 -26.5194 -540.502
v -5.21758 -26.4618 -540.703
v -2.46056 -35.1617 -537.989
v 2.51059 -33.1591 -546.932
v -5.4299 -26.6115 -541.097
v -2.49075 -35.5444 -538.1
v -1.48027 -35.412 -538.101
v -1.99236 -35.2812 -538.052
v -2.32793 -34.9409 -537.945
v -2.47072 -34.4367 -547.587
v -5.35697 -26.7545 -540.885
v -4.53855 -23.8924 -541.371
v -2.26326 -34.4894 -537.816
v -5.93881 -28.8652 -540.753
v -2.19933 -34.2857 -537.755
v -5.73248 -28.2552 -541.098
v -5.2613 -24.5956 -541.168
v -5.26037 -24.3534 -540.836
v -5.30713 -24.5752 -540.942
v -5.23692 -24.8455 -541.48
v -2.16785 -34.067 -537.64
v -1.78991 -34.1882 -537.799
v 2.22844 -34.9412 -545.481
v -2.05174 -33.9086 -548.176
v -5.13054 -24.3836 -541.269
v -1.75322 -34.0001 -537.667
v -5.20717 -24.0069 -540.477
v -1.84644 -34.4127 -537.879
v -5.08575 -23.4774 -539.772
v -5.08236 -23.474 -539.506
v -4.91915 -23.0778 -539.699
v -4.9463 -23.1289 -539.479
v 2.11947 -33.0851 -547.227
v -5.09586 -23.5813 -540.21
v -1.38404 -34.4422 -537.95
v -5.17628 -23.7933 -540.106
v -5.04072 -23.3945 -540.029
v 1.37221 -33.1223 -538.241
v -5.10932 -23.6814 -539.413
v 1.0742 -32.819 -537.977
v -2.08327 -34.6428 -547.854
v -5.14539 -23.9048 -539.447
v -4.88449 -25.782 -539.184
v -3.55912 -25.793 -536.339
v -3.721 -25.6983 -536.519
v -3.85194 -25.3217 -536.663
v -4.08929 -25.4855 -536.973
v -4.28619 -24.8318 -537.23
v -4.17406 -24.7404 -537.05
v -4.11638 -25.2321 -537.015
v 1.9053 -32.8609 -538.528
v -4.08143 -24.9803 -536.95
v -3.6991 -25.9383 -536.512
v -4.11497 -26.4888 -537.218
v 1.73727 -32.9493 -538.44
v -4.05491 -26.1313 -536.996
f 9338 1 2
f 9360 2 1
f 9338 3 1
f 9364 1 3
f 9364 9360 1
f 41 97 2
f 41 2 9360
f 2 87 85
f 9338 2 85
f 97 87 2
f 43 3 88
f 43 9362 3
f 9338 88 3
f 9364 3 9362
f 6 277 4
f 4 313 6
f 4 282 40
f 4 40 283
f 277 282 4
f 313 4 283
f 3302 543 5
f 10027 5 543
f 5047 3302 5
f 5047 5 3360
f 7385 3360 5
f 10027 7385 5
f 6 276 277
f 6 9343 276
f 6 313 9344
f 6 9344 9343
f 9 7 1020
f 9 9656 7
f 488 490 7
f 9656 488 7
f 492 7 490
f 492 1020 7
f 9 1020 8
f 9 8 9529
f 1021 8 1020
f 9446 8 1021
f 9446 9529 8
f 9 9529 11
f 9 11 9656
f 10 321 320
f 10 320 489
f 10 9344 321
f 10 489 9342
f 10 9342 9343
f 10 9343 9344
f 11 276 9343
f 11 9529 276
f 11 9343 9342
f 11 9342 9656
f 12 313 283
f 12 283 567
f 12 567 284
f 12 284 9532
f 12 9558 313
f 12 9532 9558
f 858 13 50
f 13 10933 50
f 1832 13 858
f 1832 6312 13
f 11391 13 6312
f 11391 10933 13
f 402 15 14
f 15 1785 14
f 16 397 14
f 1785 16 14
f 14 397 396
f 14 396 403
f 402 14 403
f 395 15 410
f 395 1785 15
f 411 15 402
f 411 410 15
f 16 9574 397
f 1784 16 1785
f 9575 16 1784
f 9575 9574 16
f 17 339 337
f 337 9349 17
f 17 342 339
f 17 340 342
f 17 1777 340
f 9349 1777 17
f 3530 5058 18
f 5916 3530 18
f 18 5058 5059
f 18 5059 8466
f 5916 18 8465
f 18 8466 8465
f 1783 1778 19
f 9349 19 1778
f 1782 1783 19
f 9571 1782 19
f 9349 9348 19
f 9348 9574 19
f 9571 19 9574
f 20 22 67
f 9350 22 20
f 20 67 65
f 9387 20 65
f 9390 9350 20
f 9387 9390 20
f 21 69 5129
f 9350 69 21
f 21 4444 4441
f 21 4441 9681
f 21 5129 4444
f 9350 21 9681
f 22 4447 67
f 9681 4447 22
f 9350 9681 22
f 1979 23 25
f 9352 25 23
f 150 149 23
f 149 9352 23
f 1978 150 23
f 1978 23 1979
f 149 158 24
f 149 24 9352
f 24 5561 155
f 24 155 5563
f 24 158 5561
f 9352 24 5563
f 10761 1979 25
f 2026 25 9352
f 10906 25 2026
f 10761 25 10906
f 2198 26 5224
f 2198 7288 26
f 5222 5223 26
f 7291 5222 26
f 5223 5224 26
f 7288 7291 26
f 9710 37 27
f 27 37 9711
f 4868 555 27
f 9710 27 555
f 27 556 4868
f 556 27 9711
f 29 36 28
f 29 28 9370
f 682 28 36
f 9370 28 49
f 49 28 11064
f 682 11064 28
f 29 672 36
f 29 6441 672
f 29 6442 6441
f 29 9370 6442
f 1264 30 32
f 30 9354 32
f 1264 2240 30
f 2240 2238 30
f 30 2238 9354
f 3448 31 1253
f 31 10254 1253
f 1254 31 1680
f 1254 10254 31
f 31 10257 1680
f 3448 10257 31
f 1260 32 9354
f 10260 32 1260
f 10258 32 1261
f 10260 1261 32
f 1264 32 10258
f 630 33 5256
f 630 9355 33
f 4434 33 9355
f 9805 33 4434
f 33 5287 5256
f 9805 5287 33
f 9355 34 35
f 35 34 9750
f 3171 34 631
f 34 9355 631
f 3171 9753 34
f 9750 34 9753
f 35 4434 9355
f 9794 4434 35
f 9789 35 9750
f 9794 35 9789
f 672 37 36
f 9710 36 37
f 9710 682 36
f 672 671 37
f 671 9711 37
f 38 9359 42
f 38 42 9367
f 47 648 38
f 47 38 9367
f 38 648 649
f 38 649 9359
f 646 9360 39
f 9768 646 39
f 649 39 9359
f 9768 39 649
f 9359 39 9364
f 39 9360 9364
f 567 40 271
f 1425 271 40
f 1425 40 282
f 283 40 567
f 41 9412 97
f 646 641 41
f 41 641 9412
f 646 41 9360
f 904 42 9362
f 9365 42 904
f 9359 9362 42
f 9365 9367 42
f 86 904 43
f 86 43 9978
f 43 88 9407
f 43 904 9362
f 43 9407 9978
f 9365 45 44
f 44 45 9989
f 46 9365 44
f 46 44 9985
f 44 918 9985
f 44 9989 918
f 45 904 86
f 45 86 906
f 9365 904 45
f 45 906 9989
f 46 299 2388
f 46 9985 299
f 46 2388 11088
f 46 9367 9365
f 46 11088 9367
f 47 650 648
f 680 650 47
f 680 47 11088
f 47 9367 11088
f 48 6443 6442
f 48 6442 9370
f 48 9780 6443
f 48 9370 9782
f 48 9782 9780
f 2373 9778 49
f 2373 49 11064
f 9370 49 9782
f 9782 49 9778
f 858 50 3477
f 2220 7299 50
f 2220 50 10933
f 50 7299 3477
f 51 52 9375
f 51 9821 52
f 51 9375 689
f 51 689 9806
f 51 9806 698
f 51 698 9821
f 9813 9375 52
f 9814 9813 52
f 9814 52 9821
f 494 53 9664
f 9807 53 494
f 692 9667 53
f 9813 692 53
f 9375 53 9807
f 9813 53 9375
f 9667 9664 53
f 54 56 2525
f 54 9393 56
f 54 2525 5164
f 54 5164 5820
f 54 5820 9376
f 54 9376 9393
f 55 73 9376
f 11195 73 55
f 55 9376 5820
f 55 5820 9378
f 9868 55 9378
f 11195 55 9868
f 56 9393 783
f 56 783 9901
f 56 2526 2525
f 56 9901 2526
f 754 57 60
f 5778 60 57
f 754 755 57
f 755 9868 57
f 5778 57 9378
f 9868 9378 57
f 9870 58 59
f 11172 59 58
f 757 58 9870
f 757 9873 58
f 11172 58 9873
f 2430 9869 59
f 2430 59 11172
f 9869 9379 59
f 9870 59 9379
f 754 60 9869
f 9845 60 5778
f 9845 9379 60
f 9869 60 9379
f 61 9384 63
f 9619 61 63
f 61 66 9384
f 9620 66 61
f 9619 9383 61
f 9620 61 9383
f 62 1928 63
f 62 63 9388
f 62 68 448
f 62 9388 68
f 62 448 1929
f 62 1929 1928
f 9619 63 1928
f 9384 9388 63
f 9383 440 64
f 64 440 9624
f 1899 443 64
f 9383 64 443
f 1899 64 7401
f 64 9624 7401
f 9384 66 65
f 9387 65 66
f 9388 65 67
f 9384 65 9388
f 710 66 2521
f 710 9387 66
f 9620 2521 66
f 67 4447 68
f 9388 67 68
f 4426 448 68
f 4426 68 4447
f 69 5130 5129
f 69 5807 5130
f 9390 5807 69
f 9390 69 9350
f 4278 70 4286
f 4278 11089 70
f 10954 4286 70
f 10954 70 10962
f 10984 10962 70
f 11089 10984 70
f 72 71 2526
f 9391 71 72
f 71 2527 2526
f 71 5169 2527
f 71 5926 5169
f 9391 5926 71
f 5115 72 782
f 782 72 9901
f 72 2526 9901
f 9391 72 5115
f 5125 784 73
f 9393 73 784
f 5125 73 11195
f 9393 9376 73
f 734 74 9395
f 734 9849 74
f 74 2403 2402
f 74 2402 9394
f 74 9849 2403
f 74 9394 9395
f 75 11100 686
f 75 686 11236
f 75 9904 9394
f 75 9394 11101
f 75 11236 9904
f 75 11101 11100
f 9910 790 76
f 9913 76 790
f 76 9395 9394
f 76 9394 9904
f 9913 9395 76
f 9910 76 9904
f 77 79 9880
f 77 11178 79
f 83 2013 77
f 83 77 9880
f 77 2013 2477
f 77 2477 11178
f 78 9907 749
f 78 749 11176
f 78 9397 1626
f 78 1626 9857
f 78 11176 9397
f 78 9857 9907
f 2476 9873 79
f 2476 79 11178
f 9880 79 9873
f 80 1125 360
f 80 360 9402
f 80 6152 1125
f 80 2545 6152
f 80 8459 2545
f 80 9400 8459
f 80 9402 9400
f 1521 1522 81
f 6509 1521 81
f 10013 81 1522
f 11166 6509 81
f 6514 81 10013
f 11166 81 6514
f 82 360 1125
f 82 1626 360
f 82 5170 741
f 82 741 9857
f 82 1125 5170
f 82 9857 1626
f 83 1089 1265
f 83 9880 1089
f 83 1265 5963
f 83 9400 2013
f 83 5963 9400
f 8077 84 3941
f 3941 84 11083
f 6600 84 8638
f 6600 11083 84
f 8077 8646 84
f 8646 8638 84
f 103 85 87
f 103 9422 85
f 9338 85 9406
f 9422 9406 85
f 906 86 911
f 911 86 9978
f 97 9414 87
f 103 87 100
f 100 87 9414
f 893 88 9406
f 893 9407 88
f 9338 9406 88
f 891 89 9422
f 9968 89 891
f 893 9406 89
f 9968 893 89
f 9422 89 9406
f 911 90 888
f 888 90 9965
f 90 9407 894
f 9965 90 894
f 911 9978 90
f 90 9978 9407
f 2630 91 93
f 9408 93 91
f 9408 91 390
f 9421 390 91
f 9970 91 2630
f 9970 9421 91
f 1441 92 94
f 94 92 9418
f 9408 390 92
f 390 9418 92
f 1441 9408 92
f 884 93 9408
f 884 11463 93
f 2631 2630 93
f 2631 93 11463
f 101 94 9416
f 11261 94 101
f 11261 1441 94
f 94 9418 9416
f 886 884 95
f 884 9408 95
f 2578 886 95
f 95 9408 1441
f 95 1441 11262
f 2578 95 11262
f 96 11085 3883
f 96 3883 11153
f 6593 96 8054
f 6593 11087 96
f 8054 96 11153
f 96 11087 11085
f 9412 9414 97
f 2569 101 98
f 101 9416 98
f 1443 98 9416
f 11259 98 1443
f 2569 98 2568
f 2568 98 11259
f 100 9414 99
f 100 99 9418
f 1443 99 9412
f 1443 9416 99
f 9412 99 9414
f 99 9416 9418
f 103 100 9421
f 100 9418 390
f 100 390 9421
f 7432 101 2569
f 11261 101 7432
f 103 9421 102
f 103 102 9422
f 895 9422 102
f 9970 895 102
f 9970 102 9421
f 106 104 9426
f 106 9933 104
f 817 104 9933
f 10527 104 817
f 9426 104 11440
f 10527 11440 104
f 2698 11395 105
f 2698 105 11439
f 2725 105 9426
f 2725 11441 105
f 11395 9426 105
f 105 11441 11439
f 106 816 9933
f 11393 816 106
f 11395 106 9426
f 11395 11393 106
f 107 2835 951
f 107 951 9427
f 107 1077 953
f 107 953 2835
f 107 9429 1077
f 107 9427 9429
f 9428 108 948
f 10016 948 108
f 9428 9427 108
f 9427 10030 108
f 10015 10016 108
f 10015 108 10030
f 9429 9428 109
f 9428 10026 109
f 10123 9429 109
f 10116 109 10026
f 10116 10115 109
f 10123 109 10115
f 110 9430 113
f 110 113 10456
f 5373 5374 110
f 5373 110 10542
f 110 5374 9430
f 110 10456 10542
f 112 9430 111
f 11528 112 111
f 5374 2827 111
f 11526 111 2827
f 9430 5374 111
f 11528 111 11526
f 9432 9430 112
f 9432 112 11532
f 11531 112 11528
f 11532 112 11531
f 9432 137 113
f 137 9440 113
f 9432 113 9430
f 113 9440 10456
f 114 116 982
f 5371 116 114
f 114 982 2614
f 114 2614 5375
f 5371 114 5375
f 983 116 115
f 115 116 10519
f 9433 115 117
f 115 10061 117
f 9433 983 115
f 115 10519 10061
f 983 982 116
f 5371 10519 116
f 1002 117 999
f 117 10061 999
f 1002 9434 117
f 9434 9433 117
f 2027 118 3945
f 2027 9137 118
f 10290 3945 118
f 118 10236 3947
f 10290 118 3947
f 118 9137 10236
f 119 121 986
f 119 988 121
f 119 985 989
f 119 2941 985
f 119 986 2941
f 119 987 988
f 119 989 987
f 123 121 120
f 121 988 120
f 123 120 9434
f 988 984 120
f 9433 120 984
f 9434 120 9433
f 123 122 121
f 122 986 121
f 124 122 123
f 125 122 124
f 125 986 122
f 10062 124 123
f 10062 123 9434
f 125 124 995
f 995 124 1001
f 10062 1001 124
f 125 2942 986
f 125 995 2932
f 125 2932 2942
f 126 3052 128
f 126 128 9438
f 126 9438 943
f 10024 126 943
f 126 1090 3052
f 10024 1090 126
f 1330 127 1333
f 1330 1334 127
f 1333 127 1335
f 1334 12164 127
f 9425 1335 127
f 9425 127 12164
f 128 3055 131
f 9438 128 131
f 3052 3051 128
f 128 3051 3055
f 131 129 130
f 2880 130 129
f 3055 129 131
f 2880 129 973
f 2893 973 129
f 2893 129 11590
f 11590 129 3055
f 132 131 130
f 2870 132 130
f 2871 2870 130
f 2880 2871 130
f 10017 131 132
f 10017 9438 131
f 10018 132 2870
f 10018 10017 132
f 944 9439 133
f 10019 944 133
f 133 1018 2808
f 133 9439 1018
f 133 2808 11515
f 10019 133 11515
f 135 9439 134
f 10072 135 134
f 944 134 9439
f 10022 134 944
f 10022 946 134
f 10072 134 946
f 135 10074 9439
f 10072 11664 135
f 135 11664 10074
f 999 136 9440
f 10061 136 999
f 5369 10456 136
f 5369 136 10519
f 136 10456 9440
f 10061 10519 136
f 137 962 997
f 9432 962 137
f 137 997 996
f 137 996 9440
f 140 138 139
f 139 138 1000
f 140 9443 138
f 141 1001 138
f 141 138 9443
f 138 1001 1000
f 140 139 11539
f 139 997 998
f 139 1000 997
f 11539 139 998
f 143 140 2839
f 143 9443 140
f 140 11539 2839
f 141 995 1001
f 141 10058 995
f 141 9443 2815
f 141 2815 10058
f 143 9441 142
f 143 142 9443
f 142 2814 2816
f 142 2817 2814
f 142 2816 2815
f 9443 142 2815
f 142 9441 2817
f 143 2839 2838
f 143 2838 9441
f 144 2820 2817
f 144 2817 9441
f 144 10036 2820
f 2836 144 9441
f 11537 144 2836
f 11537 10036 144
f 9445 145 9444
f 9640 9444 145
f 9445 10076 145
f 9640 145 9642
f 145 9818 9642
f 10076 9818 145
f 148 147 146
f 9444 146 147
f 148 146 9644
f 9444 473 146
f 9638 146 473
f 9639 146 9638
f 9644 146 9639
f 148 9446 147
f 9445 147 1021
f 9446 1021 147
f 9445 9444 147
f 148 291 9446
f 148 9643 291
f 148 9644 9643
f 151 149 150
f 151 1026 149
f 149 1026 158
f 153 151 150
f 1977 153 150
f 1977 150 1978
f 153 152 151
f 152 1025 151
f 1026 151 1025
f 1033 152 153
f 152 154 1025
f 1035 154 152
f 1033 1035 152
f 1977 1033 153
f 1027 1025 154
f 11676 1027 154
f 1035 1034 154
f 11676 154 1034
f 5561 5566 155
f 5563 155 5576
f 5566 5576 155
f 157 158 156
f 157 156 5559
f 1026 156 158
f 1028 156 1026
f 1029 156 1028
f 5560 156 1029
f 5559 156 5560
f 157 5561 158
f 157 5559 2186
f 157 2186 5567
f 157 5567 5561
f 9449 1075 159
f 1075 10126 159
f 3043 3042 159
f 9449 159 3042
f 10127 3043 159
f 10127 159 10126
f 5553 161 160
f 161 9449 160
f 1080 160 1079
f 160 3042 1079
f 1080 3000 160
f 3000 5553 160
f 160 9449 3042
f 1054 161 10099
f 1054 10120 161
f 5553 10099 161
f 161 10120 9449
f 162 2587 11266
f 162 11274 2587
f 9451 2625 162
f 11307 162 2625
f 9451 162 11266
f 162 11270 11274
f 11307 11270 162
f 163 3491 6185
f 11640 3491 163
f 11637 6180 163
f 11640 163 6180
f 12063 163 6185
f 11637 163 12063
f 164 961 10039
f 164 11266 961
f 2621 11305 164
f 2621 164 11522
f 9451 11266 164
f 9451 164 11305
f 164 10039 11522
f 10362 5352 165
f 10379 165 5352
f 165 5678 5677
f 9455 165 5677
f 10379 5678 165
f 9455 10362 165
f 166 1192 3459
f 166 3460 1192
f 166 3459 3462
f 12033 3460 166
f 166 3462 3464
f 12033 166 3464
f 3227 167 3086
f 9453 3086 167
f 3227 11858 167
f 9453 167 10362
f 10338 10362 167
f 10338 167 11858
f 3085 3086 168
f 3087 3085 168
f 9453 168 3086
f 10156 3087 168
f 9455 168 9453
f 10156 168 9455
f 9456 169 170
f 9458 170 169
f 9458 169 172
f 9459 172 169
f 180 169 9456
f 180 9459 169
f 3161 170 8231
f 3161 11799 170
f 9458 8231 170
f 9456 170 11799
f 3239 171 3246
f 3239 3248 171
f 171 11873 3246
f 3248 6259 171
f 6955 171 6259
f 6955 11873 171
f 172 174 1730
f 9459 174 172
f 172 1730 11493
f 9458 172 11493
f 180 1154 173
f 180 173 9459
f 173 1151 1153
f 173 5763 1151
f 173 1153 9459
f 3153 173 1154
f 3153 5763 173
f 174 175 177
f 1147 175 174
f 1730 174 177
f 1147 174 1153
f 9459 1153 174
f 177 175 176
f 6830 176 175
f 1147 10174 175
f 6830 175 10174
f 1728 177 176
f 1728 176 6810
f 6810 176 6829
f 6829 176 6830
f 1728 1729 177
f 1729 1730 177
f 178 179 9463
f 10170 179 178
f 178 9463 9456
f 178 9456 11799
f 178 10172 10170
f 10172 178 11799
f 179 1156 1155
f 179 1155 10180
f 10170 1156 179
f 179 10180 9463
f 1154 180 9463
f 9463 180 9456
f 181 9466 183
f 9468 181 183
f 1135 1136 181
f 1135 181 3105
f 181 1136 9466
f 9468 3105 181
f 185 182 5735
f 185 9466 182
f 1134 5735 182
f 1134 182 10169
f 182 9466 1136
f 10169 182 1136
f 5764 9468 183
f 5764 183 11809
f 9470 183 9466
f 9470 11809 183
f 184 7589 3105
f 184 3105 9468
f 184 5766 7589
f 184 12162 5766
f 184 9468 12162
f 374 371 185
f 9470 185 371
f 374 185 5735
f 9470 9466 185
f 186 371 372
f 9470 371 186
f 186 372 5758
f 186 5758 11809
f 9470 186 11809
f 187 5979 3193
f 187 3193 11818
f 187 11958 5979
f 187 11818 11817
f 11988 187 11817
f 11988 11958 187
f 189 2271 188
f 9655 189 188
f 1262 188 9716
f 1262 10258 188
f 9716 188 2271
f 10258 9655 188
f 311 2271 189
f 7644 311 189
f 7645 7644 189
f 7645 189 9655
f 3324 190 3325
f 11928 190 3324
f 3325 190 9472
f 12174 9472 190
f 11928 11929 190
f 12174 190 11929
f 191 3347 3348
f 5907 3347 191
f 191 3348 10211
f 5907 191 12174
f 191 10211 9472
f 191 9472 12174
f 192 10211 1202
f 10226 192 1202
f 3325 9472 192
f 3325 192 10227
f 9472 10211 192
f 10226 10227 192
f 9477 5972 193
f 10231 193 5972
f 9476 193 9474
f 10231 9474 193
f 9476 9478 193
f 9477 193 9478
f 194 1218 1220
f 10231 1218 194
f 194 1220 5864
f 7683 194 5864
f 7684 194 7683
f 9474 194 7684
f 10231 194 9474
f 5868 195 5870
f 5868 9479 195
f 7684 5870 195
f 9474 7684 195
f 9476 9474 195
f 9476 195 9479
f 196 11374 2686
f 11520 196 2686
f 196 11376 11374
f 196 11378 11376
f 11520 11378 196
f 198 197 9478
f 198 9489 197
f 9477 9478 197
f 10234 9477 197
f 197 9489 9486
f 10234 197 9486
f 199 198 9479
f 199 9481 198
f 198 9478 9479
f 198 9481 9483
f 198 9483 9489
f 1208 1215 199
f 1208 199 5868
f 199 1215 9481
f 199 9479 5868
f 201 9483 200
f 201 200 10238
f 1212 200 1213
f 1212 10238 200
f 200 9481 1213
f 200 9483 9481
f 201 5976 1225
f 201 1225 9490
f 11991 5976 201
f 201 9490 9483
f 11991 201 10238
f 3215 203 202
f 10200 202 203
f 11835 3215 202
f 10200 3216 202
f 3216 11839 202
f 11839 11835 202
f 1223 204 203
f 9484 203 204
f 3215 1223 203
f 10200 203 9484
f 204 205 5832
f 10235 205 204
f 10235 204 1223
f 1982 204 5832
f 9484 204 1982
f 205 208 9488
f 10235 208 205
f 205 9488 5832
f 6407 206 6393
f 11316 6393 206
f 11294 206 6407
f 11323 206 11294
f 11323 11316 206
f 207 2338 3440
f 207 11130 2338
f 5051 207 3440
f 11132 207 5051
f 11132 11130 207
f 208 9486 209
f 208 209 9488
f 1222 9486 208
f 10235 1222 208
f 209 9490 1225
f 11841 209 1225
f 209 9486 9489
f 11841 9488 209
f 209 9489 9490
f 210 211 212
f 5701 211 210
f 4206 210 212
f 1700 1749 210
f 1700 210 4206
f 5701 210 1749
f 6010 212 211
f 211 213 1746
f 5701 213 211
f 1747 211 1746
f 1747 6010 211
f 4207 4206 212
f 4208 4207 212
f 4208 212 6010
f 213 1745 1746
f 5703 1745 213
f 5701 1748 213
f 5703 213 1748
f 216 214 215
f 11328 215 214
f 9492 214 216
f 6383 214 9492
f 6383 11328 214
f 6435 216 215
f 6434 215 6433
f 6433 215 11328
f 6435 215 6434
f 3721 217 216
f 9492 216 217
f 3722 3721 216
f 6435 3722 216
f 1897 217 3721
f 10711 217 1897
f 6389 9492 217
f 6389 217 10710
f 10710 217 10711
f 8806 6383 218
f 6383 9492 218
f 6389 6388 218
f 6392 218 6388
f 6389 218 9492
f 8806 218 6392
f 220 358 219
f 220 219 1393
f 1401 219 358
f 1393 219 10372
f 1401 1403 219
f 10372 219 1403
f 220 9493 358
f 1390 220 1392
f 220 1390 9493
f 220 1394 1392
f 220 1393 1394
f 222 221 9493
f 222 9535 221
f 9493 221 358
f 10370 358 221
f 221 9535 9538
f 221 9538 9539
f 10370 221 9539
f 1391 2458 222
f 1391 222 9493
f 2458 2459 222
f 2459 9535 222
f 225 223 9495
f 225 10363 223
f 3715 223 10363
f 3715 10377 223
f 223 10377 9495
f 8304 224 1407
f 224 9495 1407
f 224 3727 3726
f 224 3726 9495
f 8304 3727 224
f 4415 225 3726
f 225 9495 3726
f 4415 4414 225
f 225 4414 10363
f 8020 226 8018
f 226 9497 8018
f 8020 8019 226
f 8019 10424 226
f 226 10425 9497
f 226 10424 10425
f 227 1490 1491
f 227 10425 1490
f 6560 227 1491
f 227 6561 6557
f 227 6557 9497
f 6560 6561 227
f 227 9497 10425
f 228 6557 6558
f 9497 6557 228
f 228 6558 11107
f 228 8017 8018
f 228 11107 8017
f 9497 228 8018
f 231 9505 229
f 231 229 11104
f 1493 229 1494
f 1493 11104 229
f 9505 1494 229
f 231 230 9500
f 231 11104 230
f 6564 232 230
f 9500 230 232
f 6565 6564 230
f 6565 230 11104
f 233 231 9500
f 233 9502 231
f 231 9502 9505
f 1495 232 1489
f 1489 232 6562
f 1495 9500 232
f 6564 6562 232
f 1504 233 1496
f 233 9500 1496
f 9507 233 1504
f 9507 9502 233
f 3286 234 1505
f 9507 1505 234
f 8906 3149 234
f 3149 9502 234
f 8906 234 3286
f 9507 234 9502
f 9504 237 235
f 235 237 9505
f 235 9502 3149
f 9504 235 3149
f 235 9505 9502
f 236 4075 3516
f 236 3516 9504
f 236 4076 4075
f 236 8909 4076
f 236 8908 8909
f 236 9504 8908
f 4074 1494 237
f 9505 237 1494
f 3516 4074 237
f 3516 237 9504
f 6615 239 238
f 11038 238 239
f 3268 238 3269
f 3268 6616 238
f 11038 3269 238
f 6615 238 6616
f 240 239 1554
f 11038 239 240
f 239 6612 1554
f 6612 239 6615
f 10440 240 1554
f 9508 6636 240
f 11038 240 6636
f 9508 240 10440
f 267 241 6268
f 12153 241 267
f 241 7355 6268
f 241 11445 7355
f 12153 11445 241
f 244 242 243
f 9508 243 242
f 11034 242 244
f 6636 242 6637
f 9508 242 6636
f 11034 6637 242
f 244 243 1552
f 10458 1552 243
f 9508 9509 243
f 9509 10458 243
f 244 1552 6638
f 11034 244 6638
f 8543 3971 245
f 245 3971 8746
f 8543 245 9608
f 245 8746 9298
f 245 9298 9373
f 245 9373 9510
f 245 9510 9608
f 3966 248 246
f 9512 246 248
f 3966 246 9373
f 9510 9373 246
f 9512 9510 246
f 247 249 3964
f 247 10467 249
f 247 3964 9608
f 247 9510 9512
f 247 9608 9510
f 247 9512 10467
f 9512 248 1569
f 1569 248 10466
f 9577 248 3966
f 9577 10466 248
f 3964 249 3963
f 3963 249 10468
f 10467 10468 249
f 1480 1501 250
f 1480 250 1606
f 1501 9514 250
f 9514 1605 250
f 10486 250 1605
f 1606 250 10486
f 251 252 9514
f 251 9516 252
f 251 3915 253
f 251 253 9516
f 251 1501 3914
f 251 9514 1501
f 251 3914 3915
f 9516 1648 252
f 252 1648 10515
f 252 10488 9514
f 252 10515 10488
f 253 3915 4377
f 253 4377 4376
f 253 4376 9515
f 253 9515 9516
f 254 431 4361
f 9515 431 254
f 254 4361 4368
f 254 4368 4367
f 254 4367 10517
f 9515 254 10517
f 4114 255 1445
f 255 9518 1445
f 4114 5634 255
f 4115 255 5634
f 4115 9517 255
f 255 9517 9518
f 256 257 9517
f 256 9519 257
f 4115 4116 256
f 4115 256 9517
f 4116 9521 256
f 256 9521 9519
f 4158 257 9520
f 4158 12180 257
f 12180 9517 257
f 257 9519 9520
f 259 9519 258
f 10536 259 258
f 260 258 9519
f 260 10539 258
f 10536 258 10538
f 258 10539 10538
f 4159 9520 259
f 4159 259 10536
f 259 9520 9519
f 1664 260 9521
f 1664 12110 260
f 260 9519 9521
f 12110 10539 260
f 263 261 262
f 262 261 316
f 263 9541 261
f 295 316 261
f 295 261 9537
f 261 9541 9537
f 300 263 262
f 300 262 317
f 312 262 316
f 312 317 262
f 300 9546 263
f 263 301 9541
f 263 9546 301
f 264 2388 299
f 9791 264 299
f 673 676 264
f 9791 673 264
f 264 676 11084
f 264 11084 2388
f 10245 265 2106
f 265 10862 2106
f 10245 2107 265
f 265 2107 10861
f 265 10861 2108
f 265 2108 10862
f 266 3424 11745
f 266 12014 3424
f 266 3427 3426
f 266 3426 12014
f 266 11737 3427
f 266 11745 11737
f 4612 4615 267
f 4612 267 6268
f 4613 267 4615
f 4613 12153 267
f 9525 268 272
f 268 10385 272
f 9525 285 268
f 10386 268 285
f 8295 10385 268
f 8295 268 10386
f 269 5927 5925
f 269 5925 12142
f 269 10210 5927
f 269 10207 10210
f 269 12148 10207
f 269 12142 12148
f 270 1805 1803
f 270 1803 8196
f 270 1804 4316
f 270 10637 1804
f 270 4316 1805
f 270 8196 10637
f 567 271 284
f 284 271 9677
f 508 271 1425
f 508 9677 271
f 9525 272 273
f 10388 273 272
f 10385 275 272
f 10388 272 275
f 286 273 9524
f 286 9525 273
f 10388 9524 273
f 274 306 9524
f 274 9546 306
f 274 1418 9540
f 10388 1418 274
f 10388 274 9524
f 274 9540 9546
f 10388 275 1418
f 10389 1418 275
f 10385 1422 275
f 10389 275 1422
f 276 278 277
f 276 4482 278
f 276 9529 4482
f 277 278 279
f 282 277 279
f 1989 279 278
f 1989 278 4484
f 278 4482 4484
f 1426 282 279
f 1426 279 10768
f 1989 10768 279
f 280 11952 3354
f 280 3354 11976
f 5982 11953 280
f 5982 280 11970
f 280 11953 11952
f 280 11976 11970
f 1572 281 1577
f 1572 10471 281
f 4029 281 1576
f 1576 281 10471
f 1577 281 4029
f 1425 282 1426
f 9532 284 285
f 285 284 9677
f 9525 9532 285
f 10386 285 9677
f 321 286 322
f 321 9558 286
f 286 9524 322
f 9525 286 9532
f 9558 9532 286
f 3312 293 287
f 10450 287 293
f 3313 287 1546
f 10450 1546 287
f 3312 287 3313
f 288 293 1544
f 10450 293 288
f 288 1544 1547
f 288 1547 5952
f 12081 288 5952
f 10450 288 12081
f 5902 289 2398
f 2398 289 11074
f 5434 289 5059
f 289 8466 5059
f 5434 11074 289
f 5902 8466 289
f 290 2466 11163
f 290 11165 2466
f 290 11163 2470
f 290 2470 11167
f 290 4109 11165
f 290 11167 4109
f 4482 291 292
f 9643 292 291
f 9529 291 4482
f 9446 291 9529
f 1993 4484 292
f 1993 292 9454
f 4484 4482 292
f 9643 9454 292
f 1322 1544 293
f 1322 293 3312
f 294 1338 10311
f 10335 1338 294
f 294 10311 1339
f 10325 294 1339
f 10328 294 10325
f 10335 294 10328
f 314 316 295
f 314 295 2459
f 2459 295 9535
f 295 9537 9535
f 4958 296 2471
f 9151 2471 296
f 10035 296 4958
f 7363 4968 296
f 4968 9151 296
f 10035 7363 296
f 297 10218 1207
f 297 1207 10224
f 297 1215 1208
f 297 1208 10219
f 297 10224 1215
f 297 10219 10218
f 298 9542 1399
f 298 1399 10368
f 298 9538 9537
f 298 9537 9541
f 298 10368 9538
f 298 9541 9542
f 9791 299 9985
f 300 317 303
f 300 303 9546
f 301 9540 302
f 301 302 9542
f 301 9546 9540
f 301 9542 9541
f 302 1417 1400
f 302 1400 9542
f 302 9540 1417
f 304 306 303
f 304 303 319
f 303 306 9546
f 303 317 319
f 304 322 306
f 308 304 319
f 320 304 308
f 320 322 304
f 305 3208 3207
f 305 3207 11831
f 305 3209 3208
f 305 3213 3209
f 9371 3213 305
f 9371 305 11831
f 306 322 9524
f 308 319 307
f 308 307 491
f 310 307 309
f 307 319 309
f 310 9659 307
f 9659 491 307
f 489 320 308
f 489 308 488
f 308 491 488
f 310 309 9548
f 312 309 317
f 9548 309 312
f 309 319 317
f 485 310 1692
f 485 9659 310
f 310 9548 1692
f 311 613 2271
f 9740 613 311
f 7644 614 311
f 9740 311 614
f 9550 312 316
f 9550 9548 312
f 9344 313 9558
f 315 2457 314
f 315 314 2459
f 314 9550 316
f 314 2457 9550
f 315 11158 2457
f 315 2459 2458
f 315 2458 2460
f 315 2460 11158
f 1806 318 4102
f 1806 4582 318
f 2070 318 7119
f 2070 8246 318
f 318 8246 4102
f 10433 318 4582
f 10433 7119 318
f 321 322 320
f 321 9344 9558
f 323 324 325
f 323 10560 324
f 4295 323 325
f 1711 1708 323
f 1708 10560 323
f 323 4295 1711
f 324 9593 325
f 324 9592 9593
f 9594 9592 324
f 9594 324 10560
f 385 325 409
f 385 4295 325
f 9593 409 325
f 326 1903 328
f 326 328 10584
f 326 9560 1903
f 326 5725 5726
f 326 10584 5725
f 326 5726 9560
f 1788 9173 327
f 1788 327 9174
f 1903 327 9173
f 1903 9560 327
f 327 5722 5716
f 327 5716 9174
f 9560 5722 327
f 1756 328 1755
f 1755 328 1903
f 1756 10590 328
f 10586 10584 328
f 10590 10586 328
f 331 329 330
f 375 330 329
f 332 329 331
f 371 329 332
f 374 329 371
f 374 375 329
f 350 331 330
f 350 330 352
f 352 330 1996
f 375 1996 330
f 346 332 331
f 348 346 331
f 348 331 350
f 346 3151 332
f 372 371 332
f 3151 372 332
f 335 333 334
f 3147 334 333
f 336 333 335
f 11789 333 336
f 1145 3147 333
f 1145 333 11789
f 341 335 334
f 349 341 334
f 349 334 348
f 348 334 3147
f 6872 336 335
f 6873 335 341
f 6872 335 6873
f 4233 336 10686
f 4233 11423 336
f 6872 10686 336
f 11789 336 11423
f 399 337 339
f 398 337 399
f 9348 337 398
f 9349 337 9348
f 9036 2022 338
f 2022 10796 338
f 4528 9084 338
f 10796 4528 338
f 9036 338 4530
f 9084 4530 338
f 1786 339 342
f 399 339 368
f 1786 368 339
f 342 340 6873
f 6873 340 417
f 10617 417 340
f 10617 340 1777
f 1787 342 341
f 342 6873 341
f 349 1787 341
f 1787 1786 342
f 3146 343 345
f 345 343 9563
f 3146 3148 343
f 3148 10176 343
f 3150 9563 343
f 3150 343 10176
f 344 537 1976
f 9700 537 344
f 344 1976 544
f 344 544 6689
f 344 6689 6690
f 9700 344 6690
f 348 345 346
f 346 345 9563
f 348 3147 345
f 3146 345 3147
f 346 9563 3151
f 4276 347 4278
f 4276 8581 347
f 4277 347 8581
f 4277 11089 347
f 4278 347 11089
f 349 348 350
f 349 350 9564
f 349 9564 1787
f 350 352 9564
f 377 351 352
f 351 9564 352
f 377 9584 351
f 351 1786 1787
f 351 9584 1786
f 351 1787 9564
f 377 352 1996
f 9565 353 354
f 9568 354 353
f 9566 356 353
f 9570 353 356
f 9565 9566 353
f 9568 353 9570
f 366 367 354
f 366 354 9568
f 367 9578 354
f 9565 354 9578
f 362 6943 355
f 362 355 9565
f 6943 6942 355
f 10591 355 6942
f 9565 355 9566
f 9566 355 10591
f 9566 357 356
f 357 10618 356
f 9570 356 10621
f 356 10618 10621
f 357 6944 6946
f 357 10591 6944
f 357 6946 10618
f 9566 10591 357
f 10370 1401 358
f 359 9570 1782
f 359 1782 9571
f 359 9568 9570
f 359 9579 9568
f 359 9571 9575
f 359 9575 9579
f 360 1626 9402
f 362 361 6943
f 362 9578 361
f 364 361 363
f 363 361 9578
f 364 6939 361
f 361 6939 6943
f 362 9565 9578
f 364 363 365
f 363 10910 365
f 363 9578 367
f 363 367 10910
f 364 365 1566
f 364 1566 10466
f 364 10466 6939
f 365 1567 1566
f 365 3996 1567
f 365 10910 3996
f 366 4288 367
f 366 10890 4288
f 366 9579 4289
f 366 4289 10890
f 366 9568 9579
f 367 4288 10910
f 399 368 9582
f 1786 9584 368
f 9582 368 9581
f 9584 9581 368
f 709 710 369
f 709 369 8485
f 710 2521 369
f 2521 2522 369
f 2522 2524 369
f 8485 369 2524
f 709 8485 370
f 709 370 8486
f 370 5132 5131
f 8486 370 5131
f 5134 5132 370
f 8485 5134 370
f 3151 5760 372
f 5758 372 5760
f 373 7042 1956
f 10755 373 1956
f 10504 7042 373
f 10504 373 9576
f 9576 373 10755
f 374 5736 375
f 374 5735 5736
f 376 1996 375
f 5736 376 375
f 376 380 378
f 376 378 1996
f 376 379 380
f 5736 379 376
f 378 377 1996
f 9583 377 378
f 9583 9584 377
f 378 380 9601
f 9583 378 416
f 378 9601 416
f 380 379 413
f 379 5738 413
f 5739 379 5736
f 5739 5738 379
f 380 413 412
f 380 412 9601
f 381 1791 9586
f 381 10626 1791
f 381 1796 1795
f 381 1795 10627
f 381 9587 1796
f 381 9586 9587
f 381 10627 10626
f 382 1791 5746
f 382 9586 1791
f 5699 382 5746
f 5699 9588 382
f 9588 9586 382
f 383 9587 9586
f 9588 383 9586
f 383 10629 9587
f 9589 383 9588
f 9589 10624 383
f 10624 10629 383
f 1789 9589 384
f 1789 384 10581
f 5700 384 5699
f 5699 384 9588
f 5700 10581 384
f 384 9589 9588
f 385 389 388
f 385 388 4295
f 385 410 389
f 385 409 410
f 496 7321 386
f 496 386 9357
f 386 7321 3785
f 8311 386 3785
f 8308 386 8311
f 8308 9357 386
f 387 388 389
f 387 1794 388
f 4303 387 389
f 387 1793 1794
f 387 1797 1793
f 4303 1797 387
f 388 1794 9004
f 9004 4295 388
f 411 389 410
f 411 4303 389
f 391 404 1408
f 391 9840 404
f 391 725 9840
f 391 11192 725
f 9841 391 1408
f 9841 11192 391
f 4423 392 5160
f 8477 392 4423
f 9892 5160 392
f 8477 8483 392
f 8478 392 8483
f 9892 392 8478
f 1352 393 1351
f 11980 1351 393
f 1352 11024 393
f 3672 393 11024
f 3672 12151 393
f 12151 11980 393
f 394 7076 7077
f 394 7272 7076
f 7244 394 7077
f 7244 7245 394
f 7245 7273 394
f 394 7273 7272
f 395 409 406
f 395 406 10832
f 395 410 409
f 395 10832 1785
f 396 397 398
f 396 398 399
f 396 399 9582
f 396 9582 403
f 9348 398 397
f 9348 397 9574
f 7196 400 7209
f 7196 8425 400
f 7235 7209 400
f 10283 7235 400
f 10283 400 8425
f 402 403 401
f 402 401 10630
f 401 403 9591
f 401 9591 9599
f 401 9599 10630
f 411 402 4303
f 4303 402 10630
f 9591 403 9582
f 724 726 404
f 9840 724 404
f 1770 404 726
f 1408 404 1770
f 405 4290 406
f 9593 405 406
f 405 408 4290
f 9595 408 405
f 9593 9592 405
f 9595 405 9592
f 9593 406 409
f 406 4290 10847
f 406 10847 10832
f 407 7174 656
f 407 656 7176
f 407 7178 7174
f 407 7176 8405
f 407 8406 7178
f 407 8405 8406
f 4004 408 4007
f 4004 10928 408
f 9595 4007 408
f 4290 408 10928
f 412 413 414
f 5749 412 414
f 5748 412 5749
f 9601 412 5748
f 5738 414 413
f 5740 414 5738
f 5740 5742 414
f 5742 5751 414
f 5749 414 5751
f 9600 416 415
f 416 11536 415
f 1800 415 1792
f 415 11536 1792
f 9599 415 1800
f 9599 9600 415
f 9583 416 9600
f 416 9601 11536
f 10617 1781 417
f 1781 10695 417
f 6872 6873 417
f 6872 417 6874
f 417 10695 6874
f 420 418 419
f 1808 419 418
f 1807 418 420
f 1807 1809 418
f 10641 1808 418
f 10641 418 1809
f 1820 420 419
f 1808 9606 419
f 10651 1820 419
f 10651 419 9606
f 1804 420 1128
f 1820 1128 420
f 1804 1807 420
f 3157 421 422
f 422 421 5774
f 423 1723 421
f 3157 423 421
f 1723 4221 421
f 5774 421 4221
f 3157 422 3169
f 3169 422 11802
f 422 5774 5776
f 422 5776 11802
f 423 1724 1723
f 423 8234 1724
f 3157 3158 423
f 3158 8234 423
f 424 9606 425
f 424 425 9609
f 424 9609 427
f 424 427 10186
f 9606 424 1829
f 424 10186 1829
f 425 1808 1811
f 425 9606 1808
f 425 1811 1812
f 425 1812 9609
f 426 8615 427
f 426 427 9609
f 426 1627 8594
f 426 9609 1627
f 426 8594 8593
f 426 8593 8615
f 427 8615 10186
f 6993 1838 428
f 10664 428 1838
f 6977 9611 428
f 6977 428 10664
f 6991 6993 428
f 6991 428 9611
f 6975 579 429
f 579 7521 429
f 6976 6975 429
f 6981 6976 429
f 6981 429 6977
f 6977 429 9611
f 9611 429 7521
f 6991 9611 430
f 10564 6991 430
f 430 7521 7520
f 430 7520 9803
f 9611 7521 430
f 10564 430 9803
f 431 7000 4361
f 6999 431 4376
f 4376 431 9515
f 6999 7000 431
f 432 433 9613
f 432 9616 433
f 432 434 439
f 432 9613 434
f 432 439 438
f 432 438 9616
f 1657 433 437
f 433 9616 437
f 1657 1662 433
f 1662 9613 433
f 2144 439 434
f 1856 434 1853
f 1853 434 9613
f 1856 2144 434
f 9614 435 436
f 436 435 10696
f 10696 435 1879
f 435 10700 1879
f 9614 10294 435
f 435 10294 10700
f 436 1654 9615
f 436 10666 1654
f 436 1876 10666
f 436 10696 1876
f 9614 436 9615
f 1657 437 9615
f 9614 9615 437
f 9614 437 10294
f 10294 437 9616
f 1887 438 439
f 4386 438 1887
f 4385 9616 438
f 4385 438 10317
f 4386 10317 438
f 1887 439 1888
f 2144 1888 439
f 440 441 442
f 9619 441 440
f 440 442 9624
f 9619 440 9383
f 441 9617 442
f 1928 4424 441
f 9619 1928 441
f 441 4424 9617
f 1905 2655 442
f 9617 1905 442
f 9624 442 2655
f 1900 445 443
f 9620 443 445
f 1900 443 1899
f 9620 9383 443
f 4276 444 8581
f 4276 9815 444
f 8583 8581 444
f 8585 444 8582
f 9815 8582 444
f 8585 8583 444
f 11223 445 1900
f 2521 445 2522
f 9620 445 2521
f 11223 2522 445
f 1961 446 2091
f 1961 8410 446
f 446 2092 2091
f 446 8409 2092
f 446 8411 8409
f 446 8410 8411
f 447 2655 2656
f 9624 2655 447
f 10718 447 2656
f 9624 447 7402
f 10718 7402 447
f 1929 448 4428
f 4426 9864 448
f 448 9864 4428
f 4437 451 449
f 449 451 9626
f 449 9626 452
f 9728 449 452
f 4437 449 4436
f 9728 4436 449
f 4437 450 451
f 450 9629 451
f 458 450 4437
f 458 9628 450
f 450 9628 9629
f 9633 9626 451
f 9633 451 9629
f 10727 452 9626
f 9728 452 9635
f 10727 9635 452
f 6971 453 6990
f 6971 8363 453
f 8359 6990 453
f 8360 8359 453
f 8360 453 8363
f 455 456 454
f 455 454 9630
f 457 454 456
f 463 454 457
f 463 462 454
f 462 9630 454
f 455 1940 456
f 1941 1940 455
f 1941 455 9630
f 457 456 1912
f 1913 1912 456
f 1913 456 2643
f 2643 456 1940
f 465 463 457
f 465 457 2659
f 457 1912 2659
f 458 4435 9627
f 458 9784 4435
f 458 4437 9784
f 458 9627 9628
f 9789 1942 459
f 459 1942 11431
f 459 9627 4435
f 9789 459 4435
f 4456 9627 459
f 4456 459 11431
f 461 460 2773
f 461 9628 460
f 460 8325 2773
f 4456 8325 460
f 4456 460 9627
f 460 9628 9627
f 462 9629 461
f 462 461 9630
f 461 2773 9012
f 461 9012 9630
f 461 9629 9628
f 463 9633 462
f 462 9633 9629
f 464 9633 463
f 464 463 10728
f 465 10728 463
f 464 1924 9626
f 464 10728 1924
f 464 9626 9633
f 465 2660 1927
f 465 1927 10728
f 465 2659 2660
f 466 632 468
f 466 468 4450
f 466 4445 632
f 466 4442 4445
f 466 4448 4442
f 466 4450 4448
f 467 468 632
f 467 4438 468
f 467 632 633
f 467 633 5407
f 467 4440 4438
f 467 5407 4440
f 468 4438 4439
f 468 4439 4450
f 469 1966 1965
f 469 1965 9637
f 469 11358 1966
f 9636 469 9637
f 9636 10274 469
f 10274 11358 469
f 470 472 7043
f 470 9637 472
f 1278 9636 470
f 1278 470 10275
f 10275 470 7043
f 9636 9637 470
f 6264 471 7844
f 8332 471 6264
f 8329 471 7195
f 8332 7195 471
f 8334 7844 471
f 8329 8334 471
f 472 1963 1964
f 472 9637 1963
f 7046 472 1964
f 7043 472 7042
f 7046 7042 472
f 9640 1023 473
f 473 1023 10081
f 9640 473 9444
f 9638 473 10081
f 474 10081 1024
f 11682 474 1024
f 9639 9638 474
f 9638 10081 474
f 9649 9639 474
f 9649 474 11682
f 1022 10078 475
f 1022 475 11675
f 9812 475 9642
f 10078 9642 475
f 9817 475 9812
f 9817 11675 475
f 9644 477 476
f 9647 476 477
f 9454 476 4488
f 4488 476 9647
f 9643 476 9454
f 9644 476 9643
f 9647 477 478
f 9649 478 477
f 9644 9639 477
f 9649 477 9639
f 1031 479 478
f 9647 478 479
f 1031 478 3006
f 9649 3006 478
f 479 480 481
f 1031 480 479
f 479 481 9411
f 4489 479 9411
f 4489 9647 479
f 9651 481 480
f 1031 1035 480
f 1033 480 1035
f 9651 480 1033
f 4491 481 482
f 9651 482 481
f 4491 9411 481
f 1983 482 1984
f 4491 482 1983
f 10763 1984 482
f 10763 482 9651
f 483 2537 484
f 483 484 9652
f 483 11235 2537
f 483 9652 9653
f 483 9653 11235
f 2537 11236 484
f 484 9654 9652
f 9804 9654 484
f 11236 9804 484
f 485 1692 9653
f 485 9653 9652
f 485 9652 9658
f 9659 485 9658
f 486 487 9654
f 486 9662 487
f 494 9661 486
f 9808 494 486
f 9808 486 9654
f 486 9661 9662
f 9658 487 490
f 9662 490 487
f 9654 487 9652
f 9658 9652 487
f 489 488 9656
f 488 491 490
f 489 9656 9342
f 9658 490 491
f 492 490 9662
f 9659 9658 491
f 492 493 1020
f 492 9661 493
f 492 9662 9661
f 493 9664 495
f 493 495 10076
f 493 1021 1020
f 493 10076 1021
f 493 9661 9664
f 494 9664 9661
f 9808 9807 494
f 9667 495 9664
f 9818 495 9667
f 10076 495 9818
f 496 498 7321
f 496 10508 498
f 496 9357 9669
f 496 9669 10508
f 497 4498 9280
f 497 9357 4498
f 497 7038 7037
f 497 7037 9669
f 497 9280 7038
f 497 9669 9357
f 3786 7321 498
f 3786 498 10268
f 10268 498 10229
f 498 10508 10229
f 1596 500 499
f 9682 499 500
f 10804 1596 499
f 499 9670 2029
f 10804 499 2029
f 9682 9670 499
f 8623 500 512
f 9672 512 500
f 9672 500 1596
f 8623 9680 500
f 9680 9682 500
f 7663 7002 501
f 7002 10540 501
f 7003 8280 501
f 7003 501 10540
f 7663 501 8292
f 8292 501 8280
f 2012 504 502
f 9675 502 504
f 9672 502 511
f 9676 511 502
f 2012 502 9672
f 9675 9676 502
f 564 8264 503
f 8270 564 503
f 7868 503 2166
f 8267 2166 503
f 8268 503 7868
f 8267 503 8264
f 8270 503 8268
f 4519 506 504
f 9675 504 506
f 4517 504 2012
f 4517 4519 504
f 7166 505 7171
f 7166 8114 505
f 505 7169 7171
f 10344 7169 505
f 505 8114 7172
f 10344 505 7172
f 2041 506 2042
f 2041 9675 506
f 2042 506 8346
f 4519 8345 506
f 8346 506 8345
f 1159 507 5989
f 1159 12172 507
f 3166 507 5502
f 3166 5989 507
f 5502 507 5506
f 5504 5506 507
f 5504 507 12172
f 508 1428 509
f 508 509 9677
f 508 1425 10395
f 508 10395 1428
f 1997 509 1428
f 1999 509 1997
f 1999 9678 509
f 509 9678 9677
f 4532 510 8362
f 4532 8645 510
f 8847 8362 510
f 8645 9676 510
f 10812 8847 510
f 10813 510 9676
f 10813 10812 510
f 4540 512 511
f 9672 511 512
f 4540 511 8645
f 8645 511 9676
f 4540 8623 512
f 539 1152 513
f 1283 539 513
f 8014 513 1152
f 1283 513 6478
f 8858 6478 513
f 8014 8002 513
f 8858 513 8002
f 514 8758 515
f 9682 514 515
f 9680 516 514
f 514 516 9683
f 514 517 8758
f 514 9683 517
f 9680 514 9682
f 8722 8687 515
f 515 8687 9670
f 8722 515 8758
f 9682 515 9670
f 2044 9683 516
f 2044 516 10815
f 9680 10815 516
f 2045 4713 517
f 2045 517 9683
f 4535 517 4713
f 4535 8758 517
f 518 9684 520
f 518 520 10783
f 522 518 9687
f 10791 518 522
f 523 9684 518
f 10791 523 518
f 518 10783 9687
f 519 2028 2032
f 519 9684 2028
f 519 2032 10854
f 519 2100 10852
f 519 10854 2100
f 519 10852 9684
f 520 9219 10783
f 520 10852 9219
f 520 9684 10852
f 1985 9686 521
f 1985 521 10778
f 4513 10780 521
f 4513 521 10782
f 10782 521 9686
f 10780 10778 521
f 4522 522 9686
f 10791 522 4522
f 522 9687 9686
f 523 2028 9684
f 10804 2028 523
f 10791 9190 523
f 10804 523 9190
f 7220 2109 524
f 524 2109 9690
f 4724 4722 524
f 4722 7220 524
f 4724 524 9691
f 524 9690 9691
f 525 4737 527
f 525 527 9692
f 525 4736 5754
f 525 9690 4736
f 525 5754 4737
f 525 9692 9690
f 6001 526 2025
f 9142 2025 526
f 4528 9142 526
f 4528 526 9692
f 6001 9691 526
f 526 9691 9692
f 4528 527 9084
f 4528 9692 527
f 4529 527 4737
f 4529 9084 527
f 528 5450 5446
f 528 5446 10872
f 528 9695 5450
f 9693 9695 528
f 9693 528 9696
f 528 10872 9696
f 529 532 533
f 10877 532 529
f 529 533 9694
f 529 9694 9697
f 10868 529 9697
f 10877 529 10868
f 530 533 2116
f 9694 533 530
f 10864 530 2116
f 9693 9694 530
f 9693 530 9695
f 10864 9695 530
f 531 9696 4773
f 10870 531 4773
f 9693 531 9694
f 9693 9696 531
f 9694 531 9697
f 10870 9697 531
f 4358 533 532
f 4360 532 2127
f 10877 2127 532
f 4358 532 4360
f 4358 2116 533
f 3665 6195 534
f 3665 534 10702
f 3671 534 11347
f 3671 12151 534
f 534 6195 11347
f 534 12151 10702
f 9700 535 536
f 10473 536 535
f 4028 6113 535
f 4028 535 6693
f 10473 535 6113
f 6693 535 6690
f 9700 6690 535
f 9704 536 2058
f 2058 536 10475
f 9700 536 9704
f 10473 10475 536
f 1976 537 545
f 9703 545 537
f 9700 9704 537
f 9703 537 9704
f 1859 538 1860
f 3903 538 1859
f 1867 1860 538
f 1868 1867 538
f 1868 538 9702
f 3903 9702 538
f 539 8008 1152
f 1283 2099 539
f 2099 8863 539
f 8863 8008 539
f 1955 540 544
f 540 6689 544
f 1655 540 1955
f 1655 9702 540
f 3908 6689 540
f 3908 540 9702
f 1990 545 541
f 9703 541 545
f 2063 1990 541
f 2063 541 10831
f 9703 8175 541
f 8175 10831 541
f 2058 2057 542
f 2060 542 2057
f 9704 2058 542
f 2060 8175 542
f 9703 542 8175
f 9703 9704 542
f 543 9796 681
f 10027 543 681
f 3302 9796 543
f 1955 544 1976
f 1976 545 1990
f 546 1655 1955
f 546 10685 1655
f 546 2063 1870
f 546 1870 10685
f 546 1955 1990
f 546 1990 2063
f 12032 3474 547
f 547 3474 12056
f 547 3487 3476
f 547 3476 12049
f 547 12056 3487
f 12032 547 12049
f 4650 4830 548
f 4650 548 4844
f 9705 548 4830
f 10175 4844 548
f 9705 9706 548
f 9706 10175 548
f 9705 549 550
f 550 549 10689
f 549 10667 4345
f 549 4345 10689
f 9705 6985 549
f 549 6985 10667
f 7282 550 4141
f 550 10689 4141
f 9706 550 7282
f 9705 550 9706
f 4491 1983 551
f 9707 551 1983
f 4491 551 9385
f 4492 9405 551
f 4492 551 9708
f 551 9405 9385
f 9707 9708 551
f 10765 1980 552
f 10905 552 1980
f 1983 1984 552
f 9707 1983 552
f 10765 552 1984
f 9707 552 10905
f 10814 553 2040
f 2040 553 10905
f 8343 9708 553
f 10814 8343 553
f 9707 553 9708
f 9707 10905 553
f 4184 4183 554
f 7579 554 4183
f 4185 4184 554
f 7582 4185 554
f 7581 554 7579
f 7582 554 7581
f 683 9801 555
f 683 555 9802
f 4868 9802 555
f 9710 555 9801
f 4868 556 4869
f 4869 556 7291
f 556 7249 7291
f 556 9711 7249
f 557 9711 671
f 557 671 9790
f 557 5216 5220
f 557 9790 5216
f 557 5220 7249
f 557 7249 9711
f 558 559 560
f 558 842 559
f 558 560 3763
f 842 558 867
f 558 1950 867
f 558 3763 1950
f 5232 560 559
f 5234 559 842
f 5232 559 5234
f 570 3763 560
f 570 560 5229
f 5232 5229 560
f 561 849 848
f 561 848 1950
f 561 4874 849
f 561 1950 3763
f 561 3763 4875
f 561 4875 4874
f 1243 7865 562
f 11996 1243 562
f 3595 7870 562
f 3595 562 9345
f 9345 562 7865
f 11996 562 7870
f 563 8091 1130
f 563 1130 11769
f 563 11769 3093
f 563 3093 11771
f 563 8605 8091
f 563 11771 8605
f 6989 564 8270
f 6989 8271 564
f 564 8269 8264
f 564 8271 8269
f 1173 1126 565
f 7573 565 1126
f 1173 565 5583
f 7577 5583 565
f 7574 565 7573
f 7577 565 7574
f 568 2329 566
f 9713 568 566
f 569 571 566
f 569 566 2329
f 571 2327 566
f 9713 566 2327
f 568 6350 589
f 568 589 9723
f 568 9723 2329
f 9713 6350 568
f 569 7318 571
f 569 2329 2331
f 2332 569 2331
f 2332 11021 569
f 569 11021 7318
f 570 620 3763
f 570 11021 620
f 570 5229 5226
f 570 5226 7318
f 570 7318 11021
f 571 5226 2327
f 571 7318 5226
f 9714 574 572
f 10964 572 574
f 2231 572 2230
f 2258 2230 572
f 9714 572 2231
f 10964 2258 572
f 573 7533 7544
f 9795 7533 573
f 7543 7534 573
f 9795 573 7534
f 7543 573 7541
f 573 7544 7541
f 7904 2254 574
f 10964 574 2254
f 7904 574 4979
f 9714 4979 574
f 8477 575 1446
f 575 9977 1446
f 7409 575 4423
f 8477 4423 575
f 7409 9977 575
f 9715 576 577
f 10966 577 576
f 9328 2269 576
f 2269 10966 576
f 9328 576 9715
f 9715 577 4994
f 10969 4994 577
f 10966 10968 577
f 10968 10969 577
f 1264 1262 578
f 1262 9716 578
f 1264 578 2240
f 9719 2240 578
f 9716 9718 578
f 9718 9719 578
f 579 634 7521
f 579 7522 634
f 6975 7522 579
f 2235 580 2236
f 9718 580 2235
f 580 2270 2236
f 9716 2270 580
f 9716 580 9718
f 9040 2244 581
f 581 2244 10960
f 10949 9040 581
f 9719 10949 581
f 9719 581 10952
f 581 10960 10952
f 9720 585 582
f 585 10308 582
f 1415 1685 582
f 10306 1415 582
f 9720 582 1685
f 10306 582 10308
f 3653 583 1685
f 9720 1685 583
f 9720 583 2279
f 10980 2279 583
f 3653 2280 583
f 10980 583 2280
f 584 7152 656
f 584 656 7180
f 584 7150 7153
f 584 7175 7150
f 584 7153 7152
f 584 7180 7175
f 585 2283 10308
f 585 10983 2283
f 9720 2330 585
f 2330 10983 585
f 586 1310 1312
f 10306 1310 586
f 3651 586 1312
f 586 3649 1415
f 10306 586 1415
f 3651 3649 586
f 589 7289 587
f 589 587 9723
f 2207 587 7284
f 2207 7285 587
f 587 10166 7284
f 587 7285 9723
f 587 7289 10166
f 604 588 608
f 604 2331 588
f 608 588 7285
f 2331 2329 588
f 2329 9723 588
f 588 9723 7285
f 6352 589 6350
f 6352 7289 589
f 7322 590 592
f 590 9724 592
f 590 3689 3688
f 9726 590 3688
f 7322 3689 590
f 9726 9724 590
f 1123 5085 591
f 10942 1123 591
f 591 5085 1353
f 591 1353 9724
f 9726 2226 591
f 10942 591 2226
f 9726 591 9724
f 592 1355 10106
f 592 10341 1355
f 7322 592 10106
f 592 9724 10341
f 7504 593 7515
f 7504 7516 593
f 7516 7513 593
f 593 7513 9810
f 7514 7515 593
f 7514 593 9810
f 596 1307 594
f 596 594 9727
f 4933 594 1307
f 4933 4935 594
f 4935 4934 594
f 4934 9727 594
f 595 1008 4846
f 595 11652 1008
f 2873 595 1014
f 595 4809 1014
f 2873 11652 595
f 595 4846 4809
f 596 3696 1307
f 6379 3696 596
f 6379 596 3697
f 596 9727 3697
f 597 598 599
f 597 4870 598
f 597 599 2207
f 597 2207 10165
f 597 3840 4870
f 597 10165 3840
f 598 611 599
f 598 4936 611
f 598 4934 1120
f 598 1120 4936
f 598 4870 4934
f 599 611 608
f 599 608 7285
f 599 7285 2207
f 600 4881 601
f 600 601 9737
f 2295 600 9737
f 2295 10994 600
f 600 3712 4881
f 600 10994 3712
f 601 4881 605
f 9734 601 605
f 9734 9736 601
f 601 9736 9737
f 1236 1237 602
f 1236 602 6468
f 602 1237 6467
f 602 1320 6468
f 602 6471 1320
f 602 6467 6471
f 603 604 9734
f 9745 604 603
f 603 605 4883
f 603 9734 605
f 9745 603 4883
f 604 608 606
f 604 606 9734
f 9745 2331 604
f 605 4881 4886
f 4883 605 4886
f 606 608 611
f 606 611 610
f 606 610 9736
f 9734 606 9736
f 607 11498 2795
f 607 2795 11507
f 607 2796 11500
f 607 11511 2796
f 607 11502 11498
f 607 11500 11502
f 607 11507 11511
f 4936 609 610
f 609 9738 610
f 609 612 9738
f 609 9739 612
f 4936 9739 609
f 4936 610 611
f 610 9738 9736
f 612 2912 7301
f 612 9739 2912
f 612 7301 10995
f 612 10995 9738
f 9740 616 613
f 10977 613 616
f 613 2270 2271
f 10977 2270 613
f 615 614 617
f 9740 614 615
f 614 5798 617
f 5799 5798 614
f 7644 5799 614
f 615 617 7661
f 615 7661 2288
f 10986 615 2288
f 9740 615 10986
f 10977 616 2273
f 10985 2273 616
f 9740 10986 616
f 10985 616 10986
f 7666 617 5798
f 7661 617 7664
f 7664 617 7665
f 7665 617 7666
f 618 6887 6886
f 7498 618 6886
f 7502 6887 618
f 7498 9822 618
f 7501 7502 618
f 7501 618 9822
f 3154 619 4884
f 3154 5044 619
f 9742 4884 619
f 5044 9746 619
f 9743 9742 619
f 9743 619 9746
f 620 4875 3763
f 620 9746 4875
f 9743 9746 620
f 9743 620 11021
f 3754 621 3125
f 621 5044 3125
f 3754 4874 621
f 621 4874 4875
f 621 4875 9746
f 621 9746 5044
f 624 622 9747
f 9749 622 624
f 3190 625 622
f 9747 622 625
f 3190 622 9753
f 9749 9753 622
f 623 10745 1946
f 10750 623 1946
f 5310 9748 623
f 5310 623 10750
f 9748 9747 623
f 623 9747 10745
f 9748 2720 624
f 10742 624 2720
f 9748 624 9747
f 10742 9749 624
f 3190 10744 625
f 9747 625 10745
f 10744 10745 625
f 626 760 9881
f 626 9889 760
f 626 9882 9754
f 626 9754 9888
f 626 9881 9882
f 626 9888 9889
f 627 5140 778
f 627 778 9755
f 5167 5140 627
f 5167 627 9754
f 627 9755 9754
f 628 765 764
f 628 764 9888
f 628 9896 765
f 9755 628 9754
f 9754 628 9888
f 9755 9896 628
f 2510 2509 629
f 2509 5136 629
f 2510 629 9882
f 5167 629 5136
f 5167 9882 629
f 631 9355 630
f 631 630 11023
f 630 5256 5150
f 11023 630 5150
f 11023 3171 631
f 632 5127 633
f 632 4445 5127
f 5540 633 5127
f 633 5397 5407
f 5540 5397 633
f 634 7520 7521
f 7544 7520 634
f 7541 634 7522
f 7544 634 7541
f 2379 636 635
f 636 9757 635
f 2363 635 637
f 637 635 9757
f 2363 638 635
f 2379 635 638
f 2374 1512 636
f 1512 9757 636
f 2374 636 2373
f 2373 636 2380
f 2380 636 2379
f 639 3329 637
f 639 637 9757
f 2363 637 11059
f 637 3329 11059
f 2363 11057 638
f 2382 2379 638
f 2381 2382 638
f 2381 638 11057
f 639 9757 2370
f 639 2370 9759
f 5048 3329 639
f 5048 639 9759
f 640 651 9759
f 11053 651 640
f 2369 11054 640
f 2369 640 11063
f 11063 640 9759
f 11053 640 11054
f 644 643 641
f 643 9412 641
f 644 641 645
f 645 641 646
f 642 643 644
f 642 11259 643
f 7203 642 644
f 5207 818 642
f 642 818 11259
f 7203 5207 642
f 1443 9412 643
f 11259 1443 643
f 644 645 5208
f 5205 644 5208
f 5205 7203 644
f 9763 645 646
f 7200 5208 645
f 7200 645 9763
f 9763 646 9768
f 6472 5183 647
f 5183 7426 647
f 5184 647 5187
f 6472 647 5184
f 5187 647 9945
f 7426 9945 647
f 648 9768 649
f 2359 648 650
f 9767 648 2359
f 9767 9768 648
f 11051 650 680
f 11051 2359 650
f 1093 9799 651
f 11053 1093 651
f 5048 9759 651
f 5048 651 9797
f 651 9799 9797
f 658 1388 652
f 658 652 9772
f 2385 652 1388
f 3768 652 2385
f 3768 2386 652
f 9772 652 2386
f 653 657 654
f 653 654 2387
f 9781 657 653
f 653 2387 6443
f 653 6443 9780
f 9781 653 9780
f 654 657 2376
f 654 2376 9772
f 654 11082 2387
f 654 9772 11082
f 655 6296 6295
f 655 6295 6298
f 655 6303 6296
f 655 6298 6300
f 11411 655 6300
f 11411 6303 655
f 656 7152 7176
f 656 7174 7180
f 2377 2376 657
f 2377 657 2378
f 9781 2378 657
f 5084 1388 658
f 4292 658 2376
f 658 9772 2376
f 4292 5084 658
f 659 9778 9779
f 659 9782 9778
f 11073 659 9779
f 9781 9780 659
f 659 9780 9782
f 9781 659 11073
f 4354 660 6995
f 4354 6996 660
f 660 6993 6992
f 6995 660 6992
f 6994 6993 660
f 6996 6994 660
f 661 9130 9132
f 661 9134 9130
f 661 9132 9131
f 661 9131 9136
f 661 9135 9134
f 661 9136 9135
f 1281 1267 662
f 662 1267 6595
f 3933 1281 662
f 3933 662 6592
f 6592 662 11087
f 11087 662 6595
f 674 663 3896
f 6504 663 674
f 3896 663 6520
f 6504 9133 663
f 663 9134 6520
f 663 9133 9134
f 5344 7463 664
f 5344 664 10121
f 5345 664 7463
f 5345 7633 664
f 5346 664 7633
f 5346 10121 664
f 2377 665 4292
f 9787 665 2377
f 4292 665 5083
f 4384 5083 665
f 4384 665 9786
f 9787 9786 665
f 11060 666 2366
f 2366 666 11061
f 9787 2378 666
f 11073 666 2378
f 9787 666 11060
f 666 11076 11061
f 11073 11076 666
f 6357 668 667
f 9788 667 668
f 667 8657 6341
f 667 6341 11352
f 6357 667 11352
f 9788 8657 667
f 6358 3746 668
f 3746 10704 668
f 6357 6358 668
f 10704 9788 668
f 669 9788 3745
f 669 3745 10399
f 669 3764 3772
f 669 10399 3764
f 3771 669 3772
f 3771 9788 669
f 2203 2202 670
f 670 2202 5215
f 2203 670 11080
f 5216 670 5215
f 5216 9790 670
f 9790 11080 670
f 672 11080 671
f 9790 671 11080
f 6441 11080 672
f 673 11093 676
f 9981 673 9791
f 9981 11414 673
f 673 11414 11093
f 6505 674 3896
f 6500 6503 674
f 6500 674 6505
f 6503 6504 674
f 10008 2351 675
f 675 2351 11047
f 675 11047 2391
f 11412 675 2391
f 2711 10008 675
f 2711 675 11412
f 9796 679 676
f 11084 676 679
f 11093 9796 676
f 9796 677 681
f 677 11047 681
f 2712 2391 677
f 2391 11047 677
f 2712 677 11093
f 11093 677 9796
f 1299 679 678
f 3302 678 679
f 9797 1299 678
f 5047 3242 678
f 3242 9797 678
f 5047 678 3302
f 11084 679 1299
f 3302 679 9796
f 680 2389 1093
f 11051 680 1093
f 680 11088 2389
f 10027 681 2339
f 2339 681 11047
f 9801 2372 682
f 2372 11064 682
f 9710 9801 682
f 683 2372 9801
f 683 11066 2372
f 11048 683 9802
f 11048 11066 683
f 2352 684 685
f 684 7107 685
f 2352 11049 684
f 7107 684 5200
f 684 9802 5200
f 11048 9802 684
f 11048 684 11049
f 2352 685 7186
f 685 7107 7439
f 685 7123 7186
f 685 7439 7123
f 690 686 688
f 11100 688 686
f 690 9804 686
f 11236 686 9804
f 699 698 687
f 698 9806 687
f 699 687 2407
f 2401 2405 687
f 2401 687 9806
f 2405 2407 687
f 690 688 689
f 689 688 9806
f 2401 9806 688
f 11100 2401 688
f 690 689 9807
f 9375 9807 689
f 9808 9804 690
f 9808 690 9807
f 691 3784 1419
f 10390 691 1419
f 691 8304 3784
f 8306 8304 691
f 8305 8306 691
f 10390 8305 691
f 9813 694 692
f 9817 692 694
f 9812 9667 692
f 9817 9812 692
f 702 693 700
f 700 693 9821
f 703 693 702
f 703 2997 693
f 9814 693 2997
f 9814 9821 693
f 9814 2997 694
f 694 2997 11672
f 9817 694 2998
f 694 11672 2998
f 9814 694 9813
f 2410 2411 695
f 11810 2410 695
f 9819 695 2411
f 6132 695 8456
f 6132 11810 695
f 9819 8456 695
f 9819 696 697
f 9824 697 696
f 2936 696 2933
f 2933 696 9819
f 2936 11625 696
f 9824 696 11625
f 707 8453 697
f 9824 707 697
f 8453 8456 697
f 9819 697 8456
f 699 700 698
f 700 9821 698
f 699 1406 700
f 701 1406 699
f 8452 701 699
f 8452 699 2407
f 702 700 1406
f 707 706 701
f 706 1406 701
f 707 701 8454
f 8452 8454 701
f 705 703 702
f 705 702 704
f 704 702 1406
f 705 11670 703
f 703 2989 2997
f 703 11670 2989
f 705 704 1037
f 708 704 706
f 706 704 1406
f 708 10087 704
f 704 10087 1037
f 705 1037 11687
f 705 11687 11670
f 9824 706 707
f 9824 708 706
f 707 8454 8453
f 9824 11625 708
f 708 11625 10087
f 709 9826 710
f 709 8486 9826
f 710 9826 9387
f 713 5142 711
f 713 711 9827
f 719 711 5142
f 719 9833 711
f 9827 711 9828
f 9828 711 9833
f 714 712 9828
f 714 9829 712
f 712 5114 5116
f 712 9829 5114
f 712 5116 9827
f 712 9827 9828
f 713 773 781
f 713 9827 773
f 713 781 5139
f 713 5139 5142
f 714 715 767
f 714 9828 715
f 714 767 768
f 714 768 9829
f 715 717 766
f 715 9833 717
f 715 766 767
f 715 9828 9833
f 3445 1440 716
f 1440 7824 716
f 9415 3445 716
f 3446 3447 716
f 3446 716 7824
f 9415 716 3447
f 718 9831 717
f 718 717 9833
f 717 7413 766
f 7413 717 9831
f 718 719 721
f 718 9833 719
f 718 721 9831
f 719 5141 721
f 719 5142 5141
f 1395 3714 720
f 1395 720 10363
f 720 3714 11241
f 6447 3715 720
f 720 3715 10363
f 6447 720 11241
f 721 5141 5144
f 721 5144 5228
f 721 5228 9831
f 1237 722 6125
f 722 1237 10401
f 3847 1437 722
f 6124 722 1437
f 3847 722 10401
f 722 6124 6127
f 722 6127 6125
f 723 9839 2419
f 723 2419 11120
f 723 9838 9839
f 723 11035 9838
f 723 11037 11035
f 723 11120 11037
f 724 11033 726
f 9839 9838 724
f 9838 11033 724
f 9840 9839 724
f 2414 9844 725
f 2414 725 11193
f 9844 9840 725
f 725 11192 11191
f 725 11191 11193
f 1770 726 11029
f 726 11031 11029
f 726 11033 11031
f 9841 2422 727
f 727 2422 11122
f 9841 727 11192
f 727 11122 11129
f 727 11129 11192
f 1770 728 2338
f 1770 11029 728
f 11025 728 2337
f 2337 728 11030
f 11025 2338 728
f 11029 11030 728
f 2553 731 729
f 9845 729 731
f 2553 729 815
f 5163 815 729
f 5778 5163 729
f 9845 5778 729
f 9848 732 730
f 9870 730 732
f 9845 730 9379
f 9870 9379 730
f 9845 9848 730
f 2552 2540 731
f 2540 9848 731
f 2552 731 2553
f 9845 731 9848
f 2541 3706 732
f 2541 732 9848
f 9875 732 3706
f 732 9875 9870
f 735 9850 733
f 9927 735 733
f 733 737 740
f 733 9850 737
f 733 740 812
f 9927 733 812
f 734 791 735
f 9927 734 735
f 734 9395 791
f 9927 9849 734
f 735 791 2434
f 735 2434 9850
f 812 811 736
f 811 11103 736
f 9927 812 736
f 736 2403 9849
f 11103 2403 736
f 9927 736 9849
f 9854 740 737
f 9909 737 9850
f 9906 9854 737
f 9909 9906 737
f 738 5078 788
f 738 788 9909
f 738 2434 2433
f 738 2433 5078
f 738 9850 2434
f 738 9909 9850
f 9399 739 742
f 9854 742 739
f 739 6161 813
f 9928 739 813
f 6161 739 9399
f 9928 9854 739
f 9928 812 740
f 9928 740 9854
f 741 742 786
f 741 9399 742
f 741 786 9857
f 741 5170 9399
f 9906 786 742
f 9906 742 9854
f 744 9858 743
f 11233 744 743
f 793 743 9858
f 9912 743 793
f 9912 9911 743
f 9911 11233 743
f 744 2456 2461
f 11233 2456 744
f 11159 744 2461
f 11159 9858 744
f 8000 745 1684
f 10779 1684 745
f 8000 10541 745
f 8209 8212 745
f 8209 745 10541
f 10779 745 8212
f 4344 2453 746
f 2453 11044 746
f 4344 746 9860
f 9859 9860 746
f 9859 746 11043
f 746 11044 11043
f 6028 747 3372
f 3372 747 11855
f 6037 3378 747
f 747 3378 11855
f 6028 6034 747
f 6034 6037 747
f 5079 2435 748
f 9860 748 2435
f 5079 748 3924
f 9859 3924 748
f 9859 748 9860
f 789 5098 749
f 789 749 9907
f 749 5098 5100
f 11176 749 5100
f 2431 11141 750
f 2431 750 11201
f 750 2502 2501
f 750 2501 11201
f 750 2503 2502
f 750 9863 2503
f 750 11141 9863
f 751 2432 4709
f 751 11141 2432
f 5093 751 4709
f 5093 9862 751
f 751 9862 9863
f 751 9863 11141
f 2412 2496 752
f 11113 2412 752
f 752 2496 2503
f 752 2503 9863
f 752 9863 9862
f 11113 752 9862
f 2415 9865 753
f 2415 753 11118
f 2420 753 4453
f 2420 11118 753
f 753 9865 4453
f 754 2500 755
f 11138 2500 754
f 11138 754 9869
f 755 2500 11197
f 755 11197 9868
f 756 5881 5602
f 6685 756 5602
f 5603 5883 756
f 6685 5603 756
f 756 5877 5881
f 756 5883 5877
f 9875 1089 757
f 9880 757 1089
f 9875 757 9870
f 9880 9873 757
f 758 2504 2505
f 5435 2504 758
f 11208 758 2505
f 5435 758 9885
f 758 9887 9885
f 11208 9887 758
f 2511 2510 759
f 2510 9881 759
f 11208 2511 759
f 759 9881 9887
f 11208 759 9887
f 760 9887 9881
f 760 9884 9885
f 760 9889 9884
f 760 9885 9887
f 764 761 9888
f 764 11221 761
f 9889 761 2514
f 11220 2514 761
f 9889 9888 761
f 11220 761 11221
f 5149 762 2515
f 762 9884 2515
f 5149 5435 762
f 5435 9885 762
f 762 9885 9884
f 7997 2108 763
f 763 2108 10861
f 4524 763 4585
f 4524 7997 763
f 7236 4585 763
f 7236 763 10861
f 2528 764 765
f 2528 11221 764
f 774 2528 765
f 774 765 9895
f 9898 9895 765
f 9898 765 9896
f 767 766 8496
f 7413 8494 766
f 766 8494 8496
f 767 7414 768
f 767 8496 7414
f 768 5162 769
f 9829 768 769
f 768 7414 5162
f 771 769 770
f 5159 770 769
f 9829 769 771
f 5159 769 5162
f 771 770 7416
f 2548 770 5159
f 2548 7415 770
f 7415 7416 770
f 9391 5114 771
f 9829 771 5114
f 771 7416 5926
f 9391 771 5926
f 773 772 4995
f 9827 772 773
f 772 5117 4995
f 5116 5117 772
f 9827 5116 772
f 5109 781 773
f 5109 773 4995
f 2528 774 2529
f 2529 774 2532
f 2532 774 9895
f 5780 5781 775
f 5780 775 5787
f 5781 5782 775
f 5782 5788 775
f 775 7021 5787
f 775 5788 7021
f 1052 2531 776
f 1052 776 5112
f 2531 9895 776
f 776 9899 5112
f 776 9895 9898
f 776 9898 9899
f 779 777 778
f 9755 778 777
f 779 9899 777
f 9755 777 9896
f 9898 9896 777
f 9898 777 9899
f 781 779 778
f 781 778 5140
f 5109 779 781
f 5109 5110 779
f 5110 9899 779
f 780 1353 10339
f 780 10341 1353
f 780 6375 1355
f 780 1355 10341
f 780 11339 6375
f 780 10339 6377
f 780 6377 11339
f 781 5140 5139
f 5115 782 5119
f 782 5121 5119
f 782 9900 5121
f 782 9901 9900
f 5071 783 784
f 783 9393 784
f 5071 9900 783
f 9900 9901 783
f 5124 5071 784
f 5124 784 5125
f 785 2536 9911
f 785 11235 2536
f 785 9904 2537
f 785 2537 11235
f 785 9910 9904
f 785 9911 9910
f 5097 786 787
f 9906 787 786
f 5097 9907 786
f 9857 786 9907
f 4152 787 788
f 9909 788 787
f 4152 5097 787
f 9909 787 9906
f 4152 788 5076
f 788 5078 5076
f 4152 4117 789
f 4117 5077 789
f 4152 789 5097
f 789 5077 5098
f 5097 789 9907
f 9912 792 790
f 790 792 11144
f 9912 790 9910
f 9913 790 11144
f 9913 2434 791
f 9913 791 9395
f 9912 793 792
f 9915 792 793
f 9915 794 792
f 792 794 11145
f 792 11145 11144
f 9915 793 9858
f 794 4283 5078
f 794 11160 4283
f 794 5078 11145
f 9915 11160 794
f 795 9916 797
f 11133 795 797
f 795 2428 803
f 795 803 11240
f 11133 2428 795
f 795 11240 9916
f 796 1032 3886
f 9917 1032 796
f 796 3860 3790
f 9917 796 3790
f 796 3886 3860
f 797 2552 11134
f 797 11245 2552
f 797 9916 11245
f 11133 797 11134
f 798 1901 9918
f 798 10714 1901
f 798 2549 10715
f 798 11250 2549
f 798 9918 11250
f 798 10715 10714
f 799 800 9918
f 799 9921 800
f 2542 9922 799
f 2542 799 11247
f 799 9918 10713
f 799 9922 9921
f 799 10713 11247
f 11136 5179 800
f 800 5179 11250
f 800 11250 9918
f 11135 800 9921
f 11135 11136 800
f 801 2428 9921
f 801 9923 2428
f 801 5440 9923
f 11146 5440 801
f 801 9921 9922
f 11146 801 9922
f 7663 802 7002
f 7002 802 10546
f 7663 8289 802
f 7680 802 8289
f 7680 8291 802
f 8291 10546 802
f 803 2428 9923
f 11174 803 9923
f 803 11174 11242
f 803 11242 11240
f 1283 935 804
f 804 935 3822
f 1283 804 2099
f 804 3829 2099
f 804 3822 3829
f 805 3574 5060
f 5062 3574 805
f 805 5060 3670
f 805 3670 11242
f 5062 805 11174
f 805 11242 11174
f 809 807 806
f 814 806 807
f 809 806 7392
f 814 5176 806
f 806 5176 7393
f 806 7393 7392
f 809 2408 807
f 810 807 811
f 810 814 807
f 807 2408 811
f 1139 808 5489
f 11784 808 1139
f 5772 1833 808
f 11935 808 1833
f 11935 5489 808
f 11784 5772 808
f 809 11105 2408
f 809 7396 5173
f 809 5173 11105
f 809 7392 7396
f 812 810 811
f 9928 810 812
f 813 814 810
f 9928 813 810
f 2408 11103 811
f 813 5176 814
f 5174 5176 813
f 5174 813 6161
f 2553 815 6242
f 5166 815 5163
f 5166 5823 815
f 6242 815 5823
f 11322 816 2555
f 2555 816 11393
f 2637 9933 816
f 2637 816 11322
f 817 2635 2634
f 10527 817 2634
f 817 11319 2635
f 817 9933 11319
f 9935 2568 818
f 11259 818 2568
f 5207 9934 818
f 9934 9935 818
f 819 5206 837
f 819 837 9934
f 819 2600 5206
f 819 7208 2600
f 819 5207 7208
f 819 9934 5207
f 5184 820 5193
f 5184 6421 820
f 5193 820 9936
f 6421 9935 820
f 9936 820 9935
f 821 837 5197
f 821 9934 837
f 821 5199 5192
f 821 5192 9936
f 821 5197 5199
f 821 9936 9934
f 826 825 822
f 9937 822 825
f 826 822 5737
f 822 10137 5737
f 9937 10133 822
f 822 10133 10137
f 2841 823 1087
f 9939 1087 823
f 11544 823 2841
f 9939 823 9938
f 11545 9938 823
f 11544 11545 823
f 824 1083 10133
f 824 11549 1083
f 824 11543 2845
f 824 2845 11549
f 9938 824 9937
f 9937 824 10133
f 9938 11543 824
f 826 829 825
f 825 829 828
f 9939 825 828
f 9939 9937 825
f 826 8517 829
f 826 5737 5734
f 8517 826 5734
f 1345 1344 827
f 1344 7728 827
f 10114 1345 827
f 7728 8286 827
f 10114 827 8286
f 1084 828 829
f 1084 1085 828
f 10139 828 1085
f 9939 828 10139
f 1084 829 6919
f 1086 6919 829
f 1086 829 8517
f 2590 831 830
f 831 9940 830
f 833 2824 830
f 9940 833 830
f 2589 2590 830
f 2589 830 2824
f 2590 8524 831
f 831 8522 8521
f 831 8521 9940
f 831 8524 8522
f 9940 832 833
f 9942 833 832
f 9940 1082 832
f 1082 10134 832
f 9942 832 10131
f 832 10134 10131
f 834 2823 833
f 9942 834 833
f 833 2823 2824
f 834 960 2823
f 834 5380 960
f 11529 5380 834
f 11529 834 9942
f 5686 5691 835
f 5686 835 5692
f 5691 5693 835
f 835 5694 5692
f 835 5693 9698
f 835 9698 5694
f 836 6963 5196
f 6988 836 5196
f 6988 5197 836
f 836 5197 9943
f 6854 6963 836
f 6854 836 9943
f 837 9943 5197
f 5206 9943 837
f 11280 2602 838
f 838 2602 11288
f 838 5194 6963
f 838 11288 5194
f 6854 838 6963
f 6854 11280 838
f 840 839 2211
f 840 10153 839
f 860 839 859
f 859 839 10153
f 860 2212 839
f 839 2212 2211
f 840 5030 1106
f 840 1106 10153
f 840 2211 2214
f 840 2214 5030
f 854 841 850
f 850 841 1104
f 854 853 841
f 859 841 853
f 859 10153 841
f 841 10153 1104
f 866 843 842
f 842 843 5237
f 866 842 867
f 5234 842 5237
f 866 11293 843
f 5236 5237 843
f 5236 843 11293
f 845 844 2212
f 845 4879 844
f 844 3744 2210
f 844 2210 10926
f 844 10926 2212
f 844 4879 3744
f 847 846 845
f 846 4879 845
f 860 847 845
f 860 845 2212
f 847 1296 846
f 849 846 848
f 848 846 1296
f 849 4879 846
f 864 847 860
f 865 847 864
f 865 1296 847
f 848 1296 1383
f 1950 848 1383
f 3754 849 4874
f 3754 4879 849
f 854 850 852
f 850 5675 852
f 850 1104 10151
f 850 10151 5675
f 851 1105 5679
f 851 10151 1105
f 851 3084 5676
f 851 5679 3084
f 851 5676 5675
f 851 5675 10151
f 854 852 9946
f 2309 855 852
f 855 9946 852
f 2309 852 5675
f 854 9947 853
f 857 2607 853
f 857 853 9947
f 859 853 2607
f 854 9946 9947
f 2307 2304 855
f 2304 11006 855
f 2307 855 2309
f 855 11006 9946
f 856 2594 2593
f 856 2593 9947
f 856 11006 2594
f 856 9947 9946
f 856 9946 11006
f 857 9947 2593
f 857 2593 11296
f 857 2606 2607
f 857 2608 2606
f 857 11296 2608
f 858 4893 1832
f 4893 858 3477
f 860 859 2607
f 864 860 2607
f 4191 5656 861
f 4191 861 5657
f 861 5647 5648
f 861 5655 5647
f 861 5648 5657
f 861 5656 5655
f 1233 862 4210
f 1233 10244 862
f 6890 1235 862
f 10553 862 1235
f 10553 4210 862
f 6890 862 10244
f 863 5655 5118
f 863 5118 5659
f 863 5633 5654
f 863 5659 5633
f 863 5654 5647
f 863 5647 5655
f 865 864 871
f 864 2606 871
f 864 2607 2606
f 869 865 871
f 869 1383 865
f 865 1383 1296
f 866 867 869
f 866 869 868
f 866 868 11293
f 867 1383 869
f 867 1950 1383
f 869 9950 868
f 2604 868 9951
f 2604 11293 868
f 868 9950 9951
f 869 871 9950
f 5453 870 5454
f 11373 870 5453
f 5465 5454 870
f 11373 5463 870
f 5463 11644 870
f 5465 870 11644
f 871 2606 2608
f 871 2608 9950
f 9952 874 872
f 11472 872 874
f 9952 872 10638
f 10635 872 10636
f 10635 10638 872
f 10636 872 11472
f 873 9952 6911
f 873 6911 11466
f 7421 9953 873
f 7421 873 11467
f 873 9953 9952
f 11467 873 11466
f 9953 7420 874
f 11473 874 7420
f 9952 9953 874
f 11472 874 11473
f 875 878 9954
f 10058 878 875
f 2932 875 2931
f 875 9954 2931
f 10058 875 2932
f 876 877 9954
f 876 10094 877
f 876 878 2816
f 876 9954 878
f 876 2816 2814
f 876 2814 10094
f 877 1038 9954
f 877 10090 1038
f 877 1039 10090
f 877 10094 1039
f 878 2815 2816
f 10058 2815 878
f 882 9956 879
f 882 879 9957
f 2410 879 2411
f 2410 11761 879
f 2411 879 9956
f 879 11761 9957
f 881 1270 880
f 881 880 11626
f 2941 880 1270
f 2938 880 2942
f 11626 880 2938
f 2941 2942 880
f 881 9956 1270
f 2933 2411 881
f 881 2411 9956
f 2937 2933 881
f 2937 881 11626
f 2943 2944 882
f 10055 2943 882
f 2944 9956 882
f 10055 882 9957
f 5481 991 883
f 883 991 9957
f 883 5475 5480
f 883 9957 5475
f 883 5480 5479
f 5481 883 5479
f 886 885 884
f 885 11463 884
f 9961 885 886
f 2744 885 9961
f 2744 11463 885
f 2577 886 2578
f 9961 886 2577
f 9961 2577 887
f 11269 887 2577
f 9961 887 2626
f 11270 2626 887
f 11270 887 11269
f 910 911 888
f 910 888 9979
f 888 9965 9963
f 888 9963 9979
f 892 9962 889
f 892 889 9964
f 889 9965 894
f 889 894 9968
f 889 9962 9965
f 889 9968 9964
f 890 933 9963
f 10009 933 890
f 890 9962 938
f 10012 890 938
f 890 9963 9962
f 10009 890 10012
f 2627 891 895
f 895 891 9422
f 2627 9964 891
f 9968 891 9964
f 10014 892 2730
f 892 11309 2730
f 10014 9962 892
f 892 9964 11309
f 894 9407 893
f 9968 894 893
f 2627 895 2629
f 9970 2629 895
f 896 5565 8574
f 896 8589 5565
f 896 8574 8583
f 896 8583 8585
f 896 8585 8584
f 896 8584 8589
f 1714 897 5278
f 1714 5293 897
f 897 5294 5278
f 897 5293 5292
f 897 5292 5295
f 897 5295 5294
f 1765 5278 898
f 11634 1765 898
f 898 9025 2949
f 11634 898 2949
f 898 5278 5277
f 898 5277 9025
f 1714 1765 899
f 1714 899 5282
f 11636 899 1765
f 899 7496 5282
f 899 7497 7496
f 11636 7497 899
f 900 901 9972
f 900 11379 901
f 900 8298 2680
f 900 2680 11379
f 900 11365 8298
f 900 9972 11365
f 901 903 9972
f 901 11378 903
f 901 11376 11378
f 901 11379 11376
f 902 8188 2676
f 902 2676 11365
f 902 8266 8188
f 902 9974 8266
f 902 9972 9974
f 902 11365 9972
f 11373 903 5463
f 5463 903 11378
f 903 9974 9972
f 11373 9974 903
f 5461 2685 905
f 2685 9139 905
f 5443 905 5458
f 5443 11519 905
f 5458 905 9139
f 5461 905 11519
f 906 911 910
f 9976 906 910
f 9976 9989 906
f 1047 907 1044
f 1049 1044 907
f 3023 907 1047
f 1049 907 1048
f 3017 1048 907
f 3023 3017 907
f 908 909 912
f 9976 909 908
f 908 912 921
f 9976 908 919
f 919 908 9998
f 908 921 9998
f 9976 910 909
f 909 910 9979
f 909 9979 912
f 9993 921 912
f 912 9979 933
f 9993 912 933
f 9981 915 913
f 9982 913 915
f 9982 916 913
f 9983 913 916
f 9981 913 11414
f 9983 11414 913
f 9981 914 915
f 915 914 9988
f 918 914 9985
f 918 9988 914
f 9981 9791 914
f 9791 9985 914
f 930 9982 915
f 930 915 9988
f 917 916 2715
f 9983 916 917
f 2715 916 2716
f 2716 916 9982
f 2712 9983 917
f 2712 917 11412
f 917 2715 11413
f 917 11413 11412
f 919 9988 918
f 919 918 9989
f 9976 919 9989
f 919 9998 9988
f 927 921 920
f 9993 920 921
f 928 920 925
f 920 932 925
f 928 927 920
f 9993 932 920
f 927 9998 921
f 922 923 924
f 928 923 922
f 922 924 2726
f 928 922 2729
f 922 2726 2728
f 922 2728 2729
f 923 926 924
f 928 925 923
f 10005 923 925
f 10005 926 923
f 924 926 11441
f 2724 2726 924
f 2724 924 11441
f 10004 925 932
f 10005 925 10004
f 10005 937 926
f 926 937 11439
f 926 11439 11441
f 928 2729 927
f 931 927 2729
f 931 9998 927
f 2708 929 11405
f 2708 11427 929
f 929 9995 2728
f 929 2728 11406
f 929 11427 9995
f 929 11406 11405
f 931 930 9998
f 931 11426 930
f 930 11426 9982
f 930 9988 9998
f 931 2729 9995
f 931 9995 11426
f 10004 932 936
f 10009 936 932
f 10009 932 9993
f 9963 933 9979
f 10009 9993 933
f 934 2686 1465
f 934 1465 11375
f 5460 2686 934
f 5460 934 5442
f 934 5461 5442
f 934 11375 5461
f 1283 6478 935
f 11206 3822 935
f 3823 3824 935
f 3823 935 6478
f 11206 935 3824
f 2695 936 1007
f 10012 1007 936
f 10004 936 2695
f 10009 10012 936
f 2698 937 11396
f 2698 11439 937
f 10005 2699 937
f 11396 937 2699
f 10011 938 939
f 10014 939 938
f 10014 938 9962
f 10011 10012 938
f 9930 2731 939
f 10010 939 2731
f 10014 9930 939
f 10010 10011 939
f 10011 940 1007
f 11399 1007 940
f 10010 2733 940
f 11451 940 2733
f 10010 940 10011
f 11451 11399 940
f 5368 941 2811
f 941 10029 2811
f 5368 10145 941
f 10015 10030 941
f 10015 941 10145
f 941 10030 10029
f 942 1090 947
f 10016 942 947
f 942 1097 1090
f 10016 1096 942
f 942 1096 10144
f 942 10144 1097
f 10019 943 9438
f 10019 11515 943
f 10024 943 11515
f 10018 944 10017
f 10019 10017 944
f 10022 944 10018
f 10018 2870 945
f 945 2870 11657
f 10022 945 3032
f 945 11707 3032
f 10022 10018 945
f 945 11657 11707
f 946 3034 1691
f 10072 946 1691
f 10022 3032 946
f 3032 11705 946
f 946 11705 3034
f 947 2807 948
f 10016 947 948
f 10024 947 1090
f 10024 2807 947
f 2807 10026 948
f 9428 948 10026
f 2807 949 10026
f 11515 949 2807
f 2808 10117 949
f 11515 2808 949
f 10116 10026 949
f 10117 10116 949
f 2811 10029 950
f 11518 2811 950
f 950 2834 2837
f 950 10029 2834
f 11518 950 2837
f 2834 951 2835
f 2834 10029 951
f 9427 951 10030
f 951 10029 10030
f 957 952 2611
f 10034 952 957
f 10032 1058 952
f 11303 952 1058
f 11303 2611 952
f 10034 10032 952
f 1077 954 953
f 10032 953 954
f 2835 953 10034
f 10034 953 10032
f 10032 954 1059
f 10128 1059 954
f 1077 10130 954
f 10130 10128 954
f 10034 956 955
f 10036 955 956
f 2834 2835 955
f 11537 2834 955
f 2835 10034 955
f 11537 955 10036
f 2819 956 957
f 10034 957 956
f 2819 2820 956
f 10036 956 2820
f 957 2611 2610
f 2819 957 2610
f 10039 959 958
f 11524 958 959
f 958 2822 2821
f 10039 958 2821
f 958 10574 2822
f 11524 10574 958
f 961 2584 959
f 961 959 10039
f 2584 2586 959
f 11524 959 2586
f 11524 2823 960
f 960 5380 5378
f 960 5378 10574
f 11524 960 10574
f 11272 2584 961
f 11272 961 11266
f 10060 997 962
f 9432 11532 962
f 10060 962 11533
f 11533 962 11532
f 11525 2845 963
f 11546 963 2845
f 10044 11526 963
f 963 11546 10044
f 11526 11525 963
f 964 2829 965
f 10044 964 965
f 964 967 2829
f 10046 967 964
f 10044 2846 964
f 10046 964 2846
f 965 2829 2830
f 11528 965 2830
f 10044 965 11526
f 11528 11526 965
f 966 972 967
f 10046 966 967
f 968 966 10046
f 10047 966 968
f 970 3061 966
f 970 966 10047
f 966 3061 972
f 967 972 971
f 967 971 2829
f 968 11552 2847
f 968 2847 11557
f 968 10046 11552
f 10047 968 11557
f 970 10047 969
f 970 969 10142
f 969 2848 2849
f 10047 2848 969
f 10142 969 2849
f 970 10141 3061
f 970 10142 10141
f 971 972 3060
f 971 2832 2829
f 11744 2832 971
f 971 3060 3064
f 11744 971 3064
f 972 3061 3060
f 2880 973 2879
f 2890 2879 973
f 2893 2890 973
f 974 5401 975
f 974 975 10049
f 974 10049 1709
f 974 1709 11581
f 974 2885 5401
f 974 11581 2885
f 975 2848 976
f 975 976 10049
f 975 2849 2848
f 975 5401 2849
f 976 2840 10049
f 976 11541 2840
f 976 2848 11557
f 976 11557 11541
f 977 1709 5418
f 11563 1709 977
f 2856 11563 977
f 2856 977 11595
f 2904 977 5418
f 2904 11595 977
f 10050 978 1763
f 10598 1763 978
f 10050 11593 978
f 10598 978 10599
f 10599 978 11592
f 11593 11592 978
f 979 2913 9852
f 979 9855 2913
f 10050 979 9852
f 11289 9855 979
f 10050 10603 979
f 11289 979 10603
f 2852 2896 980
f 2852 980 10891
f 2896 11593 980
f 2913 980 9852
f 2913 10891 980
f 9852 980 11593
f 981 2930 2929
f 981 2929 5642
f 981 10052 2930
f 981 5642 10057
f 981 10056 10052
f 981 10057 10056
f 983 10052 982
f 982 11304 2614
f 982 10052 11304
f 984 2930 983
f 9433 984 983
f 983 2930 10052
f 11622 984 988
f 11622 2930 984
f 990 989 985
f 990 985 2944
f 2941 1270 985
f 2944 985 1270
f 2941 986 2942
f 11622 988 987
f 987 989 8556
f 987 8556 2929
f 11622 987 2929
f 5636 989 990
f 5636 8556 989
f 2943 990 2944
f 11629 990 2943
f 11629 5636 990
f 5482 2947 991
f 10055 991 2947
f 5482 991 5481
f 10055 9957 991
f 992 10919 1430
f 11560 992 1430
f 992 5421 5424
f 992 10891 5421
f 992 5424 10919
f 11560 10891 992
f 993 5282 7496
f 993 9081 5282
f 8553 5638 993
f 5638 9081 993
f 10057 993 7496
f 10057 8553 993
f 3179 994 1823
f 11806 1823 994
f 3184 3176 994
f 3176 11806 994
f 3180 994 3179
f 3184 994 3180
f 10058 2932 995
f 996 997 1000
f 996 1002 999
f 996 999 9440
f 996 1000 1002
f 10060 998 997
f 10060 10658 998
f 11539 998 10658
f 10062 1000 1001
f 10062 1002 1000
f 10062 9434 1002
f 1649 1005 1003
f 1005 2966 1003
f 5524 1649 1003
f 2966 4810 1003
f 10065 1003 4810
f 5524 1003 10065
f 1004 2245 2248
f 1004 10959 2245
f 1004 2251 2247
f 1004 2247 10959
f 1004 2248 2251
f 1649 2963 1005
f 1005 2963 11645
f 1005 11647 2966
f 1005 11645 11647
f 2974 1006 2978
f 7549 1006 2974
f 2978 1006 11651
f 5524 1006 7549
f 5524 10065 1006
f 10065 11651 1006
f 11399 2695 1007
f 10011 1007 10012
f 4810 4846 1008
f 10065 4810 1008
f 10065 1008 11651
f 11651 1008 11652
f 3033 1009 11705
f 3033 11709 1009
f 3034 1009 3035
f 3034 11705 1009
f 10067 3035 1009
f 10067 1009 11709
f 10068 1010 1012
f 1012 1010 11709
f 1014 1687 1010
f 10068 1014 1010
f 10066 1010 1687
f 10066 11709 1010
f 1604 1011 1810
f 1604 11714 1011
f 1810 1011 4812
f 10066 4812 1011
f 10066 1011 10067
f 10067 1011 11714
f 2980 1013 1012
f 10068 1012 1013
f 2980 1012 3033
f 3033 1012 11709
f 11571 1013 2980
f 10068 1013 11569
f 11568 11569 1013
f 11571 11568 1013
f 1014 4809 1687
f 2873 1014 10068
f 3524 6666 1015
f 3524 1015 8875
f 1015 6666 8413
f 8396 1015 8121
f 1015 8413 8121
f 8396 8875 1015
f 1017 1691 1016
f 1017 1016 10111
f 3034 1016 1691
f 3034 3035 1016
f 1016 3035 10110
f 1016 10110 10111
f 10071 1691 1017
f 2987 10071 1017
f 2987 1017 11667
f 1017 10111 11704
f 1017 11704 11667
f 1018 10117 2808
f 1018 9439 10074
f 1018 10074 10075
f 1018 10075 10117
f 1019 10075 10074
f 11664 1019 10074
f 1019 10113 10075
f 1019 11662 10113
f 1019 11663 11662
f 11664 11663 1019
f 9445 1021 10076
f 1022 11674 2995
f 11695 1022 2995
f 11695 10078 1022
f 1022 11675 11674
f 9640 10078 1023
f 11695 1023 10078
f 10081 1023 10082
f 11695 10082 1023
f 10081 10082 1024
f 11693 1024 10082
f 11682 1024 11693
f 1028 1026 1025
f 1028 1025 1027
f 10083 1028 1027
f 11679 10083 1027
f 11679 1027 11676
f 10083 1029 1028
f 5550 5557 1029
f 10083 5550 1029
f 5557 5560 1029
f 5549 5550 1030
f 5549 1030 10097
f 10083 1030 5550
f 11679 1030 10083
f 11679 10097 1030
f 1031 1034 1035
f 1031 11684 1034
f 1031 3006 11684
f 2538 2539 1032
f 11240 2538 1032
f 3886 1032 2539
f 9916 1032 9917
f 9916 11240 1032
f 1977 9651 1033
f 11676 1034 2999
f 11684 2999 1034
f 2936 7465 1036
f 2936 1036 11625
f 7465 5238 1036
f 11689 1036 5238
f 1036 10087 11625
f 11689 10087 1036
f 3013 11687 1037
f 3013 1037 11689
f 11689 1037 10087
f 1038 10090 5238
f 1038 5238 10092
f 9954 1038 10093
f 10093 1038 10092
f 5240 1039 1042
f 1039 11521 1042
f 10094 2813 1039
f 2813 11521 1039
f 5240 10090 1039
f 10093 1040 1041
f 1040 11626 1041
f 2937 1040 7465
f 2937 11626 1040
f 7465 1040 10092
f 10093 10092 1040
f 2931 1041 2938
f 2931 10093 1041
f 1041 11626 2938
f 1042 1043 5241
f 11300 1043 1042
f 5240 1042 7559
f 7559 1042 5241
f 11521 11300 1042
f 1043 2610 2612
f 11300 2610 1043
f 7601 1043 2612
f 7601 5241 1043
f 3026 1044 1046
f 1044 10096 1046
f 3026 1047 1044
f 1049 10096 1044
f 1045 1050 3009
f 1045 10096 1050
f 11685 1045 3009
f 7723 10096 1045
f 11692 7723 1045
f 11685 11692 1045
f 3026 1046 2613
f 11301 2613 1046
f 7723 1046 10096
f 11301 1046 7723
f 3025 3023 1047
f 11716 3025 1047
f 11716 1047 3026
f 1049 1048 3020
f 11696 1048 3017
f 11696 3020 1048
f 1049 3020 1050
f 1049 1050 10096
f 2994 2996 1050
f 2994 1050 3020
f 2996 3009 1050
f 1056 1051 3025
f 1056 5549 1051
f 1051 3024 3025
f 11678 3024 1051
f 1051 5549 10097
f 11678 1051 10097
f 1052 2530 2531
f 1052 5064 2530
f 1052 5120 5064
f 1052 5112 5120
f 1055 1053 5550
f 1055 10099 1053
f 1053 5557 5550
f 1053 5554 5557
f 1053 10099 5554
f 1057 1054 10100
f 1057 10120 1054
f 1054 10099 10100
f 1056 1055 5549
f 1056 10100 1055
f 1055 5550 5549
f 1055 10100 10099
f 1056 3025 3038
f 1056 3038 10100
f 1057 1076 10120
f 1057 11720 1076
f 1057 3038 3039
f 1057 10100 3038
f 1057 3039 11720
f 3041 1058 1059
f 10032 1059 1058
f 3041 3027 1058
f 11303 1058 3027
f 10126 3041 1059
f 10128 10126 1059
f 1062 1060 4838
f 1062 10105 1060
f 1065 1060 10105
f 1065 10107 1060
f 4520 1060 4836
f 4520 4838 1060
f 1060 10107 4836
f 2158 1063 1061
f 10102 1061 1063
f 2157 1061 4839
f 2157 4843 1061
f 2158 1061 4843
f 10102 4839 1061
f 2153 1062 1063
f 10102 1063 1062
f 2153 10105 1062
f 10102 1062 4838
f 2153 1063 2159
f 2158 2160 1063
f 2159 1063 2160
f 1067 1064 10103
f 11659 1064 1067
f 1068 10103 1064
f 1068 1064 10108
f 1064 10109 10108
f 11659 10109 1064
f 1066 10103 1065
f 1066 1065 10105
f 1068 1065 10103
f 1068 10107 1065
f 4568 1066 5572
f 4568 10103 1066
f 5572 1066 5571
f 5571 1066 10105
f 2982 1067 5570
f 2982 11659 1067
f 4568 5573 1067
f 4568 1067 10103
f 5573 5570 1067
f 1068 11702 10107
f 1068 10108 11702
f 2985 1069 10109
f 2985 11661 1069
f 1069 11703 10109
f 1069 11661 11665
f 1069 11665 11667
f 1069 11667 11703
f 3036 1070 3037
f 4621 1070 3036
f 3037 1070 10110
f 4621 4623 1070
f 4623 10111 1070
f 1070 10111 10110
f 1071 1390 2455
f 1390 1071 2462
f 2455 2468 1071
f 5092 2462 1071
f 5091 1071 2468
f 5092 1071 5091
f 1074 1072 10113
f 10115 1072 1074
f 10075 10113 1072
f 10075 1072 10117
f 10116 1072 10115
f 10117 1072 10116
f 3043 1074 1073
f 1074 10113 1073
f 1079 3042 1073
f 1079 1073 11662
f 3043 1073 3042
f 10113 11662 1073
f 10125 1074 3043
f 10125 10115 1074
f 10120 1076 1075
f 1076 10126 1075
f 10120 1075 9449
f 1076 3041 10126
f 1076 11720 3041
f 1077 9429 10123
f 1077 10123 10130
f 1078 10123 10115
f 1078 10115 10125
f 1078 10130 10123
f 1078 10125 10127
f 1078 10127 10128
f 1078 10128 10130
f 1080 1079 1416
f 1416 1079 11662
f 2984 1080 1416
f 2984 2981 1080
f 1080 2981 3000
f 1081 10131 1083
f 11549 1081 1083
f 1081 2826 2828
f 11549 2826 1081
f 11529 1081 2828
f 11529 10131 1081
f 8519 1082 9940
f 8519 10137 1082
f 1082 10137 10134
f 10131 10134 1083
f 10133 1083 10134
f 1084 2898 1085
f 1084 2897 2898
f 1084 6919 2897
f 5414 1088 1085
f 10139 1085 1088
f 5414 1085 2898
f 1086 6920 6919
f 1086 8515 6920
f 1086 8518 8515
f 1086 8517 8518
f 10139 1088 1087
f 1087 1088 11540
f 2841 1087 11540
f 9939 10139 1087
f 1088 5414 5411
f 5411 11540 1088
f 5065 1265 1089
f 9875 5065 1089
f 1090 1097 3052
f 1092 10141 1091
f 11728 1092 1091
f 1091 10757 2850
f 11728 1091 2850
f 1091 10141 10142
f 1091 10142 10757
f 11727 3059 1092
f 1092 3059 11740
f 1092 11740 10141
f 11727 1092 11728
f 1093 2389 9799
f 11051 1093 11053
f 1094 3058 1095
f 10144 1094 1095
f 10147 1094 1098
f 10148 1098 1094
f 10147 3058 1094
f 10144 10148 1094
f 1095 3050 1097
f 10144 1095 1097
f 1095 3053 3050
f 1095 3058 3053
f 10015 1096 10016
f 10015 10145 1096
f 10144 1096 10148
f 10145 10148 1096
f 1097 3050 3051
f 1097 3051 3052
f 10147 1098 1099
f 11746 1099 1098
f 10148 3065 1098
f 11746 1098 3065
f 10147 1099 3059
f 11740 3059 1099
f 1099 3064 3060
f 11740 1099 3060
f 11746 3064 1099
f 5026 1100 5030
f 11011 1100 5026
f 5029 5030 1100
f 10149 5029 1100
f 10149 1100 10150
f 10150 1100 11011
f 10149 1101 1102
f 10154 1102 1101
f 5673 5674 1101
f 5673 1101 10150
f 5674 10154 1101
f 10149 10150 1101
f 5028 1102 1105
f 5679 1105 1102
f 10149 1102 5028
f 5679 1102 10154
f 3082 10309 1103
f 3082 1103 11010
f 10150 1103 10309
f 10150 11011 1103
f 11010 1103 11011
f 5029 1104 1106
f 10153 1106 1104
f 5028 1104 5029
f 10151 1104 5028
f 10151 5028 1105
f 5029 1106 5030
f 1108 1107 5677
f 10154 1107 1108
f 1109 1107 5674
f 1109 10156 1107
f 5674 1107 10154
f 10156 5677 1107
f 1108 5678 3084
f 5679 1108 3084
f 1108 5677 5678
f 5679 10154 1108
f 1109 5674 10159
f 1109 11762 10156
f 1109 10159 10158
f 1109 10158 11762
f 1110 5815 1111
f 1110 1111 10160
f 1110 1114 5812
f 1110 10160 1114
f 5808 1110 5812
f 5808 5815 1110
f 1111 1112 10160
f 1111 11369 1112
f 1111 5815 5814
f 1111 5814 11369
f 1112 1116 1115
f 1112 1115 10160
f 1112 1117 1116
f 3229 1117 1112
f 3229 1112 11369
f 5673 1113 10159
f 5673 10309 1113
f 5804 10556 1113
f 5804 1113 10897
f 10556 10159 1113
f 10897 1113 10309
f 10556 5812 1114
f 1114 10160 10158
f 10556 1114 10158
f 1115 1116 3088
f 1115 3088 11762
f 1115 10158 10160
f 1115 11762 10158
f 1116 1117 1118
f 1116 1118 3088
f 1117 3230 1118
f 3229 3230 1117
f 3088 1118 3085
f 3228 3085 1118
f 3233 3228 1118
f 3233 1118 3230
f 7410 7376 1119
f 7376 7438 1119
f 7410 1119 10161
f 11767 1119 7438
f 10161 1119 11766
f 11767 11766 1119
f 4935 4927 1120
f 1120 4927 9739
f 4935 1120 4934
f 1120 9739 4936
f 1689 1124 1121
f 10167 1121 1124
f 1689 1121 10163
f 7410 10161 1121
f 7410 1121 10167
f 10461 1121 10161
f 10461 10163 1121
f 1226 1686 1122
f 7495 1226 1122
f 1686 1689 1122
f 1689 10163 1122
f 7495 1122 10163
f 10941 1123 2225
f 10942 2225 1123
f 1123 9729 5085
f 10941 9729 1123
f 5590 1131 1124
f 10167 1124 1131
f 1689 1688 1124
f 1688 5590 1124
f 5170 1125 5177
f 6152 5177 1125
f 1173 4010 1126
f 1126 4010 4011
f 7570 1126 4011
f 7573 1126 7570
f 1127 2090 2092
f 1127 4688 2090
f 1127 2092 2095
f 1127 2095 4690
f 1127 4689 4688
f 1127 4690 4689
f 4316 1804 1128
f 4317 1128 1820
f 4324 4316 1128
f 4324 1128 4317
f 1688 1686 1129
f 5583 1129 1686
f 1688 1129 5588
f 5585 1129 5583
f 5585 5588 1129
f 1130 1131 3095
f 10167 1131 1130
f 1130 3095 11769
f 7376 1130 8091
f 7376 10167 1130
f 5592 3095 1131
f 5590 5592 1131
f 1135 1132 1136
f 1135 3110 1132
f 1132 10169 1136
f 1132 3111 3109
f 1132 3109 10169
f 1132 3110 3111
f 1133 3431 6114
f 1133 11312 3431
f 9423 1133 6114
f 9423 11741 1133
f 1133 9436 11312
f 1133 11741 9436
f 1134 3109 5740
f 1134 10169 3109
f 1134 5739 5735
f 1134 5738 5739
f 1134 5740 5738
f 3113 1135 3105
f 3113 3110 1135
f 1138 1139 1137
f 3117 1138 1137
f 1137 1139 5489
f 1665 1137 5489
f 9193 1137 1665
f 3117 1137 9193
f 1138 11783 1139
f 3122 1138 3117
f 3120 1138 3122
f 3120 11783 1138
f 11784 1139 11783
f 1143 1140 1141
f 10170 1141 1140
f 1143 1142 1140
f 3126 1140 1142
f 3127 1140 3126
f 10170 1140 3127
f 3160 1143 1141
f 3160 1141 7980
f 10172 7980 1141
f 10170 10172 1141
f 1144 1142 1143
f 3123 1142 1144
f 3132 1142 3123
f 3132 3126 1142
f 3162 1144 1143
f 3160 3162 1143
f 1158 3124 1144
f 3162 1158 1144
f 3124 3123 1144
f 1145 3146 3147
f 1145 3148 3146
f 1145 4231 3148
f 1145 11789 4231
f 5072 4107 1146
f 5826 1146 4107
f 5072 1146 8480
f 5826 11247 1146
f 1146 8479 8480
f 1146 11247 8479
f 1147 1150 1148
f 1147 1148 10174
f 1147 10178 1150
f 1147 1153 10178
f 1148 1150 10176
f 3148 10173 1148
f 3148 1148 10176
f 1148 10173 10174
f 1149 6828 6829
f 1149 10725 6828
f 1149 6829 6830
f 1149 6830 10174
f 1149 10174 10173
f 1149 10173 10725
f 11790 10176 1150
f 11790 1150 10178
f 1151 10178 1153
f 11669 1151 5763
f 11669 10178 1151
f 8005 8006 1152
f 8005 1152 8008
f 8014 1152 8006
f 3153 1154 10180
f 10180 1154 9463
f 3155 1155 1156
f 3152 10180 1155
f 3152 1155 11795
f 3155 11795 1155
f 10170 3127 1156
f 1156 3127 11787
f 3155 1156 11787
f 1158 1157 3124
f 3164 1157 1158
f 1157 3120 3124
f 1157 11782 3120
f 3164 5503 1157
f 1157 5503 11782
f 3162 3163 1158
f 3163 3165 1158
f 3164 1158 3165
f 10183 1161 1159
f 11803 1159 1161
f 10183 1159 5989
f 11803 12172 1159
f 1160 3170 1169
f 1160 1169 10190
f 5779 3170 1160
f 5779 1160 10183
f 1160 10190 10183
f 3173 11803 1161
f 12090 3173 1161
f 10190 1161 10183
f 10190 12090 1161
f 10187 1162 1163
f 1163 1162 11807
f 1164 1162 8622
f 1164 11807 1162
f 5474 8622 1162
f 10187 5474 1162
f 1830 1163 1824
f 1163 11807 1824
f 10186 1163 1830
f 10187 1163 10186
f 1164 3174 3180
f 8612 3174 1164
f 1164 3180 11807
f 8612 1164 8622
f 4112 1165 1167
f 10189 1167 1165
f 1168 1165 5498
f 10189 1165 1168
f 1839 5498 1165
f 10521 1839 1165
f 10521 1165 4112
f 1621 1166 1622
f 1621 10189 1166
f 1622 1166 10502
f 1625 1166 8606
f 1625 10502 1166
f 10189 8606 1166
f 1621 1624 1167
f 1621 1167 10189
f 4112 1167 1624
f 7535 1168 5498
f 7535 8607 1168
f 8607 8606 1168
f 10189 1168 8606
f 1169 3170 5586
f 5499 1169 8630
f 5499 10190 1169
f 8630 1169 5586
f 1172 1170 1171
f 8628 1171 1170
f 5500 1170 1172
f 5501 1170 5499
f 5499 1170 12090
f 5500 12090 1170
f 5501 8628 1170
f 5517 1172 1171
f 2970 2971 1171
f 2970 1171 8628
f 5517 1171 2971
f 5500 1172 2023
f 5514 2023 1172
f 5517 5514 1172
f 1173 1686 1226
f 1173 1226 4010
f 1173 5583 1686
f 1174 9879 2751
f 1174 2751 11815
f 1174 6913 10633
f 1174 11815 6913
f 1174 7466 9879
f 1174 10633 7466
f 1175 2746 6913
f 1175 6914 2746
f 1175 6913 11815
f 1175 6915 6914
f 1175 10625 6915
f 1175 11815 10625
f 1177 1176 1180
f 1177 10193 1176
f 1176 1181 1180
f 1176 1183 1181
f 1176 10194 1183
f 1176 10193 10194
f 1180 12105 1177
f 1177 1182 11926
f 1177 12105 1182
f 1177 11926 10193
f 1179 10193 1178
f 11837 1179 1178
f 11926 1178 10193
f 10215 1178 10214
f 11926 10214 1178
f 11837 1178 10215
f 1179 1185 10196
f 11837 1185 1179
f 1179 10194 10193
f 1179 10196 10194
f 3531 1180 1181
f 12101 1180 3531
f 12105 1180 12101
f 5827 1181 1183
f 3531 1181 12104
f 12104 1181 5827
f 5909 3321 1182
f 3321 11926 1182
f 5909 1182 12165
f 12105 12165 1182
f 5831 1183 1184
f 10196 1184 1183
f 5827 1183 5831
f 10196 1183 10194
f 1186 5828 1184
f 10198 1186 1184
f 5828 5831 1184
f 10198 1184 10196
f 10198 1185 3218
f 3218 1185 11843
f 10198 10196 1185
f 11837 11843 1185
f 1186 5829 5828
f 11850 5829 1186
f 10198 11846 1186
f 11850 1186 11846
f 1187 1982 5833
f 1187 9484 1982
f 5849 1187 5833
f 5850 1187 5849
f 10200 1187 5850
f 10200 9484 1187
f 1188 1190 7605
f 1188 10202 1190
f 3100 1188 7608
f 3100 11778 1188
f 1188 7605 7608
f 11778 10202 1188
f 3305 3306 1189
f 3305 1189 11920
f 3306 10202 1189
f 11778 3307 1189
f 3307 11920 1189
f 11778 1189 10202
f 3098 7605 1190
f 3098 1190 11854
f 1190 10202 3225
f 1190 3225 11854
f 1191 1194 1192
f 10203 1191 1192
f 3201 1194 1191
f 3201 1191 7649
f 3202 7649 1191
f 10203 3202 1191
f 1192 1194 1258
f 1192 1258 3459
f 10203 1192 3460
f 3204 1193 11823
f 3204 11829 1193
f 10203 3460 1193
f 11823 1193 3460
f 11827 10203 1193
f 11827 1193 11829
f 1194 10265 1258
f 3201 3200 1194
f 3200 10265 1194
f 10204 1195 1201
f 10208 1201 1195
f 5911 1195 10204
f 5911 11888 1195
f 10208 1195 11886
f 11886 1195 11888
f 1197 1196 11943
f 12152 1196 1197
f 10204 10207 1196
f 10204 1196 12152
f 10207 12148 1196
f 1196 11947 11943
f 12148 11947 1196
f 5910 12154 1197
f 5910 1197 12167
f 12167 1197 11943
f 12152 1197 12154
f 1198 10206 1200
f 1198 1200 10270
f 1198 10270 1273
f 1198 1273 11471
f 1198 11471 6237
f 1198 6237 11475
f 1198 11475 10206
f 5927 1199 3497
f 1199 11475 3497
f 10210 1199 5927
f 1199 10209 10206
f 1199 10206 11475
f 10210 10209 1199
f 10208 3265 1200
f 1200 3265 10270
f 1200 10206 10209
f 10208 1200 10209
f 10204 1201 10207
f 10207 1201 10210
f 10208 10209 1201
f 10210 1201 10209
f 5919 1219 1202
f 10226 1202 1219
f 11945 5919 1202
f 11945 1202 10211
f 10213 1205 1203
f 10214 1203 1205
f 10214 1206 1203
f 11928 1203 1206
f 10213 1203 10212
f 11928 10212 1203
f 3215 1204 1223
f 10233 1223 1204
f 1224 1204 10212
f 10233 1204 1224
f 3215 10213 1204
f 10213 10212 1204
f 3214 10215 1205
f 11835 3214 1205
f 11835 1205 10213
f 10215 10214 1205
f 3321 3322 1206
f 3321 1206 10214
f 3322 11929 1206
f 11928 1206 11929
f 1207 7468 1217
f 1207 1217 10224
f 1207 11751 7468
f 1207 10218 11751
f 1208 5868 1210
f 1208 1210 10219
f 1209 1211 5876
f 1209 10219 1211
f 1209 5876 5875
f 1209 5875 11751
f 1209 10218 10219
f 1209 11751 10218
f 1211 1210 5870
f 1210 1211 10219
f 1210 5868 5870
f 5874 1211 5870
f 5874 5871 1211
f 5871 5876 1211
f 1212 1213 10220
f 1212 1214 1227
f 1212 10220 1214
f 1212 1227 3334
f 1212 3334 10238
f 1213 1215 1216
f 1213 9481 1215
f 1213 1216 10220
f 1214 3344 1227
f 11942 3344 1214
f 1214 10220 10223
f 11942 1214 10223
f 1215 10224 1216
f 1216 6188 10223
f 1216 10224 6188
f 1216 10223 10220
f 1217 2446 5600
f 1217 7468 2446
f 1217 5600 6188
f 1217 6188 10224
f 10228 1220 1218
f 10228 1218 12010
f 10231 12005 1218
f 1218 12005 12010
f 5865 1221 1219
f 1221 10226 1219
f 5917 5865 1219
f 5917 1219 5919
f 5863 1220 1221
f 10228 1221 1220
f 5864 1220 5863
f 5865 5863 1221
f 10226 1221 10228
f 10234 9486 1222
f 10233 1222 10235
f 10233 12000 1222
f 10234 1222 12000
f 10233 10235 1223
f 3324 3326 1224
f 3324 1224 10212
f 3326 5971 1224
f 1224 5971 12000
f 10233 1224 12000
f 11842 1225 5976
f 11841 1225 11842
f 1226 4009 4010
f 7495 4009 1226
f 3339 3334 1227
f 3341 3339 1227
f 3344 3341 1227
f 7418 1228 1230
f 1228 10240 1230
f 1228 2747 10240
f 1228 11467 2747
f 7418 9967 1228
f 1228 9967 11467
f 1229 10241 1231
f 1229 1231 10242
f 1229 10240 6909
f 1229 6909 10634
f 1229 6910 10241
f 1229 10634 6910
f 1229 10242 10240
f 1230 1232 7419
f 1230 10242 1232
f 7418 1230 7419
f 1230 10240 10242
f 1231 10241 8502
f 1231 8502 10243
f 1231 10243 10242
f 1232 5741 7419
f 1232 8500 5741
f 1232 10243 8500
f 1232 10242 10243
f 1233 4210 11604
f 11653 10244 1233
f 1233 11604 11635
f 11653 1233 11635
f 4204 6009 1234
f 4204 1234 10244
f 6009 6013 1234
f 6013 6014 1234
f 6890 1234 6014
f 6890 10244 1234
f 6888 1235 6893
f 10553 1235 6888
f 6891 1235 6890
f 6891 6893 1235
f 1236 10401 1237
f 1238 3844 1236
f 1238 1236 6468
f 1236 3844 10401
f 6467 1237 6125
f 1238 3366 3842
f 1238 6468 3366
f 1238 3842 3841
f 1238 3841 3844
f 1239 1241 7772
f 1239 10246 1241
f 7752 7756 1239
f 1239 7772 7752
f 7753 1239 7756
f 1239 7753 10246
f 1324 1242 1240
f 1240 1242 10246
f 1324 1240 7754
f 1240 7753 7754
f 1240 10246 7753
f 7933 1241 7770
f 1241 10246 7770
f 1241 7771 7772
f 7933 7771 1241
f 1324 1433 1242
f 1242 1433 9047
f 1242 9047 7770
f 1242 7770 10246
f 10248 7865 1243
f 10247 10248 1243
f 10247 1243 11995
f 11996 11995 1243
f 10247 1244 1245
f 1245 1244 11982
f 6070 1244 11800
f 6070 11978 1244
f 11800 1244 10247
f 1244 11978 11982
f 10248 1245 3391
f 3391 1245 11982
f 10247 1245 10248
f 1246 3797 4223
f 1246 10251 3797
f 1246 4223 3798
f 1246 3798 12001
f 1246 10249 10251
f 1246 12001 10249
f 3411 1247 3410
f 3410 1247 12001
f 3411 12003 1247
f 1247 11833 10249
f 1247 10249 12001
f 12003 11833 1247
f 1248 4459 3797
f 1248 3797 10251
f 1248 7952 4459
f 1248 6039 7952
f 1248 11853 6039
f 1248 10251 11853
f 10197 1249 3425
f 3425 1249 12012
f 1249 10253 6076
f 1249 6076 12012
f 10197 10252 1249
f 1249 10252 10253
f 1251 10253 1250
f 10329 1251 1250
f 4390 1250 10205
f 4390 10329 1250
f 1250 10252 10205
f 1250 10253 10252
f 1251 3415 10253
f 12006 3415 1251
f 10330 1251 10329
f 12006 1251 10330
f 2668 1252 2237
f 10255 2237 1252
f 10945 1252 2668
f 10254 10255 1252
f 10943 10254 1252
f 10943 1252 10945
f 1255 3448 1253
f 1255 1253 10946
f 10254 2228 1253
f 10946 1253 2228
f 1254 1680 9354
f 1254 9354 2238
f 1254 2238 10255
f 1254 10255 10254
f 1255 1257 3449
f 1255 10256 1257
f 1255 3449 3448
f 1255 10946 10256
f 1256 3451 1257
f 1256 1257 10256
f 1256 3454 3451
f 1256 8135 3454
f 1256 4945 8135
f 1256 10256 4945
f 1257 3450 3449
f 1257 3451 3450
f 1258 1269 10264
f 1258 10265 1269
f 3459 1258 10264
f 1259 1269 10262
f 1259 10267 1269
f 1259 1271 3476
f 1259 10257 1271
f 1259 3476 10267
f 1259 10262 10257
f 1268 10260 1260
f 1268 1260 10262
f 1260 9354 1680
f 1260 1680 10262
f 10258 1261 9655
f 11825 9655 1261
f 11826 1261 10260
f 11826 11825 1261
f 1264 10258 1262
f 1263 3672 1335
f 1263 1335 9425
f 1263 9425 3666
f 1263 3666 10702
f 1263 12151 3672
f 1263 10702 12151
f 5065 3860 1265
f 5066 1265 3860
f 5963 1265 5066
f 6185 11501 1266
f 6185 1266 11630
f 6222 6223 1266
f 6222 1266 6225
f 6223 11630 1266
f 6225 1266 11501
f 1281 3929 1267
f 3935 1267 3929
f 3938 1267 3935
f 3938 6595 1267
f 1268 10262 1269
f 1268 1269 10265
f 1268 11826 10260
f 1268 10265 11826
f 10264 1269 10267
f 2944 1270 9956
f 3448 3449 1271
f 3448 1271 10257
f 3449 12049 1271
f 12049 3476 1271
f 11655 1272 3540
f 11889 3540 1272
f 10271 10269 1272
f 10269 11889 1272
f 10271 1272 11655
f 9381 1273 3547
f 10269 3547 1273
f 9381 11471 1273
f 10269 1273 10270
f 3546 12118 1274
f 12121 3546 1274
f 6168 1274 11655
f 12121 1274 6168
f 10271 11655 1274
f 10271 1274 12118
f 1275 3538 3263
f 10273 1275 3263
f 1275 3532 3534
f 10273 3532 1275
f 1275 3534 3535
f 1275 3535 3537
f 1275 3537 3538
f 1276 11888 5911
f 1276 5911 12154
f 10273 11888 1276
f 10273 1276 12160
f 1276 12154 12160
f 10273 1277 3532
f 1277 12101 3532
f 1277 5908 12105
f 1277 12160 5908
f 10273 12160 1277
f 1277 12105 12101
f 1278 3549 12122
f 1278 12138 3549
f 1278 12122 9636
f 1278 10275 12138
f 1279 1958 1959
f 1279 10504 1958
f 3564 1279 1959
f 3564 10275 1279
f 10275 7043 1279
f 7043 10504 1279
f 1280 6293 1295
f 1280 1295 12158
f 1280 3584 10277
f 1280 12156 3584
f 1280 10277 6293
f 1280 12158 12156
f 1646 3930 1281
f 1646 1281 3933
f 1281 10448 3929
f 1281 3930 10448
f 1282 3554 6293
f 1282 12127 3554
f 1282 6293 10277
f 1282 10277 12131
f 1282 12131 12127
f 2265 2263 1284
f 10278 1284 2263
f 10293 2265 1284
f 10278 10282 1284
f 10282 10286 1284
f 10286 10293 1284
f 6631 3678 1285
f 8294 1285 3678
f 3792 6631 1285
f 3792 1285 8320
f 8294 7648 1285
f 8320 1285 7648
f 1286 10281 3597
f 1286 3597 12181
f 1286 12168 10281
f 1286 12169 12168
f 1286 12178 12169
f 1286 12181 12178
f 10282 1287 1288
f 12175 1288 1287
f 10278 3597 1287
f 10281 1287 3597
f 10278 1287 10282
f 10281 12175 1287
f 3589 12166 1288
f 3589 1288 12175
f 10282 1288 10286
f 10284 10286 1288
f 10284 1288 12166
f 1291 1289 1290
f 10291 1290 1289
f 10292 1289 1291
f 10291 1289 1292
f 10293 1292 1289
f 10292 10971 1289
f 10293 1289 10971
f 11417 1291 1290
f 1290 10289 6294
f 11417 1290 6294
f 10291 10289 1290
f 6304 1291 6296
f 11417 6296 1291
f 10292 1291 6304
f 10284 1293 1292
f 1293 10291 1292
f 10284 1292 10286
f 10286 1292 10293
f 10284 1294 1293
f 1293 1294 10288
f 1293 10288 10289
f 10291 1293 10289
f 3586 1294 3588
f 3586 12157 1294
f 12166 3588 1294
f 10284 12166 1294
f 1294 12157 10288
f 6293 6294 1295
f 6294 10289 1295
f 1295 10289 10288
f 1295 10288 12158
f 10292 6304 1297
f 11400 1297 6304
f 6309 10970 1297
f 11400 6309 1297
f 10292 1297 10971
f 10971 1297 10970
f 10295 2219 1298
f 1298 2219 10933
f 1298 3644 3643
f 10295 1298 3643
f 1298 11391 3644
f 1298 10933 11391
f 9799 1299 9797
f 11084 1299 9799
f 2297 2221 1300
f 10992 1300 2221
f 10938 1300 2289
f 1300 10992 2289
f 3641 2297 1300
f 3641 1300 10938
f 10298 1303 1301
f 1301 1303 10299
f 1301 4900 10297
f 1301 10299 4900
f 10298 1301 10297
f 1302 10297 1306
f 1302 1306 10304
f 3502 4891 1302
f 3502 1302 10304
f 10298 1302 4891
f 10298 10297 1302
f 3566 4892 1303
f 10298 3566 1303
f 10112 1303 4892
f 10112 10299 1303
f 1304 1305 10299
f 11383 1305 1304
f 7315 7333 1304
f 7315 1304 10112
f 11383 1304 7333
f 10112 1304 10299
f 6320 1305 6321
f 6320 10299 1305
f 11383 6321 1305
f 3250 4902 1306
f 3250 1306 10297
f 11394 1306 4902
f 10304 1306 11394
f 1307 3696 9729
f 10941 4933 1307
f 10941 1307 9729
f 1313 3543 1308
f 1313 1308 12111
f 12115 1308 3543
f 3546 1308 3544
f 3544 1308 12115
f 12111 1308 3546
f 1309 4985 4984
f 1309 4984 9321
f 1309 4992 4985
f 1309 9322 4992
f 1309 9321 5010
f 1309 5010 9322
f 1310 10310 1312
f 1310 2301 2299
f 1310 2299 10310
f 10306 2301 1310
f 1311 2283 2319
f 10308 2283 1311
f 1311 2302 2301
f 10308 1311 2301
f 1311 8449 2302
f 1311 2319 8449
f 3650 1312 1315
f 1312 10310 1315
f 3651 1312 3650
f 1313 3471 3467
f 1313 3467 3543
f 1313 12043 3471
f 1313 12111 12043
f 3650 1315 1314
f 1314 1315 10999
f 10998 1314 2298
f 1314 10999 2298
f 3650 1314 7984
f 7984 1314 10998
f 10310 7375 1315
f 1315 7375 10999
f 5126 1316 3634
f 1316 11003 3634
f 9224 3658 1316
f 3658 11003 1316
f 5126 10312 1316
f 9224 1316 10312
f 1317 2255 2256
f 1317 3630 2255
f 11362 1317 2256
f 5126 3630 1317
f 5126 1317 10312
f 11362 10312 1317
f 1318 3340 3341
f 5897 3340 1318
f 3345 1318 3341
f 3346 3342 1318
f 3342 5897 1318
f 3346 1318 3345
f 1319 1320 1321
f 1319 6468 1320
f 1319 1321 3364
f 1319 3364 11961
f 1319 3366 6468
f 1319 11961 3366
f 10314 1321 1320
f 1320 6471 11211
f 10314 1320 11211
f 3367 3364 1321
f 7754 3367 1321
f 10314 7754 1321
f 1322 3311 1544
f 1322 3314 3311
f 1322 3312 3315
f 1322 3315 3314
f 1323 1433 1324
f 1323 1324 10314
f 11209 1433 1323
f 1323 10314 11211
f 11209 1323 11211
f 1324 7754 10314
f 3660 1325 1336
f 1325 3662 1336
f 11838 1325 3660
f 1325 11781 3662
f 11785 11781 1325
f 11785 1325 11838
f 6276 1327 1326
f 10318 1326 1327
f 6276 1326 1340
f 10326 1340 1326
f 10323 1326 10318
f 10326 1326 10323
f 1327 3592 3854
f 1327 12170 3592
f 10318 1327 3854
f 6276 12170 1327
f 10707 1329 1328
f 1328 1329 12159
f 1328 1330 1331
f 1328 12159 1330
f 1328 1331 1891
f 10707 1328 1891
f 10320 1329 3560
f 3560 1329 10707
f 10320 12159 1329
f 1330 1333 1331
f 1330 12159 1334
f 1331 1333 1332
f 1331 1332 6337
f 1891 1331 6337
f 10321 1332 1333
f 1332 11355 6337
f 10321 11356 1332
f 1332 11356 11355
f 10321 1333 1335
f 3584 12156 1334
f 3584 1334 12159
f 1334 12156 12164
f 3663 1335 3672
f 10321 1335 3663
f 1336 3662 1342
f 10323 1336 1342
f 3660 1336 10318
f 10323 10318 1336
f 1337 1342 3686
f 10323 1342 1337
f 1337 3686 1343
f 10328 1337 1343
f 10326 10323 1337
f 10328 10326 1337
f 1338 1347 1348
f 10335 1347 1338
f 6238 1338 1348
f 6238 10311 1338
f 6277 10325 1339
f 6277 1339 11438
f 10311 9353 1339
f 11438 1339 9353
f 11443 6276 1340
f 10328 10325 1340
f 11443 1340 10325
f 10328 1340 10326
f 1341 8283 3413
f 1341 3413 10330
f 3668 8282 1341
f 3668 1341 10329
f 1341 8282 8283
f 1341 10330 10329
f 1342 3662 3683
f 1342 3683 3686
f 1343 6166 1349
f 10335 1343 1349
f 1343 3686 6166
f 10335 10328 1343
f 1345 10333 1344
f 6189 1344 6166
f 1344 10333 6166
f 6189 7728 1344
f 4399 7680 1345
f 4399 1345 10114
f 7682 1345 7680
f 7682 10333 1345
f 1349 6166 1346
f 1349 1346 11601
f 1346 9056 3681
f 1346 3681 11601
f 1346 6166 10333
f 1346 10333 9056
f 1347 3673 1348
f 10335 1349 1347
f 1347 1349 11601
f 1347 11601 3673
f 1348 3673 3674
f 6195 1348 3674
f 6238 1348 6195
f 3671 11347 1350
f 3671 1350 11980
f 1350 3682 3680
f 1350 3680 9361
f 1350 11535 3682
f 1350 9361 11980
f 11347 11535 1350
f 1352 1351 3676
f 1351 9572 3676
f 1351 9361 9572
f 11980 9361 1351
f 1352 3675 1890
f 1352 1890 11024
f 1352 3676 3675
f 5085 10339 1353
f 1353 10341 9724
f 1354 10339 4751
f 1354 4751 11332
f 6378 1354 11332
f 6378 11341 1354
f 1354 11341 10339
f 6375 10104 1355
f 10104 10106 1355
f 1358 1356 10343
f 1358 10353 1356
f 1359 10345 1356
f 1359 1356 10349
f 1356 10345 10343
f 1356 10353 10349
f 1414 1357 3701
f 1414 10382 1357
f 1357 10345 3701
f 1357 10343 10345
f 1357 11591 10343
f 1357 10382 11591
f 1358 1361 1360
f 1358 1360 10353
f 1358 3711 1361
f 1358 10343 3711
f 1359 6368 1370
f 1359 1370 6369
f 1359 10349 6368
f 1359 6369 10345
f 1360 1361 1362
f 1360 1362 10359
f 1360 1382 10353
f 1360 10359 1382
f 1361 1364 1362
f 1361 3713 1364
f 1361 3711 3713
f 1362 1364 10357
f 1362 10357 1386
f 1362 1386 10359
f 2242 1363 3610
f 1363 2242 5010
f 2282 9088 1363
f 2282 1363 9321
f 3610 1363 9088
f 5010 9321 1363
f 6430 1364 3713
f 11610 1364 6430
f 11610 10357 1364
f 1365 1366 1367
f 1365 1368 1366
f 1365 1367 7964
f 1365 7971 1368
f 7963 1365 7964
f 7963 7971 1365
f 1366 1374 1367
f 1366 1368 1379
f 1366 1378 1374
f 1366 1379 1378
f 1367 1374 1375
f 1367 1375 6123
f 1367 6123 7964
f 1368 1371 1379
f 1368 7972 1371
f 1368 7971 7972
f 1369 4918 1370
f 1369 1370 6368
f 1369 6368 1371
f 1369 1371 7972
f 4916 4918 1369
f 4916 1369 4919
f 1369 7972 4919
f 1370 4918 6366
f 1370 6366 6369
f 1372 1379 1371
f 1371 6368 1372
f 1372 10356 1379
f 1372 10349 1381
f 1372 1381 10356
f 1372 6368 10349
f 1373 9856 1530
f 1373 1530 10447
f 1373 3266 9834
f 1373 10447 3266
f 1373 9834 9856
f 1374 6117 1375
f 1374 1378 6119
f 1374 6119 6117
f 1375 1377 1376
f 1375 1376 6123
f 1375 6117 1377
f 6128 1376 1377
f 6124 6123 1376
f 6124 1376 6127
f 6128 6127 1376
f 1377 6117 6118
f 6129 1377 6118
f 6129 6128 1377
f 1378 1379 10356
f 1378 1380 6119
f 1378 10356 1380
f 1380 1382 1384
f 1380 10356 1382
f 1380 1384 6411
f 1380 6411 6119
f 1381 10353 1382
f 1381 1382 10356
f 1381 10349 10353
f 1382 10359 1384
f 1384 6414 6411
f 1384 10359 6414
f 1385 6413 1386
f 1385 1386 10357
f 1387 1385 10357
f 1387 11281 1385
f 1385 6415 6413
f 1385 11281 6415
f 1386 6413 6414
f 1386 6414 10359
f 3709 11281 1387
f 3709 1387 11792
f 11610 1387 10357
f 11610 11792 1387
f 1389 1388 2375
f 2385 1388 1389
f 5084 2375 1388
f 2385 1389 1392
f 2455 1392 1389
f 2455 1389 2375
f 1391 1390 2462
f 1391 9493 1390
f 2455 1390 1392
f 1391 2460 2458
f 1391 2463 2460
f 1391 2462 2463
f 2385 1392 1394
f 3769 1394 1393
f 3769 1393 3775
f 1393 10372 3775
f 3767 2385 1394
f 3769 3767 1394
f 3719 3714 1395
f 3720 3719 1395
f 3720 1395 4414
f 1395 10363 4414
f 6450 10063 1396
f 6450 1396 11238
f 1396 10063 10086
f 10365 1396 10086
f 10365 10367 1396
f 11238 1396 10367
f 1397 9699 3761
f 1397 3761 9777
f 3777 9699 1397
f 3777 1397 10365
f 10366 1397 9777
f 10365 1397 10366
f 1398 3757 9783
f 10366 3757 1398
f 10023 1398 9783
f 10023 10367 1398
f 10365 10366 1398
f 10365 1398 10367
f 1420 1399 1400
f 1400 1399 9542
f 1420 3779 1399
f 1399 3779 10368
f 10387 1400 1417
f 10387 1420 1400
f 1401 1405 1403
f 10371 1405 1401
f 10370 10371 1401
f 7480 1402 3782
f 1402 10368 3782
f 10371 1402 7480
f 1402 9539 10368
f 10370 9539 1402
f 10370 1402 10371
f 10372 1403 1404
f 1403 10374 1404
f 1403 1405 10374
f 3776 1404 3778
f 3776 10372 1404
f 3778 1404 9555
f 9555 1404 10374
f 3781 7444 1405
f 3781 1405 10371
f 10374 1405 7444
f 1411 3784 1407
f 10377 1411 1407
f 8304 1407 3784
f 10377 1407 9495
f 1408 1770 2338
f 1408 2338 11130
f 9841 1408 11130
f 1409 7883 8776
f 1409 8778 7883
f 7887 1409 8776
f 7887 8777 1409
f 1409 8777 8780
f 1409 8780 8778
f 1411 1410 3784
f 10378 1410 1411
f 1420 1419 1410
f 1419 3784 1410
f 1420 1410 3779
f 1410 3782 3779
f 10378 3782 1410
f 1411 10377 10378
f 3007 1413 1412
f 10381 1412 1413
f 3007 1412 4088
f 3698 4088 1412
f 3698 1412 6382
f 1412 6381 6382
f 10381 6381 1412
f 3007 6429 1413
f 1413 6429 10382
f 10381 1413 10382
f 1414 3701 6370
f 1414 6370 6381
f 10381 1414 6381
f 10381 10382 1414
f 3648 1685 1415
f 3649 3648 1415
f 2986 2984 1416
f 2986 1416 11663
f 1416 11662 11663
f 1418 1417 9540
f 10389 1417 1418
f 10389 10387 1417
f 10387 1419 1420
f 10387 10390 1419
f 1422 8296 1421
f 10389 1422 1421
f 1421 8296 7583
f 8305 1421 7583
f 10390 1421 8305
f 10389 1421 10390
f 1422 7591 8296
f 10385 7591 1422
f 1599 1565 1423
f 1423 1565 9237
f 1599 1423 9238
f 1423 9237 9239
f 1423 9296 9238
f 1423 9239 9296
f 11560 1430 1424
f 11562 1424 1430
f 2853 2852 1424
f 2852 11560 1424
f 2853 1424 11582
f 11562 11582 1424
f 1425 1426 10395
f 1426 1427 10395
f 1426 10768 1427
f 1427 1994 1995
f 1427 10768 1994
f 1427 1995 10396
f 1427 10396 10395
f 1429 1997 1428
f 1429 1428 10396
f 1428 10395 10396
f 1429 10770 1997
f 1429 10396 10776
f 1429 10777 10770
f 1429 10776 10777
f 2855 1430 2854
f 2854 1430 10919
f 2855 11562 1430
f 3810 1432 1431
f 1431 1432 10397
f 3809 3810 1431
f 3809 1431 11964
f 6028 1431 10397
f 6028 11964 1431
f 3807 1432 3841
f 3807 9491 1432
f 3810 3841 1432
f 9491 10397 1432
f 1435 1433 1434
f 11209 1434 1433
f 1435 9047 1433
f 1436 1435 1434
f 7914 1436 1434
f 7913 7914 1434
f 11209 7913 1434
f 1436 9046 1435
f 7930 1435 9046
f 7930 9047 1435
f 7915 6420 1436
f 1436 6420 9046
f 7914 7915 1436
f 2189 1472 1437
f 6124 1437 1472
f 2189 1437 3848
f 3847 3848 1437
f 8961 1438 1442
f 1438 10402 1442
f 8961 3856 1438
f 3856 11893 1438
f 1438 3864 10402
f 1438 11893 3864
f 1439 1450 9169
f 1439 11375 1450
f 2685 1439 9107
f 2685 11375 1439
f 1439 9169 9107
f 6772 1440 3445
f 1440 6160 6158
f 1440 6158 7824
f 6772 6160 1440
f 11262 1441 11261
f 7992 3827 1442
f 11851 1442 3827
f 7992 1442 10402
f 8961 1442 11851
f 1444 3862 6462
f 1444 8884 3862
f 1444 6462 6460
f 1444 6460 8876
f 1444 8876 8884
f 1656 4114 1445
f 1656 1445 12044
f 4155 1445 9518
f 4155 12044 1445
f 7407 1446 8475
f 8477 1446 7407
f 9987 8475 1446
f 9987 1446 9977
f 6532 6536 1447
f 10415 6532 1447
f 11428 1447 6536
f 10404 1447 10405
f 10404 10415 1447
f 10405 1447 11428
f 1449 1448 3875
f 11419 1448 1449
f 1448 3866 3873
f 10408 3866 1448
f 3875 1448 3873
f 11419 10408 1448
f 1449 3875 11166
f 6513 6516 1449
f 6513 1449 11166
f 11419 1449 6516
f 11375 2688 1450
f 1450 2688 11384
f 1450 2690 9169
f 1450 11384 2690
f 10405 1451 10406
f 10405 11516 1451
f 10406 1451 10408
f 1451 11699 10408
f 1451 11516 11589
f 1451 11589 11699
f 6176 1467 1452
f 10409 1452 1467
f 6176 1452 10413
f 10409 10414 1452
f 1452 10414 10413
f 1455 1453 3892
f 10409 1453 1455
f 1467 1466 1453
f 1468 1453 1466
f 10409 1467 1453
f 1468 3892 1453
f 10409 1455 1454
f 1455 11389 1454
f 1454 8035 10414
f 1454 11342 8035
f 10409 1454 10414
f 1454 11389 11342
f 1455 3894 3575
f 1455 3575 11389
f 1455 3892 3894
f 1458 8060 1456
f 10410 1458 1456
f 1459 1456 8064
f 10410 1456 1459
f 1456 8060 8061
f 1456 8061 8064
f 10410 1457 1458
f 1457 10428 1458
f 3890 1500 1457
f 1500 10428 1457
f 3890 1457 11072
f 10410 11072 1457
f 1458 8017 8060
f 1458 10427 8017
f 1458 10428 10427
f 10410 1459 3889
f 3889 1459 11086
f 8673 1459 8064
f 11086 1459 8673
f 1513 1462 1460
f 3890 1460 1462
f 1514 1513 1460
f 3889 1514 1460
f 11072 3889 1460
f 3890 11072 1460
f 1513 1461 1462
f 3868 1462 1461
f 1513 6598 1461
f 3868 1461 3865
f 1461 6596 3865
f 1461 6598 6596
f 3868 3867 1462
f 3890 1462 3867
f 1463 1464 10412
f 1463 10413 1464
f 1463 6177 11628
f 1463 11642 6177
f 1463 10412 11642
f 1463 11628 10413
f 1464 10414 8035
f 1464 8035 11576
f 1464 11576 10412
f 1464 10413 10414
f 2686 11374 1465
f 11375 1465 2688
f 2688 1465 11380
f 1465 11374 11380
f 6545 1466 1467
f 8160 1468 1466
f 6545 3895 1466
f 8162 1466 3895
f 8160 1466 8162
f 6176 6545 1467
f 1468 8898 3892
f 8158 1468 8160
f 8158 8898 1468
f 6500 6505 1469
f 6500 1469 6508
f 6505 6533 1469
f 6508 1469 10415
f 1469 6533 6532
f 10415 1469 6532
f 8032 1470 1471
f 1471 1470 8868
f 1470 6537 6533
f 1470 6533 8868
f 1470 6539 6537
f 6539 1470 8032
f 8030 6519 1471
f 8034 1471 6519
f 8030 1471 8868
f 8034 8032 1471
f 2189 3845 1472
f 3845 8963 1472
f 6124 1472 3846
f 3846 1472 8963
f 1473 1474 1475
f 8871 1474 1473
f 1473 1475 8067
f 1473 8067 1478
f 1473 1478 8870
f 8871 1473 8870
f 10417 1475 1474
f 10417 1474 1610
f 10496 1610 1474
f 10496 1474 8871
f 6580 8068 1475
f 6580 1475 10417
f 1475 8068 8067
f 6585 1476 1611
f 10417 1611 1476
f 6580 1476 6581
f 6580 10417 1476
f 6581 1476 6582
f 6582 1476 6585
f 1477 1478 8059
f 1477 8870 1478
f 1477 8058 8057
f 1477 8057 8873
f 1477 8059 8058
f 1477 8873 8870
f 1478 8069 8059
f 1478 8067 8069
f 1579 1479 1481
f 10420 1481 1479
f 4104 1479 1579
f 1580 1479 4104
f 1580 6552 1479
f 6552 11131 1479
f 10420 1479 11131
f 1480 4111 1501
f 1480 1606 6768
f 4110 4111 1480
f 4110 1480 6768
f 1579 1481 1483
f 1593 1483 1481
f 1618 1593 1481
f 1618 1481 10420
f 4104 1579 1482
f 1579 10421 1482
f 3917 1482 10421
f 10806 1482 3917
f 10422 4104 1482
f 10422 1482 10806
f 1579 1483 10421
f 1593 10484 1483
f 1594 10421 1483
f 1594 1483 10484
f 1595 1484 1594
f 1594 1484 10421
f 1597 1484 1595
f 1598 1484 1597
f 3917 1484 1598
f 3917 10421 1484
f 6560 1485 1486
f 10422 1486 1485
f 1584 1485 10478
f 1584 10481 1485
f 6560 10478 1485
f 10422 1485 10481
f 6560 1486 6561
f 1486 10806 6561
f 10422 10806 1486
f 8955 1487 1489
f 10424 1489 1487
f 1492 1490 1487
f 10425 1487 1490
f 8955 1492 1487
f 10424 1487 10425
f 1496 1495 1488
f 1495 10424 1488
f 1497 1496 1488
f 8022 1497 1488
f 8022 1488 8019
f 8019 1488 10424
f 1495 1489 10424
f 8955 1489 6562
f 8953 1491 1490
f 8953 1490 1492
f 8953 1582 1491
f 1582 10478 1491
f 6560 1491 10478
f 8953 1492 8954
f 8954 1492 8955
f 10653 1493 1494
f 10653 6574 1493
f 1493 6574 11092
f 1493 11092 11104
f 4074 3923 1494
f 3923 10653 1494
f 1496 9500 1495
f 1504 1496 1497
f 1504 1497 10430
f 8022 8021 1497
f 8021 10430 1497
f 8016 1498 1499
f 1499 1498 10427
f 8020 1498 8016
f 8020 8018 1498
f 8018 10427 1498
f 8025 1499 8015
f 8015 1499 10428
f 8016 1499 8025
f 1499 10427 10428
f 3890 3867 1500
f 8023 1500 3867
f 8023 8015 1500
f 8015 10428 1500
f 3914 1501 4111
f 6489 1503 1502
f 1503 10430 1502
f 6489 1502 8026
f 8021 8025 1502
f 8021 1502 10430
f 1502 8025 8026
f 3286 1505 1503
f 1505 10430 1503
f 3286 1503 8904
f 6489 8904 1503
f 9507 1504 1505
f 1505 1504 10430
f 6521 1506 1507
f 1506 8718 1507
f 1506 3884 6851
f 1506 11156 3884
f 6521 11156 1506
f 1506 6851 8718
f 6521 1507 1508
f 1507 12053 1508
f 1507 8718 8719
f 1507 8719 12053
f 5964 1508 12053
f 5964 12059 1508
f 6521 1508 6522
f 6522 1508 11162
f 1508 12059 11162
f 9279 1509 4166
f 4166 1509 12086
f 4169 1509 9283
f 4169 12086 1509
f 9279 9281 1509
f 9281 9284 1509
f 9283 1509 9284
f 1510 10437 3436
f 1510 3436 12021
f 7219 6548 1510
f 1510 6548 10437
f 7219 1510 12023
f 12023 1510 12021
f 1511 3489 10436
f 1511 11637 3489
f 1511 10436 6548
f 11143 1511 6548
f 9398 1511 11143
f 9398 11637 1511
f 1512 2370 9757
f 11063 2370 1512
f 2371 1512 2374
f 11063 1512 2371
f 10337 1513 1514
f 1513 6601 6598
f 10337 6601 1513
f 3889 11086 1514
f 10337 1514 10324
f 11086 10324 1514
f 6603 1517 1515
f 8079 1515 1517
f 1515 8078 3979
f 1515 3979 10438
f 6603 1515 10438
f 8079 8078 1515
f 1516 1524 1527
f 1516 8088 1524
f 6603 1516 1527
f 6603 10438 1516
f 11075 8088 1516
f 11075 1516 10438
f 6603 11079 1517
f 8079 1517 8087
f 8087 1517 8086
f 8086 1517 11079
f 1518 1519 3955
f 1518 9509 1519
f 11077 1518 3955
f 1518 8033 10458
f 11077 8033 1518
f 1518 10458 9509
f 1519 10441 3955
f 1519 9509 10440
f 1519 10440 10441
f 1520 1555 9113
f 10441 1555 1520
f 1520 3953 9897
f 1520 9975 3953
f 1520 9113 9975
f 10441 1520 9897
f 1521 1526 1522
f 1521 1524 1526
f 1521 10444 1524
f 6509 10444 1521
f 1522 1526 9969
f 10001 1522 9969
f 10013 1522 10001
f 3951 9775 1523
f 3951 1523 10001
f 3962 6514 1523
f 3962 1523 9775
f 6514 10013 1523
f 10013 10001 1523
f 1524 8088 1526
f 1524 10444 1527
f 6604 1527 1525
f 1525 1527 10444
f 10290 1525 6512
f 6512 1525 10444
f 10290 6604 1525
f 8088 8089 1526
f 8089 9969 1526
f 6603 1527 6604
f 9108 1529 1528
f 10447 1528 1529
f 1528 1530 6194
f 10447 1530 1528
f 9106 1528 6194
f 9108 1528 9106
f 9111 5928 1529
f 1529 5928 11890
f 9111 1529 9108
f 10447 1529 11890
f 1530 11572 6194
f 1530 9856 11572
f 1531 1532 1533
f 1531 1534 1532
f 1531 1533 5934
f 5938 1534 1531
f 5938 1531 5934
f 3976 1533 1532
f 1534 3270 1532
f 3977 1532 3270
f 3976 1532 3977
f 5934 1533 3311
f 10453 3311 1533
f 3976 10453 1533
f 8701 3270 1534
f 5938 5937 1534
f 8701 1534 5937
f 1535 1537 3278
f 1535 11763 1537
f 1535 8463 3089
f 1535 3089 11763
f 1535 3278 11895
f 1535 11895 8463
f 1537 1536 1541
f 1537 10449 1536
f 1540 7730 1536
f 1540 1536 10449
f 1541 1536 1543
f 1543 1536 7730
f 1537 1538 10449
f 1537 11763 1538
f 1537 1541 3278
f 1538 1564 1563
f 1538 1563 10449
f 1538 11768 1564
f 1538 11763 11768
f 5526 1539 9573
f 5526 11046 1539
f 5529 1539 8686
f 5529 9573 1539
f 11046 8686 1539
f 1561 7730 1540
f 1561 1540 11918
f 1562 1540 10449
f 1562 11918 1540
f 1541 1543 1542
f 1541 1542 7705
f 1541 7705 3278
f 7731 1542 1543
f 1542 7706 7705
f 7732 7706 1542
f 7732 1542 7731
f 1543 7730 7733
f 7731 1543 7733
f 10453 1547 1544
f 10453 1544 3311
f 1545 7628 7629
f 1545 7630 7628
f 9277 1545 7629
f 9275 7630 1545
f 9275 1545 9276
f 9276 1545 9277
f 3313 1546 3317
f 3974 3317 1546
f 3974 1546 11042
f 10450 11042 1546
f 11027 5952 1547
f 10453 6639 1547
f 11027 1547 6639
f 1592 1548 2139
f 1592 4111 1548
f 1618 4106 1548
f 1618 1548 4108
f 4106 2139 1548
f 4108 1548 4110
f 4110 1548 4111
f 1549 3981 3978
f 8374 1549 3978
f 12058 3981 1549
f 5962 1549 8374
f 5962 12058 1549
f 1550 3982 3981
f 12058 1550 3981
f 1550 3983 3982
f 1550 10455 3983
f 5966 10455 1550
f 5966 1550 12058
f 3986 1551 1553
f 11020 1553 1551
f 10455 3292 1551
f 11020 1551 3292
f 3983 1551 3986
f 3983 10455 1551
f 10458 1553 1552
f 11020 1552 1553
f 11020 6638 1552
f 8033 3986 1553
f 8033 1553 10458
f 1555 1554 9114
f 10440 1554 1555
f 6612 9114 1554
f 1555 9114 9113
f 10441 10440 1555
f 6618 6617 1556
f 6617 10463 1556
f 6618 1556 11766
f 10461 10161 1556
f 10161 11766 1556
f 10461 1556 10463
f 3999 1557 1568
f 1557 9721 1568
f 3999 10464 1557
f 1557 10463 9721
f 10462 10463 1557
f 10462 1557 10464
f 7495 1558 1559
f 1559 1558 10464
f 7495 10163 1558
f 10461 1558 10163
f 10461 10462 1558
f 10462 10464 1558
f 1559 4001 4002
f 1559 10464 4001
f 1559 4002 4009
f 7495 1559 4009
f 1562 6645 1560
f 1562 1560 11918
f 3306 1560 3225
f 1560 11854 3225
f 3306 11918 1560
f 1560 6645 11015
f 1560 11015 11854
f 1561 3304 3303
f 1561 3303 7736
f 1561 3305 3304
f 1561 11918 3305
f 1561 7736 7730
f 1562 1563 6645
f 1562 10449 1563
f 1564 11013 1563
f 1563 11013 6645
f 1564 3091 4012
f 1564 11768 3091
f 1564 4012 11013
f 1599 8697 1565
f 1565 8697 9235
f 1565 9235 9236
f 1565 9236 9237
f 1570 1566 1567
f 1570 1569 1566
f 1569 10466 1566
f 3998 1570 1567
f 3996 3997 1567
f 3998 1567 3997
f 3998 1568 1570
f 10468 1570 1568
f 3998 3999 1568
f 10468 1568 9721
f 10467 1569 1570
f 9512 1569 10467
f 10467 1570 10468
f 1571 1572 1676
f 1571 10471 1572
f 1571 1676 5951
f 4032 5945 1571
f 4032 1571 5951
f 1571 5945 10471
f 10470 1572 1577
f 10470 1676 1572
f 1573 5951 1676
f 1573 1676 8947
f 3121 1573 4030
f 3121 4031 1573
f 1573 8947 4030
f 4031 5951 1573
f 1574 1577 5987
f 1574 10469 1577
f 1574 5987 6696
f 1574 6697 6682
f 1574 6682 10469
f 1574 6696 6697
f 1575 1586 1587
f 10469 1586 1575
f 1575 1587 8948
f 1575 8948 8947
f 10470 1575 8947
f 10470 10469 1575
f 1576 10471 1578
f 1576 1578 10475
f 4029 1576 10473
f 1576 10475 10473
f 1577 4029 5987
f 10470 1577 10469
f 4036 2059 1578
f 2059 10827 1578
f 4036 1578 10471
f 1578 10827 10475
f 1585 6684 1580
f 1585 1580 10481
f 1580 4104 10481
f 1580 6684 6552
f 1585 1584 1581
f 1584 10477 1581
f 1588 1585 1581
f 1588 1581 1587
f 1581 8949 1587
f 1581 10477 8949
f 8957 1583 1582
f 1583 10477 1582
f 8953 8957 1582
f 1582 10477 10478
f 1583 8950 8949
f 1583 8949 10477
f 1583 8951 8950
f 8957 8951 1583
f 1585 10481 1584
f 1584 10478 10477
f 1588 6684 1585
f 1588 1587 1586
f 1588 1586 6682
f 6682 1586 10469
f 1587 8949 8948
f 1588 6682 6684
f 1591 1589 1672
f 1591 11108 1589
f 1598 1672 1589
f 3918 1598 1589
f 3918 1589 11108
f 1591 1672 1590
f 1591 1590 8056
f 1619 1590 1672
f 1619 10497 1590
f 1590 3536 8056
f 1590 10497 3536
f 1591 8685 6559
f 1591 6559 11108
f 1591 8056 8685
f 1592 2139 10821
f 3914 4111 1592
f 3914 1592 6766
f 1592 10821 6766
f 1618 4108 1593
f 4108 10484 1593
f 1595 1594 10484
f 1597 1595 10491
f 1634 1595 10484
f 1634 10491 1595
f 9190 2012 1596
f 2012 9672 1596
f 10804 9190 1596
f 1598 1597 1672
f 1619 1672 1597
f 1619 1597 10491
f 3917 1598 10809
f 10809 1598 3918
f 1599 4890 8697
f 1599 9079 4890
f 1599 9238 9079
f 1600 1601 1612
f 10486 1601 1600
f 1600 1617 1603
f 10486 1600 1603
f 10493 1600 1612
f 10493 1617 1600
f 10486 1605 1601
f 10487 1601 1605
f 10487 1612 1601
f 6577 1602 8044
f 6577 10487 1602
f 8043 8044 1602
f 8043 1602 10515
f 10488 1602 10487
f 10515 1602 10488
f 6767 1606 1603
f 1606 10486 1603
f 1603 1617 1616
f 6767 1603 1616
f 1604 1810 5539
f 1604 3036 3037
f 1604 5539 3036
f 1604 3037 11714
f 9514 10488 1605
f 10488 10487 1605
f 6768 1606 6767
f 1609 1607 1608
f 1608 1607 10491
f 1609 1620 1607
f 1619 10491 1607
f 1619 1607 10497
f 1607 1620 10497
f 1609 1608 6767
f 1608 1634 6768
f 1608 10491 1634
f 1608 6768 6767
f 1609 1616 1620
f 1609 6767 1616
f 1614 1611 1610
f 10417 1610 1611
f 1614 1610 1613
f 10496 1613 1610
f 6579 1611 1614
f 6579 6585 1611
f 6577 1615 1612
f 10493 1612 1615
f 6577 1612 10487
f 10493 1614 1613
f 10493 1613 1617
f 10495 1617 1613
f 10496 10495 1613
f 6579 1614 1615
f 10493 1615 1614
f 6577 6578 1615
f 6578 6588 1615
f 6579 1615 6588
f 10495 1616 1617
f 1620 1616 10499
f 10499 1616 10495
f 1618 10420 4106
f 10497 1620 8872
f 8872 1620 10499
f 1621 1622 10500
f 1621 10500 1624
f 1622 10502 1631
f 1622 1631 10506
f 1622 10506 10500
f 4114 1624 1623
f 1623 1624 10500
f 4119 1623 1632
f 1623 10500 1632
f 4114 1623 5634
f 4119 5634 1623
f 4114 4112 1624
f 1625 8597 1630
f 1625 1630 10502
f 1625 8595 8597
f 1625 8606 8595
f 9397 9402 1626
f 1627 1629 1630
f 1627 1812 1629
f 1627 1630 8594
f 1627 9609 1812
f 5788 1628 7021
f 5788 9231 1628
f 5789 7021 1628
f 5789 1628 8698
f 8698 1628 9234
f 1628 9231 9234
f 1629 10502 1630
f 1629 1812 1631
f 1629 1631 10502
f 1630 8597 8594
f 1631 1812 4312
f 10506 1631 4312
f 4119 1632 10645
f 10506 4313 1632
f 1632 4313 10645
f 10506 1632 10500
f 1633 1635 1641
f 1633 4120 1635
f 1633 1641 1640
f 1633 1640 1663
f 10509 1633 1663
f 10509 4120 1633
f 4108 4110 1634
f 4108 1634 10484
f 1634 4110 6768
f 1635 8214 1641
f 1814 1635 4120
f 1814 4121 1635
f 4121 8214 1635
f 8010 1636 1678
f 10513 1678 1636
f 8010 8209 1636
f 8209 10541 1636
f 10511 10513 1636
f 10511 1636 10541
f 1637 1681 1650
f 10518 1637 1650
f 1637 1684 1681
f 8000 1637 1683
f 10518 1683 1637
f 8000 1684 1637
f 1653 1666 1638
f 10512 1653 1638
f 10533 1638 1666
f 10513 1638 1675
f 10533 1675 1638
f 10512 1638 10511
f 10511 1638 10513
f 1639 1640 1641
f 1639 8210 1640
f 1639 1641 8213
f 8010 8210 1639
f 8010 1639 8211
f 1639 8213 8211
f 1640 4160 1663
f 1640 1679 4160
f 1640 8210 1679
f 8214 8213 1641
f 1642 1644 1646
f 1642 1647 1644
f 3898 1642 1646
f 1642 6582 1647
f 3898 6581 1642
f 6581 6582 1642
f 1643 1644 1647
f 1643 3932 1644
f 1643 1647 6589
f 1643 10514 3932
f 10543 1643 6589
f 10543 10514 1643
f 1644 3930 1646
f 1644 3932 3930
f 1665 5488 1645
f 5492 1665 1645
f 5491 1645 5488
f 12018 1645 5491
f 5492 1645 12018
f 3898 1646 3933
f 6582 6584 1647
f 1647 6584 6589
f 8043 1648 4365
f 10517 4365 1648
f 8043 10515 1648
f 9516 10517 1648
f 1649 9785 2963
f 5524 7550 1649
f 1649 7550 9785
f 1652 1650 4153
f 10518 1650 1652
f 4153 1650 1681
f 4150 1651 1652
f 10518 1652 1651
f 4798 1653 1651
f 10512 1651 1653
f 4798 1651 4150
f 10512 10518 1651
f 4150 1652 10122
f 1652 4153 8710
f 1652 8710 10122
f 1653 1668 1666
f 4798 1668 1653
f 1661 1658 1654
f 1658 10522 1654
f 10666 1661 1654
f 1654 10522 9615
f 1868 9702 1655
f 1868 1655 10685
f 1656 4112 4114
f 1656 10521 4112
f 1656 7313 10521
f 1656 12044 7313
f 1660 6800 1657
f 1660 1657 10522
f 1657 6800 1662
f 1657 9615 10522
f 1661 4156 1658
f 1658 4156 10523
f 1658 10525 10522
f 1658 10523 10525
f 1659 4157 4155
f 1659 4155 12180
f 1659 10523 4157
f 1659 4158 10524
f 1659 12180 4158
f 1659 10524 10523
f 1660 12149 6800
f 1660 10522 10525
f 1660 10525 10524
f 1660 10524 12149
f 1840 10665 1661
f 1840 1661 10666
f 1661 12163 4156
f 1661 10665 12163
f 1662 1848 9613
f 10764 1848 1662
f 10764 1662 6800
f 1664 10509 1663
f 1664 1663 12110
f 12110 1663 4160
f 1664 9521 2673
f 1664 2673 10509
f 1665 5489 5488
f 5492 9193 1665
f 10529 1667 1666
f 1667 10533 1666
f 10529 1666 1668
f 4148 1670 1667
f 10530 1667 1670
f 4148 1667 10529
f 10530 10533 1667
f 3906 1668 4149
f 3906 10529 1668
f 4798 4149 1668
f 1850 1669 1670
f 10530 1670 1669
f 10530 1669 1671
f 10672 1671 1669
f 1849 1669 1850
f 1849 10672 1669
f 4148 1850 1670
f 1671 1674 1673
f 10530 1671 1673
f 1671 12120 1674
f 10672 6797 1671
f 1671 6797 12120
f 10534 1673 1674
f 10533 1673 1675
f 10534 1675 1673
f 10530 1673 10533
f 10534 1674 10538
f 10536 10538 1674
f 10536 1674 12120
f 10513 1675 12112
f 12112 1675 10534
f 10470 8947 1676
f 1679 1677 4160
f 12112 1677 1679
f 1677 10539 4160
f 10534 10538 1677
f 12112 10534 1677
f 10538 10539 1677
f 1679 8210 1678
f 12112 1679 1678
f 8010 1678 8210
f 10513 12112 1678
f 1680 10257 10262
f 1684 8185 1681
f 4153 1681 10568
f 10568 1681 8185
f 1682 5716 5714
f 1682 5714 9188
f 1682 5715 9174
f 1682 9185 5715
f 1682 9174 5716
f 1682 9188 9185
f 8000 1683 10541
f 10512 10511 1683
f 10511 10541 1683
f 10512 1683 10518
f 1684 6786 8185
f 10779 6786 1684
f 3653 1685 3648
f 1689 1686 1688
f 4809 5543 1687
f 4812 1687 5543
f 10066 1687 4812
f 1688 5588 5590
f 4337 5520 1690
f 4337 1690 7546
f 1690 5520 5521
f 1690 5521 5522
f 1690 5522 7546
f 10072 1691 10071
f 9548 10547 1692
f 10545 9653 1692
f 10547 10545 1692
f 1693 2456 2536
f 11158 2456 1693
f 10547 2457 1693
f 11158 1693 2457
f 10545 1693 2536
f 10547 1693 10545
f 1696 2895 1694
f 1696 1694 10549
f 1694 2895 2910
f 1694 2908 10549
f 1694 11599 2908
f 1694 2910 11599
f 1695 1761 10549
f 1695 10597 1761
f 1695 2906 10550
f 1695 11597 2906
f 1695 10549 11597
f 1695 10550 10597
f 1696 10549 1761
f 1696 1761 10596
f 1696 10599 2895
f 1696 10596 10599
f 1697 1698 4262
f 1697 10550 1698
f 1697 4262 11219
f 1697 10597 10550
f 1697 11299 10597
f 1697 11219 11299
f 1698 4264 4262
f 10829 4264 1698
f 10829 1698 10550
f 1699 1701 7927
f 1699 10551 1701
f 1699 6937 6935
f 1699 6935 10551
f 1699 10600 6937
f 1699 7927 10600
f 1700 6934 1749
f 1700 4206 10551
f 1700 6935 6934
f 6935 1700 10551
f 1701 4179 7927
f 1701 11649 4179
f 1701 10551 4205
f 1701 4205 11649
f 10553 1702 1719
f 1702 11660 1719
f 1702 6888 1769
f 1702 1769 10605
f 10553 6888 1702
f 1702 10605 11660
f 1703 1704 1705
f 8258 1704 1703
f 10555 1703 1705
f 8256 1703 1707
f 10555 1707 1703
f 8256 8258 1703
f 11941 1705 1704
f 7926 1704 8255
f 7926 11917 1704
f 8255 1704 8258
f 11917 11941 1704
f 11941 4177 1705
f 4177 12024 1705
f 10555 1705 12024
f 1706 5646 1707
f 1706 1707 10555
f 4175 1706 4176
f 4175 5646 1706
f 1706 10555 4176
f 5645 1707 5646
f 5645 8256 1707
f 1711 4293 1708
f 11869 1708 4293
f 11871 10560 1708
f 11869 11871 1708
f 5418 1709 10049
f 11581 1709 11563
f 1710 5542 4855
f 1710 4855 5548
f 1710 5545 5542
f 5545 1710 5543
f 1710 5546 5543
f 1710 5548 5546
f 1711 4296 4293
f 1711 4295 4296
f 4186 1712 10560
f 4186 10566 1712
f 1712 10558 9594
f 1712 9594 10560
f 10566 10558 1712
f 1713 1717 10562
f 1713 10566 1717
f 1713 4006 10559
f 1713 10562 4006
f 1713 10559 10558
f 1713 10558 10566
f 1714 5278 1765
f 1714 5282 5293
f 1715 1716 4184
f 1715 10562 1716
f 1715 4184 7570
f 1715 7570 6642
f 1715 6642 11019
f 1715 11019 10562
f 1716 1717 4182
f 1716 10562 1717
f 1716 4182 4183
f 1716 4183 4184
f 1717 10566 4182
f 3806 1718 1739
f 3836 1739 1718
f 3806 7950 1718
f 3836 1718 3837
f 3837 1718 7951
f 7951 1718 7950
f 11643 1719 4203
f 11660 4203 1719
f 10553 1719 4210
f 11643 4210 1719
f 8667 1720 4220
f 1720 11505 4220
f 1720 7599 7597
f 10570 1720 7597
f 8667 7599 1720
f 10570 11505 1720
f 6807 10741 1721
f 6807 1721 11602
f 1721 7597 9731
f 10570 7597 1721
f 1721 9731 11602
f 10570 1721 10741
f 4173 11505 1722
f 4173 1722 12036
f 4174 1722 10741
f 4174 12036 1722
f 10570 10741 1722
f 10570 1722 11505
f 1724 8238 1723
f 1723 1801 1802
f 1723 8238 1801
f 1723 1802 4221
f 1724 8234 8233
f 1724 8233 8235
f 1724 8235 8238
f 1743 9176 1725
f 1743 1725 9180
f 1725 9176 5715
f 1725 5715 9185
f 1725 9192 9180
f 1725 9185 9192
f 1735 1726 6828
f 1735 8372 1726
f 6810 1726 6811
f 6810 6829 1726
f 8372 6811 1726
f 1726 6829 6828
f 7500 9184 1727
f 7500 1727 9809
f 8591 1727 9183
f 8591 9809 1727
f 9207 9183 1727
f 9207 1727 9184
f 11458 1729 1728
f 4230 1728 6810
f 11458 1728 4230
f 4225 1730 1729
f 4229 4225 1729
f 11458 4229 1729
f 4225 11493 1730
f 1731 1741 1744
f 11959 1741 1731
f 1731 1744 9175
f 1731 9178 3361
f 11959 1731 3361
f 1731 9175 9178
f 4123 1732 6837
f 4123 10407 1732
f 4124 6832 1732
f 4124 1732 10576
f 6837 1732 6832
f 1732 10407 10576
f 1735 1733 1734
f 1734 1733 10576
f 1735 6833 1733
f 4124 1733 6833
f 4124 10576 1733
f 1735 1734 8372
f 1736 4132 1734
f 1736 1734 10576
f 1734 4132 8372
f 1735 6828 6833
f 1736 4131 4132
f 6773 4131 1736
f 6773 1736 4133
f 1736 10407 4133
f 1736 10576 10407
f 3988 1737 6881
f 3988 8003 1737
f 6881 1737 6835
f 10577 6835 1737
f 1737 8003 10577
f 6853 6856 1738
f 6853 1738 7765
f 8992 1738 6856
f 7765 1738 8003
f 10577 8003 1738
f 8992 10577 1738
f 3381 3806 1739
f 3835 3381 1739
f 3835 1739 3839
f 3836 3839 1739
f 1740 3019 2992
f 1740 2992 10724
f 1740 8992 3019
f 1740 6835 10577
f 1740 10724 6835
f 1740 10577 8992
f 10580 1744 1741
f 10578 1741 3359
f 11959 3359 1741
f 10578 10580 1741
f 1756 1742 1753
f 1753 1742 11868
f 1756 10579 1742
f 3358 1742 10579
f 11865 1742 3358
f 11868 1742 11865
f 9175 9176 1743
f 9175 1743 9178
f 9178 1743 9182
f 9181 1743 9180
f 9181 9182 1743
f 1788 1744 9173
f 1788 9175 1744
f 10580 9173 1744
f 1750 1746 1745
f 1751 1750 1745
f 1751 1745 10657
f 5703 10657 1745
f 1750 1747 1746
f 1754 1747 1750
f 1754 6012 1747
f 6012 6010 1747
f 5700 5707 1748
f 5700 1748 10581
f 5701 10581 1748
f 5703 1748 5707
f 1789 1749 6934
f 1789 10581 1749
f 5701 1749 10581
f 1751 10586 1750
f 1754 1750 10590
f 1750 10586 10590
f 1752 10584 1751
f 1752 1751 10657
f 1751 10584 10586
f 1752 5711 5712
f 1752 10657 5711
f 1752 5712 5725
f 1752 5725 10584
f 6011 1754 1753
f 1754 10590 1753
f 1756 1753 10590
f 6011 1753 11868
f 6011 6012 1754
f 1756 1755 10579
f 1755 1903 9173
f 1755 9173 10580
f 1755 10580 10579
f 1757 1762 10592
f 1757 10598 1762
f 1757 10595 1763
f 1757 1763 10598
f 10593 1757 10592
f 10593 10595 1757
f 1761 4243 1758
f 1761 1758 10596
f 1762 1758 10592
f 1762 10596 1758
f 11326 1758 4243
f 11326 10592 1758
f 10593 10592 1759
f 11326 1759 10592
f 10594 10593 1759
f 11370 10594 1759
f 11326 11310 1759
f 11370 1759 11310
f 10595 1760 1764
f 1760 10602 1764
f 10594 1760 10595
f 10594 11022 1760
f 11018 10602 1760
f 11022 11018 1760
f 1761 10597 4243
f 1762 10598 10596
f 10595 1764 1763
f 10603 1763 1764
f 10050 1763 10603
f 10602 1766 1764
f 10603 1764 1766
f 11636 1765 11634
f 4246 1766 4254
f 11289 1766 4246
f 4254 1766 10602
f 11289 10603 1766
f 4199 1767 4200
f 4199 11681 1767
f 1767 10613 4200
f 10605 1767 4202
f 1767 11681 4202
f 10605 10613 1767
f 1771 1768 1769
f 10605 1769 1768
f 1771 10607 1768
f 10605 1768 10613
f 1768 10607 10608
f 1768 10608 10613
f 1771 1769 6889
f 6888 6889 1769
f 1771 6889 6897
f 10649 1771 6897
f 10649 10607 1771
f 1773 1772 10607
f 11114 1772 1773
f 1772 10608 10607
f 1772 10610 10608
f 11114 10610 1772
f 1773 6899 7511
f 10649 6899 1773
f 11114 1773 7511
f 10649 1773 10607
f 1775 10609 1774
f 11739 1775 1774
f 1776 1774 10609
f 1776 10610 1774
f 11096 1774 10610
f 11096 11739 1774
f 1775 4192 10609
f 1775 11819 4192
f 11739 11819 1775
f 1776 10609 4200
f 1776 4200 10613
f 1776 10608 10610
f 1776 10613 10608
f 1780 1777 1778
f 9349 1778 1777
f 10617 1777 1780
f 10615 1780 1778
f 1783 10615 1778
f 1779 10615 1783
f 1779 1783 10621
f 4305 1779 4306
f 4305 10615 1779
f 4306 1779 10618
f 1779 10621 10618
f 4305 1780 10615
f 4305 10798 1780
f 10617 1780 10798
f 10671 1781 4308
f 4308 1781 10798
f 10617 10798 1781
f 10671 10695 1781
f 1782 10621 1783
f 9570 10621 1782
f 10832 1784 1785
f 1784 4289 9579
f 4289 1784 10832
f 9575 1784 9579
f 1788 9174 9176
f 1788 9176 9175
f 1789 6934 4299
f 1789 4299 9589
f 1790 10627 1792
f 1790 1792 11536
f 1790 5748 10626
f 1790 11536 5748
f 1790 10626 10627
f 1791 5747 5746
f 1791 10626 5747
f 1800 1792 1798
f 1792 10627 1798
f 1793 4301 1794
f 1793 1798 1795
f 1793 1795 4301
f 1793 1797 1798
f 1794 4301 9002
f 1794 9002 9004
f 1795 1796 4301
f 1795 1798 10627
f 1796 10828 4301
f 1796 9587 10629
f 1796 10629 10828
f 1800 1798 1797
f 1800 1797 10630
f 4303 10630 1797
f 1799 7957 6459
f 1799 6459 8853
f 1799 6461 7957
f 1799 8007 6461
f 1799 8005 8007
f 1799 8853 8005
f 9599 1800 10630
f 4327 1802 1801
f 4327 1801 4326
f 4326 1801 8237
f 1801 8238 8237
f 1802 4222 4221
f 1802 6967 4222
f 4327 6967 1802
f 8195 1803 1805
f 8195 8072 1803
f 8196 1803 8072
f 1804 10637 1807
f 1805 4310 4309
f 1805 4309 6816
f 1805 4316 4310
f 8195 1805 6816
f 10925 1806 4102
f 4103 10838 1806
f 4103 1806 10925
f 1806 10838 4582
f 1807 10637 1809
f 10641 1811 1808
f 1818 4314 1809
f 1818 1809 4315
f 4314 10641 1809
f 4315 1809 10637
f 1810 4812 5543
f 1810 5546 5539
f 1810 5543 5546
f 4312 1812 1811
f 4312 1811 10752
f 10752 1811 10641
f 4118 1813 1815
f 10643 1815 1813
f 4118 4119 1813
f 4119 10645 1813
f 10643 1813 10648
f 1813 10645 10648
f 8203 1814 1817
f 10643 1817 1814
f 10643 1814 4120
f 8203 4121 1814
f 2673 4116 1815
f 2673 1815 10509
f 4116 4118 1815
f 1815 4120 10509
f 10643 4120 1815
f 1818 10647 1816
f 10766 1818 1816
f 4313 1816 10645
f 10766 1816 4313
f 10648 10645 1816
f 10648 1816 10647
f 8203 1817 1819
f 1819 1817 10647
f 10643 10648 1817
f 10648 10647 1817
f 10766 4314 1818
f 1818 4315 10647
f 8198 8197 1819
f 8197 8204 1819
f 8198 1819 10647
f 8203 1819 8204
f 4317 1820 10650
f 10651 10650 1820
f 1829 1830 1821
f 10651 1829 1821
f 1821 1830 10654
f 10651 1821 10650
f 1821 10654 10650
f 10652 1827 1822
f 10655 1822 1827
f 10650 10654 1822
f 10650 1822 10738
f 10652 1822 10654
f 10655 10738 1822
f 1828 1827 1823
f 10652 1823 1827
f 1828 1823 3178
f 3178 1823 11806
f 10652 3179 1823
f 1830 1824 10654
f 10652 1824 3179
f 3179 1824 11807
f 10652 10654 1824
f 1826 1825 10655
f 10732 1825 1826
f 4324 4317 1825
f 4317 10738 1825
f 4324 1825 10732
f 10655 1825 10738
f 4333 1826 10698
f 10699 1826 4333
f 1826 10655 10698
f 10699 10732 1826
f 1828 10698 1827
f 10655 1827 10698
f 1828 3178 6968
f 1828 6968 6970
f 1828 6970 10698
f 1829 10186 1830
f 10651 9606 1829
f 8534 1831 1834
f 10661 1834 1831
f 3156 1831 8537
f 3156 10659 1831
f 8534 8537 1831
f 10661 1831 10659
f 1832 4893 3502
f 1832 3502 10304
f 1832 10304 6312
f 1833 5772 10661
f 10660 1833 10659
f 10661 10659 1833
f 10660 11935 1833
f 5773 2345 1834
f 8535 1834 2345
f 5773 1834 10661
f 8534 1834 8535
f 10571 1835 10554
f 10554 1835 10663
f 10573 1835 10571
f 10573 10662 1835
f 10663 1835 10662
f 10563 1836 1838
f 10664 1838 1836
f 10573 6979 1836
f 6979 10664 1836
f 10563 10662 1836
f 10573 1836 10662
f 6984 4351 1837
f 10663 1837 4351
f 6984 1837 4352
f 10583 4352 1837
f 10632 10583 1837
f 10663 10632 1837
f 6993 6998 1838
f 10563 1838 6998
f 1839 7532 5498
f 1839 7525 7532
f 9800 7525 1839
f 10521 9800 1839
f 1840 1876 1878
f 1840 10666 1876
f 1840 1878 10668
f 1840 10668 10665
f 1842 1843 1841
f 1842 1841 10665
f 1843 7523 1841
f 1841 7523 7524
f 1841 7524 12163
f 10665 1841 12163
f 1842 7530 1843
f 1842 10669 7530
f 1842 10665 10668
f 1842 10668 10669
f 1843 7526 7523
f 7530 7526 1843
f 4126 4125 1844
f 4139 1844 4125
f 4126 1844 6780
f 4139 4146 1844
f 4146 10784 1844
f 1844 10784 6780
f 1845 10668 1878
f 1845 1878 10691
f 4353 10528 1845
f 4353 1845 10691
f 1845 10528 10669
f 1845 10669 10668
f 1847 1846 7529
f 10526 1846 1847
f 6995 7527 1846
f 10526 6995 1846
f 1846 7527 7528
f 1846 7528 7529
f 1847 7529 7530
f 1847 7530 10669
f 10526 1847 10528
f 1847 10669 10528
f 1853 1848 1851
f 10764 1851 1848
f 1853 9613 1848
f 1849 1850 10677
f 1849 1854 10673
f 1849 10677 1854
f 1849 10673 10672
f 4148 1852 1850
f 1850 1852 4374
f 1850 4374 10677
f 10673 1853 1851
f 10672 1851 6797
f 10764 6797 1851
f 10672 10673 1851
f 4148 3906 1852
f 3906 4370 1852
f 10416 1852 4370
f 4373 4374 1852
f 10416 4373 1852
f 1856 1853 10673
f 1857 1856 1854
f 1856 10673 1854
f 1857 1854 10678
f 10677 10678 1854
f 1855 2140 10678
f 1855 10886 2140
f 2141 1855 4374
f 2141 10886 1855
f 10677 4374 1855
f 10677 1855 10678
f 1857 2144 1856
f 1857 10888 2144
f 1857 10678 10888
f 1858 1859 1860
f 11068 1859 1858
f 1858 1860 1861
f 8277 1858 1861
f 11068 1858 8277
f 3903 1859 3902
f 3911 3902 1859
f 3911 1859 11068
f 10375 1861 1860
f 1867 10375 1860
f 1862 8278 1861
f 1862 1861 10375
f 8278 8277 1861
f 1862 4378 6999
f 1862 10375 4378
f 1862 6999 10552
f 1862 10552 8278
f 1863 4804 2150
f 1863 2150 4924
f 10332 4383 1863
f 1863 4383 10347
f 1863 10679 4804
f 10332 1863 4924
f 1863 10347 10679
f 10679 1864 1865
f 1865 1864 10681
f 1866 1864 10347
f 1866 10681 1864
f 1864 10679 10347
f 1869 4969 1865
f 1869 1865 10683
f 1865 4969 10679
f 1865 10681 10683
f 1866 4379 4378
f 1866 4378 10681
f 1866 4382 4379
f 1866 10347 4382
f 1868 10683 1867
f 1867 10681 10375
f 1867 10683 10681
f 1868 10685 10683
f 1869 10893 4969
f 1869 10683 10685
f 1869 10685 10895
f 1869 10895 10893
f 1870 2063 4580
f 1870 4580 2152
f 1870 2152 10895
f 1870 10895 10685
f 1885 1872 1871
f 10687 1871 1872
f 10687 1883 1871
f 10697 1871 1883
f 1885 1871 10701
f 10701 1871 10697
f 1885 10688 1872
f 10688 4763 1872
f 10865 1872 4763
f 10865 10687 1872
f 1873 4094 6757
f 1873 8179 4094
f 4100 1873 6757
f 4100 10901 1873
f 4101 8179 1873
f 10901 4101 1873
f 5446 1874 4762
f 7074 4762 1874
f 5446 4763 1874
f 10688 1874 4763
f 7074 1874 10879
f 10879 1874 10688
f 1885 4782 1875
f 1885 1875 10688
f 10878 2131 1875
f 10879 1875 2131
f 10878 1875 4782
f 10879 10688 1875
f 10690 1878 1876
f 10696 10690 1876
f 10548 1877 2110
f 10694 2110 1877
f 10691 1877 10548
f 10691 10690 1877
f 10694 1877 10690
f 10691 1878 10690
f 1879 1880 1881
f 1879 10700 1880
f 10694 1879 1881
f 10696 1879 10694
f 10693 1881 1880
f 1880 1883 1882
f 10693 1880 1882
f 1880 10700 1883
f 2110 1881 2115
f 10694 1881 2110
f 10693 2115 1881
f 10687 1882 1883
f 10693 1882 2114
f 10865 2114 1882
f 10865 1882 10687
f 10700 10697 1883
f 3707 3708 1884
f 3707 1884 4128
f 1884 3708 12054
f 7910 4128 1884
f 7910 1884 4144
f 1884 12054 4144
f 1886 4782 1885
f 1886 1885 10701
f 4386 4781 1886
f 4386 1886 10701
f 1886 4781 5157
f 1886 5157 4782
f 1887 1888 1889
f 4781 1887 1889
f 4386 1887 4781
f 1888 5239 1889
f 2145 1888 2144
f 2145 5239 1888
f 4779 4781 1889
f 4779 1889 5235
f 1889 5239 5235
f 3664 1890 10279
f 3664 11024 1890
f 10276 1890 3675
f 10285 1890 10276
f 10285 10279 1890
f 1891 6336 1892
f 10707 1891 1892
f 1891 6335 6336
f 1891 6337 6335
f 3548 1892 10274
f 3548 10707 1892
f 1892 6336 11358
f 1892 11358 10274
f 10237 1893 4388
f 1893 10709 4388
f 10268 10229 1893
f 10229 10510 1893
f 10268 1893 10237
f 10510 10709 1893
f 7032 1895 1894
f 1895 10709 1894
f 7034 7032 1894
f 10510 7034 1894
f 10510 1894 10709
f 6337 1895 6335
f 6335 1895 7032
f 11355 1895 6337
f 11355 10709 1895
f 6387 6386 1896
f 6388 1896 6386
f 6387 1896 11324
f 6389 1896 6388
f 6389 10710 1896
f 10710 11324 1896
f 9996 1897 3721
f 9994 1897 9996
f 9994 10000 1897
f 10000 10711 1897
f 1898 4407 4397
f 11324 1898 4397
f 10000 4407 1898
f 10000 1898 10711
f 10710 10711 1898
f 10710 1898 11324
f 1900 1899 7404
f 1899 7401 7404
f 1900 7404 5702
f 11223 1900 5702
f 9929 8479 1901
f 10713 1901 8479
f 9918 1901 10713
f 10714 9929 1901
f 1902 2548 5769
f 10715 2548 1902
f 9892 4422 1902
f 10714 1902 4422
f 9892 1902 5769
f 10715 1902 10714
f 1904 1906 1905
f 1904 1905 9617
f 1904 4425 1906
f 1904 4424 4431
f 1904 9617 4424
f 1904 4431 4425
f 1905 1906 2657
f 1905 2657 2655
f 1906 1907 2657
f 1906 4425 1907
f 1927 2660 1907
f 1927 1907 4425
f 1907 2662 2657
f 1907 2660 2662
f 1908 1910 1911
f 11349 1910 1908
f 1908 1911 2656
f 1908 2656 2658
f 11349 1908 2658
f 4044 5153 1909
f 6703 4044 1909
f 4099 1909 5268
f 6703 1909 4099
f 1909 5153 5268
f 2649 1911 1910
f 11340 2649 1910
f 1910 2664 2666
f 11349 2664 1910
f 11340 1910 2666
f 2649 2652 1911
f 10718 1911 2652
f 10718 2656 1911
f 1913 10720 1912
f 2659 1912 11344
f 1912 10720 11344
f 1913 2644 1914
f 1913 1914 10720
f 1913 2643 2644
f 2644 11327 1914
f 2663 1914 5252
f 2663 10720 1914
f 1914 5253 5252
f 1914 11327 5253
f 1915 2658 2662
f 1915 11349 2658
f 1915 2662 11344
f 1915 10720 2663
f 1915 2663 11349
f 1915 11344 10720
f 2648 1916 2647
f 2647 1916 8074
f 2671 1916 2648
f 2671 10722 1916
f 11337 8074 1916
f 11337 1916 10722
f 1918 1917 8104
f 1918 10722 1917
f 2670 1917 2671
f 2670 2675 1917
f 2671 1917 10722
f 1917 2675 8104
f 1918 1921 10722
f 1918 10726 1921
f 1918 8104 10726
f 2653 1920 1919
f 10723 1919 1920
f 1922 1919 10723
f 1922 11334 1919
f 2653 1919 11338
f 11334 11338 1919
f 10722 1921 1920
f 10723 1920 1921
f 2653 11337 1920
f 11337 10722 1920
f 10723 1921 5447
f 1921 10726 5447
f 1922 5836 11336
f 1922 11354 5836
f 1922 10723 11354
f 1922 11336 11334
f 5448 11392 1923
f 5448 1923 11434
f 1923 8104 8134
f 1923 10726 8104
f 1923 8134 11434
f 1923 11392 10726
f 1925 1924 1926
f 1925 10727 1924
f 1926 1924 10728
f 10727 9626 1924
f 1925 1926 4432
f 9820 1925 4432
f 9820 4455 1925
f 4455 10727 1925
f 1926 1927 4425
f 1926 10728 1927
f 1926 4425 4431
f 1926 4431 4432
f 1928 1929 4424
f 9835 4424 1929
f 9835 1929 4428
f 10730 1932 1930
f 10737 1930 1932
f 1939 1934 1930
f 1934 10730 1930
f 1939 1930 10737
f 1937 1931 1933
f 1933 1931 7013
f 1935 7013 1931
f 10733 1935 1931
f 1937 10730 1931
f 10733 1931 10730
f 1938 1932 8542
f 1938 10737 1932
f 10735 8542 1932
f 10735 1932 10730
f 1937 1933 2639
f 2638 1933 2635
f 2635 1933 7013
f 2639 1933 2638
f 1939 10740 1934
f 10733 1934 2717
f 10740 2717 1934
f 10733 10730 1934
f 7014 1935 1936
f 10733 1936 1935
f 7012 7013 1935
f 7014 7012 1935
f 2732 1936 2717
f 10733 2717 1936
f 2732 7018 1936
f 7018 7014 1936
f 1937 2639 8639
f 1937 8639 10735
f 1937 10735 10730
f 1938 2644 2643
f 1938 2643 10737
f 1938 2645 2644
f 1938 8542 2645
f 1939 1940 1941
f 1939 10737 1940
f 1939 1941 10740
f 10737 2643 1940
f 9012 1941 9630
f 9012 10740 1941
f 9750 9749 1942
f 10742 1942 9749
f 9789 9750 1942
f 10742 11431 1942
f 2425 1943 3407
f 2425 11124 1943
f 3203 3407 1943
f 3203 1943 10744
f 10744 1943 5054
f 11124 5054 1943
f 3470 1944 1945
f 10749 1945 1944
f 5052 1944 3470
f 5052 10025 1944
f 10025 10749 1944
f 10745 1945 1946
f 10749 1946 1945
f 3470 1945 5054
f 10744 5054 1945
f 10744 1945 10745
f 1948 1946 10749
f 1948 10750 1946
f 1948 10749 1947
f 1948 1947 11418
f 1947 10025 7387
f 1947 7387 11416
f 1947 10749 10025
f 1947 11416 11418
f 1948 1949 10750
f 1948 11418 1949
f 2704 2709 1949
f 2704 1949 11410
f 1949 2709 10750
f 11418 11410 1949
f 1952 4643 1951
f 10753 1952 1951
f 1951 6860 4622
f 7157 1951 4622
f 1951 4643 6860
f 7157 10753 1951
f 1954 9605 1952
f 10753 1954 1952
f 10751 4643 1952
f 10751 1952 9605
f 1954 1953 7260
f 10753 1953 1954
f 1953 7252 4615
f 1953 4615 7260
f 1953 4620 7252
f 10753 4620 1953
f 7381 4458 1954
f 1954 4458 9605
f 7381 1954 7260
f 1955 1976 1990
f 7046 1956 7042
f 1956 7044 7045
f 1956 7047 7044
f 10755 1956 7045
f 7046 7047 1956
f 1957 1961 2091
f 1957 7045 1961
f 1957 2091 2093
f 1957 2093 10848
f 10755 7045 1957
f 10755 1957 10756
f 10756 1957 10848
f 1959 1958 7212
f 9597 7212 1958
f 9597 1958 9576
f 1958 10504 9576
f 7243 3564 1959
f 8327 1959 7212
f 7243 1959 8327
f 1960 1962 7044
f 1960 8410 1962
f 4474 4465 1960
f 4465 8410 1960
f 4474 1960 4476
f 4476 1960 7044
f 1961 7045 1962
f 1961 1962 8410
f 1962 7045 7044
f 7029 1964 1963
f 1968 1963 1965
f 1965 1963 9637
f 7029 1963 1968
f 7048 1964 7029
f 7046 1964 7048
f 1970 1965 1966
f 1970 1968 1965
f 1970 1966 7033
f 6336 7033 1966
f 6336 1966 11358
f 1967 6699 4559
f 1967 4559 8151
f 1967 8893 6699
f 8150 1967 8151
f 8150 9150 1967
f 1967 9150 8893
f 1970 1969 1968
f 7028 1968 1969
f 7029 1968 7028
f 1970 10759 1969
f 1973 7028 1969
f 1973 1969 10759
f 1970 7033 7035
f 1970 7035 10759
f 1971 1972 1973
f 7037 1972 1971
f 1971 1973 10759
f 7037 1971 10507
f 10505 10507 1971
f 10505 1971 10759
f 1972 1975 1973
f 1972 1974 1975
f 7038 1974 1972
f 7037 7038 1972
f 1975 7028 1973
f 7041 1975 1974
f 7039 4500 1974
f 7041 1974 4500
f 7038 7039 1974
f 1975 7030 7028
f 7041 7030 1975
f 10763 1977 1978
f 10763 9651 1977
f 1978 1979 1981
f 10763 1978 1981
f 10765 1981 1979
f 10761 10765 1979
f 10761 2172 1980
f 10903 1980 2172
f 10903 4534 1980
f 10905 1980 4534
f 10761 1980 10765
f 10763 1981 1984
f 10765 1984 1981
f 1982 5832 5834
f 5833 1982 5834
f 4518 1985 8344
f 4518 9686 1985
f 1985 10778 8344
f 1986 1988 10774
f 10787 1988 1986
f 2002 1986 10774
f 2002 10789 1986
f 10787 1986 2010
f 10789 2010 1986
f 4506 1988 1987
f 10787 1987 1988
f 1987 2008 2009
f 1987 2011 2008
f 4506 1987 2009
f 10787 2011 1987
f 4507 1988 4506
f 4507 10774 1988
f 1992 1991 1989
f 1991 10768 1989
f 1992 1989 4484
f 1992 8351 1991
f 1991 8351 1994
f 1991 1994 10768
f 1993 1992 4484
f 1993 8350 1992
f 1992 8350 8351
f 1993 4487 4486
f 1993 4486 8350
f 1993 9454 4487
f 7072 1995 1994
f 7072 1994 8351
f 2004 1995 7072
f 2004 10776 1995
f 10776 10396 1995
f 1999 1997 1998
f 1998 1997 10770
f 1999 1998 10771
f 4499 1998 4504
f 4499 10771 1998
f 1998 10770 4504
f 7587 8301 1999
f 7587 1999 10771
f 1999 8301 9678
f 8308 2000 7580
f 7580 2000 10771
f 8309 7587 2000
f 7587 10771 2000
f 8308 8309 2000
f 9341 2001 2003
f 2003 2001 10777
f 2001 4505 4504
f 2001 4504 10770
f 9341 4505 2001
f 2001 10770 10777
f 9341 2003 2002
f 2003 10789 2002
f 9341 2002 4510
f 2002 10774 4510
f 2004 2003 10776
f 2004 10789 2003
f 2003 10777 10776
f 2004 7072 7071
f 2004 7071 10789
f 2005 2008 2011
f 10778 2008 2005
f 4516 2005 2011
f 4516 8347 2005
f 2005 8347 8344
f 10778 2005 8344
f 6594 8053 2006
f 9140 6594 2006
f 8042 2006 8053
f 8618 2006 8042
f 8618 9146 2006
f 9146 9140 2006
f 2007 4512 9196
f 2007 9562 4512
f 10782 2007 9196
f 2007 10783 9562
f 10782 9687 2007
f 9687 10783 2007
f 10780 2009 2008
f 10780 2008 10778
f 4509 4506 2009
f 4509 2009 10780
f 4514 2010 7099
f 4514 10787 2010
f 2010 10483 7099
f 10789 10483 2010
f 4514 4516 2011
f 4514 2011 10787
f 4517 2012 9190
f 9397 2477 2013
f 9397 2013 9402
f 2013 9400 9402
f 2014 2017 2018
f 2014 4493 2017
f 2014 2018 10792
f 7092 4493 2014
f 7094 7092 2014
f 7094 2014 10792
f 4599 2015 2018
f 2015 10792 2018
f 2015 4600 4557
f 2015 4557 8468
f 4599 4600 2015
f 2015 8468 10792
f 7095 7094 2016
f 7094 10792 2016
f 7100 7095 2016
f 7101 7100 2016
f 8468 7101 2016
f 8468 2016 10792
f 2017 10793 2018
f 2017 4493 4495
f 2017 4495 10795
f 2017 10795 10793
f 4599 2018 2019
f 2018 10793 2019
f 4599 2019 7126
f 10411 7126 2019
f 10411 2019 10423
f 2019 10793 10423
f 2020 10795 9369
f 2020 9369 10801
f 10795 2020 10794
f 2020 10800 10794
f 2020 10797 10800
f 2020 10801 10797
f 9142 10796 2021
f 9142 2021 10799
f 10492 2021 9358
f 2021 10796 9358
f 10494 2021 10492
f 10799 2021 10494
f 9036 10800 2022
f 9358 10796 2022
f 2022 10797 9358
f 2022 10800 10797
f 5500 2023 5513
f 5515 5513 2023
f 5515 2023 5514
f 7191 2025 2024
f 2025 10799 2024
f 7061 2024 7066
f 7061 7190 2024
f 2024 10799 7066
f 7190 7191 2024
f 6001 2025 7191
f 9142 10799 2025
f 2026 2173 2174
f 2026 5563 2173
f 10906 2026 2174
f 2026 9352 5563
f 2027 3945 3944
f 2027 3944 6602
f 2027 6602 9138
f 2027 9138 9137
f 2032 2028 2029
f 10804 2029 2028
f 2032 2029 2030
f 2030 2029 9670
f 2033 2030 2031
f 2031 2030 8687
f 2033 2032 2030
f 9670 8687 2030
f 2034 2033 2031
f 10805 2034 2031
f 4538 2031 8687
f 4538 10805 2031
f 2033 10807 2032
f 2032 10807 10854
f 2034 10807 2033
f 2034 2102 10807
f 2034 10856 2102
f 10805 10856 2034
f 2037 2036 2035
f 2036 10856 2035
f 2037 2035 10808
f 8692 2035 10805
f 8692 10811 2035
f 2035 10856 10805
f 2035 10811 10808
f 2037 10851 2036
f 2036 10850 2098
f 2036 2098 10856
f 2036 10851 10850
f 2039 7060 2037
f 2039 2037 10808
f 2037 7060 10851
f 2038 6110 6049
f 2038 6049 7191
f 2038 10811 6110
f 2038 7191 7190
f 2038 7190 10808
f 2038 10808 10811
f 2039 7065 7060
f 7061 7065 2039
f 7061 2039 7190
f 2039 10808 7190
f 8847 2040 4534
f 2040 10905 4534
f 10812 2040 8847
f 10814 2040 10812
f 10814 2041 2042
f 10813 9675 2041
f 10813 2041 10812
f 10814 10812 2041
f 2042 8342 8343
f 2042 8346 8342
f 10814 2042 8343
f 4540 4541 2043
f 4540 2043 8623
f 4541 8360 2043
f 8360 4542 2043
f 2043 4542 10815
f 8623 2043 10815
f 2044 10815 8558
f 2044 8558 10816
f 2044 10816 9683
f 6120 4713 2045
f 6120 2045 10820
f 2045 9683 10816
f 10820 2045 10816
f 4986 2046 4984
f 4987 4984 2046
f 4988 2046 4986
f 4987 2046 11425
f 4988 6288 2046
f 6288 11425 2046
f 2047 10457 4859
f 2047 4859 10820
f 2047 8558 7090
f 2047 7090 10457
f 2047 10816 8558
f 2047 10820 10816
f 2048 4042 2191
f 2048 2191 4710
f 4042 2048 10820
f 2048 4710 4714
f 2048 4714 6120
f 2048 6120 10820
f 9714 2231 2049
f 10947 2049 2231
f 2234 4975 2049
f 2234 2049 10947
f 4982 2049 4975
f 4982 4978 2049
f 9714 2049 4978
f 2050 2178 10822
f 2050 10912 2178
f 2050 8358 8357
f 2050 8357 10913
f 2050 10822 8358
f 2050 10913 10912
f 2051 3965 2052
f 2051 2052 7031
f 2051 3888 3965
f 4865 3888 2051
f 4865 2051 10822
f 2051 7031 10822
f 2052 3965 4862
f 2052 4862 10459
f 2052 7088 7031
f 2052 10459 7088
f 2055 2053 10824
f 10835 2053 2055
f 7507 2053 2069
f 10835 2069 2053
f 10825 2053 7507
f 10825 10824 2053
f 2054 4045 4047
f 2054 8541 4045
f 2054 4047 8147
f 10824 2054 8147
f 10824 8541 2054
f 2055 8307 2068
f 10835 2055 2068
f 2055 8147 8307
f 2055 10824 8147
f 2056 4991 2171
f 2056 2171 6289
f 2056 4986 4985
f 2056 4985 4991
f 2056 6289 4986
f 2058 10827 2057
f 2061 2057 2059
f 2059 2057 10827
f 2061 2060 2057
f 2058 10475 10827
f 2061 2059 4034
f 4034 2059 4036
f 2061 10830 2060
f 2060 4579 8175
f 2060 10830 4579
f 4034 2062 2061
f 2062 10830 2061
f 4034 4035 2062
f 4035 8236 2062
f 2062 8236 7104
f 2062 7104 10830
f 4580 2063 10831
f 2064 10831 4578
f 2064 4578 10860
f 4580 10831 2064
f 10859 4580 2064
f 10859 2064 10860
f 2065 4524 4584
f 7668 4524 2065
f 8047 2065 4584
f 7668 2065 10403
f 8047 10439 2065
f 2065 10439 10403
f 2066 10439 7109
f 10442 2066 7109
f 2066 8145 8144
f 10834 2066 8144
f 10442 8145 2066
f 10834 10439 2066
f 10411 7125 2067
f 10834 2067 7125
f 2067 7625 7126
f 10411 2067 7126
f 2067 8144 7625
f 10834 8144 2067
f 2068 8143 8142
f 2068 8142 8145
f 2068 8307 8143
f 10442 2068 8145
f 10835 2068 10442
f 2069 7110 10435
f 10443 7110 2069
f 7507 2069 10435
f 10835 10443 2069
f 2940 2791 2070
f 2791 8246 2070
f 2940 2070 7119
f 7105 2072 2071
f 2071 2072 10838
f 4103 2071 10838
f 4103 10915 2071
f 7105 2071 4575
f 4575 2071 10915
f 7105 7108 2072
f 7108 7113 2072
f 7113 7114 2072
f 8052 2072 7114
f 8052 10838 2072
f 2073 4991 4992
f 2073 4994 4991
f 2073 4992 9323
f 2073 9715 4994
f 2073 9323 9325
f 2073 9325 9715
f 2074 2075 10373
f 10842 2075 2074
f 2074 7397 2079
f 10843 2074 2079
f 10839 7397 2074
f 10839 2074 10373
f 10842 2074 10843
f 2075 7087 4629
f 2075 4629 10373
f 2075 10369 7087
f 10842 10369 2075
f 7140 2076 2077
f 2076 11710 2077
f 7140 10369 2076
f 10842 2076 10369
f 10842 10843 2076
f 10843 11710 2076
f 2077 2078 4634
f 2077 11710 2078
f 7141 2077 4634
f 7140 2077 7141
f 2078 11722 4634
f 2078 11713 6148
f 2078 6148 11722
f 2078 11710 11713
f 2079 6908 6147
f 10843 2079 6147
f 7428 6908 2079
f 7428 2079 7397
f 2081 2080 6820
f 10845 2080 2081
f 4646 2080 4651
f 7179 2080 4646
f 4647 6820 2080
f 4647 2080 7179
f 4651 2080 10845
f 2083 2081 6820
f 8393 2081 2083
f 8393 2084 2081
f 2084 10845 2081
f 4648 4651 2082
f 4648 2082 7156
f 2082 4651 10845
f 7156 2082 7155
f 7155 2082 10355
f 2082 10845 10355
f 2089 8393 2083
f 2089 2083 10846
f 2083 6820 10849
f 2083 10849 10846
f 8392 2086 2084
f 2086 10845 2084
f 8392 2084 8391
f 8393 8391 2084
f 3896 6520 2085
f 3896 2085 8869
f 8037 2085 6520
f 8037 8866 2085
f 2085 8866 8869
f 2086 10354 7158
f 2086 7158 10355
f 8392 10354 2086
f 2086 10355 10845
f 2262 2255 2087
f 2255 3629 2087
f 10969 2262 2087
f 2087 3629 3632
f 4993 2087 3632
f 10969 2087 4993
f 2089 2088 8395
f 2089 10846 2088
f 2088 6236 4496
f 2088 4496 7091
f 2088 10846 6236
f 2088 7091 8395
f 2089 8398 8393
f 2089 8395 8398
f 2092 2090 2091
f 2093 2091 2090
f 2094 2093 2090
f 4688 2094 2090
f 8409 2095 2092
f 8772 2093 2094
f 8772 10848 2093
f 4687 2094 4688
f 8774 2094 4687
f 8772 2094 8774
f 8415 4690 2095
f 8414 2095 8409
f 8415 2095 8414
f 4647 2096 6820
f 4647 10340 2096
f 10331 4704 2096
f 4704 10849 2096
f 10849 6820 2096
f 10331 2096 10340
f 2097 4694 4693
f 2097 4693 6203
f 8402 4694 2097
f 2097 6203 10850
f 8402 2097 8401
f 8401 2097 10850
f 2098 6209 2102
f 2098 2102 10856
f 2098 6203 6209
f 2098 10850 6203
f 3827 2099 3829
f 7992 2099 3827
f 7992 8863 2099
f 2100 4707 10853
f 2100 10854 4707
f 2100 10853 10852
f 2101 4468 9557
f 2101 10853 4468
f 2101 9562 9219
f 2101 9219 10852
f 2101 9557 9562
f 2101 10852 10853
f 2102 6209 10807
f 2103 5201 4778
f 10857 2103 4778
f 2103 4980 4801
f 5171 2103 4801
f 10857 4980 2103
f 5171 5201 2103
f 2104 2151 2152
f 2104 4778 2151
f 2104 2152 10859
f 2104 10857 4778
f 2104 10858 10857
f 2104 10859 10858
f 2105 4733 4731
f 2105 4731 4802
f 2105 10860 4733
f 2105 4802 4980
f 2105 4980 10858
f 2105 10858 10860
f 4741 2106 5615
f 4741 7228 2106
f 2106 10862 5615
f 10245 2106 7228
f 5496 5511 2107
f 10259 5496 2107
f 10861 2107 5511
f 10245 10259 2107
f 7997 4740 2108
f 4740 10862 2108
f 4736 2109 4735
f 7221 4735 2109
f 9690 2109 4736
f 7220 7221 2109
f 2110 2111 2112
f 2110 2115 2111
f 10548 2110 2112
f 4357 2112 2111
f 2111 2115 2116
f 4358 2111 2116
f 4358 4357 2111
f 4356 4355 2112
f 4355 10548 2112
f 4357 4356 2112
f 2162 4966 2113
f 9299 2162 2113
f 2208 2113 4966
f 8446 2113 2208
f 8447 2113 8446
f 8447 9299 2113
f 9695 2114 5450
f 10865 5450 2114
f 10864 2114 9695
f 10864 10693 2114
f 10864 2116 2115
f 10864 2115 10693
f 4770 2117 2118
f 10868 2118 2117
f 4255 2128 2117
f 10868 2117 2128
f 5370 4255 2117
f 5370 2117 4770
f 4770 2118 4772
f 10870 4772 2118
f 10868 9697 2118
f 10870 2118 9697
f 2119 5457 2121
f 2119 2121 7241
f 2119 4761 4759
f 2119 4759 5457
f 2119 7240 4761
f 2119 7241 7240
f 2121 2120 2122
f 2121 5457 2120
f 7084 2122 2120
f 5457 4760 2120
f 10460 2120 4760
f 7084 2120 10460
f 2121 2122 7258
f 2121 7258 7241
f 7084 4745 2122
f 2122 4745 7255
f 7258 2122 7255
f 5409 2123 2124
f 10872 2124 2123
f 4764 4773 2123
f 5409 4764 2123
f 9696 2123 4773
f 9696 10872 2123
f 5409 2124 2125
f 7073 2125 2124
f 7073 2124 4762
f 10872 4762 2124
f 7080 5409 2125
f 7073 10465 2125
f 7080 2125 10474
f 10465 10474 2125
f 4255 2126 2128
f 10873 2128 2126
f 4255 4212 2126
f 4848 2126 4212
f 10875 2126 4848
f 10875 10873 2126
f 4360 2127 10482
f 10875 10482 2127
f 10875 2127 10873
f 10877 10873 2127
f 10877 10868 2128
f 10877 2128 10873
f 10601 4350 2129
f 2129 4350 10639
f 10482 2129 10561
f 10875 2129 10482
f 10561 2129 10639
f 10875 10601 2129
f 2130 4783 4792
f 10878 4783 2130
f 2130 4784 4787
f 2130 4792 4784
f 5156 2130 4787
f 10878 2130 5156
f 5156 4786 2131
f 10480 2131 4786
f 10878 5156 2131
f 10480 10879 2131
f 2132 10880 2134
f 10882 2132 2134
f 2135 10296 2132
f 10882 2135 2132
f 2132 10296 7231
f 2132 7231 10880
f 2133 2710 9029
f 2133 10880 2710
f 2133 4790 4793
f 2133 9029 4790
f 5147 2133 4793
f 5147 10880 2133
f 5147 10177 2134
f 5147 2134 10880
f 7277 2134 10177
f 10882 2134 7277
f 6526 2136 2135
f 2136 10296 2135
f 8435 6526 2135
f 8435 2135 10882
f 6526 10319 2136
f 7192 10313 2136
f 7192 2136 10319
f 2136 10313 10296
f 2137 3910 2138
f 2137 2138 10883
f 2137 3909 3912
f 2137 11128 3909
f 2137 3912 3910
f 2137 10883 11128
f 2138 3910 3911
f 2138 3911 11068
f 2138 6765 10883
f 2138 11068 6765
f 4106 11128 2139
f 2139 10883 10821
f 2139 11128 10883
f 2148 2140 10886
f 2148 10888 2140
f 10678 2140 10888
f 2141 2142 2143
f 4373 2142 2141
f 2141 2143 10886
f 4373 2141 4374
f 2142 10327 2143
f 4373 4380 2142
f 2142 4380 4381
f 2142 4381 10327
f 2147 2143 10327
f 10889 2143 2147
f 2143 10889 10886
f 2145 2144 10888
f 2148 4805 2145
f 2148 2145 10888
f 4775 2145 4805
f 4775 5239 2145
f 2148 2146 4805
f 2148 10886 2146
f 4806 4805 2146
f 10892 4806 2146
f 2146 10886 10889
f 10892 2146 10889
f 2149 2147 4924
f 2149 10889 2147
f 10332 4924 2147
f 10332 2147 10327
f 4880 2149 4808
f 2149 4924 4808
f 10892 2149 4880
f 10892 10889 2149
f 10893 2150 4804
f 2150 4863 4808
f 2150 4808 4924
f 10893 4863 2150
f 2152 2151 10895
f 4778 4863 2151
f 2151 4863 10893
f 2151 10893 10895
f 10859 2152 4580
f 2153 2159 11701
f 2153 5571 10105
f 2153 11701 5571
f 2154 2155 3029
f 10898 2155 2154
f 10898 2154 2159
f 2154 11701 2159
f 2154 3029 11700
f 2154 11700 11701
f 2155 4816 3029
f 2155 4723 4727
f 10898 4723 2155
f 2155 4727 4816
f 2156 2197 3029
f 2156 10921 2197
f 2156 3029 4816
f 4814 2156 4816
f 4814 10921 2156
f 2157 4831 4832
f 2157 4839 4831
f 2157 4832 4845
f 2157 4845 4843
f 4372 2160 2158
f 4842 4372 2158
f 4843 4842 2158
f 10898 2159 2160
f 4372 4841 2160
f 10898 2160 4841
f 3702 3700 2161
f 8784 2161 3700
f 3702 2161 4304
f 3703 4304 2161
f 4392 3703 2161
f 8784 4392 2161
f 4967 2162 4963
f 9300 4963 2162
f 4967 4966 2162
f 9300 2162 9299
f 4820 2163 2164
f 7283 2164 2163
f 4824 4723 2163
f 4841 2163 4723
f 4820 4824 2163
f 7283 2163 4841
f 4141 2165 2164
f 4820 2164 2165
f 7282 4141 2164
f 7282 2164 7283
f 4141 4853 2165
f 4820 2165 4821
f 4821 2165 4849
f 2165 4851 4849
f 2165 4853 4851
f 2168 4827 2166
f 8267 2168 2166
f 2166 4827 4856
f 8265 2166 4856
f 7868 2166 8265
f 2169 2167 8262
f 10902 2167 2169
f 2167 8264 8262
f 8267 8264 2167
f 10902 8267 2167
f 7278 4827 2168
f 7279 7278 2168
f 7279 2168 10902
f 10902 2168 8267
f 2169 4830 4657
f 10902 2169 4657
f 2169 8263 4830
f 2169 8262 8263
f 10903 2172 2170
f 10907 2170 2172
f 8361 2170 7027
f 10907 7027 2170
f 8361 8759 2170
f 10903 2170 8759
f 2171 4993 3632
f 2171 3632 6289
f 4991 4994 2171
f 2171 4994 4993
f 10761 10906 2172
f 10906 10907 2172
f 2173 2176 2174
f 10909 2176 2173
f 5563 5576 2173
f 10909 2173 5576
f 2174 2176 2175
f 10907 2174 2175
f 10906 2174 10907
f 8357 2175 2176
f 7027 2175 8364
f 10907 2175 7027
f 8357 8364 2175
f 2177 2176 10909
f 10913 2176 2177
f 8357 2176 10913
f 2177 10909 2180
f 2177 2180 10911
f 2177 10911 10912
f 10913 2177 10912
f 2178 2179 2196
f 10912 2179 2178
f 3939 2178 2196
f 10822 2178 3939
f 10920 2196 2179
f 10912 10911 2179
f 10914 2179 10911
f 10920 2179 10914
f 5577 2180 2183
f 2180 10909 2183
f 5577 10911 2180
f 10914 2181 2182
f 11723 2182 2181
f 5393 2181 5577
f 5393 11725 2181
f 5577 2181 10914
f 11725 11723 2181
f 10920 2182 2195
f 10921 2195 2182
f 10920 10914 2182
f 11723 10921 2182
f 5393 2183 5575
f 5393 5577 2183
f 5575 2183 5576
f 2183 10909 5576
f 2187 2184 3097
f 2187 10916 2184
f 2184 5555 3097
f 2184 5560 5555
f 5559 5560 2184
f 5559 2184 10916
f 5580 2186 2185
f 2186 10916 2185
f 2185 3452 5286
f 2185 10916 3452
f 2185 5286 5822
f 5580 2185 5822
f 5559 10916 2186
f 5580 5567 2186
f 2187 2981 2983
f 2187 3097 2981
f 2187 2983 3452
f 2187 3452 10916
f 2188 2190 4712
f 2188 10917 2190
f 2193 2188 2191
f 4710 2191 2188
f 2193 10917 2188
f 4710 2188 4712
f 2189 3850 3845
f 2189 3848 3849
f 2189 3849 3850
f 7223 4712 2190
f 7223 2190 10302
f 7224 10302 2190
f 7224 2190 10917
f 2193 2191 2192
f 4042 2192 2191
f 10199 2193 2192
f 4042 2194 2192
f 10199 2192 2194
f 10199 4095 2193
f 4095 10917 2193
f 3891 2194 3993
f 10199 2194 3891
f 2194 7089 3993
f 4859 2194 4042
f 4859 7089 2194
f 4814 4815 2195
f 4814 2195 10921
f 7246 2195 4815
f 7246 10920 2195
f 3907 3939 2196
f 7246 3907 2196
f 7246 2196 10920
f 11700 3029 2197
f 3045 11700 2197
f 3045 2197 11723
f 11723 2197 10921
f 2198 2200 7439
f 2198 10922 2200
f 2198 5224 10922
f 2198 7439 7288
f 2199 2604 11290
f 2199 11293 2604
f 2199 10922 5236
f 2199 5236 11293
f 2199 11286 10922
f 2199 11290 11286
f 2200 2603 7123
f 2200 11284 2603
f 2200 7123 7439
f 2200 10922 11286
f 2200 11286 11284
f 2203 2201 2202
f 6356 2202 2201
f 2203 2383 2201
f 3743 2201 2383
f 6355 2201 3743
f 6355 6356 2201
f 2202 5214 5215
f 6356 5214 2202
f 2203 11251 2383
f 2203 11080 11251
f 8037 2204 8755
f 8037 9135 2204
f 8038 8755 2204
f 9110 8038 2204
f 9136 9110 2204
f 9135 9136 2204
f 2205 2206 2328
f 2205 5218 2206
f 5231 2205 2328
f 5217 5218 2205
f 5217 2205 5233
f 5233 2205 5231
f 6349 2328 2206
f 2206 5215 5214
f 6349 2206 5214
f 5218 5215 2206
f 2207 7284 10165
f 9151 2208 4966
f 4968 2208 9151
f 9154 2208 4968
f 8446 2208 9154
f 3556 3565 2209
f 6241 3556 2209
f 2209 3565 12140
f 4996 2209 3567
f 3567 2209 12140
f 11468 2209 4996
f 11468 6241 2209
f 10924 2210 3744
f 3789 2210 4873
f 3789 10926 2210
f 10924 4873 2210
f 10926 2211 2212
f 10926 2214 2211
f 5006 5002 2213
f 5002 9305 2213
f 5006 2213 5007
f 5008 5007 2213
f 9302 5008 2213
f 9302 2213 9305
f 3789 5033 2214
f 3789 2214 10926
f 2214 5027 5030
f 2214 5033 5027
f 10929 2216 2215
f 10930 2215 2216
f 5020 2575 2215
f 2575 10929 2215
f 5020 2215 7292
f 7292 2215 10930
f 10930 2216 2218
f 10931 2218 2216
f 10929 4878 2216
f 10931 2216 4878
f 3920 2217 2582
f 2217 6764 2582
f 3920 4053 2217
f 2217 4053 4054
f 2217 4054 10899
f 2217 10899 6764
f 2218 3125 5043
f 10931 3125 2218
f 2218 5043 10932
f 10930 2218 10932
f 2220 10933 2219
f 2220 2219 10987
f 10295 10938 2219
f 10938 10987 2219
f 2220 3323 7299
f 2220 10987 3323
f 2221 2291 10992
f 2221 10993 2291
f 2297 2298 2221
f 2221 2298 10993
f 2222 3003 3011
f 2222 4917 3003
f 2222 3011 10940
f 2222 10101 4917
f 2222 10940 10101
f 7324 2224 2223
f 2223 2224 10940
f 2223 4923 7326
f 2223 10940 4923
f 7323 7324 2223
f 7323 2223 7326
f 7324 7319 2224
f 7319 10098 2224
f 2224 10098 7320
f 10940 2224 7320
f 2225 4940 4932
f 10941 2225 4932
f 10942 4940 2225
f 3688 3687 2226
f 4939 2226 3687
f 9726 3688 2226
f 10942 2226 4939
f 6201 6193 2227
f 2227 6193 8036
f 6201 2227 9105
f 2227 8036 8038
f 9105 2227 8038
f 10943 10069 2228
f 10946 2228 10069
f 10943 2228 10254
f 2229 4955 4956
f 2229 4964 4955
f 2229 4956 4966
f 2229 4965 4964
f 2229 4967 4965
f 2229 4966 4967
f 2233 2231 2230
f 2258 2232 2230
f 10974 2230 2232
f 2233 2230 10974
f 10947 2231 2233
f 9327 2232 2258
f 2267 2266 2232
f 2266 10974 2232
f 2267 2232 9327
f 2615 10963 2233
f 2615 2233 10974
f 10963 10947 2233
f 2234 2252 9050
f 2234 10963 2252
f 2234 9050 4975
f 2234 10947 10963
f 2235 2236 2274
f 2235 2274 9042
f 10949 2235 9042
f 9718 2235 10949
f 10977 2236 2270
f 2274 2236 2272
f 10977 2272 2236
f 10952 2239 2237
f 10957 2237 2239
f 10957 2668 2237
f 10951 2237 10255
f 10951 10952 2237
f 2240 10951 2238
f 10951 10255 2238
f 10957 2239 2243
f 10960 2243 2239
f 10952 10960 2239
f 9719 10951 2240
f 10957 2243 2241
f 10959 2241 2243
f 4942 2241 2636
f 10959 2636 2241
f 4941 2241 4942
f 10957 2241 4941
f 5005 2242 3610
f 5005 5006 2242
f 2242 5006 5007
f 2242 5007 5010
f 2245 2243 2244
f 10960 2244 2243
f 10959 2243 2245
f 9039 2245 2244
f 9040 9039 2244
f 9049 2248 2245
f 9039 9049 2245
f 2251 2246 2247
f 2247 2246 7370
f 2251 2250 2246
f 2250 7369 2246
f 10038 2246 7369
f 10038 7370 2246
f 10961 2247 7370
f 10959 2247 10961
f 9052 2251 2248
f 9051 2248 9049
f 9052 2248 9051
f 7143 7144 2249
f 7143 2249 7367
f 7144 10961 2249
f 2249 7370 7367
f 10961 7370 2249
f 9241 2250 2251
f 2250 7373 7369
f 2250 7374 7373
f 9241 7374 2250
f 9241 2251 9052
f 9038 9053 2252
f 9038 2252 10963
f 9050 2252 9051
f 9052 9051 2252
f 9053 9052 2252
f 7909 2253 2254
f 10964 2254 2253
f 2261 2253 9156
f 10967 2253 2261
f 7908 2253 7909
f 7908 9156 2253
f 10967 10964 2253
f 7906 2254 7904
f 7906 7909 2254
f 2262 2256 2255
f 2255 3630 3629
f 2262 9156 2256
f 6334 2256 9156
f 11362 2256 6334
f 9103 2257 7877
f 2257 9319 7877
f 9091 9099 2257
f 9091 2257 9104
f 2257 9099 9319
f 9103 9104 2257
f 10967 9327 2258
f 10967 2258 10964
f 10967 2261 2259
f 10968 2259 2261
f 9327 2259 9326
f 10966 9326 2259
f 10967 2259 9327
f 10966 2259 10968
f 2282 4989 2260
f 2282 2260 9096
f 2260 4989 4987
f 2260 4987 6287
f 2260 6287 9095
f 2260 9095 9096
f 2261 9156 2262
f 10968 2261 2262
f 10968 2262 10969
f 7884 2263 2265
f 7884 7885 2263
f 7885 9282 2263
f 10278 2263 9282
f 9093 2264 6309
f 2264 10970 6309
f 7884 2264 9101
f 7884 10970 2264
f 9093 9092 2264
f 2264 9092 9101
f 7884 2265 10970
f 10293 10971 2265
f 2265 10971 10970
f 2267 2268 2266
f 9054 2266 2268
f 9054 9037 2266
f 9037 10974 2266
f 2267 9326 2268
f 2267 9327 9326
f 9054 2268 9333
f 9332 2268 9326
f 9332 9333 2268
f 9332 9326 2269
f 2269 9326 10966
f 9330 2269 9328
f 9330 9332 2269
f 9716 2271 2270
f 10979 2274 2272
f 10978 2277 2272
f 10979 2272 2277
f 10978 2272 10977
f 5011 5012 2273
f 5011 2273 10985
f 5012 10978 2273
f 10978 10977 2273
f 9042 2274 2276
f 10979 2276 2274
f 9045 2276 2275
f 10979 2275 2276
f 2281 2275 2278
f 10979 2278 2275
f 4973 2275 2281
f 4973 9045 2275
f 9045 9042 2276
f 10979 2277 2278
f 10980 2278 2277
f 5012 2279 2277
f 10980 2277 2279
f 5012 2277 10978
f 2281 2278 2280
f 10980 2280 2278
f 5012 2330 2279
f 9720 2279 2330
f 4972 2281 2280
f 3653 7900 2280
f 7900 4972 2280
f 4972 4971 2281
f 4973 2281 4971
f 2282 9321 4989
f 2282 9096 9088
f 2319 2283 2284
f 10983 2284 2283
f 2320 2284 2286
f 7662 2286 2284
f 7662 2284 2287
f 10983 2287 2284
f 2320 2319 2284
f 2285 6064 4747
f 2285 4747 9082
f 2285 6040 6043
f 2285 9082 6040
f 2285 6043 9480
f 2285 9485 6064
f 2285 9480 9485
f 2320 2286 11016
f 2325 2286 7662
f 2325 11016 2286
f 7662 2287 2288
f 10985 2288 2287
f 5011 2287 10983
f 5011 10985 2287
f 7661 7662 2288
f 10985 10986 2288
f 4898 10987 2289
f 4898 2289 10992
f 10938 2289 10987
f 2290 9072 7604
f 2290 7604 9077
f 2290 8684 8683
f 2290 8683 9072
f 2290 9717 8684
f 2290 9077 9717
f 2291 2292 10989
f 2291 10993 2292
f 2291 10989 10996
f 2291 10996 10992
f 2294 10031 2292
f 2294 2292 10993
f 4889 2292 10031
f 4889 10989 2292
f 3593 3712 2293
f 3593 2293 4889
f 3712 10994 2293
f 4889 2293 10989
f 2293 10994 10989
f 7378 2294 7375
f 2294 10999 7375
f 7378 10031 2294
f 2294 10993 10999
f 4899 2296 2295
f 2296 10994 2295
f 4899 2295 10995
f 2295 9737 10995
f 3336 2296 4899
f 3336 10996 2296
f 2296 10989 10994
f 2296 10996 10989
f 10998 2298 2297
f 3641 3642 2297
f 10998 2297 3642
f 2298 10999 10993
f 2301 11005 2299
f 2299 2498 10310
f 2299 11005 2498
f 2300 3635 3601
f 2300 3601 11420
f 2300 3633 9832
f 2300 11421 3633
f 2300 9832 3635
f 2300 11420 6291
f 2300 6291 11421
f 2302 11005 2301
f 10306 10308 2301
f 8448 5016 2302
f 2302 5016 11005
f 8448 2302 8449
f 2305 2303 2304
f 2304 2303 11006
f 2306 2303 2305
f 2306 2595 2303
f 2303 2595 2594
f 2303 2594 11006
f 2305 2304 5360
f 2307 5360 2304
f 2306 2305 2766
f 2305 5359 2766
f 2305 5360 5359
f 2306 2597 2595
f 2306 5195 2597
f 2306 2766 2767
f 2306 2767 5195
f 2307 2309 2308
f 2307 2308 5360
f 2308 2309 2310
f 2308 2310 10380
f 2308 5355 5360
f 2308 10380 5355
f 2309 5676 2310
f 2309 5675 5676
f 2310 2311 2312
f 2310 5676 2311
f 2310 2312 10380
f 10379 2312 2311
f 2311 5676 3084
f 2311 3084 5678
f 10379 2311 5678
f 2312 5356 5353
f 2312 5353 10380
f 10379 5356 2312
f 2318 2313 2316
f 2316 2313 11014
f 2318 11759 2313
f 3082 11010 2313
f 11759 3082 2313
f 2313 11010 11014
f 2314 5026 2317
f 2314 2317 11014
f 2314 11011 5026
f 2314 11010 11011
f 2314 11014 11010
f 2326 2315 2934
f 2326 11012 2315
f 5034 2315 2706
f 5035 2706 2315
f 5034 2934 2315
f 5035 2315 11012
f 3107 2318 2316
f 3107 2316 5041
f 2316 11012 5041
f 2316 11014 11012
f 2317 5026 5027
f 2317 5027 5032
f 5035 2317 5032
f 5035 11012 2317
f 11012 11014 2317
f 3107 3196 2318
f 2318 3196 11820
f 2318 11820 11759
f 5013 2319 2320
f 5013 8449 2319
f 5013 2320 2321
f 2321 2320 11016
f 2324 2321 2323
f 2323 2321 11016
f 2324 7382 2321
f 5013 2321 7382
f 2322 4961 4962
f 2322 6274 4961
f 2322 4962 4965
f 2322 4967 4963
f 2322 4963 6274
f 2322 4965 4967
f 2324 2323 2723
f 2323 5036 2723
f 2323 3001 5036
f 2323 11016 3001
f 5023 2324 2667
f 5034 2667 2324
f 5034 2324 2723
f 5023 7382 2324
f 2325 7664 3001
f 2325 3001 11016
f 2325 7662 7661
f 2325 7661 7664
f 2326 2934 2778
f 2326 2778 5040
f 2326 5040 5041
f 2326 5041 11012
f 5231 2328 2327
f 9713 2327 2328
f 5231 2327 5226
f 9713 2328 6349
f 5011 2330 5012
f 5011 10983 2330
f 9745 2332 2331
f 9743 2332 9742
f 9742 2332 9745
f 9743 11021 2332
f 2334 2335 2333
f 10932 2334 2333
f 2333 2335 7296
f 2333 7294 7290
f 10932 2333 7290
f 2333 7296 7294
f 4885 2335 2334
f 3154 4885 2334
f 3154 2334 5043
f 10932 5043 2334
f 4885 3640 2335
f 2335 3640 7297
f 2335 7297 7296
f 3171 2336 3420
f 2336 3171 11023
f 11214 3420 2336
f 11213 2336 11023
f 11212 2336 11213
f 11212 11214 2336
f 11026 2351 2337
f 2337 2351 11045
f 11025 2337 11045
f 11026 2337 11030
f 3440 2338 11025
f 10027 2339 2340
f 2339 11030 2340
f 11026 11030 2339
f 11026 2339 11047
f 10027 2340 2443
f 2443 2340 11031
f 11029 2340 11030
f 11029 11031 2340
f 2441 2341 2342
f 2341 11033 2342
f 2441 11152 2341
f 2443 11031 2341
f 2443 2341 11152
f 2341 11031 11033
f 2441 2342 2440
f 2440 2342 11035
f 9838 2342 11033
f 9838 11035 2342
f 2343 11040 2347
f 2343 2347 11041
f 2343 11041 11036
f 11117 2343 11036
f 11117 11040 2343
f 11041 2348 2344
f 2348 11151 2344
f 11035 11037 2344
f 11151 11035 2344
f 11037 11036 2344
f 11041 2344 11036
f 5507 5518 2345
f 5507 2345 5773
f 5518 8535 2345
f 5069 3946 2346
f 3946 11040 2346
f 5070 2346 4861
f 2346 11040 4861
f 5069 2346 5070
f 11041 2347 2349
f 11043 2349 2347
f 3946 2347 11040
f 3946 11043 2347
f 2437 2348 2349
f 11041 2349 2348
f 2437 2451 2348
f 2451 11151 2348
f 2437 2349 11044
f 11044 2349 11043
f 2350 4555 4533
f 2350 4533 5539
f 2350 5547 4555
f 2350 5539 5546
f 2350 5546 5548
f 2350 5548 5547
f 10008 11045 2351
f 11026 11047 2351
f 2352 2354 2356
f 2352 7186 2354
f 2352 2356 11049
f 11049 2358 2353
f 2353 2358 11054
f 2369 2353 11054
f 2369 11066 2353
f 11048 11049 2353
f 11048 2353 11066
f 2354 5209 2356
f 2354 5203 5204
f 2354 7186 5203
f 2354 5204 5209
f 2355 2358 2356
f 2355 2356 5209
f 2355 5209 2357
f 11055 2355 2357
f 2355 2360 2358
f 11055 2360 2355
f 2356 2358 11049
f 7200 2357 5209
f 7200 9763 2357
f 2357 9763 9767
f 11055 2357 9767
f 11054 2358 2360
f 11055 9767 2359
f 11051 11055 2359
f 11051 11053 2360
f 11051 2360 11055
f 11053 11054 2360
f 2362 2361 2449
f 2362 11057 2361
f 2361 2439 2438
f 2361 2438 11155
f 2361 11057 2439
f 2361 11155 2449
f 2365 2362 2449
f 2365 11061 2362
f 2362 2381 11057
f 2362 11061 2381
f 2363 2364 2439
f 2363 11059 2364
f 2363 2439 11057
f 2364 7386 2439
f 2364 3320 3360
f 2364 11059 3320
f 2364 3360 7386
f 2368 2366 2365
f 2366 11061 2365
f 2368 2365 2450
f 2365 2449 2450
f 11060 2366 2368
f 2452 2367 2368
f 11060 2368 2367
f 2453 2367 2452
f 2453 5087 2367
f 9786 2367 5087
f 9786 11060 2367
f 2452 2368 2450
f 2369 11063 2371
f 2369 2371 11066
f 11063 9759 2370
f 2371 2374 2372
f 11066 2371 2372
f 2374 11064 2372
f 2374 2373 11064
f 2373 2380 9778
f 2455 2375 2468
f 2469 2468 2375
f 2469 2375 5084
f 2377 4292 2376
f 9787 2377 2378
f 9781 11073 2378
f 2380 2379 2382
f 9779 2380 2382
f 9779 9778 2380
f 11076 2382 2381
f 11076 2381 11061
f 11076 9779 2382
f 11249 3743 2383
f 6440 11249 2383
f 6440 2383 11251
f 3197 7657 2384
f 3197 2384 7658
f 3207 3208 2384
f 3207 2384 7657
f 3208 5825 2384
f 5825 7658 2384
f 3768 2385 3767
f 3768 10399 2386
f 2386 10399 9226
f 2386 9226 11082
f 9772 2386 11082
f 2387 6444 6443
f 2387 11243 6444
f 2387 11082 6445
f 2387 6445 11243
f 11084 2389 2388
f 11088 2388 2389
f 11084 9799 2389
f 5017 5015 2390
f 7380 2390 5015
f 7379 5016 2390
f 8448 2390 5016
f 5017 2390 8448
f 7380 7379 2390
f 2712 11412 2391
f 2392 2396 5478
f 2392 7390 2396
f 11094 2392 5478
f 9997 7390 2392
f 9997 2392 8457
f 11094 8457 2392
f 5477 2393 5478
f 5479 2393 5477
f 2393 11094 5478
f 5479 5480 2393
f 2393 5480 11095
f 2393 11095 11094
f 6121 2394 8450
f 6121 8458 2394
f 11095 8450 2394
f 2394 8458 8457
f 11094 2394 8457
f 11094 11095 2394
f 7494 2395 7493
f 2395 11099 7493
f 11632 2395 7494
f 2395 9990 11099
f 11633 9990 2395
f 11633 2395 11632
f 10007 2397 2396
f 2397 11849 2396
f 2396 11849 5478
f 10007 2396 7390
f 10003 2397 7389
f 10007 7389 2397
f 10002 2397 10003
f 10002 11849 2397
f 5902 2398 2400
f 2398 11097 2400
f 2398 11074 11091
f 2398 11091 11097
f 4090 2421 2399
f 4094 2399 2421
f 4090 2399 8126
f 8178 2399 4094
f 8178 8126 2399
f 5902 2400 8469
f 2400 7399 8469
f 2400 9992 7399
f 2400 11097 9992
f 2401 2402 2405
f 11101 2402 2401
f 11100 11101 2401
f 2402 2403 2405
f 9394 2402 11101
f 11103 2405 2403
f 2447 2404 5671
f 2447 9069 2404
f 2448 2404 9069
f 9070 2404 2448
f 5670 5671 2404
f 9070 5670 2404
f 2405 2409 2407
f 11103 2409 2405
f 2406 2407 2409
f 2406 8452 2407
f 11105 2406 2409
f 2406 8451 8452
f 11105 8451 2406
f 2408 2409 11103
f 11105 2409 2408
f 11810 11761 2410
f 2933 9819 2411
f 11194 2496 2412
f 11110 2412 11109
f 11113 11109 2412
f 11110 11194 2412
f 11109 2415 2413
f 2415 11118 2413
f 11111 2413 2416
f 2413 11119 2416
f 11111 11109 2413
f 2413 11118 11119
f 2414 11111 9844
f 2414 11110 11109
f 2414 11109 11111
f 2414 11193 11110
f 11113 9865 2415
f 11113 2415 11109
f 2416 11119 2418
f 2416 2418 11120
f 11111 2416 2419
f 2416 11120 2419
f 5096 2417 2420
f 2420 2417 11118
f 5096 4861 2417
f 11117 2417 4861
f 11117 11119 2417
f 11118 2417 11119
f 11037 2418 11036
f 11117 11036 2418
f 11120 2418 11037
f 11117 2418 11119
f 9844 2419 9839
f 9844 11111 2419
f 2420 4453 4857
f 5096 2420 4857
f 4092 2497 2421
f 4094 2421 2497
f 4093 2421 4090
f 4093 4092 2421
f 9841 11130 2422
f 2422 11123 11122
f 11132 11123 2422
f 11132 2422 11130
f 2423 11122 11123
f 2423 11186 11122
f 2423 11123 11125
f 2423 11125 11126
f 11127 2423 11126
f 2423 11127 11186
f 2424 5051 3470
f 2424 3470 5054
f 11132 5051 2424
f 2424 5054 11124
f 2424 11124 11123
f 11132 2424 11123
f 11217 2425 3407
f 2425 11125 11124
f 2425 11216 11125
f 2425 11217 11216
f 2426 2487 11126
f 2426 11182 2487
f 2426 11126 11125
f 2426 11125 11216
f 2426 11216 11182
f 2427 2487 2486
f 2427 2486 2491
f 2427 11126 2487
f 2493 2427 2491
f 2493 11127 2427
f 2427 11127 11126
f 11135 9921 2428
f 11133 11135 2428
f 2429 11134 6242
f 11136 2429 6242
f 11133 11134 2429
f 11133 2429 11135
f 11135 2429 11136
f 2431 11138 2430
f 2431 2430 11140
f 2430 11138 9869
f 2430 11172 11140
f 2431 11201 11138
f 2431 11140 11141
f 2474 2475 2432
f 2474 2432 11140
f 2475 4709 2432
f 11140 2432 11141
f 2433 2434 11144
f 11145 5078 2433
f 11145 2433 11144
f 2434 9913 11144
f 5079 5080 2435
f 5080 5081 2435
f 5081 11148 2435
f 9860 2435 11148
f 2519 4950 2436
f 2519 2436 4957
f 2436 4950 2570
f 2436 2570 4954
f 7353 2436 4954
f 7353 4957 2436
f 2437 2450 2451
f 2452 2450 2437
f 2452 2437 11044
f 7386 2438 2439
f 7386 2445 2438
f 11155 2438 2445
f 2445 2441 2440
f 2444 2445 2440
f 2444 2440 11151
f 11151 2440 11035
f 2445 2442 2441
f 2442 11152 2441
f 7386 2442 2445
f 7385 2442 3360
f 7386 3360 2442
f 7385 11152 2442
f 10027 2443 7385
f 7385 2443 11152
f 11155 2445 2444
f 2451 2449 2444
f 11155 2444 2449
f 2451 2444 11151
f 2446 2447 5600
f 2446 9069 2447
f 5611 2446 7468
f 2446 5611 9069
f 2447 5671 5600
f 2448 9067 9068
f 2448 9069 9067
f 9070 2448 9068
f 2451 2450 2449
f 2453 2452 11044
f 4344 5087 2453
f 2454 7551 7553
f 7555 7551 2454
f 7556 2454 7553
f 7555 2454 9065
f 7556 9066 2454
f 2454 9066 9065
f 11158 2461 2456
f 11233 2536 2456
f 9550 2457 10547
f 2460 2463 2461
f 11158 2460 2461
f 11159 2461 2463
f 2462 2465 2463
f 5092 2465 2462
f 11159 2463 2465
f 5092 2464 2465
f 9858 2465 2464
f 5092 4427 2464
f 11160 2464 4427
f 9915 9858 2464
f 9915 2464 11160
f 11159 2465 9858
f 11160 2466 4283
f 11165 4283 2466
f 11160 4427 2466
f 11163 2466 4427
f 2467 4427 5091
f 2467 11163 4427
f 2467 5081 5080
f 2467 5080 11163
f 2467 11161 5081
f 2467 5091 11161
f 2469 11161 2468
f 11161 5091 2468
f 2469 5084 5083
f 2469 5083 5086
f 2469 5086 11161
f 2470 5079 2472
f 2470 2472 11167
f 2470 5080 5079
f 2470 11163 5080
f 4955 2482 2471
f 4958 2471 2482
f 4955 2471 4956
f 9151 4956 2471
f 2472 3924 3950
f 5079 3924 2472
f 2472 3950 11168
f 2472 11168 11167
f 5070 2473 3950
f 2473 11168 3950
f 5070 4013 2473
f 2473 4013 11179
f 4882 11168 2473
f 4882 2473 11179
f 2474 11170 2475
f 2474 2476 11170
f 2474 11172 2476
f 2474 11140 11172
f 2478 4711 2475
f 2478 2475 11170
f 2475 4711 4709
f 2476 11172 9873
f 2476 11178 11170
f 2477 5099 2478
f 2477 2478 11178
f 11176 5099 2477
f 9397 11176 2477
f 2478 11177 4711
f 2478 5099 11177
f 2478 11170 11178
f 2480 11177 2479
f 11179 2480 2479
f 2479 5099 5100
f 2479 11177 5099
f 5102 2479 5100
f 11179 2479 5102
f 2480 4013 5095
f 11179 4013 2480
f 2480 5095 11177
f 3227 2481 11858
f 3227 11863 2481
f 5894 5892 2481
f 5892 11858 2481
f 5894 2481 11863
f 4955 4957 2482
f 7353 2482 4957
f 8442 4958 2482
f 8442 2482 7353
f 5104 2484 2483
f 2483 2484 11202
f 2483 2501 2502
f 2483 11202 2501
f 4977 2483 2502
f 5104 2483 4977
f 4970 2485 2484
f 2484 2485 11197
f 5104 4970 2484
f 2484 11197 11202
f 5122 2485 4970
f 5122 5125 2485
f 2485 5125 11195
f 2485 11195 11197
f 2488 2486 2487
f 2488 2534 2486
f 2491 2486 11184
f 2534 11184 2486
f 2488 2487 11182
f 2489 2529 2488
f 2489 2488 11182
f 2488 2529 2532
f 2488 2532 2534
f 2489 2517 2520
f 2489 11182 2517
f 2489 2520 11222
f 2489 11222 2529
f 2490 3829 3822
f 7989 2490 3822
f 2490 3827 3829
f 2490 11851 3827
f 7989 7985 2490
f 7985 11851 2490
f 2493 2491 2492
f 2492 2491 4952
f 2491 11185 4952
f 2491 11184 11185
f 2493 2492 11190
f 2492 4952 5108
f 2492 5108 11189
f 2492 11189 11190
f 2493 11190 11127
f 2494 11189 2495
f 2494 2495 11191
f 2494 11129 11186
f 2494 11191 11129
f 2494 11186 11190
f 2494 11190 11189
f 2495 11189 5106
f 2495 5106 11194
f 2495 11193 11191
f 2495 11194 11193
f 2496 11204 2503
f 5105 2496 11194
f 5105 11204 2496
f 3054 6757 2497
f 3054 2497 6763
f 6763 2497 4092
f 4094 2497 6757
f 7379 2498 5016
f 5016 2498 11005
f 7378 7375 2498
f 10310 2498 7375
f 7379 7378 2498
f 2575 2499 5022
f 5024 2499 2575
f 2689 4873 2499
f 2689 2499 5025
f 2499 4873 5022
f 5024 5025 2499
f 11138 11201 2500
f 11202 11197 2500
f 11202 2500 11201
f 11202 11201 2501
f 11204 2502 2503
f 4977 2502 11204
f 2506 2505 2504
f 2508 2506 2504
f 5148 2508 2504
f 5435 5148 2504
f 2512 2505 2506
f 11208 2505 2512
f 2512 2506 2507
f 5128 2507 2506
f 5128 2506 2508
f 2512 2507 5133
f 5129 2507 5128
f 5130 2507 5129
f 5133 2507 5130
f 4445 2508 5127
f 4445 5128 2508
f 5148 5127 2508
f 11210 2509 2510
f 2509 5137 5136
f 2509 5138 5137
f 11210 5138 2509
f 11210 2510 2511
f 2510 9882 9881
f 2513 2511 2512
f 11208 2512 2511
f 11210 2511 2513
f 2513 2512 5133
f 2513 5133 5132
f 2513 5132 5143
f 11210 2513 5143
f 2515 2514 5150
f 9884 2514 2515
f 11213 5150 2514
f 9889 2514 9884
f 11213 2514 11220
f 5149 2515 5145
f 5145 2515 5256
f 2515 5150 5256
f 5473 2516 5472
f 5472 2516 9825
f 5619 2516 5473
f 5619 9064 2516
f 9063 2516 9064
f 9063 9830 2516
f 9830 9825 2516
f 2517 2518 2520
f 2517 11217 2518
f 2517 11182 11216
f 2517 11216 11217
f 2520 2518 11214
f 2518 5049 3420
f 2518 3420 11214
f 2518 11217 5049
f 2519 4951 4950
f 2519 4964 4951
f 2519 4957 4955
f 2519 4955 4964
f 2520 11214 11212
f 2520 11212 11222
f 2522 2523 2524
f 11223 2523 2522
f 2524 2523 8490
f 2523 5151 8492
f 11223 5151 2523
f 2523 8492 8490
f 8487 8485 2524
f 8487 2524 8490
f 2527 2525 2526
f 2527 5168 2525
f 5164 2525 5165
f 5165 2525 5168
f 5867 5168 2527
f 5867 2527 5169
f 2528 2529 11222
f 2528 11222 11221
f 2530 11229 2531
f 2530 2533 11229
f 2530 11230 2533
f 2530 5064 11230
f 2531 2534 2532
f 2531 2532 9895
f 2531 11229 2534
f 2533 4903 11185
f 2533 11230 4903
f 2533 11185 11184
f 2533 11184 11229
f 2534 11229 11184
f 2535 4903 11230
f 2535 11232 4903
f 2535 5122 4970
f 2535 4970 11232
f 2535 5123 5122
f 2535 11230 5123
f 9911 2536 11233
f 10545 2536 11235
f 9904 11236 2537
f 2538 5061 2539
f 3670 5061 2538
f 3670 2538 11242
f 11240 11242 2538
f 3886 2539 8471
f 5872 2539 5061
f 5872 8471 2539
f 2541 9848 2540
f 2541 2540 11245
f 2552 11245 2540
f 2541 3790 3706
f 9917 3790 2541
f 9917 2541 11245
f 2542 5826 11196
f 2542 11247 5826
f 11146 9922 2542
f 11146 2542 11196
f 2545 2543 5055
f 2545 8459 2543
f 8464 5055 2543
f 8462 2543 8459
f 8464 2543 8462
f 2545 5055 2544
f 6152 2545 2544
f 2546 2544 3513
f 2546 11248 2544
f 2544 5055 3513
f 6152 2544 11248
f 2547 2546 6221
f 2547 11248 2546
f 2546 3513 7389
f 2546 7389 6221
f 2547 5174 6161
f 2547 6221 5174
f 2547 6161 5177
f 2547 5177 11248
f 2548 5159 5769
f 10715 7415 2548
f 5867 2549 2550
f 2550 2549 11250
f 2551 2549 5867
f 2551 7415 2549
f 10715 2549 7415
f 5867 2550 5168
f 6006 5168 2550
f 6006 2550 5179
f 2550 11250 5179
f 2551 5867 5169
f 2551 5169 5926
f 2551 5926 7416
f 2551 7416 7415
f 2552 2553 11134
f 11134 2553 6242
f 2555 2554 5246
f 2554 2555 11393
f 2554 2697 11255
f 2554 11393 2697
f 2554 11255 5246
f 2555 5246 5247
f 11322 2555 5247
f 2556 2557 11255
f 2556 11314 2557
f 2700 2633 2556
f 2556 2633 11314
f 2700 2556 11398
f 2556 11255 11398
f 2557 5250 5246
f 2557 5246 11255
f 2557 11315 5250
f 2557 11314 11315
f 2560 2558 2559
f 11256 2559 2558
f 2560 2769 2558
f 11256 2558 2562
f 2562 2558 11480
f 2558 2769 11480
f 2563 2560 2559
f 2563 2559 11476
f 11256 2760 2559
f 2559 2760 11476
f 2563 5181 2560
f 11276 2769 2560
f 2560 5181 6306
f 11276 2560 6306
f 2561 5186 5193
f 2561 6306 5186
f 2561 5193 5192
f 11277 2561 5192
f 6306 2561 11276
f 11277 11276 2561
f 11256 2562 2765
f 2562 11478 2765
f 2562 11487 11478
f 2562 11480 11487
f 2563 5182 5181
f 2563 6384 5182
f 2563 11476 6384
f 2569 2568 2564
f 9935 2564 2568
f 7432 2569 2564
f 5185 2564 6421
f 5185 7432 2564
f 6421 2564 9935
f 2565 5741 2566
f 2565 2566 8530
f 2565 9958 5741
f 2565 8530 8529
f 2565 8529 9955
f 2565 9955 9958
f 2566 5743 2567
f 2566 2567 8530
f 2566 5741 8500
f 2566 8500 5743
f 2567 8528 5705
f 2567 5705 8530
f 2567 5743 8497
f 2567 8497 8528
f 4948 2570 4950
f 4948 4953 2570
f 7357 2570 4953
f 7357 4954 2570
f 2579 2571 2580
f 2579 11262 2571
f 2580 2571 9932
f 2571 7434 9932
f 11261 7434 2571
f 11262 11261 2571
f 5188 2574 2572
f 11269 2572 2574
f 2572 2577 2576
f 2572 2576 6648
f 11269 2577 2572
f 5188 2572 6648
f 4826 2573 4681
f 4681 2573 4856
f 4826 5547 2573
f 2573 4855 4856
f 2573 5548 4855
f 2573 5547 5548
f 5188 5190 2574
f 5189 2574 5190
f 11274 2574 5189
f 11274 11269 2574
f 5020 5021 2575
f 5021 5024 2575
f 2575 5022 10929
f 2576 2577 2578
f 2576 2578 2579
f 2576 2579 2581
f 2576 2581 6648
f 2578 11262 2579
f 2579 2580 2581
f 2580 9941 2581
f 2580 9932 9941
f 6648 2581 7436
f 2581 9941 7436
f 3920 2582 3922
f 2582 4093 3922
f 2582 4092 4093
f 2582 6764 4092
f 9057 7490 2583
f 9842 2583 7490
f 9228 2583 8549
f 9842 8549 2583
f 9230 9057 2583
f 9230 2583 9228
f 2584 2585 2586
f 2584 2588 2585
f 11272 2588 2584
f 2585 2824 2586
f 2585 2588 2591
f 2585 2591 2589
f 2585 2589 2824
f 2586 2824 2823
f 11524 2586 2823
f 5189 2588 2587
f 11272 2587 2588
f 11274 5189 2587
f 11272 11266 2587
f 2588 8525 2591
f 5189 8525 2588
f 2589 8526 2590
f 2589 2591 8526
f 2590 8523 8524
f 2590 8526 8523
f 8525 8526 2591
f 2592 2770 2769
f 11276 2592 2769
f 2592 11481 2770
f 11277 6988 2592
f 2592 6988 11481
f 11277 2592 11276
f 2609 2593 2594
f 2609 11296 2593
f 2609 2594 2595
f 2597 2596 2595
f 2609 2595 2596
f 11288 2596 2597
f 11287 2596 2602
f 11288 2602 2596
f 2609 2596 11287
f 2597 5195 5194
f 11288 2597 5194
f 2598 2599 11278
f 2598 11280 2599
f 2598 2601 2605
f 2598 11279 2601
f 2598 2605 11291
f 2598 11278 11279
f 2598 11291 11280
f 5206 2599 9943
f 5206 11278 2599
f 2599 6854 9943
f 2599 11280 6854
f 5206 2600 11278
f 7208 5212 2600
f 2600 5212 11279
f 2600 11279 11278
f 11290 2605 2601
f 11284 2601 11279
f 11286 2601 11284
f 11290 2601 11286
f 11291 2602 11280
f 11291 11287 2602
f 5202 2603 5213
f 5202 7123 2603
f 2603 5212 5213
f 11284 5212 2603
f 11290 2604 9951
f 11290 9951 2605
f 2605 9951 11295
f 2605 11295 11291
f 9950 2608 11297
f 11297 2608 11296
f 2609 11287 11296
f 2610 2611 2612
f 11300 2819 2610
f 11303 2612 2611
f 11301 7601 2612
f 11301 2612 11303
f 3026 2613 11718
f 11303 3027 2613
f 11718 2613 3027
f 11301 11303 2613
f 2614 2616 2618
f 2614 11304 2616
f 5375 2614 2618
f 2615 9037 9055
f 2615 10974 9037
f 2615 9055 9038
f 2615 9038 10963
f 2616 2617 2618
f 2616 2620 2617
f 2616 5487 2620
f 2616 11304 5487
f 2617 2622 2618
f 2619 2617 2620
f 2624 2617 2619
f 2624 2622 2617
f 11522 2618 2622
f 5375 2618 2821
f 11522 2821 2618
f 2619 2620 2950
f 2738 2624 2619
f 2738 2619 5315
f 5315 2619 2950
f 2950 2620 2951
f 2951 2620 11896
f 11896 2620 5487
f 2621 2622 2624
f 2621 11522 2622
f 2621 2624 2739
f 2621 2739 11305
f 2623 9926 2625
f 11305 2623 2625
f 2742 2623 2739
f 2739 2623 11305
f 2742 7440 2623
f 2623 7440 9926
f 2739 2624 2738
f 9451 11305 2625
f 11307 2625 9926
f 2744 2626 7441
f 2744 9961 2626
f 11307 7441 2626
f 11307 2626 11270
f 2627 2629 9886
f 11309 2627 9886
f 11309 9964 2627
f 5327 2628 5326
f 2628 9886 5326
f 5327 5330 2628
f 5330 5329 2628
f 5329 11309 2628
f 11309 9886 2628
f 9970 2630 2629
f 11311 2629 2630
f 11311 9886 2629
f 2631 11311 2630
f 2745 9847 2631
f 2745 2631 11463
f 9847 11311 2631
f 2633 2632 11314
f 11452 2632 2633
f 2632 5243 5242
f 2632 5242 11314
f 9837 5243 2632
f 11452 9837 2632
f 11451 2633 2700
f 11452 2633 11451
f 2635 7013 2634
f 7012 2634 7013
f 7012 10527 2634
f 2638 2635 11319
f 7144 4942 2636
f 7144 2636 10961
f 10959 10961 2636
f 2638 2637 7983
f 2638 11319 2637
f 2637 5245 7983
f 2637 11322 5245
f 2637 11319 9933
f 2639 2638 7983
f 2639 7983 5264
f 2639 5264 8639
f 2669 11330 2640
f 2669 2640 11359
f 5261 5262 2640
f 5261 2640 11330
f 2640 5262 11325
f 2640 11325 11359
f 2642 2641 5265
f 2642 11325 2641
f 2641 5262 5264
f 2641 11325 5262
f 2641 5264 8649
f 2641 8649 5265
f 2642 5265 5269
f 2642 5269 11357
f 2642 11357 11325
f 2645 11327 2644
f 2647 2645 5263
f 2647 11327 2645
f 2645 8542 5263
f 2678 2646 7371
f 2678 10042 2646
f 2646 7362 7366
f 10042 7362 2646
f 2646 7366 7368
f 2646 7368 7371
f 2648 2647 5263
f 2647 8074 11327
f 2669 2671 2648
f 2669 2648 11330
f 2648 5263 11330
f 2649 8475 2652
f 5855 8475 2649
f 5855 2649 11340
f 5855 2650 2651
f 2650 11336 2651
f 11334 2650 2654
f 11340 2654 2650
f 5855 11340 2650
f 11334 11336 2650
f 5855 2651 7407
f 7407 2651 8476
f 11336 8476 2651
f 2652 7405 7403
f 10718 2652 7403
f 2652 8475 7405
f 2665 11337 2653
f 2665 2653 11338
f 11340 2666 2654
f 2654 2666 11351
f 11334 2654 11338
f 2654 11351 11338
f 2655 2657 2656
f 2656 2657 2658
f 2657 2662 2658
f 2660 2659 11344
f 2660 11344 2662
f 2678 2661 7361
f 2678 7372 2661
f 2661 8445 7361
f 2661 7372 10035
f 2661 8444 8445
f 2661 10035 8444
f 2664 2663 5252
f 11349 2663 2664
f 2666 2664 11351
f 2664 5252 11351
f 2665 5252 5253
f 2665 11351 5252
f 2665 5253 11337
f 2665 11338 11351
f 5024 2667 2706
f 5034 2706 2667
f 5021 5023 2667
f 5021 2667 5024
f 4941 7349 2668
f 10957 4941 2668
f 10945 2668 7349
f 2669 2670 2671
f 2669 11359 2670
f 2670 11360 2675
f 2670 11359 11360
f 2672 2674 11360
f 2672 11366 2674
f 2672 11325 11357
f 2672 11359 11325
f 2672 11357 11366
f 2672 11360 11359
f 2673 9521 4116
f 11363 2674 2676
f 11368 2676 2674
f 11360 2674 11363
f 11366 11368 2674
f 5254 8104 2675
f 5254 2675 11363
f 11360 11363 2675
f 11363 2676 8188
f 11365 2676 11368
f 2677 2679 8298
f 8754 2679 2677
f 11368 2677 8298
f 11366 8754 2677
f 11366 2677 11368
f 2678 7361 10042
f 2678 7371 7372
f 2679 2680 8298
f 8491 2680 2679
f 8491 2679 5272
f 8754 5272 2679
f 5258 8287 2680
f 5258 2680 8491
f 2680 8287 11379
f 5255 2681 2682
f 11444 2682 2681
f 5452 2681 2683
f 2681 8266 2683
f 5255 8266 2681
f 11444 2681 5452
f 5255 2682 8134
f 2682 11434 8134
f 11442 11434 2682
f 11442 2682 11444
f 5452 2683 5453
f 11373 5453 2683
f 9974 2683 8266
f 11373 2683 9974
f 8365 2684 8287
f 2684 11379 8287
f 8365 11380 2684
f 11374 11376 2684
f 11374 2684 11380
f 11376 11379 2684
f 5461 11375 2685
f 2685 9107 9139
f 5460 11520 2686
f 2687 2688 11380
f 2687 11384 2688
f 8394 2691 2687
f 2687 2691 11384
f 8394 2687 8365
f 2687 11380 8365
f 2689 3789 4873
f 2689 5033 3789
f 2689 5025 5032
f 2689 5032 5033
f 8921 2701 2690
f 2690 2701 11402
f 8921 2690 11384
f 9169 2690 11402
f 5274 2691 2694
f 8394 2694 2691
f 5274 11384 2691
f 2692 8012 2693
f 11385 2692 2693
f 2692 5251 8012
f 2692 8029 5251
f 5271 8029 2692
f 5271 2692 11385
f 5275 2694 2693
f 11385 2693 2694
f 5275 2693 5301
f 5301 2693 8012
f 5259 2694 8394
f 5259 11385 2694
f 5274 2694 5275
f 10004 2695 2699
f 11399 2699 2695
f 5965 7210 2696
f 10287 5965 2696
f 9028 2696 7210
f 9028 9027 2696
f 9030 2696 9027
f 9030 10287 2696
f 2698 2697 11395
f 2698 11398 2697
f 2697 11398 11255
f 2697 11393 11395
f 2698 11396 11398
f 10005 10004 2699
f 11396 2699 11399
f 2700 11398 11396
f 2700 11396 11399
f 11451 2700 11399
f 5297 2702 2701
f 11402 2701 2702
f 5297 2701 5304
f 8921 5304 2701
f 5296 2703 2702
f 2703 11402 2702
f 5296 2702 9273
f 9273 2702 5297
f 5289 5288 2703
f 5288 11402 2703
f 5289 2703 9240
f 5296 9240 2703
f 9610 2704 2705
f 2705 2704 11405
f 2708 11405 2704
f 2708 2704 11410
f 9610 2709 2704
f 2707 9590 2705
f 2707 2705 11407
f 9610 2705 9590
f 2705 11405 11407
f 5024 2706 5025
f 5035 5025 2706
f 2707 11407 2718
f 2707 2718 11429
f 2707 11436 9590
f 2707 11429 11436
f 2708 11410 11424
f 2708 11424 11427
f 5310 2709 5313
f 5310 10750 2709
f 9610 5313 2709
f 9030 2710 7231
f 10880 7231 2710
f 9032 9029 2710
f 9032 2710 9030
f 2714 2711 11413
f 2714 11416 2711
f 2711 11416 10008
f 2711 11412 11413
f 2712 11414 9983
f 2712 11093 11414
f 2713 4930 4937
f 2713 4938 4930
f 2713 4933 4932
f 2713 4932 4938
f 2713 4935 4933
f 2713 4937 4935
f 2714 11413 2715
f 2714 2715 11424
f 2714 11410 11418
f 2714 11424 11410
f 2714 11418 11416
f 2715 2716 11424
f 2716 9982 11426
f 2716 11427 11424
f 2716 11426 11427
f 2732 2717 9013
f 9013 2717 10740
f 2718 11407 2727
f 11437 2718 2727
f 2718 7010 11429
f 11437 7010 2718
f 7011 2719 7010
f 11429 7010 2719
f 7015 2719 7011
f 7015 11433 2719
f 11429 2719 11433
f 2721 2720 9604
f 10742 2720 2721
f 5311 9604 2720
f 5311 2720 9748
f 7017 7016 2721
f 7016 11431 2721
f 7017 2721 9604
f 10742 2721 11431
f 5312 2722 9604
f 5312 11436 2722
f 7017 9604 2722
f 7017 2722 10520
f 2722 11433 10520
f 2722 11436 11433
f 5034 2723 2934
f 5036 2934 2723
f 2724 2725 11437
f 2724 11441 2725
f 2724 2727 2726
f 2724 11437 2727
f 9426 11440 2725
f 11437 2725 11440
f 11406 2726 2727
f 11406 2728 2726
f 11407 11406 2727
f 2729 2728 9995
f 5329 5328 2730
f 5328 9930 2730
f 5329 2730 11309
f 10014 2730 9930
f 9930 2734 2731
f 2731 2734 11454
f 10010 2731 11454
f 2732 7384 7018
f 2732 8325 7384
f 2732 9013 8325
f 11452 2733 5306
f 5306 2733 11454
f 10010 11454 2733
f 11452 11451 2733
f 5305 5308 2734
f 5328 5305 2734
f 2734 5308 11454
f 5328 2734 9930
f 7800 5325 2735
f 2735 5325 11456
f 7940 7800 2735
f 7940 2735 9450
f 9450 2735 9339
f 2735 11456 9339
f 2737 2736 9770
f 2737 11456 2736
f 5320 2736 5324
f 5320 9770 2736
f 5324 2736 5325
f 2736 11456 5325
f 5323 9295 2737
f 5323 2737 9770
f 2737 9295 11457
f 2737 11457 11456
f 2742 2739 2738
f 2742 2738 11460
f 2738 5315 11460
f 2740 2741 5317
f 2740 11460 2741
f 2740 5317 9673
f 2740 9673 11462
f 2740 11462 11460
f 5315 2949 2741
f 2741 2949 9025
f 2741 5314 5317
f 2741 9025 5314
f 5315 2741 11460
f 2742 7443 7440
f 2742 11462 7443
f 2742 11460 11462
f 2743 5318 5331
f 2743 9673 5318
f 2743 5331 9925
f 2743 9925 7443
f 2743 7443 11462
f 2743 11462 9673
f 2744 7441 7442
f 2744 7442 11463
f 2745 5327 9847
f 2745 9925 5327
f 2745 7442 9925
f 2745 11463 7442
f 6909 2747 2746
f 2747 11466 2746
f 6914 6909 2746
f 6913 2746 11466
f 10240 2747 6909
f 2747 11467 11466
f 2748 2750 11470
f 2748 11513 2750
f 9877 2759 2748
f 2759 11513 2748
f 9877 2748 7469
f 2748 11470 7469
f 5349 2749 2806
f 11469 2806 2749
f 5349 5350 2749
f 6930 2749 5350
f 10614 2749 6930
f 10614 11469 2749
f 6928 2752 2750
f 11470 2750 2752
f 6928 2750 11469
f 11513 11469 2750
f 3191 2751 11470
f 11815 2751 3191
f 9879 7469 2751
f 2751 7469 11470
f 3191 2752 6918
f 3191 11470 2752
f 6918 2752 6925
f 6925 2752 6928
f 2753 2755 5366
f 2753 11510 2755
f 2798 2753 5366
f 2798 11509 2753
f 2753 11509 2799
f 2753 2799 11510
f 2754 2757 2755
f 2754 2755 11510
f 5342 2756 2754
f 2754 2756 10132
f 2754 2759 2757
f 2754 10132 2759
f 5342 2754 11510
f 2758 2755 2757
f 5366 2755 2758
f 5342 9883 2756
f 5348 2756 9890
f 5348 10132 2756
f 9890 2756 9883
f 9878 2758 2757
f 9877 2757 2759
f 9878 2757 9877
f 5366 2758 10451
f 2758 7471 7470
f 2758 7470 10451
f 9878 7471 2758
f 2759 10132 11513
f 2765 2762 2760
f 11472 2760 2762
f 11256 2765 2760
f 11472 11473 2760
f 11473 11476 2760
f 2761 3177 5774
f 2761 11806 3177
f 6966 3178 2761
f 2761 3178 11806
f 2761 5774 5775
f 6966 2761 5775
f 2779 2762 2765
f 2780 2762 2779
f 2780 10636 2762
f 10636 11472 2762
f 6384 2763 7425
f 11476 2763 6384
f 7420 7422 2763
f 11473 7420 2763
f 7422 7425 2763
f 11473 2763 11476
f 11478 2764 2794
f 11503 2794 2764
f 11478 11487 2764
f 11486 2764 11487
f 11486 11489 2764
f 11489 11503 2764
f 2779 2765 11478
f 2768 2767 2766
f 2774 2768 2766
f 2774 2766 5359
f 2772 2767 2768
f 6758 2767 2772
f 6758 5195 2767
f 2777 2772 2768
f 11483 2768 2774
f 2777 2768 11483
f 11480 2769 2770
f 2776 11480 2770
f 2776 2770 11482
f 11481 11482 2770
f 6789 2771 5196
f 11481 5196 2771
f 6789 6758 2771
f 11482 2771 6758
f 11481 2771 11482
f 2777 2776 2772
f 2776 11482 2772
f 11482 6758 2772
f 9013 2773 8325
f 9012 2773 9013
f 5361 2774 5359
f 10383 2774 5361
f 10383 11499 2774
f 11499 11483 2774
f 2775 11499 2793
f 2775 2793 11502
f 2775 11489 11483
f 2775 11483 11499
f 2775 11503 11489
f 2775 11502 11503
f 2777 11486 2776
f 2776 11487 11480
f 2776 11486 11487
f 2777 11483 11489
f 2777 11489 11486
f 5036 2778 2934
f 5036 5038 2778
f 5037 2778 5038
f 5037 5040 2778
f 2780 2779 2802
f 2779 2794 2802
f 2779 11478 2794
f 2780 2802 11512
f 2780 2803 10636
f 2780 11512 2803
f 2781 2783 2785
f 2781 11492 2783
f 2781 2785 2790
f 2781 2790 5889
f 2781 5889 11492
f 3240 11494 2782
f 3240 2782 11867
f 2782 11492 5890
f 2782 5890 12114
f 2782 11494 11492
f 2782 12114 11867
f 2783 2787 2785
f 5333 2787 2783
f 5333 2783 9944
f 11494 9944 2783
f 11492 11494 2783
f 3240 7446 2784
f 3240 2784 11494
f 5334 5332 2784
f 5332 9944 2784
f 5334 2784 7446
f 11494 2784 9944
f 2787 2795 2785
f 2785 2788 2790
f 2785 2795 2788
f 2844 4896 2786
f 2844 2786 4897
f 2786 4896 4895
f 7298 2786 4895
f 7298 4897 2786
f 2787 11507 2795
f 5333 11506 2787
f 2787 11506 11507
f 2788 11497 2790
f 2788 2792 11497
f 2788 11498 2792
f 2788 2795 11498
f 2792 5363 2789
f 11497 2792 2789
f 2789 5357 5358
f 2789 5364 5357
f 11497 2789 5358
f 2789 5363 5364
f 5889 2790 10358
f 10358 2790 11497
f 2940 7104 2791
f 2791 7104 8236
f 2791 8236 8152
f 2791 8152 8246
f 2793 5363 2792
f 11498 2793 2792
f 2793 11499 5363
f 11498 11502 2793
f 11500 2802 2794
f 11500 2794 11503
f 11511 2801 2796
f 11512 2796 2801
f 11500 2796 2802
f 2802 2796 11512
f 9999 2800 2797
f 11511 2797 2800
f 5336 9999 2797
f 5336 2797 11506
f 11506 2797 11507
f 11507 2797 11511
f 2798 9980 5338
f 2798 5338 11509
f 2798 5366 10451
f 2798 10451 9980
f 10006 5341 2799
f 10021 2799 5341
f 10006 2799 11509
f 10021 11510 2799
f 2801 2800 5365
f 11511 2800 2801
f 9980 5365 2800
f 9999 9980 2800
f 2804 2801 10429
f 2804 11512 2801
f 2801 5365 10429
f 2805 2803 2804
f 2804 2803 11512
f 2805 10635 2803
f 10635 10636 2803
f 2805 2804 10429
f 9872 7467 2805
f 2805 7467 10635
f 9872 2805 10429
f 5348 5349 2806
f 5348 2806 10132
f 11513 10132 2806
f 11513 2806 11469
f 10024 11515 2807
f 3819 2809 3247
f 3247 2809 3820
f 7995 2809 3819
f 7996 3820 2809
f 7995 7994 2809
f 7994 7996 2809
f 2837 2836 2810
f 2838 2810 2836
f 11518 2837 2810
f 10619 2810 2838
f 11518 2810 10619
f 5582 5368 2811
f 5582 2811 11518
f 5384 3063 2812
f 5581 2812 3063
f 5384 2812 5383
f 5383 2812 10619
f 5582 2812 5581
f 5582 10619 2812
f 2813 2814 2817
f 10094 2814 2813
f 2813 2817 2820
f 2813 2820 11521
f 9003 2818 9002
f 9004 9002 2818
f 9008 2818 9003
f 9009 9004 2818
f 9009 2818 9008
f 11521 2820 2819
f 11521 2819 11300
f 5375 2821 2822
f 11522 10039 2821
f 5375 2822 5376
f 5376 2822 5377
f 5377 2822 10574
f 2827 2825 2826
f 2828 2826 2825
f 5374 2825 2827
f 2828 2825 5379
f 5374 5373 2825
f 5373 5379 2825
f 11525 2827 2826
f 11525 2826 11549
f 11526 2827 11525
f 2828 5379 5380
f 11529 2828 5380
f 2829 2832 2830
f 2830 2832 2831
f 11531 2830 2831
f 11531 11528 2830
f 2831 2832 2833
f 5382 2831 2833
f 5382 11533 2831
f 11533 11531 2831
f 11744 2833 2832
f 3063 2833 3062
f 11744 3062 2833
f 5384 2833 3063
f 5384 5382 2833
f 11537 2837 2834
f 11537 2836 2837
f 2838 2836 9441
f 10619 2838 2839
f 5383 10619 2839
f 5383 2839 11539
f 2842 5412 2840
f 2842 2840 11541
f 2840 5412 5418
f 2840 5418 10049
f 2841 11540 2842
f 11556 2841 2842
f 11556 11544 2841
f 2842 11540 5412
f 11556 2842 11541
f 11546 2843 2846
f 11552 2846 2843
f 2843 11543 11545
f 11546 11543 2843
f 11544 2843 11545
f 11552 2843 11544
f 2844 4931 4896
f 2844 4897 4930
f 2844 4930 4938
f 2844 4938 4931
f 11525 11549 2845
f 11546 2845 11543
f 10044 11546 2846
f 11552 10046 2846
f 11556 11541 2847
f 11557 2847 11541
f 11552 11544 2847
f 11556 2847 11544
f 10047 11557 2848
f 5401 10757 2849
f 10142 2849 10757
f 5404 2894 2850
f 11728 2850 2894
f 5404 2850 10758
f 10758 2850 10757
f 2856 2851 2853
f 2853 2851 11559
f 2856 11595 2851
f 2851 2911 11559
f 2851 11595 2911
f 2853 11559 2852
f 2852 11559 2896
f 2852 10891 11560
f 2856 2853 11582
f 11619 2855 2854
f 2854 10919 5423
f 2854 5423 11621
f 11619 2854 11621
f 11577 11562 2855
f 11578 11577 2855
f 11578 2855 11619
f 2856 11582 11563
f 2859 2857 2858
f 2858 2857 6972
f 2859 11648 2857
f 2863 2857 2861
f 2861 2857 11564
f 2863 6972 2857
f 2857 11648 11564
f 2859 2858 7545
f 2858 6974 4334
f 2858 4334 7545
f 2858 6972 6974
f 2859 9792 2973
f 2859 2973 11648
f 2859 7545 9792
f 10692 2861 2860
f 2860 2861 11564
f 2975 2865 2860
f 11565 2860 2865
f 2975 2860 11564
f 10692 2860 11565
f 2866 2863 2861
f 10692 2866 2861
f 2974 2978 2862
f 2974 2862 11648
f 2975 2862 2978
f 2975 11564 2862
f 2862 11564 11648
f 2866 2867 2863
f 2867 4342 2863
f 2863 4342 6972
f 7473 5386 2864
f 10692 2864 5386
f 7473 2864 5395
f 5395 2864 10736
f 10692 11565 2864
f 11565 10736 2864
f 2975 11650 2865
f 2976 5394 2865
f 2976 2865 11650
f 5394 11565 2865
f 2866 11566 2867
f 10692 5386 2866
f 5386 11566 2866
f 2867 2869 4340
f 2867 11566 2869
f 2867 4340 4342
f 5385 2868 5386
f 5385 11039 2868
f 5386 2868 11566
f 11039 5433 2868
f 11065 2868 5433
f 11065 11566 2868
f 2869 4343 4340
f 8540 4343 2869
f 8540 2869 11065
f 11065 2869 11566
f 11657 2870 2871
f 2880 2878 2871
f 11575 2871 2878
f 11657 2871 11575
f 2877 5389 2872
f 11573 2877 2872
f 5390 2872 5389
f 5390 11568 2872
f 11571 2872 11568
f 11573 2872 11571
f 10716 2977 2873
f 2873 2977 11652
f 2873 10068 11569
f 10716 2873 11569
f 5586 3170 2874
f 11802 2874 3170
f 5586 2874 4990
f 5777 4990 2874
f 5776 5777 2874
f 5776 2874 11802
f 2979 2875 2980
f 2979 11575 2875
f 2875 11571 2980
f 11573 11571 2875
f 11573 2875 11574
f 11574 2875 11575
f 5391 2877 2876
f 11573 2876 2877
f 10729 2876 2881
f 11574 2881 2876
f 10729 5391 2876
f 11573 11574 2876
f 5392 5389 2877
f 5391 5392 2877
f 2880 2879 2878
f 2881 2878 2879
f 11574 2878 2881
f 11574 11575 2878
f 11585 2881 2879
f 2890 11585 2879
f 10729 2881 11585
f 2882 11562 11577
f 2882 11582 11562
f 2882 11581 11563
f 2882 11563 11582
f 2882 11577 11579
f 2882 11579 11581
f 2883 11578 2884
f 2883 2884 11584
f 5400 5399 2883
f 2883 5399 11579
f 5400 2883 10743
f 11584 10743 2883
f 2883 11579 11578
f 2927 10712 2884
f 11619 2927 2884
f 11584 2884 10712
f 11578 11619 2884
f 5402 2885 5399
f 5399 2885 11581
f 5402 5401 2885
f 10743 2887 2886
f 10788 2886 2887
f 2892 10772 2886
f 10788 2892 2886
f 10743 2886 10772
f 10708 2887 2888
f 2888 2887 11584
f 10788 2887 10708
f 10743 11584 2887
f 5387 5388 2888
f 5387 2888 11584
f 5388 10708 2888
f 2890 5405 2889
f 2890 2889 11585
f 5388 7479 2889
f 5388 2889 10708
f 10708 2889 5405
f 2889 7479 11585
f 2893 5405 2890
f 2892 11587 2891
f 2892 2891 11588
f 2891 3056 11588
f 2891 11733 3056
f 2891 11587 11590
f 2891 11590 11733
f 2892 11588 10772
f 10788 11587 2892
f 2893 11587 5405
f 2893 11590 11587
f 2894 11588 3048
f 11728 2894 3048
f 5404 10772 2894
f 2894 10772 11588
f 2895 11603 2910
f 2895 10599 11592
f 2895 11592 11603
f 2896 11559 11603
f 2896 11592 11593
f 2896 11603 11592
f 2897 2900 2898
f 2897 2899 2900
f 2897 2901 2899
f 2897 6919 2901
f 2898 2900 2902
f 5414 2898 2902
f 11594 2900 2899
f 5408 2899 2901
f 5408 2905 2899
f 11594 2899 2905
f 11594 2902 2900
f 5408 2901 6923
f 10623 2901 6919
f 10623 6923 2901
f 5416 2902 2903
f 11594 2903 2902
f 5414 2902 5415
f 5415 2902 5416
f 2903 2905 2907
f 11594 2905 2903
f 11598 2903 2907
f 5416 2903 11598
f 2904 5418 5417
f 2904 5417 5420
f 2904 5420 5419
f 2904 5419 11595
f 2905 2906 2907
f 10818 2906 2905
f 10818 2905 5408
f 11597 2907 2906
f 10829 10550 2906
f 10818 10829 2906
f 11597 2908 2907
f 11598 2907 2908
f 10549 2908 11597
f 11598 2908 11599
f 5416 2909 5420
f 5416 11598 2909
f 2909 5419 5420
f 2909 11600 5419
f 11598 11599 2909
f 2909 11599 11600
f 2910 11600 11599
f 2910 11603 11600
f 2911 11595 5419
f 2911 5419 11600
f 2911 11603 11559
f 2911 11600 11603
f 4927 7300 2912
f 4927 2912 9739
f 7300 8437 2912
f 7301 2912 8437
f 2913 5422 5421
f 2913 5421 10891
f 9855 5422 2913
f 2914 11605 2925
f 2914 2925 11616
f 2914 10896 7488
f 2914 7488 11605
f 2914 11616 10896
f 2915 2916 11605
f 2915 11611 2916
f 2915 7488 9843
f 2915 11605 7488
f 2915 9843 11614
f 2915 11614 11611
f 2916 7474 11605
f 2916 11613 7474
f 2916 11611 11613
f 2919 2917 11606
f 11608 2917 2919
f 10997 2917 5431
f 11608 5431 2917
f 10997 10953 2917
f 10953 11606 2917
f 10991 2918 5428
f 11606 5428 2918
f 10991 5432 2918
f 11032 2918 5432
f 11615 2918 11032
f 11606 2918 11615
f 2919 2922 11609
f 2919 11615 2922
f 2919 11606 11615
f 11608 2919 11609
f 11608 2920 2921
f 2921 2920 11639
f 2920 7483 7484
f 2920 11609 7483
f 2920 7484 11639
f 11608 11609 2920
f 2921 2956 2959
f 2921 11639 2956
f 2921 2959 5431
f 11608 2921 5431
f 11609 2922 11614
f 11612 11614 2922
f 11612 2922 11615
f 7472 2923 11039
f 7472 11613 2923
f 11032 11039 2923
f 11612 11032 2923
f 11611 11612 2923
f 11613 11611 2923
f 2924 10712 2927
f 2924 2927 11621
f 2924 11618 10712
f 2924 10896 11616
f 2924 11621 10896
f 2924 11616 11618
f 2925 7477 2926
f 2925 2926 11616
f 2925 7474 7477
f 2925 11605 7474
f 2926 7477 7478
f 2926 7478 9866
f 2926 9866 11618
f 2926 11618 11616
f 11619 11621 2927
f 2928 2939 3689
f 2928 4926 2939
f 11353 2928 3689
f 10095 4926 2928
f 10095 2928 6339
f 11353 6339 2928
f 11622 2929 2930
f 5642 2929 8556
f 2932 2931 2938
f 9954 10093 2931
f 2932 2938 2942
f 2937 2936 2933
f 6840 2935 6839
f 6839 2935 10721
f 6840 8251 2935
f 6841 2935 8998
f 6841 10721 2935
f 8251 8999 2935
f 8998 2935 8999
f 2937 7465 2936
f 2939 3687 3688
f 2939 4925 3687
f 2939 3688 3689
f 10089 4925 2939
f 10089 2939 4926
f 2940 7119 4732
f 10445 2940 4732
f 10445 7104 2940
f 10055 2945 2943
f 11629 2943 2945
f 2947 8560 2945
f 10055 2947 2945
f 8555 2945 8560
f 11629 2945 8555
f 2946 2952 3692
f 2946 4922 2952
f 2946 3011 4922
f 2946 4923 3011
f 2946 3692 7325
f 2946 7325 4923
f 5484 2947 5482
f 5484 8560 2947
f 5479 5477 2948
f 11633 2948 5477
f 5479 2948 9060
f 2948 9062 9060
f 11632 9062 2948
f 11633 11632 2948
f 5315 2950 2949
f 2950 11634 2949
f 2950 2951 11634
f 11636 2951 7497
f 2951 11896 7497
f 11636 11634 2951
f 3693 2952 2955
f 4922 2955 2952
f 3692 2952 5257
f 3693 5257 2952
f 6904 2953 2954
f 11641 2954 2953
f 6904 6903 2953
f 6903 8579 2953
f 8567 2953 8579
f 8567 11641 2953
f 4252 11246 2954
f 4252 2954 11641
f 6904 2954 11257
f 11257 2954 11246
f 2955 2988 4915
f 4922 2988 2955
f 3693 2955 4914
f 2955 4915 4914
f 11638 2956 2957
f 2956 11639 2957
f 2956 4253 2959
f 11638 4253 2956
f 4247 2957 9851
f 4247 11638 2957
f 7486 2957 7484
f 2957 11639 7484
f 9851 2957 7486
f 3249 3825 2958
f 9526 3249 2958
f 3825 5839 2958
f 5839 5840 2958
f 5848 2958 5840
f 9526 2958 5848
f 2959 4248 4250
f 2959 4253 4248
f 2959 4250 5431
f 2960 2961 11282
f 11641 2961 2960
f 2960 4248 4253
f 2960 11282 4248
f 4252 2960 4253
f 4252 11641 2960
f 5589 2961 8571
f 5589 11282 2961
f 5601 8571 2961
f 11641 5601 2961
f 5530 2962 2963
f 2962 11645 2963
f 5530 2964 2962
f 5532 2962 2964
f 5532 7739 2962
f 7739 11645 2962
f 5530 2963 8686
f 2963 9785 8686
f 5757 2964 5530
f 5532 2964 5533
f 5533 2964 5534
f 5757 5534 2964
f 7739 8268 2965
f 7739 2965 11645
f 7868 7901 2965
f 8268 7868 2965
f 7901 11647 2965
f 11645 2965 11647
f 2966 5541 4810
f 7901 5541 2966
f 7901 2966 11647
f 5520 2968 2967
f 9671 2967 2968
f 2969 5523 2967
f 2969 2967 9671
f 5520 2967 5521
f 5521 2967 5523
f 5508 5512 2968
f 5508 2968 5519
f 5512 9671 2968
f 5519 2968 5520
f 5515 2969 9671
f 5515 9776 2969
f 5516 5523 2969
f 5516 2969 9776
f 2970 8641 2971
f 2970 8628 8635
f 2970 8635 8641
f 5517 2971 7553
f 7554 7553 2971
f 7554 2971 8641
f 10675 2972 6834
f 2972 10724 6834
f 10675 10680 2972
f 2972 10680 10684
f 2972 10684 10724
f 7549 2974 2973
f 2974 11648 2973
f 7549 2973 9792
f 2975 2978 11650
f 5390 5389 2976
f 2976 5389 5394
f 5390 2976 10716
f 2976 11650 10716
f 2978 2977 11650
f 2978 11651 2977
f 11650 2977 10716
f 2977 11651 11652
f 2979 2980 3033
f 2979 3033 11707
f 2979 11657 11575
f 2979 11707 11657
f 11658 2983 2981
f 11658 2981 2984
f 3097 3000 2981
f 2983 2982 5570
f 11658 2982 2983
f 11658 2985 2982
f 2985 11659 2982
f 3452 2983 5570
f 2986 11661 2984
f 11658 2984 11661
f 2985 10109 11659
f 11658 11661 2985
f 2986 11663 2987
f 2986 2987 11665
f 2986 11665 11661
f 11663 10071 2987
f 2987 11667 11665
f 4921 2988 3003
f 4922 3003 2988
f 4921 4915 2988
f 2990 2991 2989
f 2990 2989 11670
f 2989 2991 11672
f 2989 11672 2997
f 2990 3008 2991
f 2990 3012 3008
f 2990 11691 3012
f 2990 11670 11687
f 2990 11687 11691
f 2991 2996 2993
f 2991 2993 11672
f 3008 2996 2991
f 2992 3019 8994
f 2992 8995 6834
f 2992 6834 10724
f 8995 2992 8994
f 2994 2993 2996
f 2993 2994 11674
f 2993 2998 11672
f 2993 11674 2998
f 2994 3020 2995
f 2994 2995 11674
f 11696 2995 3020
f 11695 2995 11696
f 3008 3009 2996
f 9817 2998 11675
f 11675 2998 11674
f 3002 2999 5537
f 11677 2999 3002
f 11684 5537 2999
f 11677 11676 2999
f 3097 5551 3000
f 3000 5551 5553
f 5036 3001 5038
f 5038 3001 7664
f 3004 3002 5538
f 11678 3002 3004
f 3002 5537 5538
f 11678 11677 3002
f 4922 3011 3003
f 4921 3003 4917
f 3018 3004 3016
f 3016 3004 5538
f 3024 3004 3018
f 11678 3004 3024
f 6842 6841 3005
f 6841 8996 3005
f 6863 6842 3005
f 6863 3005 8994
f 8994 3005 8995
f 8995 3005 8996
f 11682 5537 3006
f 11684 3006 5537
f 9649 11682 3006
f 3702 3007 4088
f 3702 11254 3007
f 3007 11254 6429
f 3008 11685 3009
f 3008 3012 11685
f 3010 11685 3012
f 3010 3012 11691
f 3010 3014 7559
f 3010 11690 3014
f 3010 7559 11692
f 3010 11692 11685
f 3010 11691 11690
f 10940 3011 4923
f 7391 3013 11689
f 7391 11690 3013
f 3013 11691 11687
f 3013 11690 11691
f 5240 3014 7506
f 5240 7559 3014
f 3014 11690 7506
f 3017 3016 3015
f 11693 3015 3016
f 11696 3017 3015
f 11693 10082 3015
f 11695 3015 10082
f 11695 11696 3015
f 3018 3016 3017
f 11693 3016 5538
f 3023 3018 3017
f 3024 3018 3023
f 3019 6848 6847
f 8994 3019 6847
f 8992 6848 3019
f 8223 6778 3021
f 3021 6778 8990
f 8223 3021 8184
f 3021 10790 8184
f 3021 8990 10790
f 3022 4911 3049
f 10146 3022 3049
f 3400 4911 3022
f 3400 3022 6324
f 3022 4912 6324
f 10146 4912 3022
f 3025 3024 3023
f 11716 3038 3025
f 11716 3026 11718
f 3041 11720 3027
f 11718 3027 11720
f 3765 3028 3045
f 3028 11700 3045
f 3765 5571 3028
f 3028 5571 11701
f 3028 11701 11700
f 3030 4623 4621
f 11702 3030 4621
f 3030 11704 4623
f 3030 11702 10108
f 10108 11703 3030
f 3030 11703 11704
f 3031 4834 4608
f 3031 4608 4836
f 3031 4621 4834
f 3031 11702 4621
f 3031 4836 10107
f 3031 10107 11702
f 3032 11707 11705
f 11707 3033 11705
f 10067 11714 3035
f 3035 11714 10110
f 4533 4834 3036
f 4533 3036 5539
f 4621 3036 4834
f 3037 10110 11714
f 11716 3039 3038
f 11716 11718 3039
f 3039 11718 11720
f 3040 3090 4084
f 3040 4087 3090
f 3040 4071 4087
f 3040 6748 4071
f 3040 4084 6752
f 3040 6752 6748
f 10127 10125 3043
f 3765 3045 3044
f 3044 3045 11723
f 3044 3046 3047
f 3044 11725 3046
f 3904 3044 3047
f 3765 3044 3904
f 3044 11723 11725
f 3046 5822 3047
f 5438 3046 5578
f 5438 5822 3046
f 3046 11725 5578
f 3904 3047 5574
f 5579 5574 3047
f 5579 3047 5822
f 11588 11730 3048
f 11727 11728 3048
f 11727 3048 11730
f 10124 3049 3622
f 10135 3622 3049
f 10135 3049 4911
f 10146 3049 10124
f 3051 3050 11733
f 3056 3050 3053
f 3056 11733 3050
f 3055 3051 11733
f 3056 3053 11730
f 3058 3057 3053
f 3057 11730 3053
f 3054 6761 6757
f 3054 8988 6761
f 3054 6763 8180
f 3054 8180 8988
f 11590 3055 11733
f 11588 3056 11730
f 10147 3057 3058
f 10147 3059 3057
f 11727 3057 3059
f 11727 11730 3057
f 11740 3060 3061
f 10141 11740 3061
f 11748 3063 3062
f 11744 3064 3062
f 11746 3062 3064
f 11748 3062 11746
f 5581 3063 11748
f 5581 3065 5368
f 5368 3065 10145
f 5581 11748 3065
f 10145 3065 10148
f 11748 11746 3065
f 3070 8658 3066
f 11752 3070 3066
f 8658 5598 3066
f 3066 5598 11749
f 11755 3066 11749
f 11752 3066 11755
f 5893 9766 3067
f 5893 3067 11750
f 9732 3067 7563
f 3067 9766 7563
f 9732 7595 3067
f 7595 11750 3067
f 9733 3068 11750
f 9733 11756 3068
f 3068 11749 11750
f 11755 11749 3068
f 11755 3068 11756
f 6685 3069 5603
f 11751 5603 3069
f 6912 5611 3069
f 5611 7468 3069
f 6912 3069 6685
f 11751 3069 7468
f 5672 3070 3071
f 11752 3071 3070
f 5672 10221 3070
f 3070 10221 8658
f 9076 3071 3072
f 11753 3072 3071
f 9076 5672 3071
f 11752 11753 3071
f 3072 3075 7603
f 11754 3075 3072
f 9076 3072 7603
f 11753 11754 3072
f 8662 5210 3073
f 11753 3073 5210
f 8662 3073 11756
f 11752 3073 11753
f 11752 11755 3073
f 11755 11756 3073
f 3074 5211 3077
f 11757 3074 3077
f 3074 5210 5211
f 11753 5210 3074
f 11753 3074 11754
f 11754 3074 11757
f 9725 7603 3075
f 9725 3075 9876
f 11757 9876 3075
f 11754 11757 3075
f 11757 3077 3076
f 11758 3076 3077
f 3076 3078 10051
f 11758 3078 3076
f 9876 3076 10051
f 11757 3076 9876
f 3077 5211 9744
f 11758 3077 9744
f 7518 5613 3078
f 3078 5613 10051
f 7518 3078 11758
f 3345 3344 3079
f 11942 3079 3344
f 3345 3079 11939
f 6050 3079 5599
f 11942 5599 3079
f 6050 11939 3079
f 5666 3081 3080
f 6050 3080 3081
f 5666 3080 8683
f 5670 3080 5671
f 5670 8683 3080
f 6050 5671 3080
f 5663 5664 3081
f 5663 3081 5666
f 5664 11939 3081
f 6050 3081 11939
f 10897 10309 3082
f 10897 3082 11759
f 11180 3083 3195
f 3195 3083 11759
f 5804 3083 5805
f 5804 10897 3083
f 5805 3083 11180
f 3083 10897 11759
f 3228 3086 3085
f 3087 3088 3085
f 3234 3227 3086
f 3234 3086 3228
f 11762 3088 3087
f 10156 11762 3087
f 3972 5681 3089
f 8463 3972 3089
f 5681 11763 3089
f 4084 3090 4085
f 4085 3090 6744
f 4086 3090 4087
f 4086 6744 3090
f 3092 11766 3091
f 11768 3092 3091
f 3091 11767 4012
f 3091 11766 11767
f 11071 3092 5681
f 5681 3092 11768
f 11071 6618 3092
f 3092 6618 11766
f 3093 5695 3101
f 3093 3101 11771
f 3093 10572 5695
f 3093 11769 10572
f 5050 3094 4055
f 8978 4055 3094
f 5050 8977 3094
f 6714 6717 3094
f 6714 3094 8977
f 6717 8978 3094
f 5591 3095 3103
f 5592 3103 3095
f 5591 11769 3095
f 3099 3096 5696
f 3099 11777 3096
f 3096 3101 5696
f 3096 11771 3101
f 8090 11771 3096
f 11852 8090 3096
f 11777 11852 3096
f 3097 5555 5551
f 3098 3099 7609
f 3098 11777 3099
f 3098 3224 11777
f 3098 11854 3224
f 3098 7609 7605
f 3099 5696 7611
f 3099 7611 7609
f 3100 3356 11778
f 3100 11897 3356
f 3100 7608 7607
f 3100 7607 11897
f 3101 5695 5697
f 3101 5697 5696
f 3102 3669 4059
f 3102 4086 3669
f 3102 4059 3817
f 4833 3102 3817
f 3102 4064 4086
f 4833 4064 3102
f 5591 3103 3104
f 3103 5596 3104
f 5592 5593 3103
f 5593 5596 3103
f 5591 3104 10572
f 9752 3104 5596
f 7614 3104 9752
f 7614 10572 3104
f 7589 3113 3105
f 3390 3106 3395
f 7306 3106 3390
f 11989 3395 3106
f 3106 4910 4909
f 11989 3106 4909
f 7306 4910 3106
f 3107 5042 3196
f 3107 5041 10537
f 3107 10537 5042
f 7589 5766 3108
f 3108 5766 11876
f 3108 5768 9674
f 3108 11876 5768
f 7589 3108 5770
f 3108 9674 5770
f 3111 5744 3109
f 3109 5744 5740
f 3111 3110 5733
f 3113 3112 3110
f 3112 5733 3110
f 3111 5733 5732
f 3111 5732 5744
f 3113 5771 3112
f 3112 5731 5733
f 7621 5731 3112
f 7621 3112 5771
f 7589 5771 3113
f 3116 3114 3115
f 3115 3114 3137
f 3117 3114 3116
f 3117 9193 3114
f 3114 9198 3137
f 3114 9193 9198
f 3135 3116 3115
f 3144 3135 3115
f 3115 3137 3138
f 3144 3115 3138
f 3122 3117 3116
f 3132 3122 3116
f 3135 3132 3116
f 3118 8935 4030
f 3118 4030 8947
f 3118 8937 8935
f 3118 8950 8937
f 3118 8947 8948
f 3118 8948 8950
f 5505 11784 3119
f 5505 3119 12143
f 11783 11782 3119
f 11782 12139 3119
f 11784 11783 3119
f 3119 12139 12143
f 3124 3120 3122
f 3120 11782 11783
f 3121 4030 8935
f 3121 4033 4031
f 3121 8936 4033
f 3121 8935 8936
f 3124 3122 3123
f 3132 3123 3122
f 3754 3125 4876
f 10931 4876 3125
f 3125 5044 5043
f 3131 3127 3126
f 3131 3126 3129
f 3135 3129 3126
f 3135 3126 3132
f 3131 11787 3127
f 3133 3128 8933
f 8934 3128 3133
f 8933 3128 6745
f 10855 6745 3128
f 6746 3128 8934
f 6746 10855 3128
f 3131 3129 11786
f 3144 3129 3135
f 3145 3142 3129
f 3142 11786 3129
f 3145 3129 3144
f 10119 3616 3130
f 12185 3130 3616
f 7303 3130 4908
f 12185 4908 3130
f 7303 7314 3130
f 10119 3130 7314
f 11794 3131 11786
f 11794 11787 3131
f 8168 3133 8163
f 8932 8163 3133
f 8168 8934 3133
f 8932 3133 8933
f 3136 6544 3134
f 8922 3136 3134
f 6544 7825 3134
f 9396 3134 7825
f 8922 3134 7828
f 9396 7828 3134
f 3136 3895 6545
f 8922 3895 3136
f 3136 11147 6544
f 3136 6545 11147
f 3137 5717 3138
f 3137 9197 5717
f 3137 9198 9197
f 3138 3139 3140
f 3138 5717 3139
f 3144 3138 3140
f 10871 3140 3139
f 3139 5717 5718
f 10803 3139 5718
f 10803 10871 3139
f 3145 3144 3140
f 3145 3140 9688
f 9688 3140 10871
f 3612 4907 3141
f 3612 3141 12184
f 12184 3141 3615
f 12185 3615 3141
f 4907 4908 3141
f 12185 3141 4908
f 3145 9688 3142
f 3142 5756 5768
f 3142 9688 5756
f 3142 5768 11786
f 4906 3143 3181
f 4907 3181 3143
f 11372 3143 4906
f 4907 3143 4908
f 7303 4908 3143
f 7303 3143 11372
f 3148 4231 10173
f 8908 3149 8906
f 8908 9504 3149
f 3150 5761 3151
f 3150 3151 9563
f 3150 11790 5761
f 3150 10176 11790
f 3151 5761 5760
f 3152 5762 3153
f 3153 10180 3152
f 3152 5767 5762
f 3152 11795 5767
f 3153 5762 5763
f 3154 4884 4885
f 3154 5043 5044
f 3155 11787 11794
f 3155 11794 11966
f 3155 11966 11795
f 5495 3156 5497
f 5495 10659 3156
f 5497 3156 8537
f 3157 3168 3158
f 3157 3169 3168
f 3158 3165 3163
f 3158 3163 8234
f 3158 3168 3165
f 3159 3161 7977
f 3159 11799 3161
f 8235 3159 7977
f 7980 3159 8235
f 10172 3159 7980
f 10172 11799 3159
f 3160 8233 3162
f 3160 7980 8233
f 3161 8237 7977
f 3161 8231 8240
f 3161 8240 8237
f 3162 8233 3163
f 3163 8233 8234
f 3164 3165 3167
f 3164 3167 5503
f 3165 3168 3167
f 3167 3168 3166
f 3167 3166 5502
f 3168 11801 3166
f 11801 5989 3166
f 3167 5502 5503
f 3168 3169 11801
f 3169 5779 11801
f 3169 11802 5779
f 5779 11802 3170
f 3171 3420 5045
f 3171 5045 9753
f 3172 3173 5512
f 3172 11803 3173
f 3172 5512 5508
f 3172 5508 12057
f 3172 12172 11803
f 3172 12057 12172
f 5500 5513 3173
f 5500 3173 12090
f 3173 5513 5512
f 3180 3174 11811
f 8612 8620 3174
f 8613 3174 8620
f 8613 11811 3174
f 4928 3175 3919
f 10894 3919 3175
f 4085 3175 4056
f 4928 4056 3175
f 4085 6744 3175
f 10894 3175 6744
f 5777 3177 3176
f 3177 11806 3176
f 3394 3176 3184
f 3394 5777 3176
f 5774 3177 5776
f 5776 3177 5777
f 6966 6968 3178
f 3180 3179 11807
f 3184 3180 11811
f 3187 4904 3181
f 4907 3187 3181
f 4901 3181 4904
f 4901 4905 3181
f 4905 4906 3181
f 3394 3184 3182
f 3184 11811 3182
f 8631 3394 3182
f 8631 3182 5544
f 5544 3182 11811
f 5586 4990 3183
f 8631 3183 4990
f 8630 5586 3183
f 8631 8614 3183
f 8633 3183 8614
f 8630 3183 8633
f 3185 6917 6924
f 10631 6917 3185
f 3185 6924 6922
f 3185 6922 11812
f 11813 10631 3185
f 11813 3185 11812
f 3186 6922 6927
f 3186 11812 6922
f 3186 6927 6923
f 10623 3186 6923
f 10623 10622 3186
f 3186 10622 11812
f 3612 3614 3187
f 3612 3187 4907
f 3614 4904 3187
f 3188 6907 6910
f 3188 8514 6907
f 3188 6910 6916
f 3188 6916 10631
f 11813 8514 3188
f 11813 3188 10631
f 3189 6527 8901
f 3189 8907 6527
f 3189 8901 8909
f 3189 8906 8907
f 3189 8908 8906
f 3189 8909 8908
f 3203 3190 5045
f 3203 10744 3190
f 3190 9753 5045
f 10625 3191 6918
f 10625 11815 3191
f 3522 12091 3192
f 3522 3192 12092
f 11988 3192 5978
f 5978 3192 12091
f 11988 11817 3192
f 11817 12092 3192
f 3499 11818 3193
f 11965 3499 3193
f 3193 5979 5981
f 11965 3193 5981
f 11817 11818 3194
f 11817 3194 12092
f 3194 11818 12070
f 3194 12070 12075
f 3194 12075 12092
f 11180 3195 11822
f 3195 11759 11820
f 3195 11820 11822
f 7655 3196 5042
f 11821 3196 7655
f 11821 11820 3196
f 3197 7656 7657
f 3197 11821 7656
f 3197 7658 11465
f 3197 11465 11822
f 3197 11822 11821
f 3198 3260 3261
f 3198 12034 3260
f 3198 3261 11885
f 3198 5793 7722
f 3198 11885 5793
f 3198 7722 12034
f 3199 9534 3204
f 3199 3204 11823
f 3199 7722 5796
f 3199 5796 9534
f 3199 12034 7722
f 3199 11823 12034
f 7646 3200 3201
f 11825 3200 7646
f 11826 10265 3200
f 11826 3200 11825
f 7647 7646 3201
f 7647 3201 7649
f 7650 7649 3202
f 7670 7650 3202
f 7670 3202 11827
f 11827 3202 10203
f 3203 5049 3407
f 3203 5045 5049
f 3204 9534 11828
f 3204 11828 11829
f 3205 9641 3206
f 3205 3206 11828
f 3205 3207 9641
f 3205 11831 3207
f 3205 11828 9534
f 3205 9534 11831
f 3206 7660 7659
f 3206 7659 11830
f 3206 9641 7660
f 3206 11830 11828
f 3207 7657 9641
f 3208 3209 11832
f 3208 11832 5825
f 3209 5830 3210
f 3209 3210 11832
f 3209 3213 5830
f 3211 3210 5829
f 3211 11832 3210
f 3210 5828 5829
f 3210 5830 5828
f 5821 3212 3211
f 3212 11832 3211
f 3221 5821 3211
f 3221 3211 5829
f 5821 11514 3212
f 5824 5825 3212
f 5824 3212 11514
f 3212 5825 11832
f 5794 8146 3213
f 9371 5794 3213
f 5795 5830 3213
f 5795 3213 8146
f 3219 11837 3214
f 3219 3214 11839
f 11837 10215 3214
f 11839 3214 11835
f 11835 10213 3215
f 3216 5850 5852
f 10200 5850 3216
f 3216 5852 11848
f 3216 11848 11839
f 5834 5832 3217
f 5832 9488 3217
f 7747 5834 3217
f 7747 3217 5975
f 11841 5975 3217
f 11841 3217 9488
f 3222 3218 11843
f 3222 11846 3218
f 10198 3218 11846
f 3220 11843 3219
f 3220 3219 11848
f 3219 11843 11837
f 3219 11839 11848
f 3222 3220 9632
f 3222 11843 3220
f 3220 7622 9632
f 7622 3220 11848
f 3223 10084 3221
f 3223 3221 11850
f 3221 10084 5821
f 3221 5829 11850
f 3222 11805 9631
f 3222 9631 11846
f 3222 9632 11805
f 3223 9631 5861
f 3223 5861 11668
f 3223 11850 9631
f 3223 11668 10084
f 11852 3224 11015
f 11854 11015 3224
f 11777 3224 11852
f 3306 3225 10202
f 3226 5351 10338
f 3226 10358 5351
f 3226 5890 5889
f 3226 5889 10358
f 3226 5891 5890
f 3226 10338 5891
f 3234 11863 3227
f 3233 3234 3228
f 3231 3230 3229
f 5810 3231 3229
f 5810 3229 11369
f 3231 3232 3230
f 3233 3230 3232
f 3231 5842 3232
f 5810 4462 3231
f 3231 4462 5842
f 3233 3232 3235
f 3232 11862 3235
f 3232 5842 5841
f 3232 5841 11862
f 3233 3235 3234
f 11863 3234 3235
f 3235 11862 3237
f 3235 3237 11863
f 3236 5838 3834
f 3236 3834 9874
f 3236 5841 5838
f 3236 11862 5841
f 3236 9874 11866
f 3236 11866 11862
f 3237 5894 11863
f 3237 11872 5894
f 3237 11862 11866
f 3237 11866 11872
f 3238 3241 9960
f 3238 11875 3241
f 3238 9960 5894
f 3238 5894 11872
f 3238 11872 11875
f 3239 7446 3240
f 3239 3240 11867
f 3239 3246 7446
f 3239 11867 3248
f 3241 3248 11867
f 3241 11875 3248
f 3241 12114 9960
f 3241 11867 12114
f 3242 3320 3329
f 5047 3320 3242
f 5048 3242 3329
f 5048 9797 3242
f 3243 3244 11870
f 3243 11873 3244
f 3243 9924 3246
f 3243 3246 11873
f 7449 9924 3243
f 7449 3243 11870
f 5903 3244 11873
f 5903 12194 3244
f 3244 12190 11870
f 3244 12194 12190
f 5901 3330 3245
f 7450 3245 3330
f 5901 3245 12190
f 7450 9920 3245
f 3245 9920 11870
f 3245 11870 12190
f 7447 7446 3246
f 7447 3246 9924
f 3819 3247 3818
f 3247 6048 3818
f 3247 3820 6048
f 3248 11875 6259
f 3249 3251 3825
f 3249 11877 3251
f 9526 7745 3249
f 3249 7745 11877
f 3250 4900 4901
f 3250 10297 4900
f 3250 4901 4904
f 3250 4904 4902
f 3251 3834 3825
f 3251 9874 3834
f 3251 12179 9874
f 3251 11877 12179
f 3252 3258 3257
f 3486 3252 3257
f 11879 3258 3252
f 3484 3480 3252
f 3480 11879 3252
f 3486 3484 3252
f 11879 3253 3254
f 11881 3254 3253
f 11881 3253 3255
f 12051 3255 3253
f 3480 3253 11879
f 3480 12051 3253
f 11879 3254 3259
f 12098 3259 3254
f 12098 3254 11881
f 11881 3255 3256
f 3256 3255 12109
f 3481 3255 12051
f 12109 3255 3481
f 3535 3528 3256
f 3528 11881 3256
f 3537 3535 3256
f 3537 3256 12109
f 11883 3257 3258
f 12035 3486 3257
f 12035 3257 11883
f 3258 3259 3261
f 11879 3259 3258
f 11883 3258 3261
f 11885 3261 3259
f 12098 11885 3259
f 11883 3261 3260
f 11883 3260 3464
f 12033 3464 3260
f 12033 3260 12034
f 3527 12094 3262
f 3527 3262 12098
f 5793 3262 7623
f 5793 11885 3262
f 7623 3262 12094
f 12098 3262 11885
f 3538 3264 3263
f 11886 3263 3264
f 10273 3263 11888
f 11886 11888 3263
f 11886 3264 3265
f 3264 11889 3265
f 3538 3539 3264
f 3264 3539 3540
f 3264 3540 11889
f 10208 11886 3265
f 10270 3265 11889
f 9834 3266 6607
f 11891 6607 3266
f 10447 11890 3266
f 11890 11891 3266
f 4823 3267 7696
f 4823 11891 3267
f 5928 7698 3267
f 5928 3267 11890
f 7698 7696 3267
f 3267 11891 11890
f 3268 3269 3270
f 3268 3270 8701
f 3268 8704 6616
f 3268 8701 8704
f 3269 3977 3270
f 11038 3977 3269
f 11984 3523 3271
f 12134 3271 3523
f 9580 11892 3271
f 9580 3271 12132
f 11984 3271 11892
f 12134 12132 3271
f 3272 3294 3333
f 3272 4056 3294
f 3272 3333 4082
f 3272 4085 4056
f 3272 4082 4084
f 3272 4084 4085
f 11981 5978 3273
f 11984 3273 5978
f 5991 3273 11892
f 5991 11981 3273
f 11984 11892 3273
f 3275 3274 7676
f 3275 11894 3274
f 3274 3354 11951
f 3274 11976 3354
f 3274 11951 7676
f 3274 11894 11976
f 5914 3275 5915
f 5914 11894 3275
f 5915 3275 7675
f 3275 7676 7675
f 5912 5924 3276
f 5912 3276 11894
f 3276 5924 12145
f 3276 11976 11894
f 3276 11970 11976
f 3276 12145 11970
f 3277 3279 3288
f 3277 6633 3279
f 3277 3288 11052
f 8533 6633 3277
f 8533 3277 11050
f 11050 3277 11052
f 11895 3278 7705
f 7709 3288 3279
f 11895 3279 6633
f 7706 3279 7705
f 11895 7705 3279
f 7709 3279 7706
f 11898 3282 3280
f 3282 11899 3280
f 3280 3994 3995
f 3280 11899 3994
f 11898 3280 3995
f 3281 3290 3293
f 3281 6626 3290
f 11910 3281 3293
f 11898 6626 3281
f 11898 3281 11906
f 11906 3281 11910
f 3284 11899 3282
f 11906 3284 3282
f 11898 11906 3282
f 3283 3854 3592
f 6280 3283 3592
f 3283 3661 3854
f 6281 3661 3283
f 6280 9331 3283
f 6281 3283 9331
f 8719 3285 3284
f 3284 3285 11899
f 8719 3284 8721
f 11906 8721 3284
f 6852 6858 3285
f 8718 6852 3285
f 6858 11899 3285
f 8718 3285 8719
f 8907 3286 8904
f 8907 8906 3286
f 7708 3287 3288
f 3288 3287 11052
f 7708 3289 3287
f 11062 3287 3289
f 11056 11052 3287
f 11062 11056 3287
f 7709 7708 3288
f 7708 7711 3289
f 3289 7711 7710
f 11903 3289 7710
f 11062 3289 11903
f 11903 3291 3290
f 11915 3290 3291
f 11915 3293 3290
f 6627 3290 6626
f 11903 3290 6627
f 11913 3299 3291
f 11915 3291 3299
f 11903 7710 3291
f 11913 3291 7710
f 12062 3292 5950
f 5950 3292 12102
f 10455 12038 3292
f 12062 11020 3292
f 12038 12102 3292
f 3296 3293 3297
f 11910 3293 3296
f 11915 3297 3293
f 3294 3453 3333
f 3294 4057 3453
f 3294 4056 4976
f 3294 4976 4057
f 11907 3299 3295
f 11913 3295 3299
f 5949 12099 3295
f 5949 3295 12100
f 11907 3295 12099
f 11913 11912 3295
f 11912 12100 3295
f 11909 3296 3297
f 7712 3296 7713
f 11910 3296 7712
f 11909 7713 3296
f 11907 3297 3299
f 11915 3299 3297
f 11909 3297 11907
f 5966 12052 3298
f 5966 3298 12099
f 9561 11909 3298
f 9561 3298 12052
f 11909 11907 3298
f 3298 11907 12099
f 7710 7711 3300
f 11913 7710 3300
f 7711 12072 3300
f 11912 3300 11911
f 11911 3300 12072
f 11913 3300 11912
f 12064 5950 3301
f 5950 12100 3301
f 11912 11911 3301
f 12079 3301 11911
f 11912 3301 12100
f 12064 3301 12079
f 7738 3303 3304
f 3303 7735 7736
f 7738 7735 3303
f 3304 3305 11920
f 7738 3304 11923
f 11923 3304 11920
f 3305 11918 3306
f 3307 3310 3309
f 3307 3309 11920
f 11922 3310 3307
f 11778 11922 3307
f 3308 11920 3309
f 3308 3309 12029
f 9545 3308 7719
f 3308 12029 7719
f 9545 11923 3308
f 3308 11923 11920
f 12037 3309 3310
f 12037 12029 3309
f 11922 11874 3310
f 12037 3310 11874
f 3314 5934 3311
f 3312 3313 3318
f 3312 3318 3315
f 3313 3317 3316
f 3313 3316 3318
f 3314 3315 5944
f 5935 5934 3314
f 5935 3314 5944
f 7727 3315 3318
f 3315 11924 5944
f 7727 11924 3315
f 3316 3317 7724
f 7740 3318 3316
f 7725 3316 7724
f 7740 3316 7725
f 9536 3317 3974
f 9536 7724 3317
f 7727 3318 7740
f 5947 11924 3319
f 12108 5947 3319
f 9543 3319 11924
f 9543 12017 3319
f 12107 3319 12017
f 12108 3319 12107
f 3320 11059 3329
f 3320 5047 3360
f 5909 3322 3321
f 3321 10214 11926
f 5906 3322 5909
f 5906 12174 3322
f 12174 11929 3322
f 3336 3323 4898
f 3336 10157 3323
f 4898 3323 10987
f 7299 3323 10157
f 3324 3325 3326
f 11928 3324 10212
f 3325 10227 3326
f 3326 12010 5971
f 3326 10227 12010
f 5665 3327 5973
f 5665 5974 3327
f 5783 3327 5784
f 5783 5973 3327
f 11932 5784 3327
f 11932 3327 5974
f 5172 3335 3328
f 9853 3328 3335
f 3337 8672 3328
f 3337 3328 11938
f 5172 3328 8672
f 9853 11938 3328
f 5901 7690 3330
f 7450 3330 8691
f 3330 7690 11933
f 3330 11933 8691
f 5783 3331 5785
f 6694 3331 5783
f 3331 10587 5785
f 6694 11934 3331
f 3331 11934 10587
f 5787 7021 3332
f 5787 3332 11934
f 7096 3332 7021
f 7096 8691 3332
f 11933 3332 8691
f 11933 11934 3332
f 4080 3333 3453
f 4080 3458 3333
f 4081 3333 3458
f 4081 4082 3333
f 3339 3338 3334
f 11991 3334 3338
f 11991 10238 3334
f 5172 11931 3335
f 5974 9798 3335
f 11931 5974 3335
f 9853 3335 9798
f 3336 4898 10996
f 3336 4899 10157
f 3337 5614 8674
f 10168 5614 3337
f 3337 8674 8672
f 10168 3337 11938
f 7743 3338 3339
f 11991 3338 5976
f 11997 5976 3338
f 11994 3338 7743
f 11994 11997 3338
f 3341 3340 3339
f 7743 3339 3340
f 5897 5818 3340
f 5818 7743 3340
f 3345 3341 3344
f 5973 3342 3346
f 3342 5786 5897
f 5973 5786 3342
f 6542 6518 3343
f 6518 8897 3343
f 6542 3343 8902
f 8903 3343 8897
f 8903 8902 3343
f 3346 3345 11939
f 5664 5665 3346
f 5664 3346 11939
f 5665 5973 3346
f 3347 3349 3348
f 11943 3349 3347
f 5907 11943 3347
f 11946 3348 3349
f 11945 10211 3348
f 11945 3348 11946
f 5921 11946 3349
f 5921 3349 11947
f 11947 3349 11943
f 11945 3350 5919
f 12146 5919 3350
f 5923 3350 11946
f 5923 12146 3350
f 11945 11946 3350
f 11940 3352 3351
f 11949 3351 3352
f 11950 3354 3351
f 11952 3351 3354
f 11952 11940 3351
f 11950 3351 11949
f 5994 5999 3352
f 5994 3352 11940
f 11949 3352 5999
f 6003 11887 3353
f 6003 3353 11914
f 11887 7676 3353
f 11951 3353 7676
f 11914 3353 11950
f 11951 11950 3353
f 11951 3354 11950
f 11952 3355 11937
f 11957 11937 3355
f 11953 3355 11952
f 11953 11955 3355
f 11957 3355 11955
f 11778 3356 11922
f 11874 3356 11904
f 11922 3356 11874
f 11897 11904 3356
f 11865 3358 3357
f 11956 3357 3358
f 6895 3357 6885
f 11956 6885 3357
f 6895 10656 3357
f 11865 3357 10656
f 10578 3358 10579
f 11956 3358 10578
f 3359 6886 6885
f 11956 3359 6885
f 11959 6886 3359
f 11956 10578 3359
f 3361 4240 4239
f 11959 3361 4239
f 3361 9182 4240
f 3361 9178 9182
f 4048 3362 4046
f 9149 4046 3362
f 4556 3362 4048
f 4556 8891 3362
f 3362 8891 8892
f 9149 3362 8892
f 3808 3363 3365
f 3363 11961 3365
f 3363 3842 3366
f 3363 3366 11961
f 3808 3807 3363
f 3807 3842 3363
f 3370 3365 3364
f 11961 3364 3365
f 3367 3370 3364
f 6032 3365 3370
f 6032 3808 3365
f 7753 3369 3367
f 3369 11962 3367
f 3367 11962 3370
f 7753 3367 7754
f 9513 3371 3368
f 3368 3371 11963
f 7757 9513 3368
f 7757 3368 11962
f 3368 11963 11962
f 7753 7756 3369
f 7756 9511 3369
f 9511 7757 3369
f 7757 11962 3369
f 6032 3370 11963
f 11962 11963 3370
f 6030 3371 9513
f 11859 3371 6030
f 11859 11860 3371
f 11860 11963 3371
f 3372 3374 3811
f 3372 11855 3374
f 3372 3811 11964
f 6028 3372 11964
f 3373 3375 11855
f 3373 11973 3375
f 3373 11855 3378
f 3373 3378 11972
f 3373 11972 11973
f 3374 3375 3830
f 3374 11855 3375
f 3811 3374 3833
f 3374 3830 3833
f 3375 11974 3830
f 3375 11973 11974
f 3376 11969 3377
f 3376 3377 11972
f 6094 4041 3376
f 3376 4041 11969
f 6094 3376 11967
f 3376 11972 11967
f 4097 3380 3377
f 3377 3380 11971
f 4097 3377 11969
f 11973 3377 11971
f 11972 3377 11973
f 6037 11968 3378
f 3378 11968 11967
f 3378 11967 11972
f 4743 6096 3379
f 4743 3379 11968
f 6095 6094 3379
f 6094 11967 3379
f 6096 6095 3379
f 11967 11968 3379
f 3380 3803 3927
f 4097 3803 3380
f 3380 3927 3805
f 3380 3805 3940
f 11971 3380 3940
f 3381 3940 3806
f 3835 11974 3381
f 11971 3940 3381
f 11971 3381 11974
f 3384 3382 3383
f 3383 3382 7866
f 3384 6041 3382
f 3382 4747 7866
f 3382 9082 4747
f 6041 9082 3382
f 3384 3383 11975
f 3386 3383 7867
f 3386 11975 3383
f 3383 7866 7867
f 3384 6067 6041
f 3384 11977 6067
f 3384 11975 11977
f 11977 3385 3387
f 3385 11985 3387
f 3391 3385 11975
f 3391 11986 3385
f 11977 11975 3385
f 3385 11986 11985
f 3386 10248 3391
f 3386 3391 11975
f 3386 7867 7865
f 3386 7865 10248
f 6067 3387 6068
f 11977 3387 6067
f 11808 6068 3387
f 11808 3387 11985
f 3389 3390 3388
f 3389 3388 11978
f 3390 3395 3388
f 3395 3392 3388
f 11978 3388 3392
f 3389 7305 3390
f 6070 7304 3389
f 6070 3389 11978
f 3389 7304 7305
f 7305 7306 3390
f 3391 11982 11986
f 3393 3392 3395
f 3393 11986 3392
f 11978 3392 11982
f 11986 11982 3392
f 11983 3393 3395
f 3393 3396 11986
f 11987 3396 3393
f 11983 11987 3393
f 3394 4990 5777
f 8631 4990 3394
f 11989 11983 3395
f 3396 11804 6069
f 3396 6069 11985
f 11987 11804 3396
f 3396 11985 11986
f 11990 3397 3399
f 11992 3399 3397
f 11989 3397 11983
f 11983 3397 11990
f 11989 11992 3397
f 3398 6480 6482
f 11990 6480 3398
f 3398 6482 6485
f 3398 6485 11804
f 11987 3398 11804
f 11987 11990 3398
f 3399 11205 6480
f 11990 3399 6480
f 11377 11205 3399
f 11992 11377 3399
f 3400 4909 4911
f 11992 4909 3400
f 11377 3400 6324
f 11992 3400 11377
f 3819 7334 3401
f 7995 3819 3401
f 5257 3821 3401
f 7995 3401 3821
f 11993 5257 3401
f 11993 3401 7334
f 7316 3690 3402
f 3402 3690 11993
f 7316 3402 7336
f 3402 7334 7332
f 3402 7332 7335
f 3402 11993 7334
f 3402 7335 7336
f 3690 3691 3403
f 3690 3403 11993
f 3403 3691 3692
f 3403 3692 5257
f 11993 3403 5257
f 3404 3406 6071
f 3404 11998 3406
f 3404 6071 11800
f 3404 11800 10247
f 3404 10247 11995
f 3404 11995 11998
f 6284 3405 8779
f 11998 3405 6284
f 3405 7870 8779
f 3405 11996 7870
f 3405 11995 11996
f 11998 11995 3405
f 3406 7307 6071
f 3406 6285 9315
f 3406 11998 6285
f 3406 9315 7307
f 11217 3407 5049
f 9465 3410 3408
f 3408 3410 12002
f 9465 3408 7793
f 3408 11999 7793
f 3408 12002 11999
f 11231 3409 3798
f 3409 12002 3798
f 3409 6455 6456
f 11231 6455 3409
f 3409 6456 11779
f 3409 11779 11999
f 3409 11999 12002
f 3411 3410 9465
f 3410 12001 12002
f 3411 9465 3416
f 3411 3416 12007
f 3411 3417 12003
f 3411 12007 3417
f 11834 6054 3412
f 3412 6054 12004
f 6080 11834 3412
f 6080 3412 12008
f 3412 12004 12003
f 12008 3412 12003
f 10330 3413 3414
f 11780 3414 3413
f 11780 3413 8283
f 6083 6086 3414
f 6083 3414 11780
f 12006 3414 6086
f 12006 10330 3414
f 3415 6085 11796
f 12006 6085 3415
f 3415 11797 10253
f 3415 11796 11797
f 3416 9467 6077
f 3416 6077 11796
f 3416 9465 9467
f 3416 11796 12007
f 11788 3417 6085
f 6085 3417 12007
f 11788 12008 3417
f 12008 12003 3417
f 4523 3418 8757
f 12009 3418 4523
f 7803 3418 8752
f 7803 8761 3418
f 12009 8752 3418
f 8757 3418 8761
f 4574 3421 3419
f 12011 3419 3421
f 8766 4574 3419
f 12009 3419 7790
f 12011 7790 3419
f 12009 8766 3419
f 5045 3420 5049
f 7805 3421 4574
f 7805 9442 3421
f 9442 9469 3421
f 12011 3421 9469
f 3422 3423 7806
f 3422 12012 3423
f 9448 3424 3422
f 3422 3424 12014
f 9448 3422 7806
f 3422 12014 12012
f 3423 11793 6074
f 3423 6074 11798
f 7806 3423 11798
f 3423 12012 11793
f 9448 11743 3424
f 3424 11743 11745
f 3425 12014 3426
f 3425 3426 12016
f 10197 3425 12016
f 3425 12012 12014
f 3426 3427 12015
f 3426 12015 12016
f 4105 3427 11736
f 4105 12015 3427
f 11738 11736 3427
f 11738 3427 11737
f 4389 3428 10184
f 4389 12016 3428
f 3428 8815 10155
f 3428 12015 8815
f 3428 10155 10184
f 3428 12016 12015
f 6406 3429 6399
f 11308 6399 3429
f 6406 6400 3429
f 11312 3429 6400
f 11308 3429 9436
f 11312 9436 3429
f 3430 8807 6115
f 3430 6115 11736
f 3430 11313 8807
f 3430 11738 11313
f 3430 11736 11738
f 11312 4113 3431
f 11313 3431 4113
f 11738 6114 3431
f 11738 3431 11313
f 3439 3432 8122
f 3439 12019 3432
f 3441 3432 6506
f 3441 8122 3432
f 3432 4021 6506
f 3432 12019 4021
f 3439 3433 12019
f 3439 12025 3433
f 3433 6163 12020
f 3433 12027 6163
f 12019 3433 12020
f 3433 12025 12027
f 3434 6160 4021
f 3434 4021 12019
f 3434 6162 6160
f 3434 12020 6162
f 3434 12019 12020
f 3435 3437 6725
f 3435 12021 3437
f 3435 10884 6253
f 3435 6253 12023
f 3435 6725 10884
f 3435 12023 12021
f 3436 3438 6208
f 3436 10437 3438
f 6211 3436 6208
f 12021 3436 6211
f 6211 11538 3437
f 12021 6211 3437
f 6725 3437 10887
f 3437 11538 10887
f 3492 11542 3438
f 12065 3492 3438
f 6208 3438 11542
f 12065 3438 10437
f 3439 8122 6723
f 3439 6723 12025
f 5052 5051 3440
f 5052 3440 7388
f 3440 11025 7388
f 3441 4022 6432
f 3441 6506 4022
f 3441 6432 6154
f 3441 6154 8123
f 3441 8123 8122
f 3442 11530 6163
f 3442 6163 12027
f 6212 3442 6210
f 6210 3442 11538
f 6212 11530 3442
f 3442 12027 11538
f 3443 8371 7213
f 3443 7213 12028
f 3443 7819 9413
f 3443 12028 7819
f 3443 7820 8371
f 3443 9413 7820
f 3444 6556 3445
f 3444 3445 9415
f 3444 4015 4025
f 3444 12028 4015
f 3444 4025 6556
f 3444 9415 12028
f 6772 3445 6556
f 3446 7822 3447
f 3446 7823 7822
f 9410 7823 3446
f 9410 3446 7824
f 3447 7822 7819
f 9415 3447 7819
f 3449 3450 12049
f 3450 3451 3456
f 3450 3456 12032
f 3450 12032 12049
f 3451 3454 3455
f 3451 3455 3456
f 3452 5570 5286
f 3923 3475 3453
f 4080 3453 3475
f 3923 3453 4057
f 3454 7821 3455
f 3454 8135 7821
f 3455 11666 3456
f 3455 7821 11673
f 3455 11673 11666
f 3456 11666 12031
f 3456 12031 12032
f 6174 3474 3457
f 12032 3457 3474
f 3457 11646 6174
f 11656 11646 3457
f 12031 11656 3457
f 12031 3457 12032
f 4080 4073 3458
f 4073 8928 3458
f 4081 3458 4079
f 4079 3458 8928
f 3459 3461 3462
f 3459 10264 3461
f 12033 11823 3460
f 12050 3462 3461
f 3487 3461 10267
f 3487 12050 3461
f 3461 10264 10267
f 3462 3463 3464
f 12050 3463 3462
f 12035 3464 3463
f 12035 3463 3485
f 3485 3463 12055
f 3463 12050 12055
f 12035 11883 3464
f 6213 3465 6215
f 6213 12039 3465
f 6215 3465 6216
f 6216 3465 11683
f 3465 12040 11683
f 3465 12039 12040
f 3502 3466 4891
f 3502 4895 3466
f 3466 4894 4891
f 7345 4894 3466
f 3466 4895 4896
f 7345 3466 4896
f 3467 3471 11697
f 3467 12040 3543
f 6157 3467 11697
f 6157 12040 3467
f 3469 3468 6175
f 12041 3468 3469
f 12043 3472 3468
f 12047 3468 3472
f 6175 3468 12047
f 12041 12043 3468
f 3469 6167 6165
f 9409 3469 6165
f 3469 6175 6167
f 12041 3469 9409
f 5052 3470 5051
f 3471 6156 11697
f 12041 6156 3471
f 12041 3471 12043
f 12046 3472 3541
f 12111 3541 3472
f 12111 3472 12043
f 12046 12047 3472
f 6171 3483 3473
f 6172 3473 3483
f 3542 6171 3473
f 12046 3542 3473
f 12046 3473 6172
f 3488 3474 6174
f 3488 12056 3474
f 3516 4073 3475
f 3516 3475 4074
f 4074 3475 3923
f 4080 3475 4073
f 3487 10267 3476
f 7298 4893 3477
f 7298 3477 8436
f 7299 8436 3477
f 6170 3479 3478
f 3479 12051 3478
f 3484 3478 3480
f 3480 3478 12051
f 3484 6171 3478
f 6170 3478 6171
f 3481 3479 6169
f 3481 12051 3479
f 6168 6169 3479
f 6168 3479 6170
f 3481 6169 3539
f 12109 3481 3539
f 3486 3482 3483
f 6172 3483 3482
f 3486 3485 3482
f 3485 12060 3482
f 6172 3482 6173
f 6173 3482 12060
f 3486 3483 3484
f 3484 3483 6171
f 12035 3485 3486
f 3488 3485 12055
f 3488 12060 3485
f 3487 12056 12050
f 3488 6174 12060
f 3488 12055 12056
f 10436 3489 3490
f 12063 3490 3489
f 11637 12063 3489
f 12065 10436 3490
f 12063 11630 3490
f 3490 11630 12066
f 12065 3490 12066
f 6181 6184 3491
f 6181 3491 11640
f 6184 11501 3491
f 6185 3491 11501
f 6220 11542 3492
f 6220 3492 12067
f 12065 12066 3492
f 3492 12066 12067
f 6223 11495 3493
f 6223 3493 11630
f 3493 11495 12067
f 3493 12066 11630
f 3493 12067 12066
f 3494 5924 12142
f 3494 12145 5924
f 3494 5925 12068
f 3494 12142 5925
f 3494 5988 5983
f 3494 5983 12145
f 3494 12068 5988
f 3495 7832 3496
f 3495 3496 12068
f 5927 3497 3495
f 3495 3497 7832
f 5927 3495 5925
f 5925 3495 12068
f 3496 5985 5984
f 3496 5984 5988
f 3496 5986 5985
f 3496 7832 5986
f 3496 5988 12068
f 3497 7831 7832
f 3497 11475 7831
f 3498 3508 12074
f 3498 12078 3508
f 3498 12070 12071
f 3498 12075 12070
f 3498 12071 12078
f 3498 12074 12075
f 3499 12070 11818
f 11960 3499 11965
f 11960 12071 3499
f 3499 12071 12070
f 3500 7833 3509
f 12077 3500 3509
f 3500 7834 7833
f 11960 7834 3500
f 11960 3500 12071
f 12077 12071 3500
f 3501 3504 7839
f 3501 12073 3504
f 7838 7837 3501
f 12083 3501 7837
f 7838 3501 7839
f 12083 12073 3501
f 3502 4893 4895
f 3503 7835 3504
f 3503 3504 12073
f 3503 3510 3509
f 9392 3503 3509
f 3503 12073 3510
f 9392 7835 3503
f 7835 7840 3504
f 7840 7839 3504
f 3508 11484 3505
f 3508 3505 12074
f 3505 11491 6224
f 3505 6224 11583
f 3505 11484 6232
f 3505 6232 11491
f 12074 3505 11583
f 3520 3506 11586
f 3520 12075 3506
f 11586 3506 11583
f 3506 12074 11583
f 3506 12075 12074
f 3507 3510 3511
f 12077 3510 3507
f 12080 3507 3511
f 12078 3507 11479
f 12080 11479 3507
f 12078 12077 3507
f 3508 11479 11484
f 12078 11479 3508
f 12077 3509 3510
f 9392 3509 7833
f 3510 12073 3511
f 12080 3511 3514
f 3511 12082 3514
f 12083 3511 12073
f 12083 12082 3511
f 3514 6229 3512
f 12080 3514 3512
f 3512 6229 11488
f 3512 11485 6233
f 12080 3512 6233
f 3512 11488 11485
f 5961 3513 5055
f 5961 5056 3513
f 10003 3513 5056
f 10003 7389 3513
f 3514 6228 6229
f 3514 12082 6228
f 3519 3515 3517
f 3517 3515 12084
f 3519 6228 3515
f 3515 6228 12082
f 12083 7837 3515
f 7837 12084 3515
f 12083 3515 12082
f 3516 4075 4073
f 3519 3517 6217
f 6217 3517 11508
f 3517 12085 11508
f 3517 12084 12085
f 3545 6214 3518
f 7838 3545 3518
f 6214 12085 3518
f 7838 3518 7837
f 7837 3518 12084
f 3518 12085 12084
f 3519 6217 6226
f 3519 6226 6227
f 3519 6227 6228
f 3520 12087 3522
f 3520 3522 12092
f 3520 11586 12087
f 3520 12092 12075
f 3523 12088 3521
f 12134 3523 3521
f 5929 12134 3521
f 5929 3521 12137
f 3521 12087 6191
f 12137 3521 6191
f 3521 12088 12087
f 3522 12087 12088
f 3522 12088 12091
f 11984 12091 3523
f 3523 12091 12088
f 3524 6670 6666
f 3524 8094 6670
f 3524 8874 8094
f 3524 8875 8874
f 3526 3525 12095
f 3526 12096 3525
f 3529 3525 12096
f 3529 12104 3525
f 3525 5827 12095
f 3525 12104 5827
f 3526 8146 7623
f 3526 7623 12094
f 3526 12095 8146
f 3526 12094 12096
f 3528 3527 11881
f 3528 12096 3527
f 3527 12098 11881
f 3527 12096 12094
f 3535 3529 3528
f 3529 12096 3528
f 3535 3534 3529
f 3534 12104 3529
f 11218 5058 3530
f 5916 5060 3530
f 11218 3530 5060
f 3532 3531 3534
f 3532 12101 3531
f 3534 3531 12104
f 3533 8871 8870
f 3533 8870 8873
f 3533 10499 8871
f 3533 8873 8872
f 3533 8872 10499
f 3536 8057 8056
f 3536 8873 8057
f 3536 8872 8873
f 10497 8872 3536
f 3538 3537 12109
f 3538 12109 3539
f 6169 3540 3539
f 11655 3540 6169
f 12046 3541 3542
f 12121 3542 3541
f 12111 3546 3541
f 12121 3541 3546
f 3542 6170 6171
f 12121 6170 3542
f 3543 12040 12039
f 12115 3543 12039
f 3546 3544 12118
f 6234 3544 12117
f 6234 12118 3544
f 3544 12115 12117
f 3545 12115 6214
f 7838 6235 3545
f 6235 12117 3545
f 3545 12117 12115
f 9389 3547 6234
f 6234 3547 12118
f 9389 9381 3547
f 10271 3547 10269
f 10271 12118 3547
f 3548 3560 10707
f 3548 12123 3560
f 3548 10274 12122
f 3548 12122 12123
f 3549 3563 3561
f 3549 3561 12123
f 3549 12138 3563
f 3549 12123 12122
f 3550 3555 3559
f 3550 12125 3555
f 3550 3559 3558
f 3550 3558 12136
f 3550 12136 12125
f 3551 12126 3568
f 3551 3568 12144
f 3551 11447 12141
f 3551 12150 11447
f 3551 12141 12126
f 3551 12144 12150
f 3552 3555 12125
f 3552 12130 3555
f 3552 3565 3556
f 3552 3556 12130
f 3552 12126 3565
f 3552 12125 12126
f 3559 3555 3553
f 3553 3555 12130
f 3559 3553 12128
f 3553 6297 11415
f 3553 12130 6297
f 3553 11415 12128
f 6293 3554 6294
f 11417 6294 3554
f 11417 3554 6295
f 6295 3554 12128
f 3554 12127 12128
f 6301 3556 6241
f 6301 12130 3556
f 3559 3557 3558
f 3558 3557 3561
f 3559 12127 3557
f 3557 12133 3561
f 3557 12127 12131
f 3557 12131 12133
f 3558 3561 3563
f 3558 3563 12136
f 3559 12128 12127
f 10320 3560 12133
f 3560 12123 12133
f 3561 12133 12123
f 12136 3562 3568
f 3562 12144 3568
f 8327 3569 3562
f 3562 3569 12144
f 7243 8327 3562
f 7243 3562 12136
f 7243 3563 3564
f 3564 3563 12138
f 7243 12136 3563
f 3564 12138 10275
f 3565 12126 12141
f 3565 12141 12140
f 3566 4891 4894
f 10298 4891 3566
f 7339 4892 3566
f 7339 3566 4894
f 4997 4996 3567
f 4997 3567 6260
f 11448 6260 3567
f 11448 3567 12140
f 12125 3568 12126
f 12125 12136 3568
f 3570 3569 7204
f 3570 12144 3569
f 8331 7204 3569
f 8327 8326 3569
f 8331 3569 8326
f 8328 3571 3570
f 3571 12150 3570
f 8328 3570 7204
f 3570 12150 12144
f 8328 6246 3571
f 6246 11446 3571
f 6247 3571 11446
f 6247 12150 3571
f 7287 3573 3572
f 10054 3572 3573
f 12153 7287 3572
f 10054 7356 3572
f 3572 7356 11445
f 12153 3572 11445
f 4614 3573 7287
f 4614 8438 3573
f 3573 8438 7358
f 10054 3573 7358
f 5441 5060 3574
f 11477 3574 5062
f 11477 5441 3574
f 8027 3575 3894
f 8027 8028 3575
f 8028 8867 3575
f 8867 11389 3575
f 8333 3577 3576
f 3577 9377 3576
f 6249 6264 3576
f 6249 3576 12155
f 8333 3576 6264
f 3576 9377 12155
f 8333 7842 3577
f 9363 3577 7842
f 9363 7857 3577
f 7857 9377 3577
f 6267 6268 3578
f 9366 6267 3578
f 6268 7355 3578
f 3578 7355 12155
f 9366 3578 9377
f 3578 12155 9377
f 6248 3579 4947
f 3579 10053 4947
f 6249 3579 6248
f 6249 12155 3579
f 3579 7355 10053
f 3579 12155 7355
f 3580 3581 3582
f 7861 3581 3580
f 3580 3582 3583
f 4998 3580 3583
f 5000 3580 4998
f 5000 7860 3580
f 7860 7861 3580
f 9309 3582 3581
f 7861 6275 3581
f 9309 3581 6275
f 5002 3583 3582
f 5002 3582 9305
f 9309 9305 3582
f 5001 4998 3583
f 5004 5001 3583
f 5004 3583 5002
f 10320 10277 3584
f 10320 3584 12159
f 3585 3586 3587
f 3585 12157 3586
f 3585 3587 12164
f 3585 12156 12158
f 3585 12164 12156
f 3585 12158 12157
f 3586 9346 3587
f 3586 3588 9346
f 3587 9346 3666
f 3587 3666 9425
f 3587 9425 12164
f 7863 7862 3588
f 7862 9346 3588
f 7863 3588 12166
f 11438 7863 3589
f 7863 12166 3589
f 11438 3589 12173
f 12173 3589 12175
f 12168 3591 3590
f 12170 3590 3591
f 11443 3590 6276
f 6276 3590 12170
f 11443 12176 3590
f 12168 3590 12176
f 6278 3591 12169
f 6278 12171 3591
f 12168 12169 3591
f 12170 3591 12171
f 6280 3592 12171
f 12170 12171 3592
f 3593 4888 3712
f 3593 7295 4888
f 3593 4889 10164
f 3593 10164 7295
f 10281 12168 3594
f 10281 3594 12175
f 12168 12176 3594
f 3594 12173 12175
f 3594 12176 12173
f 3595 7864 7869
f 3595 9345 7864
f 3595 7869 7873
f 3595 7873 7870
f 9290 3596 3598
f 3596 12178 3598
f 6278 3596 3599
f 9290 3599 3596
f 6278 12169 3596
f 12169 12178 3596
f 10278 9282 3597
f 12181 3597 9282
f 7883 3598 7882
f 12181 7882 3598
f 9290 3598 7883
f 12181 3598 12178
f 6278 3599 11432
f 6279 3599 9290
f 6279 9334 3599
f 11432 3599 9334
f 3601 10717 3600
f 3601 3600 11420
f 3600 11367 6327
f 3600 6327 11425
f 3600 10717 11367
f 11420 3600 11425
f 3601 3635 3602
f 3601 3602 10717
f 3623 3602 3618
f 3602 3635 3618
f 3623 3638 3602
f 3602 3638 10717
f 3607 3603 3606
f 3603 3608 3606
f 11404 3603 3607
f 11409 3608 3603
f 11409 3603 11404
f 8861 3604 3749
f 10316 3749 3604
f 6342 3750 3604
f 10316 3604 3750
f 8851 6342 3604
f 8861 8851 3604
f 6308 3605 6305
f 11404 6305 3605
f 6308 6307 3605
f 11411 3605 6307
f 11404 3605 11403
f 11411 11403 3605
f 3607 3606 5001
f 4999 3606 3608
f 4999 4998 3606
f 5001 3606 4998
f 5003 3607 5001
f 5003 6305 3607
f 11404 3607 6305
f 4999 3608 4996
f 11468 4996 3608
f 11468 3608 11409
f 3609 9089 6283
f 3609 6283 11397
f 3609 6307 6308
f 3609 11397 6307
f 3609 6308 12182
f 3609 12182 9089
f 3610 9088 3611
f 12182 3610 3611
f 5005 3610 11401
f 12182 11401 3610
f 3611 9088 9097
f 9089 3611 9090
f 12182 3611 9089
f 9090 3611 9097
f 3612 12183 3614
f 3612 12184 12183
f 3613 3627 9264
f 3613 12192 3627
f 3613 9264 6313
f 3613 6313 12183
f 3613 12183 12192
f 3614 4902 4904
f 3614 11390 4902
f 3614 6313 11390
f 3614 12183 6313
f 3615 3617 3619
f 12185 3617 3615
f 3615 3619 3626
f 12184 3615 3626
f 12185 3616 3617
f 3616 12189 3617
f 10119 12191 3616
f 3616 12191 12189
f 3617 12186 3619
f 3617 12189 12186
f 3623 3618 12189
f 3635 3636 3618
f 3618 3636 12186
f 3618 12186 12189
f 3619 3624 3625
f 3636 3624 3619
f 3619 3625 3626
f 12186 3636 3619
f 3620 7312 7311
f 3620 7311 10138
f 3620 12188 7312
f 3620 10138 10028
f 12187 3620 10028
f 12187 12188 3620
f 3623 3621 3639
f 3623 12189 3621
f 12187 3639 3621
f 12187 3621 12188
f 3621 12191 12188
f 3621 12189 12191
f 10124 3622 10119
f 10119 3622 12191
f 10135 12188 3622
f 3622 12188 12191
f 3623 3639 3638
f 12195 3625 3624
f 9832 3633 3624
f 3633 12195 3624
f 9832 3624 3636
f 3626 3625 3959
f 11003 3959 3625
f 11003 3625 12195
f 3626 3959 12192
f 12184 3626 12192
f 7280 3627 3959
f 3627 12192 3959
f 7889 3627 7280
f 7889 9264 3627
f 11421 3628 3633
f 3633 3628 12195
f 12193 3634 3628
f 3634 12195 3628
f 11421 11422 3628
f 12193 3628 11422
f 12193 3629 3630
f 11422 3632 3629
f 12193 11422 3629
f 12193 3630 5126
f 6289 3632 3631
f 11422 3631 3632
f 4988 6289 3631
f 4988 3631 6291
f 11421 6291 3631
f 11421 3631 11422
f 12193 5126 3634
f 3634 11003 12195
f 3635 9832 3636
f 3637 3638 7891
f 3637 10717 3638
f 3637 7894 6328
f 3637 6328 11367
f 3637 7891 7894
f 3637 11367 10717
f 3639 7891 3638
f 3639 10028 7891
f 12187 10028 3639
f 4885 4886 3640
f 4888 3640 4886
f 4888 7295 3640
f 3640 7295 7297
f 3641 3646 3642
f 3641 3645 3646
f 10295 3645 3641
f 10295 3641 10938
f 3642 3646 6330
f 6330 7984 3642
f 3642 7984 10998
f 7888 3643 3644
f 3647 3645 3643
f 10295 3643 3645
f 7888 3647 3643
f 7888 3644 9268
f 9268 3644 11391
f 7896 3646 3645
f 3647 7896 3645
f 6330 3646 7898
f 9199 3646 7896
f 7898 3646 9199
f 7888 3659 3647
f 9225 3647 3659
f 9225 7896 3647
f 3655 3648 3649
f 3653 3648 3652
f 3652 3648 3655
f 3651 3656 3649
f 3655 3649 3656
f 3651 3650 6332
f 3650 7984 6332
f 3651 6332 3656
f 3653 3652 7900
f 3652 3655 7905
f 3652 7903 7900
f 3652 7902 7903
f 3652 7905 7902
f 6451 3654 6454
f 6451 8848 3654
f 8864 6454 3654
f 3654 8848 8850
f 9007 3654 8850
f 8864 3654 9007
f 3655 3656 7907
f 3655 7907 7905
f 3656 6332 11364
f 7907 3656 11364
f 7897 3657 6333
f 6333 3657 11362
f 7897 9225 3657
f 9224 3657 9225
f 9224 10312 3657
f 3657 10312 11362
f 3658 3659 7280
f 9224 3659 3658
f 3658 7280 3959
f 3658 3959 11003
f 7889 7280 3659
f 7888 7889 3659
f 9224 9225 3659
f 3661 3660 3854
f 11838 3660 3661
f 3660 10318 3854
f 6281 11836 3661
f 11836 11838 3661
f 3662 6510 3683
f 6510 3662 3684
f 3662 11781 3684
f 3664 3663 11024
f 3664 11356 3663
f 3663 3672 11024
f 10321 3663 11356
f 3664 10279 10232
f 3664 10232 11356
f 3665 3667 6238
f 3665 10589 3667
f 3665 6238 6195
f 3665 10702 10589
f 10589 3666 9346
f 10589 10702 3666
f 3667 10311 6238
f 3667 7862 9353
f 3667 10589 7862
f 3667 9353 10311
f 4394 3668 4393
f 4393 3668 10140
f 4394 8282 3668
f 10140 3668 10329
f 4059 3669 3783
f 4071 3783 3669
f 4087 4071 3669
f 4086 4087 3669
f 5916 3670 5060
f 5916 5061 3670
f 3671 11980 12151
f 3673 11535 3674
f 8696 3673 3681
f 3673 11601 3681
f 8696 11535 3673
f 6195 3674 11347
f 11347 3674 11535
f 6498 3675 3676
f 10276 3675 6498
f 6498 3676 3678
f 10059 3678 3676
f 10059 3676 9572
f 3677 3679 8279
f 3677 10059 3679
f 7637 3677 8280
f 7637 8294 3677
f 3677 8279 8280
f 3677 8294 10059
f 6631 6498 3678
f 8294 3678 10059
f 3679 3680 8279
f 3679 9361 3680
f 3679 9572 9361
f 3679 10059 9572
f 8290 3680 3682
f 8290 8279 3680
f 8696 3681 8288
f 8288 3681 9056
f 8696 8290 3682
f 8696 3682 11535
f 6189 3686 3683
f 6189 3683 7726
f 7726 3683 6510
f 3684 6084 3685
f 3684 3685 6510
f 6081 6084 3684
f 6081 3684 11781
f 11780 3685 6084
f 8284 6510 3685
f 8284 3685 8283
f 11780 8283 3685
f 6189 6166 3686
f 7346 3687 4925
f 7346 4939 3687
f 11353 3689 7322
f 3694 3691 3690
f 7316 3694 3690
f 3691 7325 3692
f 3695 3691 3694
f 3695 7325 3691
f 3693 3821 5257
f 6474 3821 3693
f 6474 3693 4914
f 3695 3694 7327
f 7316 7329 3694
f 3694 7329 7327
f 3695 7326 7325
f 3695 7327 7326
f 4751 9729 3696
f 4751 3696 11332
f 6379 6380 3696
f 6380 11332 3696
f 4870 3840 3697
f 3840 11331 3697
f 4870 3697 9727
f 6379 3697 11331
f 3698 3699 4088
f 3698 10734 3699
f 3698 3741 10734
f 3698 11329 3741
f 3698 6382 11329
f 3699 3700 4088
f 3699 8784 3700
f 3699 8846 8784
f 3699 10734 8846
f 3702 4088 3700
f 6371 3701 6369
f 6369 3701 10345
f 11348 6370 3701
f 11348 3701 6371
f 3704 3702 4304
f 3704 11254 3702
f 3703 8787 4304
f 8785 3703 4392
f 8785 8786 3703
f 3703 8786 8787
f 8798 3704 4161
f 8799 4161 3704
f 8799 3704 4304
f 8798 11254 3704
f 3705 3708 3707
f 3705 3707 3905
f 3705 11792 3708
f 3705 8827 3710
f 3705 3710 11792
f 3705 3905 8827
f 5065 3706 3790
f 9875 3706 5065
f 3707 4135 3905
f 3707 4128 4135
f 11260 3708 11610
f 11260 12054 3708
f 3708 11792 11610
f 3709 3710 8839
f 3709 11792 3710
f 11275 3709 8839
f 11275 11281 3709
f 3710 8827 8837
f 8838 3710 8837
f 8838 8839 3710
f 11591 3713 3711
f 11591 3711 10343
f 3712 4888 4881
f 11253 6430 3713
f 11253 3713 6431
f 6431 3713 11591
f 3719 3718 3714
f 3718 6446 3714
f 6446 11241 3714
f 6447 11474 3715
f 11474 10377 3715
f 3718 3716 3717
f 3717 3716 3761
f 3718 10955 3716
f 3716 9769 3761
f 3716 11017 9769
f 3716 10955 11017
f 3718 3717 6446
f 3717 3760 6446
f 3717 9699 3760
f 3717 3761 9699
f 3719 10955 3718
f 3736 3719 3720
f 3737 3719 3736
f 3737 10955 3719
f 3731 3720 3730
f 3720 4414 3730
f 3736 3720 3731
f 3725 3721 3722
f 9996 3721 3725
f 3724 3722 3723
f 6435 3723 3722
f 3725 3722 3724
f 11252 3724 3723
f 6437 3723 6435
f 6437 6436 3723
f 6436 11252 3723
f 3725 3724 4410
f 3732 3729 3724
f 3729 4410 3724
f 11252 3732 3724
f 9996 3725 4410
f 3726 3727 7006
f 4416 4415 3726
f 4416 3726 7006
f 7007 7006 3727
f 8306 7007 3727
f 8306 3727 8304
f 3731 3730 3728
f 4417 3728 3730
f 11169 3731 3728
f 4418 3728 4417
f 11169 3728 4418
f 3732 11169 3729
f 9971 4410 3729
f 9971 3729 4420
f 4420 3729 11169
f 4415 3730 4414
f 4417 3730 4415
f 3732 3736 3731
f 3732 3731 11169
f 11252 3736 3732
f 3733 8846 3742
f 3733 3742 8848
f 3755 3733 6451
f 3755 8845 3733
f 3733 8848 6451
f 3733 8845 8846
f 3735 3734 8791
f 3735 11017 3734
f 6436 3734 3737
f 3737 3734 10955
f 6436 8791 3734
f 3734 11017 10955
f 3735 8791 4294
f 3735 4294 9722
f 3735 9722 9769
f 3735 9769 11017
f 11252 3737 3736
f 6436 3737 11252
f 8795 3738 3740
f 3740 3738 10866
f 6434 6433 3738
f 6433 10866 3738
f 6434 3738 8790
f 8795 8790 3738
f 6385 4140 3739
f 4140 10866 3739
f 6385 3739 11328
f 6433 3739 10866
f 6433 11328 3739
f 8795 3740 8794
f 3740 8796 8794
f 3740 8802 8796
f 3740 10866 8802
f 8849 3742 3741
f 10734 3741 3742
f 7948 8849 3741
f 7948 3741 11329
f 10734 3742 8846
f 8850 8848 3742
f 8850 3742 8849
f 6358 3743 3746
f 11249 3746 3743
f 6355 3743 6358
f 3744 4876 4878
f 3744 4879 4876
f 10924 3744 4878
f 6445 9226 3745
f 10704 6445 3745
f 3745 9226 10399
f 10704 3745 9788
f 11243 10704 3746
f 11249 11243 3746
f 3770 3764 3747
f 3764 10399 3747
f 3768 3767 3747
f 3769 3747 3767
f 3768 3747 10399
f 3770 3747 3769
f 6449 3749 3748
f 3748 3749 10316
f 3748 3751 3753
f 3748 10316 3751
f 3748 3753 11234
f 6449 3748 11234
f 6449 8861 3749
f 6342 6341 3750
f 8531 3750 6341
f 10301 3750 8531
f 10301 10316 3750
f 3751 8244 3753
f 3751 8226 8244
f 3751 10301 8226
f 3751 10316 10301
f 3776 3778 3752
f 3776 3752 8183
f 3777 3752 3778
f 3777 10086 3752
f 8183 3752 8244
f 8244 3752 10086
f 3753 8244 10086
f 3753 10086 10063
f 11234 3753 10063
f 3754 4876 4879
f 3755 3756 8845
f 3755 9836 3756
f 3755 6451 6448
f 3755 6448 9836
f 3756 3758 9701
f 3756 10023 3758
f 3756 9701 8845
f 3756 9836 10023
f 3757 9769 9722
f 3757 9722 9783
f 9777 9769 3757
f 9777 3757 10366
f 3758 3759 8793
f 3758 9783 3759
f 3758 8793 9701
f 3758 10023 9783
f 8788 3759 8789
f 8793 3759 8788
f 8789 3759 9722
f 3759 9783 9722
f 6446 3760 3762
f 9555 3762 3760
f 3778 9555 3760
f 3778 3760 9699
f 3761 9769 9777
f 6446 3762 11241
f 10374 7444 3762
f 11241 3762 7444
f 9555 10374 3762
f 3770 3774 3764
f 3772 3764 3774
f 3765 3904 5572
f 3765 5572 5571
f 6471 3766 11211
f 11215 3766 6471
f 7913 3766 9100
f 11209 3766 7913
f 8841 9100 3766
f 11215 8841 3766
f 11209 11211 3766
f 3770 3769 3775
f 3770 3773 3774
f 3770 8183 3773
f 3770 3775 8183
f 3771 3772 8531
f 3771 8531 8657
f 3771 8657 9788
f 3772 3774 8226
f 3772 8226 10301
f 3772 10301 8531
f 3773 8226 3774
f 3773 8183 8244
f 3773 8244 8226
f 3776 8183 3775
f 3776 3775 10372
f 3777 3778 9699
f 3777 10365 10086
f 10368 3779 3782
f 3814 3780 3812
f 3812 3780 11735
f 3814 8841 3780
f 8841 6126 3780
f 8842 3780 6126
f 8842 11735 3780
f 3781 6447 7444
f 3781 11474 6447
f 3781 10371 7480
f 3781 7480 11474
f 7480 3782 10378
f 3937 4059 3783
f 3937 3783 4072
f 4071 10841 3783
f 4072 3783 10841
f 3786 4983 3785
f 3786 3785 7321
f 4983 9011 3785
f 8311 3785 9011
f 3786 4387 6900
f 3786 10268 4387
f 3786 6900 4983
f 7001 6901 3787
f 6901 7005 3787
f 7001 3787 10540
f 7005 7552 3787
f 3787 7552 8322
f 7606 3787 8322
f 7606 10540 3787
f 3788 4403 4404
f 3788 4405 4403
f 6901 3788 4404
f 10544 4405 3788
f 7001 3788 6901
f 10544 3788 7001
f 5065 3790 3860
f 6900 4387 3791
f 4387 10276 3791
f 3791 6631 5437
f 6900 3791 5437
f 3791 6498 6631
f 3791 10276 6498
f 3792 5437 6631
f 3792 7947 5437
f 3792 8843 7947
f 3792 8320 8843
f 4983 3793 6427
f 6900 3793 4983
f 6900 5437 3793
f 3793 5437 7947
f 3793 7947 6427
f 6377 4811 3794
f 7949 3794 4811
f 6377 3794 11339
f 7948 3794 8849
f 7948 11339 3794
f 7949 8849 3794
f 6378 3795 4835
f 8855 4835 3795
f 6378 11332 3795
f 6380 3795 11332
f 6380 11333 3795
f 8855 3795 11333
f 4871 3796 4811
f 9007 4811 3796
f 4871 4835 3796
f 8857 3796 4835
f 8865 3796 8857
f 8865 8864 3796
f 8864 9007 3796
f 4187 3797 4178
f 4178 3797 4459
f 4187 4223 3797
f 11231 3798 4223
f 12002 12001 3798
f 4178 4459 3799
f 4178 3799 7959
f 4459 7953 3799
f 7953 7954 3799
f 7959 3799 7954
f 4187 4178 3800
f 4178 7959 3800
f 4187 3800 6464
f 6466 6464 3800
f 6466 3800 7959
f 4187 3801 4223
f 4187 11224 3801
f 11231 4223 3801
f 11227 3801 11224
f 11228 3801 11227
f 11228 11231 3801
f 4041 6100 3802
f 4041 3802 11969
f 4097 3802 4089
f 4089 3802 6088
f 4097 11969 3802
f 3802 6100 6088
f 4089 3804 3803
f 11226 3803 3804
f 11226 3927 3803
f 4097 4089 3803
f 4089 6087 3804
f 11776 3804 6087
f 11226 3804 11776
f 6463 3805 3927
f 3805 8989 3940
f 6463 8989 3805
f 3806 3940 8989
f 3806 8989 7950
f 3808 9491 3807
f 3807 3841 3842
f 6032 9494 3808
f 3808 7781 9491
f 3808 9494 7781
f 3809 3843 3810
f 3809 3852 3843
f 3809 6905 3852
f 3809 11964 6905
f 3810 3844 3841
f 3810 3843 3844
f 3811 3833 7328
f 3811 7328 6905
f 3811 6905 11964
f 3814 3812 3813
f 3815 3813 3812
f 3815 3812 6129
f 3812 11735 6129
f 3814 3813 3816
f 3815 7917 3813
f 7916 3816 3813
f 7916 3813 7917
f 3814 3816 9100
f 3814 9100 8841
f 3815 6129 6130
f 3815 6130 6422
f 3815 6422 7917
f 7914 3816 7915
f 7914 9100 3816
f 7915 3816 7916
f 3916 4060 3817
f 4070 3916 3817
f 4070 3817 4059
f 4833 3817 4060
f 3819 3818 10088
f 3818 6048 11840
f 10088 3818 11387
f 11387 3818 11840
f 3819 10088 7334
f 7998 6048 3820
f 7996 8859 3820
f 7998 3820 8859
f 6474 6475 3821
f 7995 3821 6475
f 7989 3822 11206
f 7994 3824 3823
f 3823 6478 3828
f 3823 3828 7996
f 7994 3823 7996
f 6475 6476 3824
f 6475 3824 7994
f 6476 11206 3824
f 3834 5839 3825
f 4142 3931 3826
f 3826 3931 6782
f 4142 3826 4143
f 4143 3826 6790
f 3826 6782 6783
f 3826 6783 6790
f 3828 6478 8858
f 3828 8859 7996
f 3828 8858 8001
f 3828 8001 8859
f 3830 3831 3833
f 3830 3835 3831
f 3830 11974 3835
f 3833 3831 3832
f 3859 3832 3831
f 3831 3835 3839
f 3859 3831 3839
f 7328 3833 3832
f 11902 3832 3859
f 12061 7328 3832
f 11902 12061 3832
f 5838 5839 3834
f 3836 3837 3838
f 3836 3838 3861
f 3836 3861 3839
f 3837 6462 3838
f 3837 6465 6462
f 3837 7951 6465
f 3838 3863 3861
f 3838 3862 3863
f 3838 6462 3862
f 3859 3839 3861
f 3840 10165 4872
f 3840 4872 11331
f 3844 3843 10401
f 3847 3843 3852
f 3847 10401 3843
f 3845 3850 7967
f 3845 7967 8963
f 6124 3846 6123
f 3846 7964 6123
f 3846 7965 7964
f 3846 8963 7965
f 3847 3852 3848
f 3848 3851 3849
f 3848 3852 3851
f 3849 7979 3850
f 3849 3851 3855
f 3849 3855 12048
f 3849 12048 7979
f 7981 7967 3850
f 7981 3850 7979
f 3851 3852 6905
f 3851 7328 3855
f 3851 6905 7328
f 3853 11893 3856
f 3853 3856 12069
f 3853 11936 11893
f 11902 11936 3853
f 11902 3853 12061
f 3853 12069 12061
f 3855 7328 12061
f 3855 12069 12048
f 3855 12061 12069
f 8961 3857 3856
f 12069 3856 3857
f 12022 7960 3857
f 12048 3857 7960
f 8961 12022 3857
f 12069 3857 12048
f 3858 5890 5891
f 12114 5890 3858
f 3858 5891 5892
f 9960 3858 5892
f 12114 3858 9960
f 3859 3861 11936
f 11902 3859 11936
f 5068 3860 3886
f 5066 3860 5068
f 11936 3861 3863
f 3863 3862 3864
f 8884 3864 3862
f 3863 3864 11893
f 11936 3863 11893
f 8884 10402 3864
f 3866 3865 6596
f 11699 3865 3866
f 3868 3865 11589
f 11699 11589 3865
f 3873 3866 6596
f 10408 11699 3866
f 3868 11624 3867
f 8023 3867 11624
f 3868 11589 11624
f 11187 3869 3870
f 3870 3869 11624
f 8024 8023 3869
f 8023 11624 3869
f 8024 3869 11175
f 11187 11175 3869
f 11187 3870 11516
f 3870 11589 11516
f 3870 11624 11589
f 4865 3871 3888
f 4867 3888 3871
f 4865 4864 3871
f 3871 4864 8427
f 4867 3871 8426
f 8426 3871 8427
f 6385 3872 8803
f 6385 8826 3872
f 3872 8832 8803
f 3872 8826 8825
f 3872 8825 8831
f 3872 8831 8832
f 3875 3873 3874
f 3874 3873 6599
f 3873 6596 6599
f 6511 3875 3874
f 3878 3874 3877
f 3877 3874 6599
f 6511 3874 3878
f 6511 11166 3875
f 3944 3877 3876
f 3877 6599 3876
f 11081 3944 3876
f 3876 6599 6598
f 3876 6598 6601
f 11081 3876 6601
f 3945 3878 3877
f 3944 3945 3877
f 10290 3878 3945
f 6512 6511 3878
f 10290 6512 3878
f 6499 3879 6517
f 6499 10404 3879
f 6516 6517 3879
f 11419 6516 3879
f 10404 10406 3879
f 11419 3879 10406
f 3880 8755 8036
f 3880 8036 11342
f 8866 8755 3880
f 8866 3880 8867
f 8867 3880 11389
f 3880 11342 11389
f 6843 6844 3881
f 6843 3881 10400
f 6844 11183 3881
f 3881 11207 10400
f 3881 11183 11264
f 3881 11264 11207
f 6523 8039 3882
f 6523 3882 11154
f 3882 8039 11153
f 3882 11153 11239
f 11156 11154 3882
f 11156 3882 11239
f 11085 11207 3883
f 11153 3883 11239
f 3883 11207 11264
f 3883 11264 11239
f 3884 11183 6851
f 11156 11239 3884
f 3884 11264 11183
f 3884 11239 11264
f 6522 3885 11149
f 6522 11162 3885
f 8085 8084 3885
f 8084 11149 3885
f 8085 3885 11171
f 3885 11162 11171
f 5068 3886 8471
f 8079 3887 3978
f 8374 3978 3887
f 8079 8087 3887
f 8087 8085 3887
f 8085 11171 3887
f 8374 3887 11171
f 4866 3965 3888
f 4866 3888 4867
f 10410 3889 11072
f 4866 3891 3993
f 4866 7262 3891
f 3891 7262 7264
f 10199 3891 7264
f 3894 3892 3893
f 8898 3893 3892
f 8027 3894 3893
f 6518 3893 8898
f 6518 11164 3893
f 8027 3893 11164
f 8924 8162 3895
f 8924 3895 8922
f 6505 3896 8868
f 3896 8869 8868
f 3897 3898 3900
f 3897 6581 3898
f 3897 3900 3899
f 3897 3899 8068
f 3897 6580 6581
f 3897 8068 6580
f 3898 3901 3900
f 3898 3933 3901
f 3943 3899 3900
f 3943 3942 3899
f 3942 8070 3899
f 3899 8070 8068
f 3943 3900 3901
f 3933 6592 3901
f 3943 3901 6591
f 6592 6591 3901
f 3913 3903 3902
f 10982 3902 3911
f 10982 3913 3902
f 3913 3908 3903
f 3908 9702 3903
f 3904 5574 5572
f 8805 3905 4135
f 8805 8827 3905
f 4147 3906 4149
f 4147 4370 3906
f 4148 10529 3906
f 4864 3939 3907
f 10230 4864 3907
f 7246 7247 3907
f 7247 10230 3907
f 3913 6691 3908
f 3908 6691 6689
f 3912 3909 10874
f 6553 11116 3909
f 6553 3909 11128
f 11116 10874 3909
f 10982 3911 3910
f 10982 3910 3912
f 3912 10874 11112
f 10982 3912 10935
f 10935 3912 11112
f 10935 6691 3913
f 10982 10935 3913
f 3914 6766 3915
f 3915 4375 4377
f 3915 6766 4375
f 4062 4060 3916
f 4062 3916 6742
f 4070 4069 3916
f 4069 6742 3916
f 10806 3917 10809
f 3918 6558 11106
f 3918 11108 6558
f 10809 3918 11106
f 4928 3919 3921
f 3919 10781 3921
f 3919 5057 10781
f 10894 5057 3919
f 3920 3922 6576
f 3920 10781 4053
f 3920 6576 10703
f 3920 10703 10781
f 4976 3921 4860
f 3921 6575 4860
f 4928 3921 4976
f 3921 10703 6575
f 3921 10781 10703
f 6576 3922 4091
f 10836 4091 3922
f 10836 3922 4093
f 3923 4057 10653
f 5069 3950 3924
f 5069 3924 9859
f 4153 3925 8710
f 4153 10568 3925
f 3925 8694 8702
f 10543 8694 3925
f 3925 8702 8710
f 10543 3925 10568
f 3926 8185 6784
f 10454 3926 6784
f 10568 8185 3926
f 10514 3926 10454
f 10543 3926 10514
f 10543 10568 3926
f 6463 3927 6458
f 11226 6458 3927
f 3928 6790 6783
f 6783 10454 3928
f 3928 6784 8189
f 10454 6784 3928
f 3928 6791 6790
f 3928 8189 6791
f 4134 3929 3931
f 3931 3929 10448
f 4134 3935 3929
f 3932 6781 3930
f 10448 3930 6781
f 4142 4134 3931
f 3931 10448 6782
f 10514 6781 3932
f 8816 3934 4391
f 4391 3934 8817
f 6390 8817 3934
f 8819 6390 3934
f 8816 8818 3934
f 8819 3934 8818
f 3938 3935 10706
f 4134 6867 3935
f 3935 6867 10706
f 8808 3936 6116
f 8815 6116 3936
f 8808 8809 3936
f 8809 8816 3936
f 8815 3936 10155
f 10155 3936 8816
f 3937 4067 3985
f 3937 3985 4070
f 3937 4070 4059
f 3937 4072 4067
f 3938 10398 6595
f 3938 6846 10400
f 3938 10706 6846
f 3938 10400 10398
f 4865 3939 4864
f 4865 10822 3939
f 3941 8066 8650
f 3941 10324 8066
f 8077 3941 8650
f 3941 10337 10324
f 3941 11083 10337
f 9141 3942 3943
f 3942 8071 8070
f 9145 8071 3942
f 9141 9140 3942
f 9145 3942 9140
f 9141 3943 6591
f 6602 3944 11081
f 5069 9859 3946
f 9859 11043 3946
f 10290 3947 6604
f 6604 3947 11079
f 8086 3947 10236
f 8086 11079 3947
f 8081 3949 3948
f 10236 3948 3949
f 8080 8081 3948
f 8080 3948 9137
f 10236 9137 3948
f 8081 8085 3949
f 8087 3949 8085
f 8087 8086 3949
f 8086 10236 3949
f 5069 5070 3950
f 9116 3951 3952
f 3952 3951 10001
f 3958 3951 9116
f 3958 9775 3951
f 3953 9975 3952
f 3953 3952 10001
f 3954 9116 3952
f 3954 3952 9975
f 3953 9969 9897
f 3953 10001 9969
f 3954 9113 9117
f 3954 9975 9113
f 3954 9115 9116
f 3954 9117 9115
f 8089 3955 9897
f 11077 3955 8089
f 10441 9897 3955
f 3957 3956 9607
f 9856 3956 3957
f 9602 3956 6608
f 9834 6608 3956
f 9602 9607 3956
f 9856 9834 3956
f 6197 9856 3957
f 6197 3957 11570
f 9607 7699 3957
f 11570 3957 7699
f 3961 3958 3960
f 3960 3958 9124
f 3961 9771 3958
f 3958 9116 9124
f 9771 9775 3958
f 11173 3961 3960
f 3960 9124 9126
f 11173 3960 9126
f 6503 6507 3961
f 6503 3961 11173
f 6507 9771 3961
f 6513 6514 3962
f 6513 3962 6515
f 3962 9771 6515
f 3962 9775 9771
f 3964 3963 10431
f 6617 3963 9721
f 6617 10431 3963
f 3963 10468 9721
f 3964 5682 8608
f 3964 10431 5682
f 9608 3964 8608
f 4862 3965 3993
f 4866 3993 3965
f 8783 3966 9286
f 8783 9577 3966
f 9286 3966 8911
f 3966 9373 8911
f 3969 3968 3967
f 3968 6621 3967
f 3969 3967 6945
f 3967 6621 6951
f 3967 6952 6945
f 3967 6951 6952
f 8783 3968 3969
f 3968 6624 6621
f 3968 9286 6624
f 8783 9286 3968
f 3969 6942 6940
f 8783 3969 6940
f 3969 6945 6942
f 3970 6625 6620
f 3970 6620 11070
f 3970 6624 8911
f 3970 11070 6624
f 3970 9298 6625
f 3970 8911 9298
f 8543 8533 3971
f 8533 11050 3971
f 8640 8746 3971
f 3971 11050 8640
f 8463 3973 3972
f 3973 8608 3972
f 11071 5681 3972
f 3972 8608 5682
f 11071 3972 5682
f 8463 6633 3973
f 8533 3973 6633
f 8543 3973 8533
f 8543 8608 3973
f 6635 3974 6634
f 3974 11042 6634
f 9536 3974 6635
f 3985 4066 3975
f 3985 3975 4069
f 3975 4066 10863
f 3975 8173 4069
f 3975 10863 8173
f 3976 3977 6637
f 3976 6637 6639
f 3976 6639 10453
f 3977 6636 6637
f 11038 6636 3977
f 8078 3978 3981
f 8079 3978 8078
f 3979 3984 3980
f 10438 3979 3980
f 3979 3982 3984
f 3979 8078 3982
f 3980 3984 8232
f 6605 3980 8232
f 11075 3980 6605
f 11075 10438 3980
f 8078 3981 3982
f 3982 3983 3984
f 3983 3986 3984
f 8232 3984 3986
f 3985 4067 4066
f 3985 4069 4070
f 8232 3986 8033
f 3987 3988 3990
f 3987 8003 3988
f 3987 3990 3992
f 3987 3992 7784
f 3987 7784 7765
f 3987 7765 8003
f 3988 3989 3990
f 3988 6881 3989
f 3989 6949 3990
f 6878 6879 3989
f 6878 3989 6881
f 6879 6949 3989
f 3990 3991 3992
f 6949 3991 3990
f 3991 6619 3992
f 11070 6619 3991
f 6949 6621 3991
f 11070 3991 6621
f 6628 3992 6619
f 6628 7784 3992
f 4862 3993 7089
f 3994 7784 3995
f 6853 7765 3994
f 6853 3994 11899
f 7765 7784 3994
f 6629 6626 3995
f 11898 3995 6626
f 6629 3995 6628
f 6628 3995 7784
f 3996 4003 3997
f 4287 4003 3996
f 4287 3996 10910
f 3998 3997 4000
f 4000 3997 4003
f 3998 4000 3999
f 3999 4000 4001
f 3999 4001 10464
f 6640 4001 4000
f 6640 4000 4003
f 6640 4002 4001
f 4009 4002 4008
f 6643 4008 4002
f 6640 6643 4002
f 4005 4003 4004
f 4287 4004 4003
f 6640 4003 4005
f 4005 4004 4007
f 4287 10928 4004
f 6641 4005 4007
f 6640 4005 6643
f 6641 6643 4005
f 6641 10559 4006
f 6641 4006 11019
f 10562 11019 4006
f 6641 4007 10559
f 9595 10559 4007
f 4010 4009 4008
f 4011 4010 4008
f 4011 4008 6642
f 6642 4008 6643
f 7570 4011 6642
f 4012 7438 8616
f 11767 7438 4012
f 11013 4012 8616
f 5095 4013 4857
f 5096 4857 4013
f 5070 5096 4013
f 6286 4014 6253
f 6253 4014 12023
f 6286 11142 4014
f 7219 4014 6546
f 4014 11142 6546
f 7219 12023 4014
f 4025 4015 4023
f 4023 4015 7194
f 7059 7194 4015
f 7059 4015 12028
f 4023 4016 6674
f 4023 7194 4016
f 4016 10950 6674
f 6941 6857 4016
f 4016 6857 10950
f 6941 4016 7194
f 6798 6941 4017
f 6798 4017 10973
f 6906 4017 7213
f 6906 10973 4017
f 6941 7059 4017
f 7059 7213 4017
f 8379 4018 6906
f 6906 4018 10973
f 8379 8139 4018
f 4018 8139 10975
f 4018 10975 10973
f 6798 6672 4019
f 6672 6875 4019
f 6798 4019 6857
f 4019 10948 6857
f 4019 6875 6877
f 4019 6877 10948
f 5072 4020 4107
f 5074 4107 4020
f 5075 4020 5072
f 5448 5074 4020
f 5075 11392 4020
f 5448 4020 11392
f 6772 4021 6160
f 6772 6506 4021
f 6439 4022 4025
f 6556 4025 4022
f 6439 6432 4022
f 6556 4022 6506
f 6439 4025 4023
f 6439 4023 6674
f 6155 6153 4024
f 6153 11698 4024
f 6155 4024 6674
f 6439 4024 6432
f 11698 6432 4024
f 6439 6674 4024
f 4065 6286 4026
f 4065 4026 6739
f 6286 6253 4026
f 6728 4026 6253
f 6729 4026 6728
f 6739 4026 6729
f 4027 6286 4065
f 4065 6731 4027
f 6286 4027 11142
f 6730 4027 10881
f 6730 11142 4027
f 6731 10881 4027
f 4028 6554 6113
f 4028 6692 6554
f 4028 11112 6692
f 4028 6693 11112
f 4029 6113 5987
f 4029 10473 6113
f 4033 8943 4031
f 4031 5888 5951
f 4031 8943 5888
f 4038 4037 4032
f 4032 4037 5945
f 4038 4032 5888
f 4032 5951 5888
f 4033 8936 8944
f 4033 10934 8943
f 4033 8944 10934
f 4034 5660 4035
f 4034 4036 5660
f 4035 5587 5525
f 4035 5525 8236
f 4035 5660 5587
f 4036 5945 5660
f 4036 10471 5945
f 4038 5367 4037
f 4037 5367 5587
f 4037 5587 5660
f 4037 5660 5945
f 4040 5367 4038
f 4040 4038 5430
f 4038 5888 5430
f 4039 5587 5367
f 6701 4039 5367
f 4039 5525 5587
f 4039 8152 5525
f 6701 8153 4039
f 8248 8152 4039
f 4039 8153 8248
f 4040 5430 5227
f 4040 5227 6701
f 4040 6701 5367
f 6094 6099 4041
f 4041 6099 6100
f 4859 4042 10820
f 4043 4066 4521
f 4043 10863 4066
f 4068 4043 4521
f 4068 6741 4043
f 6741 10867 4043
f 10867 10863 4043
f 4044 5227 5153
f 4044 10927 5227
f 6703 10918 4044
f 4044 10918 10927
f 4047 4045 4046
f 4048 4046 4045
f 4554 4048 4045
f 4554 4045 8541
f 9147 4047 4046
f 9147 4046 9149
f 8148 8147 4047
f 9147 8148 4047
f 4552 4048 4554
f 4552 4556 4048
f 4049 4050 4051
f 4049 4052 4050
f 8373 4049 4051
f 4049 4564 4052
f 4049 4548 4564
f 8375 4548 4049
f 8375 4049 8373
f 8968 4051 4050
f 4050 4052 8969
f 8968 4050 8970
f 4050 8969 8970
f 8980 8373 4051
f 8968 8981 4051
f 8980 4051 8981
f 4564 4561 4052
f 4052 4561 8895
f 8969 4052 8895
f 5050 4054 4053
f 5050 4053 6721
f 5057 6721 4053
f 5057 4053 10781
f 5050 4055 4054
f 10899 4054 4055
f 6718 4055 8978
f 6718 10899 4055
f 4928 4976 4056
f 4976 4860 4057
f 4057 4860 10653
f 4058 4060 4803
f 4833 4060 4058
f 4833 4058 4063
f 8218 4063 4058
f 8227 4058 4803
f 8218 4058 8227
f 4062 4803 4060
f 4061 4062 4577
f 4061 4803 4062
f 4061 4577 11009
f 4061 8227 4803
f 4061 8154 8227
f 4061 11009 8154
f 4062 11008 4577
f 4062 6742 11008
f 4833 4063 4064
f 6720 4064 4063
f 6720 4063 6719
f 6719 4063 8218
f 4086 4064 6743
f 6720 6743 4064
f 4065 6740 6731
f 4065 6739 6740
f 4067 4521 4066
f 4072 6735 4067
f 4067 6735 4521
f 4068 4521 10876
f 6731 4068 6736
f 6731 6740 4068
f 6736 4068 10876
f 4068 6740 6741
f 8173 6742 4069
f 4071 6748 10841
f 4072 6747 6735
f 4072 10841 6747
f 4075 8928 4073
f 4077 4075 4076
f 4077 8928 4075
f 4077 4076 8896
f 8910 8896 4076
f 8910 4076 8909
f 4078 4077 8896
f 4078 8927 4077
f 4077 8927 8928
f 8915 4078 8896
f 8916 4078 8915
f 8929 4078 8916
f 8929 8927 4078
f 4081 4079 10840
f 4079 8927 4083
f 4079 4083 10840
f 4079 8928 8927
f 4081 6751 4082
f 4081 10840 6751
f 6752 4084 4082
f 6752 4082 6751
f 6753 4083 8930
f 6753 10840 4083
f 4083 8927 8930
f 4086 6743 6744
f 4089 6088 6087
f 10836 4093 4090
f 4090 8126 6754
f 10836 4090 6754
f 6576 4091 6572
f 6572 4091 11098
f 10836 6755 4091
f 4091 6755 11098
f 6764 6763 4092
f 8179 8178 4094
f 4095 7265 4858
f 4095 4858 10917
f 4095 7264 7265
f 10199 7264 4095
f 4096 4098 4099
f 4096 4101 4098
f 6698 4096 4099
f 4096 8177 4101
f 6698 8174 4096
f 4096 8174 8177
f 6704 4099 4098
f 4098 4101 10901
f 6707 6704 4098
f 6708 6707 4098
f 6708 4098 10901
f 6698 4099 5268
f 6704 6703 4099
f 4100 6757 6761
f 6762 4100 6761
f 6762 10901 4100
f 4101 8177 8179
f 8248 4102 8246
f 8302 4102 8248
f 10925 4102 8302
f 6702 10915 4103
f 6702 4103 10925
f 10422 10481 4104
f 4105 6116 8815
f 4105 11736 6116
f 4105 8815 12015
f 4106 10420 6553
f 4106 6553 11128
f 5826 4107 5074
f 4109 5077 4117
f 4109 4117 11165
f 4882 5077 4109
f 4882 4109 11168
f 4109 11167 11168
f 4113 6400 11285
f 11312 6400 4113
f 4113 11285 6410
f 11313 4113 6410
f 4115 4118 4116
f 4115 5634 4118
f 4152 5076 4117
f 4117 5076 11165
f 4118 5634 4119
f 8202 8200 4121
f 4121 8200 8214
f 8202 4121 8203
f 4122 4127 4123
f 4122 4123 6836
f 4122 8877 4127
f 4122 6836 4235
f 4122 4235 8420
f 4122 8420 8877
f 4123 4127 10407
f 4123 6837 6836
f 4124 10731 6832
f 4124 6833 10731
f 4126 8420 4125
f 4139 4125 4236
f 4234 4236 4125
f 4234 4125 8420
f 4126 6779 8877
f 4126 10786 6779
f 4126 6780 10786
f 4126 8877 8420
f 4127 4133 10407
f 4127 10785 4133
f 4127 8877 10785
f 4128 8804 4135
f 7910 8801 4128
f 8801 8804 4128
f 4132 4129 4130
f 6825 4130 4129
f 10817 4129 4132
f 6823 4129 6769
f 6769 4129 10817
f 6825 4129 6823
f 8372 4132 4130
f 4130 6826 6811
f 8372 4130 6811
f 6825 6826 4130
f 10817 4132 4131
f 6770 4131 10790
f 6770 10817 4131
f 6773 10790 4131
f 6773 4133 10802
f 10785 10802 4133
f 4142 6865 4134
f 4134 6865 6867
f 8804 8832 4135
f 8805 4135 8830
f 4135 8832 8830
f 4138 4136 6865
f 4138 6868 4136
f 4136 6867 6865
f 4136 10706 6867
f 4136 6868 6869
f 4136 6869 10706
f 4140 4137 8802
f 4140 8803 4137
f 8797 4137 8800
f 8797 8802 4137
f 8800 4137 8801
f 8801 4137 8804
f 8803 8804 4137
f 4139 4138 4145
f 4139 4236 4138
f 4138 6865 4145
f 4138 4236 6868
f 4139 4145 4146
f 6385 8803 4140
f 4140 8802 10866
f 10689 4853 4141
f 4142 4143 4145
f 4142 4145 6865
f 4143 4146 4145
f 4143 6792 4146
f 4143 6790 6792
f 7910 4144 4161
f 8798 4161 4144
f 8798 4144 11258
f 11258 4144 12054
f 4146 6792 10784
f 4147 4149 8741
f 4147 10432 4370
f 4147 8741 10432
f 4798 11715 4149
f 11715 8741 4149
f 4798 4150 4151
f 8703 4151 4150
f 8703 4150 10122
f 4798 4151 11715
f 8046 4151 8049
f 11715 4151 8046
f 8703 8049 4151
f 4157 7524 4154
f 4157 4154 12044
f 4154 7523 7313
f 4154 7313 12044
f 4154 7524 7523
f 4157 12044 4155
f 4155 9518 12180
f 4157 4156 7524
f 4157 10523 4156
f 4156 12163 7524
f 4158 9520 12149
f 4158 12149 10524
f 4159 6799 6800
f 4159 10536 6799
f 4159 6800 12149
f 4159 12149 9520
f 12110 4160 10539
f 8800 7910 4161
f 8799 8800 4161
f 4162 10773 4164
f 10779 4162 4164
f 8193 4162 8212
f 8193 12089 4162
f 10779 8212 4162
f 12089 10773 4162
f 8222 7993 4163
f 7993 12089 4163
f 8193 8194 4163
f 8193 4163 12089
f 8220 4163 8194
f 8220 8222 4163
f 4164 8190 6786
f 10779 4164 6786
f 4164 8192 8190
f 4164 10773 8192
f 7991 6795 4165
f 6795 10773 4165
f 7991 4165 7993
f 7993 4165 12089
f 12089 4165 10773
f 4168 9278 4166
f 4168 4166 12086
f 9277 4166 9278
f 9277 9279 4166
f 4168 4167 11706
f 4168 12086 4167
f 4169 12076 4167
f 4169 4167 12086
f 4167 4198 11706
f 12042 4198 4167
f 12042 4167 12076
f 4168 10606 9278
f 4168 11706 10606
f 4169 9283 6809
f 4169 6809 12076
f 4170 12030 4171
f 4170 4171 12042
f 4172 4170 11517
f 4172 12030 4170
f 4170 12076 11517
f 4170 12042 12076
f 11773 4195 4171
f 4171 4195 12042
f 11773 4171 11856
f 4171 12030 11856
f 4172 11517 4173
f 4172 4173 12036
f 4172 12036 12030
f 4173 4219 4220
f 4173 11517 4219
f 4173 4220 11505
f 4174 11857 4193
f 4174 4193 12036
f 4174 10741 6808
f 4174 6808 11857
f 4175 4176 4181
f 4175 4181 5657
f 4175 5648 5646
f 4175 5657 5648
f 4181 4176 11916
f 10555 12024 4176
f 11916 4176 12024
f 6803 10746 4177
f 6803 4177 10754
f 4177 10746 12024
f 11930 10754 4177
f 11930 4177 11941
f 4179 6802 10762
f 4179 11649 6802
f 11954 7927 4179
f 11954 4179 10762
f 6801 4180 10762
f 6801 11930 4180
f 11954 10762 4180
f 11917 4180 11941
f 11954 4180 11917
f 11930 11941 4180
f 6806 5657 4181
f 6806 4181 10747
f 4181 11916 10747
f 4189 4183 4182
f 4189 4182 11908
f 4182 10566 11908
f 7579 4183 4189
f 4185 7573 4184
f 4184 7573 7570
f 4185 7574 7573
f 7578 7574 4185
f 7582 7578 4185
f 4186 10560 11871
f 4186 11908 10566
f 11861 4186 11871
f 11861 11908 4186
f 4187 6464 11224
f 5622 4189 4188
f 4189 11908 4188
f 5622 4188 5623
f 5623 4188 5627
f 5627 4188 11861
f 11861 4188 11908
f 5622 7579 4189
f 4291 7561 4190
f 4291 4190 11869
f 5627 4190 7561
f 5627 11861 4190
f 11861 11871 4190
f 4190 11871 11869
f 4191 7598 5656
f 6806 4191 5657
f 6806 9730 4191
f 4191 9730 7598
f 6808 4194 4192
f 4192 4194 10609
f 6808 4192 11857
f 11857 4192 11819
f 4196 4193 11819
f 4196 11856 4193
f 4193 11857 11819
f 4193 11856 12030
f 4193 12030 12036
f 4194 4199 4200
f 4194 11680 4199
f 10609 4194 4200
f 6808 11680 4194
f 10954 4198 4195
f 12042 4195 4198
f 11732 10954 4195
f 11732 4195 11773
f 4197 4196 11739
f 4197 11773 4196
f 4196 11819 11739
f 4196 11773 11856
f 10937 4197 4274
f 4197 11739 4274
f 10937 11732 4197
f 4197 11732 11773
f 10954 11115 4198
f 11706 4198 11115
f 11680 4201 4199
f 4199 4201 11681
f 4216 11596 4201
f 4216 4201 11680
f 4201 11596 11681
f 4218 11523 4202
f 4218 4202 11681
f 10605 4202 11660
f 11523 11660 4202
f 4214 4213 4203
f 11643 4203 4213
f 4214 4203 11523
f 11523 4203 11660
f 4204 4208 6009
f 4204 10760 4208
f 4204 4209 10760
f 4204 11653 4209
f 4204 10244 11653
f 4207 4205 4206
f 4206 4205 10551
f 4207 11649 4205
f 4208 10760 4207
f 4207 10760 11649
f 4208 6010 6009
f 6802 4209 4211
f 11635 4211 4209
f 6802 10760 4209
f 11653 11635 4209
f 11643 11604 4210
f 6801 4211 10748
f 6801 10762 4211
f 6802 4211 10762
f 10748 4211 11635
f 4850 4212 4255
f 4847 4848 4212
f 4847 4212 4852
f 4850 4852 4212
f 10754 4213 4214
f 6804 10748 4213
f 6804 4213 10754
f 11604 4213 10748
f 11643 4213 11604
f 6803 10754 4214
f 6803 4214 11534
f 4214 11523 11534
f 6806 4215 9730
f 6806 10747 4215
f 9731 9730 4215
f 9731 4215 11602
f 4215 10747 11580
f 4215 11580 11602
f 6807 11602 4216
f 6807 4216 11680
f 11580 11596 4216
f 11602 11580 4216
f 4218 4217 11534
f 4218 11596 4217
f 6805 4217 10747
f 6805 11534 4217
f 11580 10747 4217
f 11580 4217 11596
f 11523 4218 11534
f 4218 11681 11596
f 8666 4220 4219
f 4219 6809 9253
f 4219 11517 6809
f 9253 8666 4219
f 8666 8667 4220
f 5775 4221 4222
f 5774 4221 5775
f 6966 5775 4222
f 6966 4222 6968
f 6967 6968 4222
f 4226 4224 4225
f 4225 4224 11493
f 4227 4224 4226
f 4227 8231 4224
f 9458 4224 8231
f 9458 11493 4224
f 4229 4226 4225
f 4228 4227 4226
f 4228 4226 8247
f 4229 8247 4226
f 4228 8239 4227
f 4227 8240 8231
f 4227 8239 8240
f 4228 8241 8239
f 4228 8242 8241
f 4228 8247 8242
f 4229 8249 8247
f 11458 8249 4229
f 4230 6810 6811
f 6826 4230 6811
f 6826 8249 4230
f 11458 4230 8249
f 4232 10725 4231
f 4232 4231 11789
f 4231 10725 10173
f 10731 4232 6831
f 6831 4232 11423
f 10731 10725 4232
f 4232 11789 11423
f 4233 9000 6876
f 4233 6876 11423
f 10674 9000 4233
f 10674 4233 10686
f 4238 4234 4235
f 4235 4234 8420
f 4234 4237 4236
f 4234 10705 4237
f 4238 10705 4234
f 4238 4235 6839
f 6839 4235 6836
f 6868 4236 4237
f 6868 4237 6871
f 4237 6870 6871
f 10705 6870 4237
f 4238 6839 10721
f 4238 10721 10705
f 7499 4239 4240
f 7498 6886 4239
f 11959 4239 6886
f 7499 7498 4239
f 7500 7499 4240
f 7500 4240 9184
f 9182 9184 4240
f 4242 4241 11002
f 11370 4241 4242
f 4241 4280 11058
f 11370 4280 4241
f 11002 4241 11028
f 4241 11058 11028
f 4281 4242 11002
f 11022 4242 4281
f 10594 4242 11022
f 11370 4242 10594
f 10597 11299 4243
f 11302 4243 11299
f 11326 4243 11302
f 4244 4245 11139
f 11302 4245 4244
f 4279 4244 11139
f 4279 11310 4244
f 11326 11302 4244
f 11326 4244 11310
f 4261 4245 4260
f 4263 4260 4245
f 4261 11139 4245
f 11302 4263 4245
f 7481 4246 4247
f 4247 4246 11246
f 11257 4246 4254
f 7481 11289 4246
f 11257 11246 4246
f 7481 4247 9851
f 4247 11246 11638
f 4249 4250 4248
f 4249 4248 11282
f 9161 4250 4249
f 9162 4249 4251
f 4249 11282 4251
f 9161 4249 9162
f 10997 5431 4250
f 9161 10997 4250
f 8572 4251 5589
f 5589 4251 11282
f 8572 9163 4251
f 9162 4251 9163
f 4252 4253 11638
f 4252 11638 11246
f 6904 4254 10646
f 6904 11257 4254
f 4254 10602 10646
f 4850 4255 5370
f 4258 10182 4256
f 4258 4256 11244
f 5346 9666 4256
f 5346 4256 10121
f 4256 9666 11244
f 10182 10121 4256
f 4769 4768 4257
f 4768 4849 4257
f 4850 4769 4257
f 4257 4849 4851
f 4850 4257 4852
f 4257 4851 4852
f 4258 10185 10182
f 4258 10644 10185
f 4258 10640 10644
f 4258 11244 10640
f 4266 4259 11157
f 11181 4259 4266
f 11181 10640 4259
f 10640 11244 4259
f 11225 11157 4259
f 11225 4259 11244
f 7626 4261 4260
f 4263 11150 4260
f 7626 4260 11157
f 4260 11150 11157
f 9275 4268 4261
f 4268 11139 4261
f 9275 4261 7626
f 4262 4264 4265
f 4262 4265 11181
f 4262 11181 4266
f 4262 4266 11219
f 11219 11150 4263
f 11219 4263 11299
f 11302 11299 4263
f 8253 4265 4264
f 8252 8253 4264
f 10829 8252 4264
f 4265 10612 4267
f 11181 4265 4267
f 8253 10611 4265
f 4265 10611 10612
f 4266 11157 11150
f 4266 11150 11219
f 10644 4267 10612
f 10644 10640 4267
f 11181 4267 10640
f 6932 4269 4268
f 4269 11139 4268
f 6932 4268 9276
f 9275 9276 4268
f 4279 4269 11058
f 4279 11139 4269
f 6932 10604 4269
f 4269 10604 11058
f 6933 4271 4270
f 4271 11028 4270
f 6933 4270 10604
f 4270 11058 10604
f 4270 11028 11058
f 10962 4285 4271
f 4285 11028 4271
f 6933 11115 4271
f 10962 4271 11115
f 9816 4273 4272
f 4272 4273 11114
f 7509 4272 7511
f 7512 4272 7509
f 4272 11114 7511
f 7512 9816 4272
f 9816 7508 4273
f 7508 11096 4273
f 4273 11096 10610
f 4273 10610 11114
f 10936 4274 7508
f 4274 11096 7508
f 10936 10937 4274
f 4274 11739 11096
f 4275 4277 8578
f 4275 11089 4277
f 4275 8577 4284
f 4275 4284 10984
f 4275 8578 8577
f 4275 10984 11089
f 4276 4278 10936
f 4276 10936 9815
f 4277 8580 8578
f 4277 8581 8580
f 10937 4278 4286
f 10936 4278 10937
f 4280 4279 11058
f 4280 11310 4279
f 11370 11310 4280
f 8577 4282 4281
f 11022 4281 4282
f 8577 4281 4284
f 4281 11002 4284
f 6903 4282 8577
f 6903 10646 4282
f 11018 4282 10646
f 11022 4282 11018
f 4283 5076 5078
f 11165 5076 4283
f 10984 4284 4285
f 11002 4285 4284
f 10984 4285 10962
f 11002 11028 4285
f 10937 4286 11732
f 11732 4286 10954
f 4288 4287 10910
f 4288 10928 4287
f 4288 10890 10928
f 10847 4289 10832
f 10847 10890 4289
f 4290 10890 10847
f 4290 10928 10890
f 4291 5639 5635
f 4291 5635 7561
f 4291 5637 5639
f 4291 11869 5637
f 4292 5083 5084
f 4297 4293 4296
f 5637 4293 4297
f 11869 4293 5637
f 6437 8790 4294
f 6437 4294 8791
f 8790 8789 4294
f 8789 9722 4294
f 4295 9004 4296
f 9009 4297 4296
f 9009 4296 9004
f 5637 4297 6938
f 9006 6938 4297
f 9009 9006 4297
f 4300 4298 4302
f 6936 4298 4300
f 4302 4298 10828
f 6936 9005 4298
f 9005 9003 4298
f 9003 10828 4298
f 6934 6935 4299
f 6935 6937 4299
f 6937 10810 4299
f 9589 4299 10624
f 4299 10810 10624
f 4300 4302 10810
f 10600 6936 4300
f 10600 4300 6937
f 6937 4300 10810
f 9002 4301 10828
f 10624 4302 10629
f 10624 10810 4302
f 10629 4302 10828
f 8799 4304 8787
f 4305 4306 4307
f 4305 4307 10798
f 4306 6964 4307
f 4306 6946 6964
f 4306 10618 6946
f 4308 4307 10585
f 4308 10798 4307
f 4307 6964 10585
f 10585 10670 4308
f 10670 10671 4308
f 4311 4309 4310
f 4311 6817 4309
f 4309 6815 6816
f 4309 6817 6815
f 4311 4310 10719
f 4324 4310 4316
f 4324 10719 4310
f 4311 4323 4319
f 4311 4319 6817
f 4311 4322 4323
f 4311 10719 4322
f 10506 4312 4313
f 4312 10752 4313
f 10766 4313 10752
f 4314 10752 10641
f 10766 10752 4314
f 8198 4315 8196
f 8196 4315 10637
f 8198 10647 4315
f 4317 10650 10738
f 4318 4319 4320
f 4318 6817 4319
f 4318 4320 6821
f 4318 6814 6817
f 4318 6819 6814
f 4318 6821 6819
f 4321 4320 4319
f 4323 4321 4319
f 4321 8250 4320
f 6821 4320 8245
f 4320 8250 8245
f 4323 8230 4321
f 4321 8230 8243
f 4321 8243 8250
f 8229 4323 4322
f 4325 8229 4322
f 4325 4322 10719
f 8229 8230 4323
f 4324 10732 10719
f 4332 8229 4325
f 10699 4332 4325
f 10699 4325 10732
f 4325 10719 10732
f 4327 4326 8228
f 4326 8239 8228
f 4326 8237 8240
f 4326 8240 8239
f 4328 6967 4327
f 4328 4327 8228
f 4331 4328 4330
f 4330 4328 8228
f 4331 6967 4328
f 4332 4330 4329
f 4330 8228 4329
f 4332 4329 8229
f 4329 8228 8241
f 4329 8230 8229
f 4329 8242 8230
f 4329 8241 8242
f 4333 4331 4330
f 10699 4330 4332
f 10699 4333 4330
f 4333 6970 4331
f 4331 6968 6967
f 4331 6970 6968
f 4333 10698 6970
f 4335 4334 6974
f 4335 7546 4334
f 4334 5522 7545
f 4334 7546 5522
f 4337 4335 4336
f 4339 4336 4335
f 4337 7546 4335
f 4339 4335 4338
f 4338 4335 6974
f 4337 4336 5519
f 4339 8535 4336
f 4336 5518 5519
f 4336 8535 5518
f 4337 5519 5520
f 8536 4339 4338
f 4338 6974 6973
f 4338 6973 8539
f 4338 8539 8536
f 4339 8534 8535
f 4339 8536 8534
f 4341 4340 4343
f 4341 8538 4340
f 4340 8538 4342
f 4341 4343 5427
f 4341 5427 8547
f 4341 8544 8538
f 4341 8547 8544
f 6973 6972 4342
f 8538 6973 4342
f 5425 5427 4343
f 8540 5425 4343
f 4344 5088 5087
f 4344 11148 5088
f 4344 9860 11148
f 4345 4854 4853
f 4345 4853 10689
f 4345 10642 4854
f 4345 10667 10642
f 4347 4346 10588
f 4347 10642 4346
f 4346 4352 10583
f 4346 10667 4352
f 10588 4346 10583
f 10642 10667 4346
f 4847 4347 4848
f 4847 10642 4347
f 4848 4347 10601
f 4347 10588 10601
f 4349 4348 6998
f 4349 10639 4348
f 10563 6998 4348
f 10563 4348 10662
f 4348 10639 10632
f 4348 10632 10663
f 4348 10663 10662
f 4349 6994 6997
f 4349 6998 6994
f 4349 6997 10561
f 4349 10561 10639
f 10588 10583 4350
f 4350 10583 10632
f 10601 10588 4350
f 4350 10632 10639
f 6984 6987 4351
f 6987 7843 4351
f 10554 4351 7843
f 10554 10663 4351
f 6984 4352 6985
f 6985 4352 10667
f 4355 4354 4353
f 4354 10528 4353
f 4355 4353 10548
f 4353 10691 10548
f 4355 6996 4354
f 4354 6995 10526
f 4354 10526 10528
f 4356 6996 4355
f 4359 4356 4357
f 4359 6997 4356
f 4356 6997 6996
f 4358 4360 4357
f 4359 4357 4360
f 4359 4360 10482
f 4359 10561 6997
f 4359 10482 10561
f 4361 4363 4362
f 4361 4362 4368
f 4361 7000 4363
f 4362 4363 4364
f 4362 4364 4371
f 4362 10432 4368
f 4362 4371 10432
f 4363 10360 4364
f 4382 4363 7000
f 4382 10360 4363
f 4364 4380 4371
f 4364 4381 4380
f 4364 10360 4381
f 8043 4365 4366
f 8045 4366 4365
f 8045 4365 4367
f 10517 4367 4365
f 8043 4366 8044
f 8740 8044 4366
f 8737 4366 8045
f 8737 8740 4366
f 4367 4368 4369
f 8045 4367 4369
f 4368 10432 4369
f 8045 4369 8046
f 8741 8046 4369
f 8741 4369 10432
f 10416 4370 4371
f 4370 10432 4371
f 10416 4371 4380
f 4372 7283 4841
f 4372 4842 7283
f 10416 4380 4373
f 4377 4375 8278
f 4375 6765 8277
f 4375 10819 6765
f 4375 6766 10819
f 4375 8277 8278
f 10552 4376 4377
f 6999 4376 10552
f 10552 4377 8278
f 6999 4378 4379
f 10375 10681 4378
f 4382 7000 4379
f 6999 4379 7000
f 4383 10327 4381
f 4383 4381 10360
f 4382 10347 10360
f 10332 10327 4383
f 4383 10360 10347
f 4384 5086 5083
f 4384 5088 5086
f 4384 5087 5088
f 4384 9786 5087
f 4385 10294 9616
f 4385 10700 10294
f 4385 10317 10697
f 4385 10697 10700
f 4386 10701 10317
f 10268 10237 4387
f 10237 10285 4387
f 4387 10285 10276
f 10232 10279 4388
f 10232 4388 10709
f 10237 4388 10285
f 4388 10279 10285
f 4389 10184 10205
f 10197 4389 10252
f 10197 12016 4389
f 4389 10205 10252
f 4390 10136 10140
f 4390 10205 10136
f 4390 10140 10329
f 10155 8816 4391
f 10136 4391 8817
f 10136 10205 4391
f 10155 4391 10184
f 10184 4391 10205
f 8784 8845 4392
f 9701 8785 4392
f 9701 4392 8845
f 4396 4394 4393
f 4396 4393 4395
f 4393 10136 4395
f 4393 10140 10136
f 4396 10091 4394
f 4394 8281 8282
f 4394 10091 8281
f 4396 4395 6387
f 6387 4395 6386
f 6386 4395 8817
f 10136 8817 4395
f 4396 6387 10129
f 4396 10129 10091
f 4398 4397 10041
f 4398 10129 4397
f 10041 4397 4407
f 10129 11324 4397
f 4400 10091 4398
f 4400 4398 10118
f 4398 10041 4402
f 4398 4402 10118
f 4398 10091 10129
f 4399 4402 8291
f 4399 10118 4402
f 4399 8291 7680
f 4399 10114 10118
f 4400 8286 8281
f 4400 8281 10091
f 4400 10114 8286
f 4400 10118 10114
f 4401 8291 4402
f 4401 4402 10041
f 4401 4408 4406
f 4401 4406 10546
f 4401 10041 4408
f 4401 10546 8291
f 9971 4404 4403
f 10020 4403 4405
f 9971 4403 4413
f 9994 4413 4403
f 9994 4403 10020
f 9971 4420 4404
f 4420 10532 4404
f 6901 4404 10532
f 4406 4408 4405
f 10544 4406 4405
f 10020 4405 4408
f 10546 4406 10544
f 10020 4408 4407
f 10041 4407 4408
f 10000 10020 4407
f 4409 7877 7876
f 4409 7876 9291
f 7887 7877 4409
f 7887 4409 8777
f 4409 8782 8777
f 4409 9291 8782
f 9971 4413 4410
f 9996 4410 4413
f 4411 4520 4608
f 4411 4837 4520
f 4411 4608 4555
f 4411 4555 5547
f 4411 5547 4826
f 7281 4411 4826
f 7281 4837 4411
f 4475 4412 7816
f 8770 4412 4475
f 9086 7816 4412
f 8770 9085 4412
f 9086 4412 9085
f 9994 9996 4413
f 4416 4417 4415
f 4417 4416 4419
f 4421 4419 4416
f 4421 4416 7006
f 4419 4418 4417
f 4419 7004 4418
f 4420 4418 10532
f 4420 11169 4418
f 10532 4418 7004
f 4421 10535 4419
f 4419 10535 7004
f 4421 7006 10531
f 4421 10531 8323
f 4421 8323 10535
f 4422 8478 8482
f 9892 8478 4422
f 9929 4422 8482
f 10714 4422 9929
f 4423 5160 5161
f 7409 4423 5161
f 9835 4431 4424
f 4426 4449 4429
f 4426 4429 9864
f 4426 4447 4449
f 5092 5091 4427
f 9820 4432 4428
f 9835 4428 4432
f 9820 4428 9864
f 9650 4430 4429
f 4429 4430 9864
f 4429 4449 4451
f 9650 4429 4451
f 4455 4430 4454
f 9650 4454 4430
f 9820 4430 4455
f 9820 9864 4430
f 9835 4432 4431
f 4436 9685 4433
f 9805 4436 4433
f 4440 5146 4433
f 4440 4433 9685
f 4433 5146 5287
f 9805 4433 5287
f 9794 9784 4434
f 9784 9805 4434
f 9794 4435 9784
f 9794 9789 4435
f 9784 4437 4436
f 9728 9685 4436
f 9784 4436 9805
f 4439 4438 4452
f 4440 9685 4438
f 4452 4438 9685
f 9650 4450 4439
f 4454 4439 4452
f 9650 4439 4454
f 4440 5407 5146
f 4443 4441 4442
f 4444 4442 4441
f 9681 4441 4443
f 4448 4443 4442
f 4444 4445 4442
f 4449 4447 4443
f 9681 4443 4447
f 4448 4449 4443
f 4444 5128 4445
f 4444 5129 5128
f 8769 4446 6107
f 8771 6107 4446
f 8769 7812 4446
f 9435 4446 7812
f 8771 4446 8770
f 8770 4446 9435
f 4449 4448 4451
f 4451 4448 4450
f 9650 4451 4450
f 4454 4452 9635
f 4452 9728 9635
f 4452 9685 9728
f 5094 4857 4453
f 5094 4453 5093
f 4453 9865 5093
f 4455 4454 9635
f 4455 9635 10727
f 4456 7016 8325
f 4456 11431 7016
f 4457 7846 7845
f 10751 4457 7845
f 4457 9372 7846
f 9605 9372 4457
f 10751 9605 4457
f 7381 9356 4458
f 4458 9356 7859
f 4458 7859 9372
f 9605 4458 9372
f 4459 7952 7953
f 6486 6477 4460
f 6477 9598 4460
f 7162 6486 4460
f 7162 4460 10352
f 10361 4460 9598
f 10361 10352 4460
f 4622 4461 6849
f 4622 8384 4461
f 4679 6849 4461
f 4679 4461 9598
f 9603 4461 8384
f 9598 4461 9603
f 4640 5842 4462
f 4640 4462 5843
f 5810 9765 4462
f 9765 5843 4462
f 8338 4463 7022
f 4463 9585 7022
f 8326 7212 4463
f 4463 7212 9597
f 8326 4463 8338
f 4463 9597 9585
f 4473 4465 4464
f 4474 4464 4465
f 4473 4464 4466
f 4464 9522 4466
f 4474 4477 4464
f 4477 9522 4464
f 4473 8411 4465
f 4465 8411 8410
f 4472 4466 4471
f 4466 9522 4471
f 4472 9528 4466
f 4473 4466 9528
f 4469 9528 4467
f 4469 4467 9557
f 9531 4512 4467
f 4467 4512 9562
f 9531 4467 9528
f 4467 9562 9557
f 4470 9549 4468
f 4470 4468 10853
f 4468 9549 9557
f 4469 4692 6412
f 4469 9549 4692
f 4469 6412 9528
f 4469 9557 9549
f 4698 4470 6347
f 4698 6401 4470
f 4707 6347 4470
f 4707 4470 10853
f 4470 6401 9549
f 7149 4472 4471
f 8341 7149 4471
f 8341 4471 8340
f 9522 8340 4471
f 7149 9531 4472
f 9531 9528 4472
f 4473 6412 8411
f 4473 9528 6412
f 10503 4474 4476
f 10503 4477 4474
f 8771 4475 6108
f 4475 9419 6108
f 4475 7816 9419
f 8771 8770 4475
f 4476 7044 7047
f 4476 7047 7050
f 10503 4476 7050
f 4477 4478 9522
f 10501 4478 4477
f 10501 4477 10503
f 7026 7053 4478
f 7026 4478 10501
f 7053 8340 4478
f 4478 8340 9522
f 4479 4480 4481
f 4479 4486 4480
f 4479 4481 8353
f 4479 8350 4486
f 4479 7145 8350
f 4479 8353 7145
f 4480 4490 4481
f 4480 4486 9473
f 4480 9386 4490
f 4480 9473 9386
f 4481 4490 9405
f 4481 8348 8353
f 4481 9405 8348
f 7805 4574 4483
f 8767 4483 4574
f 6111 4483 9420
f 6111 11743 4483
f 8767 6112 4483
f 9420 4483 6112
f 11743 7805 4483
f 4523 8753 4485
f 4523 4485 8766
f 7818 4485 8753
f 7818 9417 4485
f 8767 8766 4485
f 9417 8767 4485
f 4486 4487 9473
f 9454 4488 4487
f 4487 4488 9473
f 4488 4489 9473
f 4488 9647 4489
f 4489 9411 9386
f 4489 9386 9473
f 4490 9386 9385
f 4490 9385 9405
f 4491 9385 9411
f 8343 8342 4492
f 8342 8348 4492
f 8343 4492 9708
f 4492 8348 9405
f 4497 4495 4493
f 7092 4497 4493
f 7057 4494 7058
f 7057 7068 4494
f 7058 4494 9382
f 10801 4494 7068
f 9369 9382 4494
f 10801 9369 4494
f 4497 9382 4495
f 9369 4495 9382
f 10795 4495 9369
f 7091 4496 4497
f 4497 4496 9382
f 6236 7058 4496
f 7058 9382 4496
f 7092 7091 4497
f 7580 4499 4498
f 9351 4498 4499
f 9357 7580 4498
f 9351 9280 4498
f 9351 4499 4504
f 7580 10771 4499
f 4500 4501 4502
f 7039 4501 4500
f 7026 4500 4502
f 7026 7041 4500
f 4501 4503 4502
f 9314 4503 4501
f 7039 4511 4501
f 9314 4501 4511
f 4502 4503 7054
f 7026 4502 7053
f 4502 7054 7053
f 9248 4503 4510
f 9314 4510 4503
f 9248 7054 4503
f 9351 4504 4505
f 9314 4511 4505
f 9351 4505 4511
f 9341 9314 4505
f 4508 4507 4506
f 4508 4506 10489
f 4509 10489 4506
f 4508 7054 4507
f 9248 4507 7054
f 9248 10774 4507
f 4508 7151 7054
f 4508 8341 7151
f 4508 10489 8341
f 4513 10485 4509
f 4513 4509 10780
f 4509 10485 10489
f 9248 4510 10774
f 9341 4510 9314
f 7039 9280 4511
f 9351 4511 9280
f 7070 9196 4512
f 7070 4512 9531
f 4513 9196 10485
f 4513 10782 9196
f 4514 4515 4516
f 4514 7099 4515
f 4515 8349 4516
f 4515 7099 8353
f 4515 8348 8349
f 4515 8353 8348
f 4516 8349 8347
f 4517 4522 4519
f 4517 10791 4522
f 4517 9190 10791
f 4518 4519 4522
f 4518 8345 4519
f 4518 4522 9686
f 4518 8344 8345
f 4520 4836 4608
f 4520 4837 4838
f 10876 4521 6735
f 4523 8757 8753
f 12009 4523 8766
f 4524 4585 4584
f 7668 9177 4524
f 9177 7997 4524
f 4525 8965 4527
f 9177 4525 4527
f 4525 4597 8965
f 4525 10418 4597
f 4598 4525 9177
f 4598 10418 4525
f 4526 4529 4742
f 4526 9084 4529
f 4526 8965 4530
f 4526 4530 9084
f 4526 4742 4739
f 4526 4739 8965
f 4740 4527 4739
f 4527 8965 4739
f 7997 4527 4740
f 9177 4527 7997
f 4528 10796 9142
f 4529 4737 5615
f 4529 5615 4742
f 4531 4530 8965
f 9036 4530 4531
f 4597 4531 8965
f 4597 10419 4531
f 9036 4531 10419
f 4532 8359 4541
f 4532 4541 8645
f 4532 8362 8359
f 4533 4555 4834
f 8847 4534 8759
f 10903 8759 4534
f 4535 4713 4537
f 4535 4537 4719
f 4535 4719 4718
f 4535 4718 6098
f 4535 6098 8758
f 4536 8692 4538
f 8722 4536 4538
f 4536 6098 4539
f 8692 4536 4539
f 8722 6098 4536
f 4537 4713 4714
f 4537 4714 4715
f 4537 4715 4717
f 4537 4717 4719
f 8722 4538 8687
f 8692 10805 4538
f 4539 6098 4718
f 4539 4718 6110
f 4539 6110 10811
f 8692 4539 10811
f 4540 8645 4541
f 4541 8359 8360
f 6978 7090 4542
f 6978 4542 8363
f 7090 8558 4542
f 8360 8363 4542
f 8558 10815 4542
f 8376 4544 4543
f 8883 4543 4544
f 8377 8376 4543
f 8380 8377 4543
f 8381 8380 4543
f 8381 4543 8883
f 8883 4544 4545
f 10900 4545 4544
f 6710 4544 8376
f 6710 10900 4544
f 8155 4545 4546
f 10900 4546 4545
f 8155 6647 4545
f 6647 8883 4545
f 8156 4546 6712
f 10900 6712 4546
f 8155 4546 8156
f 4549 4547 4548
f 4564 4548 4547
f 4570 4547 4549
f 8370 4564 4547
f 4570 4565 4547
f 8370 4547 4565
f 8375 4549 4548
f 8377 4570 4549
f 8376 4549 8375
f 8377 4549 8376
f 4550 6705 4551
f 4550 4551 10904
f 4550 10908 6705
f 4550 8489 8484
f 4550 8484 10908
f 4550 10904 8489
f 6706 4551 6705
f 6707 4551 6706
f 6707 6709 4551
f 6709 10904 4551
f 4552 4554 8489
f 4552 6759 4556
f 4552 10904 6759
f 4552 8489 10904
f 4553 8489 4554
f 4553 4554 8541
f 4553 8484 8489
f 4553 8503 8484
f 10826 8503 4553
f 10826 4553 8541
f 4608 4834 4555
f 4556 6759 8890
f 4556 8890 8891
f 4557 4558 7098
f 4557 8140 4558
f 4600 8140 4557
f 4557 7098 8468
f 4558 4563 7098
f 4558 8460 4563
f 4558 8140 8141
f 4558 8141 8460
f 8378 4560 4559
f 8460 4559 4560
f 8378 4559 6699
f 8460 8151 4559
f 4563 4560 8336
f 8460 4560 4563
f 4566 8336 4560
f 8378 4566 4560
f 4562 6699 4561
f 8370 4562 4561
f 8370 4561 4564
f 6699 8893 4561
f 4561 8893 8895
f 4567 4562 4565
f 8370 4565 4562
f 8378 4562 4567
f 8378 6699 4562
f 4572 7098 4563
f 4572 4563 8336
f 4569 4567 4565
f 4570 4569 4565
f 4573 8369 4566
f 8378 4573 4566
f 8369 8336 4566
f 6965 4567 4569
f 6965 4573 4567
f 8378 4567 4573
f 4568 5572 5574
f 4568 5574 5573
f 4571 4569 4570
f 4571 8366 4569
f 6965 4569 8366
f 8377 4571 4570
f 6953 8366 4571
f 6953 4571 8367
f 8377 8367 4571
f 4572 7101 7098
f 4572 7102 7101
f 4572 8336 7102
f 6965 8369 4573
f 8767 4574 8766
f 7105 4575 7106
f 10908 7106 4575
f 10908 4575 8225
f 4575 10915 8225
f 6702 4576 10915
f 6702 10923 4576
f 6706 6705 4576
f 6705 8225 4576
f 6706 4576 10923
f 4576 8225 10915
f 6646 4577 8879
f 6646 11009 4577
f 4577 11008 8879
f 4578 4579 5856
f 8175 4579 4578
f 4578 5856 10860
f 8175 4578 10831
f 5816 5856 4579
f 5816 4579 10830
f 6102 8732 4581
f 6102 4581 9452
f 7804 4581 8765
f 9452 4581 7804
f 8732 8764 4581
f 8764 8765 4581
f 7116 10433 4582
f 10434 7116 4582
f 10434 4582 8052
f 8052 4582 10838
f 8047 4583 7109
f 10443 7109 4583
f 4583 7801 7110
f 10443 4583 7110
f 7707 7801 4583
f 8047 7707 4583
f 4584 4585 7958
f 7707 4584 7958
f 8047 4584 7707
f 7236 7962 4585
f 7958 4585 7962
f 7236 4586 7962
f 7236 10266 4586
f 10263 4586 7237
f 4586 10266 7237
f 7962 4586 10307
f 10307 4586 10263
f 7813 4588 4587
f 7958 4587 4588
f 4589 4587 7198
f 7813 4587 4589
f 10307 7198 4587
f 7958 7962 4587
f 7962 10307 4587
f 7707 4588 7801
f 7707 7958 4588
f 7801 4588 7813
f 4591 4589 7199
f 4591 7689 4589
f 4589 7198 7199
f 7813 4589 7689
f 4590 7110 7801
f 4590 10435 7110
f 4590 7689 7111
f 4590 7111 10435
f 4590 7813 7689
f 4590 7801 7813
f 4593 4591 4592
f 4592 4591 7199
f 4593 7112 4591
f 4591 7112 7689
f 4593 4592 7115
f 4592 7118 7115
f 4592 7201 7118
f 4592 7199 7201
f 4593 7113 7112
f 4593 7117 7113
f 4593 7115 7117
f 4594 5880 4595
f 4595 7672 4594
f 7214 5880 4594
f 7215 7214 4594
f 7215 4594 7671
f 4594 7672 7671
f 5880 5913 4595
f 5957 4595 5913
f 7122 4595 5957
f 7672 4595 7122
f 4596 7115 7118
f 4596 7121 7115
f 4596 7118 7671
f 4596 7672 7121
f 4596 7671 7672
f 4597 10418 7124
f 4597 7124 10419
f 4598 10403 7125
f 4598 7125 10418
f 4598 9177 7668
f 4598 7668 10403
f 4599 7625 4600
f 4599 7126 7625
f 4600 7625 4601
f 4600 4601 8140
f 4601 7625 8144
f 8140 4601 8324
f 4601 8144 8142
f 4601 8142 8324
f 4602 4603 4604
f 7507 4603 4602
f 4602 4604 8503
f 10825 7507 4602
f 10826 4602 8503
f 10826 10825 4602
f 4603 7108 4604
f 4603 7112 7108
f 4603 7111 7112
f 7507 7111 4603
f 4604 7105 7106
f 4604 7108 7105
f 4604 7106 8503
f 4607 4605 4606
f 8390 4606 4605
f 8400 4605 4607
f 8397 8390 4605
f 8400 8397 4605
f 4607 4606 7097
f 4606 7093 7095
f 8390 7093 4606
f 4606 7095 7097
f 4607 6787 4670
f 8400 4607 4670
f 4607 7097 6787
f 4609 4617 7252
f 10384 4617 4609
f 4609 7161 4624
f 10392 4609 4624
f 4609 7252 7161
f 10384 4609 10392
f 4610 7138 7137
f 10391 4610 7137
f 4610 10839 7138
f 7459 7397 4610
f 4610 7397 10839
f 7459 4610 10391
f 6529 4611 6822
f 6529 6954 4611
f 4611 8388 6822
f 7459 4611 6954
f 7459 7133 4611
f 4611 7133 8388
f 4612 7260 4615
f 4612 6268 6267
f 7381 4612 6267
f 7381 7260 4612
f 4613 4615 4617
f 4613 4617 4616
f 4613 4616 7287
f 4613 7287 12153
f 4614 4616 4618
f 4614 7287 4616
f 4614 4618 10376
f 4614 10376 8438
f 4615 7252 4617
f 10384 4616 4617
f 10384 4618 4616
f 7134 4619 4618
f 4618 4619 10376
f 10384 7134 4618
f 10391 4619 7134
f 4619 7137 10376
f 10391 7137 4619
f 7157 7164 4620
f 7157 4620 10753
f 7164 7252 4620
f 7157 4622 6849
f 4622 6860 8384
f 4623 11704 10111
f 7161 4625 4624
f 4624 4625 8389
f 4624 8389 8388
f 10392 4624 8388
f 6827 4625 7120
f 6827 8386 4625
f 7161 7120 4625
f 4625 8386 8389
f 7140 4627 4626
f 4626 4627 7364
f 10040 7087 4626
f 4626 7087 10369
f 7140 4626 10369
f 10040 4626 7364
f 4627 7148 4628
f 4627 4628 7364
f 7140 7141 4627
f 7141 7148 4627
f 7143 4628 7146
f 7143 7365 4628
f 4628 7148 7146
f 4628 7365 7364
f 4629 7087 7019
f 7136 4629 7019
f 7135 4629 7136
f 7135 10373 4629
f 4630 7019 7087
f 4630 7360 7019
f 10040 4630 7087
f 4630 7361 7360
f 10042 7361 4630
f 10042 4630 10040
f 6143 4631 11724
f 6143 11726 4631
f 4631 6969 7147
f 4631 11726 6969
f 4631 7147 7148
f 11724 4631 7148
f 4632 4633 6969
f 4632 7350 4633
f 4632 6969 8330
f 4632 10064 7350
f 4632 8330 7351
f 4632 7351 10064
f 4633 7147 6969
f 7142 7147 4633
f 7142 4633 7348
f 4633 7350 7348
f 4634 11722 6143
f 4634 6143 11724
f 7141 4634 11724
f 6142 4636 4635
f 4635 4636 6956
f 6540 4635 4639
f 4635 6956 4639
f 4671 6142 4635
f 6540 4671 4635
f 4636 6149 4637
f 4636 4637 6956
f 6142 6151 4636
f 4636 6151 6149
f 11711 4637 6149
f 6956 4637 6894
f 4637 11717 6894
f 11711 11717 4637
f 6538 4639 4638
f 4639 6908 4638
f 6538 4638 6954
f 7428 4638 6908
f 7428 6954 4638
f 6538 6540 4639
f 4639 6894 6908
f 4639 6956 6894
f 4640 5844 5842
f 4640 5843 5853
f 4640 5853 5844
f 6150 6678 4641
f 6150 4641 11708
f 6678 10944 4641
f 4641 6877 6892
f 10944 6877 4641
f 11708 4641 6892
f 4642 6892 6875
f 10972 4642 6875
f 4642 6880 6892
f 4642 11721 6880
f 10965 4642 10972
f 10965 11721 4642
f 4643 6788 4644
f 6860 4643 4644
f 4643 4645 6788
f 10751 4645 4643
f 4648 4649 4644
f 4648 4644 4652
f 6860 4644 4649
f 4644 6788 4652
f 6788 4645 10364
f 7845 7150 4645
f 10364 4645 7150
f 10751 7845 4645
f 4646 4651 4652
f 4646 4652 4653
f 4646 4653 10334
f 7179 4646 10334
f 4647 7179 10340
f 4648 7156 4649
f 4648 4652 4651
f 6860 4649 8384
f 8384 4649 7156
f 4650 4829 4657
f 4650 4657 4830
f 4650 4845 4829
f 4650 4844 4845
f 4653 4652 6788
f 4653 6788 10364
f 7175 10334 4653
f 7175 4653 10364
f 4654 4669 4670
f 4654 6737 4669
f 4654 4670 6787
f 4654 10452 6737
f 7103 4654 6787
f 6948 4654 7103
f 6948 10452 4654
f 4655 7128 4656
f 4655 4656 10452
f 6948 8368 4655
f 6948 4655 10452
f 4655 10394 7128
f 4655 8368 10394
f 4662 6686 4656
f 4662 4656 7128
f 6686 6632 4656
f 4656 6632 10452
f 7279 4657 4829
f 7279 10902 4657
f 6864 6688 4658
f 6688 7128 4658
f 6864 4658 7129
f 7127 7129 4658
f 7127 4658 10394
f 10394 4658 7128
f 6864 4659 4660
f 4659 8596 4660
f 6864 8383 4659
f 4659 7130 7131
f 4659 10393 7130
f 4659 7131 8596
f 4659 8383 10393
f 6864 4660 4661
f 8100 4661 4660
f 8102 8100 4660
f 8102 4660 8596
f 4661 4663 4662
f 4661 4662 6688
f 8100 4663 4661
f 6864 4661 6688
f 4662 4663 6686
f 4662 7128 6688
f 4663 4665 6686
f 8101 4665 4663
f 8101 4663 8100
f 4665 6676 4664
f 4665 4664 6686
f 6686 4664 6632
f 4664 7163 6632
f 10350 4664 6676
f 10350 7163 4664
f 6655 6676 4665
f 8101 6655 4665
f 4677 4676 4666
f 6486 4666 4676
f 4677 4666 6644
f 10350 4666 6486
f 6676 6644 4666
f 10350 6676 4666
f 6613 4667 6623
f 6613 6655 4667
f 4667 7160 6623
f 8101 4667 6655
f 8102 7160 4667
f 8102 4667 8101
f 4677 6644 4668
f 10348 4677 4668
f 6613 4668 6655
f 6613 7165 4668
f 6655 4668 6644
f 10348 4668 7165
f 8399 4670 4669
f 6737 7163 4669
f 7163 10351 4669
f 8399 4669 10351
f 8400 4670 8399
f 4675 4671 6606
f 4675 11729 4671
f 4671 11729 6142
f 6540 6606 4671
f 6613 6623 4672
f 6613 4672 7165
f 6623 8431 4672
f 4672 7166 7165
f 8115 7166 4672
f 7167 8115 4672
f 7167 4672 8431
f 4673 6623 7160
f 8431 6623 4673
f 4673 7160 8599
f 8118 8119 4673
f 8118 4673 8599
f 8431 4673 8119
f 6529 4674 6538
f 6529 7173 4674
f 6538 4674 6540
f 6540 4674 6606
f 4674 7172 6606
f 4674 7173 7172
f 4675 6606 8114
f 8115 4675 8114
f 8115 8117 4675
f 4675 8117 11729
f 4680 4676 4677
f 4680 6470 4676
f 4676 6470 6477
f 6486 4676 6477
f 10348 4680 4677
f 4679 9598 4678
f 10346 4679 4678
f 4678 6477 6470
f 4678 6470 7168
f 4678 9598 6477
f 10346 4678 7168
f 4679 6827 8385
f 10346 6827 4679
f 4679 8385 6849
f 4680 7168 6470
f 4680 7169 7168
f 10348 7169 4680
f 4826 4681 4828
f 4681 4856 4827
f 7278 4681 4827
f 7278 4828 4681
f 6282 6438 4682
f 7055 6282 4682
f 7063 4682 6438
f 7056 7055 4682
f 7056 4682 10498
f 10498 4682 7063
f 4685 4683 6438
f 6785 4683 4685
f 7063 6438 4683
f 6785 8403 4683
f 6793 7063 4683
f 6793 4683 8403
f 4684 4685 6438
f 4684 7181 4685
f 4684 6282 4704
f 4684 4704 10331
f 4684 6438 6282
f 4684 10331 7181
f 6785 4685 7182
f 7181 7182 4685
f 8756 6106 4686
f 11760 4686 6106
f 8753 4686 6108
f 11760 6108 4686
f 8753 8757 4686
f 8756 4686 8757
f 7184 4687 4688
f 7852 4687 7184
f 7852 7855 4687
f 8774 4687 7855
f 7184 4688 4689
f 7188 4689 4690
f 7185 7184 4689
f 7185 4689 7188
f 7188 4690 6597
f 8415 6597 4690
f 8769 6107 4691
f 11747 4691 6107
f 8742 4691 6109
f 11747 6109 4691
f 8768 4691 8742
f 8769 4691 8768
f 6401 4699 4692
f 8412 4692 4699
f 6401 4692 9549
f 8412 6412 4692
f 4696 4693 4694
f 4708 4693 4696
f 4708 6203 4693
f 4696 4694 4695
f 8404 4695 4694
f 8402 8403 4694
f 8404 4694 8403
f 4700 4696 4695
f 4700 4695 4701
f 8407 4701 4695
f 8407 4695 8404
f 4700 6347 4696
f 4708 4696 6347
f 8743 4697 6025
f 4697 9496 6025
f 8734 8733 4697
f 4697 8733 9496
f 8744 8734 4697
f 8744 4697 8743
f 4700 4702 4698
f 4700 4698 6347
f 4698 4702 6290
f 4698 6290 6401
f 6401 6290 4699
f 6290 6587 4699
f 8414 4699 6587
f 8414 8412 4699
f 4700 4701 4702
f 4701 4703 4702
f 6683 4703 4701
f 8407 6683 4701
f 8416 4702 4703
f 8416 6290 4702
f 6695 6597 4703
f 8416 4703 6597
f 6695 4703 6683
f 4704 4706 4705
f 4704 4705 10849
f 4704 6282 4706
f 4705 4706 7058
f 6236 4705 7058
f 10846 4705 6236
f 10849 4705 10846
f 4706 6282 7055
f 4706 7055 7057
f 4706 7057 7058
f 4708 4707 6209
f 4708 6347 4707
f 4707 10854 6209
f 4708 6209 6203
f 5094 4709 4711
f 5094 5093 4709
f 4710 4712 4715
f 4710 4715 4714
f 5095 5094 4711
f 5095 4711 11177
f 4712 4716 4715
f 7223 4716 4712
f 6120 4714 4713
f 4715 4716 4717
f 7220 4717 4716
f 7220 4716 7221
f 7223 7221 4716
f 4722 4719 4717
f 4722 4717 7220
f 4721 4718 4719
f 4721 6110 4718
f 4722 4721 4719
f 8730 4720 6097
f 11772 6097 4720
f 6102 4720 8732
f 11772 4720 6102
f 8729 4720 8730
f 8729 8732 4720
f 4724 4721 4722
f 4724 6049 4721
f 4721 6049 6110
f 4824 4727 4723
f 10898 4841 4723
f 6001 6049 4724
f 6001 4724 9691
f 4725 7210 5965
f 10313 4725 5965
f 7192 4725 10313
f 7192 10315 4725
f 7214 7210 4725
f 7214 4725 10315
f 4814 4726 4815
f 4814 4817 4726
f 8428 4815 4726
f 4817 4818 4726
f 4818 4819 4726
f 8428 4726 4819
f 4816 4727 4817
f 4817 4727 4825
f 4824 4825 4727
f 4729 4728 5811
f 4729 5957 4728
f 4730 5885 4728
f 4730 4728 5913
f 5811 4728 5885
f 5957 5913 4728
f 4732 5957 4729
f 10445 4732 4729
f 4734 4729 5811
f 10445 4729 4734
f 4730 5869 5885
f 10315 5869 4730
f 4730 5913 5880
f 10315 4730 5880
f 4733 5811 4731
f 7193 4802 4731
f 4731 5811 5885
f 4731 5885 5869
f 7193 4731 5869
f 10426 5957 4732
f 10426 4732 7119
f 4734 5811 4733
f 4734 4733 5856
f 4733 10860 5856
f 4734 5856 5816
f 10445 4734 5816
f 10303 4736 4735
f 7222 4735 7221
f 10303 4735 7222
f 10303 5754 4736
f 4741 5615 4737
f 4741 4737 5720
f 5754 5720 4737
f 5754 4738 5720
f 4738 10300 5720
f 10303 4738 5754
f 4738 7226 7227
f 10303 7226 4738
f 4738 7227 10300
f 4742 4740 4739
f 4742 10862 4740
f 4741 5720 10300
f 4741 10300 7228
f 4742 5615 10862
f 6036 4743 6037
f 6036 8723 4743
f 6037 4743 11968
f 4743 8723 6096
f 4746 4744 4745
f 7256 4745 4744
f 4753 4744 4746
f 4754 4752 4744
f 7256 4744 4752
f 4754 4744 4753
f 7084 4746 4745
f 7256 7255 4745
f 4753 4746 8417
f 7084 7086 4746
f 7086 8418 4746
f 8417 4746 8418
f 6064 7866 4747
f 5964 4748 8720
f 5964 12053 4748
f 7712 7713 4748
f 8721 7712 4748
f 8720 4748 7713
f 8721 4748 12053
f 4755 4753 4749
f 4753 8417 4749
f 4755 4749 8421
f 6586 4749 8417
f 6586 8422 4749
f 4749 8422 8421
f 7256 4752 4750
f 4752 10261 4750
f 7216 7254 4750
f 7216 4750 10305
f 7217 4750 10261
f 7217 10305 4750
f 7256 4750 7254
f 5085 9729 4751
f 5085 4751 10339
f 4754 7238 4752
f 4752 7238 10261
f 4755 4754 4753
f 4756 4754 4755
f 4756 7238 4754
f 4756 4755 5569
f 4755 8421 5569
f 4756 5569 5496
f 4756 5496 10259
f 4756 10259 7238
f 4757 4758 5511
f 4757 10272 4758
f 4757 5511 5569
f 4757 5569 8421
f 4757 8421 10280
f 4757 10280 10272
f 4758 10266 5511
f 4758 7237 10266
f 4758 10272 7237
f 4761 7244 4759
f 4759 10479 5457
f 4759 7244 7075
f 4759 7075 10479
f 10479 4760 5457
f 9022 4760 9018
f 10479 9018 4760
f 9022 10460 4760
f 4761 7240 7274
f 4761 7245 7244
f 4761 7274 7245
f 10872 5446 4762
f 7074 7073 4762
f 5446 5450 4763
f 10865 4763 5450
f 5322 4773 4764
f 5322 4764 10476
f 7080 4764 5409
f 7080 10476 4764
f 4771 4767 4765
f 4765 4767 5406
f 5370 4765 4769
f 4765 5406 4769
f 4770 4771 4765
f 5370 4770 4765
f 4766 4771 4772
f 4766 7078 4771
f 4766 4772 5322
f 4766 5322 7079
f 4766 7079 7078
f 7078 4767 4771
f 7275 5406 4767
f 7078 10179 4767
f 7275 4767 10179
f 4769 5406 4768
f 4768 4822 4849
f 4768 10181 4822
f 4768 5406 10181
f 4850 5370 4769
f 4770 4772 4771
f 10870 5322 4772
f 10870 4773 5322
f 4774 4775 4776
f 4774 5239 4775
f 4796 4774 4776
f 4796 4780 4774
f 4774 4780 5235
f 4774 5235 5239
f 4775 4805 4776
f 4796 4776 5073
f 4806 4776 4805
f 5073 4776 4806
f 4777 4797 4807
f 5053 4797 4777
f 4777 4807 4880
f 4777 4880 5201
f 5171 5053 4777
f 5171 4777 5201
f 4778 5201 4863
f 5157 4781 4779
f 5101 4794 4779
f 5157 4779 4794
f 5101 4779 5235
f 4796 4799 4780
f 4799 5031 4780
f 5101 4780 5031
f 5101 5235 4780
f 4782 4794 4783
f 10878 4782 4783
f 5157 4794 4782
f 4783 4795 4792
f 4783 4794 4795
f 4787 4784 4788
f 4784 4790 4788
f 4784 4793 4790
f 4784 4792 4793
f 5156 4785 4786
f 8356 4786 4785
f 4785 4787 4788
f 5156 4787 4785
f 7040 4785 4788
f 7040 8356 4785
f 7082 4786 8356
f 7082 10480 4786
f 4788 4790 4789
f 4788 4789 4791
f 7040 4788 4791
f 9029 4789 4790
f 7232 4791 4789
f 9031 7232 4789
f 9031 4789 9029
f 7040 4791 7230
f 7229 7230 4791
f 7232 7229 4791
f 7276 4793 4792
f 4795 7276 4792
f 5147 4793 7276
f 5101 4795 4794
f 5101 5031 4795
f 4795 5031 7276
f 4796 5009 4799
f 4796 5073 5009
f 4797 4800 5009
f 5053 4800 4797
f 5073 4807 4797
f 5073 4797 5009
f 4799 5009 7277
f 4799 10177 5031
f 4799 7277 10177
f 4800 7277 5009
f 5053 8435 4800
f 10882 7277 4800
f 8435 10882 4800
f 4980 4802 4801
f 8434 4801 4802
f 5171 4801 6469
f 8434 6469 4801
f 8434 4802 7193
f 10679 4969 4804
f 10893 4804 4969
f 5073 4806 4807
f 10892 4807 4806
f 10892 4880 4807
f 4863 5201 4808
f 5201 4880 4808
f 4809 4846 5545
f 4809 5545 5543
f 4810 5541 4846
f 6377 4871 4811
f 7949 4811 9007
f 4813 5936 5935
f 4813 5935 5944
f 4813 5939 5936
f 8716 5939 4813
f 4813 5944 5947
f 8716 4813 5947
f 4814 4816 4817
f 7246 4815 7247
f 7247 4815 8428
f 4817 4825 4818
f 8433 4819 4818
f 4818 4825 4822
f 8433 4818 4822
f 6531 4819 6530
f 6530 4819 8433
f 6531 8428 4819
f 4820 4821 4824
f 4821 4822 4825
f 4821 4849 4822
f 4821 4825 4824
f 8433 4822 10181
f 4823 7696 7697
f 8714 4823 7697
f 8714 8715 4823
f 8715 11891 4823
f 7281 4826 4828
f 4828 4832 4831
f 7281 4828 4831
f 7278 4832 4828
f 4845 4832 4829
f 7279 4829 4832
f 10565 4830 8263
f 9705 4830 10565
f 4839 4837 4831
f 7281 4831 4837
f 7279 4832 7278
f 6378 4835 4871
f 8855 8857 4835
f 4839 4838 4837
f 10102 4838 4839
f 4887 8707 4840
f 4887 4840 8709
f 8715 4840 8707
f 8709 4840 8712
f 8714 8712 4840
f 8714 4840 8715
f 4844 4842 4843
f 10175 4842 4844
f 7283 4842 10175
f 4845 4844 4843
f 5545 4846 5541
f 4847 4852 4854
f 4847 4854 10642
f 10875 4848 10601
f 4854 4852 4851
f 4854 4851 4853
f 8265 4856 4855
f 8265 4855 5542
f 5095 4857 5094
f 10216 7224 4858
f 7224 10917 4858
f 4858 7265 7266
f 10216 4858 7266
f 10457 7089 4859
f 4860 6575 6574
f 10653 4860 6574
f 5070 4861 5096
f 11117 4861 11040
f 10457 4862 7089
f 10459 4862 10457
f 10230 8427 4864
f 4866 4867 7262
f 6535 4867 8426
f 6535 10201 4867
f 10201 7262 4867
f 5200 4868 4869
f 5200 9802 4868
f 5200 4869 7107
f 7107 4869 7288
f 7288 4869 7291
f 4870 9727 4934
f 6377 11341 4871
f 6378 4871 11341
f 7286 6365 4872
f 6365 11331 4872
f 7286 4872 10165
f 10924 5022 4873
f 10931 4878 4876
f 4877 7697 7695
f 4877 7695 8704
f 8714 7697 4877
f 8713 4877 8704
f 8712 4877 8713
f 8712 8714 4877
f 10924 4878 10929
f 4888 4886 4881
f 4882 5102 5077
f 4882 11179 5102
f 4883 4886 4884
f 9742 4883 4884
f 9742 9745 4883
f 4884 4886 4885
f 4887 8709 5948
f 9567 4887 5948
f 4887 7703 8707
f 9567 7703 4887
f 4889 10031 10164
f 4890 8699 8697
f 4890 9080 8699
f 4890 9079 9245
f 4890 9245 9080
f 7338 7337 4892
f 10112 4892 7337
f 7339 7338 4892
f 7298 4895 4893
f 7344 7339 4894
f 7344 4894 7345
f 7345 4896 4931
f 4897 4929 4930
f 4897 10152 4929
f 7298 8436 4897
f 4897 8436 10152
f 4898 10992 10996
f 4899 7301 10157
f 4899 10995 7301
f 6320 4901 4900
f 6320 4900 10299
f 6320 4905 4901
f 11390 11394 4902
f 5103 11185 4903
f 5103 4903 11232
f 11382 4906 4905
f 6320 6321 4905
f 11382 4905 6321
f 11372 4906 11382
f 4909 4910 4911
f 11989 4909 11992
f 10135 4911 4910
f 7306 7312 4910
f 10135 4910 7312
f 11381 6324 4912
f 7302 6325 4912
f 11381 4912 6325
f 10146 7302 4912
f 4915 4913 4914
f 6473 4914 4913
f 4915 7961 4913
f 7986 6473 4913
f 7978 4913 7961
f 7986 4913 7978
f 6473 6474 4914
f 4921 7961 4915
f 4917 4918 4916
f 4921 4917 4916
f 4920 4916 4919
f 4921 4916 4920
f 4917 10101 4918
f 4918 10101 6366
f 4920 4919 7973
f 7973 4919 7972
f 4921 4920 7961
f 4920 7976 7961
f 4920 7973 7976
f 4923 7325 7326
f 7341 7347 4925
f 7341 4925 10089
f 7347 7346 4925
f 10089 4926 7330
f 10095 7330 4926
f 4935 4937 4927
f 4937 7300 4927
f 4929 4937 4930
f 4929 7300 4937
f 4929 10152 7300
f 7343 4931 4938
f 7343 7342 4931
f 7342 7345 4931
f 10941 4932 4933
f 4932 4940 4938
f 7343 4938 4940
f 7343 4940 4939
f 10942 4939 4940
f 7343 4939 7346
f 4941 4942 10073
f 4941 10073 7349
f 7144 4943 4942
f 4942 4943 10073
f 7142 4943 7146
f 7142 10073 4943
f 7143 4943 7144
f 7143 7146 4943
f 4945 4944 8137
f 10256 4944 4945
f 4944 10070 8137
f 4944 10069 10070
f 4944 10946 10069
f 10256 10946 4944
f 4945 8132 8135
f 4945 8137 8132
f 4946 4948 4949
f 4946 11459 4948
f 4946 4949 6254
f 4946 6251 6250
f 4946 6250 11459
f 4946 6254 6251
f 4953 4947 10048
f 4953 11459 4947
f 6248 4947 11459
f 4947 10053 10048
f 4948 4950 4949
f 4948 11459 4953
f 4949 4950 4951
f 4949 4951 6254
f 4951 4964 4960
f 4951 4960 6254
f 5107 4952 5103
f 5103 4952 11185
f 5108 4952 5107
f 7357 4953 10048
f 7354 7353 4954
f 10043 7354 4954
f 10043 4954 7357
f 9151 4966 4956
f 8442 8444 4958
f 10035 4958 8444
f 4959 6254 4960
f 11453 4959 4960
f 4959 6251 6254
f 11455 6251 4959
f 11453 11455 4959
f 4960 4965 4962
f 11453 4960 4962
f 4960 4964 4965
f 6270 4962 4961
f 7861 6270 4961
f 6274 6273 4961
f 6275 4961 6273
f 7861 4961 6275
f 6270 6269 4962
f 11453 4962 6269
f 9300 6274 4963
f 7363 9153 4968
f 9154 4968 9153
f 5104 11232 4970
f 4982 4971 4972
f 4974 4973 4971
f 4975 4974 4971
f 4982 4975 4971
f 4982 4972 4981
f 7900 4981 4972
f 4974 9044 4973
f 4973 9044 9045
f 4975 9050 4974
f 4974 9048 9044
f 4974 9050 9048
f 5104 4977 5103
f 5107 5103 4977
f 5107 4977 11204
f 7903 4979 4978
f 9714 4978 4979
f 4982 4981 4978
f 7903 4978 4981
f 7903 7902 4979
f 7902 7904 4979
f 10857 10858 4980
f 7903 4981 7900
f 4983 6427 9011
f 4985 4986 4984
f 4989 4984 4987
f 9321 4984 4989
f 4985 4992 4991
f 4988 4986 6289
f 4987 11425 6287
f 4988 6291 6288
f 4992 9322 9323
f 10969 4993 4994
f 5109 4995 5110
f 5110 4995 5111
f 5111 4995 5117
f 4999 4996 4997
f 5000 4999 4997
f 5000 4997 6271
f 4997 6260 6271
f 5000 4998 4999
f 5000 6271 7860
f 5003 5001 5004
f 5006 5004 5002
f 5005 5003 5004
f 5005 11401 5003
f 5003 11401 6305
f 5005 5004 5006
f 9322 5007 5008
f 9322 5010 5007
f 9302 9324 5008
f 9322 5008 9323
f 9323 5008 9324
f 5013 7383 6292
f 5013 6292 8449
f 5013 7382 7383
f 5014 8695 7643
f 5014 7643 9657
f 5014 8693 8698
f 5014 9668 8693
f 5014 8698 8695
f 5014 9657 9668
f 5017 7293 5015
f 7293 7294 5015
f 5015 7294 10162
f 7380 5015 10162
f 5017 6292 6265
f 5017 6265 7293
f 5017 8448 6292
f 5018 5019 5020
f 5018 7383 5019
f 5018 5020 7292
f 5018 7293 6265
f 5018 6265 7383
f 5018 7292 7293
f 5019 5021 5020
f 5019 5023 5021
f 5019 7382 5023
f 5019 7383 7382
f 10924 10929 5022
f 5035 5032 5025
f 5026 5030 5027
f 5027 5033 5032
f 10149 5028 5029
f 10177 7276 5031
f 5037 5038 7665
f 5037 9634 5039
f 5037 5039 9646
f 5037 9646 5040
f 5037 7665 9634
f 5038 7664 7665
f 5039 9634 7667
f 5039 7667 9648
f 5039 9648 9646
f 10537 5041 5040
f 10537 5040 9646
f 7654 7655 5042
f 7654 5042 10537
f 5046 8700 8695
f 5046 8695 9234
f 5046 8697 8699
f 5046 9235 8697
f 5046 8699 8700
f 5046 9234 9235
f 5050 6721 8977
f 5052 7388 10025
f 5171 6469 5053
f 5053 6469 8435
f 8464 5961 5055
f 5961 9991 5056
f 9991 7400 5056
f 10002 5056 7400
f 10002 10003 5056
f 6722 6721 5057
f 10894 6722 5057
f 11067 5059 5058
f 5466 5058 11218
f 5466 11654 5058
f 11067 5058 11654
f 5434 5059 11067
f 5441 11218 5060
f 5872 5061 8465
f 5916 8465 5061
f 5062 11174 5440
f 5062 5440 11496
f 11477 5062 11496
f 7096 5082 5063
f 5063 5082 7452
f 7096 5063 8691
f 7450 8691 5063
f 7450 5063 9914
f 5063 7452 9914
f 5113 5064 5120
f 5113 5123 5064
f 11230 5064 5123
f 5066 5068 8461
f 5963 5066 8462
f 8462 5066 8461
f 5067 8461 5068
f 5067 5068 8471
f 8473 8461 5067
f 8470 5067 8472
f 8473 5067 8470
f 5067 8471 8472
f 5113 5121 5071
f 5113 5071 5124
f 5071 5121 9900
f 5075 5072 11408
f 5072 8480 5817
f 5072 5817 11408
f 5448 11442 5074
f 5074 5449 11196
f 11442 5449 5074
f 5826 5074 11196
f 5075 11354 5447
f 5075 5447 11392
f 5075 11408 11354
f 5077 5102 5098
f 5081 5086 11148
f 5081 11161 5086
f 5789 5082 7096
f 5789 8693 5082
f 7452 5082 9668
f 8693 9668 5082
f 5086 5088 11148
f 5230 8689 5089
f 5230 5089 9752
f 5089 8690 7614
f 5089 7614 9752
f 5089 8689 8690
f 5090 5118 5655
f 5090 8682 5118
f 5090 5656 5178
f 5090 5178 8682
f 5090 5655 5656
f 5093 9865 9862
f 5102 5100 5098
f 11176 5100 5099
f 5104 5103 11232
f 5108 5105 5106
f 5106 5105 11194
f 5108 5107 5105
f 5107 11204 5105
f 5108 5106 11189
f 5110 5111 5112
f 5110 5112 9899
f 5111 5120 5112
f 5111 5117 5119
f 5111 5119 5120
f 5113 5120 5121
f 5113 5124 5123
f 5114 5115 5116
f 9391 5115 5114
f 5115 5117 5116
f 5115 5119 5117
f 5659 5118 8680
f 8680 5118 8682
f 5119 5121 5120
f 5124 5122 5123
f 5124 5125 5122
f 5540 5127 5148
f 5133 5130 5131
f 5807 5131 5130
f 5133 5131 5132
f 8486 5131 5807
f 5134 5135 5132
f 5135 5143 5132
f 8488 5135 5134
f 8487 5134 8485
f 8488 5134 8487
f 5135 5144 5143
f 5135 5228 5144
f 8488 5228 5135
f 5136 5137 5139
f 5136 5139 5140
f 5167 5136 5140
f 5137 5138 5141
f 5137 5142 5139
f 5137 5141 5142
f 5144 5141 5138
f 5144 5138 5143
f 11210 5143 5138
f 5145 5287 5146
f 5145 5146 5397
f 5149 5145 5397
f 5145 5256 5287
f 5146 5407 5397
f 5147 7276 10177
f 5540 5148 5435
f 5540 5149 5397
f 5540 5435 5149
f 11213 11023 5150
f 5628 5151 5152
f 5702 5152 5151
f 5628 8492 5151
f 11223 5702 5151
f 5155 5152 5702
f 5155 9986 5152
f 5628 5152 7411
f 7411 5152 9986
f 5430 5153 5227
f 10934 5268 5153
f 8943 5153 5430
f 10934 5153 8943
f 5158 5154 7411
f 5158 8494 5154
f 5628 7411 5154
f 5628 5154 8493
f 5154 8494 8493
f 7404 5155 5702
f 7403 5155 7404
f 7403 7405 5155
f 5155 7405 9986
f 5158 7406 7408
f 5158 7411 7406
f 5158 7408 8495
f 5158 8495 8494
f 5159 5161 5160
f 5769 5159 5160
f 5159 5162 5161
f 9892 5769 5160
f 9984 5161 5162
f 7409 5161 9984
f 9984 5162 7414
f 5166 5163 5820
f 5778 9378 5163
f 5163 9378 5820
f 5164 5165 5823
f 5164 5166 5820
f 5823 5166 5164
f 6006 5165 5168
f 5165 5180 5823
f 6006 5180 5165
f 5167 9754 9882
f 5170 5177 6161
f 5170 6161 9399
f 5172 9266 5781
f 5172 5781 11931
f 5172 8672 9266
f 6187 5173 7395
f 6187 8451 5173
f 7395 5173 7396
f 11105 5173 8451
f 5174 5175 5176
f 5174 6221 5175
f 7393 5176 5175
f 6221 10007 5175
f 7398 5175 7390
f 10007 7390 5175
f 7393 5175 7398
f 6152 11248 5177
f 7598 5178 5656
f 7600 5178 7598
f 8670 5178 7600
f 8670 8682 5178
f 6006 5179 5180
f 11136 5180 5179
f 5180 6242 5823
f 11136 6242 5180
f 6472 5181 5182
f 5186 6306 5181
f 6472 5186 5181
f 6472 5182 5183
f 5183 5182 7425
f 6384 7425 5182
f 5183 7425 7424
f 5183 7424 7426
f 5186 5184 5193
f 6472 5184 5186
f 5184 5187 6421
f 5185 6421 5187
f 5185 5187 7433
f 5185 7434 7432
f 5185 7433 7434
f 5187 9945 7433
f 5188 5191 5190
f 5188 9931 5191
f 5188 6648 9931
f 5189 5190 8525
f 5190 5191 8527
f 5190 8527 8525
f 5191 5705 8527
f 5191 8529 5705
f 5191 9931 8529
f 5192 5193 9936
f 11277 5192 5199
f 6789 5194 5195
f 6789 6963 5194
f 6789 5195 6758
f 6789 5196 6963
f 6988 5196 11481
f 5199 5197 6988
f 5198 5629 5225
f 5198 5225 8662
f 7596 5629 5198
f 7596 5198 9733
f 5198 8662 11756
f 9733 5198 11756
f 11277 5199 6988
f 5202 5213 5203
f 5202 5203 7186
f 5202 7186 7123
f 5203 5205 5204
f 5203 5213 5205
f 5204 5205 5208
f 7200 5204 5208
f 7200 5209 5204
f 5205 5213 7203
f 7203 7208 5207
f 8663 5211 5210
f 8662 5225 5210
f 8663 5210 5225
f 8663 5219 5211
f 9744 5211 5219
f 7208 5213 5212
f 11284 11279 5212
f 7203 5213 7208
f 6351 6349 5214
f 6356 6351 5214
f 5216 5215 5218
f 5216 5218 5220
f 5217 5220 5218
f 5217 5222 5220
f 5217 5221 5222
f 5217 5233 5221
f 5632 5658 5219
f 5632 5219 8663
f 9744 5219 5658
f 5220 5222 7249
f 5221 5223 5222
f 5221 5234 5223
f 5221 5233 5232
f 5221 5232 5234
f 7291 7249 5222
f 5223 5237 5224
f 5223 5234 5237
f 5236 5224 5237
f 10922 5224 5236
f 5629 8285 5225
f 8663 5225 8285
f 5231 5226 5229
f 6701 5227 10927
f 8488 5803 5228
f 5228 5803 9831
f 5233 5231 5229
f 5232 5233 5229
f 5230 7560 7558
f 5230 7558 8689
f 5230 8660 7560
f 5230 9752 8660
f 7391 5238 10090
f 7391 11689 5238
f 7465 10092 5238
f 5240 7506 10090
f 11692 7559 5241
f 7723 5241 7601
f 11692 5241 7723
f 9437 5242 5243
f 9437 5244 5242
f 11315 5242 5244
f 11315 11314 5242
f 7940 5243 7800
f 7800 5243 9837
f 7940 9437 5243
f 5244 5251 5250
f 11315 5244 5250
f 8012 5251 5244
f 9437 8012 5244
f 5245 5248 5267
f 5245 11322 5248
f 5245 5267 8649
f 5245 8649 7983
f 7988 5247 5246
f 7988 5246 5250
f 5248 5247 5249
f 11322 5247 5248
f 7988 5249 5247
f 5248 5249 8671
f 5248 8671 5267
f 5270 5249 8029
f 5270 8671 5249
f 7988 8029 5249
f 7988 5250 5251
f 7988 5251 8029
f 5253 11327 8074
f 5253 8074 11337
f 5254 5255 8134
f 5254 8188 5255
f 5254 8134 8104
f 5254 11363 8188
f 5255 8188 8266
f 5259 8394 5258
f 5259 5258 8491
f 5258 8365 8287
f 8394 8365 5258
f 5259 8491 5273
f 5259 5273 11385
f 7567 5266 5260
f 5266 8661 5260
f 7567 5260 7590
f 5260 9751 7590
f 5260 8661 8660
f 5260 8660 9751
f 5261 8639 5262
f 5261 5263 8542
f 5261 11330 5263
f 5261 8542 10735
f 10735 8639 5261
f 5262 8639 5264
f 5264 7983 8649
f 5265 8649 5267
f 5265 5267 8671
f 5265 8887 5269
f 5265 8671 8887
f 5300 5403 5266
f 5300 5266 7567
f 8659 5362 5266
f 5266 5362 8661
f 8659 5266 5403
f 6698 5268 10934
f 8887 8754 5269
f 11366 5269 8754
f 11366 11357 5269
f 5270 5271 5272
f 5270 8029 5271
f 8887 5270 5272
f 8887 8671 5270
f 5271 5273 5272
f 5271 11385 5273
f 8491 5272 5273
f 8887 5272 8754
f 5274 5275 5303
f 8921 5274 5303
f 8921 11384 5274
f 9457 5275 5301
f 9457 5303 5275
f 8975 5276 5279
f 5279 5276 9295
f 5298 5276 5294
f 5294 5276 8975
f 5298 9347 5276
f 5276 9347 9295
f 8975 5277 5278
f 5314 5277 5280
f 8975 5280 5277
f 5314 9025 5277
f 5294 8975 5278
f 8975 5279 5280
f 9623 5280 5279
f 5323 5279 9295
f 9623 5279 5323
f 9623 5314 5280
f 5281 5291 5290
f 5281 5290 5292
f 5281 9179 5291
f 5281 5292 5293
f 9035 5281 5293
f 9035 9179 5281
f 9035 5293 5282
f 9035 5282 9081
f 5680 5283 8561
f 5680 9179 5283
f 8551 8561 5283
f 8551 5283 9081
f 9035 9081 5283
f 9035 5283 9179
f 9139 5284 5285
f 5284 9213 5285
f 5284 5288 5289
f 5284 9107 5288
f 5284 5289 9213
f 9139 9107 5284
f 5468 5285 5643
f 5468 9139 5285
f 5643 5285 9213
f 5286 5570 5573
f 5286 5573 5579
f 5286 5579 5822
f 5288 9107 9169
f 5288 9169 11402
f 9213 5289 5290
f 5289 9240 5290
f 9213 5290 5291
f 5290 9240 5292
f 8550 5643 5291
f 5643 9213 5291
f 8550 5291 9179
f 5292 9240 5295
f 5298 5294 5295
f 5298 5295 5296
f 5296 5295 9240
f 5298 5296 9273
f 5297 5302 5299
f 9273 5297 5299
f 5297 5304 5302
f 5298 9273 9347
f 9339 5299 5302
f 9273 5299 9347
f 11457 5299 9339
f 11457 9347 5299
f 5300 5597 5403
f 5300 7569 5597
f 5300 7567 9762
f 5300 9762 7569
f 7940 5301 9437
f 7940 9450 5301
f 9437 5301 8012
f 9450 9457 5301
f 9457 5302 5304
f 9450 9339 5302
f 9450 5302 9457
f 8921 5303 5304
f 9457 5304 5303
f 5309 5308 5305
f 5309 5305 9709
f 5328 5321 5305
f 9709 5305 5321
f 5307 5306 5308
f 5307 9837 5306
f 5306 11454 5308
f 11452 5306 9837
f 5324 5307 5308
f 5324 5325 5307
f 7800 5307 5325
f 7800 9837 5307
f 5309 5324 5308
f 5309 5320 5324
f 5309 9709 5320
f 5310 5313 5311
f 5310 5311 9748
f 5311 5313 5312
f 5311 5312 9604
f 5312 5313 9590
f 5312 9590 11436
f 9610 9590 5313
f 9623 5317 5314
f 5316 9770 5319
f 5316 5319 9811
f 9623 5323 5316
f 5316 5323 9770
f 9623 5316 9811
f 9623 9811 5317
f 9673 5317 9811
f 5318 5319 9774
f 5318 9811 5319
f 5331 5318 9774
f 9673 9811 5318
f 5319 5320 9709
f 5319 9770 5320
f 5319 9709 9774
f 5329 5321 5328
f 5330 5321 5329
f 5330 9774 5321
f 9709 5321 9774
f 7079 5322 10476
f 9847 5327 5326
f 9847 5326 11311
f 11311 5326 9886
f 5327 5331 5330
f 5327 9925 5331
f 5330 5331 9774
f 5334 9948 5332
f 5337 5332 9948
f 5337 9966 5332
f 5332 9966 9944
f 5333 9966 5336
f 5333 5336 11506
f 5333 9944 9966
f 5334 7446 7447
f 5334 7447 9948
f 5335 7445 5337
f 5335 5337 9948
f 7454 7445 5335
f 5335 7448 7455
f 5335 9948 7448
f 7454 5335 7455
f 5336 9966 5339
f 5336 5339 9999
f 5337 7445 5339
f 5337 5339 9966
f 5338 5339 7445
f 5338 9999 5339
f 5338 7445 5340
f 5338 5340 11509
f 5338 9980 9999
f 7454 5340 7445
f 7454 7456 5340
f 5340 7456 10006
f 5340 10006 11509
f 5343 10021 5341
f 5343 5341 10045
f 10006 9902 5341
f 5341 9902 10045
f 5342 10021 9883
f 5342 11510 10021
f 5343 7464 9883
f 5343 9893 7464
f 5343 9883 10021
f 5343 10045 9893
f 5344 7464 7463
f 5344 9890 7464
f 5344 10079 9890
f 5344 10121 10079
f 7640 5345 7463
f 5345 7636 7633
f 5345 7638 7636
f 7640 7638 5345
f 5346 7633 5347
f 5346 5347 9666
f 7628 7630 5347
f 7628 5347 7634
f 9666 5347 7630
f 7633 7634 5347
f 5348 10079 5349
f 5348 9890 10079
f 5349 10185 5350
f 5349 10079 10182
f 5349 10182 10185
f 10612 6930 5350
f 10185 10644 5350
f 10644 10612 5350
f 5356 5352 5351
f 10338 5351 5352
f 5358 5356 5351
f 10358 5358 5351
f 10379 5352 5356
f 10338 5352 10362
f 5357 5354 5353
f 10380 5353 5354
f 5357 5353 5356
f 5361 5355 5354
f 10380 5354 5355
f 5364 5354 5357
f 5364 5361 5354
f 5360 5355 5359
f 5361 5359 5355
f 5358 5357 5356
f 10358 11497 5358
f 10383 5361 5364
f 5362 5381 5605
f 8659 5381 5362
f 5362 5605 7560
f 5362 7560 8661
f 10383 5364 5363
f 10383 5363 11499
f 5365 7470 10429
f 5365 10451 7470
f 9980 10451 5365
f 5582 5581 5368
f 5371 5376 5369
f 5371 5369 10519
f 5372 5369 5376
f 5372 10456 5369
f 5371 5375 5376
f 5372 5376 5377
f 5372 5377 10557
f 5372 10542 10456
f 5372 10557 10542
f 5373 10557 5379
f 5373 10542 10557
f 5377 5378 10557
f 5377 10574 5378
f 5378 5380 5379
f 5378 5379 10557
f 6479 5605 5381
f 6479 5381 5606
f 10221 5606 5381
f 10221 5381 8659
f 5384 10658 5382
f 5382 10658 10060
f 5382 10060 11533
f 5384 5383 10658
f 5383 11539 10658
f 5385 5386 7473
f 7472 5385 9867
f 7472 11039 5385
f 5385 7473 9867
f 5387 9866 5388
f 11618 9866 5387
f 5387 11584 10712
f 11618 5387 10712
f 5388 9866 7479
f 5392 5394 5389
f 5390 10716 11569
f 5390 11569 11568
f 5391 5398 5392
f 10739 5398 5391
f 10729 10739 5391
f 5392 10736 5394
f 5392 5398 10736
f 5393 5575 5578
f 5393 5578 11725
f 5394 10736 11565
f 5395 5398 9871
f 5395 10736 5398
f 7473 5395 9871
f 5396 7479 7478
f 5396 7478 9861
f 11585 7479 5396
f 10739 5396 9861
f 10729 5396 10739
f 10729 11585 5396
f 10739 9871 5398
f 5402 5399 5400
f 5399 11581 11579
f 5402 5400 10758
f 5404 5400 10743
f 5404 10758 5400
f 5402 10757 5401
f 5402 10758 10757
f 5403 5597 5598
f 8658 5403 5598
f 8659 5403 8658
f 5404 10743 10772
f 10788 10708 5405
f 10788 5405 11587
f 7275 10181 5406
f 5410 5408 6923
f 10818 5408 5410
f 10616 5410 6923
f 10616 8252 5410
f 10818 5410 8252
f 5411 5417 5412
f 5411 5412 11540
f 5411 5414 5415
f 5411 5415 5417
f 5412 5417 5418
f 7538 5413 7542
f 7538 8624 5413
f 7542 5413 7543
f 7543 5413 8626
f 8626 5413 8624
f 5415 5416 5420
f 5415 5420 5417
f 7485 5421 5422
f 7485 5424 5421
f 7482 7485 5422
f 7482 5422 9855
f 7488 5423 9846
f 7488 10896 5423
f 5423 10919 9846
f 5423 10896 11621
f 7485 7487 5424
f 9846 5424 7487
f 9846 10919 5424
f 5425 5426 5427
f 5425 5429 5426
f 5425 10991 5429
f 8540 10991 5425
f 8532 5427 5426
f 5426 5429 9221
f 5426 9222 8532
f 5426 9221 9222
f 8532 8547 5427
f 9160 5429 5428
f 10991 5428 5429
f 9160 5428 10953
f 10953 5428 11606
f 9160 9221 5429
f 8943 5430 5888
f 11032 5432 5433
f 11065 5433 5432
f 8540 5432 10991
f 8540 11065 5432
f 11032 5433 11039
f 5434 11694 5471
f 5434 5471 11712
f 5434 11067 11694
f 5434 11712 11074
f 7494 7493 5436
f 5436 7493 11091
f 7494 5436 9063
f 9063 5436 9830
f 9830 5436 11712
f 5436 11091 11074
f 5436 11074 11712
f 5438 5578 5568
f 5580 5438 5568
f 5580 5822 5438
f 5439 5449 5451
f 5439 11196 5449
f 5439 5451 5456
f 5439 5456 11496
f 11146 11196 5439
f 11146 5439 11496
f 11174 9923 5440
f 11146 11496 5440
f 5464 5465 5441
f 5464 5441 11477
f 5465 11218 5441
f 11271 5442 5444
f 11519 5444 5442
f 5460 5442 11271
f 5461 11519 5442
f 5443 5458 5469
f 5443 5469 5472
f 5443 5472 11742
f 5443 11742 11519
f 5444 5471 11694
f 11742 5471 5444
f 11271 5444 11694
f 11742 5444 11519
f 5460 11271 5445
f 5460 5445 11520
f 11644 5445 5466
f 5445 11654 5466
f 5445 11271 5467
f 5445 5467 11654
f 11644 11520 5445
f 11354 10723 5447
f 5447 10726 11392
f 5448 11434 11442
f 11444 5451 5449
f 11442 11444 5449
f 5451 5452 5455
f 11444 5452 5451
f 5451 5455 5456
f 5452 5453 5455
f 5453 5454 5455
f 5464 5455 5454
f 5464 5454 5465
f 5464 5456 5455
f 5464 11477 5456
f 11477 11496 5456
f 5458 5468 5618
f 5458 9139 5468
f 5458 5618 5469
f 8611 5462 5459
f 8620 5459 5462
f 7538 8611 5459
f 7538 5459 8624
f 8620 8621 5459
f 8624 5459 8621
f 7537 5462 8611
f 7537 8619 5462
f 8613 5462 8619
f 8613 8620 5462
f 5463 11378 11520
f 5463 11520 11644
f 5465 5466 11218
f 5465 11644 5466
f 5467 11067 11654
f 5467 11694 11067
f 5467 11271 11694
f 5468 5470 5618
f 5468 5643 5470
f 5473 5472 5469
f 5618 5473 5469
f 5618 5470 8563
f 8550 5470 5643
f 8550 8564 5470
f 5470 8564 8563
f 9825 11712 5471
f 9825 5471 11742
f 11742 5472 9825
f 5618 8563 5473
f 5619 5473 8563
f 8617 8604 5474
f 8604 8625 5474
f 10187 8617 5474
f 5474 8625 8622
f 5476 5480 5475
f 5476 5475 11761
f 11761 5475 9957
f 11095 5480 5476
f 11095 5476 8450
f 5476 11810 8450
f 5476 11761 11810
f 5477 5478 11849
f 11633 5477 11849
f 5481 5479 9060
f 5482 5481 9059
f 5481 9060 9059
f 5484 5482 11884
f 5482 9059 11884
f 5484 5626 5483
f 5484 5483 8560
f 5483 5626 8564
f 5483 8559 8560
f 5483 8561 8559
f 5483 8564 8561
f 5484 11884 5626
f 5485 5619 5626
f 5485 9064 5619
f 5485 5626 11884
f 5485 9059 9062
f 5485 11884 9059
f 5485 9062 9064
f 5486 5487 11304
f 11896 5487 5486
f 10056 9823 5486
f 9823 11896 5486
f 10056 5486 10052
f 10052 5486 11304
f 11935 5488 5489
f 5491 5488 5490
f 11935 5490 5488
f 5493 5491 5490
f 11944 5493 5490
f 10660 5490 11935
f 10660 11944 5490
f 9208 5491 5493
f 9208 12018 5491
f 5492 9198 9193
f 5492 9195 9194
f 5492 9194 9198
f 5492 12018 9195
f 5493 7490 7489
f 9208 5493 7489
f 9842 7490 5493
f 9842 5493 11944
f 5494 9201 9195
f 5494 9195 12018
f 5494 9209 9201
f 5494 9208 9211
f 5494 12018 9208
f 5494 9211 9209
f 5495 5497 5704
f 6902 5495 5704
f 6902 11944 5495
f 10660 10659 5495
f 10660 5495 11944
f 5569 5511 5496
f 5497 8548 5704
f 5497 8537 8546
f 5497 8546 8548
f 9795 5498 7532
f 7535 5498 9795
f 5501 5499 8630
f 5499 12090 10190
f 5501 8629 8628
f 5501 8633 8629
f 5501 8630 8633
f 5502 12139 5503
f 5502 5506 12139
f 5503 12139 11782
f 5504 12143 5506
f 5504 12057 5509
f 5504 5509 12143
f 5504 12172 12057
f 5505 5509 5507
f 5505 5507 5773
f 5505 12143 5509
f 5505 5773 5772
f 5505 5772 11784
f 5506 12143 12139
f 5507 5509 5510
f 5507 5510 5518
f 5508 5519 5510
f 5508 5510 12057
f 5509 12057 5510
f 5510 5519 5518
f 10861 5511 10266
f 5512 5513 9671
f 5515 9671 5513
f 5515 5514 9776
f 5517 7551 5514
f 5514 7551 9776
f 5516 9573 5523
f 5526 5516 5527
f 5526 9573 5516
f 5527 5516 9776
f 5517 7553 7551
f 7548 5522 5521
f 7548 5521 5523
f 7547 7545 5522
f 7548 7547 5522
f 9573 7548 5523
f 5524 7549 7550
f 8236 5525 8152
f 5526 5527 5528
f 5526 5528 11046
f 5527 9065 5528
f 5527 7555 9065
f 5527 9776 7555
f 5757 5528 5531
f 5528 9065 5531
f 5757 11046 5528
f 5529 7547 7548
f 5529 9785 7547
f 5529 7548 9573
f 5529 8686 9785
f 5757 5530 11046
f 5530 8686 11046
f 5757 5531 5534
f 5531 6338 5534
f 5531 5535 6338
f 5531 9065 5535
f 5532 5533 8270
f 5532 8268 7739
f 5532 8270 8268
f 5533 5534 5536
f 5533 5536 6989
f 5533 6989 8270
f 5534 6338 5536
f 5535 7792 6338
f 5535 8274 7792
f 5535 9066 8274
f 5535 9065 9066
f 5536 6338 7792
f 6989 5536 7729
f 5536 7792 7729
f 11682 5538 5537
f 11682 11693 5538
f 5545 5541 5542
f 7901 5542 5541
f 7901 8265 5542
f 8613 8619 5544
f 8613 5544 11811
f 8614 5544 8619
f 8631 5544 8614
f 5551 5554 5553
f 5551 5555 5554
f 7517 5552 5556
f 5552 8590 5556
f 7517 9809 5552
f 8591 8590 5552
f 8591 5552 9809
f 5553 5554 10099
f 5554 5555 5557
f 5555 5560 5557
f 7516 5556 5558
f 5558 5556 8588
f 7516 7517 5556
f 5556 8590 8588
f 5562 5558 8588
f 5562 8589 5558
f 7516 5558 7513
f 5558 8589 7513
f 5567 5566 5561
f 5565 5562 8569
f 5565 8589 5562
f 5562 8570 8569
f 5562 8588 8570
f 5564 8570 8588
f 9170 8570 5564
f 5564 8586 8587
f 5564 8590 8586
f 9170 5564 8587
f 5564 8588 8590
f 8575 5565 8569
f 8575 8574 5565
f 5567 5568 5566
f 5575 5566 5568
f 5575 5576 5566
f 5580 5568 5567
f 5578 5575 5568
f 5579 5573 5574
f 5577 10914 10911
f 5582 11518 10619
f 7577 5585 5583
f 5584 5839 5838
f 5584 5838 5844
f 5584 5840 5839
f 5845 5840 5584
f 5853 5584 5844
f 5853 5845 5584
f 7588 5588 5585
f 7586 5585 7577
f 7588 5585 7586
f 5590 5588 5594
f 7588 5594 5588
f 8573 5589 8571
f 8573 8572 5589
f 5590 5594 5592
f 5591 10572 11769
f 5592 5594 5593
f 5593 5594 5595
f 5593 5595 7590
f 5593 7590 5596
f 9756 5595 5594
f 7588 9756 5594
f 9741 7590 5595
f 9741 5595 9756
f 5596 7590 9751
f 9752 5596 9751
f 5893 5598 5597
f 5893 5597 9766
f 9766 5597 7569
f 5893 11749 5598
f 5599 5600 5671
f 6188 5600 5599
f 6050 5599 5671
f 6188 5599 10223
f 11942 10223 5599
f 8567 8566 5601
f 8566 8571 5601
f 8567 5601 11641
f 5609 6685 5602
f 5609 5602 7557
f 5610 5602 5881
f 5610 7557 5602
f 5603 5875 5883
f 11751 5875 5603
f 6479 5604 5605
f 5604 9773 5605
f 5608 5607 5604
f 5607 9773 5604
f 5608 5604 9073
f 6479 9073 5604
f 9773 7560 5605
f 9074 5606 5672
f 5672 5606 10221
f 9074 6479 5606
f 5608 5612 5607
f 5607 5612 5609
f 5607 5609 7557
f 5607 7557 9773
f 5608 9067 5612
f 5608 9068 9067
f 5608 9073 9068
f 5609 5612 6912
f 5609 6912 6685
f 5610 5881 5882
f 5610 5882 8689
f 5610 7558 7557
f 5610 8689 7558
f 6912 5612 5611
f 5611 5612 9067
f 5611 9067 9069
f 9259 7510 5613
f 7510 10051 5613
f 9260 5613 7518
f 9259 5613 9260
f 9259 5614 7510
f 10168 7510 5614
f 9259 8674 5614
f 5616 5791 5617
f 8664 5616 5617
f 5616 5792 5791
f 5616 9250 5792
f 8664 8665 5616
f 8665 8668 5616
f 8668 9250 5616
f 5617 5791 5790
f 8675 5617 5790
f 8664 5617 8678
f 8675 8678 5617
f 5619 8563 5626
f 7518 5661 5620
f 8677 5620 5661
f 7518 5620 8676
f 8676 5620 8675
f 8675 5620 8678
f 8677 8678 5620
f 5622 5623 5621
f 5622 5621 9760
f 5623 7593 5621
f 5621 9735 7566
f 5621 7566 9760
f 5621 7593 9735
f 7579 5622 9760
f 5623 5624 5625
f 5623 5627 5624
f 5623 5625 7593
f 5624 5649 5625
f 5624 5627 7561
f 5624 5650 5649
f 5624 7561 5650
f 5625 5649 7594
f 5625 7594 7593
f 5626 8563 8564
f 5628 8493 8492
f 7596 8093 5629
f 8093 8285 5629
f 5630 5649 5651
f 5630 7594 5649
f 5630 5651 5652
f 5630 5652 8093
f 5630 7596 7594
f 5630 8093 7596
f 5631 5652 5653
f 8093 5652 5631
f 5631 5653 5654
f 8339 5631 5654
f 8093 5631 8285
f 8285 5631 8339
f 5632 5633 5658
f 5632 8339 5633
f 5632 8285 8339
f 5632 8663 8285
f 8339 5654 5633
f 5658 5633 5662
f 5633 5659 5662
f 5635 5639 5640
f 5635 5640 8773
f 5635 5650 7561
f 5635 8773 5650
f 8554 5636 8555
f 8554 8556 5636
f 11629 8555 5636
f 5639 5637 6938
f 8551 5638 8557
f 8551 9081 5638
f 8553 8557 5638
f 5640 5639 8257
f 5639 6938 8257
f 5640 8256 5645
f 5640 5645 8773
f 5640 8257 8256
f 5641 5645 5644
f 5641 5644 5653
f 8773 5645 5641
f 5651 5641 5652
f 5651 8773 5641
f 5641 5653 5652
f 8553 5642 8554
f 10057 5642 8553
f 8554 5642 8556
f 5644 5645 5646
f 5644 5646 5648
f 5644 5648 5647
f 5644 5647 5653
f 5647 5654 5653
f 5649 5650 5651
f 5650 8773 5651
f 5658 5662 5661
f 9744 5658 5661
f 8680 5662 5659
f 8677 5661 5662
f 7518 11758 5661
f 11758 9744 5661
f 8677 5662 8680
f 5663 9798 5664
f 5663 5666 5667
f 5663 5667 9853
f 5663 9853 9798
f 5664 9798 5665
f 5665 9798 5974
f 5666 8684 5667
f 5666 8683 8684
f 5667 8684 5669
f 5667 5669 11938
f 5667 11938 9853
f 5668 10051 7510
f 5668 7510 10168
f 5668 7602 9725
f 5668 10168 7602
f 5668 9725 9876
f 5668 9876 10051
f 5669 9717 7602
f 5669 7602 10168
f 5669 8684 9717
f 5669 10168 11938
f 9072 8683 5670
f 9070 9072 5670
f 9074 5672 9075
f 9075 5672 9076
f 5673 10159 5674
f 5673 10150 10309
f 10156 9455 5677
f 8550 5680 8564
f 8550 9179 5680
f 5680 8561 8564
f 5681 11768 11763
f 11071 5682 10431
f 5683 5684 5685
f 5687 5684 5683
f 5683 5685 5689
f 5687 5683 5686
f 5683 5691 5686
f 5683 5689 5691
f 5685 5684 9625
f 5687 9447 5684
f 7687 5684 9447
f 7687 9625 5684
f 5685 5688 5689
f 7673 5688 5685
f 7673 5685 9625
f 5687 5686 7206
f 5884 5686 5692
f 7206 5686 5884
f 5687 7206 9127
f 5687 9127 9447
f 5688 7610 5689
f 5688 5690 7607
f 7673 5690 5688
f 5688 7607 7610
f 5689 5693 5691
f 5689 7610 5693
f 11897 7607 5690
f 7673 11900 5690
f 11897 5690 11904
f 11900 11904 5690
f 5692 5694 5879
f 5692 5879 5877
f 5884 5692 5877
f 7610 9712 5693
f 9712 9698 5693
f 5878 5879 5694
f 7611 5878 5694
f 9698 7611 5694
f 9689 5697 5695
f 9689 5695 10572
f 7612 5696 5697
f 7611 5696 5878
f 7612 5878 5696
f 7612 5697 5698
f 9689 5698 5697
f 7613 5698 5882
f 5882 5698 8690
f 7612 5698 7613
f 8690 5698 9689
f 5706 5700 5699
f 5706 5699 5708
f 5699 5746 5708
f 5706 5707 5700
f 5703 5707 10657
f 6902 5704 8549
f 9220 5704 8548
f 9220 8549 5704
f 5705 8528 8527
f 5705 8529 8530
f 5706 5711 5707
f 5706 5708 5709
f 5706 5709 5711
f 5707 5711 10657
f 5709 5708 5752
f 5746 5750 5708
f 5750 5752 5708
f 5710 5711 5709
f 5710 5709 5755
f 5755 5709 5752
f 5712 5711 5710
f 10976 5712 5710
f 10976 5710 5755
f 5713 5725 5712
f 10976 5713 5712
f 5713 5726 5725
f 5713 5728 5726
f 5713 5729 5728
f 10976 5729 5713
f 5723 5714 5716
f 5721 5719 5714
f 10803 5714 5719
f 5714 5723 5721
f 10803 9188 5714
f 9174 5715 9176
f 5723 5716 5722
f 5718 5717 9189
f 9197 9189 5717
f 5718 9187 9188
f 5718 9189 9187
f 10803 5718 9188
f 7615 5719 5721
f 7615 7617 5719
f 10871 5719 7617
f 10803 5719 10871
f 7616 5721 5723
f 7615 5721 7618
f 7616 7618 5721
f 5724 5723 5722
f 5726 5724 5722
f 5726 5722 9560
f 7616 5723 5724
f 5728 5724 5726
f 5728 5727 5724
f 7616 5724 5727
f 5728 11121 5727
f 7616 5727 7620
f 11464 7620 5727
f 11121 11464 5727
f 5729 11121 5728
f 10976 5730 5729
f 5729 5730 11121
f 5733 5731 5730
f 11121 5730 5731
f 5733 5730 5732
f 5755 5732 5730
f 10976 5755 5730
f 7621 11464 5731
f 11121 5731 11464
f 5745 5744 5732
f 5755 5745 5732
f 8520 5734 5737
f 8518 5734 8512
f 8512 5734 8520
f 8518 8517 5734
f 5739 5736 5735
f 8519 8520 5737
f 8519 5737 10137
f 5744 5742 5740
f 7419 5741 9958
f 5745 5742 5744
f 5745 5753 5742
f 5742 5753 5751
f 8498 8497 5743
f 8498 5743 8501
f 8500 8501 5743
f 5745 5752 5753
f 5755 5752 5745
f 5746 5747 5750
f 5747 5748 5749
f 10626 5748 5747
f 5747 5749 5750
f 9601 5748 11536
f 5749 5751 5750
f 5750 5751 5753
f 5750 5753 5752
f 9674 5768 5756
f 9679 5756 7617
f 9688 7617 5756
f 9674 5756 9679
f 5758 5760 5759
f 5765 5758 5759
f 5765 11809 5758
f 5759 5760 5761
f 11669 5759 5761
f 5762 5759 5763
f 5765 5759 5762
f 11669 5763 5759
f 11669 5761 11790
f 5765 5762 5767
f 5765 5767 5764
f 5765 5764 11809
f 12162 5764 5767
f 12162 9468 5764
f 11876 5766 11966
f 12162 11966 5766
f 11795 12162 5767
f 11786 5768 11876
f 7589 5770 5771
f 7619 5771 5770
f 7619 5770 9674
f 7621 5771 7619
f 5772 5773 10661
f 5779 10183 5989
f 11801 5779 5989
f 11931 5781 5780
f 5780 5787 5784
f 11932 5780 5784
f 11931 5780 11932
f 5781 9266 5782
f 5782 9232 5788
f 5782 9265 9232
f 5782 9266 9265
f 6694 5783 5784
f 5783 5785 5786
f 5783 5786 5973
f 6694 5784 5787
f 5786 5785 6502
f 5785 5898 6502
f 5785 10587 5898
f 5897 5786 6502
f 6694 5787 11934
f 9232 9231 5788
f 5789 7096 7021
f 5789 8698 8693
f 9263 5790 5791
f 8676 8675 5790
f 9262 8676 5790
f 9262 5790 9263
f 9271 5791 5792
f 9271 9263 5791
f 9255 5792 9250
f 9274 5792 9255
f 9274 9271 5792
f 5797 5793 5794
f 5794 5793 7623
f 5797 7722 5793
f 9371 5797 5794
f 5794 7623 8146
f 5795 5831 5830
f 5795 12095 5831
f 5795 8146 12095
f 5797 5796 7722
f 9371 5796 5797
f 9371 11831 5796
f 5796 11831 9534
f 5799 5800 5798
f 5798 5800 5802
f 7666 5798 5802
f 5799 5801 5800
f 7644 5801 5799
f 7647 5800 5801
f 7652 5802 5800
f 7647 7651 5800
f 7651 7652 5800
f 7645 5801 7644
f 7646 5801 7645
f 7647 5801 7646
f 7652 7667 5802
f 7666 5802 9634
f 7667 9634 5802
f 7412 5803 8490
f 7412 9831 5803
f 8488 8487 5803
f 8487 8490 5803
f 5804 5805 5812
f 5804 5812 10556
f 5805 5806 5808
f 5805 11180 5806
f 5805 5808 5812
f 5806 5809 5808
f 5806 5819 5809
f 5806 11465 5819
f 5806 11180 11465
f 9826 8486 5807
f 9826 5807 9390
f 5808 5809 5815
f 5809 5813 5815
f 5809 11514 5813
f 5809 5819 11514
f 5810 5857 9765
f 5810 11369 5857
f 5813 5814 5815
f 5813 5837 5814
f 5813 11514 5837
f 5814 5837 5858
f 11369 5814 5858
f 10445 5816 7104
f 7104 5816 10830
f 8482 5817 8480
f 8482 8481 5817
f 11408 5817 8481
f 5818 5895 5896
f 5818 6502 5895
f 5818 5896 7743
f 5897 6502 5818
f 5819 7658 5824
f 5819 5824 11514
f 5819 11465 7658
f 5821 10084 5837
f 5821 5837 11514
f 5824 7658 5825
f 5827 5831 12095
f 5828 5830 5831
f 5833 5834 5835
f 5833 5835 5847
f 5849 5833 5847
f 5835 5834 7747
f 5835 5848 5847
f 7748 5848 5835
f 7748 5835 7747
f 5836 8483 8476
f 11336 5836 8476
f 8481 8483 5836
f 11408 8481 5836
f 11354 11408 5836
f 5837 10084 5858
f 5838 5841 5844
f 5846 5840 5845
f 5846 5847 5840
f 5848 5840 5847
f 5844 5841 5842
f 5854 5853 5843
f 11078 5854 5843
f 11078 5843 9765
f 5851 5846 5845
f 5854 5851 5845
f 5854 5845 5853
f 5849 5847 5846
f 5851 5849 5846
f 9526 5848 7748
f 5851 5850 5849
f 5852 5850 5851
f 5859 5852 5851
f 5859 5851 5854
f 7622 5852 5859
f 7622 11848 5852
f 11078 5859 5854
f 5855 7407 8475
f 11369 5858 5857
f 5858 11668 5857
f 9765 5857 5862
f 5862 5857 11668
f 5858 10084 11668
f 5860 7622 5859
f 11078 5860 5859
f 11078 5862 5860
f 11805 5860 5862
f 9632 7622 5860
f 11805 9632 5860
f 5862 11668 5861
f 11805 5862 5861
f 11805 5861 9631
f 11078 9765 5862
f 7685 5864 5863
f 5866 5863 5865
f 7685 5863 5866
f 7688 7683 5864
f 7688 5864 7685
f 5918 5866 5865
f 5917 5918 5865
f 7679 5866 5918
f 7686 5866 7679
f 7686 7685 5866
f 7192 7193 5869
f 7192 5869 10315
f 7684 5874 5870
f 5874 5873 5871
f 5873 9447 5871
f 9127 5876 5871
f 9127 5871 9447
f 5872 8465 8467
f 5872 8467 8472
f 5872 8472 8471
f 7683 5873 5874
f 7688 5873 7683
f 7688 7687 5873
f 7687 9447 5873
f 7684 7683 5874
f 5876 5886 5875
f 5886 5883 5875
f 9127 5886 5876
f 5877 5879 5881
f 5884 5877 5883
f 7613 5879 5878
f 7612 7613 5878
f 7613 5881 5879
f 7214 10315 5880
f 7613 5882 5881
f 5882 8690 8689
f 5886 5884 5883
f 7206 5884 5886
f 9127 7206 5886
f 5904 6955 5887
f 5904 5887 12179
f 6955 6259 5887
f 6259 9559 5887
f 9874 5887 9559
f 9874 12179 5887
f 5890 11492 5889
f 5892 5891 11858
f 5891 10338 11858
f 9960 5892 5894
f 5893 11750 11749
f 9612 5896 5895
f 5898 5895 6502
f 7692 5895 5898
f 7692 9612 5895
f 7742 7744 5896
f 7742 5896 9612
f 11994 7743 5896
f 11994 5896 7744
f 7692 5898 5899
f 5899 5898 10587
f 5899 10587 7690
f 12045 5899 7690
f 7692 5899 12045
f 5900 5903 5905
f 5900 12194 5903
f 5900 5905 12177
f 5900 7691 12045
f 5900 12177 7691
f 5900 12045 12194
f 5901 12045 7690
f 5901 12194 12045
f 5901 12190 12194
f 5902 8467 8466
f 5902 8469 8467
f 5903 6955 5905
f 5903 11873 6955
f 5904 5905 6955
f 5904 11878 5905
f 5904 12179 11878
f 5905 11878 12177
f 5906 12167 5907
f 5906 5907 12174
f 5906 5909 12161
f 5906 12161 12167
f 5907 12167 11943
f 5908 12160 5910
f 5908 5910 12161
f 5908 12165 12105
f 5908 12161 12165
f 5909 12165 12161
f 5910 12160 12154
f 5910 12167 12161
f 5911 10204 12152
f 5911 12152 12154
f 5912 11894 5914
f 5912 5914 12147
f 5912 5922 5924
f 5912 12147 5922
f 5914 5915 5923
f 5914 5923 12147
f 5915 7675 5920
f 5915 5920 12146
f 5915 12146 5923
f 5920 5918 5917
f 12146 5917 5919
f 5920 5917 12146
f 5920 7678 5918
f 7679 5918 7678
f 5920 7675 7678
f 5921 11947 5922
f 5921 5922 12147
f 5921 5923 11946
f 5921 12147 5923
f 5922 12142 5924
f 5922 11947 12148
f 5922 12148 12142
f 9112 7698 5928
f 9112 5928 9111
f 5929 7700 5931
f 5929 5931 12134
f 5929 12135 7700
f 5929 12137 12135
f 6191 11551 5930
f 12137 6191 5930
f 11553 5930 11551
f 11553 11554 5930
f 11554 12135 5930
f 12137 5930 12135
f 5931 7700 9602
f 5931 9602 9596
f 5931 9596 12132
f 5931 12132 12134
f 5991 11892 5932
f 5991 5932 12116
f 5932 11892 12129
f 5932 12119 12116
f 12124 12119 5932
f 12124 5932 12129
f 5933 7702 7704
f 9569 7702 5933
f 5933 7704 12113
f 9569 5933 12129
f 12124 5933 12113
f 12124 12129 5933
f 5938 5934 5935
f 5938 5935 5936
f 5938 5936 5937
f 8711 5937 5936
f 8711 5936 5939
f 8713 8701 5937
f 8711 8713 5937
f 8711 5939 8717
f 8717 5939 8716
f 5940 5942 5943
f 12113 5942 5940
f 5940 5943 7714
f 5940 7714 12026
f 5940 12026 12119
f 12124 12113 5940
f 12124 5940 12119
f 5941 5969 11925
f 12116 5969 5941
f 5993 5941 11925
f 5993 11948 5941
f 12116 5941 11948
f 12106 5943 5942
f 9567 5942 7704
f 12113 7704 5942
f 9567 12106 5942
f 5946 12013 5943
f 12106 5946 5943
f 7714 5943 12013
f 5947 5944 11924
f 12107 12013 5946
f 12106 12103 5946
f 12108 5946 12103
f 12108 12107 5946
f 12108 8716 5947
f 8709 8717 5948
f 8717 12103 5948
f 9567 5948 12106
f 12106 5948 12103
f 5949 12038 12099
f 5949 12102 12038
f 5949 12100 12102
f 12064 12062 5950
f 5950 12102 12100
f 5959 5958 5952
f 5958 12081 5952
f 5959 5952 11027
f 6634 5956 5953
f 12079 5953 5956
f 6634 5953 12097
f 11911 12072 5953
f 12079 11911 5953
f 12097 5953 12072
f 5955 5954 7709
f 5955 12097 5954
f 5954 7708 7709
f 5954 7711 7708
f 5954 12072 7711
f 5954 12097 12072
f 5955 7709 7706
f 7732 5955 7706
f 7732 12093 5955
f 5955 12093 12097
f 5958 12079 5956
f 5958 5956 12081
f 11042 5956 6634
f 12081 5956 11042
f 10426 7122 5957
f 12064 5958 5959
f 12064 12079 5958
f 5959 11027 6638
f 5959 6638 12062
f 12064 5959 12062
f 5962 8374 5960
f 5962 5960 9556
f 5960 8374 11171
f 5960 12059 9556
f 5960 11171 11162
f 5960 11162 12059
f 8464 8474 5961
f 5961 8474 9991
f 5962 9556 12052
f 5962 12052 12058
f 5963 8462 8459
f 5963 8459 9400
f 5964 8720 12059
f 10313 5965 10287
f 5966 12038 10455
f 5966 12099 12038
f 5966 12058 12052
f 5968 5967 11921
f 12037 5967 5968
f 5967 11874 6008
f 5967 6008 11919
f 12037 11874 5967
f 5967 11919 11921
f 7721 5968 11905
f 7721 12029 5968
f 5968 11921 11905
f 12037 5968 12029
f 9553 11925 5969
f 9553 5969 12026
f 12119 12026 5969
f 12116 12119 5969
f 5970 7716 9552
f 5970 12017 7716
f 5970 9552 9554
f 5970 9554 12013
f 12107 5970 12013
f 12107 12017 5970
f 5971 5972 12000
f 5971 12005 5972
f 5971 12010 12005
f 10234 5972 9477
f 10231 5972 12005
f 10234 12000 5972
f 11931 11932 5974
f 7747 5975 5977
f 11997 5977 5975
f 11841 11842 5975
f 11842 11997 5975
f 11842 5976 11997
f 7748 7747 5977
f 9523 7748 5977
f 9523 5977 9527
f 11997 9527 5977
f 11988 5978 11981
f 11984 5978 12091
f 11979 5981 5979
f 11958 11955 5979
f 11955 11979 5979
f 5992 5980 11948
f 5992 11957 5980
f 11981 11948 5980
f 11957 11958 5980
f 11988 5980 11958
f 11988 11981 5980
f 5990 5984 5981
f 11965 5981 5984
f 11979 5990 5981
f 5983 5990 5982
f 5983 5982 11970
f 5982 5990 11979
f 5982 11979 11953
f 5983 5988 5990
f 5983 11970 12145
f 11965 5984 5985
f 5984 5990 5988
f 5985 5986 7834
f 11960 5985 7834
f 11960 11965 5985
f 5986 7832 7836
f 5986 7833 7834
f 5986 7836 7833
f 6554 5987 6113
f 6696 5987 6554
f 5991 11948 11981
f 5991 12116 11948
f 5992 5993 11927
f 5992 11948 5993
f 5992 11927 11937
f 5992 11937 11957
f 5996 5993 11925
f 11927 5993 5996
f 5994 5996 5997
f 5994 11927 5996
f 5994 5997 5999
f 5994 11940 11927
f 5997 5996 5995
f 5996 11925 5995
f 5997 5995 7720
f 5995 7715 9551
f 5995 11925 7715
f 5995 9551 7720
f 5999 5997 11905
f 5997 7720 11905
f 5998 5999 11921
f 5998 11949 5999
f 6007 11914 5998
f 6007 5998 11919
f 5998 11914 11949
f 5998 11921 11919
f 5999 11905 11921
f 11880 6008 6000
f 6008 11904 6000
f 11901 11880 6000
f 11901 6000 11900
f 11900 6000 11904
f 6001 7191 6049
f 7673 9622 6002
f 7673 6002 11900
f 9621 6002 9622
f 9621 11882 6002
f 11901 6002 11882
f 11901 11900 6002
f 6005 6003 6004
f 6007 6004 6003
f 6005 11887 6003
f 6007 6003 11914
f 6005 6004 11882
f 6007 11880 6004
f 11901 6004 11880
f 11901 11882 6004
f 6005 7677 7678
f 6005 11882 7677
f 6005 7678 11887
f 6007 11919 11880
f 11874 11904 6008
f 11880 11919 6008
f 6012 6009 6010
f 6012 6013 6009
f 6011 6013 6012
f 6011 11868 6013
f 11868 6014 6013
f 10656 6890 6014
f 11865 10656 6014
f 11868 11865 6014
f 9020 6024 6015
f 11864 6015 6024
f 7934 6015 7768
f 11864 7768 6015
f 7934 9020 6015
f 6016 6017 9020
f 11764 6017 6016
f 6104 6016 7920
f 11764 6016 6104
f 7919 7920 6016
f 7919 6016 9020
f 9020 6017 6024
f 9498 6024 6017
f 8743 6025 6017
f 9498 6017 6025
f 11764 8743 6017
f 6019 6020 6018
f 6019 6018 8736
f 6020 6029 6018
f 6022 6018 6021
f 6029 6021 6018
f 6023 6018 6022
f 6023 8736 6018
f 6019 8728 6020
f 6019 8731 8728
f 6019 8738 8731
f 6019 8736 8738
f 6020 7798 6029
f 6020 7799 7798
f 6020 8728 7799
f 7759 6022 6021
f 6030 6021 6029
f 6030 9503 6021
f 9503 7759 6021
f 6023 6022 9499
f 7759 7778 6022
f 9499 6022 7778
f 6023 8733 8736
f 6023 9496 8733
f 6023 9499 9496
f 7779 6024 9498
f 11864 6024 7779
f 9499 6025 9496
f 9498 6025 9499
f 7766 7768 6026
f 6026 7777 7766
f 11864 6026 7768
f 6026 7776 7777
f 11864 7776 6026
f 6027 6033 6035
f 6027 7781 6033
f 6027 6035 6034
f 6027 6034 10397
f 6027 9491 7781
f 6027 10397 9491
f 6028 10397 6034
f 11859 6030 6029
f 11859 6029 7798
f 6030 9513 9503
f 6031 8726 7780
f 6031 7780 9494
f 6031 7798 8726
f 6031 11859 7798
f 6031 9494 11860
f 6031 11860 11859
f 6032 11860 9494
f 6032 11963 11860
f 6033 8725 6035
f 6033 7781 7780
f 6033 7780 8725
f 6034 6035 6036
f 6034 6036 6037
f 6035 8724 6036
f 6035 8725 8724
f 6036 8724 8723
f 7783 6039 6038
f 6039 11853 6038
f 6059 6060 6038
f 6059 6038 11853
f 6060 7782 6038
f 7782 7783 6038
f 7783 7952 6039
f 6041 6042 6040
f 6041 6040 9082
f 11847 6040 6042
f 11847 6043 6040
f 6041 6065 6042
f 6041 6067 6065
f 6065 6045 6042
f 11844 6042 6045
f 11844 11847 6042
f 9482 6043 9475
f 11847 9475 6043
f 9480 6043 9482
f 6046 6459 6044
f 6046 6044 11844
f 6459 6047 6044
f 6047 8973 6044
f 11845 6044 8973
f 11844 6044 11845
f 6046 6045 8004
f 6046 11844 6045
f 11814 6045 6065
f 8004 6045 11814
f 8853 6459 6046
f 8853 6046 8004
f 7957 6047 6459
f 7956 7954 6047
f 6047 7954 8973
f 7956 6047 7957
f 7998 7999 6048
f 7999 11840 6048
f 6315 6316 6051
f 6315 6051 11387
f 6316 7333 6051
f 10085 7332 6051
f 7332 10088 6051
f 10085 6051 7333
f 10088 11387 6051
f 6056 6052 6053
f 11836 6053 6052
f 6079 6052 6056
f 11785 6052 6079
f 11785 11838 6052
f 11836 6052 11838
f 6056 6053 7785
f 6053 9320 7785
f 11435 9320 6053
f 11435 6053 11836
f 6058 6060 6054
f 11834 6058 6054
f 6059 6054 6060
f 12004 6054 6059
f 6057 6055 6056
f 6079 6056 6055
f 6057 11834 6055
f 6079 6055 11791
f 6080 11791 6055
f 6080 6055 11834
f 6057 6056 7785
f 6057 7786 6058
f 6057 6058 11834
f 6057 7785 7786
f 6058 6061 6060
f 7786 6061 6058
f 10250 6059 11853
f 10250 12004 6059
f 6061 7782 6060
f 9487 7782 6061
f 7786 11816 6061
f 9487 6061 11816
f 6062 9340 6063
f 6062 6063 11824
f 7874 6062 9320
f 7874 9340 6062
f 9471 9320 6062
f 9471 6062 11824
f 6063 7866 6064
f 6063 6064 11824
f 6063 7864 7866
f 6063 7869 7864
f 6063 9340 7869
f 9485 11824 6064
f 6065 6067 6068
f 11814 6065 6068
f 11808 6066 6068
f 6066 11814 6068
f 6066 11199 8814
f 11814 6066 8814
f 6066 11200 11199
f 11808 11200 6066
f 6069 6485 11200
f 6069 11804 6485
f 11808 6069 11200
f 11808 11985 6069
f 6070 10143 7304
f 6070 11800 10143
f 6071 7307 6072
f 6071 6072 10143
f 6071 10143 11800
f 6072 7310 7304
f 6072 7304 10143
f 6072 7307 7308
f 6072 7308 7310
f 7788 6073 6075
f 11798 6075 6073
f 7788 9469 6073
f 7806 6073 9442
f 7806 11798 6073
f 6073 9469 9442
f 6074 7793 7795
f 9467 7793 6074
f 6074 7795 11798
f 9467 6074 11793
f 7789 7788 6075
f 7789 6075 7794
f 6075 7795 7794
f 11798 7795 6075
f 6076 6077 11793
f 6076 11797 6077
f 10253 11797 6076
f 12012 6076 11793
f 9467 11793 6077
f 6077 11797 11796
f 6080 6078 11791
f 6080 12008 6078
f 6082 6078 6086
f 6082 11791 6078
f 6078 11788 6086
f 6078 12008 11788
f 11785 6079 6081
f 6079 11791 6081
f 6082 6084 6081
f 6082 6081 11791
f 11785 6081 11781
f 6083 6084 6082
f 6083 6082 6086
f 6083 11780 6084
f 11788 6085 12006
f 6085 12007 11796
f 11788 12006 6086
f 6087 6088 6093
f 6087 6093 9464
f 7796 6087 9464
f 11776 6087 7796
f 6088 11774 6093
f 6088 6100 11774
f 6456 6090 6089
f 7797 6089 6090
f 11779 6456 6089
f 7789 7794 6089
f 7789 6089 7797
f 11779 6089 7794
f 6457 6090 6456
f 11226 6090 6457
f 11776 7797 6090
f 11226 11776 6090
f 7803 6091 9461
f 7803 11775 6091
f 6091 9460 9461
f 11765 9460 6091
f 11765 6091 11774
f 11775 11774 6091
f 6092 9464 6093
f 11775 6092 6093
f 8752 7790 6092
f 7790 9462 6092
f 8752 6092 11775
f 6092 9462 9464
f 11775 6093 11774
f 6095 6099 6094
f 11772 6095 6096
f 6095 6101 6099
f 11772 6101 6095
f 6097 6096 8723
f 11772 6096 6097
f 8730 6097 8723
f 8722 8758 6098
f 11765 6100 6099
f 11765 6099 6101
f 11765 11774 6100
f 11765 6101 9460
f 9460 6101 11770
f 11772 11770 6101
f 6102 9452 11770
f 11772 6102 11770
f 9452 7802 6103
f 7802 9461 6103
f 9452 6103 11770
f 9460 6103 9461
f 9460 11770 6103
f 7810 7809 6104
f 7809 11764 6104
f 7810 6104 7920
f 7809 8768 6105
f 7809 6105 11764
f 8744 6105 8742
f 8768 8742 6105
f 8744 8743 6105
f 11764 6105 8743
f 8749 6106 8750
f 11747 6106 8749
f 8750 6106 8760
f 8756 8760 6106
f 11747 11760 6106
f 8771 11760 6107
f 11747 6107 11760
f 9419 8753 6108
f 8771 6108 11760
f 8745 8742 6109
f 8745 6109 8747
f 6109 8749 8747
f 11747 8749 6109
f 6111 9420 6114
f 6111 6114 11737
f 6111 11737 11745
f 6111 11745 11743
f 7817 6112 9417
f 7817 9423 6112
f 9417 6112 8767
f 9423 9420 6112
f 9423 6114 9420
f 11738 11737 6114
f 8808 6116 6115
f 11736 6115 6116
f 8833 6115 8807
f 8808 6115 8833
f 6117 6119 6118
f 6118 6119 6122
f 6118 6122 6130
f 6129 6118 6130
f 6119 6411 6122
f 6121 8450 6132
f 6121 6132 8455
f 6121 8455 8458
f 6122 6133 6130
f 6122 6134 6133
f 6122 6411 6134
f 6467 6125 6126
f 8842 6126 6125
f 8842 6125 6127
f 11215 6467 6126
f 11215 6126 8841
f 8842 6127 6128
f 6129 11735 6128
f 8842 6128 11735
f 6422 6130 6133
f 6131 6133 6137
f 6131 6422 6133
f 6131 6137 11268
f 6131 6423 6422
f 6131 11268 6423
f 6132 8450 11810
f 6132 8456 8455
f 6133 6134 6137
f 6134 6135 6137
f 6134 6413 6135
f 6134 6411 6414
f 6134 6414 6413
f 9128 6137 6135
f 6135 6413 6415
f 6135 6415 11283
f 9128 6135 11283
f 6136 6137 9128
f 6136 11268 6137
f 6136 7911 6393
f 11316 6136 6393
f 6136 9128 7911
f 11316 11268 6136
f 11001 6139 6138
f 11734 6138 6139
f 6138 6652 6651
f 11001 6138 6651
f 11007 6652 6138
f 11731 11007 6138
f 11731 6138 11734
f 10988 6139 6660
f 11001 6660 6139
f 10988 8130 6139
f 11734 6139 8130
f 8125 8124 6140
f 11731 6140 8124
f 8127 8125 6140
f 8131 8127 6140
f 11734 8131 6140
f 11731 11734 6140
f 6141 8117 8116
f 6141 8116 8120
f 11729 8117 6141
f 8552 6141 8120
f 8562 6141 8552
f 11729 6141 8562
f 6142 8562 6151
f 6142 11729 8562
f 6143 11722 11719
f 6143 11719 11726
f 8138 6144 6146
f 6146 6144 11726
f 6144 8330 6969
f 6144 6969 11726
f 8138 8330 6144
f 11711 6145 6148
f 6148 6145 11722
f 11711 6880 6145
f 6880 11721 6145
f 6145 11721 11719
f 6145 11719 11722
f 10965 8138 6146
f 10965 6146 11721
f 11719 11721 6146
f 11719 6146 11726
f 6147 6908 6894
f 6147 6894 11717
f 10843 6147 11710
f 11710 6147 11713
f 11713 6147 11717
f 11711 6148 11717
f 11713 11717 6148
f 6150 6149 6151
f 6150 11708 6149
f 11708 11711 6149
f 6150 6151 8111
f 6150 8111 6678
f 8562 8111 6151
f 6155 10956 6153
f 6153 10958 6652
f 6153 6652 11698
f 6153 10956 10958
f 6154 6432 11698
f 6154 8124 8123
f 11007 8124 6154
f 11007 6154 11698
f 6155 6674 6673
f 6155 6673 10956
f 9409 9410 6156
f 12041 9409 6156
f 9410 11688 6156
f 6156 11688 11697
f 6157 11686 11683
f 6157 11683 12040
f 6157 11688 11686
f 6157 11697 11688
f 6158 6162 6159
f 6158 6159 11686
f 6158 6160 6162
f 6158 11686 7824
f 6159 6162 7829
f 6159 7829 6216
f 6159 6216 11683
f 6159 11683 11686
f 6162 12020 7829
f 7829 6163 11530
f 7829 12020 6163
f 9404 6164 7822
f 9413 7822 6164
f 9404 11671 6164
f 9413 6164 11673
f 11671 11666 6164
f 11673 6164 11666
f 11671 6165 6167
f 9404 7823 6165
f 9409 6165 7823
f 9404 6165 11671
f 6167 6175 11646
f 11656 6167 11646
f 11671 6167 11656
f 6168 11655 6169
f 12121 6168 6170
f 6172 6173 12047
f 12046 6172 12047
f 11646 6175 6173
f 6173 6175 12047
f 11646 6173 12060
f 11646 12060 6174
f 6176 11147 6545
f 6176 10413 11627
f 6176 11627 11147
f 11607 6178 6177
f 6178 11628 6177
f 11548 6204 6177
f 6204 11607 6177
f 11548 6177 11642
f 6186 6178 11617
f 6186 11628 6178
f 11607 11617 6178
f 8920 6179 6180
f 11640 6180 6179
f 6182 6179 11631
f 6182 11640 6179
f 8919 6179 8920
f 8919 11631 6179
f 8920 6180 7826
f 7826 6180 11637
f 6182 11617 6181
f 6182 6181 11640
f 6181 11623 6184
f 6181 11617 11623
f 6186 11617 6182
f 6186 6182 11631
f 6183 8919 6544
f 6183 6544 11147
f 6183 11631 8919
f 6183 11147 11627
f 6183 11627 11631
f 6190 11501 6184
f 6190 6184 11620
f 11620 6184 11623
f 12063 6185 11630
f 6186 11627 11628
f 6186 11631 11627
f 6187 7395 8455
f 6187 8454 8451
f 6187 8453 8454
f 6187 8455 8453
f 6189 7726 7728
f 6190 6206 6207
f 6190 11620 6206
f 6190 6207 6225
f 6190 6225 11501
f 11586 11551 6191
f 11586 6191 12087
f 6207 6192 6224
f 11550 6192 6207
f 6224 6192 11583
f 11550 11551 6192
f 11586 6192 11551
f 11586 11583 6192
f 6200 6193 6201
f 6193 6200 8035
f 6193 8035 11342
f 6193 11342 8036
f 6201 6194 6199
f 6199 6194 11572
f 6201 9105 6194
f 9106 6194 9105
f 6197 11570 6196
f 6197 6196 11572
f 11561 6199 6196
f 6199 11572 6196
f 11561 6196 6202
f 6202 6196 11567
f 6196 11570 11567
f 6197 11572 9856
f 11554 6198 7699
f 6198 11570 7699
f 11554 11555 6198
f 11555 11558 6198
f 11558 11567 6198
f 6198 11567 11570
f 6200 6201 6199
f 11561 6200 6199
f 8035 6200 11576
f 11561 11576 6200
f 11561 6202 10412
f 6202 11642 10412
f 11548 6202 11567
f 11548 11642 6202
f 11547 6204 6205
f 11558 6205 6204
f 11547 11607 6204
f 11548 11558 6204
f 11547 6205 6206
f 11550 6206 6205
f 11550 6205 11553
f 11553 6205 11555
f 11555 6205 11558
f 11550 6207 6206
f 11547 6206 11620
f 6207 6224 6225
f 6211 6208 6210
f 6210 6208 11527
f 6208 11542 11527
f 10854 10807 6209
f 6211 6210 11538
f 6212 6210 11527
f 6212 6219 6218
f 6212 6218 7830
f 6212 11527 6219
f 6212 7830 11530
f 6213 6214 12039
f 6213 12085 6214
f 6213 6215 11508
f 6213 11508 12085
f 12115 12039 6214
f 6215 6216 7830
f 6215 6218 6217
f 6215 6217 11508
f 6215 7830 6218
f 6216 7829 7830
f 6217 6218 6226
f 6218 6219 6226
f 6219 11504 6226
f 6219 11527 11504
f 6220 11490 11504
f 6220 12067 11490
f 6220 11504 11542
f 6221 7389 10007
f 6222 6230 6223
f 6222 6225 11491
f 6222 6232 6230
f 6222 11491 6232
f 6223 6230 11495
f 6224 11491 6225
f 6226 11490 6227
f 6226 11504 11490
f 6227 6229 6228
f 6227 6231 6229
f 6227 11490 6231
f 6229 6231 11488
f 6230 6232 11485
f 6230 11485 11488
f 6230 11488 11495
f 6231 11495 11488
f 6231 11490 12067
f 6231 12067 11495
f 6232 11484 11485
f 11479 6233 11484
f 12080 6233 11479
f 6233 11485 11484
f 9389 6234 12117
f 7838 7839 6235
f 9389 6235 7839
f 9389 12117 6235
f 6237 7835 7831
f 6237 7831 11475
f 7840 7835 6237
f 7840 6237 11471
f 6240 6239 7023
f 6240 8772 6239
f 8775 7023 6239
f 8772 8774 6239
f 8775 6239 8774
f 6240 7022 7020
f 6240 7020 8772
f 6240 10516 7022
f 6240 7023 10516
f 6302 6301 6241
f 11468 6302 6241
f 6245 6243 6244
f 6244 6243 8335
f 6245 11461 6243
f 6246 6243 6262
f 6246 8335 6243
f 6243 11461 6262
f 6245 6244 6266
f 6244 6263 6266
f 8332 6263 6244
f 8332 6244 8335
f 6257 6245 6250
f 6245 6266 6250
f 6257 11461 6245
f 6246 6262 11446
f 8328 8335 6246
f 6261 6247 11446
f 11448 6247 6261
f 11448 11447 6247
f 6247 11447 12150
f 6249 6248 6263
f 6248 6266 6263
f 6248 11459 6266
f 6249 6263 6264
f 6257 6250 6251
f 6250 6266 11459
f 11455 6257 6251
f 11449 6252 6256
f 11455 6256 6252
f 11455 6252 6257
f 6257 6252 11461
f 11449 6262 6252
f 6252 6262 11461
f 6728 6253 10884
f 11450 6256 6255
f 6255 6256 11455
f 6272 6255 6269
f 11453 6269 6255
f 11450 6255 6272
f 11453 6255 11455
f 11449 6256 6258
f 11450 6258 6256
f 6261 6258 6260
f 6271 6260 6258
f 11449 6258 6261
f 11450 6271 6258
f 6259 11875 9559
f 11448 6261 6260
f 11449 6261 11446
f 11449 11446 6262
f 8332 6264 6263
f 8333 6264 7844
f 6265 6292 7383
f 7381 6267 9356
f 9366 9356 6267
f 6272 6269 6270
f 7860 6272 6270
f 7860 6270 7861
f 7860 6271 6272
f 11450 6272 6271
f 9301 6273 6274
f 9310 6275 6273
f 9310 6273 9301
f 9301 6274 9300
f 9310 9309 6275
f 6277 11443 10325
f 6277 11438 12173
f 6277 12176 11443
f 6277 12173 12176
f 6278 11432 6280
f 6278 6280 12171
f 6279 8778 7872
f 6279 7872 9334
f 6279 9290 8778
f 6280 11432 9331
f 6281 9329 7874
f 6281 7874 11435
f 6281 9331 9329
f 6281 11435 11836
f 9089 9090 6283
f 9094 6283 9090
f 9094 11430 6283
f 11430 11397 6283
f 8781 6285 6284
f 11998 6284 6285
f 6284 8779 8780
f 8781 6284 8780
f 8782 6285 8781
f 8782 9315 6285
f 6287 6327 11371
f 11425 6327 6287
f 9095 6287 11371
f 11420 6288 6291
f 11420 11425 6288
f 8416 6587 6290
f 8448 8449 6292
f 11417 6295 6296
f 6298 6295 11415
f 6295 12128 11415
f 6304 6296 6303
f 6301 6298 6297
f 6298 11415 6297
f 6301 6297 12130
f 6301 6300 6298
f 11400 6303 6299
f 11411 6299 6303
f 11397 6299 6307
f 11411 6307 6299
f 6310 6299 11397
f 11400 6299 6310
f 6302 6300 6301
f 11403 6300 6302
f 11411 6300 11403
f 11409 11403 6302
f 11468 11409 6302
f 11400 6304 6303
f 11401 6308 6305
f 12182 6308 11401
f 9093 6309 6310
f 11400 6310 6309
f 9093 6310 11430
f 11430 6310 11397
f 7359 7360 6311
f 7359 6311 8443
f 7360 8445 6311
f 8442 8443 6311
f 8442 6311 8444
f 8444 6311 8445
f 11391 6312 6314
f 6312 11394 6314
f 10304 11394 6312
f 9264 6314 6313
f 6313 6314 11390
f 9268 6314 9264
f 9268 11391 6314
f 6314 11394 11390
f 6315 6322 6316
f 6315 6317 6319
f 6315 11387 6317
f 6315 6319 6322
f 6316 6322 6323
f 6316 6323 11383
f 6316 11383 7333
f 6317 11388 6319
f 6317 11387 11840
f 6317 11840 11388
f 6318 7999 11203
f 11388 7999 6318
f 6318 11203 11205
f 11377 6318 11205
f 11377 11386 6318
f 11386 11388 6318
f 11381 6322 6319
f 11381 6319 11386
f 6319 11388 11386
f 11382 6321 6323
f 11383 6323 6321
f 6322 6325 6323
f 11381 6325 6322
f 11382 6323 6325
f 11377 6324 11386
f 11381 11386 6324
f 11372 6325 7302
f 11372 11382 6325
f 7895 6326 6328
f 6326 11371 6328
f 6326 7893 6329
f 6326 6329 11371
f 6326 7880 7893
f 7895 7880 6326
f 6327 11367 11371
f 7895 6328 7894
f 6328 11371 11367
f 6329 7893 7878
f 9098 6329 7878
f 9095 6329 9098
f 9095 11371 6329
f 7984 6330 6332
f 9223 6332 6330
f 9223 6330 7898
f 9186 6331 9155
f 11361 9155 6331
f 9186 11364 6331
f 9223 9204 6331
f 9204 11361 6331
f 11364 9223 6331
f 9223 11364 6332
f 11361 6333 6334
f 11362 6334 6333
f 7897 6333 7899
f 7899 6333 11361
f 7908 6334 9156
f 7908 11361 6334
f 6335 7033 6336
f 6335 7032 7033
f 7323 6339 6340
f 11353 6340 6339
f 7323 7327 6339
f 10095 6339 7327
f 6340 7317 7319
f 11353 7317 6340
f 6340 7319 7324
f 7323 6340 7324
f 6343 6341 6342
f 6343 11352 6341
f 8531 6341 8657
f 6344 6343 6342
f 8851 6344 6342
f 6344 11350 6343
f 6362 6343 6361
f 6361 6343 11350
f 6362 11352 6343
f 8851 8852 6344
f 8854 6344 8852
f 8854 11350 6344
f 6348 6346 6345
f 6361 6345 6346
f 6348 6345 10171
f 6345 6361 6364
f 6345 6364 7286
f 6345 7286 10171
f 6359 6346 6348
f 6359 6360 6346
f 6346 6360 6362
f 6346 6362 6361
f 6354 6359 6348
f 6354 6348 10166
f 6348 10171 10166
f 6351 6350 6349
f 9713 6349 6350
f 6352 6350 6351
f 6353 6352 6351
f 6356 6353 6351
f 6354 6352 6353
f 6354 7289 6352
f 6354 6353 6359
f 6355 6353 6356
f 6355 6359 6353
f 6354 10166 7289
f 6355 6358 6359
f 6357 6360 6358
f 6357 11352 6360
f 6358 6360 6359
f 6360 11352 6362
f 6364 6361 11350
f 6363 6365 6364
f 6363 6364 11350
f 6363 11335 6365
f 8854 11333 6363
f 8854 6363 11350
f 6363 11333 11335
f 7286 6364 6365
f 6365 11335 11331
f 6371 6369 6366
f 6366 7320 6371
f 10101 7320 6366
f 7354 6367 8443
f 10043 6367 7354
f 7358 8439 6367
f 10043 7358 6367
f 8439 8440 6367
f 8440 8443 6367
f 11346 6381 6370
f 11348 11346 6370
f 10098 6371 7320
f 11348 6371 10098
f 6374 6372 10098
f 6374 11343 6372
f 6376 6372 11343
f 6376 11346 6372
f 11348 10098 6372
f 11348 6372 11346
f 6373 6376 11345
f 6373 11346 6376
f 11329 6382 6373
f 6373 6382 11346
f 11329 6373 8993
f 6373 11345 8993
f 7317 6374 7319
f 7317 11343 6374
f 6374 10098 7319
f 6375 11339 8993
f 6375 8993 11345
f 6375 11345 10104
f 6376 11343 10104
f 6376 10104 11345
f 6377 10339 11341
f 6379 11335 6380
f 6379 11331 11335
f 6380 11335 11333
f 6382 6381 11346
f 8806 8826 6383
f 6383 8826 11328
f 6385 11328 8826
f 6390 6388 6386
f 6390 6386 8817
f 6387 11324 10129
f 6391 6388 6390
f 6392 6388 6391
f 8819 6391 6390
f 6392 6391 8824
f 8819 8821 6391
f 6391 8821 8824
f 8806 6392 8824
f 9152 6407 6393
f 9152 6393 7911
f 11321 6395 6394
f 11323 6394 6395
f 11267 6394 6405
f 11294 6405 6394
f 11321 6394 11267
f 11323 11294 6394
f 11317 6398 6395
f 11323 6395 6398
f 11320 11317 6395
f 11321 11320 6395
f 7946 7943 6396
f 11265 6396 7943
f 7946 6396 7945
f 11321 7945 6396
f 11318 6396 11265
f 11320 6396 11318
f 11321 6396 11320
f 6397 7918 9087
f 11318 7918 6397
f 11317 6397 9087
f 11320 6397 11317
f 11320 11318 6397
f 6423 11268 6398
f 11317 6423 6398
f 11316 6398 11268
f 11323 6398 11316
f 6403 6399 6402
f 11308 6402 6399
f 11298 6399 6403
f 11298 6406 6399
f 6406 6408 6400
f 6400 6408 11285
f 6403 6402 9083
f 7807 9086 6402
f 7807 6402 11308
f 6402 9086 9083
f 6405 6403 9083
f 11294 6403 6405
f 11298 6403 11294
f 6405 9083 6404
f 11267 6405 6404
f 7815 6424 6404
f 6424 11267 6404
f 7815 6404 9083
f 11306 6408 6406
f 11306 6406 11298
f 9152 11306 6407
f 11298 11294 6407
f 11306 11298 6407
f 6408 7912 11292
f 11306 7912 6408
f 11285 6408 11292
f 7912 8840 6409
f 11292 7912 6409
f 8838 8835 6409
f 11292 6409 8835
f 8838 6409 8839
f 8839 6409 8840
f 6410 8834 8807
f 11313 6410 8807
f 6410 11292 8834
f 11285 11292 6410
f 6412 8412 8411
f 6416 6415 11281
f 6416 11283 6415
f 8840 9125 6416
f 11275 8840 6416
f 9125 11283 6416
f 11275 6416 11281
f 6420 6417 11263
f 6420 11273 6417
f 11265 6417 6425
f 6425 6417 11273
f 6426 11263 6417
f 6426 6417 11265
f 7937 6419 6418
f 6419 11263 6418
f 7937 6418 7938
f 7938 6418 7941
f 7941 6418 7942
f 7942 6418 11263
f 6420 6419 9046
f 6420 11263 6419
f 7930 6419 7937
f 7930 9046 6419
f 7915 11273 6420
f 6423 7917 6422
f 6423 9087 7917
f 11317 9087 6423
f 7815 7929 6424
f 6424 7929 7928
f 6424 7928 7945
f 6424 7945 11267
f 7918 6425 11273
f 11318 6425 7918
f 11318 11265 6425
f 6426 7944 7942
f 6426 7942 11263
f 6426 7943 7944
f 6426 11265 7943
f 8844 6427 7947
f 9010 6427 8844
f 9011 6427 9010
f 6431 6429 6428
f 11254 6428 6429
f 11253 6431 6428
f 8798 6428 11254
f 8798 11258 6428
f 11258 11253 6428
f 6431 10382 6429
f 11260 6430 11253
f 11260 11610 6430
f 6431 11591 10382
f 6437 6435 6434
f 6437 6434 8790
f 6437 8791 6436
f 6442 6440 6441
f 6441 6440 11251
f 6444 6440 6442
f 6444 11249 6440
f 6441 11251 11080
f 6444 6442 6443
f 6444 11243 11249
f 6445 11082 9226
f 10704 11243 6445
f 6447 11241 7444
f 6448 6451 11237
f 9836 6448 11238
f 6448 11237 11238
f 6449 6452 6453
f 6449 11234 6452
f 8862 6449 6453
f 8862 8861 6449
f 6450 6452 11234
f 6450 11237 6452
f 6450 11234 10063
f 6450 11238 11237
f 6451 6454 11237
f 6452 6454 6453
f 6452 11237 6454
f 8864 6453 6454
f 8865 8862 6453
f 8865 6453 8864
f 6457 6456 6455
f 11228 6457 6455
f 11228 6455 11231
f 11226 6457 6458
f 11228 6458 6457
f 11227 6463 6458
f 11228 11227 6458
f 7957 6461 6460
f 6460 6461 8876
f 6460 6462 6465
f 7957 6460 6465
f 8007 8876 6461
f 11224 8989 6463
f 11227 11224 6463
f 6466 7951 6464
f 6464 7951 7950
f 11224 6464 7950
f 6466 6465 7951
f 6466 7956 6465
f 7956 7957 6465
f 6466 7959 7956
f 11215 6471 6467
f 8434 6526 6469
f 8435 6469 6526
f 6473 6476 6474
f 6473 8885 6476
f 7986 8885 6473
f 6474 6476 6475
f 7995 6475 7994
f 6476 8885 11206
f 9074 9073 6479
f 6480 6481 6482
f 6480 11205 6481
f 6481 6483 6482
f 8009 6483 6481
f 8009 6481 11203
f 6481 11205 11203
f 8011 6482 6483
f 8011 6485 6482
f 8009 8001 6483
f 8858 6483 8001
f 8002 8011 6483
f 8858 8002 6483
f 8011 6484 6485
f 6484 11200 6485
f 8013 6484 8011
f 8013 8811 6484
f 6484 8811 11199
f 6484 11199 11200
f 10350 6486 7162
f 6489 8026 6487
f 6489 6487 11198
f 6494 6487 11175
f 6494 11198 6487
f 8026 8024 6487
f 8024 11175 6487
f 6488 11188 6490
f 6488 6490 11198
f 6488 6491 6492
f 6488 6494 6491
f 6488 6492 11188
f 6488 11198 6494
f 6490 8904 6489
f 6490 6489 11198
f 6490 8905 8904
f 6490 11188 8905
f 6492 6491 6496
f 6497 6491 6494
f 6496 6491 6495
f 6497 6495 6491
f 6492 6528 6493
f 6492 6493 11188
f 6492 6496 6528
f 6493 6528 6525
f 6493 6525 8899
f 6493 8899 6527
f 6493 6527 8905
f 6493 8905 11188
f 6497 6494 11175
f 6496 6495 6534
f 6497 6536 6495
f 6495 6536 6534
f 6496 6543 6528
f 6496 6534 6539
f 6496 6539 6543
f 6497 11428 6536
f 6497 11175 11187
f 6497 11187 11428
f 6499 6517 6508
f 6499 6508 10415
f 6499 10415 10404
f 6500 6507 6503
f 6500 6508 6507
f 6501 9133 6504
f 6501 6504 11173
f 6501 9126 9129
f 6501 11173 9126
f 6501 9129 9130
f 6501 9130 9133
f 6503 11173 6504
f 6505 8868 6533
f 6772 6556 6506
f 6507 6508 6517
f 6507 6517 6515
f 6507 6515 9771
f 6512 6509 6511
f 6511 6509 11166
f 6512 10444 6509
f 7726 6510 8284
f 6513 11166 6514
f 6513 6515 6516
f 6515 6517 6516
f 8031 6518 6542
f 8031 11164 6518
f 6518 8898 8897
f 8027 6519 8028
f 8027 11164 6519
f 8030 8028 6519
f 8034 6519 11164
f 8037 6520 9135
f 6520 9134 9135
f 6521 6522 11154
f 6521 11154 11156
f 6522 11149 11154
f 6524 8751 6523
f 6524 6523 11149
f 8751 8039 6523
f 6523 11154 11149
f 8083 6524 8084
f 6524 8083 8751
f 6524 11149 8084
f 6541 6525 6528
f 6541 6542 6525
f 6542 8902 6525
f 8902 8899 6525
f 8434 10319 6526
f 8901 6527 8899
f 8907 8905 6527
f 6541 6528 6543
f 6529 6538 6954
f 6529 6822 7173
f 6531 6530 8429
f 6530 7271 8429
f 6530 8432 7271
f 6530 8433 8432
f 6531 7250 7248
f 6531 7248 8428
f 6531 8429 7250
f 6532 6533 6537
f 6532 6534 6536
f 6532 6537 6534
f 6534 6537 6539
f 6535 8426 7251
f 6535 7251 10191
f 6535 10191 10192
f 6535 10192 10201
f 6543 6539 8032
f 8031 6542 6541
f 8031 6541 6543
f 8034 8031 6543
f 8034 6543 8032
f 8919 7825 6544
f 6730 6550 6546
f 11143 6546 6550
f 6730 6546 11142
f 7219 6546 11143
f 11137 6547 6550
f 11143 6550 6547
f 9398 6547 9401
f 9398 11143 6547
f 9401 6547 11137
f 7219 11143 6548
f 10436 10437 6548
f 6730 6549 6550
f 11137 6550 6549
f 8159 6551 6549
f 11137 6549 6551
f 6730 6732 6549
f 8159 6549 6732
f 7827 6551 8187
f 11137 6551 7827
f 8169 6551 8159
f 8169 8187 6551
f 6697 6555 6552
f 6552 6555 11131
f 6684 6697 6552
f 10420 11131 6553
f 6553 11131 11116
f 6554 6692 6687
f 6696 6554 6687
f 6696 6687 6555
f 6555 6687 11116
f 6696 6555 6697
f 6555 11116 11131
f 6557 11106 6558
f 6557 6561 11106
f 6558 11108 11107
f 8061 8060 6559
f 11107 6559 8060
f 8685 8061 6559
f 11108 6559 11107
f 10806 10809 6561
f 10809 11106 6561
f 6569 6563 6562
f 8956 6562 6563
f 6569 6562 6564
f 8955 6562 8956
f 8939 6567 6563
f 8956 6563 6567
f 6571 6563 6569
f 8939 6563 6571
f 6568 6564 6565
f 6569 6564 6568
f 6573 6568 6565
f 6573 6565 11092
f 6565 11104 11092
f 9033 7234 6566
f 7234 10280 6566
f 6566 8421 8422
f 6566 10280 8421
f 6566 8422 8423
f 9033 6566 8423
f 8940 6567 8939
f 8940 8960 6567
f 8958 8956 6567
f 8960 8958 6567
f 6570 6569 6568
f 6570 6568 11098
f 6573 11098 6568
f 6571 6569 6570
f 10833 6571 6570
f 10833 6570 6755
f 6570 11098 6755
f 8938 8939 6571
f 10833 8938 6571
f 6573 6572 11098
f 6573 11102 6572
f 6576 6572 11090
f 6572 11102 11090
f 6573 11092 11102
f 6575 11102 6574
f 6574 11102 11092
f 6575 10703 11090
f 6575 11090 11102
f 6576 11090 10703
f 6577 8048 6578
f 6577 8044 8048
f 6578 6590 6588
f 6578 8051 6590
f 6578 8048 8051
f 6579 6588 6585
f 6582 6585 6584
f 6583 8422 6586
f 6583 6586 9024
f 6583 9024 7229
f 6583 7229 9026
f 6583 8423 8422
f 6583 9026 8423
f 6584 6585 6588
f 6584 6588 6590
f 8694 6589 6584
f 6584 6590 8694
f 6586 8417 8418
f 6586 8418 9024
f 8415 8414 6587
f 8416 8415 6587
f 10543 6589 8694
f 8702 6590 8051
f 8702 8694 6590
f 6593 6591 6592
f 6594 6591 6593
f 9141 6591 6594
f 6593 6592 11087
f 6594 6593 8053
f 6593 8054 8053
f 9141 6594 9140
f 11085 6595 10398
f 11085 11087 6595
f 6599 6596 6598
f 7189 6597 6695
f 7189 7188 6597
f 8416 6597 8415
f 6600 8638 6602
f 6600 6602 11081
f 6600 11081 11083
f 11083 6601 10337
f 11083 11081 6601
f 6602 8638 9138
f 6603 6604 11079
f 8088 6605 8089
f 11075 6605 8088
f 11077 8089 6605
f 11077 6605 8232
f 7172 8114 6606
f 8706 6608 6607
f 9834 6607 6608
f 8706 6607 6609
f 11891 6609 6607
f 8706 8705 6608
f 9596 6608 8705
f 9596 9602 6608
f 8708 8706 6609
f 8708 6609 8707
f 8715 8707 6609
f 8715 6609 11891
f 6611 6612 6610
f 6611 6610 9120
f 6612 7693 6610
f 6610 7693 6614
f 6610 6614 9122
f 6610 9122 9120
f 6611 9114 6612
f 6611 9117 9114
f 6611 9119 9117
f 6611 9120 9119
f 6612 6615 7693
f 7693 7695 6614
f 7697 6614 7695
f 7697 7696 6614
f 9122 6614 7696
f 6615 6616 7693
f 7693 6616 7695
f 6616 8704 7695
f 6618 10431 6617
f 6617 9721 10463
f 11071 10431 6618
f 6622 6619 6620
f 11070 6620 6619
f 6628 6619 6622
f 11069 6622 6620
f 11069 6620 6625
f 11070 6621 6624
f 6951 6621 6949
f 6629 6628 6622
f 6629 6622 6630
f 11069 6630 6622
f 9286 8911 6624
f 8746 8640 6625
f 11069 6625 8640
f 8746 6625 9298
f 6627 6626 6629
f 6627 6629 6630
f 11062 6627 6630
f 11062 11903 6627
f 11062 6630 11056
f 11069 11056 6630
f 6632 7163 6737
f 10452 6632 6737
f 8463 11895 6633
f 12093 6635 6634
f 12093 6634 12097
f 7732 7731 6635
f 7731 9536 6635
f 7732 6635 12093
f 11034 6639 6637
f 12062 6638 11020
f 11034 6638 11027
f 11034 11027 6639
f 6641 11019 6643
f 11019 6642 6643
f 6655 6644 6676
f 8602 6645 11013
f 8602 11015 6645
f 8889 6646 8879
f 6646 8880 8886
f 8889 8880 6646
f 6646 8886 11009
f 8155 8154 6647
f 6647 8154 11009
f 6647 8882 8883
f 6647 11009 8882
f 6648 7436 9931
f 6650 6649 8171
f 6650 11008 6649
f 6649 6742 8173
f 6649 11008 6742
f 6649 8172 8171
f 6649 8173 8172
f 6650 8171 8878
f 6650 8878 8879
f 6650 8879 11008
f 6651 6652 10958
f 11001 6651 6654
f 6654 6651 11004
f 11004 6651 10958
f 11007 11698 6652
f 6653 8112 6654
f 11004 6653 6654
f 6677 8509 6653
f 11004 6677 6653
f 6653 8509 8112
f 6654 8112 6660
f 11001 6654 6660
f 8172 6659 6656
f 11000 6656 6659
f 8170 6656 6662
f 10990 6662 6656
f 8170 8172 6656
f 11000 10990 6656
f 10867 6657 6659
f 6657 11000 6659
f 6738 6657 10867
f 6738 10869 6657
f 10869 11000 6657
f 8130 6658 8128
f 10869 8128 6658
f 10988 6658 8130
f 10869 6658 11000
f 10990 6658 10988
f 11000 6658 10990
f 8172 10863 6659
f 10867 6659 10863
f 6663 6661 6660
f 10988 6660 6661
f 6663 6660 8112
f 6664 6661 6663
f 10990 6661 6664
f 10990 10988 6661
f 6667 6662 6664
f 10990 6664 6662
f 6667 6669 6662
f 6669 8170 6662
f 10981 6664 6663
f 6665 6663 8112
f 10981 6663 6665
f 6667 6664 10981
f 6666 6665 8413
f 10981 6665 6666
f 6665 8112 8509
f 6665 8509 8413
f 6670 10981 6666
f 6667 6668 6669
f 6667 8108 6668
f 6667 6670 8108
f 6667 10981 6670
f 6668 8878 6669
f 6668 8108 8576
f 8888 6668 8576
f 8888 8878 6668
f 6669 8171 8170
f 6669 8878 8171
f 8094 8108 6670
f 8136 8138 6671
f 8139 8136 6671
f 6671 8138 10965
f 8139 6671 10975
f 6671 10965 10972
f 10975 6671 10972
f 6798 10973 6672
f 6672 10972 6875
f 10975 10972 6672
f 10975 6672 10973
f 6674 10950 6673
f 6680 6673 6681
f 6680 10956 6673
f 6681 6673 10950
f 6679 6677 6675
f 11004 6675 6677
f 6680 6679 6675
f 6680 6675 10956
f 10956 6675 10958
f 11004 10958 6675
f 6679 8110 6677
f 6677 8110 8509
f 6678 8111 8516
f 6678 8516 10939
f 6678 10939 10944
f 6680 10939 6679
f 6679 8516 8110
f 6679 10939 8516
f 6680 6681 10939
f 10939 6681 10944
f 6681 10948 10944
f 6681 10950 10948
f 6684 6682 6697
f 6695 6683 8406
f 8407 8406 6683
f 10874 6687 6692
f 11116 6687 10874
f 6691 6690 6689
f 6693 6690 6691
f 10935 6693 6691
f 10874 6692 11112
f 10935 11112 6693
f 7189 6695 8405
f 6695 8406 8405
f 6698 8944 8174
f 6698 10934 8944
f 6702 6700 10918
f 6702 10925 6700
f 6700 8302 8153
f 6700 8153 10927
f 6700 10925 8302
f 6700 10927 10918
f 6701 10927 8153
f 6702 10918 10923
f 6704 10923 6703
f 6703 10923 10918
f 6707 6706 6704
f 6706 10923 6704
f 10908 8225 6705
f 6708 6709 6707
f 6708 10823 6709
f 6708 6762 10823
f 6708 10901 6762
f 6709 10823 6760
f 6709 6760 10904
f 6711 6710 8373
f 6711 10900 6710
f 6710 8375 8373
f 6710 8376 8375
f 6711 6716 6712
f 6711 6712 10900
f 8980 6716 6711
f 8980 6711 8373
f 6716 6713 6712
f 8156 6712 6713
f 6713 6714 6715
f 6713 6717 6714
f 8156 6713 6715
f 6716 6717 6713
f 6719 6715 6714
f 6719 6714 8976
f 6714 8977 8976
f 6719 8218 6715
f 8157 8156 6715
f 8157 6715 8218
f 6716 8983 6717
f 8980 8983 6716
f 6717 8979 8978
f 6717 8983 8979
f 8181 6718 8099
f 6718 8979 8099
f 8181 10899 6718
f 6718 8978 8979
f 6720 6719 8976
f 6722 6743 6720
f 6722 6720 8976
f 6722 8976 6721
f 6721 8976 8977
f 10894 6743 6722
f 8125 6726 6723
f 10885 6723 6726
f 8125 6723 8122
f 10885 12025 6723
f 6725 6724 10884
f 6725 10885 6724
f 6724 6726 8127
f 6724 10885 6726
f 6727 6724 8127
f 6727 10884 6724
f 6725 10887 10885
f 8127 6726 8125
f 8129 6728 6727
f 6728 10884 6727
f 6727 8127 8131
f 8129 6727 8131
f 8129 6729 6728
f 6739 6729 10869
f 8129 8128 6729
f 6729 8128 10869
f 6730 10881 6732
f 6731 6736 10881
f 6733 8186 6732
f 6733 6732 10881
f 8159 6732 8186
f 6736 6734 6733
f 6734 6746 6733
f 6736 6733 10881
f 6733 6746 8934
f 6733 8934 8186
f 6736 10876 6734
f 6734 10844 6746
f 6734 10876 10844
f 6747 10844 6735
f 10876 6735 10844
f 6738 6740 6739
f 6738 6739 10869
f 6738 6741 6740
f 6738 10867 6741
f 10894 6744 6743
f 6750 6749 6745
f 6749 10837 6745
f 6750 6745 10855
f 8933 6745 10837
f 6746 10844 10855
f 6750 6747 10841
f 6750 10855 6747
f 6747 10855 10844
f 6750 6748 6749
f 6752 6749 6748
f 6750 10841 6748
f 6752 6751 6749
f 6751 10837 6749
f 6751 10840 10837
f 6753 8930 8931
f 8932 6753 8931
f 8932 8933 6753
f 6753 8933 10837
f 6753 10837 10840
f 10833 6755 6754
f 10836 6754 6755
f 8126 6756 6754
f 10833 6754 6756
f 8967 6756 8126
f 8942 8938 6756
f 10833 6756 8938
f 8967 8942 6756
f 6759 6760 8974
f 6759 10904 6760
f 8890 6759 8974
f 6760 8986 8974
f 6760 10823 8986
f 6762 6761 8987
f 6761 8988 8987
f 6762 8987 10823
f 8181 6763 6764
f 8180 6763 8181
f 8181 6764 10899
f 11068 8277 6765
f 10883 6765 10819
f 10819 6766 10821
f 8991 6769 6770
f 6770 6769 10817
f 6823 6769 6819
f 8991 6819 6769
f 8991 6770 8990
f 8990 6770 10790
f 10767 6771 6779
f 10785 6779 6771
f 6771 6796 8184
f 10767 6796 6771
f 10802 6771 8184
f 10785 6771 10802
f 6773 8184 10790
f 6773 10802 8184
f 6774 6775 6813
f 8208 6775 6774
f 6774 6777 6776
f 8208 6774 6776
f 6774 6812 6777
f 6774 6813 6812
f 6775 6816 6813
f 8195 6816 6775
f 8207 8195 6775
f 8207 6775 8208
f 6776 6777 6778
f 8221 6776 6778
f 8208 6776 8219
f 8219 6776 8221
f 6777 8990 6778
f 6777 6812 8991
f 6777 8991 8990
f 8221 6778 8223
f 10785 8877 6779
f 10767 6779 10786
f 6780 10775 10769
f 6780 10769 10786
f 6780 10784 10775
f 6781 6783 6782
f 10448 6781 6782
f 10454 6783 6781
f 10514 10454 6781
f 6784 8185 8189
f 6785 7182 10342
f 8404 8403 6785
f 8408 8404 6785
f 8408 6785 10342
f 6786 8189 8185
f 8190 8189 6786
f 7103 6787 7097
f 6794 6790 6791
f 6794 6792 6790
f 6794 6791 8192
f 8190 6791 8189
f 8192 6791 8190
f 6794 10775 6792
f 6792 10775 10784
f 6793 7062 7063
f 7064 7062 6793
f 8402 7064 6793
f 8402 6793 8403
f 6794 8192 10769
f 6794 10769 10775
f 10767 6795 7991
f 10767 10786 6795
f 6795 10769 10773
f 10786 10769 6795
f 8224 6796 7991
f 10767 7991 6796
f 8223 8184 6796
f 8223 6796 8224
f 10764 6799 6797
f 12120 6797 6799
f 6798 6857 6941
f 10764 6800 6799
f 10536 12120 6799
f 6801 10748 6804
f 6801 6804 11930
f 11649 10760 6802
f 6803 6805 10746
f 6803 11534 6805
f 6804 10754 11930
f 11916 10746 6805
f 11916 6805 10747
f 6807 6808 10741
f 6807 11680 6808
f 9253 6809 9283
f 6809 11517 12076
f 6812 6813 6814
f 6819 6812 6814
f 8991 6812 6819
f 6815 6814 6813
f 6816 6815 6813
f 6817 6814 6815
f 8399 7159 6818
f 7159 10354 6818
f 8392 8391 6818
f 8397 6818 8391
f 8392 6818 10354
f 8400 6818 8397
f 8400 8399 6818
f 6823 6819 6821
f 6823 6821 8245
f 6822 8387 7173
f 6822 8389 8387
f 6822 8388 8389
f 6825 6823 8245
f 6824 8386 7170
f 10344 6824 7170
f 6824 8389 8386
f 6824 8387 8389
f 10344 8387 6824
f 6825 7935 6826
f 6825 8245 7935
f 6826 7935 8249
f 6827 7120 8385
f 10346 8386 6827
f 6833 6828 10725
f 6838 6832 6831
f 10731 6831 6832
f 6838 6831 6876
f 6831 11423 6876
f 6838 6837 6832
f 10731 6833 10725
f 8995 8997 6834
f 8997 10675 6834
f 10684 6881 6835
f 10684 6835 10724
f 6840 6836 6837
f 6840 6839 6836
f 6840 6837 6838
f 6840 6838 8251
f 6838 6876 9000
f 8251 6838 9000
f 6842 10721 6841
f 6841 8998 8996
f 6863 6870 6842
f 6842 6870 10705
f 6842 10705 10721
f 6843 6861 6844
f 6843 6846 6845
f 6843 6845 6861
f 6843 10400 6846
f 6844 6850 6859
f 6844 6861 6850
f 6844 6859 11183
f 6845 6846 6869
f 6845 6862 6861
f 6845 6871 6862
f 6845 6869 6871
f 6846 10706 6869
f 6847 6848 6850
f 6847 6850 6861
f 6847 6861 6862
f 6863 6847 6862
f 6863 8994 6847
f 6848 6855 6850
f 6848 6856 6855
f 8992 6856 6848
f 7157 6849 8385
f 6850 6855 6859
f 6851 6859 6852
f 8718 6851 6852
f 6851 11183 6859
f 6852 6855 6858
f 6852 6859 6855
f 6853 6858 6856
f 6853 11899 6858
f 6855 6856 6858
f 10948 10950 6857
f 6863 6862 6870
f 6862 6871 6870
f 6864 7129 8383
f 6953 6866 7129
f 6953 8367 6866
f 8383 7129 6866
f 8382 6866 8367
f 8382 8383 6866
f 6868 6871 6869
f 6872 6874 10686
f 10674 6874 6882
f 6882 6874 10695
f 10674 10686 6874
f 6892 6877 6875
f 10944 10948 6877
f 6878 6957 6879
f 6878 6881 6960
f 6878 6960 6957
f 6879 6951 6949
f 6879 6958 6951
f 6879 6957 6958
f 11708 6892 6880
f 11708 6880 11711
f 10684 6960 6881
f 10674 6882 9001
f 10676 9001 6882
f 10671 10676 6882
f 10671 6882 10695
f 6883 6959 6957
f 6883 6957 6960
f 6883 10585 6959
f 10680 6883 6960
f 10670 10585 6883
f 10680 10670 6883
f 8997 8998 6884
f 8997 6884 10675
f 8998 8999 6884
f 10676 6884 8999
f 10675 6884 10682
f 10676 10682 6884
f 6887 6885 6886
f 6895 6885 6887
f 6896 6895 6887
f 7502 6896 6887
f 6888 6893 6889
f 6898 6889 6893
f 6898 6897 6889
f 10656 6891 6890
f 6896 6893 6891
f 6896 6891 6895
f 6895 6891 10656
f 6898 6893 6896
f 6898 6896 7502
f 6898 7502 6897
f 7502 7503 6897
f 7503 10649 6897
f 7503 7515 6899
f 7503 6899 10649
f 7514 7511 6899
f 7514 6899 7515
f 6901 10532 7005
f 6902 8549 9842
f 6902 9842 11944
f 6904 10646 6903
f 6903 8577 8578
f 6903 8578 8579
f 6906 7213 8371
f 6906 8371 8379
f 10241 6910 6907
f 8505 6907 8513
f 10241 6907 8505
f 6907 8514 8513
f 6914 10634 6909
f 6916 6910 10634
f 10633 6913 6911
f 6913 11466 6911
f 6911 9952 10638
f 10633 6911 10638
f 6915 10634 6914
f 10628 6916 6915
f 6916 10634 6915
f 10625 10628 6915
f 10628 10631 6916
f 6918 6925 6917
f 10628 6918 6917
f 6925 6924 6917
f 10628 6917 10631
f 10625 6918 10628
f 10623 6919 6920
f 6921 6920 8515
f 6921 10622 6920
f 10623 6920 10622
f 6921 8513 8514
f 6921 8515 8513
f 6921 8514 11812
f 6921 11812 10622
f 6926 6922 6924
f 6926 6927 6922
f 10616 6923 6927
f 10620 6924 6925
f 10620 6926 6924
f 10620 6925 6928
f 6926 6931 6927
f 6926 6929 6931
f 10620 6929 6926
f 10616 6927 6931
f 10620 6928 10614
f 10614 6928 11469
f 6930 10611 6929
f 10614 6930 6929
f 6931 6929 10611
f 10620 10614 6929
f 10612 10611 6930
f 8253 6931 10611
f 10616 6931 8253
f 6932 9276 9278
f 6932 9278 10606
f 6932 10606 10604
f 6933 10604 10606
f 6933 10606 11706
f 6933 11706 11115
f 7923 6936 8261
f 7923 9005 6936
f 10600 8261 6936
f 8259 8257 6938
f 8259 6938 9006
f 6943 6939 6940
f 6939 9577 6940
f 6939 10466 9577
f 6943 6940 6942
f 8783 6940 9577
f 6941 7194 7059
f 10591 6942 6945
f 6952 6944 6945
f 10591 6945 6944
f 6946 6944 6962
f 6962 6944 6952
f 6946 6962 6964
f 6948 7103 6947
f 6948 6947 8368
f 6947 7102 8336
f 6947 10446 7102
f 6947 7103 10446
f 6947 8336 8369
f 6947 8369 8368
f 6950 6965 8366
f 6950 8369 6965
f 7127 6950 8366
f 7127 10394 6950
f 6950 8368 8369
f 6950 10394 8368
f 6958 6952 6951
f 6962 6952 6958
f 7127 6953 7129
f 7127 8366 6953
f 7459 6954 7428
f 6961 6958 6957
f 6961 6957 6959
f 6962 6958 6961
f 6961 6959 6964
f 6959 10585 6964
f 10680 6960 10684
f 6962 6961 6964
f 6971 6990 8364
f 6971 7031 7088
f 6971 8358 7031
f 6971 7088 8363
f 6971 8364 8358
f 6974 6972 6973
f 8538 8539 6973
f 6976 8642 6975
f 6975 8644 7522
f 6975 8642 8644
f 10575 6976 6981
f 6982 8642 6976
f 10575 6982 6976
f 6981 6977 6979
f 6979 6977 10664
f 8363 7088 6978
f 6978 7088 10459
f 6978 10459 7090
f 6981 6979 10582
f 10573 10569 6979
f 10569 10582 6979
f 7774 6980 7769
f 10567 7769 6980
f 7774 8653 6980
f 10575 6980 8653
f 10567 6980 10582
f 10575 10582 6980
f 10575 6981 10582
f 8651 8642 6982
f 8651 6982 8653
f 10575 8653 6982
f 7734 6983 7849
f 7734 10567 6983
f 6983 7843 7849
f 10571 7843 6983
f 10569 6983 10567
f 10571 6983 10569
f 10565 6984 6985
f 6984 6986 6987
f 10565 6986 6984
f 9705 10565 6985
f 8272 6987 6986
f 6986 8263 7856
f 8272 6986 7856
f 10565 8263 6986
f 8273 7843 6987
f 8272 8273 6987
f 6989 7729 8271
f 8361 7027 6990
f 6990 7027 8364
f 8361 6990 8359
f 6991 6992 6993
f 6991 10564 6992
f 6995 6992 7527
f 10564 7527 6992
f 6993 6994 6998
f 6997 6994 6996
f 7002 7001 10540
f 7002 10544 7001
f 7002 10546 10544
f 7606 8293 7003
f 7606 7003 10540
f 7637 8280 7003
f 7637 7003 8293
f 7005 7004 7552
f 10532 7004 7005
f 7552 7004 10535
f 7006 7007 7008
f 10531 7006 7008
f 8314 7008 7007
f 8315 7007 8306
f 7007 8315 8314
f 7572 7008 8317
f 10531 7008 7572
f 8314 8317 7008
f 7009 8320 7571
f 7009 7571 8323
f 7009 7572 8321
f 7009 10531 7572
f 7009 8321 8320
f 7009 8323 10531
f 7011 7010 10527
f 7010 11440 10527
f 11437 11440 7010
f 7014 7011 7012
f 7012 7011 10527
f 7015 7011 7014
f 7018 7015 7014
f 7018 10520 7015
f 7015 10520 11433
f 7017 7384 7016
f 7016 7384 8325
f 7017 10520 7384
f 7018 7384 10520
f 7136 7019 7359
f 7359 7019 7360
f 9585 7020 7022
f 8772 7020 10848
f 9585 10756 7020
f 10756 10848 7020
f 8338 7022 7024
f 10516 7024 7022
f 9374 7025 7023
f 10516 7023 7025
f 9374 7023 8775
f 8331 7024 8329
f 8329 7024 8334
f 8331 8338 7024
f 8334 7024 10516
f 7841 7844 7025
f 7841 7025 9374
f 8334 7025 7844
f 8334 10516 7025
f 7026 7052 7041
f 7026 10501 7052
f 7049 7029 7028
f 7049 7028 7030
f 7048 7029 7049
f 7041 7052 7030
f 7049 7030 7051
f 7051 7030 7052
f 7031 8358 10822
f 7035 7033 7032
f 7035 7032 7034
f 10505 7035 7034
f 7036 10505 7034
f 7036 7034 10510
f 10505 10759 7035
f 7036 10229 10508
f 7036 10510 10229
f 7036 10507 10505
f 7036 10508 10507
f 7037 10507 9669
f 7038 9280 7039
f 7040 7230 8355
f 7040 8355 8356
f 7043 7042 10504
f 7046 7048 7047
f 7048 7050 7047
f 7048 7049 7050
f 7049 7051 7050
f 7051 10503 7050
f 7051 7052 10501
f 7051 10501 10503
f 7151 7053 7054
f 7151 8340 7053
f 7056 7057 7055
f 7056 7068 7057
f 7056 7067 7068
f 7056 10498 7067
f 7059 12028 7213
f 7060 7065 7064
f 8401 7060 7064
f 8401 10851 7060
f 7061 7066 7065
f 10498 7063 7062
f 7064 7065 7062
f 7065 10490 7062
f 10490 10498 7062
f 8402 8401 7064
f 7065 7066 10490
f 7066 10494 10490
f 10799 10494 7066
f 10492 7068 7067
f 10494 7067 10490
f 10490 7067 10498
f 10494 10492 7067
f 10492 10801 7068
f 7069 7070 7149
f 10485 7070 7069
f 8341 7069 7149
f 10489 7069 8341
f 10489 10485 7069
f 7070 9531 7149
f 10485 9196 7070
f 7072 8352 7071
f 8352 8354 7071
f 10483 7071 8354
f 10789 7071 10483
f 7072 8351 8352
f 7082 7073 7074
f 7082 10465 7073
f 7082 7074 10480
f 10480 7074 10879
f 7244 7077 7075
f 7077 9017 7075
f 10479 7075 9017
f 7076 7079 7077
f 7076 7078 7079
f 7076 10179 7078
f 7272 10179 7076
f 7079 10476 7077
f 7077 10476 9017
f 7080 10474 10472
f 7080 10472 10476
f 7081 9022 7083
f 7081 7083 10474
f 7081 7085 9019
f 7081 10465 7085
f 7081 9019 9022
f 7081 10474 10465
f 7082 8356 7085
f 7082 7085 10465
f 7083 9022 9018
f 7083 9018 10472
f 7083 10472 10474
f 7084 10460 7086
f 7085 8356 8355
f 7085 8355 9019
f 7086 8419 8418
f 7086 9021 8419
f 7086 10460 9021
f 10459 10457 7090
f 7093 7091 7092
f 8395 7091 7093
f 7094 7093 7092
f 7095 7093 7094
f 8395 7093 8390
f 10446 7097 7095
f 7100 10446 7095
f 7103 7097 10446
f 8468 7098 7101
f 7099 7145 8353
f 7099 8354 7145
f 10483 8354 7099
f 7102 7100 7101
f 7102 10446 7100
f 8503 7106 8484
f 8484 7106 10908
f 7107 7288 7439
f 7108 7112 7113
f 8047 7109 10439
f 10443 10442 7109
f 7111 7689 7112
f 7507 10435 7111
f 7117 7114 7113
f 10434 7114 7117
f 10434 8052 7114
f 7121 7117 7115
f 7121 7672 7116
f 10434 7121 7116
f 7672 7122 7116
f 7116 7122 10433
f 10434 7117 7121
f 7211 7118 7201
f 7211 7671 7118
f 10426 7119 10433
f 7161 7164 7120
f 7164 8385 7120
f 10426 10433 7122
f 10411 7124 10418
f 10411 10423 7124
f 10794 10419 7124
f 10794 7124 10423
f 10834 7125 10403
f 10411 10418 7125
f 8097 7131 7130
f 8097 7130 8096
f 8096 7130 10393
f 8103 7131 8097
f 8103 8596 7131
f 8098 8096 7132
f 8096 10393 7132
f 8098 7132 8381
f 8382 8381 7132
f 8382 7132 8383
f 7132 10393 8383
f 10391 7134 7133
f 10392 7133 7134
f 7459 10391 7133
f 10392 8388 7133
f 10384 10392 7134
f 7135 7136 8441
f 7135 7139 7138
f 7135 7138 10373
f 7135 8441 7139
f 7136 7359 8441
f 7137 7138 7139
f 7137 7139 10376
f 10839 10373 7138
f 7139 8440 8439
f 7139 8439 10376
f 7139 8441 8440
f 7141 11724 7148
f 7142 7146 7147
f 7142 7348 10073
f 7143 7367 7365
f 8352 8350 7145
f 8352 7145 8354
f 7146 7148 7147
f 7153 7150 7845
f 7175 10364 7150
f 7151 8341 8340
f 7154 7152 7153
f 7187 7152 7154
f 7187 7176 7152
f 7154 7153 7848
f 7846 7153 7845
f 7846 7848 7153
f 7187 7154 7183
f 7183 7154 7851
f 7154 7848 7851
f 9603 7156 7155
f 7158 7155 10355
f 10361 7155 7158
f 10361 9603 7155
f 9603 8384 7156
f 7157 8385 7164
f 10352 7158 10354
f 10361 7158 10352
f 7162 7159 10351
f 7162 10352 7159
f 8399 10351 7159
f 7159 10352 10354
f 8102 8598 7160
f 8598 8599 7160
f 7161 7252 7164
f 10350 7162 10351
f 10350 10351 7163
f 7165 7166 7171
f 10348 7165 7171
f 8115 8114 7166
f 7167 8116 8115
f 8396 8116 7167
f 8396 7167 8119
f 7167 8431 8119
f 7170 7168 7169
f 10346 7168 7170
f 10344 7170 7169
f 10348 7171 7169
f 10346 7170 8386
f 10344 7172 7173
f 10344 7173 8387
f 7174 7177 7180
f 7174 10342 7177
f 7178 10342 7174
f 7175 7180 10334
f 7187 10322 7176
f 7176 10322 8405
f 7177 10336 7180
f 7177 7182 7181
f 7177 7181 10336
f 7177 10342 7182
f 7178 8406 8408
f 7178 8408 10342
f 7179 10334 10336
f 7179 10336 10340
f 7180 10336 10334
f 10331 10340 7181
f 7181 10340 10336
f 7185 7183 7184
f 7183 7852 7184
f 7187 7183 7185
f 7183 7851 7852
f 7187 7185 10322
f 7185 7188 10322
f 7189 10322 7188
f 7189 8405 10322
f 7192 10319 7193
f 8434 7193 10319
f 8328 7204 7195
f 8329 7195 7204
f 8328 7195 8335
f 8332 8335 7195
f 7202 7197 7196
f 7197 8425 7196
f 7207 7202 7196
f 7207 7196 7209
f 7202 7198 7197
f 10307 7197 7198
f 10263 8425 7197
f 10307 10263 7197
f 7202 7199 7198
f 7202 7201 7199
f 7207 7201 7202
f 7211 7201 7207
f 8331 8329 7204
f 7207 7209 7205
f 7211 7207 7205
f 7205 7209 9028
f 7215 7205 7210
f 7205 9028 7210
f 7215 7211 7205
f 9028 7209 7235
f 7215 7210 7214
f 7215 7671 7211
f 8327 7212 8326
f 7216 7218 7253
f 7216 10305 7218
f 10222 7216 7253
f 10222 7254 7216
f 7217 10239 7227
f 7217 7227 10305
f 7217 10261 10239
f 7218 7226 7225
f 7218 7225 7261
f 7218 10305 7226
f 7218 7261 7253
f 7223 7222 7221
f 7223 10302 7222
f 7222 10302 7225
f 10303 7222 7225
f 10216 7261 7224
f 7224 7261 10302
f 10303 7225 7226
f 10302 7261 7225
f 10305 7227 7226
f 7227 10239 10300
f 7239 7228 10239
f 10245 7228 7239
f 10300 10239 7228
f 9024 7230 7229
f 7232 9026 7229
f 9023 8355 7230
f 9023 7230 9024
f 9030 7231 10287
f 10296 10287 7231
f 9034 9026 7232
f 9031 9034 7232
f 7233 10280 7234
f 7233 7234 10283
f 7233 8425 8424
f 7233 8424 10272
f 7233 10283 8425
f 7233 10272 10280
f 9033 9014 7234
f 7234 9014 10283
f 9016 7235 9014
f 9014 7235 10283
f 9027 7235 9016
f 9028 7235 9027
f 7236 10861 10266
f 10263 7237 8424
f 8424 7237 10272
f 10259 7239 7238
f 7239 10261 7238
f 7239 10239 10261
f 10245 7239 10259
f 10217 7240 7241
f 7240 7242 7274
f 10217 7242 7240
f 7241 7258 7257
f 10217 7241 7257
f 7242 7267 7274
f 10195 7267 7242
f 10195 7242 7268
f 10217 7268 7242
f 7245 7270 7273
f 7245 7274 7270
f 7247 8428 7248
f 7247 7248 10230
f 7248 7250 8427
f 7248 8427 10230
f 8426 7250 7251
f 7251 7250 8429
f 8426 8427 7250
f 7251 8429 7269
f 7251 7269 10191
f 10216 7259 7253
f 10222 7253 7259
f 10216 7253 7261
f 7256 7254 7255
f 10225 7255 7254
f 10222 10225 7254
f 10225 7258 7255
f 10225 7257 7258
f 7257 7259 7268
f 10222 7259 7257
f 10217 7257 7268
f 10222 7257 10225
f 7259 7266 7268
f 10216 7266 7259
f 7262 7263 7264
f 10201 7263 7262
f 7263 7265 7264
f 10195 7265 7263
f 10192 7267 7263
f 10195 7263 7267
f 10201 10192 7263
f 10195 7266 7265
f 10195 7268 7266
f 7267 7270 7274
f 10192 7270 7267
f 7269 8429 7271
f 7269 7271 10188
f 7269 10188 7273
f 7269 7273 10191
f 7270 10191 7273
f 10192 10191 7270
f 8430 7271 8432
f 10188 7271 8430
f 7272 7273 10188
f 7272 8430 10179
f 7272 10188 8430
f 8430 8432 7275
f 8430 7275 10179
f 8432 10181 7275
f 7282 7283 10175
f 9706 7282 10175
f 7286 10165 7284
f 10171 7286 7284
f 10171 7284 10166
f 7293 7292 7290
f 7292 10930 7290
f 7293 7290 7294
f 10930 10932 7290
f 7294 7296 10162
f 10033 7297 7295
f 10033 7295 10164
f 7296 7297 10162
f 10033 10162 7297
f 7299 8437 8436
f 7299 10157 8437
f 7300 10152 8437
f 7301 8437 10157
f 7303 7302 7314
f 7303 11372 7302
f 10146 7314 7302
f 7304 7309 7305
f 7304 7310 7309
f 7311 7306 7305
f 7311 7305 7309
f 7311 7312 7306
f 7307 7879 7308
f 9315 7879 7307
f 7890 7310 7308
f 9313 7308 7879
f 7890 7308 7881
f 9313 7881 7308
f 10138 7309 7310
f 7311 7309 10138
f 10138 7310 7890
f 10135 7312 12188
f 9800 7313 7523
f 10521 7313 9800
f 10124 10119 7314
f 10146 10124 7314
f 7315 10085 7333
f 7315 7337 7335
f 7315 7335 10085
f 7315 10112 7337
f 7316 7331 7329
f 7316 7336 7331
f 7322 10106 7317
f 11353 7322 7317
f 7317 10106 11343
f 10940 7320 10101
f 7323 7326 7327
f 10095 7327 7329
f 7329 7331 7330
f 10095 7329 7330
f 7340 7330 7331
f 10089 7330 7340
f 10080 7331 7336
f 7340 7331 10080
f 7332 7334 10088
f 10085 7335 7332
f 7337 7336 7335
f 10080 7336 7337
f 10080 7337 7338
f 7341 7338 7339
f 7341 7340 7338
f 7340 10080 7338
f 7341 7339 7347
f 7344 7347 7339
f 7341 10089 7340
f 7343 7346 7342
f 7344 7345 7342
f 7344 7342 7347
f 7342 7346 7347
f 10073 7348 7349
f 10077 7349 7348
f 10077 7348 7350
f 10945 7349 10077
f 10077 7350 10064
f 8136 7351 8330
f 8337 7351 8136
f 8337 8137 7351
f 8137 10070 7351
f 10070 10064 7351
f 10070 7352 10064
f 10077 10064 7352
f 10070 10069 7352
f 10943 7352 10069
f 10945 10077 7352
f 10943 10945 7352
f 7354 8442 7353
f 7354 8443 8442
f 7355 11445 10053
f 7357 10048 7356
f 10054 7357 7356
f 7356 10048 10053
f 7356 10053 11445
f 10054 10043 7357
f 7358 8438 8439
f 10054 7358 10043
f 7359 8443 8441
f 7360 7361 8445
f 7362 7364 7365
f 10040 7364 7362
f 7362 7365 7366
f 10042 10040 7362
f 10035 7372 7363
f 7363 7372 10037
f 7363 10037 9153
f 7365 7367 7366
f 10038 7366 7367
f 10038 7368 7366
f 10038 7367 7370
f 7368 7369 7373
f 10038 7369 7368
f 7368 7373 7371
f 7372 7371 10037
f 10037 7371 7373
f 10037 7373 7374
f 9243 9153 7374
f 9153 10037 7374
f 9242 7374 9241
f 9243 7374 9242
f 7410 10167 7376
f 7376 8091 7438
f 7379 7377 7378
f 7378 7377 10031
f 7380 7377 7379
f 7380 10033 7377
f 7377 10164 10031
f 7377 10033 10164
f 7380 10162 10033
f 7387 10025 7388
f 7387 7388 11045
f 7387 11045 10008
f 7387 10008 11416
f 7388 11025 11045
f 9997 7398 7390
f 7391 10090 7506
f 7391 7506 11690
f 7392 7393 7398
f 7392 7394 7396
f 7392 7398 7394
f 7394 7395 7396
f 7394 8458 7395
f 9997 7394 7398
f 7394 8457 8458
f 9997 8457 7394
f 7395 8458 8455
f 7459 7428 7397
f 8470 8469 7399
f 8474 8470 7399
f 8474 7399 9991
f 9991 7399 9992
f 10002 7400 9990
f 7400 11099 9990
f 9991 9992 7400
f 7400 9992 11099
f 7401 7402 7403
f 7401 9624 7402
f 7401 7403 7404
f 10718 7403 7402
f 7405 8475 9987
f 7405 9987 9986
f 7406 9977 7408
f 7406 7411 9986
f 7406 9987 9977
f 7406 9986 9987
f 8477 7407 8476
f 7408 9977 7409
f 7408 7409 9984
f 7408 9984 8495
f 7412 8493 7413
f 7412 7413 9831
f 7412 8490 8492
f 7412 8492 8493
f 7413 8493 8494
f 7414 8496 8495
f 9984 7414 8495
f 7417 9967 7418
f 7417 7418 9973
f 7417 9959 7423
f 7417 7423 9967
f 7417 7429 7427
f 7417 7427 9959
f 7417 9973 7429
f 7418 7419 9973
f 7419 9958 9973
f 7421 7422 7420
f 7421 7420 9953
f 7421 7423 7422
f 7421 9967 7423
f 7421 11467 9967
f 7422 7423 7424
f 7422 7424 7425
f 9959 7424 7423
f 9959 7426 7424
f 7427 9949 7426
f 7427 7426 9959
f 7426 9949 9945
f 7431 7427 7429
f 7431 9949 7427
f 9955 7431 7429
f 9955 7429 9958
f 7429 9973 9958
f 7430 7437 7431
f 9955 7430 7431
f 7430 7436 7437
f 7430 9931 7436
f 7430 8529 9931
f 9955 8529 7430
f 7437 9949 7431
f 11261 7432 7434
f 7433 9932 7434
f 7433 7435 9932
f 9945 7435 7433
f 9941 7435 7437
f 7437 7435 9949
f 9941 9932 7435
f 9949 7435 9945
f 9941 7437 7436
f 8616 7438 8091
f 7442 7441 7440
f 7441 9926 7440
f 7443 7442 7440
f 11307 9926 7441
f 7443 9925 7442
f 7448 7447 9924
f 7448 9948 7447
f 7455 7448 9919
f 7448 9924 9919
f 7451 9919 7449
f 7451 7449 9920
f 7449 9919 9924
f 7449 11870 9920
f 7450 9914 9920
f 7451 9908 7453
f 7451 7453 9919
f 7451 9914 9908
f 7451 9920 9914
f 7452 9668 7624
f 7452 7624 9908
f 7452 9908 9914
f 7455 7453 9903
f 7455 9919 7453
f 7457 9903 7453
f 7457 7453 9905
f 7453 9908 9905
f 7454 7455 9903
f 7454 9903 7456
f 7456 9903 9902
f 10006 7456 9902
f 7458 7457 9894
f 7458 9902 7457
f 7457 9905 9894
f 7457 9902 9903
f 7460 7458 9891
f 7460 10045 7458
f 7458 9894 9891
f 10045 9902 7458
f 7462 7460 7461
f 7461 7460 9891
f 7462 9893 7460
f 7460 9893 10045
f 7640 7462 7461
f 7641 7640 7461
f 7641 7461 7642
f 7461 9660 7642
f 7461 9891 9660
f 7640 7463 7462
f 7462 7463 9893
f 7464 9893 7463
f 9890 9883 7464
f 7466 7467 9872
f 10633 7467 7466
f 7466 9872 7471
f 9879 7466 7471
f 10633 10638 7467
f 10635 7467 10638
f 9878 9877 7469
f 9879 9878 7469
f 7471 9872 7470
f 9872 10429 7470
f 9879 7471 9878
f 7472 9867 7475
f 7472 7475 11613
f 7473 9871 9867
f 7474 7475 7477
f 7474 11613 7475
f 7475 7476 7477
f 9867 7476 7475
f 7476 9861 7477
f 10739 9861 7476
f 9871 7476 9867
f 10739 7476 9871
f 9861 7478 7477
f 9866 7478 7479
f 7480 10378 11474
f 7481 9851 7482
f 7481 7482 9855
f 7481 9855 11289
f 7482 7486 7485
f 7482 9851 7486
f 7484 7483 7487
f 7483 9843 7487
f 7483 11614 9843
f 11609 11614 7483
f 7486 7484 7487
f 7486 7487 7485
f 9846 7487 9843
f 7488 9846 9843
f 7489 7490 7492
f 7489 7492 7491
f 9211 7489 7491
f 9211 9208 7489
f 9057 7492 7490
f 9215 7491 7492
f 9211 7491 9210
f 9212 9210 7491
f 9212 7491 9215
f 9058 7492 9057
f 9058 9215 7492
f 11091 7493 11097
f 11097 7493 11099
f 9061 7494 9063
f 11632 7494 9061
f 7497 9823 7496
f 10056 7496 9823
f 10057 7496 10056
f 7497 11896 9823
f 7499 9822 7498
f 7500 7505 7499
f 7499 7505 9822
f 7500 9809 7505
f 7501 7503 7502
f 7501 7515 7503
f 7501 7504 7515
f 7501 9822 7504
f 7504 7505 7517
f 7504 9822 7505
f 7504 7517 7516
f 7505 9809 7517
f 9815 7508 9816
f 10936 7508 9815
f 7509 7511 7514
f 7512 7509 8584
f 7509 7514 9810
f 7509 9810 8584
f 7512 8585 8582
f 7512 8582 9816
f 7512 8584 8585
f 8589 9810 7513
f 9260 7518 8676
f 7544 7519 7520
f 9803 7520 7519
f 7531 7528 7519
f 9803 7519 7528
f 7533 7531 7519
f 7533 7519 7544
f 7541 7522 7536
f 7536 7522 8644
f 9800 7523 7526
f 7526 7529 7525
f 9800 7526 7525
f 7531 7525 7529
f 7532 7525 7531
f 7530 7529 7526
f 9803 7528 7527
f 10564 9803 7527
f 7531 7529 7528
f 7533 7532 7531
f 9795 7532 7533
f 7535 7534 8609
f 7535 9795 7534
f 7543 8626 7534
f 8609 7534 8626
f 7535 8609 8607
f 7542 7541 7536
f 7542 7536 9793
f 8643 7536 8644
f 8643 9793 7536
f 7540 7537 7539
f 7539 7537 8643
f 7540 8619 7537
f 7537 8611 9793
f 7537 9793 8643
f 7538 7542 9793
f 7538 9793 8611
f 8632 7540 7539
f 8632 7539 8634
f 8634 7539 8636
f 8636 7539 8643
f 7540 8614 8619
f 8632 8614 7540
f 7542 7543 7541
f 7547 9792 7545
f 7550 7547 9785
f 7550 9792 7547
f 7550 7549 9792
f 7555 9776 7551
f 8322 7552 8323
f 7552 10535 8323
f 7556 7553 7554
f 7556 7554 8656
f 7554 8654 8276
f 7554 8276 8656
f 7554 8641 8654
f 7556 8656 9066
f 9773 7557 7558
f 9773 7558 7560
f 8660 8661 7560
f 9761 7562 7563
f 9764 7563 7562
f 7584 7562 7564
f 9761 7564 7562
f 7584 7565 7562
f 9764 7562 7565
f 9761 7563 7569
f 9766 7569 7563
f 9732 7563 9764
f 9758 7564 7568
f 9761 7568 7564
f 7584 7564 7585
f 7585 7564 9758
f 7582 7581 7565
f 7581 9764 7565
f 7584 7582 7565
f 7581 9760 7566
f 7581 7566 9764
f 9732 7566 9735
f 9732 9764 7566
f 9741 7567 7590
f 9741 9762 7567
f 9741 9756 7568
f 9741 7568 9762
f 9756 9758 7568
f 9761 9762 7568
f 9761 7569 9762
f 8293 7571 7648
f 7571 8320 7648
f 8293 8322 7571
f 7571 8322 8323
f 8321 7572 8317
f 7578 7577 7574
f 7575 8314 8316
f 7575 8317 8314
f 8318 7575 8316
f 8319 8317 7575
f 8318 8319 7575
f 8296 7576 7583
f 7576 8315 7583
f 8303 7576 8296
f 8303 8312 7576
f 8312 8316 7576
f 8315 7576 8316
f 7585 7577 7578
f 7586 7577 7585
f 7584 7578 7582
f 7585 7578 7584
f 7581 7579 9760
f 8308 7580 9357
f 8305 7583 8315
f 7586 7585 9758
f 7588 7586 9758
f 8300 8301 7587
f 8300 7587 8309
f 7588 9758 9756
f 8295 8297 7591
f 8295 7591 10385
f 8303 8296 7591
f 8297 8303 7591
f 7594 7592 7593
f 9735 7593 7592
f 7596 7592 7594
f 9733 7595 7592
f 7595 9735 7592
f 7596 9733 7592
f 9732 9735 7595
f 9733 11750 7595
f 7600 7597 7599
f 9731 7597 7600
f 9731 7600 7598
f 9731 7598 9730
f 8670 7600 7599
f 8667 8669 7599
f 8669 8670 7599
f 11301 7723 7601
f 9077 7602 9717
f 9077 9725 7602
f 9076 7603 7604
f 9077 7604 7603
f 9077 7603 9725
f 9072 9078 7604
f 9075 9076 7604
f 9075 7604 9078
f 7605 9712 7608
f 7605 7609 9712
f 7606 8322 8293
f 7607 7608 7610
f 7608 9712 7610
f 7609 7611 9698
f 7609 9698 9712
f 9689 7614 8690
f 7614 9689 10572
f 9679 7617 7615
f 9679 7615 7618
f 7616 7620 7618
f 9688 10871 7617
f 7619 7618 7620
f 7619 9679 7618
f 7621 7619 7620
f 7619 9674 9679
f 7621 7620 11464
f 7624 9668 9657
f 9894 7624 9657
f 9894 9905 7624
f 9905 9908 7624
f 9275 7626 7627
f 11225 7627 7626
f 11225 7626 11157
f 9275 7627 7630
f 7627 9666 7630
f 11225 9666 7627
f 7628 7631 7629
f 7628 7634 7631
f 7629 7631 7632
f 9279 7629 7632
f 9277 7629 9279
f 9287 7632 7631
f 7635 7631 7634
f 7635 9287 7631
f 9287 9246 7632
f 9246 9288 7632
f 9279 7632 9281
f 9281 7632 9288
f 7636 7634 7633
f 7636 7635 7634
f 7636 9665 7635
f 7635 9665 9287
f 7638 9665 7636
f 7637 8293 7648
f 7637 7648 8294
f 7641 7639 7638
f 7639 9665 7638
f 7641 7638 7640
f 7641 9663 7639
f 7639 9080 9244
f 7639 9663 9080
f 7639 9244 9665
f 7641 7642 9663
f 7642 7643 8700
f 7642 9660 7643
f 9663 7642 8700
f 8695 8700 7643
f 7643 9660 9657
f 11825 7646 7645
f 11825 7645 9655
f 7647 7649 7651
f 7650 7651 7649
f 7650 7669 7651
f 7670 7669 7650
f 7651 7669 7652
f 7652 7653 7667
f 7652 7669 7653
f 7659 7653 7669
f 9645 7653 7659
f 7653 9648 7667
f 9645 9648 7653
f 9645 7655 7654
f 9645 7654 9648
f 7654 9646 9648
f 7654 10537 9646
f 9645 7656 7655
f 11821 7655 7656
f 7660 7657 7656
f 9645 7660 7656
f 9641 7657 7660
f 9645 7659 7660
f 7670 7659 7669
f 7670 11830 7659
f 7681 8289 7663
f 7681 7663 8292
f 7665 7666 9634
f 7670 11827 11830
f 7673 9625 9622
f 7686 7674 7685
f 7688 7685 7674
f 9622 7674 7686
f 7688 7674 7687
f 7687 7674 9625
f 9622 9625 7674
f 11887 7675 7676
f 11887 7678 7675
f 7679 7678 7677
f 9621 7679 7677
f 9621 7677 11882
f 9621 7686 7679
f 7682 7680 8289
f 7681 8288 8289
f 7681 8696 8288
f 7681 8292 8290
f 7681 8290 8696
f 7682 8289 8288
f 7682 8288 9056
f 7682 9056 10333
f 9621 9622 7686
f 11933 7690 10587
f 7692 7691 9612
f 7692 12045 7691
f 7691 9618 9612
f 12177 9618 7691
f 7694 7728 8284
f 7694 8286 7728
f 7694 8282 8281
f 7694 8281 8286
f 7694 8283 8282
f 7694 8284 8283
f 9122 7696 7698
f 9112 9123 7698
f 9123 9122 7698
f 7699 9607 7700
f 7699 7700 12135
f 11554 7699 12135
f 9602 7700 9607
f 7702 7701 8705
f 9569 7701 7702
f 9596 8705 7701
f 9569 9580 7701
f 9580 12132 7701
f 9596 7701 12132
f 7704 7702 7703
f 8708 7703 7702
f 8708 7702 8705
f 9567 7704 7703
f 8708 8707 7703
f 11906 7712 8721
f 11906 11910 7712
f 9561 8720 7713
f 9561 7713 11909
f 9553 7714 9554
f 9553 12026 7714
f 9554 7714 12013
f 9551 7715 9552
f 9552 7715 9554
f 9553 9554 7715
f 9553 7715 11925
f 9547 7717 7716
f 9552 7716 7717
f 9547 7716 9530
f 9530 7716 12017
f 9544 7717 7719
f 9545 7719 7717
f 9544 9551 7717
f 9545 7717 9547
f 9551 9552 7717
f 7727 7740 7718
f 9543 7727 7718
f 7737 7718 7740
f 7737 9533 7718
f 9543 7718 9530
f 9547 9530 7718
f 9547 7718 9533
f 9544 7719 7721
f 7721 7719 12029
f 9544 7721 7720
f 7721 11905 7720
f 9544 7720 9551
f 7725 7724 7735
f 7724 7733 7736
f 9536 7733 7724
f 7724 7736 7735
f 7737 7725 7735
f 7737 7740 7725
f 7726 8284 7728
f 9543 11924 7727
f 7729 7734 7849
f 7729 8275 7734
f 7729 7792 8275
f 7729 7849 8271
f 7730 7736 7733
f 7731 7733 9536
f 8275 7769 7734
f 7734 7769 10567
f 7737 7735 7738
f 7737 7738 9533
f 7738 11923 9533
f 7741 7746 7742
f 7741 7742 9618
f 7741 7745 7746
f 7741 11877 7745
f 7741 9618 12177
f 7741 11878 11877
f 7741 12177 11878
f 7742 7746 7744
f 7742 9612 9618
f 7746 9527 7744
f 11994 7744 9527
f 9523 7746 7745
f 9526 9523 7745
f 9523 9527 7746
f 9526 7748 9523
f 7749 7750 7751
f 7749 7752 7750
f 7749 7751 9501
f 7749 7755 7752
f 7749 9506 7755
f 7749 9501 9506
f 7750 7777 7751
f 7750 7752 7772
f 7750 7772 7773
f 7750 7773 7777
f 7751 7776 7762
f 7751 7762 9501
f 7751 7777 7776
f 7756 7752 7755
f 7755 9511 7756
f 7755 9506 9511
f 9511 7758 7757
f 7758 9513 7757
f 7760 9503 7758
f 9506 7760 7758
f 9503 9513 7758
f 9506 7758 9511
f 7761 7759 7760
f 7760 7759 9503
f 7761 7778 7759
f 9501 7761 7760
f 9501 7760 9506
f 7762 7778 7761
f 9501 7762 7761
f 7779 7762 7776
f 7779 7778 7762
f 7763 7767 7764
f 7939 7763 7764
f 7763 7766 7767
f 7768 7766 7763
f 7934 7768 7763
f 7934 7763 7939
f 7932 7764 7767
f 7932 7938 7764
f 7938 7939 7764
f 7773 7767 7766
f 7777 7773 7766
f 7773 7771 7767
f 7933 7767 7771
f 7932 7767 7933
f 7774 7769 7775
f 7775 7769 8275
f 7931 7933 7770
f 7931 7770 9047
f 7773 7772 7771
f 7774 7775 8276
f 7774 8276 8652
f 7774 8652 8653
f 8274 7775 8275
f 8274 8656 7775
f 7775 8656 8276
f 11864 7779 7776
f 7779 9498 7778
f 9498 9499 7778
f 9494 7780 7781
f 8726 8725 7780
f 7782 9482 7783
f 9487 9482 7782
f 7783 7955 7952
f 7783 9475 7955
f 7783 9482 9475
f 7785 9471 7786
f 7785 9320 9471
f 9471 11816 7786
f 7788 7791 7787
f 7788 7787 9469
f 7787 9462 7790
f 12011 7787 7790
f 7791 9462 7787
f 12011 9469 7787
f 7789 7791 7788
f 7789 7797 7791
f 12009 7790 8752
f 7791 7797 7796
f 7791 7796 9462
f 8274 8275 7792
f 11999 7795 7793
f 9467 9465 7793
f 11779 7794 7795
f 11779 7795 11999
f 11776 7796 7797
f 7796 9464 9462
f 8726 7798 7799
f 8727 8726 7799
f 8728 8727 7799
f 7802 8760 8761
f 7802 8763 8760
f 7802 8761 9461
f 9452 8763 7802
f 7803 8752 11775
f 7803 9461 8761
f 7804 8762 8763
f 7804 8765 8762
f 9452 7804 8763
f 9448 9442 7805
f 9448 7805 11743
f 9448 7806 9442
f 7807 7816 9086
f 7807 9431 7816
f 7807 11741 9431
f 7807 11308 11741
f 7810 7808 7809
f 7809 7808 8768
f 7810 7811 7808
f 7808 7811 7812
f 8769 7808 7812
f 8769 8768 7808
f 7810 7924 7811
f 7810 7920 7924
f 7811 7814 7812
f 7811 7922 7814
f 7811 7924 7922
f 7812 7814 7929
f 9435 7812 7929
f 7814 7922 7946
f 7814 7928 7929
f 7814 7946 7928
f 9435 7929 7815
f 7815 9083 9085
f 9435 7815 9085
f 9424 9419 7816
f 9431 9424 7816
f 7817 9417 9424
f 7817 11741 9423
f 7817 9424 9431
f 7817 9431 11741
f 7818 8753 9419
f 9424 9417 7818
f 9424 7818 9419
f 9413 7819 7822
f 9415 7819 12028
f 8135 7820 7821
f 9413 7821 7820
f 8135 8133 7820
f 8371 7820 8133
f 9413 11673 7821
f 9404 7822 7823
f 9409 7823 9410
f 9410 7824 11688
f 11688 7824 11686
f 8919 8920 7825
f 9403 7825 8920
f 9396 7825 9403
f 9403 8920 7826
f 9398 9401 7826
f 9398 7826 11637
f 9401 9403 7826
f 9396 7827 8187
f 9396 9403 7827
f 9401 7827 9403
f 9401 11137 7827
f 7828 8187 8165
f 8191 7828 8165
f 9396 8187 7828
f 8922 7828 8191
f 7830 7829 11530
f 7831 7836 7832
f 7831 7835 7836
f 9392 7833 7836
f 9392 7836 7835
f 7840 9381 7839
f 9389 7839 9381
f 7840 11471 9381
f 8333 7844 7841
f 8333 7841 9380
f 7841 9374 9380
f 9363 7842 7858
f 9368 7858 7842
f 8333 9380 7842
f 9368 7842 9380
f 8273 7849 7843
f 10571 10554 7843
f 7846 7847 7848
f 7846 9372 7847
f 7848 7847 7850
f 7858 7850 7847
f 9363 7858 7847
f 9363 7847 7859
f 9372 7859 7847
f 7848 7850 7851
f 8271 7849 8273
f 7851 7850 7853
f 9368 7853 7850
f 9368 7850 7858
f 7851 7853 7852
f 7852 7853 7855
f 7854 7855 7853
f 9368 7854 7853
f 8775 7855 7854
f 9374 8775 7854
f 9368 9380 7854
f 9380 9374 7854
f 8775 8774 7855
f 8263 8262 7856
f 8269 7856 8262
f 8272 7856 8269
f 9356 7857 7859
f 9363 7859 7857
f 9366 7857 9356
f 9366 9377 7857
f 7863 9353 7862
f 10589 9346 7862
f 11438 9353 7863
f 7864 7867 7866
f 9345 7867 7864
f 9345 7865 7867
f 7868 8265 7901
f 7873 7869 7875
f 9340 7875 7869
f 7870 7873 7872
f 8779 7870 7872
f 7871 7873 7875
f 7871 9334 7873
f 7871 7875 9329
f 7871 9329 9331
f 11432 7871 9331
f 11432 9334 7871
f 9334 7872 7873
f 8779 7872 8778
f 11435 7874 9320
f 7874 9329 9340
f 9329 7875 9340
f 7876 7877 9319
f 9306 7876 7892
f 9319 7892 7876
f 9306 9291 7876
f 7887 9103 7877
f 7878 7893 7892
f 9319 7878 7892
f 9098 7878 9099
f 9319 9099 7878
f 9306 7879 9291
f 9315 9291 7879
f 9313 7879 9306
f 7880 7892 7893
f 9306 7892 7880
f 7895 9313 7880
f 9313 9306 7880
f 7891 7890 7881
f 7891 7881 7894
f 7895 7894 7881
f 7895 7881 9313
f 7883 7882 8776
f 7885 8776 7882
f 7885 7882 9282
f 12181 9282 7882
f 9290 7883 8778
f 7884 9101 7885
f 7885 7886 8776
f 7885 9101 7886
f 7886 7887 8776
f 7886 9103 7887
f 7886 9101 9102
f 7886 9102 9103
f 7888 9268 7889
f 7889 9268 9264
f 7891 10028 7890
f 10138 7890 10028
f 7897 9199 7896
f 7897 7896 9225
f 7897 7899 9199
f 9204 7898 9199
f 9223 7898 9204
f 9204 9199 7899
f 9204 7899 11361
f 7905 7904 7902
f 7906 7904 7905
f 7907 7906 7905
f 7907 9186 7906
f 7906 9186 7909
f 7907 11364 9186
f 7908 7909 9155
f 7908 9155 11361
f 9186 9155 7909
f 8800 8801 7910
f 9152 7911 9125
f 9125 7911 11283
f 9128 11283 7911
f 7912 9125 8840
f 9152 9125 7912
f 9152 7912 11306
f 7913 9100 7914
f 7915 7916 11273
f 7916 7917 9087
f 7916 9087 7918
f 7916 7918 11273
f 7919 7921 7920
f 7919 7936 7921
f 7919 7934 7936
f 7919 9020 7934
f 7920 7921 7924
f 7921 7925 7924
f 7921 7936 7925
f 7922 7924 7944
f 7922 7944 7943
f 7946 7922 7943
f 7923 7926 8255
f 7923 8261 7926
f 7923 8255 8260
f 7923 8260 9005
f 7944 7924 7925
f 7925 7936 7941
f 7925 7941 7942
f 7944 7925 7942
f 7926 8261 8254
f 7926 8254 11917
f 7927 8254 8261
f 11954 8254 7927
f 10600 7927 8261
f 7946 7945 7928
f 7931 7930 7937
f 7931 9047 7930
f 7931 7932 7933
f 7931 7937 7932
f 7932 7937 7938
f 7934 7939 7936
f 8245 8250 7935
f 7935 8250 8249
f 7936 7939 7941
f 7938 7941 7939
f 11321 11267 7945
f 8843 8844 7947
f 7948 11329 8993
f 7948 8993 11339
f 7949 8850 8849
f 7949 9007 8850
f 11224 7950 8989
f 7953 7952 7955
f 7953 8973 7954
f 7953 7955 8973
f 7959 7954 7956
f 11845 8973 7955
f 11845 7955 9475
f 7979 7960 8914
f 7979 12048 7960
f 12022 8914 7960
f 7976 7975 7961
f 7978 7961 7975
f 7965 7963 7964
f 7969 7963 7965
f 7974 7963 7969
f 7974 7971 7963
f 7969 7965 7966
f 8963 7966 7965
f 7968 7966 7967
f 8963 7967 7966
f 7970 7966 7968
f 7970 7969 7966
f 7981 7968 7967
f 7975 7970 7968
f 7982 7975 7968
f 7982 7968 7981
f 7974 7969 7970
f 7976 7974 7970
f 7976 7970 7975
f 7973 7972 7971
f 7974 7973 7971
f 7976 7973 7974
f 7982 7978 7975
f 8235 7977 8238
f 8237 8238 7977
f 7986 7978 7982
f 7981 7979 8914
f 7980 8235 8233
f 7987 7982 7981
f 7987 7981 8914
f 7986 7982 8941
f 7987 8941 7982
f 7987 7985 8941
f 7987 12022 7985
f 7989 8941 7985
f 7985 12022 11851
f 7986 8941 8885
f 7987 8914 12022
f 7989 8885 8941
f 7989 11206 8885
f 7990 8007 8008
f 7990 8876 8007
f 7990 8008 8863
f 7990 8863 8860
f 7990 8860 8884
f 7990 8884 8876
f 8224 7991 7993
f 7992 8860 8863
f 7992 10402 8860
f 8222 8224 7993
f 7998 11203 7999
f 7998 8859 8009
f 7998 8009 11203
f 11388 11840 7999
f 8859 8001 8009
f 8013 8011 8002
f 8013 8002 8014
f 8006 8004 8814
f 8006 8853 8004
f 8004 11814 8814
f 8005 8853 8006
f 8005 8008 8007
f 8014 8006 8811
f 8006 8814 8811
f 8010 8211 8209
f 8013 8014 8811
f 8024 8015 8023
f 8026 8015 8024
f 8026 8025 8015
f 8022 8020 8016
f 8022 8016 8021
f 8021 8016 8025
f 8018 8017 10427
f 11107 8060 8017
f 8022 8019 8020
f 8030 8869 8028
f 8028 8869 8867
f 8030 8868 8869
f 8034 11164 8031
f 11077 8232 8033
f 8038 8036 8755
f 8037 8755 8866
f 9110 9105 8038
f 8040 8054 8039
f 8751 8040 8039
f 8054 11153 8039
f 8041 8042 8040
f 8751 8041 8040
f 8040 8042 8053
f 8040 8053 8054
f 8618 8042 8041
f 8041 8083 8082
f 8618 8041 8082
f 8751 8083 8041
f 8740 8048 8044
f 8737 8045 8046
f 8737 8046 8049
f 11715 8046 8741
f 8688 8051 8048
f 8740 8688 8048
f 8703 8688 8049
f 8740 8049 8688
f 8737 8049 8740
f 8688 8050 8051
f 8050 8702 8051
f 8703 8050 8688
f 8050 8710 8702
f 8703 10122 8050
f 8050 10122 8710
f 8057 8055 8056
f 8685 8056 8055
f 8058 8055 8057
f 8064 8055 8058
f 8064 8061 8055
f 8685 8055 8061
f 8062 8058 8059
f 8064 8058 8062
f 8062 8059 8655
f 8069 8063 8059
f 8655 8059 8063
f 8673 8064 8062
f 8066 8062 8655
f 8066 8673 8062
f 8073 8065 8063
f 8655 8063 8065
f 8071 8063 8069
f 8073 8063 8071
f 8075 8065 8073
f 8077 8065 8075
f 8077 8650 8065
f 8650 8655 8065
f 8066 8655 8650
f 10324 8673 8066
f 8070 8067 8068
f 8070 8069 8067
f 8071 8069 8070
f 9145 8073 8071
f 8207 8072 8195
f 8198 8196 8072
f 8198 8072 8197
f 8197 8072 8207
f 9145 8075 8073
f 8077 8075 8646
f 8646 8075 9146
f 9146 8075 9145
f 8076 8638 8646
f 8076 9138 8638
f 8076 8646 9144
f 8076 9143 9138
f 8076 9144 9143
f 8080 8083 8081
f 8080 8082 8083
f 8080 9143 8082
f 8080 9137 9143
f 8081 8083 8084
f 8081 8084 8085
f 8618 8082 9144
f 8082 9143 9144
f 8089 9897 9969
f 8602 8616 8090
f 8602 8090 11852
f 8605 8090 8616
f 8605 11771 8090
f 8605 8616 8091
f 8106 8095 8092
f 8092 8095 8874
f 8106 8092 8103
f 8103 8092 8598
f 8092 8118 8599
f 8092 8874 8118
f 8092 8599 8598
f 8107 8094 8095
f 8094 8874 8095
f 8107 8108 8094
f 8106 8107 8095
f 8097 8096 8881
f 8098 8880 8096
f 8096 8880 8881
f 8106 8103 8097
f 8105 8106 8097
f 8105 8097 8881
f 8098 8381 8882
f 8098 8886 8880
f 8098 8882 8886
f 8180 8181 8099
f 8180 8099 8182
f 8182 8099 8982
f 8979 8982 8099
f 8102 8101 8100
f 8102 8596 8598
f 8103 8598 8596
f 8105 8107 8106
f 8105 8576 8107
f 8105 8881 8576
f 8107 8576 8108
f 8109 8113 8110
f 8516 8109 8110
f 8121 8113 8109
f 8121 8109 8120
f 8552 8120 8109
f 8552 8109 8516
f 8509 8110 8113
f 8552 8516 8111
f 8562 8552 8111
f 8121 8413 8113
f 8413 8509 8113
f 8115 8116 8117
f 8396 8120 8116
f 8118 8875 8119
f 8118 8874 8875
f 8396 8119 8875
f 8396 8121 8120
f 8125 8122 8123
f 8125 8123 8124
f 11731 8124 11007
f 8967 8126 8178
f 8129 8131 8128
f 8131 8130 8128
f 11734 8130 8131
f 8135 8132 8133
f 8379 8133 8132
f 8337 8132 8137
f 8337 8379 8132
f 8371 8133 8379
f 8136 8330 8138
f 8337 8136 8139
f 8337 8139 8379
f 8324 8141 8140
f 8150 8141 8149
f 8324 8149 8141
f 8150 8151 8141
f 8141 8151 8460
f 8324 8142 8143
f 8145 8142 8144
f 8149 8143 8148
f 8307 8148 8143
f 8324 8143 8149
f 8307 8147 8148
f 9148 8149 8148
f 9147 9148 8148
f 9148 8150 8149
f 9148 9150 8150
f 8248 8246 8152
f 8302 8248 8153
f 8157 8154 8155
f 8157 8227 8154
f 8157 8155 8156
f 8157 8218 8227
f 8158 8160 8918
f 8158 8161 8898
f 8158 8918 8161
f 8168 8169 8159
f 8168 8159 8186
f 8160 8162 8923
f 8160 8923 8918
f 8161 8897 8898
f 8161 8912 8897
f 8161 8917 8912
f 8161 8918 8917
f 8923 8162 8167
f 8924 8167 8162
f 8169 8163 8165
f 8215 8165 8163
f 8215 8163 8166
f 8932 8166 8163
f 8168 8163 8169
f 8215 8166 8164
f 8164 8166 8931
f 8167 8215 8164
f 8923 8167 8164
f 8926 8923 8164
f 8926 8164 8931
f 8169 8165 8187
f 8215 8191 8165
f 8932 8931 8166
f 8167 8191 8215
f 8924 8191 8167
f 8168 8186 8934
f 8170 8171 8172
f 8172 8173 10863
f 8945 8177 8174
f 8944 8945 8174
f 8179 8177 8176
f 8945 8176 8177
f 8179 8176 8178
f 8967 8178 8176
f 8966 8176 8945
f 8967 8176 8966
f 8180 8182 8988
f 8182 8982 8985
f 8182 8985 8984
f 8182 8984 8988
f 8924 8922 8191
f 10769 8192 10773
f 8193 8216 8194
f 8193 8212 8216
f 8194 8216 8199
f 8194 8199 8217
f 8220 8194 8217
f 8197 8205 8204
f 8197 8207 8205
f 8199 8214 8200
f 8199 8200 8217
f 8199 8213 8214
f 8199 8216 8213
f 8201 8200 8202
f 8201 8217 8200
f 8201 8202 8205
f 8201 8205 8206
f 8201 8206 8220
f 8201 8220 8217
f 8202 8203 8204
f 8202 8204 8205
f 8205 8207 8206
f 8206 8207 8208
f 8206 8208 8219
f 8206 8219 8220
f 8209 8211 8212
f 8216 8212 8211
f 8216 8211 8213
f 8219 8222 8220
f 8219 8221 8222
f 8221 8224 8222
f 8221 8223 8224
f 8228 8239 8241
f 8230 8242 8243
f 8242 8247 8243
f 8243 8247 8250
f 8247 8249 8250
f 8251 9001 8999
f 8251 9000 9001
f 10616 8253 8252
f 10818 8252 10829
f 11954 11917 8254
f 8259 8255 8258
f 8260 8255 8259
f 8256 8257 8258
f 8259 8258 8257
f 8260 8259 9006
f 9005 8260 9008
f 8260 9006 9008
f 8269 8262 8264
f 8271 8272 8269
f 8271 8273 8272
f 8274 9066 8656
f 8654 8652 8276
f 8292 8280 8279
f 8292 8279 8290
f 8295 8299 8297
f 8295 10386 8299
f 8297 8299 8301
f 8297 8301 8313
f 8297 8313 8303
f 11365 11368 8298
f 8299 9678 8301
f 8299 10386 9678
f 8300 8313 8301
f 8300 8309 8311
f 8300 8311 8310
f 8300 8310 8313
f 8313 8312 8303
f 8305 8315 8306
f 8308 8311 8309
f 8310 8311 9011
f 8310 8312 8313
f 8310 9010 8312
f 8310 9011 9010
f 8318 8316 8312
f 9010 8318 8312
f 8314 8315 8316
f 8319 8321 8317
f 8844 8319 8318
f 9010 8844 8318
f 8843 8321 8319
f 8843 8319 8844
f 8320 8321 8843
f 8331 8326 8338
f 8349 8342 8346
f 8349 8348 8342
f 8347 8345 8344
f 8347 8346 8345
f 8349 8346 8347
f 8351 8350 8352
f 9023 9019 8355
f 8357 8358 8364
f 8362 8361 8359
f 8362 8759 8361
f 8847 8759 8362
f 8380 8367 8377
f 8382 8367 8380
f 8382 8380 8381
f 8381 8883 8882
f 8398 8395 8390
f 8398 8390 8397
f 8398 8391 8393
f 8398 8397 8391
f 8401 10850 10851
f 8408 8407 8404
f 8408 8406 8407
f 8412 8409 8411
f 8414 8409 8412
f 9024 8418 8419
f 9023 8419 9021
f 9023 9024 8419
f 9034 8423 9026
f 9033 8423 9034
f 10263 8424 8425
f 8432 8433 10181
f 8437 10152 8436
f 8438 10376 8439
f 8440 8441 8443
f 8447 8446 9158
f 8446 9154 9157
f 8446 9157 9158
f 8447 9158 9335
f 8447 9318 9299
f 8447 9335 9318
f 8451 8454 8452
f 8453 8455 8456
f 8473 8462 8461
f 8464 8462 8473
f 8464 8473 8474
f 8467 8465 8466
f 8472 8467 8469
f 8470 8472 8469
f 8473 8470 8474
f 8477 8476 8483
f 8482 8478 8481
f 8481 8478 8483
f 9929 8480 8479
f 11247 10713 8479
f 9929 8482 8480
f 8494 8495 8496
f 8498 8499 8497
f 8523 8497 8499
f 8528 8497 8523
f 8498 8510 8499
f 8498 8501 8508
f 8498 8508 8510
f 8522 8499 8510
f 8524 8499 8522
f 8523 8499 8524
f 10243 8501 8500
f 8501 8502 8508
f 8502 8501 10243
f 8502 8505 8504
f 8502 8504 8508
f 10241 8505 8502
f 8504 8505 8506
f 8504 8506 8507
f 8504 8507 8508
f 8505 8513 8506
f 8506 8512 8507
f 8518 8512 8506
f 8506 8513 8515
f 8518 8506 8515
f 8507 8510 8508
f 8507 8511 8510
f 8507 8512 8511
f 8522 8510 8511
f 8512 8520 8511
f 8521 8511 8520
f 8522 8511 8521
f 11813 11812 8514
f 8521 8520 8519
f 8521 8519 9940
f 8528 8523 8526
f 8527 8526 8525
f 8528 8526 8527
f 8532 8548 8547
f 9220 8548 8532
f 9220 8532 9222
f 8534 8536 8537
f 8536 8545 8537
f 8536 8539 8545
f 8537 8545 8546
f 8538 8544 8539
f 8539 8544 8545
f 10825 8541 10824
f 10826 8541 10825
f 8543 9608 8608
f 8544 8546 8545
f 8544 8547 8546
f 8546 8547 8548
f 9228 8549 9220
f 8551 8557 8559
f 8551 8559 8561
f 8553 8554 8557
f 8554 8555 8557
f 8555 8559 8557
f 8555 8560 8559
f 8567 8565 8566
f 8566 8565 8574
f 8567 8579 8565
f 8565 8583 8574
f 8565 8579 8580
f 8565 8580 8583
f 8566 8575 8571
f 8566 8574 8575
f 8570 8568 8569
f 8573 8569 8568
f 9170 8568 8570
f 8573 8568 8572
f 8572 8568 9172
f 9170 9172 8568
f 8573 8575 8569
f 8573 8571 8575
f 8572 9172 9163
f 8888 8576 8881
f 8580 8579 8578
f 8583 8580 8581
f 9815 9816 8582
f 8584 9810 8589
f 8586 9214 8587
f 8591 8586 8590
f 8591 8592 8586
f 8586 8592 9214
f 9170 8587 9171
f 9171 8587 9217
f 8587 9214 9217
f 8591 9183 8592
f 9206 8592 9183
f 9206 9212 8592
f 8592 9212 9214
f 8603 8593 8594
f 8603 8604 8593
f 8617 8593 8604
f 8615 8593 8617
f 8597 8603 8594
f 8597 8595 8603
f 8600 8603 8595
f 8600 8595 8606
f 8600 8601 8603
f 8600 8610 8601
f 8600 8606 8607
f 8600 8607 8610
f 8601 8604 8603
f 8601 8625 8604
f 8610 8627 8601
f 8627 8625 8601
f 8602 11013 8616
f 8602 11852 11015
f 8607 8609 8610
f 8609 8627 8610
f 8609 8626 8627
f 8612 8621 8620
f 8612 8622 8621
f 8632 8633 8614
f 10187 8615 8617
f 10187 10186 8615
f 8618 9144 9146
f 8625 8621 8622
f 8624 8621 8625
f 8623 10815 9680
f 8627 8624 8625
f 8627 8626 8624
f 8628 8629 8635
f 8629 8633 8632
f 8629 8632 8634
f 8629 8634 8635
f 8634 8637 8635
f 8634 8636 8637
f 8635 8637 8641
f 8636 8648 8637
f 8636 8643 8647
f 8636 8647 8648
f 8637 8654 8641
f 8637 8648 8654
f 11056 8640 11050
f 11069 8640 11056
f 8647 8644 8642
f 8651 8647 8642
f 8647 8643 8644
f 8646 9146 9144
f 8651 8648 8647
f 8652 8648 8651
f 8654 8648 8652
f 8652 8651 8653
f 10221 8659 8658
f 9752 9751 8660
f 8664 8681 8665
f 8664 8678 8679
f 8664 8679 8681
f 8665 8669 8668
f 8665 8681 8669
f 8666 9251 8667
f 8666 9252 9251
f 8666 9253 9252
f 8667 8668 8669
f 8667 9251 8668
f 8668 9251 9250
f 8669 8681 8670
f 8670 8681 8682
f 9256 8672 8674
f 9256 9267 8672
f 9267 9266 8672
f 11086 8673 10324
f 9256 8674 9261
f 9259 9261 8674
f 9260 8676 9262
f 8677 8679 8678
f 8677 8680 8679
f 8679 8680 8682
f 8679 8682 8681
f 8695 8698 9234
f 9663 8700 8699
f 9663 8699 9080
f 8713 8704 8701
f 8708 8705 8706
f 8711 8709 8712
f 8711 8717 8709
f 8711 8712 8713
f 8717 8716 12103
f 12108 12103 8716
f 8719 8721 12053
f 9556 8720 9561
f 9556 12059 8720
f 8730 8723 8724
f 8727 8724 8725
f 8730 8724 8727
f 8727 8725 8726
f 8729 8727 8728
f 8729 8730 8727
f 8729 8728 8731
f 8729 8731 8732
f 8731 8764 8732
f 8731 8738 8764
f 8735 8733 8734
f 8735 8736 8733
f 8745 8735 8734
f 8745 8734 8744
f 8739 8736 8735
f 8739 8735 8748
f 8745 8748 8735
f 8739 8738 8736
f 8764 8738 8739
f 8739 8748 8765
f 8764 8739 8765
f 8745 8744 8742
f 8745 8747 8748
f 8747 8762 8748
f 8747 8749 8750
f 8747 8750 8762
f 8765 8748 8762
f 8750 8760 8763
f 8750 8763 8762
f 8756 8757 8761
f 8756 8761 8760
f 8770 9435 9085
f 8781 8780 8777
f 8782 8781 8777
f 8780 8779 8778
f 8782 9291 9315
f 8784 8846 8845
f 8785 8792 8786
f 8793 8792 8785
f 8793 8785 9701
f 8796 8787 8786
f 8794 8786 8792
f 8796 8786 8794
f 8797 8787 8796
f 8799 8787 8797
f 8795 8788 8789
f 8793 8788 8792
f 8794 8792 8788
f 8795 8794 8788
f 8795 8789 8790
f 8797 8796 8802
f 8799 8797 8800
f 8803 8832 8804
f 8805 8828 8827
f 8805 8829 8828
f 8805 8830 8829
f 8806 8824 8825
f 8806 8825 8826
f 8833 8807 8834
f 8808 8810 8809
f 8808 8833 8810
f 8809 8810 8813
f 8809 8813 8820
f 8809 8818 8816
f 8809 8820 8818
f 8810 8812 8813
f 8810 8833 8812
f 11199 8811 8814
f 8813 8812 8829
f 8829 8812 8828
f 8836 8828 8812
f 8833 8836 8812
f 8813 8822 8820
f 8813 8829 8822
f 8819 8818 8820
f 8819 8820 8821
f 8820 8822 8821
f 8821 8822 8823
f 8821 8823 8824
f 8822 8830 8823
f 8822 8829 8830
f 8823 8825 8824
f 8823 8831 8825
f 8823 8830 8831
f 8837 8827 8828
f 8837 8828 8836
f 8831 8830 8832
f 8834 8836 8833
f 8836 8834 8835
f 11292 8835 8834
f 8837 8836 8835
f 8838 8837 8835
f 11275 8839 8840
f 8856 8852 8851
f 8861 8856 8851
f 8855 8854 8852
f 8855 8852 8856
f 8855 11333 8854
f 8855 8856 8857
f 8862 8857 8856
f 8862 8856 8861
f 8865 8857 8862
f 8884 8860 10402
f 8866 8867 8869
f 10496 8871 10495
f 10499 10495 8871
f 8888 8879 8878
f 8889 8879 8888
f 8889 8881 8880
f 8889 8888 8881
f 8882 11009 8886
f 8890 8971 8891
f 8890 8974 8971
f 8891 8970 8892
f 8891 8971 8970
f 8969 8894 8892
f 9149 8892 8894
f 8969 8892 8970
f 8893 8894 8895
f 9150 8894 8893
f 8969 8895 8894
f 9149 8894 9150
f 8913 8896 8910
f 8915 8896 8913
f 8912 8903 8897
f 8901 8899 8900
f 8902 8900 8899
f 8910 8901 8900
f 8903 8900 8902
f 8913 8900 8903
f 8913 8910 8900
f 8910 8909 8901
f 8913 8903 8912
f 8907 8904 8905
f 9298 8911 9373
f 8915 8913 8912
f 8917 8915 8912
f 8917 8916 8915
f 8925 8916 8917
f 8925 8929 8916
f 8925 8917 8918
f 8925 8918 8923
f 8926 8925 8923
f 8926 8929 8925
f 8926 8930 8929
f 8926 8931 8930
f 8929 8930 8927
f 8936 8935 8962
f 8937 8962 8935
f 8936 8946 8944
f 8936 8962 8946
f 8937 8950 8952
f 8937 8952 8959
f 8937 8959 8962
f 8940 8939 8938
f 8940 8938 8942
f 8940 8942 8964
f 8940 8959 8960
f 8940 8964 8959
f 8966 8964 8942
f 8967 8966 8942
f 8944 8946 8945
f 8966 8945 8946
f 8964 8946 8962
f 8966 8946 8964
f 8950 8948 8949
f 8952 8950 8951
f 8960 8952 8951
f 8957 8958 8951
f 8960 8951 8958
f 8960 8959 8952
f 8953 8954 8957
f 8954 8955 8956
f 8954 8956 8958
f 8954 8958 8957
f 8964 8962 8959
f 8961 11851 12022
f 8968 8970 8971
f 8968 8971 8972
f 8968 8972 8985
f 8968 8985 8981
f 8971 8974 8972
f 8986 8972 8974
f 8972 8984 8985
f 8986 8984 8972
f 8979 8983 8982
f 8980 8981 8983
f 8981 8982 8983
f 8981 8985 8982
f 8986 8987 8984
f 8984 8987 8988
f 8986 10823 8987
f 8995 8996 8997
f 8996 8998 8997
f 10676 8999 9001
f 10674 9001 9000
f 9003 9002 10828
f 9005 9008 9003
f 9009 9008 9006
f 9012 9013 10740
f 9016 9014 9015
f 9033 9015 9014
f 9032 9016 9015
f 9031 9032 9015
f 9031 9015 9034
f 9033 9034 9015
f 9030 9027 9016
f 9032 9030 9016
f 9018 9017 10472
f 10479 9017 9018
f 9017 10476 10472
f 9022 9019 9021
f 9023 9021 9019
f 9022 9021 10460
f 9031 9029 9032
f 9036 10419 10800
f 9054 9336 9037
f 9055 9037 9336
f 9055 9053 9038
f 9041 9039 9040
f 9043 9039 9041
f 9043 9049 9039
f 9042 9041 9040
f 10949 9042 9040
f 9045 9041 9042
f 9044 9043 9041
f 9045 9044 9041
f 9048 9043 9044
f 9048 9049 9043
f 9048 9051 9049
f 9050 9051 9048
f 9241 9052 9053
f 9055 9242 9053
f 9242 9241 9053
f 9054 9333 9335
f 9054 9335 9336
f 9055 9337 9242
f 9055 9336 9337
f 9058 9057 9218
f 9230 9218 9057
f 9058 9217 9215
f 9058 9216 9217
f 9058 9218 9216
f 9059 9060 9062
f 9061 9064 9062
f 11632 9061 9062
f 9061 9063 9064
f 9070 9068 9078
f 9071 9068 9073
f 9071 9078 9068
f 9070 9078 9072
f 9071 9073 9074
f 9071 9074 9075
f 9071 9075 9078
f 9238 9249 9079
f 9079 9247 9245
f 9079 9249 9247
f 9080 9245 9244
f 9083 9086 9085
f 9096 9097 9088
f 9094 9090 9091
f 9090 9097 9091
f 9094 9091 9104
f 9091 9097 9099
f 9093 9094 9092
f 9094 9104 9092
f 9101 9092 9102
f 9102 9092 9104
f 9093 11430 9094
f 9095 9098 9096
f 9096 9098 9097
f 9097 9098 9099
f 9102 9104 9103
f 9110 9106 9105
f 9109 9108 9106
f 9110 9109 9106
f 9111 9108 9109
f 9136 9109 9110
f 9131 9111 9109
f 9131 9109 9136
f 9131 9112 9111
f 9132 9123 9112
f 9132 9112 9131
f 9117 9113 9114
f 9115 9124 9116
f 9115 9117 9119
f 9115 9119 9118
f 9115 9118 9124
f 9118 9119 9121
f 9129 9118 9121
f 9126 9124 9118
f 9126 9118 9129
f 9119 9120 9121
f 9120 9123 9121
f 9120 9122 9123
f 9132 9121 9123
f 9129 9121 9132
f 9129 9132 9130
f 9130 9134 9133
f 9137 9138 9143
f 9146 9145 9140
f 9147 9149 9148
f 9148 9149 9150
f 9243 9154 9153
f 9243 9157 9154
f 9158 9157 9337
f 9243 9337 9157
f 9158 9336 9335
f 9158 9337 9336
f 9159 9166 9160
f 9159 9160 10953
f 9159 9161 9164
f 9159 10997 9161
f 9159 9164 9166
f 9159 10953 10997
f 9160 9166 9221
f 9161 9162 9164
f 9162 9163 9164
f 9163 9165 9164
f 9163 9167 9165
f 9163 9172 9167
f 9164 9165 9166
f 9165 9229 9166
f 9165 9167 9168
f 9165 9168 9229
f 9166 9227 9221
f 9166 9229 9227
f 9167 9216 9168
f 9167 9172 9171
f 9167 9171 9216
f 9168 9216 9218
f 9168 9218 9230
f 9168 9230 9229
f 9171 9172 9170
f 9171 9217 9216
f 9181 9180 9205
f 9205 9180 9192
f 9181 9184 9182
f 9207 9184 9181
f 9207 9181 9205
f 9207 9206 9183
f 9185 9188 9187
f 9185 9187 9192
f 9187 9189 9191
f 9187 9191 9192
f 9200 9191 9189
f 9200 9189 9197
f 9203 9192 9191
f 9201 9191 9200
f 9203 9191 9201
f 9205 9192 9203
f 9200 9194 9195
f 9198 9194 9197
f 9200 9197 9194
f 9201 9200 9195
f 9209 9203 9201
f 9205 9203 9202
f 9209 9202 9203
f 9207 9205 9202
f 9207 9202 9206
f 9206 9202 9210
f 9209 9210 9202
f 9206 9210 9212
f 9209 9211 9210
f 9212 9215 9214
f 9214 9215 9217
f 10783 9219 9562
f 9227 9220 9222
f 9228 9220 9227
f 9227 9222 9221
f 9229 9228 9227
f 9230 9228 9229
f 9233 9231 9232
f 9233 9235 9231
f 9235 9234 9231
f 9233 9232 9270
f 9232 9265 9270
f 9233 9236 9235
f 9233 9269 9236
f 9233 9270 9269
f 9269 9237 9236
f 9272 9239 9237
f 9272 9237 9269
f 9238 9297 9249
f 9238 9296 9297
f 9272 9271 9239
f 9274 9239 9271
f 9296 9239 9274
f 9243 9242 9337
f 9244 9245 9246
f 9244 9246 9287
f 9665 9244 9287
f 9245 9247 9246
f 9247 9288 9246
f 9249 9289 9247
f 9247 9289 9288
f 9249 9294 9289
f 9249 9297 9294
f 9254 9250 9251
f 9255 9250 9254
f 9254 9251 9252
f 9252 9253 9285
f 9254 9252 9293
f 9252 9285 9293
f 9253 9283 9285
f 9292 9255 9254
f 9292 9254 9293
f 9292 9274 9255
f 9256 9257 9258
f 9256 9261 9257
f 9256 9258 9267
f 9257 9272 9258
f 9257 9261 9262
f 9257 9262 9263
f 9257 9263 9272
f 9258 9270 9267
f 9258 9269 9270
f 9258 9272 9269
f 9259 9260 9261
f 9260 9262 9261
f 9272 9263 9271
f 9267 9265 9266
f 9270 9265 9267
f 9296 9274 9292
f 9276 9277 9278
f 9281 9288 9284
f 9283 9284 9285
f 9284 9289 9285
f 9284 9288 9289
f 9285 9289 9294
f 9285 9294 9293
f 9292 9293 9297
f 9296 9292 9297
f 9293 9294 9297
f 9295 9347 11457
f 9312 9300 9299
f 9312 9299 9318
f 9312 9301 9300
f 9311 9310 9301
f 9311 9301 9312
f 9302 9307 9303
f 9302 9303 9324
f 9302 9305 9307
f 9303 9304 9324
f 9303 9330 9304
f 9303 9307 9308
f 9303 9308 9330
f 9304 9325 9324
f 9304 9328 9325
f 9304 9330 9328
f 9309 9307 9305
f 9308 9307 9310
f 9310 9307 9309
f 9308 9310 9311
f 9308 9311 9316
f 9308 9316 9330
f 9311 9312 9317
f 9311 9317 9316
f 9312 9318 9317
f 9316 9317 9333
f 9316 9332 9330
f 9316 9333 9332
f 9317 9318 9333
f 9318 9335 9333
f 9323 9324 9325
f 9325 9328 9715
f 11457 9339 11456
f 10492 9358 10801
f 10801 9358 10797
f 9359 9364 9362
f 9411 9385 9386
f 9826 9390 9387
f 9429 9427 9428
f 11308 9436 11741
f 10019 9438 10017
f 9455 9453 10362
f 9471 11824 11816
f 11845 9475 11847
f 9476 9479 9478
f 9480 9482 9487
f 9480 9487 9485
f 9490 9489 9483
f 9485 9487 11816
f 9485 11816 11824
f 9508 10440 9509
f 9516 9515 10517
f 12180 9518 9517
f 11994 9527 11997
f 9543 9530 12017
f 9545 9547 9533
f 9545 9533 11923
f 9538 9535 9537
f 10368 9539 9538
f 9550 10547 9548
f 9556 9561 12052
f 9874 9559 11866
f 11872 11866 9559
f 11875 11872 9559
f 9569 12129 9580
f 9571 9574 9575
f 9597 9576 9585
f 9576 10756 9585
f 9576 10755 10756
f 9580 12129 11892
f 9591 9582 9581
f 9583 9581 9584
f 9581 9583 9600
f 9600 9591 9581
f 9599 9591 9600
f 9595 9592 9594
f 9595 9594 10558
f 9595 10558 10559
f 10361 9598 9603
f 9631 11850 11846
f 9636 12122 10274
f 9640 9642 10078
f 9812 9642 9818
f 10545 11235 9653
f 9808 9654 9804
f 9891 9657 9660
f 9891 9894 9657
f 11225 11244 9666
f 9812 9818 9667
f 9669 10507 10508
f 10813 9676 9675
f 10386 9677 9678
f 10782 9686 9687
f 9692 9691 9690
f 9718 10949 9719
f 9719 10952 10951
f 9736 9738 9737
f 9737 9738 10995
f 9750 9753 9749
f 9763 9768 9767
f 11073 9779 11076
f 9787 11060 9786
f 9830 11712 9825
f 9836 10367 10023
f 9836 11238 10367
f 9844 9839 9840
f 10050 9852 11593
f 11113 9862 9865
f 11197 11195 9868
f 9912 9910 9911
f 9916 9917 11245
f 9934 9936 9935
f 9939 9938 9937
f 11545 11543 9938
f 11529 9942 10131
f 9950 11297 9951
f 9951 11297 11295
f 9962 9963 9965
f 10002 9990 11849
f 11633 11849 9990
f 9992 11097 11099
f 9994 10020 10000
f 11427 11426 9995
f 10066 10067 11709
f 10072 10071 11664
f 11664 10071 11663
f 10182 10079 10121
f 11678 10097 11677
f 11679 11677 10097
f 10104 11343 10106
f 10108 10109 11703
f 10128 10127 10126
f 10133 10134 10137
f 10556 10158 10159
f 11669 11790 10178
f 10226 10228 10227
f 10227 10228 12010
f 11355 10232 10709
f 11355 11356 10232
f 10249 10250 10251
f 10249 11833 10250
f 10250 11853 10251
f 11833 12004 10250
f 10269 10270 11889
f 10320 12131 10277
f 10296 10313 10287
f 10288 12157 12158
f 10701 10697 10317
f 10320 12133 12131
f 11474 10378 10377
f 10389 10390 10387
f 11207 10398 10400
f 11085 10398 11207
f 10834 10403 10439
f 10404 10405 10406
f 10405 11428 11516
f 11419 10406 10408
f 11561 10412 11576
f 10413 11628 11627
f 10800 10419 10794
f 10795 10423 10793
f 10795 10794 10423
f 12065 10437 10436
f 10835 10442 10443
f 10450 12081 11042
f 10461 10463 10462
f 10525 10523 10524
f 10569 10567 10582
f 10573 10571 10569
f 10578 10579 10580
f 11933 10587 11934
f 10594 10595 10593
f 10598 10599 10596
f 11018 10646 10602
f 10670 10682 10671
f 10670 10680 10682
f 10671 10682 10676
f 10675 10682 10680
f 10696 10694 10690
f 11916 12024 10746
f 11604 10748 11635
f 10883 10819 10821
f 10858 10859 10860
f 10885 10887 12025
f 10887 11538 12027
f 10887 12027 12025
f 10954 10962 11115
f 11612 11615 11032
f 11056 11050 11052
f 11110 11193 11194
f 11186 11129 11122
f 11123 11124 11125
f 11186 11127 11190
f 11129 11191 11192
f 11180 11822 11465
f 11428 11187 11516
f 11212 11213 11220
f 11212 11220 11222
f 11220 11221 11222
f 11260 11253 11258
f 11260 11258 12054
f 11274 11270 11269
f 11295 11287 11291
f 11297 11287 11295
f 11297 11296 11287
f 11409 11404 11403
f 11407 11405 11406
f 11429 11433 11436
f 11448 12140 11447
f 12141 11447 12140
f 11500 11503 11502
f 11542 11504 11527
f 11533 11532 11531
f 11547 11623 11607
f 11547 11620 11623
f 11548 11567 11558
f 11550 11553 11551
f 11553 11555 11554
f 11579 11577 11578
f 11607 11623 11617
f 11611 11614 11612
f 11671 11656 11666
f 12031 11666 11656
f 11667 11704 11703
f 11679 11676 11677
f 11794 11786 11876
f 11794 11876 11966
f 11795 11966 12162
f 11821 11822 11820
f 12033 12034 11823
f 11827 11829 11830
f 11828 11830 11829
f 12003 12004 11833
f 11844 11845 11847
f 11878 12179 11877
f 11914 11950 11949
f 11927 11940 11937
f 11952 11937 11940
f 11953 11979 11955
f 11957 11955 11958
f 11973 11971 11974
f 11983 11990 11987
f 12050 12056 12055
f 12078 12071 12077
f 12184 12192 12183
