OFF
11710 23416 35124
0.315285 -0.133116 0.103919
0.296604 -0.136637 0.105813
0.283557 -0.135110 0.101799
-0.273641 -0.141136 0.104656
-0.289482 -0.136805 0.104155
-0.305746 -0.133586 0.103005
-0.322853 -0.131028 0.101078
0.328946 -0.144446 0.105768
0.312752 -0.149347 0.109942
0.299227 -0.147450 0.110753
0.282642 -0.147222 0.109806
0.263638 -0.146980 0.105906
0.244441 -0.152989 0.107646
0.230303 -0.152815 0.106371
0.214004 -0.153361 0.105651
0.197416 -0.153628 0.104781
0.179304 -0.153321 0.104067
0.160583 -0.153751 0.104441
0.143180 -0.153751 0.104441
0.126489 -0.154460 0.105139
0.110554 -0.153667 0.104422
0.093127 -0.153010 0.104070
0.075304 -0.151284 0.102268
0.056763 -0.149124 0.098786
-0.054784 -0.151883 0.102477
-0.068042 -0.151351 0.104064
-0.084205 -0.151852 0.104939
-0.100716 -0.152710 0.105546
-0.116794 -0.153267 0.105433
-0.133257 -0.153532 0.104767
-0.151350 -0.153303 0.104067
-0.170071 -0.153751 0.104441
-0.186762 -0.154460 0.105139
-0.202706 -0.153726 0.104442
-0.220204 -0.153359 0.104475
-0.238235 -0.152070 0.104714
-0.258591 -0.148811 0.105870
-0.276970 -0.151020 0.110419
-0.289744 -0.147408 0.110231
-0.304867 -0.144725 0.108891
-0.318137 -0.141482 0.106623
0.316666 -0.161676 0.108991
0.300331 -0.161763 0.112059
0.283795 -0.161240 0.112596
0.266189 -0.161226 0.111697
0.248197 -0.162311 0.111135
0.231055 -0.163430 0.111030
0.214423 -0.163684 0.110640
0.197413 -0.163791 0.110330
0.180147 -0.163818 0.110183
0.162758 -0.163823 0.110161
0.145355 -0.163823 0.110161
0.127952 -0.163823 0.110161
0.110567 -0.163790 0.110161
0.093403 -0.163462 0.110100
0.076911 -0.162637 0.109332
0.060248 -0.162075 0.106679
0.041673 -0.161773 0.101155
-0.065626 -0.163105 0.108321
-0.081994 -0.163215 0.109876
-0.099040 -0.163421 0.110306
-0.116148 -0.163668 0.110408
-0.133242 -0.163783 0.110304
-0.150507 -0.163814 0.110183
-0.167896 -0.163823 0.110161
-0.185299 -0.163823 0.110161
-0.202702 -0.163823 0.110161
-0.220117 -0.163777 0.110165
-0.237687 -0.163371 0.110232
-0.255730 -0.162494 0.110580
-0.273681 -0.161802 0.111418
-0.290154 -0.160156 0.111566
-0.302920 -0.155920 0.110637
0.301027 -0.175564 0.108853
0.284328 -0.175005 0.110667
0.267022 -0.174831 0.110758
0.249465 -0.175024 0.110512
0.232023 -0.175393 0.110377
0.214788 -0.175575 0.110282
0.197523 -0.175584 0.110196
0.180155 -0.175586 0.110167
0.162758 -0.175586 0.110161
0.145355 -0.175586 0.110161
0.127952 -0.175586 0.110161
0.110555 -0.175565 0.110161
0.093299 -0.175264 0.110157
0.076947 -0.174167 0.110021
0.064079 -0.171827 0.109033
-0.064375 -0.175418 0.106733
-0.081159 -0.175540 0.109284
-0.098380 -0.175537 0.110101
-0.115746 -0.175561 0.110179
-0.133118 -0.175581 0.110179
-0.150499 -0.175586 0.110167
-0.167896 -0.175586 0.110161
-0.185299 -0.175586 0.110161
-0.202702 -0.175586 0.110161
-0.220104 -0.175586 0.110161
-0.237520 -0.175551 0.110165
-0.255008 -0.175352 0.110202
-0.272436 -0.174910 0.110207
-0.289426 -0.173595 0.109683
-0.308015 -0.170157 0.106959
0.662060 0.222321 0.087115
0.644835 0.220577 0.087509
0.629972 0.217442 0.086378
0.622853 0.214130 0.086035
0.647504 0.204237 0.092162
0.630529 0.204230 0.092017
0.617619 0.205384 0.087738
0.648378 0.186343 0.093046
0.631797 0.186972 0.095203
0.614749 0.187701 0.093569
0.599005 0.186660 0.088157
0.589946 0.181270 0.086672
-0.642611 0.178742 0.086658
-0.661930 0.183939 0.088842
-0.679000 0.185404 0.087827
-0.693098 0.184563 0.085210
0.646528 0.168521 0.091754
0.631918 0.169390 0.095631
0.615065 0.169766 0.096378
0.597860 0.170510 0.093814
0.583718 0.171089 0.088013
-0.626072 0.160997 0.088482
-0.643600 0.163172 0.092799
-0.656900 0.168460 0.092730
-0.672752 0.170764 0.091015
-0.688939 0.172575 0.086479
0.630716 0.152045 0.093331
0.614978 0.152152 0.096386
0.597811 0.152385 0.096487
0.581114 0.152673 0.093896
0.566352 0.152317 0.087414
-0.608520 0.144095 0.088930
-0.626160 0.145582 0.093548
-0.639723 0.149948 0.094270
-0.654868 0.153226 0.094065
-0.667369 0.157972 0.092463
0.613939 0.134205 0.093951
0.597697 0.134682 0.096654
0.580424 0.134905 0.096495
0.563547 0.134719 0.093829
0.547136 0.133039 0.087406
0.535128 0.124488 0.084802
-0.570692 0.116754 0.087716
-0.590115 0.128556 0.088853
-0.608194 0.129142 0.093622
-0.621669 0.133165 0.094525
-0.637057 0.135351 0.094518
-0.652340 0.138423 0.093263
-0.668524 0.143198 0.089024
0.596614 0.116623 0.095042
0.580313 0.117334 0.096988
0.563068 0.117410 0.096592
0.546609 0.116925 0.094239
0.533062 0.115329 0.090040
-0.556003 0.102496 0.088833
-0.573382 0.107139 0.093437
-0.586956 0.113051 0.093840
-0.603268 0.116816 0.094542
-0.619006 0.119133 0.094541
-0.632237 0.123123 0.093743
0.592982 0.098565 0.092296
0.579364 0.099743 0.096095
0.562947 0.100020 0.097182
0.545978 0.099996 0.096674
0.530456 0.099711 0.094484
0.518810 0.099434 0.089023
-0.539141 0.085795 0.089036
-0.556753 0.090480 0.093875
-0.570148 0.095712 0.094964
-0.585366 0.099309 0.095520
-0.600785 0.102502 0.094702
-0.614516 0.106860 0.093671
0.576413 0.082311 0.093394
0.562113 0.082605 0.096433
0.545591 0.082636 0.097207
0.528927 0.082621 0.096595
0.514070 0.082591 0.094043
0.503003 0.082516 0.087835
-0.521801 0.068495 0.089061
-0.539569 0.073070 0.093904
-0.553192 0.078323 0.094992
-0.568441 0.082006 0.095653
-0.583579 0.085294 0.094933
-0.596982 0.089935 0.093804
0.559510 0.064786 0.093421
0.544734 0.065233 0.096465
0.528212 0.065233 0.097196
0.511675 0.065233 0.096490
0.497062 0.065234 0.093700
0.486629 0.065972 0.086850
-0.504404 0.051100 0.089062
-0.522073 0.055758 0.093922
-0.535724 0.060789 0.095051
-0.551493 0.063835 0.095615
-0.567094 0.067015 0.094696
-0.580302 0.072227 0.093556
0.542129 0.047403 0.093433
0.527331 0.047830 0.096465
0.510815 0.047830 0.097191
0.494298 0.047831 0.096465
0.479500 0.048258 0.093433
0.468329 0.047184 0.087187
-0.486998 0.033697 0.089062
-0.504767 0.038276 0.093917
-0.518396 0.043462 0.095054
-0.533725 0.046728 0.095784
-0.549103 0.049032 0.095113
-0.564719 0.051667 0.093372
-0.582006 0.055786 0.087721
0.524726 0.030001 0.093433
0.509928 0.030428 0.096465
0.493412 0.030428 0.097191
0.476895 0.030428 0.096465
0.462097 0.030855 0.093433
0.450930 0.029784 0.087186
-0.469583 0.016312 0.089054
-0.487224 0.021032 0.093922
-0.500903 0.026103 0.095054
-0.516698 0.029132 0.095698
-0.532213 0.032168 0.095088
-0.545202 0.036481 0.094207
0.507323 0.012598 0.093433
0.492525 0.013025 0.096465
0.476009 0.013025 0.097191
0.459493 0.013025 0.096465
0.444717 0.013472 0.093421
0.433712 0.012528 0.087122
-0.452180 -0.001097 0.089027
-0.469798 0.003692 0.093922
-0.483300 0.009074 0.095058
-0.498654 0.012514 0.095770
-0.514307 0.014945 0.095059
-0.530138 0.017675 0.093554
-0.546441 0.022075 0.089682
0.489920 -0.004805 0.093433
0.475122 -0.004378 0.096465
0.458606 -0.004378 0.097191
0.442114 -0.004347 0.096433
0.427810 -0.004052 0.093396
0.417865 -0.003444 0.086688
-0.434760 -0.018500 0.088996
-0.452395 -0.013711 0.093922
-0.465891 -0.008278 0.095058
-0.481147 -0.004424 0.095764
-0.496404 -0.001006 0.095071
-0.509905 0.003174 0.094012
0.472358 -0.021781 0.093700
0.457745 -0.021781 0.096490
0.441216 -0.021762 0.097167
0.424851 -0.021485 0.096099
0.411167 -0.020333 0.092305
0.404660 -0.017187 0.085298
-0.417329 -0.035896 0.088989
-0.434992 -0.031114 0.093922
-0.448488 -0.025681 0.095058
-0.463744 -0.021781 0.095764
-0.479000 -0.017931 0.095058
-0.492486 -0.012863 0.093932
0.455318 -0.039184 0.094063
0.440473 -0.039180 0.096612
0.423837 -0.039072 0.097006
0.407465 -0.038394 0.095080
0.393444 -0.036068 0.088001
-0.399909 -0.053295 0.088995
-0.417589 -0.048517 0.093922
-0.431085 -0.043084 0.095058
-0.446341 -0.039184 0.095764
-0.461598 -0.035284 0.095058
-0.475093 -0.029892 0.093922
0.438650 -0.056587 0.094798
0.423328 -0.056574 0.096848
0.406405 -0.056419 0.096738
0.389706 -0.056176 0.094151
0.373140 -0.058183 0.087448
0.361025 -0.067083 0.084765
-0.382503 -0.070645 0.089001
-0.400186 -0.065920 0.093922
-0.413682 -0.060486 0.095058
-0.428938 -0.056587 0.095764
-0.444195 -0.052687 0.095058
-0.457691 -0.047253 0.093922
0.422048 -0.073989 0.095594
0.406179 -0.073970 0.097078
0.389085 -0.073891 0.096652
0.372754 -0.074227 0.094325
0.359236 -0.075881 0.090135
-0.365095 -0.087575 0.089076
-0.382784 -0.083286 0.093926
-0.396279 -0.077889 0.095058
-0.411536 -0.073989 0.095764
-0.426792 -0.070089 0.095058
-0.440288 -0.064656 0.093922
0.419203 -0.091377 0.092613
0.405286 -0.091374 0.096211
0.389062 -0.091209 0.097251
0.372482 -0.090872 0.096885
0.357526 -0.090681 0.094866
0.345393 -0.091268 0.089543
-0.347490 -0.103677 0.089749
-0.365365 -0.100398 0.094073
-0.378877 -0.095249 0.095065
-0.394133 -0.091392 0.095764
-0.409389 -0.087492 0.095058
-0.422885 -0.082059 0.093922
0.403050 -0.108813 0.093679
0.388406 -0.108458 0.096796
0.372551 -0.107460 0.097879
0.356897 -0.106600 0.097690
0.344499 -0.104472 0.095221
0.326873 -0.110149 0.090450
-0.328373 -0.117447 0.091833
-0.347188 -0.117013 0.095701
-0.361347 -0.112464 0.095658
-0.376730 -0.108801 0.095807
-0.391994 -0.104916 0.095042
-0.405487 -0.099476 0.093910
0.386576 -0.125946 0.094932
0.371393 -0.124528 0.098122
0.358250 -0.120650 0.099108
0.340012 -0.122888 0.099889
0.271338 -0.133369 0.091721
-0.255786 -0.138708 0.093909
-0.341267 -0.129615 0.099211
-0.358667 -0.127113 0.097231
-0.374593 -0.122805 0.095265
-0.388171 -0.117117 0.093803
0.369786 -0.142081 0.096580
0.351328 -0.139531 0.100932
0.036812 -0.144793 0.092000
0.015815 -0.145897 0.089488
-0.002029 -0.145499 0.088328
-0.020282 -0.144736 0.089088
-0.040285 -0.145002 0.093493
-0.334059 -0.144163 0.103195
-0.355168 -0.145060 0.097614
-0.370888 -0.136542 0.094404
0.368391 -0.157431 0.092437
0.353669 -0.158095 0.097527
0.334946 -0.160010 0.103012
0.021962 -0.161281 0.096373
0.003176 -0.160847 0.094376
-0.014799 -0.160489 0.094834
-0.032754 -0.160564 0.098380
-0.049723 -0.161914 0.103881
-0.320331 -0.156153 0.106797
-0.342657 -0.161302 0.098891
-0.359638 -0.159747 0.093802
-0.373840 -0.152048 0.087931
0.317241 -0.177365 0.102853
0.048324 -0.174717 0.103994
0.026185 -0.177567 0.096951
0.005925 -0.175431 0.094369
-0.012209 -0.174904 0.094257
-0.030321 -0.175006 0.096574
-0.047807 -0.175225 0.101489
-0.326899 -0.170576 0.100876
0.308838 -0.186903 0.098571
0.299850 -0.186216 0.102101
0.284229 -0.185782 0.104016
0.267150 -0.185600 0.104482
0.249753 -0.185590 0.104489
0.232338 -0.185624 0.104467
0.214944 -0.185655 0.104454
0.197558 -0.185661 0.104445
0.180161 -0.185658 0.104441
0.162758 -0.185658 0.104441
0.145355 -0.185658 0.104441
0.127952 -0.185658 0.104441
0.110549 -0.185653 0.104441
0.093162 -0.185513 0.104441
0.076033 -0.184612 0.104436
0.060074 -0.181825 0.104344
-0.065027 -0.185821 0.099526
-0.081238 -0.185682 0.102966
-0.098313 -0.185662 0.104245
-0.115687 -0.185658 0.104436
-0.133090 -0.185658 0.104441
-0.150493 -0.185658 0.104441
-0.167896 -0.185658 0.104441
-0.185299 -0.185658 0.104441
-0.202702 -0.185658 0.104441
-0.220104 -0.185658 0.104441
-0.237507 -0.185658 0.104441
-0.254908 -0.185646 0.104440
-0.272185 -0.185524 0.104414
-0.288732 -0.184662 0.104183
-0.302595 -0.181928 0.103379
0.763954 0.325696 0.067290
0.747590 0.323902 0.070469
0.731269 0.319629 0.070924
0.720893 0.314490 0.071101
0.751204 0.308440 0.074429
0.734680 0.307357 0.076131
0.720138 0.305828 0.075351
0.710870 0.306256 0.070495
-0.761756 0.290334 0.068640
-0.779762 0.300832 0.064441
-0.796987 0.301267 0.061258
0.752018 0.290690 0.075035
0.736166 0.291208 0.078252
0.719736 0.290945 0.078497
0.705446 0.290788 0.076235
0.695037 0.291016 0.070024
-0.747416 0.276536 0.071259
-0.764693 0.280928 0.074833
-0.777822 0.286353 0.072372
-0.793226 0.289354 0.066743
0.749281 0.272584 0.073862
0.735884 0.273793 0.078242
0.719711 0.274165 0.079687
0.703522 0.274256 0.079200
0.689216 0.274151 0.076669
0.678317 0.273859 0.070433
-0.730661 0.260452 0.071742
-0.748093 0.264564 0.076443
-0.761245 0.269492 0.077037
-0.775909 0.272331 0.075576
-0.789961 0.274672 0.070147
0.733030 0.256375 0.075902
0.718904 0.256959 0.079229
0.703343 0.257712 0.080354
0.688024 0.257699 0.080213
0.673622 0.256808 0.078175
0.661702 0.255756 0.072200
-0.713421 0.244706 0.071848
-0.730858 0.247748 0.076538
-0.744276 0.252773 0.077662
-0.758996 0.256216 0.078259
-0.772642 0.258539 0.076777
-0.785243 0.259776 0.071663
0.715897 0.239556 0.076740
0.701816 0.240731 0.080430
0.689739 0.244117 0.081669
0.675057 0.240622 0.082708
0.658969 0.238727 0.081923
0.643159 0.235129 0.076785
-0.675124 0.220050 0.071674
-0.695145 0.230603 0.071911
-0.713148 0.231654 0.076560
-0.726921 0.235892 0.077663
-0.742147 0.239294 0.078377
-0.756876 0.242938 0.077805
-0.768518 0.247259 0.076786
0.698149 0.222649 0.078324
0.682088 0.225394 0.083705
-0.658279 0.206730 0.074542
-0.675890 0.210245 0.078888
-0.691073 0.215758 0.078060
-0.708475 0.219618 0.078091
-0.724632 0.222345 0.078402
-0.740013 0.225809 0.077671
-0.753205 0.231127 0.076668
0.680445 0.204555 0.081651
0.664734 0.204444 0.088488
0.607488 0.202897 0.078472
-0.639509 0.191780 0.075327
-0.653508 0.194106 0.082872
-0.668947 0.198553 0.083692
-0.688392 0.199321 0.083176
-0.706005 0.204881 0.080119
-0.722320 0.208655 0.078076
-0.736087 0.213847 0.076585
0.663089 0.183796 0.086069
-0.622983 0.174992 0.076834
-0.705192 0.190107 0.081332
-0.718497 0.196250 0.077941
0.654550 0.166074 0.085809
0.573451 0.168755 0.077545
-0.605778 0.157834 0.077523
-0.702234 0.177773 0.081982
0.643276 0.152644 0.086950
0.556095 0.150736 0.076627
-0.588156 0.141250 0.077689
-0.681713 0.157846 0.087082
0.628132 0.134905 0.087005
0.610256 0.113973 0.088073
-0.649038 0.123555 0.089361
-0.660669 0.131927 0.088914
0.599446 0.095323 0.085415
-0.631990 0.108407 0.089140
0.586349 0.081691 0.086703
-0.614540 0.091890 0.088925
0.570514 0.065730 0.087122
-0.597551 0.074957 0.088597
0.553297 0.048474 0.087186
0.535354 0.030531 0.087187
-0.560857 0.036417 0.089949
-0.572083 0.044188 0.089221
0.517956 0.012719 0.086784
0.500548 -0.004275 0.087178
-0.526803 0.004046 0.089423
-0.538492 0.011440 0.089046
0.482680 -0.022230 0.087222
-0.509951 -0.009731 0.089197
0.466425 -0.039119 0.087779
0.381125 -0.040907 0.075585
-0.492709 -0.025636 0.089072
0.450315 -0.056561 0.089050
-0.475316 -0.042523 0.089061
0.434799 -0.073979 0.090921
-0.457908 -0.059878 0.089058
0.428695 -0.091182 0.084533
-0.440509 -0.077281 0.089042
0.414098 -0.108478 0.086718
0.300895 -0.124795 0.094980
0.310902 -0.112805 0.078295
0.286011 -0.128377 0.093456
-0.272628 -0.133192 0.093672
-0.289706 -0.128980 0.093349
-0.307475 -0.124192 0.092614
-0.308120 -0.117301 0.078517
-0.423124 -0.094695 0.089008
0.398487 -0.126226 0.088014
0.247321 -0.142906 0.097047
0.257818 -0.135019 0.079174
0.228429 -0.146358 0.098364
0.214746 -0.146466 0.095181
0.197579 -0.147135 0.093936
0.181562 -0.147002 0.092564
0.164859 -0.147385 0.093640
0.147450 -0.147381 0.093644
0.128742 -0.147518 0.094287
0.110397 -0.146650 0.093522
0.092460 -0.144422 0.092421
0.072566 -0.138940 0.088566
0.077635 -0.129516 0.070872
0.053638 -0.137312 0.088322
0.060167 -0.128205 0.075956
0.042501 -0.129323 0.077739
0.024402 -0.132065 0.078617
0.008522 -0.134498 0.080010
-0.007844 -0.129990 0.074849
-0.028509 -0.130430 0.077454
-0.056614 -0.140934 0.093653
-0.046674 -0.130420 0.079072
-0.072512 -0.141556 0.094904
-0.064020 -0.132326 0.080672
-0.088695 -0.143583 0.096051
-0.079099 -0.136445 0.084645
-0.103295 -0.146045 0.098075
-0.116138 -0.145880 0.095217
-0.133064 -0.146747 0.093958
-0.149026 -0.146853 0.092576
-0.165744 -0.147341 0.093631
-0.184488 -0.147565 0.094276
-0.202790 -0.147224 0.093644
-0.220356 -0.146223 0.093711
-0.238298 -0.143550 0.093921
-0.405829 -0.112314 0.088826
0.382906 -0.143074 0.090248
-0.388970 -0.130957 0.088335
0.376569 -0.158312 0.083782
0.364519 -0.167600 0.085880
0.355725 -0.168290 0.091041
0.337518 -0.174897 0.093290
-0.340188 -0.175754 0.090677
-0.356307 -0.168828 0.089308
-0.365469 -0.163466 0.089183
0.316054 -0.187470 0.089826
0.299550 -0.191544 0.091813
0.283989 -0.192112 0.093139
0.267130 -0.192116 0.093599
0.249772 -0.192105 0.093645
0.232369 -0.192105 0.093645
0.214966 -0.192105 0.093645
0.197564 -0.192105 0.093645
0.180161 -0.192105 0.093645
0.162758 -0.192105 0.093645
0.145355 -0.192105 0.093645
0.127952 -0.192105 0.093645
0.110549 -0.192105 0.093645
0.093143 -0.192081 0.093645
0.075695 -0.191735 0.093644
0.058180 -0.190426 0.093619
0.039596 -0.186864 0.093814
0.020519 -0.188839 0.087720
0.005881 -0.186647 0.088021
-0.011407 -0.185853 0.087791
-0.029478 -0.185868 0.088759
-0.049839 -0.187023 0.091986
-0.068350 -0.191852 0.089376
-0.081929 -0.192086 0.092057
-0.098431 -0.192105 0.093292
-0.115693 -0.192105 0.093623
-0.133090 -0.192105 0.093645
-0.150493 -0.192105 0.093645
-0.167896 -0.192105 0.093645
-0.185299 -0.192105 0.093645
-0.202702 -0.192105 0.093645
-0.220104 -0.192105 0.093645
-0.237507 -0.192105 0.093645
-0.254904 -0.192105 0.093651
-0.272257 -0.192050 0.093688
-0.289198 -0.191473 0.093900
-0.304811 -0.189122 0.094446
-0.320145 -0.182216 0.095138
-0.334930 -0.183905 0.079080
0.777241 0.350291 0.053155
0.769219 0.351973 0.053420
0.755239 0.351194 0.052932
0.744385 0.348536 0.049643
0.773156 0.341104 0.059675
0.759191 0.339692 0.062733
0.742042 0.336405 0.061264
-0.774650 0.309848 0.052914
-0.793106 0.314113 0.052878
-0.810708 0.318680 0.044013
0.766667 0.308485 0.068224
-0.808417 0.304968 0.052399
0.764937 0.287715 0.066437
-0.806574 0.290919 0.057836
0.755618 0.269315 0.066813
-0.802264 0.276266 0.060852
0.742940 0.255742 0.069064
0.726606 0.239387 0.069792
-0.778328 0.248170 0.073182
0.709312 0.222483 0.070532
0.624049 0.219252 0.078478
-0.769136 0.235581 0.072381
0.691882 0.205307 0.072114
-0.753505 0.218606 0.071804
0.675243 0.187397 0.074854
0.590079 0.185660 0.079218
-0.736240 0.201171 0.072046
0.661750 0.169872 0.077612
-0.718796 0.183398 0.073805
0.651828 0.156202 0.079890
-0.570256 0.126015 0.077510
-0.701401 0.165275 0.076823
0.639208 0.139249 0.075400
0.538639 0.131962 0.075499
-0.552942 0.110974 0.077507
-0.686105 0.146732 0.077408
0.621930 0.118481 0.076568
0.525882 0.115067 0.082301
-0.536051 0.094661 0.077702
-0.668738 0.128947 0.079705
0.606646 0.099822 0.076783
0.512472 0.099063 0.079245
-0.518795 0.077569 0.077754
-0.652088 0.111639 0.078224
0.591957 0.082758 0.076672
0.497419 0.082159 0.077606
-0.501947 0.060734 0.077758
-0.634782 0.095067 0.077674
0.575901 0.066150 0.076903
0.480639 0.064624 0.077022
-0.483902 0.043316 0.076795
-0.600459 0.062099 0.076456
-0.617715 0.078707 0.076381
0.560584 0.050878 0.078428
0.462311 0.046113 0.077960
-0.466616 0.025372 0.077717
-0.587622 0.047941 0.075439
-0.595611 0.054519 0.064191
0.540411 0.030506 0.076991
0.444666 0.028539 0.077557
-0.449250 0.007882 0.077480
-0.575353 0.038979 0.082009
0.525811 0.016093 0.078435
0.428299 0.012099 0.076862
-0.431731 -0.009611 0.077057
-0.562453 0.024979 0.079197
0.506524 -0.003326 0.077532
0.412119 -0.004601 0.076369
-0.413990 -0.026961 0.076803
-0.529407 -0.005222 0.078435
-0.545474 0.009152 0.080164
0.489609 -0.020326 0.077397
0.397082 -0.022007 0.075872
-0.396300 -0.044270 0.076820
-0.513006 -0.019074 0.077915
0.472709 -0.038258 0.077102
-0.378793 -0.061563 0.076864
-0.495797 -0.034697 0.077748
0.457199 -0.056075 0.078605
0.363689 -0.059887 0.074830
-0.361350 -0.078267 0.076869
-0.478311 -0.051583 0.077728
0.442922 -0.073792 0.081593
0.351735 -0.076187 0.082204
-0.343893 -0.093853 0.077034
-0.460906 -0.068950 0.077599
0.433239 -0.090348 0.071783
0.338472 -0.090503 0.078932
0.326047 -0.101234 0.075188
-0.326201 -0.107121 0.077682
-0.443611 -0.086372 0.077330
0.420528 -0.107193 0.075627
0.289883 -0.123075 0.080705
0.274377 -0.128474 0.075630
0.081776 -0.125450 0.056526
0.067491 -0.121578 0.059849
0.050511 -0.120031 0.061699
0.032523 -0.121089 0.062682
-0.003782 -0.120162 0.058193
-0.019203 -0.120376 0.060803
-0.036875 -0.120580 0.062112
-0.055007 -0.122899 0.063336
-0.255533 -0.134236 0.079086
-0.272916 -0.129042 0.079105
-0.290313 -0.123906 0.079045
-0.426505 -0.103892 0.076962
0.406975 -0.124198 0.077203
0.235343 -0.141160 0.082747
0.215369 -0.143622 0.079839
0.197281 -0.144860 0.079002
0.179511 -0.145224 0.078965
0.161969 -0.145267 0.079048
0.144555 -0.145129 0.079083
0.127224 -0.144460 0.079184
0.109947 -0.142349 0.078891
0.092740 -0.137404 0.076830
0.094128 -0.132519 0.060284
-0.096317 -0.139143 0.083748
-0.115212 -0.141732 0.080133
-0.133016 -0.143704 0.079178
-0.150599 -0.144615 0.078965
-0.168261 -0.145007 0.078886
-0.185952 -0.145183 0.078960
-0.203497 -0.144731 0.079074
-0.220934 -0.142949 0.079228
-0.238255 -0.139137 0.079267
-0.409823 -0.121994 0.076030
0.391022 -0.144163 0.077462
-0.393591 -0.142193 0.073566
0.378412 -0.160587 0.072142
-0.380170 -0.158021 0.075099
0.366415 -0.169983 0.075329
0.349616 -0.177602 0.079532
-0.355354 -0.175930 0.075660
-0.368401 -0.166172 0.081420
0.328849 -0.186260 0.077883
0.313300 -0.191875 0.074536
0.300272 -0.193624 0.077481
0.284096 -0.194666 0.078636
0.267124 -0.194910 0.079018
0.249772 -0.194924 0.079061
0.232369 -0.194924 0.079061
0.214966 -0.194924 0.079061
0.197564 -0.194924 0.079061
0.180161 -0.194924 0.079061
0.162758 -0.194924 0.079061
0.145355 -0.194924 0.079061
0.127952 -0.194924 0.079061
0.110549 -0.194924 0.079061
0.093147 -0.194924 0.079061
0.075731 -0.194883 0.079061
0.058201 -0.194505 0.079049
0.039919 -0.193514 0.079236
0.021904 -0.193288 0.077223
0.005310 -0.192845 0.076632
-0.011425 -0.192350 0.076425
-0.028859 -0.192200 0.076718
-0.046907 -0.192555 0.077546
-0.064960 -0.193711 0.077889
-0.081929 -0.194725 0.078103
-0.098533 -0.194913 0.078730
-0.115705 -0.194924 0.079028
-0.133090 -0.194924 0.079061
-0.150493 -0.194924 0.079061
-0.167896 -0.194924 0.079061
-0.185299 -0.194924 0.079061
-0.202702 -0.194924 0.079061
-0.220104 -0.194924 0.079061
-0.237507 -0.194924 0.079061
-0.254896 -0.194916 0.079084
-0.272168 -0.194839 0.079227
-0.289271 -0.194293 0.079588
-0.305868 -0.192475 0.080520
-0.318731 -0.189156 0.083379
0.781345 0.345379 0.052074
0.779081 0.328405 0.057275
0.722942 0.322139 0.062522
-0.760572 0.298789 0.057521
-0.822993 0.320603 0.032712
0.778409 0.307421 0.056968
0.705862 0.307185 0.060054
-0.744216 0.284861 0.059598
-0.819780 0.306729 0.039627
0.774543 0.290550 0.052685
0.688990 0.290263 0.059535
-0.727590 0.269327 0.060533
-0.816186 0.291788 0.044909
0.762246 0.273540 0.057213
0.671914 0.272556 0.059997
-0.711081 0.254401 0.061200
0.748464 0.256807 0.058828
0.654927 0.253922 0.061009
-0.677341 0.228112 0.061336
-0.694670 0.240971 0.061409
-0.795704 0.263074 0.063969
0.732619 0.240517 0.059533
0.637682 0.235002 0.062375
-0.659618 0.214669 0.062318
-0.787405 0.246736 0.063135
0.715680 0.224105 0.059956
0.620395 0.216980 0.063720
-0.641968 0.199370 0.063770
-0.773257 0.227632 0.060438
0.698306 0.207760 0.060832
0.603168 0.199418 0.064887
-0.624412 0.182780 0.064674
-0.756464 0.209729 0.060068
0.680919 0.191165 0.062367
0.585911 0.182008 0.065230
-0.607075 0.165559 0.065241
-0.738703 0.192374 0.060318
0.664737 0.173414 0.064771
0.568844 0.164646 0.064611
-0.589668 0.148411 0.065469
-0.720485 0.175011 0.061385
0.652062 0.155554 0.068911
0.552569 0.147050 0.063466
-0.572176 0.131670 0.065467
-0.702585 0.157465 0.062704
0.638730 0.140618 0.060408
0.539435 0.129590 0.060525
-0.554462 0.114936 0.064874
-0.685117 0.139576 0.064201
0.625751 0.122986 0.063442
0.525310 0.114728 0.069656
-0.537131 0.098247 0.064898
-0.667981 0.121554 0.065436
0.609987 0.104949 0.064418
0.511925 0.096216 0.066194
-0.519806 0.081129 0.064925
-0.650916 0.104312 0.065494
0.593772 0.087367 0.064662
0.495439 0.077695 0.065608
-0.503759 0.065155 0.065500
-0.633990 0.088367 0.064959
0.577202 0.070130 0.064691
0.479384 0.060748 0.064751
-0.484852 0.046113 0.064532
-0.614572 0.071493 0.062670
0.559770 0.052112 0.065319
0.461361 0.043316 0.065697
-0.467371 0.028706 0.065435
0.542223 0.034927 0.064734
0.444054 0.025394 0.064673
-0.450746 0.011687 0.064899
-0.577417 0.036216 0.065945
0.524995 0.017321 0.065324
0.426611 0.008062 0.064127
-0.433186 -0.006287 0.063536
-0.558517 0.018189 0.066243
0.507417 0.000121 0.064679
0.409393 -0.009206 0.062935
-0.414647 -0.023998 0.062235
-0.528459 -0.009234 0.065980
-0.542872 0.003144 0.066708
0.490612 -0.016785 0.064191
0.392122 -0.027720 0.060223
-0.396149 -0.040969 0.061884
-0.512409 -0.022033 0.065252
0.473831 -0.034614 0.063521
0.375269 -0.046013 0.061067
-0.378290 -0.057930 0.061871
-0.494630 -0.038240 0.065414
0.458596 -0.053426 0.064176
0.361797 -0.061864 0.057977
-0.360535 -0.074509 0.061702
-0.477045 -0.055431 0.065076
0.445589 -0.072409 0.067422
0.349501 -0.075292 0.068638
-0.342739 -0.089773 0.061621
-0.459781 -0.072923 0.064307
0.432944 -0.087717 0.056226
0.336349 -0.089714 0.064119
0.321609 -0.102663 0.062321
-0.307588 -0.113464 0.062447
-0.325040 -0.102866 0.061836
-0.442936 -0.090531 0.063492
0.421596 -0.105267 0.060745
0.304508 -0.114186 0.062595
0.286897 -0.122978 0.062135
0.011905 -0.122967 0.064081
-0.256780 -0.132831 0.062353
-0.274415 -0.127124 0.063336
-0.290907 -0.121116 0.063384
-0.426687 -0.108107 0.062583
0.411930 -0.119456 0.065646
0.269859 -0.130021 0.061896
0.251771 -0.136295 0.063012
0.232956 -0.141381 0.063063
0.214427 -0.144284 0.061941
0.195845 -0.145844 0.061754
0.177576 -0.146364 0.062283
0.159950 -0.146199 0.062482
0.142560 -0.145401 0.062789
0.125629 -0.143428 0.063462
0.109517 -0.139314 0.062894
-0.076276 -0.129350 0.066734
-0.097027 -0.135403 0.063967
-0.115453 -0.140229 0.062740
-0.133230 -0.143206 0.062300
-0.151172 -0.144865 0.061736
-0.169623 -0.145857 0.061736
-0.187889 -0.146053 0.062314
-0.205497 -0.144919 0.062754
-0.222604 -0.142271 0.063306
-0.239309 -0.138075 0.062772
-0.411338 -0.125510 0.060598
0.399522 -0.135092 0.062624
-0.398577 -0.141049 0.055614
0.383933 -0.154702 0.057524
-0.387052 -0.153911 0.063820
0.368362 -0.169649 0.059984
0.352302 -0.178895 0.061896
-0.346521 -0.182009 0.061195
-0.361669 -0.175401 0.058593
-0.373827 -0.166418 0.064405
0.334585 -0.186070 0.062399
0.316955 -0.191798 0.061564
0.300649 -0.194503 0.061440
0.284266 -0.195486 0.062128
0.267142 -0.195707 0.062427
0.249772 -0.195730 0.062463
0.232369 -0.195730 0.062463
0.214966 -0.195730 0.062463
0.197564 -0.195730 0.062463
0.180161 -0.195730 0.062463
0.162758 -0.195730 0.062463
0.145355 -0.195730 0.062463
0.127952 -0.195730 0.062463
0.110549 -0.195730 0.062463
0.093147 -0.195730 0.062463
0.075744 -0.195730 0.062463
0.058328 -0.195699 0.062463
0.040838 -0.195524 0.062439
0.023269 -0.195279 0.062220
0.005834 -0.195138 0.061850
-0.011403 -0.195028 0.061670
-0.028700 -0.194945 0.061696
-0.046188 -0.194979 0.061883
-0.063775 -0.195202 0.062108
-0.081207 -0.195536 0.062204
-0.098431 -0.195711 0.062322
-0.115705 -0.195730 0.062440
-0.133090 -0.195730 0.062463
-0.150493 -0.195730 0.062463
-0.167896 -0.195730 0.062463
-0.185299 -0.195730 0.062463
-0.202702 -0.195730 0.062463
-0.220104 -0.195730 0.062463
-0.237507 -0.195730 0.062463
-0.254905 -0.195694 0.062495
-0.272151 -0.195474 0.062794
-0.288718 -0.194790 0.063612
-0.305452 -0.193065 0.064149
-0.324991 -0.188798 0.065427
0.796878 0.381656 0.012294
0.780544 0.359636 0.040705
0.785676 0.377343 0.020692
0.764418 0.362193 0.041309
0.770835 0.373832 0.025739
0.750877 0.358077 0.040144
0.757167 0.368083 0.026402
0.741037 0.349373 0.039345
0.789250 0.344158 0.041524
0.733351 0.337834 0.049136
-0.780525 0.321810 0.036876
-0.782804 0.331347 0.024419
-0.800916 0.329083 0.037896
-0.793862 0.339112 0.022455
-0.815300 0.330091 0.033878
-0.812391 0.341458 0.022564
-0.827452 0.333927 0.020132
0.789500 0.323201 0.041229
0.719623 0.322182 0.046517
-0.762172 0.304812 0.043062
0.783820 0.304605 0.045293
0.704202 0.304351 0.045956
-0.745774 0.289006 0.046101
0.779026 0.293514 0.038252
0.687679 0.286407 0.046696
-0.728710 0.272800 0.047805
0.766130 0.277939 0.043313
0.670936 0.268408 0.046993
-0.711177 0.256751 0.048639
-0.811031 0.279177 0.050279
0.750476 0.261349 0.046099
0.655234 0.248651 0.045675
-0.683137 0.233096 0.050187
-0.697818 0.245829 0.051845
-0.803246 0.262450 0.049636
0.734002 0.244496 0.047255
0.638558 0.227002 0.047896
-0.665703 0.218390 0.051019
-0.789053 0.242771 0.045828
0.717443 0.228306 0.047818
0.637619 0.213955 0.043040
0.621464 0.208245 0.051246
-0.648190 0.202653 0.052799
-0.772167 0.224047 0.046041
0.700366 0.213319 0.048577
0.634596 0.201813 0.043883
0.621452 0.195436 0.047176
0.604301 0.190362 0.053113
-0.630706 0.185985 0.054294
-0.659098 0.203704 0.043455
-0.754860 0.206340 0.046929
0.683166 0.198560 0.050122
0.668561 0.197030 0.043081
0.650796 0.193746 0.042902
0.633423 0.187428 0.045173
0.617780 0.182883 0.047057
0.604153 0.177488 0.048505
0.586968 0.172913 0.053452
-0.613240 0.168715 0.055101
-0.641653 0.186713 0.046348
-0.656753 0.186285 0.040253
-0.736492 0.190085 0.045766
0.663767 0.182964 0.051434
0.645644 0.178328 0.047304
0.631622 0.171836 0.047165
0.615962 0.168230 0.046508
0.600387 0.165114 0.047248
0.586805 0.160065 0.048482
0.570062 0.155592 0.053067
-0.595830 0.151346 0.055284
-0.624157 0.169455 0.048097
-0.639053 0.168819 0.043771
-0.657239 0.165969 0.040560
-0.716403 0.172665 0.048129
0.646312 0.161241 0.054257
0.628631 0.155973 0.048024
0.613802 0.153431 0.046290
0.598687 0.150777 0.046196
0.583071 0.147734 0.047184
0.569885 0.142804 0.048243
0.554720 0.138833 0.052265
-0.578423 0.134062 0.055302
-0.606679 0.152148 0.048775
-0.621278 0.151952 0.045496
-0.637403 0.150767 0.043836
-0.650179 0.147382 0.043306
-0.664914 0.150878 0.042344
-0.680924 0.152855 0.043291
-0.696674 0.156754 0.048717
0.633863 0.144562 0.051730
0.623793 0.143312 0.048088
0.611928 0.139108 0.046977
0.596848 0.136266 0.046177
0.581407 0.133423 0.046177
0.566327 0.130589 0.046977
0.554462 0.126395 0.048088
0.544393 0.125251 0.051777
-0.561556 0.117458 0.055300
-0.589270 0.134769 0.048846
-0.603848 0.134814 0.045990
-0.620284 0.134519 0.044998
-0.636594 0.133797 0.044654
-0.651995 0.133810 0.044875
-0.666383 0.134775 0.046935
-0.678239 0.136411 0.053053
0.623540 0.130985 0.052261
0.608376 0.126900 0.048243
0.595188 0.121958 0.047184
0.579568 0.118912 0.046196
0.564453 0.116258 0.046290
0.549637 0.113747 0.048078
0.531989 0.108703 0.054831
-0.543609 0.099791 0.055300
-0.571867 0.117387 0.048846
-0.586450 0.117442 0.046026
-0.603038 0.117420 0.045220
-0.620161 0.117310 0.045200
-0.636469 0.117242 0.045874
-0.650798 0.117450 0.048423
-0.661688 0.118448 0.054730
0.608282 0.114157 0.053055
0.591477 0.109629 0.048477
0.577884 0.104575 0.047244
0.562307 0.101473 0.046552
0.546820 0.098051 0.047642
0.533534 0.092081 0.048948
0.516030 0.086840 0.053858
-0.526214 0.082514 0.055302
-0.554249 0.100436 0.049058
-0.569048 0.100039 0.046026
-0.585658 0.100035 0.045255
-0.603003 0.100076 0.045413
-0.619828 0.100377 0.046271
-0.634395 0.100777 0.048812
-0.644909 0.101500 0.055074
0.591574 0.096765 0.053389
0.574166 0.092207 0.048549
0.560586 0.086920 0.047470
0.545340 0.083025 0.046828
0.530176 0.078995 0.047543
0.516762 0.073441 0.048637
0.499168 0.068617 0.053483
-0.508816 0.065130 0.055304
-0.536847 0.083057 0.049058
-0.551645 0.082636 0.046026
-0.568259 0.082623 0.045281
-0.585681 0.082628 0.045711
-0.603042 0.083286 0.047159
-0.618599 0.085153 0.049374
-0.628429 0.085717 0.055030
0.574446 0.079347 0.053428
0.556921 0.074615 0.048581
0.543450 0.069162 0.047445
0.528204 0.065250 0.046736
0.512953 0.061343 0.047439
0.499461 0.055905 0.048572
0.481842 0.051125 0.053431
-0.490870 0.047184 0.055304
-0.519444 0.065660 0.049058
-0.534242 0.065233 0.046026
-0.550856 0.065216 0.045290
-0.568265 0.065136 0.045894
-0.585557 0.065510 0.048168
-0.603463 0.068257 0.053194
-0.617314 0.076908 0.053922
0.557169 0.061938 0.053428
0.539567 0.057164 0.048569
0.526071 0.051730 0.047434
0.510815 0.047831 0.046727
0.495558 0.043931 0.047434
0.482062 0.038497 0.048569
0.464427 0.033714 0.053408
-0.472992 0.029239 0.055248
-0.502041 0.048258 0.049058
-0.516839 0.047831 0.046026
-0.533444 0.047813 0.045290
-0.550824 0.047702 0.045928
-0.567923 0.047790 0.048570
-0.582991 0.047916 0.054684
0.539784 0.044539 0.053429
0.522164 0.039761 0.048569
0.508668 0.034328 0.047434
0.493412 0.030428 0.046727
0.478155 0.026528 0.047434
0.464620 0.021074 0.048501
0.446695 0.016205 0.052926
-0.457212 0.012845 0.054649
-0.484684 0.030869 0.049038
-0.499464 0.030446 0.046021
-0.516021 0.030421 0.045291
-0.533239 0.030292 0.045941
-0.550162 0.030268 0.048693
-0.567013 0.032158 0.055174
-0.576701 0.038010 0.057438
0.522381 0.027136 0.053429
0.504761 0.022358 0.048569
0.491265 0.016925 0.047434
0.475995 0.013011 0.046683
0.460549 0.008938 0.046961
0.446289 0.002954 0.046937
0.427860 -0.001471 0.051101
-0.440482 -0.005182 0.052788
-0.468144 0.013159 0.048430
-0.482490 0.013273 0.045860
-0.498728 0.013167 0.045252
-0.515515 0.012964 0.045958
-0.531717 0.012689 0.048791
-0.546470 0.012390 0.055597
0.504978 0.009733 0.053410
0.487352 0.004950 0.048510
0.473778 -0.000592 0.047013
0.458096 -0.005148 0.045073
0.440639 -0.011451 0.042797
0.423383 -0.015209 0.042783
0.409205 -0.016945 0.049601
-0.421184 -0.025828 0.047963
-0.452516 -0.004230 0.046910
-0.466925 -0.003343 0.044875
-0.482250 -0.003330 0.044733
-0.497975 -0.004067 0.045778
-0.513479 -0.004965 0.048984
-0.527601 -0.004032 0.055291
-0.537627 -0.000090 0.059717
0.487583 -0.007706 0.052971
0.469926 -0.012808 0.047153
0.456714 -0.019178 0.043880
0.397593 -0.030402 0.046287
-0.399695 -0.041970 0.046146
-0.437768 -0.022315 0.043123
-0.453954 -0.020421 0.042381
-0.468641 -0.016926 0.043419
-0.480734 -0.020312 0.044654
-0.495048 -0.021515 0.048295
-0.505833 -0.022486 0.055210
0.470539 -0.025595 0.051235
0.453926 -0.031340 0.043224
0.385633 -0.039280 0.049974
0.375102 -0.052851 0.046997
-0.381843 -0.057695 0.045973
-0.460994 -0.035644 0.041383
-0.477072 -0.038452 0.046783
-0.488336 -0.039007 0.054665
0.454534 -0.044734 0.048857
0.363095 -0.066704 0.044758
-0.363257 -0.074380 0.045160
-0.459299 -0.056567 0.043528
-0.470805 -0.056483 0.053360
0.442108 -0.067829 0.050077
0.349718 -0.076901 0.052647
-0.344217 -0.089215 0.044227
-0.453695 -0.074605 0.051277
0.429237 -0.083181 0.043700
0.336237 -0.092048 0.047849
0.078490 -0.121421 0.043844
0.061815 -0.116338 0.044668
0.044375 -0.114700 0.045218
-0.008158 -0.115631 0.044256
-0.025132 -0.114807 0.044815
-0.042687 -0.115438 0.045289
-0.307294 -0.112409 0.045202
-0.325356 -0.101828 0.044286
-0.438233 -0.092730 0.049783
0.418407 -0.099265 0.043789
0.319731 -0.105477 0.045744
0.302183 -0.116331 0.045045
0.284527 -0.125033 0.044912
0.094484 -0.129290 0.044126
0.026346 -0.115732 0.045517
0.008670 -0.116177 0.044802
-0.060948 -0.119609 0.045947
-0.261050 -0.131934 0.045980
-0.277232 -0.126042 0.049165
-0.290807 -0.120467 0.047050
-0.423972 -0.109565 0.048379
0.406391 -0.120554 0.049006
0.267009 -0.132526 0.045126
0.249362 -0.138632 0.045339
0.231630 -0.143306 0.044658
0.212763 -0.147561 0.041570
0.191834 -0.149331 0.044329
0.173717 -0.149720 0.045066
0.156082 -0.148821 0.045439
0.138399 -0.146228 0.046622
0.123073 -0.142566 0.049941
0.110360 -0.137492 0.046154
-0.079709 -0.126826 0.046015
-0.098056 -0.134380 0.045402
-0.115810 -0.140336 0.045056
-0.133547 -0.144198 0.044324
-0.152604 -0.147690 0.041450
-0.173633 -0.149069 0.044343
-0.191881 -0.148807 0.045320
-0.209710 -0.146325 0.046338
-0.225657 -0.142652 0.048230
-0.240610 -0.138864 0.043291
-0.409878 -0.125177 0.045455
0.392842 -0.140526 0.044964
-0.398539 -0.138246 0.041578
0.380677 -0.155597 0.036555
-0.386055 -0.154289 0.046794
0.368958 -0.168088 0.041966
0.353362 -0.177846 0.044441
0.336317 -0.185340 0.045170
-0.340247 -0.183298 0.042563
-0.357831 -0.177176 0.044711
-0.371460 -0.168691 0.045533
0.318785 -0.190873 0.045074
0.301517 -0.194224 0.044906
0.284413 -0.195580 0.044995
0.267157 -0.195797 0.045119
0.249772 -0.195811 0.045141
0.232369 -0.195811 0.045141
0.214966 -0.195811 0.045141
0.197564 -0.195811 0.045141
0.180161 -0.195811 0.045141
0.162758 -0.195811 0.045141
0.145355 -0.195811 0.045141
0.127952 -0.195811 0.045141
0.110555 -0.195811 0.045147
0.093175 -0.195806 0.045159
0.075802 -0.195786 0.045159
0.058418 -0.195756 0.045147
0.041014 -0.195727 0.045141
0.023591 -0.195700 0.045125
0.006154 -0.195691 0.045082
-0.011270 -0.195708 0.045052
-0.028675 -0.195726 0.045054
-0.046080 -0.195732 0.045071
-0.063498 -0.195745 0.045095
-0.080913 -0.195775 0.045113
-0.098307 -0.195802 0.045123
-0.115693 -0.195811 0.045135
-0.133090 -0.195811 0.045141
-0.150493 -0.195811 0.045141
-0.167896 -0.195811 0.045141
-0.185299 -0.195811 0.045141
-0.202702 -0.195811 0.045141
-0.220104 -0.195811 0.045141
-0.237507 -0.195811 0.045141
-0.254917 -0.195745 0.045160
-0.272334 -0.195257 0.045437
-0.289292 -0.194141 0.046628
-0.302559 -0.192876 0.050103
-0.319015 -0.189283 0.046542
0.801792 0.393411 -0.000702
0.789235 0.392065 0.005060
0.775072 0.386906 0.008046
0.761821 0.378148 0.009980
0.796207 0.363655 0.023321
0.745355 0.356251 0.023774
-0.792938 0.346675 0.006438
-0.807963 0.354950 0.004505
-0.828682 0.352800 0.004238
-0.842686 0.352132 -0.005685
0.798289 0.342480 0.025554
0.733185 0.337101 0.030577
-0.838943 0.339775 0.003244
0.795919 0.325433 0.022504
0.721463 0.315524 0.029597
-0.766046 0.308987 0.026890
-0.775665 0.324005 0.020666
-0.831233 0.320521 0.021324
-0.836860 0.324747 0.009277
0.788301 0.309183 0.031752
0.723597 0.303588 0.022783
0.707434 0.295758 0.033073
-0.751829 0.291390 0.031488
-0.828325 0.308621 0.025030
0.781784 0.298980 0.023533
0.722296 0.290311 0.024295
0.708470 0.282725 0.029323
0.690887 0.277389 0.035376
-0.735036 0.273716 0.035449
-0.822949 0.293253 0.028266
0.769182 0.285426 0.028904
0.757986 0.284616 0.021147
0.739633 0.282186 0.022235
0.720539 0.275114 0.026989
0.704527 0.270303 0.029544
0.691223 0.264802 0.030968
0.675086 0.260298 0.035420
-0.717695 0.257230 0.037810
-0.746624 0.273311 0.023760
-0.814760 0.277042 0.035568
0.750521 0.270969 0.032401
0.732308 0.266885 0.028934
0.717745 0.260784 0.029501
0.702316 0.256713 0.029269
0.687569 0.253011 0.029907
0.675856 0.248647 0.031014
0.665481 0.247506 0.034927
-0.696250 0.239099 0.040877
-0.728702 0.255686 0.029058
-0.744617 0.251863 0.022916
-0.802450 0.261449 0.027027
0.731533 0.253578 0.035453
0.713730 0.248775 0.031139
0.700341 0.243456 0.030127
0.685621 0.239845 0.029776
0.671441 0.237130 0.031696
0.656845 0.234926 0.037382
-0.676910 0.220598 0.041173
-0.709921 0.239456 0.032003
-0.725065 0.237603 0.027236
-0.737189 0.234067 0.025922
-0.751144 0.236910 0.024785
-0.766034 0.238801 0.024976
-0.782027 0.243376 0.029032
0.714406 0.236798 0.036318
0.697090 0.232142 0.031901
0.683760 0.226255 0.032454
0.667190 0.222431 0.034379
0.650670 0.219528 0.038551
-0.691744 0.221679 0.033551
-0.707762 0.221519 0.029242
-0.723834 0.220838 0.027646
-0.739299 0.221020 0.027761
-0.753429 0.222037 0.029452
-0.764901 0.222874 0.034925
0.699836 0.222504 0.038048
0.681057 0.210643 0.039213
0.660869 0.207646 0.038107
0.646661 0.207511 0.040087
-0.674004 0.204076 0.036327
-0.690817 0.204338 0.031542
-0.708042 0.204482 0.029623
-0.724813 0.204960 0.029985
-0.739824 0.206533 0.031647
-0.749698 0.206746 0.036627
-0.674372 0.186347 0.035589
-0.692368 0.187204 0.032827
-0.709354 0.188326 0.032846
-0.725933 0.189801 0.036441
-0.739114 0.197581 0.036574
-0.677805 0.169115 0.037887
-0.694922 0.171081 0.037825
-0.709331 0.174939 0.039389
0.444669 -0.024985 0.040114
0.430890 -0.025619 0.038055
0.412282 -0.029878 0.038822
-0.396375 -0.050659 0.036552
-0.407221 -0.045130 0.037142
-0.423575 -0.040566 0.037164
0.441124 -0.037266 0.038909
0.425419 -0.040940 0.034734
0.411801 -0.045656 0.033278
0.394208 -0.046812 0.037716
-0.387269 -0.060081 0.034848
-0.440980 -0.038699 0.037937
0.436140 -0.053657 0.038742
0.421504 -0.056448 0.032705
0.407341 -0.058630 0.031298
0.394557 -0.063635 0.031248
0.377099 -0.066232 0.034684
-0.371520 -0.077679 0.029077
-0.397372 -0.058728 0.031140
-0.410985 -0.056868 0.031075
-0.426936 -0.056343 0.032474
-0.443739 -0.056438 0.036557
0.428400 -0.070122 0.037245
0.416886 -0.069007 0.031801
0.405366 -0.073683 0.030100
0.389955 -0.077786 0.028247
0.372532 -0.084713 0.024559
0.355316 -0.081468 0.035367
-0.350122 -0.090785 0.026634
-0.387869 -0.073965 0.026172
-0.400754 -0.069590 0.027153
-0.413116 -0.071770 0.027784
-0.428081 -0.073383 0.031316
-0.441366 -0.077244 0.039246
0.417533 -0.084118 0.034854
0.402764 -0.089313 0.029546
0.387329 -0.094174 0.023554
0.336764 -0.097582 0.030501
0.076518 -0.119057 0.027578
0.059198 -0.113900 0.027724
0.041693 -0.112361 0.027818
-0.010496 -0.113384 0.027593
-0.027861 -0.112417 0.027723
-0.045405 -0.113586 0.027844
-0.307548 -0.112446 0.026936
-0.327395 -0.102962 0.023462
-0.398173 -0.086911 0.022274
-0.414503 -0.085959 0.026956
-0.424423 -0.091180 0.031845
-0.430654 -0.095857 0.039888
0.410727 -0.096053 0.034261
0.399884 -0.108095 0.030893
0.384899 -0.107674 0.018186
0.318824 -0.109428 0.027702
0.300317 -0.119024 0.027055
0.093710 -0.127345 0.027577
0.024135 -0.113248 0.027770
0.006762 -0.113875 0.027589
-0.063182 -0.118364 0.027843
-0.269655 -0.129426 0.030823
-0.288945 -0.121204 0.028942
-0.406217 -0.104908 0.024618
-0.417840 -0.108711 0.036173
0.394879 -0.127782 0.033903
0.282044 -0.127336 0.027579
0.264435 -0.134527 0.028035
0.247441 -0.140861 0.028482
0.130004 -0.144837 0.031418
0.111109 -0.136519 0.028405
-0.081112 -0.126180 0.027682
-0.098922 -0.134370 0.027659
-0.116421 -0.140995 0.027562
-0.217170 -0.147025 0.029884
-0.232107 -0.143281 0.024800
-0.248757 -0.137411 0.027376
-0.403481 -0.124766 0.031701
0.386261 -0.141527 0.027843
0.231608 -0.145541 0.027202
0.219188 -0.149278 0.023066
0.203896 -0.151902 0.026329
0.186341 -0.153495 0.027684
0.168977 -0.153199 0.027996
0.150986 -0.150577 0.028610
-0.133218 -0.145868 0.026399
-0.146257 -0.149487 0.022846
-0.161572 -0.151802 0.026316
-0.179234 -0.152753 0.027783
-0.197174 -0.151260 0.028525
-0.390553 -0.142361 0.028446
0.378517 -0.153433 0.021446
-0.377591 -0.159725 0.026532
0.368244 -0.166157 0.021364
0.353281 -0.176481 0.026183
0.336679 -0.183764 0.027574
-0.330248 -0.184705 0.027886
-0.344582 -0.180122 0.024912
-0.355564 -0.176658 0.028693
-0.366444 -0.171128 0.031871
0.319335 -0.189403 0.027741
0.301928 -0.193473 0.027724
0.284550 -0.195338 0.027720
0.267169 -0.195786 0.027732
0.249772 -0.195811 0.027738
0.232369 -0.195811 0.027738
0.214966 -0.195811 0.027738
0.197564 -0.195811 0.027738
0.180161 -0.195811 0.027738
0.162758 -0.195811 0.027738
0.145355 -0.195811 0.027738
0.127952 -0.195811 0.027738
0.110563 -0.195802 0.027761
0.093298 -0.195767 0.027885
0.076200 -0.195645 0.027987
0.059060 -0.195397 0.027891
0.041755 -0.195143 0.027774
0.024353 -0.195018 0.027730
0.006808 -0.195043 0.027631
-0.010899 -0.195259 0.027559
-0.028563 -0.195583 0.027638
-0.046063 -0.195775 0.027725
-0.063479 -0.195811 0.027738
-0.080882 -0.195811 0.027738
-0.098285 -0.195811 0.027738
-0.115687 -0.195811 0.027738
-0.133090 -0.195811 0.027738
-0.150493 -0.195811 0.027738
-0.167896 -0.195811 0.027738
-0.185299 -0.195811 0.027738
-0.202702 -0.195811 0.027738
-0.220104 -0.195811 0.027738
-0.237501 -0.195811 0.027744
-0.254886 -0.195732 0.027761
-0.272338 -0.195055 0.027865
-0.290058 -0.193344 0.028575
-0.309234 -0.190098 0.031407
0.805638 0.404835 -0.014579
0.793892 0.404495 -0.010574
0.779870 0.399910 -0.009109
0.812595 0.393557 -0.011739
0.806621 0.378230 0.004982
0.752024 0.368124 0.012189
-0.808930 0.366610 -0.012833
-0.823118 0.368485 -0.011617
-0.843444 0.366426 -0.017421
0.807101 0.357842 0.006657
0.747023 0.357813 0.004021
-0.783956 0.336115 0.013724
0.802504 0.339279 0.012080
0.741109 0.342574 0.010789
0.798107 0.327440 0.006435
0.734763 0.325875 0.014859
-0.770545 0.313696 0.012706
-0.777576 0.326696 0.005502
0.790534 0.312367 0.016394
0.731037 0.312616 0.016799
-0.834058 0.312731 0.013252
0.783914 0.304682 0.013295
0.773211 0.297611 0.013193
0.755613 0.297216 0.010121
0.737648 0.301785 0.013647
-0.762894 0.294687 0.014127
-0.829490 0.298992 0.008871
-0.763326 0.270543 0.013206
-0.816728 0.280698 0.013162
-0.760652 0.251276 0.019980
-0.774847 0.256684 0.016191
-0.791081 0.263099 0.012465
-0.804021 0.271799 0.008045
0.371781 -0.100851 0.012587
-0.359556 -0.096769 0.010403
0.354651 -0.094879 0.018315
0.336732 -0.104346 0.012103
0.075821 -0.118268 0.010330
0.058416 -0.113187 0.010340
0.040997 -0.111744 0.010343
-0.011574 -0.112791 0.010176
-0.029191 -0.111833 0.010384
-0.046624 -0.113128 0.010410
-0.306873 -0.112991 0.008674
-0.320357 -0.108231 0.004517
-0.338164 -0.103043 0.005538
-0.378627 -0.092298 0.015422
0.386004 -0.123820 0.018201
0.377688 -0.113340 0.008825
0.317439 -0.112684 0.007018
0.296280 -0.121047 0.009527
0.308827 -0.115508 -0.008617
0.093218 -0.126433 0.010331
0.023573 -0.112653 0.010313
0.006076 -0.113295 0.010211
-0.064286 -0.117976 0.009765
-0.271636 -0.128695 0.011015
-0.289596 -0.120501 0.010207
-0.387698 -0.108522 0.011226
0.277965 -0.129109 0.010499
0.260092 -0.136501 0.011675
0.272143 -0.130148 -0.006462
0.244839 -0.142262 0.014592
0.128619 -0.144033 0.011086
0.110736 -0.135644 0.010498
-0.082622 -0.125976 0.009663
-0.100853 -0.134635 0.010426
-0.118001 -0.141757 0.010826
-0.218502 -0.148405 0.010272
-0.235274 -0.142927 0.009708
-0.253196 -0.136229 0.010764
-0.392253 -0.126356 0.016615
0.379486 -0.141242 0.011146
0.232132 -0.146490 0.009995
0.215167 -0.151378 0.009029
0.197784 -0.155219 0.010833
0.181376 -0.156486 0.011491
0.164751 -0.155203 0.011108
0.146917 -0.150687 0.011261
0.145483 -0.149468 -0.006404
-0.133910 -0.147189 0.009505
-0.150426 -0.151618 0.009020
-0.167702 -0.154892 0.010847
-0.184291 -0.155399 0.011635
-0.201401 -0.152807 0.011363
-0.380774 -0.146429 0.009202
0.373101 -0.156061 0.007175
-0.374135 -0.159102 0.011474
0.363268 -0.167600 0.001370
0.352198 -0.175605 0.007749
0.336506 -0.182140 0.009893
-0.325069 -0.184397 0.012063
-0.341202 -0.179384 0.012361
-0.352847 -0.175762 0.015484
-0.365315 -0.168343 0.015093
0.319374 -0.187780 0.010313
0.301981 -0.192452 0.010336
0.284578 -0.194874 0.010336
0.267175 -0.195735 0.010336
0.249772 -0.195811 0.010336
0.232369 -0.195811 0.010336
0.214966 -0.195811 0.010336
0.197564 -0.195811 0.010336
0.180161 -0.195811 0.010336
0.162758 -0.195811 0.010336
0.145355 -0.195811 0.010336
0.127958 -0.195811 0.010342
0.110582 -0.195775 0.010385
0.093363 -0.195588 0.010675
0.076885 -0.195242 0.011381
0.060696 -0.194653 0.011393
0.043847 -0.193882 0.010782
0.026605 -0.193209 0.010495
0.009001 -0.192919 0.010124
-0.009416 -0.193296 0.009530
-0.027978 -0.194277 0.009596
-0.045918 -0.195287 0.010155
-0.063466 -0.195750 0.010323
-0.080882 -0.195811 0.010336
-0.098285 -0.195811 0.010336
-0.115687 -0.195811 0.010336
-0.133090 -0.195811 0.010336
-0.150493 -0.195811 0.010336
-0.167896 -0.195811 0.010336
-0.185299 -0.195811 0.010336
-0.202702 -0.195811 0.010336
-0.220104 -0.195811 0.010336
-0.237493 -0.195802 0.010358
-0.254759 -0.195711 0.010482
-0.271887 -0.194993 0.010584
-0.289291 -0.192991 0.010598
-0.307257 -0.189200 0.011250
0.814746 0.412452 -0.030436
0.765710 0.388873 -0.011007
0.815271 0.376238 -0.009857
0.754331 0.371147 -0.005919
-0.796722 0.355875 -0.010084
-0.803514 0.367764 -0.022868
-0.857589 0.371829 -0.035211
0.813186 0.359581 -0.012677
0.749975 0.357374 -0.010136
-0.785719 0.340902 -0.001731
-0.849939 0.353327 -0.016041
-0.855812 0.357685 -0.028664
0.805891 0.343602 -0.002572
0.747386 0.345355 -0.006014
-0.847864 0.341868 -0.010639
-0.853765 0.343623 -0.025260
0.799005 0.332285 -0.009733
0.744770 0.329760 -0.000015
-0.781276 0.330650 -0.008483
-0.843339 0.327619 -0.006749
0.787271 0.315094 0.001724
0.771636 0.312156 -0.003982
0.753408 0.315863 -0.002804
0.739988 0.316499 0.007439
-0.775587 0.312883 -0.003410
-0.837485 0.312873 -0.001190
-0.775011 0.290912 -0.001511
-0.832078 0.303049 -0.009711
-0.780931 0.274084 0.003433
-0.795036 0.277593 -0.002622
-0.808565 0.283493 -0.005443
-0.821564 0.292472 -0.007043
0.369054 -0.111411 0.000132
0.355379 -0.105892 -0.000771
0.337149 -0.108714 -0.006784
0.324249 -0.111163 -0.011673
0.075744 -0.117938 -0.007067
0.058341 -0.113008 -0.007067
0.040925 -0.111686 -0.007093
-0.013255 -0.113322 -0.007412
-0.030961 -0.111989 -0.006191
-0.047588 -0.112940 -0.006837
-0.306131 -0.112932 -0.008430
-0.322129 -0.108715 -0.009579
-0.335203 -0.107046 -0.012297
-0.350066 -0.106077 -0.008652
0.290760 -0.122134 -0.007429
0.093147 -0.125960 -0.007067
0.023356 -0.112788 -0.007345
0.005255 -0.113821 -0.007887
-0.065688 -0.117074 -0.010465
-0.074140 -0.118095 -0.025807
-0.272198 -0.127179 -0.006998
-0.289555 -0.119264 -0.007404
-0.289565 -0.117594 -0.024649
-0.369092 -0.110942 -0.006530
0.374953 -0.125014 -0.001175
0.250808 -0.139011 -0.004273
0.128049 -0.142626 -0.006914
0.110563 -0.134793 -0.007054
-0.086716 -0.126079 -0.007615
-0.105191 -0.135213 -0.006032
-0.092575 -0.126619 -0.024217
-0.121034 -0.142225 -0.003493
-0.219791 -0.147759 -0.006711
-0.236944 -0.141777 -0.007047
-0.254551 -0.134709 -0.006915
-0.254910 -0.132664 -0.024443
-0.379551 -0.129309 -0.003188
0.373413 -0.142509 -0.006472
0.229340 -0.146293 -0.010446
0.207600 -0.152922 -0.006871
0.216097 -0.147690 -0.027728
0.191911 -0.156504 -0.002144
0.178374 -0.156582 -0.004471
0.162238 -0.154290 -0.005367
-0.136126 -0.146774 -0.010096
-0.157803 -0.152999 -0.006897
-0.148290 -0.147911 -0.028421
-0.173560 -0.155959 -0.002138
-0.187198 -0.155507 -0.004414
-0.203358 -0.152608 -0.005436
-0.375179 -0.145597 -0.008062
0.368340 -0.157263 -0.010333
-0.369077 -0.158843 -0.002594
0.360350 -0.167301 -0.014053
0.350761 -0.174702 -0.009820
0.336120 -0.180569 -0.007706
0.319342 -0.186242 -0.007116
-0.323363 -0.183051 -0.005684
-0.337473 -0.178674 -0.001042
-0.353317 -0.171658 -0.000717
0.301981 -0.191052 -0.007067
0.284578 -0.194270 -0.007067
0.267175 -0.195604 -0.007067
0.249772 -0.195806 -0.007067
0.232369 -0.195811 -0.007067
0.214966 -0.195811 -0.007067
0.197564 -0.195811 -0.007067
0.180161 -0.195811 -0.007067
0.162758 -0.195811 -0.007067
0.145355 -0.195811 -0.007067
0.127966 -0.195802 -0.007045
0.110694 -0.195725 -0.006902
0.093560 -0.195265 -0.006534
0.076719 -0.194380 -0.005514
0.063557 -0.193805 -0.002235
0.048287 -0.191962 -0.005439
0.030945 -0.190129 -0.006045
0.013700 -0.189033 -0.006911
-0.004826 -0.188949 -0.008341
-0.026455 -0.190469 -0.010897
-0.045672 -0.193683 -0.007906
-0.063401 -0.195194 -0.007179
-0.080878 -0.195757 -0.007071
-0.098285 -0.195811 -0.007067
-0.115687 -0.195811 -0.007067
-0.133090 -0.195811 -0.007067
-0.150493 -0.195811 -0.007067
-0.167896 -0.195811 -0.007067
-0.185299 -0.195811 -0.007067
-0.202702 -0.195811 -0.007067
-0.220098 -0.195811 -0.007061
-0.237474 -0.195775 -0.007018
-0.254693 -0.195552 -0.006727
-0.271191 -0.194820 -0.006036
-0.287594 -0.192870 -0.006162
-0.305254 -0.188620 -0.006952
0.829459 0.435107 -0.057668
0.819001 0.430923 -0.049361
0.799572 0.415812 -0.026863
0.804761 0.428337 -0.044025
0.785342 0.412443 -0.025666
0.790342 0.423816 -0.042970
0.778297 0.414417 -0.043188
0.772887 0.403593 -0.026826
0.822942 0.392267 -0.029691
0.764993 0.391360 -0.032496
-0.815972 0.378001 -0.028443
-0.813460 0.383135 -0.044678
-0.834742 0.381884 -0.029091
-0.828827 0.393665 -0.047501
-0.849607 0.381527 -0.033538
-0.847796 0.394571 -0.046158
-0.862447 0.386139 -0.048862
0.819571 0.372965 -0.024032
0.759647 0.376804 -0.025448
0.814892 0.360170 -0.029674
0.755243 0.361671 -0.022268
-0.788552 0.343962 -0.018532
-0.796312 0.359351 -0.028545
0.807397 0.346124 -0.018950
0.752633 0.349611 -0.018416
0.800219 0.337844 -0.021668
0.788630 0.329069 -0.019266
0.770446 0.327788 -0.020401
0.756221 0.336033 -0.017517
-0.785372 0.327808 -0.022038
-0.848805 0.331701 -0.020565
-0.786813 0.306398 -0.019195
-0.840153 0.316698 -0.023596
-0.786508 0.287793 -0.008789
-0.797626 0.292635 -0.016596
-0.811613 0.297087 -0.021947
-0.825560 0.303959 -0.024414
0.364264 -0.115990 -0.013613
0.351407 -0.110928 -0.020248
0.336850 -0.110106 -0.024201
0.321334 -0.111663 -0.025438
0.075721 -0.117359 -0.024483
0.058284 -0.112798 -0.024500
0.040786 -0.111922 -0.024762
-0.018438 -0.114406 -0.023136
-0.033848 -0.112470 -0.019776
-0.046427 -0.112709 -0.024309
-0.058821 -0.113419 -0.028936
-0.306547 -0.111982 -0.025045
-0.322906 -0.109199 -0.025684
-0.338819 -0.108588 -0.025839
-0.354208 -0.111394 -0.026147
0.304051 -0.115865 -0.025483
0.285390 -0.122337 -0.025091
0.093143 -0.125126 -0.024474
0.022869 -0.113988 -0.025990
0.002536 -0.116528 -0.028245
-0.272301 -0.124734 -0.024482
-0.364119 -0.118711 -0.028475
0.369292 -0.128798 -0.020399
0.266102 -0.130469 -0.024303
0.247430 -0.137925 -0.025265
0.233168 -0.142687 -0.028981
0.145339 -0.146732 -0.023844
0.127963 -0.140957 -0.024416
0.110550 -0.133569 -0.024470
-0.113758 -0.136911 -0.022375
-0.129380 -0.142267 -0.029219
-0.220101 -0.145491 -0.023879
-0.237482 -0.139664 -0.024409
-0.371054 -0.127880 -0.022382
0.369084 -0.143933 -0.024881
0.193160 -0.153587 -0.019979
0.200475 -0.147419 -0.042975
0.175305 -0.154706 -0.017818
0.161996 -0.151398 -0.021859
0.163138 -0.147833 -0.039644
-0.172113 -0.153305 -0.020150
-0.164085 -0.147789 -0.043903
-0.190149 -0.153857 -0.017840
-0.203455 -0.150462 -0.021897
-0.202301 -0.147087 -0.039844
-0.373263 -0.139422 -0.018441
0.362432 -0.159480 -0.029686
-0.358296 -0.163625 -0.017479
-0.367525 -0.151764 -0.020906
0.350458 -0.171669 -0.026760
0.335892 -0.178710 -0.025063
0.319309 -0.184451 -0.024527
0.036154 -0.186607 -0.023181
0.020364 -0.185280 -0.020767
0.002630 -0.182336 -0.027323
-0.017625 -0.184727 -0.026621
-0.033440 -0.186850 -0.029474
-0.320898 -0.181506 -0.026117
-0.341477 -0.173222 -0.019498
0.301981 -0.189466 -0.024470
0.284578 -0.193469 -0.024470
0.267175 -0.195338 -0.024470
0.249772 -0.195786 -0.024470
0.232369 -0.195811 -0.024470
0.214966 -0.195811 -0.024470
0.197564 -0.195811 -0.024470
0.180161 -0.195811 -0.024470
0.162758 -0.195811 -0.024470
0.145361 -0.195811 -0.024464
0.127985 -0.195775 -0.024421
0.110762 -0.195553 -0.024126
0.094187 -0.194881 -0.023324
0.077431 -0.193417 -0.022752
0.057853 -0.190577 -0.020899
-0.046510 -0.190596 -0.025964
-0.063457 -0.193856 -0.024766
-0.080875 -0.195379 -0.024489
-0.098285 -0.195786 -0.024470
-0.115687 -0.195811 -0.024470
-0.133090 -0.195811 -0.024470
-0.150493 -0.195811 -0.024470
-0.167896 -0.195811 -0.024470
-0.185299 -0.195811 -0.024470
-0.202702 -0.195811 -0.024470
-0.220090 -0.195802 -0.024448
-0.237363 -0.195725 -0.024304
-0.254497 -0.195241 -0.023937
-0.271353 -0.194087 -0.022935
-0.284643 -0.192714 -0.019772
-0.300474 -0.188638 -0.023549
0.833421 0.448098 -0.070666
0.821413 0.446580 -0.064672
0.807743 0.442612 -0.061121
0.794337 0.436039 -0.059776
0.829571 0.416323 -0.047579
0.769885 0.401968 -0.044340
-0.830382 0.407600 -0.069185
-0.846229 0.409746 -0.063431
-0.864884 0.405807 -0.064548
-0.878121 0.404432 -0.074652
0.832284 0.396767 -0.050837
0.766464 0.390177 -0.047078
-0.804455 0.372450 -0.036552
-0.874201 0.392173 -0.066019
0.823725 0.376170 -0.042216
0.763931 0.379100 -0.042505
-0.866030 0.372615 -0.047917
-0.871874 0.376952 -0.060071
0.814940 0.361031 -0.044185
0.762787 0.364882 -0.038362
-0.799156 0.363933 -0.043067
-0.863460 0.360830 -0.044100
0.802572 0.347148 -0.035819
0.783637 0.341049 -0.037192
0.768953 0.340847 -0.033000
0.760995 0.350414 -0.031351
-0.793732 0.347077 -0.038519
-0.859319 0.346501 -0.041487
-0.794372 0.326688 -0.038453
-0.851453 0.331267 -0.038322
-0.801173 0.309342 -0.032784
-0.815344 0.311369 -0.039576
-0.829888 0.315337 -0.041909
-0.841531 0.322112 -0.044549
0.360990 -0.118483 -0.031297
0.349343 -0.112468 -0.037269
0.335355 -0.110636 -0.040134
0.319338 -0.111607 -0.042265
0.075379 -0.116744 -0.042052
0.057711 -0.113026 -0.042088
0.040412 -0.113331 -0.042912
-0.028150 -0.115794 -0.037656
-0.046144 -0.113119 -0.041796
-0.062154 -0.113565 -0.042617
-0.289698 -0.115505 -0.041900
-0.306928 -0.111097 -0.042036
-0.323947 -0.109374 -0.042268
-0.340201 -0.110690 -0.043193
0.300447 -0.115123 -0.045611
0.278946 -0.122239 -0.042969
0.290607 -0.115703 -0.061623
0.093037 -0.123522 -0.041973
0.023543 -0.118336 -0.047047
0.005579 -0.124993 -0.049304
-0.009911 -0.119333 -0.038841
-0.078992 -0.118534 -0.041951
-0.255062 -0.129823 -0.041747
-0.272352 -0.122015 -0.041851
-0.354436 -0.117551 -0.046420
0.365901 -0.130390 -0.038744
0.259646 -0.129989 -0.042662
0.241703 -0.136974 -0.042386
0.249756 -0.129301 -0.062193
0.227844 -0.142282 -0.039936
0.217375 -0.143854 -0.044808
0.145450 -0.143765 -0.041451
0.127937 -0.138707 -0.041832
0.110531 -0.131556 -0.041880
0.110379 -0.128905 -0.059434
-0.097372 -0.126894 -0.042113
-0.116138 -0.135436 -0.043007
-0.133418 -0.141733 -0.043467
-0.146741 -0.144659 -0.046141
-0.220240 -0.142389 -0.041505
-0.237806 -0.136678 -0.041703
-0.363807 -0.129180 -0.041006
0.365790 -0.144629 -0.043040
0.179770 -0.150794 -0.033636
0.182854 -0.145532 -0.054997
-0.185490 -0.150489 -0.033868
-0.182049 -0.145423 -0.055985
-0.366438 -0.142009 -0.033369
0.360321 -0.156479 -0.049441
0.000176 -0.174154 -0.046461
-0.354403 -0.158810 -0.038415
0.350529 -0.167517 -0.044328
0.335907 -0.176202 -0.042445
0.319302 -0.182176 -0.041924
0.042683 -0.182954 -0.043751
0.019355 -0.177705 -0.040213
-0.014276 -0.178070 -0.043710
-0.030946 -0.182330 -0.043307
-0.047161 -0.187190 -0.042953
-0.311811 -0.182802 -0.041514
-0.324176 -0.178024 -0.041432
-0.335845 -0.172110 -0.040395
0.301981 -0.187593 -0.041873
0.284578 -0.192341 -0.041873
0.267175 -0.194854 -0.041873
0.249772 -0.195735 -0.041873
0.232369 -0.195811 -0.041873
0.214966 -0.195811 -0.041873
0.197564 -0.195811 -0.041873
0.180161 -0.195811 -0.041873
0.162758 -0.195811 -0.041873
0.145369 -0.195802 -0.041850
0.128097 -0.195725 -0.041707
0.110962 -0.195241 -0.041340
0.094099 -0.194108 -0.040312
0.080631 -0.192855 -0.036955
0.064295 -0.189272 -0.040373
-0.063645 -0.191515 -0.042198
-0.080887 -0.194411 -0.041904
-0.098285 -0.195624 -0.041873
-0.115687 -0.195806 -0.041873
-0.133090 -0.195811 -0.041873
-0.150493 -0.195811 -0.041873
-0.167896 -0.195811 -0.041873
-0.185299 -0.195811 -0.041873
-0.202696 -0.195811 -0.041867
-0.220071 -0.195775 -0.041824
-0.237295 -0.195553 -0.041528
-0.253869 -0.194872 -0.040726
-0.270638 -0.193246 -0.040167
-0.290346 -0.189521 -0.038520
0.837933 0.462673 -0.086460
0.824725 0.460726 -0.080617
0.810403 0.455886 -0.078256
0.797286 0.447137 -0.076803
0.838197 0.432015 -0.064709
0.782369 0.424695 -0.062740
-0.833619 0.417149 -0.080395
-0.843663 0.422981 -0.081413
-0.861111 0.422961 -0.080479
-0.878460 0.417161 -0.084997
0.839447 0.414078 -0.063301
0.774412 0.408716 -0.060086
-0.817402 0.390791 -0.059661
0.838392 0.399698 -0.065774
0.770248 0.394475 -0.059012
-0.806590 0.376272 -0.052312
0.830986 0.384193 -0.063407
0.768835 0.381365 -0.057345
0.819408 0.368778 -0.058295
0.768667 0.369722 -0.052505
-0.801931 0.362487 -0.056943
-0.869123 0.365046 -0.056049
0.808896 0.358104 -0.053613
0.795235 0.353923 -0.054767
0.775423 0.355836 -0.050182
-0.801259 0.344837 -0.057097
-0.865544 0.351615 -0.059837
-0.807266 0.327152 -0.053925
-0.821030 0.323171 -0.057413
-0.835054 0.324699 -0.059187
-0.848404 0.330102 -0.058096
-0.857479 0.338689 -0.054523
0.357356 -0.119447 -0.048597
0.346513 -0.113076 -0.050961
0.334725 -0.111622 -0.056325
0.319197 -0.111183 -0.059809
0.306476 -0.111902 -0.064121
0.074034 -0.116906 -0.060004
0.056159 -0.114612 -0.059559
0.040765 -0.116263 -0.060199
-0.033589 -0.118624 -0.057499
-0.049977 -0.114119 -0.058580
-0.065875 -0.114521 -0.058172
-0.289842 -0.113373 -0.059149
-0.307094 -0.110244 -0.059295
-0.324129 -0.109606 -0.059724
-0.339296 -0.112309 -0.061707
0.271034 -0.121912 -0.060978
0.092468 -0.122075 -0.060003
0.031667 -0.121700 -0.063845
-0.013462 -0.127009 -0.056097
-0.082073 -0.119361 -0.058820
-0.255329 -0.126161 -0.059005
-0.272620 -0.118893 -0.059100
-0.273144 -0.115802 -0.075822
-0.349239 -0.119082 -0.067349
0.361387 -0.132121 -0.058579
0.228260 -0.137835 -0.056719
0.233925 -0.129931 -0.078817
0.211858 -0.142411 -0.055802
0.200385 -0.143186 -0.060229
0.162750 -0.143625 -0.057994
0.145003 -0.140539 -0.058882
0.127793 -0.135381 -0.059138
0.127708 -0.131577 -0.076465
0.021094 -0.129258 -0.062660
0.008458 -0.141432 -0.064263
-0.101050 -0.127106 -0.062995
-0.123028 -0.135685 -0.059794
-0.113088 -0.129988 -0.081295
-0.138040 -0.141008 -0.056212
-0.150664 -0.143015 -0.059041
-0.163978 -0.143999 -0.061620
-0.202994 -0.142474 -0.058655
-0.221345 -0.138727 -0.058785
-0.238456 -0.133026 -0.058502
-0.238433 -0.128307 -0.075896
-0.357245 -0.128914 -0.059290
0.363203 -0.146100 -0.057159
-0.358717 -0.144018 -0.053546
0.358257 -0.153478 -0.063731
0.349876 -0.163751 -0.061908
0.004939 -0.162386 -0.061308
-0.343581 -0.163800 -0.056311
-0.352459 -0.155383 -0.055650
0.335853 -0.172840 -0.060039
0.319310 -0.179503 -0.059338
0.302003 -0.185540 -0.059262
0.054453 -0.183827 -0.058684
0.040954 -0.178257 -0.061017
0.027997 -0.172666 -0.058585
-0.014305 -0.169883 -0.061045
-0.030234 -0.177261 -0.060512
-0.046622 -0.183126 -0.059744
-0.305806 -0.181820 -0.061286
-0.326363 -0.174039 -0.056006
0.284609 -0.190519 -0.059271
0.267194 -0.194004 -0.059283
0.249776 -0.195565 -0.059280
0.232369 -0.195806 -0.059276
0.214966 -0.195811 -0.059276
0.197564 -0.195811 -0.059276
0.180167 -0.195811 -0.059270
0.162786 -0.195806 -0.059258
0.145419 -0.195755 -0.059227
0.128183 -0.195524 -0.058943
0.111594 -0.194853 -0.058135
0.094838 -0.193262 -0.057547
0.075252 -0.189802 -0.055672
-0.063630 -0.188448 -0.059435
-0.080896 -0.192938 -0.059298
-0.098284 -0.195106 -0.059276
-0.115687 -0.195766 -0.059276
-0.133090 -0.195811 -0.059276
-0.150493 -0.195811 -0.059276
-0.167896 -0.195811 -0.059276
-0.185293 -0.195811 -0.059270
-0.202661 -0.195802 -0.059235
-0.219914 -0.195725 -0.059092
-0.237044 -0.195240 -0.058741
-0.253919 -0.194104 -0.057732
-0.267414 -0.192823 -0.054376
-0.283858 -0.188997 -0.057843
0.849229 0.473395 -0.103196
0.843309 0.473926 -0.100580
0.829828 0.472954 -0.096720
0.815003 0.468405 -0.094838
0.844045 0.448022 -0.080832
0.787667 0.437048 -0.074737
-0.843390 0.429983 -0.096437
-0.855600 0.433559 -0.096156
-0.873302 0.433275 -0.100912
0.846149 0.430302 -0.078926
0.782254 0.426934 -0.083445
-0.887612 0.423568 -0.104499
0.844331 0.410816 -0.080569
0.777958 0.412432 -0.077700
-0.820196 0.397887 -0.074016
-0.826766 0.410039 -0.082995
-0.884992 0.405451 -0.084927
-0.889371 0.409400 -0.097606
0.838326 0.394807 -0.075680
0.775059 0.397540 -0.074101
-0.883079 0.394086 -0.079653
-0.888410 0.395255 -0.093666
0.832025 0.385423 -0.081423
0.773392 0.385576 -0.069518
-0.811215 0.380975 -0.071384
-0.878883 0.379567 -0.075412
0.823267 0.375433 -0.073154
0.808908 0.366221 -0.071330
0.790793 0.365049 -0.071660
0.777224 0.372744 -0.068794
-0.807922 0.362221 -0.074554
-0.873209 0.364790 -0.069815
-0.810089 0.345591 -0.073986
-0.868870 0.353973 -0.077716
-0.816296 0.334384 -0.070686
-0.827591 0.333159 -0.074746
-0.842136 0.334541 -0.075668
-0.857465 0.341707 -0.073651
0.349193 -0.118342 -0.066048
0.333702 -0.112754 -0.073293
0.318904 -0.110875 -0.076272
0.303368 -0.111586 -0.078255
0.070177 -0.118836 -0.077432
0.053319 -0.119147 -0.076430
-0.041382 -0.120136 -0.074116
-0.056170 -0.116047 -0.073684
-0.069677 -0.116187 -0.070973
-0.289861 -0.111427 -0.076377
-0.307063 -0.109554 -0.076709
-0.323566 -0.110056 -0.077479
-0.337414 -0.113826 -0.079854
0.283853 -0.114769 -0.081297
0.261862 -0.121188 -0.078465
0.270516 -0.114682 -0.099113
0.248487 -0.125665 -0.077775
0.110151 -0.126433 -0.077478
0.091102 -0.122072 -0.080370
0.041012 -0.121757 -0.074040
-0.081831 -0.120544 -0.075765
-0.094432 -0.124784 -0.081684
-0.256082 -0.121490 -0.076141
-0.345317 -0.120718 -0.082769
0.358417 -0.142883 -0.071677
0.354460 -0.129451 -0.078676
0.211839 -0.137512 -0.073038
0.218337 -0.129584 -0.095397
0.193847 -0.141108 -0.071159
0.178517 -0.140916 -0.074264
0.160744 -0.139620 -0.075163
0.144279 -0.136381 -0.075602
0.144914 -0.132117 -0.092606
0.034171 -0.130529 -0.077353
-0.012147 -0.143223 -0.070135
-0.026994 -0.129083 -0.073031
-0.137159 -0.137039 -0.073760
-0.128280 -0.130978 -0.097897
-0.154628 -0.140712 -0.072259
-0.168900 -0.140998 -0.075111
-0.187002 -0.140442 -0.075518
-0.205940 -0.136917 -0.078109
-0.199422 -0.132600 -0.096274
-0.224266 -0.134050 -0.072821
-0.218159 -0.129581 -0.091871
-0.351685 -0.129093 -0.076477
0.027308 -0.143899 -0.076894
-0.354436 -0.139314 -0.069685
0.349138 -0.155981 -0.080243
0.026143 -0.160839 -0.072580
-0.018887 -0.157838 -0.076037
-0.336137 -0.164997 -0.070683
-0.348454 -0.153026 -0.070059
0.335480 -0.168500 -0.077843
0.319286 -0.176742 -0.076820
0.302114 -0.182570 -0.076550
0.061033 -0.182576 -0.076591
0.046669 -0.178248 -0.070762
0.036557 -0.172792 -0.070041
-0.032552 -0.169735 -0.080429
-0.047128 -0.178893 -0.077644
-0.063579 -0.185490 -0.076816
-0.294226 -0.183548 -0.076846
-0.309363 -0.177661 -0.079939
-0.322647 -0.171921 -0.075852
0.284885 -0.187844 -0.076528
0.267469 -0.192432 -0.076698
0.249906 -0.194852 -0.076754
0.232401 -0.195702 -0.076699
0.214976 -0.195802 -0.076677
0.197592 -0.195806 -0.076661
0.180232 -0.195783 -0.076638
0.162973 -0.195738 -0.076526
0.145859 -0.195578 -0.076415
0.128670 -0.194975 -0.076260
0.111611 -0.193861 -0.075252
0.098055 -0.192721 -0.071776
0.081793 -0.189065 -0.074925
-0.080865 -0.190527 -0.076675
-0.098253 -0.193986 -0.076674
-0.115668 -0.195541 -0.076686
-0.133080 -0.195797 -0.076677
-0.150465 -0.195806 -0.076661
-0.167838 -0.195786 -0.076661
-0.185210 -0.195753 -0.076650
-0.202483 -0.195707 -0.076500
-0.219489 -0.195512 -0.076107
-0.235976 -0.194854 -0.075408
-0.252750 -0.193235 -0.075028
-0.272609 -0.189744 -0.073374
0.849111 0.464693 -0.097259
0.800246 0.458129 -0.097194
0.852560 0.447186 -0.095657
0.788622 0.440423 -0.093143
-0.834807 0.421488 -0.090370
-0.885614 0.434697 -0.119147
0.851994 0.428816 -0.095838
0.784047 0.426046 -0.098377
0.847733 0.413030 -0.100083
0.781608 0.414252 -0.094493
-0.819425 0.396456 -0.087291
-0.827112 0.411504 -0.097952
0.840147 0.398011 -0.090011
0.781236 0.399975 -0.090566
0.832452 0.389300 -0.095564
0.820289 0.379397 -0.090018
0.802177 0.375794 -0.089612
0.788114 0.376298 -0.084946
0.780335 0.385806 -0.083253
-0.814835 0.379418 -0.090708
-0.884317 0.383193 -0.088355
-0.815158 0.362222 -0.091863
-0.877343 0.367597 -0.089159
-0.821487 0.346687 -0.089028
-0.835046 0.342556 -0.091790
-0.850122 0.344798 -0.093073
-0.865144 0.353220 -0.093436
0.343720 -0.120032 -0.087410
0.330218 -0.113202 -0.087637
0.317738 -0.111554 -0.092385
0.302075 -0.111039 -0.095261
0.288717 -0.111491 -0.099703
-0.272605 -0.112806 -0.092862
-0.289686 -0.110090 -0.093806
-0.306913 -0.109296 -0.094239
-0.322790 -0.111344 -0.095445
0.247619 -0.121944 -0.092874
0.254963 -0.115072 -0.115433
0.232820 -0.125971 -0.094001
0.127952 -0.128347 -0.094081
0.111007 -0.125587 -0.095543
0.098041 -0.124363 -0.098952
0.082718 -0.122864 -0.095575
0.065610 -0.123127 -0.094490
-0.037924 -0.128296 -0.086203
-0.050516 -0.122192 -0.088780
-0.066075 -0.119356 -0.085232
-0.080245 -0.122749 -0.092519
-0.096251 -0.126011 -0.096046
-0.110016 -0.127973 -0.099867
-0.239595 -0.121552 -0.095915
-0.234185 -0.117890 -0.115002
-0.258719 -0.116958 -0.090098
-0.252830 -0.114543 -0.108750
-0.335659 -0.118478 -0.098694
0.350223 -0.128826 -0.090676
0.195482 -0.135384 -0.090016
0.206087 -0.128473 -0.110247
0.174115 -0.136078 -0.091678
0.186973 -0.131170 -0.109745
0.158020 -0.135457 -0.089054
0.165007 -0.131384 -0.107563
0.049168 -0.129792 -0.094376
-0.152462 -0.135601 -0.090654
-0.141695 -0.130211 -0.112106
-0.173683 -0.136323 -0.092145
-0.161017 -0.131747 -0.110195
-0.189596 -0.135935 -0.090381
-0.182351 -0.131470 -0.108314
-0.344586 -0.129900 -0.093638
0.351315 -0.139942 -0.091093
0.039873 -0.144042 -0.093311
-0.030251 -0.141679 -0.087835
-0.347285 -0.142444 -0.085190
0.343260 -0.152767 -0.101249
0.334015 -0.164560 -0.096207
0.038538 -0.158511 -0.090007
-0.034221 -0.157227 -0.094153
-0.335309 -0.158987 -0.090672
0.319032 -0.173138 -0.094462
0.302116 -0.179311 -0.093803
0.285427 -0.184994 -0.093232
0.071750 -0.183472 -0.092795
0.057583 -0.177629 -0.092825
0.044384 -0.172020 -0.083074
-0.042027 -0.166812 -0.099578
-0.049726 -0.175093 -0.096279
-0.064097 -0.181804 -0.094535
-0.287155 -0.182517 -0.096330
-0.303587 -0.178006 -0.091175
-0.317760 -0.171104 -0.093045
0.268485 -0.189449 -0.093700
0.250703 -0.192747 -0.094386
0.232823 -0.194741 -0.094257
0.215152 -0.195496 -0.094134
0.197792 -0.195685 -0.093942
0.180672 -0.195605 -0.093806
0.163631 -0.195318 -0.093625
0.147056 -0.194957 -0.093037
0.130668 -0.194098 -0.093043
0.113066 -0.192367 -0.093239
0.092777 -0.189242 -0.090757
-0.080780 -0.187258 -0.093981
-0.097977 -0.191848 -0.093931
-0.115388 -0.194376 -0.094097
-0.132917 -0.195466 -0.094121
-0.150265 -0.195685 -0.093942
-0.167386 -0.195614 -0.093837
-0.184538 -0.195366 -0.093917
-0.201781 -0.195058 -0.093726
-0.218534 -0.194720 -0.092747
-0.234762 -0.193884 -0.091724
-0.248376 -0.192709 -0.089039
-0.264753 -0.188925 -0.093060
0.851505 0.477602 -0.113448
0.857082 0.482690 -0.129482
0.837225 0.481819 -0.112672
0.846420 0.486779 -0.128268
0.821414 0.478828 -0.111191
0.830729 0.486010 -0.127774
0.860692 0.474375 -0.124244
0.808386 0.470989 -0.109458
0.857862 0.463598 -0.111485
0.799585 0.462380 -0.118710
-0.847136 0.434719 -0.109819
-0.860967 0.439928 -0.112898
-0.873155 0.441162 -0.117995
0.859416 0.444337 -0.114114
0.792079 0.446400 -0.112625
-0.836062 0.424990 -0.105309
0.854654 0.426430 -0.110098
0.787631 0.430723 -0.110761
-0.893386 0.422961 -0.118837
0.849767 0.415783 -0.117110
0.786215 0.416598 -0.109527
-0.821899 0.396748 -0.104803
-0.829253 0.413485 -0.114734
-0.894114 0.411229 -0.113892
0.838822 0.400633 -0.108476
0.786237 0.404635 -0.104792
-0.891892 0.396198 -0.110033
0.826730 0.389822 -0.105717
0.812836 0.387415 -0.107277
0.793349 0.390465 -0.102491
-0.820569 0.379634 -0.108713
-0.885849 0.381116 -0.103389
-0.823805 0.363408 -0.107808
-0.874615 0.366959 -0.112433
-0.830278 0.352895 -0.104539
-0.842059 0.352821 -0.108727
-0.857533 0.356582 -0.111118
0.332026 -0.117744 -0.103930
0.315851 -0.112356 -0.108795
0.301124 -0.110552 -0.111228
0.286107 -0.110744 -0.113353
0.272759 -0.111564 -0.117046
-0.272036 -0.110617 -0.110620
-0.289630 -0.109320 -0.111309
-0.306549 -0.109894 -0.111899
-0.321056 -0.113545 -0.113709
0.344827 -0.128597 -0.101407
0.232565 -0.122124 -0.108928
0.241035 -0.116766 -0.128406
0.218608 -0.125622 -0.110278
0.145764 -0.128606 -0.110596
0.128196 -0.126803 -0.111617
0.111651 -0.125789 -0.112447
0.095473 -0.125225 -0.112471
0.078958 -0.125556 -0.111984
0.064051 -0.128832 -0.112631
-0.045841 -0.132361 -0.100062
-0.063508 -0.125614 -0.103316
-0.081458 -0.125745 -0.108875
-0.097338 -0.126639 -0.111947
-0.113086 -0.127680 -0.113560
-0.126262 -0.128330 -0.116265
-0.201270 -0.127774 -0.111140
-0.219500 -0.122884 -0.112181
-0.221155 -0.119715 -0.129053
-0.329506 -0.120611 -0.117002
0.056094 -0.136102 -0.115789
-0.336454 -0.129916 -0.111747
0.343756 -0.140611 -0.109577
0.050238 -0.145022 -0.111327
-0.043385 -0.144883 -0.107181
-0.338785 -0.144901 -0.105703
0.338421 -0.150285 -0.116296
0.331498 -0.159985 -0.114050
0.048758 -0.158237 -0.107442
-0.045982 -0.157815 -0.112140
-0.324484 -0.163694 -0.108353
-0.333380 -0.155953 -0.107150
0.318243 -0.168921 -0.112117
0.301865 -0.176043 -0.111193
0.284862 -0.181319 -0.110189
0.078413 -0.181596 -0.111524
0.063494 -0.177322 -0.104390
0.051464 -0.169882 -0.100657
-0.054231 -0.169195 -0.115899
-0.065643 -0.177868 -0.112506
-0.080971 -0.183602 -0.111245
-0.273645 -0.182805 -0.114568
-0.291027 -0.177864 -0.114834
-0.306537 -0.173185 -0.108464
0.271160 -0.185688 -0.107431
0.252906 -0.188546 -0.113094
0.234103 -0.192023 -0.111721
0.216118 -0.193651 -0.111699
0.198552 -0.194539 -0.111115
0.181842 -0.194757 -0.110368
0.165465 -0.194253 -0.110182
0.148538 -0.193394 -0.109848
0.134682 -0.192952 -0.106819
0.118948 -0.190451 -0.110596
0.099423 -0.186951 -0.111407
-0.097440 -0.188167 -0.110582
-0.114361 -0.191656 -0.111027
-0.132012 -0.193583 -0.111589
-0.149509 -0.194538 -0.111111
-0.166203 -0.194766 -0.110388
-0.182508 -0.194336 -0.110453
-0.199645 -0.193505 -0.110940
-0.217333 -0.192737 -0.109896
-0.231727 -0.192334 -0.105920
-0.250146 -0.189290 -0.107692
0.812700 0.477176 -0.127408
0.864125 0.462940 -0.127779
0.800907 0.463613 -0.136153
-0.849556 0.437110 -0.125645
-0.863084 0.442454 -0.128778
-0.876599 0.442133 -0.131619
0.863674 0.447959 -0.133755
0.793843 0.448928 -0.129755
-0.838026 0.427349 -0.120993
-0.887206 0.436435 -0.137055
0.857797 0.431058 -0.124996
0.791084 0.433810 -0.125964
-0.893534 0.425858 -0.131794
0.850078 0.420174 -0.133429
0.790250 0.421226 -0.121939
-0.832350 0.416988 -0.128727
-0.895884 0.412274 -0.129245
0.841289 0.408846 -0.125139
0.826324 0.399706 -0.122912
0.807857 0.399328 -0.123512
0.794292 0.407830 -0.121173
-0.827131 0.399538 -0.124731
-0.894277 0.397942 -0.126639
-0.828538 0.380032 -0.124977
-0.887054 0.382436 -0.124126
-0.834594 0.364484 -0.119797
-0.848536 0.364854 -0.126040
-0.864293 0.367598 -0.128568
-0.876900 0.373732 -0.130856
0.324073 -0.118518 -0.121774
0.311608 -0.112755 -0.121749
0.299408 -0.111241 -0.125450
0.284802 -0.110614 -0.127870
0.269692 -0.111452 -0.129884
0.256526 -0.112998 -0.132567
-0.238689 -0.114591 -0.127530
-0.255552 -0.111587 -0.126656
-0.272426 -0.110143 -0.127523
-0.289586 -0.110012 -0.128091
-0.305442 -0.111988 -0.129079
0.220624 -0.122631 -0.124961
0.201167 -0.126739 -0.127108
0.182213 -0.128619 -0.127119
0.163470 -0.128548 -0.127261
0.145526 -0.127618 -0.127843
0.128117 -0.127105 -0.128135
0.110997 -0.126966 -0.128254
0.093920 -0.127343 -0.128238
0.077561 -0.129828 -0.129034
-0.056959 -0.134697 -0.116266
-0.070349 -0.128924 -0.118705
-0.083599 -0.128051 -0.123895
-0.098903 -0.127472 -0.126712
-0.114310 -0.127672 -0.128648
-0.130297 -0.128278 -0.128897
-0.147529 -0.129018 -0.127979
-0.165923 -0.129160 -0.127319
-0.184482 -0.127767 -0.127584
-0.202927 -0.124573 -0.128661
-0.317798 -0.118625 -0.132196
0.336567 -0.128618 -0.117304
0.065780 -0.135587 -0.130409
-0.327055 -0.129395 -0.128898
0.335538 -0.140631 -0.125225
0.059415 -0.145767 -0.128301
-0.055506 -0.145871 -0.124144
-0.330499 -0.142278 -0.124662
0.328488 -0.152018 -0.130028
0.316682 -0.162677 -0.129306
0.057956 -0.158281 -0.124531
-0.057503 -0.157934 -0.128694
-0.315146 -0.164009 -0.124223
-0.328888 -0.154541 -0.119003
0.301287 -0.171132 -0.128038
0.284087 -0.176963 -0.127347
0.264819 -0.182245 -0.125399
0.246246 -0.184257 -0.130327
0.107750 -0.183712 -0.130533
0.088280 -0.180902 -0.127780
0.074904 -0.176397 -0.127162
0.062199 -0.170917 -0.117317
-0.063077 -0.166422 -0.132627
-0.068950 -0.173664 -0.129494
-0.082052 -0.178947 -0.128002
-0.098081 -0.183388 -0.126873
-0.258589 -0.182081 -0.130373
-0.274978 -0.178424 -0.130973
-0.285335 -0.176993 -0.125868
-0.298940 -0.171635 -0.126427
0.236045 -0.187729 -0.125723
0.218245 -0.188669 -0.129828
0.200194 -0.191230 -0.127594
0.183044 -0.191770 -0.126511
0.169241 -0.192284 -0.123516
0.153229 -0.189994 -0.126441
0.131788 -0.187950 -0.125407
-0.111688 -0.187347 -0.124336
-0.129755 -0.188547 -0.129495
-0.147864 -0.191223 -0.127570
-0.164997 -0.191782 -0.126523
-0.178688 -0.192353 -0.123644
-0.194265 -0.190218 -0.127059
-0.213412 -0.188449 -0.127493
-0.235037 -0.187182 -0.124767
0.855197 0.486163 -0.140837
0.842234 0.489406 -0.141847
0.863049 0.476823 -0.136891
0.826683 0.485336 -0.142568
0.812402 0.475166 -0.145183
0.865684 0.464445 -0.142851
0.803413 0.461563 -0.149901
-0.851484 0.437286 -0.140138
-0.864609 0.441605 -0.142681
-0.877339 0.440476 -0.145521
0.862736 0.450772 -0.148476
0.796721 0.448903 -0.143881
-0.840055 0.427860 -0.135688
-0.885957 0.435205 -0.149841
0.858165 0.434698 -0.141158
0.793918 0.436980 -0.138145
-0.891491 0.426400 -0.145594
0.848247 0.425425 -0.147856
0.835734 0.413808 -0.140634
0.817533 0.409467 -0.139240
0.804302 0.410490 -0.135758
0.796246 0.422307 -0.136258
-0.834443 0.413881 -0.140357
-0.893967 0.413057 -0.142873
-0.834154 0.397215 -0.140788
-0.894000 0.399483 -0.140405
-0.841114 0.380590 -0.138718
-0.856675 0.376403 -0.141872
-0.871495 0.377282 -0.142591
-0.883760 0.381570 -0.140543
-0.891100 0.389093 -0.137252
0.311919 -0.117565 -0.134646
0.296525 -0.112834 -0.136504
0.284055 -0.112790 -0.140578
0.268642 -0.113504 -0.143003
0.252429 -0.115449 -0.143317
-0.227333 -0.119066 -0.142157
-0.242956 -0.113926 -0.138668
-0.256011 -0.112834 -0.141085
-0.272416 -0.112579 -0.142261
-0.289012 -0.113191 -0.142783
-0.302891 -0.115728 -0.143724
0.326721 -0.128613 -0.132124
0.235088 -0.119479 -0.142208
0.217297 -0.124605 -0.142167
0.199126 -0.128600 -0.142567
0.180719 -0.130009 -0.142452
0.162881 -0.130104 -0.142488
0.145374 -0.129938 -0.142577
0.127976 -0.129921 -0.142603
0.110592 -0.130274 -0.142609
0.093722 -0.131930 -0.142648
0.078461 -0.136553 -0.142982
-0.070692 -0.134771 -0.131232
-0.086503 -0.130139 -0.135222
-0.099227 -0.129965 -0.139766
-0.115328 -0.130070 -0.142052
-0.132353 -0.130322 -0.142628
-0.149819 -0.130502 -0.142503
-0.167587 -0.130089 -0.142519
-0.185659 -0.128739 -0.143168
-0.205573 -0.126035 -0.145353
-0.309231 -0.121501 -0.146286
0.314754 -0.128647 -0.143979
0.069988 -0.137235 -0.139148
-0.315607 -0.129540 -0.143342
0.325651 -0.140275 -0.138105
0.314063 -0.140639 -0.147312
0.070611 -0.144600 -0.142100
-0.068273 -0.146086 -0.138953
-0.319839 -0.141599 -0.139854
0.321927 -0.148138 -0.140724
0.311587 -0.153143 -0.144092
0.299204 -0.164067 -0.142829
0.068062 -0.157785 -0.139280
-0.069792 -0.157734 -0.142609
-0.304538 -0.162709 -0.138880
-0.319734 -0.153485 -0.134123
0.283781 -0.170885 -0.142437
0.266408 -0.175059 -0.142047
0.248168 -0.177817 -0.142204
0.229319 -0.181350 -0.141072
0.211497 -0.181649 -0.144610
0.141522 -0.180539 -0.144248
0.120120 -0.179129 -0.143701
0.104413 -0.176553 -0.145651
0.092031 -0.176660 -0.141320
0.080211 -0.175358 -0.136884
0.069367 -0.168864 -0.133743
-0.074553 -0.167275 -0.143166
-0.084145 -0.173369 -0.142433
-0.099245 -0.176846 -0.141920
-0.118049 -0.180990 -0.140357
-0.136436 -0.181589 -0.144464
-0.205905 -0.180917 -0.144489
-0.227011 -0.180528 -0.142598
-0.246040 -0.178626 -0.142909
-0.260657 -0.175993 -0.144805
-0.270391 -0.176238 -0.140248
-0.285944 -0.171257 -0.139237
0.201989 -0.185590 -0.140171
0.186361 -0.185235 -0.141213
0.165726 -0.185041 -0.139712
-0.146055 -0.185579 -0.140138
-0.161686 -0.185244 -0.141220
-0.182169 -0.185163 -0.139833
0.851776 0.486135 -0.149960
0.840666 0.485565 -0.152451
0.860743 0.478206 -0.148716
0.826741 0.480018 -0.154013
0.853223 0.478331 -0.156147
0.841034 0.476502 -0.159064
0.829608 0.472111 -0.159907
0.815486 0.468624 -0.156601
0.861645 0.465909 -0.153788
0.852865 0.466219 -0.159683
0.840706 0.464286 -0.161629
0.827054 0.461225 -0.161503
0.815998 0.457408 -0.160654
0.807708 0.457486 -0.157436
-0.854264 0.435669 -0.149862
-0.864802 0.436565 -0.153058
-0.876793 0.435242 -0.155060
0.858438 0.454964 -0.156807
0.850478 0.454751 -0.160225
0.839806 0.450342 -0.161155
0.825765 0.447629 -0.161574
0.812692 0.446518 -0.159742
0.802738 0.447329 -0.154028
-0.843750 0.426963 -0.147906
-0.883238 0.432503 -0.155881
0.852434 0.440498 -0.154986
0.838350 0.436407 -0.159252
0.824160 0.434031 -0.158843
0.810332 0.433303 -0.155536
0.799636 0.434146 -0.147923
-0.851988 0.426761 -0.155782
-0.864433 0.426755 -0.159038
-0.876808 0.426059 -0.159240
-0.886027 0.425935 -0.155106
0.845439 0.429937 -0.155225
0.836860 0.424953 -0.153921
0.822165 0.421342 -0.151486
0.807742 0.420657 -0.146933
-0.841337 0.413162 -0.151620
-0.852048 0.413875 -0.158650
-0.864884 0.413984 -0.160886
-0.877647 0.413315 -0.159191
-0.887865 0.413154 -0.153282
-0.844076 0.398854 -0.152345
-0.854666 0.402740 -0.158731
-0.865563 0.400150 -0.158880
-0.878593 0.399250 -0.156418
-0.888746 0.399538 -0.150414
-0.853319 0.389818 -0.152556
-0.867188 0.387085 -0.152575
-0.880348 0.387700 -0.150463
-0.888798 0.390071 -0.145978
0.299559 -0.118756 -0.145356
0.284308 -0.119037 -0.150654
0.267611 -0.119799 -0.152888
0.250690 -0.121811 -0.153447
-0.239207 -0.119136 -0.149590
-0.255189 -0.119041 -0.152408
-0.272137 -0.119127 -0.153280
-0.288024 -0.119856 -0.153237
0.234274 -0.125861 -0.153505
0.218812 -0.132958 -0.154748
0.198352 -0.135472 -0.153625
0.180261 -0.136280 -0.153393
0.162713 -0.136417 -0.153369
0.145284 -0.136407 -0.153382
0.127909 -0.136513 -0.153393
0.110874 -0.137424 -0.153385
-0.083349 -0.136141 -0.143508
-0.098725 -0.136318 -0.149870
-0.115679 -0.136366 -0.152556
-0.133025 -0.136400 -0.153310
-0.150451 -0.136381 -0.153382
-0.167934 -0.136064 -0.153600
-0.185146 -0.135477 -0.154432
-0.199109 -0.135741 -0.156387
-0.218400 -0.130039 -0.154823
-0.299452 -0.121747 -0.152457
0.300320 -0.129052 -0.151954
0.283883 -0.129398 -0.156855
0.266906 -0.130168 -0.159128
0.250704 -0.131988 -0.159817
0.237245 -0.134913 -0.159610
0.095593 -0.140400 -0.153231
-0.237374 -0.129847 -0.158241
-0.254848 -0.129827 -0.159527
-0.272007 -0.129935 -0.159577
-0.288048 -0.130294 -0.158153
-0.302720 -0.130310 -0.153309
0.298820 -0.141804 -0.153987
0.282031 -0.141982 -0.159224
0.266112 -0.142775 -0.161428
0.250546 -0.144447 -0.161694
0.233831 -0.145221 -0.160700
0.215769 -0.145645 -0.159533
0.197604 -0.146487 -0.159111
0.179782 -0.147006 -0.158999
0.162079 -0.147076 -0.159044
0.144618 -0.146830 -0.159178
0.127594 -0.146851 -0.159257
0.111585 -0.147867 -0.159087
0.099163 -0.150150 -0.158115
0.085395 -0.147262 -0.152477
-0.082725 -0.146271 -0.149816
-0.098865 -0.146325 -0.155997
-0.115857 -0.146380 -0.158445
-0.133140 -0.146483 -0.159039
-0.150628 -0.146690 -0.159065
-0.168146 -0.146884 -0.159236
-0.185155 -0.146686 -0.159785
-0.202334 -0.145332 -0.160173
-0.220062 -0.143935 -0.160763
-0.237587 -0.143657 -0.161601
-0.254981 -0.143659 -0.161816
-0.272328 -0.143675 -0.160868
-0.289571 -0.143575 -0.157498
-0.306017 -0.142487 -0.150729
0.293201 -0.153936 -0.153652
0.278572 -0.152422 -0.159107
0.266007 -0.155463 -0.159775
0.249900 -0.157222 -0.159689
0.232513 -0.158133 -0.159299
0.214629 -0.159003 -0.159015
0.196592 -0.160171 -0.158758
0.178180 -0.160684 -0.158669
0.159812 -0.160191 -0.159054
0.142578 -0.159222 -0.159662
0.126516 -0.158965 -0.159741
0.111005 -0.159481 -0.158964
0.095655 -0.159107 -0.156432
0.080755 -0.158028 -0.149993
-0.084206 -0.157708 -0.152257
-0.099662 -0.157830 -0.157295
-0.116078 -0.158358 -0.158710
-0.133537 -0.159115 -0.158932
-0.151458 -0.160184 -0.158765
-0.169744 -0.160673 -0.158772
-0.187941 -0.160005 -0.159271
-0.205220 -0.158652 -0.160024
-0.221697 -0.157967 -0.160354
-0.238438 -0.158018 -0.160094
-0.255734 -0.157807 -0.159604
-0.273180 -0.157616 -0.157459
-0.292133 -0.157774 -0.150876
-0.309499 -0.152165 -0.145273
0.282027 -0.162165 -0.153392
0.266613 -0.166502 -0.153352
0.249343 -0.168679 -0.153236
0.231392 -0.170292 -0.153057
0.213286 -0.171861 -0.153126
0.194616 -0.175205 -0.151696
0.173419 -0.174190 -0.152493
0.154216 -0.172302 -0.153591
0.138632 -0.168957 -0.155948
0.124933 -0.170230 -0.154397
0.108396 -0.169791 -0.153640
0.093158 -0.169034 -0.150900
0.079517 -0.168573 -0.144432
-0.087350 -0.166162 -0.151391
-0.099805 -0.168244 -0.152687
-0.116565 -0.170058 -0.152848
-0.134666 -0.171811 -0.153016
-0.153427 -0.175204 -0.151690
-0.174601 -0.174201 -0.152517
-0.193707 -0.172379 -0.153680
-0.209296 -0.169049 -0.156063
-0.223099 -0.170490 -0.154304
-0.240588 -0.170207 -0.153673
-0.257546 -0.169333 -0.153109
-0.273018 -0.169086 -0.149559
0.320502 -0.153719 -0.136847
0.851535 0.471050 -0.105614
-0.280855 -0.124726 0.038861
-0.228858 -0.143052 0.036526
0.030639 -0.190742 0.085444
0.624020 0.210897 0.088163
0.591741 0.178401 0.089092
-0.391935 -0.051472 0.040438
0.071909 -0.134913 -0.136383
0.608644 0.195981 0.087931
0.561428 0.056595 0.087190
0.476859 0.056393 0.086474
0.544770 0.039268 0.086474
0.459457 0.038990 0.086474
0.526671 0.021826 0.087203
0.442798 0.021663 0.087190
0.509268 0.004423 0.087203
0.491865 -0.012979 0.087186
-0.624402 0.079890 0.064076
-0.552287 0.108368 0.055283
-0.534893 0.091174 0.055286
-0.517499 0.073835 0.055288
-0.499400 0.056393 0.056017
-0.481997 0.038990 0.056017
-0.520899 -0.013038 0.060182
-0.516740 -0.013467 0.055626
-0.707328 0.248219 0.039157
0.470885 0.054822 0.076991
0.550744 0.040839 0.076991
0.454341 0.038144 0.077960
0.516429 0.006407 0.076017
-0.493427 0.054822 0.065500
-0.476882 0.038144 0.064532
0.488568 0.072832 0.077229
0.306808 -0.140681 0.108073
0.304578 -0.134877 0.104955
0.298369 -0.141220 0.108583
0.308966 -0.127324 0.099620
0.298929 -0.131212 0.101610
0.323308 -0.138021 0.105346
0.314245 -0.142223 0.107862
0.319863 -0.146934 0.108122
0.334236 -0.134349 0.103120
0.327700 -0.127774 0.101339
0.306711 -0.147937 0.110425
0.332377 -0.117101 0.096595
0.320826 -0.122086 0.097636
0.313505 -0.118723 0.092711
0.290574 -0.135495 0.104082
0.282470 -0.140922 0.106429
0.290229 -0.141372 0.108097
0.291939 -0.130204 0.099286
0.290968 -0.147414 0.110671
0.274498 -0.140479 0.103614
0.273705 -0.147049 0.108160
0.276724 -0.134722 0.098002
0.266952 -0.139529 0.099424
0.284998 -0.130689 0.097136
0.280499 -0.130091 0.092765
0.291587 -0.126876 0.094033
-0.281439 -0.138731 0.104440
-0.289561 -0.141865 0.107786
-0.282041 -0.143693 0.108072
-0.281180 -0.134417 0.099543
-0.272929 -0.136692 0.099692
-0.274937 -0.146096 0.108333
-0.269149 -0.149887 0.108764
-0.266074 -0.144418 0.105070
-0.264823 -0.139630 0.099929
-0.256758 -0.142904 0.100242
-0.282952 -0.149213 0.110465
-0.264186 -0.135822 0.093767
-0.297620 -0.135195 0.103666
-0.305097 -0.138851 0.106570
-0.297428 -0.140330 0.107273
-0.297961 -0.130667 0.098867
-0.289507 -0.132525 0.099281
-0.297135 -0.145875 0.109748
-0.281129 -0.131013 0.093554
-0.314062 -0.132115 0.102134
-0.320551 -0.136680 0.104431
-0.312615 -0.137339 0.105674
-0.315689 -0.126702 0.097585
-0.306588 -0.128755 0.098300
-0.312108 -0.143370 0.107856
-0.298441 -0.126700 0.093045
-0.325220 -0.142930 0.105389
-0.328965 -0.136928 0.102963
-0.331951 -0.130185 0.100056
-0.325324 -0.124561 0.096846
-0.334861 -0.123295 0.096736
-0.317268 -0.121262 0.092099
-0.338178 -0.137066 0.101288
0.314985 -0.154868 0.110034
0.323325 -0.153496 0.107777
0.325412 -0.161032 0.106214
0.332683 -0.151945 0.105047
0.339599 -0.141963 0.103280
0.345164 -0.131665 0.101214
0.342879 -0.150365 0.102333
0.307187 -0.155207 0.111415
0.299671 -0.154627 0.112023
0.308385 -0.161955 0.110955
0.283289 -0.154071 0.111835
0.291737 -0.154205 0.112120
0.292218 -0.161434 0.112554
0.265179 -0.154085 0.109784
0.274408 -0.154009 0.110981
0.275117 -0.161172 0.112284
0.255904 -0.155064 0.109372
0.252586 -0.150338 0.106641
0.246729 -0.156825 0.109754
0.246245 -0.148059 0.103775
0.256114 -0.144129 0.101475
0.257174 -0.161536 0.111202
0.259600 -0.138507 0.094294
0.238279 -0.157807 0.109783
0.237966 -0.152632 0.106791
0.230513 -0.157905 0.109371
0.238301 -0.147901 0.102470
0.239423 -0.163097 0.111178
0.222528 -0.157998 0.109020
0.222082 -0.153182 0.106136
0.214219 -0.158158 0.108768
0.229773 -0.148801 0.102559
0.221612 -0.149370 0.102157
0.222807 -0.163569 0.110817
0.236635 -0.144810 0.097289
0.205830 -0.158272 0.108508
0.205855 -0.153493 0.105131
0.197372 -0.158354 0.108255
0.206041 -0.149662 0.100395
0.214061 -0.149494 0.101154
0.205949 -0.163750 0.110479
0.222384 -0.146221 0.096506
0.188803 -0.158399 0.108096
0.188821 -0.153708 0.104568
0.180145 -0.158416 0.108018
0.197508 -0.149869 0.099968
0.188862 -0.149985 0.099727
0.188810 -0.163814 0.110230
0.206239 -0.146843 0.094382
0.169284 -0.153751 0.104440
0.162758 -0.158424 0.107985
0.171459 -0.158424 0.107985
0.171459 -0.150045 0.099606
0.162758 -0.150045 0.099606
0.171459 -0.163823 0.110161
0.188849 -0.147300 0.093723
0.180166 -0.149222 0.098266
0.173566 -0.147383 0.093636
0.151881 -0.153751 0.104440
0.145355 -0.158424 0.107985
0.154057 -0.158424 0.107985
0.154057 -0.150045 0.099606
0.145355 -0.150045 0.099606
0.154056 -0.163823 0.110161
0.156151 -0.147386 0.093644
0.136653 -0.158424 0.107985
0.134478 -0.153751 0.104440
0.127952 -0.158424 0.107985
0.136653 -0.150045 0.099606
0.127952 -0.150851 0.100976
0.136653 -0.163823 0.110161
0.138748 -0.147376 0.093644
0.119250 -0.158424 0.107985
0.119250 -0.153751 0.104440
0.110573 -0.158390 0.107985
0.119242 -0.149977 0.099598
0.119250 -0.163823 0.110161
0.101915 -0.158255 0.107958
0.101848 -0.153449 0.104350
0.093336 -0.158001 0.107816
0.110518 -0.149775 0.099553
0.101727 -0.149319 0.099368
0.101932 -0.163688 0.110161
0.119152 -0.147103 0.093630
0.084795 -0.157559 0.107399
0.084315 -0.152297 0.103414
0.076192 -0.157005 0.106574
0.083633 -0.147186 0.097858
0.092828 -0.148538 0.098884
0.085042 -0.163133 0.109864
0.101517 -0.145821 0.093188
0.067488 -0.156423 0.105308
0.066124 -0.150169 0.100684
0.058471 -0.155809 0.103403
0.064617 -0.143928 0.094893
0.074103 -0.145349 0.096262
0.068746 -0.162190 0.108358
0.082901 -0.142156 0.090949
0.049046 -0.154923 0.100641
0.051294 -0.162002 0.104161
0.047040 -0.147490 0.096011
0.039312 -0.153728 0.097557
0.055080 -0.142679 0.093533
0.046318 -0.140341 0.090398
0.061895 -0.137983 0.088919
-0.059374 -0.157120 0.105858
-0.060819 -0.151451 0.103417
-0.066776 -0.157129 0.106956
-0.054808 -0.146514 0.098871
-0.062178 -0.145920 0.099375
-0.057709 -0.162784 0.106574
-0.051923 -0.156048 0.103383
-0.044242 -0.154022 0.099794
-0.048460 -0.148928 0.098833
-0.048623 -0.142125 0.093365
-0.074603 -0.157135 0.107598
-0.075991 -0.151509 0.104565
-0.082875 -0.157285 0.108024
-0.069880 -0.146056 0.099929
-0.077984 -0.146513 0.100405
-0.073669 -0.163161 0.109299
-0.064544 -0.140944 0.094188
-0.091275 -0.157487 0.108272
-0.092513 -0.152266 0.105243
-0.099726 -0.157732 0.108458
-0.086173 -0.147196 0.100840
-0.094202 -0.147965 0.101379
-0.090481 -0.163302 0.110166
-0.080559 -0.142550 0.095607
-0.108127 -0.157953 0.108537
-0.108811 -0.153092 0.105691
-0.116470 -0.158122 0.108513
-0.101969 -0.148753 0.101976
-0.109474 -0.149180 0.101855
-0.107608 -0.163556 0.110390
-0.096415 -0.144719 0.096771
-0.124851 -0.158241 0.108402
-0.124862 -0.153383 0.105049
-0.133295 -0.158321 0.108228
-0.116814 -0.149246 0.101032
-0.124696 -0.149405 0.100368
-0.124680 -0.163741 0.110378
-0.108799 -0.145676 0.096469
-0.141851 -0.158373 0.108096
-0.141833 -0.153645 0.104568
-0.150509 -0.158407 0.108018
-0.141792 -0.149864 0.099727
-0.133169 -0.149669 0.099968
-0.141843 -0.163805 0.110230
-0.124477 -0.146329 0.094409
-0.159194 -0.158424 0.107985
-0.161370 -0.153751 0.104440
-0.167896 -0.158424 0.107985
-0.167896 -0.150045 0.099606
-0.159194 -0.150045 0.099606
-0.159194 -0.163823 0.110161
-0.141768 -0.147064 0.093741
-0.150488 -0.149185 0.098266
-0.157028 -0.147323 0.093636
-0.176598 -0.158424 0.107985
-0.178773 -0.153751 0.104440
-0.185299 -0.158424 0.107985
-0.185299 -0.150851 0.100976
-0.176598 -0.150045 0.099606
-0.176598 -0.163823 0.110161
-0.174460 -0.147360 0.093627
-0.194001 -0.158424 0.107985
-0.194001 -0.153751 0.104440
-0.202702 -0.158424 0.107985
-0.194001 -0.150035 0.099606
-0.194001 -0.163823 0.110161
-0.211412 -0.158384 0.107988
-0.211429 -0.153621 0.104449
-0.220147 -0.158254 0.108000
-0.211446 -0.149763 0.099621
-0.202711 -0.149975 0.099609
-0.211403 -0.163823 0.110161
-0.194070 -0.147353 0.093636
-0.228963 -0.157962 0.108040
-0.229105 -0.152876 0.104547
-0.237897 -0.157512 0.108141
-0.220262 -0.149331 0.099661
-0.229184 -0.148576 0.099742
-0.228866 -0.163632 0.110181
-0.211544 -0.146873 0.093665
-0.247186 -0.156735 0.108391
-0.247959 -0.150707 0.105104
-0.256764 -0.155704 0.108804
-0.247959 -0.145530 0.100249
-0.238448 -0.147332 0.099951
-0.246623 -0.163015 0.110357
-0.229257 -0.145152 0.093792
-0.266090 -0.155412 0.109728
-0.275000 -0.155718 0.111033
-0.264823 -0.162019 0.110907
-0.247239 -0.141389 0.094004
-0.283052 -0.155167 0.111626
-0.289959 -0.153551 0.111485
-0.282195 -0.161345 0.111770
-0.296707 -0.151741 0.111116
-0.304333 -0.150642 0.110190
-0.297194 -0.158308 0.111156
-0.312294 -0.150013 0.108741
-0.319538 -0.147706 0.107277
-0.310512 -0.156567 0.109176
-0.328253 -0.150592 0.105018
0.309099 -0.169076 0.109309
0.300874 -0.168774 0.111018
0.317498 -0.169358 0.106655
0.309173 -0.176211 0.106561
0.326634 -0.168913 0.103132
0.292559 -0.168565 0.111885
0.284138 -0.168339 0.112229
0.292761 -0.175242 0.110069
0.275512 -0.168228 0.112178
0.266735 -0.168225 0.111921
0.275740 -0.174873 0.110829
0.249019 -0.168711 0.111501
0.257890 -0.168394 0.111680
0.258256 -0.174879 0.110627
0.231642 -0.169375 0.111339
0.240268 -0.169054 0.111390
0.240708 -0.175209 0.110426
0.214613 -0.169647 0.111151
0.223102 -0.169570 0.111260
0.223386 -0.175521 0.110336
0.206070 -0.169681 0.111053
0.197471 -0.169695 0.110971
0.206172 -0.175590 0.110234
0.188826 -0.169704 0.110922
0.180149 -0.169704 0.110898
0.188850 -0.175586 0.110173
0.171459 -0.169704 0.110886
0.162758 -0.169704 0.110886
0.171459 -0.175586 0.110161
0.154057 -0.169704 0.110886
0.145355 -0.169704 0.110886
0.154056 -0.175586 0.110161
0.127952 -0.169704 0.110886
0.136653 -0.169704 0.110886
0.136653 -0.175586 0.110161
0.110561 -0.169672 0.110886
0.119250 -0.169704 0.110886
0.119250 -0.175586 0.110161
0.093388 -0.169345 0.110878
0.101908 -0.169574 0.110886
0.101884 -0.175480 0.110161
0.077253 -0.168371 0.110488
0.085059 -0.168969 0.110775
0.084930 -0.174856 0.110137
0.062128 -0.167583 0.108510
0.069867 -0.167629 0.109885
0.069839 -0.173139 0.109712
0.053824 -0.168230 0.106167
0.044494 -0.168871 0.103169
0.057041 -0.173308 0.107131
0.029324 -0.153191 0.095111
0.031796 -0.161517 0.098381
0.034238 -0.169474 0.100053
0.024083 -0.169444 0.097592
0.038011 -0.176074 0.100386
-0.081450 -0.169461 0.110306
-0.073055 -0.169443 0.109547
-0.072705 -0.175514 0.108322
-0.064778 -0.169278 0.108199
-0.056593 -0.168968 0.106075
-0.098607 -0.169521 0.110894
-0.089982 -0.169481 0.110719
-0.089724 -0.175536 0.109839
-0.115893 -0.169634 0.110971
-0.107248 -0.169574 0.110947
-0.107058 -0.175546 0.110173
-0.133171 -0.169694 0.110947
-0.124534 -0.169675 0.110971
-0.124433 -0.175576 0.110185
-0.141828 -0.169704 0.110922
-0.150505 -0.169704 0.110898
-0.141804 -0.175586 0.110173
-0.167896 -0.169704 0.110886
-0.159194 -0.169704 0.110886
-0.159194 -0.175586 0.110161
-0.185299 -0.169704 0.110886
-0.176598 -0.169704 0.110886
-0.176598 -0.175586 0.110161
-0.202702 -0.169704 0.110886
-0.194001 -0.169704 0.110886
-0.194001 -0.175586 0.110161
-0.220104 -0.169704 0.110886
-0.211403 -0.169704 0.110886
-0.211403 -0.175586 0.110161
-0.228823 -0.169654 0.110892
-0.237567 -0.169534 0.110906
-0.228805 -0.175586 0.110161
-0.246378 -0.169345 0.110961
-0.255241 -0.169083 0.111048
-0.246252 -0.175476 0.110176
-0.264095 -0.168819 0.111182
-0.272894 -0.168474 0.111304
-0.263758 -0.175178 0.110217
-0.281473 -0.167907 0.111284
-0.290088 -0.166940 0.110885
-0.281020 -0.174436 0.110071
-0.298450 -0.165363 0.110083
-0.305557 -0.162099 0.109527
-0.298246 -0.172196 0.108696
-0.314566 -0.163574 0.107144
0.284358 -0.180886 0.107888
0.292667 -0.181102 0.107188
0.307923 -0.182140 0.103632
0.300748 -0.181507 0.105774
0.292345 -0.185952 0.103312
0.275801 -0.180748 0.108194
0.267137 -0.180684 0.108239
0.275774 -0.185666 0.104370
0.258418 -0.180687 0.108210
0.249675 -0.180735 0.108151
0.258465 -0.185578 0.104504
0.240950 -0.180804 0.108106
0.232241 -0.180893 0.108076
0.241041 -0.185602 0.104474
0.223557 -0.180953 0.108051
0.214897 -0.180985 0.108029
0.223635 -0.185647 0.104459
0.197552 -0.180989 0.107994
0.206229 -0.180997 0.108010
0.206253 -0.185663 0.104449
0.180161 -0.180985 0.107985
0.188863 -0.180985 0.107985
0.188863 -0.185658 0.104440
0.162758 -0.180985 0.107985
0.171459 -0.180985 0.107985
0.171459 -0.185658 0.104440
0.145355 -0.180985 0.107985
0.154057 -0.180985 0.107985
0.154056 -0.185658 0.104440
0.127952 -0.180985 0.107985
0.136653 -0.180985 0.107985
0.136653 -0.185658 0.104440
0.110549 -0.180975 0.107985
0.119250 -0.180985 0.107985
0.119250 -0.185658 0.104440
0.093210 -0.180739 0.107985
0.101860 -0.180922 0.107985
0.101848 -0.185628 0.104440
0.076430 -0.179642 0.107960
0.084695 -0.180361 0.107978
0.084530 -0.185201 0.104440
0.062043 -0.176660 0.107598
0.068744 -0.178509 0.107846
0.067820 -0.183534 0.104429
0.053424 -0.179023 0.104181
-0.072695 -0.181000 0.105623
-0.081096 -0.181000 0.106803
-0.048320 -0.168625 0.103434
-0.056103 -0.175299 0.104357
-0.064423 -0.181005 0.103775
-0.056327 -0.181126 0.101002
-0.072971 -0.185723 0.101596
-0.089652 -0.181000 0.107506
-0.098297 -0.180989 0.107861
-0.089706 -0.185671 0.103788
-0.106986 -0.180985 0.107975
-0.115687 -0.180985 0.107985
-0.106986 -0.185658 0.104410
-0.124389 -0.180985 0.107985
-0.133090 -0.180985 0.107985
-0.124389 -0.185658 0.104440
-0.141792 -0.180985 0.107985
-0.150493 -0.180985 0.107985
-0.141792 -0.185658 0.104440
-0.159194 -0.180985 0.107985
-0.167896 -0.180985 0.107985
-0.159194 -0.185658 0.104440
-0.176598 -0.180985 0.107985
-0.185299 -0.180985 0.107985
-0.176598 -0.185658 0.104440
-0.194001 -0.180985 0.107985
-0.202702 -0.180985 0.107985
-0.194001 -0.185658 0.104440
-0.211403 -0.180985 0.107985
-0.220104 -0.180985 0.107985
-0.211403 -0.185658 0.104440
-0.237507 -0.180985 0.107985
-0.228805 -0.180985 0.107985
-0.228805 -0.185658 0.104440
-0.254924 -0.180921 0.107990
-0.246217 -0.180965 0.107988
-0.246209 -0.185658 0.104440
-0.272218 -0.180666 0.107936
-0.263615 -0.180848 0.107983
-0.263584 -0.185626 0.104432
-0.288770 -0.179596 0.107525
-0.280689 -0.180297 0.107793
-0.280617 -0.185254 0.104328
-0.305338 -0.177223 0.105008
-0.296716 -0.178387 0.106898
-0.296163 -0.183614 0.103918
-0.324296 -0.164419 0.104130
-0.318386 -0.170645 0.103675
-0.323923 -0.176224 0.098639
-0.314460 -0.176877 0.101768
-0.310330 -0.182260 0.100074
0.654846 0.213121 0.089727
0.653266 0.221520 0.087723
0.646233 0.212661 0.090349
0.651778 0.229529 0.084503
0.660132 0.230567 0.085079
0.656115 0.204368 0.090790
0.663888 0.213736 0.088252
0.668895 0.231572 0.084689
0.666875 0.239629 0.082738
0.671562 0.223479 0.085775
0.677826 0.232972 0.083723
0.673094 0.214509 0.086038
0.637936 0.211949 0.090295
0.636893 0.219182 0.086916
0.631017 0.211987 0.089418
0.635492 0.224810 0.082462
0.643722 0.228054 0.083137
0.639039 0.204058 0.092560
0.651172 0.237404 0.079908
0.625220 0.215912 0.085939
0.627928 0.220127 0.082717
0.623044 0.215747 0.083971
0.622908 0.212657 0.087257
0.626315 0.213106 0.087957
0.626067 0.208596 0.089595
0.633119 0.227247 0.077217
0.620686 0.211462 0.086384
0.618931 0.211695 0.083299
0.621781 0.208656 0.088401
0.639798 0.195542 0.093984
0.631395 0.195567 0.094062
0.640201 0.186751 0.094605
0.648253 0.195444 0.092990
0.656557 0.195076 0.090875
0.623349 0.195776 0.093152
0.622781 0.203359 0.090645
0.616901 0.197295 0.091124
0.623351 0.187093 0.094943
0.610561 0.192838 0.090652
0.612132 0.199460 0.087846
0.616059 0.211571 0.077931
0.612977 0.205343 0.083371
0.607558 0.198925 0.084631
0.640182 0.177883 0.094659
0.632008 0.178194 0.095722
0.639659 0.169067 0.094125
0.647849 0.177273 0.092588
0.654442 0.176197 0.089599
0.656106 0.185446 0.090218
0.664448 0.194444 0.087754
0.615041 0.178543 0.095433
0.623530 0.178401 0.095981
0.623612 0.169604 0.096388
0.606628 0.178586 0.093970
0.605870 0.186088 0.091471
0.599540 0.179658 0.091525
0.605204 0.192490 0.087982
0.606535 0.169898 0.095610
0.593027 0.183828 0.086884
0.595069 0.187957 0.083728
0.589789 0.182648 0.084601
0.590417 0.180118 0.087983
0.594580 0.181241 0.089137
0.593735 0.175782 0.090779
0.598813 0.194432 0.078351
0.601790 0.194165 0.083585
0.587389 0.178095 0.086827
0.585150 0.177918 0.083620
0.588942 0.175508 0.089081
-0.650302 0.174034 0.090539
-0.652784 0.181920 0.088255
-0.658851 0.176165 0.090879
-0.656994 0.189676 0.086173
-0.648412 0.187600 0.084532
-0.633746 0.170327 0.087315
-0.642453 0.169920 0.090518
-0.636161 0.163162 0.091152
-0.624031 0.168794 0.082836
-0.632402 0.177502 0.082099
-0.649717 0.166157 0.092824
-0.647134 0.193815 0.079804
-0.639981 0.185913 0.081015
-0.631367 0.183540 0.076151
-0.667439 0.177436 0.090621
-0.670490 0.185004 0.088622
-0.675783 0.178168 0.089588
-0.665468 0.191494 0.086500
-0.674162 0.192344 0.086276
-0.664748 0.169998 0.092243
-0.660679 0.196923 0.083304
-0.686776 0.185204 0.086574
-0.691092 0.179036 0.086125
-0.683808 0.178539 0.087956
-0.683001 0.192405 0.085677
-0.691156 0.190901 0.084686
-0.680852 0.171409 0.089045
-0.678240 0.199203 0.083787
-0.696278 0.174592 0.083973
-0.697751 0.180786 0.084180
-0.697609 0.194659 0.082694
-0.698379 0.187380 0.083506
-0.704569 0.183449 0.081567
0.638765 0.160507 0.092799
0.631474 0.160660 0.094877
0.637539 0.152179 0.090502
0.644819 0.160208 0.090002
0.658155 0.173466 0.086151
0.651697 0.167533 0.088817
0.649527 0.160056 0.086818
0.623515 0.160832 0.096143
0.615084 0.160963 0.096683
0.623121 0.152059 0.095287
0.597934 0.161218 0.095612
0.606473 0.161094 0.096490
0.606457 0.152273 0.096779
0.589778 0.161511 0.093972
0.589634 0.169595 0.091476
0.582180 0.161903 0.091366
0.589293 0.152513 0.095581
0.575270 0.161732 0.087666
0.573411 0.152713 0.091193
0.578059 0.170053 0.083301
0.569376 0.160919 0.082818
0.581929 0.177430 0.078217
-0.633160 0.155624 0.092363
-0.641202 0.156999 0.093578
-0.625350 0.152222 0.091690
-0.618716 0.145889 0.091821
-0.616619 0.152962 0.088326
-0.606725 0.151699 0.083480
-0.615462 0.160160 0.083276
-0.632433 0.148167 0.093878
-0.614443 0.166375 0.077275
-0.648912 0.158611 0.094105
-0.655748 0.160812 0.093875
-0.647436 0.151421 0.094482
-0.669981 0.163841 0.091993
-0.662586 0.162829 0.093290
-0.661640 0.155429 0.093327
-0.686029 0.165419 0.086636
-0.677648 0.164171 0.089811
-0.673821 0.157214 0.090500
-0.702698 0.172488 0.080049
-0.694701 0.168072 0.082867
-0.690936 0.160437 0.082418
0.622468 0.143263 0.093639
0.614631 0.143270 0.095529
0.621366 0.134179 0.091030
0.629683 0.143454 0.090761
0.636072 0.144162 0.086823
0.606368 0.143415 0.096516
0.597784 0.143546 0.096819
0.606038 0.134480 0.095771
0.580603 0.143736 0.095553
0.589132 0.143659 0.096484
0.589093 0.134828 0.096874
0.572370 0.143710 0.093826
0.564411 0.143454 0.091098
0.571874 0.134897 0.095540
0.557051 0.142889 0.087314
0.555289 0.134200 0.091134
0.560422 0.151645 0.082507
0.551282 0.142263 0.082241
0.564815 0.159814 0.077066
-0.623490 0.139747 0.094009
-0.615411 0.138714 0.092689
-0.607514 0.135660 0.091882
-0.600645 0.129730 0.091864
-0.598733 0.136662 0.088482
-0.588826 0.135628 0.083544
-0.597840 0.143480 0.083565
-0.614524 0.131531 0.094025
-0.597014 0.149422 0.077654
-0.638588 0.142525 0.094702
-0.631301 0.140902 0.094696
-0.629316 0.134316 0.094841
-0.653885 0.145746 0.093749
-0.646081 0.144097 0.094475
-0.644785 0.136592 0.093911
-0.668306 0.151359 0.091322
-0.661458 0.147823 0.092455
-0.660095 0.140714 0.091798
-0.675893 0.150356 0.087821
0.605273 0.125207 0.094375
0.597366 0.125738 0.096082
0.603894 0.115635 0.092403
0.612621 0.124543 0.091478
0.619470 0.124867 0.087434
0.589005 0.125983 0.096820
0.580393 0.126126 0.096956
0.588691 0.117095 0.096404
0.571719 0.126152 0.096532
0.563217 0.126070 0.095595
0.571694 0.117425 0.097030
0.554862 0.125753 0.093941
0.546905 0.125141 0.091559
0.554667 0.117265 0.095702
0.539893 0.123531 0.089426
0.539317 0.127770 0.085753
0.534243 0.121215 0.087297
0.536265 0.127534 0.081714
0.543044 0.134119 0.081624
0.539277 0.116335 0.092307
0.547384 0.141457 0.076123
0.531328 0.121074 0.083796
0.528409 0.114656 0.086815
0.531221 0.122933 0.078757
-0.579650 0.122579 0.088023
-0.587958 0.120344 0.091757
-0.579315 0.116306 0.091351
-0.579626 0.128441 0.083350
-0.570342 0.121753 0.083046
-0.571633 0.111670 0.091256
-0.565856 0.105942 0.091655
-0.562952 0.110286 0.087959
-0.561735 0.114765 0.083039
-0.553785 0.107278 0.083330
-0.579474 0.110186 0.093666
-0.561413 0.118618 0.077427
-0.605365 0.123429 0.094020
-0.596781 0.122682 0.092686
-0.595142 0.115360 0.094085
-0.579235 0.133455 0.077638
-0.620338 0.126140 0.094844
-0.613303 0.124452 0.094738
-0.611260 0.117939 0.094837
-0.634971 0.128779 0.094120
-0.627299 0.127810 0.094780
-0.626100 0.120772 0.094092
-0.650570 0.131109 0.091923
-0.643100 0.129393 0.092814
-0.639401 0.122492 0.092107
-0.664047 0.135856 0.088867
-0.657489 0.134053 0.091182
-0.656744 0.128483 0.088947
-0.684609 0.152077 0.082872
-0.677261 0.143862 0.083679
-0.663749 0.130373 0.085965
-0.670324 0.136141 0.084467
-0.677829 0.137978 0.078344
0.587969 0.108203 0.095701
0.580022 0.108535 0.096701
0.586704 0.099329 0.094662
0.595259 0.107507 0.093746
0.601313 0.106267 0.090727
0.571620 0.108685 0.097115
0.563033 0.108732 0.097082
0.571354 0.099942 0.096896
0.554492 0.108684 0.096646
0.546241 0.108542 0.095793
0.554409 0.100039 0.097114
0.538528 0.108244 0.094512
0.531686 0.107821 0.092560
0.537901 0.099892 0.095850
0.526130 0.107565 0.089691
0.524025 0.099530 0.092244
0.522020 0.107478 0.085782
-0.563310 0.099718 0.092796
-0.571311 0.101907 0.094194
-0.546896 0.094531 0.088502
-0.555632 0.095802 0.091965
-0.549276 0.089449 0.092010
-0.537093 0.090933 0.083604
-0.545601 0.099304 0.083531
-0.562916 0.093485 0.094358
-0.544565 0.102975 0.077631
-0.579067 0.103991 0.094970
-0.586355 0.106147 0.095028
-0.577872 0.097500 0.095447
-0.594019 0.107983 0.094962
-0.601803 0.109703 0.094915
-0.592908 0.101033 0.095275
-0.609288 0.111416 0.094771
-0.617183 0.112608 0.094060
-0.608198 0.104293 0.094097
-0.625231 0.113668 0.092784
-0.632888 0.116675 0.092055
-0.621947 0.106601 0.091969
-0.641324 0.115701 0.088812
0.584798 0.090597 0.093022
0.578222 0.090985 0.095074
0.582039 0.082013 0.090512
0.589905 0.089872 0.090057
0.597432 0.097229 0.089078
0.604290 0.103284 0.086717
0.593542 0.089047 0.086220
0.570758 0.091217 0.096324
0.562685 0.091308 0.096990
0.569678 0.082508 0.095303
0.554273 0.091338 0.097213
0.545785 0.091338 0.097108
0.554000 0.082636 0.097029
0.537464 0.091307 0.096661
0.529542 0.091247 0.095800
0.537162 0.082636 0.097082
0.522347 0.091186 0.094281
0.516141 0.091126 0.091841
0.521135 0.082606 0.095665
0.511083 0.091070 0.088355
0.507972 0.082576 0.091454
0.514922 0.099347 0.084678
0.507317 0.090926 0.083778
0.519427 0.107385 0.080664
-0.546345 0.082665 0.092919
-0.554425 0.084878 0.094382
-0.529730 0.077450 0.088584
-0.538535 0.078668 0.092043
-0.532013 0.072148 0.092053
-0.519817 0.073756 0.083648
-0.528489 0.082400 0.083639
-0.545850 0.076082 0.094384
-0.527453 0.086173 0.077739
-0.562193 0.086923 0.095290
-0.569415 0.088949 0.095534
-0.560977 0.080154 0.095505
-0.576871 0.090701 0.095561
-0.584336 0.092422 0.095485
-0.575882 0.083747 0.095489
-0.591587 0.094289 0.095209
-0.599389 0.095765 0.094257
-0.590801 0.087221 0.094294
-0.615318 0.100371 0.091937
-0.607485 0.097052 0.092772
-0.604440 0.089854 0.091913
-0.624005 0.099693 0.088573
0.567906 0.073824 0.093565
0.561058 0.073902 0.095392
0.566279 0.066246 0.090866
0.573701 0.073684 0.090763
0.578333 0.073597 0.086980
0.553436 0.073934 0.096465
0.545298 0.073934 0.097030
0.552388 0.065233 0.095417
0.536909 0.073934 0.097201
0.528509 0.073934 0.097060
0.536596 0.065233 0.097030
0.520332 0.073934 0.096536
0.512617 0.073935 0.095549
0.519828 0.065233 0.097040
0.505628 0.073935 0.093836
0.499605 0.073935 0.091157
0.504006 0.065233 0.095458
0.494696 0.073842 0.087464
0.491085 0.065234 0.090975
0.499295 0.082272 0.083157
0.492069 0.074646 0.082781
0.504909 0.090394 0.078234
-0.528944 0.065264 0.092944
-0.537129 0.067346 0.094402
-0.512332 0.060094 0.088590
-0.521099 0.061325 0.092055
-0.514582 0.054808 0.092055
-0.502420 0.056364 0.083650
-0.511122 0.065066 0.083650
-0.528340 0.058719 0.094421
-0.510104 0.068891 0.077758
-0.545071 0.069223 0.095283
-0.552467 0.071167 0.095487
-0.543669 0.062350 0.095550
-0.560063 0.072923 0.095477
-0.567565 0.074737 0.095400
-0.559273 0.065352 0.095348
-0.574740 0.076759 0.095146
-0.582416 0.078425 0.094211
-0.574284 0.069204 0.094004
-0.598036 0.083507 0.091856
-0.590369 0.079981 0.092708
-0.587708 0.072381 0.091602
-0.606706 0.083042 0.088304
0.550616 0.056531 0.093645
0.543687 0.056531 0.095417
0.548964 0.048918 0.090905
0.555482 0.055438 0.090903
0.561170 0.059764 0.090089
0.564649 0.059844 0.087169
0.558171 0.053354 0.087181
0.536033 0.056531 0.096465
0.527895 0.056531 0.097030
0.534985 0.047830 0.095417
0.519516 0.056531 0.097191
0.511137 0.056532 0.097030
0.519194 0.047830 0.097030
0.502999 0.056532 0.096465
0.495345 0.056532 0.095417
0.502436 0.047830 0.097030
0.488416 0.056532 0.093645
0.483542 0.057620 0.090905
0.486643 0.047831 0.095417
0.480837 0.059692 0.087187
0.477821 0.053269 0.090099
0.491748 0.076101 0.077317
0.487086 0.070181 0.081344
0.478241 0.060469 0.082479
0.482558 0.064825 0.082512
0.485429 0.069542 0.077120
-0.519665 0.050043 0.094421
-0.511567 0.047887 0.092944
-0.494943 0.042676 0.088590
-0.503749 0.043887 0.092055
-0.497214 0.037361 0.092055
-0.485017 0.038961 0.083650
-0.493719 0.047662 0.083650
-0.511051 0.041272 0.094413
-0.493789 0.052576 0.077758
-0.534821 0.053756 0.095607
-0.527492 0.051950 0.095345
-0.526208 0.045141 0.095602
-0.550353 0.056425 0.095493
-0.542436 0.055200 0.095645
-0.541252 0.048101 0.095652
-0.558270 0.057704 0.095051
-0.566363 0.059215 0.093906
-0.556997 0.050037 0.094324
-0.574336 0.061205 0.092205
-0.581765 0.065334 0.091338
-0.572834 0.053730 0.091347
-0.590323 0.065277 0.087733
0.533213 0.039129 0.093645
0.526284 0.039129 0.095417
0.531561 0.031515 0.090905
0.538087 0.038041 0.090905
0.548406 0.043583 0.087187
0.543808 0.042392 0.090099
0.540792 0.035969 0.087187
0.518630 0.039129 0.096465
0.510493 0.039129 0.097030
0.517583 0.030428 0.095417
0.502113 0.039129 0.097191
0.493734 0.039129 0.097030
0.501791 0.030428 0.097030
0.485596 0.039129 0.096465
0.477942 0.039129 0.095417
0.485032 0.030428 0.097030
0.471013 0.039129 0.093645
0.472665 0.046743 0.090905
0.466139 0.040217 0.090905
0.473223 0.052078 0.087187
0.469241 0.030428 0.095417
0.460419 0.035866 0.090099
0.463434 0.042289 0.087187
0.460838 0.043066 0.082479
0.465189 0.047416 0.082479
0.469540 0.051767 0.082479
0.465991 0.049928 0.076991
0.473890 0.056118 0.082479
-0.502324 0.032570 0.094413
-0.494139 0.030484 0.092944
-0.486293 0.026528 0.092055
-0.479744 0.020043 0.092055
-0.477526 0.025288 0.088590
-0.476316 0.030260 0.083650
-0.467620 0.021550 0.083630
-0.493503 0.024008 0.094421
-0.475298 0.034086 0.077758
-0.517653 0.036345 0.095578
-0.510265 0.034432 0.095321
-0.508863 0.027662 0.095578
-0.532744 0.039588 0.095638
-0.525245 0.038008 0.095642
-0.524474 0.030614 0.095529
-0.547449 0.042219 0.094648
-0.539924 0.041235 0.095454
-0.539302 0.034070 0.094601
-0.555335 0.042682 0.093250
-0.562700 0.044163 0.092228
-0.552126 0.035746 0.092560
-0.569719 0.046840 0.091168
-0.575876 0.048159 0.088708
-0.567987 0.040837 0.089543
-0.592046 0.058933 0.082338
-0.599605 0.067563 0.082787
-0.573796 0.041951 0.086834
-0.579544 0.046384 0.084556
-0.586143 0.050889 0.081210
-0.593279 0.054380 0.076083
-0.581648 0.043413 0.078413
0.515810 0.021726 0.093645
0.508881 0.021726 0.095417
0.514159 0.014112 0.090905
0.520685 0.020638 0.090905
0.526405 0.024989 0.090099
0.529915 0.025092 0.087187
0.523390 0.018566 0.087187
0.501227 0.021726 0.096465
0.493089 0.021726 0.097030
0.500180 0.013025 0.095417
0.476331 0.021726 0.097030
0.484710 0.021726 0.097191
0.484388 0.013025 0.097030
0.468194 0.021726 0.096465
0.460540 0.021726 0.095417
0.467630 0.013025 0.097030
0.453611 0.021726 0.093645
0.455262 0.029340 0.090905
0.448744 0.022820 0.090903
0.455820 0.034675 0.087187
0.451838 0.013025 0.095417
0.446055 0.024904 0.087181
0.443056 0.018494 0.090089
0.443160 0.024709 0.083770
0.447794 0.030020 0.082477
0.452137 0.034365 0.082479
0.450764 0.034701 0.076991
0.456488 0.038715 0.082479
-0.484730 0.015431 0.094421
-0.476649 0.013220 0.092944
-0.460129 0.007876 0.088570
-0.468867 0.009167 0.092055
-0.462341 0.002641 0.092055
-0.450229 0.004112 0.083521
-0.458931 0.012831 0.083590
-0.476017 0.006780 0.094421
-0.457945 0.016640 0.077636
-0.499922 0.019262 0.095602
-0.492560 0.017402 0.095345
-0.491090 0.010858 0.095601
-0.515577 0.021969 0.095529
-0.507598 0.020730 0.095642
-0.506286 0.013921 0.095615
-0.531542 0.024763 0.094338
-0.523550 0.023253 0.095171
-0.522374 0.016046 0.094305
-0.546401 0.030025 0.092490
-0.539257 0.026668 0.093155
-0.538000 0.019743 0.092147
-0.554213 0.028976 0.089342
0.498407 0.004324 0.093645
0.491478 0.004324 0.095417
0.496756 -0.003290 0.090905
0.503282 0.003236 0.090905
0.512513 0.007690 0.087187
0.509002 0.007586 0.090099
0.505987 0.001164 0.087187
0.483824 0.004324 0.096465
0.475687 0.004324 0.097030
0.482776 -0.004378 0.095417
0.467307 0.004324 0.097191
0.458928 0.004324 0.097030
0.466985 -0.004378 0.097030
0.450791 0.004324 0.096465
0.443169 0.004356 0.095392
0.450227 -0.004378 0.097029
0.436321 0.004434 0.093565
0.437948 0.012013 0.090866
0.430526 0.004574 0.090763
0.439578 0.018414 0.087169
0.434548 -0.004250 0.095303
0.425893 0.004661 0.086980
0.422180 -0.003754 0.090514
0.430694 0.012835 0.082390
0.422417 0.004445 0.082231
0.436767 0.020645 0.076963
0.438096 0.020291 0.082457
-0.467315 -0.001922 0.094421
-0.459246 -0.004183 0.092944
-0.442721 -0.009535 0.088521
-0.451464 -0.008236 0.092055
-0.444938 -0.014762 0.092055
-0.432772 -0.013307 0.083345
-0.441516 -0.004606 0.083423
-0.458614 -0.010623 0.094421
-0.440532 -0.000875 0.077266
-0.475098 0.000191 0.095345
-0.482352 0.002307 0.095601
-0.473651 -0.006342 0.095601
-0.489861 0.004115 0.095648
-0.497385 0.005779 0.095612
-0.488643 -0.002611 0.095601
-0.504708 0.007428 0.095380
-0.512504 0.008540 0.094499
-0.503691 0.000820 0.094470
-0.520762 0.009280 0.093031
-0.528396 0.010846 0.092045
-0.517175 0.002834 0.092228
-0.535430 0.013418 0.091313
-0.541891 0.015096 0.089120
-0.534524 0.008355 0.089019
-0.554737 0.022634 0.084792
-0.562074 0.029963 0.085115
-0.541288 0.010139 0.086158
-0.547707 0.015497 0.084964
-0.554252 0.017124 0.079325
0.481004 -0.013079 0.093645
0.474075 -0.013079 0.095417
0.478335 -0.021781 0.090975
0.485879 -0.014167 0.090905
0.491599 -0.009816 0.090099
0.495110 -0.009713 0.087170
0.488584 -0.016239 0.087170
0.458284 -0.013079 0.097029
0.466421 -0.013079 0.096465
0.465414 -0.021781 0.095458
0.441542 -0.013050 0.096990
0.449905 -0.013079 0.097190
0.449593 -0.021781 0.097039
0.433469 -0.012959 0.096324
0.425997 -0.012727 0.095077
0.432872 -0.021684 0.096896
0.419407 -0.012339 0.093030
0.414290 -0.011624 0.090057
0.417484 -0.021071 0.094675
0.410642 -0.010832 0.086176
0.406691 -0.019042 0.089059
0.414645 -0.003530 0.081920
0.407432 -0.011231 0.081493
0.420035 0.003665 0.076676
-0.441843 -0.021586 0.092944
-0.449912 -0.019325 0.094421
-0.425280 -0.026929 0.088492
-0.434061 -0.025639 0.092055
-0.427535 -0.032165 0.092055
-0.423995 -0.021992 0.083288
-0.415222 -0.030676 0.083268
-0.441211 -0.028026 0.094421
-0.422867 -0.018311 0.076888
-0.464949 -0.015043 0.095601
-0.457695 -0.017212 0.095345
-0.456248 -0.023745 0.095601
-0.472445 -0.013079 0.095648
-0.479942 -0.011154 0.095601
-0.471240 -0.019817 0.095601
-0.487196 -0.009115 0.095345
-0.494963 -0.007346 0.094436
-0.486277 -0.015713 0.094421
-0.503006 -0.005686 0.093001
-0.510718 -0.002591 0.092175
-0.499906 -0.012343 0.092101
-0.519164 -0.002996 0.088846
0.463793 -0.030483 0.093836
0.456804 -0.030483 0.095549
0.461416 -0.039184 0.091459
0.469815 -0.030483 0.091157
0.474742 -0.030396 0.087416
0.449089 -0.030483 0.096536
0.440911 -0.030474 0.097042
0.448253 -0.039184 0.095700
0.424188 -0.030277 0.096707
0.432528 -0.030427 0.097110
0.432250 -0.039158 0.097048
0.416202 -0.029946 0.095719
0.408842 -0.029290 0.093765
0.415479 -0.038837 0.096423
0.402701 -0.028141 0.090719
0.399692 -0.025236 0.086588
0.400050 -0.037517 0.092431
0.394070 -0.028921 0.082066
0.400658 -0.019666 0.081535
0.404516 -0.013036 0.076047
-0.432509 -0.036728 0.094421
-0.424440 -0.038989 0.092944
-0.416658 -0.043042 0.092055
-0.410132 -0.049568 0.092055
-0.407843 -0.044323 0.088501
-0.406451 -0.039360 0.083285
-0.397707 -0.048053 0.083302
-0.423808 -0.045429 0.094421
-0.405120 -0.035611 0.076792
-0.447547 -0.032446 0.095601
-0.440292 -0.034615 0.095345
-0.438845 -0.041148 0.095601
-0.462539 -0.028518 0.095601
-0.455043 -0.030483 0.095648
-0.453838 -0.037220 0.095601
-0.469793 -0.026349 0.095345
-0.477576 -0.024299 0.094421
-0.468875 -0.032938 0.094421
-0.485645 -0.022200 0.092944
-0.493411 -0.018463 0.092070
-0.482550 -0.028985 0.092055
-0.502116 -0.017852 0.088649
0.446944 -0.047885 0.094390
0.439773 -0.047885 0.095921
0.445021 -0.056587 0.092467
0.453148 -0.047885 0.091892
0.458270 -0.047842 0.088304
0.431897 -0.047877 0.096730
0.423600 -0.047842 0.097056
0.431313 -0.056587 0.096163
0.415130 -0.047716 0.096869
0.406724 -0.047498 0.096129
0.414942 -0.056526 0.097048
0.398654 -0.047045 0.094455
0.390888 -0.046644 0.091594
0.397941 -0.056277 0.095867
0.383368 -0.047384 0.087507
0.381482 -0.056612 0.091367
0.386222 -0.038734 0.082231
0.377022 -0.048949 0.081949
0.389455 -0.031319 0.075725
-0.407037 -0.056391 0.092944
-0.415106 -0.054130 0.094421
-0.390431 -0.061726 0.088510
-0.399255 -0.060445 0.092055
-0.392729 -0.066971 0.092055
-0.380278 -0.065375 0.083328
-0.388988 -0.056754 0.083319
-0.406405 -0.062832 0.094421
-0.387533 -0.052946 0.076848
-0.422889 -0.052018 0.095345
-0.430143 -0.049849 0.095601
-0.421442 -0.058550 0.095601
-0.437640 -0.047885 0.095648
-0.445136 -0.045921 0.095601
-0.436435 -0.054623 0.095601
-0.460174 -0.041640 0.094421
-0.452391 -0.043752 0.095345
-0.451472 -0.050341 0.094421
-0.468243 -0.039379 0.092944
-0.476024 -0.035387 0.092055
-0.465148 -0.046202 0.092055
-0.484779 -0.034290 0.088587
0.430357 -0.065288 0.095206
0.422854 -0.065288 0.096405
0.428937 -0.073989 0.093776
0.436984 -0.065288 0.093131
0.442541 -0.065280 0.089977
0.414758 -0.065271 0.096967
0.406294 -0.065227 0.097064
0.414374 -0.073989 0.096626
0.397699 -0.065158 0.096656
0.389255 -0.065116 0.095749
0.397648 -0.073934 0.097084
0.380931 -0.065388 0.094087
0.372971 -0.066079 0.091656
0.380750 -0.073938 0.095782
0.360273 -0.070213 0.087338
0.365955 -0.067786 0.089492
0.365232 -0.063743 0.085737
0.361948 -0.064158 0.081525
0.368650 -0.057531 0.081343
0.365474 -0.074814 0.092398
0.372415 -0.050526 0.075315
0.354495 -0.076654 0.086886
0.357204 -0.070479 0.083733
0.356695 -0.068577 0.078424
-0.389634 -0.073794 0.092944
-0.397703 -0.071533 0.094421
-0.375327 -0.084206 0.092074
-0.373029 -0.078881 0.088529
-0.381853 -0.077792 0.092061
-0.371577 -0.073860 0.083334
-0.362875 -0.082165 0.083363
-0.389002 -0.080235 0.094421
-0.370070 -0.070020 0.076862
-0.405486 -0.069421 0.095345
-0.412741 -0.067251 0.095601
-0.404039 -0.075953 0.095601
-0.420237 -0.065288 0.095648
-0.427733 -0.063324 0.095601
-0.419032 -0.072025 0.095601
-0.434988 -0.061155 0.095345
-0.442771 -0.059043 0.094421
-0.434069 -0.067744 0.094421
-0.458622 -0.052728 0.092055
-0.450840 -0.056782 0.092944
-0.447745 -0.063605 0.092055
-0.467365 -0.051447 0.088590
0.413699 -0.082690 0.095941
0.405866 -0.082678 0.096808
0.412678 -0.091401 0.094862
0.420860 -0.082691 0.094380
0.427038 -0.082679 0.091824
0.397584 -0.082646 0.097148
0.389088 -0.082572 0.097115
0.397335 -0.091323 0.096956
0.380659 -0.082510 0.096712
0.372544 -0.082514 0.095904
0.380697 -0.091030 0.097244
0.358176 -0.083101 0.092769
0.364986 -0.082688 0.094676
0.364664 -0.090757 0.096157
0.352504 -0.083456 0.089924
0.351167 -0.090784 0.092686
0.348234 -0.083497 0.085916
-0.380301 -0.088880 0.094427
-0.372232 -0.091000 0.092972
-0.364435 -0.094794 0.092187
-0.357870 -0.101003 0.092418
-0.355580 -0.095447 0.088814
-0.354159 -0.090256 0.083482
-0.345400 -0.097939 0.083733
-0.371600 -0.097493 0.094454
-0.352630 -0.086265 0.076908
-0.395338 -0.084655 0.095601
-0.388084 -0.086824 0.095345
-0.386637 -0.093356 0.095601
-0.410331 -0.080727 0.095601
-0.402834 -0.082690 0.095648
-0.401629 -0.089428 0.095601
-0.425368 -0.076445 0.094421
-0.417585 -0.078558 0.095345
-0.416666 -0.085147 0.094421
-0.441219 -0.070131 0.092055
-0.433437 -0.074184 0.092944
-0.430342 -0.081008 0.092055
-0.449962 -0.068850 0.088580
0.411198 -0.100092 0.093199
0.404396 -0.100087 0.095229
0.409096 -0.108762 0.090735
0.416941 -0.100009 0.090063
0.424548 -0.091329 0.089160
0.432039 -0.082646 0.088070
0.421489 -0.099808 0.085783
0.396844 -0.099992 0.096455
0.388864 -0.099813 0.097156
0.396064 -0.108711 0.095617
0.380689 -0.099528 0.097485
0.372502 -0.099220 0.097514
0.380451 -0.108061 0.097532
0.364546 -0.098945 0.097208
0.357201 -0.098512 0.096456
0.364718 -0.106880 0.097927
0.350657 -0.097988 0.095000
0.343882 -0.098541 0.092780
0.349901 -0.105960 0.096933
0.337140 -0.099914 0.089571
0.337128 -0.107292 0.093621
0.340926 -0.091417 0.085060
0.333122 -0.099300 0.084368
0.345314 -0.083217 0.080493
-0.362857 -0.105970 0.094746
-0.354677 -0.107766 0.093631
-0.339320 -0.116641 0.094361
-0.337440 -0.110485 0.090127
-0.346540 -0.111017 0.093357
-0.336436 -0.105012 0.084231
-0.327244 -0.111445 0.084936
-0.353843 -0.114499 0.095510
-0.335104 -0.100804 0.077279
-0.370672 -0.104111 0.095443
-0.377935 -0.102028 0.095610
-0.369207 -0.110699 0.095843
-0.385431 -0.100093 0.095648
-0.392928 -0.098130 0.095601
-0.384235 -0.106851 0.095587
-0.400182 -0.095961 0.095345
-0.407965 -0.093848 0.094421
-0.399270 -0.102572 0.094403
-0.423816 -0.087534 0.092055
-0.416034 -0.091587 0.092944
-0.412945 -0.098433 0.092037
-0.432569 -0.086253 0.088550
0.394831 -0.117476 0.094228
0.387681 -0.117187 0.096148
0.393023 -0.126203 0.092055
0.401063 -0.117551 0.091311
0.406401 -0.117277 0.087393
0.372312 -0.115805 0.098084
0.379935 -0.116689 0.097354
0.379234 -0.125416 0.096822
0.357092 -0.114191 0.098614
0.364993 -0.114620 0.098411
0.364095 -0.123014 0.098915
0.348986 -0.114327 0.098581
0.341908 -0.112426 0.096973
0.350283 -0.122242 0.099626
0.306288 -0.118152 0.086729
0.317261 -0.111873 0.084832
0.319600 -0.106921 0.076835
0.325697 -0.104709 0.081998
0.331780 -0.096883 0.077290
-0.344032 -0.122685 0.097187
-0.317772 -0.116619 0.085521
-0.308098 -0.120389 0.085933
-0.317200 -0.112746 0.078127
-0.352504 -0.121504 0.097091
-0.360215 -0.119629 0.096556
-0.350352 -0.128855 0.098260
-0.375522 -0.115672 0.095719
-0.367929 -0.117670 0.096093
-0.366632 -0.124935 0.096311
-0.390595 -0.111333 0.094360
-0.382805 -0.113472 0.095323
-0.381954 -0.120326 0.094359
-0.406432 -0.105002 0.092002
-0.398659 -0.109075 0.092877
-0.395652 -0.116106 0.091877
-0.415216 -0.103729 0.088458
0.378228 -0.134157 0.095704
0.370372 -0.133365 0.097739
0.376994 -0.142610 0.093918
0.384963 -0.134619 0.092968
0.390630 -0.134962 0.088902
0.362116 -0.132067 0.099310
0.355019 -0.128680 0.099946
0.361234 -0.141167 0.098823
0.287246 -0.126277 0.089124
0.280253 -0.128008 0.086169
0.263453 -0.134333 0.085961
0.252653 -0.138271 0.088157
0.266945 -0.131577 0.077459
0.272830 -0.130216 0.083034
0.281063 -0.126187 0.078112
-0.255459 -0.135954 0.086822
-0.264026 -0.133255 0.086758
-0.246831 -0.138505 0.086892
-0.238129 -0.140841 0.086909
-0.246887 -0.136782 0.079178
-0.347923 -0.136876 0.099336
-0.356886 -0.135418 0.097664
-0.344191 -0.144931 0.100550
-0.365007 -0.132567 0.096382
-0.373245 -0.129853 0.094759
-0.364093 -0.140813 0.095587
-0.389253 -0.122972 0.091772
-0.381474 -0.127320 0.092811
-0.378790 -0.135164 0.091882
-0.398117 -0.121739 0.088090
0.361529 -0.150012 0.097372
0.352667 -0.149664 0.099779
0.369254 -0.150308 0.094828
0.361822 -0.157544 0.095222
0.375457 -0.150593 0.091600
0.344588 -0.158926 0.099978
0.025613 -0.145487 0.090467
0.019322 -0.153326 0.093541
0.030221 -0.137929 0.085377
0.020774 -0.138841 0.084961
0.039428 -0.136134 0.085081
0.048064 -0.133719 0.083875
0.033606 -0.130839 0.078369
0.009828 -0.153299 0.092537
0.006810 -0.145975 0.088935
0.000819 -0.153108 0.092050
0.012012 -0.139547 0.084849
0.003544 -0.139190 0.084097
0.012352 -0.161052 0.095070
0.015776 -0.133212 0.079044
-0.008148 -0.152872 0.092094
-0.010961 -0.144930 0.088176
-0.017159 -0.152645 0.092798
-0.014248 -0.137164 0.082571
-0.005075 -0.137889 0.082720
-0.005823 -0.160647 0.094289
0.001475 -0.132370 0.077473
-0.026393 -0.152591 0.094403
-0.030056 -0.144776 0.090934
-0.035733 -0.152810 0.096688
-0.033977 -0.137257 0.085527
-0.024155 -0.137179 0.083890
-0.023767 -0.160442 0.096245
-0.018599 -0.130312 0.076168
-0.041502 -0.160997 0.100940
-0.037797 -0.130440 0.078440
-0.043024 -0.136728 0.086472
-0.051508 -0.135917 0.086871
-0.348685 -0.153212 0.098787
-0.338474 -0.152425 0.101835
-0.331504 -0.158723 0.103158
-0.372595 -0.143196 0.092065
-0.365004 -0.148887 0.093530
-0.357947 -0.153959 0.095601
-0.352645 -0.160173 0.096119
-0.365517 -0.156127 0.091971
-0.381918 -0.141520 0.087508
0.361757 -0.163340 0.092321
0.354616 -0.164390 0.094471
0.373259 -0.157685 0.088700
0.380190 -0.151079 0.087060
0.366865 -0.163221 0.089349
0.370264 -0.163636 0.085203
0.360302 -0.168368 0.088426
0.336330 -0.167893 0.099230
0.345830 -0.166328 0.096348
0.348234 -0.171134 0.091790
0.327212 -0.175959 0.098295
0.014270 -0.168797 0.096023
0.004839 -0.168364 0.095152
0.015599 -0.176210 0.095387
-0.004232 -0.168144 0.094930
-0.013215 -0.168000 0.095312
-0.003208 -0.175073 0.094042
-0.031102 -0.168038 0.098304
-0.022193 -0.167986 0.096425
-0.021210 -0.174886 0.095070
-0.039824 -0.168255 0.100731
-0.039299 -0.175145 0.098746
-0.333928 -0.166478 0.100093
-0.349940 -0.166317 0.094064
-0.357407 -0.164506 0.092656
-0.341778 -0.169440 0.095274
-0.333295 -0.173508 0.096507
-0.348774 -0.172039 0.089649
-0.363631 -0.162126 0.091296
-0.368660 -0.159834 0.088810
-0.362109 -0.166160 0.089321
-0.391709 -0.137271 0.081604
-0.384227 -0.147066 0.081378
-0.366875 -0.164552 0.086623
-0.371904 -0.160257 0.084482
-0.385574 -0.151531 0.075101
-0.378343 -0.155529 0.080899
-0.374523 -0.162158 0.078124
0.312080 -0.183869 0.100409
0.305663 -0.186612 0.100512
0.311763 -0.187072 0.095809
0.318598 -0.182527 0.096955
0.326176 -0.181802 0.091839
0.033009 -0.182567 0.095972
0.043521 -0.181019 0.099856
0.050433 -0.184460 0.099493
0.015290 -0.182515 0.092709
0.006352 -0.181623 0.092024
0.029236 -0.187287 0.091270
0.022902 -0.184490 0.092514
0.013612 -0.187502 0.088126
-0.011640 -0.180894 0.091694
-0.002731 -0.181107 0.091618
-0.002682 -0.186123 0.087784
-0.029945 -0.181016 0.093333
-0.020647 -0.180849 0.092205
-0.020327 -0.185769 0.088072
-0.048275 -0.181370 0.097760
-0.039467 -0.181330 0.095114
-0.039211 -0.186241 0.090082
-0.057379 -0.186171 0.096393
-0.330622 -0.179278 0.092503
0.305445 -0.189223 0.096255
0.299146 -0.189577 0.097492
0.307296 -0.190214 0.090805
0.292108 -0.189541 0.098429
0.284076 -0.189507 0.099069
0.292016 -0.191963 0.092602
0.275725 -0.189433 0.099427
0.267145 -0.189387 0.099562
0.275665 -0.192131 0.093461
0.258473 -0.189365 0.099606
0.249772 -0.189365 0.099606
0.258473 -0.192105 0.093644
0.241070 -0.189365 0.099606
0.232369 -0.189365 0.099606
0.241071 -0.192105 0.093644
0.223668 -0.189365 0.099606
0.214966 -0.189365 0.099606
0.223668 -0.192105 0.093644
0.206265 -0.189365 0.099606
0.197564 -0.189365 0.099606
0.206265 -0.192105 0.093644
0.188863 -0.189365 0.099606
0.180161 -0.189365 0.099606
0.188863 -0.192105 0.093644
0.171459 -0.189365 0.099606
0.162758 -0.189365 0.099606
0.171459 -0.192105 0.093644
0.154057 -0.189365 0.099606
0.145355 -0.189365 0.099606
0.154056 -0.192105 0.093644
0.136653 -0.189365 0.099606
0.127952 -0.189365 0.099606
0.136653 -0.192105 0.093644
0.119250 -0.189365 0.099606
0.110549 -0.189365 0.099606
0.119250 -0.192105 0.093644
0.101848 -0.189355 0.099606
0.093138 -0.189297 0.099606
0.101848 -0.192105 0.093644
0.084447 -0.189103 0.099606
0.075777 -0.188696 0.099606
0.084420 -0.191982 0.093644
0.067243 -0.187930 0.099605
0.058660 -0.186618 0.099580
0.066959 -0.191260 0.093644
0.049019 -0.188990 0.093549
-0.073646 -0.189404 0.096625
-0.081505 -0.189390 0.097965
-0.066304 -0.189528 0.094553
-0.060390 -0.190002 0.090820
-0.074574 -0.192033 0.090887
-0.089833 -0.189372 0.098831
-0.098354 -0.189368 0.099315
-0.090023 -0.192102 0.092829
-0.106998 -0.189365 0.099544
-0.115687 -0.189365 0.099597
-0.107022 -0.192105 0.093538
-0.133090 -0.189365 0.099606
-0.124389 -0.189365 0.099606
-0.124389 -0.192105 0.093644
-0.150493 -0.189365 0.099606
-0.141792 -0.189365 0.099606
-0.141792 -0.192105 0.093644
-0.159194 -0.189365 0.099606
-0.167896 -0.189365 0.099606
-0.159194 -0.192105 0.093644
-0.185299 -0.189365 0.099606
-0.176598 -0.189365 0.099606
-0.176598 -0.192105 0.093644
-0.202702 -0.189365 0.099606
-0.194001 -0.189365 0.099606
-0.194001 -0.192105 0.093644
-0.211403 -0.189365 0.099606
-0.220104 -0.189365 0.099606
-0.211403 -0.192105 0.093644
-0.237507 -0.189365 0.099606
-0.228805 -0.189365 0.099606
-0.228805 -0.192105 0.093644
-0.254910 -0.189365 0.099606
-0.246209 -0.189365 0.099606
-0.246209 -0.192105 0.093644
-0.263599 -0.189361 0.099602
-0.272228 -0.189302 0.099619
-0.263599 -0.192105 0.093656
-0.280724 -0.189107 0.099627
-0.288976 -0.188601 0.099640
-0.280818 -0.191892 0.093768
-0.296725 -0.187640 0.099633
-0.304080 -0.185852 0.099579
-0.297257 -0.190599 0.094111
-0.312260 -0.186449 0.094808
0.757886 0.317085 0.071181
0.755940 0.324943 0.069475
0.749672 0.316544 0.072931
0.753510 0.332055 0.066687
0.761617 0.333020 0.065734
0.759223 0.308577 0.072021
0.765803 0.317620 0.067997
0.769178 0.333853 0.063334
0.766686 0.340411 0.061724
0.771626 0.326694 0.063404
0.775804 0.335192 0.059496
0.773051 0.318139 0.063320
0.733240 0.314211 0.073931
0.741332 0.315559 0.073749
0.739239 0.322231 0.070766
0.736303 0.327287 0.066712
0.745026 0.330520 0.066695
0.742932 0.308045 0.075673
0.750944 0.338463 0.062551
0.726150 0.312698 0.073829
0.724804 0.316794 0.071090
0.720476 0.311304 0.073210
0.721516 0.317489 0.068336
0.728096 0.322555 0.067089
0.726925 0.306572 0.076014
0.732364 0.329710 0.061871
0.717054 0.311738 0.070906
0.714679 0.305554 0.073648
0.715766 0.313827 0.066737
0.743916 0.299788 0.076751
0.735615 0.299562 0.077523
0.752006 0.299790 0.075047
0.744321 0.291107 0.077140
0.759614 0.299349 0.072057
0.719862 0.298784 0.077214
0.727479 0.299191 0.077657
0.727841 0.291117 0.078663
0.713180 0.298624 0.075962
0.707665 0.298759 0.073676
0.712172 0.290796 0.077752
0.703198 0.299017 0.070176
0.699727 0.290902 0.073691
0.708151 0.307083 0.065942
0.699837 0.299224 0.065427
0.714335 0.315033 0.060939
-0.770240 0.295657 0.066976
-0.778510 0.293359 0.069126
-0.770314 0.289766 0.071139
-0.769502 0.300724 0.061745
-0.761100 0.294995 0.063522
-0.762915 0.285447 0.072535
-0.757233 0.279853 0.073658
-0.754262 0.284149 0.069882
-0.752898 0.288465 0.064756
-0.745155 0.281282 0.065651
-0.770652 0.283797 0.074072
-0.752373 0.292092 0.058764
-0.789747 0.301855 0.063091
-0.794969 0.295919 0.064232
-0.786908 0.295368 0.066833
-0.786277 0.307699 0.059258
-0.794974 0.307084 0.058440
-0.785593 0.288315 0.069862
-0.776973 0.306409 0.058710
-0.782799 0.312511 0.053249
-0.768181 0.304744 0.055615
-0.800385 0.290051 0.062756
-0.802041 0.296734 0.060444
-0.801749 0.310163 0.053625
-0.802366 0.303439 0.057429
-0.807863 0.297881 0.055381
0.744091 0.282247 0.077075
0.736286 0.282554 0.078480
0.751191 0.281533 0.074618
0.743120 0.273366 0.076526
0.757030 0.280219 0.071084
0.759004 0.289647 0.071526
0.766368 0.298458 0.067723
0.728048 0.282669 0.079186
0.719729 0.282659 0.079314
0.727950 0.274029 0.079259
0.704149 0.282592 0.078026
0.711685 0.282632 0.078925
0.711480 0.274242 0.079662
0.697354 0.282587 0.076391
0.691512 0.282636 0.073760
0.696040 0.274221 0.078295
0.686679 0.282561 0.070095
0.683289 0.274063 0.074076
0.691470 0.290902 0.065257
0.682978 0.282264 0.065328
0.697479 0.298864 0.059636
-0.762590 0.275695 0.075979
-0.754673 0.273645 0.075088
-0.747050 0.269867 0.074495
-0.740705 0.263709 0.074636
-0.738370 0.268824 0.071138
-0.737068 0.273587 0.066167
-0.728692 0.265686 0.066407
-0.754186 0.267438 0.076785
-0.735987 0.277184 0.060176
-0.777158 0.279414 0.074381
-0.770170 0.277546 0.075838
-0.768712 0.271007 0.076814
-0.791693 0.282057 0.068710
-0.784395 0.280931 0.071999
-0.783003 0.273546 0.073298
-0.798512 0.282919 0.064483
-0.796438 0.275611 0.065992
-0.804641 0.283790 0.059667
0.741345 0.264625 0.075213
0.734837 0.265046 0.077443
0.738639 0.256051 0.072918
0.746410 0.263900 0.072136
0.753632 0.271229 0.070449
0.759983 0.277201 0.067088
0.750002 0.263076 0.068230
0.719515 0.265587 0.079662
0.727442 0.265355 0.078852
0.726345 0.256664 0.077943
0.711409 0.265806 0.079996
0.703342 0.265913 0.079968
0.711098 0.257288 0.080015
0.688116 0.265789 0.078756
0.695547 0.265913 0.079585
0.695658 0.257971 0.080426
0.681261 0.265556 0.077220
0.675185 0.265313 0.074687
0.680643 0.257228 0.079552
0.670009 0.264959 0.071087
0.667261 0.256385 0.075771
0.674487 0.273438 0.065686
0.666052 0.264405 0.066268
0.680450 0.281482 0.059692
-0.745679 0.259089 0.077009
-0.737694 0.257048 0.075563
-0.721345 0.252794 0.071361
-0.729944 0.253334 0.074696
-0.723455 0.247246 0.074716
-0.711839 0.250396 0.066709
-0.720286 0.257911 0.066595
-0.737063 0.250590 0.077027
-0.719234 0.261635 0.060845
-0.760250 0.262835 0.077887
-0.753298 0.260994 0.077846
-0.751854 0.254538 0.078187
-0.774374 0.265302 0.076289
-0.767286 0.264268 0.077445
-0.765897 0.257619 0.077842
-0.787815 0.267218 0.071144
-0.781260 0.266153 0.074134
-0.779086 0.259201 0.074756
-0.790840 0.260887 0.067939
-0.793849 0.268457 0.067336
-0.799274 0.269120 0.062147
0.724531 0.247983 0.076318
0.717762 0.248282 0.078353
0.721800 0.239359 0.073698
0.730321 0.247772 0.073370
0.734968 0.247691 0.069514
0.710369 0.248704 0.079698
0.703042 0.249429 0.080511
0.709112 0.239963 0.078901
0.695997 0.250357 0.080908
0.688691 0.250348 0.081180
0.695016 0.242072 0.081393
0.681216 0.249386 0.081236
0.673682 0.248539 0.080860
0.682867 0.242046 0.082259
0.666292 0.247906 0.079760
0.659287 0.247060 0.077547
0.652984 0.245913 0.074066
0.657439 0.254946 0.067294
0.648594 0.245129 0.068735
0.663435 0.263416 0.060435
-0.720321 0.240592 0.075594
-0.728380 0.242239 0.077037
-0.705552 0.231930 0.074755
-0.703785 0.237921 0.071406
-0.712392 0.237462 0.074715
-0.703288 0.243336 0.066766
-0.694523 0.236582 0.066770
-0.719559 0.234059 0.077028
-0.702951 0.247604 0.061468
-0.736140 0.243999 0.077943
-0.743338 0.246017 0.078216
-0.734693 0.237495 0.078198
-0.750662 0.247858 0.078290
-0.757780 0.249590 0.078254
-0.749487 0.241158 0.078267
-0.764392 0.251284 0.077919
-0.770637 0.252412 0.077003
-0.763491 0.244918 0.077235
-0.776487 0.252981 0.075273
-0.782094 0.253161 0.072234
-0.773451 0.247002 0.075345
-0.787329 0.253350 0.068048
-0.782249 0.246890 0.069476
-0.793124 0.255960 0.063116
0.707126 0.231111 0.077348
0.700063 0.231768 0.079831
0.704315 0.222360 0.074760
0.713099 0.230876 0.074131
0.718022 0.230957 0.070095
0.692602 0.233025 0.081739
0.686518 0.236120 0.082557
0.690687 0.223570 0.081303
0.639611 0.235879 0.069851
0.630507 0.227340 0.070604
0.646367 0.244353 0.061657
-0.684512 0.225255 0.071463
-0.692522 0.222997 0.075217
-0.683410 0.219350 0.075251
-0.676013 0.224526 0.066751
-0.685415 0.230358 0.066710
-0.666597 0.214082 0.072639
-0.675010 0.215113 0.075777
-0.668064 0.209636 0.077187
-0.658397 0.211319 0.068289
-0.666988 0.218244 0.067296
-0.682864 0.212968 0.078496
-0.668386 0.221609 0.061657
-0.701660 0.225254 0.075885
-0.710402 0.226200 0.077164
-0.699844 0.218128 0.077854
-0.686192 0.234479 0.061270
-0.718474 0.227408 0.077980
-0.725920 0.229100 0.078195
-0.716827 0.220846 0.078373
-0.733476 0.230769 0.078245
-0.740956 0.232572 0.078212
-0.732247 0.224026 0.078198
-0.748097 0.234656 0.078003
-0.755542 0.236684 0.077203
-0.747214 0.228092 0.077078
-0.769129 0.241885 0.075224
-0.762960 0.238724 0.075901
-0.760161 0.232082 0.074994
-0.775507 0.242501 0.072457
0.689177 0.213915 0.079806
0.681643 0.214537 0.083218
0.686825 0.204784 0.077145
0.695519 0.213684 0.075743
0.700573 0.213962 0.071173
0.672976 0.204479 0.085442
-0.672454 0.204885 0.080984
-0.663624 0.203409 0.079848
-0.648227 0.199527 0.074699
-0.655160 0.200035 0.079227
-0.640409 0.196188 0.069588
-0.649534 0.203933 0.069105
-0.650857 0.207203 0.063122
-0.689959 0.208026 0.080637
-0.681480 0.206052 0.081310
-0.698488 0.210416 0.079745
-0.707130 0.212357 0.079129
-0.697490 0.202444 0.081443
-0.715463 0.213929 0.078699
-0.723327 0.215560 0.078363
-0.714181 0.206842 0.079119
-0.730767 0.217473 0.077982
-0.738586 0.219456 0.077036
-0.729800 0.210850 0.077177
-0.754099 0.225669 0.074835
-0.746598 0.221669 0.075608
-0.743525 0.214851 0.074745
-0.762367 0.226957 0.071540
0.671807 0.194543 0.083734
0.670174 0.185880 0.080635
0.678277 0.195470 0.078830
0.683390 0.196477 0.073386
0.621724 0.218866 0.071049
0.613274 0.210402 0.071176
0.604698 0.201808 0.071535
0.595991 0.193050 0.072041
0.611818 0.208199 0.064323
-0.631587 0.188037 0.070084
-0.623074 0.179565 0.070643
-0.633109 0.191215 0.064248
-0.705258 0.197378 0.080987
-0.712879 0.199910 0.079518
-0.720894 0.202087 0.077868
-0.712287 0.192939 0.079312
-0.736992 0.208350 0.074831
-0.729144 0.204339 0.075946
-0.726057 0.197365 0.075558
-0.745704 0.209624 0.071333
0.663566 0.176705 0.081881
0.658532 0.168372 0.082507
0.667891 0.178415 0.076324
-0.614504 0.170984 0.071044
-0.605851 0.162382 0.071292
-0.615757 0.174195 0.065027
-0.719547 0.190617 0.076389
-0.711937 0.186247 0.078505
-0.709085 0.179210 0.078587
-0.728240 0.192068 0.072223
0.648020 0.153843 0.083190
0.653641 0.161050 0.083217
0.656563 0.162279 0.078785
0.570381 0.167148 0.071113
0.561868 0.158297 0.070658
0.587387 0.184394 0.072071
0.578913 0.175832 0.071604
0.577353 0.173364 0.064964
-0.597147 0.153858 0.071449
-0.588384 0.145449 0.071516
-0.598387 0.156951 0.065388
-0.710853 0.174150 0.074694
0.634020 0.136514 0.081731
0.641526 0.145677 0.082156
0.646718 0.149064 0.078041
0.553459 0.149312 0.070110
0.545468 0.140244 0.069274
0.560531 0.155861 0.064137
-0.570747 0.129317 0.071459
-0.579581 0.137276 0.071509
-0.580932 0.139970 0.065486
-0.693843 0.155695 0.076885
0.617094 0.116366 0.082606
0.625617 0.126497 0.082167
0.630343 0.128559 0.076045
0.603340 0.097669 0.081876
0.609727 0.106786 0.082484
0.613997 0.108954 0.076850
-0.658773 0.124381 0.084629
-0.642486 0.109129 0.083914
-0.651004 0.117149 0.084234
-0.660512 0.120110 0.078763
0.596696 0.089367 0.081685
0.589547 0.081743 0.082001
0.599422 0.091064 0.076620
-0.625113 0.092764 0.083519
-0.633835 0.101007 0.083721
-0.643491 0.103338 0.077941
0.573533 0.065423 0.082390
0.581801 0.073801 0.082255
0.584121 0.074553 0.076807
-0.607875 0.076248 0.083071
-0.616421 0.084562 0.083295
-0.626022 0.086925 0.077391
0.567460 0.057613 0.076963
0.566130 0.057967 0.082457
0.561067 0.053549 0.083770
-0.608691 0.070498 0.076651
0.556432 0.048238 0.082477
0.552090 0.043894 0.082479
0.555638 0.045733 0.076991
0.547739 0.039543 0.082479
0.532797 0.022892 0.076991
0.537949 0.029754 0.082479
0.531423 0.023228 0.082479
0.543388 0.035192 0.082479
0.526302 0.018773 0.083780
-0.568512 0.036192 0.085861
-0.569588 0.032362 0.080103
0.521635 0.013439 0.082479
0.516967 0.008104 0.081179
0.520833 0.010927 0.076991
0.512933 0.004737 0.082479
0.508899 0.001371 0.083780
0.512131 0.002226 0.076991
0.497991 -0.011914 0.076878
0.503144 -0.005052 0.082462
0.496618 -0.011578 0.082428
0.491496 -0.016032 0.083728
-0.536193 0.004987 0.084769
-0.520263 -0.008101 0.083978
-0.528557 -0.001177 0.084317
-0.537417 0.001718 0.079059
0.470208 -0.038882 0.082943
0.478457 -0.030120 0.082585
0.480917 -0.029411 0.076844
0.485827 -0.022472 0.082445
-0.511885 -0.015234 0.083811
-0.503355 -0.022908 0.083701
-0.521325 -0.012006 0.078133
0.454411 -0.056449 0.084419
0.462180 -0.047670 0.083530
0.464779 -0.047157 0.077657
0.394193 -0.024529 0.068588
0.385988 -0.033866 0.068277
0.377637 -0.043198 0.068346
0.369543 -0.052214 0.067838
0.383103 -0.037226 0.061238
-0.494707 -0.030952 0.083654
-0.486013 -0.039259 0.083641
-0.504480 -0.026650 0.077792
0.439487 -0.073952 0.086874
0.446911 -0.065219 0.085621
0.449977 -0.064976 0.079997
-0.477289 -0.047777 0.083648
-0.468576 -0.056419 0.083640
-0.487053 -0.043043 0.077743
0.435838 -0.082532 0.083112
-0.459874 -0.065120 0.083620
-0.451183 -0.073821 0.083580
-0.469593 -0.060244 0.077687
0.417892 -0.107982 0.081615
0.424819 -0.099428 0.080353
0.438316 -0.082206 0.076887
0.431614 -0.090889 0.078690
0.426874 -0.098903 0.073808
-0.433840 -0.091233 0.083450
-0.442501 -0.082523 0.083519
-0.452240 -0.077656 0.077471
0.403103 -0.125706 0.082973
0.410710 -0.116626 0.082433
0.413981 -0.115534 0.076814
0.300701 -0.118274 0.079588
0.295923 -0.122876 0.087771
0.315720 -0.107798 0.070070
0.323471 -0.101812 0.069452
0.297337 -0.118457 0.071472
0.306934 -0.113416 0.070859
0.313366 -0.108690 0.062396
-0.272639 -0.130734 0.086712
-0.281278 -0.128473 0.086641
-0.264208 -0.131597 0.079053
-0.289993 -0.126123 0.086510
-0.298833 -0.123457 0.086271
-0.281619 -0.126555 0.079131
-0.299098 -0.120874 0.078843
-0.307879 -0.114923 0.070659
-0.316643 -0.110041 0.070291
-0.290640 -0.122249 0.071266
-0.299235 -0.118925 0.071037
-0.299089 -0.117648 0.062878
-0.425206 -0.099974 0.083355
-0.416632 -0.108812 0.083170
-0.435023 -0.095105 0.077173
0.387577 -0.143572 0.084907
0.395252 -0.135051 0.083501
0.399424 -0.133605 0.077298
0.247206 -0.138299 0.080897
0.241736 -0.141391 0.089877
0.231667 -0.143650 0.092251
0.271887 -0.129092 0.069383
0.263420 -0.132403 0.070358
0.243919 -0.138489 0.072534
0.254084 -0.135537 0.071507
0.261059 -0.133279 0.062442
0.224249 -0.143799 0.089263
0.215407 -0.144494 0.087991
0.206371 -0.145108 0.087241
0.224955 -0.142586 0.080924
0.188712 -0.145731 0.086710
0.197540 -0.145512 0.086867
0.206266 -0.144364 0.079273
0.171171 -0.145846 0.086689
0.179925 -0.145812 0.086680
0.188369 -0.145113 0.078929
0.153734 -0.145845 0.086715
0.162447 -0.145852 0.086706
0.170711 -0.145277 0.079017
0.136339 -0.145744 0.086727
0.145032 -0.145825 0.086715
0.153251 -0.145231 0.079060
0.118946 -0.145084 0.086712
0.127645 -0.145536 0.086743
0.135877 -0.144906 0.079130
0.101369 -0.142884 0.086025
0.110187 -0.144269 0.086532
0.118577 -0.143664 0.079164
0.083232 -0.137653 0.083019
0.092304 -0.140682 0.084951
0.101324 -0.140269 0.078189
0.068978 -0.128750 0.074132
0.066063 -0.133185 0.082236
0.075328 -0.133546 0.079459
0.084643 -0.133749 0.074460
0.056936 -0.132712 0.083038
0.063601 -0.124261 0.067935
0.071887 -0.125269 0.065998
0.075171 -0.123317 0.058318
0.079727 -0.126832 0.063164
0.086069 -0.130779 0.066227
0.087271 -0.128673 0.058481
0.093422 -0.134647 0.068484
0.051309 -0.128251 0.076890
0.046176 -0.124092 0.069966
0.054956 -0.123855 0.069221
0.059142 -0.120453 0.060969
0.027925 -0.126007 0.070990
0.037240 -0.124898 0.070505
0.041656 -0.120304 0.062235
0.009622 -0.128909 0.073524
0.018562 -0.127157 0.071619
0.022717 -0.122035 0.063237
0.001932 -0.126269 0.069623
-0.014387 -0.124693 0.068074
-0.023653 -0.124779 0.069224
-0.010960 -0.120451 0.059708
-0.005536 -0.123799 0.065725
0.002832 -0.121556 0.060993
-0.032892 -0.124844 0.070048
-0.041870 -0.125130 0.070710
-0.028015 -0.120365 0.061545
-0.059863 -0.135980 0.087388
-0.055353 -0.130946 0.079694
-0.067895 -0.136925 0.088346
-0.060030 -0.127620 0.072272
-0.050800 -0.125963 0.071356
-0.045834 -0.121343 0.062655
-0.075672 -0.138343 0.089614
-0.072103 -0.134270 0.082283
-0.083791 -0.139755 0.090261
-0.078239 -0.133286 0.077330
-0.069366 -0.130112 0.073780
-0.064979 -0.125559 0.064569
-0.092004 -0.141018 0.090431
-0.086269 -0.137189 0.083557
-0.100315 -0.142814 0.092325
-0.086736 -0.134429 0.074988
-0.106908 -0.142603 0.089582
-0.124245 -0.144188 0.087341
-0.115403 -0.143391 0.088184
-0.105955 -0.140380 0.081436
-0.141769 -0.145262 0.086762
-0.132993 -0.144822 0.086947
-0.124165 -0.142858 0.079496
-0.159258 -0.145639 0.086672
-0.150510 -0.145507 0.086698
-0.141809 -0.144268 0.079044
-0.176779 -0.145775 0.086655
-0.168017 -0.145714 0.086655
-0.159411 -0.144847 0.078904
-0.194288 -0.145766 0.086689
-0.185543 -0.145810 0.086672
-0.177116 -0.145139 0.078904
-0.211778 -0.145039 0.086747
-0.203030 -0.145540 0.086712
-0.194748 -0.145085 0.079017
-0.220560 -0.144164 0.086806
-0.229375 -0.142787 0.086873
-0.212223 -0.144050 0.079144
-0.229621 -0.141270 0.079295
-0.408171 -0.117851 0.082867
-0.399807 -0.127277 0.082327
-0.418096 -0.112832 0.076606
0.383513 -0.151778 0.081328
-0.401631 -0.131683 0.075071
0.372016 -0.164598 0.080005
0.365398 -0.169083 0.081456
0.378301 -0.159332 0.078151
0.384101 -0.153857 0.074313
0.372950 -0.165450 0.073841
0.358521 -0.172288 0.083375
0.352654 -0.173055 0.086881
0.358576 -0.174163 0.077040
0.343589 -0.177023 0.086415
0.323523 -0.186480 0.084355
0.333420 -0.181558 0.085843
0.338763 -0.182076 0.078891
-0.355774 -0.172697 0.083696
-0.347526 -0.176665 0.083694
-0.337866 -0.180327 0.085261
-0.328258 -0.183605 0.087343
-0.344945 -0.180270 0.077217
-0.362236 -0.168789 0.085047
-0.362986 -0.170885 0.078456
0.308023 -0.191294 0.084051
0.300202 -0.192649 0.085085
0.320255 -0.189714 0.076470
0.314976 -0.190224 0.081528
0.307461 -0.192743 0.076315
0.292097 -0.193460 0.085775
0.284000 -0.193730 0.086259
0.292303 -0.194326 0.078181
0.275653 -0.193852 0.086538
0.267114 -0.193878 0.086669
0.275689 -0.194837 0.078897
0.258473 -0.193877 0.086716
0.249772 -0.193877 0.086716
0.258473 -0.194924 0.079061
0.241070 -0.193877 0.086716
0.232369 -0.193877 0.086716
0.241071 -0.194924 0.079061
0.223668 -0.193877 0.086716
0.214966 -0.193877 0.086716
0.223668 -0.194924 0.079061
0.206265 -0.193877 0.086716
0.197564 -0.193877 0.086716
0.206265 -0.194924 0.079061
0.188863 -0.193877 0.086716
0.180161 -0.193877 0.086716
0.188863 -0.194924 0.079061
0.171459 -0.193877 0.086716
0.162758 -0.193877 0.086716
0.171459 -0.194924 0.079061
0.145355 -0.193877 0.086716
0.154057 -0.193877 0.086716
0.154056 -0.194924 0.079061
0.127952 -0.193877 0.086716
0.136653 -0.193877 0.086716
0.136653 -0.194924 0.079061
0.110549 -0.193877 0.086716
0.119250 -0.193877 0.086716
0.119250 -0.194924 0.079061
0.093147 -0.193877 0.086716
0.101848 -0.193877 0.086716
0.101848 -0.194924 0.079061
0.084437 -0.193840 0.086716
0.075701 -0.193720 0.086716
0.084445 -0.194924 0.079061
0.066942 -0.193441 0.086715
0.058146 -0.192989 0.086690
0.066982 -0.194753 0.079061
0.049127 -0.192176 0.086618
0.040941 -0.190729 0.087411
0.049356 -0.194137 0.078988
0.026692 -0.189986 0.086841
0.033751 -0.189616 0.088399
0.034404 -0.191788 0.083423
0.013002 -0.190980 0.082809
0.005291 -0.190374 0.082728
0.013657 -0.193089 0.076955
0.020393 -0.191465 0.082748
0.027515 -0.191884 0.082451
-0.011369 -0.189650 0.082631
-0.002790 -0.189910 0.082676
-0.002942 -0.192552 0.076498
-0.020129 -0.189520 0.082798
-0.029058 -0.189545 0.083158
-0.020074 -0.192224 0.076501
-0.038352 -0.189770 0.083893
-0.047936 -0.190222 0.084891
-0.037789 -0.192300 0.077050
-0.057295 -0.191244 0.085077
-0.066304 -0.192730 0.084492
-0.056025 -0.192990 0.077929
-0.074574 -0.193604 0.084562
-0.082188 -0.193784 0.085340
-0.073646 -0.194400 0.077822
-0.090130 -0.193850 0.085958
-0.098509 -0.193875 0.086343
-0.090130 -0.194857 0.078465
-0.107046 -0.193877 0.086585
-0.115699 -0.193877 0.086683
-0.107070 -0.194924 0.078926
-0.124389 -0.193877 0.086716
-0.133090 -0.193877 0.086716
-0.124389 -0.194924 0.079061
-0.141792 -0.193877 0.086716
-0.150493 -0.193877 0.086716
-0.141792 -0.194924 0.079061
-0.159194 -0.193877 0.086716
-0.167896 -0.193877 0.086716
-0.159194 -0.194924 0.079061
-0.176598 -0.193877 0.086716
-0.185299 -0.193877 0.086716
-0.176598 -0.194924 0.079061
-0.194001 -0.193877 0.086716
-0.202702 -0.193877 0.086716
-0.194001 -0.194924 0.079061
-0.211403 -0.193877 0.086716
-0.220104 -0.193877 0.086716
-0.211403 -0.194924 0.079061
-0.228805 -0.193877 0.086716
-0.237507 -0.193877 0.086716
-0.228805 -0.194924 0.079061
-0.246209 -0.193877 0.086716
-0.254898 -0.193877 0.086727
-0.246209 -0.194924 0.079061
-0.263575 -0.193877 0.086752
-0.272238 -0.193822 0.086805
-0.263560 -0.194907 0.079130
-0.280837 -0.193662 0.086913
-0.289317 -0.193289 0.087117
-0.280747 -0.194661 0.079382
-0.297567 -0.192529 0.087432
-0.305201 -0.191388 0.088039
-0.297653 -0.193604 0.079937
-0.312325 -0.189497 0.088913
-0.319793 -0.186676 0.088900
-0.313169 -0.191042 0.081608
-0.326000 -0.186963 0.081175
-0.350537 -0.179707 0.068685
-0.340828 -0.183328 0.070365
-0.330855 -0.186689 0.072371
-0.321724 -0.189402 0.075866
-0.336437 -0.185374 0.062736
0.775810 0.346804 0.056311
0.774624 0.351349 0.053266
0.770908 0.346566 0.057624
0.778501 0.353749 0.049116
0.774251 0.356342 0.047725
0.779294 0.348803 0.052785
0.778098 0.342564 0.056454
0.782089 0.351472 0.047274
0.764500 0.346410 0.058305
0.762332 0.351992 0.053483
0.756976 0.345695 0.058346
0.767353 0.357215 0.047794
0.760008 0.356929 0.047593
0.772140 0.361923 0.041198
0.743464 0.343705 0.054825
0.749489 0.344507 0.057428
0.748971 0.349960 0.051656
0.753367 0.355568 0.046806
0.747662 0.353385 0.045678
0.757281 0.360750 0.040971
0.739422 0.343896 0.050014
0.736585 0.337346 0.055840
0.745520 0.354198 0.039362
0.742441 0.349539 0.044918
0.737413 0.344157 0.043498
0.781065 0.338549 0.054332
0.728655 0.330437 0.055680
-0.777376 0.314882 0.046383
-0.786938 0.318937 0.045837
-0.768626 0.308768 0.048439
-0.760713 0.301913 0.050635
-0.770789 0.312880 0.040443
-0.802713 0.317052 0.048593
-0.809102 0.311881 0.048621
-0.796637 0.321823 0.045092
-0.805501 0.323955 0.042544
-0.791304 0.326312 0.038217
-0.814463 0.305963 0.046382
-0.815756 0.313028 0.042822
-0.817308 0.319702 0.038830
-0.821343 0.313891 0.036479
-0.812931 0.325000 0.039030
-0.819364 0.326048 0.033915
-0.809054 0.330287 0.036247
0.772174 0.298143 0.062084
0.773116 0.308117 0.063142
0.779224 0.317527 0.057193
-0.811765 0.291582 0.051865
-0.813185 0.298658 0.049298
-0.818117 0.299265 0.042286
0.764795 0.280437 0.061970
0.759240 0.271590 0.062844
0.770686 0.289476 0.059581
0.776742 0.298305 0.055713
0.768492 0.282122 0.055494
-0.807182 0.277282 0.055401
-0.809816 0.284740 0.054171
-0.813840 0.284943 0.047632
0.746108 0.255806 0.064299
0.753039 0.263368 0.063527
0.755611 0.265009 0.058147
-0.803877 0.269482 0.055925
-0.799256 0.262009 0.058324
-0.808516 0.271938 0.049632
0.730202 0.239709 0.065011
0.738442 0.247943 0.064765
0.740759 0.248722 0.059281
0.713087 0.223031 0.065543
0.721728 0.231399 0.065241
0.724237 0.232287 0.059727
-0.778422 0.239672 0.067811
0.695659 0.206216 0.066654
0.704376 0.214645 0.066009
0.707012 0.215934 0.060305
0.628975 0.225867 0.063089
-0.771708 0.231157 0.066951
-0.763862 0.222253 0.066424
-0.780832 0.237001 0.061327
0.678689 0.188920 0.068706
0.687052 0.197681 0.067543
0.689619 0.199548 0.061515
-0.755500 0.213468 0.066276
-0.746833 0.204705 0.066298
-0.765032 0.218601 0.060119
0.663898 0.171257 0.071505
0.670870 0.180071 0.069977
0.672510 0.182506 0.063435
0.594513 0.190672 0.065253
-0.738030 0.195974 0.066583
-0.729155 0.187203 0.067151
-0.747666 0.201001 0.060170
0.657853 0.162902 0.073230
0.652249 0.155236 0.075187
0.657864 0.164292 0.066617
-0.720241 0.178388 0.068003
-0.711386 0.169502 0.069068
-0.729641 0.183747 0.060660
0.646189 0.147243 0.071786
-0.553300 0.113500 0.071431
-0.561980 0.121405 0.071431
-0.563420 0.123422 0.065447
-0.694653 0.151439 0.070309
-0.702856 0.160520 0.069840
-0.711427 0.166217 0.062166
0.624800 0.120575 0.070069
0.632673 0.130217 0.069240
0.639644 0.139233 0.067449
0.645383 0.148070 0.064624
0.632797 0.131966 0.062250
0.531596 0.123571 0.072343
0.525064 0.115457 0.076494
0.545435 0.138276 0.062286
0.538382 0.131390 0.067574
0.532516 0.122277 0.064951
-0.536115 0.097072 0.071509
-0.544684 0.105402 0.071459
-0.546027 0.106930 0.065447
-0.677586 0.133508 0.071884
-0.686234 0.142432 0.071006
-0.693847 0.148650 0.063283
0.608972 0.102078 0.070709
0.616794 0.111163 0.070493
0.617959 0.113913 0.064067
0.518416 0.106988 0.074463
-0.527505 0.088601 0.071543
-0.518844 0.080007 0.071556
-0.528734 0.090032 0.065486
-0.660627 0.115890 0.072017
-0.669063 0.124622 0.072259
-0.676467 0.130458 0.065068
0.593366 0.084614 0.070789
0.601157 0.093232 0.070787
0.601902 0.096089 0.064592
0.503883 0.089230 0.071936
0.511475 0.098190 0.072939
0.519050 0.105573 0.067574
-0.502545 0.063729 0.071562
-0.510159 0.071342 0.071562
-0.511373 0.072769 0.065500
-0.643429 0.098962 0.071554
-0.652104 0.107335 0.071765
-0.659496 0.112834 0.065528
0.585349 0.076087 0.070803
0.577087 0.067601 0.070860
0.585563 0.078728 0.064672
0.504104 0.086879 0.065449
0.496853 0.081368 0.071421
0.490748 0.075133 0.072772
-0.489493 0.050676 0.071562
-0.496019 0.057203 0.071562
-0.498321 0.059717 0.065500
-0.626913 0.083673 0.070877
-0.634661 0.090751 0.071250
-0.642205 0.095985 0.065287
0.561013 0.051045 0.072509
0.568654 0.059040 0.070902
0.568721 0.061515 0.064714
0.487449 0.068959 0.064829
0.479968 0.063749 0.070960
0.486387 0.070320 0.071053
0.473478 0.057203 0.070930
0.475780 0.059717 0.076991
-0.466684 0.027819 0.071501
-0.474266 0.035449 0.071562
-0.488532 0.049928 0.065500
-0.484202 0.045679 0.069975
-0.480918 0.042314 0.065500
-0.478764 0.040241 0.069975
-0.473305 0.034701 0.065500
-0.615671 0.073609 0.069903
-0.607874 0.066267 0.069831
-0.591482 0.050135 0.070101
-0.599328 0.058108 0.070001
-0.604888 0.063193 0.063596
-0.627864 0.082885 0.064510
-0.622117 0.078826 0.068674
-0.620919 0.076936 0.063676
0.554677 0.044985 0.070930
0.466952 0.050676 0.070930
0.461661 0.045679 0.072517
0.456223 0.040241 0.072517
0.458377 0.042314 0.076991
-0.449383 0.010278 0.071097
-0.458051 0.019074 0.071360
-0.459326 0.020501 0.065249
-0.586683 0.045536 0.064825
-0.583840 0.042640 0.071231
-0.576643 0.036653 0.074858
-0.608935 0.068519 0.057881
-0.599760 0.060614 0.058377
-0.589966 0.051080 0.059121
-0.582139 0.042679 0.060005
-0.592870 0.058232 0.054095
0.526250 0.016264 0.072517
0.534011 0.024319 0.070930
0.534066 0.026770 0.064734
0.541625 0.031932 0.070930
0.545849 0.035944 0.076991
0.548151 0.038458 0.070930
0.444153 0.027860 0.070922
0.435528 0.019214 0.070845
0.451725 0.035449 0.070930
0.452758 0.034086 0.064734
-0.431806 -0.007375 0.070296
-0.440662 0.001438 0.070702
-0.442082 0.002787 0.064344
-0.569797 0.029461 0.072880
0.519871 0.010179 0.070930
0.418603 0.002108 0.070355
0.426998 0.010630 0.070663
0.435334 0.016717 0.064488
-0.413758 -0.024808 0.069689
-0.422795 -0.016143 0.069928
-0.424043 -0.015306 0.062762
-0.561363 0.021206 0.072675
-0.552812 0.013130 0.073011
-0.567715 0.027003 0.066064
0.490574 -0.019231 0.070547
0.499205 -0.010488 0.070728
0.499260 -0.008036 0.064502
0.506819 -0.002874 0.070868
0.513345 0.003652 0.070930
0.402347 -0.015343 0.069359
0.410399 -0.006493 0.069954
0.417957 -0.000579 0.063596
-0.395775 -0.041979 0.069583
-0.404728 -0.033389 0.069597
-0.405262 -0.032520 0.061928
-0.544787 0.005658 0.073017
-0.537046 -0.001282 0.072581
-0.529440 -0.007800 0.072217
-0.521511 -0.014346 0.071963
-0.535936 -0.003229 0.066771
-0.550150 0.010203 0.066469
0.473898 -0.036975 0.070467
0.482099 -0.028035 0.070393
0.482103 -0.025618 0.063832
0.400820 -0.018161 0.061896
-0.378116 -0.059161 0.069619
-0.386922 -0.050588 0.069609
-0.387185 -0.049438 0.061920
-0.513191 -0.021252 0.071705
-0.504601 -0.028835 0.071574
-0.520135 -0.015962 0.066472
0.458591 -0.055194 0.071749
0.466024 -0.046061 0.070865
0.465935 -0.043850 0.063562
-0.360563 -0.075816 0.069585
-0.369337 -0.067609 0.069605
-0.369434 -0.066333 0.061789
-0.487022 -0.045414 0.071501
-0.495815 -0.036991 0.071540
-0.503506 -0.029943 0.065489
0.444943 -0.073354 0.074992
0.451637 -0.064340 0.073193
0.451859 -0.063044 0.065465
0.350368 -0.075414 0.076033
0.356298 -0.067676 0.071502
0.362293 -0.060475 0.066121
0.368329 -0.054135 0.059872
0.355601 -0.068216 0.063426
-0.343019 -0.091247 0.069624
-0.351787 -0.083737 0.069584
-0.351631 -0.082362 0.061622
-0.469558 -0.062704 0.071275
-0.478263 -0.054014 0.071425
-0.485799 -0.046771 0.065292
0.439483 -0.081529 0.069648
0.343696 -0.082799 0.073775
-0.325449 -0.104424 0.069985
-0.334234 -0.098150 0.069750
-0.333865 -0.096608 0.061672
-0.460907 -0.071423 0.071045
-0.452310 -0.080154 0.070798
-0.468377 -0.064148 0.064739
0.427661 -0.098094 0.066403
0.421841 -0.106259 0.068625
0.433655 -0.089384 0.064166
0.439306 -0.080234 0.061652
0.427341 -0.096541 0.058385
0.330621 -0.095770 0.069957
0.337233 -0.089618 0.071701
0.342970 -0.082683 0.066223
0.329284 -0.096317 0.062754
-0.316268 -0.108503 0.062100
-0.443778 -0.088905 0.070548
-0.435327 -0.097666 0.070280
-0.451274 -0.081722 0.063884
0.409977 -0.122021 0.071201
0.416155 -0.114035 0.070574
0.416320 -0.113166 0.063189
0.288360 -0.122552 0.071037
0.280135 -0.125849 0.069661
0.295532 -0.118943 0.062607
0.278409 -0.126570 0.061690
0.080039 -0.123282 0.050883
0.072346 -0.120608 0.051791
0.094600 -0.130774 0.052179
0.087438 -0.126787 0.050987
0.086558 -0.125115 0.043657
0.064247 -0.118620 0.052619
0.055721 -0.117396 0.053206
0.070280 -0.118486 0.044282
0.046991 -0.116978 0.053663
0.038084 -0.117282 0.053993
0.053168 -0.115105 0.044984
0.028776 -0.118043 0.054348
0.019171 -0.118765 0.054644
0.035453 -0.115047 0.045392
-0.014247 -0.117406 0.052423
-0.006179 -0.117643 0.051769
0.010205 -0.118796 0.053920
0.001936 -0.118126 0.052306
0.000216 -0.115916 0.044221
-0.022608 -0.117129 0.053030
-0.031325 -0.117084 0.053447
-0.016551 -0.115203 0.044549
-0.040162 -0.117512 0.053839
-0.049128 -0.118699 0.054238
-0.033855 -0.114808 0.045054
-0.058571 -0.120925 0.054932
-0.068472 -0.124118 0.055840
-0.051676 -0.117040 0.045561
-0.255978 -0.133294 0.070901
-0.264723 -0.130606 0.070979
-0.238664 -0.138312 0.071176
-0.247270 -0.135888 0.071016
-0.247818 -0.135619 0.062229
-0.273488 -0.127905 0.071209
-0.282111 -0.125195 0.071319
-0.265786 -0.129948 0.062804
-0.282766 -0.124213 0.063655
-0.426990 -0.106502 0.069931
-0.418826 -0.115397 0.069376
-0.434718 -0.099341 0.063083
0.395690 -0.139964 0.069762
0.403138 -0.130561 0.070676
0.406273 -0.126475 0.064109
0.224330 -0.142490 0.071790
0.233962 -0.140882 0.072633
0.242308 -0.139107 0.063330
0.214968 -0.143621 0.071069
0.205842 -0.144444 0.070722
0.223663 -0.142995 0.062518
0.187728 -0.145287 0.070633
0.196747 -0.144985 0.070588
0.205182 -0.145251 0.061594
0.169928 -0.145482 0.070863
0.178775 -0.145441 0.070766
0.186585 -0.146201 0.062073
0.152450 -0.145298 0.070956
0.161169 -0.145426 0.070906
0.168720 -0.146359 0.062403
0.135139 -0.144602 0.071174
0.143765 -0.145051 0.071034
0.151236 -0.145921 0.062591
0.118086 -0.142603 0.071297
0.126566 -0.143835 0.071326
0.133985 -0.144597 0.063087
0.101397 -0.138051 0.070070
0.109699 -0.140699 0.070911
0.117453 -0.141681 0.063550
0.101746 -0.136225 0.061758
0.102128 -0.134722 0.053411
0.109638 -0.138192 0.054713
0.102381 -0.133529 0.045004
-0.106100 -0.138884 0.072363
-0.096464 -0.136755 0.073734
-0.087075 -0.132387 0.065161
-0.124247 -0.142147 0.071128
-0.115288 -0.140698 0.071530
-0.106389 -0.138015 0.063185
-0.141939 -0.143933 0.070775
-0.133099 -0.143200 0.070915
-0.124363 -0.141937 0.062489
-0.159752 -0.144797 0.070545
-0.150810 -0.144430 0.070625
-0.142135 -0.144116 0.062073
-0.168755 -0.145079 0.070545
-0.177740 -0.145265 0.070625
-0.160328 -0.145471 0.061523
-0.195526 -0.145097 0.070896
-0.186684 -0.145300 0.070766
-0.178875 -0.146080 0.062073
-0.212962 -0.143689 0.071163
-0.204277 -0.144562 0.071019
-0.196741 -0.145690 0.062531
-0.230146 -0.140503 0.071324
-0.221582 -0.142355 0.071313
-0.214144 -0.143802 0.063005
-0.230976 -0.140284 0.063349
-0.403196 -0.133725 0.067030
-0.410821 -0.124538 0.068497
-0.418892 -0.116837 0.061816
0.388287 -0.149444 0.067901
0.381248 -0.157941 0.066278
0.392100 -0.144693 0.060653
-0.383938 -0.156284 0.069687
-0.390346 -0.149060 0.068205
-0.397142 -0.141649 0.064245
-0.404463 -0.133752 0.058588
-0.392329 -0.148221 0.060066
0.374300 -0.164939 0.066653
0.367373 -0.170272 0.067981
0.375944 -0.163208 0.058733
-0.377525 -0.162417 0.070776
-0.370607 -0.167180 0.073849
-0.381394 -0.159806 0.063576
0.359708 -0.174696 0.069320
0.351202 -0.178674 0.070607
0.360608 -0.174625 0.061032
0.342044 -0.182476 0.071009
0.332422 -0.186233 0.070533
0.343620 -0.182627 0.062432
-0.365003 -0.171714 0.070257
-0.359201 -0.175906 0.066218
-0.354993 -0.178699 0.060073
-0.366966 -0.171855 0.061421
0.323462 -0.189489 0.069696
0.315326 -0.191947 0.068743
0.325553 -0.189238 0.062050
0.307651 -0.193470 0.068663
0.300261 -0.194298 0.069469
0.308686 -0.193494 0.061251
0.292468 -0.194845 0.070141
0.284193 -0.195205 0.070531
0.292587 -0.195127 0.061830
0.275725 -0.195383 0.070772
0.267133 -0.195459 0.070884
0.275761 -0.195649 0.062326
0.258473 -0.195488 0.070923
0.249772 -0.195488 0.070923
0.258473 -0.195730 0.062464
0.241070 -0.195488 0.070923
0.232369 -0.195488 0.070923
0.241071 -0.195730 0.062464
0.223668 -0.195488 0.070923
0.214966 -0.195488 0.070923
0.223668 -0.195730 0.062464
0.206265 -0.195488 0.070923
0.197564 -0.195488 0.070923
0.206265 -0.195730 0.062464
0.188863 -0.195488 0.070923
0.180161 -0.195488 0.070923
0.188863 -0.195730 0.062464
0.171459 -0.195488 0.070923
0.162758 -0.195488 0.070923
0.171459 -0.195730 0.062464
0.154057 -0.195488 0.070923
0.145355 -0.195488 0.070923
0.154056 -0.195730 0.062464
0.136653 -0.195488 0.070923
0.127952 -0.195488 0.070923
0.136653 -0.195730 0.062464
0.119250 -0.195488 0.070923
0.110549 -0.195488 0.070923
0.119250 -0.195730 0.062464
0.101848 -0.195488 0.070923
0.093147 -0.195488 0.070923
0.101848 -0.195730 0.062464
0.084445 -0.195488 0.070923
0.075744 -0.195488 0.070923
0.084445 -0.195730 0.062464
0.067025 -0.195444 0.070923
0.058281 -0.195337 0.070923
0.067042 -0.195730 0.062464
0.049495 -0.195154 0.070899
0.040665 -0.194899 0.070826
0.049596 -0.195634 0.062464
0.031808 -0.194676 0.070625
0.030347 -0.193542 0.077491
0.022955 -0.194513 0.070300
0.032056 -0.195390 0.062367
0.014217 -0.194391 0.069955
0.005601 -0.194301 0.069640
0.014516 -0.195197 0.062033
-0.002944 -0.194190 0.069448
-0.011450 -0.194057 0.069370
-0.002800 -0.195087 0.061724
-0.028749 -0.193922 0.069493
-0.020048 -0.193965 0.069386
-0.020023 -0.194973 0.061655
-0.037544 -0.193952 0.069673
-0.046423 -0.194064 0.069918
-0.037418 -0.194939 0.061769
-0.055314 -0.194286 0.070115
-0.064189 -0.194614 0.070235
-0.054983 -0.195059 0.062012
-0.072921 -0.194941 0.070322
-0.081505 -0.195231 0.070400
-0.072533 -0.195375 0.062163
-0.090023 -0.195406 0.070521
-0.098509 -0.195467 0.070682
-0.089833 -0.195657 0.062252
-0.107070 -0.195488 0.070809
-0.115711 -0.195488 0.070889
-0.107046 -0.195730 0.062393
-0.124389 -0.195488 0.070923
-0.133090 -0.195488 0.070923
-0.124389 -0.195730 0.062464
-0.141792 -0.195488 0.070923
-0.150493 -0.195488 0.070923
-0.141792 -0.195730 0.062464
-0.159194 -0.195488 0.070923
-0.167896 -0.195488 0.070923
-0.159194 -0.195730 0.062464
-0.176598 -0.195488 0.070923
-0.185299 -0.195488 0.070923
-0.176598 -0.195730 0.062464
-0.194001 -0.195488 0.070923
-0.202702 -0.195488 0.070923
-0.194001 -0.195730 0.062464
-0.211403 -0.195488 0.070923
-0.220104 -0.195488 0.070923
-0.211403 -0.195730 0.062464
-0.237507 -0.195488 0.070923
-0.228805 -0.195488 0.070923
-0.228805 -0.195730 0.062464
-0.254894 -0.195471 0.070956
-0.246209 -0.195488 0.070923
-0.246209 -0.195730 0.062464
-0.272117 -0.195337 0.071183
-0.263553 -0.195437 0.071034
-0.263570 -0.195624 0.062592
-0.289057 -0.194731 0.071660
-0.280583 -0.195118 0.071419
-0.280567 -0.195194 0.063113
-0.306189 -0.192911 0.072413
-0.297483 -0.194070 0.071948
-0.296913 -0.194161 0.064062
-0.314790 -0.191261 0.073236
-0.314694 -0.191292 0.064447
0.785110 0.335925 0.049318
0.784562 0.344790 0.047964
0.786424 0.352768 0.040835
0.784033 0.315683 0.050189
0.784801 0.325903 0.049804
0.789863 0.334208 0.041870
0.720662 0.322814 0.054783
0.712658 0.314841 0.053722
0.726681 0.330536 0.047691
-0.752770 0.294808 0.052073
-0.744453 0.287287 0.053033
-0.754084 0.296987 0.044827
-0.824358 0.307533 0.032387
-0.826094 0.314510 0.029866
-0.820655 0.332248 0.028038
-0.825032 0.327141 0.027474
-0.829920 0.326351 0.021390
-0.827744 0.320980 0.026542
-0.830022 0.315163 0.023604
0.782128 0.306249 0.050656
0.779864 0.298226 0.049164
0.786569 0.312490 0.043970
0.696166 0.297674 0.053038
0.704456 0.306380 0.053184
0.712075 0.313324 0.045920
-0.736022 0.279499 0.053717
-0.727543 0.271555 0.054235
-0.737308 0.280935 0.047080
-0.819832 0.292185 0.037081
-0.822291 0.299986 0.034595
-0.826066 0.301242 0.026321
0.764538 0.275474 0.050459
0.771172 0.283794 0.048348
0.782163 0.299079 0.042264
0.777080 0.291616 0.045574
0.773068 0.285872 0.041060
0.687717 0.288870 0.053180
0.679220 0.279980 0.053394
0.696063 0.295360 0.046310
-0.719072 0.263760 0.054693
-0.711047 0.256619 0.055311
-0.720087 0.264798 0.048454
-0.813148 0.277543 0.044112
-0.816823 0.284599 0.040141
-0.819147 0.285060 0.031257
0.749866 0.258642 0.052685
0.757349 0.267059 0.051870
0.758471 0.269765 0.044951
0.670727 0.270985 0.053616
0.662409 0.261638 0.053693
0.679247 0.277459 0.046966
-0.695785 0.243934 0.056228
-0.703461 0.250266 0.056071
-0.703837 0.250643 0.050327
0.733851 0.242004 0.053498
0.742005 0.250256 0.053183
0.742283 0.252878 0.046842
0.654210 0.252007 0.053596
0.645884 0.242103 0.054001
0.662918 0.258866 0.046597
-0.679589 0.230876 0.055656
-0.687912 0.237476 0.055788
-0.662078 0.216885 0.056576
-0.670863 0.223996 0.056000
-0.674457 0.225793 0.050395
-0.691115 0.239974 0.050675
-0.795529 0.253637 0.056143
0.717088 0.225779 0.053923
0.725560 0.233814 0.053712
0.725691 0.236265 0.047527
0.628924 0.222521 0.055892
0.637445 0.232068 0.054870
0.646418 0.237722 0.047246
-0.644504 0.201434 0.058103
-0.653289 0.209348 0.057329
-0.656935 0.210660 0.051852
-0.781637 0.234596 0.053594
-0.789125 0.244218 0.054724
-0.796767 0.252437 0.047053
0.699840 0.210091 0.054691
0.708499 0.217916 0.054219
0.709074 0.220681 0.048158
0.611726 0.204456 0.057993
0.620332 0.213407 0.057055
0.629272 0.217698 0.050237
-0.626983 0.184815 0.059216
-0.635736 0.193245 0.058742
-0.639446 0.194419 0.053646
-0.764970 0.216266 0.053268
-0.773495 0.225283 0.053248
-0.780679 0.233384 0.045599
0.682242 0.194352 0.056085
0.691177 0.202280 0.055356
0.691631 0.206023 0.049226
0.594456 0.186881 0.058969
0.603103 0.195634 0.058622
0.612221 0.199506 0.052890
-0.609547 0.167564 0.059804
-0.618250 0.176230 0.059572
-0.621966 0.177391 0.054781
-0.747316 0.198877 0.053435
-0.756272 0.207449 0.053448
-0.763538 0.214967 0.046647
0.664524 0.177124 0.058012
0.673171 0.186188 0.056909
0.674137 0.190901 0.050991
0.585810 0.178189 0.059012
0.577243 0.169517 0.058842
0.594918 0.181898 0.053888
-0.592147 0.150272 0.059983
-0.600848 0.158906 0.059915
-0.604532 0.160028 0.055245
-0.728768 0.181928 0.053619
-0.738165 0.190476 0.053251
-0.745894 0.198058 0.046675
0.650387 0.157521 0.061733
0.656605 0.167282 0.059540
0.655443 0.172472 0.053421
0.568832 0.160822 0.058521
0.560704 0.152158 0.058094
0.577738 0.164535 0.053779
-0.574718 0.133192 0.060003
-0.583437 0.141698 0.060009
-0.587129 0.142685 0.055304
-0.719224 0.173205 0.054468
-0.709783 0.164662 0.055133
-0.726083 0.181130 0.047128
0.643262 0.150073 0.057851
0.553175 0.143577 0.057365
0.546691 0.135435 0.056398
0.561432 0.147379 0.053170
-0.558369 0.117371 0.059991
-0.566000 0.124732 0.059997
-0.569717 0.125480 0.055301
-0.700448 0.156299 0.055606
-0.691359 0.147335 0.056576
-0.706832 0.164621 0.048704
0.631559 0.134551 0.056370
0.625119 0.126364 0.057354
0.639093 0.151071 0.052985
0.636674 0.142707 0.055046
0.630073 0.138034 0.052209
0.527394 0.112552 0.062317
0.534896 0.119993 0.058137
0.548176 0.131796 0.052218
0.541571 0.127257 0.055134
0.539178 0.118810 0.053175
-0.540983 0.100450 0.059997
-0.547492 0.106778 0.059991
-0.552622 0.111196 0.058694
-0.555569 0.111580 0.055298
-0.549043 0.105145 0.055298
-0.682503 0.137780 0.057996
-0.673888 0.128498 0.059035
-0.686913 0.146133 0.051265
0.609703 0.108924 0.058449
0.617683 0.117699 0.058070
0.616860 0.122422 0.053169
0.521195 0.102588 0.060564
-0.523615 0.083276 0.060009
-0.530123 0.089728 0.060003
-0.535246 0.094162 0.058702
-0.538175 0.094418 0.055301
-0.531649 0.087922 0.055301
-0.665474 0.119606 0.059580
-0.657025 0.110926 0.059830
-0.669966 0.127282 0.054129
0.601498 0.100135 0.058685
0.593178 0.091395 0.058789
0.600709 0.105173 0.053735
0.505449 0.082973 0.059252
0.513558 0.092548 0.059706
0.523304 0.097421 0.054795
-0.506221 0.065907 0.060011
-0.512747 0.072433 0.060011
-0.517869 0.076888 0.058711
-0.520780 0.077095 0.055304
-0.514255 0.070569 0.055304
-0.648473 0.102463 0.059839
-0.639896 0.094287 0.059674
-0.653340 0.109853 0.055020
0.584761 0.082694 0.058821
0.576288 0.074034 0.058824
0.583770 0.087758 0.053895
0.488525 0.065109 0.058883
0.497083 0.073950 0.058992
0.506914 0.077850 0.054095
-0.500782 0.060469 0.060011
-0.503378 0.059692 0.055304
-0.496431 0.056118 0.060011
-0.636558 0.093524 0.054954
-0.632404 0.087366 0.059360
-0.626331 0.081655 0.060058
0.559117 0.056688 0.058837
0.567737 0.065365 0.058829
0.566582 0.070361 0.053897
0.471248 0.052576 0.064734
0.479873 0.056372 0.058845
0.471178 0.047662 0.058841
0.489772 0.060117 0.053913
-0.483379 0.043066 0.060011
-0.485975 0.042289 0.055304
-0.487730 0.047416 0.060011
-0.492081 0.051767 0.060011
-0.479029 0.038715 0.060011
-0.621852 0.080302 0.054237
-0.616575 0.074595 0.056783
-0.621994 0.078327 0.058360
-0.612384 0.073633 0.053705
0.550381 0.043085 0.064734
0.541750 0.039297 0.058841
0.550452 0.047998 0.058841
0.549241 0.052970 0.053901
0.462476 0.038961 0.058841
0.453736 0.030249 0.058788
0.472388 0.042691 0.053901
-0.453372 0.012456 0.059334
-0.461856 0.021269 0.059740
-0.465580 0.021609 0.055052
-0.469306 0.028918 0.059941
-0.474678 0.034365 0.060011
0.533049 0.030595 0.058841
0.524347 0.021894 0.058841
0.531838 0.035567 0.053901
0.444948 0.021532 0.058619
0.436018 0.012802 0.058224
0.454867 0.025255 0.053741
-0.436033 -0.005753 0.057532
-0.444868 0.003539 0.058681
-0.448888 0.003960 0.053958
-0.571569 0.032245 0.060408
-0.563075 0.024542 0.060272
-0.577057 0.037393 0.059417
-0.578411 0.040355 0.056548
-0.574439 0.036445 0.056659
0.515646 0.013192 0.058841
0.515575 0.008279 0.064734
0.506944 0.004491 0.058793
0.514435 0.018164 0.053901
0.426989 0.004057 0.057580
0.417991 -0.004407 0.056869
0.436707 0.007652 0.052676
-0.426786 -0.015347 0.056005
-0.417060 -0.024391 0.054843
-0.431497 -0.014984 0.050829
-0.553667 0.015485 0.060442
-0.546155 0.007751 0.061080
-0.556607 0.022496 0.055368
0.489577 -0.012963 0.058253
0.498243 -0.004210 0.058635
0.497032 0.000762 0.053756
0.408985 -0.012760 0.055990
0.400875 -0.021027 0.054676
0.417576 -0.009178 0.050726
-0.406984 -0.032825 0.054140
-0.397376 -0.041104 0.053885
-0.410045 -0.033895 0.047329
-0.534292 -0.003884 0.061992
-0.540294 0.001267 0.062074
-0.523627 -0.011966 0.062304
-0.518251 -0.016265 0.062113
-0.534173 -0.001615 0.057832
-0.528581 -0.007070 0.060228
-0.523597 -0.009778 0.058255
-0.540874 0.004162 0.057881
0.472657 -0.030847 0.056982
0.481018 -0.021811 0.057684
0.479731 -0.016831 0.052753
0.387742 -0.034087 0.054625
0.380720 -0.041523 0.054963
0.402634 -0.024210 0.047985
0.395001 -0.028143 0.052145
0.391508 -0.034775 0.048028
-0.388306 -0.049322 0.054008
-0.379330 -0.057621 0.053976
-0.391013 -0.048837 0.047186
-0.509048 -0.023093 0.060011
-0.501077 -0.030374 0.059912
-0.514693 -0.017834 0.059403
-0.512375 -0.016661 0.055305
-0.519009 -0.013532 0.058141
0.464613 -0.040151 0.056348
0.457244 -0.050087 0.056373
0.463167 -0.035159 0.050554
0.374354 -0.049192 0.053901
0.368244 -0.056594 0.052418
0.380988 -0.045543 0.048489
-0.370392 -0.065947 0.053731
-0.361363 -0.074060 0.053483
-0.372492 -0.066435 0.045654
-0.492134 -0.038836 0.059737
-0.483290 -0.047465 0.059449
-0.497302 -0.030439 0.055010
0.450662 -0.060557 0.057220
0.444756 -0.070654 0.059047
0.448432 -0.056048 0.049619
0.355591 -0.069398 0.055524
0.349205 -0.075746 0.060677
0.368836 -0.060291 0.045688
0.362107 -0.063965 0.050746
0.356670 -0.071326 0.047933
-0.352221 -0.081846 0.053249
-0.343096 -0.089157 0.053133
-0.353801 -0.081990 0.044691
-0.474566 -0.056173 0.059012
-0.465931 -0.064983 0.058400
-0.479523 -0.047673 0.054143
0.437981 -0.078278 0.053619
0.342776 -0.083224 0.058221
-0.334000 -0.095867 0.053159
-0.325001 -0.102052 0.053301
-0.334674 -0.095813 0.043995
-0.449098 -0.082788 0.057040
-0.457386 -0.073879 0.057680
-0.462180 -0.065442 0.052350
0.420347 -0.103210 0.052350
0.426113 -0.094199 0.050475
0.434952 -0.076902 0.046541
0.431418 -0.085538 0.049020
0.424745 -0.090447 0.043964
0.328523 -0.097410 0.054927
0.335958 -0.090547 0.056205
0.343513 -0.084522 0.049909
0.311875 -0.109841 0.054040
0.320408 -0.103867 0.054273
0.328169 -0.099083 0.046527
-0.307370 -0.112712 0.053970
-0.316116 -0.107690 0.053583
-0.290872 -0.120618 0.055237
-0.298829 -0.117041 0.054454
-0.298602 -0.116840 0.045756
-0.316213 -0.107369 0.044758
-0.433268 -0.100460 0.055919
-0.441083 -0.091697 0.056468
-0.445635 -0.083767 0.050357
0.409835 -0.120483 0.058559
0.414637 -0.112466 0.054908
0.412365 -0.109530 0.046198
0.303148 -0.115121 0.053883
0.294353 -0.119752 0.053695
0.311025 -0.111223 0.045296
0.285623 -0.123883 0.053584
0.276991 -0.127664 0.053520
0.293325 -0.120881 0.044919
0.017318 -0.116177 0.045415
-0.258383 -0.132482 0.053889
-0.267408 -0.129447 0.054975
-0.248749 -0.135645 0.053085
-0.239917 -0.138313 0.053568
-0.251060 -0.135398 0.044523
-0.275660 -0.126543 0.056071
-0.283429 -0.123647 0.056162
-0.269775 -0.128819 0.047672
-0.283999 -0.123370 0.048861
-0.425712 -0.109061 0.055270
-0.418257 -0.117499 0.054308
-0.431112 -0.101402 0.049275
0.403070 -0.128807 0.055826
0.268259 -0.131218 0.053659
0.259380 -0.134471 0.053970
0.275778 -0.128926 0.044971
0.250394 -0.137419 0.054159
0.241305 -0.140075 0.054118
0.258199 -0.135718 0.045289
0.232231 -0.142211 0.053834
0.223037 -0.144004 0.053113
0.240496 -0.141167 0.045183
0.213687 -0.145623 0.052209
0.204081 -0.146734 0.052141
0.222465 -0.145418 0.043535
0.194261 -0.147378 0.052876
0.184837 -0.147750 0.053428
0.201737 -0.148669 0.043315
0.175847 -0.147882 0.053673
0.166990 -0.147779 0.053829
0.182647 -0.149683 0.044818
0.149466 -0.146864 0.054195
0.158218 -0.147464 0.053955
0.164899 -0.149452 0.045224
0.132393 -0.144669 0.055308
0.140757 -0.145899 0.054583
0.147251 -0.147741 0.045851
0.116833 -0.140892 0.056009
0.124415 -0.143028 0.056175
0.130138 -0.144470 0.047966
0.117545 -0.140638 0.047772
-0.088160 -0.131277 0.055169
-0.078370 -0.127699 0.055925
-0.070336 -0.123008 0.046211
-0.106693 -0.137656 0.054156
-0.097611 -0.134681 0.054542
-0.088990 -0.130697 0.045664
-0.124487 -0.142087 0.053699
-0.115627 -0.140151 0.053903
-0.106978 -0.137610 0.045210
-0.142446 -0.144799 0.052866
-0.133369 -0.143540 0.053428
-0.124650 -0.142452 0.044806
-0.151758 -0.145971 0.052093
-0.161365 -0.146797 0.052093
-0.142796 -0.145916 0.043296
-0.180638 -0.147472 0.053458
-0.171189 -0.147266 0.052866
-0.163692 -0.148594 0.043284
-0.198541 -0.146708 0.054124
-0.189653 -0.147329 0.053794
-0.182868 -0.149179 0.044915
-0.215798 -0.144186 0.055057
-0.207330 -0.145603 0.054472
-0.200803 -0.147814 0.045735
-0.231952 -0.140411 0.055193
-0.223957 -0.142404 0.055738
-0.218085 -0.144560 0.047389
-0.232990 -0.140780 0.046877
-0.411124 -0.125576 0.052769
-0.404730 -0.133116 0.050698
-0.416797 -0.117439 0.047124
0.389155 -0.147534 0.051075
0.396206 -0.138232 0.053848
0.399293 -0.131214 0.047373
-0.392708 -0.147739 0.051694
-0.386704 -0.154568 0.056685
-0.398744 -0.140030 0.048019
-0.403758 -0.132271 0.043515
-0.393155 -0.145507 0.043683
0.376343 -0.162207 0.049729
0.369047 -0.168702 0.051351
0.386686 -0.148606 0.041448
0.382303 -0.155461 0.046436
0.375490 -0.162040 0.039636
-0.380039 -0.161140 0.055512
0.352997 -0.178519 0.053271
0.361154 -0.174092 0.052469
0.361403 -0.173394 0.043492
0.335709 -0.185838 0.053858
0.344475 -0.182445 0.053694
0.344967 -0.181837 0.044961
-0.352142 -0.179939 0.052389
-0.359859 -0.176533 0.052140
-0.332817 -0.186244 0.053936
-0.343098 -0.183082 0.052679
-0.349789 -0.180303 0.043926
-0.366691 -0.172521 0.052765
-0.373261 -0.167428 0.054496
-0.364828 -0.173470 0.045157
-0.378291 -0.162380 0.046033
0.318110 -0.191406 0.053518
0.326888 -0.188832 0.053767
0.327554 -0.188319 0.045188
0.301142 -0.194449 0.053313
0.309536 -0.193266 0.053356
0.310096 -0.192864 0.044960
0.284328 -0.195596 0.053593
0.292751 -0.195194 0.053403
0.292969 -0.195094 0.044917
0.267151 -0.195794 0.053810
0.275792 -0.195749 0.053732
0.275816 -0.195763 0.045072
0.249772 -0.195811 0.053843
0.258473 -0.195811 0.053843
0.258473 -0.195811 0.045141
0.232369 -0.195811 0.053843
0.241070 -0.195811 0.053843
0.241071 -0.195811 0.045141
0.214966 -0.195811 0.053843
0.223668 -0.195811 0.053843
0.223668 -0.195811 0.045141
0.206265 -0.195811 0.053843
0.197564 -0.195811 0.053843
0.206265 -0.195811 0.045141
0.180161 -0.195811 0.053843
0.188863 -0.195811 0.053843
0.188863 -0.195811 0.045141
0.171459 -0.195811 0.053843
0.162758 -0.195811 0.053843
0.171459 -0.195811 0.045141
0.154057 -0.195811 0.053843
0.145355 -0.195811 0.053843
0.154056 -0.195811 0.045141
0.136653 -0.195811 0.053843
0.127952 -0.195811 0.053843
0.136653 -0.195811 0.045141
0.119250 -0.195811 0.053843
0.110549 -0.195811 0.053843
0.119250 -0.195811 0.045141
0.101848 -0.195811 0.053843
0.093147 -0.195811 0.053843
0.101860 -0.195811 0.045153
0.084445 -0.195811 0.053843
0.075744 -0.195811 0.053843
0.084490 -0.195801 0.045165
0.067042 -0.195811 0.053843
0.058341 -0.195811 0.053843
0.067115 -0.195771 0.045153
0.049631 -0.195794 0.053843
0.040912 -0.195759 0.053843
0.049720 -0.195740 0.045141
0.032181 -0.195713 0.053818
0.023438 -0.195654 0.053770
0.032309 -0.195713 0.045141
0.006005 -0.195580 0.053613
0.014713 -0.195609 0.053702
0.014873 -0.195687 0.045108
-0.011339 -0.195532 0.053521
-0.002679 -0.195554 0.053553
-0.002564 -0.195695 0.045055
-0.028685 -0.195497 0.053517
-0.020008 -0.195513 0.053509
-0.019975 -0.195721 0.045048
-0.046102 -0.195497 0.053581
-0.037383 -0.195491 0.053541
-0.037375 -0.195730 0.045061
-0.063576 -0.195569 0.053685
-0.054833 -0.195523 0.053629
-0.054786 -0.195733 0.045081
-0.081010 -0.195705 0.053738
-0.072301 -0.195630 0.053722
-0.072210 -0.195756 0.045109
-0.089694 -0.195759 0.053758
-0.098354 -0.195794 0.053782
-0.089616 -0.195794 0.045117
-0.107022 -0.195811 0.053806
-0.115699 -0.195811 0.053830
-0.106998 -0.195811 0.045129
-0.124389 -0.195811 0.053843
-0.133090 -0.195811 0.053843
-0.124389 -0.195811 0.045141
-0.141792 -0.195811 0.053843
-0.150493 -0.195811 0.053843
-0.141792 -0.195811 0.045141
-0.167896 -0.195811 0.053843
-0.159194 -0.195811 0.053843
-0.159194 -0.195811 0.045141
-0.185299 -0.195811 0.053843
-0.176598 -0.195811 0.053843
-0.176598 -0.195811 0.045141
-0.202702 -0.195811 0.053843
-0.194001 -0.195811 0.053843
-0.194001 -0.195811 0.045141
-0.220104 -0.195811 0.053843
-0.211403 -0.195811 0.053843
-0.211403 -0.195811 0.045141
-0.237507 -0.195811 0.053843
-0.228805 -0.195811 0.053843
-0.228805 -0.195811 0.045141
-0.254915 -0.195756 0.053872
-0.246209 -0.195811 0.053843
-0.246209 -0.195811 0.045141
-0.272233 -0.195409 0.054195
-0.263611 -0.195630 0.053964
-0.263635 -0.195569 0.045238
-0.280715 -0.195047 0.054592
-0.288658 -0.194606 0.055344
-0.280916 -0.194793 0.045851
-0.304085 -0.193033 0.056490
-0.296168 -0.194037 0.056369
-0.296757 -0.193460 0.047998
-0.322351 -0.189096 0.055256
-0.312739 -0.191370 0.055839
-0.310011 -0.191426 0.048029
-0.329232 -0.186594 0.044978
0.787316 0.385073 0.012797
0.792017 0.379424 0.016550
0.793528 0.386897 0.009674
0.790791 0.370819 0.023701
0.796888 0.374187 0.017192
0.799373 0.387264 0.006283
0.795726 0.393267 0.002490
0.801574 0.379826 0.009977
0.804849 0.386524 0.002337
0.802094 0.370830 0.013552
0.783567 0.368911 0.029701
0.778316 0.375537 0.024014
0.775754 0.367998 0.033190
0.788589 0.361670 0.032339
0.768044 0.367620 0.034020
0.792445 0.353364 0.033136
0.773081 0.380399 0.016944
0.780371 0.382901 0.015140
0.782299 0.389894 0.006886
0.763725 0.371483 0.026354
0.760813 0.366063 0.034071
0.754111 0.362871 0.033483
0.766140 0.377105 0.018066
0.759771 0.373346 0.018692
0.768172 0.382981 0.008951
0.751085 0.363127 0.025621
0.748170 0.358296 0.032504
0.742716 0.352203 0.032732
0.756243 0.373029 0.011126
0.754027 0.368665 0.018962
0.749169 0.363087 0.017477
0.737475 0.344843 0.035501
0.732320 0.337682 0.040788
0.739493 0.347044 0.026716
0.794185 0.333386 0.033407
0.794163 0.343455 0.033702
0.798007 0.352692 0.024805
0.726460 0.329444 0.038785
-0.788160 0.330972 0.030621
-0.782143 0.328344 0.028878
-0.786526 0.334234 0.024407
-0.776810 0.322637 0.028371
-0.779593 0.328464 0.023635
-0.797029 0.334069 0.030783
-0.764207 0.307207 0.035056
-0.771832 0.315529 0.032218
-0.771573 0.317081 0.024242
-0.788377 0.338537 0.017831
-0.783394 0.333718 0.020109
-0.779508 0.330211 0.016902
-0.806105 0.335681 0.030580
-0.803348 0.341310 0.022852
-0.814020 0.335267 0.029347
-0.801216 0.346918 0.014252
-0.810446 0.348260 0.014126
-0.793793 0.344141 0.013505
-0.798967 0.350592 0.006023
-0.788482 0.341574 0.010434
-0.820584 0.339120 0.021545
-0.827714 0.343165 0.013045
-0.819955 0.347028 0.013832
-0.818270 0.354805 0.005281
-0.834458 0.345982 0.005269
-0.833443 0.337697 0.011051
-0.837751 0.332090 0.006814
-0.833323 0.329776 0.014615
-0.833767 0.322940 0.016094
0.786308 0.307139 0.039175
0.789771 0.315839 0.036126
0.793429 0.324679 0.031293
0.797391 0.333289 0.024926
0.792130 0.317295 0.027695
0.719887 0.319809 0.038061
0.712751 0.310188 0.038210
0.727112 0.326145 0.030126
-0.756270 0.298712 0.037252
-0.748262 0.290320 0.038943
-0.759368 0.300306 0.029107
0.784064 0.301190 0.035084
0.697133 0.291623 0.039988
0.705163 0.300824 0.039103
0.714072 0.305651 0.031951
-0.739840 0.281864 0.040406
-0.731204 0.273438 0.041528
-0.743620 0.282436 0.033710
0.767473 0.281224 0.036099
0.774604 0.288682 0.033703
0.780501 0.296055 0.030858
0.785481 0.303423 0.027644
0.776050 0.292421 0.026135
0.680477 0.273716 0.040966
0.688770 0.282596 0.040647
0.698495 0.286660 0.035013
-0.722417 0.265152 0.042417
-0.714595 0.257995 0.043171
-0.726178 0.265144 0.036799
0.750567 0.265383 0.039354
0.759209 0.273544 0.037918
0.760768 0.278227 0.031134
0.665299 0.256052 0.040313
0.672421 0.264736 0.040791
0.681989 0.268971 0.036024
-0.703099 0.248173 0.044732
-0.696660 0.243512 0.046751
-0.708066 0.251654 0.042613
-0.711167 0.251443 0.038627
-0.703551 0.244994 0.039706
-0.809455 0.269454 0.041601
0.741810 0.256834 0.040512
0.733169 0.248329 0.041197
0.741471 0.261986 0.034772
0.654465 0.241263 0.041048
0.648535 0.232266 0.042057
0.668491 0.253287 0.035508
0.661145 0.248653 0.038866
0.661148 0.242218 0.036235
-0.688684 0.235740 0.045275
-0.670644 0.219534 0.045831
-0.679708 0.227622 0.045254
-0.686431 0.229541 0.040680
-0.795818 0.251788 0.037025
-0.803539 0.260925 0.038821
-0.809865 0.269310 0.031206
0.724728 0.239971 0.041541
0.716596 0.232003 0.041928
0.723567 0.244791 0.036444
0.637187 0.219370 0.044860
0.630901 0.212488 0.046423
0.644897 0.224001 0.041966
0.643479 0.217252 0.041019
0.653196 0.226936 0.038182
-0.653066 0.203341 0.047898
-0.661834 0.211526 0.046762
-0.667912 0.212140 0.042164
-0.777823 0.233084 0.038114
-0.786768 0.242534 0.037083
-0.792423 0.252103 0.028091
0.708727 0.224515 0.042452
0.700252 0.217516 0.042957
0.707487 0.228993 0.037407
0.635303 0.208292 0.043539
0.628038 0.205447 0.046590
0.642046 0.211018 0.040927
0.641370 0.204622 0.041768
0.648654 0.212982 0.039060
0.620531 0.201005 0.048700
0.627567 0.198858 0.045829
0.614122 0.194203 0.049552
-0.635620 0.186561 0.050040
-0.644347 0.195030 0.049084
-0.650379 0.195244 0.044948
-0.760848 0.214428 0.040835
-0.769254 0.223424 0.039701
-0.773072 0.232436 0.032659
0.691217 0.210871 0.043532
0.682994 0.204006 0.044536
0.691095 0.216658 0.038599
0.626880 0.191999 0.045658
0.634376 0.194771 0.044320
0.641961 0.197699 0.042807
0.641619 0.190308 0.044084
0.648464 0.201547 0.040900
0.611071 0.187190 0.049180
0.619097 0.189587 0.047268
0.625663 0.185003 0.046079
0.603295 0.183125 0.050309
0.610419 0.180529 0.047916
0.596777 0.176564 0.050408
-0.618148 0.169297 0.051215
-0.626884 0.177970 0.050733
-0.632910 0.178096 0.047385
-0.648759 0.186603 0.043102
-0.657469 0.195255 0.041342
-0.665380 0.195256 0.038211
-0.666170 0.203924 0.039629
-0.674983 0.212559 0.038163
-0.744641 0.198897 0.040987
-0.752518 0.206139 0.041162
-0.757172 0.214380 0.036118
0.666653 0.190850 0.046668
0.675316 0.196792 0.045840
0.674340 0.202954 0.041356
0.657452 0.187644 0.046306
0.660540 0.194810 0.042938
0.656355 0.200742 0.040242
0.665176 0.201740 0.040129
0.670288 0.208793 0.038093
0.648460 0.185412 0.045526
0.640028 0.182586 0.045598
0.653419 0.179297 0.048853
0.652965 0.207229 0.038959
0.632326 0.179789 0.046120
0.624624 0.177586 0.046479
0.639113 0.174541 0.047508
0.616965 0.175632 0.046709
0.609571 0.173618 0.047039
0.623697 0.169863 0.046681
0.601730 0.171720 0.048007
0.593694 0.169630 0.049517
0.608234 0.166710 0.046654
0.593044 0.163015 0.047967
0.585963 0.165697 0.050398
0.579556 0.159191 0.050297
-0.600711 0.151926 0.051576
-0.609421 0.160618 0.051478
-0.615405 0.160814 0.048548
-0.648014 0.177375 0.042188
-0.639985 0.177937 0.044627
-0.631193 0.169304 0.045714
-0.647748 0.167790 0.042020
-0.656762 0.176602 0.040011
-0.666088 0.176631 0.038061
-0.665350 0.186092 0.037737
-0.673820 0.195316 0.035532
-0.730771 0.188327 0.041008
-0.721967 0.181137 0.041925
-0.738340 0.194548 0.039563
-0.743420 0.200862 0.036666
-0.734390 0.194505 0.036566
0.646705 0.171174 0.050099
0.638808 0.166288 0.049637
0.630639 0.163819 0.047952
0.622588 0.162088 0.046791
0.636731 0.158002 0.050399
0.614877 0.160787 0.046382
0.607124 0.159526 0.046328
0.621204 0.154691 0.046835
0.599579 0.157996 0.046533
0.592218 0.156167 0.046935
0.606310 0.152137 0.046137
0.584403 0.154323 0.047916
0.576520 0.152272 0.049339
0.590927 0.149322 0.046522
0.575849 0.145664 0.047838
0.569132 0.148442 0.050070
0.563169 0.142095 0.049848
-0.583308 0.134553 0.051586
-0.592009 0.143234 0.051586
-0.597971 0.143466 0.048846
-0.622391 0.160744 0.046415
-0.630073 0.160412 0.044842
-0.613626 0.152151 0.046832
-0.646646 0.158431 0.042496
-0.638355 0.159701 0.043561
-0.629295 0.151538 0.044549
-0.644692 0.149422 0.043365
-0.653213 0.155345 0.042187
-0.657082 0.149448 0.042741
-0.661977 0.158486 0.041100
-0.671013 0.159906 0.040322
-0.668128 0.167887 0.038930
-0.675739 0.177496 0.036394
-0.704020 0.167002 0.043277
-0.712837 0.173264 0.042962
-0.716713 0.181565 0.038015
0.632786 0.150111 0.049822
0.626153 0.148923 0.047890
0.619612 0.147741 0.046889
0.628824 0.143075 0.049563
0.612781 0.146176 0.046423
0.605504 0.144779 0.046182
0.618592 0.140913 0.047599
0.597755 0.143518 0.046104
0.589883 0.142201 0.046254
0.604460 0.137671 0.046412
0.582274 0.140634 0.046496
0.575037 0.138835 0.046829
0.589128 0.134844 0.046131
0.567615 0.137124 0.047657
0.560356 0.135308 0.048915
0.573795 0.132018 0.046412
0.559663 0.128792 0.047599
0.554115 0.132131 0.049601
0.549430 0.126660 0.049563
-0.565905 0.117251 0.051586
-0.574607 0.125892 0.051586
-0.580569 0.126073 0.048846
-0.612554 0.143426 0.045845
-0.604905 0.143517 0.047019
-0.596199 0.134845 0.047074
-0.620613 0.143194 0.045089
-0.628843 0.142806 0.044584
-0.611949 0.134717 0.045355
-0.643941 0.141152 0.044100
-0.636654 0.142081 0.044255
-0.628598 0.134221 0.044751
-0.651327 0.141161 0.043909
-0.658802 0.142123 0.043852
-0.644361 0.133538 0.044662
-0.673665 0.143682 0.045393
-0.673083 0.151884 0.042394
-0.666319 0.142974 0.044244
-0.679775 0.160949 0.040084
-0.659376 0.134282 0.045537
-0.688676 0.154300 0.045432
-0.680627 0.144698 0.047696
-0.688052 0.162063 0.040784
-0.695954 0.163655 0.042312
-0.672712 0.135409 0.049400
-0.686599 0.170013 0.037477
-0.702584 0.172632 0.038585
0.624140 0.137613 0.049600
0.617899 0.134426 0.048915
0.610640 0.132581 0.047657
0.603218 0.130854 0.046829
0.615094 0.127646 0.049848
0.595981 0.129055 0.046496
0.588372 0.127488 0.046254
0.602414 0.124032 0.047838
0.580500 0.126171 0.046104
0.572751 0.124911 0.046182
0.587328 0.120367 0.046522
0.565473 0.123513 0.046423
0.558643 0.121949 0.046889
0.571944 0.117552 0.046137
0.552102 0.120778 0.047890
0.545476 0.119641 0.049883
0.557051 0.114999 0.046835
0.541565 0.111812 0.050629
-0.563166 0.108700 0.048846
-0.558291 0.109682 0.051586
-0.552571 0.105352 0.052392
-0.587497 0.126144 0.047074
-0.595151 0.126144 0.046026
-0.578796 0.117442 0.047074
-0.603273 0.126111 0.045445
-0.611690 0.126033 0.045168
-0.594588 0.117442 0.045462
-0.628528 0.125703 0.045013
-0.620165 0.125893 0.045028
-0.611625 0.117373 0.045140
-0.644472 0.125596 0.045504
-0.636676 0.125596 0.045121
-0.628495 0.117247 0.045401
-0.658758 0.126031 0.047877
-0.651902 0.125720 0.046332
-0.643968 0.117286 0.046791
-0.664825 0.126497 0.050447
-0.656730 0.117787 0.051039
0.609149 0.121284 0.050070
0.601761 0.117440 0.049339
0.593860 0.115373 0.047916
0.586036 0.113522 0.046935
0.598756 0.110520 0.050289
0.578675 0.111693 0.046533
0.571130 0.110163 0.046328
0.585242 0.106675 0.047960
0.563378 0.108902 0.046382
0.555686 0.107620 0.046839
0.570021 0.102979 0.046654
0.547680 0.105959 0.048157
0.539638 0.103632 0.050149
0.554624 0.099892 0.046865
0.539599 0.095561 0.048460
0.532109 0.098877 0.051171
0.526057 0.091068 0.050898
-0.545763 0.091328 0.048846
-0.547414 0.098896 0.051586
-0.540888 0.092390 0.051586
-0.535168 0.088050 0.052392
-0.570095 0.108740 0.047074
-0.577749 0.108740 0.046026
-0.561393 0.100039 0.047074
-0.594355 0.108740 0.045238
-0.585886 0.108740 0.045462
-0.577185 0.100039 0.045462
-0.611615 0.108734 0.045302
-0.602981 0.108728 0.045192
-0.594309 0.100030 0.045244
-0.628192 0.108815 0.046083
-0.620088 0.108771 0.045558
-0.611577 0.100182 0.045733
-0.642630 0.109025 0.048689
-0.635792 0.108893 0.047028
-0.627545 0.100589 0.047207
-0.648496 0.109274 0.051335
-0.640198 0.101027 0.051403
0.592396 0.104000 0.050376
0.584657 0.100059 0.049495
0.576556 0.097969 0.048000
0.568692 0.096079 0.047078
0.581629 0.093126 0.050419
0.561334 0.094102 0.046875
0.553770 0.092273 0.046927
0.567917 0.089186 0.048068
0.546277 0.090304 0.047047
0.539086 0.087995 0.047342
0.552813 0.085025 0.046967
0.531370 0.085742 0.048289
0.523355 0.083357 0.049773
0.537890 0.080996 0.047001
0.522935 0.076590 0.048169
0.515671 0.079140 0.050614
0.509293 0.072408 0.050513
-0.528360 0.073935 0.048846
-0.530011 0.081544 0.051586
-0.523485 0.075023 0.051586
-0.517765 0.070672 0.052392
-0.552692 0.091338 0.047074
-0.560346 0.091338 0.046026
-0.543990 0.082636 0.047074
-0.568484 0.091338 0.045462
-0.576960 0.091329 0.045272
-0.559782 0.082636 0.045462
-0.594367 0.091376 0.045558
-0.585624 0.091312 0.045313
-0.576931 0.082593 0.045364
-0.611436 0.091899 0.046583
-0.603040 0.091553 0.045987
-0.594410 0.082828 0.046272
-0.626291 0.092782 0.048980
-0.619349 0.092391 0.047471
-0.611243 0.084020 0.048232
-0.632007 0.093094 0.051407
-0.624548 0.086067 0.051363
0.575166 0.086573 0.050442
0.567382 0.082561 0.049563
0.559314 0.080321 0.048098
0.551544 0.078210 0.047187
0.564368 0.075653 0.050442
0.544304 0.076028 0.046937
0.536835 0.074037 0.046889
0.550720 0.071515 0.048082
0.529360 0.072049 0.046929
0.522123 0.069858 0.047173
0.535696 0.067219 0.046901
0.514352 0.067731 0.048091
0.506288 0.065463 0.049564
0.520712 0.063280 0.046896
0.505677 0.058996 0.048074
0.498515 0.061399 0.050448
0.492002 0.054857 0.050440
-0.510957 0.056532 0.048846
-0.512609 0.064146 0.051586
-0.506083 0.057620 0.051586
-0.500362 0.053269 0.052392
-0.542943 0.073934 0.046026
-0.535289 0.073935 0.047074
-0.526587 0.065233 0.047074
-0.551080 0.073934 0.045462
-0.559557 0.073917 0.045289
-0.542379 0.065233 0.045462
-0.568230 0.073874 0.045399
-0.576978 0.073881 0.045829
-0.559529 0.065164 0.045416
-0.594489 0.074522 0.047764
-0.585692 0.074027 0.046554
-0.576956 0.065225 0.046748
-0.603162 0.075421 0.049444
-0.611115 0.077219 0.050641
-0.594343 0.066327 0.050343
-0.617861 0.079668 0.051686
0.557892 0.069092 0.050436
0.550119 0.065038 0.049547
0.542050 0.062777 0.048070
0.534267 0.060665 0.047146
0.547024 0.058215 0.050436
0.527012 0.058496 0.046890
0.519516 0.056532 0.046844
0.533348 0.054076 0.048070
0.512020 0.054568 0.046890
0.504765 0.052399 0.047146
0.518311 0.049794 0.046890
0.488913 0.048026 0.049547
0.496982 0.050287 0.048070
0.503318 0.045867 0.046890
0.481131 0.043972 0.050436
0.488281 0.041585 0.048070
0.474605 0.037446 0.050436
-0.493554 0.039129 0.048846
-0.495206 0.046743 0.051586
-0.488680 0.040217 0.051586
-0.495764 0.052078 0.055304
-0.482959 0.035866 0.052392
-0.525540 0.056532 0.046026
-0.517886 0.056532 0.047074
-0.509184 0.047831 0.047074
-0.542154 0.056514 0.045289
-0.533677 0.056532 0.045462
-0.524976 0.047830 0.045462
-0.559552 0.056409 0.045924
-0.550827 0.056463 0.045416
-0.542109 0.047761 0.045416
-0.576605 0.056494 0.048429
-0.568209 0.056429 0.046852
-0.559448 0.047674 0.046905
-0.584855 0.056811 0.050842
-0.575922 0.047879 0.051155
0.540498 0.051689 0.050436
0.532716 0.047635 0.049547
0.516864 0.043262 0.047146
0.524647 0.045374 0.048070
0.529621 0.040812 0.050436
0.502113 0.039129 0.046844
0.509609 0.041093 0.046890
0.515945 0.036673 0.048070
0.487362 0.034997 0.047146
0.494617 0.037166 0.046890
0.500908 0.032392 0.046890
0.471511 0.030623 0.049547
0.479579 0.032884 0.048070
0.485915 0.028464 0.046890
0.463690 0.026559 0.050383
0.470878 0.024183 0.048070
0.457066 0.019992 0.050228
-0.462193 0.013051 0.051035
-0.470473 0.021754 0.051395
-0.476414 0.021787 0.048716
-0.477876 0.029352 0.051546
-0.478361 0.034675 0.055304
-0.508137 0.039129 0.046026
-0.500483 0.039129 0.047074
-0.491826 0.030452 0.047064
-0.524735 0.039112 0.045289
-0.516275 0.039129 0.045462
-0.507585 0.030440 0.045462
-0.542062 0.038995 0.045933
-0.533373 0.039060 0.045416
-0.524617 0.030367 0.045419
-0.559214 0.039150 0.048641
-0.550657 0.038951 0.046922
-0.541765 0.030226 0.046944
-0.574723 0.040450 0.053882
-0.567541 0.039564 0.051318
-0.558574 0.030767 0.051438
0.523095 0.034286 0.050436
0.515313 0.030233 0.049547
0.499461 0.025859 0.047146
0.507244 0.027972 0.048070
0.512218 0.023409 0.050436
0.484710 0.021726 0.046844
0.492207 0.023690 0.046890
0.498542 0.019270 0.048070
0.477214 0.019763 0.046890
0.469941 0.017575 0.047098
0.483505 0.014989 0.046890
0.462081 0.015413 0.047873
0.453821 0.013050 0.049055
0.468447 0.010995 0.046706
0.452985 0.006388 0.047125
0.445639 0.008834 0.049394
0.438450 0.001874 0.048429
-0.446133 -0.004631 0.049292
-0.454078 0.004279 0.050393
-0.460162 0.004514 0.047869
-0.490879 0.021811 0.045996
-0.483286 0.021811 0.047003
-0.474993 0.013249 0.046792
-0.507330 0.021754 0.045292
-0.498952 0.021787 0.045452
-0.490462 0.013249 0.045372
-0.524375 0.021606 0.045955
-0.515853 0.021695 0.045425
-0.507122 0.013068 0.045416
-0.540944 0.021384 0.048756
-0.532770 0.021510 0.046975
-0.523748 0.012835 0.046997
-0.548952 0.021454 0.051554
-0.539338 0.012475 0.051624
0.505692 0.016883 0.050436
0.497910 0.012830 0.049547
0.489841 0.010569 0.048070
0.482050 0.008447 0.047106
0.494815 0.006006 0.050388
0.474759 0.006242 0.046724
0.467168 0.004154 0.046396
0.481113 0.001841 0.047904
0.459464 0.001956 0.045963
0.451694 -0.000715 0.045403
0.465882 -0.002753 0.046003
0.443159 -0.003459 0.045321
0.434127 -0.005716 0.046077
0.449847 -0.007996 0.043978
0.431085 -0.012732 0.042741
0.425100 -0.009019 0.046361
0.416837 -0.015161 0.045455
-0.429724 -0.023623 0.045026
-0.438045 -0.013949 0.047480
-0.445164 -0.013128 0.045320
-0.474448 0.004871 0.045504
-0.467018 0.004747 0.046332
-0.459544 -0.003815 0.045537
-0.490322 0.004763 0.045091
-0.482243 0.004870 0.045121
-0.474559 -0.003071 0.044662
-0.506697 0.004388 0.045931
-0.498510 0.004565 0.045333
-0.490034 -0.003755 0.045065
-0.522474 0.004060 0.048801
-0.514740 0.004227 0.046993
-0.505788 -0.004320 0.046919
-0.536649 0.004258 0.054639
-0.529808 0.003866 0.051629
-0.521470 -0.003645 0.051615
0.488280 -0.000529 0.050252
0.480475 -0.004634 0.049120
0.472337 -0.007052 0.047225
0.464487 -0.009466 0.045617
0.477421 -0.011562 0.049500
0.456973 -0.012239 0.044275
0.449356 -0.015175 0.042767
0.463782 -0.016218 0.045815
0.435163 -0.018498 0.040148
0.426719 -0.019851 0.039925
0.442871 -0.019082 0.040863
0.449904 -0.022014 0.041777
0.438489 -0.024882 0.038965
0.410267 -0.022511 0.043862
0.418049 -0.021500 0.041019
0.422058 -0.027305 0.037916
0.403725 -0.029880 0.042368
-0.413163 -0.036719 0.041926
-0.404312 -0.042064 0.041282
-0.430486 -0.031552 0.040431
-0.422089 -0.033152 0.041566
-0.415274 -0.042283 0.037332
-0.460118 -0.011657 0.043852
-0.452576 -0.012504 0.044229
-0.445754 -0.021413 0.042351
-0.467593 -0.010694 0.043909
-0.474898 -0.010686 0.044181
-0.461768 -0.018997 0.042829
-0.489328 -0.012339 0.045375
-0.481955 -0.011614 0.044574
-0.473917 -0.018971 0.043695
-0.504043 -0.013052 0.048615
-0.496909 -0.012748 0.046667
-0.488094 -0.021080 0.046166
-0.520866 -0.009160 0.054735
-0.515809 -0.010125 0.052401
-0.501239 -0.021800 0.051310
-0.509301 -0.014344 0.051491
0.471004 -0.018330 0.048678
0.463450 -0.022772 0.046601
0.456068 -0.025627 0.043590
0.460827 -0.029850 0.046582
0.449298 -0.028416 0.041020
0.396255 -0.036968 0.042166
0.388585 -0.042087 0.044216
0.403284 -0.037707 0.038134
-0.394129 -0.048268 0.042429
-0.388447 -0.053336 0.042486
-0.398185 -0.046579 0.040119
-0.400641 -0.048268 0.036714
-0.394229 -0.050535 0.038576
-0.438987 -0.030491 0.039970
-0.447789 -0.029470 0.040400
-0.432145 -0.039520 0.037213
-0.456727 -0.028071 0.041365
-0.465419 -0.024923 0.042531
-0.450475 -0.037551 0.039314
-0.471503 -0.028018 0.043349
-0.486107 -0.029971 0.047730
-0.478988 -0.029275 0.045251
-0.469588 -0.037473 0.043785
-0.492209 -0.030318 0.050952
-0.483283 -0.038880 0.050382
0.454843 -0.036847 0.045287
0.447305 -0.041715 0.042597
0.448168 -0.034748 0.041305
0.442805 -0.030536 0.039190
0.383453 -0.049987 0.042027
0.376400 -0.058276 0.040629
0.368587 -0.066122 0.039764
0.385161 -0.056442 0.036566
-0.366568 -0.075527 0.036944
-0.375716 -0.067474 0.038207
-0.380350 -0.067781 0.032994
-0.383480 -0.059936 0.039087
-0.389671 -0.054730 0.038458
-0.468087 -0.047205 0.045320
-0.460557 -0.046494 0.041870
-0.452032 -0.046497 0.039050
-0.451845 -0.056522 0.039671
-0.442882 -0.047222 0.036802
-0.474458 -0.047628 0.049464
-0.465705 -0.056587 0.048175
0.440070 -0.060326 0.043591
0.444662 -0.050411 0.043457
0.439102 -0.045021 0.038920
0.360023 -0.072983 0.040653
0.351604 -0.078834 0.044327
0.366409 -0.073823 0.034631
-0.346461 -0.089736 0.035289
-0.356651 -0.082780 0.036170
-0.360673 -0.084538 0.027862
-0.456977 -0.065941 0.046679
-0.450468 -0.066571 0.041550
-0.448439 -0.075616 0.045166
-0.443279 -0.066400 0.037334
0.429600 -0.077003 0.040564
0.435070 -0.069299 0.042608
0.432498 -0.062302 0.038266
0.345014 -0.086613 0.041338
-0.326153 -0.102120 0.034452
-0.336130 -0.096249 0.034404
-0.339247 -0.096772 0.025167
-0.441018 -0.085037 0.044322
0.419047 -0.091663 0.038989
0.423962 -0.084433 0.039262
0.423502 -0.077295 0.036036
0.336669 -0.094359 0.039265
0.328001 -0.101309 0.037848
0.345802 -0.090235 0.032694
0.077307 -0.120002 0.035921
0.068803 -0.116966 0.036130
0.094105 -0.128176 0.035997
0.085729 -0.123848 0.035847
0.085124 -0.122939 0.027515
0.060195 -0.114817 0.036313
0.051477 -0.113600 0.036456
0.067889 -0.116035 0.027658
0.042674 -0.113233 0.036568
0.033797 -0.113580 0.036637
0.050469 -0.112713 0.027782
-0.009584 -0.114232 0.036065
-0.018147 -0.113714 0.036209
0.007508 -0.114700 0.036207
-0.001041 -0.114583 0.036060
-0.001861 -0.113753 0.027550
-0.026793 -0.113297 0.036347
-0.035529 -0.113378 0.036468
-0.019155 -0.112823 0.027653
-0.044364 -0.114243 0.036605
-0.053306 -0.116074 0.036753
-0.036607 -0.112606 0.027785
-0.307349 -0.112347 0.036201
-0.316597 -0.107428 0.035407
-0.298436 -0.116812 0.036800
-0.290734 -0.120421 0.038579
-0.298447 -0.116805 0.027716
-0.317093 -0.107787 0.025656
-0.434642 -0.094057 0.044104
-0.428126 -0.102223 0.043423
-0.435451 -0.087886 0.039372
0.409424 -0.105235 0.038277
0.404318 -0.114486 0.039590
0.413798 -0.091561 0.034816
0.413639 -0.097728 0.037272
0.407079 -0.100492 0.033395
0.319272 -0.107386 0.036886
0.310340 -0.112836 0.036348
0.327873 -0.103831 0.028884
0.292345 -0.122126 0.036100
0.301331 -0.117704 0.036128
0.309638 -0.114419 0.027034
0.274586 -0.130094 0.036386
0.283412 -0.126253 0.036233
0.291055 -0.123295 0.027333
0.111060 -0.137028 0.037378
0.102491 -0.132638 0.036449
0.102346 -0.131957 0.027836
0.024952 -0.114146 0.036581
0.016170 -0.114523 0.036395
0.032900 -0.112687 0.027830
0.015417 -0.113671 0.027676
-0.062335 -0.118801 0.036831
-0.071439 -0.122366 0.036831
-0.054260 -0.115527 0.027884
-0.264890 -0.130933 0.038513
-0.272789 -0.127935 0.040913
-0.254938 -0.134597 0.036722
-0.244981 -0.138144 0.035094
-0.258882 -0.133618 0.029004
-0.284625 -0.123116 0.041742
-0.278923 -0.125482 0.042906
-0.277134 -0.126312 0.035984
-0.283601 -0.123581 0.034894
-0.421314 -0.109533 0.042068
-0.414272 -0.117112 0.040418
-0.424838 -0.101817 0.038122
0.399829 -0.124598 0.040507
0.394776 -0.133820 0.039173
0.397338 -0.119309 0.032574
0.257101 -0.136794 0.036683
0.265820 -0.133576 0.036532
0.273196 -0.131067 0.027802
0.239893 -0.142284 0.036485
0.248436 -0.139763 0.036735
0.255810 -0.137869 0.028275
0.223055 -0.146682 0.034326
0.231337 -0.144534 0.035738
0.239344 -0.143337 0.028292
0.207649 -0.149870 0.033982
0.198314 -0.150807 0.035237
0.216450 -0.148749 0.031025
0.224720 -0.147570 0.025380
0.212167 -0.150619 0.024956
0.189056 -0.151455 0.035979
0.180178 -0.151709 0.036327
0.195062 -0.152918 0.027201
0.171379 -0.151571 0.036500
0.162560 -0.150991 0.036673
0.177666 -0.153591 0.027904
0.153657 -0.149897 0.036989
0.144367 -0.148202 0.037688
0.160134 -0.152229 0.028179
0.134993 -0.146009 0.038958
0.126080 -0.143437 0.042008
0.141078 -0.148174 0.029611
0.119427 -0.140905 0.038813
0.120263 -0.140872 0.029518
-0.080515 -0.126381 0.036735
-0.089528 -0.130449 0.036578
-0.072139 -0.122047 0.027767
-0.098452 -0.134315 0.036474
-0.107271 -0.137732 0.036396
-0.090051 -0.130365 0.027633
-0.116062 -0.140620 0.036262
-0.124775 -0.142965 0.035954
-0.107730 -0.137930 0.027667
-0.133582 -0.145054 0.035250
-0.142101 -0.146986 0.033962
-0.124949 -0.143582 0.027208
-0.157776 -0.149856 0.033926
-0.167146 -0.150601 0.035235
-0.140559 -0.147866 0.024966
-0.148889 -0.148873 0.030828
-0.153289 -0.150694 0.024872
-0.176453 -0.150977 0.036034
-0.185441 -0.150865 0.036507
-0.170431 -0.152536 0.027227
-0.194418 -0.150137 0.036900
-0.203686 -0.148728 0.037433
-0.188106 -0.152357 0.028172
-0.213026 -0.146811 0.038324
-0.220921 -0.144819 0.040020
-0.206918 -0.149422 0.029147
-0.233047 -0.141558 0.038920
-0.227518 -0.142909 0.041202
-0.224669 -0.144545 0.034132
-0.236877 -0.141004 0.033083
-0.239886 -0.140622 0.025839
-0.230199 -0.143188 0.031835
-0.401160 -0.132309 0.036627
-0.407419 -0.124779 0.038518
-0.410419 -0.116429 0.033993
0.384363 -0.148695 0.032626
0.389442 -0.141671 0.036195
0.390564 -0.134414 0.031000
-0.394913 -0.140405 0.036019
-0.388514 -0.148859 0.036704
-0.396934 -0.133471 0.029701
0.374641 -0.161408 0.029968
0.368551 -0.167360 0.031936
0.382174 -0.148218 0.024609
0.379379 -0.154918 0.028170
0.374667 -0.159361 0.021848
-0.375321 -0.164289 0.036813
-0.381930 -0.157059 0.036717
-0.384235 -0.151197 0.027505
0.361348 -0.172633 0.034097
0.353438 -0.177165 0.035420
0.361031 -0.171876 0.024367
0.345153 -0.181096 0.036094
0.336604 -0.184587 0.036407
0.345137 -0.180346 0.027128
0.327912 -0.187607 0.036479
0.319164 -0.190197 0.036447
0.328048 -0.186764 0.027729
-0.348999 -0.179857 0.035313
-0.356204 -0.177298 0.036749
-0.334510 -0.184309 0.035226
-0.324753 -0.187053 0.037014
-0.338418 -0.182211 0.026485
-0.342729 -0.181569 0.032232
-0.349496 -0.178829 0.027177
-0.362839 -0.174185 0.037939
-0.369004 -0.170007 0.037883
-0.361536 -0.173959 0.030058
-0.371507 -0.166617 0.029364
0.310455 -0.192337 0.036405
0.301787 -0.193894 0.036364
0.310622 -0.191709 0.027735
0.293134 -0.194905 0.036355
0.284497 -0.195489 0.036379
0.293235 -0.194633 0.027714
0.275840 -0.195740 0.036403
0.267163 -0.195801 0.036428
0.275864 -0.195680 0.027726
0.258473 -0.195811 0.036440
0.249772 -0.195811 0.036440
0.258473 -0.195811 0.027738
0.241070 -0.195811 0.036440
0.232369 -0.195811 0.036440
0.241071 -0.195811 0.027738
0.223668 -0.195811 0.036440
0.214966 -0.195811 0.036440
0.223668 -0.195811 0.027738
0.197564 -0.195811 0.036440
0.206265 -0.195811 0.036440
0.206265 -0.195811 0.027738
0.180161 -0.195811 0.036440
0.188863 -0.195811 0.036440
0.188863 -0.195811 0.027738
0.162758 -0.195811 0.036440
0.171459 -0.195811 0.036440
0.171459 -0.195811 0.027738
0.145355 -0.195811 0.036440
0.154057 -0.195811 0.036440
0.154056 -0.195811 0.027738
0.127952 -0.195811 0.036440
0.136653 -0.195811 0.036440
0.136653 -0.195811 0.027738
0.110561 -0.195811 0.036452
0.119250 -0.195811 0.036440
0.119250 -0.195811 0.027738
0.093227 -0.195801 0.036500
0.101884 -0.195811 0.036476
0.101900 -0.195794 0.027807
0.075949 -0.195740 0.036524
0.084590 -0.195781 0.036524
0.084736 -0.195721 0.027963
0.058639 -0.195620 0.036476
0.067304 -0.195680 0.036500
0.067656 -0.195529 0.027963
0.041260 -0.195519 0.036440
0.049954 -0.195559 0.036452
0.050425 -0.195264 0.027819
0.023846 -0.195491 0.036431
0.032559 -0.195499 0.036440
0.033070 -0.195062 0.027754
0.006377 -0.195523 0.036396
0.015122 -0.195497 0.036414
0.015613 -0.195000 0.027690
-0.011149 -0.195630 0.036379
-0.002388 -0.195569 0.036379
-0.002038 -0.195126 0.027572
-0.028647 -0.195759 0.036414
-0.019908 -0.195705 0.036396
-0.019755 -0.195420 0.027581
-0.037366 -0.195794 0.036431
-0.046076 -0.195811 0.036440
-0.037331 -0.195705 0.027695
-0.063479 -0.195811 0.036440
-0.054777 -0.195811 0.036440
-0.054777 -0.195811 0.027738
-0.080882 -0.195811 0.036440
-0.072181 -0.195811 0.036440
-0.072181 -0.195811 0.027738
-0.098285 -0.195811 0.036440
-0.089584 -0.195811 0.036440
-0.089584 -0.195811 0.027738
-0.115687 -0.195811 0.036440
-0.106986 -0.195811 0.036440
-0.106986 -0.195811 0.027738
-0.133090 -0.195811 0.036440
-0.124389 -0.195811 0.036440
-0.124389 -0.195811 0.027738
-0.150493 -0.195811 0.036440
-0.141792 -0.195811 0.036440
-0.141792 -0.195811 0.027738
-0.167896 -0.195811 0.036440
-0.159194 -0.195811 0.036440
-0.159194 -0.195811 0.027738
-0.185299 -0.195811 0.036440
-0.176598 -0.195811 0.036440
-0.176598 -0.195811 0.027738
-0.202702 -0.195811 0.036440
-0.194001 -0.195811 0.036440
-0.194001 -0.195811 0.027738
-0.220104 -0.195811 0.036440
-0.211403 -0.195811 0.036440
-0.211403 -0.195811 0.027738
-0.237507 -0.195811 0.036440
-0.228805 -0.195811 0.036440
-0.228805 -0.195811 0.027738
-0.246209 -0.195811 0.036440
-0.254919 -0.195733 0.036448
-0.246196 -0.195811 0.027750
-0.263642 -0.195523 0.036495
-0.272401 -0.195134 0.036645
-0.263593 -0.195497 0.027788
-0.281130 -0.194546 0.036977
-0.289986 -0.193662 0.037680
-0.281142 -0.194366 0.028089
-0.298572 -0.192544 0.038946
-0.305528 -0.191733 0.042050
-0.299346 -0.191884 0.029592
-0.314765 -0.189610 0.038820
-0.320404 -0.187371 0.029399
0.791491 0.398411 -0.002726
0.797998 0.399268 -0.004813
0.800316 0.405093 -0.012291
0.804022 0.399464 -0.007878
0.807413 0.393286 -0.005214
0.809417 0.400436 -0.013121
0.809915 0.385853 -0.003222
0.777275 0.393372 -0.000726
0.784500 0.396543 -0.001330
0.786947 0.402842 -0.009493
0.770200 0.388914 -0.000671
0.763651 0.383106 0.000129
0.772769 0.395340 -0.009566
0.757850 0.376273 0.001859
0.752968 0.369874 0.004261
0.759719 0.379952 -0.008135
0.802426 0.350577 0.016837
0.802379 0.360794 0.015483
0.807185 0.368662 0.006516
0.742132 0.349342 0.017278
0.737599 0.340495 0.020250
0.749096 0.363767 0.008426
0.745889 0.357124 0.013346
0.744211 0.350633 0.007685
-0.801799 0.356351 -0.002566
-0.795032 0.350981 -0.000799
-0.789225 0.344811 0.002399
-0.784592 0.338465 0.006155
-0.790714 0.348045 -0.005845
-0.825941 0.361290 -0.003741
-0.816327 0.361894 -0.003180
-0.808679 0.361811 -0.005405
-0.814859 0.367957 -0.011690
-0.803293 0.361908 -0.010607
-0.837374 0.353207 -0.001621
-0.840580 0.346781 -0.001073
-0.835482 0.360358 -0.006434
-0.842440 0.358268 -0.009447
-0.832957 0.367987 -0.013353
-0.843827 0.340860 -0.003823
-0.845564 0.347303 -0.007107
-0.846598 0.353583 -0.010973
-0.847719 0.359097 -0.016182
-0.849304 0.347998 -0.013311
0.799520 0.332953 0.017088
0.801275 0.341092 0.018015
0.804725 0.347206 0.010116
0.733092 0.331165 0.021883
0.728940 0.321960 0.022320
0.737926 0.334161 0.013165
-0.840206 0.326193 0.001470
-0.841998 0.333725 -0.001112
-0.845794 0.335034 -0.008366
0.789798 0.310830 0.023876
0.793733 0.318519 0.019376
0.797397 0.326123 0.014393
0.801003 0.333546 0.009458
0.794111 0.319685 0.011498
0.721535 0.308481 0.025621
0.716887 0.300804 0.027476
0.726803 0.314392 0.021800
0.727713 0.308311 0.019919
0.732175 0.318456 0.016112
-0.772321 0.318792 0.016658
-0.768094 0.310990 0.019249
-0.763194 0.302132 0.020871
-0.756645 0.292700 0.023327
-0.767311 0.305943 0.012899
-0.780363 0.331982 0.009706
-0.776328 0.325470 0.013220
-0.774005 0.319851 0.008958
-0.833219 0.316648 0.017637
-0.835750 0.318161 0.011260
-0.831581 0.310300 0.018425
-0.838121 0.318982 0.004057
-0.835694 0.312278 0.006958
-0.840516 0.320091 -0.004642
0.786603 0.305497 0.020550
0.714885 0.293367 0.027866
0.722649 0.297527 0.023272
0.730239 0.295121 0.019664
0.729493 0.302349 0.018507
0.733553 0.307775 0.014852
0.707296 0.288363 0.030676
0.714776 0.286496 0.027446
0.700904 0.281338 0.031864
-0.740197 0.273680 0.029554
-0.748688 0.282971 0.026753
-0.755053 0.283333 0.019577
-0.826008 0.295352 0.018772
-0.829457 0.303310 0.018085
-0.832669 0.306741 0.011420
0.771179 0.290843 0.021359
0.777592 0.296807 0.018964
0.782971 0.301984 0.017352
0.786957 0.307584 0.014129
0.780357 0.301934 0.012912
0.714015 0.279437 0.027670
0.721902 0.282598 0.025563
0.730384 0.286542 0.022416
0.729340 0.278264 0.025018
0.738665 0.292018 0.017605
0.697883 0.274335 0.031617
0.706021 0.276813 0.029636
0.712506 0.272535 0.028361
0.690324 0.270262 0.032681
0.697246 0.267861 0.030441
0.684213 0.263833 0.032688
-0.722330 0.256350 0.033134
-0.731370 0.264922 0.031615
-0.737798 0.264204 0.026853
-0.815830 0.277960 0.025108
-0.821172 0.286747 0.021076
-0.823534 0.289993 0.010850
0.754501 0.278477 0.026447
0.763418 0.284012 0.024459
0.764989 0.290335 0.017667
0.745249 0.275640 0.026699
0.749966 0.282797 0.021491
0.747684 0.289926 0.016358
0.756782 0.289856 0.016031
0.764629 0.296905 0.010731
0.727011 0.270634 0.027293
0.735942 0.273526 0.026507
0.740168 0.267912 0.030130
0.746554 0.298866 0.011136
0.711126 0.265561 0.028924
0.718943 0.267824 0.028305
0.725406 0.263380 0.029509
0.696347 0.261279 0.029643
0.703524 0.263452 0.029307
0.709816 0.258709 0.029307
0.681414 0.257191 0.031829
0.688873 0.259239 0.030498
0.694966 0.254799 0.029425
0.680947 0.251024 0.030498
0.675184 0.254008 0.032543
0.670747 0.248831 0.032550
-0.719456 0.247394 0.030567
-0.714194 0.248953 0.034209
-0.707647 0.244783 0.036011
-0.736219 0.254346 0.025642
-0.745473 0.262855 0.022556
-0.753822 0.261604 0.018787
-0.754397 0.272355 0.018236
-0.762219 0.282530 0.012727
-0.810293 0.271297 0.020320
0.732719 0.260907 0.031718
0.724469 0.256700 0.031613
0.716199 0.254331 0.030481
0.708359 0.252188 0.029710
0.721275 0.249869 0.032872
0.701160 0.250051 0.029490
0.693849 0.248177 0.029445
0.707522 0.245735 0.030726
0.686740 0.246425 0.029535
0.680079 0.244677 0.029951
0.692786 0.241622 0.029685
0.673663 0.243442 0.031012
0.667405 0.242677 0.032935
0.678577 0.238276 0.030412
0.664257 0.236109 0.033961
-0.684121 0.221416 0.037091
-0.693608 0.230486 0.036434
-0.700907 0.230445 0.032698
-0.701966 0.238247 0.035802
-0.734293 0.244952 0.025522
-0.726759 0.246484 0.027691
-0.717507 0.238492 0.029078
-0.731938 0.236147 0.026149
-0.740302 0.241733 0.024723
-0.743864 0.235901 0.025268
-0.748331 0.244145 0.023499
-0.753927 0.252277 0.020670
-0.756079 0.244559 0.022617
-0.761536 0.259353 0.017099
-0.787650 0.254355 0.020662
-0.796469 0.260617 0.019130
-0.809759 0.274630 0.010374
-0.804060 0.267350 0.016049
-0.798350 0.267437 0.010345
0.714805 0.243501 0.033092
0.707097 0.239556 0.032335
0.699154 0.237353 0.030981
0.691543 0.235259 0.030368
0.704562 0.233342 0.033586
0.684509 0.233156 0.030687
0.677131 0.231424 0.031439
0.691081 0.229096 0.031976
0.669323 0.230024 0.032842
0.661486 0.228795 0.035044
0.675628 0.223949 0.033253
0.658744 0.221130 0.036121
-0.682754 0.212853 0.034734
-0.708546 0.230184 0.030048
-0.716401 0.229770 0.028321
-0.699649 0.221676 0.030953
-0.723931 0.229006 0.027282
-0.731052 0.228059 0.026837
-0.715910 0.221230 0.028152
-0.738318 0.228007 0.026591
-0.745623 0.228849 0.026497
-0.731627 0.220649 0.027574
-0.759917 0.230269 0.027622
-0.758686 0.237639 0.024625
-0.752885 0.229651 0.026735
-0.763687 0.245556 0.021748
-0.746627 0.221592 0.028291
-0.773604 0.240617 0.026374
-0.766699 0.231171 0.029519
-0.771136 0.247603 0.021253
-0.778973 0.250084 0.021326
-0.759508 0.222395 0.031588
-0.767278 0.254205 0.018060
-0.782968 0.259376 0.014412
0.698833 0.227610 0.034245
0.691289 0.222961 0.034733
0.682794 0.218901 0.035336
0.673717 0.216244 0.035792
0.664461 0.214832 0.036250
0.655958 0.213893 0.037436
-0.699233 0.213016 0.030241
-0.690894 0.213011 0.032061
-0.682292 0.204222 0.033595
-0.707647 0.212934 0.029111
-0.716023 0.212832 0.028556
-0.699456 0.204413 0.030251
-0.732253 0.213148 0.028781
-0.724278 0.212876 0.028485
-0.716518 0.204643 0.029527
-0.746612 0.214075 0.030630
-0.739843 0.213646 0.029398
-0.732681 0.205531 0.030744
-0.752374 0.214289 0.032793
-0.745674 0.207193 0.033438
-0.682533 0.195469 0.033361
-0.700096 0.195932 0.030975
-0.691349 0.195696 0.031792
-0.683486 0.186791 0.033886
-0.717145 0.196640 0.031350
-0.708661 0.196244 0.030792
-0.700995 0.187676 0.032508
-0.733004 0.198695 0.033387
-0.725389 0.197201 0.032532
-0.717660 0.189052 0.034132
-0.739555 0.200824 0.034209
-0.684993 0.178289 0.035265
-0.701908 0.179875 0.034957
-0.693679 0.178947 0.034823
-0.709781 0.181083 0.035771
0.435732 -0.031709 0.037569
0.427670 -0.033071 0.036328
0.419270 -0.035052 0.035826
0.433332 -0.039214 0.036502
0.418062 -0.042957 0.033672
0.411242 -0.038815 0.035433
0.404477 -0.045301 0.034777
-0.402293 -0.052146 0.033591
-0.396674 -0.053835 0.033891
-0.392487 -0.054749 0.035397
-0.391952 -0.059688 0.032349
-0.417045 -0.049127 0.033859
-0.409155 -0.050490 0.033696
-0.403806 -0.057543 0.030977
-0.433906 -0.047779 0.035218
-0.425359 -0.048248 0.034310
-0.418746 -0.056489 0.031528
0.430997 -0.047262 0.035783
0.423640 -0.048869 0.033543
0.416586 -0.050541 0.032251
0.428559 -0.055344 0.035116
0.401203 -0.052831 0.033404
0.409048 -0.051716 0.032354
0.414499 -0.057392 0.031484
0.393644 -0.056578 0.033634
0.400584 -0.060581 0.031411
0.387207 -0.063796 0.032575
-0.380132 -0.075749 0.026900
-0.386429 -0.066950 0.030308
-0.392548 -0.065759 0.028997
-0.435322 -0.056346 0.034119
0.425675 -0.063047 0.034422
0.412634 -0.064122 0.030917
0.419155 -0.063260 0.032109
0.422286 -0.070042 0.033754
0.399658 -0.068285 0.029996
0.406288 -0.066069 0.030401
0.411750 -0.071447 0.030978
0.383399 -0.072106 0.030273
0.391943 -0.070142 0.030032
0.398013 -0.075743 0.029145
0.381437 -0.080582 0.026802
0.374124 -0.076033 0.029855
0.364298 -0.081986 0.028775
-0.365039 -0.088265 0.020061
-0.354707 -0.092941 0.018298
-0.383346 -0.082877 0.021919
-0.374460 -0.085010 0.021215
-0.369315 -0.094418 0.012522
-0.398767 -0.064364 0.028714
-0.405449 -0.063695 0.028893
-0.394792 -0.071997 0.026453
-0.412377 -0.064013 0.029188
-0.419929 -0.064385 0.030010
-0.406152 -0.071025 0.027032
-0.435779 -0.065436 0.033976
-0.427911 -0.064738 0.031530
-0.420745 -0.072327 0.029233
-0.434990 -0.074980 0.034552
0.417581 -0.075686 0.032934
0.411435 -0.079166 0.031653
0.404278 -0.081421 0.029929
0.396541 -0.083536 0.028115
0.410087 -0.086527 0.031887
0.388479 -0.085975 0.025974
0.380194 -0.089059 0.022903
0.395252 -0.091994 0.027099
0.354815 -0.088525 0.026723
0.363525 -0.089720 0.021762
0.371863 -0.092848 0.018898
0.379418 -0.096892 0.018696
0.363403 -0.096880 0.014294
0.345732 -0.095129 0.023970
-0.333407 -0.102199 0.014965
-0.343925 -0.097705 0.016459
-0.349218 -0.099554 0.008369
-0.391911 -0.080570 0.023328
-0.399485 -0.076937 0.025091
-0.388111 -0.090014 0.018724
-0.406067 -0.079045 0.025325
-0.413723 -0.079319 0.026969
-0.420908 -0.080246 0.028958
-0.407248 -0.087033 0.024810
-0.432547 -0.084339 0.035072
-0.427076 -0.082192 0.031518
-0.419235 -0.088827 0.028694
-0.428642 -0.093395 0.035830
0.407716 -0.093862 0.031873
0.393897 -0.100473 0.026219
0.401106 -0.097990 0.029680
0.386192 -0.101632 0.020884
0.391168 -0.108160 0.023435
0.379485 -0.103890 0.015339
0.336723 -0.101099 0.021497
0.327603 -0.106389 0.019474
0.345783 -0.099868 0.014853
0.076042 -0.118530 0.019001
0.067357 -0.115527 0.019025
0.093395 -0.126788 0.018996
0.084716 -0.122377 0.018986
0.084518 -0.122083 0.010324
0.058652 -0.113410 0.019046
0.049927 -0.112251 0.019063
0.067123 -0.115279 0.010336
0.041195 -0.111913 0.019069
0.032454 -0.112236 0.019062
0.049709 -0.112061 0.010345
-0.011093 -0.112921 0.018941
-0.019831 -0.112345 0.018977
0.006338 -0.113439 0.018953
-0.002362 -0.113308 0.018942
-0.002731 -0.113182 0.010154
-0.028583 -0.111975 0.019039
-0.037332 -0.112219 0.019080
-0.020407 -0.112217 0.010256
-0.046086 -0.113261 0.019096
-0.054898 -0.115255 0.019025
-0.037930 -0.112083 0.010477
-0.307531 -0.112630 0.017690
-0.316349 -0.108693 0.016161
-0.298462 -0.116740 0.018629
-0.289535 -0.120821 0.019238
-0.298339 -0.116616 0.009626
-0.314463 -0.110012 0.007045
-0.323577 -0.106281 0.012485
-0.328238 -0.105737 0.005745
-0.402022 -0.096334 0.022172
-0.410825 -0.093955 0.025864
-0.396689 -0.106769 0.018141
-0.392833 -0.097984 0.017439
-0.383296 -0.100013 0.011911
-0.415920 -0.097953 0.028737
-0.420982 -0.100097 0.033174
-0.412921 -0.107177 0.030462
0.392406 -0.116554 0.024788
0.386461 -0.114451 0.018401
0.391329 -0.125818 0.026769
0.380832 -0.110793 0.013690
0.375389 -0.107456 0.010019
0.381541 -0.117951 0.012023
0.318231 -0.111248 0.017867
0.308564 -0.115780 0.017450
0.327312 -0.108564 0.009675
0.298703 -0.120119 0.018092
0.289238 -0.124285 0.018652
0.306281 -0.116982 0.008563
0.110909 -0.136060 0.019391
0.102118 -0.131438 0.019122
0.101953 -0.131053 0.010372
0.023737 -0.112812 0.019037
0.015033 -0.113244 0.018987
0.032286 -0.112071 0.010341
0.014843 -0.113085 0.010269
-0.063756 -0.118144 0.018859
-0.072711 -0.121882 0.018738
-0.055375 -0.115116 0.010187
-0.280378 -0.125004 0.019934
-0.278801 -0.125665 0.028538
-0.271023 -0.129047 0.020670
-0.261360 -0.132962 0.020476
-0.251491 -0.136775 0.019381
-0.262479 -0.132521 0.011153
-0.280695 -0.124627 0.010629
-0.405232 -0.115633 0.027515
-0.398604 -0.115991 0.020663
-0.398324 -0.125237 0.024593
-0.390958 -0.117422 0.012978
0.386646 -0.133414 0.022856
0.280223 -0.128287 0.018989
0.271335 -0.132012 0.019338
0.287014 -0.125097 0.010068
0.262560 -0.135557 0.019717
0.254174 -0.138851 0.020334
0.269006 -0.132877 0.010981
0.238763 -0.144100 0.020500
0.246246 -0.141696 0.020985
0.251820 -0.139743 0.012837
0.119941 -0.140447 0.019978
0.129216 -0.144505 0.020787
0.138788 -0.147963 0.020823
0.148555 -0.150826 0.020107
0.137727 -0.147640 0.011357
0.119607 -0.139974 0.010714
-0.081728 -0.126071 0.018697
-0.090713 -0.130353 0.018780
-0.073355 -0.121689 0.009468
-0.099653 -0.134477 0.018961
-0.108439 -0.138159 0.019087
-0.091862 -0.130396 0.010073
-0.117019 -0.141382 0.019042
-0.125370 -0.144162 0.018670
-0.109597 -0.138435 0.010686
-0.217836 -0.147970 0.019524
-0.225772 -0.145789 0.017797
-0.224726 -0.145382 0.026146
-0.199692 -0.152180 0.020062
-0.209130 -0.150135 0.020330
-0.210135 -0.150726 0.011077
-0.242301 -0.140203 0.018239
-0.233871 -0.143203 0.017329
-0.226796 -0.145836 0.009600
-0.244018 -0.139747 0.010188
-0.391899 -0.134855 0.021867
0.379538 -0.148176 0.016748
0.383020 -0.141065 0.019608
0.382448 -0.132912 0.014264
0.232013 -0.146233 0.018711
0.225159 -0.148348 0.017009
0.239318 -0.144119 0.012107
0.217429 -0.150387 0.016678
0.209300 -0.152171 0.017587
0.223888 -0.149003 0.008789
0.200837 -0.153711 0.018565
0.192219 -0.154767 0.019158
0.206340 -0.153535 0.009911
0.183750 -0.155233 0.019483
0.175275 -0.155162 0.019552
0.189483 -0.156202 0.011482
0.157887 -0.153089 0.019646
0.166693 -0.154506 0.019541
0.173210 -0.156176 0.011252
0.155999 -0.153289 0.011105
-0.133108 -0.146594 0.017781
-0.140455 -0.148753 0.016680
-0.126108 -0.144670 0.010558
-0.148151 -0.150631 0.016554
-0.156212 -0.152225 0.017567
-0.141856 -0.149450 0.008649
-0.164653 -0.153501 0.018576
-0.173298 -0.154229 0.019201
-0.159176 -0.153525 0.009916
-0.181892 -0.154289 0.019625
-0.190589 -0.153627 0.019840
-0.176057 -0.155535 0.011543
-0.192663 -0.154433 0.011474
-0.380356 -0.152783 0.018196
-0.385794 -0.144277 0.019345
-0.386477 -0.136383 0.012664
0.371161 -0.161500 0.013898
0.375755 -0.155024 0.015076
0.376595 -0.148913 0.008884
-0.371589 -0.164657 0.020829
-0.366449 -0.169700 0.024346
-0.375609 -0.159277 0.017055
-0.376846 -0.154711 0.010477
-0.371079 -0.162963 0.012680
0.352917 -0.175918 0.016922
0.360079 -0.171617 0.014710
0.365372 -0.167133 0.010757
0.368657 -0.162337 0.004935
0.358545 -0.171791 0.005234
0.336639 -0.182929 0.018736
0.344959 -0.179651 0.018148
0.344655 -0.179024 0.009162
0.319384 -0.188604 0.019028
0.328065 -0.185912 0.018974
0.328025 -0.185084 0.010215
-0.342788 -0.179927 0.019160
-0.335674 -0.182154 0.019496
-0.327163 -0.184677 0.020251
-0.317624 -0.187272 0.021006
-0.333478 -0.181902 0.012255
-0.354773 -0.175949 0.021359
-0.348939 -0.178100 0.020052
-0.347806 -0.177287 0.013195
-0.360644 -0.173020 0.022141
-0.358311 -0.172829 0.014711
0.310683 -0.191047 0.019037
0.301981 -0.192991 0.019037
0.310683 -0.190312 0.010336
0.293279 -0.194300 0.019037
0.284578 -0.195126 0.019037
0.293280 -0.193927 0.010336
0.275876 -0.195590 0.019037
0.267175 -0.195771 0.019037
0.275876 -0.195458 0.010336
0.249772 -0.195811 0.019037
0.258473 -0.195811 0.019037
0.258473 -0.195811 0.010336
0.232369 -0.195811 0.019037
0.241070 -0.195811 0.019037
0.241071 -0.195811 0.010336
0.214966 -0.195811 0.019037
0.223668 -0.195811 0.019037
0.223668 -0.195811 0.010336
0.206265 -0.195811 0.019037
0.197564 -0.195811 0.019037
0.206265 -0.195811 0.010336
0.188863 -0.195811 0.019037
0.180161 -0.195811 0.019037
0.188863 -0.195811 0.010336
0.171459 -0.195811 0.019037
0.162758 -0.195811 0.019037
0.171459 -0.195811 0.010336
0.154057 -0.195811 0.019037
0.145355 -0.195811 0.019037
0.154056 -0.195811 0.010336
0.136653 -0.195811 0.019037
0.127952 -0.195811 0.019037
0.136653 -0.195811 0.010336
0.119250 -0.195811 0.019037
0.110565 -0.195794 0.019070
0.119263 -0.195811 0.010348
0.101906 -0.195759 0.019147
0.093351 -0.195699 0.019287
0.101933 -0.195705 0.010488
0.084907 -0.195603 0.019477
0.076518 -0.195470 0.019584
0.084975 -0.195420 0.010963
0.068159 -0.195288 0.019584
0.059717 -0.195074 0.019489
0.068863 -0.195008 0.011633
0.051178 -0.194845 0.019324
0.042579 -0.194620 0.019199
0.052373 -0.194271 0.011012
0.033934 -0.194418 0.019128
0.025238 -0.194277 0.019061
0.035244 -0.193499 0.010634
0.016486 -0.194189 0.018976
0.007622 -0.194203 0.018856
0.017879 -0.193001 0.010338
-0.001360 -0.194326 0.018707
-0.010377 -0.194532 0.018633
-0.000075 -0.193013 0.009854
-0.028356 -0.195125 0.018738
-0.019403 -0.194817 0.018650
-0.018784 -0.193706 0.009354
-0.037218 -0.195420 0.018880
-0.046016 -0.195630 0.018976
-0.037031 -0.194863 0.009945
-0.054760 -0.195756 0.019020
-0.063479 -0.195811 0.019037
-0.054717 -0.195579 0.010275
-0.072181 -0.195811 0.019037
-0.080882 -0.195811 0.019037
-0.072181 -0.195811 0.010336
-0.089584 -0.195811 0.019037
-0.098285 -0.195811 0.019037
-0.089584 -0.195811 0.010336
-0.106986 -0.195811 0.019037
-0.115687 -0.195811 0.019037
-0.106986 -0.195811 0.010336
-0.124389 -0.195811 0.019037
-0.133090 -0.195811 0.019037
-0.124389 -0.195811 0.010336
-0.141792 -0.195811 0.019037
-0.150493 -0.195811 0.019037
-0.141792 -0.195811 0.010336
-0.159194 -0.195811 0.019037
-0.167896 -0.195811 0.019037
-0.159194 -0.195811 0.010336
-0.185299 -0.195811 0.019037
-0.176598 -0.195811 0.019037
-0.176598 -0.195811 0.010336
-0.202702 -0.195811 0.019037
-0.194001 -0.195811 0.019037
-0.194001 -0.195811 0.010336
-0.220104 -0.195811 0.019037
-0.211403 -0.195811 0.019037
-0.211403 -0.195811 0.010336
-0.228805 -0.195811 0.019037
-0.237495 -0.195811 0.019049
-0.228805 -0.195811 0.010336
-0.246172 -0.195811 0.019073
-0.254829 -0.195730 0.019097
-0.246157 -0.195794 0.010405
-0.263475 -0.195491 0.019130
-0.272162 -0.195016 0.019156
-0.263320 -0.195467 0.010560
-0.289759 -0.193132 0.019477
-0.280912 -0.194260 0.019241
-0.280519 -0.194203 0.010577
-0.308132 -0.189596 0.020917
-0.298862 -0.191537 0.020056
-0.298200 -0.191284 0.010774
-0.316277 -0.186860 0.011756
0.803385 0.410293 -0.020120
0.796574 0.410320 -0.018581
0.814345 0.402127 -0.020777
0.809637 0.407979 -0.021123
0.807003 0.415143 -0.028321
0.789608 0.408984 -0.017660
0.782617 0.406392 -0.017339
0.792354 0.414809 -0.026002
0.775848 0.402252 -0.017721
0.769656 0.396828 -0.019111
0.778801 0.408619 -0.025895
0.811293 0.377041 -0.001920
0.814732 0.385195 -0.010629
0.817654 0.393447 -0.020053
0.819955 0.403151 -0.029451
0.818976 0.384152 -0.018837
0.811460 0.367653 -0.001788
0.750205 0.364489 -0.000431
-0.812429 0.371911 -0.019444
-0.819962 0.374128 -0.019799
-0.800364 0.362666 -0.017373
-0.805937 0.367751 -0.017935
-0.808636 0.372628 -0.025181
-0.838493 0.374895 -0.022411
-0.829077 0.375018 -0.020402
-0.825380 0.380797 -0.028483
-0.851322 0.369672 -0.026880
-0.856247 0.364770 -0.031117
-0.851017 0.362560 -0.023099
-0.846617 0.375224 -0.026426
-0.853663 0.377069 -0.033369
-0.852295 0.355720 -0.021538
-0.843126 0.381970 -0.030700
0.807383 0.350425 0.001615
0.804362 0.341702 0.005305
0.810811 0.359093 -0.003600
0.814596 0.367406 -0.010311
0.809501 0.351680 -0.007157
0.744232 0.343981 0.002065
0.746292 0.351334 -0.000833
0.748547 0.357992 -0.003891
0.751333 0.363393 -0.008374
0.748427 0.351975 -0.008090
-0.781454 0.333929 0.002084
0.802177 0.335452 0.001695
0.739736 0.328160 0.007434
0.742142 0.336007 0.004833
0.746365 0.337847 -0.003468
0.789831 0.313854 0.009116
0.793600 0.321178 0.003720
0.802987 0.337451 -0.006290
0.798479 0.329461 -0.001527
0.793540 0.324431 -0.004855
0.737341 0.321050 0.010010
0.735522 0.314210 0.012242
0.742623 0.322280 0.003830
-0.771904 0.312669 0.005815
-0.775919 0.320410 0.001178
-0.769659 0.303417 0.005177
-0.779221 0.328320 -0.001884
-0.782891 0.335848 -0.005534
-0.778652 0.323152 -0.006747
0.784985 0.308065 0.009131
0.739546 0.310110 0.009278
-0.833987 0.305913 0.003372
0.779870 0.306241 0.006557
0.772328 0.304537 0.004685
0.763578 0.304537 0.003311
0.780009 0.312987 -0.001911
0.745996 0.307894 0.005922
0.754484 0.306067 0.003646
0.762620 0.313046 -0.004258
0.745186 0.315682 0.003004
-0.769594 0.281635 0.006147
-0.768674 0.292524 0.005584
-0.774726 0.301507 -0.002880
-0.825767 0.294056 0.001019
-0.819600 0.287019 0.002560
-0.835355 0.307272 -0.005949
-0.831049 0.300718 -0.001402
-0.827430 0.297865 -0.008355
-0.769621 0.263390 0.013599
-0.777868 0.265642 0.010125
-0.772761 0.272655 0.007632
-0.776991 0.281590 0.000727
-0.813167 0.281371 0.002765
-0.806625 0.277345 0.001929
-0.815166 0.287445 -0.006036
-0.785956 0.267966 0.007183
-0.793185 0.270560 0.004640
-0.799944 0.273776 0.002454
-0.788229 0.275441 0.000207
-0.801745 0.280372 -0.004564
0.363214 -0.103001 0.006421
0.354866 -0.100630 0.009361
0.373484 -0.112245 0.004407
0.369513 -0.106678 0.005429
0.363779 -0.108261 -0.000796
-0.354693 -0.102776 0.000653
-0.345152 -0.103881 -0.001207
-0.373870 -0.101795 0.006039
-0.364460 -0.102616 0.002339
-0.359222 -0.107282 -0.007567
0.346075 -0.104034 0.005401
0.336841 -0.107048 0.002584
0.328093 -0.109847 0.000054
0.345820 -0.107152 -0.004156
0.067042 -0.115139 0.001634
0.075744 -0.118099 0.001634
0.093147 -0.126197 0.001634
0.084445 -0.121896 0.001634
0.084445 -0.121705 -0.007067
0.049640 -0.111986 0.001634
0.058341 -0.113084 0.001634
0.067042 -0.115018 -0.007067
0.040938 -0.111684 0.001634
0.032219 -0.112034 0.001609
0.049640 -0.111946 -0.007067
-0.012201 -0.112925 0.001379
-0.021110 -0.112306 0.001614
0.005763 -0.113402 0.001289
-0.003199 -0.113313 0.001260
-0.003995 -0.113828 -0.007935
-0.029908 -0.111863 0.001919
-0.038559 -0.112057 0.001988
-0.022339 -0.112536 -0.006715
-0.047115 -0.113044 0.001762
-0.055892 -0.114926 0.001093
-0.039334 -0.112082 -0.006104
-0.313671 -0.110646 -0.001349
-0.306193 -0.113167 -0.000082
-0.298175 -0.116298 0.000827
-0.289599 -0.119976 0.001325
-0.298007 -0.115851 -0.007802
-0.321622 -0.108370 -0.002005
-0.329746 -0.106347 -0.002240
-0.314121 -0.110587 -0.009098
-0.329407 -0.107436 -0.010480
-0.336795 -0.105632 -0.004582
-0.341940 -0.106326 -0.010172
-0.378755 -0.109945 0.003220
0.380226 -0.125147 0.008691
0.376813 -0.118642 0.004842
0.378110 -0.133253 0.005063
0.371923 -0.117072 -0.001400
0.312372 -0.114539 -0.000803
0.302909 -0.118025 0.000384
0.321348 -0.111834 -0.003678
0.317188 -0.112871 -0.009860
0.329819 -0.110105 -0.009162
0.299833 -0.118641 -0.007908
0.293496 -0.121753 0.001092
0.284389 -0.125679 0.001566
0.314760 -0.113364 -0.017345
0.322760 -0.111486 -0.018033
0.297255 -0.118841 -0.016456
0.306238 -0.115842 -0.016787
0.312946 -0.113458 -0.025397
0.110610 -0.135220 0.001695
0.101866 -0.130723 0.001652
0.101848 -0.130396 -0.007067
0.023475 -0.112638 0.001548
0.014660 -0.113123 0.001439
0.032176 -0.112085 -0.007170
0.014414 -0.113401 -0.007600
-0.064942 -0.117658 0.000121
-0.074418 -0.121449 0.000010
-0.056229 -0.114646 -0.008300
-0.280858 -0.123998 0.001671
-0.272001 -0.128044 0.001904
-0.263059 -0.131871 0.001980
-0.254073 -0.135562 0.001902
-0.263395 -0.131038 -0.006910
-0.280930 -0.123125 -0.007152
-0.385808 -0.127801 0.007429
-0.383149 -0.118851 0.004143
-0.375932 -0.119565 -0.005158
0.275263 -0.129690 0.002043
0.265838 -0.133663 0.002707
0.281561 -0.126041 -0.006996
0.256388 -0.137528 0.003767
0.262033 -0.134422 -0.005605
0.247575 -0.141057 0.006573
0.278736 -0.126236 -0.015741
0.288065 -0.122318 -0.016106
0.268986 -0.130470 -0.015177
0.258959 -0.134674 -0.014651
0.275762 -0.126326 -0.024622
0.240527 -0.143382 0.002690
0.128245 -0.143414 0.001977
0.119408 -0.139423 0.001792
0.137126 -0.147098 0.002158
0.145978 -0.150259 0.002354
0.136795 -0.146229 -0.006716
0.119294 -0.138862 -0.007024
-0.084228 -0.125938 0.000806
-0.093696 -0.130509 0.001544
-0.076713 -0.121471 -0.008746
-0.102711 -0.134874 0.002070
-0.111275 -0.138725 0.002684
-0.096061 -0.130717 -0.006815
-0.119362 -0.142076 0.003229
-0.127230 -0.144911 0.002417
-0.113663 -0.139118 -0.004978
-0.219267 -0.148293 0.001760
-0.227691 -0.145522 0.001459
-0.210881 -0.150801 0.002243
-0.202493 -0.152949 0.002764
-0.211451 -0.150348 -0.006179
-0.245144 -0.139145 0.001702
-0.236323 -0.142478 0.001461
-0.228281 -0.144894 -0.007010
-0.245718 -0.138352 -0.006979
-0.381409 -0.137489 0.003100
0.376174 -0.141788 0.002482
0.373843 -0.149649 0.000513
0.374562 -0.134110 -0.004206
0.221761 -0.149412 -0.000084
0.231421 -0.146407 0.000476
0.240162 -0.142761 -0.007386
0.212025 -0.152216 0.000877
0.202986 -0.154559 0.002305
0.217895 -0.149938 -0.008818
0.194824 -0.156199 0.003743
0.187060 -0.156977 0.004156
0.198805 -0.155202 -0.004631
0.179537 -0.156945 0.003556
0.171652 -0.156348 0.003033
0.185780 -0.156763 -0.003745
0.163288 -0.155010 0.002780
0.154699 -0.152898 0.002587
0.170302 -0.155863 -0.004796
0.154018 -0.152109 -0.005959
0.145304 -0.148170 -0.015103
0.136683 -0.145101 -0.015498
0.161728 -0.153064 -0.013509
0.153765 -0.150815 -0.014473
0.153843 -0.149241 -0.023113
-0.143849 -0.149799 -0.000002
-0.135099 -0.147306 0.000550
-0.127273 -0.144173 -0.006638
-0.162493 -0.154452 0.002307
-0.153498 -0.152391 0.000926
-0.147481 -0.150240 -0.008765
-0.178480 -0.156214 0.004217
-0.170658 -0.155752 0.003760
-0.166637 -0.154960 -0.004649
-0.194138 -0.154634 0.003169
-0.186110 -0.155785 0.003666
-0.179719 -0.156005 -0.003720
-0.195335 -0.154397 -0.004748
-0.375268 -0.152810 0.002606
-0.372411 -0.158903 0.006065
-0.377709 -0.138929 -0.005672
-0.377467 -0.145706 -0.000599
-0.373095 -0.151661 -0.005817
0.366517 -0.162754 -0.003855
0.370607 -0.156727 -0.001537
0.371403 -0.150218 -0.008368
-0.366751 -0.164310 0.005729
0.351382 -0.175288 -0.001230
0.357247 -0.171730 -0.003567
0.361733 -0.167599 -0.006861
0.364520 -0.163077 -0.012304
0.356365 -0.171148 -0.011719
0.336325 -0.181366 0.001060
0.344277 -0.178401 0.000279
0.343873 -0.177764 -0.008477
0.319364 -0.187017 0.001597
0.327960 -0.184295 0.001461
0.327872 -0.183473 -0.007288
-0.331696 -0.181561 0.004685
-0.339537 -0.178875 0.005354
-0.323883 -0.183904 0.003422
-0.315393 -0.186383 0.002530
-0.331342 -0.180498 -0.003738
-0.347037 -0.176072 0.005851
-0.353485 -0.173950 0.008670
-0.344687 -0.175591 -0.001894
-0.360116 -0.169547 0.006694
-0.361766 -0.165680 -0.001894
0.310683 -0.189536 0.001634
0.301981 -0.191772 0.001634
0.310683 -0.188771 -0.007067
0.284578 -0.194602 0.001634
0.293279 -0.193474 0.001634
0.293280 -0.192930 -0.007067
0.267175 -0.195680 0.001634
0.275876 -0.195307 0.001634
0.275876 -0.195126 -0.007067
0.258473 -0.195801 0.001634
0.249772 -0.195811 0.001634
0.258473 -0.195781 -0.007067
0.241070 -0.195811 0.001634
0.232369 -0.195811 0.001634
0.241071 -0.195811 -0.007067
0.223668 -0.195811 0.001634
0.214966 -0.195811 0.001634
0.223668 -0.195811 -0.007067
0.197564 -0.195811 0.001634
0.206265 -0.195811 0.001634
0.206265 -0.195811 -0.007067
0.180161 -0.195811 0.001634
0.188863 -0.195811 0.001634
0.188863 -0.195811 -0.007067
0.162758 -0.195811 0.001634
0.171459 -0.195811 0.001634
0.171459 -0.195811 -0.007067
0.145355 -0.195811 0.001634
0.154057 -0.195811 0.001634
0.154056 -0.195811 -0.007067
0.127964 -0.195811 0.001646
0.136653 -0.195811 0.001634
0.136653 -0.195811 -0.007067
0.110624 -0.195756 0.001724
0.119287 -0.195811 0.001670
0.119302 -0.195794 -0.006998
0.093415 -0.195436 0.002064
0.101993 -0.195630 0.001840
0.102115 -0.195547 -0.006746
0.077062 -0.194916 0.003105
0.084968 -0.195167 0.002413
0.085083 -0.194883 -0.006171
0.062011 -0.194234 0.004018
0.069641 -0.194679 0.004006
0.069255 -0.193963 -0.004272
0.045763 -0.192935 0.002550
0.054060 -0.193594 0.003153
0.056537 -0.192980 -0.004235
0.028534 -0.191740 0.002101
0.037159 -0.192275 0.002319
0.039501 -0.190933 -0.005979
0.011045 -0.191149 0.001510
0.019885 -0.191370 0.001844
0.022424 -0.189571 -0.006169
-0.007625 -0.191395 0.000463
0.001959 -0.191125 0.001078
0.004682 -0.188713 -0.007791
-0.027338 -0.192768 -0.000169
-0.017618 -0.191933 -0.000236
-0.015128 -0.189593 -0.009203
-0.045797 -0.194680 0.001220
-0.036701 -0.193844 0.000642
-0.036364 -0.192264 -0.008972
-0.054653 -0.195202 0.001465
-0.063436 -0.195553 0.001591
-0.054589 -0.194607 -0.007414
-0.072172 -0.195743 0.001626
-0.080882 -0.195811 0.001634
-0.072155 -0.195568 -0.007093
-0.089584 -0.195811 0.001634
-0.098285 -0.195811 0.001634
-0.089584 -0.195811 -0.007067
-0.106986 -0.195811 0.001634
-0.115687 -0.195811 0.001634
-0.106986 -0.195811 -0.007067
-0.124389 -0.195811 0.001634
-0.133090 -0.195811 0.001634
-0.124389 -0.195811 -0.007067
-0.141792 -0.195811 0.001634
-0.150493 -0.195811 0.001634
-0.141792 -0.195811 -0.007067
-0.159194 -0.195811 0.001634
-0.167896 -0.195811 0.001634
-0.159194 -0.195811 -0.007067
-0.176598 -0.195811 0.001634
-0.185299 -0.195811 0.001634
-0.176598 -0.195811 -0.007067
-0.194001 -0.195811 0.001634
-0.202702 -0.195811 0.001634
-0.194001 -0.195811 -0.007067
-0.220104 -0.195811 0.001634
-0.211403 -0.195811 0.001634
-0.211403 -0.195811 -0.007067
-0.228805 -0.195811 0.001634
-0.237492 -0.195794 0.001667
-0.228794 -0.195811 -0.007055
-0.254705 -0.195657 0.001884
-0.246150 -0.195759 0.001745
-0.246123 -0.195705 -0.006915
-0.271562 -0.194932 0.002164
-0.263149 -0.195406 0.002074
-0.263082 -0.195263 -0.006440
-0.288610 -0.192910 0.002016
-0.279996 -0.194158 0.002138
-0.279277 -0.194092 -0.005832
-0.306398 -0.188884 0.002083
-0.297442 -0.191100 0.001891
-0.296207 -0.191017 -0.006653
-0.314413 -0.185907 -0.006772
0.817375 0.422084 -0.040823
0.812017 0.429499 -0.045980
0.809967 0.421511 -0.036978
0.822374 0.413821 -0.038566
0.824233 0.423796 -0.046730
0.802445 0.421598 -0.035348
0.826150 0.404417 -0.038612
0.761394 0.382929 -0.018353
0.757295 0.374652 -0.015893
0.768153 0.397636 -0.028931
0.765075 0.390737 -0.022663
0.762394 0.384430 -0.028338
0.818226 0.375047 -0.017607
0.816667 0.366808 -0.018456
0.821481 0.381066 -0.026262
0.752244 0.359801 -0.015394
0.754217 0.366794 -0.015105
0.757153 0.369039 -0.023559
-0.799615 0.364164 -0.025063
-0.795959 0.357593 -0.019653
-0.787142 0.342886 -0.009941
-0.791803 0.350300 -0.014513
-0.792641 0.351838 -0.023833
-0.809366 0.375778 -0.032661
-0.804067 0.370229 -0.029292
-0.800086 0.366248 -0.032693
-0.861021 0.366233 -0.038865
-0.859790 0.359334 -0.036490
-0.855381 0.384164 -0.040382
-0.859747 0.378887 -0.041113
-0.864746 0.378405 -0.047729
-0.862486 0.372808 -0.042303
-0.864863 0.367261 -0.045556
0.810871 0.352519 -0.015866
0.807032 0.344984 -0.010892
0.814455 0.359754 -0.021184
0.818128 0.366871 -0.026823
0.810835 0.353029 -0.024358
0.750258 0.347117 -0.012982
0.750716 0.353420 -0.014536
0.753755 0.355054 -0.020788
-0.784553 0.336669 -0.013262
-0.855287 0.350572 -0.027040
-0.852422 0.349025 -0.019929
-0.851072 0.342777 -0.017671
-0.858338 0.352099 -0.034687
-0.856369 0.344745 -0.033220
-0.861707 0.353754 -0.042960
0.803651 0.339295 -0.013970
0.750206 0.332021 -0.008139
0.750648 0.340212 -0.011552
0.753941 0.343783 -0.018614
-0.851499 0.337248 -0.023109
-0.849036 0.336464 -0.015428
-0.846190 0.329386 -0.014366
-0.853554 0.337572 -0.031488
-0.849923 0.330792 -0.028119
-0.855984 0.339039 -0.039854
0.794149 0.329195 -0.013695
0.787564 0.321631 -0.008597
0.799628 0.335315 -0.016885
0.803511 0.341070 -0.021190
0.796364 0.334590 -0.021420
0.748646 0.323292 -0.002782
0.755346 0.326230 -0.010664
-0.780865 0.319839 -0.013326
-0.782478 0.329041 -0.014455
-0.786590 0.336650 -0.021326
-0.842666 0.321838 -0.014041
-0.839070 0.314405 -0.011339
-0.845778 0.325126 -0.022149
0.779988 0.320278 -0.011457
0.771090 0.320042 -0.012382
0.762367 0.321881 -0.011885
0.779203 0.327453 -0.020501
0.762682 0.330550 -0.019252
-0.780551 0.298965 -0.009830
-0.780495 0.309480 -0.011832
-0.785342 0.317665 -0.021135
-0.835443 0.308776 -0.015771
-0.783893 0.281581 -0.003125
-0.781232 0.289441 -0.006441
-0.786246 0.295576 -0.013362
-0.829702 0.302940 -0.016760
-0.823379 0.297868 -0.015934
-0.832700 0.309321 -0.024573
-0.790282 0.282541 -0.006537
-0.796544 0.284819 -0.009553
-0.803170 0.287324 -0.011804
-0.791520 0.290374 -0.012858
-0.816886 0.293750 -0.014868
-0.810098 0.290157 -0.013590
-0.804556 0.294721 -0.019691
-0.818613 0.300139 -0.023473
0.366461 -0.113832 -0.005769
0.360125 -0.110690 -0.008384
0.369769 -0.120177 -0.008504
0.352922 -0.109086 -0.010863
0.344890 -0.109090 -0.013588
0.358219 -0.112792 -0.017218
0.337298 -0.109573 -0.015816
0.330248 -0.110247 -0.017588
0.344131 -0.110193 -0.022535
0.329313 -0.110573 -0.025206
0.067042 -0.114836 -0.015769
0.075744 -0.117697 -0.015769
0.084445 -0.121423 -0.015769
0.093147 -0.125623 -0.015769
0.084437 -0.120973 -0.024479
0.049631 -0.111903 -0.015794
0.058341 -0.112893 -0.015769
0.067005 -0.114631 -0.024487
0.032088 -0.112268 -0.016094
0.040895 -0.111723 -0.015872
0.049545 -0.111926 -0.024565
-0.024208 -0.112849 -0.014446
-0.015251 -0.113831 -0.015765
-0.005518 -0.114652 -0.017195
0.004235 -0.114746 -0.017631
-0.008706 -0.115557 -0.025025
-0.040035 -0.112117 -0.013841
-0.032351 -0.112166 -0.013544
-0.026793 -0.113213 -0.021644
-0.055280 -0.113965 -0.017501
-0.047576 -0.112806 -0.015483
-0.039408 -0.112529 -0.022145
-0.306340 -0.112494 -0.016672
-0.314562 -0.110414 -0.017055
-0.297982 -0.115267 -0.016335
-0.289524 -0.118481 -0.016050
-0.298101 -0.114513 -0.024824
-0.322348 -0.109039 -0.017674
-0.329721 -0.108203 -0.018450
-0.314852 -0.110267 -0.025317
-0.337253 -0.107695 -0.018376
-0.344919 -0.107688 -0.017534
-0.330863 -0.108616 -0.025945
-0.353029 -0.108821 -0.016938
-0.360974 -0.111263 -0.016818
-0.346632 -0.109387 -0.025791
0.294867 -0.118815 -0.025485
0.101848 -0.129963 -0.015769
0.110550 -0.134254 -0.015769
0.101848 -0.129379 -0.024470
0.013875 -0.114044 -0.017040
0.023165 -0.113164 -0.016475
0.031919 -0.112708 -0.025197
0.013209 -0.115324 -0.027071
-0.080086 -0.121780 -0.016809
-0.070614 -0.117729 -0.018111
-0.065825 -0.115094 -0.027114
-0.061733 -0.114758 -0.020999
-0.053386 -0.112979 -0.026493
-0.083212 -0.122065 -0.024905
-0.089608 -0.126331 -0.015876
-0.076766 -0.118301 -0.033728
-0.085766 -0.122238 -0.033272
-0.060366 -0.113378 -0.035270
-0.068327 -0.115301 -0.034489
-0.070401 -0.115526 -0.042220
-0.272272 -0.126030 -0.015775
-0.280947 -0.122073 -0.015871
-0.254789 -0.133790 -0.015708
-0.263548 -0.130029 -0.015725
-0.263615 -0.128768 -0.024449
-0.280963 -0.120983 -0.024539
-0.298222 -0.113727 -0.033367
-0.289623 -0.116571 -0.033265
-0.272313 -0.123433 -0.033172
-0.280978 -0.119821 -0.033208
-0.281035 -0.118543 -0.041869
-0.371020 -0.120402 -0.014909
-0.374766 -0.127659 -0.012912
-0.360424 -0.114564 -0.027021
-0.366161 -0.115801 -0.019197
-0.367958 -0.122253 -0.025106
0.371925 -0.135318 -0.013547
0.371649 -0.127344 -0.010946
0.367445 -0.121965 -0.017283
0.239494 -0.141993 -0.017480
0.248968 -0.138587 -0.015365
0.256580 -0.134384 -0.024383
0.119260 -0.138239 -0.015760
0.127975 -0.141827 -0.015682
0.136669 -0.143972 -0.024241
0.119251 -0.137476 -0.024470
-0.099149 -0.131112 -0.015064
-0.108711 -0.135816 -0.014074
-0.102635 -0.131608 -0.023442
-0.118092 -0.140155 -0.011654
-0.105219 -0.131685 -0.032520
-0.095298 -0.126844 -0.032876
-0.087950 -0.122447 -0.041888
-0.124921 -0.142177 -0.016193
-0.220057 -0.146766 -0.015213
-0.228604 -0.143906 -0.015567
-0.203775 -0.151759 -0.013552
-0.211668 -0.149412 -0.014576
-0.211600 -0.148123 -0.023165
-0.237290 -0.140814 -0.015701
-0.246035 -0.137396 -0.015720
-0.228767 -0.142705 -0.024258
-0.246204 -0.136277 -0.024437
-0.254979 -0.131316 -0.033119
-0.263648 -0.127393 -0.033135
-0.237618 -0.138255 -0.033092
-0.246319 -0.134919 -0.033112
-0.246449 -0.133389 -0.041702
-0.376074 -0.134977 -0.012207
-0.374562 -0.142134 -0.013329
-0.372955 -0.134117 -0.020172
0.371117 -0.143269 -0.015635
0.369055 -0.150946 -0.017592
0.369829 -0.136277 -0.022859
0.211856 -0.150542 -0.016814
0.222313 -0.147468 -0.018771
0.225862 -0.145183 -0.027510
0.231613 -0.144298 -0.021350
0.239380 -0.140804 -0.026864
0.204626 -0.150838 -0.024226
0.201430 -0.153395 -0.013921
0.192778 -0.155525 -0.009891
0.230367 -0.142646 -0.034521
0.223013 -0.144763 -0.034549
0.197210 -0.150489 -0.031462
0.207673 -0.148084 -0.034715
0.216285 -0.145717 -0.037607
0.210333 -0.145673 -0.043476
0.222714 -0.143156 -0.042327
0.185346 -0.155744 -0.011914
0.169192 -0.154913 -0.012285
0.177150 -0.155794 -0.011824
0.183050 -0.154549 -0.019223
0.169306 -0.153361 -0.020066
-0.153227 -0.150726 -0.017028
-0.142472 -0.147724 -0.018903
-0.137745 -0.145132 -0.028218
-0.132247 -0.144241 -0.021011
-0.122638 -0.140162 -0.025888
-0.160309 -0.150909 -0.024626
-0.163855 -0.153302 -0.014054
-0.172640 -0.155090 -0.009936
-0.131532 -0.142137 -0.036065
-0.140082 -0.144710 -0.036283
-0.156937 -0.148417 -0.035443
-0.167734 -0.150544 -0.031936
-0.147754 -0.146108 -0.038845
-0.153878 -0.146236 -0.044724
-0.140778 -0.143702 -0.044099
-0.180095 -0.155076 -0.011941
-0.188346 -0.154838 -0.011819
-0.196338 -0.153709 -0.012287
-0.182347 -0.153957 -0.019289
-0.196152 -0.152478 -0.020090
-0.368406 -0.155353 -0.012411
-0.371825 -0.148961 -0.013909
-0.371054 -0.145243 -0.020351
0.365791 -0.158078 -0.019605
0.361461 -0.164117 -0.020684
0.366692 -0.151730 -0.027009
-0.356106 -0.167514 -0.009991
-0.363343 -0.161650 -0.010638
-0.363121 -0.158234 -0.019971
0.356213 -0.169338 -0.019868
0.350405 -0.173545 -0.018271
0.356719 -0.166437 -0.028156
0.343624 -0.176830 -0.017130
0.335960 -0.179749 -0.016409
0.343536 -0.175550 -0.025719
0.327806 -0.182599 -0.016004
0.319320 -0.185387 -0.015829
0.327764 -0.181633 -0.024690
0.301981 -0.190291 -0.015769
0.310683 -0.187945 -0.015769
0.310683 -0.187049 -0.024470
-0.331857 -0.178782 -0.013115
-0.339484 -0.176448 -0.008825
-0.322635 -0.182123 -0.015445
-0.312958 -0.185464 -0.016212
-0.331038 -0.177587 -0.023119
-0.347885 -0.172299 -0.010262
-0.351301 -0.167876 -0.019161
0.293279 -0.192346 -0.015769
0.284578 -0.193897 -0.015769
0.293280 -0.191702 -0.024470
0.267175 -0.195489 -0.015769
0.275876 -0.194905 -0.015769
0.275876 -0.194633 -0.024470
0.249772 -0.195801 -0.015769
0.258473 -0.195740 -0.015769
0.258473 -0.195680 -0.024470
0.232369 -0.195811 -0.015769
0.241070 -0.195811 -0.015769
0.241071 -0.195811 -0.024470
0.214966 -0.195811 -0.015769
0.223668 -0.195811 -0.015769
0.223668 -0.195811 -0.024470
0.206265 -0.195811 -0.015769
0.197564 -0.195811 -0.015769
0.206265 -0.195811 -0.024470
0.188863 -0.195811 -0.015769
0.180161 -0.195811 -0.015769
0.188863 -0.195811 -0.024470
0.171459 -0.195811 -0.015769
0.162758 -0.195811 -0.015769
0.171459 -0.195811 -0.024470
0.154057 -0.195811 -0.015769
0.145355 -0.195811 -0.015769
0.154056 -0.195811 -0.024470
0.136653 -0.195811 -0.015769
0.127968 -0.195794 -0.015736
0.136666 -0.195811 -0.024458
0.119309 -0.195759 -0.015658
0.110746 -0.195660 -0.015510
0.119337 -0.195705 -0.024318
0.102279 -0.195440 -0.015274
0.093805 -0.195079 -0.015032
0.102352 -0.195272 -0.023816
0.085349 -0.194581 -0.014740
0.076577 -0.193823 -0.014201
0.085979 -0.194316 -0.022881
0.067901 -0.192896 -0.013197
0.060938 -0.192579 -0.010212
0.068175 -0.192095 -0.022279
0.052057 -0.191113 -0.013208
0.042571 -0.189642 -0.014244
0.033563 -0.188492 -0.014342
0.046438 -0.188388 -0.022822
0.025320 -0.187793 -0.013865
0.016860 -0.186985 -0.014544
0.027364 -0.185482 -0.022328
0.008017 -0.186052 -0.016421
-0.001310 -0.185938 -0.017450
0.012741 -0.183680 -0.023893
-0.011370 -0.186738 -0.017719
-0.021263 -0.187679 -0.018612
-0.007913 -0.183464 -0.026575
-0.037211 -0.190471 -0.018341
-0.045796 -0.192228 -0.017031
-0.030400 -0.188373 -0.021531
-0.026208 -0.185863 -0.027600
-0.039095 -0.188702 -0.027341
-0.054662 -0.193695 -0.016306
-0.063391 -0.194661 -0.015974
-0.054876 -0.192407 -0.025180
-0.072149 -0.195266 -0.015824
-0.080873 -0.195623 -0.015777
-0.072156 -0.194796 -0.024567
-0.089584 -0.195771 -0.015769
-0.098285 -0.195811 -0.015769
-0.089584 -0.195680 -0.024470
-0.115687 -0.195811 -0.015769
-0.106986 -0.195811 -0.015769
-0.106986 -0.195811 -0.024470
-0.133090 -0.195811 -0.015769
-0.124389 -0.195811 -0.015769
-0.124389 -0.195811 -0.024470
-0.150493 -0.195811 -0.015769
-0.141792 -0.195811 -0.015769
-0.141792 -0.195811 -0.024470
-0.167896 -0.195811 -0.015769
-0.159194 -0.195811 -0.015769
-0.159194 -0.195811 -0.024470
-0.185299 -0.195811 -0.015769
-0.176598 -0.195811 -0.015769
-0.176598 -0.195811 -0.024470
-0.202702 -0.195811 -0.015769
-0.194001 -0.195811 -0.015769
-0.194001 -0.195811 -0.024470
-0.220092 -0.195811 -0.015756
-0.211403 -0.195811 -0.015769
-0.211403 -0.195811 -0.024470
-0.228769 -0.195811 -0.015732
-0.237432 -0.195756 -0.015679
-0.228754 -0.195794 -0.024401
-0.246064 -0.195630 -0.015563
-0.254641 -0.195407 -0.015339
-0.245942 -0.195547 -0.024149
-0.263088 -0.195037 -0.014990
-0.271008 -0.194580 -0.014309
-0.262974 -0.194778 -0.023575
-0.278480 -0.193961 -0.013446
-0.286234 -0.192827 -0.013554
-0.278860 -0.193357 -0.021731
-0.294430 -0.191004 -0.014614
-0.303368 -0.188498 -0.015607
-0.291835 -0.191092 -0.021970
-0.310304 -0.185446 -0.024833
0.820132 0.439096 -0.057006
0.825014 0.432798 -0.053491
0.826027 0.440736 -0.060188
0.829803 0.427232 -0.053025
0.831428 0.441179 -0.063571
0.827619 0.447776 -0.067369
0.836442 0.440523 -0.067376
0.833714 0.433285 -0.059948
0.834525 0.424275 -0.056552
0.806432 0.435572 -0.052680
0.813498 0.437403 -0.054524
0.814700 0.444824 -0.062626
0.797408 0.426663 -0.043121
0.794982 0.420592 -0.034542
0.787956 0.418118 -0.034185
0.799373 0.433123 -0.051626
0.792451 0.429795 -0.051627
0.800894 0.439674 -0.060144
0.783939 0.419703 -0.043118
0.781496 0.414282 -0.034261
0.775716 0.409324 -0.034732
0.780486 0.419403 -0.052435
0.786046 0.425212 -0.052307
0.788152 0.431158 -0.060466
0.773545 0.408346 -0.043485
0.770969 0.403509 -0.035904
0.772218 0.405626 -0.051830
0.775885 0.412611 -0.051975
0.777875 0.416424 -0.061080
0.767473 0.397272 -0.037874
0.821587 0.374952 -0.031974
0.824595 0.384352 -0.035970
0.827958 0.394909 -0.040989
0.831544 0.405650 -0.047993
0.828290 0.386775 -0.046196
0.763587 0.385055 -0.037157
0.761780 0.378122 -0.034396
0.767545 0.395679 -0.045617
0.765514 0.391066 -0.040603
0.765147 0.385204 -0.044850
-0.822584 0.385523 -0.037351
-0.814794 0.381664 -0.037746
-0.819651 0.387827 -0.045361
-0.809026 0.378019 -0.040493
-0.831692 0.387922 -0.037526
-0.815545 0.386810 -0.051518
-0.822493 0.393421 -0.054199
-0.805179 0.374465 -0.044332
-0.809731 0.380503 -0.048399
-0.811615 0.383434 -0.056531
-0.840731 0.388608 -0.037702
-0.838763 0.395070 -0.046138
-0.848758 0.387595 -0.038917
-0.837830 0.402113 -0.055530
-0.846987 0.402150 -0.054512
-0.829963 0.401037 -0.058814
-0.837713 0.409204 -0.065442
-0.823755 0.398751 -0.063332
-0.855782 0.391676 -0.047257
-0.855971 0.400207 -0.054929
-0.863235 0.395820 -0.055959
-0.855446 0.408725 -0.063210
-0.870043 0.398598 -0.063835
-0.868645 0.390088 -0.058161
-0.872851 0.384355 -0.062492
-0.868272 0.382003 -0.054688
-0.868628 0.375138 -0.053286
0.819332 0.367749 -0.035372
0.760279 0.370707 -0.032212
0.758840 0.363220 -0.030147
0.763074 0.372169 -0.040311
0.806054 0.346920 -0.027146
0.809746 0.353364 -0.032595
0.814932 0.360582 -0.037515
0.819275 0.367258 -0.043366
0.809908 0.354934 -0.040603
0.757549 0.356106 -0.027607
0.756086 0.349406 -0.024100
0.762371 0.357590 -0.035650
-0.790559 0.345107 -0.027902
-0.794191 0.353558 -0.033028
-0.789503 0.336889 -0.030129
-0.797492 0.361406 -0.036408
-0.801138 0.368378 -0.040068
-0.796534 0.356960 -0.041514
0.800905 0.340876 -0.026659
0.758851 0.343313 -0.025309
0.794943 0.337996 -0.028393
0.777518 0.334023 -0.028726
0.786389 0.335171 -0.028686
0.792961 0.342964 -0.037103
0.763181 0.338106 -0.026048
0.769674 0.334822 -0.027516
0.775374 0.340599 -0.035829
0.764950 0.345193 -0.033232
-0.790764 0.316885 -0.028961
-0.789424 0.327020 -0.030319
-0.793300 0.336667 -0.039116
-0.846127 0.324187 -0.031388
-0.792281 0.299033 -0.019182
-0.799037 0.300826 -0.024158
-0.794086 0.308080 -0.026876
-0.797096 0.317475 -0.036310
-0.827827 0.310069 -0.032932
-0.834886 0.314633 -0.033308
-0.846322 0.325253 -0.041381
-0.841113 0.319780 -0.035687
-0.836328 0.318590 -0.042913
-0.806188 0.302420 -0.027965
-0.813294 0.304245 -0.030561
-0.820465 0.306652 -0.032225
-0.808227 0.310380 -0.036997
-0.822650 0.312836 -0.041022
0.362454 -0.117531 -0.022457
0.356756 -0.114155 -0.026237
0.365623 -0.123178 -0.026428
0.343474 -0.110761 -0.030979
0.350391 -0.111906 -0.029002
0.355486 -0.114915 -0.034880
0.336108 -0.110433 -0.032209
0.328369 -0.110714 -0.033025
0.342559 -0.111100 -0.038825
0.320180 -0.111678 -0.033621
0.311438 -0.113346 -0.034244
0.327661 -0.110835 -0.041275
0.066861 -0.114469 -0.033241
0.075623 -0.117012 -0.033232
0.084382 -0.120390 -0.033215
0.093121 -0.124372 -0.033197
0.084229 -0.119827 -0.042030
0.049346 -0.112142 -0.033414
0.058088 -0.112801 -0.033266
0.066524 -0.114446 -0.042056
0.031834 -0.113677 -0.034667
0.040589 -0.112409 -0.033775
0.048977 -0.112666 -0.042311
-0.031148 -0.113583 -0.027549
-0.022720 -0.115035 -0.030197
-0.013634 -0.116514 -0.031488
-0.004215 -0.118233 -0.034154
-0.018039 -0.118120 -0.038638
-0.037792 -0.113415 -0.031002
-0.045472 -0.112776 -0.033153
-0.052865 -0.112595 -0.034901
-0.037672 -0.114279 -0.040121
-0.054105 -0.112788 -0.042646
-0.315166 -0.110113 -0.033681
-0.306740 -0.111542 -0.033507
-0.298336 -0.112970 -0.041954
-0.331745 -0.109052 -0.033974
-0.323525 -0.109278 -0.033810
-0.315479 -0.109923 -0.042135
-0.347552 -0.111269 -0.034866
-0.339804 -0.109606 -0.034254
-0.332233 -0.109560 -0.042577
-0.359890 -0.118342 -0.036423
-0.354381 -0.114208 -0.036041
-0.347691 -0.113212 -0.044417
0.302202 -0.115637 -0.034987
0.292517 -0.118629 -0.034950
0.310316 -0.113080 -0.043577
0.282454 -0.122285 -0.034139
0.272605 -0.126279 -0.033591
0.289247 -0.118582 -0.043911
0.101840 -0.128566 -0.033180
0.110550 -0.132682 -0.033172
0.101805 -0.127540 -0.041916
0.013398 -0.117735 -0.037500
0.022829 -0.115579 -0.036117
0.031957 -0.115205 -0.044338
0.013888 -0.121747 -0.047343
0.004854 -0.120139 -0.039715
-0.002837 -0.121937 -0.043545
-0.263693 -0.125901 -0.041809
-0.364356 -0.123341 -0.034718
-0.367571 -0.128785 -0.031687
-0.360190 -0.123145 -0.043776
0.368166 -0.136886 -0.031993
0.367549 -0.129718 -0.029584
0.364050 -0.123953 -0.035380
0.263114 -0.130263 -0.033542
0.253849 -0.134005 -0.033701
0.269224 -0.126105 -0.042628
0.245292 -0.137289 -0.034225
0.237776 -0.140050 -0.034824
0.250383 -0.133615 -0.042711
0.234004 -0.139951 -0.041494
0.136702 -0.142763 -0.032998
0.145449 -0.145303 -0.032632
0.154131 -0.147647 -0.031929
0.162610 -0.149682 -0.030517
0.154265 -0.145925 -0.040835
0.119251 -0.136530 -0.033172
0.127969 -0.139920 -0.033134
0.136670 -0.141466 -0.041728
0.119239 -0.135317 -0.041861
-0.114487 -0.135900 -0.033335
-0.122892 -0.139156 -0.035195
-0.106873 -0.131376 -0.042506
-0.125061 -0.138868 -0.043422
-0.220097 -0.144052 -0.032667
-0.228878 -0.141293 -0.032998
-0.211353 -0.146628 -0.031991
-0.202824 -0.148917 -0.030595
-0.211310 -0.144849 -0.040978
-0.229080 -0.139716 -0.041679
-0.369338 -0.134727 -0.028621
-0.370309 -0.140538 -0.025203
-0.365725 -0.135600 -0.037651
0.364940 -0.151755 -0.036429
0.367305 -0.144430 -0.034037
0.366442 -0.137437 -0.041271
0.186937 -0.152264 -0.027964
0.189690 -0.149466 -0.038337
0.177646 -0.153118 -0.024833
0.214693 -0.143167 -0.050280
0.206932 -0.144772 -0.050318
0.191342 -0.146801 -0.048707
0.181514 -0.148249 -0.043822
0.199745 -0.145160 -0.052779
0.193075 -0.144511 -0.057746
0.206207 -0.142895 -0.058202
0.170547 -0.151436 -0.028294
0.171771 -0.149374 -0.037369
0.163284 -0.145719 -0.048904
0.154135 -0.144064 -0.049789
0.172613 -0.147069 -0.047202
0.172358 -0.144736 -0.056858
-0.175306 -0.149487 -0.038851
-0.178301 -0.152003 -0.028187
-0.187733 -0.152556 -0.024913
-0.149237 -0.144147 -0.051953
-0.156832 -0.145337 -0.052139
-0.173457 -0.147009 -0.049545
-0.183582 -0.148097 -0.044352
-0.164581 -0.145683 -0.054078
-0.171357 -0.144822 -0.059140
-0.157794 -0.143879 -0.059868
-0.194848 -0.150835 -0.028375
-0.193557 -0.148905 -0.037602
-0.202234 -0.144853 -0.049291
-0.211613 -0.142832 -0.050017
-0.192660 -0.146611 -0.047692
-0.193016 -0.144149 -0.057570
-0.366754 -0.147547 -0.027867
0.350632 -0.169491 -0.035395
0.356778 -0.163971 -0.037011
0.361232 -0.157776 -0.040379
0.363779 -0.151244 -0.045399
0.356234 -0.162214 -0.046355
-0.361812 -0.154838 -0.029035
-0.356344 -0.161791 -0.026445
-0.348096 -0.166668 -0.029321
-0.361638 -0.149908 -0.036613
0.335880 -0.177556 -0.033727
0.343537 -0.174062 -0.034386
0.343588 -0.172274 -0.043159
0.319298 -0.183353 -0.033225
0.327749 -0.180527 -0.033380
0.327763 -0.179324 -0.042075
0.310683 -0.186042 -0.033172
0.301981 -0.188580 -0.033172
0.310683 -0.184974 -0.041873
0.028627 -0.182625 -0.031907
0.019719 -0.182193 -0.029186
0.050106 -0.187143 -0.032345
0.039097 -0.184673 -0.032867
0.031227 -0.180138 -0.041799
0.010881 -0.179851 -0.033680
-0.006350 -0.179908 -0.035623
-0.015303 -0.181501 -0.035004
0.008401 -0.175001 -0.043525
0.001855 -0.178111 -0.038056
-0.006480 -0.176059 -0.044706
-0.032070 -0.184782 -0.035784
-0.023994 -0.183105 -0.035154
-0.022674 -0.180229 -0.043318
-0.047181 -0.188978 -0.034647
-0.039775 -0.186822 -0.035634
-0.039119 -0.184705 -0.043321
-0.338695 -0.172210 -0.030826
-0.329710 -0.176710 -0.032798
-0.315527 -0.182659 -0.033640
-0.306173 -0.185883 -0.032615
-0.319607 -0.179949 -0.041543
-0.323067 -0.179398 -0.035766
-0.328635 -0.175941 -0.041185
-0.344822 -0.166422 -0.039381
0.293279 -0.190986 -0.033172
0.284578 -0.192960 -0.033172
0.293280 -0.190131 -0.041873
0.267175 -0.195126 -0.033172
0.275876 -0.194290 -0.033172
0.275876 -0.193867 -0.041873
0.249772 -0.195771 -0.033172
0.258473 -0.195590 -0.033172
0.258473 -0.195458 -0.041873
0.241070 -0.195811 -0.033172
0.232369 -0.195811 -0.033172
0.241071 -0.195811 -0.041873
0.223668 -0.195811 -0.033172
0.214966 -0.195811 -0.033172
0.223668 -0.195811 -0.041873
0.206265 -0.195811 -0.033172
0.197564 -0.195811 -0.033172
0.206265 -0.195811 -0.041873
0.188863 -0.195811 -0.033172
0.180161 -0.195811 -0.033172
0.188863 -0.195811 -0.041873
0.171459 -0.195811 -0.033172
0.162758 -0.195811 -0.033172
0.171459 -0.195811 -0.041873
0.145367 -0.195811 -0.033159
0.154057 -0.195811 -0.033172
0.154056 -0.195811 -0.041873
0.136690 -0.195811 -0.033135
0.128027 -0.195756 -0.033082
0.136705 -0.195794 -0.041804
0.119396 -0.195630 -0.032966
0.110818 -0.195407 -0.032742
0.119518 -0.195547 -0.041552
0.102363 -0.195040 -0.032384
0.094405 -0.194595 -0.031665
0.102486 -0.194778 -0.040977
0.086840 -0.194051 -0.030668
0.078913 -0.193099 -0.030547
0.086544 -0.193413 -0.039041
0.070290 -0.191615 -0.031107
0.060654 -0.189596 -0.031474
0.073259 -0.191403 -0.039014
0.054014 -0.186493 -0.041691
-0.063558 -0.192758 -0.033524
-0.055086 -0.190980 -0.033912
-0.055250 -0.189450 -0.042496
-0.072180 -0.194099 -0.033292
-0.080877 -0.194975 -0.033201
-0.072222 -0.193215 -0.042001
-0.089584 -0.195499 -0.033172
-0.098285 -0.195740 -0.033172
-0.089583 -0.195186 -0.041873
-0.106986 -0.195801 -0.033172
-0.115687 -0.195811 -0.033172
-0.106986 -0.195781 -0.041873
-0.124389 -0.195811 -0.033172
-0.133090 -0.195811 -0.033172
-0.124389 -0.195811 -0.041873
-0.141792 -0.195811 -0.033172
-0.150493 -0.195811 -0.033172
-0.141792 -0.195811 -0.041873
-0.159194 -0.195811 -0.033172
-0.167896 -0.195811 -0.033172
-0.159194 -0.195811 -0.041873
-0.176598 -0.195811 -0.033172
-0.185299 -0.195811 -0.033172
-0.176598 -0.195811 -0.041873
-0.194001 -0.195811 -0.033172
-0.202702 -0.195811 -0.033172
-0.194001 -0.195811 -0.041873
-0.211403 -0.195811 -0.033172
-0.220089 -0.195794 -0.033139
-0.211391 -0.195811 -0.041861
-0.237311 -0.195660 -0.032912
-0.228747 -0.195759 -0.033061
-0.228720 -0.195705 -0.041721
-0.254251 -0.195062 -0.032435
-0.245778 -0.195440 -0.032676
-0.245705 -0.195272 -0.041219
-0.271496 -0.193571 -0.031629
-0.262708 -0.194500 -0.032143
-0.262078 -0.194264 -0.040283
-0.287289 -0.191445 -0.027807
-0.280219 -0.192333 -0.030685
-0.279940 -0.191651 -0.039758
-0.296287 -0.188981 -0.031068
-0.301763 -0.186138 -0.040737
0.822894 0.453729 -0.072539
0.829396 0.454877 -0.075019
0.835584 0.455471 -0.078498
0.831503 0.461930 -0.083051
0.838930 0.448058 -0.075062
0.841388 0.455954 -0.083213
0.841216 0.439891 -0.072646
0.808992 0.449354 -0.069572
0.815971 0.451929 -0.070834
0.817614 0.458777 -0.079083
0.795980 0.441971 -0.067970
0.802263 0.445920 -0.068689
0.803584 0.452004 -0.077661
0.791771 0.441965 -0.075744
0.790274 0.437246 -0.067679
0.785336 0.431806 -0.069294
0.835203 0.414944 -0.055421
0.835923 0.405959 -0.056453
0.839044 0.423074 -0.063205
0.768169 0.392332 -0.052516
0.769701 0.398885 -0.052099
0.771928 0.401408 -0.059495
-0.837672 0.415559 -0.074123
-0.845186 0.416880 -0.072586
-0.832640 0.414111 -0.076366
-0.837056 0.419521 -0.080313
-0.830579 0.414520 -0.081000
-0.827890 0.409029 -0.076200
-0.824186 0.402571 -0.071404
-0.818929 0.394630 -0.067652
-0.823509 0.403865 -0.078374
-0.853990 0.416696 -0.071663
-0.863121 0.414962 -0.072333
-0.852178 0.423592 -0.080214
-0.873065 0.405660 -0.070464
-0.875996 0.399243 -0.070246
-0.871530 0.412779 -0.074837
-0.877891 0.410205 -0.077928
-0.869999 0.420792 -0.082140
-0.879084 0.393178 -0.073003
-0.880847 0.399645 -0.076245
-0.881892 0.405747 -0.079862
-0.882792 0.410882 -0.084671
-0.884462 0.400245 -0.082332
0.832005 0.389610 -0.056017
0.827462 0.380554 -0.053048
0.839293 0.405981 -0.064356
0.835856 0.398286 -0.059134
0.835372 0.392640 -0.063927
0.766214 0.380044 -0.050088
0.767059 0.386036 -0.051957
0.769217 0.387830 -0.058402
-0.802386 0.369644 -0.047618
-0.875467 0.378312 -0.067656
-0.877268 0.385941 -0.070260
-0.881143 0.387134 -0.077272
0.822365 0.372143 -0.051087
0.817372 0.364976 -0.050510
0.825195 0.375868 -0.060023
0.766290 0.366968 -0.046074
0.765714 0.373827 -0.047896
0.768785 0.375277 -0.055490
-0.870748 0.370391 -0.058094
-0.868088 0.368891 -0.051747
-0.866636 0.362635 -0.050836
-0.871011 0.364505 -0.062149
-0.873387 0.371088 -0.065063
-0.876210 0.371965 -0.073129
0.812056 0.358648 -0.048650
0.805851 0.353338 -0.046214
0.813911 0.362922 -0.056639
0.767358 0.352607 -0.040049
0.767699 0.359878 -0.044166
0.771214 0.363808 -0.052414
-0.797891 0.354672 -0.048602
-0.799873 0.362898 -0.049111
-0.803964 0.370250 -0.055494
-0.864917 0.355849 -0.051072
-0.862446 0.348830 -0.050305
-0.868056 0.359148 -0.057666
0.798409 0.349767 -0.045767
0.789375 0.347941 -0.045806
0.803177 0.355596 -0.054461
0.772043 0.347150 -0.040413
0.780096 0.347650 -0.044359
0.785743 0.353855 -0.053551
-0.797945 0.335962 -0.047790
-0.797140 0.345545 -0.048113
-0.800919 0.353820 -0.057238
-0.854806 0.335200 -0.047327
-0.858924 0.341796 -0.048298
-0.861177 0.344303 -0.057369
-0.803957 0.318154 -0.042665
-0.800411 0.326755 -0.046294
-0.803271 0.335837 -0.056090
-0.844828 0.325872 -0.050828
-0.850261 0.329925 -0.048650
-0.853729 0.334177 -0.056366
-0.810880 0.318150 -0.046683
-0.825235 0.318404 -0.049815
-0.817974 0.317816 -0.048643
-0.814169 0.324240 -0.055860
-0.832170 0.320051 -0.050824
-0.838630 0.322564 -0.051557
-0.828037 0.323468 -0.058523
-0.841916 0.326911 -0.059179
0.354047 -0.115378 -0.043056
0.359411 -0.119095 -0.040018
0.362230 -0.124583 -0.044462
0.341633 -0.111373 -0.046303
0.348073 -0.112776 -0.044719
0.351902 -0.115466 -0.050818
0.327268 -0.110989 -0.049650
0.334802 -0.110960 -0.048142
0.341484 -0.112334 -0.053957
0.310602 -0.112448 -0.052792
0.318928 -0.111479 -0.051073
0.327051 -0.111130 -0.058200
0.074885 -0.116655 -0.050961
0.065935 -0.114675 -0.050904
0.092830 -0.122722 -0.050873
0.083888 -0.119378 -0.050952
0.083312 -0.119215 -0.060216
0.057081 -0.113578 -0.050886
0.048563 -0.113529 -0.051091
0.064869 -0.115299 -0.059678
0.040396 -0.114603 -0.051837
0.033081 -0.116775 -0.053381
0.048039 -0.114960 -0.059696
-0.030374 -0.117520 -0.048072
-0.039435 -0.115095 -0.049420
-0.011422 -0.122303 -0.046491
-0.020851 -0.120531 -0.047302
-0.024311 -0.122403 -0.056624
-0.047784 -0.113576 -0.050296
-0.055849 -0.113135 -0.050562
-0.041958 -0.115830 -0.058254
-0.063983 -0.113948 -0.050449
-0.072246 -0.115918 -0.050284
-0.057939 -0.113735 -0.058512
-0.298417 -0.112210 -0.050575
-0.289773 -0.114426 -0.050535
-0.281125 -0.117210 -0.050516
-0.272456 -0.120498 -0.050500
-0.281245 -0.115897 -0.059096
-0.315655 -0.109746 -0.050722
-0.307050 -0.110658 -0.050632
-0.298457 -0.111480 -0.059219
-0.332340 -0.110019 -0.051413
-0.324161 -0.109491 -0.050926
-0.315715 -0.109589 -0.059421
-0.346857 -0.114509 -0.054175
-0.340042 -0.111656 -0.052399
-0.332070 -0.110452 -0.060419
0.294781 -0.115599 -0.053433
0.285014 -0.118688 -0.052349
0.299346 -0.113364 -0.062479
0.303788 -0.113157 -0.056226
0.312071 -0.111492 -0.061684
0.275096 -0.122148 -0.051824
0.280987 -0.118575 -0.061281
0.265238 -0.125885 -0.051840
0.304888 -0.111719 -0.070531
0.296507 -0.113260 -0.070450
0.287189 -0.115412 -0.070776
0.277146 -0.118218 -0.070637
0.294274 -0.112930 -0.079276
0.110478 -0.130261 -0.050623
0.101692 -0.126454 -0.050732
0.101505 -0.125391 -0.059666
0.021257 -0.123314 -0.055086
0.013913 -0.127598 -0.055760
0.035086 -0.118550 -0.061470
0.028323 -0.120160 -0.056749
0.026769 -0.124713 -0.062805
-0.003037 -0.126982 -0.052413
0.006229 -0.131822 -0.057400
-0.002629 -0.134098 -0.060119
0.015046 -0.134939 -0.063300
-0.080723 -0.118904 -0.050353
-0.089737 -0.122723 -0.050960
-0.073871 -0.116434 -0.058095
-0.263791 -0.124246 -0.050463
-0.255186 -0.128103 -0.050367
-0.246639 -0.131683 -0.050230
-0.238073 -0.134978 -0.050200
-0.246777 -0.129728 -0.058828
-0.263978 -0.122396 -0.059086
-0.360221 -0.129214 -0.050223
-0.356680 -0.123095 -0.053162
-0.351565 -0.118462 -0.057656
-0.345225 -0.115208 -0.063967
-0.353870 -0.123421 -0.062804
0.363875 -0.131114 -0.048282
0.364637 -0.138152 -0.050238
0.359627 -0.124993 -0.053728
0.255308 -0.129665 -0.052106
0.245504 -0.133433 -0.051545
0.260623 -0.125593 -0.061157
0.236158 -0.137125 -0.049868
0.238884 -0.133644 -0.059688
0.228635 -0.140305 -0.047101
0.266587 -0.121583 -0.070015
0.256891 -0.124880 -0.069910
0.231122 -0.133872 -0.067733
0.241090 -0.130241 -0.069621
0.248942 -0.127061 -0.072007
0.243155 -0.127313 -0.078004
0.253617 -0.123974 -0.077789
0.222268 -0.141354 -0.050076
0.218819 -0.140419 -0.056986
0.145303 -0.142218 -0.050232
0.136552 -0.139999 -0.050426
0.153742 -0.142271 -0.058582
0.127880 -0.137162 -0.050505
0.119198 -0.133854 -0.050555
0.136389 -0.138202 -0.059025
0.119139 -0.132246 -0.059267
0.110255 -0.127545 -0.068358
0.101194 -0.124523 -0.068954
0.127705 -0.133479 -0.067770
0.119068 -0.130576 -0.068036
0.119021 -0.128974 -0.076897
-0.099148 -0.126942 -0.052086
-0.108949 -0.131273 -0.052385
-0.090985 -0.123051 -0.060414
-0.118932 -0.135387 -0.051732
-0.127873 -0.138774 -0.050993
-0.112655 -0.131736 -0.061464
-0.135448 -0.141301 -0.050505
-0.142233 -0.142918 -0.051128
-0.131662 -0.138809 -0.058041
-0.143694 -0.141925 -0.058161
-0.220621 -0.140651 -0.050249
-0.229440 -0.138040 -0.050255
-0.212320 -0.140692 -0.059102
-0.230083 -0.136110 -0.058372
-0.362344 -0.143323 -0.042862
-0.362089 -0.136216 -0.047293
-0.358974 -0.135788 -0.056378
0.364492 -0.145104 -0.051044
0.362743 -0.150878 -0.053187
0.363145 -0.140185 -0.057827
0.197226 -0.142193 -0.065555
0.188667 -0.143230 -0.064397
0.180153 -0.143237 -0.064887
0.171006 -0.142581 -0.066125
0.186965 -0.141135 -0.072942
-0.175444 -0.143187 -0.066470
-0.166881 -0.142839 -0.067467
-0.194682 -0.141638 -0.067230
-0.184831 -0.142895 -0.066200
-0.177885 -0.141015 -0.075176
-0.357849 -0.150889 -0.046024
0.355610 -0.160585 -0.055013
0.350236 -0.165784 -0.053255
0.361355 -0.149894 -0.060357
0.359442 -0.155199 -0.057138
0.354986 -0.158371 -0.063112
0.002729 -0.169690 -0.053019
0.012701 -0.170857 -0.051218
-0.014163 -0.174341 -0.052476
-0.006198 -0.171573 -0.053311
-0.005613 -0.166140 -0.061146
-0.340248 -0.167807 -0.048411
-0.348242 -0.162163 -0.047953
-0.353387 -0.156522 -0.049490
-0.355148 -0.151434 -0.054983
-0.349416 -0.158931 -0.056043
0.343534 -0.170456 -0.051960
0.335916 -0.174549 -0.051228
0.343348 -0.168625 -0.060776
0.327767 -0.177931 -0.050801
0.319305 -0.180918 -0.050624
0.327761 -0.176441 -0.059569
0.310683 -0.183886 -0.050575
0.301981 -0.186646 -0.050575
0.310695 -0.182581 -0.059264
0.023664 -0.174526 -0.050260
0.033909 -0.177899 -0.051181
0.049389 -0.183585 -0.051298
0.059078 -0.186629 -0.049796
0.041453 -0.180089 -0.054159
0.046654 -0.181013 -0.059462
0.035519 -0.176140 -0.059308
0.017984 -0.168005 -0.059156
-0.030293 -0.179917 -0.051677
-0.022048 -0.177223 -0.051937
-0.022236 -0.173705 -0.060930
-0.046839 -0.185160 -0.051211
-0.038548 -0.182485 -0.051407
-0.038348 -0.180294 -0.060049
-0.063683 -0.190055 -0.050824
-0.055239 -0.187691 -0.051032
-0.055068 -0.185897 -0.059560
-0.318240 -0.178961 -0.049574
-0.325122 -0.176553 -0.046986
-0.298148 -0.185938 -0.049968
-0.308830 -0.182379 -0.050493
-0.316527 -0.177953 -0.058816
-0.332055 -0.172713 -0.048633
-0.335576 -0.169051 -0.056331
0.293279 -0.189184 -0.050575
0.284578 -0.191500 -0.050575
0.293312 -0.188137 -0.059260
0.267175 -0.194501 -0.050575
0.275876 -0.193293 -0.050575
0.275906 -0.192537 -0.059281
0.258473 -0.195277 -0.050575
0.249772 -0.195680 -0.050575
0.258482 -0.194988 -0.059285
0.232369 -0.195811 -0.050575
0.241070 -0.195801 -0.050575
0.241071 -0.195781 -0.059276
0.223668 -0.195811 -0.050575
0.214966 -0.195811 -0.050575
0.223668 -0.195811 -0.059276
0.197564 -0.195811 -0.050575
0.206265 -0.195811 -0.050575
0.206265 -0.195811 -0.059276
0.180161 -0.195811 -0.050575
0.188863 -0.195811 -0.050575
0.188863 -0.195811 -0.059276
0.162758 -0.195811 -0.050575
0.171459 -0.195811 -0.050575
0.171472 -0.195811 -0.059264
0.145370 -0.195794 -0.050542
0.154057 -0.195811 -0.050575
0.154101 -0.195801 -0.059252
0.128148 -0.195660 -0.050315
0.136712 -0.195759 -0.050464
0.136767 -0.195674 -0.059136
0.111208 -0.195062 -0.049838
0.119682 -0.195440 -0.050079
0.119763 -0.195243 -0.058634
0.093978 -0.193603 -0.049010
0.102751 -0.194500 -0.049546
0.103381 -0.194254 -0.057686
0.078065 -0.191628 -0.045023
0.085265 -0.192436 -0.048003
0.085582 -0.191755 -0.057071
0.069018 -0.189397 -0.048189
0.064072 -0.186737 -0.057739
-0.072239 -0.192181 -0.050685
-0.080897 -0.193767 -0.050607
-0.072232 -0.190889 -0.059345
-0.089583 -0.194784 -0.050575
-0.098285 -0.195408 -0.050575
-0.089583 -0.194270 -0.059276
-0.106986 -0.195710 -0.050575
-0.115687 -0.195801 -0.050575
-0.106986 -0.195579 -0.059276
-0.133090 -0.195811 -0.050575
-0.124389 -0.195811 -0.050575
-0.124389 -0.195811 -0.059276
-0.150493 -0.195811 -0.050575
-0.141792 -0.195811 -0.050575
-0.141792 -0.195811 -0.059276
-0.167896 -0.195811 -0.050575
-0.159194 -0.195811 -0.050575
-0.159194 -0.195811 -0.059276
-0.185299 -0.195811 -0.050575
-0.176598 -0.195811 -0.050575
-0.176598 -0.195811 -0.059276
-0.202690 -0.195811 -0.050562
-0.194001 -0.195811 -0.050575
-0.193988 -0.195811 -0.059264
-0.220029 -0.195756 -0.050485
-0.211367 -0.195811 -0.050538
-0.211310 -0.195794 -0.059183
-0.228661 -0.195630 -0.050369
-0.237238 -0.195407 -0.050145
-0.228489 -0.195547 -0.058943
-0.245694 -0.195040 -0.049786
-0.253652 -0.194595 -0.049067
-0.245521 -0.194775 -0.058389
-0.261216 -0.194034 -0.048070
-0.269153 -0.193021 -0.047950
-0.261486 -0.193408 -0.056470
-0.287529 -0.189036 -0.048963
-0.277810 -0.191373 -0.048535
-0.274797 -0.191304 -0.056444
-0.294302 -0.185892 -0.059222
0.827048 0.467172 -0.088722
0.834008 0.468277 -0.090875
0.840585 0.469014 -0.093981
0.836965 0.473811 -0.098490
0.843885 0.463555 -0.091241
0.845907 0.469674 -0.097588
0.846645 0.456422 -0.089212
0.812357 0.462237 -0.086820
0.819775 0.465258 -0.087285
0.822400 0.471224 -0.095482
0.798557 0.452277 -0.086478
0.805159 0.457985 -0.086994
0.807650 0.464117 -0.095240
0.792746 0.445458 -0.085057
0.787995 0.439033 -0.082833
0.794008 0.449280 -0.094922
0.842839 0.421961 -0.070994
0.842493 0.431154 -0.071302
0.845589 0.439380 -0.079431
0.779184 0.418802 -0.070554
0.776297 0.411008 -0.068783
0.784526 0.432814 -0.078682
0.781915 0.426105 -0.073791
0.780017 0.419926 -0.080079
-0.839013 0.423451 -0.086289
-0.834348 0.419419 -0.084336
-0.830461 0.416045 -0.087190
-0.850437 0.428856 -0.088376
-0.858677 0.429270 -0.088584
-0.843965 0.427740 -0.089812
-0.848563 0.432121 -0.095954
-0.839224 0.426211 -0.093286
-0.867568 0.428405 -0.090144
-0.876006 0.425603 -0.092265
-0.863983 0.433980 -0.097664
-0.881478 0.428685 -0.102005
-0.883212 0.421392 -0.095302
-0.888618 0.416551 -0.100163
-0.885112 0.414238 -0.091607
-0.886891 0.407661 -0.090320
0.841233 0.404882 -0.071880
0.842427 0.412978 -0.071619
0.845753 0.420745 -0.079328
0.774110 0.403369 -0.067515
0.772547 0.396292 -0.066312
0.776319 0.404848 -0.075921
-0.813635 0.386393 -0.065000
-0.808604 0.378278 -0.061116
-0.815970 0.390663 -0.072963
0.835280 0.389894 -0.070343
0.838703 0.397057 -0.070715
0.841272 0.401565 -0.077797
0.771442 0.389722 -0.064909
0.771373 0.383209 -0.063923
0.774069 0.390958 -0.072008
-0.806245 0.371120 -0.064240
0.821361 0.372321 -0.066248
0.827216 0.378630 -0.068667
0.831778 0.384411 -0.072854
0.835735 0.389921 -0.077978
0.827557 0.380206 -0.077215
0.772180 0.376799 -0.063017
0.772421 0.370088 -0.059448
0.774790 0.379831 -0.069958
0.808712 0.361358 -0.061348
0.814897 0.366722 -0.064709
0.817299 0.371027 -0.072956
0.776954 0.364550 -0.060713
-0.804483 0.353512 -0.066103
-0.804790 0.362404 -0.065690
-0.808811 0.371376 -0.073477
-0.869766 0.358054 -0.065417
0.801598 0.359805 -0.063444
0.783738 0.360594 -0.061738
0.792757 0.359230 -0.063190
0.799534 0.364785 -0.072229
0.783248 0.367586 -0.070215
-0.808194 0.336939 -0.064340
-0.805650 0.344887 -0.065623
-0.808308 0.353618 -0.074710
-0.857692 0.339656 -0.062943
-0.862300 0.345909 -0.066731
-0.867211 0.352235 -0.069687
-0.871638 0.358830 -0.074108
-0.864081 0.348210 -0.076121
-0.812245 0.331378 -0.063518
-0.817910 0.328761 -0.064448
-0.812953 0.338933 -0.072522
-0.824297 0.328070 -0.066077
-0.831180 0.328381 -0.067089
-0.821326 0.333691 -0.073177
-0.838408 0.329502 -0.067372
-0.845653 0.331834 -0.066952
-0.834700 0.333267 -0.075526
-0.852412 0.335329 -0.065844
-0.849761 0.337255 -0.075078
0.354109 -0.119304 -0.057168
0.347989 -0.115095 -0.057491
0.356143 -0.124601 -0.063044
0.341972 -0.113938 -0.061838
0.334564 -0.112316 -0.064693
0.326781 -0.111303 -0.066721
0.341383 -0.115100 -0.070640
0.319444 -0.110918 -0.068302
0.312393 -0.110955 -0.069903
0.326184 -0.111407 -0.074784
0.311470 -0.110931 -0.077533
0.063262 -0.116547 -0.068321
0.072480 -0.117619 -0.068923
0.091883 -0.121823 -0.069727
0.082272 -0.119480 -0.069715
0.079998 -0.120077 -0.078503
0.047287 -0.117125 -0.067802
0.054856 -0.116430 -0.068095
0.061390 -0.118468 -0.076855
0.036357 -0.121417 -0.068726
0.041057 -0.118605 -0.067696
0.046330 -0.120413 -0.075613
-0.045084 -0.116583 -0.066486
-0.037358 -0.119453 -0.066139
-0.020615 -0.128538 -0.064617
-0.029219 -0.123413 -0.065542
-0.034140 -0.123941 -0.073579
-0.060383 -0.114549 -0.065912
-0.052823 -0.114974 -0.066445
-0.048709 -0.117527 -0.074272
-0.075133 -0.117058 -0.065581
-0.067822 -0.115206 -0.065214
-0.063328 -0.115605 -0.072503
-0.298476 -0.110787 -0.067867
-0.289895 -0.112375 -0.067746
-0.281389 -0.114637 -0.067602
-0.272847 -0.117342 -0.067569
-0.281394 -0.113367 -0.076140
-0.315666 -0.109476 -0.068168
-0.307114 -0.109850 -0.067982
-0.298459 -0.110207 -0.076550
-0.323902 -0.109789 -0.068595
-0.331598 -0.110907 -0.069420
-0.315510 -0.109445 -0.076959
-0.338342 -0.112935 -0.070932
-0.343658 -0.115909 -0.073022
-0.331014 -0.111446 -0.078402
0.272293 -0.117923 -0.079692
0.100897 -0.124083 -0.078539
0.027804 -0.130211 -0.069976
0.032188 -0.125370 -0.069895
0.037960 -0.125415 -0.076422
-0.011758 -0.135055 -0.064633
-0.002349 -0.142885 -0.065152
-0.019829 -0.135569 -0.071946
-0.090556 -0.123103 -0.069621
-0.082641 -0.119922 -0.067316
-0.075085 -0.118020 -0.073256
-0.255584 -0.123929 -0.067611
-0.264252 -0.120428 -0.067627
-0.246898 -0.127493 -0.067482
-0.238694 -0.130803 -0.066949
-0.247229 -0.124812 -0.076446
-0.264805 -0.118491 -0.075706
-0.281247 -0.112162 -0.084742
-0.273183 -0.114185 -0.084156
-0.265475 -0.116522 -0.083430
-0.257075 -0.119061 -0.083880
-0.264941 -0.114816 -0.091780
-0.354536 -0.128715 -0.068109
-0.351363 -0.123813 -0.071628
-0.342257 -0.117054 -0.081491
-0.347251 -0.119735 -0.075654
-0.348827 -0.124303 -0.079760
0.361490 -0.144104 -0.063590
0.360444 -0.137420 -0.065995
0.357651 -0.130407 -0.069031
0.352708 -0.124014 -0.072943
0.357198 -0.135963 -0.075326
0.223015 -0.133838 -0.076031
0.220855 -0.137437 -0.065554
0.212540 -0.140268 -0.063059
0.240717 -0.125938 -0.085781
0.248043 -0.124248 -0.083508
0.214955 -0.133460 -0.084397
0.225123 -0.130362 -0.086270
0.233194 -0.127471 -0.088332
0.227352 -0.127407 -0.094538
0.238350 -0.124476 -0.093499
0.205365 -0.140871 -0.066071
0.201635 -0.139510 -0.073090
0.153127 -0.140387 -0.067144
0.161838 -0.141676 -0.066799
0.169429 -0.140439 -0.075005
0.136192 -0.136183 -0.067537
0.144635 -0.138534 -0.067357
0.152373 -0.138276 -0.075213
0.136155 -0.134095 -0.076081
0.119135 -0.127671 -0.085796
0.127785 -0.129811 -0.085233
0.136314 -0.132067 -0.084694
0.144242 -0.134212 -0.083912
0.136531 -0.130180 -0.093468
0.019149 -0.143182 -0.069877
0.023219 -0.136206 -0.069973
0.030352 -0.136817 -0.077331
0.006811 -0.151950 -0.065003
-0.003846 -0.152064 -0.066908
0.016129 -0.160542 -0.065675
0.016888 -0.151653 -0.068692
0.025668 -0.151806 -0.075488
-0.107497 -0.128917 -0.071673
-0.118323 -0.132698 -0.069874
-0.102510 -0.127087 -0.080899
-0.097645 -0.125595 -0.073833
-0.088676 -0.122938 -0.078544
-0.128932 -0.136268 -0.067174
-0.125297 -0.133541 -0.077746
-0.137361 -0.139295 -0.063522
-0.095692 -0.125486 -0.088357
-0.104141 -0.127539 -0.089091
-0.121543 -0.131017 -0.088758
-0.132829 -0.133769 -0.085785
-0.111871 -0.128815 -0.092029
-0.117829 -0.129258 -0.098376
-0.103777 -0.127218 -0.097543
-0.144484 -0.140412 -0.065851
-0.159396 -0.142485 -0.067104
-0.152104 -0.141738 -0.066224
-0.147311 -0.139167 -0.073505
-0.160870 -0.140822 -0.074428
-0.213556 -0.138275 -0.067876
-0.204325 -0.139926 -0.068204
-0.196356 -0.139062 -0.076386
-0.222557 -0.136415 -0.066517
-0.230897 -0.133852 -0.066159
-0.216190 -0.135439 -0.075521
-0.230504 -0.131494 -0.074635
-0.247961 -0.121837 -0.085339
-0.238479 -0.125213 -0.085494
-0.221377 -0.132267 -0.081069
-0.229129 -0.128873 -0.084055
-0.228849 -0.125634 -0.093977
-0.356423 -0.134547 -0.064835
-0.356360 -0.141483 -0.062723
-0.353615 -0.134365 -0.073080
0.358659 -0.149009 -0.067870
-0.354188 -0.148330 -0.062444
-0.351206 -0.154321 -0.061367
-0.352497 -0.145458 -0.070137
0.349485 -0.160533 -0.070809
0.354579 -0.154620 -0.070554
0.354773 -0.148901 -0.076287
0.335717 -0.170862 -0.068884
0.343109 -0.166066 -0.069732
0.342725 -0.163044 -0.078879
0.025296 -0.167070 -0.065787
-0.008303 -0.159328 -0.067949
-0.015581 -0.164508 -0.069087
-0.014547 -0.151002 -0.073592
-0.346108 -0.159089 -0.063633
-0.339663 -0.164456 -0.063779
-0.332021 -0.169327 -0.064343
-0.342037 -0.159827 -0.071569
0.319314 -0.178192 -0.068070
0.327719 -0.174867 -0.068363
0.327621 -0.172988 -0.077194
0.302050 -0.184081 -0.067925
0.310719 -0.181151 -0.067950
0.310734 -0.179749 -0.076636
0.284706 -0.189297 -0.067936
0.293390 -0.186794 -0.067919
0.293510 -0.185319 -0.076499
0.050356 -0.181008 -0.066060
0.043896 -0.178371 -0.065841
0.067924 -0.186431 -0.066577
0.058295 -0.183565 -0.066831
0.052450 -0.179958 -0.073341
0.038101 -0.175620 -0.065641
0.032348 -0.172056 -0.065202
0.041548 -0.175581 -0.071196
0.032286 -0.168349 -0.071476
-0.023347 -0.169366 -0.070004
-0.030887 -0.173880 -0.070036
-0.024963 -0.163948 -0.078055
-0.038640 -0.177747 -0.069169
-0.046677 -0.181110 -0.068543
-0.039524 -0.174949 -0.078719
-0.055024 -0.184197 -0.068240
-0.063559 -0.187013 -0.068081
-0.055181 -0.182351 -0.077093
-0.323874 -0.173256 -0.066163
-0.315340 -0.176796 -0.068578
-0.299298 -0.183028 -0.069118
-0.289230 -0.186329 -0.067451
-0.307975 -0.179419 -0.072163
-0.302724 -0.180589 -0.077938
-0.315210 -0.175383 -0.077877
-0.330097 -0.168197 -0.073589
0.275997 -0.191591 -0.067977
0.267272 -0.193365 -0.068002
0.276211 -0.190313 -0.076605
0.258529 -0.194560 -0.068008
0.249798 -0.195316 -0.068003
0.258692 -0.193876 -0.076756
0.232369 -0.195801 -0.067977
0.241079 -0.195693 -0.067986
0.241143 -0.195434 -0.076727
0.214966 -0.195811 -0.067977
0.223668 -0.195811 -0.067977
0.223676 -0.195794 -0.076687
0.206265 -0.195811 -0.067977
0.197564 -0.195811 -0.067977
0.206277 -0.195811 -0.076667
0.188863 -0.195811 -0.067977
0.180173 -0.195811 -0.067965
0.188907 -0.195801 -0.076655
0.171496 -0.195811 -0.067941
0.162839 -0.195801 -0.067917
0.171581 -0.195765 -0.076598
0.145556 -0.195696 -0.067863
0.154202 -0.195781 -0.067893
0.154406 -0.195691 -0.076454
0.128314 -0.195288 -0.067596
0.136916 -0.195529 -0.067796
0.137293 -0.195335 -0.076366
0.111832 -0.194499 -0.066507
0.119818 -0.194923 -0.067238
0.120093 -0.194500 -0.075955
0.096325 -0.192999 -0.065328
0.104251 -0.193974 -0.065485
0.103985 -0.193231 -0.073919
0.078183 -0.189249 -0.065995
0.087718 -0.191420 -0.065841
0.090703 -0.191239 -0.073780
0.071737 -0.186220 -0.075690
-0.072217 -0.189531 -0.068022
-0.080894 -0.191806 -0.067989
-0.072180 -0.188145 -0.076705
-0.089583 -0.193534 -0.067977
-0.098284 -0.194663 -0.067977
-0.089550 -0.192532 -0.076663
-0.106985 -0.195368 -0.067977
-0.115687 -0.195710 -0.067977
-0.106956 -0.194956 -0.076684
-0.124389 -0.195801 -0.067977
-0.133090 -0.195811 -0.067977
-0.124380 -0.195763 -0.076687
-0.141792 -0.195811 -0.067977
-0.150493 -0.195811 -0.067977
-0.141779 -0.195811 -0.076667
-0.159194 -0.195811 -0.067977
-0.167896 -0.195811 -0.067977
-0.159150 -0.195801 -0.076655
-0.185287 -0.195811 -0.067965
-0.176598 -0.195811 -0.067977
-0.176525 -0.195771 -0.076667
-0.193964 -0.195811 -0.067941
-0.202609 -0.195794 -0.067884
-0.193871 -0.195735 -0.076610
-0.211208 -0.195759 -0.067782
-0.219734 -0.195660 -0.067634
-0.211029 -0.195644 -0.076325
-0.236649 -0.195059 -0.067213
-0.228183 -0.195440 -0.067421
-0.227826 -0.195250 -0.075821
-0.253903 -0.193589 -0.066465
-0.245106 -0.194491 -0.066962
-0.244187 -0.194243 -0.075062
-0.269920 -0.191588 -0.062505
-0.262662 -0.192419 -0.065494
-0.262069 -0.191715 -0.074651
-0.279052 -0.189276 -0.065743
-0.284126 -0.186596 -0.075693
0.848931 0.470686 -0.100582
0.847623 0.473750 -0.102299
0.849807 0.475402 -0.106497
0.846670 0.476851 -0.106833
0.851124 0.468670 -0.102672
0.850243 0.472692 -0.104160
0.852000 0.473386 -0.108588
0.833207 0.477968 -0.104738
0.840539 0.477967 -0.105943
0.844694 0.480615 -0.113179
0.818088 0.474091 -0.102820
0.825546 0.476565 -0.103671
0.829388 0.481086 -0.111908
0.811004 0.470249 -0.102444
0.804507 0.465563 -0.104006
0.814141 0.475302 -0.110376
0.849407 0.438800 -0.087142
0.848545 0.447819 -0.087799
0.851334 0.456284 -0.096207
0.784983 0.433644 -0.087783
-0.851693 0.435420 -0.103296
-0.845382 0.432603 -0.102525
-0.835236 0.423367 -0.097656
-0.839931 0.428555 -0.100686
-0.841228 0.430415 -0.107965
-0.866859 0.437869 -0.106625
-0.859043 0.437149 -0.104504
-0.853775 0.437863 -0.111241
-0.886520 0.429721 -0.110827
-0.880322 0.434521 -0.109854
-0.878897 0.438895 -0.117615
-0.873785 0.438308 -0.110711
-0.867746 0.440994 -0.115074
0.848256 0.420243 -0.088252
0.849310 0.429480 -0.087204
0.852824 0.437965 -0.095637
0.779718 0.413414 -0.086427
0.781154 0.420429 -0.088777
0.783103 0.426964 -0.091631
0.785464 0.432429 -0.096073
0.782663 0.420585 -0.096536
-0.891974 0.410612 -0.105811
-0.891753 0.417675 -0.108538
-0.891147 0.423896 -0.112416
-0.890581 0.428537 -0.118347
-0.894065 0.417788 -0.116170
0.842864 0.404037 -0.085743
0.839436 0.396474 -0.082205
0.846442 0.412166 -0.090793
0.850202 0.420311 -0.097104
0.843766 0.405315 -0.094810
0.777934 0.398623 -0.082221
0.778760 0.406023 -0.084397
0.781087 0.407257 -0.092488
-0.819251 0.396978 -0.079823
-0.822900 0.403926 -0.085378
-0.815463 0.388778 -0.080258
-0.826665 0.410758 -0.090089
-0.830838 0.417330 -0.094155
-0.823184 0.404071 -0.093064
-0.889465 0.402260 -0.095840
-0.887250 0.401091 -0.088790
-0.886128 0.394796 -0.086430
-0.890253 0.395670 -0.101473
-0.891522 0.403142 -0.103634
-0.893476 0.403848 -0.111924
0.836360 0.391335 -0.085657
0.776287 0.385136 -0.075659
0.777167 0.391620 -0.079462
0.781230 0.392764 -0.087752
-0.886578 0.388794 -0.091111
-0.884341 0.388376 -0.084028
-0.881888 0.381116 -0.082530
-0.888108 0.388463 -0.098740
-0.885235 0.381745 -0.094861
-0.889333 0.388535 -0.107382
0.826906 0.381781 -0.085546
0.821749 0.376388 -0.080477
0.836496 0.393008 -0.093376
0.832112 0.387136 -0.088996
0.827407 0.384538 -0.093224
0.778948 0.379160 -0.076940
-0.811388 0.370889 -0.082719
-0.812738 0.379945 -0.081298
-0.816585 0.388168 -0.089017
-0.878839 0.373396 -0.081574
-0.875427 0.365888 -0.078877
-0.881840 0.376340 -0.089040
0.814269 0.372859 -0.081198
0.805544 0.370670 -0.081080
0.796870 0.369965 -0.080665
0.811185 0.376750 -0.090164
0.789298 0.370874 -0.079255
0.783126 0.374107 -0.077721
0.794177 0.375793 -0.087946
0.784154 0.380571 -0.085170
-0.812633 0.353804 -0.083042
-0.811303 0.362109 -0.083361
-0.814342 0.370667 -0.091761
-0.872608 0.359681 -0.083193
-0.818414 0.339912 -0.078858
-0.815280 0.346385 -0.081853
-0.817527 0.354176 -0.090962
-0.861119 0.347151 -0.084202
-0.867509 0.353077 -0.084759
-0.871794 0.359748 -0.092463
-0.824453 0.339153 -0.082061
-0.838517 0.338047 -0.084035
-0.831168 0.338039 -0.083335
-0.828115 0.343743 -0.090568
-0.853898 0.342640 -0.083859
-0.846173 0.339578 -0.084189
-0.842401 0.342974 -0.092653
-0.857792 0.348245 -0.093257
0.339443 -0.115719 -0.079934
0.346446 -0.119205 -0.076991
0.349936 -0.124044 -0.082355
0.325160 -0.111536 -0.082474
0.332208 -0.113023 -0.081217
0.336428 -0.115743 -0.088272
0.310664 -0.110988 -0.085501
0.318143 -0.111052 -0.084172
0.324694 -0.112331 -0.090385
0.293739 -0.112250 -0.088315
0.302305 -0.111396 -0.086725
0.310013 -0.111032 -0.093874
0.059279 -0.121452 -0.085485
0.067725 -0.120614 -0.085857
0.086089 -0.122137 -0.087886
0.076765 -0.121055 -0.086600
0.074026 -0.122537 -0.094834
0.044380 -0.124944 -0.082272
0.051450 -0.123428 -0.085041
0.057346 -0.125403 -0.094394
-0.045754 -0.120890 -0.081622
-0.052983 -0.118694 -0.081354
-0.032846 -0.128939 -0.080472
-0.038971 -0.124161 -0.080893
-0.043586 -0.125054 -0.088035
-0.060465 -0.117492 -0.079985
-0.067825 -0.117284 -0.077586
-0.058253 -0.120283 -0.087913
-0.073955 -0.119379 -0.081084
-0.298409 -0.109777 -0.085267
-0.289778 -0.110685 -0.085056
-0.281071 -0.111168 -0.093461
-0.306994 -0.109352 -0.085454
-0.315338 -0.109560 -0.085783
-0.298367 -0.109431 -0.094010
-0.330419 -0.112509 -0.087516
-0.323214 -0.110517 -0.086410
-0.315133 -0.109881 -0.094660
-0.341262 -0.119609 -0.089548
-0.336478 -0.115570 -0.088990
-0.329712 -0.114096 -0.096784
0.266003 -0.117922 -0.088137
0.276630 -0.114936 -0.089693
0.286247 -0.112768 -0.091979
0.280890 -0.112718 -0.098683
0.294714 -0.111250 -0.097084
0.258791 -0.118146 -0.096052
0.255897 -0.121159 -0.086174
0.286987 -0.111141 -0.106082
0.278817 -0.112118 -0.106616
0.261906 -0.115121 -0.106551
0.251153 -0.118326 -0.104021
0.271188 -0.112762 -0.109523
0.265174 -0.112904 -0.115741
0.278864 -0.111162 -0.114723
0.101757 -0.124187 -0.087898
0.110294 -0.125786 -0.086598
0.119373 -0.126833 -0.094694
0.103630 -0.124724 -0.096906
0.095038 -0.123446 -0.090993
0.090946 -0.123596 -0.096906
0.040963 -0.130397 -0.085277
-0.080692 -0.121386 -0.084171
-0.087703 -0.123355 -0.086900
-0.072799 -0.121176 -0.089388
-0.088140 -0.124374 -0.094666
-0.250432 -0.118860 -0.092944
-0.348435 -0.129635 -0.084849
-0.345359 -0.124421 -0.087974
-0.341022 -0.123992 -0.096382
0.354036 -0.134815 -0.084266
0.354848 -0.141761 -0.081013
0.351086 -0.148103 -0.085895
0.348358 -0.125192 -0.089824
0.351934 -0.129014 -0.086289
0.351287 -0.132829 -0.091080
0.207317 -0.132728 -0.092617
0.204243 -0.136334 -0.082156
0.194783 -0.138710 -0.079101
0.225273 -0.125843 -0.102244
0.232564 -0.124459 -0.099645
0.210686 -0.129457 -0.102346
0.201078 -0.131609 -0.100969
0.213770 -0.126788 -0.110462
0.218379 -0.127053 -0.104687
0.223701 -0.124360 -0.109890
0.186260 -0.138477 -0.082228
0.176811 -0.138475 -0.083150
0.167711 -0.138172 -0.083233
0.184251 -0.135963 -0.091397
0.159439 -0.137436 -0.082715
0.151673 -0.136093 -0.082908
0.165320 -0.135850 -0.090863
0.152336 -0.133917 -0.091210
0.145630 -0.130164 -0.101549
0.136769 -0.128596 -0.102367
0.161058 -0.133658 -0.096994
0.154220 -0.131826 -0.100210
0.155067 -0.129949 -0.109499
0.036892 -0.136900 -0.085442
0.033857 -0.144010 -0.084868
0.043428 -0.136865 -0.094033
-0.021327 -0.142678 -0.078132
-0.027327 -0.135296 -0.080279
-0.023884 -0.149983 -0.082198
-0.034249 -0.133710 -0.087441
-0.140286 -0.133399 -0.093904
-0.144025 -0.136299 -0.082926
-0.153444 -0.138553 -0.079775
-0.112066 -0.127931 -0.106185
-0.120289 -0.128929 -0.106220
-0.136329 -0.130859 -0.104577
-0.146661 -0.132475 -0.102076
-0.127581 -0.129334 -0.108459
-0.133111 -0.129140 -0.114000
-0.120353 -0.128115 -0.114495
-0.161577 -0.138513 -0.082827
-0.170910 -0.138676 -0.083653
-0.180045 -0.138623 -0.083734
-0.163617 -0.136144 -0.091842
-0.188622 -0.138029 -0.083644
-0.196575 -0.136650 -0.084789
-0.182397 -0.136226 -0.091578
-0.202936 -0.134431 -0.088295
-0.207458 -0.131532 -0.094300
-0.211935 -0.133471 -0.084959
-0.194390 -0.134385 -0.093431
-0.200339 -0.130283 -0.102921
-0.209645 -0.128437 -0.102258
-0.186121 -0.133971 -0.098199
-0.192035 -0.132029 -0.102048
-0.191898 -0.129664 -0.110425
-0.219203 -0.125784 -0.102454
-0.228674 -0.122465 -0.103966
-0.210439 -0.125587 -0.111408
-0.351358 -0.140865 -0.076719
-0.350218 -0.135274 -0.081238
-0.346490 -0.136177 -0.090039
0.032574 -0.151554 -0.083549
0.032871 -0.159362 -0.081248
0.038420 -0.151261 -0.092065
-0.347721 -0.148132 -0.078639
0.341573 -0.160764 -0.088412
0.334984 -0.166399 -0.086936
0.347802 -0.147037 -0.095945
0.345980 -0.154153 -0.091427
0.339666 -0.158944 -0.098222
0.035501 -0.166387 -0.078689
0.039134 -0.171863 -0.075702
0.040412 -0.165464 -0.086956
-0.027362 -0.157317 -0.084953
-0.032196 -0.163506 -0.087400
-0.031542 -0.150055 -0.091408
-0.336113 -0.162329 -0.079119
-0.342360 -0.155564 -0.080149
-0.328876 -0.166293 -0.083207
-0.342477 -0.150349 -0.088277
0.327372 -0.171068 -0.086112
0.319218 -0.174949 -0.085610
0.326931 -0.169210 -0.095108
0.310721 -0.178153 -0.085333
0.302160 -0.181013 -0.085157
0.310663 -0.176457 -0.094075
0.293654 -0.183868 -0.085005
0.285126 -0.186484 -0.084989
0.293660 -0.182226 -0.093543
0.046007 -0.175943 -0.076406
0.052257 -0.177648 -0.080732
0.066959 -0.183310 -0.084863
0.076573 -0.186378 -0.084115
0.058697 -0.179729 -0.085977
0.063740 -0.180624 -0.092711
0.051946 -0.175400 -0.088615
-0.048050 -0.176899 -0.086917
-0.041550 -0.172853 -0.088250
-0.037967 -0.168117 -0.091196
-0.037876 -0.162834 -0.096707
-0.044730 -0.171015 -0.097833
-0.063729 -0.183657 -0.085634
-0.055639 -0.180461 -0.086074
-0.056450 -0.178686 -0.095180
-0.080813 -0.189019 -0.085337
-0.072198 -0.186489 -0.085416
-0.072298 -0.184677 -0.094170
-0.298960 -0.180764 -0.085115
-0.306593 -0.177869 -0.085515
-0.279974 -0.186337 -0.084971
-0.290227 -0.183409 -0.085581
-0.296843 -0.179955 -0.093570
-0.313701 -0.174702 -0.085916
-0.321052 -0.170895 -0.084888
-0.310247 -0.174951 -0.092792
-0.326208 -0.165929 -0.092230
0.276545 -0.188869 -0.085116
0.267845 -0.191076 -0.085290
0.277135 -0.187356 -0.093159
0.259033 -0.192794 -0.085470
0.250189 -0.194017 -0.085541
0.259647 -0.191241 -0.094288
0.241341 -0.194886 -0.085509
0.232526 -0.195396 -0.085465
0.241729 -0.193939 -0.094303
0.215004 -0.195759 -0.085394
0.223740 -0.195656 -0.085428
0.223958 -0.195219 -0.094210
0.197644 -0.195801 -0.085320
0.206310 -0.195794 -0.085353
0.206429 -0.195634 -0.094043
0.180379 -0.195735 -0.085263
0.189007 -0.195781 -0.085296
0.189211 -0.195681 -0.093857
0.163230 -0.195583 -0.085093
0.171771 -0.195662 -0.085209
0.172149 -0.195477 -0.093738
0.146345 -0.195322 -0.084833
0.154763 -0.195487 -0.084928
0.155222 -0.195146 -0.093412
0.129394 -0.194584 -0.084793
0.137946 -0.195032 -0.084803
0.138948 -0.194651 -0.092803
0.111732 -0.193116 -0.084199
0.120723 -0.193984 -0.084708
0.122100 -0.193355 -0.093332
0.095526 -0.191358 -0.079922
0.102828 -0.192045 -0.083051
0.103348 -0.190960 -0.092496
0.086472 -0.189109 -0.082950
0.081476 -0.186319 -0.092424
-0.098157 -0.193077 -0.085339
-0.089473 -0.191299 -0.085322
-0.089352 -0.189718 -0.093902
-0.106865 -0.194300 -0.085380
-0.115591 -0.195114 -0.085404
-0.106651 -0.193349 -0.094008
-0.124333 -0.195580 -0.085411
-0.133052 -0.195749 -0.085394
-0.124159 -0.195068 -0.094150
-0.150412 -0.195801 -0.085320
-0.141747 -0.195794 -0.085353
-0.141627 -0.195634 -0.094043
-0.167690 -0.195740 -0.085296
-0.159049 -0.195781 -0.085296
-0.158845 -0.195681 -0.093857
-0.184988 -0.195614 -0.085311
-0.176336 -0.195680 -0.085320
-0.175934 -0.195506 -0.093866
-0.202219 -0.195467 -0.085099
-0.193636 -0.195542 -0.085258
-0.193156 -0.195214 -0.093902
-0.210716 -0.195372 -0.084814
-0.219114 -0.195204 -0.084491
-0.210299 -0.194897 -0.093363
-0.235264 -0.194518 -0.083511
-0.227384 -0.194914 -0.084130
-0.226637 -0.194430 -0.092121
-0.250790 -0.192966 -0.082767
-0.242846 -0.193972 -0.082703
-0.242229 -0.193256 -0.090883
-0.269223 -0.189168 -0.083960
-0.259443 -0.191351 -0.083497
-0.255561 -0.191186 -0.091304
-0.275443 -0.186039 -0.094624
0.855610 0.455354 -0.104057
0.853595 0.463268 -0.103419
0.853756 0.468667 -0.107602
0.795118 0.452573 -0.105076
0.790735 0.444053 -0.103109
0.803971 0.467674 -0.113530
0.799412 0.460516 -0.108624
0.795532 0.454585 -0.115103
0.855697 0.436733 -0.104256
0.856269 0.446014 -0.104429
0.859332 0.454364 -0.112583
0.787631 0.435983 -0.102863
0.785773 0.428482 -0.103859
0.789393 0.438323 -0.111256
-0.831419 0.418587 -0.101975
-0.881532 0.439468 -0.125634
-0.875285 0.441941 -0.124376
-0.893636 0.424775 -0.124758
-0.890565 0.430867 -0.125779
-0.882476 0.439803 -0.133711
-0.886827 0.436024 -0.128742
-0.890757 0.431734 -0.133773
0.851595 0.420276 -0.105301
0.853893 0.427894 -0.103803
0.857090 0.434039 -0.111561
0.784531 0.421514 -0.103793
0.783729 0.415190 -0.102149
0.786570 0.423473 -0.110416
0.840041 0.399365 -0.098894
0.844099 0.406527 -0.104097
0.848701 0.413945 -0.108734
0.852889 0.421149 -0.113264
0.844787 0.408490 -0.112820
0.783368 0.408820 -0.100082
0.784211 0.401885 -0.098328
0.786208 0.410295 -0.107757
-0.820361 0.396393 -0.095825
-0.824067 0.404514 -0.101510
-0.818343 0.388016 -0.098136
-0.832295 0.419750 -0.110125
-0.827994 0.412388 -0.106272
-0.825519 0.405335 -0.110487
0.835450 0.394165 -0.101136
0.785951 0.387607 -0.092188
0.785914 0.394752 -0.096421
0.788915 0.398611 -0.104746
0.823503 0.384895 -0.099103
0.829887 0.389067 -0.100563
0.832225 0.394472 -0.107910
0.816124 0.382598 -0.098866
0.807300 0.381815 -0.098482
0.820810 0.388219 -0.106961
0.790586 0.382102 -0.092583
0.798281 0.382209 -0.096710
0.803462 0.388010 -0.105931
-0.817741 0.370815 -0.100467
-0.817439 0.379348 -0.099773
-0.820703 0.388402 -0.107385
-0.881686 0.374130 -0.097484
-0.822222 0.355330 -0.098805
-0.819397 0.362616 -0.100036
-0.821590 0.371136 -0.108794
-0.876344 0.366666 -0.100436
-0.869612 0.359881 -0.102487
-0.881305 0.373773 -0.107844
-0.832081 0.347712 -0.098737
-0.826342 0.350165 -0.097967
-0.826805 0.357105 -0.106223
-0.846080 0.348305 -0.101342
-0.838749 0.347368 -0.100241
-0.835454 0.352506 -0.106852
-0.861789 0.354402 -0.102636
-0.853837 0.350532 -0.102102
-0.849568 0.354095 -0.110154
-0.865942 0.360734 -0.111866
0.331495 -0.115032 -0.094775
0.338332 -0.118958 -0.095900
0.344125 -0.123689 -0.095675
0.348278 -0.128725 -0.094856
0.339495 -0.123110 -0.103148
0.324823 -0.113697 -0.098583
0.309330 -0.111094 -0.102167
0.317186 -0.112089 -0.100661
0.323653 -0.114576 -0.107033
0.294776 -0.110609 -0.105160
0.301927 -0.110686 -0.103576
0.308380 -0.111107 -0.109927
0.293796 -0.110454 -0.112442
-0.280909 -0.110318 -0.102291
-0.272019 -0.111644 -0.101753
-0.263326 -0.113519 -0.100808
-0.255797 -0.115959 -0.098257
-0.262786 -0.112226 -0.109868
-0.298319 -0.109230 -0.102800
-0.289628 -0.109567 -0.102591
-0.280878 -0.109738 -0.111039
-0.314797 -0.110407 -0.103615
-0.306785 -0.109458 -0.103082
-0.298259 -0.109311 -0.111535
-0.328383 -0.115434 -0.106036
-0.322151 -0.112364 -0.104578
-0.314260 -0.111201 -0.112571
0.240837 -0.121561 -0.101814
0.243612 -0.118572 -0.111791
0.270673 -0.111412 -0.123059
0.262616 -0.112596 -0.123239
0.236702 -0.119014 -0.119149
0.246786 -0.115961 -0.121696
0.255307 -0.113585 -0.125384
0.249638 -0.114430 -0.130406
0.262480 -0.112193 -0.130913
0.128120 -0.127347 -0.102930
0.119590 -0.126348 -0.103468
0.136883 -0.127586 -0.111184
0.111676 -0.125631 -0.104240
0.104300 -0.125157 -0.105176
0.119750 -0.126202 -0.112001
0.096682 -0.124663 -0.105176
0.088725 -0.124199 -0.104278
0.103639 -0.125477 -0.112711
0.080486 -0.124037 -0.103620
0.072203 -0.124427 -0.103386
0.087204 -0.125171 -0.112124
0.064185 -0.126009 -0.103402
0.057133 -0.128969 -0.103886
0.071089 -0.126639 -0.112099
-0.041049 -0.130457 -0.092571
-0.048335 -0.126818 -0.095186
-0.038264 -0.136782 -0.095200
-0.056321 -0.123966 -0.095829
-0.064601 -0.122086 -0.093872
-0.054012 -0.128560 -0.102591
-0.072119 -0.123433 -0.098142
-0.080476 -0.124372 -0.100775
-0.088805 -0.125415 -0.102599
-0.072939 -0.125431 -0.106520
-0.104063 -0.127031 -0.105612
-0.096592 -0.126320 -0.104162
-0.089475 -0.126213 -0.110593
-0.105157 -0.127107 -0.112957
-0.246218 -0.117758 -0.102476
-0.236662 -0.119278 -0.106805
-0.242339 -0.116410 -0.111968
-0.227681 -0.120167 -0.113421
-0.245438 -0.114207 -0.119025
-0.236481 -0.116019 -0.120870
-0.227948 -0.118394 -0.121645
-0.219836 -0.120948 -0.121056
-0.230027 -0.116974 -0.128626
-0.263437 -0.111061 -0.118768
-0.254395 -0.112604 -0.118281
-0.247194 -0.112860 -0.126581
-0.340468 -0.129980 -0.102656
-0.337036 -0.123986 -0.105212
-0.326340 -0.116828 -0.115285
-0.332345 -0.119532 -0.108968
-0.333380 -0.124425 -0.114251
0.348549 -0.134266 -0.097608
0.196760 -0.130140 -0.109917
0.190833 -0.133119 -0.100411
0.180405 -0.133661 -0.100503
0.203353 -0.127322 -0.118645
0.193837 -0.128754 -0.118818
0.219148 -0.124303 -0.115822
0.212128 -0.125583 -0.118136
0.210737 -0.124901 -0.126403
0.176454 -0.131535 -0.109120
0.170282 -0.133699 -0.099821
0.184039 -0.129555 -0.118485
0.173900 -0.129798 -0.117938
0.191761 -0.127982 -0.127253
0.164110 -0.129428 -0.118054
0.154730 -0.128557 -0.118871
0.172716 -0.128805 -0.127008
0.048712 -0.137805 -0.103394
0.045454 -0.144286 -0.102168
0.058790 -0.132095 -0.113847
0.053155 -0.133564 -0.106868
0.052774 -0.139585 -0.113182
-0.151229 -0.131187 -0.110801
-0.157111 -0.133564 -0.100957
-0.167462 -0.133932 -0.100906
-0.154381 -0.129972 -0.119442
-0.145145 -0.129450 -0.120067
-0.136520 -0.128816 -0.121021
-0.128511 -0.128146 -0.122137
-0.138714 -0.128674 -0.128410
-0.171319 -0.131826 -0.109551
-0.177393 -0.133922 -0.100402
-0.173909 -0.129974 -0.118305
-0.164009 -0.130188 -0.118830
-0.156615 -0.129232 -0.127614
-0.183541 -0.129126 -0.118475
-0.192878 -0.127604 -0.119329
-0.175263 -0.128707 -0.127235
-0.342947 -0.143847 -0.094943
-0.342495 -0.136899 -0.099595
-0.338380 -0.136887 -0.109087
0.347408 -0.140480 -0.100833
0.344614 -0.146563 -0.105117
0.344955 -0.134473 -0.105597
0.043792 -0.151334 -0.100767
0.043694 -0.158181 -0.098722
0.048790 -0.151551 -0.109645
-0.037170 -0.143640 -0.097866
-0.038115 -0.150875 -0.100807
-0.043878 -0.138395 -0.103859
-0.338530 -0.151357 -0.098092
0.337787 -0.157097 -0.107237
0.332815 -0.162424 -0.105396
0.341498 -0.146108 -0.113190
0.340825 -0.151624 -0.109560
0.335914 -0.154950 -0.115330
0.326313 -0.167135 -0.104076
0.318721 -0.171190 -0.103338
0.325453 -0.164756 -0.112894
0.044988 -0.164656 -0.095799
0.047576 -0.170469 -0.092244
0.049754 -0.164478 -0.104476
-0.040160 -0.157415 -0.103351
-0.043435 -0.162938 -0.105673
-0.044115 -0.151548 -0.109900
-0.321524 -0.167302 -0.100754
-0.329399 -0.162115 -0.100093
-0.335821 -0.152156 -0.106562
-0.334346 -0.156865 -0.101451
-0.330431 -0.159306 -0.107592
0.310520 -0.174766 -0.102853
0.302024 -0.177754 -0.102496
0.310285 -0.172739 -0.111588
0.293512 -0.180487 -0.102146
0.285470 -0.183166 -0.101556
0.293325 -0.178778 -0.110796
0.277819 -0.185558 -0.100840
0.269574 -0.187590 -0.101307
0.277244 -0.183691 -0.109093
0.060453 -0.177531 -0.098721
0.067410 -0.180440 -0.099977
0.075604 -0.182972 -0.101401
0.085390 -0.185611 -0.101688
0.069687 -0.179165 -0.107741
0.054006 -0.174256 -0.096568
0.057713 -0.174057 -0.103760
-0.051898 -0.172620 -0.105955
-0.047455 -0.168049 -0.106788
-0.049334 -0.163609 -0.114125
-0.064700 -0.179960 -0.103511
-0.057626 -0.176583 -0.104480
-0.059255 -0.174140 -0.113828
-0.080781 -0.185497 -0.102624
-0.072532 -0.182870 -0.102961
-0.072996 -0.180906 -0.111741
-0.304695 -0.176065 -0.098682
-0.297234 -0.178035 -0.102691
-0.279965 -0.183012 -0.105184
-0.269267 -0.186053 -0.103490
-0.289591 -0.179810 -0.107213
-0.283543 -0.180369 -0.113955
-0.297681 -0.176080 -0.111801
-0.312964 -0.172012 -0.100740
-0.316231 -0.168456 -0.108831
0.260669 -0.189314 -0.102860
0.251586 -0.190960 -0.103545
0.263128 -0.187010 -0.110219
0.242402 -0.192521 -0.103245
0.233324 -0.193661 -0.103035
0.243371 -0.190608 -0.111919
0.224386 -0.194375 -0.103004
0.215516 -0.194841 -0.102910
0.225076 -0.192908 -0.111882
0.198096 -0.195320 -0.102557
0.206735 -0.195155 -0.102749
0.207255 -0.194225 -0.111393
0.189586 -0.195378 -0.102348
0.181148 -0.195317 -0.102215
0.190049 -0.194695 -0.110788
0.172762 -0.195139 -0.102141
0.164320 -0.194907 -0.102040
0.173722 -0.194634 -0.110083
0.147852 -0.194412 -0.101305
0.155866 -0.194640 -0.101870
0.157079 -0.193816 -0.110245
0.132457 -0.193592 -0.100552
0.140251 -0.194170 -0.100464
0.140768 -0.193063 -0.108758
0.115525 -0.191470 -0.102150
0.124299 -0.192644 -0.101522
0.127646 -0.191841 -0.109021
0.095811 -0.188041 -0.101635
0.105936 -0.189958 -0.102087
0.109304 -0.188801 -0.111437
0.089152 -0.184711 -0.111246
-0.097736 -0.190151 -0.102392
-0.089217 -0.187904 -0.102417
-0.089228 -0.185977 -0.110897
-0.115006 -0.193280 -0.102684
-0.106317 -0.191986 -0.102519
-0.105728 -0.190160 -0.110521
-0.132584 -0.194787 -0.102867
-0.123795 -0.194180 -0.102846
-0.123160 -0.192697 -0.111562
-0.149961 -0.195320 -0.102557
-0.141330 -0.195152 -0.102741
-0.140828 -0.194216 -0.111368
-0.166898 -0.195329 -0.102244
-0.158471 -0.195378 -0.102348
-0.158007 -0.194695 -0.110788
-0.183753 -0.194971 -0.102357
-0.175274 -0.195179 -0.102262
-0.174289 -0.194676 -0.110181
-0.192336 -0.194718 -0.102472
-0.200997 -0.194460 -0.102370
-0.190924 -0.193920 -0.110832
-0.217886 -0.193982 -0.101141
-0.209676 -0.194201 -0.101990
-0.208506 -0.193093 -0.110679
-0.233779 -0.193116 -0.099393
-0.225615 -0.193751 -0.099910
-0.225330 -0.192469 -0.108360
-0.242115 -0.192091 -0.099373
-0.249656 -0.191369 -0.097072
-0.239644 -0.191038 -0.107403
-0.258577 -0.188992 -0.100904
-0.262010 -0.186118 -0.111447
0.854681 0.481057 -0.122695
0.852679 0.485031 -0.128697
0.848844 0.483036 -0.120871
0.857117 0.475867 -0.119241
0.859264 0.479064 -0.126658
0.841768 0.484640 -0.120520
0.855550 0.471456 -0.112973
0.859761 0.469702 -0.118681
0.850972 0.487489 -0.135283
0.856476 0.484816 -0.134988
0.860374 0.480820 -0.133450
0.862438 0.475686 -0.130402
0.859870 0.482152 -0.139489
0.838926 0.487288 -0.128040
0.833890 0.484656 -0.120139
0.825535 0.482691 -0.119637
0.836465 0.488481 -0.135336
0.844183 0.488781 -0.135286
0.849189 0.488652 -0.141399
0.821949 0.482706 -0.127522
0.817239 0.479079 -0.119093
0.809943 0.474067 -0.117472
0.819700 0.482125 -0.135586
0.828145 0.486196 -0.135340
0.834656 0.488216 -0.142189
0.861652 0.462555 -0.119694
0.862814 0.469599 -0.125783
0.864436 0.470342 -0.132969
0.805114 0.469868 -0.122977
0.862322 0.454378 -0.121468
0.795963 0.455822 -0.124330
0.792949 0.447925 -0.121574
0.805893 0.470681 -0.131889
0.800267 0.463514 -0.127764
0.796781 0.456388 -0.132683
-0.855249 0.439507 -0.119395
-0.848512 0.436233 -0.117752
-0.842413 0.431811 -0.115666
-0.837042 0.426286 -0.113164
-0.843421 0.432691 -0.123558
-0.868660 0.442698 -0.122979
-0.862054 0.441713 -0.121069
-0.856240 0.440390 -0.127277
-0.869943 0.443078 -0.130231
0.856431 0.428960 -0.116990
0.859421 0.437553 -0.120130
0.862158 0.446436 -0.124622
0.864453 0.455377 -0.130389
0.861032 0.439389 -0.129023
0.790871 0.440029 -0.119721
0.789395 0.432518 -0.118375
0.792011 0.441364 -0.127525
-0.833355 0.420962 -0.118030
0.854021 0.423116 -0.121238
0.788488 0.425512 -0.117057
0.788554 0.418614 -0.116230
0.790594 0.426915 -0.124310
-0.895254 0.418277 -0.123545
-0.895473 0.411670 -0.121770
-0.895263 0.419198 -0.130559
0.839968 0.405007 -0.117817
0.845769 0.411392 -0.121226
0.850388 0.418048 -0.125338
0.854601 0.425138 -0.129297
0.845481 0.414065 -0.129424
0.789417 0.411935 -0.115378
0.789796 0.405038 -0.111807
0.791718 0.415281 -0.122490
-0.824137 0.397722 -0.114386
-0.827426 0.406679 -0.119420
-0.823672 0.389131 -0.116721
-0.830723 0.415010 -0.122504
-0.834532 0.422172 -0.125461
-0.829676 0.409710 -0.127496
-0.894875 0.404555 -0.120150
-0.893202 0.396903 -0.118668
-0.895559 0.405158 -0.127932
0.826554 0.393992 -0.113130
0.833217 0.399422 -0.115944
0.835023 0.404482 -0.124522
0.794391 0.399329 -0.113047
-0.890307 0.389119 -0.116788
-0.886292 0.381334 -0.113372
-0.891527 0.390474 -0.125310
0.819088 0.393214 -0.115543
0.801189 0.395018 -0.113978
0.810169 0.393201 -0.115382
0.816640 0.398673 -0.123902
0.800352 0.402246 -0.122297
-0.825975 0.371470 -0.116395
-0.824214 0.379985 -0.117225
-0.827106 0.389251 -0.125379
-0.881454 0.374817 -0.118330
-0.832110 0.358075 -0.111678
-0.828769 0.364163 -0.114555
-0.831251 0.371805 -0.123154
-0.869096 0.366084 -0.120974
-0.861098 0.362391 -0.120018
-0.881688 0.376553 -0.127704
-0.876067 0.370890 -0.123224
-0.871366 0.370400 -0.129614
-0.838247 0.358178 -0.114965
-0.852916 0.359967 -0.118957
-0.845223 0.358680 -0.117311
-0.841192 0.364646 -0.123602
-0.856412 0.365671 -0.127527
0.328183 -0.118312 -0.113545
0.320951 -0.114902 -0.115282
0.340733 -0.128531 -0.109260
0.335013 -0.122947 -0.111472
0.330781 -0.123159 -0.119871
0.313902 -0.112520 -0.116086
0.307033 -0.111197 -0.117055
0.317400 -0.114962 -0.122440
0.300144 -0.110675 -0.118459
0.292913 -0.110487 -0.119647
0.306158 -0.112004 -0.123960
0.285598 -0.110468 -0.120889
0.278443 -0.110673 -0.122325
0.292046 -0.110690 -0.126591
0.277429 -0.110860 -0.129077
-0.280972 -0.109565 -0.119605
-0.272280 -0.110059 -0.119290
-0.263920 -0.110668 -0.127134
-0.298117 -0.109734 -0.120139
-0.289656 -0.109418 -0.119859
-0.281039 -0.109903 -0.127831
-0.313430 -0.112567 -0.121542
-0.306128 -0.110671 -0.120623
-0.297813 -0.110639 -0.128450
-0.319558 -0.115529 -0.122963
-0.324513 -0.119497 -0.123814
-0.312234 -0.114529 -0.130272
0.340969 -0.134609 -0.113893
0.231209 -0.119616 -0.126625
0.227040 -0.121879 -0.117701
0.246130 -0.115519 -0.136569
0.254224 -0.113772 -0.137729
0.227808 -0.120490 -0.134371
0.237297 -0.117809 -0.135347
0.243940 -0.117224 -0.142761
0.136837 -0.127135 -0.119805
0.145650 -0.127733 -0.119482
0.154400 -0.128060 -0.127610
0.128200 -0.126695 -0.120071
0.119721 -0.126388 -0.120295
0.136766 -0.127307 -0.128009
0.111323 -0.126177 -0.120411
0.102955 -0.126058 -0.120420
0.119542 -0.126992 -0.128225
0.094524 -0.126079 -0.120359
0.086179 -0.126427 -0.120289
0.102427 -0.127024 -0.128251
0.078162 -0.127352 -0.120392
0.070840 -0.129119 -0.120860
0.085690 -0.128117 -0.128314
0.064912 -0.131915 -0.121909
0.060526 -0.135800 -0.122730
0.070464 -0.132072 -0.128592
-0.059291 -0.129978 -0.110454
-0.051448 -0.133748 -0.108169
-0.049786 -0.139466 -0.112522
-0.075034 -0.126906 -0.114418
-0.067146 -0.127676 -0.112150
-0.064086 -0.131064 -0.118296
-0.082667 -0.126849 -0.116669
-0.090307 -0.126900 -0.118306
-0.076429 -0.128587 -0.121759
-0.098182 -0.127005 -0.119476
-0.106056 -0.127221 -0.120372
-0.091285 -0.127579 -0.125441
-0.120907 -0.127680 -0.122262
-0.113620 -0.127458 -0.121333
-0.106564 -0.127546 -0.127783
-0.122165 -0.127905 -0.129120
-0.211204 -0.123439 -0.120479
-0.202104 -0.125705 -0.120056
-0.193681 -0.126366 -0.128125
-0.212122 -0.122343 -0.129039
-0.232642 -0.116233 -0.135002
-0.223616 -0.119103 -0.136170
-0.204019 -0.124579 -0.137094
-0.213746 -0.122126 -0.137072
-0.217203 -0.122593 -0.143745
-0.328812 -0.124303 -0.122808
-0.332128 -0.129713 -0.120641
-0.323221 -0.123771 -0.130657
0.057089 -0.140476 -0.122023
0.054646 -0.145698 -0.120217
0.062153 -0.140259 -0.129676
-0.334126 -0.136163 -0.118303
-0.334913 -0.143241 -0.115675
-0.329401 -0.135620 -0.126952
0.337584 -0.146044 -0.120827
0.339961 -0.140537 -0.117636
0.336692 -0.134633 -0.121720
0.053444 -0.151776 -0.118356
0.053509 -0.158367 -0.116099
0.058072 -0.151894 -0.126643
-0.049372 -0.145558 -0.115888
-0.050002 -0.151871 -0.118516
-0.055901 -0.139985 -0.120708
-0.332003 -0.155209 -0.112170
-0.334109 -0.149682 -0.113776
-0.330323 -0.148712 -0.121948
0.329907 -0.156703 -0.122373
0.334133 -0.151418 -0.122555
0.332705 -0.146427 -0.127995
0.317510 -0.166341 -0.120678
0.324328 -0.161799 -0.121437
0.323755 -0.157770 -0.128758
0.056243 -0.170032 -0.108782
0.054809 -0.164705 -0.112978
0.059284 -0.164603 -0.121455
-0.051806 -0.158080 -0.120582
-0.054800 -0.163594 -0.122478
-0.055976 -0.152021 -0.126707
-0.326759 -0.159588 -0.114763
-0.311505 -0.168606 -0.117043
-0.319854 -0.164136 -0.116180
-0.322649 -0.159362 -0.122163
0.301649 -0.173798 -0.119780
0.309893 -0.170288 -0.120159
0.309185 -0.167453 -0.128376
0.284222 -0.179386 -0.118872
0.293092 -0.176758 -0.119417
0.292883 -0.174283 -0.127733
0.268173 -0.184407 -0.115392
0.275521 -0.181880 -0.117901
0.274785 -0.179547 -0.126599
0.063008 -0.174805 -0.110232
0.069717 -0.176708 -0.115308
0.084104 -0.181638 -0.120016
0.093501 -0.183856 -0.120301
0.076031 -0.178551 -0.120727
0.080759 -0.178950 -0.127281
0.069510 -0.174383 -0.122996
-0.061626 -0.172108 -0.122713
-0.066999 -0.175760 -0.121279
-0.059925 -0.162930 -0.130598
-0.059038 -0.167803 -0.125605
-0.064860 -0.170167 -0.130868
-0.073778 -0.178774 -0.120363
-0.081386 -0.181385 -0.119769
-0.074889 -0.176572 -0.128599
-0.089482 -0.183778 -0.119295
-0.097402 -0.185960 -0.118702
-0.089908 -0.181207 -0.127493
-0.280549 -0.179669 -0.121088
-0.287957 -0.177595 -0.120619
-0.254448 -0.185768 -0.119431
-0.265315 -0.183017 -0.121908
-0.273844 -0.180546 -0.124364
-0.268116 -0.180322 -0.130197
-0.280201 -0.177772 -0.128367
-0.295540 -0.175035 -0.120060
-0.303196 -0.172238 -0.118313
-0.291462 -0.174620 -0.126716
-0.307058 -0.168129 -0.125457
0.258787 -0.185559 -0.119355
0.235104 -0.189911 -0.119557
0.243342 -0.188447 -0.119994
0.249760 -0.186341 -0.122924
0.254282 -0.183534 -0.128121
0.241113 -0.186038 -0.128072
0.217041 -0.191642 -0.120672
0.226038 -0.190796 -0.120427
0.228225 -0.188158 -0.127669
0.199221 -0.193249 -0.119513
0.208042 -0.192631 -0.120050
0.209034 -0.190300 -0.128314
0.182559 -0.193686 -0.118427
0.190631 -0.193502 -0.119100
0.191616 -0.191590 -0.127168
0.174948 -0.193788 -0.117585
0.167121 -0.193424 -0.117538
0.175306 -0.191970 -0.125383
0.158971 -0.192659 -0.118200
0.150075 -0.191886 -0.118339
0.162097 -0.191210 -0.125345
0.140884 -0.191177 -0.117627
0.133123 -0.191123 -0.114854
0.142999 -0.188818 -0.126528
0.124151 -0.189270 -0.118400
0.103469 -0.185698 -0.120822
0.113779 -0.187481 -0.120289
0.119652 -0.185880 -0.128079
0.097335 -0.182494 -0.128879
-0.105043 -0.187993 -0.118044
-0.113267 -0.189572 -0.118483
-0.105619 -0.185469 -0.125869
-0.122117 -0.190569 -0.119907
-0.131073 -0.191548 -0.120454
-0.119669 -0.187900 -0.126913
-0.140036 -0.192610 -0.119986
-0.148844 -0.193246 -0.119505
-0.139016 -0.190260 -0.128193
-0.165484 -0.193693 -0.118437
-0.157425 -0.193502 -0.119100
-0.156441 -0.191590 -0.127168
-0.180796 -0.193507 -0.117733
-0.173057 -0.193820 -0.117646
-0.172691 -0.192007 -0.125428
-0.197443 -0.192094 -0.119254
-0.188853 -0.192796 -0.118655
-0.185692 -0.191343 -0.125645
-0.216035 -0.190860 -0.118755
-0.206540 -0.191441 -0.119291
-0.203709 -0.189189 -0.127720
-0.233645 -0.190391 -0.113968
-0.225443 -0.190392 -0.117453
-0.223772 -0.187851 -0.126488
-0.243354 -0.188258 -0.116972
-0.247128 -0.184760 -0.127317
0.806202 0.470094 -0.140346
0.812216 0.476650 -0.137234
0.819045 0.480907 -0.143419
0.865544 0.463704 -0.135652
0.865401 0.456459 -0.138601
0.864926 0.471140 -0.139949
0.797882 0.456262 -0.140244
0.795005 0.449318 -0.137222
0.807113 0.468519 -0.147546
0.801846 0.462944 -0.143670
0.799553 0.455578 -0.146846
-0.850470 0.437458 -0.133218
-0.857088 0.440609 -0.134777
-0.839031 0.427980 -0.128566
-0.844373 0.433091 -0.131161
-0.845477 0.433058 -0.138293
-0.863958 0.442392 -0.136041
-0.870802 0.442755 -0.137314
-0.857984 0.440219 -0.141442
-0.877222 0.441725 -0.138970
-0.882714 0.439465 -0.141208
-0.871166 0.441590 -0.143985
0.858499 0.432837 -0.133317
0.861654 0.440956 -0.137472
0.863876 0.449264 -0.141682
0.864921 0.457437 -0.145668
0.860793 0.442732 -0.145024
0.793184 0.442431 -0.134593
0.792572 0.435180 -0.132797
0.794894 0.442448 -0.141002
-0.835595 0.422313 -0.132462
-0.890330 0.431930 -0.141250
-0.892914 0.426344 -0.139066
-0.882436 0.438290 -0.147514
-0.886864 0.436100 -0.144100
-0.889096 0.431635 -0.147542
0.854588 0.427112 -0.137289
0.792837 0.427945 -0.131441
0.792765 0.421074 -0.128350
0.794619 0.430363 -0.137828
-0.894563 0.419786 -0.137485
-0.895398 0.412809 -0.136308
-0.893063 0.420004 -0.144108
0.838870 0.410410 -0.132077
0.843881 0.416409 -0.137261
0.849245 0.422525 -0.141070
0.853488 0.429516 -0.144763
0.842890 0.419662 -0.144589
0.795507 0.414767 -0.129512
-0.830731 0.406807 -0.133757
-0.832764 0.415161 -0.134151
-0.836750 0.421431 -0.138849
-0.895469 0.405710 -0.135166
-0.894701 0.398948 -0.133926
-0.894291 0.406057 -0.141706
0.830901 0.406773 -0.132399
0.813339 0.404004 -0.131711
0.822022 0.404526 -0.132028
0.826241 0.410779 -0.139965
0.799790 0.409007 -0.129685
0.805912 0.405240 -0.130681
0.810059 0.409409 -0.137911
0.800201 0.415324 -0.136438
-0.831360 0.388750 -0.133242
-0.830191 0.397893 -0.133377
-0.833533 0.405701 -0.140744
-0.892833 0.392495 -0.132570
-0.889658 0.386266 -0.131982
-0.892976 0.393779 -0.138907
-0.837526 0.372080 -0.128864
-0.834087 0.380118 -0.132068
-0.836609 0.388762 -0.140176
-0.885544 0.381259 -0.133352
-0.880406 0.377565 -0.135725
-0.888111 0.384946 -0.138692
-0.844574 0.371661 -0.132539
-0.860168 0.371156 -0.135516
-0.852275 0.370934 -0.134420
-0.848901 0.377736 -0.140670
-0.874299 0.374634 -0.136765
-0.867584 0.372459 -0.136306
-0.864302 0.376357 -0.142455
-0.878094 0.379076 -0.142060
0.312274 -0.114594 -0.127730
0.318883 -0.118295 -0.128662
0.325788 -0.123146 -0.127475
0.331961 -0.128684 -0.125095
0.319989 -0.122915 -0.134053
0.305675 -0.113510 -0.130461
0.291071 -0.111270 -0.132933
0.298335 -0.112028 -0.131657
0.303411 -0.114639 -0.136292
0.276739 -0.111562 -0.135677
0.284125 -0.111292 -0.134428
0.290917 -0.112699 -0.138756
0.261915 -0.112643 -0.137840
0.269240 -0.111992 -0.136827
0.276442 -0.113054 -0.141979
0.260663 -0.114247 -0.143532
-0.240827 -0.113900 -0.133860
-0.248633 -0.112420 -0.133537
-0.235938 -0.115959 -0.140476
-0.256145 -0.111645 -0.134159
-0.264083 -0.111151 -0.134809
-0.248809 -0.113255 -0.140011
-0.280997 -0.110890 -0.135554
-0.272494 -0.110903 -0.135244
-0.264053 -0.112620 -0.141810
-0.297275 -0.112051 -0.136213
-0.289379 -0.111229 -0.135831
-0.280857 -0.112722 -0.142546
-0.304427 -0.113693 -0.136930
-0.310188 -0.116373 -0.138167
-0.296517 -0.114110 -0.143130
0.209049 -0.125273 -0.134846
0.218391 -0.123066 -0.134232
0.226149 -0.122003 -0.141926
0.199749 -0.127052 -0.135232
0.190503 -0.128179 -0.135274
0.208365 -0.126947 -0.142512
0.181255 -0.128727 -0.135262
0.172097 -0.128888 -0.135280
0.189831 -0.129545 -0.142493
0.163092 -0.128773 -0.135362
0.154213 -0.128521 -0.135498
0.171737 -0.130152 -0.142447
0.136707 -0.128185 -0.135674
0.145428 -0.128311 -0.135607
0.154100 -0.130009 -0.142541
0.128033 -0.128120 -0.135716
0.119387 -0.128137 -0.135740
0.136666 -0.129902 -0.142596
0.102094 -0.128525 -0.135746
0.110720 -0.128234 -0.135749
0.119269 -0.130015 -0.142609
0.093659 -0.129198 -0.135792
0.085507 -0.130499 -0.135885
0.102021 -0.130840 -0.142619
0.069650 -0.134733 -0.134075
0.073749 -0.133126 -0.133939
0.085713 -0.133820 -0.142680
0.078764 -0.132748 -0.136980
0.074195 -0.135053 -0.138647
-0.063112 -0.135111 -0.124020
-0.070035 -0.131379 -0.124621
-0.062423 -0.140132 -0.128470
-0.077106 -0.130575 -0.128246
-0.092211 -0.128423 -0.131921
-0.084726 -0.129189 -0.130220
-0.079446 -0.131944 -0.134280
-0.106892 -0.128365 -0.134788
-0.099327 -0.128335 -0.133544
-0.092225 -0.129991 -0.137777
-0.114938 -0.128477 -0.135557
-0.123134 -0.128666 -0.135927
-0.107085 -0.129995 -0.141198
-0.131568 -0.128888 -0.135962
-0.140188 -0.129119 -0.135785
-0.123762 -0.130189 -0.142502
-0.148987 -0.129281 -0.135558
-0.157959 -0.129301 -0.135385
-0.141032 -0.130448 -0.142593
-0.176060 -0.128504 -0.135473
-0.166983 -0.129054 -0.135339
-0.158680 -0.130401 -0.142454
-0.185162 -0.127612 -0.135778
-0.194487 -0.126300 -0.136377
-0.176567 -0.129554 -0.142734
-0.195215 -0.127543 -0.143998
-0.317775 -0.123893 -0.138078
-0.321446 -0.129237 -0.136507
-0.307321 -0.118228 -0.144793
-0.313117 -0.120043 -0.140694
-0.312554 -0.124669 -0.144822
0.331953 -0.134599 -0.129046
0.064806 -0.145336 -0.135632
0.066705 -0.140069 -0.136173
0.068068 -0.136937 -0.136501
0.069957 -0.139280 -0.140193
0.070532 -0.136005 -0.138083
-0.324094 -0.135409 -0.134811
-0.325457 -0.141819 -0.132714
-0.318102 -0.135466 -0.141797
0.330634 -0.140631 -0.132064
0.328147 -0.146011 -0.134352
0.326709 -0.134515 -0.135641
0.063171 -0.151685 -0.134264
0.062725 -0.158041 -0.132385
0.068890 -0.151318 -0.140995
-0.062130 -0.152036 -0.134336
-0.061813 -0.145974 -0.131896
-0.068914 -0.140322 -0.135664
-0.325642 -0.148052 -0.130099
-0.324610 -0.153993 -0.126728
-0.320493 -0.147605 -0.137297
0.323541 -0.153553 -0.134294
0.319274 -0.157019 -0.134221
0.325271 -0.149446 -0.136512
0.323938 -0.144931 -0.139843
0.321506 -0.151198 -0.138895
0.307961 -0.163801 -0.136138
0.300546 -0.168008 -0.135807
0.313594 -0.158676 -0.137495
0.305894 -0.159124 -0.143184
0.317450 -0.153931 -0.139366
0.063494 -0.164061 -0.129651
0.065494 -0.169579 -0.126302
0.068218 -0.163645 -0.136821
-0.065534 -0.162663 -0.137630
-0.063390 -0.157729 -0.136187
-0.068623 -0.152028 -0.141146
-0.317813 -0.159004 -0.129859
-0.301774 -0.167606 -0.133064
-0.310151 -0.163502 -0.131964
-0.312679 -0.158417 -0.136918
0.292538 -0.171391 -0.135556
0.284057 -0.174165 -0.135324
0.291831 -0.167891 -0.142603
0.275105 -0.176545 -0.134914
0.265802 -0.178699 -0.134380
0.275292 -0.173190 -0.142276
0.256504 -0.180256 -0.134794
0.247216 -0.181528 -0.135926
0.257328 -0.176571 -0.141932
0.232551 -0.185350 -0.132869
0.238875 -0.183117 -0.135646
0.238821 -0.179326 -0.142128
0.090993 -0.179316 -0.134943
0.098972 -0.180182 -0.136683
0.115023 -0.181992 -0.137167
0.125653 -0.183526 -0.135658
0.106116 -0.179954 -0.139756
0.111311 -0.177947 -0.144625
0.098787 -0.176917 -0.143498
0.077575 -0.176049 -0.132499
0.083836 -0.178117 -0.133506
0.085386 -0.176101 -0.139146
0.071534 -0.173145 -0.130398
0.075059 -0.172642 -0.136297
-0.071557 -0.170916 -0.136949
-0.068198 -0.167108 -0.137810
-0.071836 -0.162840 -0.143337
-0.076450 -0.173981 -0.136182
-0.082963 -0.176385 -0.135687
-0.078491 -0.170812 -0.142703
-0.098880 -0.180396 -0.134743
-0.090518 -0.178363 -0.135267
-0.091189 -0.175193 -0.142226
-0.107386 -0.182490 -0.133880
-0.114668 -0.184961 -0.131661
-0.108223 -0.178723 -0.141319
-0.272570 -0.177461 -0.135866
-0.265231 -0.179006 -0.136400
-0.251071 -0.181010 -0.136605
-0.241014 -0.182862 -0.134906
-0.259124 -0.178991 -0.139100
-0.254322 -0.177299 -0.143913
-0.265435 -0.176366 -0.142486
-0.286123 -0.174613 -0.131998
-0.279893 -0.175547 -0.135059
-0.277106 -0.174082 -0.140427
-0.293295 -0.171322 -0.133233
-0.295553 -0.166742 -0.139660
0.223753 -0.185298 -0.135745
0.201257 -0.188557 -0.134706
0.208959 -0.187415 -0.135696
0.215031 -0.185180 -0.138548
0.219260 -0.181599 -0.143023
0.206625 -0.183690 -0.142538
0.184121 -0.188925 -0.134266
0.192942 -0.188885 -0.134588
0.194910 -0.185382 -0.140961
0.167460 -0.189692 -0.130747
0.175082 -0.188972 -0.133358
0.176540 -0.185084 -0.140764
0.158339 -0.187694 -0.133708
0.136653 -0.184717 -0.135285
0.147667 -0.186026 -0.135070
0.153678 -0.182852 -0.141989
0.130320 -0.180068 -0.143452
-0.123990 -0.185078 -0.135211
-0.146794 -0.188545 -0.134669
-0.139070 -0.187373 -0.135571
-0.132890 -0.185085 -0.138315
-0.128495 -0.181436 -0.142688
-0.141389 -0.183665 -0.142463
-0.155115 -0.188885 -0.134588
-0.163917 -0.188942 -0.134280
-0.153146 -0.185382 -0.140961
-0.172906 -0.189029 -0.133410
-0.180434 -0.189790 -0.130895
-0.171462 -0.185133 -0.140805
-0.189377 -0.187877 -0.134016
-0.199585 -0.186331 -0.135668
-0.209912 -0.185293 -0.136119
-0.194021 -0.183070 -0.142203
-0.220251 -0.184787 -0.135356
-0.230651 -0.184158 -0.134476
-0.216802 -0.180886 -0.143374
-0.236685 -0.179783 -0.142367
0.847600 0.488518 -0.146824
0.853579 0.486662 -0.146122
0.862448 0.477690 -0.143178
0.858590 0.482925 -0.145146
0.856478 0.483123 -0.149947
0.841011 0.488283 -0.147590
0.833757 0.486455 -0.148189
0.846990 0.486474 -0.151442
0.864039 0.471810 -0.146287
0.826315 0.483230 -0.148908
0.819391 0.478462 -0.149989
0.833633 0.483411 -0.153230
0.813494 0.472474 -0.151492
0.808710 0.466081 -0.153130
0.820548 0.475088 -0.155044
0.863237 0.458612 -0.151365
0.864281 0.465199 -0.148965
0.861719 0.472335 -0.151509
0.801878 0.454460 -0.152131
0.799278 0.448140 -0.149494
0.810206 0.462794 -0.157025
0.805446 0.459662 -0.154541
0.804956 0.453164 -0.156059
-0.858856 0.439078 -0.147029
-0.852751 0.436699 -0.145833
-0.841511 0.427401 -0.142187
-0.846923 0.432648 -0.144501
-0.849096 0.432126 -0.149530
-0.864957 0.439731 -0.148389
-0.871222 0.439417 -0.149633
-0.858940 0.436431 -0.151662
-0.877146 0.438301 -0.150956
-0.881835 0.436486 -0.152398
-0.871059 0.436167 -0.154156
0.858676 0.445016 -0.151454
0.856179 0.437192 -0.148410
0.860730 0.452662 -0.153612
0.860521 0.459846 -0.155594
0.856634 0.448582 -0.156000
0.796042 0.435276 -0.142998
0.797428 0.441547 -0.146589
0.801016 0.440727 -0.151371
-0.838743 0.420704 -0.144858
-0.887245 0.431055 -0.152418
-0.889173 0.426220 -0.151019
-0.881132 0.433991 -0.155744
-0.884710 0.433975 -0.153855
-0.884722 0.430377 -0.155756
0.851449 0.432111 -0.151037
0.798178 0.427989 -0.143019
-0.890575 0.420032 -0.149758
-0.891455 0.413161 -0.148596
-0.887103 0.419950 -0.154273
0.842653 0.423587 -0.150724
0.836437 0.419700 -0.148472
0.847019 0.428075 -0.152829
0.848240 0.433338 -0.155230
0.842319 0.427443 -0.154944
0.828742 0.416880 -0.146908
0.820396 0.415339 -0.145847
0.829856 0.422744 -0.152690
0.812722 0.414773 -0.144194
0.806047 0.415116 -0.141441
0.814585 0.420641 -0.149703
0.801666 0.421236 -0.142569
0.803167 0.427125 -0.147948
-0.837337 0.405414 -0.147067
-0.837363 0.413251 -0.146430
-0.841957 0.420396 -0.150233
-0.891933 0.406162 -0.147337
-0.892021 0.399678 -0.145907
-0.888404 0.406154 -0.152028
-0.842174 0.390343 -0.146543
-0.838881 0.397524 -0.147002
-0.842025 0.405789 -0.152256
-0.890270 0.389240 -0.142177
-0.891643 0.394170 -0.144176
-0.888887 0.394005 -0.148394
-0.854288 0.382806 -0.147527
-0.847383 0.385402 -0.146700
-0.847795 0.393302 -0.152304
-0.869011 0.381567 -0.147975
-0.861734 0.381653 -0.148032
-0.860073 0.387929 -0.152785
-0.875896 0.382340 -0.147329
-0.881883 0.383752 -0.146044
-0.874111 0.387089 -0.151857
-0.886612 0.385809 -0.144286
-0.885381 0.388721 -0.148457
0.306163 -0.118374 -0.140905
0.298321 -0.115098 -0.140916
0.320951 -0.128533 -0.138442
0.313882 -0.122938 -0.140031
0.307398 -0.123263 -0.145231
0.291651 -0.115252 -0.143916
0.284240 -0.115369 -0.146014
0.276280 -0.115638 -0.147494
0.292222 -0.118892 -0.148423
0.268056 -0.116118 -0.148321
0.259728 -0.116899 -0.148708
0.276046 -0.119312 -0.152071
0.251257 -0.118120 -0.148732
0.242717 -0.119911 -0.148520
0.259145 -0.120592 -0.153320
-0.232483 -0.119223 -0.146669
-0.241071 -0.115737 -0.144101
-0.212216 -0.127369 -0.150386
-0.222637 -0.123530 -0.148762
-0.229576 -0.124019 -0.152299
-0.247849 -0.115473 -0.146022
-0.263840 -0.115268 -0.147909
-0.255570 -0.115316 -0.147177
-0.246978 -0.119055 -0.151328
-0.280632 -0.115539 -0.148510
-0.272280 -0.115318 -0.148309
-0.263660 -0.119038 -0.152992
-0.295567 -0.116947 -0.148767
-0.288534 -0.116062 -0.148650
-0.280364 -0.119373 -0.153336
-0.304566 -0.121211 -0.149758
-0.301083 -0.118412 -0.149044
-0.294596 -0.120616 -0.152983
0.320988 -0.134517 -0.141453
0.234193 -0.122119 -0.148377
0.225766 -0.124854 -0.148527
0.242355 -0.123597 -0.153444
0.217442 -0.127851 -0.148887
0.208453 -0.130121 -0.149012
0.226477 -0.128909 -0.153880
0.198808 -0.131442 -0.148788
0.189439 -0.132187 -0.148603
0.208123 -0.134503 -0.153995
0.180439 -0.132552 -0.148540
0.171566 -0.132671 -0.148517
0.189190 -0.136000 -0.153464
0.154065 -0.132659 -0.148538
0.162793 -0.132682 -0.148523
0.171457 -0.136392 -0.153369
0.136653 -0.132652 -0.148546
0.145355 -0.132642 -0.148546
0.153987 -0.136419 -0.153375
0.119252 -0.132904 -0.148546
0.127943 -0.132710 -0.148546
0.136581 -0.136415 -0.153389
0.102291 -0.134216 -0.148548
0.110640 -0.133350 -0.148551
0.119291 -0.136808 -0.153397
0.087091 -0.138190 -0.148451
0.094295 -0.135748 -0.148535
0.102873 -0.138573 -0.153349
0.072612 -0.137257 -0.141072
0.074544 -0.140553 -0.143821
0.081572 -0.141588 -0.148229
0.077795 -0.145959 -0.147737
0.089608 -0.143245 -0.152968
-0.076663 -0.135744 -0.138267
-0.084605 -0.132469 -0.139392
-0.075531 -0.140666 -0.142029
-0.091372 -0.132602 -0.142820
-0.107091 -0.132666 -0.146832
-0.098921 -0.132628 -0.145205
-0.090742 -0.136264 -0.147219
-0.124139 -0.132773 -0.148293
-0.115551 -0.132710 -0.147779
-0.107096 -0.136342 -0.151563
-0.132803 -0.132831 -0.148493
-0.141512 -0.132885 -0.148532
-0.124328 -0.136385 -0.153087
-0.159044 -0.132721 -0.148537
-0.150257 -0.132862 -0.148511
-0.141723 -0.136416 -0.153372
-0.176703 -0.131996 -0.148933
-0.167873 -0.132428 -0.148663
-0.159190 -0.136265 -0.153442
-0.194582 -0.130614 -0.150369
-0.185730 -0.131347 -0.149471
-0.176608 -0.135811 -0.153898
-0.192869 -0.135355 -0.155293
-0.202133 -0.130862 -0.152353
-0.207458 -0.133168 -0.155469
-0.309391 -0.130002 -0.149026
-0.306986 -0.125215 -0.149954
-0.301018 -0.125352 -0.153398
0.320245 -0.140098 -0.143289
0.314721 -0.134652 -0.146303
0.307649 -0.134926 -0.150273
0.307890 -0.128849 -0.148450
0.300215 -0.123509 -0.149206
-0.313385 -0.141754 -0.145897
-0.311504 -0.135789 -0.147661
-0.304396 -0.136211 -0.152410
0.318983 -0.145150 -0.143891
0.317718 -0.149871 -0.142763
0.313024 -0.146672 -0.146579
0.305504 -0.147743 -0.149847
0.306939 -0.141371 -0.150640
0.299865 -0.135283 -0.153532
0.075365 -0.151531 -0.146777
0.074019 -0.157712 -0.145147
0.082592 -0.152332 -0.151576
-0.075665 -0.152044 -0.146899
-0.075222 -0.146211 -0.144990
-0.082746 -0.140880 -0.147118
-0.314549 -0.152901 -0.140546
-0.314771 -0.147307 -0.143459
-0.307732 -0.148065 -0.148314
0.296834 -0.159251 -0.148839
0.302191 -0.153845 -0.149145
0.296708 -0.148134 -0.153864
0.283159 -0.166849 -0.148488
0.290438 -0.163574 -0.148613
0.288299 -0.158692 -0.153472
0.073946 -0.168557 -0.139711
0.073605 -0.163526 -0.142741
0.079799 -0.163595 -0.147599
-0.076803 -0.157776 -0.147937
-0.078592 -0.162802 -0.148216
-0.083217 -0.152063 -0.151506
-0.307148 -0.157306 -0.143132
-0.298442 -0.160944 -0.145080
-0.289098 -0.165179 -0.145588
-0.302244 -0.154636 -0.148220
0.266644 -0.171088 -0.148306
0.275121 -0.169289 -0.148403
0.274673 -0.164660 -0.153386
0.248882 -0.173489 -0.148258
0.257849 -0.172412 -0.148254
0.258113 -0.167751 -0.153293
0.230512 -0.175893 -0.147766
0.239749 -0.174628 -0.148089
0.240427 -0.169470 -0.153181
0.212345 -0.177497 -0.148879
0.221404 -0.176758 -0.148101
0.222333 -0.171100 -0.152973
0.198435 -0.181627 -0.145753
0.204223 -0.178929 -0.148405
0.204056 -0.173152 -0.152890
0.123312 -0.175164 -0.149605
0.132459 -0.175454 -0.150028
0.149118 -0.177013 -0.149236
0.159450 -0.178771 -0.147660
0.140179 -0.174289 -0.151694
0.145601 -0.170782 -0.154732
0.132599 -0.169935 -0.155029
0.114495 -0.174554 -0.149644
0.106535 -0.173772 -0.149778
0.116538 -0.170129 -0.154016
0.099152 -0.173274 -0.148864
0.092354 -0.173144 -0.146664
0.100577 -0.169352 -0.152780
0.085781 -0.172897 -0.143987
0.079760 -0.172595 -0.140763
0.086081 -0.168784 -0.148059
-0.081207 -0.166975 -0.147958
-0.085632 -0.169849 -0.147814
-0.085623 -0.162543 -0.152223
-0.091951 -0.171506 -0.147962
-0.099487 -0.172768 -0.148015
-0.092784 -0.167309 -0.152249
-0.108007 -0.174113 -0.147796
-0.117138 -0.175560 -0.147419
-0.107871 -0.169123 -0.152874
-0.126342 -0.176580 -0.147791
-0.135560 -0.177430 -0.148727
-0.125562 -0.170970 -0.152803
-0.149609 -0.181623 -0.145740
-0.143785 -0.178913 -0.148357
-0.143957 -0.173138 -0.152846
-0.224392 -0.175969 -0.149134
-0.215215 -0.175936 -0.149914
-0.198652 -0.177225 -0.149371
-0.188446 -0.178904 -0.147753
-0.207594 -0.174560 -0.151792
-0.202286 -0.170893 -0.154845
-0.215330 -0.170096 -0.155073
-0.242806 -0.174971 -0.148741
-0.233765 -0.175604 -0.148800
-0.231794 -0.170476 -0.153880
-0.258980 -0.173375 -0.148955
-0.251246 -0.174179 -0.148916
-0.249253 -0.169790 -0.153472
-0.271986 -0.173294 -0.144818
-0.265940 -0.173008 -0.147758
-0.265501 -0.169019 -0.152008
-0.279919 -0.169728 -0.145355
-0.281830 -0.164020 -0.150532
0.189796 -0.180604 -0.147033
0.179982 -0.180298 -0.147201
0.169797 -0.179853 -0.147033
0.183653 -0.174642 -0.152225
0.163714 -0.173465 -0.152794
-0.158261 -0.180604 -0.147033
-0.178195 -0.179916 -0.147082
-0.168056 -0.180314 -0.147214
-0.164392 -0.174646 -0.152233
-0.184262 -0.173510 -0.152849
0.852680 0.483088 -0.153291
0.847224 0.482736 -0.155146
0.857714 0.478419 -0.153107
0.840778 0.481527 -0.156281
0.834096 0.479381 -0.157063
0.847461 0.477775 -0.157976
0.858136 0.472576 -0.155519
0.834846 0.474598 -0.159678
0.827884 0.476151 -0.157732
0.823169 0.471267 -0.158605
0.853316 0.472449 -0.158283
0.847402 0.471827 -0.159919
0.857808 0.466353 -0.157333
0.841148 0.470628 -0.160796
0.834828 0.468979 -0.161198
0.847004 0.465563 -0.160989
0.827974 0.467272 -0.160810
0.821111 0.465529 -0.159799
0.834034 0.462741 -0.161793
0.820746 0.459486 -0.161067
0.815389 0.462715 -0.159297
0.811514 0.458000 -0.159366
0.856687 0.460420 -0.158562
0.851880 0.460205 -0.160386
0.846263 0.459200 -0.161354
0.854887 0.454195 -0.158804
0.840109 0.457531 -0.161751
0.833348 0.455957 -0.161865
0.845986 0.452296 -0.160608
0.826502 0.454500 -0.161861
0.820112 0.453126 -0.161524
0.832783 0.448846 -0.161612
0.814212 0.452430 -0.160612
0.809101 0.452441 -0.158870
0.818989 0.446799 -0.161016
0.807238 0.446681 -0.157439
-0.858323 0.432206 -0.155241
-0.852903 0.432002 -0.153125
-0.847190 0.426714 -0.152490
-0.864519 0.432170 -0.156592
-0.870902 0.431779 -0.157437
-0.857944 0.426858 -0.157845
-0.876578 0.431136 -0.157812
-0.881138 0.430403 -0.157516
-0.870902 0.426475 -0.159513
0.851583 0.448508 -0.158441
0.846189 0.445072 -0.158948
0.839377 0.443179 -0.160246
0.832118 0.441759 -0.160883
0.845236 0.438278 -0.157894
0.824953 0.440778 -0.160645
0.817959 0.440188 -0.159805
0.831412 0.435025 -0.159379
0.811437 0.440017 -0.158106
0.805756 0.440243 -0.155311
0.817009 0.433430 -0.157623
0.804495 0.433526 -0.152286
-0.846276 0.420352 -0.154505
-0.881876 0.425789 -0.157842
0.843187 0.432245 -0.157148
0.837318 0.430321 -0.157351
0.830651 0.428782 -0.156833
0.823262 0.427580 -0.155868
0.815979 0.426925 -0.154269
0.809171 0.426797 -0.151798
-0.851676 0.420502 -0.157625
-0.857956 0.420608 -0.159514
-0.846317 0.413412 -0.155736
-0.864525 0.420555 -0.160427
-0.871083 0.420322 -0.160514
-0.858379 0.414199 -0.160331
-0.877223 0.420068 -0.159572
-0.882591 0.419945 -0.157529
-0.871390 0.413584 -0.160506
-0.883199 0.413163 -0.156800
-0.847336 0.406636 -0.156269
-0.853065 0.407714 -0.159028
-0.859156 0.407896 -0.160363
-0.849510 0.400785 -0.156412
-0.865308 0.407158 -0.160421
-0.871735 0.406552 -0.159711
-0.859462 0.401261 -0.159119
-0.878087 0.406228 -0.158161
-0.883705 0.406112 -0.155615
-0.872216 0.399486 -0.158037
-0.884207 0.399314 -0.153883
-0.853602 0.396723 -0.156474
-0.859391 0.394555 -0.156507
-0.866072 0.393408 -0.156228
-0.872933 0.392909 -0.155392
-0.884718 0.393413 -0.151531
-0.879317 0.392984 -0.153844
0.292424 -0.123620 -0.152124
0.284220 -0.123784 -0.154272
0.275773 -0.124070 -0.155660
0.292268 -0.129231 -0.154730
0.258806 -0.125342 -0.156968
0.267244 -0.124566 -0.156501
0.275362 -0.129678 -0.158272
0.242673 -0.128146 -0.157239
0.250535 -0.126529 -0.157185
0.258664 -0.130910 -0.159618
-0.246409 -0.123943 -0.155813
-0.237826 -0.123968 -0.154502
-0.228229 -0.129920 -0.156809
-0.263552 -0.123962 -0.156946
-0.254930 -0.123945 -0.156575
-0.246137 -0.129819 -0.159072
-0.272019 -0.124064 -0.157059
-0.280223 -0.124278 -0.156882
-0.263501 -0.129851 -0.159696
-0.294572 -0.125150 -0.155499
-0.287744 -0.124664 -0.156455
-0.280237 -0.130085 -0.159112
0.229340 -0.133835 -0.157765
0.235301 -0.130302 -0.157351
0.243441 -0.133360 -0.159818
0.207241 -0.139985 -0.157318
0.216849 -0.139221 -0.157760
0.226208 -0.139060 -0.158782
0.235177 -0.139397 -0.160284
0.224914 -0.145293 -0.159972
0.188956 -0.140932 -0.156952
0.197928 -0.140583 -0.157064
0.206607 -0.146105 -0.159263
0.171286 -0.141262 -0.156888
0.180083 -0.141166 -0.156900
0.188674 -0.146810 -0.159033
0.153777 -0.141270 -0.156916
0.162513 -0.141294 -0.156897
0.170918 -0.147095 -0.159000
0.136404 -0.141195 -0.156966
0.145068 -0.141211 -0.156944
0.153297 -0.146969 -0.159104
0.119355 -0.141649 -0.156974
0.127810 -0.141310 -0.156982
0.136027 -0.146756 -0.159240
0.103735 -0.143551 -0.156792
0.111222 -0.142377 -0.156930
0.119386 -0.147194 -0.159225
-0.090521 -0.140942 -0.150844
-0.098694 -0.140975 -0.153493
-0.107164 -0.140991 -0.155176
-0.090638 -0.146303 -0.153445
-0.115768 -0.141001 -0.156140
-0.124425 -0.141010 -0.156652
-0.107296 -0.146343 -0.157575
-0.141800 -0.141042 -0.156920
-0.133102 -0.141018 -0.156861
-0.124458 -0.146417 -0.158871
-0.159258 -0.141012 -0.156998
-0.150524 -0.141042 -0.156934
-0.141864 -0.146580 -0.159067
-0.176566 -0.140842 -0.157428
-0.167961 -0.140967 -0.157156
-0.159401 -0.146822 -0.159112
-0.192449 -0.140665 -0.158532
-0.184702 -0.140769 -0.157907
-0.176765 -0.146838 -0.159448
-0.210062 -0.137911 -0.158352
-0.200886 -0.139666 -0.158667
-0.193583 -0.146254 -0.160088
-0.219274 -0.136848 -0.158725
-0.228438 -0.136609 -0.159794
-0.211217 -0.144407 -0.160301
-0.295563 -0.130426 -0.156291
0.291655 -0.135494 -0.156249
0.274764 -0.135898 -0.159875
0.283190 -0.135627 -0.158435
0.290330 -0.141968 -0.156979
0.258493 -0.137098 -0.161185
0.266552 -0.136378 -0.160739
0.273945 -0.142159 -0.160685
0.243380 -0.139091 -0.161165
0.250829 -0.138078 -0.161297
0.258372 -0.143618 -0.161701
0.242451 -0.145048 -0.161397
0.097335 -0.145414 -0.156502
0.104661 -0.148898 -0.158787
0.092736 -0.148650 -0.156027
-0.246145 -0.136498 -0.161027
-0.237393 -0.136525 -0.160591
-0.228872 -0.143726 -0.161283
-0.263536 -0.136539 -0.161207
-0.254855 -0.136514 -0.161261
-0.246278 -0.143657 -0.161799
-0.272079 -0.136596 -0.160834
-0.280476 -0.136671 -0.160002
-0.263684 -0.143661 -0.161541
-0.288718 -0.136691 -0.158434
-0.296723 -0.136558 -0.155970
-0.280959 -0.143658 -0.159624
-0.298006 -0.143260 -0.154483
0.288257 -0.148084 -0.157134
0.280443 -0.147811 -0.159441
0.272984 -0.148175 -0.160733
0.285273 -0.153414 -0.157019
0.265818 -0.149209 -0.161167
0.258265 -0.150180 -0.161283
0.272960 -0.154063 -0.159585
0.250146 -0.150863 -0.161173
0.241742 -0.151333 -0.160882
0.258188 -0.156514 -0.159801
0.233041 -0.151653 -0.160538
0.224132 -0.151927 -0.160194
0.241314 -0.157731 -0.159503
0.215156 -0.152261 -0.159949
0.206159 -0.152689 -0.159797
0.223594 -0.158545 -0.159125
0.197184 -0.153127 -0.159691
0.188207 -0.153448 -0.159633
0.205638 -0.159540 -0.158921
0.179204 -0.153628 -0.159602
0.170215 -0.153648 -0.159647
0.187467 -0.160627 -0.158617
0.161252 -0.153516 -0.159756
0.152452 -0.153279 -0.159900
0.168889 -0.160525 -0.158835
0.143833 -0.153014 -0.160063
0.135391 -0.152865 -0.160159
0.151006 -0.159737 -0.159325
0.127195 -0.152924 -0.160168
0.119167 -0.153196 -0.160057
0.134418 -0.158873 -0.159874
0.111633 -0.153734 -0.159770
0.104550 -0.154347 -0.159195
0.118725 -0.159232 -0.159417
0.097325 -0.154184 -0.157784
0.089996 -0.153275 -0.155233
0.103312 -0.159519 -0.158095
0.088104 -0.158543 -0.153746
-0.091099 -0.152079 -0.154924
-0.107522 -0.152170 -0.158642
-0.099207 -0.152105 -0.157265
-0.091858 -0.157663 -0.155394
-0.124546 -0.152425 -0.159635
-0.115963 -0.152277 -0.159321
-0.107678 -0.158081 -0.158244
-0.142067 -0.152888 -0.159722
-0.133271 -0.152628 -0.159734
-0.124722 -0.158715 -0.158887
-0.159808 -0.153447 -0.159709
-0.150917 -0.153198 -0.159695
-0.142451 -0.159594 -0.158896
-0.177467 -0.153513 -0.159960
-0.168672 -0.153571 -0.159783
-0.160537 -0.160631 -0.158666
-0.194988 -0.152635 -0.160414
-0.186274 -0.153188 -0.160180
-0.178936 -0.160459 -0.158998
-0.212298 -0.151431 -0.160958
-0.203656 -0.151994 -0.160699
-0.196724 -0.159375 -0.159605
-0.229375 -0.150950 -0.161395
-0.220829 -0.151081 -0.161198
-0.213531 -0.158088 -0.160348
-0.237943 -0.150942 -0.161461
-0.246564 -0.150932 -0.161450
-0.229930 -0.158022 -0.160218
-0.255252 -0.150884 -0.161278
-0.263966 -0.150842 -0.160768
-0.247079 -0.157938 -0.159936
-0.272700 -0.150789 -0.159782
-0.281637 -0.150761 -0.157926
-0.264442 -0.157686 -0.158889
-0.290694 -0.150656 -0.155042
-0.299470 -0.149712 -0.151869
-0.282337 -0.157625 -0.154862
0.280432 -0.157225 -0.157004
0.273888 -0.159551 -0.157111
0.258201 -0.162404 -0.157140
0.266371 -0.161213 -0.157173
0.240900 -0.163825 -0.156938
0.249662 -0.163198 -0.157057
0.223042 -0.164949 -0.156766
0.232007 -0.164388 -0.156834
0.204958 -0.166441 -0.156501
0.214053 -0.165543 -0.156727
0.186167 -0.167954 -0.155994
0.195731 -0.167517 -0.156091
0.166703 -0.167262 -0.156587
0.176304 -0.167730 -0.156254
0.148879 -0.165692 -0.157535
0.157503 -0.166596 -0.156962
0.133132 -0.164360 -0.158332
0.140831 -0.164693 -0.158218
0.117968 -0.164925 -0.157382
0.125705 -0.164697 -0.157842
0.101967 -0.164618 -0.155848
0.109880 -0.164850 -0.156840
0.086796 -0.163861 -0.151364
0.094269 -0.164261 -0.154102
-0.092752 -0.162667 -0.154721
-0.107795 -0.163759 -0.156327
-0.099960 -0.163207 -0.155825
-0.125027 -0.164917 -0.156639
-0.116274 -0.164323 -0.156560
-0.143076 -0.166443 -0.156467
-0.133980 -0.165538 -0.156669
-0.161853 -0.167966 -0.156018
-0.152303 -0.167518 -0.156089
-0.171684 -0.167730 -0.156297
-0.181233 -0.167243 -0.156659
-0.190397 -0.166544 -0.157075
-0.199015 -0.165580 -0.157687
-0.207108 -0.164518 -0.158417
-0.214896 -0.164120 -0.158557
-0.222504 -0.164397 -0.158081
-0.230609 -0.164557 -0.157707
-0.239244 -0.164475 -0.157488
-0.247881 -0.164283 -0.157256
-0.256480 -0.164023 -0.156837
-0.264936 -0.163839 -0.155858
-0.273432 -0.163766 -0.153926
3 2929 2930 2931
3 2930 2932 2933
3 2934 2935 2936
3 2937 2938 2934
3 2929 2939 2935
3 2940 2941 2938
3 2932 2941 2942
3 2943 2944 2945
3 2933 2946 2943
3 2945 2947 2931
3 2948 2949 2944
3 2948 2950 2951
3 2952 2953 2950
3 2946 2954 2952
3 2955 2956 2957
3 2958 2955 2959
3 2960 2961 2962
3 2963 2962 2964
3 2957 2965 2960
3 2959 2963 2966
3 2967 2968 2969
3 2970 2967 2971
3 2969 2972 2956
3 2971 2958 2973
3 2974 2975 2976
3 2977 2974 2978
3 2976 2979 2968
3 2978 2970 2980
3 2981 2975 2982
3 2983 2984 2985
3 2986 2984 2977
3 2982 2983 2987
3 2936 2988 2989
3 2989 2990 2991
3 2992 2993 2937
3 2991 2994 2992
3 2995 2939 2996
3 2995 2997 2988
3 2998 2999 2947
3 2999 3000 2996
3 2949 3001 3002
3 3002 3003 2998
3 3004 3005 3006
3 3007 3005 3008
3 3009 3001 3004
3 3010 3008 2951
3 3011 3012 3013
3 3014 3012 3007
3 3015 3006 3011
3 3016 3017 3018
3 3017 3019 3020
3 3021 3013 3016
3 3014 3022 3019
3 3023 3024 3025
3 3026 3024 3027
3 3023 3028 3018
3 3020 3029 3027
3 3030 3031 3032
3 3033 3034 3031
3 3030 3035 3025
3 3033 3026 3036
3 3037 3038 3039
3 3040 3041 3037
3 3039 3042 3032
3 3034 3043 3044
3 3044 3045 3040
3 3046 3047 3048
3 3049 3050 3046
3 3048 3051 3038
3 3041 3052 3049
3 3053 3054 3055
3 3056 3057 3054
3 3058 3047 3053
3 3050 3059 3056
3 3060 3061 3062
3 3057 3063 3061
3 3055 3060 3064
3 3065 3066 3067
3 3068 3069 3066
3 3062 3065 3070
3 3063 3071 3068
3 3072 3073 3074
3 3075 3073 3076
3 3067 3072 3077
3 3076 3069 3078
3 3079 3080 3081
3 3082 3080 3083
3 3074 3079 3084
3 3083 3075 3085
3 3081 3086 3087
3 3086 3088 3089
3 3088 3090 3091
3 3090 3082 3092
3 3093 3094 3095
3 3096 3097 3094
3 3098 3099 3093
3 3099 3100 3101
3 3101 3102 3096
3 3103 3104 3105
3 3106 3107 3104
3 3095 3103 3108
3 3097 3109 3106
3 3110 3111 3112
3 3113 3114 3111
3 3105 3110 3115
3 3107 3116 3113
3 3117 3118 3119
3 3120 3121 3118
3 3112 3117 3122
3 3114 3123 3120
3 3124 3125 3126
3 3127 3128 3125
3 3119 3124 3129
3 3121 3130 3127
3 3131 3132 3133
3 3134 3132 3135
3 3126 3131 3136
3 3128 3137 3135
3 3138 3139 3140
3 3141 3139 3142
3 3133 3138 3143
3 3134 3144 3145
3 3142 3145 3146
3 3147 3148 3149
3 3150 3148 3151
3 3140 3147 3152
3 3151 3141 3153
3 3154 3155 3156
3 3157 3155 3150
3 3149 3154 3158
3 3159 3160 3161
3 3162 3160 3163
3 3156 3159 3164
3 3163 3157 3165
3 3166 3167 3168
3 3167 3169 3170
3 3171 3161 3166
3 3169 3162 3172
3 3173 3174 3175
3 3176 3174 3177
3 3178 3168 3173
3 3177 3170 3179
3 3180 2961 3181
3 3182 3175 3180
3 2964 3176 3183
3 3184 2965 3185
3 3186 3181 3184
3 3187 2972 3188
3 3189 3185 3187
3 3190 2979 3191
3 3188 3190 3192
3 3193 3191 2981
3 3194 2997 3195
3 3196 3194 3197
3 3198 2990 3196
3 3199 3000 3200
3 3201 3195 3199
3 3202 3003 3203
3 3204 3200 3202
3 3205 3206 3009
3 3203 3206 3207
3 3208 3209 3015
3 3209 3210 3205
3 3211 3212 3021
3 3212 3213 3208
3 3214 3028 3215
3 3216 3211 3214
3 3217 3035 3218
3 3215 3217 3219
3 3220 3042 3221
3 3218 3220 3222
3 3223 3051 3224
3 3221 3223 3225
3 3226 3227 3058
3 3224 3227 3228
3 3064 3229 3230
3 3230 3231 3226
3 3070 3232 3233
3 3233 3234 3229
3 3077 3235 3236
3 3236 3237 3232
3 3084 3238 3239
3 3239 3240 3235
3 3241 3087 3242
3 3243 3238 3241
3 3089 3244 3245
3 3246 3245 3247
3 3242 3246 3248
3 3108 3249 3250
3 3250 3251 3252
3 3252 3253 3098
3 3115 3254 3255
3 3255 3256 3249
3 3122 3257 3258
3 3258 3259 3254
3 3129 3260 3261
3 3261 3262 3257
3 3263 3136 3264
3 3263 3265 3260
3 3143 3266 3267
3 3267 3268 3264
3 3152 3269 3270
3 3270 3271 3266
3 3158 3272 3273
3 3273 3274 3269
3 3164 3275 3276
3 3276 3277 3272
3 3278 3171 3279
3 3280 3275 3278
3 3281 3178 3282
3 3279 3281 3283
3 3284 3182 3285
3 3282 3284 3286
3 3287 3186 3288
3 3285 3287 3289
3 3290 3189 3291
3 3288 3290 3292
3 3291 3192 3293
3 3294 3295 3201
3 3296 3197 3297
3 3295 3298 3297
3 3299 3204 3300
3 3299 3301 3294
3 3302 3207 3303
3 3300 3302 3304
3 3305 3210 3306
3 3307 3303 3305
3 3308 3213 3309
3 3310 3306 3308
3 3311 3312 3216
3 3313 3309 3312
3 3219 3314 3315
3 3315 3316 3311
3 3222 3317 3318
3 3318 3319 3314
3 3225 3320 3321
3 3321 3322 3317
3 3228 3323 3324
3 3324 3325 3320
3 3231 3326 3327
3 3327 3328 3323
3 3234 3329 3330
3 3330 3331 3326
3 3237 3332 3333
3 3333 3334 3329
3 3335 3336 3240
3 3336 3337 3332
3 3243 3338 3335
3 3339 3251 3340
3 3341 3253 3342
3 3342 3343 3344
3 3343 3339 3345
3 3346 3256 3347
3 3340 3346 3348
3 3349 3259 3350
3 3349 3351 3347
3 3352 3262 3353
3 3350 3352 3354
3 3355 3265 3356
3 3353 3355 3357
3 3358 3268 3359
3 3356 3358 3360
3 3361 3271 3362
3 3359 3361 3363
3 3364 3274 3365
3 3362 3364 3366
3 3367 3277 3368
3 3365 3367 3369
3 3370 3371 3280
3 3372 3368 3371
3 3283 3373 3374
3 3374 3375 3370
3 3286 3376 3377
3 3377 3378 3373
3 3289 3379 3380
3 3380 3381 3376
3 3292 3382 3383
3 3383 3384 3379
3 3293 3385 3386
3 3386 3387 3388
3 3388 3389 3382
3 3390 3391 3392
3 3393 3391 3394
3 3390 3395 3396
3 3397 3398 3394
3 3399 3400 3397
3 3401 3399 3396
3 3402 3403 3404
3 3405 3403 3406
3 3407 3392 3402
3 3393 3408 3406
3 3409 3410 3411
3 3409 3412 3413
3 3414 3404 3413
3 3405 3415 3410
3 3416 3411 3417
3 3416 3418 3412
3 3419 3407 3420
3 3419 3421 3422
3 3395 3422 3423
3 3424 3425 3426
3 3418 3425 3414
3 3424 3427 3420
3 3428 3426 3429
3 3430 3431 3417
3 3429 3431 3432
3 3433 3421 3434
3 3433 3435 3436
3 3437 3438 3436
3 3439 3423 3438
3 3440 3441 3427
3 3441 3442 3434
3 3443 3444 3445
3 3428 3446 3444
3 3443 3447 3440
3 3448 3449 3450
3 3448 3451 3452
3 3453 3445 3452
3 3454 3449 3455
3 3446 3432 3455
3 3456 3450 3457
3 3451 3456 3458
3 3459 3460 3461
3 3462 3460 3463
3 3464 3465 3466
3 3467 3468 3464
3 3465 3459 3469
3 3470 3463 3471
3 3471 3468 3472
3 3473 3474 3475
3 3476 3477 3474
3 3461 3473 3478
3 3479 3476 3462
3 3480 3481 3482
3 3483 3484 3480
3 3475 3482 3485
3 3486 3483 3477
3 3487 3481 3488
3 3484 3489 3490
3 3491 3488 3490
3 3492 3435 3493
3 3492 3494 3495
3 3496 3437 3497
3 3498 3497 3495
3 3499 3442 3500
3 3493 3499 3501
3 3502 3503 3447
3 3503 3504 3500
3 3505 3506 3507
3 3458 3506 3453
3 3505 3508 3502
3 3509 3510 3507
3 3509 3511 3512
3 3513 3511 3457
3 3514 3466 3515
3 3516 3517 3518
3 3518 3519 3520
3 3521 3516 3514
3 3520 3522 3467
3 3523 3469 3524
3 3515 3523 3525
3 3478 3526 3527
3 3524 3527 3528
3 3485 3529 3530
3 3530 3531 3526
3 3532 3533 3487
3 3529 3533 3534
3 3535 3501 3536
3 3535 3537 3538
3 3539 3494 3538
3 3540 3504 3541
3 3540 3542 3536
3 3543 3544 3508
3 3544 3545 3541
3 3546 3510 3547
3 3546 3548 3543
3 3549 3550 3547
3 3549 3551 3552
3 3553 3551 3512
3 3517 3554 3555
3 3556 3557 3558
3 3558 3559 3560
3 3555 3561 3556
3 3519 3560 3562
3 3563 3564 3521
3 3564 3565 3554
3 3525 3566 3567
3 3567 3568 3563
3 3528 3569 3570
3 3570 3571 3566
3 3531 3572 3569
3 3573 3542 3574
3 3573 3575 3576
3 3577 3537 3576
3 3578 3545 3579
3 3574 3578 3580
3 3581 3548 3582
3 3581 3583 3579
3 3584 3550 3585
3 3584 3586 3582
3 3587 3588 3589
3 3590 3588 3591
3 3587 3592 3585
3 3593 3591 3552
3 3594 3595 3589
3 3590 3596 3594
3 3597 3598 3599
3 3600 3597 3601
3 3602 3603 3604
3 3605 3604 3606
3 3599 3607 3602
3 3601 3605 3608
3 3557 3609 3610
3 3610 3611 3598
3 3612 3559 3600
3 3561 3613 3614
3 3614 3615 3609
3 3565 3616 3617
3 3617 3618 3613
3 3568 3619 3620
3 3620 3621 3616
3 3571 3622 3623
3 3623 3624 3619
3 3572 3625 3626
3 3627 3622 3628
3 3628 3626 3629
3 3630 3580 3631
3 3630 3632 3633
3 3634 3575 3633
3 3635 3583 3636
3 3635 3637 3631
3 3638 3586 3639
3 3636 3638 3640
3 3641 3592 3642
3 3639 3641 3643
3 3644 3645 3642
3 3644 3595 3646
3 3647 3603 3648
3 3649 3650 3651
3 3649 3652 3653
3 3654 3650 3647
3 3606 3653 3655
3 3656 3607 3657
3 3658 3648 3656
3 3659 3611 3660
3 3661 3657 3659
3 3662 3615 3663
3 3664 3660 3662
3 3665 3618 3666
3 3663 3665 3667
3 3666 3621 3668
3 3669 3632 3670
3 3669 3671 3672
3 3634 3673 3674
3 3672 3675 3673
3 3676 3637 3677
3 3670 3676 3678
3 3679 3640 3680
3 3679 3681 3677
3 3682 3643 3683
3 3680 3682 3684
3 3685 3645 3686
3 3685 3687 3683
3 3688 3689 3686
3 3688 3690 3691
3 3646 3692 3690
3 3693 3651 3694
3 3695 3696 3697
3 3695 3698 3699
3 3700 3696 3693
3 3652 3699 3701
3 3702 3654 3703
3 3704 3694 3702
3 3705 3658 3706
3 3707 3703 3705
3 3708 3661 3709
3 3710 3706 3708
3 3711 3712 3664
3 3709 3712 3713
3 3667 3714 3711
3 3715 3678 3716
3 3715 3717 3718
3 3719 3671 3718
3 3720 3681 3721
3 3720 3722 3716
3 3723 3684 3724
3 3721 3723 3725
3 3726 3687 3727
3 3724 3726 3728
3 3729 3689 3730
3 3729 3731 3727
3 3732 3733 3730
3 3732 3734 3735
3 3691 3736 3734
3 3737 3697 3738
3 3739 3740 3741
3 3739 3742 3743
3 3740 3737 3744
3 3745 3698 3743
3 3746 3700 3747
3 3738 3746 3748
3 3749 3704 3750
3 3751 3747 3749
3 3752 3707 3753
3 3754 3750 3752
3 3755 3756 3710
3 3753 3756 3757
3 3713 3758 3755
3 3759 3722 3760
3 3759 3761 3762
3 3763 3764 3717
3 3763 3762 3765
3 3766 3725 3767
3 3766 3768 3760
3 3769 3728 3770
3 3767 3769 3771
3 3772 3731 3773
3 3770 3772 3774
3 3775 3733 3776
3 3775 3777 3773
3 3776 3778 3779
3 3735 3780 3781
3 3782 3778 3783
3 3781 3784 3783
3 3741 3785 3786
3 3787 3788 3789
3 3787 3790 3791
3 3786 3792 3788
3 3742 3791 3793
3 3744 3794 3795
3 3795 3796 3785
3 3748 3797 3798
3 3798 3799 3794
3 3800 3751 3801
3 3797 3800 3802
3 3803 3754 3804
3 3801 3803 3805
3 3804 3757 3806
3 3807 3768 3808
3 3807 3809 3810
3 3811 3761 3812
3 3812 3810 3813
3 3814 3771 3815
3 3814 3816 3808
3 3817 3774 3818
3 3817 3819 3815
3 3820 3777 3821
3 3820 3822 3818
3 3823 3824 3825
3 3826 3824 3779
3 3823 3827 3821
3 3828 3825 3829
3 3830 3829 3831
3 3832 3833 3831
3 3834 3832 3826
3 3789 3835 3836
3 3837 3838 3839
3 3840 3839 3841
3 3836 3842 3837
3 3843 3790 3840
3 3792 3844 3845
3 3845 3846 3835
3 3796 3847 3848
3 3848 3849 3844
3 3799 3850 3851
3 3851 3852 3847
3 3853 3802 3854
3 3855 3850 3853
3 3856 3805 3857
3 3854 3856 3858
3 3859 3806 3860
3 3861 3857 3862
3 3863 3859 3864
3 3862 3863 3865
3 3866 3816 3867
3 3866 3868 3869
3 3870 3871 3809
3 3869 3872 3870
3 3873 3819 3874
3 3873 3875 3867
3 3876 3877 3822
3 3877 3878 3874
3 3879 3827 3880
3 3879 3881 3876
3 3882 3883 3884
3 3885 3883 3828
3 3882 3886 3880
3 3884 3887 3888
3 3889 3887 3890
3 3891 3892 3890
3 3893 3891 3885
3 3838 3894 3895
3 3896 3897 3898
3 3896 3899 3900
3 3895 3901 3897
3 3902 3841 3900
3 3842 3903 3904
3 3904 3905 3894
3 3846 3906 3907
3 3907 3908 3903
3 3849 3909 3910
3 3910 3911 3906
3 3852 3912 3913
3 3913 3914 3909
3 3915 3912 3855
3 3916 3875 3917
3 3916 3918 3919
3 3920 3868 3921
3 3919 3922 3921
3 3923 3878 3924
3 3917 3923 3925
3 3926 3881 3927
3 3926 3928 3924
3 3929 3886 3930
3 3929 3931 3927
3 3932 3933 3934
3 3888 3935 3933
3 3932 3936 3930
3 3937 3938 3934
3 3937 3939 3940
3 3941 3939 3942
3 3889 3942 3935
3 3898 3943 3944
3 3945 3946 3947
3 3945 3948 3949
3 3946 3944 3950
3 3949 3951 3899
3 3952 3901 3953
3 3954 3943 3952
3 3955 3905 3956
3 3957 3953 3955
3 3958 3908 3959
3 3960 3956 3958
3 3961 3911 3962
3 3963 3959 3961
3 3964 3914 3965
3 3962 3964 3966
3 3967 3915 3968
3 3969 3965 3970
3 3971 3970 3967
3 3972 3925 3973
3 3972 3974 3975
3 3976 3977 3918
3 3975 3978 3976
3 3979 3980 3928
3 3980 3981 3973
3 3982 3983 3931
3 3983 3984 3979
3 3985 3936 3986
3 3982 3985 3987
3 3988 3938 3989
3 3988 3990 3986
3 3991 3992 3989
3 3993 3994 3991
3 3995 3993 3940
3 3996 3947 3997
3 3998 3999 4000
3 4001 3998 4002
3 3999 3996 4003
3 4004 3948 4001
3 3950 4005 4006
3 3997 4006 4007
3 4008 3954 4009
3 4010 4005 4008
3 4011 3957 4012
3 4013 4009 4011
3 4014 3960 4015
3 4016 4012 4014
3 4017 4015 3963
3 4018 3981 4019
3 4018 4020 4021
3 4022 3974 4021
3 4023 3984 4024
3 4023 4025 4019
3 4026 4027 3987
3 4027 4028 4024
3 4029 3990 4030
3 4029 4031 4026
3 4032 3992 4033
3 4032 4034 4030
3 4035 4033 4036
3 3994 4037 4036
3 4000 4038 4039
3 4040 4041 4042
3 4043 4042 4044
3 4039 4045 4040
3 4046 4002 4043
3 4003 4047 4048
3 4048 4049 4038
3 4007 4050 4051
3 4051 4052 4047
3 4053 4010 4054
3 4055 4050 4053
3 4056 4013 4057
3 4058 4054 4056
3 4057 4016 4059
3 4060 4025 4061
3 4060 4062 4063
3 4064 4020 4063
3 4065 4028 4066
3 4065 4067 4061
3 4068 4031 4069
3 4066 4068 4070
3 4071 4034 4072
3 4071 4073 4069
3 4074 4075 4072
3 4074 4076 4077
3 4078 4076 4035
3 4079 4041 4080
3 4081 4082 4083
3 4081 4084 4085
3 4086 4082 4079
3 4087 4044 4085
3 4088 4045 4089
3 4090 4080 4088
3 4091 4049 4092
3 4093 4089 4091
3 4052 4094 4095
3 4092 4095 4096
3 4097 4055 4098
3 4094 4097 4099
3 4100 4098 4058
3 4101 4067 4102
3 4101 4103 4104
3 4105 4062 4104
3 4106 4070 4107
3 4102 4106 4108
3 4109 4073 4110
3 4109 4111 4107
3 4112 4075 4113
3 4112 4114 4110
3 4115 4116 4117
3 4118 4117 4119
3 4116 4120 4113
3 4121 4119 4077
3 4122 4115 4123
3 4124 4123 4118
3 4125 4083 4126
3 4127 4128 4129
3 4130 4128 4131
3 4132 4129 4125
3 4133 4084 4130
3 4134 4086 4135
3 4136 4126 4134
3 4137 4090 4138
3 4139 4135 4137
3 4140 4093 4141
3 4138 4140 4142
3 4096 4143 4144
3 4141 4144 4145
3 4146 4143 4099
3 4147 4108 4148
3 4147 4149 4150
3 4151 4103 4150
3 4152 4111 4153
3 4152 4154 4148
3 4155 4114 4156
3 4155 4157 4153
3 4158 4159 4120
3 4159 4160 4156
3 4161 4162 4158
3 4161 4122 4163
3 4164 4165 4127
3 4166 4167 4168
3 4169 4168 4170
3 4165 4171 4166
3 4172 4131 4169
3 4173 4174 4132
3 4174 4175 4164
3 4176 4177 4136
3 4177 4178 4173
3 4179 4180 4139
3 4180 4181 4176
3 4142 4182 4183
3 4183 4184 4179
3 4185 4182 4145
3 4186 4149 4187
3 4186 4188 4189
3 4151 4190 4191
3 4192 4190 4189
3 4193 4154 4194
3 4193 4195 4187
3 4196 4157 4197
3 4196 4198 4194
3 4199 4160 4200
3 4199 4201 4197
3 4202 4162 4203
3 4202 4204 4200
3 4205 4206 4203
3 4205 4207 4208
3 4163 4209 4207
3 4210 4211 4167
3 4212 4213 4214
3 4215 4213 4216
3 4217 4214 4211
3 4218 4170 4215
3 4219 4171 4220
3 4221 4210 4219
3 4222 4175 4223
3 4220 4222 4224
3 4225 4178 4226
3 4223 4225 4227
3 4228 4229 4181
3 4226 4229 4230
3 4184 4231 4228
3 4232 4195 4233
3 4232 4234 4235
3 4236 4188 4235
3 4237 4238 4198
3 4238 4239 4233
3 4240 4241 4201
3 4241 4242 4237
3 4243 4204 4244
3 4243 4245 4240
3 4206 2940 4244
3 4246 2942 4247
3 4248 4247 4249
3 4208 4250 4249
3 2985 4212 4251
3 4252 2986 4253
3 4216 4252 4254
3 4255 4217 4256
3 4257 4251 4255
3 4258 4259 4221
3 4260 4256 4259
3 4224 4261 4262
3 4262 4263 4258
3 4227 4264 4265
3 4265 4266 4261
3 4267 4264 4230
3 4268 4239 4269
3 4268 4270 4271
3 4272 4234 4271
3 4273 4242 4274
3 4273 4275 4269
3 2993 4274 4245
3 4276 4277 2953
3 3010 4278 4279
3 4280 4278 4281
3 4277 4282 4281
3 2966 4283 4284
3 4285 3183 4286
3 4287 4283 4285
3 4288 4257 4289
3 2987 4288 4290
3 4291 4260 4292
3 4289 4291 4293
3 4294 4295 4263
3 4292 4295 4296
3 4266 4297 4294
3 4298 4275 4299
3 4300 4298 4301
3 4302 4270 4300
3 4303 4299 2994
3 4304 4305 3244
3 4306 4307 4304
3 4308 3091 4309
3 4310 4306 4308
3 4311 4312 4313
3 4314 4315 4312
3 4316 4305 4311
3 4307 4317 4314
3 4318 4319 4320
3 4321 4319 4322
3 4323 4313 4318
3 4322 4315 4324
3 4325 4326 4327
3 4328 4326 4329
3 4320 4325 4330
3 4331 4329 4321
3 4327 3100 4332
3 4328 4333 4334
3 4334 4335 3102
3 4290 4336 4337
3 4337 4338 3193
3 4293 4339 4340
3 4341 4342 4336
3 4340 4343 4341
3 4296 4344 4339
3 4345 4301 4346
3 4302 4347 4348
3 4349 4350 4347
3 4345 4351 4349
3 4352 4353 4303
3 4354 4346 4353
3 4355 4352 3198
3 4356 4316 4357
3 3247 4356 4358
3 4359 4323 4360
3 4357 4359 4361
3 4330 4362 4363
3 4360 4363 4364
3 4365 4332 3341
3 4366 4362 4365
3 3385 4338 4367
3 4368 4342 4369
3 4367 4370 4371
3 4370 4368 4372
3 4373 4343 4374
3 4369 4373 4375
3 4376 4377 4344
3 4378 4374 4379
3 4377 4380 4381
3 4379 4381 4382
3 4383 3296 4384
3 4383 4385 4386
3 4386 4387 4355
3 3248 4388 4389
3 4390 3338 4389
3 4391 4358 4392
3 4393 4388 4394
3 4391 4395 4394
3 4361 4396 4397
3 4397 4398 4392
3 4364 4399 4400
3 4400 4401 4396
3 4402 4403 4366
3 4403 4404 4399
3 3344 4405 4402
3 4371 4406 3387
3 4407 4384 4408
3 4409 4385 4407
3 4410 3298 4411
3 4412 4408 4410
3 4413 3301 4414
3 4415 4411 4413
3 4416 3304 4417
3 4418 4414 4416
3 4419 3307 4420
3 4421 4417 4419
3 4422 3310 4423
3 4424 4420 4422
3 4425 3313 4426
3 4427 4423 4425
3 4428 3316 4429
3 4430 4426 4428
3 4431 3319 4432
3 4429 4431 4433
3 4434 3322 4435
3 4436 4432 4434
3 4437 3325 4438
3 4435 4437 4439
3 4440 3328 4441
3 4438 4440 4442
3 4443 3331 4444
3 4441 4443 4445
3 4446 3334 4447
3 4446 4448 4444
3 4449 3337 4450
3 4449 4451 4447
3 4390 4452 4450
3 4453 3345 4454
3 4405 4455 4456
3 4455 4453 4457
3 4458 3348 4459
3 4454 4458 4460
3 4461 3351 4462
3 4459 4461 4463
3 3354 4464 4465
3 4462 4465 4466
3 3357 4467 4468
3 4468 4469 4464
3 4470 3360 4471
3 4467 4470 4472
3 3363 4473 4474
3 4471 4474 4475
3 3366 4476 4477
3 4477 4478 4473
3 4479 3369 4480
3 4476 4479 4481
3 4482 4483 3372
3 4484 4480 4483
3 4485 4486 3375
3 4486 4487 4482
3 4488 3378 4489
3 4488 4490 4485
3 4491 3381 4492
3 4491 4493 4489
3 4494 3384 4495
3 4494 4496 4492
3 3389 4497 4495
3 4498 4499 4500
3 4501 4499 4502
3 4498 4503 4504
3 4505 4506 4502
3 4505 4507 4508
3 4509 4507 4504
3 4510 4511 4512
3 4513 4512 4514
3 4511 4515 4500
3 4501 4516 4514
3 4517 4518 4519
3 4520 4518 4521
3 4510 4517 4522
3 4521 4513 4523
3 4524 4525 4519
3 4520 4526 4524
3 4527 4515 4528
3 4529 4527 4530
3 4531 4503 4529
3 4532 4533 4522
3 4533 4534 4528
3 4535 4525 4536
3 4535 4537 4532
3 4538 4539 4536
3 4538 4540 4541
3 4526 4542 4540
3 4543 4544 4545
3 4546 4543 4547
3 4548 4549 4550
3 4551 4550 4552
3 4545 4553 4548
3 4554 4547 4551
3 4555 4556 4557
3 4558 4559 4555
3 4557 4560 4544
3 4558 4561 4562
3 4563 4561 4546
3 4564 4556 4565
3 4566 4567 4559
3 4568 4565 4567
3 4569 4530 4570
3 4571 4569 4572
3 4573 4574 4571
3 4531 4574 4575
3 4576 4534 4577
3 4570 4576 4578
3 4579 4580 4537
3 4580 4581 4577
3 4582 4539 4583
3 4582 4584 4579
3 4585 4586 4583
3 4585 4587 4588
3 4587 4541 4589
3 4549 4590 4591
3 4592 4593 4594
3 4595 4594 4596
3 4591 4597 4592
3 4598 4552 4595
3 4553 4599 4600
3 4600 4601 4590
3 4560 4602 4603
3 4603 4604 4599
3 4605 4606 4602
3 4607 4605 4564
3 4608 4572 4609
3 4608 4610 4611
3 4573 4612 4613
3 4614 4612 4611
3 4615 4616 4578
3 4616 4617 4609
3 4618 4581 4619
3 4618 4620 4615
3 4621 4622 4584
3 4622 4623 4619
3 4624 4586 4625
3 4624 4626 4621
3 4627 4628 4625
3 4627 4629 4630
3 4629 4588 4631
3 4593 4632 4633
3 4634 4635 4636
3 4634 4637 4638
3 4633 4639 4635
3 4640 4596 4638
3 4597 4641 4642
3 4642 4643 4632
3 4601 4644 4645
3 4645 4646 4641
3 4604 4647 4648
3 4648 4649 4644
3 4650 4647 4651
3 4651 4606 4652
3 4653 4617 4654
3 4653 4655 4656
3 4657 4610 4656
3 4658 4620 4659
3 4658 4660 4654
3 4661 4623 4662
3 4663 4659 4661
3 4664 4626 4665
3 4664 4666 4662
3 4667 4628 4668
3 4667 3398 4665
3 4669 3408 4668
3 4669 4670 4671
3 4670 4630 4672
3 4673 4636 4674
3 4675 4676 4677
3 4678 4676 4679
3 4680 4677 4673
3 4681 4637 4678
3 4682 4639 4683
3 4684 4674 4682
3 4685 4643 4686
3 4687 4683 4685
3 4688 4646 4689
3 4690 4686 4688
3 4691 4649 4692
3 4689 4691 4693
3 4692 4694 4695
3 4696 4694 4650
3 4697 4660 4698
3 4697 4699 4700
3 4701 4655 4700
3 4702 4663 4703
3 4702 4704 4698
3 4703 4666 3400
3 3415 4705 4706
3 4705 4671 4707
3 4708 4709 4710
3 4708 4711 4712
3 4713 4714 4715
3 4713 4716 4717
3 4710 4718 4714
3 4719 4711 4717
3 4720 4675 4721
3 4722 4709 4720
3 4723 4679 4712
3 4724 4680 4725
3 4726 4721 4724
3 4727 4684 4728
3 4729 4725 4727
3 4730 4687 4731
3 4732 4728 4730
3 4733 4734 4690
3 4731 4734 4735
3 4693 4736 4733
3 4737 4704 4738
3 4737 4739 4740
3 4741 4699 4740
3 3401 4742 4738
3 4715 4743 4744
3 4745 4746 3470
3 4745 4747 4748
3 4744 3479 4746
3 4749 4716 4748
3 4718 4750 4751
3 4751 3486 4743
3 4752 4722 4753
3 4754 4750 4752
3 4755 4726 4756
3 4757 4753 4755
3 4758 4729 4759
3 4760 4756 4758
3 4761 4762 4732
3 4759 4762 4763
3 4764 4761 4735
3 4765 4742 3439
3 4765 4766 4767
3 4768 4739 4767
3 4769 4770 3430
3 3454 4771 4772
3 4770 4773 4771
3 4774 3472 4775
3 4776 4747 4774
3 3489 4754 4777
3 4778 4757 4779
3 4780 4777 4778
3 4781 4782 4760
3 4779 4782 4783
3 4784 4781 4763
3 4785 3496 4786
3 4787 4766 4785
3 4788 3522 4789
3 4790 4775 4788
3 4791 4792 4780
3 4792 4793 3491
3 4794 4791 4783
3 3498 4795 4796
3 4797 4786 4796
3 3553 4798 4799
3 3513 4800 4801
3 4802 4798 4801
3 4803 3562 4804
3 4805 4789 4803
3 4806 3532 4793
3 3539 4807 4808
3 4808 4809 4795
3 3593 4810 4811
3 4812 4810 4799
3 4813 4814 3612
3 4815 4804 4814
3 3534 4816 3625
3 3577 4817 4818
3 4819 4807 4818
3 3674 4820 4821
3 4822 4817 4821
3 4823 3624 3627
3 4824 3668 4825
3 4826 4825 4823
3 4827 3675 4828
3 4820 4827 4829
3 4830 3714 4831
3 4832 4831 4824
3 3719 4833 4834
3 4828 4834 4835
3 4836 3758 4837
3 4837 4830 4838
3 4839 4833 4840
3 4841 4840 3764
3 3860 4836 4842
3 4841 3765 4843
3 4844 4845 4843
3 4846 4844 3811
3 4847 4848 4849
3 4850 3813 4848
3 4851 4849 3871
3 4852 3858 3861
3 3968 4852 4853
3 4851 3872 4854
3 4855 4856 4854
3 4857 3920 4858
3 4855 4857 4859
3 4860 4861 4862
3 4858 3922 4861
3 4862 3977 4863
3 4864 3966 3969
3 4865 4017 4866
3 4867 4866 4864
3 4022 4868 4869
3 4869 4870 4871
3 4863 3978 4871
3 4059 4872 4873
3 4865 4874 4872
3 4064 4875 4876
3 4877 4868 4876
3 4078 4878 4879
3 4121 4880 4881
3 4882 4880 4879
3 4100 4883 4884
3 4883 4873 4885
3 4105 4886 4887
3 4888 4875 4887
3 4146 4889 4890
3 4889 4884 4891
3 4886 4191 4892
3 4185 4893 4894
3 4893 4890 4895
3 4192 4896 4897
3 4898 4892 4899
3 4900 4899 4897
3 4901 4231 4902
3 4902 4894 4903
3 4236 4904 4905
3 4896 4905 4906
3 4907 4908 4246
3 4908 4276 2954
3 4909 4248 4910
3 4911 4907 4912
3 4913 4912 4909
3 2973 4914 4915
3 4284 4916 4914
3 2980 4917 4918
3 4915 4919 4917
3 4253 4918 4920
3 4254 4921 4922
3 4920 4923 4924
3 4924 4925 4921
3 4267 4926 4927
3 4926 4901 4928
3 4272 4929 4930
3 4931 4904 4930
3 4279 4932 4933
3 4933 4934 3022
3 4935 4936 4280
3 4937 4932 4938
3 4939 4938 4936
3 4940 3029 4934
3 3036 4941 4942
3 4940 4943 4941
3 4944 3043 4945
3 4945 4942 4946
3 4947 3045 4948
3 4948 4944 4949
3 4950 3052 4951
3 4951 4947 4952
3 4953 3059 4954
3 4954 4950 4955
3 4956 3071 4957
3 4957 4953 4958
3 4959 3078 4960
3 4960 4956 4961
3 4962 3085 4963
3 4963 4959 4964
3 4965 4966 4967
3 4967 4962 4968
3 4969 3092 4966
3 4970 4965 4971
3 4972 4971 4973
3 4973 4974 4975
3 4968 4976 4974
3 4977 4309 4969
3 4978 4977 4979
3 4980 4979 4970
3 4981 4310 4982
3 4983 4982 4978
3 4984 4317 4985
3 4986 4985 4981
3 4984 4987 4324
3 4988 4989 4331
3 4990 4988 4991
3 4992 4991 4987
3 4993 4994 4333
3 4989 4995 4993
3 4996 4335 4997
3 4998 3109 4996
3 4999 4997 5000
3 5001 5000 4994
3 5002 4998 5003
3 5004 3116 5002
3 5005 5003 5006
3 5007 5006 4999
3 5008 5004 5009
3 5010 3123 5008
3 5011 5009 5005
3 5012 3130 5010
3 5013 3137 5014
3 5014 5012 5015
3 5016 3144 5017
3 5017 5013 5018
3 5019 3146 5020
3 5016 5021 5020
3 5022 3153 5023
3 5023 5019 5024
3 5025 3165 5026
3 5026 5022 5027
3 5028 3172 5029
3 5029 5025 5030
3 3179 5031 5032
3 5031 5028 5033
3 4286 5032 5034
3 4297 5035 5036
3 5037 5035 4927
3 4929 4348 5038
3 5036 5039 4376
3 5040 4350 5041
3 5038 5042 5043
3 5042 5040 5044
3 5045 4351 5046
3 5041 5045 5047
3 5046 4354 5048
3 5049 5050 4387
3 5048 5050 5051
3 4372 5052 5053
3 5054 5055 4406
3 5053 5056 5054
3 5057 4375 4378
3 5058 5052 5057
3 5059 4409 5060
3 5061 5049 5062
3 5063 5062 5059
3 5064 4412 5065
3 5060 5064 5066
3 5067 4415 5068
3 5065 5067 5069
3 5070 4418 5071
3 5068 5070 5072
3 5073 4421 5074
3 5071 5073 5075
3 5076 4424 5077
3 5074 5076 5078
3 5079 4427 5080
3 5081 5077 5079
3 5082 4430 5083
3 5080 5082 5084
3 5085 4433 5086
3 5083 5085 5087
3 5088 5089 4436
3 5086 5089 5090
3 4439 5091 5092
3 5092 5093 5088
3 4442 5094 5095
3 5095 5096 5091
3 4445 5097 5098
3 5098 5099 5094
3 5100 4448 5101
3 5100 5102 5097
3 5103 4451 5104
3 5103 5105 5101
3 5106 4452 5107
3 5106 5108 5104
3 4393 5109 5110
3 5111 5107 5110
3 5112 4395 5113
3 5114 5115 5112
3 5109 5115 5116
3 5117 5118 4398
3 5118 5119 5113
3 5120 4401 5121
3 5117 5120 5122
3 5123 4404 5124
3 5125 5121 5123
3 5126 4456 5127
3 5128 5124 5126
3 5129 4457 5130
3 5131 5127 5129
3 5132 4460 5133
3 5130 5132 5134
3 5135 4463 5136
3 5133 5135 5137
3 5138 4466 5139
3 5136 5138 5140
3 5141 4469 5142
3 5139 5141 5143
3 5144 4472 5145
3 5142 5144 5146
3 5147 4475 5148
3 5145 5147 5149
3 5150 4478 5151
3 5148 5150 5152
3 5153 4481 5154
3 5151 5153 5155
3 5156 4484 5157
3 5158 5154 5156
3 5159 4487 5160
3 5157 5159 5161
3 5162 4490 5163
3 5160 5162 5164
3 5165 4493 5166
3 5163 5165 5167
3 5168 4496 5169
3 5166 5168 5170
3 5171 4497 5172
3 5169 5171 5173
3 5172 5055 5174
3 5056 5175 5176
3 5174 5177 5178
3 5176 5179 5177
3 5180 5181 5182
3 5181 5183 5184
3 5185 5180 5186
3 5187 5183 5185
3 5188 5189 5190
3 5189 5191 5192
3 4506 5182 5188
3 5184 5193 5191
3 5194 5195 5196
3 5196 5197 5198
3 5195 4516 5190
3 5192 5199 5197
3 5194 5200 5201
3 5198 5202 5203
3 5203 5204 5200
3 5205 5186 4508
3 4523 5201 5206
3 5207 5208 4562
3 5209 4563 5210
3 5211 5207 5209
3 5212 5213 4566
3 5214 5215 5212
3 5208 5216 5214
3 5217 5213 5218
3 5218 5219 5220
3 5221 5222 5219
3 5215 5223 5221
3 5224 5225 4575
3 4509 5225 5226
3 5227 4568 5228
3 5229 5228 5217
3 5230 4613 5231
3 5224 5232 5233
3 5234 5232 5230
3 5235 4607 5236
3 5236 5227 5237
3 4614 5238 5239
3 5240 5231 5239
3 4652 5241 5242
3 5241 5235 5243
3 4657 5244 5245
3 5246 5238 5245
3 4701 5247 5248
3 5249 5244 5248
3 4695 5250 4736
3 4741 5251 5252
3 5253 5247 5252
3 4706 5254 4769
3 4764 5255 5256
3 5250 5257 5255
3 4768 5258 5259
3 5260 5251 5259
3 4784 5261 5262
3 5256 5263 5261
3 4787 5264 5265
3 5266 5258 5265
3 4772 5267 4800
3 4794 5268 5269
3 5268 5262 5270
3 5271 4797 5272
3 5264 5271 5273
3 4806 5274 5275
3 5274 5269 5276
3 5277 5272 4809
3 3608 5278 5279
3 5280 4813 5279
3 5281 4816 5282
3 5282 5275 5283
3 4819 5284 5285
3 5286 5287 5277
3 5285 5288 5286
3 3596 5289 5290
3 5291 5292 4811
3 5292 5293 5289
3 3655 5294 5295
3 5296 5278 5295
3 5297 3629 5298
3 5298 5281 5299
3 4822 5300 5301
3 5302 5284 5301
3 5290 5303 3692
3 5304 3701 5305
3 5306 5294 5304
3 5307 4826 5308
3 5309 5308 5297
3 4829 5310 5311
3 5311 5312 5300
3 5313 3736 5314
3 5315 5314 5303
3 5316 5317 3745
3 5318 5305 5317
3 5319 4832 5320
3 5321 5320 5307
3 5322 4835 5323
3 5310 5322 5324
3 5325 5326 5313
3 5327 3780 5326
3 3793 5328 5329
3 5330 5316 5329
3 5331 4838 5332
3 5333 5332 5319
3 4839 5334 5335
3 5323 5335 5336
3 5337 5338 5339
3 3784 5327 5339
3 5338 5340 5341
3 3782 5341 3834
3 5342 5343 3843
3 5344 5328 5345
3 5346 5345 5347
3 5348 5347 5343
3 4842 5349 5350
3 5351 3864 5352
3 5353 5352 5350
3 5354 5355 5331
3 5355 5356 5349
3 4845 5357 5334
3 3833 5358 5359
3 5360 5361 5359
3 3830 5361 3893
3 5362 5363 3902
3 5364 5342 5363
3 5365 5366 5351
3 3865 5366 5367
3 5353 5368 5369
3 5365 5370 5371
3 5372 5370 5369
3 4847 5373 5374
3 5375 5376 5374
3 5377 5376 5378
3 4846 4850 5377
3 3941 5379 5380
3 5379 5381 5382
3 3892 5360 5381
3 3951 5383 5384
3 5385 5362 5384
3 4853 5367 5386
3 4856 5387 5373
3 5388 3995 5389
3 5389 5380 5390
3 5391 5392 4004
3 5392 5393 5383
3 3971 5394 5395
3 5396 5394 5386
3 4860 5397 5398
3 5399 5400 5398
3 5400 5401 4859
3 5402 4037 5403
3 5404 5403 5388
3 5405 5406 4046
3 5406 5407 5391
3 5408 5409 4867
3 5410 5411 4874
3 5409 5412 5410
3 5413 5408 5395
3 4870 5414 5415
3 5397 5415 5416
3 4878 5402 5417
3 5418 5419 4087
3 5419 5420 5405
3 4885 5421 5422
3 5423 5421 5411
3 5424 5425 4877
3 5425 5426 5414
3 5427 5428 4133
3 5428 5429 5418
3 5430 4891 5431
3 5431 5422 5432
3 5433 5434 4888
3 5434 5435 5424
3 5436 4124 5437
3 5438 4881 5439
3 5440 5437 5438
3 5441 5442 4172
3 5442 5443 5427
3 5444 4895 5445
3 5445 5430 5446
3 5447 5433 4898
3 5448 4209 5436
3 5449 5450 4218
3 5450 5451 5441
3 4903 5452 5453
3 5452 5444 5454
3 5455 4900 5456
3 5457 5458 5447
3 5459 5457 5455
3 5460 4250 5461
3 5462 5461 5448
3 5463 4910 5460
3 4922 5464 5449
3 4928 5465 5466
3 5453 5467 5465
3 4906 5468 5469
3 5456 5469 5470
3 4282 5471 5472
3 5473 5471 4911
3 5472 5474 4935
3 5475 5476 4972
3 4975 5477 5478
3 5478 5479 5475
3 5480 5481 4980
3 5476 5482 5480
3 5483 5484 4983
3 5481 5485 5483
3 5486 5487 4986
3 5484 5488 5486
3 5489 4990 5490
3 4992 5491 5492
3 5490 5492 5493
3 5494 5495 4995
3 5496 5494 5489
3 5497 5498 5001
3 5495 5499 5497
3 5500 5501 5007
3 5498 5502 5500
3 5503 5504 4916
3 5505 5506 4287
3 5506 5507 5503
3 5508 5509 4919
3 5504 5510 5508
3 5509 5511 4923
3 5512 5513 5037
3 5466 5514 5512
3 4931 5515 5516
3 5468 5516 5517
3 5518 4943 5519
3 5520 5519 4937
3 4946 5521 5522
3 5521 5518 5523
3 5524 4949 5525
3 5525 5522 5526
3 5527 4952 5528
3 5528 5524 5529
3 5530 4955 5531
3 5531 5527 5532
3 5533 4958 5534
3 5534 5530 5535
3 5536 4961 5537
3 5537 5533 5538
3 5539 4964 5540
3 5540 5536 5541
3 5542 4976 5539
3 5543 5542 5544
3 5545 5477 5543
3 5546 5015 5547
3 5547 5011 5548
3 5549 5018 5550
3 5551 5550 5546
3 5552 5021 5553
3 5554 5553 5549
3 5555 5024 5556
3 5557 5556 5552
3 5027 5558 5559
3 5560 5558 5555
3 5561 5030 5562
3 5562 5559 5563
3 5564 5033 5565
3 5565 5561 5566
3 5567 5034 5568
3 5568 5564 5569
3 5570 5505 5567
3 5571 5039 5572
3 5573 5572 5513
3 5574 5043 5575
3 5576 5515 5574
3 5577 4380 5578
3 5579 5571 5580
3 5581 5578 5579
3 5582 5044 5583
3 5584 5575 5582
3 4382 5585 5586
3 5587 5585 5577
3 5588 5047 5589
3 5590 5583 5588
3 5591 5051 5592
3 5593 5589 5591
3 5586 5594 5058
3 5175 5595 5596
3 5595 5594 5597
3 5598 5061 5599
3 5600 5592 5598
3 5601 5063 5602
3 5603 5599 5601
3 5604 5066 5605
3 5602 5604 5606
3 5607 5069 5608
3 5607 5609 5605
3 5610 5072 5611
3 5608 5610 5612
3 5613 5075 5614
3 5611 5613 5615
3 5616 5078 5617
3 5614 5616 5618
3 5619 5081 5620
3 5621 5617 5619
3 5622 5084 5623
3 5620 5622 5624
3 5625 5087 5626
3 5623 5625 5627
3 5628 5090 5629
3 5626 5628 5630
3 5631 5093 5632
3 5629 5631 5633
3 5634 5096 5635
3 5632 5634 5636
3 5637 5099 5638
3 5635 5637 5639
3 5640 5102 5641
3 5638 5640 5642
3 5643 5105 5644
3 5643 5645 5641
3 5646 5108 5647
3 5644 5646 5648
3 5649 5650 5651
3 5116 5650 5111
3 5647 5649 5652
3 5653 5114 5654
3 5653 5655 5651
3 5656 5119 5657
3 5656 5658 5654
3 5122 5659 5660
3 5660 5661 5657
3 5662 5125 5663
3 5664 5659 5662
3 5665 5128 5666
3 5667 5663 5665
3 5668 5131 5669
3 5670 5666 5668
3 5671 5134 5672
3 5673 5669 5671
3 5674 5137 5675
3 5676 5672 5674
3 5677 5140 5678
3 5679 5675 5677
3 5680 5143 5681
3 5682 5678 5680
3 5683 5146 5684
3 5685 5681 5683
3 5686 5149 5687
3 5688 5684 5686
3 5689 5152 5690
3 5691 5687 5689
3 5692 5155 5693
3 5694 5690 5692
3 5695 5696 5158
3 5693 5696 5697
3 5161 5698 5699
3 5699 5700 5695
3 5164 5701 5702
3 5702 5703 5698
3 5167 5704 5705
3 5705 5706 5701
3 5170 5707 5708
3 5708 5709 5704
3 5710 5173 5178
3 5710 5711 5707
3 5712 5713 5205
3 5713 5714 5187
3 5226 5715 5716
3 5716 5717 5712
3 5718 5719 4542
3 5206 5720 5718
3 5721 4554 5722
3 5210 5721 5723
3 5724 5220 5725
3 5222 5726 5727
3 5727 5728 5729
3 5725 5729 5730
3 5731 5233 5732
3 5715 5731 5733
3 5734 4589 5735
3 5736 5735 5719
3 5737 4598 5738
3 5739 5722 5737
3 5740 5229 5741
3 5742 5741 5724
3 5234 5743 5744
3 5745 5732 5746
3 5746 5744 5747
3 4631 5748 5749
3 5750 5748 5734
3 5751 4640 5752
3 5753 5738 5751
3 5754 5237 5755
3 5756 5755 5740
3 5240 5757 5758
3 5743 5758 5759
3 4672 5760 5761
3 5749 5762 5760
3 5763 5764 4681
3 5765 5752 5764
3 5766 5767 5246
3 5767 5768 5757
3 4707 5769 5770
3 5761 5771 5769
3 4723 5772 5773
3 4719 5774 5775
3 5776 5772 5775
3 5777 5763 5773
3 5778 4696 5242
3 5779 5780 5249
3 5780 5781 5766
3 5782 5254 5783
3 5784 5783 5770
3 4749 5785 5786
3 5787 5774 5786
3 5788 5257 5789
3 5778 5790 5789
3 5253 5791 5792
3 5792 5793 5779
3 5794 4773 5795
3 5796 5795 5782
3 4776 5797 5798
3 5799 5785 5798
3 5800 5263 5801
3 5801 5788 5802
3 5260 5803 5804
3 5804 5805 5791
3 5806 5267 5807
3 5808 5807 5794
3 4790 5809 5810
3 5811 5797 5810
3 5812 5270 5813
3 5813 5800 5814
3 5266 5815 5816
3 5817 5803 5816
3 4802 5818 5819
3 5820 5818 5806
3 4805 5821 5822
3 5823 5809 5822
3 5824 5276 5825
3 5826 5825 5812
3 5273 5827 5828
3 5829 5815 5828
3 4812 5830 5831
3 5832 5830 5819
3 4815 5833 5834
3 5835 5821 5834
3 5283 5836 5837
3 5838 5836 5824
3 5839 5827 5287
3 5840 5841 5291
3 5842 5840 5831
3 5280 5843 5844
3 5845 5833 5844
3 5299 5846 5847
3 5837 5848 5846
3 5849 5288 5850
3 5851 5839 5852
3 5852 5849 5853
3 5854 5293 5855
3 5856 5857 5841
3 5858 5855 5857
3 5296 5859 5860
3 5861 5862 5843
3 5860 5863 5861
3 5864 5865 5309
3 5866 5864 5847
3 5302 5867 5868
3 5869 5850 5868
3 5870 5315 5854
3 5871 5872 5306
3 5873 5874 5859
3 5875 5873 5872
3 5321 5876 5877
3 5878 5876 5865
3 5879 5312 5880
3 5881 5867 5879
3 5882 5325 5883
3 5884 5883 5870
3 5318 5885 5886
3 5887 5888 5871
3 5887 5886 5889
3 5333 5890 5891
3 5892 5890 5877
3 5893 5324 5894
3 5895 5880 5893
3 5896 5337 5897
3 5898 5897 5882
3 5899 5900 5885
3 5901 5899 5330
3 5902 5903 5891
3 5903 5904 5354
3 5336 5905 5906
3 5907 5894 5906
3 5908 5909 5910
3 5358 5340 5908
3 5911 5909 5896
3 5912 5913 5914
3 5915 5344 5914
3 5916 5912 5346
3 5917 5918 5919
3 5904 5919 5356
3 5920 5368 5918
3 5921 5922 5923
3 5378 5921 5357
3 5924 5905 5923
3 5382 5925 5926
3 5927 5925 5910
3 5928 5929 5364
3 5930 5931 5929
3 5932 5348 5931
3 5933 5375 5934
3 5935 5922 5933
3 5390 5936 5937
3 5936 5926 5938
3 5385 5939 5940
3 5941 5928 5940
3 5396 5942 5943
3 5944 5371 5945
3 5946 5942 5944
3 5947 5948 5949
3 5401 5948 5387
3 5950 5934 5947
3 5951 5952 5404
3 5953 5951 5937
3 5954 5393 5955
3 5956 5939 5954
3 5413 5957 5958
3 5959 5957 5943
3 5960 5961 5399
3 5962 5949 5961
3 5417 5963 5964
3 5965 5963 5952
3 5966 5407 5967
3 5955 5966 5968
3 5969 5412 5970
3 5423 5971 5972
3 5973 5974 5969
3 5974 5975 5971
3 5970 5958 5976
3 5416 5977 5978
3 5979 5960 5978
3 4882 5980 5981
3 5964 5982 5983
3 5983 5984 5980
3 5985 5420 5986
3 5987 5967 5985
3 5432 5988 5989
3 5990 5991 5988
3 5972 5992 5990
3 5993 5426 5994
3 5995 5977 5993
3 5439 5996 5997
3 5981 5998 5996
3 5999 5429 6000
3 5986 5999 6001
3 5446 6002 6003
3 6004 6002 5989
3 6005 5435 6006
3 6007 5994 6005
3 6008 6009 5440
3 5997 6010 6011
3 6011 6012 6008
3 6013 5443 6014
3 6015 6000 6013
3 5454 6016 6017
3 6018 6016 6003
3 6006 5458 6019
3 6020 5462 6009
3 6021 5451 6022
3 6023 6014 6021
3 6024 5467 6025
3 6026 6025 6017
3 6027 6028 5459
3 6029 6019 6030
3 6031 6030 6028
3 6032 5463 6033
3 6033 6020 6034
3 6035 4913 6036
3 6036 6032 6037
3 5464 6038 6039
3 6040 6041 4925
3 6042 6038 6041
3 6022 6039 6043
3 6044 5514 6045
3 6046 6045 6024
3 5470 6047 6048
3 6048 6049 6027
3 6050 6051 5473
3 6052 6050 6035
3 6053 6054 5474
3 6051 6055 6053
3 5487 6056 5491
3 5510 6057 6058
3 6059 5507 6060
3 6061 6057 6059
3 5511 6062 6063
3 6058 6064 6062
3 6063 6065 6040
3 6066 6067 5573
3 6068 6066 6044
3 5517 6069 6047
3 6070 6071 4939
3 6054 6072 6070
3 6073 6074 5520
3 6071 6075 6073
3 5523 6076 6077
3 6074 6078 6076
3 5526 6079 6080
3 6079 6077 6081
3 5529 6082 6083
3 6080 6084 6082
3 5532 6085 6086
3 6083 6087 6085
3 6088 5535 6089
3 6089 6086 6090
3 6091 5538 6092
3 6092 6088 6093
3 6094 5541 6095
3 6095 6091 6096
3 5544 6094 6097
3 6098 5548 6099
3 6099 5501 6100
3 6101 5551 6102
3 6103 6102 6098
3 6104 5554 6105
3 6106 6105 6101
3 6107 5557 6108
3 6109 6108 6104
3 6110 6111 5560
3 6112 6110 6107
3 6113 5563 6114
3 6114 6111 6115
3 6116 5566 6117
3 6118 6117 6113
3 6119 5569 6120
3 6121 6120 6116
3 6122 5570 6123
3 6124 6123 6119
3 6125 6060 6122
3 5580 6126 6127
3 6128 6126 6067
3 6129 6130 5576
3 6130 6131 6069
3 6132 6133 5581
3 6134 6127 6135
3 6136 6132 6134
3 6137 5584 6138
3 6139 6129 6140
3 6141 6140 6137
3 6133 6142 5587
3 6143 6144 5590
3 6138 6144 6145
3 6146 6147 5593
3 6147 6148 6143
3 6149 5596 6150
3 6151 5179 6152
3 6152 6149 6153
3 6154 5597 6155
3 6150 6154 6156
3 6155 6142 6157
3 6158 6159 5600
3 6159 6160 6146
3 6161 6162 5603
3 6162 6163 6158
3 5606 6164 6165
3 6165 6166 6161
3 5609 6167 6168
3 6168 6169 6164
3 5612 6170 6171
3 6171 6172 6167
3 5615 6173 6174
3 6174 6175 6170
3 5618 6176 6177
3 6177 6178 6173
3 6179 5621 6180
3 6181 6176 6179
3 5624 6182 6183
3 6180 6183 6184
3 6185 5627 6186
3 6182 6185 6187
3 6188 5630 6189
3 6186 6188 6190
3 6191 5633 6192
3 6189 6191 6193
3 6194 5636 6195
3 6192 6194 6196
3 6197 5639 6198
3 6195 6197 6199
3 6200 5642 6201
3 6198 6200 6202
3 6203 5645 6204
3 6201 6203 6205
3 6206 5648 6207
3 6206 6208 6204
3 6209 5652 6210
3 6209 6211 6207
3 5655 6212 6213
3 6210 6213 6214
3 5658 6215 6216
3 6212 6216 6217
3 6218 6219 5661
3 6215 6219 6220
3 6221 6222 5664
3 6222 6223 6218
3 6224 6225 5667
3 6225 6226 6221
3 6227 6228 5670
3 6228 6229 6224
3 6230 5673 6231
3 6232 6227 6230
3 6233 5676 6234
3 6231 6233 6235
3 6236 5679 6237
3 6234 6236 6238
3 6239 5682 6240
3 6237 6239 6241
3 6242 6243 5685
3 6240 6243 6244
3 6245 6246 5688
3 6246 6247 6242
3 6248 6249 5691
3 6249 6250 6245
3 6251 6252 5694
3 6252 6253 6248
3 5697 6254 6255
3 6255 6256 6251
3 6257 6258 5700
3 6258 6259 6254
3 6260 6261 5703
3 6261 6262 6257
3 6263 5706 6264
3 6265 6260 6263
3 6266 6267 5709
3 6264 6267 6268
3 6269 6270 5711
3 6270 6271 6266
3 6272 6269 6151
3 6273 6274 6275
3 6274 6276 6277
3 6278 6279 6275
3 6280 6281 6278
3 6282 6280 6277
3 6283 6284 6285
3 6283 6286 6276
3 6285 6287 5193
3 6288 6286 5714
3 6289 6284 6290
3 6273 6291 6290
3 6287 6292 6293
3 6293 6294 5199
3 6295 6296 6292
3 6289 6297 6295
3 6294 6298 6299
3 6299 6300 5202
3 6296 6301 6302
3 6302 6303 6298
3 6304 6305 5204
3 6300 6306 6304
3 6307 6308 5717
3 6288 6308 6309
3 6305 6310 5720
3 6311 6312 6313
3 6314 6315 6312
3 5216 6311 6316
3 5211 6317 6318
3 6319 6314 6318
3 6320 6313 6321
3 6321 6315 6322
3 6323 6316 6324
3 6323 6325 5223
3 6326 6327 6324
3 6326 6328 6329
3 6330 6328 6320
3 6325 6331 5726
3 6332 6331 6333
3 6334 6333 6327
3 6335 6336 6332
3 6337 6338 6336
3 5728 6338 6339
3 5733 6340 6341
3 6307 6342 6343
3 6341 6344 6342
3 6345 6346 5736
3 6310 6347 6345
3 6348 5723 6349
3 6317 6348 6350
3 6351 6340 5745
3 6352 5750 6353
3 6353 6346 6354
3 6355 5739 6356
3 6357 6349 6355
3 5747 6358 6359
3 6360 6361 6351
3 6359 6362 6360
3 6363 5762 6364
3 6365 6364 6352
3 6366 5753 6367
3 6368 6356 6366
3 5759 6369 6370
3 6371 6358 6370
3 6372 5771 6373
3 6374 6373 6363
3 6375 5765 6376
3 6377 6378 6367
3 6377 6375 6379
3 6380 5243 5754
3 6381 5768 6382
3 6383 6369 6381
3 5784 6384 6385
3 6372 6386 6387
3 6388 6384 6387
3 5777 6389 6376
3 5776 6390 6391
3 6392 6389 6391
3 6393 5790 6394
3 6395 6394 6380
3 6396 5781 6397
3 6398 6382 6396
3 5796 6399 6400
3 6401 6402 6399
3 6385 6403 6401
3 5787 6404 6405
3 6406 6390 6405
3 6407 5802 6408
3 6409 6408 6393
3 6410 5793 6411
3 6397 6410 6412
3 6400 6413 6414
3 6415 6416 6413
3 6417 6415 6402
3 6418 6414 6419
3 5808 6418 6420
3 5799 6421 6422
3 6423 6404 6422
3 6424 5814 6425
3 6426 6425 6407
3 6427 5805 6428
3 6411 6427 6429
3 6430 6419 6431
3 6431 6432 6433
3 6416 6434 6432
3 6435 6420 6436
3 6436 6430 6437
3 6438 6435 6439
3 5820 6438 6440
3 5811 6441 6442
3 6443 6421 6442
3 6423 6444 6445
3 6446 6447 6445
3 6406 6447 6448
3 6449 5826 6450
3 6451 6450 6424
3 5817 6452 6453
3 6454 6428 6453
3 6452 6455 6456
3 6456 6457 6458
3 6458 6459 6454
3 6433 6460 6461
3 6460 6455 6462
3 6434 6463 6457
3 6437 6464 6465
3 6461 6466 6464
3 6439 6467 6468
3 6465 6469 6467
3 6470 6471 6440
3 6468 6472 6470
3 6471 6473 6474
3 5832 6474 6475
3 5823 6476 6477
3 6478 6441 6477
3 6479 6444 6480
3 6443 6481 6480
3 6479 6482 6483
3 6483 6484 6485
3 6486 6446 6485
3 5838 6487 6488
3 6489 6449 6490
3 6491 6487 6489
3 5829 6492 6462
3 6492 6493 6466
3 6494 6495 6469
3 6493 6496 6494
3 6497 6498 6472
3 6495 6499 6497
3 6500 6501 6473
3 6498 6502 6500
3 6503 6504 6475
3 6501 6505 6503
3 6504 6506 6507
3 5842 6507 6508
3 5835 6509 6510
3 6511 6476 6510
3 6512 6513 6481
3 6478 6514 6512
3 6515 6482 6516
3 6513 6517 6516
3 6515 6518 6519
3 6519 6520 6521
3 6521 6522 6523
3 6484 6523 6524
3 6525 5848 6526
3 6527 6526 6488
3 6496 5851 6528
3 6529 6530 6499
3 6528 6531 6529
3 6532 6533 6502
3 6530 6534 6532
3 6535 6536 6505
3 6533 6537 6535
3 6538 6539 6506
3 6536 6540 6538
3 6508 6541 6542
3 6539 6543 6541
3 6542 6544 6545
3 6545 6546 5856
3 5845 6547 6548
3 6549 6509 6548
3 6550 6514 6551
3 6511 6552 6551
3 6553 6554 6517
3 6553 6550 6555
3 6556 6518 6557
3 6554 6558 6557
3 6559 6560 6520
3 6561 6559 6556
3 6562 6563 6564
3 6522 6563 6565
3 6560 6566 6564
3 5866 6567 6568
3 6569 6567 6570
3 6562 6571 6568
3 6569 6572 6565
3 6525 6573 6570
3 6531 5853 6574
3 6574 6575 6534
3 6576 6577 6537
3 6575 6578 6576
3 6579 6580 6540
3 6577 6581 6579
3 6582 6583 6543
3 6580 6584 6582
3 6585 6586 6544
3 6583 6587 6585
3 6588 6589 6546
3 6586 6590 6588
3 6589 6591 5858
3 6592 6547 6593
3 6593 5862 6594
3 6595 6596 6552
3 6549 6597 6595
3 6598 6599 6555
3 6596 6600 6598
3 6601 6558 6602
3 6599 6603 6602
3 6604 6561 6605
3 6601 6606 6605
3 6607 6566 6608
3 6608 6604 6609
3 5878 6571 6610
3 6607 6611 6610
3 5869 6612 6578
3 6612 6613 6581
3 6614 6615 6584
3 6613 6616 6614
3 6617 6618 6587
3 6615 6619 6617
3 6620 6621 6590
3 6618 6622 6620
3 6623 6624 6591
3 6621 6625 6623
3 6624 6626 6627
3 5884 6627 6628
3 6629 6630 6631
3 6594 5863 6630
3 6631 5874 6632
3 6597 6633 6634
3 6592 6635 6633
3 6636 6600 6637
3 6637 6634 6638
3 6639 6603 6640
3 6636 6641 6640
3 6642 6606 6643
3 6639 6644 6643
3 6645 6609 6646
3 6642 6647 6646
3 5892 6611 6648
3 6645 6649 6648
3 5881 6650 6616
3 6650 6651 6619
3 6652 6653 6622
3 6651 6654 6652
3 6655 6656 6625
3 6653 6657 6655
3 6658 6659 6626
3 6656 6660 6658
3 6661 6662 6628
3 6659 6663 6661
3 6662 6664 6665
3 5898 6665 6666
3 6667 6668 6669
3 6632 5875 6668
3 6669 5888 6670
3 6671 6672 6635
3 6629 6673 6671
3 6674 6675 6638
3 6672 6676 6674
3 6677 6641 6678
3 6675 6679 6678
3 6680 6644 6681
3 6681 6677 6682
3 6683 6647 6684
3 6680 6685 6684
3 5902 6649 6686
3 6683 6687 6686
3 5895 6688 6654
3 6688 6689 6657
3 6690 6691 6660
3 6689 6692 6690
3 6693 6694 6663
3 6691 6695 6693
3 6696 6697 6664
3 6694 6698 6696
3 6699 6700 6666
3 6697 6701 6699
3 6700 6702 6703
3 6703 6704 5911
3 6705 6706 6707
3 6670 5889 6706
3 6707 5900 6708
3 6709 6673 6710
3 6667 6711 6710
3 6712 6713 6676
3 6709 6714 6712
3 6715 6716 6679
3 6713 6717 6715
3 6718 6682 6719
3 6716 6720 6719
3 6721 6722 6685
3 6718 6723 6721
3 5917 6687 6724
3 5920 6724 6722
3 5907 6725 6692
3 6725 6726 6695
3 6727 6728 6698
3 6726 6729 6727
3 6730 6731 6701
3 6728 6732 6730
3 6733 6734 6702
3 6731 6735 6733
3 6736 6704 6737
3 6737 6734 6738
3 6739 6736 6740
3 5927 6739 6741
3 6742 6743 6744
3 6745 6743 6708
3 6746 6744 5913
3 5901 5915 6745
3 6747 6711 6748
3 6705 6749 6748
3 6750 6714 6751
3 6751 6747 6752
3 6753 6717 6754
3 6754 6750 6755
3 6756 6720 6757
3 6753 6758 6757
3 5372 6723 6759
3 6756 6760 6759
3 5924 6761 6729
3 6762 6732 6761
3 6763 6735 6764
3 6764 6762 6765
3 6766 6738 6767
3 6767 6763 6768
3 6769 6740 6770
3 6770 6766 6771
3 6772 6741 6773
3 6773 6769 6774
3 6775 6772 6776
3 5938 6775 6777
3 5930 6778 6779
3 6780 6781 6779
3 6782 6781 6746
3 5916 5932 6782
3 6783 6749 6784
3 6742 6785 6784
3 6786 6752 6787
3 6787 6783 6788
3 6789 6755 6790
3 6786 6791 6790
3 6792 6758 6793
3 6789 6794 6793
3 6795 6760 6796
3 6792 6797 6796
3 6795 5946 5945
3 5935 6798 6765
3 6799 6768 6798
3 6800 6771 6801
3 6802 6801 6799
3 6803 6774 6804
3 6805 6804 6800
3 6776 6806 6807
3 6808 6806 6803
3 6777 6809 6810
3 6807 6811 6809
3 6810 6812 6813
3 5953 6813 6814
3 5941 6815 6816
3 6817 6778 6816
3 6818 6785 6819
3 6780 6820 6819
3 6821 6788 6822
3 6818 6823 6822
3 6824 6791 6825
3 6825 6821 6826
3 6827 6794 6828
3 6824 6829 6828
3 5959 6797 6830
3 6827 6831 6830
3 5950 6832 6802
3 6832 6833 6805
3 6834 6835 6808
3 6833 6836 6834
3 6837 6838 6811
3 6835 6839 6837
3 6840 6841 6812
3 6838 6842 6840
3 6843 6844 6814
3 6841 6845 6843
3 6844 6846 6847
3 5965 6847 6848
3 5956 6849 6850
3 6851 6815 6850
3 6852 6820 6853
3 6817 6854 6853
3 6855 6823 6856
3 6852 6857 6856
3 6858 6826 6859
3 6855 6860 6859
3 6861 6829 6862
3 6858 6863 6862
3 6864 6831 6865
3 6861 6866 6865
3 6864 5973 5976
3 5962 6867 6836
3 6867 6868 6839
3 6869 6870 6842
3 6868 6871 6869
3 6872 6873 6845
3 6870 6874 6872
3 6846 6875 6876
3 6877 6873 6878
3 6879 6875 6877
3 6880 6848 6881
3 6881 6876 6882
3 5982 6880 6883
3 6884 5968 6885
3 6886 6849 6887
3 6884 6888 6887
3 6889 6854 6890
3 6851 6891 6890
3 6857 6892 6893
3 6889 6894 6892
3 6895 6860 6896
3 6896 6893 6897
3 6898 6863 6899
3 6895 6900 6899
3 6901 6866 6902
3 6898 6903 6904
3 5991 6902 6904
3 6901 5992 5975
3 5979 6905 6871
3 6905 6906 6874
3 6907 6906 6908
3 6909 6878 6907
3 5984 6910 6911
3 6883 6912 6910
3 6913 5987 6914
3 6915 6916 6885
3 6917 6915 6913
3 6891 6918 6919
3 6886 6920 6918
3 6921 6922 6894
3 6919 6923 6921
3 6924 6897 6922
3 6925 6900 6926
3 6924 6927 6926
3 6004 6903 6928
3 6925 6929 6928
3 6930 6908 5995
3 6931 6932 6930
3 6932 6933 6909
3 5998 6911 6934
3 6010 6935 6936
3 6937 6935 6934
3 6001 6938 6939
3 6939 6940 6941
3 6914 6941 6942
3 6943 6927 6944
3 6945 6946 6944
3 6945 6923 6947
3 6018 6929 6948
3 6943 6949 6948
3 6950 6951 6007
3 6951 6952 6931
3 6012 6953 6954
3 6955 6953 6936
3 6956 6957 6015
3 6957 6958 6938
3 6026 6949 6959
3 6960 6961 6959
3 6960 6946 6962
3 6963 6964 6029
3 6964 6965 6950
3 6034 6954 6966
3 6967 6968 6023
3 6968 6969 6956
3 6046 6961 6970
3 6971 6972 6031
3 6973 6963 6972
3 6037 6974 6975
3 6966 6976 6974
3 5482 6977 6978
3 6979 6980 5479
3 6981 6977 6980
3 6982 6983 5485
3 6978 6984 6982
3 6985 6986 5488
3 6983 6987 6985
3 6988 6989 5496
3 5493 6990 6991
3 6991 6992 6988
3 6993 6994 5499
3 6989 6995 6993
3 6996 6997 5502
3 6994 6998 6996
3 6043 6999 7000
3 7001 6042 7002
3 6999 7001 7003
3 7000 7004 6967
3 7005 7006 6068
3 6970 7007 7005
3 7008 6049 7009
3 7010 6971 7011
3 7012 7011 7008
3 7013 7014 6052
3 6975 7015 7013
3 7016 6055 7017
3 7018 7017 7014
3 7019 6072 7020
3 7020 7016 7021
3 7022 7023 5545
3 7023 7024 6979
3 7025 7026 6056
3 6986 7027 7025
3 7026 7028 6990
3 6100 7029 7030
3 6997 7031 7029
3 6064 7032 7033
3 7034 6061 7035
3 7036 7032 7034
3 7037 6065 7038
3 7038 7033 7039
3 7040 7002 7037
3 7041 7042 6128
3 7006 7043 7041
3 7044 6131 7045
3 7009 7044 7046
3 7047 6075 7048
3 7048 7019 7049
3 7050 6078 7051
3 7052 7051 7047
3 7053 6081 7054
3 7054 7050 7055
3 6084 7056 7057
3 7058 7053 7059
3 7056 7058 7060
3 6087 7061 7062
3 7057 7063 7061
3 6090 7064 7065
3 7062 7066 7064
3 6093 7067 7068
3 7065 7069 7067
3 6096 7070 7071
3 7068 7072 7070
3 6097 7071 7073
3 7073 7074 7022
3 7075 7076 6103
3 7030 7077 7075
3 7078 7079 6106
3 7076 7080 7078
3 7081 7082 6109
3 7079 7083 7081
3 7084 7085 6112
3 7082 7086 7084
3 6115 7087 7088
3 7085 7089 7090
3 7087 7090 7091
3 7092 7093 6118
3 7088 7094 7092
3 7095 7096 6121
3 7093 7097 7095
3 7098 7099 6124
3 7096 7100 7098
3 7101 6125 7102
3 7102 7099 7103
3 7035 7104 7105
3 7106 7104 7101
3 7107 6135 7108
3 7108 7042 7109
3 7110 7111 6139
3 7045 7111 7112
3 7113 7114 6136
3 7115 7113 7107
3 7116 6141 7117
3 7118 7110 7119
3 7120 7119 7116
3 7121 6157 7122
3 7123 7122 7114
3 7124 6145 7125
3 7126 7117 7124
3 7127 6148 7128
3 7125 7127 7129
3 7130 6160 7131
3 7128 7130 7132
3 7133 6153 7134
3 7135 7136 6272
3 7137 7135 7138
3 7139 7138 7133
3 7140 6156 7141
3 7142 7134 7140
3 7141 7121 7143
3 7144 6163 7145
3 7144 7146 7131
3 7147 6166 7148
3 7147 7149 7145
3 7150 6169 7151
3 7148 7150 7152
3 7153 6172 7154
3 7151 7153 7155
3 7156 6175 7157
3 7154 7156 7158
3 7159 6178 7160
3 7157 7159 7161
3 7162 7163 6181
3 7164 7160 7163
3 6184 7165 7166
3 7166 7167 7162
3 6187 7168 7169
3 7169 7170 7165
3 6190 7171 7172
3 7172 7173 7168
3 6193 7174 7175
3 7175 7176 7171
3 6196 7177 7178
3 7178 7179 7174
3 6199 7180 7181
3 7181 7182 7177
3 6202 7183 7184
3 7184 7185 7180
3 6205 7186 7187
3 7187 7188 7183
3 6208 7189 7190
3 7190 7191 7186
3 6211 7192 7193
3 7193 7194 7189
3 6214 7195 7196
3 7196 7197 7192
3 6217 7198 7199
3 7199 7200 7195
3 6220 7201 7202
3 7202 7203 7198
3 7204 6223 7205
3 7204 7206 7201
3 7207 7208 6226
3 7208 7209 7205
3 7210 7211 6229
3 7211 7212 7207
3 7213 7214 6232
3 7214 7215 7210
3 6235 7216 7217
3 7217 7218 7213
3 6238 7219 7220
3 7220 7221 7216
3 6241 7222 7223
3 7223 7224 7219
3 6244 7225 7226
3 7226 7227 7222
3 6247 7228 7229
3 7225 7229 7230
3 6250 7231 7232
3 7232 7233 7228
3 6253 7234 7235
3 7235 7236 7231
3 6256 7237 7238
3 7238 7239 7234
3 7240 6259 7241
3 7237 7240 7242
3 7243 6262 7244
3 7245 7241 7243
3 7246 6265 7247
3 7248 7244 7246
3 7249 6268 7250
3 7251 7247 7249
3 7250 6271 7252
3 7252 7136 7253
3 7254 6279 7255
3 7256 7255 7257
3 7257 7258 7259
3 7260 7258 6281
3 7261 6291 7262
3 7254 7263 7262
3 6297 7264 7265
3 7266 7264 7261
3 6301 7267 7268
3 7265 7269 7267
3 7270 7271 6309
3 6282 7271 7272
3 6306 7273 7274
3 6303 7275 7276
3 7276 7277 7273
3 7278 6329 7279
3 7280 6330 7281
3 7279 7280 7282
3 7283 6334 7284
3 7284 7285 7286
3 7287 7285 7278
3 7288 7289 6335
3 7290 7291 7288
3 7290 7283 7292
3 7293 7289 7294
3 7295 7291 7296
3 7297 7294 7295
3 7298 7299 6343
3 7270 7299 7300
3 7301 7302 6347
3 7274 7303 7301
3 7304 6337 7305
3 7306 7305 7293
3 6344 7307 7308
3 7309 7310 7298
3 7308 7311 7309
3 6354 7312 7313
3 7312 7314 7315
3 7316 7314 7302
3 7317 6319 7318
3 7319 6350 7320
3 7321 7318 7319
3 7322 6322 7323
3 7324 7323 7317
3 7325 6339 7326
3 7327 5730 7325
3 7326 7328 7329
3 7328 7304 7330
3 7331 7307 6361
3 7332 7313 7333
3 7334 7333 7335
3 7315 7336 7335
3 7337 7332 7338
3 6365 7337 7339
3 6357 7340 7341
3 7342 7320 7341
3 7343 5742 7344
3 7344 7327 7345
3 7346 7347 6362
3 7348 7349 7331
3 7347 7350 7348
3 7351 7338 7352
3 7352 7353 7354
3 7334 7355 7353
3 7356 7339 7357
3 7357 7351 7358
3 7359 7356 7360
3 6374 7359 7361
3 6368 7362 7363
3 7364 7340 7363
3 7365 5756 7366
3 7366 7343 7367
3 6371 7368 7369
3 7370 7346 7369
3 7371 7372 7368
3 7373 7374 7372
3 7370 7374 7375
3 7376 7354 7377
3 7377 7371 7378
3 7373 7355 7379
3 7380 7358 7381
3 7382 7381 7376
3 7383 7360 7384
3 7385 7384 7380
3 7386 7361 7387
3 7388 7387 7383
3 7389 7390 7386
3 7391 6386 7390
3 7392 7362 7393
3 6378 7394 7393
3 7364 7395 7396
3 7397 7398 7396
3 7342 7398 7399
3 7400 6395 7365
3 6383 7401 7378
3 7401 7402 7382
3 7403 7404 7385
3 7402 7405 7403
3 7406 7407 7388
3 7404 7408 7406
3 7409 7410 7389
3 7407 7411 7409
3 7412 7413 7391
3 7410 7414 7412
3 7413 7415 6388
3 6392 7416 7417
3 7418 7419 7417
3 6379 7419 7394
3 7420 7395 7421
3 7392 7422 7421
3 7420 7423 7424
3 7424 7425 7426
3 7427 7426 7428
3 7397 7427 7429
3 7430 6409 7431
3 7400 7432 7433
3 7431 7433 7434
3 6398 7435 7405
3 7435 7436 7408
3 7437 7438 7411
3 7436 7439 7437
3 7440 7441 7414
3 7438 7442 7440
3 7443 7444 7415
3 7441 7445 7443
3 7444 7446 6403
3 7447 7416 6448
3 7448 7449 7422
3 7418 7450 7448
3 7451 7452 7423
3 7449 7453 7451
3 7454 7455 7425
3 7452 7456 7454
3 7457 7458 7459
3 7428 7458 7460
3 7455 7461 7459
3 6426 7462 7463
3 7464 7462 7465
3 7457 7466 7463
3 7464 7467 7460
3 7430 7468 7465
3 6412 7469 7439
3 7469 7470 7442
3 7471 7472 7445
3 7470 6429 7471
3 7473 7474 7446
3 7472 6459 7473
3 7474 6463 6417
3 7475 7450 7476
3 7447 7477 7476
3 7478 7479 7453
3 7475 7480 7478
3 7481 7456 7482
3 7479 7483 7482
3 7484 7461 7485
3 7481 7486 7485
3 6451 7466 7487
3 7484 7488 7487
3 7489 7477 6486
3 7490 7480 7491
3 7491 7489 7492
3 7493 7483 7494
3 7490 7495 7494
3 7496 7486 7497
3 7493 7498 7497
3 6490 7488 7499
3 7499 7496 6491
3 7500 7492 6524
3 7501 7495 7502
3 7502 7500 6572
3 6527 7498 7503
3 7503 7501 6573
3 6933 7504 6879
3 6882 7505 7506
3 7505 7504 7507
3 7506 7508 7509
3 6912 7509 7510
3 7511 6916 7512
3 7513 7514 7512
3 7513 6917 6942
3 7515 6888 7516
3 7516 7511 7517
3 7518 6920 7519
3 7519 7515 7520
3 7507 6952 7521
3 7522 7523 7508
3 7521 7524 7522
3 7525 7510 7526
3 7526 7523 7527
3 7528 7525 7529
3 6937 7528 7530
3 7531 7532 6940
3 7533 7514 7532
3 7518 7534 6947
3 7524 6965 7535
3 7536 7527 7537
3 7537 7535 7538
3 7539 7529 7540
3 7541 7540 7536
3 7542 7530 7543
3 7544 7543 7539
3 7545 7546 7542
3 7547 6955 7546
3 7548 6958 7549
3 7550 7531 7551
3 7548 7552 7551
3 7517 7553 7554
3 7533 7555 7553
3 7520 7556 7557
3 7554 7558 7556
3 7559 7534 7560
3 7557 7561 7560
3 7559 7562 6962
3 7538 6973 7563
3 7563 7564 7541
3 7565 7566 7544
3 7564 7567 7565
3 7568 7569 7545
3 7566 7570 7568
3 7571 7547 7572
3 7573 7569 7574
3 7575 7572 7573
3 7576 6976 7571
3 6969 7577 7578
3 7578 7579 7549
3 7580 7581 7555
3 7550 7582 7580
3 7583 7558 7581
3 7584 7585 7561
3 7583 7586 7584
3 7587 7562 7588
3 7585 7589 7588
3 7587 7590 7007
3 7591 7567 7010
3 7592 7570 7593
3 7593 7591 7012
3 7594 7592 7595
3 7574 7594 7596
3 7015 7597 7598
3 7599 7597 7576
3 6984 7600 7601
3 7602 7603 6981
3 7603 7604 7600
3 6987 7605 7606
3 7601 7607 7605
3 7027 7608 7609
3 7606 7610 7608
3 7611 7612 6995
3 7613 7614 6992
3 7614 7615 7611
3 6998 7616 7617
3 7618 7616 7612
3 7031 7619 7620
3 7617 7621 7619
3 7622 7623 7004
3 7624 7003 7625
3 7622 7624 7626
3 7623 7627 7628
3 7629 7577 7628
3 7630 7631 7586
3 7632 7630 7633
3 7634 7633 7582
3 7635 7589 7631
3 7636 7043 7590
3 7635 7637 7636
3 7638 7639 7595
3 7638 7046 7640
3 7596 7641 7642
3 7639 7643 7641
3 7644 7645 7018
3 7598 7646 7644
3 7021 7647 7648
3 7647 7645 7649
3 7024 7650 7651
3 7651 7652 7602
3 7653 7654 7028
3 7609 7655 7653
3 7654 7656 7613
3 7077 7657 7658
3 7620 7659 7657
3 7660 7661 7662
3 7039 7661 7040
3 7663 7036 7664
3 7665 7662 7663
3 7666 7625 7660
3 7109 7637 7667
3 7668 7669 7667
3 7668 7632 7670
3 7112 7671 7640
3 7049 7672 7673
3 7648 7674 7672
3 7675 7676 7052
3 7673 7677 7675
3 7678 7055 7679
3 7680 7679 7676
3 7681 7074 7682
3 7683 7072 7684
3 7685 7682 7683
3 7650 7681 7686
3 7687 7688 7080
3 7658 7689 7687
3 7690 7691 7083
3 7688 7692 7690
3 7693 7694 7086
3 7691 7695 7693
3 7696 7697 7698
3 7103 7698 7106
3 7100 7699 7700
3 7700 7701 7696
3 7702 7105 7703
3 7703 7697 7704
3 7664 7702 7705
3 7706 7115 7669
3 7707 7708 7118
3 7671 7708 7709
3 7059 7710 7711
3 7712 7710 7678
3 7060 7713 7714
3 7711 7715 7713
3 7063 7716 7717
3 7716 7714 7718
3 7066 7719 7720
3 7717 7721 7719
3 7722 7069 7723
3 7723 7720 7724
3 7684 7722 7725
3 7089 7726 7727
3 7728 7726 7694
3 7091 7729 7730
3 7727 7731 7729
3 7094 7732 7733
3 7730 7734 7732
3 7097 7735 7736
3 7735 7733 7737
3 7736 7738 7699
3 7739 7123 7740
3 7740 7706 7741
3 7742 7743 7120
3 7743 7744 7707
3 7143 7745 7746
3 7747 7739 7748
3 7749 7745 7747
3 7750 7751 7126
3 7752 7753 7742
3 7751 7754 7752
3 7129 7755 7756
3 7756 7757 7750
3 7132 7758 7759
3 7759 7760 7755
3 7761 7762 7137
3 7253 7763 7764
3 7765 7763 7762
3 7766 7767 7139
3 7767 7768 7761
3 7746 7769 7142
3 7769 7770 7766
3 7771 7146 7772
3 7771 7773 7758
3 7774 7149 7775
3 7772 7774 7776
3 7777 7152 7778
3 7775 7777 7779
3 7780 7781 7155
3 7781 7782 7778
3 7158 7783 7784
3 7784 7785 7780
3 7161 7786 7787
3 7787 7788 7783
3 7789 7164 7790
3 7791 7786 7789
3 7792 7167 7793
3 7794 7790 7792
3 7795 7170 7796
3 7793 7795 7797
3 7798 7173 7799
3 7796 7798 7800
3 7801 7176 7802
3 7799 7801 7803
3 7804 7179 7805
3 7802 7804 7806
3 7807 7182 7808
3 7805 7807 7809
3 7810 7185 7811
3 7808 7810 7812
3 7813 7188 7814
3 7811 7813 7815
3 7816 7191 7817
3 7814 7816 7818
3 7819 7194 7820
3 7817 7819 7821
3 7822 7197 7823
3 7820 7822 7824
3 7825 7200 7826
3 7823 7825 7827
3 7203 7828 7829
3 7826 7829 7830
3 7831 7206 7832
3 7828 7831 7833
3 7834 7209 7835
3 7834 7836 7832
3 7837 7212 7838
3 7835 7837 7839
3 7840 7215 7841
3 7838 7840 7842
3 7843 7218 7844
3 7841 7843 7845
3 7846 7221 7847
3 7844 7846 7848
3 7849 7224 7850
3 7847 7849 7851
3 7852 7227 7853
3 7850 7852 7854
3 7855 7856 7230
3 7857 7853 7856
3 7858 7859 7233
3 7859 7860 7855
3 7861 7862 7236
3 7862 7863 7858
3 7864 7239 7865
3 7866 7861 7864
3 7867 7242 7868
3 7865 7867 7869
3 7870 7245 7871
3 7868 7870 7872
3 7873 7874 7248
3 7871 7874 7875
3 7876 7877 7251
3 7877 7878 7873
3 7764 7879 7876
3 7880 7881 7256
3 7882 7883 7259
3 7883 7884 7880
3 7885 7886 7263
3 7881 7887 7885
3 7888 7889 7266
3 7886 7890 7888
3 7260 7891 7892
3 7882 7893 7894
3 7895 7893 7892
3 7896 7891 7272
3 7268 7897 7275
3 7898 7899 7286
3 7900 7901 7287
3 7898 7901 7902
3 7903 7292 7904
3 7904 7899 7905
3 7906 7907 7908
3 7909 7910 7906
3 7911 7296 7908
3 7909 7903 7912
3 7913 7300 7914
3 7896 7915 7916
3 7917 7915 7913
3 7918 7277 7919
3 7920 7897 7921
3 7919 7920 7922
3 7281 7322 7923
3 7914 7310 7924
3 7925 7303 7926
3 7926 7918 7927
3 7311 7928 7929
3 7930 7924 7931
3 7931 7929 7932
3 7933 7934 7316
3 7935 7933 7925
3 7936 7937 7324
3 7938 7936 7321
3 7923 7939 7940
3 7941 7939 7937
3 7928 7349 7942
3 7943 7336 7934
3 7345 7329 7944
3 7945 7942 7350
3 7946 7375 7947
3 7945 7946 7948
3 7949 7950 7379
3 7951 7947 7950
3 7949 7943 7952
3 7953 7954 7399
3 7938 7954 7955
3 7367 7956 7957
3 7944 7958 7959
3 7959 7960 7956
3 7961 7429 7467
3 7962 7963 7961
3 7953 7963 7964
3 7432 7965 7966
3 7957 7967 7965
3 7468 7968 7962
3 7969 7434 7970
3 7969 7971 7968
3 7966 7972 7970
3 7973 7974 7575
3 7642 7975 7976
3 7976 7977 7973
3 7978 7579 7979
3 7980 7552 7981
3 7981 7978 7982
3 7974 7983 7599
3 7984 7985 7646
3 7983 7986 7984
3 7987 7607 7988
3 7989 7990 7604
3 7991 7988 7990
3 7992 7610 7993
3 7993 7987 7994
3 7655 7995 7996
3 7992 7997 7995
3 7998 7999 7618
3 8000 8001 7615
3 8001 8002 7998
3 7621 8003 8004
3 7999 8005 8003
3 7659 8006 8007
3 8004 8008 8006
3 8009 7627 8010
3 8011 7626 8012
3 8013 8010 8011
3 8014 8015 7629
3 8014 8009 8016
3 8015 8017 8018
3 7979 8018 8019
3 7980 8020 7634
3 7643 8021 8022
3 8021 7709 8023
3 8022 8024 7975
3 7649 8025 8026
3 8025 8027 8028
3 8029 8027 7985
3 8026 8030 8031
3 8031 8032 7674
3 8033 8028 8034
3 8035 8030 8036
3 8037 8036 8033
3 8038 8039 7652
3 8039 8040 7989
3 7656 8041 8042
3 7996 8043 8041
3 8042 8044 8000
3 7689 8045 8046
3 8007 8047 8045
3 8048 7666 8049
3 8050 7665 8051
3 8049 8050 8052
3 8012 8048 8053
3 8054 7670 8055
3 8056 8055 8020
3 8057 8058 7677
3 8032 8059 8057
3 8060 8058 8061
3 8062 7680 8060
3 8063 8059 8064
3 8061 8065 8066
3 8067 8065 8063
3 8068 7712 8062
3 7686 8069 8070
3 8071 7685 8072
3 8073 8069 8071
3 8070 8074 8038
3 7692 8075 8076
3 8046 8077 8075
3 8078 8079 7695
3 8076 8080 8078
3 8081 8082 7728
3 8079 8083 8081
3 7704 8084 8085
3 8086 7701 8087
3 8088 8084 8086
3 8089 7705 8090
3 8090 8085 8091
3 8092 8051 8089
3 7741 8054 8093
3 8094 7744 8095
3 8096 8023 8094
3 8097 7715 8098
3 8099 8098 8068
3 7718 8100 8101
3 8102 8100 8097
3 7721 8103 8104
3 8101 8105 8103
3 7724 8106 8107
3 8104 8108 8106
3 7725 8109 8110
3 8107 8111 8109
3 8072 8110 8112
3 8113 8114 8073
3 8112 8115 8116
3 8116 8117 8113
3 8118 7731 8119
3 8119 8082 8120
3 8121 7734 8122
3 8122 8118 8123
3 8124 7737 8125
3 8125 8121 8126
3 8127 7738 8128
3 8128 8124 8129
3 8087 8127 8130
3 7748 8131 8132
3 8093 8133 8134
3 8134 8135 8131
3 8136 8137 7753
3 8095 8137 8138
3 8132 8139 7749
3 8140 8141 7754
3 8142 8143 8136
3 8141 8144 8142
3 8145 8146 7757
3 8146 8147 8140
3 8148 8149 7760
3 8149 8150 8145
3 8151 7765 8152
3 7879 8153 8154
3 8153 8151 8155
3 8156 7768 8157
3 8152 8156 8158
3 8157 7770 8159
3 8160 8159 8139
3 8161 7773 8162
3 8163 8148 8161
3 8164 8165 7776
3 8165 8166 8162
3 8167 8168 7779
3 8168 8169 8164
3 8170 7782 8171
3 8170 8172 8167
3 8173 7785 8174
3 8175 8171 8173
3 8176 7788 8177
3 8178 8174 8176
3 8179 8180 7791
3 8181 8177 8180
3 7794 8182 8183
3 8183 8184 8179
3 7797 8185 8186
3 8186 8187 8182
3 7800 8188 8189
3 8189 8190 8185
3 7803 8191 8192
3 8192 8193 8188
3 7806 8194 8195
3 8195 8196 8191
3 7809 8197 8198
3 8198 8199 8194
3 7812 8200 8201
3 8201 8202 8197
3 7815 8203 8204
3 8204 8205 8200
3 7818 8206 8207
3 8207 8208 8203
3 7821 8209 8210
3 8210 8211 8206
3 7824 8212 8213
3 8213 8214 8209
3 7827 8215 8216
3 8216 8217 8212
3 7830 8218 8219
3 8219 8220 8215
3 7833 8221 8222
3 8222 8223 8218
3 8224 7836 8225
3 8221 8224 8226
3 8227 7839 8228
3 8225 8227 8229
3 8230 7842 8231
3 8232 8228 8230
3 8233 7845 8234
3 8235 8231 8233
3 8236 7848 8237
3 8238 8234 8236
3 8239 7851 8240
3 8241 8237 8239
3 8242 7854 8243
3 8244 8240 8242
3 8245 7857 8246
3 8247 8243 8245
3 8248 7860 8249
3 8246 8248 8250
3 7863 8251 8252
3 8249 8252 8253
3 8254 7866 8255
3 8256 8251 8254
3 7869 8257 8258
3 8255 8258 8259
3 7872 8260 8261
3 8261 8262 8257
3 7875 8263 8264
3 8264 8265 8260
3 7878 8266 8267
3 8267 8268 8263
3 8154 8269 8266
3 8270 8271 8272
3 8270 8273 8274
3 8272 8275 7884
3 8276 8273 7894
3 7269 8277 8278
3 7889 8279 8280
3 8280 8281 8277
3 8282 7916 8283
3 7895 8282 8284
3 8285 7921 8286
3 8286 8278 8287
3 8288 7900 8289
3 7282 8290 8291
3 8289 8291 8292
3 8293 7902 8294
3 8295 8294 8288
3 8296 8297 7907
3 8298 8299 7910
3 8299 8300 8301
3 8301 8302 8296
3 8303 7917 8304
3 8283 8305 8306
3 8307 8305 8303
3 8308 7922 8309
3 8309 8285 8310
3 7940 8311 8290
3 8312 8313 7911
3 8314 7297 8313
3 8315 8316 8312
3 8297 8317 8315
3 8318 8304 7930
3 8319 7927 8320
3 8320 8308 8321
3 8322 8323 8314
3 8323 8324 7306
3 8325 8326 8322
3 8316 8327 8325
3 8328 7932 8329
3 8318 8330 8331
3 8332 8330 8328
3 8333 7952 7935
3 8334 8333 8319
3 8335 8336 7941
3 8336 8337 8311
3 7330 8338 8339
3 8338 8324 8340
3 8341 8329 7948
3 8342 7951 8343
3 8341 8342 8344
3 8345 8343 8334
3 8346 8347 7955
3 8347 8348 8335
3 7958 8339 8349
3 8350 8351 7964
3 8346 8351 8352
3 7960 8353 8354
3 8349 8355 8353
3 8356 8350 7971
3 8357 7972 8358
3 8357 8359 8356
3 8360 8361 7967
3 8361 8362 8358
3 8354 8363 8360
3 7977 8364 8365
3 8366 8364 8024
3 7986 8367 8368
3 8365 8369 8367
3 8370 8371 8029
3 8368 8372 8370
3 8034 8371 8373
3 8374 7994 8375
3 8376 7991 8377
3 8378 8375 8376
3 8379 7997 8380
3 8374 8381 8380
3 8382 8043 8383
3 8383 8379 8384
3 8385 8005 8386
3 8387 8002 8388
3 8389 8386 8387
3 8390 8008 8391
3 8392 8391 8385
3 8393 8047 8394
3 8395 8394 8390
3 8016 8396 8397
3 8398 8013 8399
3 8400 8396 8398
3 8017 8401 8402
3 8397 8403 8401
3 8019 8404 8405
3 8402 8406 8404
3 7982 8407 8408
3 8405 8409 8407
3 8410 8064 8035
3 8411 8040 8412
3 8413 8377 8411
3 8414 8044 8415
3 8415 8382 8416
3 8388 8414 8417
3 8418 8077 8419
3 8420 8419 8421
3 8421 8393 8422
3 8423 8424 8418
3 8425 8426 8423
3 8427 8428 8420
3 8428 8429 8425
3 8053 8430 8431
3 8052 8432 8433
3 8433 8434 8430
3 8399 8431 8435
3 8436 8400 8437
3 8435 8438 8439
3 8439 8440 8437
3 8441 8442 8056
3 8408 8443 8444
3 8444 8445 8441
3 8446 8447 8096
3 8447 8448 8366
3 8449 8099 8450
3 8450 8066 8451
3 8452 8074 8453
3 8453 8114 8454
3 8412 8452 8455
3 8456 8080 8424
3 8457 8456 8458
3 8459 8083 8457
3 8460 8458 8461
3 8462 8461 8426
3 8463 8120 8459
3 8091 8464 8465
3 8466 8467 8088
3 8464 8467 8468
3 8469 8470 8092
3 8465 8471 8469
3 8470 8472 8432
3 8473 8474 8434
3 8472 8475 8476
3 8476 8477 8473
3 8478 8479 8133
3 8442 8480 8478
3 8481 8138 8482
3 8483 8446 8481
3 8484 8102 8485
3 8486 8485 8487
3 8488 8487 8449
3 8489 8490 8484
3 8491 8105 8490
3 8492 8493 8486
3 8494 8489 8495
3 8495 8496 8497
3 8493 8498 8496
3 8499 8108 8491
3 8500 8111 8501
3 8501 8499 8502
3 8115 8500 8503
3 8504 8123 8505
3 8506 8505 8507
3 8463 8508 8507
3 8509 8510 8504
3 8126 8510 8511
3 8512 8513 8506
3 8514 8515 8509
3 8516 8517 8514
3 8513 8518 8516
3 8129 8511 8519
3 8130 8520 8521
3 8519 8522 8520
3 8521 8523 8466
3 8524 8135 8525
3 8525 8479 8526
3 8527 8143 8528
3 8482 8527 8529
3 8530 8160 8531
3 8532 8531 8524
3 8533 8144 8534
3 8528 8533 8535
3 8536 8147 8537
3 8534 8536 8538
3 8539 8150 8540
3 8537 8539 8541
3 8542 8543 8163
3 8540 8543 8544
3 8545 8155 8546
3 8269 8547 8548
3 8549 8547 8545
3 8546 8158 8550
3 8550 8530 8551
3 8552 8166 8553
3 8552 8554 8542
3 8555 8556 8169
3 8556 8557 8553
3 8558 8559 8172
3 8559 8560 8555
3 8561 8562 8175
3 8562 8563 8558
3 8564 8565 8178
3 8565 8566 8561
3 8567 8181 8568
3 8569 8564 8567
3 8570 8184 8571
3 8568 8570 8572
3 8573 8187 8574
3 8571 8573 8575
3 8576 8190 8577
3 8574 8576 8578
3 8579 8193 8580
3 8577 8579 8581
3 8582 8196 8583
3 8580 8582 8584
3 8585 8199 8586
3 8583 8585 8587
3 8588 8202 8589
3 8586 8588 8590
3 8591 8205 8592
3 8589 8591 8593
3 8592 8208 8594
3 8595 8211 8596
3 8594 8595 8597
3 8598 8214 8599
3 8600 8596 8598
3 8601 8217 8602
3 8603 8599 8601
3 8604 8220 8605
3 8602 8604 8606
3 8607 8223 8608
3 8605 8609 8610
3 8609 8607 8611
3 8612 8226 8613
3 8612 8614 8608
3 8615 8229 8616
3 8615 8617 8613
3 8618 8232 8619
3 8618 8620 8616
3 8621 8622 8235
3 8622 8623 8619
3 8624 8625 8238
3 8625 8626 8621
3 8627 8628 8241
3 8628 8629 8624
3 8630 8631 8244
3 8631 8632 8627
3 8633 8634 8247
3 8634 8635 8630
3 8250 8636 8637
3 8637 8638 8633
3 8253 8639 8640
3 8640 8641 8636
3 8642 8256 8643
3 8644 8639 8642
3 8645 8259 8646
3 8647 8643 8645
3 8648 8262 8649
3 8650 8646 8648
3 8651 8265 8652
3 8653 8649 8651
3 8654 8268 8655
3 8656 8652 8654
3 8655 8548 8657
3 8658 8659 8660
3 8659 8274 8661
3 8662 8663 8660
3 8664 8662 8665
3 8666 8665 8661
3 8667 8271 8668
3 8658 8669 8668
3 8275 8670 8671
3 8671 8672 7887
3 8673 8674 8670
3 8667 8675 8673
3 8672 8676 8677
3 8678 7890 8677
3 8679 8676 8680
3 8680 8674 8681
3 8678 8682 8683
3 8684 8682 8685
3 8685 8679 8686
3 8683 8687 8279
3 8688 8689 8284
3 8276 8690 8691
3 8689 8692 8690
3 8693 8694 8281
3 8695 8696 8687
3 8696 8697 8693
3 8698 8699 8700
3 8699 8293 8701
3 8698 8702 7905
3 8703 8704 8700
3 8701 8705 8706
3 8706 8707 8703
3 8708 8702 8709
3 8708 8710 7912
3 8711 8712 8709
3 8713 8714 8711
3 8704 8715 8713
3 8710 8716 8298
3 8717 8718 8716
3 8712 8719 8717
3 8718 8720 8721
3 8721 8722 8723
3 8723 8724 8300
3 8306 8725 8688
3 8287 8726 8727
3 8694 8728 8726
3 8729 8730 8307
3 8731 8732 8725
3 8730 8733 8731
3 8310 8734 8735
3 8727 8736 8734
3 8292 8737 8738
3 8739 8737 8337
3 8740 8741 8295
3 8738 8742 8740
3 8743 8729 8331
3 8321 8735 8744
3 8332 8745 8743
3 8746 8747 8344
3 8745 8747 8748
3 8749 8750 8345
3 8746 8750 8751
3 8744 8752 8749
3 8753 8754 8348
3 8739 8754 8755
3 8756 8340 8326
3 8757 8352 8359
3 8758 8759 8757
3 8753 8759 8760
3 8761 8355 8762
3 8763 8764 8756
3 8765 8762 8764
3 8758 8362 8766
3 8767 8363 8768
3 8767 8769 8766
3 8761 8770 8768
3 8771 8772 8369
3 8771 8448 8773
3 8774 8372 8775
3 8776 8775 8772
3 8373 8777 8778
3 8779 8777 8774
3 8780 8781 8037
3 8778 8782 8780
3 8783 8381 8784
3 8785 8378 8786
3 8785 8787 8784
3 8788 8384 8789
3 8789 8783 8790
3 8791 8416 8792
3 8792 8788 8793
3 8794 8392 8795
3 8796 8389 8797
3 8798 8795 8796
3 8799 8395 8794
3 8422 8800 8801
3 8802 8800 8799
3 8801 8803 8427
3 8804 8403 8805
3 8805 8436 8806
3 8807 8406 8808
3 8808 8804 8809
3 8810 8409 8811
3 8811 8807 8812
3 8813 8443 8814
3 8814 8810 8815
3 8816 8817 8410
3 8781 8818 8816
3 8819 8820 8067
3 8817 8821 8819
3 8822 8413 8823
3 8824 8786 8822
3 8825 8417 8826
3 8826 8791 8827
3 8825 8828 8829
3 8797 8829 8830
3 8474 8831 8438
3 8445 8832 8833
3 8832 8813 8834
3 8835 8836 8483
3 8773 8836 8837
3 8451 8838 8839
3 8840 8838 8820
3 8841 8842 8488
3 8839 8843 8841
3 8842 8844 8492
3 8845 8454 8846
3 8847 8117 8848
3 8846 8847 8849
3 8850 8455 8851
3 8851 8845 8852
3 8853 8823 8850
3 8508 8854 8855
3 8856 8854 8460
3 8855 8857 8512
3 8471 8858 8859
3 8860 8468 8861
3 8862 8858 8860
3 8859 8863 8475
3 8480 8864 8865
3 8833 8866 8864
3 8529 8867 8868
3 8868 8869 8835
3 8870 8494 8871
3 8872 8502 8870
3 8497 8873 8874
3 8871 8875 8876
3 8875 8877 8878
3 8874 8879 8877
3 8880 8503 8872
3 8881 8848 8880
3 8849 8882 8883
3 8876 8884 8881
3 8885 8882 8884
3 8886 8887 8515
3 8888 8522 8887
3 8517 8889 8890
3 8891 8892 8886
3 8893 8894 8891
3 8890 8895 8893
3 8896 8523 8888
3 8861 8896 8897
3 8898 8899 8862
3 8897 8892 8900
3 8900 8901 8898
3 8526 8865 8902
3 8535 8903 8904
3 8905 8906 8867
3 8904 8907 8905
3 8908 8909 8532
3 8551 8909 8910
3 8902 8911 8908
3 8538 8912 8913
3 8913 8914 8903
3 8541 8915 8916
3 8916 8917 8912
3 8918 8544 8919
3 8920 8915 8918
3 8921 8600 8922
3 8923 8597 8924
3 8924 8921 8925
3 8922 8603 8926
3 8927 8606 8928
3 8929 8926 8930
3 8930 8927 8931
3 8610 8932 8933
3 8928 8933 8934
3 8611 8935 8936
3 8936 8937 8932
3 8938 8939 8549
3 8657 8940 8941
3 8942 8940 8943
3 8944 8943 8939
3 8910 8945 8938
3 8946 8554 8947
3 8919 8946 8948
3 8949 8950 8557
3 8950 8951 8947
3 8952 8953 8560
3 8953 8954 8949
3 8955 8563 8956
3 8957 8952 8955
3 8958 8566 8959
3 8960 8956 8958
3 8961 8569 8962
3 8963 8959 8961
3 8964 8572 8965
3 8962 8964 8966
3 8967 8575 8968
3 8965 8967 8969
3 8970 8971 8578
3 8972 8968 8971
3 8973 8581 8974
3 8970 8973 8975
3 8976 8584 8977
3 8974 8976 8978
3 8979 8587 8980
3 8977 8979 8981
3 8982 8590 8983
3 8980 8982 8984
3 8985 8593 8986
3 8983 8985 8987
3 8988 8986 8923
3 8614 8989 8990
3 8990 8991 8935
3 8992 8617 8993
3 8992 8994 8989
3 8995 8620 8996
3 8995 8997 8993
3 8998 8623 8999
3 8996 8998 9000
3 9001 8626 9002
3 8999 9001 9003
3 9004 8629 9005
3 9002 9004 9006
3 9007 8632 9008
3 9005 9007 9009
3 9010 8635 9011
3 9008 9010 9012
3 9013 8638 9014
3 9011 9013 9015
3 9016 8641 9017
3 9014 9016 9018
3 9019 9020 8644
3 9021 9017 9020
3 9022 9023 8647
3 9023 9024 9019
3 9025 9026 8650
3 9026 9027 9022
3 9028 9029 8653
3 9029 9030 9025
3 9031 9028 8656
3 8941 9032 9031
3 9033 8663 9034
3 9035 9036 9034
3 9035 9037 9038
3 9039 9037 8664
3 9040 8669 9041
3 9041 9033 9042
3 9043 8675 9044
3 9044 9040 9045
3 9043 9046 9047
3 8681 9047 9048
3 9049 8691 9050
3 8666 9049 9051
3 9052 8695 9053
3 9053 8684 9054
3 8714 9055 9056
3 9055 9057 9058
3 9059 9057 9060
3 9061 8715 9062
3 9060 9061 9063
3 9064 9065 8719
3 9056 9066 9064
3 9067 9068 8720
3 9069 9070 9067
3 9069 9065 9071
3 9072 9068 9073
3 9074 9070 9075
3 9073 9074 9076
3 9077 8692 9078
3 9079 9050 9080
3 9081 9080 9077
3 9082 8697 9083
3 9083 9052 9084
3 8741 9085 8705
3 9086 8722 9087
3 9087 9072 9088
3 9089 8732 9090
3 9091 9078 9089
3 9092 8728 9093
3 9093 9082 9094
3 8724 9095 9096
3 9096 9097 8302
3 9098 9095 9099
3 9099 9086 9100
3 9101 8733 9102
3 9103 9090 9101
3 9104 8736 9105
3 9105 9092 9106
3 8742 9107 9108
3 9108 9109 9085
3 9110 9111 8317
3 9097 9112 9110
3 9113 8748 9114
3 9115 9102 9113
3 9116 9117 8751
3 9118 9114 9117
3 9116 8752 9104
3 9119 9120 8755
3 9107 9120 9121
3 9122 8327 9123
3 9123 9111 9124
3 9125 9126 8760
3 9119 9126 9127
3 9128 8763 9129
3 9130 9129 9122
3 9125 8769 9131
3 8770 9132 9133
3 9133 9134 9131
3 9135 8765 9136
3 9137 9132 9135
3 9138 9136 9128
3 9139 8776 9140
3 9140 8837 9141
3 9142 8779 9143
3 9143 9139 9144
3 9145 8782 9146
3 9146 9142 9147
3 9148 8818 9149
3 9149 9145 9150
3 8790 9151 9152
3 9153 9154 8787
3 9154 9155 9151
3 8793 9156 9157
3 9152 9158 9156
3 8827 9159 9160
3 9157 9161 9159
3 9162 9163 8802
3 9164 9165 8798
3 9166 9162 9165
3 9167 9168 8803
3 9163 9169 9167
3 9170 9171 8429
3 9168 9172 9170
3 9173 8806 9174
3 9175 8440 9176
3 9177 9174 9175
3 9178 8809 9179
3 9179 9173 9180
3 9181 8812 9182
3 9182 9178 9183
3 9184 8815 9185
3 9185 9181 9186
3 9187 9188 8821
3 9189 9187 9190
3 9190 9148 9191
3 9192 9188 9193
3 9194 8840 9192
3 9195 9196 9189
3 9193 9197 9198
3 9199 9197 9196
3 9200 9201 8824
3 9202 9153 9201
3 8828 9203 9204
3 9160 9205 9206
3 9206 9207 9203
3 8830 9208 9164
3 9209 9210 9208
3 9204 9211 9209
3 9212 9213 8462
3 9171 9214 9212
3 9215 8831 9216
3 9217 8477 9218
3 9219 9216 9217
3 9176 9215 9220
3 9221 8834 9222
3 9223 9184 9224
3 9223 9225 9222
3 9226 8869 9227
3 9228 9141 9226
3 9229 9230 8843
3 9231 9229 9194
3 9232 9230 9233
3 9234 8844 9232
3 9235 9236 9231
3 9237 9233 9238
3 9238 9239 9240
3 9241 9239 9236
3 9242 8498 9234
3 8873 9242 9243
3 8852 9244 9245
3 8883 9246 9244
3 9247 9248 8853
3 9245 9249 9247
3 9248 9250 9200
3 9251 9252 9202
3 9250 9253 9254
3 9254 9255 9251
3 9256 9257 8856
3 9213 9258 9256
3 9259 9260 8857
3 9257 9261 9259
3 9262 9263 8518
3 9260 9264 9262
3 9263 9265 8889
3 8863 9266 9267
3 8899 9268 9266
3 9218 9267 9269
3 9270 8866 9271
3 9221 9272 9271
3 9273 8906 9274
3 9275 9227 9273
3 8878 9276 9277
3 9278 9279 8885
3 9277 9280 9278
3 9281 8894 9282
3 9283 8901 9284
3 9284 9281 9285
3 9286 8911 9270
3 9287 8907 9288
3 9289 9274 9290
3 9291 9290 9287
3 9292 9293 8929
3 8931 9294 9295
3 9295 9296 9292
3 9297 8945 9298
3 9299 9286 9300
3 9301 9298 9299
3 9302 8914 9303
3 9304 9288 9302
3 9305 8917 9306
3 9307 9303 9305
3 9308 8920 9309
3 9310 9306 9308
3 8925 9311 9312
3 9313 9314 8988
3 9315 9316 9313
3 9312 9317 9315
3 9293 9318 9311
3 8934 9319 9320
3 9320 9321 9294
3 8937 9322 9323
3 9323 9324 9319
3 8991 9325 9326
3 9326 9327 9322
3 9328 8942 9329
3 9330 9032 9331
3 9331 9328 9332
3 9329 8944 9333
3 9333 9297 9334
3 9335 8948 9336
3 9337 9309 9335
3 9338 9339 8951
3 9339 9340 9336
3 9341 8954 9342
3 9341 9343 9338
3 9344 9345 8957
3 9345 9346 9342
3 9347 8960 9348
3 9349 9344 9347
3 9350 9351 8963
3 9352 9348 9351
3 8966 9353 9354
3 9354 9355 9350
3 8969 9356 9357
3 9357 9358 9353
3 8972 9359 9360
3 9360 9361 9356
3 8975 9362 9363
3 9363 9364 9359
3 8978 9365 9366
3 9366 9367 9362
3 8981 9368 9369
3 9369 9370 9365
3 8984 9371 9372
3 9372 9373 9368
3 8987 9374 9371
3 9314 9375 9374
3 9376 8994 9377
3 9376 9378 9325
3 9379 8997 9380
3 9377 9379 9381
3 9382 9000 9383
3 9382 9384 9380
3 9003 9385 9386
3 9386 9387 9383
3 9006 9388 9389
3 9389 9390 9385
3 9009 9391 9392
3 9392 9393 9388
3 9012 9394 9395
3 9395 9396 9391
3 9015 9397 9398
3 9398 9399 9394
3 9018 9400 9401
3 9401 9402 9397
3 9403 9021 9404
3 9405 9400 9403
3 9406 9024 9407
3 9404 9406 9408
3 9409 9027 9410
3 9407 9409 9411
3 9412 9413 9030
3 9410 9413 9414
3 9415 9412 9330
3 9416 9036 9417
3 9418 9419 9417
3 9418 9420 9421
3 9422 9420 9038
3 9423 9042 9424
3 9416 9425 9424
3 9426 9045 9427
3 9427 9423 9428
3 9429 9430 9046
3 9431 9429 9426
3 9432 9433 9051
3 9039 9433 9434
3 8686 9435 9436
3 9048 9437 9438
3 9438 9439 9435
3 9440 9058 9441
3 9442 9441 9059
3 9443 9444 9066
3 9445 9446 9443
3 9447 9445 9440
3 9448 9449 9071
3 9444 9450 9448
3 9449 9451 9452
3 9452 9453 9454
3 9075 9454 9455
3 9456 9457 9079
3 9457 9458 9432
3 9054 9459 9460
3 9436 9461 9459
3 9462 8707 9463
3 9464 9062 9462
3 9465 9466 9081
3 9466 9467 9456
3 9084 9468 9469
3 9460 9470 9468
3 9463 9109 9471
3 9472 9473 9091
3 9474 9475 9465
3 9473 9476 9474
3 9094 9477 9478
3 9469 9479 9477
3 9480 9481 9103
3 9481 9482 9472
3 9106 9478 9483
3 9484 9485 9121
3 9486 9471 9485
3 9487 9112 9098
3 9488 9480 9115
3 9489 9490 9118
3 9488 9490 9491
3 9489 9483 9492
3 9493 9494 9127
3 9484 9494 9495
3 9496 9124 9497
3 9498 9487 9499
3 9500 9497 9498
3 9501 9134 9502
3 9493 9501 9503
3 9504 9137 9505
3 9506 9502 9504
3 9507 9138 9508
3 9509 9505 9507
3 9510 9130 9496
3 9510 9511 9508
3 9144 9512 9513
3 9514 9512 9228
3 9147 9513 9515
3 9150 9516 9517
3 9515 9518 9516
3 9191 9519 9520
3 9517 9521 9519
3 9520 9522 9195
3 9523 9158 9524
3 9525 9526 9155
3 9526 9527 9524
3 9528 9161 9529
3 9529 9523 9530
3 9531 9205 9532
3 9528 9533 9532
3 9534 9169 9535
3 9536 9537 9166
3 9538 9535 9537
3 9539 9172 9540
3 9540 9534 9541
3 9542 9214 9543
3 9543 9539 9544
3 9545 9180 9546
3 9547 9177 9548
3 9549 9546 9547
3 9550 9183 9551
3 9545 9552 9551
3 9186 9553 9554
3 9550 9555 9553
3 9224 9556 9557
3 9554 9558 9556
3 9198 9559 9235
3 9525 9252 9560
3 9561 9207 9562
3 9562 9531 9563
3 9564 9210 9565
3 9566 9536 9564
3 9567 9258 9568
3 9568 9542 9569
3 9220 9570 9571
3 9572 9219 9573
3 9574 9570 9572
3 9548 9571 9575
3 9576 9549 9577
3 9578 9575 9579
3 9580 9577 9578
3 9581 9225 9582
3 9557 9583 9584
3 9584 9585 9582
3 9586 9587 9275
3 9588 9589 9514
3 9588 9587 9590
3 9591 9592 9237
3 9243 9592 9593
3 9594 9240 9595
3 9596 9591 9597
3 9597 9598 9599
3 9600 9598 9594
3 8879 9593 9601
3 9276 9601 9602
3 9603 9246 9604
3 9604 9279 9605
3 9606 9249 9607
3 9607 9603 9608
3 9609 9253 9606
3 9610 9255 9611
3 9612 9609 9613
3 9614 9611 9612
3 9615 9211 9616
3 9617 9616 9561
3 9565 9618 9619
3 9620 9618 9621
3 9622 9621 9615
3 9623 9624 9261
3 9625 9623 9626
3 9626 9567 9627
3 9628 9624 9629
3 9630 9264 9628
3 9631 9632 9625
3 9629 9633 9634
3 9635 9636 9633
3 9632 9637 9635
3 9638 9265 9630
3 9639 8895 9640
3 9640 9638 9641
3 9282 9639 9642
3 9643 9268 9644
3 9645 9644 9283
3 9269 9646 9647
3 9648 9646 9643
3 9573 9647 9649
3 9650 9574 9651
3 9649 9652 9653
3 9651 9653 9654
3 9272 9655 9656
3 9581 9657 9655
3 9658 9586 9289
3 9300 9659 9660
3 9659 9656 9661
3 9662 9663 9291
3 9663 9664 9658
3 9665 9666 9304
3 9666 9667 9662
3 9668 9318 9620
3 9669 9296 9670
3 9669 9671 9619
3 9660 9672 9301
3 9334 9673 9674
3 9672 9675 9673
3 9676 9677 9307
3 9677 9678 9665
3 9679 9680 9310
3 9680 9681 9676
3 9682 9683 9337
3 9683 9684 9679
3 9685 9316 9686
3 9687 9375 9688
3 9688 9685 9689
3 9690 9317 9691
3 9686 9690 9692
3 9693 9691 9668
3 9694 9321 9695
3 9694 9696 9670
3 9697 9324 9698
3 9695 9697 9699
3 9700 9327 9701
3 9698 9700 9702
3 9332 9703 9704
3 9705 9706 9415
3 9707 9708 9705
3 9704 9709 9707
3 9674 9710 9703
3 9711 9340 9712
3 9682 9711 9713
3 9714 9343 9715
3 9714 9716 9712
3 9717 9718 9346
3 9718 9719 9715
3 9720 9721 9349
3 9721 9722 9717
3 9723 9352 9724
3 9725 9720 9723
3 9726 9355 9727
3 9724 9726 9728
3 9729 9358 9730
3 9727 9729 9731
3 9732 9733 9361
3 9730 9733 9734
3 9735 9736 9364
3 9736 9737 9732
3 9738 9739 9367
3 9739 9740 9735
3 9741 9742 9370
3 9742 9743 9738
3 9744 9745 9373
3 9745 9746 9741
3 9747 9744 9687
3 9748 9378 9749
3 9701 9748 9750
3 9751 9381 9752
3 9751 9753 9749
3 9754 9384 9755
3 9752 9754 9756
3 9757 9387 9758
3 9757 9759 9755
3 9760 9390 9761
3 9758 9760 9762
3 9763 9393 9764
3 9761 9763 9765
3 9766 9767 9396
3 9768 9764 9767
3 9769 9399 9770
3 9766 9769 9771
3 9772 9402 9773
3 9770 9772 9774
3 9775 9776 9405
3 9777 9773 9776
3 9408 9778 9779
3 9779 9780 9775
3 9411 9781 9782
3 9782 9783 9778
3 9414 9784 9781
3 9784 9706 9785
3 9786 9787 9421
3 9788 9789 9787
3 9786 9790 9791
3 9788 9791 9792
3 9793 9419 9794
3 9789 9795 9794
3 9796 9425 9797
3 9798 9797 9793
3 9428 9799 9800
3 9801 9799 9796
3 9802 9803 9434
3 9422 9803 9804
3 9430 9805 9437
3 9806 9446 9807
3 9808 9809 9447
3 9810 9807 9809
3 9811 9450 9812
3 9812 9806 9813
3 9814 9451 9815
3 9816 9815 9817
3 9817 9811 9818
3 9819 9820 9458
3 9821 9802 9820
3 9822 9439 9823
3 9824 9805 9825
3 9826 9823 9824
3 9827 9453 9828
3 9829 9814 9830
3 9828 9829 9831
3 9832 9467 9833
3 9819 9834 9835
3 9834 9832 9836
3 9837 9461 9838
3 9839 9838 9822
3 9063 9840 9841
3 9842 9840 9464
3 9843 9844 9442
3 9841 9845 9843
3 9455 9846 9847
3 9076 9847 9848
3 9849 9846 9850
3 9850 9827 9851
3 9833 9475 9852
3 9853 9470 9854
3 9854 9837 9855
3 9848 9856 9857
3 9088 9857 9858
3 9856 9859 9860
3 9859 9849 9861
3 9862 9476 9863
3 9864 9852 9865
3 9865 9862 9866
3 9867 9479 9853
3 9868 9869 9486
3 9869 9870 9842
3 9100 9871 9872
3 9858 9873 9871
3 9874 9863 9482
3 9875 9491 9876
3 9874 9875 9877
3 9878 9492 9879
3 9880 9876 9878
3 9881 9879 9867
3 9882 9883 9495
3 9868 9883 9884
3 9499 9872 9885
3 9886 9887 9503
3 9882 9887 9888
3 9889 9500 9890
3 9885 9891 9890
3 9886 9506 9892
3 9893 9894 9509
3 9894 9895 9892
3 9511 9896 9897
3 9897 9898 9893
3 9889 9899 9896
3 9900 9518 9901
3 9901 9589 9902
3 9903 9521 9904
3 9904 9900 9905
3 9906 9522 9907
3 9907 9903 9908
3 9909 9199 9910
3 9910 9906 9911
3 9912 9530 9913
3 9914 9915 9527
3 9915 9916 9913
3 9917 9533 9918
3 9912 9919 9918
3 9541 9920 9921
3 9922 9923 9538
3 9923 9924 9920
3 9544 9925 9926
3 9921 9927 9925
3 9569 9926 9928
3 9929 9552 9930
3 9576 9931 9930
3 9932 9933 9555
3 9932 9929 9934
3 9935 9558 9936
3 9933 9937 9936
3 9938 9583 9939
3 9939 9935 9940
3 9941 9559 9942
3 9942 9943 9944
3 9945 9943 9909
3 9946 9947 9941
3 9595 9241 9947
3 9944 9948 9949
3 9950 9951 9946
3 9952 9953 9950
3 9949 9954 9952
3 9955 9560 9956
3 9610 9957 9956
3 9955 9958 9959
3 9959 9960 9914
3 9917 9961 9563
3 9627 9962 9963
3 9928 9964 9962
3 9963 9965 9631
3 9966 9579 9650
3 9967 9585 9968
3 9968 9938 9969
3 9970 9590 9971
3 9971 9664 9972
3 9973 9902 9974
3 9975 9974 9970
3 9976 9977 9596
3 9602 9977 9978
3 9979 9599 9980
3 9981 9982 9976
3 9983 9981 9984
3 9984 9979 9985
3 9280 9978 9986
3 9605 9987 9988
3 9986 9989 9987
3 9608 9990 9991
3 9988 9992 9990
3 9613 9991 9993
3 9994 9995 9614
3 9993 9996 9997
3 9997 9998 9994
3 9999 10000 9617
3 9961 10001 9999
3 10002 10003 9566
3 10002 9671 10004
3 10003 10005 9922
3 9634 10006 10007
3 9641 10007 10008
3 9636 10009 10010
3 10006 10011 10012
3 10013 10014 10011
3 10010 10015 10013
3 9642 10008 10016
3 9285 10017 10018
3 10016 10019 10017
3 10020 10021 9645
3 10018 10022 10020
3 10023 10024 10025
3 10021 10026 10023
3 10025 9652 9648
3 10024 10027 10028
3 10029 10030 10026
3 10027 10030 10031
3 9654 10032 10033
3 10028 10034 10032
3 10035 9657 10036
3 9967 10037 10036
3 10038 10039 9622
3 10000 10040 10038
3 10041 9661 10035
3 10042 9667 10043
3 10044 9972 10045
3 10046 10045 10042
3 10047 10048 9693
3 10047 10039 10049
3 10050 9696 10051
3 10050 10052 10004
3 10053 9675 10054
3 10055 9710 10053
3 10056 10054 10041
3 10057 9678 10058
3 10059 10043 10057
3 10060 9681 10061
3 10062 10058 10060
3 10063 9684 10064
3 10061 10063 10065
3 9689 10066 10067
3 10068 10069 9747
3 10070 10071 10068
3 10067 10072 10070
3 9692 10048 10066
3 9699 10073 10074
3 10075 10076 10051
3 10074 10077 10075
3 9702 10078 10079
3 10079 10080 10073
3 9750 10081 10082
3 10082 10083 10078
3 10084 9708 10085
3 10086 9785 10087
3 10087 10084 10088
3 10089 9709 10090
3 10085 10089 10091
3 10092 10090 10055
3 10093 9713 10094
3 10095 10064 10093
3 10096 9716 10097
3 10098 10094 10096
3 10099 9719 10100
3 10101 10097 10099
3 10102 10103 9722
3 10103 10104 10100
3 10105 10106 9725
3 10102 10106 10107
3 9728 10108 10109
3 10109 10110 10105
3 9731 10111 10112
3 10112 10113 10108
3 9734 10114 10115
3 10115 10116 10111
3 9737 10117 10118
3 10118 10119 10114
3 9740 10120 10121
3 10121 10122 10117
3 9743 10123 10124
3 10124 10125 10120
3 9746 10126 10123
3 10069 10127 10126
3 9753 10128 10129
3 10129 10130 10081
3 10131 9756 10132
3 10131 10133 10128
3 10134 9759 10135
3 10132 10134 10136
3 9762 10137 10138
3 10138 10139 10135
3 9765 10140 10141
3 10141 10142 10137
3 9768 10143 10144
3 10144 10145 10140
3 9771 10146 10147
3 10147 10148 10143
3 10149 9774 10150
3 10151 10146 10149
3 10152 10153 9777
3 10154 10150 10153
3 10155 10156 9780
3 10156 10157 10152
3 10158 10159 9783
3 10159 10160 10155
3 10161 10158 10086
3 9804 10162 10163
3 9790 10163 10164
3 10165 10166 9431
3 9800 10167 10168
3 10168 10169 10165
3 9821 10170 10171
3 10171 10172 10162
3 9825 10173 10174
3 10175 10173 10166
3 9844 10176 9808
3 10177 9816 10178
3 10179 9830 10180
3 10181 10182 10177
3 10183 10180 10182
3 9835 10184 10185
3 10170 10185 10186
3 10187 10188 9826
3 10174 10189 10187
3 9836 10190 10191
3 10192 10193 10184
3 10191 10194 10192
3 10195 10196 9839
3 10188 10197 10195
3 10198 10199 9845
3 9870 10200 10198
3 10201 10176 10202
3 10202 10199 10203
3 10204 10190 9864
3 10205 9855 10206
3 10207 10206 10196
3 9866 10208 10209
3 10209 10210 10204
3 10211 9877 10212
3 10208 10211 10213
3 10214 10215 9880
3 10212 10215 10216
3 10214 9881 10205
3 10217 10218 9884
3 10218 10219 10200
3 9860 10220 9873
3 9888 10221 10222
3 10217 10222 10223
3 10224 10225 9891
3 10220 10226 10224
3 9895 10227 10228
3 10221 10228 10229
3 9898 10230 10231
3 10231 10232 10227
3 9899 10233 10234
3 10234 10235 10230
3 10233 10225 10236
3 10237 9905 10238
3 10239 9973 10240
3 10241 10238 10239
3 10242 9908 10237
3 10243 9911 10244
3 10244 10242 10245
3 10246 9945 10247
3 10247 10243 10248
3 9948 10246 10249
3 10250 9931 10251
3 10252 9580 10253
3 10251 10252 10254
3 10255 9934 10256
3 10250 10257 10256
3 10258 9937 10259
3 10259 10255 10260
3 10261 9940 10262
3 10262 10258 10263
3 10264 9951 10265
3 9980 9600 10264
3 10266 10267 9953
3 10268 10265 10269
3 10269 10270 10271
3 10272 10270 10267
3 10273 10274 9957
3 9995 10275 10273
3 10276 10277 9958
3 10274 10278 10276
3 10279 10280 9960
3 10277 10281 10279
3 10282 10283 9916
3 10280 10284 10282
3 10285 10286 9919
3 10283 10287 10285
3 10288 10289 9924
3 10005 10290 10288
3 10291 10292 9927
3 10289 10293 10291
3 10292 10294 9964
3 10295 10296 9965
3 10294 10297 10295
3 10298 9637 10299
3 10299 10296 10300
3 10301 10009 10298
3 10302 10303 10304
3 10033 10305 10303
3 10253 9966 10302
3 10306 10304 10307
3 10308 10305 10309
3 10310 10307 10308
3 10311 10254 10312
3 10312 10306 10313
3 10314 9969 10315
3 10316 10317 10261
3 10318 10315 10317
3 10240 9975 10319
3 10320 10321 9982
3 10321 10322 9989
3 10323 10324 10320
3 10325 10326 9983
3 10327 10323 10326
3 10322 10328 10329
3 10329 9996 9992
3 10330 10331 10328
3 10324 10332 10330
3 10333 10334 9998
3 10331 10335 10333
3 10001 10336 10337
3 10286 10338 10339
3 10339 10340 10336
3 10012 10341 10342
3 10342 10343 10019
3 10344 10341 10345
3 10346 10014 10347
3 10345 10346 10348
3 10343 10349 10350
3 10350 10029 10022
3 10351 10349 10352
3 10353 10352 10344
3 10031 10354 10355
3 10356 10354 10351
3 10357 10037 10358
3 10359 10358 10314
3 10360 10044 10361
3 10360 10362 10319
3 10363 10364 10040
3 10337 10365 10363
3 10366 10052 10367
3 10366 10368 10290
3 10369 10056 10357
3 10370 10046 10371
3 10372 10361 10373
3 10374 10373 10370
3 10375 10059 10376
3 10377 10371 10375
3 10378 10379 10049
3 10364 10380 10378
3 10381 10076 10382
3 10381 10383 10367
3 10384 10092 10385
3 10386 10387 10369
3 10385 10387 10388
3 10389 10062 10390
3 10391 10376 10389
3 10392 10065 10393
3 10394 10390 10392
3 10395 10095 10396
3 10397 10393 10395
3 10071 10398 10399
3 10400 10401 10127
3 10399 10402 10400
3 10072 10379 10403
3 10403 10404 10398
3 10405 10406 10077
3 10382 10406 10407
3 10408 10409 10080
3 10409 10410 10405
3 10411 10412 10083
3 10412 10413 10408
3 10088 10414 10415
3 10416 10417 10161
3 10418 10419 10416
3 10415 10420 10418
3 10414 10091 10421
3 10422 10421 10384
3 10423 10098 10424
3 10425 10396 10423
3 10426 10101 10427
3 10428 10424 10426
3 10429 10104 10430
3 10431 10427 10429
3 10107 10432 10433
3 10430 10433 10434
3 10435 10110 10436
3 10432 10435 10437
3 10438 10113 10439
3 10436 10438 10440
3 10441 10442 10116
3 10439 10442 10443
3 10119 10444 10445
3 10445 10446 10441
3 10122 10447 10448
3 10448 10449 10444
3 10125 10450 10451
3 10451 10452 10447
3 10453 10450 10401
3 10454 10455 10130
3 10455 10456 10411
3 10457 10458 10133
3 10458 10459 10454
3 10460 10461 10136
3 10461 10462 10457
3 10463 10464 10139
3 10464 10465 10460
3 10466 10467 10142
3 10467 10468 10463
3 10469 10470 10145
3 10470 10471 10466
3 10472 10148 10473
3 10474 10469 10472
3 10475 10476 10151
3 10477 10473 10476
3 10478 10479 10154
3 10479 10480 10475
3 10481 10157 10482
3 10483 10478 10481
3 10482 10160 10484
3 10485 10484 10417
3 10486 10487 10488
3 10486 10489 10490
3 10488 10491 9795
3 10492 10493 10489
3 10164 10492 9792
3 10494 10487 10495
3 10496 10490 10497
3 10495 10496 10498
3 10491 10499 10500
3 10500 10501 9798
3 10502 10499 10503
3 10504 10503 10494
3 10501 10505 10506
3 10506 10507 9801
3 10508 10505 10509
3 10510 10509 10502
3 10493 10511 10512
3 10497 10512 10513
3 10507 10514 10167
3 10511 10172 10515
3 10516 10517 10169
3 10514 10518 10519
3 10519 10520 10516
3 10521 9813 10522
3 10523 9810 10524
3 10525 10522 10523
3 10526 9818 10527
3 10527 10521 10528
3 10178 10526 10529
3 10186 10530 10531
3 10532 10533 10515
3 10531 10534 10532
3 10535 10536 10175
3 10517 10537 10535
3 10524 10201 10538
3 10193 10539 10530
3 10540 10541 10189
3 10536 10542 10540
3 9831 10543 10544
3 10545 10543 10179
3 10194 10546 10547
3 10548 10549 10539
3 10547 10550 10548
3 10551 10552 10197
3 10541 10553 10551
3 10203 10554 10555
3 10556 10554 10219
3 10538 10557 10558
3 10557 10555 10559
3 9851 10560 10561
3 10544 10562 10560
3 10210 10563 10564
3 10546 10564 10565
3 10552 10566 10207
3 9861 10567 10568
3 10561 10569 10567
3 10213 10570 10563
3 10216 10571 10572
3 10572 10573 10570
3 10566 10574 10571
3 10575 10576 10223
3 10556 10576 10577
3 10226 10568 10578
3 10579 10580 10229
3 10575 10580 10581
3 10236 10582 10583
3 10578 10584 10585
3 10585 10586 10582
3 10579 10232 10587
3 10588 10589 10235
3 10589 10590 10587
3 10583 10591 10588
3 10245 10592 10593
3 10594 10595 10241
3 10595 10596 10592
3 10248 10597 10598
3 10593 10599 10597
3 10249 10600 10601
3 10598 10602 10600
3 9954 10603 10604
3 10601 10605 10603
3 10604 10606 10266
3 10607 10257 10608
3 10608 10311 10609
3 10610 10260 10611
3 10611 10607 10612
3 10613 10263 10614
3 10614 10610 10615
3 10616 10617 10316
3 10618 10616 10613
3 10619 10594 10362
3 10620 10621 10268
3 9985 10621 10325
3 10622 10271 10623
3 10624 10620 10625
3 10626 10625 10622
3 10627 10275 10628
3 10334 10629 10628
3 10278 10630 10631
3 10627 10632 10630
3 10281 10633 10634
3 10631 10635 10633
3 10284 10636 10637
3 10634 10638 10636
3 10287 10639 10640
3 10637 10641 10639
3 10338 10642 10643
3 10640 10644 10642
3 10645 10293 10646
3 10646 10368 10647
3 10648 10297 10649
3 10649 10645 10650
3 10300 10651 10652
3 10653 10651 10648
3 10654 10655 10301
3 10652 10656 10654
3 10657 10015 10658
3 10658 10655 10659
3 10347 10657 10660
3 10661 10034 10662
3 10662 10355 10663
3 10664 10309 10661
3 10665 10310 10666
3 10667 10668 10664
3 10666 10668 10669
3 10670 10671 10318
3 10617 10672 10670
3 10340 10673 10674
3 10643 10675 10673
3 10676 10677 10359
3 10671 10678 10676
3 10679 10680 10372
3 10680 10681 10619
3 10365 10682 10683
3 10674 10684 10682
3 10685 10383 10686
3 10647 10685 10687
3 10688 10386 10689
3 10690 10689 10677
3 10691 10692 10374
3 10692 10693 10679
3 10694 10695 10377
3 10695 10696 10691
3 10697 10380 10698
3 10683 10699 10698
3 10700 10407 10701
3 10702 10686 10700
3 10703 10388 10688
3 10704 10422 10705
3 10705 10703 10706
3 10707 10708 10391
3 10708 10709 10694
3 10710 10711 10394
3 10711 10712 10707
3 10713 10714 10397
3 10714 10715 10710
3 10716 10717 10402
3 10718 10719 10453
3 10720 10721 10718
3 10717 10722 10720
3 10697 10716 10404
3 10723 10410 10724
3 10725 10701 10726
3 10727 10726 10723
3 10728 10413 10729
3 10730 10724 10728
3 10731 10456 10732
3 10729 10731 10733
3 10734 10419 10735
3 10736 10485 10737
3 10737 10738 10739
3 10738 10734 10740
3 10741 10420 10742
3 10735 10741 10743
3 10744 10742 10704
3 10745 10713 10425
3 10746 10747 10428
3 10748 10749 10745
3 10747 10750 10748
3 10751 10752 10431
3 10752 10753 10746
3 10434 10754 10755
3 10755 10756 10751
3 10437 10757 10758
3 10758 10759 10754
3 10760 10440 10761
3 10762 10757 10760
3 10763 10443 10764
3 10765 10761 10763
3 10766 10446 10767
3 10768 10764 10766
3 10767 10449 10769
3 10452 10770 10771
3 10769 10771 10772
3 10719 10773 10770
3 10774 10459 10775
3 10732 10774 10776
3 10777 10462 10778
3 10779 10775 10777
3 10780 10465 10781
3 10778 10780 10782
3 10783 10784 10468
3 10781 10784 10785
3 10786 10787 10471
3 10787 10788 10783
3 10789 10790 10474
3 10790 10791 10786
3 10792 10793 10477
3 10793 10794 10789
3 10795 10796 10480
3 10796 10797 10792
3 10798 10795 10483
3 10799 10798 10736
3 10800 10518 10801
3 10802 10801 10508
3 10803 10533 10804
3 10513 10803 10805
3 10520 10806 10807
3 10808 10809 10800
3 10810 10806 10809
3 10528 10811 10812
3 10813 10814 10525
3 10814 10815 10811
3 10529 10816 10817
3 10812 10818 10816
3 10819 10820 10181
3 10817 10821 10819
3 10822 10823 10534
3 10804 10824 10825
3 10823 10826 10824
3 10537 10827 10828
3 10807 10829 10827
3 10558 10830 10813
3 10831 10832 10183
3 10820 10833 10834
3 10834 10835 10831
3 10836 10822 10549
3 10542 10837 10838
3 10828 10839 10837
3 10840 10841 10545
3 10832 10842 10840
3 10843 10844 10550
3 10845 10846 10836
3 10844 10847 10845
3 10848 10553 10838
3 10559 10849 10850
3 10850 10851 10830
3 10852 10853 10562
3 10841 10854 10852
3 10855 10843 10565
3 10856 10857 10573
3 10855 10857 10858
3 10859 10860 10574
3 10860 10861 10856
3 10848 10862 10859
3 10863 10864 10577
3 10864 10865 10849
3 10866 10867 10569
3 10853 10868 10866
3 10869 10870 10581
3 10863 10870 10871
3 10872 10873 10584
3 10867 10874 10872
3 10869 10590 10875
3 10591 10876 10877
3 10877 10878 10875
3 10586 10879 10880
3 10880 10881 10876
3 10873 10882 10879
3 10883 10599 10884
3 10885 10596 10886
3 10884 10885 10887
3 10888 10602 10883
3 10889 10605 10890
3 10891 10890 10888
3 10892 10606 10893
3 10894 10893 10889
3 10895 10272 10896
3 10897 10896 10892
3 10898 10623 10895
3 10313 10899 10900
3 10901 10899 10665
3 10609 10902 10903
3 10900 10904 10902
3 10905 10612 10906
3 10903 10907 10906
3 10908 10615 10909
3 10905 10910 10909
3 10911 10912 10618
3 10911 10908 10913
3 10914 10327 10915
3 10916 10915 10624
3 10917 10918 10332
3 10919 10917 10914
3 10920 10921 10335
3 10918 10922 10920
3 10923 10924 10629
3 10921 10925 10923
3 10926 10632 10927
3 10924 10928 10927
3 10635 10929 10930
3 10929 10926 10931
3 10932 10638 10933
3 10930 10934 10933
3 10641 10935 10936
3 10932 10937 10935
3 10938 10644 10939
3 10936 10940 10941
3 10939 10941 10942
3 10943 10944 10650
3 10943 10687 10945
3 10946 10653 10944
3 10947 10656 10948
3 10949 10948 10946
3 10950 10659 10951
3 10952 10951 10947
3 10660 10953 10954
3 10955 10953 10950
3 10348 10956 10957
3 10954 10958 10956
3 10959 10960 10353
3 10957 10961 10959
3 10962 10356 10963
3 10964 10963 10960
3 10663 10965 10966
3 10967 10965 10962
3 10966 10968 10667
3 10969 10970 10672
3 10912 10971 10972
3 10972 10973 10969
3 10886 10681 10974
3 10975 10675 10976
3 10977 10978 10976
3 10977 10938 10979
3 10980 10981 10678
3 10970 10982 10980
3 10983 10693 10984
3 10974 10983 10985
3 10684 10986 10987
3 10986 10975 10988
3 10989 10990 10702
3 10945 10990 10991
3 10992 10993 10690
3 10981 10994 10992
3 10995 10696 10996
3 10997 10998 10984
3 10997 10995 10999
3 11000 10709 11001
3 11002 11000 11003
3 10996 11002 11004
3 11005 11006 10699
3 10987 11007 11005
3 11008 11009 10725
3 11009 11010 10989
3 10706 10993 11011
3 11012 10744 11013
3 11011 11014 11013
3 11015 10712 11016
3 11001 11015 11017
3 11018 10715 11019
3 11016 11018 11020
3 11021 10749 11022
3 11019 11021 11023
3 11024 11025 10750
3 11022 11025 11026
3 11027 11028 10773
3 10772 11029 11030
3 11029 11031 11032
3 11031 11028 11033
3 11034 11035 10721
3 11035 11036 11027
3 11006 11037 10722
3 11037 11038 11034
3 11039 11040 10727
3 11040 11041 11008
3 11042 10730 11043
3 11042 11044 11039
3 10733 11045 11046
3 11046 11047 11043
3 11048 10776 11049
3 11050 11045 11048
3 10739 11051 11052
3 11053 11054 10799
3 11055 11056 11053
3 11052 11057 11055
3 10740 11058 11059
3 11059 11060 11051
3 10743 11061 11058
3 11012 11062 11061
3 11063 11024 10753
3 10756 11064 11065
3 11066 11067 11063
3 11065 11068 11066
3 11069 11070 10759
3 11070 11071 11064
3 11072 11073 10762
3 11073 11074 11069
3 11075 11072 10765
3 11076 11077 10768
3 11077 11078 11075
3 11030 11079 11076
3 11080 11049 10779
3 10782 11081 11082
3 11083 11084 11080
3 11082 11085 11083
3 11086 10785 11087
3 11088 11081 11086
3 11089 10788 11090
3 11091 11087 11089
3 11090 10791 11092
3 11093 10794 11094
3 11092 11093 11095
3 11096 10797 11097
3 11098 11094 11096
3 11097 11054 11099
3 11100 10504 11101
3 10498 11102 11103
3 11101 11103 11104
3 11105 11106 10510
3 11107 11105 11100
3 10805 11108 11102
3 11109 11110 10802
3 11106 11111 11109
3 11112 11113 10808
3 11110 11114 11112
3 10825 11115 11116
3 11116 11117 11108
3 11118 11119 10810
3 11113 11120 11121
3 11121 11122 11118
3 11123 10818 11124
3 10815 11125 11126
3 11126 11127 11124
3 11128 11129 10821
3 11123 11130 11128
3 11131 11132 10833
3 11129 11133 11131
3 11134 10826 11135
3 11115 11136 11137
3 11136 11134 11138
3 11139 10829 11140
3 11141 11140 11119
3 10851 11142 11125
3 11143 11144 10835
3 11132 11145 11146
3 11146 11147 11143
3 11135 10846 11148
3 11149 10839 11139
3 11150 11151 10842
3 11144 11152 11150
3 11153 10847 11154
3 11148 11155 11156
3 11155 11153 11157
3 11158 10858 11159
3 11154 11158 11160
3 11161 10861 11162
3 11159 11161 11163
3 11162 10862 11164
3 11165 11164 11149
3 10865 11166 11167
3 11167 11168 11142
3 11169 11170 10854
3 11151 11171 11169
3 11172 11173 10871
3 11166 11173 11174
3 11175 10868 11176
3 11176 11170 11177
3 10878 11178 11179
3 11172 11179 11180
3 10881 11181 11182
3 11182 11183 11178
3 11184 10882 11185
3 11186 11181 11184
3 11187 10874 11175
3 11188 11185 11187
3 11189 11190 10891
3 10887 11191 11192
3 11192 11193 11189
3 11190 11194 10894
3 11195 11196 10897
3 11194 11197 11195
3 11198 11199 10898
3 11196 11200 11198
3 11201 11202 10626
3 11199 11203 11201
3 11204 11205 10901
3 10669 11206 11207
3 11208 11204 11207
3 11209 10904 11205
3 11210 10907 11211
3 11209 11212 11211
3 11213 10910 11214
3 11214 11210 11215
3 11216 10913 11217
3 11217 11213 11218
3 11219 10971 11220
3 11220 11216 11221
3 10985 11222 11191
3 11223 11224 10916
3 11202 11225 11223
3 11226 11227 10919
3 11224 11228 11226
3 10922 11229 11230
3 11231 11229 11227
3 10925 11232 11233
3 11230 11234 11232
3 11235 10928 11236
3 11233 11237 11236
3 11238 10931 11239
3 11235 11240 11239
3 11241 10934 11242
3 11238 11243 11242
3 11244 10937 11245
3 11245 11241 11246
3 11247 10940 11248
3 11248 11244 11249
3 11250 11251 10978
3 11250 10979 10942
3 11251 11252 11253
3 11247 11254 11252
3 11255 11256 10949
3 10991 11257 11255
3 11258 10952 11256
3 11259 10955 11260
3 11261 11260 11258
3 11262 10958 11263
3 11264 11263 11259
3 11265 11266 10961
3 11267 11265 11262
3 11268 10964 11269
3 11270 11269 11266
3 11271 10967 11272
3 11273 11272 11268
3 11274 10968 11275
3 11271 11276 11275
3 11274 11277 11278
3 11279 11206 11278
3 11280 10973 11281
3 11281 11219 11282
3 11222 11283 11284
3 11284 11285 11286
3 11286 11287 11193
3 11288 10982 11289
3 11290 11289 11280
3 10998 11291 11283
3 11291 11292 11293
3 11293 11294 11295
3 11295 11296 11285
3 10988 11297 11298
3 11253 11299 11297
3 11300 11301 11010
3 11257 11301 11302
3 11303 10994 11304
3 11305 11304 11288
3 11004 11292 10999
3 11003 11306 11307
3 11307 11308 11294
3 11017 11309 11310
3 11310 11311 11306
3 11312 11007 11313
3 11313 11298 11314
3 11315 11041 11316
3 11317 11300 11315
3 11318 11014 11303
3 11062 11319 11320
3 11319 11318 11321
3 11020 11322 11323
3 11323 11324 11309
3 11023 11325 11326
3 11326 11327 11322
3 11026 11328 11329
3 11329 11330 11325
3 11067 11331 11332
3 11332 11333 11328
3 11068 11334 11335
3 11335 11336 11331
3 11337 11338 11079
3 11339 11340 11078
3 11341 11342 11339
3 11338 11343 11341
3 11344 11032 11345
3 11346 11337 11344
3 11347 11033 11348
3 11345 11347 11349
3 11350 11036 11351
3 11348 11350 11352
3 11351 11038 11312
3 11353 11044 11354
3 11355 11316 11353
3 11356 11047 11357
3 11354 11356 11358
3 11359 11050 11360
3 11357 11359 11361
3 11362 11084 11363
3 11360 11362 11364
3 11365 11366 11085
3 11363 11366 11367
3 11368 11369 11098
3 11095 11370 11371
3 11372 11373 11370
3 11369 11374 11372
3 11099 11375 11376
3 11376 11377 11368
3 11378 11379 11056
3 11379 11380 11375
3 11381 11382 11057
3 11382 11383 11378
3 11384 11381 11060
3 11320 11385 11384
3 11334 11071 11386
3 11387 11074 11388
3 11389 11386 11387
3 11390 11388 11340
3 11391 11365 11088
3 11392 11393 11091
3 11393 11394 11391
3 11371 11395 11392
3 11396 11397 11107
3 11104 11398 11396
3 11399 11400 11111
3 11397 11401 11399
3 11117 11402 11398
3 11400 11403 11404
3 11404 11405 11114
3 11406 11407 11401
3 11402 11408 11406
3 11409 11410 11403
3 11407 11411 11409
3 11412 11413 11405
3 11410 11414 11412
3 11413 11415 11416
3 11416 11417 11120
3 11137 11418 11408
3 11419 11420 11411
3 11418 11421 11419
3 11422 11423 11414
3 11420 11424 11422
3 11425 11426 11415
3 11423 11427 11425
3 11428 11429 11417
3 11426 11430 11428
3 11429 11431 11122
3 11432 11130 11433
3 11127 11434 11433
3 11435 11436 11133
3 11432 11437 11435
3 11438 11439 11145
3 11436 11440 11438
3 11138 11441 11421
3 11441 11442 11424
3 11443 11444 11427
3 11442 11445 11443
3 11446 11447 11430
3 11444 11448 11446
3 11449 11450 11431
3 11447 11451 11449
3 11450 11452 11141
3 11168 11453 11434
3 11439 11454 11147
3 11156 11455 11445
3 11456 11457 11448
3 11455 11157 11456
3 11458 11459 11451
3 11457 11160 11458
3 11460 11165 11452
3 11459 11163 11460
3 11461 11462 11437
3 11453 11463 11461
3 11464 11465 11440
3 11462 11466 11464
3 11467 11468 11454
3 11465 11469 11467
3 11468 11470 11152
3 11471 11463 11174
3 11472 11473 11466
3 11471 11474 11472
3 11475 11476 11469
3 11473 11477 11475
3 11478 11479 11470
3 11476 11480 11478
3 11479 11481 11171
3 11180 11482 11474
3 11482 11483 11477
3 11484 11485 11480
3 11483 11183 11484
3 11486 11481 11487
3 11487 11485 11186
3 11177 11486 11188
3 11287 11488 11197
3 11489 11490 11200
3 11488 11491 11489
3 11492 11203 11493
3 11493 11490 11494
3 11495 11225 11496
3 11496 11492 11497
3 11498 11212 11499
3 11208 11500 11499
3 11501 11215 11502
3 11498 11503 11502
3 11504 11505 11218
3 11501 11506 11504
3 11507 11221 11508
3 11505 11509 11508
3 11510 11228 11511
3 11511 11495 11512
3 11513 11231 11514
3 11515 11510 11516
3 11514 11515 11517
3 11518 11234 11519
3 11520 11519 11513
3 11521 11237 11522
3 11523 11522 11518
3 11524 11240 11525
3 11526 11525 11521
3 11527 11243 11528
3 11529 11528 11524
3 11530 11246 11531
3 11532 11531 11527
3 11533 11249 11534
3 11535 11534 11530
3 11302 11536 11261
3 11537 11538 11264
3 11536 11539 11537
3 11540 11541 11267
3 11538 11542 11540
3 11543 11270 11544
3 11544 11541 11545
3 11546 11273 11547
3 11547 11543 11548
3 11549 11276 11550
3 11546 11551 11550
3 11552 11277 11553
3 11549 11554 11553
3 11555 11279 11556
3 11556 11552 11557
3 11558 11559 11500
3 11558 11555 11560
3 11282 11507 11561
3 11562 11491 11296
3 11563 11494 11564
3 11564 11562 11565
3 11566 11497 11567
3 11568 11567 11563
3 11569 11512 11570
3 11570 11566 11571
3 11516 11569 11572
3 11573 11533 11574
3 11573 11575 11254
3 11576 11503 11577
3 11559 11578 11577
3 11579 11506 11580
3 11576 11581 11580
3 11582 11583 11509
3 11579 11584 11582
3 11561 11585 11586
3 11587 11585 11583
3 11586 11588 11290
3 11565 11308 11589
3 11590 11591 11568
3 11589 11592 11590
3 11571 11593 11594
3 11591 11595 11593
3 11572 11596 11597
3 11594 11598 11596
3 11517 11599 11600
3 11597 11601 11599
3 11602 11603 11520
3 11600 11604 11602
3 11605 11606 11523
3 11607 11605 11603
3 11608 11609 11526
3 11606 11610 11608
3 11611 11612 11529
3 11609 11613 11611
3 11614 11615 11532
3 11612 11616 11614
3 11617 11618 11535
3 11615 11619 11617
3 11620 11621 11574
3 11618 11622 11620
3 11623 11624 11575
3 11621 11625 11623
3 11624 11626 11299
3 11627 11539 11317
3 11628 11542 11629
3 11629 11627 11630
3 11631 11545 11632
3 11632 11628 11633
3 11634 11548 11635
3 11635 11631 11636
3 11637 11551 11638
3 11638 11634 11639
3 11640 11554 11641
3 11641 11637 11642
3 11643 11557 11644
3 11644 11640 11645
3 11646 11560 11647
3 11648 11647 11643
3 11649 11578 11650
3 11651 11650 11646
3 11652 11653 11581
3 11654 11652 11649
3 11655 11656 11584
3 11653 11657 11655
3 11658 11659 11587
3 11656 11660 11658
3 11661 11662 11588
3 11659 11663 11661
3 11662 11321 11305
3 11664 11592 11311
3 11665 11595 11664
3 11666 11598 11667
3 11667 11665 11324
3 11668 11601 11669
3 11669 11666 11327
3 11670 11604 11671
3 11671 11668 11330
3 11672 11607 11673
3 11673 11670 11333
3 11674 11610 11675
3 11336 11675 11672
3 11676 11613 11677
3 11677 11674 11389
3 11678 11616 11679
3 11679 11676 11390
3 11680 11619 11681
3 11681 11678 11342
3 11682 11622 11683
3 11683 11680 11343
3 11684 11625 11685
3 11685 11682 11346
3 11686 11626 11687
3 11349 11687 11684
3 11352 11314 11686
3 11688 11630 11355
3 11689 11633 11690
3 11358 11690 11688
3 11691 11636 11692
3 11361 11692 11689
3 11693 11639 11694
3 11364 11694 11691
3 11695 11642 11696
3 11367 11696 11693
3 11645 11697 11698
3 11394 11697 11695
3 11699 11700 11648
3 11698 11395 11699
3 11701 11702 11651
3 11700 11373 11701
3 11703 11704 11654
3 11702 11374 11703
3 11705 11706 11657
3 11377 11705 11704
3 11707 11708 11660
3 11706 11380 11707
3 11709 11385 11663
3 11708 11383 11709
3 9 2929 2931
3 2929 0 2930
3 2931 2930 1
3 1 2930 2933
3 2930 0 2932
3 2933 2932 507
3 7 2934 2936
3 2934 0 2935
3 2936 2935 8
3 7 2937 2934
3 2937 322 2938
3 2934 2938 0
3 0 2929 2935
3 2929 9 2939
3 2935 2939 8
3 322 2940 2938
3 2940 312 2941
3 2938 2941 0
3 507 2932 2942
3 2932 0 2941
3 2942 2941 312
3 1 2943 2945
3 2943 2 2944
3 2945 2944 10
3 1 2933 2943
3 2933 507 2946
3 2943 2946 2
3 1 2945 2931
3 2945 10 2947
3 2931 2947 9
3 2 2948 2944
3 2948 11 2949
3 2944 2949 10
3 11 2948 2951
3 2948 2 2950
3 2951 2950 323
3 2 2952 2950
3 2952 509 2953
3 2950 2953 323
3 2 2946 2952
3 2946 507 2954
3 2952 2954 509
3 3 2955 2957
3 2955 4 2956
3 2957 2956 38
3 510 2958 2959
3 2958 4 2955
3 2959 2955 3
3 3 2960 2962
3 2960 37 2961
3 2962 2961 36
3 324 2963 2964
3 2963 3 2962
3 2964 2962 36
3 3 2957 2960
3 2957 38 2965
3 2960 2965 37
3 510 2959 2966
3 2959 3 2963
3 2966 2963 324
3 4 2967 2969
3 2967 5 2968
3 2969 2968 39
3 511 2970 2971
3 2970 5 2967
3 2971 2967 4
3 4 2969 2956
3 2969 39 2972
3 2956 2972 38
3 511 2971 2973
3 2971 4 2958
3 2973 2958 510
3 5 2974 2976
3 2974 6 2975
3 2976 2975 40
3 512 2977 2978
3 2977 6 2974
3 2978 2974 5
3 5 2976 2968
3 2976 40 2979
3 2968 2979 39
3 512 2978 2980
3 2978 5 2970
3 2980 2970 511
3 336 2981 2982
3 2981 40 2975
3 2982 2975 6
3 325 2983 2985
3 2983 6 2984
3 2985 2984 313
3 512 2986 2977
3 2986 313 2984
3 2977 2984 6
3 336 2982 2987
3 2982 6 2983
3 2987 2983 325
3 7 2936 2989
3 2936 8 2988
3 2989 2988 41
3 7 2989 2991
3 2989 41 2990
3 2991 2990 341
3 7 2992 2937
3 2992 330 2993
3 2937 2993 322
3 7 2991 2992
3 2991 341 2994
3 2992 2994 330
3 42 2995 2996
3 2995 8 2939
3 2996 2939 9
3 8 2995 2988
3 2995 42 2997
3 2988 2997 41
3 10 2998 2947
3 2998 43 2999
3 2947 2999 9
3 9 2999 2996
3 2999 43 3000
3 2996 3000 42
3 10 2949 3002
3 2949 11 3001
3 3002 3001 44
3 10 3002 2998
3 3002 44 3003
3 2998 3003 43
3 45 3004 3006
3 3004 11 3005
3 3006 3005 12
3 516 3007 3008
3 3007 12 3005
3 3008 3005 11
3 45 3009 3004
3 3009 44 3001
3 3004 3001 11
3 323 3010 2951
3 3010 516 3008
3 2951 3008 11
3 46 3011 3013
3 3011 12 3012
3 3013 3012 13
3 516 3014 3007
3 3014 13 3012
3 3007 3012 12
3 46 3015 3011
3 3015 45 3006
3 3011 3006 12
3 47 3016 3018
3 3016 13 3017
3 3018 3017 14
3 14 3017 3020
3 3017 13 3019
3 3020 3019 518
3 47 3021 3016
3 3021 46 3013
3 3016 3013 13
3 13 3014 3019
3 3014 516 3022
3 3019 3022 518
3 48 3023 3025
3 3023 14 3024
3 3025 3024 15
3 519 3026 3027
3 3026 15 3024
3 3027 3024 14
3 14 3023 3018
3 3023 48 3028
3 3018 3028 47
3 14 3020 3027
3 3020 518 3029
3 3027 3029 519
3 49 3030 3032
3 3030 15 3031
3 3032 3031 16
3 15 3033 3031
3 3033 520 3034
3 3031 3034 16
3 15 3030 3025
3 3030 49 3035
3 3025 3035 48
3 520 3033 3036
3 3033 15 3026
3 3036 3026 519
3 16 3037 3039
3 3037 17 3038
3 3039 3038 50
3 16 3040 3037
3 3040 522 3041
3 3037 3041 17
3 16 3039 3032
3 3039 50 3042
3 3032 3042 49
3 16 3034 3044
3 3034 520 3043
3 3044 3043 521
3 16 3044 3040
3 3044 521 3045
3 3040 3045 522
3 17 3046 3048
3 3046 18 3047
3 3048 3047 51
3 17 3049 3046
3 3049 523 3050
3 3046 3050 18
3 17 3048 3038
3 3048 51 3051
3 3038 3051 50
3 17 3041 3049
3 3041 522 3052
3 3049 3052 523
3 52 3053 3055
3 3053 18 3054
3 3055 3054 19
3 18 3056 3054
3 3056 524 3057
3 3054 3057 19
3 52 3058 3053
3 3058 51 3047
3 3053 3047 18
3 18 3050 3056
3 3050 523 3059
3 3056 3059 524
3 53 3060 3062
3 3060 19 3061
3 3062 3061 20
3 19 3057 3061
3 3057 524 3063
3 3061 3063 20
3 52 3055 3064
3 3055 19 3060
3 3064 3060 53
3 54 3065 3067
3 3065 20 3066
3 3067 3066 21
3 20 3068 3066
3 3068 525 3069
3 3066 3069 21
3 53 3062 3070
3 3062 20 3065
3 3070 3065 54
3 20 3063 3068
3 3063 524 3071
3 3068 3071 525
3 55 3072 3074
3 3072 21 3073
3 3074 3073 22
3 526 3075 3076
3 3075 22 3073
3 3076 3073 21
3 54 3067 3077
3 3067 21 3072
3 3077 3072 55
3 526 3076 3078
3 3076 21 3069
3 3078 3069 525
3 56 3079 3081
3 3079 22 3080
3 3081 3080 23
3 527 3082 3083
3 3082 23 3080
3 3083 3080 22
3 55 3074 3084
3 3074 22 3079
3 3084 3079 56
3 527 3083 3085
3 3083 22 3075
3 3085 3075 526
3 56 3081 3087
3 3081 23 3086
3 3087 3086 57
3 57 3086 3089
3 3086 23 3088
3 3089 3088 331
3 331 3088 3091
3 3088 23 3090
3 3091 3090 529
3 529 3090 3092
3 3090 23 3082
3 3092 3082 527
3 58 3093 3095
3 3093 24 3094
3 3095 3094 25
3 24 3096 3094
3 3096 536 3097
3 3094 3097 25
3 58 3098 3093
3 3098 346 3099
3 3093 3099 24
3 24 3099 3101
3 3099 346 3100
3 3101 3100 335
3 24 3101 3096
3 3101 335 3102
3 3096 3102 536
3 59 3103 3105
3 3103 25 3104
3 3105 3104 26
3 25 3106 3104
3 3106 538 3107
3 3104 3107 26
3 58 3095 3108
3 3095 25 3103
3 3108 3103 59
3 25 3097 3106
3 3097 536 3109
3 3106 3109 538
3 60 3110 3112
3 3110 26 3111
3 3112 3111 27
3 26 3113 3111
3 3113 540 3114
3 3111 3114 27
3 59 3105 3115
3 3105 26 3110
3 3115 3110 60
3 26 3107 3113
3 3107 538 3116
3 3113 3116 540
3 61 3117 3119
3 3117 27 3118
3 3119 3118 28
3 27 3120 3118
3 3120 542 3121
3 3118 3121 28
3 60 3112 3122
3 3112 27 3117
3 3122 3117 61
3 27 3114 3120
3 3114 540 3123
3 3120 3123 542
3 62 3124 3126
3 3124 28 3125
3 3126 3125 29
3 28 3127 3125
3 3127 543 3128
3 3125 3128 29
3 61 3119 3129
3 3119 28 3124
3 3129 3124 62
3 28 3121 3127
3 3121 542 3130
3 3127 3130 543
3 63 3131 3133
3 3131 29 3132
3 3133 3132 30
3 544 3134 3135
3 3134 30 3132
3 3135 3132 29
3 62 3126 3136
3 3126 29 3131
3 3136 3131 63
3 29 3128 3135
3 3128 543 3137
3 3135 3137 544
3 64 3138 3140
3 3138 30 3139
3 3140 3139 31
3 546 3141 3142
3 3141 31 3139
3 3142 3139 30
3 63 3133 3143
3 3133 30 3138
3 3143 3138 64
3 30 3134 3145
3 3134 544 3144
3 3145 3144 545
3 546 3142 3146
3 3142 30 3145
3 3146 3145 545
3 65 3147 3149
3 3147 31 3148
3 3149 3148 32
3 547 3150 3151
3 3150 32 3148
3 3151 3148 31
3 64 3140 3152
3 3140 31 3147
3 3152 3147 65
3 547 3151 3153
3 3151 31 3141
3 3153 3141 546
3 66 3154 3156
3 3154 32 3155
3 3156 3155 33
3 547 3157 3150
3 3157 33 3155
3 3150 3155 32
3 65 3149 3158
3 3149 32 3154
3 3158 3154 66
3 67 3159 3161
3 3159 33 3160
3 3161 3160 34
3 548 3162 3163
3 3162 34 3160
3 3163 3160 33
3 66 3156 3164
3 3156 33 3159
3 3164 3159 67
3 548 3163 3165
3 3163 33 3157
3 3165 3157 547
3 68 3166 3168
3 3166 34 3167
3 3168 3167 35
3 35 3167 3170
3 3167 34 3169
3 3170 3169 549
3 68 3171 3166
3 3171 67 3161
3 3166 3161 34
3 549 3169 3172
3 3169 34 3162
3 3172 3162 548
3 69 3173 3175
3 3173 35 3174
3 3175 3174 36
3 550 3176 3177
3 3176 36 3174
3 3177 3174 35
3 69 3178 3173
3 3178 68 3168
3 3173 3168 35
3 550 3177 3179
3 3177 35 3170
3 3179 3170 549
3 70 3180 3181
3 3180 36 2961
3 3181 2961 37
3 70 3182 3180
3 3182 69 3175
3 3180 3175 36
3 324 2964 3183
3 2964 36 3176
3 3183 3176 550
3 71 3184 3185
3 3184 37 2965
3 3185 2965 38
3 71 3186 3184
3 3186 70 3181
3 3184 3181 37
3 72 3187 3188
3 3187 38 2972
3 3188 2972 39
3 72 3189 3187
3 3189 71 3185
3 3187 3185 38
3 347 3190 3191
3 3190 39 2979
3 3191 2979 40
3 72 3188 3192
3 3188 39 3190
3 3192 3190 347
3 336 3193 2981
3 3193 347 3191
3 2981 3191 40
3 73 3194 3195
3 3194 41 2997
3 3195 2997 42
3 351 3196 3197
3 3196 41 3194
3 3197 3194 73
3 351 3198 3196
3 3198 341 2990
3 3196 2990 41
3 74 3199 3200
3 3199 42 3000
3 3200 3000 43
3 74 3201 3199
3 3201 73 3195
3 3199 3195 42
3 75 3202 3203
3 3202 43 3003
3 3203 3003 44
3 75 3204 3202
3 3204 74 3200
3 3202 3200 43
3 45 3205 3009
3 3205 76 3206
3 3009 3206 44
3 75 3203 3207
3 3203 44 3206
3 3207 3206 76
3 46 3208 3015
3 3208 77 3209
3 3015 3209 45
3 45 3209 3205
3 3209 77 3210
3 3205 3210 76
3 47 3211 3021
3 3211 78 3212
3 3021 3212 46
3 46 3212 3208
3 3212 78 3213
3 3208 3213 77
3 79 3214 3215
3 3214 47 3028
3 3215 3028 48
3 79 3216 3214
3 3216 78 3211
3 3214 3211 47
3 80 3217 3218
3 3217 48 3035
3 3218 3035 49
3 79 3215 3219
3 3215 48 3217
3 3219 3217 80
3 81 3220 3221
3 3220 49 3042
3 3221 3042 50
3 80 3218 3222
3 3218 49 3220
3 3222 3220 81
3 82 3223 3224
3 3223 50 3051
3 3224 3051 51
3 81 3221 3225
3 3221 50 3223
3 3225 3223 82
3 52 3226 3058
3 3226 83 3227
3 3058 3227 51
3 82 3224 3228
3 3224 51 3227
3 3228 3227 83
3 52 3064 3230
3 3064 53 3229
3 3230 3229 84
3 52 3230 3226
3 3230 84 3231
3 3226 3231 83
3 53 3070 3233
3 3070 54 3232
3 3233 3232 85
3 53 3233 3229
3 3233 85 3234
3 3229 3234 84
3 54 3077 3236
3 3077 55 3235
3 3236 3235 86
3 54 3236 3232
3 3236 86 3237
3 3232 3237 85
3 55 3084 3239
3 3084 56 3238
3 3239 3238 87
3 55 3239 3235
3 3239 87 3240
3 3235 3240 86
3 352 3241 3242
3 3241 56 3087
3 3242 3087 57
3 352 3243 3241
3 3243 87 3238
3 3241 3238 56
3 57 3089 3245
3 3089 331 3244
3 3245 3244 342
3 353 3246 3247
3 3246 57 3245
3 3247 3245 342
3 352 3242 3248
3 3242 57 3246
3 3248 3246 353
3 58 3108 3250
3 3108 59 3249
3 3250 3249 89
3 58 3250 3252
3 3250 89 3251
3 3252 3251 88
3 58 3252 3098
3 3252 88 3253
3 3098 3253 346
3 59 3115 3255
3 3115 60 3254
3 3255 3254 90
3 59 3255 3249
3 3255 90 3256
3 3249 3256 89
3 60 3122 3258
3 3122 61 3257
3 3258 3257 91
3 60 3258 3254
3 3258 91 3259
3 3254 3259 90
3 61 3129 3261
3 3129 62 3260
3 3261 3260 92
3 61 3261 3257
3 3261 92 3262
3 3257 3262 91
3 93 3263 3264
3 3263 62 3136
3 3264 3136 63
3 62 3263 3260
3 3263 93 3265
3 3260 3265 92
3 63 3143 3267
3 3143 64 3266
3 3267 3266 94
3 63 3267 3264
3 3267 94 3268
3 3264 3268 93
3 64 3152 3270
3 3152 65 3269
3 3270 3269 95
3 64 3270 3266
3 3270 95 3271
3 3266 3271 94
3 65 3158 3273
3 3158 66 3272
3 3273 3272 96
3 65 3273 3269
3 3273 96 3274
3 3269 3274 95
3 66 3164 3276
3 3164 67 3275
3 3276 3275 97
3 66 3276 3272
3 3276 97 3277
3 3272 3277 96
3 98 3278 3279
3 3278 67 3171
3 3279 3171 68
3 98 3280 3278
3 3280 97 3275
3 3278 3275 67
3 99 3281 3282
3 3281 68 3178
3 3282 3178 69
3 98 3279 3283
3 3279 68 3281
3 3283 3281 99
3 100 3284 3285
3 3284 69 3182
3 3285 3182 70
3 99 3282 3286
3 3282 69 3284
3 3286 3284 100
3 101 3287 3288
3 3287 70 3186
3 3288 3186 71
3 100 3285 3289
3 3285 70 3287
3 3289 3287 101
3 102 3290 3291
3 3290 71 3189
3 3291 3189 72
3 101 3288 3292
3 3288 71 3290
3 3292 3290 102
3 102 3291 3293
3 3291 72 3192
3 3293 3192 347
3 74 3294 3201
3 3294 361 3295
3 3201 3295 73
3 360 3296 3297
3 3296 351 3197
3 3297 3197 73
3 73 3295 3297
3 3295 361 3298
3 3297 3298 360
3 362 3299 3300
3 3299 74 3204
3 3300 3204 75
3 74 3299 3294
3 3299 362 3301
3 3294 3301 361
3 363 3302 3303
3 3302 75 3207
3 3303 3207 76
3 362 3300 3304
3 3300 75 3302
3 3304 3302 363
3 364 3305 3306
3 3305 76 3210
3 3306 3210 77
3 364 3307 3305
3 3307 363 3303
3 3305 3303 76
3 365 3308 3309
3 3308 77 3213
3 3309 3213 78
3 365 3310 3308
3 3310 364 3306
3 3308 3306 77
3 79 3311 3216
3 3311 366 3312
3 3216 3312 78
3 366 3313 3312
3 3313 365 3309
3 3312 3309 78
3 79 3219 3315
3 3219 80 3314
3 3315 3314 367
3 79 3315 3311
3 3315 367 3316
3 3311 3316 366
3 80 3222 3318
3 3222 81 3317
3 3318 3317 368
3 80 3318 3314
3 3318 368 3319
3 3314 3319 367
3 81 3225 3321
3 3225 82 3320
3 3321 3320 369
3 81 3321 3317
3 3321 369 3322
3 3317 3322 368
3 82 3228 3324
3 3228 83 3323
3 3324 3323 370
3 82 3324 3320
3 3324 370 3325
3 3320 3325 369
3 83 3231 3327
3 3231 84 3326
3 3327 3326 371
3 83 3327 3323
3 3327 371 3328
3 3323 3328 370
3 84 3234 3330
3 3234 85 3329
3 3330 3329 372
3 84 3330 3326
3 3330 372 3331
3 3326 3331 371
3 85 3237 3333
3 3237 86 3332
3 3333 3332 373
3 85 3333 3329
3 3333 373 3334
3 3329 3334 372
3 87 3335 3240
3 3335 374 3336
3 3240 3336 86
3 86 3336 3332
3 3336 374 3337
3 3332 3337 373
3 87 3243 3335
3 3243 352 3338
3 3335 3338 374
3 376 3339 3340
3 3339 88 3251
3 3340 3251 89
3 357 3341 3342
3 3341 346 3253
3 3342 3253 88
3 357 3342 3344
3 3342 88 3343
3 3344 3343 375
3 375 3343 3345
3 3343 88 3339
3 3345 3339 376
3 377 3346 3347
3 3346 89 3256
3 3347 3256 90
3 376 3340 3348
3 3340 89 3346
3 3348 3346 377
3 378 3349 3350
3 3349 90 3259
3 3350 3259 91
3 90 3349 3347
3 3349 378 3351
3 3347 3351 377
3 379 3352 3353
3 3352 91 3262
3 3353 3262 92
3 378 3350 3354
3 3350 91 3352
3 3354 3352 379
3 380 3355 3356
3 3355 92 3265
3 3356 3265 93
3 379 3353 3357
3 3353 92 3355
3 3357 3355 380
3 381 3358 3359
3 3358 93 3268
3 3359 3268 94
3 380 3356 3360
3 3356 93 3358
3 3360 3358 381
3 382 3361 3362
3 3361 94 3271
3 3362 3271 95
3 381 3359 3363
3 3359 94 3361
3 3363 3361 382
3 383 3364 3365
3 3364 95 3274
3 3365 3274 96
3 382 3362 3366
3 3362 95 3364
3 3366 3364 383
3 384 3367 3368
3 3367 96 3277
3 3368 3277 97
3 383 3365 3369
3 3365 96 3367
3 3369 3367 384
3 98 3370 3280
3 3370 385 3371
3 3280 3371 97
3 385 3372 3371
3 3372 384 3368
3 3371 3368 97
3 98 3283 3374
3 3283 99 3373
3 3374 3373 386
3 98 3374 3370
3 3374 386 3375
3 3370 3375 385
3 99 3286 3377
3 3286 100 3376
3 3377 3376 387
3 99 3377 3373
3 3377 387 3378
3 3373 3378 386
3 100 3289 3380
3 3289 101 3379
3 3380 3379 388
3 100 3380 3376
3 3380 388 3381
3 3376 3381 387
3 101 3292 3383
3 3292 102 3382
3 3383 3382 389
3 101 3383 3379
3 3383 389 3384
3 3379 3384 388
3 102 3293 3386
3 3293 347 3385
3 3386 3385 358
3 102 3386 3388
3 3386 358 3387
3 3388 3387 598
3 102 3388 3382
3 3388 598 3389
3 3382 3389 389
3 107 3390 3392
3 3390 103 3391
3 3392 3391 104
3 437 3393 3394
3 3393 104 3391
3 3394 3391 103
3 103 3390 3396
3 3390 107 3395
3 3396 3395 456
3 103 3397 3394
3 3397 436 3398
3 3394 3398 437
3 103 3399 3397
3 3399 447 3400
3 3397 3400 436
3 456 3401 3396
3 3401 447 3399
3 3396 3399 103
3 108 3402 3404
3 3402 104 3403
3 3404 3403 105
3 438 3405 3406
3 3405 105 3403
3 3406 3403 104
3 108 3407 3402
3 3407 107 3392
3 3402 3392 104
3 104 3393 3406
3 3393 437 3408
3 3406 3408 438
3 106 3409 3411
3 3409 105 3410
3 3411 3410 620
3 105 3409 3413
3 3409 106 3412
3 3413 3412 2900
3 2900 3414 3413
3 3414 108 3404
3 3413 3404 105
3 105 3405 3410
3 3405 438 3415
3 3410 3415 620
3 109 3416 3417
3 3416 106 3411
3 3417 3411 620
3 106 3416 3412
3 3416 109 3418
3 3412 3418 2900
3 111 3419 3420
3 3419 107 3407
3 3420 3407 108
3 107 3419 3422
3 3419 111 3421
3 3422 3421 110
3 456 3395 3423
3 3395 107 3422
3 3423 3422 110
3 112 3424 3426
3 3424 108 3425
3 3426 3425 109
3 2900 3418 3414
3 3418 109 3425
3 3414 3425 108
3 108 3424 3420
3 3424 112 3427
3 3420 3427 111
3 2904 3428 3429
3 3428 112 3426
3 3429 3426 109
3 620 3430 3417
3 3430 457 3431
3 3417 3431 109
3 2904 3429 3432
3 3429 109 3431
3 3432 3431 457
3 120 3433 3434
3 3433 110 3421
3 3434 3421 111
3 110 3433 3436
3 3433 120 3435
3 3436 3435 119
3 119 3437 3436
3 3437 465 3438
3 3436 3438 110
3 465 3439 3438
3 3439 456 3423
3 3438 3423 110
3 112 3440 3427
3 3440 121 3441
3 3427 3441 111
3 111 3441 3434
3 3441 121 3442
3 3434 3442 120
3 122 3443 3445
3 3443 112 3444
3 3445 3444 113
3 112 3428 3444
3 3428 2904 3446
3 3444 3446 113
3 112 3443 3440
3 3443 122 3447
3 3440 3447 121
3 114 3448 3450
3 3448 113 3449
3 3450 3449 625
3 113 3448 3452
3 3448 114 3451
3 3452 3451 2901
3 2901 3453 3452
3 3453 122 3445
3 3452 3445 113
3 457 3454 3455
3 3454 625 3449
3 3455 3449 113
3 113 3446 3455
3 3446 2904 3432
3 3455 3432 457
3 123 3456 3457
3 3456 114 3450
3 3457 3450 625
3 2901 3451 3458
3 3451 114 3456
3 3458 3456 123
3 126 3459 3461
3 3459 115 3460
3 3461 3460 116
3 459 3462 3463
3 3462 116 3460
3 3463 3460 115
3 124 3464 3466
3 3464 115 3465
3 3466 3465 125
3 124 3467 3464
3 3467 466 3468
3 3464 3468 115
3 125 3465 3469
3 3465 115 3459
3 3469 3459 126
3 458 3470 3471
3 3470 459 3463
3 3471 3463 115
3 458 3471 3472
3 3471 115 3468
3 3472 3468 466
3 127 3473 3475
3 3473 116 3474
3 3475 3474 117
3 116 3476 3474
3 3476 460 3477
3 3474 3477 117
3 126 3461 3478
3 3461 116 3473
3 3478 3473 127
3 459 3479 3462
3 3479 460 3476
3 3462 3476 116
3 117 3480 3482
3 3480 118 3481
3 3482 3481 128
3 117 3483 3480
3 3483 461 3484
3 3480 3484 118
3 127 3475 3485
3 3475 117 3482
3 3485 3482 128
3 460 3486 3477
3 3486 461 3483
3 3477 3483 117
3 472 3487 3488
3 3487 128 3481
3 3488 3481 118
3 118 3484 3490
3 3484 461 3489
3 3490 3489 467
3 467 3491 3490
3 3491 472 3488
3 3490 3488 118
3 129 3492 3493
3 3492 119 3435
3 3493 3435 120
3 119 3492 3495
3 3492 129 3494
3 3495 3494 473
3 469 3496 3497
3 3496 465 3437
3 3497 3437 119
3 473 3498 3495
3 3498 469 3497
3 3495 3497 119
3 130 3499 3500
3 3499 120 3442
3 3500 3442 121
3 129 3493 3501
3 3493 120 3499
3 3501 3499 130
3 122 3502 3447
3 3502 131 3503
3 3447 3503 121
3 121 3503 3500
3 3503 131 3504
3 3500 3504 130
3 132 3505 3507
3 3505 122 3506
3 3507 3506 123
3 2901 3458 3453
3 3458 123 3506
3 3453 3506 122
3 122 3505 3502
3 3505 132 3508
3 3502 3508 131
3 123 3509 3507
3 3509 133 3510
3 3507 3510 132
3 133 3509 3512
3 3509 123 3511
3 3512 3511 470
3 625 3513 3457
3 3513 470 3511
3 3457 3511 123
3 136 3514 3515
3 3514 124 3466
3 3515 3466 125
3 124 3516 3518
3 3516 135 3517
3 3518 3517 134
3 124 3518 3520
3 3518 134 3519
3 3520 3519 471
3 136 3521 3514
3 3521 135 3516
3 3514 3516 124
3 124 3520 3467
3 3520 471 3522
3 3467 3522 466
3 137 3523 3524
3 3523 125 3469
3 3524 3469 126
3 136 3515 3525
3 3515 125 3523
3 3525 3523 137
3 126 3478 3527
3 3478 127 3526
3 3527 3526 138
3 137 3524 3528
3 3524 126 3527
3 3528 3527 138
3 127 3485 3530
3 3485 128 3529
3 3530 3529 476
3 127 3530 3526
3 3530 476 3531
3 3526 3531 138
3 472 3532 3487
3 3532 631 3533
3 3487 3533 128
3 476 3529 3534
3 3529 128 3533
3 3534 3533 631
3 139 3535 3536
3 3535 129 3501
3 3536 3501 130
3 129 3535 3538
3 3535 139 3537
3 3538 3537 477
3 477 3539 3538
3 3539 473 3494
3 3538 3494 129
3 140 3540 3541
3 3540 130 3504
3 3541 3504 131
3 130 3540 3536
3 3540 140 3542
3 3536 3542 139
3 132 3543 3508
3 3543 141 3544
3 3508 3544 131
3 131 3544 3541
3 3544 141 3545
3 3541 3545 140
3 142 3546 3547
3 3546 132 3510
3 3547 3510 133
3 132 3546 3543
3 3546 142 3548
3 3543 3548 141
3 133 3549 3547
3 3549 143 3550
3 3547 3550 142
3 143 3549 3552
3 3549 133 3551
3 3552 3551 474
3 470 3553 3512
3 3553 474 3551
3 3512 3551 133
3 134 3517 3555
3 3517 135 3554
3 3555 3554 148
3 134 3556 3558
3 3556 147 3557
3 3558 3557 146
3 134 3558 3560
3 3558 146 3559
3 3560 3559 475
3 134 3555 3556
3 3555 148 3561
3 3556 3561 147
3 471 3519 3562
3 3519 134 3560
3 3562 3560 475
3 136 3563 3521
3 3563 149 3564
3 3521 3564 135
3 135 3564 3554
3 3564 149 3565
3 3554 3565 148
3 136 3525 3567
3 3525 137 3566
3 3567 3566 150
3 136 3567 3563
3 3567 150 3568
3 3563 3568 149
3 137 3528 3570
3 3528 138 3569
3 3570 3569 151
3 137 3570 3566
3 3570 151 3571
3 3566 3571 150
3 138 3531 3569
3 3531 476 3572
3 3569 3572 151
3 152 3573 3574
3 3573 139 3542
3 3574 3542 140
3 139 3573 3576
3 3573 152 3575
3 3576 3575 478
3 478 3577 3576
3 3577 477 3537
3 3576 3537 139
3 153 3578 3579
3 3578 140 3545
3 3579 3545 141
3 152 3574 3580
3 3574 140 3578
3 3580 3578 153
3 154 3581 3582
3 3581 141 3548
3 3582 3548 142
3 141 3581 3579
3 3581 154 3583
3 3579 3583 153
3 155 3584 3585
3 3584 142 3550
3 3585 3550 143
3 142 3584 3582
3 3584 155 3586
3 3582 3586 154
3 156 3587 3589
3 3587 143 3588
3 3589 3588 144
3 633 3590 3591
3 3590 144 3588
3 3591 3588 143
3 143 3587 3585
3 3587 156 3592
3 3585 3592 155
3 474 3593 3552
3 3593 633 3591
3 3552 3591 143
3 144 3594 3589
3 3594 637 3595
3 3589 3595 156
3 144 3590 3594
3 3590 633 3596
3 3594 3596 637
3 145 3597 3599
3 3597 146 3598
3 3599 3598 159
3 630 3600 3601
3 3600 146 3597
3 3601 3597 145
3 145 3602 3604
3 3602 158 3603
3 3604 3603 157
3 634 3605 3606
3 3605 145 3604
3 3606 3604 157
3 145 3599 3602
3 3599 159 3607
3 3602 3607 158
3 630 3601 3608
3 3601 145 3605
3 3608 3605 634
3 146 3557 3610
3 3557 147 3609
3 3610 3609 160
3 146 3610 3598
3 3610 160 3611
3 3598 3611 159
3 630 3612 3600
3 3612 475 3559
3 3600 3559 146
3 147 3561 3614
3 3561 148 3613
3 3614 3613 161
3 147 3614 3609
3 3614 161 3615
3 3609 3615 160
3 148 3565 3617
3 3565 149 3616
3 3617 3616 162
3 148 3617 3613
3 3617 162 3618
3 3613 3618 161
3 149 3568 3620
3 3568 150 3619
3 3620 3619 479
3 149 3620 3616
3 3620 479 3621
3 3616 3621 162
3 150 3571 3623
3 3571 151 3622
3 3623 3622 480
3 150 3623 3619
3 3623 480 3624
3 3619 3624 479
3 151 3572 3626
3 3572 476 3625
3 3626 3625 635
3 639 3627 3628
3 3627 480 3622
3 3628 3622 151
3 639 3628 3629
3 3628 151 3626
3 3629 3626 635
3 164 3630 3631
3 3630 152 3580
3 3631 3580 153
3 152 3630 3633
3 3630 164 3632
3 3633 3632 163
3 163 3634 3633
3 3634 478 3575
3 3633 3575 152
3 165 3635 3636
3 3635 153 3583
3 3636 3583 154
3 153 3635 3631
3 3635 165 3637
3 3631 3637 164
3 166 3638 3639
3 3638 154 3586
3 3639 3586 155
3 165 3636 3640
3 3636 154 3638
3 3640 3638 166
3 167 3641 3642
3 3641 155 3592
3 3642 3592 156
3 166 3639 3643
3 3639 155 3641
3 3643 3641 167
3 156 3644 3642
3 3644 168 3645
3 3642 3645 167
3 168 3644 3646
3 3644 156 3595
3 3646 3595 637
3 171 3647 3648
3 3647 157 3603
3 3648 3603 158
3 169 3649 3651
3 3649 157 3650
3 3651 3650 170
3 157 3649 3653
3 3649 169 3652
3 3653 3652 638
3 171 3654 3647
3 3654 170 3650
3 3647 3650 157
3 634 3606 3655
3 3606 157 3653
3 3655 3653 638
3 172 3656 3657
3 3656 158 3607
3 3657 3607 159
3 172 3658 3656
3 3658 171 3648
3 3656 3648 158
3 173 3659 3660
3 3659 159 3611
3 3660 3611 160
3 173 3661 3659
3 3661 172 3657
3 3659 3657 159
3 174 3662 3663
3 3662 160 3615
3 3663 3615 161
3 174 3664 3662
3 3664 173 3660
3 3662 3660 160
3 482 3665 3666
3 3665 161 3618
3 3666 3618 162
3 174 3663 3667
3 3663 161 3665
3 3667 3665 482
3 482 3666 3668
3 3666 162 3621
3 3668 3621 479
3 175 3669 3670
3 3669 163 3632
3 3670 3632 164
3 163 3669 3672
3 3669 175 3671
3 3672 3671 483
3 478 3634 3674
3 3634 163 3673
3 3674 3673 481
3 163 3672 3673
3 3672 483 3675
3 3673 3675 481
3 176 3676 3677
3 3676 164 3637
3 3677 3637 165
3 175 3670 3678
3 3670 164 3676
3 3678 3676 176
3 177 3679 3680
3 3679 165 3640
3 3680 3640 166
3 165 3679 3677
3 3679 177 3681
3 3677 3681 176
3 178 3682 3683
3 3682 166 3643
3 3683 3643 167
3 177 3680 3684
3 3680 166 3682
3 3684 3682 178
3 179 3685 3686
3 3685 167 3645
3 3686 3645 168
3 167 3685 3683
3 3685 179 3687
3 3683 3687 178
3 168 3688 3686
3 3688 180 3689
3 3686 3689 179
3 180 3688 3691
3 3688 168 3690
3 3691 3690 641
3 168 3646 3690
3 3646 637 3692
3 3690 3692 641
3 183 3693 3694
3 3693 169 3651
3 3694 3651 170
3 181 3695 3697
3 3695 169 3696
3 3697 3696 182
3 169 3695 3699
3 3695 181 3698
3 3699 3698 642
3 183 3700 3693
3 3700 182 3696
3 3693 3696 169
3 638 3652 3701
3 3652 169 3699
3 3701 3699 642
3 184 3702 3703
3 3702 170 3654
3 3703 3654 171
3 184 3704 3702
3 3704 183 3694
3 3702 3694 170
3 185 3705 3706
3 3705 171 3658
3 3706 3658 172
3 185 3707 3705
3 3707 184 3703
3 3705 3703 171
3 186 3708 3709
3 3708 172 3661
3 3709 3661 173
3 186 3710 3708
3 3710 185 3706
3 3708 3706 172
3 174 3711 3664
3 3711 484 3712
3 3664 3712 173
3 186 3709 3713
3 3709 173 3712
3 3713 3712 484
3 174 3667 3711
3 3667 482 3714
3 3711 3714 484
3 187 3715 3716
3 3715 175 3678
3 3716 3678 176
3 175 3715 3718
3 3715 187 3717
3 3718 3717 485
3 485 3719 3718
3 3719 483 3671
3 3718 3671 175
3 188 3720 3721
3 3720 176 3681
3 3721 3681 177
3 176 3720 3716
3 3720 188 3722
3 3716 3722 187
3 189 3723 3724
3 3723 177 3684
3 3724 3684 178
3 188 3721 3725
3 3721 177 3723
3 3725 3723 189
3 190 3726 3727
3 3726 178 3687
3 3727 3687 179
3 189 3724 3728
3 3724 178 3726
3 3728 3726 190
3 191 3729 3730
3 3729 179 3689
3 3730 3689 180
3 179 3729 3727
3 3729 191 3731
3 3727 3731 190
3 180 3732 3730
3 3732 192 3733
3 3730 3733 191
3 192 3732 3735
3 3732 180 3734
3 3735 3734 645
3 180 3691 3734
3 3691 641 3736
3 3734 3736 645
3 195 3737 3738
3 3737 181 3697
3 3738 3697 182
3 193 3739 3741
3 3739 181 3740
3 3741 3740 194
3 181 3739 3743
3 3739 193 3742
3 3743 3742 646
3 194 3740 3744
3 3740 181 3737
3 3744 3737 195
3 646 3745 3743
3 3745 642 3698
3 3743 3698 181
3 196 3746 3747
3 3746 182 3700
3 3747 3700 183
3 195 3738 3748
3 3738 182 3746
3 3748 3746 196
3 197 3749 3750
3 3749 183 3704
3 3750 3704 184
3 197 3751 3749
3 3751 196 3747
3 3749 3747 183
3 198 3752 3753
3 3752 184 3707
3 3753 3707 185
3 198 3754 3752
3 3754 197 3750
3 3752 3750 184
3 186 3755 3710
3 3755 486 3756
3 3710 3756 185
3 198 3753 3757
3 3753 185 3756
3 3757 3756 486
3 186 3713 3755
3 3713 484 3758
3 3755 3758 486
3 199 3759 3760
3 3759 187 3722
3 3760 3722 188
3 187 3759 3762
3 3759 199 3761
3 3762 3761 487
3 187 3763 3717
3 3763 2905 3764
3 3717 3764 485
3 2905 3763 3765
3 3763 187 3762
3 3765 3762 487
3 200 3766 3767
3 3766 188 3725
3 3767 3725 189
3 188 3766 3760
3 3766 200 3768
3 3760 3768 199
3 201 3769 3770
3 3769 189 3728
3 3770 3728 190
3 200 3767 3771
3 3767 189 3769
3 3771 3769 201
3 202 3772 3773
3 3772 190 3731
3 3773 3731 191
3 201 3770 3774
3 3770 190 3772
3 3774 3772 202
3 203 3775 3776
3 3775 191 3733
3 3776 3733 192
3 191 3775 3773
3 3775 203 3777
3 3773 3777 202
3 203 3776 3779
3 3776 192 3778
3 3779 3778 2906
3 192 3735 3781
3 3735 645 3780
3 3781 3780 2928
3 649 3782 3783
3 3782 2906 3778
3 3783 3778 192
3 192 3781 3783
3 3781 2928 3784
3 3783 3784 649
3 193 3741 3786
3 3741 194 3785
3 3786 3785 207
3 205 3787 3789
3 3787 193 3788
3 3789 3788 206
3 193 3787 3791
3 3787 205 3790
3 3791 3790 650
3 193 3786 3788
3 3786 207 3792
3 3788 3792 206
3 646 3742 3793
3 3742 193 3791
3 3793 3791 650
3 194 3744 3795
3 3744 195 3794
3 3795 3794 208
3 194 3795 3785
3 3795 208 3796
3 3785 3796 207
3 195 3748 3798
3 3748 196 3797
3 3798 3797 209
3 195 3798 3794
3 3798 209 3799
3 3794 3799 208
3 210 3800 3801
3 3800 196 3751
3 3801 3751 197
3 209 3797 3802
3 3797 196 3800
3 3802 3800 210
3 211 3803 3804
3 3803 197 3754
3 3804 3754 198
3 210 3801 3805
3 3801 197 3803
3 3805 3803 211
3 211 3804 3806
3 3804 198 3757
3 3806 3757 486
3 212 3807 3808
3 3807 199 3768
3 3808 3768 200
3 199 3807 3810
3 3807 212 3809
3 3810 3809 488
3 2907 3811 3812
3 3811 487 3761
3 3812 3761 199
3 2907 3812 3813
3 3812 199 3810
3 3813 3810 488
3 213 3814 3815
3 3814 200 3771
3 3815 3771 201
3 200 3814 3808
3 3814 213 3816
3 3808 3816 212
3 214 3817 3818
3 3817 201 3774
3 3818 3774 202
3 201 3817 3815
3 3817 214 3819
3 3815 3819 213
3 215 3820 3821
3 3820 202 3777
3 3821 3777 203
3 202 3820 3818
3 3820 215 3822
3 3818 3822 214
3 216 3823 3825
3 3823 203 3824
3 3825 3824 204
3 2906 3826 3779
3 3826 204 3824
3 3779 3824 203
3 203 3823 3821
3 3823 216 3827
3 3821 3827 215
3 2908 3828 3829
3 3828 216 3825
3 3829 3825 204
3 654 3830 3831
3 3830 2908 3829
3 3831 3829 204
3 204 3832 3831
3 3832 2922 3833
3 3831 3833 654
3 2906 3834 3826
3 3834 2922 3832
3 3826 3832 204
3 205 3789 3836
3 3789 206 3835
3 3836 3835 220
3 205 3837 3839
3 3837 219 3838
3 3839 3838 218
3 655 3840 3841
3 3840 205 3839
3 3841 3839 218
3 205 3836 3837
3 3836 220 3842
3 3837 3842 219
3 655 3843 3840
3 3843 650 3790
3 3840 3790 205
3 206 3792 3845
3 3792 207 3844
3 3845 3844 221
3 206 3845 3835
3 3845 221 3846
3 3835 3846 220
3 207 3796 3848
3 3796 208 3847
3 3848 3847 222
3 207 3848 3844
3 3848 222 3849
3 3844 3849 221
3 208 3799 3851
3 3799 209 3850
3 3851 3850 223
3 208 3851 3847
3 3851 223 3852
3 3847 3852 222
3 489 3853 3854
3 3853 209 3802
3 3854 3802 210
3 489 3855 3853
3 3855 223 3850
3 3853 3850 209
3 490 3856 3857
3 3856 210 3805
3 3857 3805 211
3 489 3854 3858
3 3854 210 3856
3 3858 3856 490
3 651 3859 3860
3 3859 211 3806
3 3860 3806 486
3 661 3861 3862
3 3861 490 3857
3 3862 3857 211
3 656 3863 3864
3 3863 211 3859
3 3864 3859 651
3 661 3862 3865
3 3862 211 3863
3 3865 3863 656
3 224 3866 3867
3 3866 212 3816
3 3867 3816 213
3 212 3866 3869
3 3866 224 3868
3 3869 3868 491
3 212 3870 3809
3 3870 2909 3871
3 3809 3871 488
3 212 3869 3870
3 3869 491 3872
3 3870 3872 2909
3 225 3873 3874
3 3873 213 3819
3 3874 3819 214
3 213 3873 3867
3 3873 225 3875
3 3867 3875 224
3 215 3876 3822
3 3876 226 3877
3 3822 3877 214
3 214 3877 3874
3 3877 226 3878
3 3874 3878 225
3 227 3879 3880
3 3879 215 3827
3 3880 3827 216
3 215 3879 3876
3 3879 227 3881
3 3876 3881 226
3 228 3882 3884
3 3882 216 3883
3 3884 3883 217
3 2908 3885 3828
3 3885 217 3883
3 3828 3883 216
3 216 3882 3880
3 3882 228 3886
3 3880 3886 227
3 228 3884 3888
3 3884 217 3887
3 3888 3887 2910
3 659 3889 3890
3 3889 2910 3887
3 3890 3887 217
3 217 3891 3890
3 3891 2924 3892
3 3890 3892 659
3 2908 3893 3885
3 3893 2924 3891
3 3885 3891 217
3 218 3838 3895
3 3838 219 3894
3 3895 3894 232
3 230 3896 3898
3 3896 218 3897
3 3898 3897 231
3 218 3896 3900
3 3896 230 3899
3 3900 3899 660
3 218 3895 3897
3 3895 232 3901
3 3897 3901 231
3 660 3902 3900
3 3902 655 3841
3 3900 3841 218
3 219 3842 3904
3 3842 220 3903
3 3904 3903 233
3 219 3904 3894
3 3904 233 3905
3 3894 3905 232
3 220 3846 3907
3 3846 221 3906
3 3907 3906 234
3 220 3907 3903
3 3907 234 3908
3 3903 3908 233
3 221 3849 3910
3 3849 222 3909
3 3910 3909 235
3 221 3910 3906
3 3910 235 3911
3 3906 3911 234
3 222 3852 3913
3 3852 223 3912
3 3913 3912 236
3 222 3913 3909
3 3913 236 3914
3 3909 3914 235
3 489 3915 3855
3 3915 236 3912
3 3855 3912 223
3 237 3916 3917
3 3916 224 3875
3 3917 3875 225
3 224 3916 3919
3 3916 237 3918
3 3919 3918 492
3 2911 3920 3921
3 3920 491 3868
3 3921 3868 224
3 224 3919 3921
3 3919 492 3922
3 3921 3922 2911
3 238 3923 3924
3 3923 225 3878
3 3924 3878 226
3 237 3917 3925
3 3917 225 3923
3 3925 3923 238
3 239 3926 3927
3 3926 226 3881
3 3927 3881 227
3 226 3926 3924
3 3926 239 3928
3 3924 3928 238
3 240 3929 3930
3 3929 227 3886
3 3930 3886 228
3 227 3929 3927
3 3929 240 3931
3 3927 3931 239
3 241 3932 3934
3 3932 228 3933
3 3934 3933 229
3 228 3888 3933
3 3888 2910 3935
3 3933 3935 229
3 228 3932 3930
3 3932 241 3936
3 3930 3936 240
3 229 3937 3934
3 3937 242 3938
3 3934 3938 241
3 242 3937 3940
3 3937 229 3939
3 3940 3939 663
3 659 3941 3942
3 3941 663 3939
3 3942 3939 229
3 2910 3889 3935
3 3889 659 3942
3 3935 3942 229
3 230 3898 3944
3 3898 231 3943
3 3944 3943 245
3 243 3945 3947
3 3945 230 3946
3 3947 3946 244
3 230 3945 3949
3 3945 243 3948
3 3949 3948 664
3 244 3946 3950
3 3946 230 3944
3 3950 3944 245
3 230 3949 3899
3 3949 664 3951
3 3899 3951 660
3 246 3952 3953
3 3952 231 3901
3 3953 3901 232
3 246 3954 3952
3 3954 245 3943
3 3952 3943 231
3 247 3955 3956
3 3955 232 3905
3 3956 3905 233
3 247 3957 3955
3 3957 246 3953
3 3955 3953 232
3 248 3958 3959
3 3958 233 3908
3 3959 3908 234
3 248 3960 3958
3 3960 247 3956
3 3958 3956 233
3 493 3961 3962
3 3961 234 3911
3 3962 3911 235
3 493 3963 3961
3 3963 248 3959
3 3961 3959 234
3 494 3964 3965
3 3964 235 3914
3 3965 3914 236
3 493 3962 3966
3 3962 235 3964
3 3966 3964 494
3 665 3967 3968
3 3967 236 3915
3 3968 3915 489
3 670 3969 3970
3 3969 494 3965
3 3970 3965 236
3 665 3971 3967
3 3971 670 3970
3 3967 3970 236
3 249 3972 3973
3 3972 237 3925
3 3973 3925 238
3 237 3972 3975
3 3972 249 3974
3 3975 3974 495
3 237 3976 3918
3 3976 2912 3977
3 3918 3977 492
3 237 3975 3976
3 3975 495 3978
3 3976 3978 2912
3 239 3979 3928
3 3979 250 3980
3 3928 3980 238
3 238 3980 3973
3 3980 250 3981
3 3973 3981 249
3 240 3982 3931
3 3982 251 3983
3 3931 3983 239
3 239 3983 3979
3 3983 251 3984
3 3979 3984 250
3 252 3985 3986
3 3985 240 3936
3 3986 3936 241
3 251 3982 3987
3 3982 240 3985
3 3987 3985 252
3 253 3988 3989
3 3988 241 3938
3 3989 3938 242
3 241 3988 3986
3 3988 253 3990
3 3986 3990 252
3 242 3991 3989
3 3991 254 3992
3 3989 3992 253
3 242 3993 3991
3 3993 667 3994
3 3991 3994 254
3 663 3995 3940
3 3995 667 3993
3 3940 3993 242
3 257 3996 3997
3 3996 243 3947
3 3997 3947 244
3 255 3998 4000
3 3998 243 3999
3 4000 3999 256
3 668 4001 4002
3 4001 243 3998
3 4002 3998 255
3 256 3999 4003
3 3999 243 3996
3 4003 3996 257
3 668 4004 4001
3 4004 664 3948
3 4001 3948 243
3 244 3950 4006
3 3950 245 4005
3 4006 4005 258
3 257 3997 4007
3 3997 244 4006
3 4007 4006 258
3 259 4008 4009
3 4008 245 3954
3 4009 3954 246
3 259 4010 4008
3 4010 258 4005
3 4008 4005 245
3 260 4011 4012
3 4011 246 3957
3 4012 3957 247
3 260 4013 4011
3 4013 259 4009
3 4011 4009 246
3 496 4014 4015
3 4014 247 3960
3 4015 3960 248
3 496 4016 4014
3 4016 260 4012
3 4014 4012 247
3 493 4017 3963
3 4017 496 4015
3 3963 4015 248
3 261 4018 4019
3 4018 249 3981
3 4019 3981 250
3 249 4018 4021
3 4018 261 4020
3 4021 4020 497
3 497 4022 4021
3 4022 495 3974
3 4021 3974 249
3 262 4023 4024
3 4023 250 3984
3 4024 3984 251
3 250 4023 4019
3 4023 262 4025
3 4019 4025 261
3 252 4026 3987
3 4026 263 4027
3 3987 4027 251
3 251 4027 4024
3 4027 263 4028
3 4024 4028 262
3 264 4029 4030
3 4029 252 3990
3 4030 3990 253
3 252 4029 4026
3 4029 264 4031
3 4026 4031 263
3 265 4032 4033
3 4032 253 3992
3 4033 3992 254
3 253 4032 4030
3 4032 265 4034
3 4030 4034 264
3 672 4035 4036
3 4035 265 4033
3 4036 4033 254
3 254 3994 4036
3 3994 667 4037
3 4036 4037 672
3 255 4000 4039
3 4000 256 4038
3 4039 4038 268
3 255 4040 4042
3 4040 267 4041
3 4042 4041 266
3 673 4043 4044
3 4043 255 4042
3 4044 4042 266
3 255 4039 4040
3 4039 268 4045
3 4040 4045 267
3 673 4046 4043
3 4046 668 4002
3 4043 4002 255
3 256 4003 4048
3 4003 257 4047
3 4048 4047 269
3 256 4048 4038
3 4048 269 4049
3 4038 4049 268
3 257 4007 4051
3 4007 258 4050
3 4051 4050 270
3 257 4051 4047
3 4051 270 4052
3 4047 4052 269
3 271 4053 4054
3 4053 258 4010
3 4054 4010 259
3 271 4055 4053
3 4055 270 4050
3 4053 4050 258
3 499 4056 4057
3 4056 259 4013
3 4057 4013 260
3 499 4058 4056
3 4058 271 4054
3 4056 4054 259
3 499 4057 4059
3 4057 260 4016
3 4059 4016 496
3 272 4060 4061
3 4060 261 4025
3 4061 4025 262
3 261 4060 4063
3 4060 272 4062
3 4063 4062 500
3 500 4064 4063
3 4064 497 4020
3 4063 4020 261
3 273 4065 4066
3 4065 262 4028
3 4066 4028 263
3 262 4065 4061
3 4065 273 4067
3 4061 4067 272
3 274 4068 4069
3 4068 263 4031
3 4069 4031 264
3 273 4066 4070
3 4066 263 4068
3 4070 4068 274
3 275 4071 4072
3 4071 264 4034
3 4072 4034 265
3 264 4071 4069
3 4071 275 4073
3 4069 4073 274
3 265 4074 4072
3 4074 276 4075
3 4072 4075 275
3 276 4074 4077
3 4074 265 4076
3 4077 4076 498
3 672 4078 4035
3 4078 498 4076
3 4035 4076 265
3 280 4079 4080
3 4079 266 4041
3 4080 4041 267
3 278 4081 4083
3 4081 266 4082
3 4083 4082 279
3 266 4081 4085
3 4081 278 4084
3 4085 4084 676
3 280 4086 4079
3 4086 279 4082
3 4079 4082 266
3 676 4087 4085
3 4087 673 4044
3 4085 4044 266
3 281 4088 4089
3 4088 267 4045
3 4089 4045 268
3 281 4090 4088
3 4090 280 4080
3 4088 4080 267
3 282 4091 4092
3 4091 268 4049
3 4092 4049 269
3 282 4093 4091
3 4093 281 4089
3 4091 4089 268
3 269 4052 4095
3 4052 270 4094
3 4095 4094 283
3 282 4092 4096
3 4092 269 4095
3 4096 4095 283
3 501 4097 4098
3 4097 270 4055
3 4098 4055 271
3 283 4094 4099
3 4094 270 4097
3 4099 4097 501
3 499 4100 4058
3 4100 501 4098
3 4058 4098 271
3 284 4101 4102
3 4101 272 4067
3 4102 4067 273
3 272 4101 4104
3 4101 284 4103
3 4104 4103 502
3 502 4105 4104
3 4105 500 4062
3 4104 4062 272
3 285 4106 4107
3 4106 273 4070
3 4107 4070 274
3 284 4102 4108
3 4102 273 4106
3 4108 4106 285
3 286 4109 4110
3 4109 274 4073
3 4110 4073 275
3 274 4109 4107
3 4109 286 4111
3 4107 4111 285
3 287 4112 4113
3 4112 275 4075
3 4113 4075 276
3 275 4112 4110
3 4112 287 4114
3 4110 4114 286
3 277 4115 4117
3 4115 288 4116
3 4117 4116 276
3 679 4118 4119
3 4118 277 4117
3 4119 4117 276
3 276 4116 4113
3 4116 288 4120
3 4113 4120 287
3 498 4121 4077
3 4121 679 4119
3 4077 4119 276
3 683 4122 4123
3 4122 288 4115
3 4123 4115 277
3 679 4124 4118
3 4124 683 4123
3 4118 4123 277
3 291 4125 4126
3 4125 278 4083
3 4126 4083 279
3 290 4127 4129
3 4127 289 4128
3 4129 4128 278
3 680 4130 4131
3 4130 278 4128
3 4131 4128 289
3 291 4132 4125
3 4132 290 4129
3 4125 4129 278
3 680 4133 4130
3 4133 676 4084
3 4130 4084 278
3 292 4134 4135
3 4134 279 4086
3 4135 4086 280
3 292 4136 4134
3 4136 291 4126
3 4134 4126 279
3 293 4137 4138
3 4137 280 4090
3 4138 4090 281
3 293 4139 4137
3 4139 292 4135
3 4137 4135 280
3 294 4140 4141
3 4140 281 4093
3 4141 4093 282
3 293 4138 4142
3 4138 281 4140
3 4142 4140 294
3 282 4096 4144
3 4096 283 4143
3 4144 4143 503
3 294 4141 4145
3 4141 282 4144
3 4145 4144 503
3 501 4146 4099
3 4146 503 4143
3 4099 4143 283
3 296 4147 4148
3 4147 284 4108
3 4148 4108 285
3 284 4147 4150
3 4147 296 4149
3 4150 4149 295
3 295 4151 4150
3 4151 502 4103
3 4150 4103 284
3 297 4152 4153
3 4152 285 4111
3 4153 4111 286
3 285 4152 4148
3 4152 297 4154
3 4148 4154 296
3 298 4155 4156
3 4155 286 4114
3 4156 4114 287
3 286 4155 4153
3 4155 298 4157
3 4153 4157 297
3 288 4158 4120
3 4158 299 4159
3 4120 4159 287
3 287 4159 4156
3 4159 299 4160
3 4156 4160 298
3 288 4161 4158
3 4161 300 4162
3 4158 4162 299
3 300 4161 4163
3 4161 288 4122
3 4163 4122 683
3 290 4164 4127
3 4164 303 4165
3 4127 4165 289
3 289 4166 4168
3 4166 302 4167
3 4168 4167 301
3 684 4169 4170
3 4169 289 4168
3 4170 4168 301
3 289 4165 4166
3 4165 303 4171
3 4166 4171 302
3 684 4172 4169
3 4172 680 4131
3 4169 4131 289
3 291 4173 4132
3 4173 304 4174
3 4132 4174 290
3 290 4174 4164
3 4174 304 4175
3 4164 4175 303
3 292 4176 4136
3 4176 305 4177
3 4136 4177 291
3 291 4177 4173
3 4177 305 4178
3 4173 4178 304
3 293 4179 4139
3 4179 306 4180
3 4139 4180 292
3 292 4180 4176
3 4180 306 4181
3 4176 4181 305
3 293 4142 4183
3 4142 294 4182
3 4183 4182 505
3 293 4183 4179
3 4183 505 4184
3 4179 4184 306
3 503 4185 4145
3 4185 505 4182
3 4145 4182 294
3 307 4186 4187
3 4186 295 4149
3 4187 4149 296
3 295 4186 4189
3 4186 307 4188
3 4189 4188 506
3 502 4151 4191
3 4151 295 4190
3 4191 4190 504
3 506 4192 4189
3 4192 504 4190
3 4189 4190 295
3 308 4193 4194
3 4193 296 4154
3 4194 4154 297
3 296 4193 4187
3 4193 308 4195
3 4187 4195 307
3 309 4196 4197
3 4196 297 4157
3 4197 4157 298
3 297 4196 4194
3 4196 309 4198
3 4194 4198 308
3 310 4199 4200
3 4199 298 4160
3 4200 4160 299
3 298 4199 4197
3 4199 310 4201
3 4197 4201 309
3 311 4202 4203
3 4202 299 4162
3 4203 4162 300
3 299 4202 4200
3 4202 311 4204
3 4200 4204 310
3 300 4205 4203
3 4205 312 4206
3 4203 4206 311
3 312 4205 4208
3 4205 300 4207
3 4208 4207 687
3 300 4163 4207
3 4163 683 4209
3 4207 4209 687
3 302 4210 4167
3 4210 315 4211
3 4167 4211 301
3 314 4212 4214
3 4212 313 4213
3 4214 4213 301
3 689 4215 4216
3 4215 301 4213
3 4216 4213 313
3 315 4217 4211
3 4217 314 4214
3 4211 4214 301
3 689 4218 4215
3 4218 684 4170
3 4215 4170 301
3 316 4219 4220
3 4219 302 4171
3 4220 4171 303
3 316 4221 4219
3 4221 315 4210
3 4219 4210 302
3 317 4222 4223
3 4222 303 4175
3 4223 4175 304
3 316 4220 4224
3 4220 303 4222
3 4224 4222 317
3 318 4225 4226
3 4225 304 4178
3 4226 4178 305
3 317 4223 4227
3 4223 304 4225
3 4227 4225 318
3 306 4228 4181
3 4228 514 4229
3 4181 4229 305
3 318 4226 4230
3 4226 305 4229
3 4230 4229 514
3 306 4184 4228
3 4184 505 4231
3 4228 4231 514
3 319 4232 4233
3 4232 307 4195
3 4233 4195 308
3 307 4232 4235
3 4232 319 4234
3 4235 4234 515
3 515 4236 4235
3 4236 506 4188
3 4235 4188 307
3 309 4237 4198
3 4237 320 4238
3 4198 4238 308
3 308 4238 4233
3 4238 320 4239
3 4233 4239 319
3 310 4240 4201
3 4240 321 4241
3 4201 4241 309
3 309 4241 4237
3 4241 321 4242
3 4237 4242 320
3 322 4243 4244
3 4243 310 4204
3 4244 4204 311
3 310 4243 4240
3 4243 322 4245
3 4240 4245 321
3 311 4206 4244
3 4206 312 2940
3 4244 2940 322
3 508 4246 4247
3 4246 507 2942
3 4247 2942 312
3 688 4248 4249
3 4248 508 4247
3 4249 4247 312
3 312 4208 4249
3 4208 687 4250
3 4249 4250 688
3 325 2985 4251
3 2985 313 4212
3 4251 4212 314
3 513 4252 4253
3 4252 313 2986
3 4253 2986 512
3 689 4216 4254
3 4216 313 4252
3 4254 4252 513
3 326 4255 4256
3 4255 314 4217
3 4256 4217 315
3 326 4257 4255
3 4257 325 4251
3 4255 4251 314
3 316 4258 4221
3 4258 327 4259
3 4221 4259 315
3 327 4260 4259
3 4260 326 4256
3 4259 4256 315
3 316 4224 4262
3 4224 317 4261
3 4262 4261 328
3 316 4262 4258
3 4262 328 4263
3 4258 4263 327
3 317 4227 4265
3 4227 318 4264
3 4265 4264 551
3 317 4265 4261
3 4265 551 4266
3 4261 4266 328
3 514 4267 4230
3 4267 551 4264
3 4230 4264 318
3 329 4268 4269
3 4268 319 4239
3 4269 4239 320
3 319 4268 4271
3 4268 329 4270
3 4271 4270 552
3 552 4272 4271
3 4272 515 4234
3 4271 4234 319
3 330 4273 4274
3 4273 320 4242
3 4274 4242 321
3 320 4273 4269
3 4273 330 4275
3 4269 4275 329
3 322 2993 4245
3 2993 330 4274
3 4245 4274 321
3 509 4276 2953
3 4276 692 4277
3 2953 4277 323
3 516 3010 4279
3 3010 323 4278
3 4279 4278 517
3 693 4280 4281
3 4280 517 4278
3 4281 4278 323
3 323 4277 4281
3 4277 692 4282
3 4281 4282 693
3 510 2966 4284
3 2966 324 4283
3 4284 4283 702
3 725 4285 4286
3 4285 324 3183
3 4286 3183 550
3 725 4287 4285
3 4287 702 4283
3 4285 4283 324
3 337 4288 4289
3 4288 325 4257
3 4289 4257 326
3 336 2987 4290
3 2987 325 4288
3 4290 4288 337
3 338 4291 4292
3 4291 326 4260
3 4292 4260 327
3 337 4289 4293
3 4289 326 4291
3 4293 4291 338
3 328 4294 4263
3 4294 553 4295
3 4263 4295 327
3 338 4292 4296
3 4292 327 4295
3 4296 4295 553
3 328 4266 4294
3 4266 551 4297
3 4294 4297 553
3 340 4298 4299
3 4298 329 4275
3 4299 4275 330
3 339 4300 4301
3 4300 329 4298
3 4301 4298 340
3 339 4302 4300
3 4302 552 4270
3 4300 4270 329
3 341 4303 2994
3 4303 340 4299
3 2994 4299 330
3 331 4304 3244
3 4304 332 4305
3 3244 4305 342
3 331 4306 4304
3 4306 532 4307
3 4304 4307 332
3 531 4308 4309
3 4308 331 3091
3 4309 3091 529
3 531 4310 4308
3 4310 532 4306
3 4308 4306 331
3 343 4311 4313
3 4311 332 4312
3 4313 4312 333
3 332 4314 4312
3 4314 533 4315
3 4312 4315 333
3 343 4316 4311
3 4316 342 4305
3 4311 4305 332
3 332 4307 4314
3 4307 532 4317
3 4314 4317 533
3 344 4318 4320
3 4318 333 4319
3 4320 4319 334
3 534 4321 4322
3 4321 334 4319
3 4322 4319 333
3 344 4323 4318
3 4323 343 4313
3 4318 4313 333
3 534 4322 4324
3 4322 333 4315
3 4324 4315 533
3 345 4325 4327
3 4325 334 4326
3 4327 4326 335
3 535 4328 4329
3 4328 335 4326
3 4329 4326 334
3 344 4320 4330
3 4320 334 4325
3 4330 4325 345
3 534 4331 4321
3 4331 535 4329
3 4321 4329 334
3 345 4327 4332
3 4327 335 3100
3 4332 3100 346
3 335 4328 4334
3 4328 535 4333
3 4334 4333 537
3 335 4334 3102
3 4334 537 4335
3 3102 4335 536
3 336 4290 4337
3 4290 337 4336
3 4337 4336 348
3 336 4337 3193
3 4337 348 4338
3 3193 4338 347
3 337 4293 4340
3 4293 338 4339
3 4340 4339 350
3 337 4341 4336
3 4341 349 4342
3 4336 4342 348
3 337 4340 4341
3 4340 350 4343
3 4341 4343 349
3 338 4296 4339
3 4296 553 4344
3 4339 4344 350
3 556 4345 4346
3 4345 339 4301
3 4346 4301 340
3 552 4302 4348
3 4302 339 4347
3 4348 4347 554
3 339 4349 4347
3 4349 555 4350
3 4347 4350 554
3 339 4345 4349
3 4345 556 4351
3 4349 4351 555
3 341 4352 4303
3 4352 557 4353
3 4303 4353 340
3 557 4354 4353
3 4354 556 4346
3 4353 4346 340
3 351 4355 3198
3 4355 557 4352
3 3198 4352 341
3 354 4356 4357
3 4356 342 4316
3 4357 4316 343
3 353 3247 4358
3 3247 342 4356
3 4358 4356 354
3 355 4359 4360
3 4359 343 4323
3 4360 4323 344
3 354 4357 4361
3 4357 343 4359
3 4361 4359 355
3 344 4330 4363
3 4330 345 4362
3 4363 4362 356
3 355 4360 4364
3 4360 344 4363
3 4364 4363 356
3 357 4365 3341
3 4365 345 4332
3 3341 4332 346
3 357 4366 4365
3 4366 356 4362
3 4365 4362 345
3 358 3385 4367
3 3385 347 4338
3 4367 4338 348
3 559 4368 4369
3 4368 348 4342
3 4369 4342 349
3 358 4367 4371
3 4367 348 4370
3 4371 4370 558
3 558 4370 4372
3 4370 348 4368
3 4372 4368 559
3 560 4373 4374
3 4373 349 4343
3 4374 4343 350
3 559 4369 4375
3 4369 349 4373
3 4375 4373 560
3 553 4376 4344
3 4376 728 4377
3 4344 4377 350
3 734 4378 4379
3 4378 560 4374
3 4379 4374 350
3 350 4377 4381
3 4377 728 4380
3 4381 4380 730
3 734 4379 4382
3 4379 350 4381
3 4382 4381 730
3 359 4383 4384
3 4383 351 3296
3 4384 3296 360
3 351 4383 4386
3 4383 359 4385
3 4386 4385 561
3 351 4386 4355
3 4386 561 4387
3 4355 4387 557
3 352 3248 4389
3 3248 353 4388
3 4389 4388 577
3 577 4390 4389
3 4390 374 3338
3 4389 3338 352
3 579 4391 4392
3 4391 353 4358
3 4392 4358 354
3 578 4393 4394
3 4393 577 4388
3 4394 4388 353
3 353 4391 4394
3 4391 579 4395
3 4394 4395 578
3 354 4361 4397
3 4361 355 4396
3 4397 4396 580
3 354 4397 4392
3 4397 580 4398
3 4392 4398 579
3 355 4364 4400
3 4364 356 4399
3 4400 4399 581
3 355 4400 4396
3 4400 581 4401
3 4396 4401 580
3 357 4402 4366
3 4402 582 4403
3 4366 4403 356
3 356 4403 4399
3 4403 582 4404
3 4399 4404 581
3 357 3344 4402
3 3344 375 4405
3 4402 4405 582
3 358 4371 3387
3 4371 558 4406
3 3387 4406 598
3 562 4407 4408
3 4407 359 4384
3 4408 4384 360
3 562 4409 4407
3 4409 561 4385
3 4407 4385 359
3 563 4410 4411
3 4410 360 3298
3 4411 3298 361
3 563 4412 4410
3 4412 562 4408
3 4410 4408 360
3 564 4413 4414
3 4413 361 3301
3 4414 3301 362
3 564 4415 4413
3 4415 563 4411
3 4413 4411 361
3 565 4416 4417
3 4416 362 3304
3 4417 3304 363
3 565 4418 4416
3 4418 564 4414
3 4416 4414 362
3 566 4419 4420
3 4419 363 3307
3 4420 3307 364
3 566 4421 4419
3 4421 565 4417
3 4419 4417 363
3 567 4422 4423
3 4422 364 3310
3 4423 3310 365
3 567 4424 4422
3 4424 566 4420
3 4422 4420 364
3 568 4425 4426
3 4425 365 3313
3 4426 3313 366
3 568 4427 4425
3 4427 567 4423
3 4425 4423 365
3 569 4428 4429
3 4428 366 3316
3 4429 3316 367
3 569 4430 4428
3 4430 568 4426
3 4428 4426 366
3 570 4431 4432
3 4431 367 3319
3 4432 3319 368
3 569 4429 4433
3 4429 367 4431
3 4433 4431 570
3 571 4434 4435
3 4434 368 3322
3 4435 3322 369
3 571 4436 4434
3 4436 570 4432
3 4434 4432 368
3 572 4437 4438
3 4437 369 3325
3 4438 3325 370
3 571 4435 4439
3 4435 369 4437
3 4439 4437 572
3 573 4440 4441
3 4440 370 3328
3 4441 3328 371
3 572 4438 4442
3 4438 370 4440
3 4442 4440 573
3 574 4443 4444
3 4443 371 3331
3 4444 3331 372
3 573 4441 4445
3 4441 371 4443
3 4445 4443 574
3 575 4446 4447
3 4446 372 3334
3 4447 3334 373
3 372 4446 4444
3 4446 575 4448
3 4444 4448 574
3 576 4449 4450
3 4449 373 3337
3 4450 3337 374
3 373 4449 4447
3 4449 576 4451
3 4447 4451 575
3 374 4390 4450
3 4390 577 4452
3 4450 4452 576
3 584 4453 4454
3 4453 375 3345
3 4454 3345 376
3 582 4405 4456
3 4405 375 4455
3 4456 4455 583
3 583 4455 4457
3 4455 375 4453
3 4457 4453 584
3 585 4458 4459
3 4458 376 3348
3 4459 3348 377
3 584 4454 4460
3 4454 376 4458
3 4460 4458 585
3 586 4461 4462
3 4461 377 3351
3 4462 3351 378
3 585 4459 4463
3 4459 377 4461
3 4463 4461 586
3 378 3354 4465
3 3354 379 4464
3 4465 4464 587
3 586 4462 4466
3 4462 378 4465
3 4466 4465 587
3 379 3357 4468
3 3357 380 4467
3 4468 4467 588
3 379 4468 4464
3 4468 588 4469
3 4464 4469 587
3 589 4470 4471
3 4470 380 3360
3 4471 3360 381
3 588 4467 4472
3 4467 380 4470
3 4472 4470 589
3 381 3363 4474
3 3363 382 4473
3 4474 4473 590
3 589 4471 4475
3 4471 381 4474
3 4475 4474 590
3 382 3366 4477
3 3366 383 4476
3 4477 4476 591
3 382 4477 4473
3 4477 591 4478
3 4473 4478 590
3 592 4479 4480
3 4479 383 3369
3 4480 3369 384
3 591 4476 4481
3 4476 383 4479
3 4481 4479 592
3 385 4482 3372
3 4482 593 4483
3 3372 4483 384
3 593 4484 4483
3 4484 592 4480
3 4483 4480 384
3 386 4485 3375
3 4485 594 4486
3 3375 4486 385
3 385 4486 4482
3 4486 594 4487
3 4482 4487 593
3 595 4488 4489
3 4488 386 3378
3 4489 3378 387
3 386 4488 4485
3 4488 595 4490
3 4485 4490 594
3 596 4491 4492
3 4491 387 3381
3 4492 3381 388
3 387 4491 4489
3 4491 596 4493
3 4489 4493 595
3 597 4494 4495
3 4494 388 3384
3 4495 3384 389
3 388 4494 4492
3 4494 597 4496
3 4492 4496 596
3 389 3389 4495
3 3389 598 4497
3 4495 4497 597
3 394 4498 4500
3 4498 390 4499
3 4500 4499 391
3 605 4501 4502
3 4501 391 4499
3 4502 4499 390
3 390 4498 4504
3 4498 394 4503
3 4504 4503 610
3 390 4505 4502
3 4505 604 4506
3 4502 4506 605
3 604 4505 4508
3 4505 390 4507
3 4508 4507 775
3 610 4509 4504
3 4509 775 4507
3 4504 4507 390
3 392 4510 4512
3 4510 395 4511
3 4512 4511 391
3 606 4513 4514
3 4513 392 4512
3 4514 4512 391
3 391 4511 4500
3 4511 395 4515
3 4500 4515 394
3 391 4501 4514
3 4501 605 4516
3 4514 4516 606
3 396 4517 4519
3 4517 392 4518
3 4519 4518 393
3 776 4520 4521
3 4520 393 4518
3 4521 4518 392
3 395 4510 4522
3 4510 392 4517
3 4522 4517 396
3 776 4521 4523
3 4521 392 4513
3 4523 4513 606
3 393 4524 4519
3 4524 397 4525
3 4519 4525 396
3 393 4520 4524
3 4520 776 4526
3 4524 4526 397
3 402 4527 4528
3 4527 394 4515
3 4528 4515 395
3 401 4529 4530
3 4529 394 4527
3 4530 4527 402
3 401 4531 4529
3 4531 610 4503
3 4529 4503 394
3 396 4532 4522
3 4532 403 4533
3 4522 4533 395
3 395 4533 4528
3 4533 403 4534
3 4528 4534 402
3 404 4535 4536
3 4535 396 4525
3 4536 4525 397
3 396 4535 4532
3 4535 404 4537
3 4532 4537 403
3 397 4538 4536
3 4538 405 4539
3 4536 4539 404
3 405 4538 4541
3 4538 397 4540
3 4541 4540 780
3 397 4526 4540
3 4526 776 4542
3 4540 4542 780
3 398 4543 4545
3 4543 399 4544
3 4545 4544 408
3 777 4546 4547
3 4546 399 4543
3 4547 4543 398
3 398 4548 4550
3 4548 407 4549
3 4550 4549 406
3 781 4551 4552
3 4551 398 4550
3 4552 4550 406
3 398 4545 4548
3 4545 408 4553
3 4548 4553 407
3 781 4554 4551
3 4554 777 4547
3 4551 4547 398
3 399 4555 4557
3 4555 400 4556
3 4557 4556 409
3 399 4558 4555
3 4558 608 4559
3 4555 4559 400
3 399 4557 4544
3 4557 409 4560
3 4544 4560 408
3 608 4558 4562
3 4558 399 4561
3 4562 4561 607
3 777 4563 4546
3 4563 607 4561
3 4546 4561 399
3 613 4564 4565
3 4564 409 4556
3 4565 4556 400
3 608 4566 4559
3 4566 611 4567
3 4559 4567 400
3 611 4568 4567
3 4568 613 4565
3 4567 4565 400
3 411 4569 4570
3 4569 401 4530
3 4570 4530 402
3 410 4571 4572
3 4571 401 4569
3 4572 4569 411
3 410 4573 4571
3 4573 612 4574
3 4571 4574 401
3 610 4531 4575
3 4531 401 4574
3 4575 4574 612
3 412 4576 4577
3 4576 402 4534
3 4577 4534 403
3 411 4570 4578
3 4570 402 4576
3 4578 4576 412
3 404 4579 4537
3 4579 413 4580
3 4537 4580 403
3 403 4580 4577
3 4580 413 4581
3 4577 4581 412
3 414 4582 4583
3 4582 404 4539
3 4583 4539 405
3 404 4582 4579
3 4582 414 4584
3 4579 4584 413
3 405 4585 4583
3 4585 415 4586
3 4583 4586 414
3 415 4585 4588
3 4585 405 4587
3 4588 4587 784
3 784 4587 4589
3 4587 405 4541
3 4589 4541 780
3 406 4549 4591
3 4549 407 4590
3 4591 4590 418
3 406 4592 4594
3 4592 417 4593
3 4594 4593 416
3 785 4595 4596
3 4595 406 4594
3 4596 4594 416
3 406 4591 4592
3 4591 418 4597
3 4592 4597 417
3 785 4598 4595
3 4598 781 4552
3 4595 4552 406
3 407 4553 4600
3 4553 408 4599
3 4600 4599 419
3 407 4600 4590
3 4600 419 4601
3 4590 4601 418
3 408 4560 4603
3 4560 409 4602
3 4603 4602 420
3 408 4603 4599
3 4603 420 4604
3 4599 4604 419
3 409 4605 4602
3 4605 615 4606
3 4602 4606 420
3 613 4607 4564
3 4607 615 4605
3 4564 4605 409
3 421 4608 4609
3 4608 410 4572
3 4609 4572 411
3 410 4608 4611
3 4608 421 4610
3 4611 4610 616
3 612 4573 4613
3 4573 410 4612
3 4613 4612 614
3 616 4614 4611
3 4614 614 4612
3 4611 4612 410
3 412 4615 4578
3 4615 422 4616
3 4578 4616 411
3 411 4616 4609
3 4616 422 4617
3 4609 4617 421
3 423 4618 4619
3 4618 412 4581
3 4619 4581 413
3 412 4618 4615
3 4618 423 4620
3 4615 4620 422
3 414 4621 4584
3 4621 424 4622
3 4584 4622 413
3 413 4622 4619
3 4622 424 4623
3 4619 4623 423
3 425 4624 4625
3 4624 414 4586
3 4625 4586 415
3 414 4624 4621
3 4624 425 4626
3 4621 4626 424
3 415 4627 4625
3 4627 426 4628
3 4625 4628 425
3 426 4627 4630
3 4627 415 4629
3 4630 4629 788
3 788 4629 4631
3 4629 415 4588
3 4631 4588 784
3 416 4593 4633
3 4593 417 4632
3 4633 4632 429
3 427 4634 4636
3 4634 416 4635
3 4636 4635 428
3 416 4634 4638
3 4634 427 4637
3 4638 4637 789
3 416 4633 4635
3 4633 429 4639
3 4635 4639 428
3 789 4640 4638
3 4640 785 4596
3 4638 4596 416
3 417 4597 4642
3 4597 418 4641
3 4642 4641 430
3 417 4642 4632
3 4642 430 4643
3 4632 4643 429
3 418 4601 4645
3 4601 419 4644
3 4645 4644 431
3 418 4645 4641
3 4645 431 4646
3 4641 4646 430
3 419 4604 4648
3 4604 420 4647
3 4648 4647 432
3 419 4648 4644
3 4648 432 4649
3 4644 4649 431
3 794 4650 4651
3 4650 432 4647
3 4651 4647 420
3 794 4651 4652
3 4651 420 4606
3 4652 4606 615
3 433 4653 4654
3 4653 421 4617
3 4654 4617 422
3 421 4653 4656
3 4653 433 4655
3 4656 4655 617
3 617 4657 4656
3 4657 616 4610
3 4656 4610 421
3 434 4658 4659
3 4658 422 4620
3 4659 4620 423
3 422 4658 4654
3 4658 434 4660
3 4654 4660 433
3 435 4661 4662
3 4661 423 4623
3 4662 4623 424
3 435 4663 4661
3 4663 434 4659
3 4661 4659 423
3 436 4664 4665
3 4664 424 4626
3 4665 4626 425
3 424 4664 4662
3 4664 436 4666
3 4662 4666 435
3 437 4667 4668
3 4667 425 4628
3 4668 4628 426
3 425 4667 4665
3 4667 437 3398
3 4665 3398 436
3 426 4669 4668
3 4669 438 3408
3 4668 3408 437
3 438 4669 4671
3 4669 426 4670
3 4671 4670 791
3 791 4670 4672
3 4670 426 4630
3 4672 4630 788
3 442 4673 4674
3 4673 427 4636
3 4674 4636 428
3 441 4675 4677
3 4675 440 4676
3 4677 4676 427
3 793 4678 4679
3 4678 427 4676
3 4679 4676 440
3 442 4680 4673
3 4680 441 4677
3 4673 4677 427
3 793 4681 4678
3 4681 789 4637
3 4678 4637 427
3 443 4682 4683
3 4682 428 4639
3 4683 4639 429
3 443 4684 4682
3 4684 442 4674
3 4682 4674 428
3 444 4685 4686
3 4685 429 4643
3 4686 4643 430
3 444 4687 4685
3 4687 443 4683
3 4685 4683 429
3 445 4688 4689
3 4688 430 4646
3 4689 4646 431
3 445 4690 4688
3 4690 444 4686
3 4688 4686 430
3 618 4691 4692
3 4691 431 4649
3 4692 4649 432
3 445 4689 4693
3 4689 431 4691
3 4693 4691 618
3 618 4692 4695
3 4692 432 4694
3 4695 4694 798
3 794 4696 4650
3 4696 798 4694
3 4650 4694 432
3 446 4697 4698
3 4697 433 4660
3 4698 4660 434
3 433 4697 4700
3 4697 446 4699
3 4700 4699 619
3 619 4701 4700
3 4701 617 4655
3 4700 4655 433
3 447 4702 4703
3 4702 434 4663
3 4703 4663 435
3 434 4702 4698
3 4702 447 4704
3 4698 4704 446
3 447 4703 3400
3 4703 435 4666
3 3400 4666 436
3 620 3415 4706
3 3415 438 4705
3 4706 4705 796
3 796 4705 4707
3 4705 438 4671
3 4707 4671 791
3 439 4708 4710
3 4708 440 4709
3 4710 4709 450
3 440 4708 4712
3 4708 439 4711
3 4712 4711 792
3 448 4713 4715
3 4713 439 4714
3 4715 4714 449
3 439 4713 4717
3 4713 448 4716
3 4717 4716 797
3 439 4710 4714
3 4710 450 4718
3 4714 4718 449
3 797 4719 4717
3 4719 792 4711
3 4717 4711 439
3 451 4720 4721
3 4720 440 4675
3 4721 4675 441
3 451 4722 4720
3 4722 450 4709
3 4720 4709 440
3 792 4723 4712
3 4723 793 4679
3 4712 4679 440
3 452 4724 4725
3 4724 441 4680
3 4725 4680 442
3 452 4726 4724
3 4726 451 4721
3 4724 4721 441
3 453 4727 4728
3 4727 442 4684
3 4728 4684 443
3 453 4729 4727
3 4729 452 4725
3 4727 4725 442
3 454 4730 4731
3 4730 443 4687
3 4731 4687 444
3 454 4732 4730
3 4732 453 4728
3 4730 4728 443
3 445 4733 4690
3 4733 621 4734
3 4690 4734 444
3 454 4731 4735
3 4731 444 4734
3 4735 4734 621
3 445 4693 4733
3 4693 618 4736
3 4733 4736 621
3 455 4737 4738
3 4737 446 4704
3 4738 4704 447
3 446 4737 4740
3 4737 455 4739
3 4740 4739 622
3 622 4741 4740
3 4741 619 4699
3 4740 4699 446
3 447 3401 4738
3 3401 456 4742
3 4738 4742 455
3 448 4715 4744
3 4715 449 4743
3 4744 4743 460
3 458 4745 3470
3 4745 448 4746
3 3470 4746 459
3 448 4745 4748
3 4745 458 4747
3 4748 4747 801
3 448 4744 4746
3 4744 460 3479
3 4746 3479 459
3 801 4749 4748
3 4749 797 4716
3 4748 4716 448
3 449 4718 4751
3 4718 450 4750
3 4751 4750 461
3 449 4751 4743
3 4751 461 3486
3 4743 3486 460
3 462 4752 4753
3 4752 450 4722
3 4753 4722 451
3 462 4754 4752
3 4754 461 4750
3 4752 4750 450
3 463 4755 4756
3 4755 451 4726
3 4756 4726 452
3 463 4757 4755
3 4757 462 4753
3 4755 4753 451
3 464 4758 4759
3 4758 452 4729
3 4759 4729 453
3 464 4760 4758
3 4760 463 4756
3 4758 4756 452
3 454 4761 4732
3 4761 623 4762
3 4732 4762 453
3 464 4759 4763
3 4759 453 4762
3 4763 4762 623
3 621 4764 4735
3 4764 623 4761
3 4735 4761 454
3 465 4765 3439
3 4765 455 4742
3 3439 4742 456
3 455 4765 4767
3 4765 465 4766
3 4767 4766 624
3 624 4768 4767
3 4768 622 4739
3 4767 4739 455
3 620 4769 3430
3 4769 800 4770
3 3430 4770 457
3 625 3454 4772
3 3454 457 4771
3 4772 4771 804
3 457 4770 4771
3 4770 800 4773
3 4771 4773 804
3 805 4774 4775
3 4774 458 3472
3 4775 3472 466
3 805 4776 4774
3 4776 801 4747
3 4774 4747 458
3 467 3489 4777
3 3489 461 4754
3 4777 4754 462
3 468 4778 4779
3 4778 462 4757
3 4779 4757 463
3 468 4780 4778
3 4780 467 4777
3 4778 4777 462
3 464 4781 4760
3 4781 626 4782
3 4760 4782 463
3 468 4779 4783
3 4779 463 4782
3 4783 4782 626
3 623 4784 4763
3 4784 626 4781
3 4763 4781 464
3 627 4785 4786
3 4785 465 3496
3 4786 3496 469
3 627 4787 4785
3 4787 624 4766
3 4785 4766 465
3 809 4788 4789
3 4788 466 3522
3 4789 3522 471
3 809 4790 4788
3 4790 805 4775
3 4788 4775 466
3 468 4791 4780
3 4791 628 4792
3 4780 4792 467
3 467 4792 3491
3 4792 628 4793
3 3491 4793 472
3 626 4794 4783
3 4794 628 4791
3 4783 4791 468
3 469 3498 4796
3 3498 473 4795
3 4796 4795 629
3 629 4797 4796
3 4797 627 4786
3 4796 4786 469
3 474 3553 4799
3 3553 470 4798
3 4799 4798 812
3 470 3513 4801
3 3513 625 4800
3 4801 4800 808
3 808 4802 4801
3 4802 812 4798
3 4801 4798 470
3 813 4803 4804
3 4803 471 3562
3 4804 3562 475
3 813 4805 4803
3 4805 809 4789
3 4803 4789 471
3 628 4806 4793
3 4806 631 3532
3 4793 3532 472
3 473 3539 4808
3 3539 477 4807
3 4808 4807 632
3 473 4808 4795
3 4808 632 4809
3 4795 4809 629
3 633 3593 4811
3 3593 474 4810
3 4811 4810 816
3 812 4812 4799
3 4812 816 4810
3 4799 4810 474
3 630 4813 3612
3 4813 817 4814
3 3612 4814 475
3 817 4815 4814
3 4815 813 4804
3 4814 4804 475
3 476 3534 3625
3 3534 631 4816
3 3625 4816 635
3 477 3577 4818
3 3577 478 4817
3 4818 4817 636
3 636 4819 4818
3 4819 632 4807
3 4818 4807 477
3 478 3674 4821
3 3674 481 4820
3 4821 4820 640
3 640 4822 4821
3 4822 636 4817
3 4821 4817 478
3 639 4823 3627
3 4823 479 3624
3 3627 3624 480
3 643 4824 4825
3 4824 482 3668
3 4825 3668 479
3 639 4826 4823
3 4826 643 4825
3 4823 4825 479
3 644 4827 4828
3 4827 481 3675
3 4828 3675 483
3 640 4820 4829
3 4820 481 4827
3 4829 4827 644
3 647 4830 4831
3 4830 484 3714
3 4831 3714 482
3 643 4832 4824
3 4832 647 4831
3 4824 4831 482
3 483 3719 4834
3 3719 485 4833
3 4834 4833 648
3 644 4828 4835
3 4828 483 4834
3 4835 4834 648
3 652 4836 4837
3 4836 486 3758
3 4837 3758 484
3 652 4837 4838
3 4837 484 4830
3 4838 4830 647
3 653 4839 4840
3 4839 648 4833
3 4840 4833 485
3 2905 4841 3764
3 4841 653 4840
3 3764 4840 485
3 651 3860 4842
3 3860 486 4836
3 4842 4836 652
3 653 4841 4843
3 4841 2905 3765
3 4843 3765 487
3 487 4844 4843
3 4844 2923 4845
3 4843 4845 653
3 2907 4846 3811
3 4846 2923 4844
3 3811 4844 487
3 662 4847 4849
3 4847 658 4848
3 4849 4848 488
3 658 4850 4848
3 4850 2907 3813
3 4848 3813 488
3 2909 4851 3871
3 4851 662 4849
3 3871 4849 488
3 661 4852 3861
3 4852 489 3858
3 3861 3858 490
3 665 3968 4853
3 3968 489 4852
3 4853 4852 661
3 662 4851 4854
3 4851 2909 3872
3 4854 3872 491
3 491 4855 4854
3 4855 2925 4856
3 4854 4856 662
3 666 4857 4858
3 4857 491 3920
3 4858 3920 2911
3 2925 4855 4859
3 4855 491 4857
3 4859 4857 666
3 671 4860 4862
3 4860 666 4861
3 4862 4861 492
3 666 4858 4861
3 4858 2911 3922
3 4861 3922 492
3 671 4862 4863
3 4862 492 3977
3 4863 3977 2912
3 670 4864 3969
3 4864 493 3966
3 3969 3966 494
3 669 4865 4866
3 4865 496 4017
3 4866 4017 493
3 670 4867 4864
3 4867 669 4866
3 4864 4866 493
3 495 4022 4869
3 4022 497 4868
3 4869 4868 675
3 495 4869 4871
3 4869 675 4870
3 4871 4870 671
3 671 4863 4871
3 4863 2912 3978
3 4871 3978 495
3 499 4059 4873
3 4059 496 4872
3 4873 4872 674
3 496 4865 4872
3 4865 669 4874
3 4872 4874 674
3 497 4064 4876
3 4064 500 4875
3 4876 4875 678
3 678 4877 4876
3 4877 675 4868
3 4876 4868 497
3 498 4078 4879
3 4078 672 4878
3 4879 4878 856
3 679 4121 4881
3 4121 498 4880
3 4881 4880 860
3 856 4882 4879
3 4882 860 4880
3 4879 4880 498
3 501 4100 4884
3 4100 499 4883
3 4884 4883 677
3 677 4883 4885
3 4883 499 4873
3 4885 4873 674
3 500 4105 4887
3 4105 502 4886
3 4887 4886 682
3 682 4888 4887
3 4888 678 4875
3 4887 4875 500
3 503 4146 4890
3 4146 501 4889
3 4890 4889 681
3 681 4889 4891
3 4889 501 4884
3 4891 4884 677
3 682 4886 4892
3 4886 502 4191
3 4892 4191 504
3 505 4185 4894
3 4185 503 4893
3 4894 4893 685
3 685 4893 4895
3 4893 503 4890
3 4895 4890 681
3 504 4192 4897
3 4192 506 4896
3 4897 4896 691
3 686 4898 4899
3 4898 682 4892
3 4899 4892 504
3 691 4900 4897
3 4900 686 4899
3 4897 4899 504
3 690 4901 4902
3 4901 514 4231
3 4902 4231 505
3 690 4902 4903
3 4902 505 4894
3 4903 4894 685
3 506 4236 4905
3 4236 515 4904
3 4905 4904 706
3 691 4896 4906
3 4896 506 4905
3 4906 4905 706
3 508 4907 4246
3 4907 692 4908
3 4246 4908 507
3 507 4908 2954
3 4908 692 4276
3 2954 4276 509
3 873 4909 4910
3 4909 508 4248
3 4910 4248 688
3 878 4911 4912
3 4911 692 4907
3 4912 4907 508
3 873 4913 4909
3 4913 878 4912
3 4909 4912 508
3 511 2973 4915
3 2973 510 4914
3 4915 4914 703
3 510 4284 4914
3 4284 702 4916
3 4914 4916 703
3 512 2980 4918
3 2980 511 4917
3 4918 4917 704
3 511 4915 4917
3 4915 703 4919
3 4917 4919 704
3 513 4253 4920
3 4253 512 4918
3 4920 4918 704
3 689 4254 4922
3 4254 513 4921
3 4922 4921 874
3 513 4920 4924
3 4920 704 4923
3 4924 4923 883
3 513 4924 4921
3 4924 883 4925
3 4921 4925 874
3 551 4267 4927
3 4267 514 4926
3 4927 4926 705
3 705 4926 4928
3 4926 514 4901
3 4928 4901 690
3 515 4272 4930
3 4272 552 4929
3 4930 4929 727
3 727 4931 4930
3 4931 706 4904
3 4930 4904 515
3 516 4279 4933
3 4279 517 4932
3 4933 4932 707
3 516 4933 3022
3 4933 707 4934
3 3022 4934 518
3 693 4935 4280
3 4935 886 4936
3 4280 4936 517
3 887 4937 4938
3 4937 707 4932
3 4938 4932 517
3 886 4939 4936
3 4939 887 4938
3 4936 4938 517
3 707 4940 4934
3 4940 519 3029
3 4934 3029 518
3 520 3036 4942
3 3036 519 4941
3 4942 4941 708
3 519 4940 4941
3 4940 707 4943
3 4941 4943 708
3 709 4944 4945
3 4944 521 3043
3 4945 3043 520
3 709 4945 4946
3 4945 520 4942
3 4946 4942 708
3 710 4947 4948
3 4947 522 3045
3 4948 3045 521
3 710 4948 4949
3 4948 521 4944
3 4949 4944 709
3 711 4950 4951
3 4950 523 3052
3 4951 3052 522
3 711 4951 4952
3 4951 522 4947
3 4952 4947 710
3 712 4953 4954
3 4953 524 3059
3 4954 3059 523
3 712 4954 4955
3 4954 523 4950
3 4955 4950 711
3 713 4956 4957
3 4956 525 3071
3 4957 3071 524
3 713 4957 4958
3 4957 524 4953
3 4958 4953 712
3 714 4959 4960
3 4959 526 3078
3 4960 3078 525
3 714 4960 4961
3 4960 525 4956
3 4961 4956 713
3 715 4962 4963
3 4962 527 3085
3 4963 3085 526
3 715 4963 4964
3 4963 526 4959
3 4964 4959 714
3 528 4965 4967
3 4965 530 4966
3 4967 4966 527
3 528 4967 4968
3 4967 527 4962
3 4968 4962 715
3 530 4969 4966
3 4969 529 3092
3 4966 3092 527
3 695 4970 4971
3 4970 530 4965
3 4971 4965 528
3 694 4972 4973
3 4972 695 4971
3 4973 4971 528
3 694 4973 4975
3 4973 528 4974
3 4975 4974 716
3 528 4968 4974
3 4968 715 4976
3 4974 4976 716
3 530 4977 4969
3 4977 531 4309
3 4969 4309 529
3 696 4978 4979
3 4978 531 4977
3 4979 4977 530
3 695 4980 4970
3 4980 696 4979
3 4970 4979 530
3 697 4981 4982
3 4981 532 4310
3 4982 4310 531
3 696 4983 4978
3 4983 697 4982
3 4978 4982 531
3 880 4984 4985
3 4984 533 4317
3 4985 4317 532
3 697 4986 4981
3 4986 880 4985
3 4981 4985 532
3 533 4984 4324
3 4984 880 4987
3 4324 4987 534
3 534 4988 4331
3 4988 699 4989
3 4331 4989 535
3 698 4990 4991
3 4990 699 4988
3 4991 4988 534
3 880 4992 4987
3 4992 698 4991
3 4987 4991 534
3 535 4993 4333
3 4993 700 4994
3 4333 4994 537
3 535 4989 4993
3 4989 699 4995
3 4993 4995 700
3 539 4996 4997
3 4996 536 4335
3 4997 4335 537
3 539 4998 4996
3 4998 538 3109
3 4996 3109 536
3 701 4999 5000
3 4999 539 4997
3 5000 4997 537
3 700 5001 4994
3 5001 701 5000
3 4994 5000 537
3 541 5002 5003
3 5002 538 4998
3 5003 4998 539
3 541 5004 5002
3 5004 540 3116
3 5002 3116 538
3 896 5005 5006
3 5005 541 5003
3 5006 5003 539
3 701 5007 4999
3 5007 896 5006
3 4999 5006 539
3 717 5008 5009
3 5008 540 5004
3 5009 5004 541
3 717 5010 5008
3 5010 542 3123
3 5008 3123 540
3 896 5011 5005
3 5011 717 5009
3 5005 5009 541
3 717 5012 5010
3 5012 543 3130
3 5010 3130 542
3 718 5013 5014
3 5013 544 3137
3 5014 3137 543
3 718 5014 5015
3 5014 543 5012
3 5015 5012 717
3 719 5016 5017
3 5016 545 3144
3 5017 3144 544
3 719 5017 5018
3 5017 544 5013
3 5018 5013 718
3 720 5019 5020
3 5019 546 3146
3 5020 3146 545
3 545 5016 5020
3 5016 719 5021
3 5020 5021 720
3 721 5022 5023
3 5022 547 3153
3 5023 3153 546
3 721 5023 5024
3 5023 546 5019
3 5024 5019 720
3 722 5025 5026
3 5025 548 3165
3 5026 3165 547
3 722 5026 5027
3 5026 547 5022
3 5027 5022 721
3 723 5028 5029
3 5028 549 3172
3 5029 3172 548
3 723 5029 5030
3 5029 548 5025
3 5030 5025 722
3 550 3179 5032
3 3179 549 5031
3 5032 5031 724
3 724 5031 5033
3 5031 549 5028
3 5033 5028 723
3 725 4286 5034
3 4286 550 5032
3 5034 5032 724
3 553 4297 5036
3 4297 551 5035
3 5036 5035 726
3 705 5037 4927
3 5037 726 5035
3 4927 5035 551
3 727 4929 5038
3 4929 552 4348
3 5038 4348 554
3 553 5036 4376
3 5036 726 5039
3 4376 5039 728
3 731 5040 5041
3 5040 554 4350
3 5041 4350 555
3 727 5038 5043
3 5038 554 5042
3 5043 5042 729
3 729 5042 5044
3 5042 554 5040
3 5044 5040 731
3 732 5045 5046
3 5045 555 4351
3 5046 4351 556
3 731 5041 5047
3 5041 555 5045
3 5047 5045 732
3 732 5046 5048
3 5046 556 4354
3 5048 4354 557
3 561 5049 4387
3 5049 735 5050
3 4387 5050 557
3 732 5048 5051
3 5048 557 5050
3 5051 5050 735
3 558 4372 5053
3 4372 559 5052
3 5053 5052 733
3 558 5054 4406
3 5054 599 5055
3 4406 5055 598
3 558 5053 5054
3 5053 733 5056
3 5054 5056 599
3 734 5057 4378
3 5057 559 4375
3 4378 4375 560
3 734 5058 5057
3 5058 733 5052
3 5057 5052 559
3 737 5059 5060
3 5059 561 4409
3 5060 4409 562
3 736 5061 5062
3 5061 735 5049
3 5062 5049 561
3 737 5063 5059
3 5063 736 5062
3 5059 5062 561
3 738 5064 5065
3 5064 562 4412
3 5065 4412 563
3 737 5060 5066
3 5060 562 5064
3 5066 5064 738
3 739 5067 5068
3 5067 563 4415
3 5068 4415 564
3 738 5065 5069
3 5065 563 5067
3 5069 5067 739
3 740 5070 5071
3 5070 564 4418
3 5071 4418 565
3 739 5068 5072
3 5068 564 5070
3 5072 5070 740
3 741 5073 5074
3 5073 565 4421
3 5074 4421 566
3 740 5071 5075
3 5071 565 5073
3 5075 5073 741
3 742 5076 5077
3 5076 566 4424
3 5077 4424 567
3 741 5074 5078
3 5074 566 5076
3 5078 5076 742
3 743 5079 5080
3 5079 567 4427
3 5080 4427 568
3 743 5081 5079
3 5081 742 5077
3 5079 5077 567
3 744 5082 5083
3 5082 568 4430
3 5083 4430 569
3 743 5080 5084
3 5080 568 5082
3 5084 5082 744
3 745 5085 5086
3 5085 569 4433
3 5086 4433 570
3 744 5083 5087
3 5083 569 5085
3 5087 5085 745
3 571 5088 4436
3 5088 746 5089
3 4436 5089 570
3 745 5086 5090
3 5086 570 5089
3 5090 5089 746
3 571 4439 5092
3 4439 572 5091
3 5092 5091 747
3 571 5092 5088
3 5092 747 5093
3 5088 5093 746
3 572 4442 5095
3 4442 573 5094
3 5095 5094 748
3 572 5095 5091
3 5095 748 5096
3 5091 5096 747
3 573 4445 5098
3 4445 574 5097
3 5098 5097 749
3 573 5098 5094
3 5098 749 5099
3 5094 5099 748
3 750 5100 5101
3 5100 574 4448
3 5101 4448 575
3 574 5100 5097
3 5100 750 5102
3 5097 5102 749
3 751 5103 5104
3 5103 575 4451
3 5104 4451 576
3 575 5103 5101
3 5103 751 5105
3 5101 5105 750
3 752 5106 5107
3 5106 576 4452
3 5107 4452 577
3 576 5106 5104
3 5106 752 5108
3 5104 5108 751
3 577 4393 5110
3 4393 578 5109
3 5110 5109 2899
3 2899 5111 5110
3 5111 752 5107
3 5110 5107 577
3 754 5112 5113
3 5112 578 4395
3 5113 4395 579
3 754 5114 5112
3 5114 753 5115
3 5112 5115 578
3 2899 5109 5116
3 5109 578 5115
3 5116 5115 753
3 580 5117 4398
3 5117 755 5118
3 4398 5118 579
3 579 5118 5113
3 5118 755 5119
3 5113 5119 754
3 756 5120 5121
3 5120 580 4401
3 5121 4401 581
3 755 5117 5122
3 5117 580 5120
3 5122 5120 756
3 757 5123 5124
3 5123 581 4404
3 5124 4404 582
3 757 5125 5123
3 5125 756 5121
3 5123 5121 581
3 758 5126 5127
3 5126 582 4456
3 5127 4456 583
3 758 5128 5126
3 5128 757 5124
3 5126 5124 582
3 759 5129 5130
3 5129 583 4457
3 5130 4457 584
3 759 5131 5129
3 5131 758 5127
3 5129 5127 583
3 760 5132 5133
3 5132 584 4460
3 5133 4460 585
3 759 5130 5134
3 5130 584 5132
3 5134 5132 760
3 761 5135 5136
3 5135 585 4463
3 5136 4463 586
3 760 5133 5137
3 5133 585 5135
3 5137 5135 761
3 762 5138 5139
3 5138 586 4466
3 5139 4466 587
3 761 5136 5140
3 5136 586 5138
3 5140 5138 762
3 763 5141 5142
3 5141 587 4469
3 5142 4469 588
3 762 5139 5143
3 5139 587 5141
3 5143 5141 763
3 764 5144 5145
3 5144 588 4472
3 5145 4472 589
3 763 5142 5146
3 5142 588 5144
3 5146 5144 764
3 765 5147 5148
3 5147 589 4475
3 5148 4475 590
3 764 5145 5149
3 5145 589 5147
3 5149 5147 765
3 766 5150 5151
3 5150 590 4478
3 5151 4478 591
3 765 5148 5152
3 5148 590 5150
3 5152 5150 766
3 767 5153 5154
3 5153 591 4481
3 5154 4481 592
3 766 5151 5155
3 5151 591 5153
3 5155 5153 767
3 768 5156 5157
3 5156 592 4484
3 5157 4484 593
3 768 5158 5156
3 5158 767 5154
3 5156 5154 592
3 769 5159 5160
3 5159 593 4487
3 5160 4487 594
3 768 5157 5161
3 5157 593 5159
3 5161 5159 769
3 770 5162 5163
3 5162 594 4490
3 5163 4490 595
3 769 5160 5164
3 5160 594 5162
3 5164 5162 770
3 771 5165 5166
3 5165 595 4493
3 5166 4493 596
3 770 5163 5167
3 5163 595 5165
3 5167 5165 771
3 772 5168 5169
3 5168 596 4496
3 5169 4496 597
3 771 5166 5170
3 5166 596 5168
3 5170 5168 772
3 773 5171 5172
3 5171 597 4497
3 5172 4497 598
3 772 5169 5173
3 5169 597 5171
3 5173 5171 773
3 773 5172 5174
3 5172 598 5055
3 5174 5055 599
3 599 5056 5176
3 5056 733 5175
3 5176 5175 913
3 773 5174 5178
3 5174 599 5177
3 5178 5177 954
3 599 5176 5177
3 5176 913 5179
3 5177 5179 954
3 604 5180 5182
3 5180 600 5181
3 5182 5181 601
3 601 5181 5184
3 5181 600 5183
3 5184 5183 956
3 774 5185 5186
3 5185 600 5180
3 5186 5180 604
3 774 5187 5185
3 5187 956 5183
3 5185 5183 600
3 605 5188 5190
3 5188 601 5189
3 5190 5189 602
3 602 5189 5192
3 5189 601 5191
3 5192 5191 958
3 605 4506 5188
3 4506 604 5182
3 5188 5182 601
3 601 5184 5191
3 5184 956 5193
3 5191 5193 958
3 603 5194 5196
3 5194 606 5195
3 5196 5195 602
3 603 5196 5198
3 5196 602 5197
3 5198 5197 960
3 602 5195 5190
3 5195 606 4516
3 5190 4516 605
3 602 5192 5197
3 5192 958 5199
3 5197 5199 960
3 606 5194 5201
3 5194 603 5200
3 5201 5200 964
3 603 5198 5203
3 5198 960 5202
3 5203 5202 962
3 603 5203 5200
3 5203 962 5204
3 5200 5204 964
3 775 5205 4508
3 5205 774 5186
3 4508 5186 604
3 776 4523 5206
3 4523 606 5201
3 5206 5201 964
3 607 5207 4562
3 5207 965 5208
3 4562 5208 608
3 974 5209 5210
3 5209 607 4563
3 5210 4563 777
3 974 5211 5209
3 5211 965 5207
3 5209 5207 607
3 608 5212 4566
3 5212 609 5213
3 4566 5213 611
3 608 5214 5212
3 5214 967 5215
3 5212 5215 609
3 608 5208 5214
3 5208 965 5216
3 5214 5216 967
3 782 5217 5218
3 5217 611 5213
3 5218 5213 609
3 782 5218 5220
3 5218 609 5219
3 5220 5219 778
3 609 5221 5219
3 5221 969 5222
3 5219 5222 778
3 609 5215 5221
3 5215 967 5223
3 5221 5223 969
3 612 5224 4575
3 5224 779 5225
3 4575 5225 610
3 775 4509 5226
3 4509 610 5225
3 5226 5225 779
3 786 5227 5228
3 5227 613 4568
3 5228 4568 611
3 782 5229 5217
3 5229 786 5228
3 5217 5228 611
3 787 5230 5231
3 5230 612 4613
3 5231 4613 614
3 779 5224 5233
3 5224 612 5232
3 5233 5232 783
3 787 5234 5230
3 5234 783 5232
3 5230 5232 612
3 984 5235 5236
3 5235 615 4607
3 5236 4607 613
3 984 5236 5237
3 5236 613 5227
3 5237 5227 786
3 614 4614 5239
3 4614 616 5238
3 5239 5238 790
3 790 5240 5239
3 5240 787 5231
3 5239 5231 614
3 794 4652 5242
3 4652 615 5241
3 5242 5241 989
3 989 5241 5243
3 5241 615 5235
3 5243 5235 984
3 616 4657 5245
3 4657 617 5244
3 5245 5244 795
3 795 5246 5245
3 5246 790 5238
3 5245 5238 616
3 617 4701 5248
3 4701 619 5247
3 5248 5247 799
3 799 5249 5248
3 5249 795 5244
3 5248 5244 617
3 618 4695 4736
3 4695 798 5250
3 4736 5250 621
3 619 4741 5252
3 4741 622 5251
3 5252 5251 803
3 803 5253 5252
3 5253 799 5247
3 5252 5247 619
3 620 4706 4769
3 4706 796 5254
3 4769 5254 800
3 623 4764 5256
3 4764 621 5255
3 5256 5255 802
3 621 5250 5255
3 5250 798 5257
3 5255 5257 802
3 622 4768 5259
3 4768 624 5258
3 5259 5258 807
3 807 5260 5259
3 5260 803 5251
3 5259 5251 622
3 626 4784 5262
3 4784 623 5261
3 5262 5261 806
3 623 5256 5261
3 5256 802 5263
3 5261 5263 806
3 624 4787 5265
3 4787 627 5264
3 5265 5264 811
3 811 5266 5265
3 5266 807 5258
3 5265 5258 624
3 625 4772 4800
3 4772 804 5267
3 4800 5267 808
3 628 4794 5269
3 4794 626 5268
3 5269 5268 810
3 810 5268 5270
3 5268 626 5262
3 5270 5262 806
3 815 5271 5272
3 5271 627 4797
3 5272 4797 629
3 811 5264 5273
3 5264 627 5271
3 5273 5271 815
3 631 4806 5275
3 4806 628 5274
3 5275 5274 814
3 814 5274 5276
3 5274 628 5269
3 5276 5269 810
3 632 5277 4809
3 5277 815 5272
3 4809 5272 629
3 630 3608 5279
3 3608 634 5278
3 5279 5278 821
3 821 5280 5279
3 5280 817 4813
3 5279 4813 630
3 818 5281 5282
3 5281 635 4816
3 5282 4816 631
3 818 5282 5283
3 5282 631 5275
3 5283 5275 814
3 632 4819 5285
3 4819 636 5284
3 5285 5284 823
3 632 5286 5277
3 5286 819 5287
3 5277 5287 815
3 632 5285 5286
3 5285 823 5288
3 5286 5288 819
3 637 3596 5290
3 3596 633 5289
3 5290 5289 824
3 816 5291 4811
3 5291 820 5292
3 4811 5292 633
3 633 5292 5289
3 5292 820 5293
3 5289 5293 824
3 634 3655 5295
3 3655 638 5294
3 5295 5294 825
3 825 5296 5295
3 5296 821 5278
3 5295 5278 634
3 822 5297 5298
3 5297 639 3629
3 5298 3629 635
3 822 5298 5299
3 5298 635 5281
3 5299 5281 818
3 636 4822 5301
3 4822 640 5300
3 5301 5300 827
3 827 5302 5301
3 5302 823 5284
3 5301 5284 636
3 637 5290 3692
3 5290 824 5303
3 3692 5303 641
3 829 5304 5305
3 5304 638 3701
3 5305 3701 642
3 829 5306 5304
3 5306 825 5294
3 5304 5294 638
3 826 5307 5308
3 5307 643 4826
3 5308 4826 639
3 822 5309 5297
3 5309 826 5308
3 5297 5308 639
3 640 4829 5311
3 4829 644 5310
3 5311 5310 831
3 640 5311 5300
3 5311 831 5312
3 5300 5312 827
3 828 5313 5314
3 5313 645 3736
3 5314 3736 641
3 824 5315 5303
3 5315 828 5314
3 5303 5314 641
3 646 5316 3745
3 5316 833 5317
3 3745 5317 642
3 833 5318 5317
3 5318 829 5305
3 5317 5305 642
3 830 5319 5320
3 5319 647 4832
3 5320 4832 643
3 826 5321 5307
3 5321 830 5320
3 5307 5320 643
3 835 5322 5323
3 5322 644 4835
3 5323 4835 648
3 831 5310 5324
3 5310 644 5322
3 5324 5322 835
3 828 5325 5313
3 5325 832 5326
3 5313 5326 645
3 832 5327 5326
3 5327 2928 3780
3 5326 3780 645
3 646 3793 5329
3 3793 650 5328
3 5329 5328 2926
3 2926 5330 5329
3 5330 833 5316
3 5329 5316 646
3 834 5331 5332
3 5331 652 4838
3 5332 4838 647
3 830 5333 5319
3 5333 834 5332
3 5319 5332 647
3 648 4839 5335
3 4839 653 5334
3 5335 5334 839
3 835 5323 5336
3 5323 648 5335
3 5336 5335 839
3 832 5337 5339
3 5337 836 5338
3 5339 5338 649
3 649 3784 5339
3 3784 2928 5327
3 5339 5327 832
3 649 5338 5341
3 5338 836 5340
3 5341 5340 2922
3 2906 3782 3834
3 3782 649 5341
3 3834 5341 2922
3 655 5342 3843
3 5342 841 5343
3 3843 5343 650
3 837 5344 5345
3 5344 2926 5328
3 5345 5328 650
3 2927 5346 5347
3 5346 837 5345
3 5347 5345 650
3 841 5348 5343
3 5348 2927 5347
3 5343 5347 650
3 651 4842 5350
3 4842 652 5349
3 5350 5349 838
3 657 5351 5352
3 5351 656 3864
3 5352 3864 651
3 838 5353 5350
3 5353 657 5352
3 5350 5352 651
3 834 5354 5331
3 5354 2913 5355
3 5331 5355 652
3 652 5355 5349
3 5355 2913 5356
3 5349 5356 838
3 653 4845 5334
3 4845 2923 5357
3 5334 5357 839
3 654 3833 5359
3 3833 2922 5358
3 5359 5358 840
3 840 5360 5359
3 5360 2924 5361
3 5359 5361 654
3 2908 3830 3893
3 3830 654 5361
3 3893 5361 2924
3 660 5362 3902
3 5362 844 5363
3 3902 5363 655
3 844 5364 5363
3 5364 841 5342
3 5363 5342 655
3 657 5365 5351
3 5365 845 5366
3 5351 5366 656
3 661 3865 5367
3 3865 656 5366
3 5367 5366 845
3 657 5353 5369
3 5353 838 5368
3 5369 5368 1118
3 845 5365 5371
3 5365 657 5370
3 5371 5370 1133
3 1118 5372 5369
3 5372 1133 5370
3 5369 5370 657
3 658 4847 5374
3 4847 662 5373
3 5374 5373 846
3 846 5375 5374
3 5375 842 5376
3 5374 5376 658
3 2923 5377 5378
3 5377 658 5376
3 5378 5376 842
3 2923 4846 5377
3 4846 2907 4850
3 5377 4850 658
3 663 3941 5380
3 3941 659 5379
3 5380 5379 843
3 843 5379 5382
3 5379 659 5381
3 5382 5381 840
3 659 3892 5381
3 3892 2924 5360
3 5381 5360 840
3 660 3951 5384
3 3951 664 5383
3 5384 5383 848
3 848 5385 5384
3 5385 844 5362
3 5384 5362 660
3 665 4853 5386
3 4853 661 5367
3 5386 5367 845
3 662 4856 5373
3 4856 2925 5387
3 5373 5387 846
3 847 5388 5389
3 5388 667 3995
3 5389 3995 663
3 847 5389 5390
3 5389 663 5380
3 5390 5380 843
3 668 5391 4004
3 5391 852 5392
3 4004 5392 664
3 664 5392 5383
3 5392 852 5393
3 5383 5393 848
3 670 3971 5395
3 3971 665 5394
3 5395 5394 849
3 845 5396 5386
3 5396 849 5394
3 5386 5394 665
3 666 4860 5398
3 4860 671 5397
3 5398 5397 855
3 855 5399 5398
3 5399 850 5400
3 5398 5400 666
3 666 5400 4859
3 5400 850 5401
3 4859 5401 2925
3 851 5402 5403
3 5402 672 4037
3 5403 4037 667
3 847 5404 5388
3 5404 851 5403
3 5388 5403 667
3 673 5405 4046
3 5405 857 5406
3 4046 5406 668
3 668 5406 5391
3 5406 857 5407
3 5391 5407 852
3 670 5408 4867
3 5408 854 5409
3 4867 5409 669
3 669 5410 4874
3 5410 853 5411
3 4874 5411 674
3 669 5409 5410
3 5409 854 5412
3 5410 5412 853
3 849 5413 5395
3 5413 854 5408
3 5395 5408 670
3 671 4870 5415
3 4870 675 5414
3 5415 5414 859
3 855 5397 5416
3 5397 671 5415
3 5416 5415 859
3 856 4878 5417
3 4878 672 5402
3 5417 5402 851
3 676 5418 4087
3 5418 861 5419
3 4087 5419 673
3 673 5419 5405
3 5419 861 5420
3 5405 5420 857
3 677 4885 5422
3 4885 674 5421
3 5422 5421 858
3 853 5423 5411
3 5423 858 5421
3 5411 5421 674
3 678 5424 4877
3 5424 863 5425
3 4877 5425 675
3 675 5425 5414
3 5425 863 5426
3 5414 5426 859
3 680 5427 4133
3 5427 865 5428
3 4133 5428 676
3 676 5428 5418
3 5428 865 5429
3 5418 5429 861
3 862 5430 5431
3 5430 681 4891
3 5431 4891 677
3 862 5431 5432
3 5431 677 5422
3 5432 5422 858
3 682 5433 4888
3 5433 867 5434
3 4888 5434 678
3 678 5434 5424
3 5434 867 5435
3 5424 5435 863
3 868 5436 5437
3 5436 683 4124
3 5437 4124 679
3 864 5438 5439
3 5438 679 4881
3 5439 4881 860
3 864 5440 5438
3 5440 868 5437
3 5438 5437 679
3 684 5441 4172
3 5441 869 5442
3 4172 5442 680
3 680 5442 5427
3 5442 869 5443
3 5427 5443 865
3 866 5444 5445
3 5444 685 4895
3 5445 4895 681
3 866 5445 5446
3 5445 681 5430
3 5446 5430 862
3 686 5447 4898
3 5447 867 5433
3 4898 5433 682
3 868 5448 5436
3 5448 687 4209
3 5436 4209 683
3 689 5449 4218
3 5449 875 5450
3 4218 5450 684
3 684 5450 5441
3 5450 875 5451
3 5441 5451 869
3 690 4903 5453
3 4903 685 5452
3 5453 5452 870
3 870 5452 5454
3 5452 685 5444
3 5454 5444 866
3 877 5455 5456
3 5455 686 4900
3 5456 4900 691
3 686 5457 5447
3 5457 871 5458
3 5447 5458 867
3 877 5459 5455
3 5459 871 5457
3 5455 5457 686
3 872 5460 5461
3 5460 688 4250
3 5461 4250 687
3 868 5462 5448
3 5462 872 5461
3 5448 5461 687
3 872 5463 5460
3 5463 873 4910
3 5460 4910 688
3 689 4922 5449
3 4922 874 5464
3 5449 5464 875
3 705 4928 5466
3 4928 690 5465
3 5466 5465 876
3 690 5453 5465
3 5453 870 5467
3 5465 5467 876
3 691 4906 5469
3 4906 706 5468
3 5469 5468 885
3 877 5456 5470
3 5456 691 5469
3 5470 5469 885
3 693 4282 5472
3 4282 692 5471
3 5472 5471 879
3 878 5473 4911
3 5473 879 5471
3 4911 5471 692
3 693 5472 4935
3 5472 879 5474
3 4935 5474 886
3 694 5475 4972
3 5475 1208 5476
3 4972 5476 695
3 694 4975 5478
3 4975 716 5477
3 5478 5477 1221
3 694 5478 5475
3 5478 1221 5479
3 5475 5479 1208
3 695 5480 4980
3 5480 1209 5481
3 4980 5481 696
3 695 5476 5480
3 5476 1208 5482
3 5480 5482 1209
3 696 5483 4983
3 5483 1210 5484
3 4983 5484 697
3 696 5481 5483
3 5481 1209 5485
3 5483 5485 1210
3 697 5486 4986
3 5486 1222 5487
3 4986 5487 880
3 697 5484 5486
3 5484 1210 5488
3 5486 5488 1222
3 1211 5489 5490
3 5489 699 4990
3 5490 4990 698
3 698 4992 5492
3 4992 880 5491
3 5492 5491 1223
3 1211 5490 5493
3 5490 698 5492
3 5493 5492 1223
3 699 5494 4995
3 5494 1212 5495
3 4995 5495 700
3 1211 5496 5489
3 5496 1212 5494
3 5489 5494 699
3 700 5497 5001
3 5497 1213 5498
3 5001 5498 701
3 700 5495 5497
3 5495 1212 5499
3 5497 5499 1213
3 701 5500 5007
3 5500 1224 5501
3 5007 5501 896
3 701 5498 5500
3 5498 1213 5502
3 5500 5502 1224
3 702 5503 4916
3 5503 881 5504
3 4916 5504 703
3 725 5505 4287
3 5505 905 5506
3 4287 5506 702
3 702 5506 5503
3 5506 905 5507
3 5503 5507 881
3 703 5508 4919
3 5508 882 5509
3 4919 5509 704
3 703 5504 5508
3 5504 881 5510
3 5508 5510 882
3 704 5509 4923
3 5509 882 5511
3 4923 5511 883
3 705 5512 5037
3 5512 884 5513
3 5037 5513 726
3 705 5466 5512
3 5466 876 5514
3 5512 5514 884
3 706 4931 5516
3 4931 727 5515
3 5516 5515 907
3 885 5468 5517
3 5468 706 5516
3 5517 5516 907
3 888 5518 5519
3 5518 708 4943
3 5519 4943 707
3 887 5520 4937
3 5520 888 5519
3 4937 5519 707
3 709 4946 5522
3 4946 708 5521
3 5522 5521 889
3 889 5521 5523
3 5521 708 5518
3 5523 5518 888
3 890 5524 5525
3 5524 710 4949
3 5525 4949 709
3 890 5525 5526
3 5525 709 5522
3 5526 5522 889
3 891 5527 5528
3 5527 711 4952
3 5528 4952 710
3 891 5528 5529
3 5528 710 5524
3 5529 5524 890
3 892 5530 5531
3 5530 712 4955
3 5531 4955 711
3 892 5531 5532
3 5531 711 5527
3 5532 5527 891
3 893 5533 5534
3 5533 713 4958
3 5534 4958 712
3 893 5534 5535
3 5534 712 5530
3 5535 5530 892
3 894 5536 5537
3 5536 714 4961
3 5537 4961 713
3 894 5537 5538
3 5537 713 5533
3 5538 5533 893
3 895 5539 5540
3 5539 715 4964
3 5540 4964 714
3 895 5540 5541
3 5540 714 5536
3 5541 5536 894
3 895 5542 5539
3 5542 716 4976
3 5539 4976 715
3 1239 5543 5544
3 5543 716 5542
3 5544 5542 895
3 1239 5545 5543
3 5545 1221 5477
3 5543 5477 716
3 897 5546 5547
3 5546 718 5015
3 5547 5015 717
3 897 5547 5548
3 5547 717 5011
3 5548 5011 896
3 898 5549 5550
3 5549 719 5018
3 5550 5018 718
3 897 5551 5546
3 5551 898 5550
3 5546 5550 718
3 899 5552 5553
3 5552 720 5021
3 5553 5021 719
3 898 5554 5549
3 5554 899 5553
3 5549 5553 719
3 900 5555 5556
3 5555 721 5024
3 5556 5024 720
3 899 5557 5552
3 5557 900 5556
3 5552 5556 720
3 722 5027 5559
3 5027 721 5558
3 5559 5558 901
3 900 5560 5555
3 5560 901 5558
3 5555 5558 721
3 902 5561 5562
3 5561 723 5030
3 5562 5030 722
3 902 5562 5563
3 5562 722 5559
3 5563 5559 901
3 903 5564 5565
3 5564 724 5033
3 5565 5033 723
3 903 5565 5566
3 5565 723 5561
3 5566 5561 902
3 904 5567 5568
3 5567 725 5034
3 5568 5034 724
3 904 5568 5569
3 5568 724 5564
3 5569 5564 903
3 904 5570 5567
3 5570 905 5505
3 5567 5505 725
3 906 5571 5572
3 5571 728 5039
3 5572 5039 726
3 884 5573 5513
3 5573 906 5572
3 5513 5572 726
3 909 5574 5575
3 5574 727 5043
3 5575 5043 729
3 909 5576 5574
3 5576 907 5515
3 5574 5515 727
3 910 5577 5578
3 5577 730 4380
3 5578 4380 728
3 908 5579 5580
3 5579 728 5571
3 5580 5571 906
3 908 5581 5579
3 5581 910 5578
3 5579 5578 728
3 911 5582 5583
3 5582 729 5044
3 5583 5044 731
3 911 5584 5582
3 5584 909 5575
3 5582 5575 729
3 734 4382 5586
3 4382 730 5585
3 5586 5585 915
3 910 5587 5577
3 5587 915 5585
3 5577 5585 730
3 912 5588 5589
3 5588 731 5047
3 5589 5047 732
3 912 5590 5588
3 5590 911 5583
3 5588 5583 731
3 916 5591 5592
3 5591 732 5051
3 5592 5051 735
3 916 5593 5591
3 5593 912 5589
3 5591 5589 732
3 734 5586 5058
3 5586 915 5594
3 5058 5594 733
3 913 5175 5596
3 5175 733 5595
3 5596 5595 914
3 914 5595 5597
3 5595 733 5594
3 5597 5594 915
3 917 5598 5599
3 5598 735 5061
3 5599 5061 736
3 917 5600 5598
3 5600 916 5592
3 5598 5592 735
3 918 5601 5602
3 5601 736 5063
3 5602 5063 737
3 918 5603 5601
3 5603 917 5599
3 5601 5599 736
3 919 5604 5605
3 5604 737 5066
3 5605 5066 738
3 918 5602 5606
3 5602 737 5604
3 5606 5604 919
3 920 5607 5608
3 5607 738 5069
3 5608 5069 739
3 738 5607 5605
3 5607 920 5609
3 5605 5609 919
3 921 5610 5611
3 5610 739 5072
3 5611 5072 740
3 920 5608 5612
3 5608 739 5610
3 5612 5610 921
3 922 5613 5614
3 5613 740 5075
3 5614 5075 741
3 921 5611 5615
3 5611 740 5613
3 5615 5613 922
3 923 5616 5617
3 5616 741 5078
3 5617 5078 742
3 922 5614 5618
3 5614 741 5616
3 5618 5616 923
3 924 5619 5620
3 5619 742 5081
3 5620 5081 743
3 924 5621 5619
3 5621 923 5617
3 5619 5617 742
3 925 5622 5623
3 5622 743 5084
3 5623 5084 744
3 924 5620 5624
3 5620 743 5622
3 5624 5622 925
3 926 5625 5626
3 5625 744 5087
3 5626 5087 745
3 925 5623 5627
3 5623 744 5625
3 5627 5625 926
3 927 5628 5629
3 5628 745 5090
3 5629 5090 746
3 926 5626 5630
3 5626 745 5628
3 5630 5628 927
3 928 5631 5632
3 5631 746 5093
3 5632 5093 747
3 927 5629 5633
3 5629 746 5631
3 5633 5631 928
3 929 5634 5635
3 5634 747 5096
3 5635 5096 748
3 928 5632 5636
3 5632 747 5634
3 5636 5634 929
3 930 5637 5638
3 5637 748 5099
3 5638 5099 749
3 929 5635 5639
3 5635 748 5637
3 5639 5637 930
3 931 5640 5641
3 5640 749 5102
3 5641 5102 750
3 930 5638 5642
3 5638 749 5640
3 5642 5640 931
3 932 5643 5644
3 5643 750 5105
3 5644 5105 751
3 750 5643 5641
3 5643 932 5645
3 5641 5645 931
3 933 5646 5647
3 5646 751 5108
3 5647 5108 752
3 932 5644 5648
3 5644 751 5646
3 5648 5646 933
3 934 5649 5651
3 5649 752 5650
3 5651 5650 753
3 2899 5116 5111
3 5116 753 5650
3 5111 5650 752
3 933 5647 5652
3 5647 752 5649
3 5652 5649 934
3 935 5653 5654
3 5653 753 5114
3 5654 5114 754
3 753 5653 5651
3 5653 935 5655
3 5651 5655 934
3 936 5656 5657
3 5656 754 5119
3 5657 5119 755
3 754 5656 5654
3 5656 936 5658
3 5654 5658 935
3 755 5122 5660
3 5122 756 5659
3 5660 5659 937
3 755 5660 5657
3 5660 937 5661
3 5657 5661 936
3 938 5662 5663
3 5662 756 5125
3 5663 5125 757
3 938 5664 5662
3 5664 937 5659
3 5662 5659 756
3 939 5665 5666
3 5665 757 5128
3 5666 5128 758
3 939 5667 5665
3 5667 938 5663
3 5665 5663 757
3 940 5668 5669
3 5668 758 5131
3 5669 5131 759
3 940 5670 5668
3 5670 939 5666
3 5668 5666 758
3 941 5671 5672
3 5671 759 5134
3 5672 5134 760
3 941 5673 5671
3 5673 940 5669
3 5671 5669 759
3 942 5674 5675
3 5674 760 5137
3 5675 5137 761
3 942 5676 5674
3 5676 941 5672
3 5674 5672 760
3 943 5677 5678
3 5677 761 5140
3 5678 5140 762
3 943 5679 5677
3 5679 942 5675
3 5677 5675 761
3 944 5680 5681
3 5680 762 5143
3 5681 5143 763
3 944 5682 5680
3 5682 943 5678
3 5680 5678 762
3 945 5683 5684
3 5683 763 5146
3 5684 5146 764
3 945 5685 5683
3 5685 944 5681
3 5683 5681 763
3 946 5686 5687
3 5686 764 5149
3 5687 5149 765
3 946 5688 5686
3 5688 945 5684
3 5686 5684 764
3 947 5689 5690
3 5689 765 5152
3 5690 5152 766
3 947 5691 5689
3 5691 946 5687
3 5689 5687 765
3 948 5692 5693
3 5692 766 5155
3 5693 5155 767
3 948 5694 5692
3 5694 947 5690
3 5692 5690 766
3 768 5695 5158
3 5695 949 5696
3 5158 5696 767
3 948 5693 5697
3 5693 767 5696
3 5697 5696 949
3 768 5161 5699
3 5161 769 5698
3 5699 5698 950
3 768 5699 5695
3 5699 950 5700
3 5695 5700 949
3 769 5164 5702
3 5164 770 5701
3 5702 5701 951
3 769 5702 5698
3 5702 951 5703
3 5698 5703 950
3 770 5167 5705
3 5167 771 5704
3 5705 5704 952
3 770 5705 5701
3 5705 952 5706
3 5701 5706 951
3 771 5170 5708
3 5170 772 5707
3 5708 5707 953
3 771 5708 5704
3 5708 953 5709
3 5704 5709 952
3 954 5710 5178
3 5710 772 5173
3 5178 5173 773
3 772 5710 5707
3 5710 954 5711
3 5707 5711 953
3 775 5712 5205
3 5712 963 5713
3 5205 5713 774
3 774 5713 5187
3 5713 963 5714
3 5187 5714 956
3 775 5226 5716
3 5226 779 5715
3 5716 5715 972
3 775 5716 5712
3 5716 972 5717
3 5712 5717 963
3 776 5718 4542
3 5718 973 5719
3 4542 5719 780
3 776 5206 5718
3 5206 964 5720
3 5718 5720 973
3 977 5721 5722
3 5721 777 4554
3 5722 4554 781
3 974 5210 5723
3 5210 777 5721
3 5723 5721 977
3 1322 5724 5725
3 5724 782 5220
3 5725 5220 778
3 778 5222 5727
3 5222 969 5726
3 5727 5726 971
3 778 5727 5729
3 5727 971 5728
3 5729 5728 1316
3 1322 5725 5730
3 5725 778 5729
3 5730 5729 1316
3 975 5731 5732
3 5731 779 5233
3 5732 5233 783
3 972 5715 5733
3 5715 779 5731
3 5733 5731 975
3 976 5734 5735
3 5734 784 4589
3 5735 4589 780
3 973 5736 5719
3 5736 976 5735
3 5719 5735 780
3 980 5737 5738
3 5737 781 4598
3 5738 4598 785
3 980 5739 5737
3 5739 977 5722
3 5737 5722 781
3 1328 5740 5741
3 5740 786 5229
3 5741 5229 782
3 1322 5742 5724
3 5742 1328 5741
3 5724 5741 782
3 783 5234 5744
3 5234 787 5743
3 5744 5743 981
3 978 5745 5746
3 5745 975 5732
3 5746 5732 783
3 978 5746 5747
3 5746 783 5744
3 5747 5744 981
3 788 4631 5749
3 4631 784 5748
3 5749 5748 979
3 976 5750 5734
3 5750 979 5748
3 5734 5748 784
3 983 5751 5752
3 5751 785 4640
3 5752 4640 789
3 983 5753 5751
3 5753 980 5738
3 5751 5738 785
3 1338 5754 5755
3 5754 984 5237
3 5755 5237 786
3 1328 5756 5740
3 5756 1338 5755
3 5740 5755 786
3 787 5240 5758
3 5240 790 5757
3 5758 5757 985
3 981 5743 5759
3 5743 787 5758
3 5759 5758 985
3 791 4672 5761
3 4672 788 5760
3 5761 5760 982
3 788 5749 5760
3 5749 979 5762
3 5760 5762 982
3 793 5763 4681
3 5763 988 5764
3 4681 5764 789
3 988 5765 5764
3 5765 983 5752
3 5764 5752 789
3 795 5766 5246
3 5766 990 5767
3 5246 5767 790
3 790 5767 5757
3 5767 990 5768
3 5757 5768 985
3 796 4707 5770
3 4707 791 5769
3 5770 5769 986
3 791 5761 5769
3 5761 982 5771
3 5769 5771 986
3 793 4723 5773
3 4723 792 5772
3 5773 5772 987
3 792 4719 5775
3 4719 797 5774
3 5775 5774 992
3 992 5776 5775
3 5776 987 5772
3 5775 5772 792
3 987 5777 5773
3 5777 988 5763
3 5773 5763 793
3 989 5778 5242
3 5778 798 4696
3 5242 4696 794
3 799 5779 5249
3 5779 994 5780
3 5249 5780 795
3 795 5780 5766
3 5780 994 5781
3 5766 5781 990
3 991 5782 5783
3 5782 800 5254
3 5783 5254 796
3 986 5784 5770
3 5784 991 5783
3 5770 5783 796
3 797 4749 5786
3 4749 801 5785
3 5786 5785 997
3 997 5787 5786
3 5787 992 5774
3 5786 5774 797
3 993 5788 5789
3 5788 802 5257
3 5789 5257 798
3 798 5778 5789
3 5778 989 5790
3 5789 5790 993
3 799 5253 5792
3 5253 803 5791
3 5792 5791 999
3 799 5792 5779
3 5792 999 5793
3 5779 5793 994
3 996 5794 5795
3 5794 804 4773
3 5795 4773 800
3 991 5796 5782
3 5796 996 5795
3 5782 5795 800
3 801 4776 5798
3 4776 805 5797
3 5798 5797 1003
3 1003 5799 5798
3 5799 997 5785
3 5798 5785 801
3 998 5800 5801
3 5800 806 5263
3 5801 5263 802
3 998 5801 5802
3 5801 802 5788
3 5802 5788 993
3 803 5260 5804
3 5260 807 5803
3 5804 5803 1006
3 803 5804 5791
3 5804 1006 5805
3 5791 5805 999
3 1002 5806 5807
3 5806 808 5267
3 5807 5267 804
3 996 5808 5794
3 5808 1002 5807
3 5794 5807 804
3 805 4790 5810
3 4790 809 5809
3 5810 5809 1013
3 1013 5811 5810
3 5811 1003 5797
3 5810 5797 805
3 1005 5812 5813
3 5812 810 5270
3 5813 5270 806
3 1005 5813 5814
3 5813 806 5800
3 5814 5800 998
3 807 5266 5816
3 5266 811 5815
3 5816 5815 1017
3 1017 5817 5816
3 5817 1006 5803
3 5816 5803 807
3 812 4802 5819
3 4802 808 5818
3 5819 5818 1012
3 1002 5820 5806
3 5820 1012 5818
3 5806 5818 808
3 809 4805 5822
3 4805 813 5821
3 5822 5821 1024
3 1024 5823 5822
3 5823 1013 5809
3 5822 5809 809
3 1016 5824 5825
3 5824 814 5276
3 5825 5276 810
3 1005 5826 5812
3 5826 1016 5825
3 5812 5825 810
3 811 5273 5828
3 5273 815 5827
3 5828 5827 1029
3 1029 5829 5828
3 5829 1017 5815
3 5828 5815 811
3 816 4812 5831
3 4812 812 5830
3 5831 5830 1023
3 1012 5832 5819
3 5832 1023 5830
3 5819 5830 812
3 813 4815 5834
3 4815 817 5833
3 5834 5833 1036
3 1036 5835 5834
3 5835 1024 5821
3 5834 5821 813
3 818 5283 5837
3 5283 814 5836
3 5837 5836 1028
3 1016 5838 5824
3 5838 1028 5836
3 5824 5836 814
3 819 5839 5287
3 5839 1029 5827
3 5287 5827 815
3 816 5840 5291
3 5840 1035 5841
3 5291 5841 820
3 1023 5842 5831
3 5842 1035 5840
3 5831 5840 816
3 817 5280 5844
3 5280 821 5843
3 5844 5843 1052
3 1052 5845 5844
3 5845 1036 5833
3 5844 5833 817
3 822 5299 5847
3 5299 818 5846
3 5847 5846 1043
3 818 5837 5846
3 5837 1028 5848
3 5846 5848 1043
3 1060 5849 5850
3 5849 819 5288
3 5850 5288 823
3 1044 5851 5852
3 5851 1029 5839
3 5852 5839 819
3 1044 5852 5853
3 5852 819 5849
3 5853 5849 1060
3 1066 5854 5855
3 5854 824 5293
3 5855 5293 820
3 1035 5856 5841
3 5856 1051 5857
3 5841 5857 820
3 1051 5858 5857
3 5858 1066 5855
3 5857 5855 820
3 821 5296 5860
3 5296 825 5859
3 5860 5859 1067
3 821 5861 5843
3 5861 2914 5862
3 5843 5862 1052
3 821 5860 5861
3 5860 1067 5863
3 5861 5863 2914
3 822 5864 5309
3 5864 1059 5865
3 5309 5865 826
3 1043 5866 5847
3 5866 1059 5864
3 5847 5864 822
3 823 5302 5868
3 5302 827 5867
3 5868 5867 1075
3 1075 5869 5868
3 5869 1060 5850
3 5868 5850 823
3 1066 5870 5854
3 5870 828 5315
3 5854 5315 824
3 829 5871 5306
3 5871 1082 5872
3 5306 5872 825
3 825 5873 5859
3 5873 2915 5874
3 5859 5874 1067
3 1082 5875 5872
3 5875 2915 5873
3 5872 5873 825
3 830 5321 5877
3 5321 826 5876
3 5877 5876 1074
3 1059 5878 5865
3 5878 1074 5876
3 5865 5876 826
3 1090 5879 5880
3 5879 827 5312
3 5880 5312 831
3 1090 5881 5879
3 5881 1075 5867
3 5879 5867 827
3 1081 5882 5883
3 5882 832 5325
3 5883 5325 828
3 1066 5884 5870
3 5884 1081 5883
3 5870 5883 828
3 829 5318 5886
3 5318 833 5885
3 5886 5885 1097
3 829 5887 5871
3 5887 2916 5888
3 5871 5888 1082
3 2916 5887 5889
3 5887 829 5886
3 5889 5886 1097
3 834 5333 5891
3 5333 830 5890
3 5891 5890 1089
3 1074 5892 5877
3 5892 1089 5890
3 5877 5890 830
3 1105 5893 5894
3 5893 831 5324
3 5894 5324 835
3 1105 5895 5893
3 5895 1090 5880
3 5893 5880 831
3 1096 5896 5897
3 5896 836 5337
3 5897 5337 832
3 1081 5898 5882
3 5898 1096 5897
3 5882 5897 832
3 833 5899 5885
3 5899 2917 5900
3 5885 5900 1097
3 2926 5901 5330
3 5901 2917 5899
3 5330 5899 833
3 1089 5902 5891
3 5902 1104 5903
3 5891 5903 834
3 834 5903 5354
3 5903 1104 5904
3 5354 5904 2913
3 835 5336 5906
3 5336 839 5905
3 5906 5905 1120
3 1120 5907 5906
3 5907 1105 5894
3 5906 5894 835
3 840 5908 5910
3 5908 836 5909
3 5910 5909 1111
3 840 5358 5908
3 5358 2922 5340
3 5908 5340 836
3 1096 5911 5896
3 5911 1111 5909
3 5896 5909 836
3 837 5912 5914
3 5912 2918 5913
3 5914 5913 1112
3 1112 5915 5914
3 5915 2926 5344
3 5914 5344 837
3 2927 5916 5346
3 5916 2918 5912
3 5346 5912 837
3 1104 5917 5919
3 5917 1119 5918
3 5919 5918 838
3 2913 5904 5356
3 5904 1104 5919
3 5356 5919 838
3 1119 5920 5918
3 5920 1118 5368
3 5918 5368 838
3 839 5921 5923
3 5921 842 5922
3 5923 5922 1134
3 2923 5378 5357
3 5378 842 5921
3 5357 5921 839
3 1134 5924 5923
3 5924 1120 5905
3 5923 5905 839
3 843 5382 5926
3 5382 840 5925
3 5926 5925 1126
3 1111 5927 5910
3 5927 1126 5925
3 5910 5925 840
3 844 5928 5364
3 5928 1141 5929
3 5364 5929 841
3 1141 5930 5929
3 5930 1127 5931
3 5929 5931 841
3 1127 5932 5931
3 5932 2927 5348
3 5931 5348 841
3 1149 5933 5934
3 5933 842 5375
3 5934 5375 846
3 1149 5935 5933
3 5935 1134 5922
3 5933 5922 842
3 847 5390 5937
3 5390 843 5936
3 5937 5936 1140
3 1140 5936 5938
3 5936 843 5926
3 5938 5926 1126
3 844 5385 5940
3 5385 848 5939
3 5940 5939 1156
3 1156 5941 5940
3 5941 1141 5928
3 5940 5928 844
3 849 5396 5943
3 5396 845 5942
3 5943 5942 1147
3 1148 5944 5945
3 5944 845 5371
3 5945 5371 1133
3 1148 5946 5944
3 5946 1147 5942
3 5944 5942 845
3 1163 5947 5949
3 5947 846 5948
3 5949 5948 850
3 2925 5401 5387
3 5401 850 5948
3 5387 5948 846
3 1163 5950 5947
3 5950 1149 5934
3 5947 5934 846
3 847 5951 5404
3 5951 1155 5952
3 5404 5952 851
3 1140 5953 5937
3 5953 1155 5951
3 5937 5951 847
3 1170 5954 5955
3 5954 848 5393
3 5955 5393 852
3 1170 5956 5954
3 5956 1156 5939
3 5954 5939 848
3 854 5413 5958
3 5413 849 5957
3 5958 5957 1162
3 1147 5959 5943
3 5959 1162 5957
3 5943 5957 849
3 855 5960 5399
3 5960 1178 5961
3 5399 5961 850
3 1178 5962 5961
3 5962 1163 5949
3 5961 5949 850
3 856 5417 5964
3 5417 851 5963
3 5964 5963 1169
3 1155 5965 5952
3 5965 1169 5963
3 5952 5963 851
3 1182 5966 5967
3 5966 852 5407
3 5967 5407 857
3 1170 5955 5968
3 5955 852 5966
3 5968 5966 1182
3 1177 5969 5970
3 5969 853 5412
3 5970 5412 854
3 858 5423 5972
3 5423 853 5971
3 5972 5971 2919
3 1177 5973 5969
3 5973 1176 5974
3 5969 5974 853
3 853 5974 5971
3 5974 1176 5975
3 5971 5975 2919
3 1177 5970 5976
3 5970 854 5958
3 5976 5958 1162
3 855 5416 5978
3 5416 859 5977
3 5978 5977 1189
3 1189 5979 5978
3 5979 1178 5960
3 5978 5960 855
3 860 4882 5981
3 4882 856 5980
3 5981 5980 1191
3 856 5964 5983
3 5964 1169 5982
3 5983 5982 1181
3 856 5983 5980
3 5983 1181 5984
3 5980 5984 1191
3 1193 5985 5986
3 5985 857 5420
3 5986 5420 861
3 1193 5987 5985
3 5987 1182 5967
3 5985 5967 857
3 862 5432 5989
3 5432 858 5988
3 5989 5988 1188
3 858 5990 5988
3 5990 2920 5991
3 5988 5991 1188
3 858 5972 5990
3 5972 2919 5992
3 5990 5992 2920
3 1197 5993 5994
3 5993 859 5426
3 5994 5426 863
3 1197 5995 5993
3 5995 1189 5977
3 5993 5977 859
3 864 5439 5997
3 5439 860 5996
3 5997 5996 1192
3 860 5981 5996
3 5981 1191 5998
3 5996 5998 1192
3 1199 5999 6000
3 5999 861 5429
3 6000 5429 865
3 1193 5986 6001
3 5986 861 5999
3 6001 5999 1199
3 866 5446 6003
3 5446 862 6002
3 6003 6002 1196
3 1188 6004 5989
3 6004 1196 6002
3 5989 6002 862
3 1202 6005 6006
3 6005 863 5435
3 6006 5435 867
3 1202 6007 6005
3 6007 1197 5994
3 6005 5994 863
3 864 6008 5440
3 6008 1203 6009
3 5440 6009 868
3 864 5997 6011
3 5997 1192 6010
3 6011 6010 1198
3 864 6011 6008
3 6011 1198 6012
3 6008 6012 1203
3 1204 6013 6014
3 6013 865 5443
3 6014 5443 869
3 1204 6015 6013
3 6015 1199 6000
3 6013 6000 865
3 870 5454 6017
3 5454 866 6016
3 6017 6016 1201
3 1196 6018 6003
3 6018 1201 6016
3 6003 6016 866
3 1202 6006 6019
3 6006 867 5458
3 6019 5458 871
3 1203 6020 6009
3 6020 872 5462
3 6009 5462 868
3 1215 6021 6022
3 6021 869 5451
3 6022 5451 875
3 1215 6023 6021
3 6023 1204 6014
3 6021 6014 869
3 1205 6024 6025
3 6024 876 5467
3 6025 5467 870
3 1201 6026 6017
3 6026 1205 6025
3 6017 6025 870
3 877 6027 5459
3 6027 1217 6028
3 5459 6028 871
3 1206 6029 6030
3 6029 1202 6019
3 6030 6019 871
3 1217 6031 6028
3 6031 1206 6030
3 6028 6030 871
3 1207 6032 6033
3 6032 873 5463
3 6033 5463 872
3 1207 6033 6034
3 6033 872 6020
3 6034 6020 1203
3 1218 6035 6036
3 6035 878 4913
3 6036 4913 873
3 1218 6036 6037
3 6036 873 6032
3 6037 6032 1207
3 875 5464 6039
3 5464 874 6038
3 6039 6038 1214
3 883 6040 4925
3 6040 1227 6041
3 4925 6041 874
3 1227 6042 6041
3 6042 1214 6038
3 6041 6038 874
3 1215 6022 6043
3 6022 875 6039
3 6043 6039 1214
3 1216 6044 6045
3 6044 884 5514
3 6045 5514 876
3 1205 6046 6024
3 6046 1216 6045
3 6024 6045 876
3 877 5470 6048
3 5470 885 6047
3 6048 6047 1229
3 877 6048 6027
3 6048 1229 6049
3 6027 6049 1217
3 878 6050 5473
3 6050 1219 6051
3 5473 6051 879
3 1218 6052 6035
3 6052 1219 6050
3 6035 6050 878
3 879 6053 5474
3 6053 1220 6054
3 5474 6054 886
3 879 6051 6053
3 6051 1219 6055
3 6053 6055 1220
3 880 5487 5491
3 5487 1222 6056
3 5491 6056 1223
3 882 5510 6058
3 5510 881 6057
3 6058 6057 1225
3 1249 6059 6060
3 6059 881 5507
3 6060 5507 905
3 1249 6061 6059
3 6061 1225 6057
3 6059 6057 881
3 883 5511 6063
3 5511 882 6062
3 6063 6062 1226
3 882 6058 6062
3 6058 1225 6064
3 6062 6064 1226
3 883 6063 6040
3 6063 1226 6065
3 6040 6065 1227
3 884 6066 5573
3 6066 1228 6067
3 5573 6067 906
3 1216 6068 6044
3 6068 1228 6066
3 6044 6066 884
3 885 5517 6047
3 5517 907 6069
3 6047 6069 1229
3 886 6070 4939
3 6070 1230 6071
3 4939 6071 887
3 886 6054 6070
3 6054 1220 6072
3 6070 6072 1230
3 887 6073 5520
3 6073 1231 6074
3 5520 6074 888
3 887 6071 6073
3 6071 1230 6075
3 6073 6075 1231
3 889 5523 6077
3 5523 888 6076
3 6077 6076 1232
3 888 6074 6076
3 6074 1231 6078
3 6076 6078 1232
3 890 5526 6080
3 5526 889 6079
3 6080 6079 1233
3 1233 6079 6081
3 6079 889 6077
3 6081 6077 1232
3 891 5529 6083
3 5529 890 6082
3 6083 6082 1234
3 890 6080 6082
3 6080 1233 6084
3 6082 6084 1234
3 892 5532 6086
3 5532 891 6085
3 6086 6085 1235
3 891 6083 6085
3 6083 1234 6087
3 6085 6087 1235
3 1236 6088 6089
3 6088 893 5535
3 6089 5535 892
3 1236 6089 6090
3 6089 892 6086
3 6090 6086 1235
3 1237 6091 6092
3 6091 894 5538
3 6092 5538 893
3 1237 6092 6093
3 6092 893 6088
3 6093 6088 1236
3 1238 6094 6095
3 6094 895 5541
3 6095 5541 894
3 1238 6095 6096
3 6095 894 6091
3 6096 6091 1237
3 1239 5544 6097
3 5544 895 6094
3 6097 6094 1238
3 1240 6098 6099
3 6098 897 5548
3 6099 5548 896
3 1240 6099 6100
3 6099 896 5501
3 6100 5501 1224
3 1241 6101 6102
3 6101 898 5551
3 6102 5551 897
3 1240 6103 6098
3 6103 1241 6102
3 6098 6102 897
3 1242 6104 6105
3 6104 899 5554
3 6105 5554 898
3 1241 6106 6101
3 6106 1242 6105
3 6101 6105 898
3 1243 6107 6108
3 6107 900 5557
3 6108 5557 899
3 1242 6109 6104
3 6109 1243 6108
3 6104 6108 899
3 900 6110 5560
3 6110 1244 6111
3 5560 6111 901
3 1243 6112 6107
3 6112 1244 6110
3 6107 6110 900
3 1245 6113 6114
3 6113 902 5563
3 6114 5563 901
3 1245 6114 6115
3 6114 901 6111
3 6115 6111 1244
3 1246 6116 6117
3 6116 903 5566
3 6117 5566 902
3 1245 6118 6113
3 6118 1246 6117
3 6113 6117 902
3 1247 6119 6120
3 6119 904 5569
3 6120 5569 903
3 1246 6121 6116
3 6121 1247 6120
3 6116 6120 903
3 1248 6122 6123
3 6122 905 5570
3 6123 5570 904
3 1247 6124 6119
3 6124 1248 6123
3 6119 6123 904
3 1248 6125 6122
3 6125 1249 6060
3 6122 6060 905
3 908 5580 6127
3 5580 906 6126
3 6127 6126 1250
3 1228 6128 6067
3 6128 1250 6126
3 6067 6126 906
3 909 6129 5576
3 6129 1251 6130
3 5576 6130 907
3 907 6130 6069
3 6130 1251 6131
3 6069 6131 1229
3 908 6132 5581
3 6132 1254 6133
3 5581 6133 910
3 1252 6134 6135
3 6134 908 6127
3 6135 6127 1250
3 1252 6136 6134
3 6136 1254 6132
3 6134 6132 908
3 1255 6137 6138
3 6137 909 5584
3 6138 5584 911
3 1253 6139 6140
3 6139 1251 6129
3 6140 6129 909
3 1255 6141 6137
3 6141 1253 6140
3 6137 6140 909
3 910 6133 5587
3 6133 1254 6142
3 5587 6142 915
3 912 6143 5590
3 6143 1256 6144
3 5590 6144 911
3 1255 6138 6145
3 6138 911 6144
3 6145 6144 1256
3 916 6146 5593
3 6146 1257 6147
3 5593 6147 912
3 912 6147 6143
3 6147 1257 6148
3 6143 6148 1256
3 1259 6149 6150
3 6149 913 5596
3 6150 5596 914
3 1258 6151 6152
3 6151 954 5179
3 6152 5179 913
3 1258 6152 6153
3 6152 913 6149
3 6153 6149 1259
3 1260 6154 6155
3 6154 914 5597
3 6155 5597 915
3 1259 6150 6156
3 6150 914 6154
3 6156 6154 1260
3 1260 6155 6157
3 6155 915 6142
3 6157 6142 1254
3 917 6158 5600
3 6158 1261 6159
3 5600 6159 916
3 916 6159 6146
3 6159 1261 6160
3 6146 6160 1257
3 918 6161 5603
3 6161 1262 6162
3 5603 6162 917
3 917 6162 6158
3 6162 1262 6163
3 6158 6163 1261
3 918 5606 6165
3 5606 919 6164
3 6165 6164 1263
3 918 6165 6161
3 6165 1263 6166
3 6161 6166 1262
3 919 5609 6168
3 5609 920 6167
3 6168 6167 1264
3 919 6168 6164
3 6168 1264 6169
3 6164 6169 1263
3 920 5612 6171
3 5612 921 6170
3 6171 6170 1265
3 920 6171 6167
3 6171 1265 6172
3 6167 6172 1264
3 921 5615 6174
3 5615 922 6173
3 6174 6173 1266
3 921 6174 6170
3 6174 1266 6175
3 6170 6175 1265
3 922 5618 6177
3 5618 923 6176
3 6177 6176 1267
3 922 6177 6173
3 6177 1267 6178
3 6173 6178 1266
3 1268 6179 6180
3 6179 923 5621
3 6180 5621 924
3 1268 6181 6179
3 6181 1267 6176
3 6179 6176 923
3 924 5624 6183
3 5624 925 6182
3 6183 6182 1269
3 1268 6180 6184
3 6180 924 6183
3 6184 6183 1269
3 1270 6185 6186
3 6185 925 5627
3 6186 5627 926
3 1269 6182 6187
3 6182 925 6185
3 6187 6185 1270
3 1271 6188 6189
3 6188 926 5630
3 6189 5630 927
3 1270 6186 6190
3 6186 926 6188
3 6190 6188 1271
3 1272 6191 6192
3 6191 927 5633
3 6192 5633 928
3 1271 6189 6193
3 6189 927 6191
3 6193 6191 1272
3 1273 6194 6195
3 6194 928 5636
3 6195 5636 929
3 1272 6192 6196
3 6192 928 6194
3 6196 6194 1273
3 1274 6197 6198
3 6197 929 5639
3 6198 5639 930
3 1273 6195 6199
3 6195 929 6197
3 6199 6197 1274
3 1275 6200 6201
3 6200 930 5642
3 6201 5642 931
3 1274 6198 6202
3 6198 930 6200
3 6202 6200 1275
3 1276 6203 6204
3 6203 931 5645
3 6204 5645 932
3 1275 6201 6205
3 6201 931 6203
3 6205 6203 1276
3 1277 6206 6207
3 6206 932 5648
3 6207 5648 933
3 932 6206 6204
3 6206 1277 6208
3 6204 6208 1276
3 1278 6209 6210
3 6209 933 5652
3 6210 5652 934
3 933 6209 6207
3 6209 1278 6211
3 6207 6211 1277
3 934 5655 6213
3 5655 935 6212
3 6213 6212 1279
3 1278 6210 6214
3 6210 934 6213
3 6214 6213 1279
3 935 5658 6216
3 5658 936 6215
3 6216 6215 1280
3 1279 6212 6217
3 6212 935 6216
3 6217 6216 1280
3 937 6218 5661
3 6218 1281 6219
3 5661 6219 936
3 1280 6215 6220
3 6215 936 6219
3 6220 6219 1281
3 938 6221 5664
3 6221 1282 6222
3 5664 6222 937
3 937 6222 6218
3 6222 1282 6223
3 6218 6223 1281
3 939 6224 5667
3 6224 1283 6225
3 5667 6225 938
3 938 6225 6221
3 6225 1283 6226
3 6221 6226 1282
3 940 6227 5670
3 6227 1284 6228
3 5670 6228 939
3 939 6228 6224
3 6228 1284 6229
3 6224 6229 1283
3 1285 6230 6231
3 6230 940 5673
3 6231 5673 941
3 1285 6232 6230
3 6232 1284 6227
3 6230 6227 940
3 1286 6233 6234
3 6233 941 5676
3 6234 5676 942
3 1285 6231 6235
3 6231 941 6233
3 6235 6233 1286
3 1287 6236 6237
3 6236 942 5679
3 6237 5679 943
3 1286 6234 6238
3 6234 942 6236
3 6238 6236 1287
3 1288 6239 6240
3 6239 943 5682
3 6240 5682 944
3 1287 6237 6241
3 6237 943 6239
3 6241 6239 1288
3 945 6242 5685
3 6242 1289 6243
3 5685 6243 944
3 1288 6240 6244
3 6240 944 6243
3 6244 6243 1289
3 946 6245 5688
3 6245 1290 6246
3 5688 6246 945
3 945 6246 6242
3 6246 1290 6247
3 6242 6247 1289
3 947 6248 5691
3 6248 1291 6249
3 5691 6249 946
3 946 6249 6245
3 6249 1291 6250
3 6245 6250 1290
3 948 6251 5694
3 6251 1292 6252
3 5694 6252 947
3 947 6252 6248
3 6252 1292 6253
3 6248 6253 1291
3 948 5697 6255
3 5697 949 6254
3 6255 6254 1293
3 948 6255 6251
3 6255 1293 6256
3 6251 6256 1292
3 950 6257 5700
3 6257 1294 6258
3 5700 6258 949
3 949 6258 6254
3 6258 1294 6259
3 6254 6259 1293
3 951 6260 5703
3 6260 1295 6261
3 5703 6261 950
3 950 6261 6257
3 6261 1295 6262
3 6257 6262 1294
3 1296 6263 6264
3 6263 951 5706
3 6264 5706 952
3 1296 6265 6263
3 6265 1295 6260
3 6263 6260 951
3 953 6266 5709
3 6266 1297 6267
3 5709 6267 952
3 1296 6264 6268
3 6264 952 6267
3 6268 6267 1297
3 954 6269 5711
3 6269 1298 6270
3 5711 6270 953
3 953 6270 6266
3 6270 1298 6271
3 6266 6271 1297
3 1258 6272 6151
3 6272 1298 6269
3 6151 6269 954
3 1300 6273 6275
3 6273 957 6274
3 6275 6274 955
3 955 6274 6277
3 6274 957 6276
3 6277 6276 1303
3 955 6278 6275
3 6278 1299 6279
3 6275 6279 1300
3 955 6280 6278
3 6280 1531 6281
3 6278 6281 1299
3 1303 6282 6277
3 6282 1531 6280
3 6277 6280 955
3 956 6283 6285
3 6283 957 6284
3 6285 6284 959
3 957 6283 6276
3 6283 956 6286
3 6276 6286 1303
3 956 6285 5193
3 6285 959 6287
3 5193 6287 958
3 963 6288 5714
3 6288 1303 6286
3 5714 6286 956
3 1301 6289 6290
3 6289 959 6284
3 6290 6284 957
3 957 6273 6290
3 6273 1300 6291
3 6290 6291 1301
3 958 6287 6293
3 6287 959 6292
3 6293 6292 961
3 958 6293 5199
3 6293 961 6294
3 5199 6294 960
3 959 6295 6292
3 6295 1302 6296
3 6292 6296 961
3 959 6289 6295
3 6289 1301 6297
3 6295 6297 1302
3 960 6294 6299
3 6294 961 6298
3 6299 6298 1304
3 960 6299 5202
3 6299 1304 6300
3 5202 6300 962
3 961 6296 6302
3 6296 1302 6301
3 6302 6301 1532
3 961 6302 6298
3 6302 1532 6303
3 6298 6303 1304
3 962 6304 5204
3 6304 1310 6305
3 5204 6305 964
3 962 6300 6304
3 6300 1304 6306
3 6304 6306 1310
3 972 6307 5717
3 6307 1309 6308
3 5717 6308 963
3 1303 6288 6309
3 6288 963 6308
3 6309 6308 1309
3 964 6305 5720
3 6305 1310 6310
3 5720 6310 973
3 968 6311 6313
3 6311 965 6312
3 6313 6312 966
3 965 6314 6312
3 6314 1315 6315
3 6312 6315 966
3 967 5216 6316
3 5216 965 6311
3 6316 6311 968
3 965 5211 6318
3 5211 974 6317
3 6318 6317 1314
3 1314 6319 6318
3 6319 1315 6314
3 6318 6314 965
3 1538 6320 6321
3 6320 968 6313
3 6321 6313 966
3 1538 6321 6322
3 6321 966 6315
3 6322 6315 1315
3 970 6323 6324
3 6323 967 6316
3 6324 6316 968
3 967 6323 5223
3 6323 970 6325
3 5223 6325 969
3 968 6326 6324
3 6326 1306 6327
3 6324 6327 970
3 1306 6326 6329
3 6326 968 6328
3 6329 6328 1305
3 1538 6330 6320
3 6330 1305 6328
3 6320 6328 968
3 969 6325 5726
3 6325 970 6331
3 5726 6331 971
3 1307 6332 6333
3 6332 971 6331
3 6333 6331 970
3 1306 6334 6327
3 6334 1307 6333
3 6327 6333 970
3 1307 6335 6332
3 6335 1311 6336
3 6332 6336 971
3 1311 6337 6336
3 6337 1317 6338
3 6336 6338 971
3 1316 5728 6339
3 5728 971 6338
3 6339 6338 1317
3 972 5733 6341
3 5733 975 6340
3 6341 6340 1318
3 1309 6307 6343
3 6307 972 6342
3 6343 6342 1312
3 972 6341 6342
3 6341 1318 6344
3 6342 6344 1312
3 973 6345 5736
3 6345 1313 6346
3 5736 6346 976
3 973 6310 6345
3 6310 1310 6347
3 6345 6347 1313
3 1321 6348 6349
3 6348 974 5723
3 6349 5723 977
3 1314 6317 6350
3 6317 974 6348
3 6350 6348 1321
3 978 6351 5745
3 6351 1318 6340
3 5745 6340 975
3 1320 6352 6353
3 6352 979 5750
3 6353 5750 976
3 1320 6353 6354
3 6353 976 6346
3 6354 6346 1313
3 1327 6355 6356
3 6355 977 5739
3 6356 5739 980
3 1327 6357 6355
3 6357 1321 6349
3 6355 6349 977
3 978 5747 6359
3 5747 981 6358
3 6359 6358 1329
3 978 6360 6351
3 6360 1323 6361
3 6351 6361 1318
3 978 6359 6360
3 6359 1329 6362
3 6360 6362 1323
3 1326 6363 6364
3 6363 982 5762
3 6364 5762 979
3 1320 6365 6352
3 6365 1326 6364
3 6352 6364 979
3 1336 6366 6367
3 6366 980 5753
3 6367 5753 983
3 1336 6368 6366
3 6368 1327 6356
3 6366 6356 980
3 981 5759 6370
3 5759 985 6369
3 6370 6369 1339
3 1339 6371 6370
3 6371 1329 6358
3 6370 6358 981
3 1335 6372 6373
3 6372 986 5771
3 6373 5771 982
3 1326 6374 6363
3 6374 1335 6373
3 6363 6373 982
3 1346 6375 6376
3 6375 983 5765
3 6376 5765 988
3 983 6377 6367
3 6377 2921 6378
3 6367 6378 1336
3 2921 6377 6379
3 6377 983 6375
3 6379 6375 1346
3 1338 6380 5754
3 6380 989 5243
3 5754 5243 984
3 1350 6381 6382
3 6381 985 5768
3 6382 5768 990
3 1350 6383 6381
3 6383 1339 6369
3 6381 6369 985
3 991 5784 6385
3 5784 986 6384
3 6385 6384 1355
3 986 6372 6387
3 6372 1335 6386
3 6387 6386 1345
3 1345 6388 6387
3 6388 1355 6384
3 6387 6384 986
3 988 5777 6376
3 5777 987 6389
3 6376 6389 1346
3 987 5776 6391
3 5776 992 6390
3 6391 6390 1356
3 1356 6392 6391
3 6392 1346 6389
3 6391 6389 987
3 1349 6393 6394
3 6393 993 5790
3 6394 5790 989
3 1338 6395 6380
3 6395 1349 6394
3 6380 6394 989
3 1363 6396 6397
3 6396 990 5781
3 6397 5781 994
3 1363 6398 6396
3 6398 1350 6382
3 6396 6382 990
3 996 5796 6400
3 5796 991 6399
3 6400 6399 995
3 991 6401 6399
3 6401 1367 6402
3 6399 6402 995
3 991 6385 6401
3 6385 1355 6403
3 6401 6403 1367
3 992 5787 6405
3 5787 997 6404
3 6405 6404 1004
3 1004 6406 6405
3 6406 1356 6390
3 6405 6390 992
3 1362 6407 6408
3 6407 998 5802
3 6408 5802 993
3 1349 6409 6393
3 6409 1362 6408
3 6393 6408 993
3 1374 6410 6411
3 6410 994 5793
3 6411 5793 999
3 1363 6397 6412
3 6397 994 6410
3 6412 6410 1374
3 996 6400 6414
3 6400 995 6413
3 6414 6413 1000
3 995 6415 6413
3 6415 1377 6416
3 6413 6416 1000
3 1367 6417 6402
3 6417 1377 6415
3 6402 6415 995
3 1001 6418 6419
3 6418 996 6414
3 6419 6414 1000
3 1002 5808 6420
3 5808 996 6418
3 6420 6418 1001
3 997 5799 6422
3 5799 1003 6421
3 6422 6421 1014
3 1014 6423 6422
3 6423 1004 6404
3 6422 6404 997
3 1373 6424 6425
3 6424 1005 5814
3 6425 5814 998
3 1362 6426 6407
3 6426 1373 6425
3 6407 6425 998
3 1375 6427 6428
3 6427 999 5805
3 6428 5805 1006
3 1374 6411 6429
3 6411 999 6427
3 6429 6427 1375
3 1009 6430 6431
3 6430 1001 6419
3 6431 6419 1000
3 1009 6431 6433
3 6431 1000 6432
3 6433 6432 1008
3 1000 6416 6432
3 6416 1377 6434
3 6432 6434 1008
3 1010 6435 6436
3 6435 1002 6420
3 6436 6420 1001
3 1010 6436 6437
3 6436 1001 6430
3 6437 6430 1009
3 1011 6438 6439
3 6438 1002 6435
3 6439 6435 1010
3 1012 5820 6440
3 5820 1002 6438
3 6440 6438 1011
3 1003 5811 6442
3 5811 1013 6441
3 6442 6441 1025
3 1025 6443 6442
3 6443 1014 6421
3 6442 6421 1003
3 1004 6423 6445
3 6423 1014 6444
3 6445 6444 1015
3 1015 6446 6445
3 6446 1378 6447
3 6445 6447 1004
3 1356 6406 6448
3 6406 1004 6447
3 6448 6447 1378
3 1383 6449 6450
3 6449 1016 5826
3 6450 5826 1005
3 1373 6451 6424
3 6451 1383 6450
3 6424 6450 1005
3 1006 5817 6453
3 5817 1017 6452
3 6453 6452 1007
3 1007 6454 6453
3 6454 1375 6428
3 6453 6428 1006
3 1007 6452 6456
3 6452 1017 6455
3 6456 6455 1008
3 1007 6456 6458
3 6456 1008 6457
3 6458 6457 1376
3 1007 6458 6454
3 6458 1376 6459
3 6454 6459 1375
3 1009 6433 6461
3 6433 1008 6460
3 6461 6460 1018
3 1018 6460 6462
3 6460 1008 6455
3 6462 6455 1017
3 1008 6434 6457
3 6434 1377 6463
3 6457 6463 1376
3 1010 6437 6465
3 6437 1009 6464
3 6465 6464 1019
3 1009 6461 6464
3 6461 1018 6466
3 6464 6466 1019
3 1011 6439 6468
3 6439 1010 6467
3 6468 6467 1020
3 1010 6465 6467
3 6465 1019 6469
3 6467 6469 1020
3 1011 6470 6440
3 6470 1021 6471
3 6440 6471 1012
3 1011 6468 6470
3 6468 1020 6472
3 6470 6472 1021
3 1012 6471 6474
3 6471 1021 6473
3 6474 6473 1022
3 1023 5832 6475
3 5832 1012 6474
3 6475 6474 1022
3 1013 5823 6477
3 5823 1024 6476
3 6477 6476 1037
3 1037 6478 6477
3 6478 1025 6441
3 6477 6441 1013
3 1026 6479 6480
3 6479 1015 6444
3 6480 6444 1014
3 1014 6443 6480
3 6443 1025 6481
3 6480 6481 1026
3 1015 6479 6483
3 6479 1026 6482
3 6483 6482 1027
3 1015 6483 6485
3 6483 1027 6484
3 6485 6484 1384
3 1384 6486 6485
3 6486 1378 6446
3 6485 6446 1015
3 1028 5838 6488
3 5838 1016 6487
3 6488 6487 1387
3 1388 6489 6490
3 6489 1016 6449
3 6490 6449 1383
3 1388 6491 6489
3 6491 1387 6487
3 6489 6487 1016
3 1017 5829 6462
3 5829 1029 6492
3 6462 6492 1018
3 1018 6492 6466
3 6492 1029 6493
3 6466 6493 1019
3 1019 6494 6469
3 6494 1030 6495
3 6469 6495 1020
3 1019 6493 6494
3 6493 1029 6496
3 6494 6496 1030
3 1020 6497 6472
3 6497 1031 6498
3 6472 6498 1021
3 1020 6495 6497
3 6495 1030 6499
3 6497 6499 1031
3 1021 6500 6473
3 6500 1032 6501
3 6473 6501 1022
3 1021 6498 6500
3 6498 1031 6502
3 6500 6502 1032
3 1022 6503 6475
3 6503 1033 6504
3 6475 6504 1023
3 1022 6501 6503
3 6501 1032 6505
3 6503 6505 1033
3 1023 6504 6507
3 6504 1033 6506
3 6507 6506 1034
3 1035 5842 6508
3 5842 1023 6507
3 6508 6507 1034
3 1024 5835 6510
3 5835 1036 6509
3 6510 6509 1053
3 1053 6511 6510
3 6511 1037 6476
3 6510 6476 1024
3 1025 6512 6481
3 6512 1038 6513
3 6481 6513 1026
3 1025 6478 6512
3 6478 1037 6514
3 6512 6514 1038
3 1039 6515 6516
3 6515 1027 6482
3 6516 6482 1026
3 1026 6513 6516
3 6513 1038 6517
3 6516 6517 1039
3 1027 6515 6519
3 6515 1039 6518
3 6519 6518 1040
3 1027 6519 6521
3 6519 1040 6520
3 6521 6520 1041
3 1027 6521 6523
3 6521 1041 6522
3 6523 6522 1389
3 1384 6484 6524
3 6484 1027 6523
3 6524 6523 1389
3 1391 6525 6526
3 6525 1043 5848
3 6526 5848 1028
3 1387 6527 6488
3 6527 1391 6526
3 6488 6526 1028
3 1030 6496 6528
3 6496 1029 5851
3 6528 5851 1044
3 1030 6529 6499
3 6529 1045 6530
3 6499 6530 1031
3 1030 6528 6529
3 6528 1044 6531
3 6529 6531 1045
3 1031 6532 6502
3 6532 1046 6533
3 6502 6533 1032
3 1031 6530 6532
3 6530 1045 6534
3 6532 6534 1046
3 1032 6535 6505
3 6535 1047 6536
3 6505 6536 1033
3 1032 6533 6535
3 6533 1046 6537
3 6535 6537 1047
3 1033 6538 6506
3 6538 1048 6539
3 6506 6539 1034
3 1033 6536 6538
3 6536 1047 6540
3 6538 6540 1048
3 1035 6508 6542
3 6508 1034 6541
3 6542 6541 1049
3 1034 6539 6541
3 6539 1048 6543
3 6541 6543 1049
3 1035 6542 6545
3 6542 1049 6544
3 6545 6544 1050
3 1035 6545 5856
3 6545 1050 6546
3 5856 6546 1051
3 1036 5845 6548
3 5845 1052 6547
3 6548 6547 1068
3 1068 6549 6548
3 6549 1053 6509
3 6548 6509 1036
3 1054 6550 6551
3 6550 1038 6514
3 6551 6514 1037
3 1037 6511 6551
3 6511 1053 6552
3 6551 6552 1054
3 1038 6553 6517
3 6553 1055 6554
3 6517 6554 1039
3 1055 6553 6555
3 6553 1038 6550
3 6555 6550 1054
3 1056 6556 6557
3 6556 1040 6518
3 6557 6518 1039
3 1039 6554 6557
3 6554 1055 6558
3 6557 6558 1056
3 1040 6559 6520
3 6559 1057 6560
3 6520 6560 1041
3 1056 6561 6556
3 6561 1057 6559
3 6556 6559 1040
3 1058 6562 6564
3 6562 1042 6563
3 6564 6563 1041
3 1389 6522 6565
3 6522 1041 6563
3 6565 6563 1042
3 1041 6560 6564
3 6560 1057 6566
3 6564 6566 1058
3 1059 5866 6568
3 5866 1043 6567
3 6568 6567 1042
3 1390 6569 6570
3 6569 1042 6567
3 6570 6567 1043
3 1042 6562 6568
3 6562 1058 6571
3 6568 6571 1059
3 1042 6569 6565
3 6569 1390 6572
3 6565 6572 1389
3 1043 6525 6570
3 6525 1391 6573
3 6570 6573 1390
3 1045 6531 6574
3 6531 1044 5853
3 6574 5853 1060
3 1045 6574 6534
3 6574 1060 6575
3 6534 6575 1046
3 1046 6576 6537
3 6576 1061 6577
3 6537 6577 1047
3 1046 6575 6576
3 6575 1060 6578
3 6576 6578 1061
3 1047 6579 6540
3 6579 1062 6580
3 6540 6580 1048
3 1047 6577 6579
3 6577 1061 6581
3 6579 6581 1062
3 1048 6582 6543
3 6582 1063 6583
3 6543 6583 1049
3 1048 6580 6582
3 6580 1062 6584
3 6582 6584 1063
3 1049 6585 6544
3 6585 1064 6586
3 6544 6586 1050
3 1049 6583 6585
3 6583 1063 6587
3 6585 6587 1064
3 1050 6588 6546
3 6588 1065 6589
3 6546 6589 1051
3 1050 6586 6588
3 6586 1064 6590
3 6588 6590 1065
3 1051 6589 5858
3 6589 1065 6591
3 5858 6591 1066
3 1083 6592 6593
3 6592 1068 6547
3 6593 6547 1052
3 1083 6593 6594
3 6593 1052 5862
3 6594 5862 2914
3 1053 6595 6552
3 6595 1069 6596
3 6552 6596 1054
3 1053 6549 6595
3 6549 1068 6597
3 6595 6597 1069
3 1054 6598 6555
3 6598 1070 6599
3 6555 6599 1055
3 1054 6596 6598
3 6596 1069 6600
3 6598 6600 1070
3 1071 6601 6602
3 6601 1056 6558
3 6602 6558 1055
3 1055 6599 6602
3 6599 1070 6603
3 6602 6603 1071
3 1072 6604 6605
3 6604 1057 6561
3 6605 6561 1056
3 1056 6601 6605
3 6601 1071 6606
3 6605 6606 1072
3 1073 6607 6608
3 6607 1058 6566
3 6608 6566 1057
3 1073 6608 6609
3 6608 1057 6604
3 6609 6604 1072
3 1074 5878 6610
3 5878 1059 6571
3 6610 6571 1058
3 1058 6607 6610
3 6607 1073 6611
3 6610 6611 1074
3 1060 5869 6578
3 5869 1075 6612
3 6578 6612 1061
3 1061 6612 6581
3 6612 1075 6613
3 6581 6613 1062
3 1062 6614 6584
3 6614 1076 6615
3 6584 6615 1063
3 1062 6613 6614
3 6613 1075 6616
3 6614 6616 1076
3 1063 6617 6587
3 6617 1077 6618
3 6587 6618 1064
3 1063 6615 6617
3 6615 1076 6619
3 6617 6619 1077
3 1064 6620 6590
3 6620 1078 6621
3 6590 6621 1065
3 1064 6618 6620
3 6618 1077 6622
3 6620 6622 1078
3 1065 6623 6591
3 6623 1079 6624
3 6591 6624 1066
3 1065 6621 6623
3 6621 1078 6625
3 6623 6625 1079
3 1066 6624 6627
3 6624 1079 6626
3 6627 6626 1080
3 1081 5884 6628
3 5884 1066 6627
3 6628 6627 1080
3 1098 6629 6631
3 6629 1083 6630
3 6631 6630 1067
3 1083 6594 6630
3 6594 2914 5863
3 6630 5863 1067
3 1098 6631 6632
3 6631 1067 5874
3 6632 5874 2915
3 1069 6597 6634
3 6597 1068 6633
3 6634 6633 1084
3 1068 6592 6633
3 6592 1083 6635
3 6633 6635 1084
3 1085 6636 6637
3 6636 1070 6600
3 6637 6600 1069
3 1085 6637 6638
3 6637 1069 6634
3 6638 6634 1084
3 1086 6639 6640
3 6639 1071 6603
3 6640 6603 1070
3 1070 6636 6640
3 6636 1085 6641
3 6640 6641 1086
3 1087 6642 6643
3 6642 1072 6606
3 6643 6606 1071
3 1071 6639 6643
3 6639 1086 6644
3 6643 6644 1087
3 1088 6645 6646
3 6645 1073 6609
3 6646 6609 1072
3 1072 6642 6646
3 6642 1087 6647
3 6646 6647 1088
3 1089 5892 6648
3 5892 1074 6611
3 6648 6611 1073
3 1073 6645 6648
3 6645 1088 6649
3 6648 6649 1089
3 1075 5881 6616
3 5881 1090 6650
3 6616 6650 1076
3 1076 6650 6619
3 6650 1090 6651
3 6619 6651 1077
3 1077 6652 6622
3 6652 1091 6653
3 6622 6653 1078
3 1077 6651 6652
3 6651 1090 6654
3 6652 6654 1091
3 1078 6655 6625
3 6655 1092 6656
3 6625 6656 1079
3 1078 6653 6655
3 6653 1091 6657
3 6655 6657 1092
3 1079 6658 6626
3 6658 1093 6659
3 6626 6659 1080
3 1079 6656 6658
3 6656 1092 6660
3 6658 6660 1093
3 1080 6661 6628
3 6661 1094 6662
3 6628 6662 1081
3 1080 6659 6661
3 6659 1093 6663
3 6661 6663 1094
3 1081 6662 6665
3 6662 1094 6664
3 6665 6664 1095
3 1096 5898 6666
3 5898 1081 6665
3 6666 6665 1095
3 1113 6667 6669
3 6667 1098 6668
3 6669 6668 1082
3 1098 6632 6668
3 6632 2915 5875
3 6668 5875 1082
3 1113 6669 6670
3 6669 1082 5888
3 6670 5888 2916
3 1083 6671 6635
3 6671 1099 6672
3 6635 6672 1084
3 1083 6629 6671
3 6629 1098 6673
3 6671 6673 1099
3 1084 6674 6638
3 6674 1100 6675
3 6638 6675 1085
3 1084 6672 6674
3 6672 1099 6676
3 6674 6676 1100
3 1101 6677 6678
3 6677 1086 6641
3 6678 6641 1085
3 1085 6675 6678
3 6675 1100 6679
3 6678 6679 1101
3 1102 6680 6681
3 6680 1087 6644
3 6681 6644 1086
3 1102 6681 6682
3 6681 1086 6677
3 6682 6677 1101
3 1103 6683 6684
3 6683 1088 6647
3 6684 6647 1087
3 1087 6680 6684
3 6680 1102 6685
3 6684 6685 1103
3 1104 5902 6686
3 5902 1089 6649
3 6686 6649 1088
3 1088 6683 6686
3 6683 1103 6687
3 6686 6687 1104
3 1090 5895 6654
3 5895 1105 6688
3 6654 6688 1091
3 1091 6688 6657
3 6688 1105 6689
3 6657 6689 1092
3 1092 6690 6660
3 6690 1106 6691
3 6660 6691 1093
3 1092 6689 6690
3 6689 1105 6692
3 6690 6692 1106
3 1093 6693 6663
3 6693 1107 6694
3 6663 6694 1094
3 1093 6691 6693
3 6691 1106 6695
3 6693 6695 1107
3 1094 6696 6664
3 6696 1108 6697
3 6664 6697 1095
3 1094 6694 6696
3 6694 1107 6698
3 6696 6698 1108
3 1095 6699 6666
3 6699 1109 6700
3 6666 6700 1096
3 1095 6697 6699
3 6697 1108 6701
3 6699 6701 1109
3 1096 6700 6703
3 6700 1109 6702
3 6703 6702 1110
3 1096 6703 5911
3 6703 1110 6704
3 5911 6704 1111
3 1128 6705 6707
3 6705 1113 6706
3 6707 6706 1097
3 1113 6670 6706
3 6670 2916 5889
3 6706 5889 1097
3 1128 6707 6708
3 6707 1097 5900
3 6708 5900 2917
3 1114 6709 6710
3 6709 1099 6673
3 6710 6673 1098
3 1098 6667 6710
3 6667 1113 6711
3 6710 6711 1114
3 1099 6712 6676
3 6712 1115 6713
3 6676 6713 1100
3 1099 6709 6712
3 6709 1114 6714
3 6712 6714 1115
3 1100 6715 6679
3 6715 1116 6716
3 6679 6716 1101
3 1100 6713 6715
3 6713 1115 6717
3 6715 6717 1116
3 1117 6718 6719
3 6718 1102 6682
3 6719 6682 1101
3 1101 6716 6719
3 6716 1116 6720
3 6719 6720 1117
3 1102 6721 6685
3 6721 1118 6722
3 6685 6722 1103
3 1102 6718 6721
3 6718 1117 6723
3 6721 6723 1118
3 1119 5917 6724
3 5917 1104 6687
3 6724 6687 1103
3 1118 5920 6722
3 5920 1119 6724
3 6722 6724 1103
3 1105 5907 6692
3 5907 1120 6725
3 6692 6725 1106
3 1106 6725 6695
3 6725 1120 6726
3 6695 6726 1107
3 1107 6727 6698
3 6727 1121 6728
3 6698 6728 1108
3 1107 6726 6727
3 6726 1120 6729
3 6727 6729 1121
3 1108 6730 6701
3 6730 1122 6731
3 6701 6731 1109
3 1108 6728 6730
3 6728 1121 6732
3 6730 6732 1122
3 1109 6733 6702
3 6733 1123 6734
3 6702 6734 1110
3 1109 6731 6733
3 6731 1122 6735
3 6733 6735 1123
3 1124 6736 6737
3 6736 1111 6704
3 6737 6704 1110
3 1124 6737 6738
3 6737 1110 6734
3 6738 6734 1123
3 1125 6739 6740
3 6739 1111 6736
3 6740 6736 1124
3 1126 5927 6741
3 5927 1111 6739
3 6741 6739 1125
3 1142 6742 6744
3 6742 1128 6743
3 6744 6743 1112
3 2917 6745 6708
3 6745 1112 6743
3 6708 6743 1128
3 2918 6746 5913
3 6746 1142 6744
3 5913 6744 1112
3 2917 5901 6745
3 5901 2926 5915
3 6745 5915 1112
3 1129 6747 6748
3 6747 1114 6711
3 6748 6711 1113
3 1113 6705 6748
3 6705 1128 6749
3 6748 6749 1129
3 1130 6750 6751
3 6750 1115 6714
3 6751 6714 1114
3 1130 6751 6752
3 6751 1114 6747
3 6752 6747 1129
3 1131 6753 6754
3 6753 1116 6717
3 6754 6717 1115
3 1131 6754 6755
3 6754 1115 6750
3 6755 6750 1130
3 1132 6756 6757
3 6756 1117 6720
3 6757 6720 1116
3 1116 6753 6757
3 6753 1131 6758
3 6757 6758 1132
3 1133 5372 6759
3 5372 1118 6723
3 6759 6723 1117
3 1117 6756 6759
3 6756 1132 6760
3 6759 6760 1133
3 1120 5924 6729
3 5924 1134 6761
3 6729 6761 1121
3 1134 6762 6761
3 6762 1122 6732
3 6761 6732 1121
3 1135 6763 6764
3 6763 1123 6735
3 6764 6735 1122
3 1135 6764 6765
3 6764 1122 6762
3 6765 6762 1134
3 1136 6766 6767
3 6766 1124 6738
3 6767 6738 1123
3 1136 6767 6768
3 6767 1123 6763
3 6768 6763 1135
3 1137 6769 6770
3 6769 1125 6740
3 6770 6740 1124
3 1137 6770 6771
3 6770 1124 6766
3 6771 6766 1136
3 1138 6772 6773
3 6772 1126 6741
3 6773 6741 1125
3 1138 6773 6774
3 6773 1125 6769
3 6774 6769 1137
3 1139 6775 6776
3 6775 1126 6772
3 6776 6772 1138
3 1140 5938 6777
3 5938 1126 6775
3 6777 6775 1139
3 1127 5930 6779
3 5930 1141 6778
3 6779 6778 1157
3 1157 6780 6779
3 6780 1142 6781
3 6779 6781 1127
3 2918 6782 6746
3 6782 1127 6781
3 6746 6781 1142
3 2918 5916 6782
3 5916 2927 5932
3 6782 5932 1127
3 1143 6783 6784
3 6783 1129 6749
3 6784 6749 1128
3 1128 6742 6784
3 6742 1142 6785
3 6784 6785 1143
3 1144 6786 6787
3 6786 1130 6752
3 6787 6752 1129
3 1144 6787 6788
3 6787 1129 6783
3 6788 6783 1143
3 1145 6789 6790
3 6789 1131 6755
3 6790 6755 1130
3 1130 6786 6790
3 6786 1144 6791
3 6790 6791 1145
3 1146 6792 6793
3 6792 1132 6758
3 6793 6758 1131
3 1131 6789 6793
3 6789 1145 6794
3 6793 6794 1146
3 1147 6795 6796
3 6795 1133 6760
3 6796 6760 1132
3 1132 6792 6796
3 6792 1146 6797
3 6796 6797 1147
3 1133 6795 5945
3 6795 1147 5946
3 5945 5946 1148
3 1134 5935 6765
3 5935 1149 6798
3 6765 6798 1135
3 1149 6799 6798
3 6799 1136 6768
3 6798 6768 1135
3 1150 6800 6801
3 6800 1137 6771
3 6801 6771 1136
3 1149 6802 6799
3 6802 1150 6801
3 6799 6801 1136
3 1151 6803 6804
3 6803 1138 6774
3 6804 6774 1137
3 1150 6805 6800
3 6805 1151 6804
3 6800 6804 1137
3 1139 6776 6807
3 6776 1138 6806
3 6807 6806 1152
3 1151 6808 6803
3 6808 1152 6806
3 6803 6806 1138
3 1140 6777 6810
3 6777 1139 6809
3 6810 6809 1153
3 1139 6807 6809
3 6807 1152 6811
3 6809 6811 1153
3 1140 6810 6813
3 6810 1153 6812
3 6813 6812 1154
3 1155 5953 6814
3 5953 1140 6813
3 6814 6813 1154
3 1141 5941 6816
3 5941 1156 6815
3 6816 6815 1171
3 1171 6817 6816
3 6817 1157 6778
3 6816 6778 1141
3 1158 6818 6819
3 6818 1143 6785
3 6819 6785 1142
3 1142 6780 6819
3 6780 1157 6820
3 6819 6820 1158
3 1159 6821 6822
3 6821 1144 6788
3 6822 6788 1143
3 1143 6818 6822
3 6818 1158 6823
3 6822 6823 1159
3 1160 6824 6825
3 6824 1145 6791
3 6825 6791 1144
3 1160 6825 6826
3 6825 1144 6821
3 6826 6821 1159
3 1161 6827 6828
3 6827 1146 6794
3 6828 6794 1145
3 1145 6824 6828
3 6824 1160 6829
3 6828 6829 1161
3 1162 5959 6830
3 5959 1147 6797
3 6830 6797 1146
3 1146 6827 6830
3 6827 1161 6831
3 6830 6831 1162
3 1149 5950 6802
3 5950 1163 6832
3 6802 6832 1150
3 1150 6832 6805
3 6832 1163 6833
3 6805 6833 1151
3 1151 6834 6808
3 6834 1164 6835
3 6808 6835 1152
3 1151 6833 6834
3 6833 1163 6836
3 6834 6836 1164
3 1152 6837 6811
3 6837 1165 6838
3 6811 6838 1153
3 1152 6835 6837
3 6835 1164 6839
3 6837 6839 1165
3 1153 6840 6812
3 6840 1166 6841
3 6812 6841 1154
3 1153 6838 6840
3 6838 1165 6842
3 6840 6842 1166
3 1154 6843 6814
3 6843 1167 6844
3 6814 6844 1155
3 1154 6841 6843
3 6841 1166 6845
3 6843 6845 1167
3 1155 6844 6847
3 6844 1167 6846
3 6847 6846 1168
3 1169 5965 6848
3 5965 1155 6847
3 6848 6847 1168
3 1156 5956 6850
3 5956 1170 6849
3 6850 6849 1183
3 1183 6851 6850
3 6851 1171 6815
3 6850 6815 1156
3 1172 6852 6853
3 6852 1158 6820
3 6853 6820 1157
3 1157 6817 6853
3 6817 1171 6854
3 6853 6854 1172
3 1173 6855 6856
3 6855 1159 6823
3 6856 6823 1158
3 1158 6852 6856
3 6852 1172 6857
3 6856 6857 1173
3 1174 6858 6859
3 6858 1160 6826
3 6859 6826 1159
3 1159 6855 6859
3 6855 1173 6860
3 6859 6860 1174
3 1175 6861 6862
3 6861 1161 6829
3 6862 6829 1160
3 1160 6858 6862
3 6858 1174 6863
3 6862 6863 1175
3 1176 6864 6865
3 6864 1162 6831
3 6865 6831 1161
3 1161 6861 6865
3 6861 1175 6866
3 6865 6866 1176
3 1162 6864 5976
3 6864 1176 5973
3 5976 5973 1177
3 1163 5962 6836
3 5962 1178 6867
3 6836 6867 1164
3 1164 6867 6839
3 6867 1178 6868
3 6839 6868 1165
3 1165 6869 6842
3 6869 1179 6870
3 6842 6870 1166
3 1165 6868 6869
3 6868 1178 6871
3 6869 6871 1179
3 1166 6872 6845
3 6872 1180 6873
3 6845 6873 1167
3 1166 6870 6872
3 6870 1179 6874
3 6872 6874 1180
3 1168 6846 6876
3 6846 1167 6875
3 6876 6875 1393
3 1392 6877 6878
3 6877 1167 6873
3 6878 6873 1180
3 1392 6879 6877
3 6879 1393 6875
3 6877 6875 1167
3 1394 6880 6881
3 6880 1169 6848
3 6881 6848 1168
3 1394 6881 6882
3 6881 1168 6876
3 6882 6876 1393
3 1181 5982 6883
3 5982 1169 6880
3 6883 6880 1394
3 1396 6884 6885
3 6884 1170 5968
3 6885 5968 1182
3 1397 6886 6887
3 6886 1183 6849
3 6887 6849 1170
3 1170 6884 6887
3 6884 1396 6888
3 6887 6888 1397
3 1184 6889 6890
3 6889 1172 6854
3 6890 6854 1171
3 1171 6851 6890
3 6851 1183 6891
3 6890 6891 1184
3 1173 6857 6893
3 6857 1172 6892
3 6893 6892 1185
3 1172 6889 6892
3 6889 1184 6894
3 6892 6894 1185
3 1186 6895 6896
3 6895 1174 6860
3 6896 6860 1173
3 1186 6896 6897
3 6896 1173 6893
3 6897 6893 1185
3 1187 6898 6899
3 6898 1175 6863
3 6899 6863 1174
3 1174 6895 6899
3 6895 1186 6900
3 6899 6900 1187
3 2920 6901 6902
3 6901 1176 6866
3 6902 6866 1175
3 1175 6898 6904
3 6898 1187 6903
3 6904 6903 1188
3 1188 5991 6904
3 5991 2920 6902
3 6904 6902 1175
3 1176 6901 5975
3 6901 2920 5992
3 5975 5992 2919
3 1178 5979 6871
3 5979 1189 6905
3 6871 6905 1179
3 1179 6905 6874
3 6905 1189 6906
3 6874 6906 1180
3 1190 6907 6908
3 6907 1180 6906
3 6908 6906 1189
3 1190 6909 6907
3 6909 1392 6878
3 6907 6878 1180
3 1191 5984 6911
3 5984 1181 6910
3 6911 6910 1401
3 1181 6883 6910
3 6883 1394 6912
3 6910 6912 1401
3 2902 6913 6914
3 6913 1182 5987
3 6914 5987 1193
3 1182 6915 6885
3 6915 1395 6916
3 6885 6916 1396
3 2902 6917 6913
3 6917 1395 6915
3 6913 6915 1182
3 1184 6891 6919
3 6891 1183 6918
3 6919 6918 1403
3 1183 6886 6918
3 6886 1397 6920
3 6918 6920 1403
3 1184 6921 6894
3 6921 1194 6922
3 6894 6922 1185
3 1184 6919 6921
3 6919 1403 6923
3 6921 6923 1194
3 1194 6924 6922
3 6924 1186 6897
3 6922 6897 1185
3 1195 6925 6926
3 6925 1187 6900
3 6926 6900 1186
3 1186 6924 6926
3 6924 1194 6927
3 6926 6927 1195
3 1196 6004 6928
3 6004 1188 6903
3 6928 6903 1187
3 1187 6925 6928
3 6925 1195 6929
3 6928 6929 1196
3 1197 6930 5995
3 6930 1190 6908
3 5995 6908 1189
3 1197 6931 6930
3 6931 1398 6932
3 6930 6932 1190
3 1190 6932 6909
3 6932 1398 6933
3 6909 6933 1392
3 1192 5998 6934
3 5998 1191 6911
3 6934 6911 1401
3 1198 6010 6936
3 6010 1192 6935
3 6936 6935 1408
3 1401 6937 6934
3 6937 1408 6935
3 6934 6935 1192
3 1193 6001 6939
3 6001 1199 6938
3 6939 6938 1409
3 1193 6939 6941
3 6939 1409 6940
3 6941 6940 1402
3 2902 6914 6942
3 6914 1193 6941
3 6942 6941 1402
3 1200 6943 6944
3 6943 1195 6927
3 6944 6927 1194
3 1194 6945 6944
3 6945 1413 6946
3 6944 6946 1200
3 1413 6945 6947
3 6945 1194 6923
3 6947 6923 1403
3 1201 6018 6948
3 6018 1196 6929
3 6948 6929 1195
3 1195 6943 6948
3 6943 1200 6949
3 6948 6949 1201
3 1202 6950 6007
3 6950 1404 6951
3 6007 6951 1197
3 1197 6951 6931
3 6951 1404 6952
3 6931 6952 1398
3 1203 6012 6954
3 6012 1198 6953
3 6954 6953 1419
3 1408 6955 6936
3 6955 1419 6953
3 6936 6953 1198
3 1204 6956 6015
3 6956 1420 6957
3 6015 6957 1199
3 1199 6957 6938
3 6957 1420 6958
3 6938 6958 1409
3 1205 6026 6959
3 6026 1201 6949
3 6959 6949 1200
3 1200 6960 6959
3 6960 1425 6961
3 6959 6961 1205
3 1425 6960 6962
3 6960 1200 6946
3 6962 6946 1413
3 1206 6963 6029
3 6963 1414 6964
3 6029 6964 1202
3 1202 6964 6950
3 6964 1414 6965
3 6950 6965 1404
3 1207 6034 6966
3 6034 1203 6954
3 6966 6954 1419
3 1215 6967 6023
3 6967 1437 6968
3 6023 6968 1204
3 1204 6968 6956
3 6968 1437 6969
3 6956 6969 1420
3 1216 6046 6970
3 6046 1205 6961
3 6970 6961 1425
3 1217 6971 6031
3 6971 1426 6972
3 6031 6972 1206
3 1426 6973 6972
3 6973 1414 6963
3 6972 6963 1206
3 1218 6037 6975
3 6037 1207 6974
3 6975 6974 1429
3 1207 6966 6974
3 6966 1419 6976
3 6974 6976 1429
3 1209 5482 6978
3 5482 1208 6977
3 6978 6977 1430
3 1221 6979 5479
3 6979 1447 6980
3 5479 6980 1208
3 1447 6981 6980
3 6981 1430 6977
3 6980 6977 1208
3 1209 6982 5485
3 6982 1431 6983
3 5485 6983 1210
3 1209 6978 6982
3 6978 1430 6984
3 6982 6984 1431
3 1210 6985 5488
3 6985 1432 6986
3 5488 6986 1222
3 1210 6983 6985
3 6983 1431 6987
3 6985 6987 1432
3 1211 6988 5496
3 6988 1433 6989
3 5496 6989 1212
3 1211 5493 6991
3 5493 1223 6990
3 6991 6990 1449
3 1211 6991 6988
3 6991 1449 6992
3 6988 6992 1433
3 1212 6993 5499
3 6993 1434 6994
3 5499 6994 1213
3 1212 6989 6993
3 6989 1433 6995
3 6993 6995 1434
3 1213 6996 5502
3 6996 1435 6997
3 5502 6997 1224
3 1213 6994 6996
3 6994 1434 6998
3 6996 6998 1435
3 1215 6043 7000
3 6043 1214 6999
3 7000 6999 1436
3 1452 7001 7002
3 7001 1214 6042
3 7002 6042 1227
3 1436 6999 7003
3 6999 1214 7001
3 7003 7001 1452
3 1215 7000 6967
3 7000 1436 7004
3 6967 7004 1437
3 1216 7005 6068
3 7005 1441 7006
3 6068 7006 1228
3 1216 6970 7005
3 6970 1425 7007
3 7005 7007 1441
3 1443 7008 7009
3 7008 1217 6049
3 7009 6049 1229
3 1442 7010 7011
3 7010 1426 6971
3 7011 6971 1217
3 1443 7012 7008
3 7012 1442 7011
3 7008 7011 1217
3 1218 7013 6052
3 7013 1445 7014
3 6052 7014 1219
3 1218 6975 7013
3 6975 1429 7015
3 7013 7015 1445
3 1446 7016 7017
3 7016 1220 6055
3 7017 6055 1219
3 1445 7018 7014
3 7018 1446 7017
3 7014 7017 1219
3 1456 7019 7020
3 7019 1230 6072
3 7020 6072 1220
3 1456 7020 7021
3 7020 1220 7016
3 7021 7016 1446
3 1239 7022 5545
3 7022 1460 7023
3 5545 7023 1221
3 1221 7023 6979
3 7023 1460 7024
3 6979 7024 1447
3 1222 7025 6056
3 7025 1448 7026
3 6056 7026 1223
3 1222 6986 7025
3 6986 1432 7027
3 7025 7027 1448
3 1223 7026 6990
3 7026 1448 7028
3 6990 7028 1449
3 1240 6100 7030
3 6100 1224 7029
3 7030 7029 1450
3 1224 6997 7029
3 6997 1435 7031
3 7029 7031 1450
3 1226 6064 7033
3 6064 1225 7032
3 7033 7032 1451
3 1466 7034 7035
3 7034 1225 6061
3 7035 6061 1249
3 1466 7036 7034
3 7036 1451 7032
3 7034 7032 1225
3 2897 7037 7038
3 7037 1227 6065
3 7038 6065 1226
3 2897 7038 7039
3 7038 1226 7033
3 7039 7033 1451
3 2897 7040 7037
3 7040 1452 7002
3 7037 7002 1227
3 1228 7041 6128
3 7041 1454 7042
3 6128 7042 1250
3 1228 7006 7041
3 7006 1441 7043
3 7041 7043 1454
3 1455 7044 7045
3 7044 1229 6131
3 7045 6131 1251
3 1443 7009 7046
3 7009 1229 7044
3 7046 7044 1455
3 1457 7047 7048
3 7047 1231 6075
3 7048 6075 1230
3 1457 7048 7049
3 7048 1230 7019
3 7049 7019 1456
3 1458 7050 7051
3 7050 1232 6078
3 7051 6078 1231
3 1457 7052 7047
3 7052 1458 7051
3 7047 7051 1231
3 1469 7053 7054
3 7053 1233 6081
3 7054 6081 1232
3 1469 7054 7055
3 7054 1232 7050
3 7055 7050 1458
3 1234 6084 7057
3 6084 1233 7056
3 7057 7056 1471
3 1470 7058 7059
3 7058 1233 7053
3 7059 7053 1469
3 1471 7056 7060
3 7056 1233 7058
3 7060 7058 1470
3 1235 6087 7062
3 6087 1234 7061
3 7062 7061 1472
3 1234 7057 7061
3 7057 1471 7063
3 7061 7063 1472
3 1236 6090 7065
3 6090 1235 7064
3 7065 7064 1473
3 1235 7062 7064
3 7062 1472 7066
3 7064 7066 1473
3 1237 6093 7068
3 6093 1236 7067
3 7068 7067 1474
3 1236 7065 7067
3 7065 1473 7069
3 7067 7069 1474
3 1238 6096 7071
3 6096 1237 7070
3 7071 7070 1459
3 1237 7068 7070
3 7068 1474 7072
3 7070 7072 1459
3 1239 6097 7073
3 6097 1238 7071
3 7073 7071 1459
3 1239 7073 7022
3 7073 1459 7074
3 7022 7074 1460
3 1240 7075 6103
3 7075 1461 7076
3 6103 7076 1241
3 1240 7030 7075
3 7030 1450 7077
3 7075 7077 1461
3 1241 7078 6106
3 7078 1462 7079
3 6106 7079 1242
3 1241 7076 7078
3 7076 1461 7080
3 7078 7080 1462
3 1242 7081 6109
3 7081 1463 7082
3 6109 7082 1243
3 1242 7079 7081
3 7079 1462 7083
3 7081 7083 1463
3 1243 7084 6112
3 7084 1475 7085
3 6112 7085 1244
3 1243 7082 7084
3 7082 1463 7086
3 7084 7086 1475
3 1245 6115 7088
3 6115 1244 7087
3 7088 7087 1477
3 1244 7085 7090
3 7085 1475 7089
3 7090 7089 1476
3 1477 7087 7091
3 7087 1244 7090
3 7091 7090 1476
3 1245 7092 6118
3 7092 1478 7093
3 6118 7093 1246
3 1245 7088 7092
3 7088 1477 7094
3 7092 7094 1478
3 1246 7095 6121
3 7095 1479 7096
3 6121 7096 1247
3 1246 7093 7095
3 7093 1478 7097
3 7095 7097 1479
3 1247 7098 6124
3 7098 1464 7099
3 6124 7099 1248
3 1247 7096 7098
3 7096 1479 7100
3 7098 7100 1464
3 2898 7101 7102
3 7101 1249 6125
3 7102 6125 1248
3 2898 7102 7103
3 7102 1248 7099
3 7103 7099 1464
3 1466 7035 7105
3 7035 1249 7104
3 7105 7104 1465
3 2898 7106 7101
3 7106 1465 7104
3 7101 7104 1249
3 1467 7107 7108
3 7107 1252 6135
3 7108 6135 1250
3 1467 7108 7109
3 7108 1250 7042
3 7109 7042 1454
3 1253 7110 6139
3 7110 1468 7111
3 6139 7111 1251
3 1455 7045 7112
3 7045 1251 7111
3 7112 7111 1468
3 1252 7113 6136
3 7113 1480 7114
3 6136 7114 1254
3 1467 7115 7107
3 7115 1480 7113
3 7107 7113 1252
3 1483 7116 7117
3 7116 1253 6141
3 7117 6141 1255
3 1481 7118 7119
3 7118 1468 7110
3 7119 7110 1253
3 1483 7120 7116
3 7120 1481 7119
3 7116 7119 1253
3 1482 7121 7122
3 7121 1260 6157
3 7122 6157 1254
3 1480 7123 7114
3 7123 1482 7122
3 7114 7122 1254
3 1484 7124 7125
3 7124 1255 6145
3 7125 6145 1256
3 1484 7126 7124
3 7126 1483 7117
3 7124 7117 1255
3 1485 7127 7128
3 7127 1256 6148
3 7128 6148 1257
3 1484 7125 7129
3 7125 1256 7127
3 7129 7127 1485
3 1490 7130 7131
3 7130 1257 6160
3 7131 6160 1261
3 1485 7128 7132
3 7128 1257 7130
3 7132 7130 1490
3 1488 7133 7134
3 7133 1258 6153
3 7134 6153 1259
3 1258 7135 6272
3 7135 1486 7136
3 6272 7136 1298
3 1487 7137 7138
3 7137 1486 7135
3 7138 7135 1258
3 1488 7139 7133
3 7139 1487 7138
3 7133 7138 1258
3 1489 7140 7141
3 7140 1259 6156
3 7141 6156 1260
3 1489 7142 7140
3 7142 1488 7134
3 7140 7134 1259
3 1489 7141 7143
3 7141 1260 7121
3 7143 7121 1482
3 1491 7144 7145
3 7144 1261 6163
3 7145 6163 1262
3 1261 7144 7131
3 7144 1491 7146
3 7131 7146 1490
3 1492 7147 7148
3 7147 1262 6166
3 7148 6166 1263
3 1262 7147 7145
3 7147 1492 7149
3 7145 7149 1491
3 1493 7150 7151
3 7150 1263 6169
3 7151 6169 1264
3 1492 7148 7152
3 7148 1263 7150
3 7152 7150 1493
3 1494 7153 7154
3 7153 1264 6172
3 7154 6172 1265
3 1493 7151 7155
3 7151 1264 7153
3 7155 7153 1494
3 1495 7156 7157
3 7156 1265 6175
3 7157 6175 1266
3 1494 7154 7158
3 7154 1265 7156
3 7158 7156 1495
3 1496 7159 7160
3 7159 1266 6178
3 7160 6178 1267
3 1495 7157 7161
3 7157 1266 7159
3 7161 7159 1496
3 1268 7162 6181
3 7162 1497 7163
3 6181 7163 1267
3 1497 7164 7163
3 7164 1496 7160
3 7163 7160 1267
3 1268 6184 7166
3 6184 1269 7165
3 7166 7165 1498
3 1268 7166 7162
3 7166 1498 7167
3 7162 7167 1497
3 1269 6187 7169
3 6187 1270 7168
3 7169 7168 1499
3 1269 7169 7165
3 7169 1499 7170
3 7165 7170 1498
3 1270 6190 7172
3 6190 1271 7171
3 7172 7171 1500
3 1270 7172 7168
3 7172 1500 7173
3 7168 7173 1499
3 1271 6193 7175
3 6193 1272 7174
3 7175 7174 1501
3 1271 7175 7171
3 7175 1501 7176
3 7171 7176 1500
3 1272 6196 7178
3 6196 1273 7177
3 7178 7177 1502
3 1272 7178 7174
3 7178 1502 7179
3 7174 7179 1501
3 1273 6199 7181
3 6199 1274 7180
3 7181 7180 1503
3 1273 7181 7177
3 7181 1503 7182
3 7177 7182 1502
3 1274 6202 7184
3 6202 1275 7183
3 7184 7183 1504
3 1274 7184 7180
3 7184 1504 7185
3 7180 7185 1503
3 1275 6205 7187
3 6205 1276 7186
3 7187 7186 1505
3 1275 7187 7183
3 7187 1505 7188
3 7183 7188 1504
3 1276 6208 7190
3 6208 1277 7189
3 7190 7189 1506
3 1276 7190 7186
3 7190 1506 7191
3 7186 7191 1505
3 1277 6211 7193
3 6211 1278 7192
3 7193 7192 1507
3 1277 7193 7189
3 7193 1507 7194
3 7189 7194 1506
3 1278 6214 7196
3 6214 1279 7195
3 7196 7195 1508
3 1278 7196 7192
3 7196 1508 7197
3 7192 7197 1507
3 1279 6217 7199
3 6217 1280 7198
3 7199 7198 1509
3 1279 7199 7195
3 7199 1509 7200
3 7195 7200 1508
3 1280 6220 7202
3 6220 1281 7201
3 7202 7201 1510
3 1280 7202 7198
3 7202 1510 7203
3 7198 7203 1509
3 1511 7204 7205
3 7204 1281 6223
3 7205 6223 1282
3 1281 7204 7201
3 7204 1511 7206
3 7201 7206 1510
3 1283 7207 6226
3 7207 1512 7208
3 6226 7208 1282
3 1282 7208 7205
3 7208 1512 7209
3 7205 7209 1511
3 1284 7210 6229
3 7210 1513 7211
3 6229 7211 1283
3 1283 7211 7207
3 7211 1513 7212
3 7207 7212 1512
3 1285 7213 6232
3 7213 1514 7214
3 6232 7214 1284
3 1284 7214 7210
3 7214 1514 7215
3 7210 7215 1513
3 1285 6235 7217
3 6235 1286 7216
3 7217 7216 1515
3 1285 7217 7213
3 7217 1515 7218
3 7213 7218 1514
3 1286 6238 7220
3 6238 1287 7219
3 7220 7219 1516
3 1286 7220 7216
3 7220 1516 7221
3 7216 7221 1515
3 1287 6241 7223
3 6241 1288 7222
3 7223 7222 1517
3 1287 7223 7219
3 7223 1517 7224
3 7219 7224 1516
3 1288 6244 7226
3 6244 1289 7225
3 7226 7225 1518
3 1288 7226 7222
3 7226 1518 7227
3 7222 7227 1517
3 1289 6247 7229
3 6247 1290 7228
3 7229 7228 1519
3 1518 7225 7230
3 7225 1289 7229
3 7230 7229 1519
3 1290 6250 7232
3 6250 1291 7231
3 7232 7231 1520
3 1290 7232 7228
3 7232 1520 7233
3 7228 7233 1519
3 1291 6253 7235
3 6253 1292 7234
3 7235 7234 1521
3 1291 7235 7231
3 7235 1521 7236
3 7231 7236 1520
3 1292 6256 7238
3 6256 1293 7237
3 7238 7237 1522
3 1292 7238 7234
3 7238 1522 7239
3 7234 7239 1521
3 1523 7240 7241
3 7240 1293 6259
3 7241 6259 1294
3 1522 7237 7242
3 7237 1293 7240
3 7242 7240 1523
3 1524 7243 7244
3 7243 1294 6262
3 7244 6262 1295
3 1524 7245 7243
3 7245 1523 7241
3 7243 7241 1294
3 1525 7246 7247
3 7246 1295 6265
3 7247 6265 1296
3 1525 7248 7246
3 7248 1524 7244
3 7246 7244 1295
3 1526 7249 7250
3 7249 1296 6268
3 7250 6268 1297
3 1526 7251 7249
3 7251 1525 7247
3 7249 7247 1296
3 1526 7250 7252
3 7250 1297 6271
3 7252 6271 1298
3 1526 7252 7253
3 7252 1298 7136
3 7253 7136 1486
3 1528 7254 7255
3 7254 1300 6279
3 7255 6279 1299
3 1527 7256 7257
3 7256 1528 7255
3 7257 7255 1299
3 1527 7257 7259
3 7257 1299 7258
3 7259 7258 1530
3 1531 7260 6281
3 7260 1530 7258
3 6281 7258 1299
3 1529 7261 7262
3 7261 1301 6291
3 7262 6291 1300
3 1300 7254 7262
3 7254 1528 7263
3 7262 7263 1529
3 1302 6297 7265
3 6297 1301 7264
3 7265 7264 1660
3 1529 7266 7261
3 7266 1660 7264
3 7261 7264 1301
3 1532 6301 7268
3 6301 1302 7267
3 7268 7267 1662
3 1302 7265 7267
3 7265 1660 7269
3 7267 7269 1662
3 1309 7270 6309
3 7270 1536 7271
3 6309 7271 1303
3 1531 6282 7272
3 6282 1303 7271
3 7272 7271 1536
3 1310 6306 7274
3 6306 1304 7273
3 7274 7273 1540
3 1304 6303 7276
3 6303 1532 7275
3 7276 7275 1537
3 1304 7276 7273
3 7276 1537 7277
3 7273 7277 1540
3 1663 7278 7279
3 7278 1306 6329
3 7279 6329 1305
3 1668 7280 7281
3 7280 1305 6330
3 7281 6330 1538
3 1663 7279 7282
3 7279 1305 7280
3 7282 7280 1668
3 1534 7283 7284
3 7283 1307 6334
3 7284 6334 1306
3 1534 7284 7286
3 7284 1306 7285
3 7286 7285 1533
3 1663 7287 7278
3 7287 1533 7285
3 7278 7285 1306
3 1307 7288 6335
3 7288 1308 7289
3 6335 7289 1311
3 1307 7290 7288
3 7290 1535 7291
3 7288 7291 1308
3 1535 7290 7292
3 7290 1307 7283
3 7292 7283 1534
3 1673 7293 7294
3 7293 1311 7289
3 7294 7289 1308
3 1669 7295 7296
3 7295 1308 7291
3 7296 7291 1535
3 1669 7297 7295
3 7297 1673 7294
3 7295 7294 1308
3 1312 7298 6343
3 7298 1539 7299
3 6343 7299 1309
3 1536 7270 7300
3 7270 1309 7299
3 7300 7299 1539
3 1310 7301 6347
3 7301 1542 7302
3 6347 7302 1313
3 1310 7274 7301
3 7274 1540 7303
3 7301 7303 1542
3 1678 7304 7305
3 7304 1317 6337
3 7305 6337 1311
3 1673 7306 7293
3 7306 1678 7305
3 7293 7305 1311
3 1312 6344 7308
3 6344 1318 7307
3 7308 7307 1545
3 1312 7309 7298
3 7309 1541 7310
3 7298 7310 1539
3 1312 7308 7309
3 7308 1545 7311
3 7309 7311 1541
3 1320 6354 7313
3 6354 1313 7312
3 7313 7312 1319
3 1319 7312 7315
3 7312 1313 7314
3 7315 7314 1546
3 1542 7316 7302
3 7316 1546 7314
3 7302 7314 1313
3 1543 7317 7318
3 7317 1315 6319
3 7318 6319 1314
3 1552 7319 7320
3 7319 1314 6350
3 7320 6350 1321
3 1552 7321 7319
3 7321 1543 7318
3 7319 7318 1314
3 1544 7322 7323
3 7322 1538 6322
3 7323 6322 1315
3 1543 7324 7317
3 7324 1544 7323
3 7317 7323 1315
3 1547 7325 7326
3 7325 1316 6339
3 7326 6339 1317
3 1547 7327 7325
3 7327 1322 5730
3 7325 5730 1316
3 1547 7326 7329
3 7326 1317 7328
3 7329 7328 1684
3 1684 7328 7330
3 7328 1317 7304
3 7330 7304 1678
3 1323 7331 6361
3 7331 1545 7307
3 6361 7307 1318
3 1324 7332 7333
3 7332 1320 7313
3 7333 7313 1319
3 1551 7334 7335
3 7334 1324 7333
3 7335 7333 1319
3 1319 7315 7335
3 7315 1546 7336
3 7335 7336 1551
3 1325 7337 7338
3 7337 1320 7332
3 7338 7332 1324
3 1326 6365 7339
3 6365 1320 7337
3 7339 7337 1325
3 1321 6357 7341
3 6357 1327 7340
3 7341 7340 1337
3 1337 7342 7341
3 7342 1552 7320
3 7341 7320 1321
3 1553 7343 7344
3 7343 1328 5742
3 7344 5742 1322
3 1553 7344 7345
3 7344 1322 7327
3 7345 7327 1547
3 1329 7346 6362
3 7346 1549 7347
3 6362 7347 1323
3 1323 7348 7331
3 7348 1548 7349
3 7331 7349 1545
3 1323 7347 7348
3 7347 1549 7350
3 7348 7350 1548
3 1332 7351 7352
3 7351 1325 7338
3 7352 7338 1324
3 1332 7352 7354
3 7352 1324 7353
3 7354 7353 1331
3 1324 7334 7353
3 7334 1551 7355
3 7353 7355 1331
3 1333 7356 7357
3 7356 1326 7339
3 7357 7339 1325
3 1333 7357 7358
3 7357 1325 7351
3 7358 7351 1332
3 1334 7359 7360
3 7359 1326 7356
3 7360 7356 1333
3 1335 6374 7361
3 6374 1326 7359
3 7361 7359 1334
3 1327 6368 7363
3 6368 1336 7362
3 7363 7362 1347
3 1347 7364 7363
3 7364 1337 7340
3 7363 7340 1327
3 1555 7365 7366
3 7365 1338 5756
3 7366 5756 1328
3 1555 7366 7367
3 7366 1328 7343
3 7367 7343 1553
3 1329 6371 7369
3 6371 1339 7368
3 7369 7368 1330
3 1330 7370 7369
3 7370 1549 7346
3 7369 7346 1329
3 1339 7371 7368
3 7371 1331 7372
3 7368 7372 1330
3 1331 7373 7372
3 7373 1550 7374
3 7372 7374 1330
3 1549 7370 7375
3 7370 1330 7374
3 7375 7374 1550
3 1340 7376 7377
3 7376 1332 7354
3 7377 7354 1331
3 1340 7377 7378
3 7377 1331 7371
3 7378 7371 1339
3 1550 7373 7379
3 7373 1331 7355
3 7379 7355 1551
3 1341 7380 7381
3 7380 1333 7358
3 7381 7358 1332
3 1340 7382 7376
3 7382 1341 7381
3 7376 7381 1332
3 1342 7383 7384
3 7383 1334 7360
3 7384 7360 1333
3 1341 7385 7380
3 7385 1342 7384
3 7380 7384 1333
3 1343 7386 7387
3 7386 1335 7361
3 7387 7361 1334
3 1342 7388 7383
3 7388 1343 7387
3 7383 7387 1334
3 1343 7389 7386
3 7389 1344 7390
3 7386 7390 1335
3 1344 7391 7390
3 7391 1345 6386
3 7390 6386 1335
3 1357 7392 7393
3 7392 1347 7362
3 7393 7362 1336
3 1336 6378 7393
3 6378 2921 7394
3 7393 7394 1357
3 1337 7364 7396
3 7364 1347 7395
3 7396 7395 1348
3 1348 7397 7396
3 7397 1554 7398
3 7396 7398 1337
3 1552 7342 7399
3 7342 1337 7398
3 7399 7398 1554
3 1555 7400 7365
3 7400 1349 6395
3 7365 6395 1338
3 1339 6383 7378
3 6383 1350 7401
3 7378 7401 1340
3 1340 7401 7382
3 7401 1350 7402
3 7382 7402 1341
3 1341 7403 7385
3 7403 1351 7404
3 7385 7404 1342
3 1341 7402 7403
3 7402 1350 7405
3 7403 7405 1351
3 1342 7406 7388
3 7406 1352 7407
3 7388 7407 1343
3 1342 7404 7406
3 7404 1351 7408
3 7406 7408 1352
3 1343 7409 7389
3 7409 1353 7410
3 7389 7410 1344
3 1343 7407 7409
3 7407 1352 7411
3 7409 7411 1353
3 1344 7412 7391
3 7412 1354 7413
3 7391 7413 1345
3 1344 7410 7412
3 7410 1353 7414
3 7412 7414 1354
3 1345 7413 6388
3 7413 1354 7415
3 6388 7415 1355
3 1346 6392 7417
3 6392 1356 7416
3 7417 7416 1368
3 1368 7418 7417
3 7418 1357 7419
3 7417 7419 1346
3 2921 6379 7394
3 6379 1346 7419
3 7394 7419 1357
3 1358 7420 7421
3 7420 1348 7395
3 7421 7395 1347
3 1347 7392 7421
3 7392 1357 7422
3 7421 7422 1358
3 1348 7420 7424
3 7420 1358 7423
3 7424 7423 1359
3 1348 7424 7426
3 7424 1359 7425
3 7426 7425 1360
3 1556 7427 7428
3 7427 1348 7426
3 7428 7426 1360
3 1554 7397 7429
3 7397 1348 7427
3 7429 7427 1556
3 1558 7430 7431
3 7430 1362 6409
3 7431 6409 1349
3 1349 7400 7433
3 7400 1555 7432
3 7433 7432 1559
3 1558 7431 7434
3 7431 1349 7433
3 7434 7433 1559
3 1350 6398 7405
3 6398 1363 7435
3 7405 7435 1351
3 1351 7435 7408
3 7435 1363 7436
3 7408 7436 1352
3 1352 7437 7411
3 7437 1364 7438
3 7411 7438 1353
3 1352 7436 7437
3 7436 1363 7439
3 7437 7439 1364
3 1353 7440 7414
3 7440 1365 7441
3 7414 7441 1354
3 1353 7438 7440
3 7438 1364 7442
3 7440 7442 1365
3 1354 7443 7415
3 7443 1366 7444
3 7415 7444 1355
3 1354 7441 7443
3 7441 1365 7445
3 7443 7445 1366
3 1355 7444 6403
3 7444 1366 7446
3 6403 7446 1367
3 1378 7447 6448
3 7447 1368 7416
3 6448 7416 1356
3 1357 7448 7422
3 7448 1369 7449
3 7422 7449 1358
3 1357 7418 7448
3 7418 1368 7450
3 7448 7450 1369
3 1358 7451 7423
3 7451 1370 7452
3 7423 7452 1359
3 1358 7449 7451
3 7449 1369 7453
3 7451 7453 1370
3 1359 7454 7425
3 7454 1371 7455
3 7425 7455 1360
3 1359 7452 7454
3 7452 1370 7456
3 7454 7456 1371
3 1372 7457 7459
3 7457 1361 7458
3 7459 7458 1360
3 1556 7428 7460
3 7428 1360 7458
3 7460 7458 1361
3 1360 7455 7459
3 7455 1371 7461
3 7459 7461 1372
3 1373 6426 7463
3 6426 1362 7462
3 7463 7462 1361
3 1557 7464 7465
3 7464 1361 7462
3 7465 7462 1362
3 1361 7457 7463
3 7457 1372 7466
3 7463 7466 1373
3 1361 7464 7460
3 7464 1557 7467
3 7460 7467 1556
3 1362 7430 7465
3 7430 1558 7468
3 7465 7468 1557
3 1363 6412 7439
3 6412 1374 7469
3 7439 7469 1364
3 1364 7469 7442
3 7469 1374 7470
3 7442 7470 1365
3 1365 7471 7445
3 7471 1375 7472
3 7445 7472 1366
3 1365 7470 7471
3 7470 1374 6429
3 7471 6429 1375
3 1366 7473 7446
3 7473 1376 7474
3 7446 7474 1367
3 1366 7472 7473
3 7472 1375 6459
3 7473 6459 1376
3 1367 7474 6417
3 7474 1376 6463
3 6417 6463 1377
3 1379 7475 7476
3 7475 1369 7450
3 7476 7450 1368
3 1368 7447 7476
3 7447 1378 7477
3 7476 7477 1379
3 1369 7478 7453
3 7478 1380 7479
3 7453 7479 1370
3 1369 7475 7478
3 7475 1379 7480
3 7478 7480 1380
3 1381 7481 7482
3 7481 1371 7456
3 7482 7456 1370
3 1370 7479 7482
3 7479 1380 7483
3 7482 7483 1381
3 1382 7484 7485
3 7484 1372 7461
3 7485 7461 1371
3 1371 7481 7485
3 7481 1381 7486
3 7485 7486 1382
3 1383 6451 7487
3 6451 1373 7466
3 7487 7466 1372
3 1372 7484 7487
3 7484 1382 7488
3 7487 7488 1383
3 1384 7489 6486
3 7489 1379 7477
3 6486 7477 1378
3 1385 7490 7491
3 7490 1380 7480
3 7491 7480 1379
3 1385 7491 7492
3 7491 1379 7489
3 7492 7489 1384
3 1386 7493 7494
3 7493 1381 7483
3 7494 7483 1380
3 1380 7490 7494
3 7490 1385 7495
3 7494 7495 1386
3 1387 7496 7497
3 7496 1382 7486
3 7497 7486 1381
3 1381 7493 7497
3 7493 1386 7498
3 7497 7498 1387
3 1388 6490 7499
3 6490 1383 7488
3 7499 7488 1382
3 1388 7499 6491
3 7499 1382 7496
3 6491 7496 1387
3 1389 7500 6524
3 7500 1385 7492
3 6524 7492 1384
3 1390 7501 7502
3 7501 1386 7495
3 7502 7495 1385
3 1390 7502 6572
3 7502 1385 7500
3 6572 7500 1389
3 1391 6527 7503
3 6527 1387 7498
3 7503 7498 1386
3 1391 7503 6573
3 7503 1386 7501
3 6573 7501 1390
3 1392 6933 6879
3 6933 1398 7504
3 6879 7504 1393
3 1394 6882 7506
3 6882 1393 7505
3 7506 7505 1399
3 1399 7505 7507
3 7505 1393 7504
3 7507 7504 1398
3 1394 7506 7509
3 7506 1399 7508
3 7509 7508 1400
3 1401 6912 7510
3 6912 1394 7509
3 7510 7509 1400
3 1410 7511 7512
3 7511 1396 6916
3 7512 6916 1395
3 1395 7513 7512
3 7513 1402 7514
3 7512 7514 1410
3 1402 7513 6942
3 7513 1395 6917
3 6942 6917 2902
3 1411 7515 7516
3 7515 1397 6888
3 7516 6888 1396
3 1411 7516 7517
3 7516 1396 7511
3 7517 7511 1410
3 1412 7518 7519
3 7518 1403 6920
3 7519 6920 1397
3 1412 7519 7520
3 7519 1397 7515
3 7520 7515 1411
3 1399 7507 7521
3 7507 1398 6952
3 7521 6952 1404
3 1399 7522 7508
3 7522 1405 7523
3 7508 7523 1400
3 1399 7521 7522
3 7521 1404 7524
3 7522 7524 1405
3 1406 7525 7526
3 7525 1401 7510
3 7526 7510 1400
3 1406 7526 7527
3 7526 1400 7523
3 7527 7523 1405
3 1407 7528 7529
3 7528 1401 7525
3 7529 7525 1406
3 1408 6937 7530
3 6937 1401 7528
3 7530 7528 1407
3 1409 7531 6940
3 7531 1421 7532
3 6940 7532 1402
3 1421 7533 7532
3 7533 1410 7514
3 7532 7514 1402
3 1403 7518 6947
3 7518 1412 7534
3 6947 7534 1413
3 1405 7524 7535
3 7524 1404 6965
3 7535 6965 1414
3 1415 7536 7537
3 7536 1406 7527
3 7537 7527 1405
3 1415 7537 7538
3 7537 1405 7535
3 7538 7535 1414
3 1416 7539 7540
3 7539 1407 7529
3 7540 7529 1406
3 1415 7541 7536
3 7541 1416 7540
3 7536 7540 1406
3 1417 7542 7543
3 7542 1408 7530
3 7543 7530 1407
3 1416 7544 7539
3 7544 1417 7543
3 7539 7543 1407
3 1417 7545 7542
3 7545 1418 7546
3 7542 7546 1408
3 1418 7547 7546
3 7547 1419 6955
3 7546 6955 1408
3 1561 7548 7549
3 7548 1409 6958
3 7549 6958 1420
3 1573 7550 7551
3 7550 1421 7531
3 7551 7531 1409
3 1409 7548 7551
3 7548 1561 7552
3 7551 7552 1573
3 1411 7517 7554
3 7517 1410 7553
3 7554 7553 1422
3 1410 7533 7553
3 7533 1421 7555
3 7553 7555 1422
3 1412 7520 7557
3 7520 1411 7556
3 7557 7556 1423
3 1411 7554 7556
3 7554 1422 7558
3 7556 7558 1423
3 1424 7559 7560
3 7559 1413 7534
3 7560 7534 1412
3 1412 7557 7560
3 7557 1423 7561
3 7560 7561 1424
3 1413 7559 6962
3 7559 1424 7562
3 6962 7562 1425
3 1415 7538 7563
3 7538 1414 6973
3 7563 6973 1426
3 1415 7563 7541
3 7563 1426 7564
3 7541 7564 1416
3 1416 7565 7544
3 7565 1427 7566
3 7544 7566 1417
3 1416 7564 7565
3 7564 1426 7567
3 7565 7567 1427
3 1417 7568 7545
3 7568 1428 7569
3 7545 7569 1418
3 1417 7566 7568
3 7566 1427 7570
3 7568 7570 1428
3 1562 7571 7572
3 7571 1419 7547
3 7572 7547 1418
3 1560 7573 7574
3 7573 1418 7569
3 7574 7569 1428
3 1560 7575 7573
3 7575 1562 7572
3 7573 7572 1418
3 1562 7576 7571
3 7576 1429 6976
3 7571 6976 1419
3 1420 6969 7578
3 6969 1437 7577
3 7578 7577 1572
3 1420 7578 7549
3 7578 1572 7579
3 7549 7579 1561
3 1421 7580 7555
3 7580 1438 7581
3 7555 7581 1422
3 1421 7550 7580
3 7550 1573 7582
3 7580 7582 1438
3 1438 7583 7581
3 7583 1423 7558
3 7581 7558 1422
3 1423 7584 7561
3 7584 1439 7585
3 7561 7585 1424
3 1423 7583 7584
3 7583 1438 7586
3 7584 7586 1439
3 1440 7587 7588
3 7587 1425 7562
3 7588 7562 1424
3 1424 7585 7588
3 7585 1439 7589
3 7588 7589 1440
3 1425 7587 7007
3 7587 1440 7590
3 7007 7590 1441
3 1442 7591 7010
3 7591 1427 7567
3 7010 7567 1426
3 1443 7592 7593
3 7592 1428 7570
3 7593 7570 1427
3 1443 7593 7012
3 7593 1427 7591
3 7012 7591 1442
3 1444 7594 7595
3 7594 1428 7592
3 7595 7592 1443
3 1560 7574 7596
3 7574 1428 7594
3 7596 7594 1444
3 1445 7015 7598
3 7015 1429 7597
3 7598 7597 1563
3 1562 7599 7576
3 7599 1563 7597
3 7576 7597 1429
3 1431 6984 7601
3 6984 1430 7600
3 7601 7600 1564
3 1447 7602 6981
3 7602 1579 7603
3 6981 7603 1430
3 1430 7603 7600
3 7603 1579 7604
3 7600 7604 1564
3 1432 6987 7606
3 6987 1431 7605
3 7606 7605 1565
3 1431 7601 7605
3 7601 1564 7607
3 7605 7607 1565
3 1448 7027 7609
3 7027 1432 7608
3 7609 7608 1566
3 1432 7606 7608
3 7606 1565 7610
3 7608 7610 1566
3 1433 7611 6995
3 7611 1567 7612
3 6995 7612 1434
3 1449 7613 6992
3 7613 1581 7614
3 6992 7614 1433
3 1433 7614 7611
3 7614 1581 7615
3 7611 7615 1567
3 1435 6998 7617
3 6998 1434 7616
3 7617 7616 1568
3 1567 7618 7612
3 7618 1568 7616
3 7612 7616 1434
3 1450 7031 7620
3 7031 1435 7619
3 7620 7619 1569
3 1435 7617 7619
3 7617 1568 7621
3 7619 7621 1569
3 1436 7622 7004
3 7622 1570 7623
3 7004 7623 1437
3 1584 7624 7625
3 7624 1436 7003
3 7625 7003 1452
3 1570 7622 7626
3 7622 1436 7624
3 7626 7624 1584
3 1437 7623 7628
3 7623 1570 7627
3 7628 7627 1571
3 1571 7629 7628
3 7629 1572 7577
3 7628 7577 1437
3 1438 7630 7586
3 7630 1453 7631
3 7586 7631 1439
3 1585 7632 7633
3 7632 1453 7630
3 7633 7630 1438
3 1573 7634 7582
3 7634 1585 7633
3 7582 7633 1438
3 1453 7635 7631
3 7635 1440 7589
3 7631 7589 1439
3 1440 7636 7590
3 7636 1454 7043
3 7590 7043 1441
3 1440 7635 7636
3 7635 1453 7637
3 7636 7637 1454
3 1443 7638 7595
3 7638 1574 7639
3 7595 7639 1444
3 1574 7638 7640
3 7638 1443 7046
3 7640 7046 1455
3 1560 7596 7642
3 7596 1444 7641
3 7642 7641 1575
3 1444 7639 7641
3 7639 1574 7643
3 7641 7643 1575
3 1445 7644 7018
3 7644 1576 7645
3 7018 7645 1446
3 1445 7598 7644
3 7598 1563 7646
3 7644 7646 1576
3 1456 7021 7648
3 7021 1446 7647
3 7648 7647 1577
3 1577 7647 7649
3 7647 1446 7645
3 7649 7645 1576
3 1447 7024 7651
3 7024 1460 7650
3 7651 7650 1591
3 1447 7651 7602
3 7651 1591 7652
3 7602 7652 1579
3 1448 7653 7028
3 7653 1580 7654
3 7028 7654 1449
3 1448 7609 7653
3 7609 1566 7655
3 7653 7655 1580
3 1449 7654 7613
3 7654 1580 7656
3 7613 7656 1581
3 1461 7077 7658
3 7077 1450 7657
3 7658 7657 1582
3 1450 7620 7657
3 7620 1569 7659
3 7657 7659 1582
3 1583 7660 7662
3 7660 1452 7661
3 7662 7661 1451
3 2897 7039 7040
3 7039 1451 7661
3 7040 7661 1452
3 1597 7663 7664
3 7663 1451 7036
3 7664 7036 1466
3 1597 7665 7663
3 7665 1583 7662
3 7663 7662 1451
3 1583 7666 7660
3 7666 1584 7625
3 7660 7625 1452
3 1467 7109 7667
3 7109 1454 7637
3 7667 7637 1453
3 1453 7668 7667
3 7668 1598 7669
3 7667 7669 1467
3 1598 7668 7670
3 7668 1453 7632
3 7670 7632 1585
3 1455 7112 7640
3 7112 1468 7671
3 7640 7671 1574
3 1457 7049 7673
3 7049 1456 7672
3 7673 7672 1586
3 1456 7648 7672
3 7648 1577 7674
3 7672 7674 1586
3 1457 7675 7052
3 7675 1587 7676
3 7052 7676 1458
3 1457 7673 7675
3 7673 1586 7677
3 7675 7677 1587
3 1589 7678 7679
3 7678 1469 7055
3 7679 7055 1458
3 1587 7680 7676
3 7680 1589 7679
3 7676 7679 1458
3 1590 7681 7682
3 7681 1460 7074
3 7682 7074 1459
3 1605 7683 7684
3 7683 1459 7072
3 7684 7072 1474
3 1605 7685 7683
3 7685 1590 7682
3 7683 7682 1459
3 1591 7650 7686
3 7650 1460 7681
3 7686 7681 1590
3 1461 7687 7080
3 7687 1592 7688
3 7080 7688 1462
3 1461 7658 7687
3 7658 1582 7689
3 7687 7689 1592
3 1462 7690 7083
3 7690 1593 7691
3 7083 7691 1463
3 1462 7688 7690
3 7688 1592 7692
3 7690 7692 1593
3 1463 7693 7086
3 7693 1594 7694
3 7086 7694 1475
3 1463 7691 7693
3 7691 1593 7695
3 7693 7695 1594
3 1464 7696 7698
3 7696 1595 7697
3 7698 7697 1465
3 2898 7103 7106
3 7103 1464 7698
3 7106 7698 1465
3 1464 7100 7700
3 7100 1479 7699
3 7700 7699 1611
3 1464 7700 7696
3 7700 1611 7701
3 7696 7701 1595
3 1596 7702 7703
3 7702 1466 7105
3 7703 7105 1465
3 1596 7703 7704
3 7703 1465 7697
3 7704 7697 1595
3 1597 7664 7705
3 7664 1466 7702
3 7705 7702 1596
3 1598 7706 7669
3 7706 1480 7115
3 7669 7115 1467
3 1481 7707 7118
3 7707 1599 7708
3 7118 7708 1468
3 1574 7671 7709
3 7671 1468 7708
3 7709 7708 1599
3 1470 7059 7711
3 7059 1469 7710
3 7711 7710 1600
3 1589 7712 7678
3 7712 1600 7710
3 7678 7710 1469
3 1471 7060 7714
3 7060 1470 7713
3 7714 7713 1601
3 1470 7711 7713
3 7711 1600 7715
3 7713 7715 1601
3 1472 7063 7717
3 7063 1471 7716
3 7717 7716 1602
3 1602 7716 7718
3 7716 1471 7714
3 7718 7714 1601
3 1473 7066 7720
3 7066 1472 7719
3 7720 7719 1603
3 1472 7717 7719
3 7717 1602 7721
3 7719 7721 1603
3 1604 7722 7723
3 7722 1474 7069
3 7723 7069 1473
3 1604 7723 7724
3 7723 1473 7720
3 7724 7720 1603
3 1605 7684 7725
3 7684 1474 7722
3 7725 7722 1604
3 1476 7089 7727
3 7089 1475 7726
3 7727 7726 1607
3 1594 7728 7694
3 7728 1607 7726
3 7694 7726 1475
3 1477 7091 7730
3 7091 1476 7729
3 7730 7729 1608
3 1476 7727 7729
3 7727 1607 7731
3 7729 7731 1608
3 1478 7094 7733
3 7094 1477 7732
3 7733 7732 1609
3 1477 7730 7732
3 7730 1608 7734
3 7732 7734 1609
3 1479 7097 7736
3 7097 1478 7735
3 7736 7735 1610
3 1610 7735 7737
3 7735 1478 7733
3 7737 7733 1609
3 1479 7736 7699
3 7736 1610 7738
3 7699 7738 1611
3 1612 7739 7740
3 7739 1482 7123
3 7740 7123 1480
3 1612 7740 7741
3 7740 1480 7706
3 7741 7706 1598
3 1483 7742 7120
3 7742 1613 7743
3 7120 7743 1481
3 1481 7743 7707
3 7743 1613 7744
3 7707 7744 1599
3 1489 7143 7746
3 7143 1482 7745
3 7746 7745 1621
3 1614 7747 7748
3 7747 1482 7739
3 7748 7739 1612
3 1614 7749 7747
3 7749 1621 7745
3 7747 7745 1482
3 1484 7750 7126
3 7750 1616 7751
3 7126 7751 1483
3 1483 7752 7742
3 7752 1615 7753
3 7742 7753 1613
3 1483 7751 7752
3 7751 1616 7754
3 7752 7754 1615
3 1484 7129 7756
3 7129 1485 7755
3 7756 7755 1617
3 1484 7756 7750
3 7756 1617 7757
3 7750 7757 1616
3 1485 7132 7759
3 7132 1490 7758
3 7759 7758 1622
3 1485 7759 7755
3 7759 1622 7760
3 7755 7760 1617
3 1487 7761 7137
3 7761 1619 7762
3 7137 7762 1486
3 1526 7253 7764
3 7253 1486 7763
3 7764 7763 1618
3 1619 7765 7762
3 7765 1618 7763
3 7762 7763 1486
3 1488 7766 7139
3 7766 1620 7767
3 7139 7767 1487
3 1487 7767 7761
3 7767 1620 7768
3 7761 7768 1619
3 1489 7746 7142
3 7746 1621 7769
3 7142 7769 1488
3 1488 7769 7766
3 7769 1621 7770
3 7766 7770 1620
3 1623 7771 7772
3 7771 1490 7146
3 7772 7146 1491
3 1490 7771 7758
3 7771 1623 7773
3 7758 7773 1622
3 1624 7774 7775
3 7774 1491 7149
3 7775 7149 1492
3 1623 7772 7776
3 7772 1491 7774
3 7776 7774 1624
3 1625 7777 7778
3 7777 1492 7152
3 7778 7152 1493
3 1624 7775 7779
3 7775 1492 7777
3 7779 7777 1625
3 1494 7780 7155
3 7780 1626 7781
3 7155 7781 1493
3 1493 7781 7778
3 7781 1626 7782
3 7778 7782 1625
3 1494 7158 7784
3 7158 1495 7783
3 7784 7783 1627
3 1494 7784 7780
3 7784 1627 7785
3 7780 7785 1626
3 1495 7161 7787
3 7161 1496 7786
3 7787 7786 1628
3 1495 7787 7783
3 7787 1628 7788
3 7783 7788 1627
3 1629 7789 7790
3 7789 1496 7164
3 7790 7164 1497
3 1629 7791 7789
3 7791 1628 7786
3 7789 7786 1496
3 1630 7792 7793
3 7792 1497 7167
3 7793 7167 1498
3 1630 7794 7792
3 7794 1629 7790
3 7792 7790 1497
3 1631 7795 7796
3 7795 1498 7170
3 7796 7170 1499
3 1630 7793 7797
3 7793 1498 7795
3 7797 7795 1631
3 1632 7798 7799
3 7798 1499 7173
3 7799 7173 1500
3 1631 7796 7800
3 7796 1499 7798
3 7800 7798 1632
3 1633 7801 7802
3 7801 1500 7176
3 7802 7176 1501
3 1632 7799 7803
3 7799 1500 7801
3 7803 7801 1633
3 1634 7804 7805
3 7804 1501 7179
3 7805 7179 1502
3 1633 7802 7806
3 7802 1501 7804
3 7806 7804 1634
3 1635 7807 7808
3 7807 1502 7182
3 7808 7182 1503
3 1634 7805 7809
3 7805 1502 7807
3 7809 7807 1635
3 1636 7810 7811
3 7810 1503 7185
3 7811 7185 1504
3 1635 7808 7812
3 7808 1503 7810
3 7812 7810 1636
3 1637 7813 7814
3 7813 1504 7188
3 7814 7188 1505
3 1636 7811 7815
3 7811 1504 7813
3 7815 7813 1637
3 1638 7816 7817
3 7816 1505 7191
3 7817 7191 1506
3 1637 7814 7818
3 7814 1505 7816
3 7818 7816 1638
3 1639 7819 7820
3 7819 1506 7194
3 7820 7194 1507
3 1638 7817 7821
3 7817 1506 7819
3 7821 7819 1639
3 1640 7822 7823
3 7822 1507 7197
3 7823 7197 1508
3 1639 7820 7824
3 7820 1507 7822
3 7824 7822 1640
3 1641 7825 7826
3 7825 1508 7200
3 7826 7200 1509
3 1640 7823 7827
3 7823 1508 7825
3 7827 7825 1641
3 1509 7203 7829
3 7203 1510 7828
3 7829 7828 1642
3 1641 7826 7830
3 7826 1509 7829
3 7830 7829 1642
3 1643 7831 7832
3 7831 1510 7206
3 7832 7206 1511
3 1642 7828 7833
3 7828 1510 7831
3 7833 7831 1643
3 1644 7834 7835
3 7834 1511 7209
3 7835 7209 1512
3 1511 7834 7832
3 7834 1644 7836
3 7832 7836 1643
3 1645 7837 7838
3 7837 1512 7212
3 7838 7212 1513
3 1644 7835 7839
3 7835 1512 7837
3 7839 7837 1645
3 1646 7840 7841
3 7840 1513 7215
3 7841 7215 1514
3 1645 7838 7842
3 7838 1513 7840
3 7842 7840 1646
3 1647 7843 7844
3 7843 1514 7218
3 7844 7218 1515
3 1646 7841 7845
3 7841 1514 7843
3 7845 7843 1647
3 1648 7846 7847
3 7846 1515 7221
3 7847 7221 1516
3 1647 7844 7848
3 7844 1515 7846
3 7848 7846 1648
3 1649 7849 7850
3 7849 1516 7224
3 7850 7224 1517
3 1648 7847 7851
3 7847 1516 7849
3 7851 7849 1649
3 1650 7852 7853
3 7852 1517 7227
3 7853 7227 1518
3 1649 7850 7854
3 7850 1517 7852
3 7854 7852 1650
3 1519 7855 7230
3 7855 1651 7856
3 7230 7856 1518
3 1651 7857 7856
3 7857 1650 7853
3 7856 7853 1518
3 1520 7858 7233
3 7858 1652 7859
3 7233 7859 1519
3 1519 7859 7855
3 7859 1652 7860
3 7855 7860 1651
3 1521 7861 7236
3 7861 1653 7862
3 7236 7862 1520
3 1520 7862 7858
3 7862 1653 7863
3 7858 7863 1652
3 1654 7864 7865
3 7864 1521 7239
3 7865 7239 1522
3 1654 7866 7864
3 7866 1653 7861
3 7864 7861 1521
3 1655 7867 7868
3 7867 1522 7242
3 7868 7242 1523
3 1654 7865 7869
3 7865 1522 7867
3 7869 7867 1655
3 1656 7870 7871
3 7870 1523 7245
3 7871 7245 1524
3 1655 7868 7872
3 7868 1523 7870
3 7872 7870 1656
3 1525 7873 7248
3 7873 1657 7874
3 7248 7874 1524
3 1656 7871 7875
3 7871 1524 7874
3 7875 7874 1657
3 1526 7876 7251
3 7876 1658 7877
3 7251 7877 1525
3 1525 7877 7873
3 7877 1658 7878
3 7873 7878 1657
3 1526 7764 7876
3 7764 1618 7879
3 7876 7879 1658
3 1527 7880 7256
3 7880 1789 7881
3 7256 7881 1528
3 1530 7882 7259
3 7882 1659 7883
3 7259 7883 1527
3 1527 7883 7880
3 7883 1659 7884
3 7880 7884 1789
3 1528 7885 7263
3 7885 1791 7886
3 7263 7886 1529
3 1528 7881 7885
3 7881 1789 7887
3 7885 7887 1791
3 1529 7888 7266
3 7888 1794 7889
3 7266 7889 1660
3 1529 7886 7888
3 7886 1791 7890
3 7888 7890 1794
3 1530 7260 7892
3 7260 1531 7891
3 7892 7891 1661
3 1659 7882 7894
3 7882 1530 7893
3 7894 7893 1795
3 1661 7895 7892
3 7895 1795 7893
3 7892 7893 1530
3 1536 7896 7272
3 7896 1661 7891
3 7272 7891 1531
3 1532 7268 7275
3 7268 1662 7897
3 7275 7897 1537
3 1533 7898 7286
3 7898 1797 7899
3 7286 7899 1534
3 1663 7900 7287
3 7900 1664 7901
3 7287 7901 1533
3 1797 7898 7902
3 7898 1533 7901
3 7902 7901 1664
3 1799 7903 7904
3 7903 1535 7292
3 7904 7292 1534
3 1799 7904 7905
3 7904 1534 7899
3 7905 7899 1797
3 1535 7906 7908
3 7906 1665 7907
3 7908 7907 1670
3 1535 7909 7906
3 7909 1801 7910
3 7906 7910 1665
3 1670 7911 7908
3 7911 1669 7296
3 7908 7296 1535
3 1801 7909 7912
3 7909 1535 7903
3 7912 7903 1799
3 1671 7913 7914
3 7913 1536 7300
3 7914 7300 1539
3 1661 7896 7916
3 7896 1536 7915
3 7916 7915 1666
3 1671 7917 7913
3 7917 1666 7915
3 7913 7915 1536
3 1672 7918 7919
3 7918 1540 7277
3 7919 7277 1537
3 1667 7920 7921
3 7920 1537 7897
3 7921 7897 1662
3 1672 7919 7922
3 7919 1537 7920
3 7922 7920 1667
3 1668 7281 7923
3 7281 1538 7322
3 7923 7322 1544
3 1671 7914 7924
3 7914 1539 7310
3 7924 7310 1541
3 1676 7925 7926
3 7925 1542 7303
3 7926 7303 1540
3 1676 7926 7927
3 7926 1540 7918
3 7927 7918 1672
3 1541 7311 7929
3 7311 1545 7928
3 7929 7928 1679
3 1675 7930 7931
3 7930 1671 7924
3 7931 7924 1541
3 1675 7931 7932
3 7931 1541 7929
3 7932 7929 1679
3 1542 7933 7316
3 7933 1682 7934
3 7316 7934 1546
3 1676 7935 7925
3 7935 1682 7933
3 7925 7933 1542
3 1543 7936 7324
3 7936 1683 7937
3 7324 7937 1544
3 1552 7938 7321
3 7938 1683 7936
3 7321 7936 1543
3 1668 7923 7940
3 7923 1544 7939
3 7940 7939 1677
3 1683 7941 7937
3 7941 1677 7939
3 7937 7939 1544
3 1679 7928 7942
3 7928 1545 7349
3 7942 7349 1548
3 1682 7943 7934
3 7943 1551 7336
3 7934 7336 1546
3 1553 7345 7944
3 7345 1547 7329
3 7944 7329 1684
3 1549 7945 7350
3 7945 1679 7942
3 7350 7942 1548
3 1680 7946 7947
3 7946 1549 7375
3 7947 7375 1550
3 1679 7945 7948
3 7945 1549 7946
3 7948 7946 1680
3 1551 7949 7379
3 7949 1681 7950
3 7379 7950 1550
3 1681 7951 7950
3 7951 1680 7947
3 7950 7947 1550
3 1681 7949 7952
3 7949 1551 7943
3 7952 7943 1682
3 1554 7953 7399
3 7953 1685 7954
3 7399 7954 1552
3 1683 7938 7955
3 7938 1552 7954
3 7955 7954 1685
3 1555 7367 7957
3 7367 1553 7956
3 7957 7956 1690
3 1553 7944 7959
3 7944 1684 7958
3 7959 7958 1686
3 1553 7959 7956
3 7959 1686 7960
3 7956 7960 1690
3 1557 7961 7467
3 7961 1554 7429
3 7467 7429 1556
3 1557 7962 7961
3 7962 1687 7963
3 7961 7963 1554
3 1685 7953 7964
3 7953 1554 7963
3 7964 7963 1687
3 1559 7432 7966
3 7432 1555 7965
3 7966 7965 1689
3 1555 7957 7965
3 7957 1690 7967
3 7965 7967 1689
3 1557 7468 7962
3 7468 1558 7968
3 7962 7968 1687
3 1688 7969 7970
3 7969 1558 7434
3 7970 7434 1559
3 1558 7969 7968
3 7969 1688 7971
3 7968 7971 1687
3 1559 7966 7970
3 7966 1689 7972
3 7970 7972 1688
3 1560 7973 7575
3 7973 1692 7974
3 7575 7974 1562
3 1560 7642 7976
3 7642 1575 7975
3 7976 7975 1691
3 1560 7976 7973
3 7976 1691 7977
3 7973 7977 1692
3 1704 7978 7979
3 7978 1561 7579
3 7979 7579 1572
3 1714 7980 7981
3 7980 1573 7552
3 7981 7552 1561
3 1714 7981 7982
3 7981 1561 7978
3 7982 7978 1704
3 1562 7974 7599
3 7974 1692 7983
3 7599 7983 1563
3 1563 7984 7646
3 7984 1693 7985
3 7646 7985 1576
3 1563 7983 7984
3 7983 1692 7986
3 7984 7986 1693
3 1695 7987 7988
3 7987 1565 7607
3 7988 7607 1564
3 1579 7989 7604
3 7989 1706 7990
3 7604 7990 1564
3 1706 7991 7990
3 7991 1695 7988
3 7990 7988 1564
3 1696 7992 7993
3 7992 1566 7610
3 7993 7610 1565
3 1696 7993 7994
3 7993 1565 7987
3 7994 7987 1695
3 1580 7655 7996
3 7655 1566 7995
3 7996 7995 1697
3 1566 7992 7995
3 7992 1696 7997
3 7995 7997 1697
3 1567 7998 7618
3 7998 1698 7999
3 7618 7999 1568
3 1581 8000 7615
3 8000 1708 8001
3 7615 8001 1567
3 1567 8001 7998
3 8001 1708 8002
3 7998 8002 1698
3 1569 7621 8004
3 7621 1568 8003
3 8004 8003 1699
3 1568 7999 8003
3 7999 1698 8005
3 8003 8005 1699
3 1582 7659 8007
3 7659 1569 8006
3 8007 8006 1700
3 1569 8004 8006
3 8004 1699 8008
3 8006 8008 1700
3 1701 8009 8010
3 8009 1571 7627
3 8010 7627 1570
3 1712 8011 8012
3 8011 1570 7626
3 8012 7626 1584
3 1712 8013 8011
3 8013 1701 8010
3 8011 8010 1570
3 1571 8014 7629
3 8014 1702 8015
3 7629 8015 1572
3 1702 8014 8016
3 8014 1571 8009
3 8016 8009 1701
3 1572 8015 8018
3 8015 1702 8017
3 8018 8017 1703
3 1704 7979 8019
3 7979 1572 8018
3 8019 8018 1703
3 1573 7980 7634
3 7980 1714 8020
3 7634 8020 1585
3 1575 7643 8022
3 7643 1574 8021
3 8022 8021 1715
3 1715 8021 8023
3 8021 1574 7709
3 8023 7709 1599
3 1575 8022 7975
3 8022 1715 8024
3 7975 8024 1691
3 1577 7649 8026
3 7649 1576 8025
3 8026 8025 1578
3 1578 8025 8028
3 8025 1576 8027
3 8028 8027 1694
3 1693 8029 7985
3 8029 1694 8027
3 7985 8027 1576
3 1577 8026 8031
3 8026 1578 8030
3 8031 8030 1705
3 1577 8031 7674
3 8031 1705 8032
3 7674 8032 1586
3 1827 8033 8034
3 8033 1578 8028
3 8034 8028 1694
3 1839 8035 8036
3 8035 1705 8030
3 8036 8030 1578
3 1827 8037 8033
3 8037 1839 8036
3 8033 8036 1578
3 1591 8038 7652
3 8038 1718 8039
3 7652 8039 1579
3 1579 8039 7989
3 8039 1718 8040
3 7989 8040 1706
3 1581 7656 8042
3 7656 1580 8041
3 8042 8041 1707
3 1580 7996 8041
3 7996 1697 8043
3 8041 8043 1707
3 1581 8042 8000
3 8042 1707 8044
3 8000 8044 1708
3 1592 7689 8046
3 7689 1582 8045
3 8046 8045 1709
3 1582 8007 8045
3 8007 1700 8047
3 8045 8047 1709
3 1711 8048 8049
3 8048 1584 7666
3 8049 7666 1583
3 1725 8050 8051
3 8050 1583 7665
3 8051 7665 1597
3 1711 8049 8052
3 8049 1583 8050
3 8052 8050 1725
3 1712 8012 8053
3 8012 1584 8048
3 8053 8048 1711
3 1727 8054 8055
3 8054 1598 7670
3 8055 7670 1585
3 1714 8056 8020
3 8056 1727 8055
3 8020 8055 1585
3 1586 8057 7677
3 8057 1588 8058
3 7677 8058 1587
3 1586 8032 8057
3 8032 1705 8059
3 8057 8059 1588
3 1716 8060 8061
3 8060 1587 8058
3 8061 8058 1588
3 1716 8062 8060
3 8062 1589 7680
3 8060 7680 1587
3 1840 8063 8064
3 8063 1588 8059
3 8064 8059 1705
3 1716 8061 8066
3 8061 1588 8065
3 8066 8065 1847
3 1840 8067 8063
3 8067 1847 8065
3 8063 8065 1588
3 1716 8068 8062
3 8068 1600 7712
3 8062 7712 1589
3 1591 7686 8070
3 7686 1590 8069
3 8070 8069 1717
3 1606 8071 8072
3 8071 1590 7685
3 8072 7685 1605
3 1606 8073 8071
3 8073 1717 8069
3 8071 8069 1590
3 1591 8070 8038
3 8070 1717 8074
3 8038 8074 1718
3 1593 7692 8076
3 7692 1592 8075
3 8076 8075 1719
3 1592 8046 8075
3 8046 1709 8077
3 8075 8077 1719
3 1593 8078 7695
3 8078 1720 8079
3 7695 8079 1594
3 1593 8076 8078
3 8076 1719 8080
3 8078 8080 1720
3 1594 8081 7728
3 8081 1722 8082
3 7728 8082 1607
3 1594 8079 8081
3 8079 1720 8083
3 8081 8083 1722
3 1596 7704 8085
3 7704 1595 8084
3 8085 8084 1723
3 1740 8086 8087
3 8086 1595 7701
3 8087 7701 1611
3 1740 8088 8086
3 8088 1723 8084
3 8086 8084 1595
3 1724 8089 8090
3 8089 1597 7705
3 8090 7705 1596
3 1724 8090 8091
3 8090 1596 8085
3 8091 8085 1723
3 1724 8092 8089
3 8092 1725 8051
3 8089 8051 1597
3 1612 7741 8093
3 7741 1598 8054
3 8093 8054 1727
3 1728 8094 8095
3 8094 1599 7744
3 8095 7744 1613
3 1728 8096 8094
3 8096 1715 8023
3 8094 8023 1599
3 1729 8097 8098
3 8097 1601 7715
3 8098 7715 1600
3 1716 8099 8068
3 8099 1729 8098
3 8068 8098 1600
3 1602 7718 8101
3 7718 1601 8100
3 8101 8100 1730
3 1729 8102 8097
3 8102 1730 8100
3 8097 8100 1601
3 1603 7721 8104
3 7721 1602 8103
3 8104 8103 1732
3 1602 8101 8103
3 8101 1730 8105
3 8103 8105 1732
3 1604 7724 8107
3 7724 1603 8106
3 8107 8106 1733
3 1603 8104 8106
3 8104 1732 8108
3 8106 8108 1733
3 1605 7725 8110
3 7725 1604 8109
3 8110 8109 1734
3 1604 8107 8109
3 8107 1733 8111
3 8109 8111 1734
3 1606 8072 8112
3 8072 1605 8110
3 8112 8110 1734
3 1606 8113 8073
3 8113 1850 8114
3 8073 8114 1717
3 1606 8112 8116
3 8112 1734 8115
3 8116 8115 1862
3 1606 8116 8113
3 8116 1862 8117
3 8113 8117 1850
3 1735 8118 8119
3 8118 1608 7731
3 8119 7731 1607
3 1735 8119 8120
3 8119 1607 8082
3 8120 8082 1722
3 1736 8121 8122
3 8121 1609 7734
3 8122 7734 1608
3 1736 8122 8123
3 8122 1608 8118
3 8123 8118 1735
3 1738 8124 8125
3 8124 1610 7737
3 8125 7737 1609
3 1738 8125 8126
3 8125 1609 8121
3 8126 8121 1736
3 1739 8127 8128
3 8127 1611 7738
3 8128 7738 1610
3 1739 8128 8129
3 8128 1610 8124
3 8129 8124 1738
3 1740 8087 8130
3 8087 1611 8127
3 8130 8127 1739
3 1614 7748 8132
3 7748 1612 8131
3 8132 8131 1743
3 1612 8093 8134
3 8093 1727 8133
3 8134 8133 1741
3 1612 8134 8131
3 8134 1741 8135
3 8131 8135 1743
3 1615 8136 7753
3 8136 1742 8137
3 7753 8137 1613
3 1728 8095 8138
3 8095 1613 8137
3 8138 8137 1742
3 1614 8132 7749
3 8132 1743 8139
3 7749 8139 1621
3 1616 8140 7754
3 8140 1745 8141
3 7754 8141 1615
3 1615 8142 8136
3 8142 1744 8143
3 8136 8143 1742
3 1615 8141 8142
3 8141 1745 8144
3 8142 8144 1744
3 1617 8145 7757
3 8145 1746 8146
3 7757 8146 1616
3 1616 8146 8140
3 8146 1746 8147
3 8140 8147 1745
3 1622 8148 7760
3 8148 1747 8149
3 7760 8149 1617
3 1617 8149 8145
3 8149 1747 8150
3 8145 8150 1746
3 1749 8151 8152
3 8151 1618 7765
3 8152 7765 1619
3 1658 7879 8154
3 7879 1618 8153
3 8154 8153 1748
3 1748 8153 8155
3 8153 1618 8151
3 8155 8151 1749
3 1750 8156 8157
3 8156 1619 7768
3 8157 7768 1620
3 1749 8152 8158
3 8152 1619 8156
3 8158 8156 1750
3 1750 8157 8159
3 8157 1620 7770
3 8159 7770 1621
3 1743 8160 8139
3 8160 1750 8159
3 8139 8159 1621
3 1751 8161 8162
3 8161 1622 7773
3 8162 7773 1623
3 1751 8163 8161
3 8163 1747 8148
3 8161 8148 1622
3 1624 8164 7776
3 8164 1752 8165
3 7776 8165 1623
3 1623 8165 8162
3 8165 1752 8166
3 8162 8166 1751
3 1625 8167 7779
3 8167 1753 8168
3 7779 8168 1624
3 1624 8168 8164
3 8168 1753 8169
3 8164 8169 1752
3 1754 8170 8171
3 8170 1625 7782
3 8171 7782 1626
3 1625 8170 8167
3 8170 1754 8172
3 8167 8172 1753
3 1755 8173 8174
3 8173 1626 7785
3 8174 7785 1627
3 1755 8175 8173
3 8175 1754 8171
3 8173 8171 1626
3 1756 8176 8177
3 8176 1627 7788
3 8177 7788 1628
3 1756 8178 8176
3 8178 1755 8174
3 8176 8174 1627
3 1629 8179 7791
3 8179 1757 8180
3 7791 8180 1628
3 1757 8181 8180
3 8181 1756 8177
3 8180 8177 1628
3 1629 7794 8183
3 7794 1630 8182
3 8183 8182 1758
3 1629 8183 8179
3 8183 1758 8184
3 8179 8184 1757
3 1630 7797 8186
3 7797 1631 8185
3 8186 8185 1759
3 1630 8186 8182
3 8186 1759 8187
3 8182 8187 1758
3 1631 7800 8189
3 7800 1632 8188
3 8189 8188 1760
3 1631 8189 8185
3 8189 1760 8190
3 8185 8190 1759
3 1632 7803 8192
3 7803 1633 8191
3 8192 8191 1761
3 1632 8192 8188
3 8192 1761 8193
3 8188 8193 1760
3 1633 7806 8195
3 7806 1634 8194
3 8195 8194 1762
3 1633 8195 8191
3 8195 1762 8196
3 8191 8196 1761
3 1634 7809 8198
3 7809 1635 8197
3 8198 8197 1763
3 1634 8198 8194
3 8198 1763 8199
3 8194 8199 1762
3 1635 7812 8201
3 7812 1636 8200
3 8201 8200 1764
3 1635 8201 8197
3 8201 1764 8202
3 8197 8202 1763
3 1636 7815 8204
3 7815 1637 8203
3 8204 8203 1765
3 1636 8204 8200
3 8204 1765 8205
3 8200 8205 1764
3 1637 7818 8207
3 7818 1638 8206
3 8207 8206 1766
3 1637 8207 8203
3 8207 1766 8208
3 8203 8208 1765
3 1638 7821 8210
3 7821 1639 8209
3 8210 8209 1767
3 1638 8210 8206
3 8210 1767 8211
3 8206 8211 1766
3 1639 7824 8213
3 7824 1640 8212
3 8213 8212 1768
3 1639 8213 8209
3 8213 1768 8214
3 8209 8214 1767
3 1640 7827 8216
3 7827 1641 8215
3 8216 8215 1769
3 1640 8216 8212
3 8216 1769 8217
3 8212 8217 1768
3 1641 7830 8219
3 7830 1642 8218
3 8219 8218 1770
3 1641 8219 8215
3 8219 1770 8220
3 8215 8220 1769
3 1642 7833 8222
3 7833 1643 8221
3 8222 8221 1771
3 1642 8222 8218
3 8222 1771 8223
3 8218 8223 1770
3 1772 8224 8225
3 8224 1643 7836
3 8225 7836 1644
3 1771 8221 8226
3 8221 1643 8224
3 8226 8224 1772
3 1773 8227 8228
3 8227 1644 7839
3 8228 7839 1645
3 1772 8225 8229
3 8225 1644 8227
3 8229 8227 1773
3 1774 8230 8231
3 8230 1645 7842
3 8231 7842 1646
3 1774 8232 8230
3 8232 1773 8228
3 8230 8228 1645
3 1775 8233 8234
3 8233 1646 7845
3 8234 7845 1647
3 1775 8235 8233
3 8235 1774 8231
3 8233 8231 1646
3 1776 8236 8237
3 8236 1647 7848
3 8237 7848 1648
3 1776 8238 8236
3 8238 1775 8234
3 8236 8234 1647
3 1777 8239 8240
3 8239 1648 7851
3 8240 7851 1649
3 1777 8241 8239
3 8241 1776 8237
3 8239 8237 1648
3 1778 8242 8243
3 8242 1649 7854
3 8243 7854 1650
3 1778 8244 8242
3 8244 1777 8240
3 8242 8240 1649
3 1779 8245 8246
3 8245 1650 7857
3 8246 7857 1651
3 1779 8247 8245
3 8247 1778 8243
3 8245 8243 1650
3 1780 8248 8249
3 8248 1651 7860
3 8249 7860 1652
3 1779 8246 8250
3 8246 1651 8248
3 8250 8248 1780
3 1652 7863 8252
3 7863 1653 8251
3 8252 8251 1781
3 1780 8249 8253
3 8249 1652 8252
3 8253 8252 1781
3 1782 8254 8255
3 8254 1653 7866
3 8255 7866 1654
3 1782 8256 8254
3 8256 1781 8251
3 8254 8251 1653
3 1654 7869 8258
3 7869 1655 8257
3 8258 8257 1783
3 1782 8255 8259
3 8255 1654 8258
3 8259 8258 1783
3 1655 7872 8261
3 7872 1656 8260
3 8261 8260 1784
3 1655 8261 8257
3 8261 1784 8262
3 8257 8262 1783
3 1656 7875 8264
3 7875 1657 8263
3 8264 8263 1785
3 1656 8264 8260
3 8264 1785 8265
3 8260 8265 1784
3 1657 7878 8267
3 7878 1658 8266
3 8267 8266 1786
3 1657 8267 8263
3 8267 1786 8268
3 8263 8268 1785
3 1658 8154 8266
3 8154 1748 8269
3 8266 8269 1786
3 1659 8270 8272
3 8270 1788 8271
3 8272 8271 1790
3 1788 8270 8274
3 8270 1659 8273
3 8274 8273 1918
3 1659 8272 7884
3 8272 1790 8275
3 7884 8275 1789
3 1795 8276 7894
3 8276 1918 8273
3 7894 8273 1659
3 1662 7269 8278
3 7269 1660 8277
3 8278 8277 1805
3 1660 7889 8280
3 7889 1794 8279
3 8280 8279 1796
3 1660 8280 8277
3 8280 1796 8281
3 8277 8281 1805
3 1804 8282 8283
3 8282 1661 7916
3 8283 7916 1666
3 1795 7895 8284
3 7895 1661 8282
3 8284 8282 1804
3 1807 8285 8286
3 8285 1667 7921
3 8286 7921 1662
3 1807 8286 8287
3 8286 1662 8278
3 8287 8278 1805
3 1809 8288 8289
3 8288 1664 7900
3 8289 7900 1663
3 1663 7282 8291
3 7282 1668 8290
3 8291 8290 1808
3 1809 8289 8292
3 8289 1663 8291
3 8292 8291 1808
3 1926 8293 8294
3 8293 1797 7902
3 8294 7902 1664
3 1809 8295 8288
3 8295 1926 8294
3 8288 8294 1664
3 1665 8296 7907
3 8296 1935 8297
3 7907 8297 1670
3 1801 8298 7910
3 8298 1803 8299
3 7910 8299 1665
3 1665 8299 8301
3 8299 1803 8300
3 8301 8300 1930
3 1665 8301 8296
3 8301 1930 8302
3 8296 8302 1935
3 1810 8303 8304
3 8303 1666 7917
3 8304 7917 1671
3 1804 8283 8306
3 8283 1666 8305
3 8306 8305 1806
3 1810 8307 8303
3 8307 1806 8305
3 8303 8305 1666
3 1811 8308 8309
3 8308 1672 7922
3 8309 7922 1667
3 1811 8309 8310
3 8309 1667 8285
3 8310 8285 1807
3 1668 7940 8290
3 7940 1677 8311
3 8290 8311 1808
3 1670 8312 7911
3 8312 1674 8313
3 7911 8313 1669
3 1674 8314 8313
3 8314 1673 7297
3 8313 7297 1669
3 1670 8315 8312
3 8315 1941 8316
3 8312 8316 1674
3 1670 8297 8315
3 8297 1935 8317
3 8315 8317 1941
3 1675 8318 7930
3 8318 1810 8304
3 7930 8304 1671
3 1815 8319 8320
3 8319 1676 7927
3 8320 7927 1672
3 1815 8320 8321
3 8320 1672 8308
3 8321 8308 1811
3 1674 8322 8314
3 8322 1817 8323
3 8314 8323 1673
3 1673 8323 7306
3 8323 1817 8324
3 7306 8324 1678
3 1674 8325 8322
3 8325 1943 8326
3 8322 8326 1817
3 1674 8316 8325
3 8316 1941 8327
3 8325 8327 1943
3 1813 8328 8329
3 8328 1675 7932
3 8329 7932 1679
3 1810 8318 8331
3 8318 1675 8330
3 8331 8330 1812
3 1813 8332 8328
3 8332 1812 8330
3 8328 8330 1675
3 1676 8333 7935
3 8333 1681 7952
3 7935 7952 1682
3 1815 8334 8319
3 8334 1681 8333
3 8319 8333 1676
3 1683 8335 7941
3 8335 1816 8336
3 7941 8336 1677
3 1677 8336 8311
3 8336 1816 8337
3 8311 8337 1808
3 1684 7330 8339
3 7330 1678 8338
3 8339 8338 1819
3 1819 8338 8340
3 8338 1678 8324
3 8340 8324 1817
3 1680 8341 7948
3 8341 1813 8329
3 7948 8329 1679
3 1814 8342 8343
3 8342 1680 7951
3 8343 7951 1681
3 1813 8341 8344
3 8341 1680 8342
3 8344 8342 1814
3 1815 8345 8334
3 8345 1814 8343
3 8334 8343 1681
3 1685 8346 7955
3 8346 1818 8347
3 7955 8347 1683
3 1683 8347 8335
3 8347 1818 8348
3 8335 8348 1816
3 1686 7958 8349
3 7958 1684 8339
3 8349 8339 1819
3 1687 8350 7964
3 8350 1820 8351
3 7964 8351 1685
3 1818 8346 8352
3 8346 1685 8351
3 8352 8351 1820
3 1690 7960 8354
3 7960 1686 8353
3 8354 8353 1823
3 1686 8349 8353
3 8349 1819 8355
3 8353 8355 1823
3 1688 8356 7971
3 8356 1820 8350
3 7971 8350 1687
3 1821 8357 8358
3 8357 1688 7972
3 8358 7972 1689
3 1688 8357 8356
3 8357 1821 8359
3 8356 8359 1820
3 1690 8360 7967
3 8360 1822 8361
3 7967 8361 1689
3 1689 8361 8358
3 8361 1822 8362
3 8358 8362 1821
3 1690 8354 8360
3 8354 1823 8363
3 8360 8363 1822
3 1692 7977 8365
3 7977 1691 8364
3 8365 8364 1824
3 1715 8366 8024
3 8366 1824 8364
3 8024 8364 1691
3 1693 7986 8368
3 7986 1692 8367
3 8368 8367 1825
3 1692 8365 8367
3 8365 1824 8369
3 8367 8369 1825
3 1693 8370 8029
3 8370 1826 8371
3 8029 8371 1694
3 1693 8368 8370
3 8368 1825 8372
3 8370 8372 1826
3 1827 8034 8373
3 8034 1694 8371
3 8373 8371 1826
3 1828 8374 8375
3 8374 1696 7994
3 8375 7994 1695
3 1841 8376 8377
3 8376 1695 7991
3 8377 7991 1706
3 1841 8378 8376
3 8378 1828 8375
3 8376 8375 1695
3 1829 8379 8380
3 8379 1697 7997
3 8380 7997 1696
3 1696 8374 8380
3 8374 1828 8381
3 8380 8381 1829
3 1830 8382 8383
3 8382 1707 8043
3 8383 8043 1697
3 1830 8383 8384
3 8383 1697 8379
3 8384 8379 1829
3 1831 8385 8386
3 8385 1699 8005
3 8386 8005 1698
3 1843 8387 8388
3 8387 1698 8002
3 8388 8002 1708
3 1843 8389 8387
3 8389 1831 8386
3 8387 8386 1698
3 1832 8390 8391
3 8390 1700 8008
3 8391 8008 1699
3 1831 8392 8385
3 8392 1832 8391
3 8385 8391 1699
3 1833 8393 8394
3 8393 1709 8047
3 8394 8047 1700
3 1832 8395 8390
3 8395 1833 8394
3 8390 8394 1700
3 1702 8016 8397
3 8016 1701 8396
3 8397 8396 1835
3 1713 8398 8399
3 8398 1701 8013
3 8399 8013 1712
3 1713 8400 8398
3 8400 1835 8396
3 8398 8396 1701
3 1703 8017 8402
3 8017 1702 8401
3 8402 8401 1836
3 1702 8397 8401
3 8397 1835 8403
3 8401 8403 1836
3 1704 8019 8405
3 8019 1703 8404
3 8405 8404 1837
3 1703 8402 8404
3 8402 1836 8406
3 8404 8406 1837
3 1714 7982 8408
3 7982 1704 8407
3 8408 8407 1838
3 1704 8405 8407
3 8405 1837 8409
3 8407 8409 1838
3 1839 8410 8035
3 8410 1840 8064
3 8035 8064 1705
3 1852 8411 8412
3 8411 1706 8040
3 8412 8040 1718
3 1852 8413 8411
3 8413 1841 8377
3 8411 8377 1706
3 1842 8414 8415
3 8414 1708 8044
3 8415 8044 1707
3 1842 8415 8416
3 8415 1707 8382
3 8416 8382 1830
3 1843 8388 8417
3 8388 1708 8414
3 8417 8414 1842
3 1710 8418 8419
3 8418 1719 8077
3 8419 8077 1709
3 1834 8420 8421
3 8420 1710 8419
3 8421 8419 1709
3 1834 8421 8422
3 8421 1709 8393
3 8422 8393 1833
3 1710 8423 8418
3 8423 1721 8424
3 8418 8424 1719
3 1710 8425 8423
3 8425 1969 8426
3 8423 8426 1721
3 1834 8427 8420
3 8427 1957 8428
3 8420 8428 1710
3 1710 8428 8425
3 8428 1957 8429
3 8425 8429 1969
3 1712 8053 8431
3 8053 1711 8430
3 8431 8430 1844
3 1711 8052 8433
3 8052 1725 8432
3 8433 8432 1726
3 1711 8433 8430
3 8433 1726 8434
3 8430 8434 1844
3 1713 8399 8435
3 8399 1712 8431
3 8435 8431 1844
3 1958 8436 8437
3 8436 1835 8400
3 8437 8400 1713
3 1713 8435 8439
3 8435 1844 8438
3 8439 8438 1971
3 1713 8439 8437
3 8439 1971 8440
3 8437 8440 1958
3 1714 8441 8056
3 8441 1857 8442
3 8056 8442 1727
3 1714 8408 8444
3 8408 1838 8443
3 8444 8443 1845
3 1714 8444 8441
3 8444 1845 8445
3 8441 8445 1857
3 1728 8446 8096
3 8446 1846 8447
3 8096 8447 1715
3 1715 8447 8366
3 8447 1846 8448
3 8366 8448 1824
3 1848 8449 8450
3 8449 1729 8099
3 8450 8099 1716
3 1848 8450 8451
3 8450 1716 8066
3 8451 8066 1847
3 1851 8452 8453
3 8452 1718 8074
3 8453 8074 1717
3 1851 8453 8454
3 8453 1717 8114
3 8454 8114 1850
3 1852 8412 8455
3 8412 1718 8452
3 8455 8452 1851
3 1721 8456 8424
3 8456 1720 8080
3 8424 8080 1719
3 1853 8457 8458
3 8457 1720 8456
3 8458 8456 1721
3 1853 8459 8457
3 8459 1722 8083
3 8457 8083 1720
3 1983 8460 8461
3 8460 1853 8458
3 8461 8458 1721
3 1969 8462 8426
3 8462 1983 8461
3 8426 8461 1721
3 1853 8463 8459
3 8463 1735 8120
3 8459 8120 1722
3 1724 8091 8465
3 8091 1723 8464
3 8465 8464 1855
3 1740 8466 8088
3 8466 1867 8467
3 8088 8467 1723
3 1855 8464 8468
3 8464 1723 8467
3 8468 8467 1867
3 1724 8469 8092
3 8469 1856 8470
3 8092 8470 1725
3 1724 8465 8469
3 8465 1855 8471
3 8469 8471 1856
3 1725 8470 8432
3 8470 1856 8472
3 8432 8472 1726
3 1726 8473 8434
3 8473 1970 8474
3 8434 8474 1844
3 1726 8472 8476
3 8472 1856 8475
3 8476 8475 1988
3 1726 8476 8473
3 8476 1988 8477
3 8473 8477 1970
3 1727 8478 8133
3 8478 1869 8479
3 8133 8479 1741
3 1727 8442 8478
3 8442 1857 8480
3 8478 8480 1869
3 1858 8481 8482
3 8481 1728 8138
3 8482 8138 1742
3 1858 8483 8481
3 8483 1846 8446
3 8481 8446 1728
3 1731 8484 8485
3 8484 1730 8102
3 8485 8102 1729
3 1849 8486 8487
3 8486 1731 8485
3 8487 8485 1729
3 1848 8488 8449
3 8488 1849 8487
3 8449 8487 1729
3 1731 8489 8484
3 8489 1859 8490
3 8484 8490 1730
3 1859 8491 8490
3 8491 1732 8105
3 8490 8105 1730
3 1849 8492 8486
3 8492 1977 8493
3 8486 8493 1731
3 1860 8494 8495
3 8494 1859 8489
3 8495 8489 1731
3 1860 8495 8497
3 8495 1731 8496
3 8497 8496 1978
3 1731 8493 8496
3 8493 1977 8498
3 8496 8498 1978
3 1859 8499 8491
3 8499 1733 8108
3 8491 8108 1732
3 1861 8500 8501
3 8500 1734 8111
3 8501 8111 1733
3 1861 8501 8502
3 8501 1733 8499
3 8502 8499 1859
3 1862 8115 8503
3 8115 1734 8500
3 8503 8500 1861
3 1737 8504 8505
3 8504 1736 8123
3 8505 8123 1735
3 1854 8506 8507
3 8506 1737 8505
3 8507 8505 1735
3 1735 8463 8507
3 8463 1853 8508
3 8507 8508 1854
3 1737 8509 8504
3 8509 1864 8510
3 8504 8510 1736
3 1738 8126 8511
3 8126 1736 8510
3 8511 8510 1864
3 1854 8512 8506
3 8512 1985 8513
3 8506 8513 1737
3 1737 8514 8509
3 8514 1865 8515
3 8509 8515 1864
3 1737 8516 8514
3 8516 1986 8517
3 8514 8517 1865
3 1737 8513 8516
3 8513 1985 8518
3 8516 8518 1986
3 1739 8129 8519
3 8129 1738 8511
3 8519 8511 1864
3 1740 8130 8521
3 8130 1739 8520
3 8521 8520 1866
3 1739 8519 8520
3 8519 1864 8522
3 8520 8522 1866
3 1740 8521 8466
3 8521 1866 8523
3 8466 8523 1867
3 1872 8524 8525
3 8524 1743 8135
3 8525 8135 1741
3 1872 8525 8526
3 8525 1741 8479
3 8526 8479 1869
3 1870 8527 8528
3 8527 1742 8143
3 8528 8143 1744
3 1858 8482 8529
3 8482 1742 8527
3 8529 8527 1870
3 1871 8530 8531
3 8530 1750 8160
3 8531 8160 1743
3 1872 8532 8524
3 8532 1871 8531
3 8524 8531 1743
3 1873 8533 8534
3 8533 1744 8144
3 8534 8144 1745
3 1870 8528 8535
3 8528 1744 8533
3 8535 8533 1873
3 1874 8536 8537
3 8536 1745 8147
3 8537 8147 1746
3 1873 8534 8538
3 8534 1745 8536
3 8538 8536 1874
3 1875 8539 8540
3 8539 1746 8150
3 8540 8150 1747
3 1874 8537 8541
3 8537 1746 8539
3 8541 8539 1875
3 1751 8542 8163
3 8542 1883 8543
3 8163 8543 1747
3 1875 8540 8544
3 8540 1747 8543
3 8544 8543 1883
3 1882 8545 8546
3 8545 1748 8155
3 8546 8155 1749
3 1786 8269 8548
3 8269 1748 8547
3 8548 8547 1881
3 1882 8549 8545
3 8549 1881 8547
3 8545 8547 1748
3 1882 8546 8550
3 8546 1749 8158
3 8550 8158 1750
3 1882 8550 8551
3 8550 1750 8530
3 8551 8530 1871
3 1884 8552 8553
3 8552 1751 8166
3 8553 8166 1752
3 1751 8552 8542
3 8552 1884 8554
3 8542 8554 1883
3 1753 8555 8169
3 8555 1885 8556
3 8169 8556 1752
3 1752 8556 8553
3 8556 1885 8557
3 8553 8557 1884
3 1754 8558 8172
3 8558 1886 8559
3 8172 8559 1753
3 1753 8559 8555
3 8559 1886 8560
3 8555 8560 1885
3 1755 8561 8175
3 8561 1887 8562
3 8175 8562 1754
3 1754 8562 8558
3 8562 1887 8563
3 8558 8563 1886
3 1756 8564 8178
3 8564 1888 8565
3 8178 8565 1755
3 1755 8565 8561
3 8565 1888 8566
3 8561 8566 1887
3 1889 8567 8568
3 8567 1756 8181
3 8568 8181 1757
3 1889 8569 8567
3 8569 1888 8564
3 8567 8564 1756
3 1890 8570 8571
3 8570 1757 8184
3 8571 8184 1758
3 1889 8568 8572
3 8568 1757 8570
3 8572 8570 1890
3 1891 8573 8574
3 8573 1758 8187
3 8574 8187 1759
3 1890 8571 8575
3 8571 1758 8573
3 8575 8573 1891
3 1892 8576 8577
3 8576 1759 8190
3 8577 8190 1760
3 1891 8574 8578
3 8574 1759 8576
3 8578 8576 1892
3 1893 8579 8580
3 8579 1760 8193
3 8580 8193 1761
3 1892 8577 8581
3 8577 1760 8579
3 8581 8579 1893
3 1894 8582 8583
3 8582 1761 8196
3 8583 8196 1762
3 1893 8580 8584
3 8580 1761 8582
3 8584 8582 1894
3 1895 8585 8586
3 8585 1762 8199
3 8586 8199 1763
3 1894 8583 8587
3 8583 1762 8585
3 8587 8585 1895
3 1896 8588 8589
3 8588 1763 8202
3 8589 8202 1764
3 1895 8586 8590
3 8586 1763 8588
3 8590 8588 1896
3 1897 8591 8592
3 8591 1764 8205
3 8592 8205 1765
3 1896 8589 8593
3 8589 1764 8591
3 8593 8591 1897
3 1897 8592 8594
3 8592 1765 8208
3 8594 8208 1766
3 1876 8595 8596
3 8595 1766 8211
3 8596 8211 1767
3 1897 8594 8597
3 8594 1766 8595
3 8597 8595 1876
3 1877 8598 8599
3 8598 1767 8214
3 8599 8214 1768
3 1877 8600 8598
3 8600 1876 8596
3 8598 8596 1767
3 1878 8601 8602
3 8601 1768 8217
3 8602 8217 1769
3 1878 8603 8601
3 8603 1877 8599
3 8601 8599 1768
3 1879 8604 8605
3 8604 1769 8220
3 8605 8220 1770
3 1878 8602 8606
3 8602 1769 8604
3 8606 8604 1879
3 1898 8607 8608
3 8607 1770 8223
3 8608 8223 1771
3 1879 8605 8610
3 8605 1770 8609
3 8610 8609 1880
3 1880 8609 8611
3 8609 1770 8607
3 8611 8607 1898
3 1899 8612 8613
3 8612 1771 8226
3 8613 8226 1772
3 1771 8612 8608
3 8612 1899 8614
3 8608 8614 1898
3 1900 8615 8616
3 8615 1772 8229
3 8616 8229 1773
3 1772 8615 8613
3 8615 1900 8617
3 8613 8617 1899
3 1901 8618 8619
3 8618 1773 8232
3 8619 8232 1774
3 1773 8618 8616
3 8618 1901 8620
3 8616 8620 1900
3 1775 8621 8235
3 8621 1902 8622
3 8235 8622 1774
3 1774 8622 8619
3 8622 1902 8623
3 8619 8623 1901
3 1776 8624 8238
3 8624 1903 8625
3 8238 8625 1775
3 1775 8625 8621
3 8625 1903 8626
3 8621 8626 1902
3 1777 8627 8241
3 8627 1904 8628
3 8241 8628 1776
3 1776 8628 8624
3 8628 1904 8629
3 8624 8629 1903
3 1778 8630 8244
3 8630 1905 8631
3 8244 8631 1777
3 1777 8631 8627
3 8631 1905 8632
3 8627 8632 1904
3 1779 8633 8247
3 8633 1906 8634
3 8247 8634 1778
3 1778 8634 8630
3 8634 1906 8635
3 8630 8635 1905
3 1779 8250 8637
3 8250 1780 8636
3 8637 8636 1907
3 1779 8637 8633
3 8637 1907 8638
3 8633 8638 1906
3 1780 8253 8640
3 8253 1781 8639
3 8640 8639 1908
3 1780 8640 8636
3 8640 1908 8641
3 8636 8641 1907
3 1909 8642 8643
3 8642 1781 8256
3 8643 8256 1782
3 1909 8644 8642
3 8644 1908 8639
3 8642 8639 1781
3 1910 8645 8646
3 8645 1782 8259
3 8646 8259 1783
3 1910 8647 8645
3 8647 1909 8643
3 8645 8643 1782
3 1911 8648 8649
3 8648 1783 8262
3 8649 8262 1784
3 1911 8650 8648
3 8650 1910 8646
3 8648 8646 1783
3 1912 8651 8652
3 8651 1784 8265
3 8652 8265 1785
3 1912 8653 8651
3 8653 1911 8649
3 8651 8649 1784
3 1913 8654 8655
3 8654 1785 8268
3 8655 8268 1786
3 1913 8656 8654
3 8656 1912 8652
3 8654 8652 1785
3 1913 8655 8657
3 8655 1786 8548
3 8657 8548 1881
3 1915 8658 8660
3 8658 1788 8659
3 8660 8659 1787
3 1787 8659 8661
3 8659 1788 8274
3 8661 8274 1918
3 1787 8662 8660
3 8662 1914 8663
3 8660 8663 1915
3 2043 8664 8665
3 8664 1914 8662
3 8665 8662 1787
3 1918 8666 8661
3 8666 2043 8665
3 8661 8665 1787
3 1916 8667 8668
3 8667 1790 8271
3 8668 8271 1788
3 1788 8658 8668
3 8658 1915 8669
3 8668 8669 1916
3 1789 8275 8671
3 8275 1790 8670
3 8671 8670 1792
3 1789 8671 7887
3 8671 1792 8672
3 7887 8672 1791
3 1790 8673 8670
3 8673 1917 8674
3 8670 8674 1792
3 1790 8667 8673
3 8667 1916 8675
3 8673 8675 1917
3 1791 8672 8677
3 8672 1792 8676
3 8677 8676 1793
3 1793 8678 8677
3 8678 1794 7890
3 8677 7890 1791
3 2044 8679 8680
3 8679 1793 8676
3 8680 8676 1792
3 2044 8680 8681
3 8680 1792 8674
3 8681 8674 1917
3 1794 8678 8683
3 8678 1793 8682
3 8683 8682 1919
3 2050 8684 8685
3 8684 1919 8682
3 8685 8682 1793
3 2050 8685 8686
3 8685 1793 8679
3 8686 8679 2044
3 1794 8683 8279
3 8683 1919 8687
3 8279 8687 1796
3 1804 8688 8284
3 8688 1928 8689
3 8284 8689 1795
3 1918 8276 8691
3 8276 1795 8690
3 8691 8690 1924
3 1795 8689 8690
3 8689 1928 8692
3 8690 8692 1924
3 1796 8693 8281
3 8693 1929 8694
3 8281 8694 1805
3 1919 8695 8687
3 8695 1925 8696
3 8687 8696 1796
3 1796 8696 8693
3 8696 1925 8697
3 8693 8697 1929
3 1800 8698 8700
3 8698 1797 8699
3 8700 8699 1798
3 1798 8699 8701
3 8699 1797 8293
3 8701 8293 1926
3 1797 8698 7905
3 8698 1800 8702
3 7905 8702 1799
3 1798 8703 8700
3 8703 2051 8704
3 8700 8704 1800
3 1798 8701 8706
3 8701 1926 8705
3 8706 8705 2054
3 1798 8706 8703
3 8706 2054 8707
3 8703 8707 2051
3 1802 8708 8709
3 8708 1799 8702
3 8709 8702 1800
3 1799 8708 7912
3 8708 1802 8710
3 7912 8710 1801
3 1800 8711 8709
3 8711 1921 8712
3 8709 8712 1802
3 1800 8713 8711
3 8713 1920 8714
3 8711 8714 1921
3 1800 8704 8713
3 8704 2051 8715
3 8713 8715 1920
3 1801 8710 8298
3 8710 1802 8716
3 8298 8716 1803
3 1802 8717 8716
3 8717 1922 8718
3 8716 8718 1803
3 1802 8712 8717
3 8712 1921 8719
3 8717 8719 1922
3 1803 8718 8721
3 8718 1922 8720
3 8721 8720 1927
3 1803 8721 8723
3 8721 1927 8722
3 8723 8722 1931
3 1803 8723 8300
3 8723 1931 8724
3 8300 8724 1930
3 1804 8306 8688
3 8306 1806 8725
3 8688 8725 1928
3 1807 8287 8727
3 8287 1805 8726
3 8727 8726 1933
3 1805 8694 8726
3 8694 1929 8728
3 8726 8728 1933
3 1810 8729 8307
3 8729 1936 8730
3 8307 8730 1806
3 1806 8731 8725
3 8731 1932 8732
3 8725 8732 1928
3 1806 8730 8731
3 8730 1936 8733
3 8731 8733 1932
3 1811 8310 8735
3 8310 1807 8734
3 8735 8734 1939
3 1807 8727 8734
3 8727 1933 8736
3 8734 8736 1939
3 1809 8292 8738
3 8292 1808 8737
3 8738 8737 1940
3 1816 8739 8337
3 8739 1940 8737
3 8337 8737 1808
3 1809 8740 8295
3 8740 1934 8741
3 8295 8741 1926
3 1809 8738 8740
3 8738 1940 8742
3 8740 8742 1934
3 1812 8743 8331
3 8743 1936 8729
3 8331 8729 1810
3 1815 8321 8744
3 8321 1811 8735
3 8744 8735 1939
3 1812 8332 8743
3 8332 1813 8745
3 8743 8745 1936
3 1814 8746 8344
3 8746 1937 8747
3 8344 8747 1813
3 1936 8745 8748
3 8745 1813 8747
3 8748 8747 1937
3 1815 8749 8345
3 8749 1938 8750
3 8345 8750 1814
3 1937 8746 8751
3 8746 1814 8750
3 8751 8750 1938
3 1815 8744 8749
3 8744 1939 8752
3 8749 8752 1938
3 1818 8753 8348
3 8753 1942 8754
3 8348 8754 1816
3 1940 8739 8755
3 8739 1816 8754
3 8755 8754 1942
3 1943 8756 8326
3 8756 1819 8340
3 8326 8340 1817
3 1821 8757 8359
3 8757 1818 8352
3 8359 8352 1820
3 1821 8758 8757
3 8758 1944 8759
3 8757 8759 1818
3 1942 8753 8760
3 8753 1818 8759
3 8760 8759 1944
3 1946 8761 8762
3 8761 1823 8355
3 8762 8355 1819
3 1943 8763 8756
3 8763 1947 8764
3 8756 8764 1819
3 1947 8765 8764
3 8765 1946 8762
3 8764 8762 1819
3 1944 8758 8766
3 8758 1821 8362
3 8766 8362 1822
3 1945 8767 8768
3 8767 1822 8363
3 8768 8363 1823
3 1822 8767 8766
3 8767 1945 8769
3 8766 8769 1944
3 1823 8761 8768
3 8761 1946 8770
3 8768 8770 1945
3 1824 8771 8369
3 8771 1948 8772
3 8369 8772 1825
3 1948 8771 8773
3 8771 1824 8448
3 8773 8448 1846
3 1949 8774 8775
3 8774 1826 8372
3 8775 8372 1825
3 1948 8776 8772
3 8776 1949 8775
3 8772 8775 1825
3 1827 8373 8778
3 8373 1826 8777
3 8778 8777 1950
3 1949 8779 8774
3 8779 1950 8777
3 8774 8777 1826
3 1827 8780 8037
3 8780 1951 8781
3 8037 8781 1839
3 1827 8778 8780
3 8778 1950 8782
3 8780 8782 1951
3 1952 8783 8784
3 8783 1829 8381
3 8784 8381 1828
3 1965 8785 8786
3 8785 1828 8378
3 8786 8378 1841
3 1828 8785 8784
3 8785 1965 8787
3 8784 8787 1952
3 1953 8788 8789
3 8788 1830 8384
3 8789 8384 1829
3 1953 8789 8790
3 8789 1829 8783
3 8790 8783 1952
3 1954 8791 8792
3 8791 1842 8416
3 8792 8416 1830
3 1954 8792 8793
3 8792 1830 8788
3 8793 8788 1953
3 1955 8794 8795
3 8794 1832 8392
3 8795 8392 1831
3 1968 8796 8797
3 8796 1831 8389
3 8797 8389 1843
3 1968 8798 8796
3 8798 1955 8795
3 8796 8795 1831
3 1955 8799 8794
3 8799 1833 8395
3 8794 8395 1832
3 1834 8422 8801
3 8422 1833 8800
3 8801 8800 1956
3 1955 8802 8799
3 8802 1956 8800
3 8799 8800 1833
3 1834 8801 8427
3 8801 1956 8803
3 8427 8803 1957
3 1959 8804 8805
3 8804 1836 8403
3 8805 8403 1835
3 1959 8805 8806
3 8805 1835 8436
3 8806 8436 1958
3 1960 8807 8808
3 8807 1837 8406
3 8808 8406 1836
3 1960 8808 8809
3 8808 1836 8804
3 8809 8804 1959
3 1961 8810 8811
3 8810 1838 8409
3 8811 8409 1837
3 1961 8811 8812
3 8811 1837 8807
3 8812 8807 1960
3 1972 8813 8814
3 8813 1845 8443
3 8814 8443 1838
3 1972 8814 8815
3 8814 1838 8810
3 8815 8810 1961
3 1839 8816 8410
3 8816 1962 8817
3 8410 8817 1840
3 1839 8781 8816
3 8781 1951 8818
3 8816 8818 1962
3 1840 8819 8067
3 8819 1963 8820
3 8067 8820 1847
3 1840 8817 8819
3 8817 1962 8821
3 8819 8821 1963
3 1981 8822 8823
3 8822 1841 8413
3 8823 8413 1852
3 1981 8824 8822
3 8824 1965 8786
3 8822 8786 1841
3 1966 8825 8826
3 8825 1843 8417
3 8826 8417 1842
3 1966 8826 8827
3 8826 1842 8791
3 8827 8791 1954
3 1843 8825 8829
3 8825 1966 8828
3 8829 8828 1967
3 1968 8797 8830
3 8797 1843 8829
3 8830 8829 1967
3 1844 8474 8438
3 8474 1970 8831
3 8438 8831 1971
3 1857 8445 8833
3 8445 1845 8832
3 8833 8832 1989
3 1989 8832 8834
3 8832 1845 8813
3 8834 8813 1972
3 1858 8835 8483
3 8835 1973 8836
3 8483 8836 1846
3 1948 8773 8837
3 8773 1846 8836
3 8837 8836 1973
3 1848 8451 8839
3 8451 1847 8838
3 8839 8838 1974
3 1963 8840 8820
3 8840 1974 8838
3 8820 8838 1847
3 1848 8841 8488
3 8841 1975 8842
3 8488 8842 1849
3 1848 8839 8841
3 8839 1974 8843
3 8841 8843 1975
3 1849 8842 8492
3 8842 1975 8844
3 8492 8844 1977
3 1979 8845 8846
3 8845 1851 8454
3 8846 8454 1850
3 1863 8847 8848
3 8847 1850 8117
3 8848 8117 1862
3 1979 8846 8849
3 8846 1850 8847
3 8849 8847 1863
3 1980 8850 8851
3 8850 1852 8455
3 8851 8455 1851
3 1980 8851 8852
3 8851 1851 8845
3 8852 8845 1979
3 1980 8853 8850
3 8853 1981 8823
3 8850 8823 1852
3 1854 8508 8855
3 8508 1853 8854
3 8855 8854 1984
3 1983 8856 8460
3 8856 1984 8854
3 8460 8854 1853
3 1854 8855 8512
3 8855 1984 8857
3 8512 8857 1985
3 1856 8471 8859
3 8471 1855 8858
3 8859 8858 1987
3 1868 8860 8861
3 8860 1855 8468
3 8861 8468 1867
3 1868 8862 8860
3 8862 1987 8858
3 8860 8858 1855
3 1856 8859 8475
3 8859 1987 8863
3 8475 8863 1988
3 1869 8480 8865
3 8480 1857 8864
3 8865 8864 1995
3 1857 8833 8864
3 8833 1989 8866
3 8864 8866 1995
3 1858 8529 8868
3 8529 1870 8867
3 8868 8867 1990
3 1858 8868 8835
3 8868 1990 8869
3 8835 8869 1973
3 1991 8870 8871
3 8870 1859 8494
3 8871 8494 1860
3 1991 8872 8870
3 8872 1861 8502
3 8870 8502 1859
3 1860 8497 8874
3 8497 1978 8873
3 8874 8873 2098
3 1991 8871 8876
3 8871 1860 8875
3 8876 8875 1992
3 1992 8875 8878
3 8875 1860 8877
3 8878 8877 2099
3 1860 8874 8877
3 8874 2098 8879
3 8877 8879 2099
3 1991 8880 8872
3 8880 1862 8503
3 8872 8503 1861
3 1991 8881 8880
3 8881 1863 8848
3 8880 8848 1862
3 1979 8849 8883
3 8849 1863 8882
3 8883 8882 2100
3 1991 8876 8881
3 8876 1992 8884
3 8881 8884 1863
3 1992 8885 8884
3 8885 2100 8882
3 8884 8882 1863
3 1865 8886 8515
3 8886 1993 8887
3 8515 8887 1864
3 1993 8888 8887
3 8888 1866 8522
3 8887 8522 1864
3 1865 8517 8890
3 8517 1986 8889
3 8890 8889 2110
3 1865 8891 8886
3 8891 1994 8892
3 8886 8892 1993
3 1865 8893 8891
3 8893 2111 8894
3 8891 8894 1994
3 1865 8890 8893
3 8890 2110 8895
3 8893 8895 2111
3 1993 8896 8888
3 8896 1867 8523
3 8888 8523 1866
3 1868 8861 8897
3 8861 1867 8896
3 8897 8896 1993
3 1868 8898 8862
3 8898 2112 8899
3 8862 8899 1987
3 1868 8897 8900
3 8897 1993 8892
3 8900 8892 1994
3 1868 8900 8898
3 8900 1994 8901
3 8898 8901 2112
3 1872 8526 8902
3 8526 1869 8865
3 8902 8865 1995
3 1870 8535 8904
3 8535 1873 8903
3 8904 8903 1999
3 1870 8905 8867
3 8905 1996 8906
3 8867 8906 1990
3 1870 8904 8905
3 8904 1999 8907
3 8905 8907 1996
3 1872 8908 8532
3 8908 1998 8909
3 8532 8909 1871
3 1882 8551 8910
3 8551 1871 8909
3 8910 8909 1998
3 1872 8902 8908
3 8902 1995 8911
3 8908 8911 1998
3 1873 8538 8913
3 8538 1874 8912
3 8913 8912 2000
3 1873 8913 8903
3 8913 2000 8914
3 8903 8914 1999
3 1874 8541 8916
3 8541 1875 8915
3 8916 8915 2001
3 1874 8916 8912
3 8916 2001 8917
3 8912 8917 2000
3 2010 8918 8919
3 8918 1875 8544
3 8919 8544 1883
3 2010 8920 8918
3 8920 2001 8915
3 8918 8915 1875
3 2003 8921 8922
3 8921 1876 8600
3 8922 8600 1877
3 2002 8923 8924
3 8923 1897 8597
3 8924 8597 1876
3 2002 8924 8925
3 8924 1876 8921
3 8925 8921 2003
3 2003 8922 8926
3 8922 1877 8603
3 8926 8603 1878
3 2004 8927 8928
3 8927 1878 8606
3 8928 8606 1879
3 1997 8929 8930
3 8929 2003 8926
3 8930 8926 1878
3 1997 8930 8931
3 8930 1878 8927
3 8931 8927 2004
3 1879 8610 8933
3 8610 1880 8932
3 8933 8932 2005
3 2004 8928 8934
3 8928 1879 8933
3 8934 8933 2005
3 1880 8611 8936
3 8611 1898 8935
3 8936 8935 2006
3 1880 8936 8932
3 8936 2006 8937
3 8932 8937 2005
3 1882 8938 8549
3 8938 2009 8939
3 8549 8939 1881
3 1913 8657 8941
3 8657 1881 8940
3 8941 8940 2007
3 2008 8942 8943
3 8942 2007 8940
3 8943 8940 1881
3 2009 8944 8939
3 8944 2008 8943
3 8939 8943 1881
3 1882 8910 8938
3 8910 1998 8945
3 8938 8945 2009
3 2011 8946 8947
3 8946 1883 8554
3 8947 8554 1884
3 2010 8919 8948
3 8919 1883 8946
3 8948 8946 2011
3 1885 8949 8557
3 8949 2012 8950
3 8557 8950 1884
3 1884 8950 8947
3 8950 2012 8951
3 8947 8951 2011
3 1886 8952 8560
3 8952 2013 8953
3 8560 8953 1885
3 1885 8953 8949
3 8953 2013 8954
3 8949 8954 2012
3 2014 8955 8956
3 8955 1886 8563
3 8956 8563 1887
3 2014 8957 8955
3 8957 2013 8952
3 8955 8952 1886
3 2015 8958 8959
3 8958 1887 8566
3 8959 8566 1888
3 2015 8960 8958
3 8960 2014 8956
3 8958 8956 1887
3 2016 8961 8962
3 8961 1888 8569
3 8962 8569 1889
3 2016 8963 8961
3 8963 2015 8959
3 8961 8959 1888
3 2017 8964 8965
3 8964 1889 8572
3 8965 8572 1890
3 2016 8962 8966
3 8962 1889 8964
3 8966 8964 2017
3 2018 8967 8968
3 8967 1890 8575
3 8968 8575 1891
3 2017 8965 8969
3 8965 1890 8967
3 8969 8967 2018
3 1892 8970 8578
3 8970 2019 8971
3 8578 8971 1891
3 2019 8972 8971
3 8972 2018 8968
3 8971 8968 1891
3 2020 8973 8974
3 8973 1892 8581
3 8974 8581 1893
3 2019 8970 8975
3 8970 1892 8973
3 8975 8973 2020
3 2021 8976 8977
3 8976 1893 8584
3 8977 8584 1894
3 2020 8974 8978
3 8974 1893 8976
3 8978 8976 2021
3 2022 8979 8980
3 8979 1894 8587
3 8980 8587 1895
3 2021 8977 8981
3 8977 1894 8979
3 8981 8979 2022
3 2023 8982 8983
3 8982 1895 8590
3 8983 8590 1896
3 2022 8980 8984
3 8980 1895 8982
3 8984 8982 2023
3 2024 8985 8986
3 8985 1896 8593
3 8986 8593 1897
3 2023 8983 8987
3 8983 1896 8985
3 8987 8985 2024
3 2002 8988 8923
3 8988 2024 8986
3 8923 8986 1897
3 1898 8614 8990
3 8614 1899 8989
3 8990 8989 2025
3 1898 8990 8935
3 8990 2025 8991
3 8935 8991 2006
3 2026 8992 8993
3 8992 1899 8617
3 8993 8617 1900
3 1899 8992 8989
3 8992 2026 8994
3 8989 8994 2025
3 2027 8995 8996
3 8995 1900 8620
3 8996 8620 1901
3 1900 8995 8993
3 8995 2027 8997
3 8993 8997 2026
3 2028 8998 8999
3 8998 1901 8623
3 8999 8623 1902
3 2027 8996 9000
3 8996 1901 8998
3 9000 8998 2028
3 2029 9001 9002
3 9001 1902 8626
3 9002 8626 1903
3 2028 8999 9003
3 8999 1902 9001
3 9003 9001 2029
3 2030 9004 9005
3 9004 1903 8629
3 9005 8629 1904
3 2029 9002 9006
3 9002 1903 9004
3 9006 9004 2030
3 2031 9007 9008
3 9007 1904 8632
3 9008 8632 1905
3 2030 9005 9009
3 9005 1904 9007
3 9009 9007 2031
3 2032 9010 9011
3 9010 1905 8635
3 9011 8635 1906
3 2031 9008 9012
3 9008 1905 9010
3 9012 9010 2032
3 2033 9013 9014
3 9013 1906 8638
3 9014 8638 1907
3 2032 9011 9015
3 9011 1906 9013
3 9015 9013 2033
3 2034 9016 9017
3 9016 1907 8641
3 9017 8641 1908
3 2033 9014 9018
3 9014 1907 9016
3 9018 9016 2034
3 1909 9019 8644
3 9019 2035 9020
3 8644 9020 1908
3 2035 9021 9020
3 9021 2034 9017
3 9020 9017 1908
3 1910 9022 8647
3 9022 2036 9023
3 8647 9023 1909
3 1909 9023 9019
3 9023 2036 9024
3 9019 9024 2035
3 1911 9025 8650
3 9025 2037 9026
3 8650 9026 1910
3 1910 9026 9022
3 9026 2037 9027
3 9022 9027 2036
3 1912 9028 8653
3 9028 2038 9029
3 8653 9029 1911
3 1911 9029 9025
3 9029 2038 9030
3 9025 9030 2037
3 1913 9031 8656
3 9031 2038 9028
3 8656 9028 1912
3 1913 8941 9031
3 8941 2007 9032
3 9031 9032 2038
3 2040 9033 9034
3 9033 1915 8663
3 9034 8663 1914
3 1914 9035 9034
3 9035 2039 9036
3 9034 9036 2040
3 2039 9035 9038
3 9035 1914 9037
3 9038 9037 2166
3 2043 9039 8664
3 9039 2166 9037
3 8664 9037 1914
3 2041 9040 9041
3 9040 1916 8669
3 9041 8669 1915
3 2041 9041 9042
3 9041 1915 9033
3 9042 9033 2040
3 2042 9043 9044
3 9043 1917 8675
3 9044 8675 1916
3 2042 9044 9045
3 9044 1916 9040
3 9045 9040 2041
3 1917 9043 9047
3 9043 2042 9046
3 9047 9046 2167
3 2044 8681 9048
3 8681 1917 9047
3 9048 9047 2167
3 2049 9049 9050
3 9049 1918 8691
3 9050 8691 1924
3 2043 8666 9051
3 8666 1918 9049
3 9051 9049 2049
3 2053 9052 9053
3 9052 1925 8695
3 9053 8695 1919
3 2053 9053 9054
3 9053 1919 8684
3 9054 8684 2050
3 1921 8714 9056
3 8714 1920 9055
3 9056 9055 2046
3 2046 9055 9058
3 9055 1920 9057
3 9058 9057 2045
3 2177 9059 9060
3 9059 2045 9057
3 9060 9057 1920
3 2176 9061 9062
3 9061 1920 8715
3 9062 8715 2051
3 2177 9060 9063
3 9060 1920 9061
3 9063 9061 2176
3 1921 9064 8719
3 9064 2047 9065
3 8719 9065 1922
3 1921 9056 9064
3 9056 2046 9066
3 9064 9066 2047
3 1922 9067 8720
3 9067 1923 9068
3 8720 9068 1927
3 1922 9069 9067
3 9069 2048 9070
3 9067 9070 1923
3 2048 9069 9071
3 9069 1922 9065
3 9071 9065 2047
3 2182 9072 9073
3 9072 1927 9068
3 9073 9068 1923
3 2178 9074 9075
3 9074 1923 9070
3 9075 9070 2048
3 2182 9073 9076
3 9073 1923 9074
3 9076 9074 2178
3 2055 9077 9078
3 9077 1924 8692
3 9078 8692 1928
3 2052 9079 9080
3 9079 2049 9050
3 9080 9050 1924
3 2055 9081 9077
3 9081 2052 9080
3 9077 9080 1924
3 2056 9082 9083
3 9082 1929 8697
3 9083 8697 1925
3 2056 9083 9084
3 9083 1925 9052
3 9084 9052 2053
3 1926 8741 8705
3 8741 1934 9085
3 8705 9085 2054
3 2187 9086 9087
3 9086 1931 8722
3 9087 8722 1927
3 2187 9087 9088
3 9087 1927 9072
3 9088 9072 2182
3 2057 9089 9090
3 9089 1928 8732
3 9090 8732 1932
3 2057 9091 9089
3 9091 2055 9078
3 9089 9078 1928
3 2058 9092 9093
3 9092 1933 8728
3 9093 8728 1929
3 2058 9093 9094
3 9093 1929 9082
3 9094 9082 2056
3 1930 8724 9096
3 8724 1931 9095
3 9096 9095 2060
3 1930 9096 8302
3 9096 2060 9097
3 8302 9097 1935
3 2193 9098 9099
3 9098 2060 9095
3 9099 9095 1931
3 2193 9099 9100
3 9099 1931 9086
3 9100 9086 2187
3 2061 9101 9102
3 9101 1932 8733
3 9102 8733 1936
3 2061 9103 9101
3 9103 2057 9090
3 9101 9090 1932
3 2063 9104 9105
3 9104 1939 8736
3 9105 8736 1933
3 2063 9105 9106
3 9105 1933 9092
3 9106 9092 2058
3 1934 8742 9108
3 8742 1940 9107
3 9108 9107 2059
3 1934 9108 9085
3 9108 2059 9109
3 9085 9109 2054
3 1935 9110 8317
3 9110 2065 9111
3 8317 9111 1941
3 1935 9097 9110
3 9097 2060 9112
3 9110 9112 2065
3 2062 9113 9114
3 9113 1936 8748
3 9114 8748 1937
3 2062 9115 9113
3 9115 2061 9102
3 9113 9102 1936
3 1938 9116 8751
3 9116 2063 9117
3 8751 9117 1937
3 2063 9118 9117
3 9118 2062 9114
3 9117 9114 1937
3 2063 9116 9104
3 9116 1938 8752
3 9104 8752 1939
3 1942 9119 8755
3 9119 2064 9120
3 8755 9120 1940
3 2059 9107 9121
3 9107 1940 9120
3 9121 9120 2064
3 2070 9122 9123
3 9122 1943 8327
3 9123 8327 1941
3 2070 9123 9124
3 9123 1941 9111
3 9124 9111 2065
3 1944 9125 8760
3 9125 2066 9126
3 8760 9126 1942
3 2064 9119 9127
3 9119 1942 9126
3 9127 9126 2066
3 2069 9128 9129
3 9128 1947 8763
3 9129 8763 1943
3 2070 9130 9122
3 9130 2069 9129
3 9122 9129 1943
3 2066 9125 9131
3 9125 1944 8769
3 9131 8769 1945
3 1945 8770 9133
3 8770 1946 9132
3 9133 9132 2067
3 1945 9133 9131
3 9133 2067 9134
3 9131 9134 2066
3 2068 9135 9136
3 9135 1946 8765
3 9136 8765 1947
3 2068 9137 9135
3 9137 2067 9132
3 9135 9132 1946
3 2069 9138 9128
3 9138 2068 9136
3 9128 9136 1947
3 2071 9139 9140
3 9139 1949 8776
3 9140 8776 1948
3 2071 9140 9141
3 9140 1948 8837
3 9141 8837 1973
3 2072 9142 9143
3 9142 1950 8779
3 9143 8779 1949
3 2072 9143 9144
3 9143 1949 9139
3 9144 9139 2071
3 2073 9145 9146
3 9145 1951 8782
3 9146 8782 1950
3 2073 9146 9147
3 9146 1950 9142
3 9147 9142 2072
3 2074 9148 9149
3 9148 1962 8818
3 9149 8818 1951
3 2074 9149 9150
3 9149 1951 9145
3 9150 9145 2073
3 1953 8790 9152
3 8790 1952 9151
3 9152 9151 2076
3 1965 9153 8787
3 9153 2087 9154
3 8787 9154 1952
3 1952 9154 9151
3 9154 2087 9155
3 9151 9155 2076
3 1954 8793 9157
3 8793 1953 9156
3 9157 9156 2077
3 1953 9152 9156
3 9152 2076 9158
3 9156 9158 2077
3 1966 8827 9160
3 8827 1954 9159
3 9160 9159 2078
3 1954 9157 9159
3 9157 2077 9161
3 9159 9161 2078
3 1955 9162 8802
3 9162 2079 9163
3 8802 9163 1956
3 1968 9164 8798
3 9164 2089 9165
3 8798 9165 1955
3 2089 9166 9165
3 9166 2079 9162
3 9165 9162 1955
3 1956 9167 8803
3 9167 2080 9168
3 8803 9168 1957
3 1956 9163 9167
3 9163 2079 9169
3 9167 9169 2080
3 1957 9170 8429
3 9170 2081 9171
3 8429 9171 1969
3 1957 9168 9170
3 9168 2080 9172
3 9170 9172 2081
3 2082 9173 9174
3 9173 1959 8806
3 9174 8806 1958
3 2092 9175 9176
3 9175 1958 8440
3 9176 8440 1971
3 2092 9177 9175
3 9177 2082 9174
3 9175 9174 1958
3 2083 9178 9179
3 9178 1960 8809
3 9179 8809 1959
3 2083 9179 9180
3 9179 1959 9173
3 9180 9173 2082
3 2084 9181 9182
3 9181 1961 8812
3 9182 8812 1960
3 2084 9182 9183
3 9182 1960 9178
3 9183 9178 2083
3 2085 9184 9185
3 9184 1972 8815
3 9185 8815 1961
3 2085 9185 9186
3 9185 1961 9181
3 9186 9181 2084
3 1962 9187 8821
3 9187 1964 9188
3 8821 9188 1963
3 2075 9189 9190
3 9189 1964 9187
3 9190 9187 1962
3 2075 9190 9191
3 9190 1962 9148
3 9191 9148 2074
3 2086 9192 9193
3 9192 1963 9188
3 9193 9188 1964
3 2086 9194 9192
3 9194 1974 8840
3 9192 8840 1963
3 2075 9195 9189
3 9195 2203 9196
3 9189 9196 1964
3 2086 9193 9198
3 9193 1964 9197
3 9198 9197 2213
3 2203 9199 9196
3 9199 2213 9197
3 9196 9197 1964
3 1981 9200 8824
3 9200 1982 9201
3 8824 9201 1965
3 1982 9202 9201
3 9202 2087 9153
3 9201 9153 1965
3 1967 8828 9204
3 8828 1966 9203
3 9204 9203 2104
3 1966 9160 9206
3 9160 2078 9205
3 9206 9205 2088
3 1966 9206 9203
3 9206 2088 9207
3 9203 9207 2104
3 1968 8830 9164
3 8830 1967 9208
3 9164 9208 2089
3 1967 9209 9208
3 9209 2105 9210
3 9208 9210 2089
3 1967 9204 9209
3 9204 2104 9211
3 9209 9211 2105
3 1969 9212 8462
3 9212 2090 9213
3 8462 9213 1983
3 1969 9171 9212
3 9171 2081 9214
3 9212 9214 2090
3 2091 9215 9216
3 9215 1971 8831
3 9216 8831 1970
3 2114 9217 9218
3 9217 1970 8477
3 9218 8477 1988
3 2114 9219 9217
3 9219 2091 9216
3 9217 9216 1970
3 2092 9176 9220
3 9176 1971 9215
3 9220 9215 2091
3 2116 9221 9222
3 9221 1989 8834
3 9222 8834 1972
3 2094 9223 9224
3 9223 1972 9184
3 9224 9184 2085
3 1972 9223 9222
3 9223 2094 9225
3 9222 9225 2116
3 2095 9226 9227
3 9226 1973 8869
3 9227 8869 1990
3 2095 9228 9226
3 9228 2071 9141
3 9226 9141 1973
3 1974 9229 8843
3 9229 1976 9230
3 8843 9230 1975
3 2086 9231 9194
3 9231 1976 9229
3 9194 9229 1974
3 2096 9232 9233
3 9232 1975 9230
3 9233 9230 1976
3 2096 9234 9232
3 9234 1977 8844
3 9232 8844 1975
3 2086 9235 9231
3 9235 2214 9236
3 9231 9236 1976
3 2097 9237 9238
3 9237 2096 9233
3 9238 9233 1976
3 2097 9238 9240
3 9238 1976 9239
3 9240 9239 2216
3 2214 9241 9236
3 9241 2216 9239
3 9236 9239 1976
3 2096 9242 9234
3 9242 1978 8498
3 9234 8498 1977
3 2098 8873 9243
3 8873 1978 9242
3 9243 9242 2096
3 1980 8852 9245
3 8852 1979 9244
3 9245 9244 2101
3 1979 8883 9244
3 8883 2100 9246
3 9244 9246 2101
3 1980 9247 8853
3 9247 2102 9248
3 8853 9248 1981
3 1980 9245 9247
3 9245 2101 9249
3 9247 9249 2102
3 1981 9248 9200
3 9248 2102 9250
3 9200 9250 1982
3 1982 9251 9202
3 9251 2217 9252
3 9202 9252 2087
3 1982 9250 9254
3 9250 2102 9253
3 9254 9253 2103
3 1982 9254 9251
3 9254 2103 9255
3 9251 9255 2217
3 1983 9256 8856
3 9256 2106 9257
3 8856 9257 1984
3 1983 9213 9256
3 9213 2090 9258
3 9256 9258 2106
3 1984 9259 8857
3 9259 2107 9260
3 8857 9260 1985
3 1984 9257 9259
3 9257 2106 9261
3 9259 9261 2107
3 1985 9262 8518
3 9262 2109 9263
3 8518 9263 1986
3 1985 9260 9262
3 9260 2107 9264
3 9262 9264 2109
3 1986 9263 8889
3 9263 2109 9265
3 8889 9265 2110
3 1988 8863 9267
3 8863 1987 9266
3 9267 9266 2113
3 1987 8899 9266
3 8899 2112 9268
3 9266 9268 2113
3 2114 9218 9269
3 9218 1988 9267
3 9269 9267 2113
3 2118 9270 9271
3 9270 1995 8866
3 9271 8866 1989
3 1989 9221 9271
3 9221 2116 9272
3 9271 9272 2118
3 2117 9273 9274
3 9273 1990 8906
3 9274 8906 1996
3 2117 9275 9273
3 9275 2095 9227
3 9273 9227 1990
3 1992 8878 9277
3 8878 2099 9276
3 9277 9276 2228
3 1992 9278 8885
3 9278 2229 9279
3 8885 9279 2100
3 1992 9277 9278
3 9277 2228 9280
3 9278 9280 2229
3 2239 9281 9282
3 9281 1994 8894
3 9282 8894 2111
3 2240 9283 9284
3 9283 2112 8901
3 9284 8901 1994
3 2240 9284 9285
3 9284 1994 9281
3 9285 9281 2239
3 2118 9286 9270
3 9286 1998 8911
3 9270 8911 1995
3 2120 9287 9288
3 9287 1996 8907
3 9288 8907 1999
3 2119 9289 9290
3 9289 2117 9274
3 9290 9274 1996
3 2120 9291 9287
3 9291 2119 9290
3 9287 9290 1996
3 1997 9292 8929
3 9292 2121 9293
3 8929 9293 2003
3 1997 8931 9295
3 8931 2004 9294
3 9295 9294 2130
3 1997 9295 9292
3 9295 2130 9296
3 9292 9296 2121
3 2122 9297 9298
3 9297 2009 8945
3 9298 8945 1998
3 2123 9299 9300
3 9299 1998 9286
3 9300 9286 2118
3 2123 9301 9299
3 9301 2122 9298
3 9299 9298 1998
3 2124 9302 9303
3 9302 1999 8914
3 9303 8914 2000
3 2124 9304 9302
3 9304 2120 9288
3 9302 9288 1999
3 2125 9305 9306
3 9305 2000 8917
3 9306 8917 2001
3 2125 9307 9305
3 9307 2124 9303
3 9305 9303 2000
3 2126 9308 9309
3 9308 2001 8920
3 9309 8920 2010
3 2126 9310 9308
3 9310 2125 9306
3 9308 9306 2001
3 2002 8925 9312
3 8925 2003 9311
3 9312 9311 2129
3 2002 9313 8988
3 9313 2127 9314
3 8988 9314 2024
3 2002 9315 9313
3 9315 2128 9316
3 9313 9316 2127
3 2002 9312 9315
3 9312 2129 9317
3 9315 9317 2128
3 2003 9293 9311
3 9293 2121 9318
3 9311 9318 2129
3 2004 8934 9320
3 8934 2005 9319
3 9320 9319 2131
3 2004 9320 9294
3 9320 2131 9321
3 9294 9321 2130
3 2005 8937 9323
3 8937 2006 9322
3 9323 9322 2132
3 2005 9323 9319
3 9323 2132 9324
3 9319 9324 2131
3 2006 8991 9326
3 8991 2025 9325
3 9326 9325 2148
3 2006 9326 9322
3 9326 2148 9327
3 9322 9327 2132
3 2134 9328 9329
3 9328 2007 8942
3 9329 8942 2008
3 2133 9330 9331
3 9330 2038 9032
3 9331 9032 2007
3 2133 9331 9332
3 9331 2007 9328
3 9332 9328 2134
3 2134 9329 9333
3 9329 2008 8944
3 9333 8944 2009
3 2134 9333 9334
3 9333 2009 9297
3 9334 9297 2122
3 2135 9335 9336
3 9335 2010 8948
3 9336 8948 2011
3 2135 9337 9335
3 9337 2126 9309
3 9335 9309 2010
3 2012 9338 8951
3 9338 2136 9339
3 8951 9339 2011
3 2011 9339 9336
3 9339 2136 9340
3 9336 9340 2135
3 2137 9341 9342
3 9341 2012 8954
3 9342 8954 2013
3 2012 9341 9338
3 9341 2137 9343
3 9338 9343 2136
3 2014 9344 8957
3 9344 2138 9345
3 8957 9345 2013
3 2013 9345 9342
3 9345 2138 9346
3 9342 9346 2137
3 2139 9347 9348
3 9347 2014 8960
3 9348 8960 2015
3 2139 9349 9347
3 9349 2138 9344
3 9347 9344 2014
3 2016 9350 8963
3 9350 2140 9351
3 8963 9351 2015
3 2140 9352 9351
3 9352 2139 9348
3 9351 9348 2015
3 2016 8966 9354
3 8966 2017 9353
3 9354 9353 2141
3 2016 9354 9350
3 9354 2141 9355
3 9350 9355 2140
3 2017 8969 9357
3 8969 2018 9356
3 9357 9356 2142
3 2017 9357 9353
3 9357 2142 9358
3 9353 9358 2141
3 2018 8972 9360
3 8972 2019 9359
3 9360 9359 2143
3 2018 9360 9356
3 9360 2143 9361
3 9356 9361 2142
3 2019 8975 9363
3 8975 2020 9362
3 9363 9362 2144
3 2019 9363 9359
3 9363 2144 9364
3 9359 9364 2143
3 2020 8978 9366
3 8978 2021 9365
3 9366 9365 2145
3 2020 9366 9362
3 9366 2145 9367
3 9362 9367 2144
3 2021 8981 9369
3 8981 2022 9368
3 9369 9368 2146
3 2021 9369 9365
3 9369 2146 9370
3 9365 9370 2145
3 2022 8984 9372
3 8984 2023 9371
3 9372 9371 2147
3 2022 9372 9368
3 9372 2147 9373
3 9368 9373 2146
3 2023 8987 9371
3 8987 2024 9374
3 9371 9374 2147
3 2024 9314 9374
3 9314 2127 9375
3 9374 9375 2147
3 2149 9376 9377
3 9376 2025 8994
3 9377 8994 2026
3 2025 9376 9325
3 9376 2149 9378
3 9325 9378 2148
3 2150 9379 9380
3 9379 2026 8997
3 9380 8997 2027
3 2149 9377 9381
3 9377 2026 9379
3 9381 9379 2150
3 2151 9382 9383
3 9382 2027 9000
3 9383 9000 2028
3 2027 9382 9380
3 9382 2151 9384
3 9380 9384 2150
3 2028 9003 9386
3 9003 2029 9385
3 9386 9385 2152
3 2028 9386 9383
3 9386 2152 9387
3 9383 9387 2151
3 2029 9006 9389
3 9006 2030 9388
3 9389 9388 2153
3 2029 9389 9385
3 9389 2153 9390
3 9385 9390 2152
3 2030 9009 9392
3 9009 2031 9391
3 9392 9391 2154
3 2030 9392 9388
3 9392 2154 9393
3 9388 9393 2153
3 2031 9012 9395
3 9012 2032 9394
3 9395 9394 2155
3 2031 9395 9391
3 9395 2155 9396
3 9391 9396 2154
3 2032 9015 9398
3 9015 2033 9397
3 9398 9397 2156
3 2032 9398 9394
3 9398 2156 9399
3 9394 9399 2155
3 2033 9018 9401
3 9018 2034 9400
3 9401 9400 2157
3 2033 9401 9397
3 9401 2157 9402
3 9397 9402 2156
3 2158 9403 9404
3 9403 2034 9021
3 9404 9021 2035
3 2158 9405 9403
3 9405 2157 9400
3 9403 9400 2034
3 2159 9406 9407
3 9406 2035 9024
3 9407 9024 2036
3 2158 9404 9408
3 9404 2035 9406
3 9408 9406 2159
3 2160 9409 9410
3 9409 2036 9027
3 9410 9027 2037
3 2159 9407 9411
3 9407 2036 9409
3 9411 9409 2160
3 2038 9412 9030
3 9412 2161 9413
3 9030 9413 2037
3 2160 9410 9414
3 9410 2037 9413
3 9414 9413 2161
3 2133 9415 9330
3 9415 2161 9412
3 9330 9412 2038
3 2164 9416 9417
3 9416 2040 9036
3 9417 9036 2039
3 2039 9418 9417
3 9418 2163 9419
3 9417 9419 2164
3 2163 9418 9421
3 9418 2039 9420
3 9421 9420 2290
3 2166 9422 9038
3 9422 2290 9420
3 9038 9420 2039
3 2165 9423 9424
3 9423 2041 9042
3 9424 9042 2040
3 2040 9416 9424
3 9416 2164 9425
3 9424 9425 2165
3 2291 9426 9427
3 9426 2042 9045
3 9427 9045 2041
3 2291 9427 9428
3 9427 2041 9423
3 9428 9423 2165
3 2042 9429 9046
3 9429 2293 9430
3 9046 9430 2167
3 2291 9431 9426
3 9431 2293 9429
3 9426 9429 2042
3 2049 9432 9051
3 9432 2171 9433
3 9051 9433 2043
3 2166 9039 9434
3 9039 2043 9433
3 9434 9433 2171
3 2050 8686 9436
3 8686 2044 9435
3 9436 9435 2175
3 2044 9048 9438
3 9048 2167 9437
3 9438 9437 2172
3 2044 9438 9435
3 9438 2172 9439
3 9435 9439 2175
3 2294 9440 9441
3 9440 2046 9058
3 9441 9058 2045
3 2177 9442 9059
3 9442 2294 9441
3 9059 9441 2045
3 2046 9443 9066
3 9443 2169 9444
3 9066 9444 2047
3 2046 9445 9443
3 9445 2168 9446
3 9443 9446 2169
3 2294 9447 9440
3 9447 2168 9445
3 9440 9445 2046
3 2047 9448 9071
3 9448 2170 9449
3 9071 9449 2048
3 2047 9444 9448
3 9444 2169 9450
3 9448 9450 2170
3 2048 9449 9452
3 9449 2170 9451
3 9452 9451 2173
3 2048 9452 9454
3 9452 2173 9453
3 9454 9453 2179
3 2178 9075 9455
3 9075 2048 9454
3 9455 9454 2179
3 2052 9456 9079
3 9456 2174 9457
3 9079 9457 2049
3 2049 9457 9432
3 9457 2174 9458
3 9432 9458 2171
3 2053 9054 9460
3 9054 2050 9459
3 9460 9459 2181
3 2050 9436 9459
3 9436 2175 9461
3 9459 9461 2181
3 2186 9462 9463
3 9462 2051 8707
3 9463 8707 2054
3 2186 9464 9462
3 9464 2176 9062
3 9462 9062 2051
3 2055 9465 9081
3 9465 2180 9466
3 9081 9466 2052
3 2052 9466 9456
3 9466 2180 9467
3 9456 9467 2174
3 2056 9084 9469
3 9084 2053 9468
3 9469 9468 2185
3 2053 9460 9468
3 9460 2181 9470
3 9468 9470 2185
3 2186 9463 9471
3 9463 2054 9109
3 9471 9109 2059
3 2057 9472 9091
3 9472 2188 9473
3 9091 9473 2055
3 2055 9474 9465
3 9474 2184 9475
3 9465 9475 2180
3 2055 9473 9474
3 9473 2188 9476
3 9474 9476 2184
3 2058 9094 9478
3 9094 2056 9477
3 9478 9477 2191
3 2056 9469 9477
3 9469 2185 9479
3 9477 9479 2191
3 2061 9480 9103
3 9480 2189 9481
3 9103 9481 2057
3 2057 9481 9472
3 9481 2189 9482
3 9472 9482 2188
3 2063 9106 9483
3 9106 2058 9478
3 9483 9478 2191
3 2064 9484 9121
3 9484 2192 9485
3 9121 9485 2059
3 2192 9486 9485
3 9486 2186 9471
3 9485 9471 2059
3 2193 9487 9098
3 9487 2065 9112
3 9098 9112 2060
3 2062 9488 9115
3 9488 2189 9480
3 9115 9480 2061
3 2063 9489 9118
3 9489 2190 9490
3 9118 9490 2062
3 2189 9488 9491
3 9488 2062 9490
3 9491 9490 2190
3 2190 9489 9492
3 9489 2063 9483
3 9492 9483 2191
3 2066 9493 9127
3 9493 2194 9494
3 9127 9494 2064
3 2192 9484 9495
3 9484 2064 9494
3 9495 9494 2194
3 2199 9496 9497
3 9496 2070 9124
3 9497 9124 2065
3 2195 9498 9499
3 9498 2065 9487
3 9499 9487 2193
3 2195 9500 9498
3 9500 2199 9497
3 9498 9497 2065
3 2196 9501 9502
3 9501 2066 9134
3 9502 9134 2067
3 2194 9493 9503
3 9493 2066 9501
3 9503 9501 2196
3 2197 9504 9505
3 9504 2067 9137
3 9505 9137 2068
3 2197 9506 9504
3 9506 2196 9502
3 9504 9502 2067
3 2198 9507 9508
3 9507 2068 9138
3 9508 9138 2069
3 2198 9509 9507
3 9509 2197 9505
3 9507 9505 2068
3 2199 9510 9496
3 9510 2069 9130
3 9496 9130 2070
3 2069 9510 9508
3 9510 2199 9511
3 9508 9511 2198
3 2072 9144 9513
3 9144 2071 9512
3 9513 9512 2200
3 2095 9514 9228
3 9514 2200 9512
3 9228 9512 2071
3 2073 9147 9515
3 9147 2072 9513
3 9515 9513 2200
3 2074 9150 9517
3 9150 2073 9516
3 9517 9516 2201
3 2073 9515 9516
3 9515 2200 9518
3 9516 9518 2201
3 2075 9191 9520
3 9191 2074 9519
3 9520 9519 2202
3 2074 9517 9519
3 9517 2201 9521
3 9519 9521 2202
3 2075 9520 9195
3 9520 2202 9522
3 9195 9522 2203
3 2204 9523 9524
3 9523 2077 9158
3 9524 9158 2076
3 2087 9525 9155
3 9525 2218 9526
3 9155 9526 2076
3 2076 9526 9524
3 9526 2218 9527
3 9524 9527 2204
3 2205 9528 9529
3 9528 2078 9161
3 9529 9161 2077
3 2205 9529 9530
3 9529 2077 9523
3 9530 9523 2204
3 2219 9531 9532
3 9531 2088 9205
3 9532 9205 2078
3 2078 9528 9532
3 9528 2205 9533
3 9532 9533 2219
3 2206 9534 9535
3 9534 2080 9169
3 9535 9169 2079
3 2089 9536 9166
3 9536 2235 9537
3 9166 9537 2079
3 2235 9538 9537
3 9538 2206 9535
3 9537 9535 2079
3 2207 9539 9540
3 9539 2081 9172
3 9540 9172 2080
3 2207 9540 9541
3 9540 2080 9534
3 9541 9534 2206
3 2208 9542 9543
3 9542 2090 9214
3 9543 9214 2081
3 2208 9543 9544
3 9543 2081 9539
3 9544 9539 2207
3 2209 9545 9546
3 9545 2083 9180
3 9546 9180 2082
3 2093 9547 9548
3 9547 2082 9177
3 9548 9177 2092
3 2093 9549 9547
3 9549 2209 9546
3 9547 9546 2082
3 2210 9550 9551
3 9550 2084 9183
3 9551 9183 2083
3 2083 9545 9551
3 9545 2209 9552
3 9551 9552 2210
3 2085 9186 9554
3 9186 2084 9553
3 9554 9553 2211
3 2084 9550 9553
3 9550 2210 9555
3 9553 9555 2211
3 2094 9224 9557
3 9224 2085 9556
3 9557 9556 2212
3 2085 9554 9556
3 9554 2211 9558
3 9556 9558 2212
3 2086 9198 9235
3 9198 2213 9559
3 9235 9559 2214
3 2218 9525 9560
3 9525 2087 9252
3 9560 9252 2217
3 2233 9561 9562
3 9561 2104 9207
3 9562 9207 2088
3 2233 9562 9563
3 9562 2088 9531
3 9563 9531 2219
3 2234 9564 9565
3 9564 2089 9210
3 9565 9210 2105
3 2234 9566 9564
3 9566 2235 9536
3 9564 9536 2089
3 2220 9567 9568
3 9567 2106 9258
3 9568 9258 2090
3 2220 9568 9569
3 9568 2090 9542
3 9569 9542 2208
3 2092 9220 9571
3 9220 2091 9570
3 9571 9570 2222
3 2115 9572 9573
3 9572 2091 9219
3 9573 9219 2114
3 2115 9574 9572
3 9574 2222 9570
3 9572 9570 2091
3 2093 9548 9575
3 9548 2092 9571
3 9575 9571 2222
3 2322 9576 9577
3 9576 2209 9549
3 9577 9549 2093
3 2342 9578 9579
3 9578 2093 9575
3 9579 9575 2222
3 2342 9580 9578
3 9580 2322 9577
3 9578 9577 2093
3 2245 9581 9582
3 9581 2116 9225
3 9582 9225 2094
3 2094 9557 9584
3 9557 2212 9583
3 9584 9583 2223
3 2094 9584 9582
3 9584 2223 9585
3 9582 9585 2245
3 2117 9586 9275
3 9586 2224 9587
3 9275 9587 2095
3 2095 9588 9514
3 9588 2225 9589
3 9514 9589 2200
3 2225 9588 9590
3 9588 2095 9587
3 9590 9587 2224
3 2097 9591 9237
3 9591 2226 9592
3 9237 9592 2096
3 2098 9243 9593
3 9243 2096 9592
3 9593 9592 2226
3 2326 9594 9595
3 9594 2097 9240
3 9595 9240 2216
3 2227 9596 9597
3 9596 2226 9591
3 9597 9591 2097
3 2227 9597 9599
3 9597 2097 9598
3 9599 9598 2328
3 2326 9600 9594
3 9600 2328 9598
3 9594 9598 2097
3 2099 8879 9601
3 8879 2098 9593
3 9601 9593 2226
3 2228 9276 9602
3 9276 2099 9601
3 9602 9601 2226
3 2230 9603 9604
3 9603 2101 9246
3 9604 9246 2100
3 2230 9604 9605
3 9604 2100 9279
3 9605 9279 2229
3 2231 9606 9607
3 9606 2102 9249
3 9607 9249 2101
3 2231 9607 9608
3 9607 2101 9603
3 9608 9603 2230
3 2231 9609 9606
3 9609 2103 9253
3 9606 9253 2102
3 2329 9610 9611
3 9610 2217 9255
3 9611 9255 2103
3 2232 9612 9613
3 9612 2103 9609
3 9613 9609 2231
3 2232 9614 9612
3 9614 2329 9611
3 9612 9611 2103
3 2246 9615 9616
3 9615 2105 9211
3 9616 9211 2104
3 2233 9617 9561
3 9617 2246 9616
3 9561 9616 2104
3 2234 9565 9619
3 9565 2105 9618
3 9619 9618 2121
3 2249 9620 9621
3 9620 2121 9618
3 9621 9618 2105
3 2246 9622 9615
3 9622 2249 9621
3 9615 9621 2105
3 2106 9623 9261
3 9623 2108 9624
3 9261 9624 2107
3 2221 9625 9626
3 9625 2108 9623
3 9626 9623 2106
3 2221 9626 9627
3 9626 2106 9567
3 9627 9567 2220
3 2236 9628 9629
3 9628 2107 9624
3 9629 9624 2108
3 2236 9630 9628
3 9630 2109 9264
3 9628 9264 2107
3 2221 9631 9625
3 9631 2338 9632
3 9625 9632 2108
3 2236 9629 9634
3 9629 2108 9633
3 9634 9633 2237
3 2108 9635 9633
3 9635 2339 9636
3 9633 9636 2237
3 2108 9632 9635
3 9632 2338 9637
3 9635 9637 2339
3 2236 9638 9630
3 9638 2110 9265
3 9630 9265 2109
3 2238 9639 9640
3 9639 2111 8895
3 9640 8895 2110
3 2238 9640 9641
3 9640 2110 9638
3 9641 9638 2236
3 2239 9282 9642
3 9282 2111 9639
3 9642 9639 2238
3 2241 9643 9644
3 9643 2113 9268
3 9644 9268 2112
3 2240 9645 9283
3 9645 2241 9644
3 9283 9644 2112
3 2114 9269 9647
3 9269 2113 9646
3 9647 9646 2243
3 2241 9648 9643
3 9648 2243 9646
3 9643 9646 2113
3 2115 9573 9649
3 9573 2114 9647
3 9649 9647 2243
3 2340 9650 9651
3 9650 2222 9574
3 9651 9574 2115
3 2115 9649 9653
3 9649 2243 9652
3 9653 9652 2244
3 2340 9651 9654
3 9651 2115 9653
3 9654 9653 2244
3 2118 9272 9656
3 9272 2116 9655
3 9656 9655 2247
3 2116 9581 9655
3 9581 2245 9657
3 9655 9657 2247
3 2119 9658 9289
3 9658 2224 9586
3 9289 9586 2117
3 2123 9300 9660
3 9300 2118 9659
3 9660 9659 2252
3 2252 9659 9661
3 9659 2118 9656
3 9661 9656 2247
3 2120 9662 9291
3 9662 2248 9663
3 9291 9663 2119
3 2119 9663 9658
3 9663 2248 9664
3 9658 9664 2224
3 2124 9665 9304
3 9665 2253 9666
3 9304 9666 2120
3 2120 9666 9662
3 9666 2253 9667
3 9662 9667 2248
3 2249 9668 9620
3 9668 2129 9318
3 9620 9318 2121
3 2250 9669 9670
3 9669 2121 9296
3 9670 9296 2130
3 2121 9669 9619
3 9669 2250 9671
3 9619 9671 2234
3 2123 9660 9301
3 9660 2252 9672
3 9301 9672 2122
3 2134 9334 9674
3 9334 2122 9673
3 9674 9673 2251
3 2122 9672 9673
3 9672 2252 9675
3 9673 9675 2251
3 2125 9676 9307
3 9676 2254 9677
3 9307 9677 2124
3 2124 9677 9665
3 9677 2254 9678
3 9665 9678 2253
3 2126 9679 9310
3 9679 2255 9680
3 9310 9680 2125
3 2125 9680 9676
3 9680 2255 9681
3 9676 9681 2254
3 2135 9682 9337
3 9682 2265 9683
3 9337 9683 2126
3 2126 9683 9679
3 9683 2265 9684
3 9679 9684 2255
3 2257 9685 9686
3 9685 2127 9316
3 9686 9316 2128
3 2256 9687 9688
3 9687 2147 9375
3 9688 9375 2127
3 2256 9688 9689
3 9688 2127 9685
3 9689 9685 2257
3 2258 9690 9691
3 9690 2128 9317
3 9691 9317 2129
3 2257 9686 9692
3 9686 2128 9690
3 9692 9690 2258
3 2249 9693 9668
3 9693 2258 9691
3 9668 9691 2129
3 2259 9694 9695
3 9694 2130 9321
3 9695 9321 2131
3 2130 9694 9670
3 9694 2259 9696
3 9670 9696 2250
3 2260 9697 9698
3 9697 2131 9324
3 9698 9324 2132
3 2259 9695 9699
3 9695 2131 9697
3 9699 9697 2260
3 2261 9700 9701
3 9700 2132 9327
3 9701 9327 2148
3 2260 9698 9702
3 9698 2132 9700
3 9702 9700 2261
3 2133 9332 9704
3 9332 2134 9703
3 9704 9703 2264
3 2133 9705 9415
3 9705 2262 9706
3 9415 9706 2161
3 2133 9707 9705
3 9707 2263 9708
3 9705 9708 2262
3 2133 9704 9707
3 9704 2264 9709
3 9707 9709 2263
3 2134 9674 9703
3 9674 2251 9710
3 9703 9710 2264
3 2266 9711 9712
3 9711 2135 9340
3 9712 9340 2136
3 2265 9682 9713
3 9682 2135 9711
3 9713 9711 2266
3 2267 9714 9715
3 9714 2136 9343
3 9715 9343 2137
3 2136 9714 9712
3 9714 2267 9716
3 9712 9716 2266
3 2138 9717 9346
3 9717 2268 9718
3 9346 9718 2137
3 2137 9718 9715
3 9718 2268 9719
3 9715 9719 2267
3 2139 9720 9349
3 9720 2269 9721
3 9349 9721 2138
3 2138 9721 9717
3 9721 2269 9722
3 9717 9722 2268
3 2270 9723 9724
3 9723 2139 9352
3 9724 9352 2140
3 2270 9725 9723
3 9725 2269 9720
3 9723 9720 2139
3 2271 9726 9727
3 9726 2140 9355
3 9727 9355 2141
3 2270 9724 9728
3 9724 2140 9726
3 9728 9726 2271
3 2272 9729 9730
3 9729 2141 9358
3 9730 9358 2142
3 2271 9727 9731
3 9727 2141 9729
3 9731 9729 2272
3 2143 9732 9361
3 9732 2273 9733
3 9361 9733 2142
3 2272 9730 9734
3 9730 2142 9733
3 9734 9733 2273
3 2144 9735 9364
3 9735 2274 9736
3 9364 9736 2143
3 2143 9736 9732
3 9736 2274 9737
3 9732 9737 2273
3 2145 9738 9367
3 9738 2275 9739
3 9367 9739 2144
3 2144 9739 9735
3 9739 2275 9740
3 9735 9740 2274
3 2146 9741 9370
3 9741 2276 9742
3 9370 9742 2145
3 2145 9742 9738
3 9742 2276 9743
3 9738 9743 2275
3 2147 9744 9373
3 9744 2277 9745
3 9373 9745 2146
3 2146 9745 9741
3 9745 2277 9746
3 9741 9746 2276
3 2256 9747 9687
3 9747 2277 9744
3 9687 9744 2147
3 2278 9748 9749
3 9748 2148 9378
3 9749 9378 2149
3 2261 9701 9750
3 9701 2148 9748
3 9750 9748 2278
3 2279 9751 9752
3 9751 2149 9381
3 9752 9381 2150
3 2149 9751 9749
3 9751 2279 9753
3 9749 9753 2278
3 2280 9754 9755
3 9754 2150 9384
3 9755 9384 2151
3 2279 9752 9756
3 9752 2150 9754
3 9756 9754 2280
3 2281 9757 9758
3 9757 2151 9387
3 9758 9387 2152
3 2151 9757 9755
3 9757 2281 9759
3 9755 9759 2280
3 2282 9760 9761
3 9760 2152 9390
3 9761 9390 2153
3 2281 9758 9762
3 9758 2152 9760
3 9762 9760 2282
3 2283 9763 9764
3 9763 2153 9393
3 9764 9393 2154
3 2282 9761 9765
3 9761 2153 9763
3 9765 9763 2283
3 2155 9766 9396
3 9766 2284 9767
3 9396 9767 2154
3 2284 9768 9767
3 9768 2283 9764
3 9767 9764 2154
3 2285 9769 9770
3 9769 2155 9399
3 9770 9399 2156
3 2284 9766 9771
3 9766 2155 9769
3 9771 9769 2285
3 2286 9772 9773
3 9772 2156 9402
3 9773 9402 2157
3 2285 9770 9774
3 9770 2156 9772
3 9774 9772 2286
3 2158 9775 9405
3 9775 2287 9776
3 9405 9776 2157
3 2287 9777 9776
3 9777 2286 9773
3 9776 9773 2157
3 2158 9408 9779
3 9408 2159 9778
3 9779 9778 2288
3 2158 9779 9775
3 9779 2288 9780
3 9775 9780 2287
3 2159 9411 9782
3 9411 2160 9781
3 9782 9781 2289
3 2159 9782 9778
3 9782 2289 9783
3 9778 9783 2288
3 2160 9414 9781
3 9414 2161 9784
3 9781 9784 2289
3 2289 9784 9785
3 9784 2161 9706
3 9785 9706 2262
3 2290 9786 9421
3 9786 2162 9787
3 9421 9787 2163
3 2162 9788 9787
3 9788 2404 9789
3 9787 9789 2163
3 2162 9786 9791
3 9786 2290 9790
3 9791 9790 2896
3 2404 9788 9792
3 9788 2162 9791
3 9792 9791 2896
3 2406 9793 9794
3 9793 2164 9419
3 9794 9419 2163
3 2163 9789 9794
3 9789 2404 9795
3 9794 9795 2406
3 2408 9796 9797
3 9796 2165 9425
3 9797 9425 2164
3 2406 9798 9793
3 9798 2408 9797
3 9793 9797 2164
3 2291 9428 9800
3 9428 2165 9799
3 9800 9799 2411
3 2408 9801 9796
3 9801 2411 9799
3 9796 9799 2165
3 2171 9802 9434
3 9802 2292 9803
3 9434 9803 2166
3 2290 9422 9804
3 9422 2166 9803
3 9804 9803 2292
3 2167 9430 9437
3 9430 2293 9805
3 9437 9805 2172
3 2414 9806 9807
3 9806 2169 9446
3 9807 9446 2168
3 2294 9808 9447
3 9808 2419 9809
3 9447 9809 2168
3 2419 9810 9809
3 9810 2414 9807
3 9809 9807 2168
3 2415 9811 9812
3 9811 2170 9450
3 9812 9450 2169
3 2415 9812 9813
3 9812 2169 9806
3 9813 9806 2414
3 2295 9814 9815
3 9814 2173 9451
3 9815 9451 2170
3 2416 9816 9817
3 9816 2295 9815
3 9817 9815 2170
3 2416 9817 9818
3 9817 2170 9811
3 9818 9811 2415
3 2174 9819 9458
3 9819 2296 9820
3 9458 9820 2171
3 2296 9821 9820
3 9821 2292 9802
3 9820 9802 2171
3 2299 9822 9823
3 9822 2175 9439
3 9823 9439 2172
3 2297 9824 9825
3 9824 2172 9805
3 9825 9805 2293
3 2297 9826 9824
3 9826 2299 9823
3 9824 9823 2172
3 2427 9827 9828
3 9827 2179 9453
3 9828 9453 2173
3 2422 9829 9830
3 9829 2173 9814
3 9830 9814 2295
3 2427 9828 9831
3 9828 2173 9829
3 9831 9829 2422
3 2302 9832 9833
3 9832 2174 9467
3 9833 9467 2180
3 2296 9819 9835
3 9819 2174 9834
3 9835 9834 2298
3 2298 9834 9836
3 9834 2174 9832
3 9836 9832 2302
3 2303 9837 9838
3 9837 2181 9461
3 9838 9461 2175
3 2299 9839 9822
3 9839 2303 9838
3 9822 9838 2175
3 2177 9063 9841
3 9063 2176 9840
3 9841 9840 2300
3 2186 9842 9464
3 9842 2300 9840
3 9464 9840 2176
3 2177 9843 9442
3 9843 2301 9844
3 9442 9844 2294
3 2177 9841 9843
3 9841 2300 9845
3 9843 9845 2301
3 2178 9455 9847
3 9455 2179 9846
3 9847 9846 2183
3 2182 9076 9848
3 9076 2178 9847
3 9848 9847 2183
3 2430 9849 9850
3 9849 2183 9846
3 9850 9846 2179
3 2430 9850 9851
3 9850 2179 9827
3 9851 9827 2427
3 2302 9833 9852
3 9833 2180 9475
3 9852 9475 2184
3 2308 9853 9854
3 9853 2185 9470
3 9854 9470 2181
3 2308 9854 9855
3 9854 2181 9837
3 9855 9837 2303
3 2182 9848 9857
3 9848 2183 9856
3 9857 9856 2310
3 2187 9088 9858
3 9088 2182 9857
3 9858 9857 2310
3 2310 9856 9860
3 9856 2183 9859
3 9860 9859 2435
3 2435 9859 9861
3 9859 2183 9849
3 9861 9849 2430
3 2305 9862 9863
3 9862 2184 9476
3 9863 9476 2188
3 2304 9864 9865
3 9864 2302 9852
3 9865 9852 2184
3 2304 9865 9866
3 9865 2184 9862
3 9866 9862 2305
3 2308 9867 9853
3 9867 2191 9479
3 9853 9479 2185
3 2192 9868 9486
3 9868 2309 9869
3 9486 9869 2186
3 2186 9869 9842
3 9869 2309 9870
3 9842 9870 2300
3 2193 9100 9872
3 9100 2187 9871
3 9872 9871 2312
3 2187 9858 9871
3 9858 2310 9873
3 9871 9873 2312
3 2189 9874 9482
3 9874 2305 9863
3 9482 9863 2188
3 2306 9875 9876
3 9875 2189 9491
3 9876 9491 2190
3 2305 9874 9877
3 9874 2189 9875
3 9877 9875 2306
3 2307 9878 9879
3 9878 2190 9492
3 9879 9492 2191
3 2307 9880 9878
3 9880 2306 9876
3 9878 9876 2190
3 2308 9881 9867
3 9881 2307 9879
3 9867 9879 2191
3 2194 9882 9495
3 9882 2311 9883
3 9495 9883 2192
3 2309 9868 9884
3 9868 2192 9883
3 9884 9883 2311
3 2195 9499 9885
3 9499 2193 9872
3 9885 9872 2312
3 2196 9886 9503
3 9886 2313 9887
3 9503 9887 2194
3 2311 9882 9888
3 9882 2194 9887
3 9888 9887 2313
3 2316 9889 9890
3 9889 2199 9500
3 9890 9500 2195
3 2195 9885 9890
3 9885 2312 9891
3 9890 9891 2316
3 2313 9886 9892
3 9886 2196 9506
3 9892 9506 2197
3 2198 9893 9509
3 9893 2314 9894
3 9509 9894 2197
3 2197 9894 9892
3 9894 2314 9895
3 9892 9895 2313
3 2198 9511 9897
3 9511 2199 9896
3 9897 9896 2315
3 2198 9897 9893
3 9897 2315 9898
3 9893 9898 2314
3 2199 9889 9896
3 9889 2316 9899
3 9896 9899 2315
3 2317 9900 9901
3 9900 2201 9518
3 9901 9518 2200
3 2317 9901 9902
3 9901 2200 9589
3 9902 9589 2225
3 2318 9903 9904
3 9903 2202 9521
3 9904 9521 2201
3 2318 9904 9905
3 9904 2201 9900
3 9905 9900 2317
3 2319 9906 9907
3 9906 2203 9522
3 9907 9522 2202
3 2319 9907 9908
3 9907 2202 9903
3 9908 9903 2318
3 2320 9909 9910
3 9909 2213 9199
3 9910 9199 2203
3 2320 9910 9911
3 9910 2203 9906
3 9911 9906 2319
3 2333 9912 9913
3 9912 2205 9530
3 9913 9530 2204
3 2218 9914 9527
3 9914 2332 9915
3 9527 9915 2204
3 2204 9915 9913
3 9915 2332 9916
3 9913 9916 2333
3 2352 9917 9918
3 9917 2219 9533
3 9918 9533 2205
3 2205 9912 9918
3 9912 2333 9919
3 9918 9919 2352
3 2207 9541 9921
3 9541 2206 9920
3 9921 9920 2335
3 2235 9922 9538
3 9922 2334 9923
3 9538 9923 2206
3 2206 9923 9920
3 9923 2334 9924
3 9920 9924 2335
3 2208 9544 9926
3 9544 2207 9925
3 9926 9925 2336
3 2207 9921 9925
3 9921 2335 9927
3 9925 9927 2336
3 2220 9569 9928
3 9569 2208 9926
3 9928 9926 2336
3 2323 9929 9930
3 9929 2210 9552
3 9930 9552 2209
3 2209 9576 9930
3 9576 2322 9931
3 9930 9931 2323
3 2210 9932 9555
3 9932 2324 9933
3 9555 9933 2211
3 2324 9932 9934
3 9932 2210 9929
3 9934 9929 2323
3 2325 9935 9936
3 9935 2212 9558
3 9936 9558 2211
3 2211 9933 9936
3 9933 2324 9937
3 9936 9937 2325
3 2344 9938 9939
3 9938 2223 9583
3 9939 9583 2212
3 2344 9939 9940
3 9939 2212 9935
3 9940 9935 2325
3 2215 9941 9942
3 9941 2214 9559
3 9942 9559 2213
3 2215 9942 9944
3 9942 2213 9943
3 9944 9943 2321
3 2320 9945 9909
3 9945 2321 9943
3 9909 9943 2213
3 2215 9946 9941
3 9946 2326 9947
3 9941 9947 2214
3 2326 9595 9947
3 9595 2216 9241
3 9947 9241 2214
3 2215 9944 9949
3 9944 2321 9948
3 9949 9948 2444
3 2215 9950 9946
3 9950 2327 9951
3 9946 9951 2326
3 2215 9952 9950
3 9952 2445 9953
3 9950 9953 2327
3 2215 9949 9952
3 9949 2444 9954
3 9952 9954 2445
3 2330 9955 9956
3 9955 2218 9560
3 9956 9560 2217
3 2217 9610 9956
3 9610 2329 9957
3 9956 9957 2330
3 2218 9955 9959
3 9955 2330 9958
3 9959 9958 2331
3 2218 9959 9914
3 9959 2331 9960
3 9914 9960 2332
3 2219 9917 9563
3 9917 2352 9961
3 9563 9961 2233
3 2221 9627 9963
3 9627 2220 9962
3 9963 9962 2337
3 2220 9928 9962
3 9928 2336 9964
3 9962 9964 2337
3 2221 9963 9631
3 9963 2337 9965
3 9631 9965 2338
3 2340 9966 9650
3 9966 2342 9579
3 9650 9579 2222
3 2359 9967 9968
3 9967 2245 9585
3 9968 9585 2223
3 2359 9968 9969
3 9968 2223 9938
3 9969 9938 2344
3 2360 9970 9971
3 9970 2225 9590
3 9971 9590 2224
3 2360 9971 9972
3 9971 2224 9664
3 9972 9664 2248
3 2345 9973 9974
3 9973 2317 9902
3 9974 9902 2225
3 2360 9975 9970
3 9975 2345 9974
3 9970 9974 2225
3 2227 9976 9596
3 9976 2346 9977
3 9596 9977 2226
3 2228 9602 9978
3 9602 2226 9977
3 9978 9977 2346
3 2451 9979 9980
3 9979 2227 9599
3 9980 9599 2328
3 2227 9981 9976
3 9981 2347 9982
3 9976 9982 2346
3 2453 9983 9984
3 9983 2347 9981
3 9984 9981 2227
3 2453 9984 9985
3 9984 2227 9979
3 9985 9979 2451
3 2229 9280 9986
3 9280 2228 9978
3 9986 9978 2346
3 2230 9605 9988
3 9605 2229 9987
3 9988 9987 2348
3 2229 9986 9987
3 9986 2346 9989
3 9987 9989 2348
3 2231 9608 9991
3 9608 2230 9990
3 9991 9990 2350
3 2230 9988 9990
3 9988 2348 9992
3 9990 9992 2350
3 2232 9613 9993
3 9613 2231 9991
3 9993 9991 2350
3 2232 9994 9614
3 9994 2454 9995
3 9614 9995 2329
3 2232 9993 9997
3 9993 2350 9996
3 9997 9996 2351
3 2232 9997 9994
3 9997 2351 9998
3 9994 9998 2454
3 2233 9999 9617
3 9999 2361 10000
3 9617 10000 2246
3 2233 9961 9999
3 9961 2352 10001
3 9999 10001 2361
3 2234 10002 9566
3 10002 2362 10003
3 9566 10003 2235
3 2362 10002 10004
3 10002 2234 9671
3 10004 9671 2250
3 2235 10003 9922
3 10003 2362 10005
3 9922 10005 2334
3 2236 9634 10007
3 9634 2237 10006
3 10007 10006 2353
3 2238 9641 10008
3 9641 2236 10007
3 10008 10007 2353
3 2237 9636 10010
3 9636 2339 10009
3 10010 10009 2464
3 2353 10006 10012
3 10006 2237 10011
3 10012 10011 2354
3 2237 10013 10011
3 10013 2465 10014
3 10011 10014 2354
3 2237 10010 10013
3 10010 2464 10015
3 10013 10015 2465
3 2239 9642 10016
3 9642 2238 10008
3 10016 10008 2353
3 2240 9285 10018
3 9285 2239 10017
3 10018 10017 2355
3 2239 10016 10017
3 10016 2353 10019
3 10017 10019 2355
3 2240 10020 9645
3 10020 2357 10021
3 9645 10021 2241
3 2240 10018 10020
3 10018 2355 10022
3 10020 10022 2357
3 2241 10023 10025
3 10023 2242 10024
3 10025 10024 2244
3 2241 10021 10023
3 10021 2357 10026
3 10023 10026 2242
3 2241 10025 9648
3 10025 2244 9652
3 9648 9652 2243
3 2244 10024 10028
3 10024 2242 10027
3 10028 10027 2466
3 2357 10029 10026
3 10029 2358 10030
3 10026 10030 2242
3 2466 10027 10031
3 10027 2242 10030
3 10031 10030 2358
3 2340 9654 10033
3 9654 2244 10032
3 10033 10032 2467
3 2244 10028 10032
3 10028 2466 10034
3 10032 10034 2467
3 2363 10035 10036
3 10035 2247 9657
3 10036 9657 2245
3 2245 9967 10036
3 9967 2359 10037
3 10036 10037 2363
3 2246 10038 9622
3 10038 2366 10039
3 9622 10039 2249
3 2246 10000 10038
3 10000 2361 10040
3 10038 10040 2366
3 2363 10041 10035
3 10041 2252 9661
3 10035 9661 2247
3 2365 10042 10043
3 10042 2248 9667
3 10043 9667 2253
3 2364 10044 10045
3 10044 2360 9972
3 10045 9972 2248
3 2365 10046 10042
3 10046 2364 10045
3 10042 10045 2248
3 2249 10047 9693
3 10047 2374 10048
3 9693 10048 2258
3 2374 10047 10049
3 10047 2249 10039
3 10049 10039 2366
3 2367 10050 10051
3 10050 2250 9696
3 10051 9696 2259
3 2250 10050 10004
3 10050 2367 10052
3 10004 10052 2362
3 2368 10053 10054
3 10053 2251 9675
3 10054 9675 2252
3 2368 10055 10053
3 10055 2264 9710
3 10053 9710 2251
3 2363 10056 10041
3 10056 2368 10054
3 10041 10054 2252
3 2369 10057 10058
3 10057 2253 9678
3 10058 9678 2254
3 2369 10059 10057
3 10059 2365 10043
3 10057 10043 2253
3 2370 10060 10061
3 10060 2254 9681
3 10061 9681 2255
3 2370 10062 10060
3 10062 2369 10058
3 10060 10058 2254
3 2371 10063 10064
3 10063 2255 9684
3 10064 9684 2265
3 2370 10061 10065
3 10061 2255 10063
3 10065 10063 2371
3 2256 9689 10067
3 9689 2257 10066
3 10067 10066 2374
3 2256 10068 9747
3 10068 2372 10069
3 9747 10069 2277
3 2256 10070 10068
3 10070 2373 10071
3 10068 10071 2372
3 2256 10067 10070
3 10067 2374 10072
3 10070 10072 2373
3 2257 9692 10066
3 9692 2258 10048
3 10066 10048 2374
3 2259 9699 10074
3 9699 2260 10073
3 10074 10073 2376
3 2259 10075 10051
3 10075 2375 10076
3 10051 10076 2367
3 2259 10074 10075
3 10074 2376 10077
3 10075 10077 2375
3 2260 9702 10079
3 9702 2261 10078
3 10079 10078 2377
3 2260 10079 10073
3 10079 2377 10080
3 10073 10080 2376
3 2261 9750 10082
3 9750 2278 10081
3 10082 10081 2392
3 2261 10082 10078
3 10082 2392 10083
3 10078 10083 2377
3 2379 10084 10085
3 10084 2262 9708
3 10085 9708 2263
3 2378 10086 10087
3 10086 2289 9785
3 10087 9785 2262
3 2378 10087 10088
3 10087 2262 10084
3 10088 10084 2379
3 2380 10089 10090
3 10089 2263 9709
3 10090 9709 2264
3 2379 10085 10091
3 10085 2263 10089
3 10091 10089 2380
3 2368 10092 10055
3 10092 2380 10090
3 10055 10090 2264
3 2381 10093 10094
3 10093 2265 9713
3 10094 9713 2266
3 2381 10095 10093
3 10095 2371 10064
3 10093 10064 2265
3 2382 10096 10097
3 10096 2266 9716
3 10097 9716 2267
3 2382 10098 10096
3 10098 2381 10094
3 10096 10094 2266
3 2383 10099 10100
3 10099 2267 9719
3 10100 9719 2268
3 2383 10101 10099
3 10101 2382 10097
3 10099 10097 2267
3 2269 10102 9722
3 10102 2384 10103
3 9722 10103 2268
3 2268 10103 10100
3 10103 2384 10104
3 10100 10104 2383
3 2270 10105 9725
3 10105 2385 10106
3 9725 10106 2269
3 2384 10102 10107
3 10102 2269 10106
3 10107 10106 2385
3 2270 9728 10109
3 9728 2271 10108
3 10109 10108 2386
3 2270 10109 10105
3 10109 2386 10110
3 10105 10110 2385
3 2271 9731 10112
3 9731 2272 10111
3 10112 10111 2387
3 2271 10112 10108
3 10112 2387 10113
3 10108 10113 2386
3 2272 9734 10115
3 9734 2273 10114
3 10115 10114 2388
3 2272 10115 10111
3 10115 2388 10116
3 10111 10116 2387
3 2273 9737 10118
3 9737 2274 10117
3 10118 10117 2389
3 2273 10118 10114
3 10118 2389 10119
3 10114 10119 2388
3 2274 9740 10121
3 9740 2275 10120
3 10121 10120 2390
3 2274 10121 10117
3 10121 2390 10122
3 10117 10122 2389
3 2275 9743 10124
3 9743 2276 10123
3 10124 10123 2391
3 2275 10124 10120
3 10124 2391 10125
3 10120 10125 2390
3 2276 9746 10123
3 9746 2277 10126
3 10123 10126 2391
3 2277 10069 10126
3 10069 2372 10127
3 10126 10127 2391
3 2278 9753 10129
3 9753 2279 10128
3 10129 10128 2393
3 2278 10129 10081
3 10129 2393 10130
3 10081 10130 2392
3 2394 10131 10132
3 10131 2279 9756
3 10132 9756 2280
3 2279 10131 10128
3 10131 2394 10133
3 10128 10133 2393
3 2395 10134 10135
3 10134 2280 9759
3 10135 9759 2281
3 2394 10132 10136
3 10132 2280 10134
3 10136 10134 2395
3 2281 9762 10138
3 9762 2282 10137
3 10138 10137 2396
3 2281 10138 10135
3 10138 2396 10139
3 10135 10139 2395
3 2282 9765 10141
3 9765 2283 10140
3 10141 10140 2397
3 2282 10141 10137
3 10141 2397 10142
3 10137 10142 2396
3 2283 9768 10144
3 9768 2284 10143
3 10144 10143 2398
3 2283 10144 10140
3 10144 2398 10145
3 10140 10145 2397
3 2284 9771 10147
3 9771 2285 10146
3 10147 10146 2399
3 2284 10147 10143
3 10147 2399 10148
3 10143 10148 2398
3 2400 10149 10150
3 10149 2285 9774
3 10150 9774 2286
3 2400 10151 10149
3 10151 2399 10146
3 10149 10146 2285
3 2287 10152 9777
3 10152 2401 10153
3 9777 10153 2286
3 2401 10154 10153
3 10154 2400 10150
3 10153 10150 2286
3 2288 10155 9780
3 10155 2402 10156
3 9780 10156 2287
3 2287 10156 10152
3 10156 2402 10157
3 10152 10157 2401
3 2289 10158 9783
3 10158 2403 10159
3 9783 10159 2288
3 2288 10159 10155
3 10159 2403 10160
3 10155 10160 2402
3 2378 10161 10086
3 10161 2403 10158
3 10086 10158 2289
3 2290 9804 10163
3 9804 2292 10162
3 10163 10162 2412
3 2896 9790 10164
3 9790 2290 10163
3 10164 10163 2412
3 2291 10165 9431
3 10165 2418 10166
3 9431 10166 2293
3 2291 9800 10168
3 9800 2411 10167
3 10168 10167 2413
3 2291 10168 10165
3 10168 2413 10169
3 10165 10169 2418
3 2292 9821 10171
3 9821 2296 10170
3 10171 10170 2417
3 2292 10171 10162
3 10171 2417 10172
3 10162 10172 2412
3 2297 9825 10174
3 9825 2293 10173
3 10174 10173 2421
3 2418 10175 10166
3 10175 2421 10173
3 10166 10173 2293
3 2294 9844 9808
3 9844 2301 10176
3 9808 10176 2419
3 2520 10177 10178
3 10177 2295 9816
3 10178 9816 2416
3 2527 10179 10180
3 10179 2422 9830
3 10180 9830 2295
3 2520 10181 10177
3 10181 2524 10182
3 10177 10182 2295
3 2524 10183 10182
3 10183 2527 10180
3 10182 10180 2295
3 2296 9835 10185
3 9835 2298 10184
3 10185 10184 2420
3 2417 10170 10186
3 10170 2296 10185
3 10186 10185 2420
3 2297 10187 9826
3 10187 2424 10188
3 9826 10188 2299
3 2297 10174 10187
3 10174 2421 10189
3 10187 10189 2424
3 2298 9836 10191
3 9836 2302 10190
3 10191 10190 2428
3 2298 10192 10184
3 10192 2423 10193
3 10184 10193 2420
3 2298 10191 10192
3 10191 2428 10194
3 10192 10194 2423
3 2299 10195 9839
3 10195 2429 10196
3 9839 10196 2303
3 2299 10188 10195
3 10188 2424 10197
3 10195 10197 2429
3 2300 10198 9845
3 10198 2425 10199
3 9845 10199 2301
3 2300 9870 10198
3 9870 2309 10200
3 10198 10200 2425
3 2426 10201 10202
3 10201 2419 10176
3 10202 10176 2301
3 2426 10202 10203
3 10202 2301 10199
3 10203 10199 2425
3 2304 10204 9864
3 10204 2428 10190
3 9864 10190 2302
3 2433 10205 10206
3 10205 2308 9855
3 10206 9855 2303
3 2429 10207 10196
3 10207 2433 10206
3 10196 10206 2303
3 2304 9866 10209
3 9866 2305 10208
3 10209 10208 2431
3 2304 10209 10204
3 10209 2431 10210
3 10204 10210 2428
3 2432 10211 10212
3 10211 2305 9877
3 10212 9877 2306
3 2431 10208 10213
3 10208 2305 10211
3 10213 10211 2432
3 2307 10214 9880
3 10214 2433 10215
3 9880 10215 2306
3 2432 10212 10216
3 10212 2306 10215
3 10216 10215 2433
3 2433 10214 10205
3 10214 2307 9881
3 10205 9881 2308
3 2311 10217 9884
3 10217 2434 10218
3 9884 10218 2309
3 2309 10218 10200
3 10218 2434 10219
3 10200 10219 2425
3 2310 9860 9873
3 9860 2435 10220
3 9873 10220 2312
3 2311 9888 10222
3 9888 2313 10221
3 10222 10221 2436
3 2434 10217 10223
3 10217 2311 10222
3 10223 10222 2436
3 2312 10224 9891
3 10224 2437 10225
3 9891 10225 2316
3 2312 10220 10224
3 10220 2435 10226
3 10224 10226 2437
3 2313 9895 10228
3 9895 2314 10227
3 10228 10227 2438
3 2436 10221 10229
3 10221 2313 10228
3 10229 10228 2438
3 2314 9898 10231
3 9898 2315 10230
3 10231 10230 2439
3 2314 10231 10227
3 10231 2439 10232
3 10227 10232 2438
3 2315 9899 10234
3 9899 2316 10233
3 10234 10233 2440
3 2315 10234 10230
3 10234 2440 10235
3 10230 10235 2439
3 2440 10233 10236
3 10233 2316 10225
3 10236 10225 2437
3 2441 10237 10238
3 10237 2318 9905
3 10238 9905 2317
3 2450 10239 10240
3 10239 2317 9973
3 10240 9973 2345
3 2450 10241 10239
3 10241 2441 10238
3 10239 10238 2317
3 2441 10242 10237
3 10242 2319 9908
3 10237 9908 2318
3 2442 10243 10244
3 10243 2320 9911
3 10244 9911 2319
3 2442 10244 10245
3 10244 2319 10242
3 10245 10242 2441
3 2443 10246 10247
3 10246 2321 9945
3 10247 9945 2320
3 2443 10247 10248
3 10247 2320 10243
3 10248 10243 2442
3 2444 9948 10249
3 9948 2321 10246
3 10249 10246 2443
3 2446 10250 10251
3 10250 2323 9931
3 10251 9931 2322
3 2343 10252 10253
3 10252 2322 9580
3 10253 9580 2342
3 2446 10251 10254
3 10251 2322 10252
3 10254 10252 2343
3 2447 10255 10256
3 10255 2324 9934
3 10256 9934 2323
3 2323 10250 10256
3 10250 2446 10257
3 10256 10257 2447
3 2448 10258 10259
3 10258 2325 9937
3 10259 9937 2324
3 2448 10259 10260
3 10259 2324 10255
3 10260 10255 2447
3 2449 10261 10262
3 10261 2344 9940
3 10262 9940 2325
3 2449 10262 10263
3 10262 2325 10258
3 10263 10258 2448
3 2451 10264 10265
3 10264 2326 9951
3 10265 9951 2327
3 2451 9980 10264
3 9980 2328 9600
3 10264 9600 2326
3 2445 10266 9953
3 10266 2548 10267
3 9953 10267 2327
3 2452 10268 10269
3 10268 2451 10265
3 10269 10265 2327
3 2452 10269 10271
3 10269 2327 10270
3 10271 10270 2549
3 2548 10272 10267
3 10272 2549 10270
3 10267 10270 2327
3 2329 10273 9957
3 10273 2455 10274
3 9957 10274 2330
3 2329 9995 10273
3 9995 2454 10275
3 10273 10275 2455
3 2330 10276 9958
3 10276 2456 10277
3 9958 10277 2331
3 2330 10274 10276
3 10274 2455 10278
3 10276 10278 2456
3 2331 10279 9960
3 10279 2457 10280
3 9960 10280 2332
3 2331 10277 10279
3 10277 2456 10281
3 10279 10281 2457
3 2332 10282 9916
3 10282 2458 10283
3 9916 10283 2333
3 2332 10280 10282
3 10280 2457 10284
3 10282 10284 2458
3 2333 10285 9919
3 10285 2459 10286
3 9919 10286 2352
3 2333 10283 10285
3 10283 2458 10287
3 10285 10287 2459
3 2334 10288 9924
3 10288 2460 10289
3 9924 10289 2335
3 2334 10005 10288
3 10005 2362 10290
3 10288 10290 2460
3 2335 10291 9927
3 10291 2461 10292
3 9927 10292 2336
3 2335 10289 10291
3 10289 2460 10293
3 10291 10293 2461
3 2336 10292 9964
3 10292 2461 10294
3 9964 10294 2337
3 2337 10295 9965
3 10295 2462 10296
3 9965 10296 2338
3 2337 10294 10295
3 10294 2461 10297
3 10295 10297 2462
3 2463 10298 10299
3 10298 2339 9637
3 10299 9637 2338
3 2463 10299 10300
3 10299 2338 10296
3 10300 10296 2462
3 2463 10301 10298
3 10301 2464 10009
3 10298 10009 2339
3 2343 10302 10304
3 10302 2340 10303
3 10304 10303 2341
3 2340 10033 10303
3 10033 2467 10305
3 10303 10305 2341
3 2343 10253 10302
3 10253 2342 9966
3 10302 9966 2340
3 2550 10306 10307
3 10306 2343 10304
3 10307 10304 2341
3 2468 10308 10309
3 10308 2341 10305
3 10309 10305 2467
3 2468 10310 10308
3 10310 2550 10307
3 10308 10307 2341
3 2551 10311 10312
3 10311 2446 10254
3 10312 10254 2343
3 2551 10312 10313
3 10312 2343 10306
3 10313 10306 2550
3 2471 10314 10315
3 10314 2359 9969
3 10315 9969 2344
3 2449 10316 10261
3 10316 2469 10317
3 10261 10317 2344
3 2469 10318 10317
3 10318 2471 10315
3 10317 10315 2344
3 2450 10240 10319
3 10240 2345 9975
3 10319 9975 2360
3 2347 10320 9982
3 10320 2349 10321
3 9982 10321 2346
3 2346 10321 9989
3 10321 2349 10322
3 9989 10322 2348
3 2347 10323 10320
3 10323 2556 10324
3 10320 10324 2349
3 2453 10325 9983
3 10325 2555 10326
3 9983 10326 2347
3 2555 10327 10326
3 10327 2556 10323
3 10326 10323 2347
3 2348 10322 10329
3 10322 2349 10328
3 10329 10328 2351
3 2348 10329 9992
3 10329 2351 9996
3 9992 9996 2350
3 2349 10330 10328
3 10330 2557 10331
3 10328 10331 2351
3 2349 10324 10330
3 10324 2556 10332
3 10330 10332 2557
3 2351 10333 9998
3 10333 2558 10334
3 9998 10334 2454
3 2351 10331 10333
3 10331 2557 10335
3 10333 10335 2558
3 2361 10001 10337
3 10001 2352 10336
3 10337 10336 2473
3 2352 10286 10339
3 10286 2459 10338
3 10339 10338 2470
3 2352 10339 10336
3 10339 2470 10340
3 10336 10340 2473
3 2353 10012 10342
3 10012 2354 10341
3 10342 10341 2356
3 2353 10342 10019
3 10342 2356 10343
3 10019 10343 2355
3 2570 10344 10345
3 10344 2356 10341
3 10345 10341 2354
3 2569 10346 10347
3 10346 2354 10014
3 10347 10014 2465
3 2570 10345 10348
3 10345 2354 10346
3 10348 10346 2569
3 2355 10343 10350
3 10343 2356 10349
3 10350 10349 2358
3 2355 10350 10022
3 10350 2358 10029
3 10022 10029 2357
3 2571 10351 10352
3 10351 2358 10349
3 10352 10349 2356
3 2570 10353 10344
3 10353 2571 10352
3 10344 10352 2356
3 2466 10031 10355
3 10031 2358 10354
3 10355 10354 2572
3 2571 10356 10351
3 10356 2572 10354
3 10351 10354 2358
3 2475 10357 10358
3 10357 2363 10037
3 10358 10037 2359
3 2471 10359 10314
3 10359 2475 10358
3 10314 10358 2359
3 2472 10360 10361
3 10360 2360 10044
3 10361 10044 2364
3 2360 10360 10319
3 10360 2472 10362
3 10319 10362 2450
3 2361 10363 10040
3 10363 2478 10364
3 10040 10364 2366
3 2361 10337 10363
3 10337 2473 10365
3 10363 10365 2478
3 2474 10366 10367
3 10366 2362 10052
3 10367 10052 2367
3 2362 10366 10290
3 10366 2474 10368
3 10290 10368 2460
3 2475 10369 10357
3 10369 2368 10056
3 10357 10056 2363
3 2477 10370 10371
3 10370 2364 10046
3 10371 10046 2365
3 2476 10372 10373
3 10372 2472 10361
3 10373 10361 2364
3 2477 10374 10370
3 10374 2476 10373
3 10370 10373 2364
3 2482 10375 10376
3 10375 2365 10059
3 10376 10059 2369
3 2482 10377 10375
3 10377 2477 10371
3 10375 10371 2365
3 2366 10378 10049
3 10378 2487 10379
3 10049 10379 2374
3 2366 10364 10378
3 10364 2478 10380
3 10378 10380 2487
3 2479 10381 10382
3 10381 2367 10076
3 10382 10076 2375
3 2367 10381 10367
3 10381 2479 10383
3 10367 10383 2474
3 2480 10384 10385
3 10384 2380 10092
3 10385 10092 2368
3 2475 10386 10369
3 10386 2481 10387
3 10369 10387 2368
3 2480 10385 10388
3 10385 2368 10387
3 10388 10387 2481
3 2483 10389 10390
3 10389 2369 10062
3 10390 10062 2370
3 2483 10391 10389
3 10391 2482 10376
3 10389 10376 2369
3 2484 10392 10393
3 10392 2370 10065
3 10393 10065 2371
3 2484 10394 10392
3 10394 2483 10390
3 10392 10390 2370
3 2494 10395 10396
3 10395 2371 10095
3 10396 10095 2381
3 2494 10397 10395
3 10397 2484 10393
3 10395 10393 2371
3 2372 10071 10399
3 10071 2373 10398
3 10399 10398 2486
3 2372 10400 10127
3 10400 2485 10401
3 10127 10401 2391
3 2372 10399 10400
3 10399 2486 10402
3 10400 10402 2485
3 2373 10072 10403
3 10072 2374 10379
3 10403 10379 2487
3 2373 10403 10398
3 10403 2487 10404
3 10398 10404 2486
3 2376 10405 10077
3 10405 2488 10406
3 10077 10406 2375
3 2479 10382 10407
3 10382 2375 10406
3 10407 10406 2488
3 2377 10408 10080
3 10408 2489 10409
3 10080 10409 2376
3 2376 10409 10405
3 10409 2489 10410
3 10405 10410 2488
3 2392 10411 10083
3 10411 2490 10412
3 10083 10412 2377
3 2377 10412 10408
3 10412 2490 10413
3 10408 10413 2489
3 2378 10088 10415
3 10088 2379 10414
3 10415 10414 2493
3 2378 10416 10161
3 10416 2491 10417
3 10161 10417 2403
3 2378 10418 10416
3 10418 2492 10419
3 10416 10419 2491
3 2378 10415 10418
3 10415 2493 10420
3 10418 10420 2492
3 2493 10414 10421
3 10414 2379 10091
3 10421 10091 2380
3 2480 10422 10384
3 10422 2493 10421
3 10384 10421 2380
3 2495 10423 10424
3 10423 2381 10098
3 10424 10098 2382
3 2495 10425 10423
3 10425 2494 10396
3 10423 10396 2381
3 2496 10426 10427
3 10426 2382 10101
3 10427 10101 2383
3 2496 10428 10426
3 10428 2495 10424
3 10426 10424 2382
3 2497 10429 10430
3 10429 2383 10104
3 10430 10104 2384
3 2497 10431 10429
3 10431 2496 10427
3 10429 10427 2383
3 2384 10107 10433
3 10107 2385 10432
3 10433 10432 2498
3 2497 10430 10434
3 10430 2384 10433
3 10434 10433 2498
3 2499 10435 10436
3 10435 2385 10110
3 10436 10110 2386
3 2498 10432 10437
3 10432 2385 10435
3 10437 10435 2499
3 2500 10438 10439
3 10438 2386 10113
3 10439 10113 2387
3 2499 10436 10440
3 10436 2386 10438
3 10440 10438 2500
3 2388 10441 10116
3 10441 2501 10442
3 10116 10442 2387
3 2500 10439 10443
3 10439 2387 10442
3 10443 10442 2501
3 2388 10119 10445
3 10119 2389 10444
3 10445 10444 2502
3 2388 10445 10441
3 10445 2502 10446
3 10441 10446 2501
3 2389 10122 10448
3 10122 2390 10447
3 10448 10447 2503
3 2389 10448 10444
3 10448 2503 10449
3 10444 10449 2502
3 2390 10125 10451
3 10125 2391 10450
3 10451 10450 2504
3 2390 10451 10447
3 10451 2504 10452
3 10447 10452 2503
3 2485 10453 10401
3 10453 2504 10450
3 10401 10450 2391
3 2393 10454 10130
3 10454 2505 10455
3 10130 10455 2392
3 2392 10455 10411
3 10455 2505 10456
3 10411 10456 2490
3 2394 10457 10133
3 10457 2506 10458
3 10133 10458 2393
3 2393 10458 10454
3 10458 2506 10459
3 10454 10459 2505
3 2395 10460 10136
3 10460 2507 10461
3 10136 10461 2394
3 2394 10461 10457
3 10461 2507 10462
3 10457 10462 2506
3 2396 10463 10139
3 10463 2508 10464
3 10139 10464 2395
3 2395 10464 10460
3 10464 2508 10465
3 10460 10465 2507
3 2397 10466 10142
3 10466 2509 10467
3 10142 10467 2396
3 2396 10467 10463
3 10467 2509 10468
3 10463 10468 2508
3 2398 10469 10145
3 10469 2510 10470
3 10145 10470 2397
3 2397 10470 10466
3 10470 2510 10471
3 10466 10471 2509
3 2511 10472 10473
3 10472 2398 10148
3 10473 10148 2399
3 2511 10474 10472
3 10474 2510 10469
3 10472 10469 2398
3 2400 10475 10151
3 10475 2512 10476
3 10151 10476 2399
3 2512 10477 10476
3 10477 2511 10473
3 10476 10473 2399
3 2401 10478 10154
3 10478 2513 10479
3 10154 10479 2400
3 2400 10479 10475
3 10479 2513 10480
3 10475 10480 2512
3 2514 10481 10482
3 10481 2401 10157
3 10482 10157 2402
3 2514 10483 10481
3 10483 2513 10478
3 10481 10478 2401
3 2514 10482 10484
3 10482 2402 10160
3 10484 10160 2403
3 2491 10485 10417
3 10485 2514 10484
3 10417 10484 2403
3 2404 10486 10488
3 10486 2405 10487
3 10488 10487 2407
3 2405 10486 10490
3 10486 2404 10489
3 10490 10489 2410
3 2404 10488 9795
3 10488 2407 10491
3 9795 10491 2406
3 2404 10492 10489
3 10492 2412 10493
3 10489 10493 2410
3 2896 10164 9792
3 10164 2412 10492
3 9792 10492 2404
3 2619 10494 10495
3 10494 2407 10487
3 10495 10487 2405
3 2621 10496 10497
3 10496 2405 10490
3 10497 10490 2410
3 2619 10495 10498
3 10495 2405 10496
3 10498 10496 2621
3 2406 10491 10500
3 10491 2407 10499
3 10500 10499 2409
3 2406 10500 9798
3 10500 2409 10501
3 9798 10501 2408
3 2620 10502 10503
3 10502 2409 10499
3 10503 10499 2407
3 2619 10504 10494
3 10504 2620 10503
3 10494 10503 2407
3 2408 10501 10506
3 10501 2409 10505
3 10506 10505 2515
3 2408 10506 9801
3 10506 2515 10507
3 9801 10507 2411
3 2622 10508 10509
3 10508 2515 10505
3 10509 10505 2409
3 2620 10510 10502
3 10510 2622 10509
3 10502 10509 2409
3 2410 10493 10512
3 10493 2412 10511
3 10512 10511 2516
3 2621 10497 10513
3 10497 2410 10512
3 10513 10512 2516
3 2411 10507 10167
3 10507 2515 10514
3 10167 10514 2413
3 2516 10511 10515
3 10511 2412 10172
3 10515 10172 2417
3 2413 10516 10169
3 10516 2522 10517
3 10169 10517 2418
3 2413 10514 10519
3 10514 2515 10518
3 10519 10518 2517
3 2413 10519 10516
3 10519 2517 10520
3 10516 10520 2522
3 2518 10521 10522
3 10521 2415 9813
3 10522 9813 2414
3 2523 10523 10524
3 10523 2414 9810
3 10524 9810 2419
3 2523 10525 10523
3 10525 2518 10522
3 10523 10522 2414
3 2519 10526 10527
3 10526 2416 9818
3 10527 9818 2415
3 2519 10527 10528
3 10527 2415 10521
3 10528 10521 2518
3 2520 10178 10529
3 10178 2416 10526
3 10529 10526 2519
3 2417 10186 10531
3 10186 2420 10530
3 10531 10530 2525
3 2417 10532 10515
3 10532 2521 10533
3 10515 10533 2516
3 2417 10531 10532
3 10531 2525 10534
3 10532 10534 2521
3 2418 10535 10175
3 10535 2526 10536
3 10175 10536 2421
3 2418 10517 10535
3 10517 2522 10537
3 10535 10537 2526
3 2523 10524 10538
3 10524 2419 10201
3 10538 10201 2426
3 2420 10193 10530
3 10193 2423 10539
3 10530 10539 2525
3 2421 10540 10189
3 10540 2529 10541
3 10189 10541 2424
3 2421 10536 10540
3 10536 2526 10542
3 10540 10542 2529
3 2427 9831 10544
3 9831 2422 10543
3 10544 10543 2531
3 2527 10545 10179
3 10545 2531 10543
3 10179 10543 2422
3 2423 10194 10547
3 10194 2428 10546
3 10547 10546 2532
3 2423 10548 10539
3 10548 2528 10549
3 10539 10549 2525
3 2423 10547 10548
3 10547 2532 10550
3 10548 10550 2528
3 2424 10551 10197
3 10551 2535 10552
3 10197 10552 2429
3 2424 10541 10551
3 10541 2529 10553
3 10551 10553 2535
3 2426 10203 10555
3 10203 2425 10554
3 10555 10554 2536
3 2434 10556 10219
3 10556 2536 10554
3 10219 10554 2425
3 2523 10538 10558
3 10538 2426 10557
3 10558 10557 2530
3 2530 10557 10559
3 10557 2426 10555
3 10559 10555 2536
3 2430 9851 10561
3 9851 2427 10560
3 10561 10560 2537
3 2427 10544 10560
3 10544 2531 10562
3 10560 10562 2537
3 2428 10210 10564
3 10210 2431 10563
3 10564 10563 2533
3 2532 10546 10565
3 10546 2428 10564
3 10565 10564 2533
3 2429 10552 10207
3 10552 2535 10566
3 10207 10566 2433
3 2435 9861 10568
3 9861 2430 10567
3 10568 10567 2539
3 2430 10561 10567
3 10561 2537 10569
3 10567 10569 2539
3 2431 10213 10563
3 10213 2432 10570
3 10563 10570 2533
3 2432 10216 10572
3 10216 2433 10571
3 10572 10571 2534
3 2432 10572 10570
3 10572 2534 10573
3 10570 10573 2533
3 2433 10566 10571
3 10566 2535 10574
3 10571 10574 2534
3 2436 10575 10223
3 10575 2538 10576
3 10223 10576 2434
3 2536 10556 10577
3 10556 2434 10576
3 10577 10576 2538
3 2437 10226 10578
3 10226 2435 10568
3 10578 10568 2539
3 2438 10579 10229
3 10579 2540 10580
3 10229 10580 2436
3 2538 10575 10581
3 10575 2436 10580
3 10581 10580 2540
3 2440 10236 10583
3 10236 2437 10582
3 10583 10582 2542
3 2437 10578 10585
3 10578 2539 10584
3 10585 10584 2543
3 2437 10585 10582
3 10585 2543 10586
3 10582 10586 2542
3 2540 10579 10587
3 10579 2438 10232
3 10587 10232 2439
3 2440 10588 10235
3 10588 2541 10589
3 10235 10589 2439
3 2439 10589 10587
3 10589 2541 10590
3 10587 10590 2540
3 2440 10583 10588
3 10583 2542 10591
3 10588 10591 2541
3 2442 10245 10593
3 10245 2441 10592
3 10593 10592 2544
3 2450 10594 10241
3 10594 2575 10595
3 10241 10595 2441
3 2441 10595 10592
3 10595 2575 10596
3 10592 10596 2544
3 2443 10248 10598
3 10248 2442 10597
3 10598 10597 2545
3 2442 10593 10597
3 10593 2544 10599
3 10597 10599 2545
3 2444 10249 10601
3 10249 2443 10600
3 10601 10600 2546
3 2443 10598 10600
3 10598 2545 10602
3 10600 10602 2546
3 2445 9954 10604
3 9954 2444 10603
3 10604 10603 2547
3 2444 10601 10603
3 10601 2546 10605
3 10603 10605 2547
3 2445 10604 10266
3 10604 2547 10606
3 10266 10606 2548
3 2552 10607 10608
3 10607 2447 10257
3 10608 10257 2446
3 2552 10608 10609
3 10608 2446 10311
3 10609 10311 2551
3 2553 10610 10611
3 10610 2448 10260
3 10611 10260 2447
3 2553 10611 10612
3 10611 2447 10607
3 10612 10607 2552
3 2554 10613 10614
3 10613 2449 10263
3 10614 10263 2448
3 2554 10614 10615
3 10614 2448 10610
3 10615 10610 2553
3 2449 10616 10316
3 10616 2574 10617
3 10316 10617 2469
3 2554 10618 10613
3 10618 2574 10616
3 10613 10616 2449
3 2472 10619 10362
3 10619 2575 10594
3 10362 10594 2450
3 2452 10620 10268
3 10620 2555 10621
3 10268 10621 2451
3 2453 9985 10325
3 9985 2451 10621
3 10325 10621 2555
3 2654 10622 10623
3 10622 2452 10271
3 10623 10271 2549
3 2662 10624 10625
3 10624 2555 10620
3 10625 10620 2452
3 2654 10626 10622
3 10626 2662 10625
3 10622 10625 2452
3 2559 10627 10628
3 10627 2455 10275
3 10628 10275 2454
3 2454 10334 10628
3 10334 2558 10629
3 10628 10629 2559
3 2456 10278 10631
3 10278 2455 10630
3 10631 10630 2560
3 2455 10627 10630
3 10627 2559 10632
3 10630 10632 2560
3 2457 10281 10634
3 10281 2456 10633
3 10634 10633 2561
3 2456 10631 10633
3 10631 2560 10635
3 10633 10635 2561
3 2458 10284 10637
3 10284 2457 10636
3 10637 10636 2562
3 2457 10634 10636
3 10634 2561 10638
3 10636 10638 2562
3 2459 10287 10640
3 10287 2458 10639
3 10640 10639 2563
3 2458 10637 10639
3 10637 2562 10641
3 10639 10641 2563
3 2470 10338 10643
3 10338 2459 10642
3 10643 10642 2576
3 2459 10640 10642
3 10640 2563 10644
3 10642 10644 2576
3 2564 10645 10646
3 10645 2461 10293
3 10646 10293 2460
3 2564 10646 10647
3 10646 2460 10368
3 10647 10368 2474
3 2565 10648 10649
3 10648 2462 10297
3 10649 10297 2461
3 2565 10649 10650
3 10649 2461 10645
3 10650 10645 2564
3 2463 10300 10652
3 10300 2462 10651
3 10652 10651 2566
3 2565 10653 10648
3 10653 2566 10651
3 10648 10651 2462
3 2463 10654 10301
3 10654 2567 10655
3 10301 10655 2464
3 2463 10652 10654
3 10652 2566 10656
3 10654 10656 2567
3 2568 10657 10658
3 10657 2465 10015
3 10658 10015 2464
3 2568 10658 10659
3 10658 2464 10655
3 10659 10655 2567
3 2569 10347 10660
3 10347 2465 10657
3 10660 10657 2568
3 2573 10661 10662
3 10661 2467 10034
3 10662 10034 2466
3 2573 10662 10663
3 10662 2466 10355
3 10663 10355 2572
3 2573 10664 10661
3 10664 2468 10309
3 10661 10309 2467
3 2655 10665 10666
3 10665 2550 10310
3 10666 10310 2468
3 2573 10667 10664
3 10667 2680 10668
3 10664 10668 2468
3 2655 10666 10669
3 10666 2468 10668
3 10669 10668 2680
3 2469 10670 10318
3 10670 2577 10671
3 10318 10671 2471
3 2469 10617 10670
3 10617 2574 10672
3 10670 10672 2577
3 2473 10340 10674
3 10340 2470 10673
3 10674 10673 2579
3 2470 10643 10673
3 10643 2576 10675
3 10673 10675 2579
3 2471 10676 10359
3 10676 2581 10677
3 10359 10677 2475
3 2471 10671 10676
3 10671 2577 10678
3 10676 10678 2581
3 2476 10679 10372
3 10679 2578 10680
3 10372 10680 2472
3 2472 10680 10619
3 10680 2578 10681
3 10619 10681 2575
3 2478 10365 10683
3 10365 2473 10682
3 10683 10682 2584
3 2473 10674 10682
3 10674 2579 10684
3 10682 10684 2584
3 2580 10685 10686
3 10685 2474 10383
3 10686 10383 2479
3 2564 10647 10687
3 10647 2474 10685
3 10687 10685 2580
3 2587 10688 10689
3 10688 2481 10386
3 10689 10386 2475
3 2581 10690 10677
3 10690 2587 10689
3 10677 10689 2475
3 2477 10691 10374
3 10691 2582 10692
3 10374 10692 2476
3 2476 10692 10679
3 10692 2582 10693
3 10679 10693 2578
3 2482 10694 10377
3 10694 2583 10695
3 10377 10695 2477
3 2477 10695 10691
3 10695 2583 10696
3 10691 10696 2582
3 2595 10697 10698
3 10697 2487 10380
3 10698 10380 2478
3 2478 10683 10698
3 10683 2584 10699
3 10698 10699 2595
3 2585 10700 10701
3 10700 2479 10407
3 10701 10407 2488
3 2585 10702 10700
3 10702 2580 10686
3 10700 10686 2479
3 2587 10703 10688
3 10703 2480 10388
3 10688 10388 2481
3 2586 10704 10705
3 10704 2493 10422
3 10705 10422 2480
3 2586 10705 10706
3 10705 2480 10703
3 10706 10703 2587
3 2483 10707 10391
3 10707 2588 10708
3 10391 10708 2482
3 2482 10708 10694
3 10708 2588 10709
3 10694 10709 2583
3 2484 10710 10394
3 10710 2589 10711
3 10394 10711 2483
3 2483 10711 10707
3 10711 2589 10712
3 10707 10712 2588
3 2494 10713 10397
3 10713 2590 10714
3 10397 10714 2484
3 2484 10714 10710
3 10714 2590 10715
3 10710 10715 2589
3 2486 10716 10402
3 10716 2595 10717
3 10402 10717 2485
3 2485 10718 10453
3 10718 2593 10719
3 10453 10719 2504
3 2485 10720 10718
3 10720 2594 10721
3 10718 10721 2593
3 2485 10717 10720
3 10717 2595 10722
3 10720 10722 2594
3 2487 10697 10404
3 10697 2595 10716
3 10404 10716 2486
3 2597 10723 10724
3 10723 2488 10410
3 10724 10410 2489
3 2596 10725 10726
3 10725 2585 10701
3 10726 10701 2488
3 2597 10727 10723
3 10727 2596 10726
3 10723 10726 2488
3 2598 10728 10729
3 10728 2489 10413
3 10729 10413 2490
3 2598 10730 10728
3 10730 2597 10724
3 10728 10724 2489
3 2599 10731 10732
3 10731 2490 10456
3 10732 10456 2505
3 2598 10729 10733
3 10729 2490 10731
3 10733 10731 2599
3 2602 10734 10735
3 10734 2491 10419
3 10735 10419 2492
3 2600 10736 10737
3 10736 2514 10485
3 10737 10485 2491
3 2600 10737 10739
3 10737 2491 10738
3 10739 10738 2601
3 2601 10738 10740
3 10738 2491 10734
3 10740 10734 2602
3 2603 10741 10742
3 10741 2492 10420
3 10742 10420 2493
3 2602 10735 10743
3 10735 2492 10741
3 10743 10741 2603
3 2586 10744 10704
3 10744 2603 10742
3 10704 10742 2493
3 2495 10745 10425
3 10745 2590 10713
3 10425 10713 2494
3 2496 10746 10428
3 10746 2604 10747
3 10428 10747 2495
3 2495 10748 10745
3 10748 2591 10749
3 10745 10749 2590
3 2495 10747 10748
3 10747 2604 10750
3 10748 10750 2591
3 2497 10751 10431
3 10751 2605 10752
3 10431 10752 2496
3 2496 10752 10746
3 10752 2605 10753
3 10746 10753 2604
3 2497 10434 10755
3 10434 2498 10754
3 10755 10754 2606
3 2497 10755 10751
3 10755 2606 10756
3 10751 10756 2605
3 2498 10437 10758
3 10437 2499 10757
3 10758 10757 2607
3 2498 10758 10754
3 10758 2607 10759
3 10754 10759 2606
3 2608 10760 10761
3 10760 2499 10440
3 10761 10440 2500
3 2608 10762 10760
3 10762 2607 10757
3 10760 10757 2499
3 2609 10763 10764
3 10763 2500 10443
3 10764 10443 2501
3 2609 10765 10763
3 10765 2608 10761
3 10763 10761 2500
3 2610 10766 10767
3 10766 2501 10446
3 10767 10446 2502
3 2610 10768 10766
3 10768 2609 10764
3 10766 10764 2501
3 2610 10767 10769
3 10767 2502 10449
3 10769 10449 2503
3 2503 10452 10771
3 10452 2504 10770
3 10771 10770 2592
3 2610 10769 10772
3 10769 2503 10771
3 10772 10771 2592
3 2504 10719 10770
3 10719 2593 10773
3 10770 10773 2592
3 2611 10774 10775
3 10774 2505 10459
3 10775 10459 2506
3 2599 10732 10776
3 10732 2505 10774
3 10776 10774 2611
3 2612 10777 10778
3 10777 2506 10462
3 10778 10462 2507
3 2612 10779 10777
3 10779 2611 10775
3 10777 10775 2506
3 2613 10780 10781
3 10780 2507 10465
3 10781 10465 2508
3 2612 10778 10782
3 10778 2507 10780
3 10782 10780 2613
3 2509 10783 10468
3 10783 2614 10784
3 10468 10784 2508
3 2613 10781 10785
3 10781 2508 10784
3 10785 10784 2614
3 2510 10786 10471
3 10786 2615 10787
3 10471 10787 2509
3 2509 10787 10783
3 10787 2615 10788
3 10783 10788 2614
3 2511 10789 10474
3 10789 2616 10790
3 10474 10790 2510
3 2510 10790 10786
3 10790 2616 10791
3 10786 10791 2615
3 2512 10792 10477
3 10792 2617 10793
3 10477 10793 2511
3 2511 10793 10789
3 10793 2617 10794
3 10789 10794 2616
3 2513 10795 10480
3 10795 2618 10796
3 10480 10796 2512
3 2512 10796 10792
3 10796 2618 10797
3 10792 10797 2617
3 2514 10798 10483
3 10798 2618 10795
3 10483 10795 2513
3 2600 10799 10736
3 10799 2618 10798
3 10736 10798 2514
3 2623 10800 10801
3 10800 2517 10518
3 10801 10518 2515
3 2622 10802 10508
3 10802 2623 10801
3 10508 10801 2515
3 2624 10803 10804
3 10803 2516 10533
3 10804 10533 2521
3 2621 10513 10805
3 10513 2516 10803
3 10805 10803 2624
3 2522 10520 10807
3 10520 2517 10806
3 10807 10806 2630
3 2623 10808 10800
3 10808 2625 10809
3 10800 10809 2517
3 2625 10810 10809
3 10810 2630 10806
3 10809 10806 2517
3 2519 10528 10812
3 10528 2518 10811
3 10812 10811 2626
3 2523 10813 10525
3 10813 2631 10814
3 10525 10814 2518
3 2518 10814 10811
3 10814 2631 10815
3 10811 10815 2626
3 2520 10529 10817
3 10529 2519 10816
3 10817 10816 2627
3 2519 10812 10816
3 10812 2626 10818
3 10816 10818 2627
3 2520 10819 10181
3 10819 2628 10820
3 10181 10820 2524
3 2520 10817 10819
3 10817 2627 10821
3 10819 10821 2628
3 2525 10822 10534
3 10822 2633 10823
3 10534 10823 2521
3 2624 10804 10825
3 10804 2521 10824
3 10825 10824 2629
3 2521 10823 10824
3 10823 2633 10826
3 10824 10826 2629
3 2526 10537 10828
3 10537 2522 10827
3 10828 10827 2634
3 2522 10807 10827
3 10807 2630 10829
3 10827 10829 2634
3 2523 10558 10813
3 10558 2530 10830
3 10813 10830 2631
3 2524 10831 10183
3 10831 2635 10832
3 10183 10832 2527
3 2524 10820 10834
3 10820 2628 10833
3 10834 10833 2632
3 2524 10834 10831
3 10834 2632 10835
3 10831 10835 2635
3 2528 10836 10549
3 10836 2633 10822
3 10549 10822 2525
3 2529 10542 10838
3 10542 2526 10837
3 10838 10837 2640
3 2526 10828 10837
3 10828 2634 10839
3 10837 10839 2640
3 2527 10840 10545
3 10840 2642 10841
3 10545 10841 2531
3 2527 10832 10840
3 10832 2635 10842
3 10840 10842 2642
3 2532 10843 10550
3 10843 2637 10844
3 10550 10844 2528
3 2528 10845 10836
3 10845 2636 10846
3 10836 10846 2633
3 2528 10844 10845
3 10844 2637 10847
3 10845 10847 2636
3 2640 10848 10838
3 10848 2535 10553
3 10838 10553 2529
3 2530 10559 10850
3 10559 2536 10849
3 10850 10849 2641
3 2530 10850 10830
3 10850 2641 10851
3 10830 10851 2631
3 2531 10852 10562
3 10852 2644 10853
3 10562 10853 2537
3 2531 10841 10852
3 10841 2642 10854
3 10852 10854 2644
3 2533 10855 10565
3 10855 2637 10843
3 10565 10843 2532
3 2534 10856 10573
3 10856 2638 10857
3 10573 10857 2533
3 2637 10855 10858
3 10855 2533 10857
3 10858 10857 2638
3 2535 10859 10574
3 10859 2639 10860
3 10574 10860 2534
3 2534 10860 10856
3 10860 2639 10861
3 10856 10861 2638
3 2535 10848 10859
3 10848 2640 10862
3 10859 10862 2639
3 2538 10863 10577
3 10863 2643 10864
3 10577 10864 2536
3 2536 10864 10849
3 10864 2643 10865
3 10849 10865 2641
3 2537 10866 10569
3 10866 2649 10867
3 10569 10867 2539
3 2537 10853 10866
3 10853 2644 10868
3 10866 10868 2649
3 2540 10869 10581
3 10869 2645 10870
3 10581 10870 2538
3 2643 10863 10871
3 10863 2538 10870
3 10871 10870 2645
3 2539 10872 10584
3 10872 2648 10873
3 10584 10873 2543
3 2539 10867 10872
3 10867 2649 10874
3 10872 10874 2648
3 2645 10869 10875
3 10869 2540 10590
3 10875 10590 2541
3 2541 10591 10877
3 10591 2542 10876
3 10877 10876 2646
3 2541 10877 10875
3 10877 2646 10878
3 10875 10878 2645
3 2542 10586 10880
3 10586 2543 10879
3 10880 10879 2647
3 2542 10880 10876
3 10880 2647 10881
3 10876 10881 2646
3 2543 10873 10879
3 10873 2648 10882
3 10879 10882 2647
3 2650 10883 10884
3 10883 2545 10599
3 10884 10599 2544
3 2661 10885 10886
3 10885 2544 10596
3 10886 10596 2575
3 2650 10884 10887
3 10884 2544 10885
3 10887 10885 2661
3 2650 10888 10883
3 10888 2546 10602
3 10883 10602 2545
3 2651 10889 10890
3 10889 2547 10605
3 10890 10605 2546
3 2650 10891 10888
3 10891 2651 10890
3 10888 10890 2546
3 2652 10892 10893
3 10892 2548 10606
3 10893 10606 2547
3 2651 10894 10889
3 10894 2652 10893
3 10889 10893 2547
3 2653 10895 10896
3 10895 2549 10272
3 10896 10272 2548
3 2652 10897 10892
3 10897 2653 10896
3 10892 10896 2548
3 2653 10898 10895
3 10898 2654 10623
3 10895 10623 2549
3 2551 10313 10900
3 10313 2550 10899
3 10900 10899 2656
3 2655 10901 10665
3 10901 2656 10899
3 10665 10899 2550
3 2552 10609 10903
3 10609 2551 10902
3 10903 10902 2657
3 2551 10900 10902
3 10900 2656 10904
3 10902 10904 2657
3 2658 10905 10906
3 10905 2553 10612
3 10906 10612 2552
3 2552 10903 10906
3 10903 2657 10907
3 10906 10907 2658
3 2659 10908 10909
3 10908 2554 10615
3 10909 10615 2553
3 2553 10905 10909
3 10905 2658 10910
3 10909 10910 2659
3 2554 10911 10618
3 10911 2660 10912
3 10618 10912 2574
3 2660 10911 10913
3 10911 2554 10908
3 10913 10908 2659
3 2663 10914 10915
3 10914 2556 10327
3 10915 10327 2555
3 2662 10916 10624
3 10916 2663 10915
3 10624 10915 2555
3 2556 10917 10332
3 10917 2664 10918
3 10332 10918 2557
3 2663 10919 10914
3 10919 2664 10917
3 10914 10917 2556
3 2557 10920 10335
3 10920 2665 10921
3 10335 10921 2558
3 2557 10918 10920
3 10918 2664 10922
3 10920 10922 2665
3 2558 10923 10629
3 10923 2666 10924
3 10629 10924 2559
3 2558 10921 10923
3 10921 2665 10925
3 10923 10925 2666
3 2667 10926 10927
3 10926 2560 10632
3 10927 10632 2559
3 2559 10924 10927
3 10924 2666 10928
3 10927 10928 2667
3 2561 10635 10930
3 10635 2560 10929
3 10930 10929 2668
3 2668 10929 10931
3 10929 2560 10926
3 10931 10926 2667
3 2669 10932 10933
3 10932 2562 10638
3 10933 10638 2561
3 2561 10930 10933
3 10930 2668 10934
3 10933 10934 2669
3 2563 10641 10936
3 10641 2562 10935
3 10936 10935 2670
3 2562 10932 10935
3 10932 2669 10937
3 10935 10937 2670
3 2903 10938 10939
3 10938 2576 10644
3 10939 10644 2563
3 2563 10936 10941
3 10936 2670 10940
3 10941 10940 2671
3 2903 10939 10942
3 10939 2563 10941
3 10942 10941 2671
3 2564 10943 10650
3 10943 2672 10944
3 10650 10944 2565
3 2672 10943 10945
3 10943 2564 10687
3 10945 10687 2580
3 2672 10946 10944
3 10946 2566 10653
3 10944 10653 2565
3 2673 10947 10948
3 10947 2567 10656
3 10948 10656 2566
3 2672 10949 10946
3 10949 2673 10948
3 10946 10948 2566
3 2674 10950 10951
3 10950 2568 10659
3 10951 10659 2567
3 2673 10952 10947
3 10952 2674 10951
3 10947 10951 2567
3 2569 10660 10954
3 10660 2568 10953
3 10954 10953 2675
3 2674 10955 10950
3 10955 2675 10953
3 10950 10953 2568
3 2570 10348 10957
3 10348 2569 10956
3 10957 10956 2676
3 2569 10954 10956
3 10954 2675 10958
3 10956 10958 2676
3 2570 10959 10353
3 10959 2677 10960
3 10353 10960 2571
3 2570 10957 10959
3 10957 2676 10961
3 10959 10961 2677
3 2678 10962 10963
3 10962 2572 10356
3 10963 10356 2571
3 2677 10964 10960
3 10964 2678 10963
3 10960 10963 2571
3 2573 10663 10966
3 10663 2572 10965
3 10966 10965 2679
3 2678 10967 10962
3 10967 2679 10965
3 10962 10965 2572
3 2573 10966 10667
3 10966 2679 10968
3 10667 10968 2680
3 2574 10969 10672
3 10969 2684 10970
3 10672 10970 2577
3 2574 10912 10972
3 10912 2660 10971
3 10972 10971 2681
3 2574 10972 10969
3 10972 2681 10973
3 10969 10973 2684
3 2661 10886 10974
3 10886 2575 10681
3 10974 10681 2578
3 2687 10975 10976
3 10975 2579 10675
3 10976 10675 2576
3 2576 10977 10976
3 10977 2683 10978
3 10976 10978 2687
3 2683 10977 10979
3 10977 2576 10938
3 10979 10938 2903
3 2577 10980 10678
3 10980 2689 10981
3 10678 10981 2581
3 2577 10970 10980
3 10970 2684 10982
3 10980 10982 2689
3 2685 10983 10984
3 10983 2578 10693
3 10984 10693 2582
3 2661 10974 10985
3 10974 2578 10983
3 10985 10983 2685
3 2584 10684 10987
3 10684 2579 10986
3 10987 10986 2693
3 2693 10986 10988
3 10986 2579 10975
3 10988 10975 2687
3 2585 10989 10702
3 10989 2688 10990
3 10702 10990 2580
3 2672 10945 10991
3 10945 2580 10990
3 10991 10990 2688
3 2581 10992 10690
3 10992 2696 10993
3 10690 10993 2587
3 2581 10981 10992
3 10981 2689 10994
3 10992 10994 2696
3 2895 10995 10996
3 10995 2582 10696
3 10996 10696 2583
3 2582 10997 10984
3 10997 2690 10998
3 10984 10998 2685
3 2690 10997 10999
3 10997 2582 10995
3 10999 10995 2895
3 2692 11000 11001
3 11000 2583 10709
3 11001 10709 2588
3 2691 11002 11003
3 11002 2583 11000
3 11003 11000 2692
3 2895 10996 11004
3 10996 2583 11002
3 11004 11002 2691
3 2584 11005 10699
3 11005 2707 11006
3 10699 11006 2595
3 2584 10987 11005
3 10987 2693 11007
3 11005 11007 2707
3 2596 11008 10725
3 11008 2694 11009
3 10725 11009 2585
3 2585 11009 10989
3 11009 2694 11010
3 10989 11010 2688
3 2586 10706 11011
3 10706 2587 10993
3 11011 10993 2696
3 2695 11012 11013
3 11012 2603 10744
3 11013 10744 2586
3 2586 11011 11013
3 11011 2696 11014
3 11013 11014 2695
3 2697 11015 11016
3 11015 2588 10712
3 11016 10712 2589
3 2692 11001 11017
3 11001 2588 11015
3 11017 11015 2697
3 2698 11018 11019
3 11018 2589 10715
3 11019 10715 2590
3 2697 11016 11020
3 11016 2589 11018
3 11020 11018 2698
3 2699 11021 11022
3 11021 2590 10749
3 11022 10749 2591
3 2698 11019 11023
3 11019 2590 11021
3 11023 11021 2699
3 2604 11024 10750
3 11024 2700 11025
3 10750 11025 2591
3 2699 11022 11026
3 11022 2591 11025
3 11026 11025 2700
3 2593 11027 10773
3 11027 2705 11028
3 10773 11028 2592
3 2610 10772 11030
3 10772 2592 11029
3 11030 11029 2703
3 2703 11029 11032
3 11029 2592 11031
3 11032 11031 2704
3 2704 11031 11033
3 11031 2592 11028
3 11033 11028 2705
3 2594 11034 10721
3 11034 2706 11035
3 10721 11035 2593
3 2593 11035 11027
3 11035 2706 11036
3 11027 11036 2705
3 2595 11006 10722
3 11006 2707 11037
3 10722 11037 2594
3 2594 11037 11034
3 11037 2707 11038
3 11034 11038 2706
3 2597 11039 10727
3 11039 2708 11040
3 10727 11040 2596
3 2596 11040 11008
3 11040 2708 11041
3 11008 11041 2694
3 2709 11042 11043
3 11042 2597 10730
3 11043 10730 2598
3 2597 11042 11039
3 11042 2709 11044
3 11039 11044 2708
3 2598 10733 11046
3 10733 2599 11045
3 11046 11045 2710
3 2598 11046 11043
3 11046 2710 11047
3 11043 11047 2709
3 2711 11048 11049
3 11048 2599 10776
3 11049 10776 2611
3 2711 11050 11048
3 11050 2710 11045
3 11048 11045 2599
3 2600 10739 11052
3 10739 2601 11051
3 11052 11051 2717
3 2600 11053 10799
3 11053 2715 11054
3 10799 11054 2618
3 2600 11055 11053
3 11055 2716 11056
3 11053 11056 2715
3 2600 11052 11055
3 11052 2717 11057
3 11055 11057 2716
3 2601 10740 11059
3 10740 2602 11058
3 11059 11058 2718
3 2601 11059 11051
3 11059 2718 11060
3 11051 11060 2717
3 2602 10743 11058
3 10743 2603 11061
3 11058 11061 2718
3 2603 11012 11061
3 11012 2695 11062
3 11061 11062 2718
3 2605 11063 10753
3 11063 2700 11024
3 10753 11024 2604
3 2605 10756 11065
3 10756 2606 11064
3 11065 11064 2719
3 2605 11066 11063
3 11066 2701 11067
3 11063 11067 2700
3 2605 11065 11066
3 11065 2719 11068
3 11066 11068 2701
3 2607 11069 10759
3 11069 2720 11070
3 10759 11070 2606
3 2606 11070 11064
3 11070 2720 11071
3 11064 11071 2719
3 2608 11072 10762
3 11072 2721 11073
3 10762 11073 2607
3 2607 11073 11069
3 11073 2721 11074
3 11069 11074 2720
3 2609 11075 10765
3 11075 2721 11072
3 10765 11072 2608
3 2610 11076 10768
3 11076 2702 11077
3 10768 11077 2609
3 2609 11077 11075
3 11077 2702 11078
3 11075 11078 2721
3 2610 11030 11076
3 11030 2703 11079
3 11076 11079 2702
3 2612 11080 10779
3 11080 2711 11049
3 10779 11049 2611
3 2612 10782 11082
3 10782 2613 11081
3 11082 11081 2722
3 2612 11083 11080
3 11083 2712 11084
3 11080 11084 2711
3 2612 11082 11083
3 11082 2722 11085
3 11083 11085 2712
3 2723 11086 11087
3 11086 2613 10785
3 11087 10785 2614
3 2723 11088 11086
3 11088 2722 11081
3 11086 11081 2613
3 2724 11089 11090
3 11089 2614 10788
3 11090 10788 2615
3 2724 11091 11089
3 11091 2723 11087
3 11089 11087 2614
3 2724 11090 11092
3 11090 2615 10791
3 11092 10791 2616
3 2713 11093 11094
3 11093 2616 10794
3 11094 10794 2617
3 2724 11092 11095
3 11092 2616 11093
3 11095 11093 2713
3 2714 11096 11097
3 11096 2617 10797
3 11097 10797 2618
3 2714 11098 11096
3 11098 2713 11094
3 11096 11094 2617
3 2714 11097 11099
3 11097 2618 11054
3 11099 11054 2715
3 2725 11100 11101
3 11100 2620 10504
3 11101 10504 2619
3 2619 10498 11103
3 10498 2621 11102
3 11103 11102 2727
3 2725 11101 11104
3 11101 2619 11103
3 11104 11103 2727
3 2620 11105 10510
3 11105 2726 11106
3 10510 11106 2622
3 2725 11107 11100
3 11107 2726 11105
3 11100 11105 2620
3 2621 10805 11102
3 10805 2624 11108
3 11102 11108 2727
3 2622 11109 10802
3 11109 2728 11110
3 10802 11110 2623
3 2622 11106 11109
3 11106 2726 11111
3 11109 11111 2728
3 2623 11112 10808
3 11112 2732 11113
3 10808 11113 2625
3 2623 11110 11112
3 11110 2728 11114
3 11112 11114 2732
3 2624 10825 11116
3 10825 2629 11115
3 11116 11115 2733
3 2624 11116 11108
3 11116 2733 11117
3 11108 11117 2727
3 2625 11118 10810
3 11118 2747 11119
3 10810 11119 2630
3 2625 11113 11121
3 11113 2732 11120
3 11121 11120 2738
3 2625 11121 11118
3 11121 2738 11122
3 11118 11122 2747
3 2739 11123 11124
3 11123 2627 10818
3 11124 10818 2626
3 2626 10815 11126
3 10815 2631 11125
3 11126 11125 2748
3 2626 11126 11124
3 11126 2748 11127
3 11124 11127 2739
3 2627 11128 10821
3 11128 2740 11129
3 10821 11129 2628
3 2627 11123 11128
3 11123 2739 11130
3 11128 11130 2740
3 2628 11131 10833
3 11131 2741 11132
3 10833 11132 2632
3 2628 11129 11131
3 11129 2740 11133
3 11131 11133 2741
3 2750 11134 11135
3 11134 2629 10826
3 11135 10826 2633
3 2733 11115 11137
3 11115 2629 11136
3 11137 11136 2742
3 2742 11136 11138
3 11136 2629 11134
3 11138 11134 2750
3 2754 11139 11140
3 11139 2634 10829
3 11140 10829 2630
3 2747 11141 11119
3 11141 2754 11140
3 11119 11140 2630
3 2631 10851 11125
3 10851 2641 11142
3 11125 11142 2748
3 2632 11143 10835
3 11143 2758 11144
3 10835 11144 2635
3 2632 11132 11146
3 11132 2741 11145
3 11146 11145 2749
3 2632 11146 11143
3 11146 2749 11147
3 11143 11147 2758
3 2750 11135 11148
3 11135 2633 10846
3 11148 10846 2636
3 2754 11149 11139
3 11149 2640 10839
3 11139 10839 2634
3 2635 11150 10842
3 11150 2767 11151
3 10842 11151 2642
3 2635 11144 11150
3 11144 2758 11152
3 11150 11152 2767
3 2760 11153 11154
3 11153 2636 10847
3 11154 10847 2637
3 2750 11148 11156
3 11148 2636 11155
3 11156 11155 2759
3 2759 11155 11157
3 11155 2636 11153
3 11157 11153 2760
3 2761 11158 11159
3 11158 2637 10858
3 11159 10858 2638
3 2760 11154 11160
3 11154 2637 11158
3 11160 11158 2761
3 2762 11161 11162
3 11161 2638 10861
3 11162 10861 2639
3 2761 11159 11163
3 11159 2638 11161
3 11163 11161 2762
3 2762 11162 11164
3 11162 2639 10862
3 11164 10862 2640
3 2754 11165 11149
3 11165 2762 11164
3 11149 11164 2640
3 2641 10865 11167
3 10865 2643 11166
3 11167 11166 2763
3 2641 11167 11142
3 11167 2763 11168
3 11142 11168 2748
3 2642 11169 10854
3 11169 2772 11170
3 10854 11170 2644
3 2642 11151 11169
3 11151 2767 11171
3 11169 11171 2772
3 2645 11172 10871
3 11172 2768 11173
3 10871 11173 2643
3 2763 11166 11174
3 11166 2643 11173
3 11174 11173 2768
3 2776 11175 11176
3 11175 2649 10868
3 11176 10868 2644
3 2776 11176 11177
3 11176 2644 11170
3 11177 11170 2772
3 2645 10878 11179
3 10878 2646 11178
3 11179 11178 2773
3 2768 11172 11180
3 11172 2645 11179
3 11180 11179 2773
3 2646 10881 11182
3 10881 2647 11181
3 11182 11181 2774
3 2646 11182 11178
3 11182 2774 11183
3 11178 11183 2773
3 2775 11184 11185
3 11184 2647 10882
3 11185 10882 2648
3 2775 11186 11184
3 11186 2774 11181
3 11184 11181 2647
3 2776 11187 11175
3 11187 2648 10874
3 11175 10874 2649
3 2776 11188 11187
3 11188 2775 11185
3 11187 11185 2648
3 2650 11189 10891
3 11189 2777 11190
3 10891 11190 2651
3 2650 10887 11192
3 10887 2661 11191
3 11192 11191 2682
3 2650 11192 11189
3 11192 2682 11193
3 11189 11193 2777
3 2651 11190 10894
3 11190 2777 11194
3 10894 11194 2652
3 2652 11195 10897
3 11195 2778 11196
3 10897 11196 2653
3 2652 11194 11195
3 11194 2777 11197
3 11195 11197 2778
3 2653 11198 10898
3 11198 2779 11199
3 10898 11199 2654
3 2653 11196 11198
3 11196 2778 11200
3 11198 11200 2779
3 2654 11201 10626
3 11201 2780 11202
3 10626 11202 2662
3 2654 11199 11201
3 11199 2779 11203
3 11201 11203 2780
3 2655 11204 10901
3 11204 2781 11205
3 10901 11205 2656
3 2655 10669 11207
3 10669 2680 11206
3 11207 11206 2801
3 2801 11208 11207
3 11208 2781 11204
3 11207 11204 2655
3 2781 11209 11205
3 11209 2657 10904
3 11205 10904 2656
3 2782 11210 11211
3 11210 2658 10907
3 11211 10907 2657
3 2657 11209 11211
3 11209 2781 11212
3 11211 11212 2782
3 2783 11213 11214
3 11213 2659 10910
3 11214 10910 2658
3 2783 11214 11215
3 11214 2658 11210
3 11215 11210 2782
3 2784 11216 11217
3 11216 2660 10913
3 11217 10913 2659
3 2784 11217 11218
3 11217 2659 11213
3 11218 11213 2783
3 2802 11219 11220
3 11219 2681 10971
3 11220 10971 2660
3 2802 11220 11221
3 11220 2660 11216
3 11221 11216 2784
3 2661 10985 11191
3 10985 2685 11222
3 11191 11222 2682
3 2662 11223 10916
3 11223 2785 11224
3 10916 11224 2663
3 2662 11202 11223
3 11202 2780 11225
3 11223 11225 2785
3 2663 11226 10919
3 11226 2786 11227
3 10919 11227 2664
3 2663 11224 11226
3 11224 2785 11228
3 11226 11228 2786
3 2665 10922 11230
3 10922 2664 11229
3 11230 11229 2787
3 2786 11231 11227
3 11231 2787 11229
3 11227 11229 2664
3 2666 10925 11233
3 10925 2665 11232
3 11233 11232 2788
3 2665 11230 11232
3 11230 2787 11234
3 11232 11234 2788
3 2789 11235 11236
3 11235 2667 10928
3 11236 10928 2666
3 2666 11233 11236
3 11233 2788 11237
3 11236 11237 2789
3 2790 11238 11239
3 11238 2668 10931
3 11239 10931 2667
3 2667 11235 11239
3 11235 2789 11240
3 11239 11240 2790
3 2791 11241 11242
3 11241 2669 10934
3 11242 10934 2668
3 2668 11238 11242
3 11238 2790 11243
3 11242 11243 2791
3 2792 11244 11245
3 11244 2670 10937
3 11245 10937 2669
3 2792 11245 11246
3 11245 2669 11241
3 11246 11241 2791
3 2808 11247 11248
3 11247 2671 10940
3 11248 10940 2670
3 2808 11248 11249
3 11248 2670 11244
3 11249 11244 2792
3 2683 11250 10978
3 11250 2671 11251
3 10978 11251 2687
3 2671 11250 10942
3 11250 2683 10979
3 10942 10979 2903
3 2687 11251 11253
3 11251 2671 11252
3 11253 11252 2827
3 2671 11247 11252
3 11247 2808 11254
3 11252 11254 2827
3 2672 11255 10949
3 11255 2793 11256
3 10949 11256 2673
3 2672 10991 11255
3 10991 2688 11257
3 11255 11257 2793
3 2793 11258 11256
3 11258 2674 10952
3 11256 10952 2673
3 2794 11259 11260
3 11259 2675 10955
3 11260 10955 2674
3 2793 11261 11258
3 11261 2794 11260
3 11258 11260 2674
3 2795 11262 11263
3 11262 2676 10958
3 11263 10958 2675
3 2794 11264 11259
3 11264 2795 11263
3 11259 11263 2675
3 2676 11265 10961
3 11265 2796 11266
3 10961 11266 2677
3 2795 11267 11262
3 11267 2796 11265
3 11262 11265 2676
3 2797 11268 11269
3 11268 2678 10964
3 11269 10964 2677
3 2796 11270 11266
3 11270 2797 11269
3 11266 11269 2677
3 2798 11271 11272
3 11271 2679 10967
3 11272 10967 2678
3 2797 11273 11268
3 11273 2798 11272
3 11268 11272 2678
3 2799 11274 11275
3 11274 2680 10968
3 11275 10968 2679
3 2679 11271 11275
3 11271 2798 11276
3 11275 11276 2799
3 2680 11274 11278
3 11274 2799 11277
3 11278 11277 2800
3 2800 11279 11278
3 11279 2801 11206
3 11278 11206 2680
3 2813 11280 11281
3 11280 2684 10973
3 11281 10973 2681
3 2813 11281 11282
3 11281 2681 11219
3 11282 11219 2802
3 2682 11222 11284
3 11222 2685 11283
3 11284 11283 2686
3 2682 11284 11286
3 11284 2686 11285
3 11286 11285 2803
3 2682 11286 11193
3 11286 2803 11287
3 11193 11287 2777
3 2841 11288 11289
3 11288 2689 10982
3 11289 10982 2684
3 2813 11290 11280
3 11290 2841 11289
3 11280 11289 2684
3 2685 10998 11283
3 10998 2690 11291
3 11283 11291 2686
3 2686 11291 11293
3 11291 2690 11292
3 11293 11292 2691
3 2686 11293 11295
3 11293 2691 11294
3 11295 11294 2814
3 2686 11295 11285
3 11295 2814 11296
3 11285 11296 2803
3 2693 10988 11298
3 10988 2687 11297
3 11298 11297 2855
3 2687 11253 11297
3 11253 2827 11299
3 11297 11299 2855
3 2694 11300 11010
3 11300 2828 11301
3 11010 11301 2688
3 2793 11257 11302
3 11257 2688 11301
3 11302 11301 2828
3 2869 11303 11304
3 11303 2696 10994
3 11304 10994 2689
3 2841 11305 11288
3 11305 2869 11304
3 11288 11304 2689
3 2895 11004 10999
3 11004 2691 11292
3 10999 11292 2690
3 2691 11003 11307
3 11003 2692 11306
3 11307 11306 2842
3 2691 11307 11294
3 11307 2842 11308
3 11294 11308 2814
3 2692 11017 11310
3 11017 2697 11309
3 11310 11309 2870
3 2692 11310 11306
3 11310 2870 11311
3 11306 11311 2842
3 2882 11312 11313
3 11312 2707 11007
3 11313 11007 2693
3 2882 11313 11314
3 11313 2693 11298
3 11314 11298 2855
3 2856 11315 11316
3 11315 2694 11041
3 11316 11041 2708
3 2856 11317 11315
3 11317 2828 11300
3 11315 11300 2694
3 2869 11318 11303
3 11318 2695 11014
3 11303 11014 2696
3 2718 11062 11320
3 11062 2695 11319
3 11320 11319 2868
3 2868 11319 11321
3 11319 2695 11318
3 11321 11318 2869
3 2697 11020 11323
3 11020 2698 11322
3 11323 11322 2871
3 2697 11323 11309
3 11323 2871 11324
3 11309 11324 2870
3 2698 11023 11326
3 11023 2699 11325
3 11326 11325 2872
3 2698 11326 11322
3 11326 2872 11327
3 11322 11327 2871
3 2699 11026 11329
3 11026 2700 11328
3 11329 11328 2873
3 2699 11329 11325
3 11329 2873 11330
3 11325 11330 2872
3 2700 11067 11332
3 11067 2701 11331
3 11332 11331 2874
3 2700 11332 11328
3 11332 2874 11333
3 11328 11333 2873
3 2701 11068 11335
3 11068 2719 11334
3 11335 11334 2875
3 2701 11335 11331
3 11335 2875 11336
3 11331 11336 2874
3 2703 11337 11079
3 11337 2879 11338
3 11079 11338 2702
3 2702 11339 11078
3 11339 2877 11340
3 11078 11340 2721
3 2702 11341 11339
3 11341 2878 11342
3 11339 11342 2877
3 2702 11338 11341
3 11338 2879 11343
3 11341 11343 2878
3 2880 11344 11345
3 11344 2703 11032
3 11345 11032 2704
3 2880 11346 11344
3 11346 2879 11337
3 11344 11337 2703
3 2881 11347 11348
3 11347 2704 11033
3 11348 11033 2705
3 2880 11345 11349
3 11345 2704 11347
3 11349 11347 2881
3 2882 11350 11351
3 11350 2705 11036
3 11351 11036 2706
3 2881 11348 11352
3 11348 2705 11350
3 11352 11350 2882
3 2882 11351 11312
3 11351 2706 11038
3 11312 11038 2707
3 2883 11353 11354
3 11353 2708 11044
3 11354 11044 2709
3 2883 11355 11353
3 11355 2856 11316
3 11353 11316 2708
3 2884 11356 11357
3 11356 2709 11047
3 11357 11047 2710
3 2883 11354 11358
3 11354 2709 11356
3 11358 11356 2884
3 2885 11359 11360
3 11359 2710 11050
3 11360 11050 2711
3 2884 11357 11361
3 11357 2710 11359
3 11361 11359 2885
3 2886 11362 11363
3 11362 2711 11084
3 11363 11084 2712
3 2885 11360 11364
3 11360 2711 11362
3 11364 11362 2886
3 2722 11365 11085
3 11365 2887 11366
3 11085 11366 2712
3 2886 11363 11367
3 11363 2712 11366
3 11367 11366 2887
3 2714 11368 11098
3 11368 2891 11369
3 11098 11369 2713
3 2724 11095 11371
3 11095 2713 11370
3 11371 11370 2889
3 2713 11372 11370
3 11372 2890 11373
3 11370 11373 2889
3 2713 11369 11372
3 11369 2891 11374
3 11372 11374 2890
3 2714 11099 11376
3 11099 2715 11375
3 11376 11375 2892
3 2714 11376 11368
3 11376 2892 11377
3 11368 11377 2891
3 2716 11378 11056
3 11378 2893 11379
3 11056 11379 2715
3 2715 11379 11375
3 11379 2893 11380
3 11375 11380 2892
3 2717 11381 11057
3 11381 2894 11382
3 11057 11382 2716
3 2716 11382 11378
3 11382 2894 11383
3 11378 11383 2893
3 2718 11384 11060
3 11384 2894 11381
3 11060 11381 2717
3 2718 11320 11384
3 11320 2868 11385
3 11384 11385 2894
3 2875 11334 11386
3 11334 2719 11071
3 11386 11071 2720
3 2876 11387 11388
3 11387 2720 11074
3 11388 11074 2721
3 2876 11389 11387
3 11389 2875 11386
3 11387 11386 2720
3 2877 11390 11340
3 11390 2876 11388
3 11340 11388 2721
3 2723 11391 11088
3 11391 2887 11365
3 11088 11365 2722
3 2724 11392 11091
3 11392 2888 11393
3 11091 11393 2723
3 2723 11393 11391
3 11393 2888 11394
3 11391 11394 2887
3 2724 11371 11392
3 11371 2889 11395
3 11392 11395 2888
3 2725 11396 11107
3 11396 2729 11397
3 11107 11397 2726
3 2725 11104 11396
3 11104 2727 11398
3 11396 11398 2729
3 2726 11399 11111
3 11399 2730 11400
3 11111 11400 2728
3 2726 11397 11399
3 11397 2729 11401
3 11399 11401 2730
3 2727 11117 11398
3 11117 2733 11402
3 11398 11402 2729
3 2728 11400 11404
3 11400 2730 11403
3 11404 11403 2731
3 2728 11404 11114
3 11404 2731 11405
3 11114 11405 2732
3 2729 11406 11401
3 11406 2734 11407
3 11401 11407 2730
3 2729 11402 11406
3 11402 2733 11408
3 11406 11408 2734
3 2730 11409 11403
3 11409 2735 11410
3 11403 11410 2731
3 2730 11407 11409
3 11407 2734 11411
3 11409 11411 2735
3 2731 11412 11405
3 11412 2736 11413
3 11405 11413 2732
3 2731 11410 11412
3 11410 2735 11414
3 11412 11414 2736
3 2732 11413 11416
3 11413 2736 11415
3 11416 11415 2737
3 2732 11416 11120
3 11416 2737 11417
3 11120 11417 2738
3 2733 11137 11408
3 11137 2742 11418
3 11408 11418 2734
3 2734 11419 11411
3 11419 2743 11420
3 11411 11420 2735
3 2734 11418 11419
3 11418 2742 11421
3 11419 11421 2743
3 2735 11422 11414
3 11422 2744 11423
3 11414 11423 2736
3 2735 11420 11422
3 11420 2743 11424
3 11422 11424 2744
3 2736 11425 11415
3 11425 2745 11426
3 11415 11426 2737
3 2736 11423 11425
3 11423 2744 11427
3 11425 11427 2745
3 2737 11428 11417
3 11428 2746 11429
3 11417 11429 2738
3 2737 11426 11428
3 11426 2745 11430
3 11428 11430 2746
3 2738 11429 11122
3 11429 2746 11431
3 11122 11431 2747
3 2755 11432 11433
3 11432 2740 11130
3 11433 11130 2739
3 2739 11127 11433
3 11127 2748 11434
3 11433 11434 2755
3 2740 11435 11133
3 11435 2756 11436
3 11133 11436 2741
3 2740 11432 11435
3 11432 2755 11437
3 11435 11437 2756
3 2741 11438 11145
3 11438 2757 11439
3 11145 11439 2749
3 2741 11436 11438
3 11436 2756 11440
3 11438 11440 2757
3 2742 11138 11421
3 11138 2750 11441
3 11421 11441 2743
3 2743 11441 11424
3 11441 2750 11442
3 11424 11442 2744
3 2744 11443 11427
3 11443 2751 11444
3 11427 11444 2745
3 2744 11442 11443
3 11442 2750 11445
3 11443 11445 2751
3 2745 11446 11430
3 11446 2752 11447
3 11430 11447 2746
3 2745 11444 11446
3 11444 2751 11448
3 11446 11448 2752
3 2746 11449 11431
3 11449 2753 11450
3 11431 11450 2747
3 2746 11447 11449
3 11447 2752 11451
3 11449 11451 2753
3 2747 11450 11141
3 11450 2753 11452
3 11141 11452 2754
3 2748 11168 11434
3 11168 2763 11453
3 11434 11453 2755
3 2749 11439 11147
3 11439 2757 11454
3 11147 11454 2758
3 2750 11156 11445
3 11156 2759 11455
3 11445 11455 2751
3 2751 11456 11448
3 11456 2760 11457
3 11448 11457 2752
3 2751 11455 11456
3 11455 2759 11157
3 11456 11157 2760
3 2752 11458 11451
3 11458 2761 11459
3 11451 11459 2753
3 2752 11457 11458
3 11457 2760 11160
3 11458 11160 2761
3 2753 11460 11452
3 11460 2762 11165
3 11452 11165 2754
3 2753 11459 11460
3 11459 2761 11163
3 11460 11163 2762
3 2755 11461 11437
3 11461 2764 11462
3 11437 11462 2756
3 2755 11453 11461
3 11453 2763 11463
3 11461 11463 2764
3 2756 11464 11440
3 11464 2765 11465
3 11440 11465 2757
3 2756 11462 11464
3 11462 2764 11466
3 11464 11466 2765
3 2757 11467 11454
3 11467 2766 11468
3 11454 11468 2758
3 2757 11465 11467
3 11465 2765 11469
3 11467 11469 2766
3 2758 11468 11152
3 11468 2766 11470
3 11152 11470 2767
3 2768 11471 11174
3 11471 2764 11463
3 11174 11463 2763
3 2764 11472 11466
3 11472 2769 11473
3 11466 11473 2765
3 2764 11471 11472
3 11471 2768 11474
3 11472 11474 2769
3 2765 11475 11469
3 11475 2770 11476
3 11469 11476 2766
3 2765 11473 11475
3 11473 2769 11477
3 11475 11477 2770
3 2766 11478 11470
3 11478 2771 11479
3 11470 11479 2767
3 2766 11476 11478
3 11476 2770 11480
3 11478 11480 2771
3 2767 11479 11171
3 11479 2771 11481
3 11171 11481 2772
3 2768 11180 11474
3 11180 2773 11482
3 11474 11482 2769
3 2769 11482 11477
3 11482 2773 11483
3 11477 11483 2770
3 2770 11484 11480
3 11484 2774 11485
3 11480 11485 2771
3 2770 11483 11484
3 11483 2773 11183
3 11484 11183 2774
3 2775 11486 11487
3 11486 2772 11481
3 11487 11481 2771
3 2775 11487 11186
3 11487 2771 11485
3 11186 11485 2774
3 2776 11177 11188
3 11177 2772 11486
3 11188 11486 2775
3 2777 11287 11197
3 11287 2803 11488
3 11197 11488 2778
3 2778 11489 11200
3 11489 2804 11490
3 11200 11490 2779
3 2778 11488 11489
3 11488 2803 11491
3 11489 11491 2804
3 2805 11492 11493
3 11492 2780 11203
3 11493 11203 2779
3 2805 11493 11494
3 11493 2779 11490
3 11494 11490 2804
3 2806 11495 11496
3 11495 2785 11225
3 11496 11225 2780
3 2806 11496 11497
3 11496 2780 11492
3 11497 11492 2805
3 2809 11498 11499
3 11498 2782 11212
3 11499 11212 2781
3 2781 11208 11499
3 11208 2801 11500
3 11499 11500 2809
3 2810 11501 11502
3 11501 2783 11215
3 11502 11215 2782
3 2782 11498 11502
3 11498 2809 11503
3 11502 11503 2810
3 2783 11504 11218
3 11504 2811 11505
3 11218 11505 2784
3 2783 11501 11504
3 11501 2810 11506
3 11504 11506 2811
3 2812 11507 11508
3 11507 2802 11221
3 11508 11221 2784
3 2784 11505 11508
3 11505 2811 11509
3 11508 11509 2812
3 2807 11510 11511
3 11510 2786 11228
3 11511 11228 2785
3 2807 11511 11512
3 11511 2785 11495
3 11512 11495 2806
3 2819 11513 11514
3 11513 2787 11231
3 11514 11231 2786
3 2818 11515 11516
3 11515 2786 11510
3 11516 11510 2807
3 2819 11514 11517
3 11514 2786 11515
3 11517 11515 2818
3 2820 11518 11519
3 11518 2788 11234
3 11519 11234 2787
3 2819 11520 11513
3 11520 2820 11519
3 11513 11519 2787
3 2821 11521 11522
3 11521 2789 11237
3 11522 11237 2788
3 2820 11523 11518
3 11523 2821 11522
3 11518 11522 2788
3 2822 11524 11525
3 11524 2790 11240
3 11525 11240 2789
3 2821 11526 11521
3 11526 2822 11525
3 11521 11525 2789
3 2823 11527 11528
3 11527 2791 11243
3 11528 11243 2790
3 2822 11529 11524
3 11529 2823 11528
3 11524 11528 2790
3 2824 11530 11531
3 11530 2792 11246
3 11531 11246 2791
3 2823 11532 11527
3 11532 2824 11531
3 11527 11531 2791
3 2825 11533 11534
3 11533 2808 11249
3 11534 11249 2792
3 2824 11535 11530
3 11535 2825 11534
3 11530 11534 2792
3 2793 11302 11261
3 11302 2828 11536
3 11261 11536 2794
3 2794 11537 11264
3 11537 2829 11538
3 11264 11538 2795
3 2794 11536 11537
3 11536 2828 11539
3 11537 11539 2829
3 2795 11540 11267
3 11540 2830 11541
3 11267 11541 2796
3 2795 11538 11540
3 11538 2829 11542
3 11540 11542 2830
3 2831 11543 11544
3 11543 2797 11270
3 11544 11270 2796
3 2831 11544 11545
3 11544 2796 11541
3 11545 11541 2830
3 2832 11546 11547
3 11546 2798 11273
3 11547 11273 2797
3 2832 11547 11548
3 11547 2797 11543
3 11548 11543 2831
3 2833 11549 11550
3 11549 2799 11276
3 11550 11276 2798
3 2798 11546 11550
3 11546 2832 11551
3 11550 11551 2833
3 2834 11552 11553
3 11552 2800 11277
3 11553 11277 2799
3 2799 11549 11553
3 11549 2833 11554
3 11553 11554 2834
3 2835 11555 11556
3 11555 2801 11279
3 11556 11279 2800
3 2835 11556 11557
3 11556 2800 11552
3 11557 11552 2834
3 2801 11558 11500
3 11558 2836 11559
3 11500 11559 2809
3 2836 11558 11560
3 11558 2801 11555
3 11560 11555 2835
3 2813 11282 11561
3 11282 2802 11507
3 11561 11507 2812
3 2814 11562 11296
3 11562 2804 11491
3 11296 11491 2803
3 2815 11563 11564
3 11563 2805 11494
3 11564 11494 2804
3 2815 11564 11565
3 11564 2804 11562
3 11565 11562 2814
3 2816 11566 11567
3 11566 2806 11497
3 11567 11497 2805
3 2815 11568 11563
3 11568 2816 11567
3 11563 11567 2805
3 2817 11569 11570
3 11569 2807 11512
3 11570 11512 2806
3 2817 11570 11571
3 11570 2806 11566
3 11571 11566 2816
3 2818 11516 11572
3 11516 2807 11569
3 11572 11569 2817
3 2826 11573 11574
3 11573 2808 11533
3 11574 11533 2825
3 2808 11573 11254
3 11573 2826 11575
3 11254 11575 2827
3 2837 11576 11577
3 11576 2810 11503
3 11577 11503 2809
3 2809 11559 11577
3 11559 2836 11578
3 11577 11578 2837
3 2838 11579 11580
3 11579 2811 11506
3 11580 11506 2810
3 2810 11576 11580
3 11576 2837 11581
3 11580 11581 2838
3 2811 11582 11509
3 11582 2839 11583
3 11509 11583 2812
3 2811 11579 11582
3 11579 2838 11584
3 11582 11584 2839
3 2813 11561 11586
3 11561 2812 11585
3 11586 11585 2840
3 2839 11587 11583
3 11587 2840 11585
3 11583 11585 2812
3 2813 11586 11290
3 11586 2840 11588
3 11290 11588 2841
3 2815 11565 11589
3 11565 2814 11308
3 11589 11308 2842
3 2815 11590 11568
3 11590 2843 11591
3 11568 11591 2816
3 2815 11589 11590
3 11589 2842 11592
3 11590 11592 2843
3 2817 11571 11594
3 11571 2816 11593
3 11594 11593 2844
3 2816 11591 11593
3 11591 2843 11595
3 11593 11595 2844
3 2818 11572 11597
3 11572 2817 11596
3 11597 11596 2845
3 2817 11594 11596
3 11594 2844 11598
3 11596 11598 2845
3 2819 11517 11600
3 11517 2818 11599
3 11600 11599 2846
3 2818 11597 11599
3 11597 2845 11601
3 11599 11601 2846
3 2819 11602 11520
3 11602 2847 11603
3 11520 11603 2820
3 2819 11600 11602
3 11600 2846 11604
3 11602 11604 2847
3 2820 11605 11523
3 11605 2848 11606
3 11523 11606 2821
3 2847 11607 11603
3 11607 2848 11605
3 11603 11605 2820
3 2821 11608 11526
3 11608 2849 11609
3 11526 11609 2822
3 2821 11606 11608
3 11606 2848 11610
3 11608 11610 2849
3 2822 11611 11529
3 11611 2850 11612
3 11529 11612 2823
3 2822 11609 11611
3 11609 2849 11613
3 11611 11613 2850
3 2823 11614 11532
3 11614 2851 11615
3 11532 11615 2824
3 2823 11612 11614
3 11612 2850 11616
3 11614 11616 2851
3 2824 11617 11535
3 11617 2852 11618
3 11535 11618 2825
3 2824 11615 11617
3 11615 2851 11619
3 11617 11619 2852
3 2825 11620 11574
3 11620 2853 11621
3 11574 11621 2826
3 2825 11618 11620
3 11618 2852 11622
3 11620 11622 2853
3 2826 11623 11575
3 11623 2854 11624
3 11575 11624 2827
3 2826 11621 11623
3 11621 2853 11625
3 11623 11625 2854
3 2827 11624 11299
3 11624 2854 11626
3 11299 11626 2855
3 2856 11627 11317
3 11627 2829 11539
3 11317 11539 2828
3 2857 11628 11629
3 11628 2830 11542
3 11629 11542 2829
3 2857 11629 11630
3 11629 2829 11627
3 11630 11627 2856
3 2858 11631 11632
3 11631 2831 11545
3 11632 11545 2830
3 2858 11632 11633
3 11632 2830 11628
3 11633 11628 2857
3 2859 11634 11635
3 11634 2832 11548
3 11635 11548 2831
3 2859 11635 11636
3 11635 2831 11631
3 11636 11631 2858
3 2860 11637 11638
3 11637 2833 11551
3 11638 11551 2832
3 2860 11638 11639
3 11638 2832 11634
3 11639 11634 2859
3 2861 11640 11641
3 11640 2834 11554
3 11641 11554 2833
3 2861 11641 11642
3 11641 2833 11637
3 11642 11637 2860
3 2862 11643 11644
3 11643 2835 11557
3 11644 11557 2834
3 2862 11644 11645
3 11644 2834 11640
3 11645 11640 2861
3 2863 11646 11647
3 11646 2836 11560
3 11647 11560 2835
3 2862 11648 11643
3 11648 2863 11647
3 11643 11647 2835
3 2864 11649 11650
3 11649 2837 11578
3 11650 11578 2836
3 2863 11651 11646
3 11651 2864 11650
3 11646 11650 2836
3 2837 11652 11581
3 11652 2865 11653
3 11581 11653 2838
3 2864 11654 11649
3 11654 2865 11652
3 11649 11652 2837
3 2838 11655 11584
3 11655 2866 11656
3 11584 11656 2839
3 2838 11653 11655
3 11653 2865 11657
3 11655 11657 2866
3 2839 11658 11587
3 11658 2867 11659
3 11587 11659 2840
3 2839 11656 11658
3 11656 2866 11660
3 11658 11660 2867
3 2840 11661 11588
3 11661 2868 11662
3 11588 11662 2841
3 2840 11659 11661
3 11659 2867 11663
3 11661 11663 2868
3 2841 11662 11305
3 11662 2868 11321
3 11305 11321 2869
3 2870 11664 11311
3 11664 2843 11592
3 11311 11592 2842
3 2870 11665 11664
3 11665 2844 11595
3 11664 11595 2843
3 2871 11666 11667
3 11666 2845 11598
3 11667 11598 2844
3 2871 11667 11324
3 11667 2844 11665
3 11324 11665 2870
3 2872 11668 11669
3 11668 2846 11601
3 11669 11601 2845
3 2872 11669 11327
3 11669 2845 11666
3 11327 11666 2871
3 2873 11670 11671
3 11670 2847 11604
3 11671 11604 2846
3 2873 11671 11330
3 11671 2846 11668
3 11330 11668 2872
3 2874 11672 11673
3 11672 2848 11607
3 11673 11607 2847
3 2874 11673 11333
3 11673 2847 11670
3 11333 11670 2873
3 2875 11674 11675
3 11674 2849 11610
3 11675 11610 2848
3 2874 11336 11672
3 11336 2875 11675
3 11672 11675 2848
3 2876 11676 11677
3 11676 2850 11613
3 11677 11613 2849
3 2876 11677 11389
3 11677 2849 11674
3 11389 11674 2875
3 2877 11678 11679
3 11678 2851 11616
3 11679 11616 2850
3 2877 11679 11390
3 11679 2850 11676
3 11390 11676 2876
3 2878 11680 11681
3 11680 2852 11619
3 11681 11619 2851
3 2878 11681 11342
3 11681 2851 11678
3 11342 11678 2877
3 2879 11682 11683
3 11682 2853 11622
3 11683 11622 2852
3 2879 11683 11343
3 11683 2852 11680
3 11343 11680 2878
3 2880 11684 11685
3 11684 2854 11625
3 11685 11625 2853
3 2880 11685 11346
3 11685 2853 11682
3 11346 11682 2879
3 2881 11686 11687
3 11686 2855 11626
3 11687 11626 2854
3 2880 11349 11684
3 11349 2881 11687
3 11684 11687 2854
3 2881 11352 11686
3 11352 2882 11314
3 11686 11314 2855
3 2883 11688 11355
3 11688 2857 11630
3 11355 11630 2856
3 2884 11689 11690
3 11689 2858 11633
3 11690 11633 2857
3 2883 11358 11688
3 11358 2884 11690
3 11688 11690 2857
3 2885 11691 11692
3 11691 2859 11636
3 11692 11636 2858
3 2884 11361 11689
3 11361 2885 11692
3 11689 11692 2858
3 2886 11693 11694
3 11693 2860 11639
3 11694 11639 2859
3 2885 11364 11691
3 11364 2886 11694
3 11691 11694 2859
3 2887 11695 11696
3 11695 2861 11642
3 11696 11642 2860
3 2886 11367 11693
3 11367 2887 11696
3 11693 11696 2860
3 2862 11645 11698
3 11645 2861 11697
3 11698 11697 2888
3 2887 11394 11695
3 11394 2888 11697
3 11695 11697 2861
3 2862 11699 11648
3 11699 2889 11700
3 11648 11700 2863
3 2862 11698 11699
3 11698 2888 11395
3 11699 11395 2889
3 2863 11701 11651
3 11701 2890 11702
3 11651 11702 2864
3 2863 11700 11701
3 11700 2889 11373
3 11701 11373 2890
3 2864 11703 11654
3 11703 2891 11704
3 11654 11704 2865
3 2864 11702 11703
3 11702 2890 11374
3 11703 11374 2891
3 2865 11705 11657
3 11705 2892 11706
3 11657 11706 2866
3 2891 11377 11704
3 11377 2892 11705
3 11704 11705 2865
3 2866 11707 11660
3 11707 2893 11708
3 11660 11708 2867
3 2866 11706 11707
3 11706 2892 11380
3 11707 11380 2893
3 2867 11709 11663
3 11709 2894 11385
3 11663 11385 2868
3 2867 11708 11709
3 11708 2893 11383
3 11709 11383 2894
