OFF
11339 22710 34065
26.459 -379.929 -837.631
25.3034 -381.28 -838.224
99.3618 -368.749 -856.065
69.528 -379.37 -843.501
25.9391 -378.197 -837.584
26.8168 -374.924 -837.429
26.2574 -370.974 -838.068
26.1517 -372.977 -837.878
54.6621 -357.252 -899.356
107.655 -367.745 -848.003
26.1518 -382.029 -839.53
90.4275 -353.097 -873.295
107.54 -369.641 -840.888
16.5494 -367.167 -892.458
107.604 -370.769 -843.608
54.2158 -341.317 -844.698
22.964 -378.33 -838.082
9.91977 -369.362 -877.796
22.295 -379.769 -838.219
93.369 -370.542 -870.255
21.1749 -381.208 -838.479
14.7235 -354.485 -841.382
23.2202 -381.619 -838.035
107.617 -371.133 -841.687
71.9099 -401.335 -869.294
76.9993 -339.491 -863.506
36.5493 -391.591 -875.995
52.3943 -343.706 -850.524
64.2549 -362.704 -852.746
51.3752 -338.913 -845.322
6.36338 -374.046 -881.633
53.3331 -336.23 -845.363
42.6984 -336.073 -857.072
49.2156 -334.74 -847.681
63.2372 -338.119 -851.425
22.3646 -352.515 -885.997
71.1306 -357.285 -832.658
26.3796 -367.026 -866.514
44.7162 -338.773 -854.5
13.9202 -371.86 -853.611
12.3892 -371.509 -853.135
71.4525 -378.917 -866.134
86.8391 -379.561 -868.266
75.302 -357.344 -834.698
67.3981 -348.176 -875.771
64.5098 -338.716 -852.141
9.56596 -376.838 -891.999
20.0499 -380.998 -839.919
46.3063 -339.526 -853.078
20.2678 -379.302 -840.897
20.1661 -379.53 -842.686
20.2103 -378.306 -843.71
54.7415 -382.253 -900.57
53.6231 -343.274 -844.392
20.9913 -387.16 -840.191
78.7611 -382.502 -857.091
65.8563 -357.216 -830.849
47.3084 -350.909 -843.904
45.5095 -357.306 -895.107
41.8323 -365.807 -864.011
66.9392 -357.667 -829.328
86.4721 -357.104 -888.592
81.2001 -357.596 -887.575
29.3539 -379.116 -835.986
41.9941 -357.344 -892.785
28.7402 -377.3 -835.914
83.6363 -375.372 -894.889
15.8532 -386.784 -837.782
74.9077 -361.226 -829.541
64.0058 -357.695 -828.531
66.8318 -359.518 -827.008
71.4318 -400.399 -870.839
17.1222 -388.223 -838.617
40.3119 -404.273 -868.715
18.0509 -386.858 -837.878
78.7865 -386.04 -857.143
91.0812 -377.731 -853.4
21.6223 -385.84 -838.827
65.7628 -358.354 -827.816
72.2637 -336.859 -867.432
71.7341 -399.098 -869.283
48.9864 -334.266 -849.491
49.3759 -378.243 -825.796
22.8569 -361.504 -869.533
51.3471 -377.25 -825.289
41.977 -367.535 -863.06
40.8699 -379.63 -829.04
41.7603 -378.579 -828.029
41.2732 -360.068 -828.272
65.0603 -347.639 -877.992
33.1832 -378.728 -832.896
94.7269 -387.92 -853.309
37.5839 -384.141 -880.401
7.17507 -371.219 -837.518
54.3132 -334.753 -848.885
54.9203 -381.65 -834.627
71.679 -402.788 -870.702
42.1765 -369.196 -862.111
25.6132 -376.259 -837.78
27.7463 -363.821 -865.435
42.3017 -371.927 -868.086
52.7732 -360.42 -890.287
24.3354 -379.618 -837.864
15.6487 -371.418 -837.866
17.4861 -371.057 -837.867
92.38 -388.469 -879.485
82.3484 -357.484 -844.936
92.1538 -368.965 -869.389
37.404 -382.029 -880.099
11.0253 -376.81 -840.714
100.645 -384.611 -881.701
10.7749 -377.449 -842.482
10.3174 -377.518 -839.167
80.6864 -357.58 -845.97
10.5358 -378.109 -844.175
43.4676 -357.288 -894.272
90.2802 -379.89 -861.262
6.29242 -376.507 -838.185
53.4279 -357.35 -901.113
24.2431 -354.96 -883.771
79.287 -357.978 -847.27
33.0917 -360.826 -874.876
62.5036 -397.174 -845.615
76.7051 -360.242 -881.84
41.7776 -349.923 -867.606
52.7272 -363.797 -850.982
44.1287 -393.556 -847.684
79.9444 -357.357 -838.796
83.6774 -357.463 -842.066
65.0876 -345.751 -878.069
92.3393 -375.657 -855.173
92.495 -375.35 -859.416
72.7729 -368.522 -902.66
50.1405 -365.158 -851.907
25.852 -382.589 -873.329
70.2294 -347.589 -848.007
44.1069 -370.493 -857.645
96.8073 -387.911 -851.292
64.6529 -357.121 -832.431
63.7845 -360.466 -888.915
63.9116 -357.206 -830.548
38.0699 -380.526 -881.134
76.0711 -341.549 -872.229
41.2579 -357.158 -894.62
26.4813 -356.436 -856.768
72.8759 -404.402 -865.068
50.2581 -371.455 -879.011
67.7056 -357.3 -830.943
57.0749 -367.696 -824.699
56.3446 -364.764 -824.83
55.86 -366.51 -824.769
50.0686 -378.547 -879.14
20.0845 -360.482 -888.07
89.0518 -355.157 -853.429
60.4782 -381.347 -827.938
46.8574 -357.16 -836.019
62.3563 -367.431 -824.974
62.3312 -369.32 -824.985
44.6287 -380.637 -886.72
82.4875 -378.78 -861.127
54.1966 -334.457 -882.203
61.8695 -387.676 -879.701
63.9567 -370.373 -825.378
38.8272 -377.28 -829.007
18.3448 -364.314 -838.791
90.0007 -353.848 -854.162
60.6274 -370.185 -824.915
31.6944 -378.792 -873.235
51.4305 -344.1 -844.557
12.4473 -353.922 -838.185
9.42511 -354.418 -837.593
78.507 -387.996 -873.872
11.0705 -354.613 -837.949
43.1583 -342.399 -881.901
85.7882 -357.31 -845.659
46.0328 -358.009 -839.069
10.7404 -358.97 -840.763
10.3118 -359.12 -838.99
70.7255 -369.397 -862.354
95.4052 -350.32 -840.996
46.6524 -394.974 -846.614
43.824 -363.623 -858.112
93.8298 -350.83 -841.934
35.5923 -338.516 -866.769
86.1179 -373.116 -867.336
94.5449 -351.063 -839.928
91.5987 -367.021 -869.108
14.0266 -349.312 -846.543
77.0629 -360.564 -880.168
19.0736 -352.399 -854.001
65.1004 -340.799 -878.436
54.7508 -394.178 -850.051
41.4928 -337.339 -879.921
67.0257 -375.461 -826.378
71.2942 -377.154 -867.127
62.0877 -334.924 -850.009
56.3973 -389.055 -842.623
66.4679 -346.565 -876.828
18.3275 -352.3 -852.331
65.2841 -343.97 -878.07
40.9253 -338.792 -879.449
78.9259 -359.118 -897.376
13.4031 -350.296 -848.34
66.2488 -348.359 -876.959
46.7433 -378.69 -877.036
88.9345 -355.313 -844.592
53.016 -360.145 -840.4
15.2222 -349.638 -848.206
65.6678 -397.973 -852.816
90.1176 -353.823 -844.104
17.2182 -349.189 -845.701
13.5666 -351.797 -892.652
77.2228 -362.912 -900.145
11.0218 -354.768 -892.383
89.5654 -354.548 -847.764
20.0497 -356.747 -847.543
42.9916 -369.254 -826.918
68.64 -340.569 -874.921
64.8636 -399.372 -852.156
51.2546 -371.951 -825.242
52.8587 -372.721 -825.031
51.5892 -369.155 -824.947
42.2338 -338.399 -872.131
49.5304 -372.25 -825.573
56.5054 -369.283 -824.624
23.1776 -383.548 -838.528
58.6561 -377.218 -825.055
29.8529 -381.119 -854.173
12.996 -354.461 -882.378
96.3075 -355.306 -842.052
53.2121 -376.359 -825.046
59.9301 -348.316 -843.175
60.216 -342.748 -880.386
17.4454 -368.894 -892.499
47.1776 -378.374 -826.259
44.9345 -359.525 -841.799
47.6976 -397.98 -846.849
49.7589 -374.334 -825.536
71.837 -337.452 -869.237
67.8608 -346.372 -875.35
107.403 -369.589 -887.208
21.0087 -351.645 -856.36
56.9084 -360.251 -841.146
71.4746 -391.511 -868.237
9.63365 -380.135 -838.143
60.054 -334.225 -847.658
43.4888 -359.673 -885.98
58.3074 -334.411 -847.005
45.3782 -334.943 -849.303
41.9929 -361.584 -868.062
42.0261 -378.522 -845.652
71.2569 -389.921 -869.25
57.7179 -388.151 -850.228
72.6201 -357.511 -897.072
41.7035 -379.122 -844.108
7.72754 -377.242 -837.555
41.5411 -380.437 -842.567
42.6183 -357.579 -839.66
44.7528 -359.097 -886.459
46.1108 -380.216 -876.515
52.3014 -339.181 -850.178
92.9096 -388.999 -849.465
94.2517 -376.171 -844.61
52.8257 -334.239 -883.223
79.2855 -365.323 -898.414
39.7937 -381.459 -848.963
90.5136 -379.027 -877.077
70.1357 -373.549 -903.467
18.4669 -375.074 -846.655
19.0844 -375.721 -843.02
48.2579 -394.59 -845.754
50.8681 -368.069 -879.241
73.968 -335.03 -873.646
54.6544 -334.382 -883.933
69.6847 -376.224 -859.302
49.7697 -369.636 -878.749
71.5418 -348.769 -848.729
28.6717 -381.555 -873.473
74.2975 -357.772 -897.713
46.829 -382.578 -843.972
61.9648 -376.311 -851.623
41.7103 -382.039 -892.543
103.744 -358.154 -881.534
53.9238 -357.703 -902.68
34.8647 -386.963 -875.127
11.8805 -370.212 -853.75
59.0853 -367.307 -824.785
58.7635 -386.709 -850.397
61.817 -334.173 -848.495
54.8521 -381.504 -842.098
51.6988 -381.411 -842.562
71.1859 -373.311 -867.721
50.3331 -380.333 -842.95
71.0948 -371.47 -868.252
33.1457 -365.744 -832.899
55.0113 -379.567 -842.091
53.393 -380.451 -842.317
56.5309 -380.656 -842.121
44.7723 -376.119 -874.39
21.6763 -370.051 -861.511
38.6037 -390.241 -879.911
39.3554 -370.537 -902.427
21.4794 -381.726 -853.857
60.7606 -376.953 -825.196
22.029 -380.372 -853.86
20.6686 -382.916 -853.723
16.631 -383.548 -846.373
61.4617 -373.58 -879.475
5.6626 -367.487 -840.499
44.9784 -374.149 -874.484
37.3115 -359.243 -848.372
107.702 -363.193 -843.473
37.3887 -392.901 -876.831
61.1969 -357.934 -842.29
82.0857 -357.441 -843.221
61.7287 -360.097 -890.766
59.8582 -359.278 -841.985
36.5824 -389.99 -876.982
95.1995 -365.884 -839.441
90.798 -385.708 -871.133
90.2293 -376.59 -862.223
63.5785 -334.263 -849.47
68.5337 -378.034 -856.908
91.2824 -377.113 -839.298
42.6873 -355.764 -859.898
91.6613 -385.407 -859.065
58.318 -356.684 -841.722
19.5379 -385.733 -856.445
6.36333 -378.402 -838.211
19.857 -383.785 -854.628
19.1135 -384.878 -855.325
20.5814 -385.218 -857.949
95.729 -368.911 -838.901
91.1473 -382.233 -876.539
20.7362 -382.041 -850.29
68.394 -379.581 -856.412
15.2813 -385.644 -849.396
48.2709 -349.284 -886.871
65.5072 -360.249 -842.904
67.0393 -359.665 -844.051
16.3008 -384.215 -848.383
70.9869 -388.403 -870.197
19.6153 -383.449 -850.587
18.7332 -384.863 -853.447
18.4036 -384.612 -851.336
70.6545 -376.928 -903.23
69.8441 -355.616 -872.379
47.2642 -350.987 -886.948
8.23463 -380.907 -837.576
41.1271 -394.724 -880.993
62.2751 -354.875 -842.36
90.9014 -381.649 -874.64
102.19 -363.023 -882.024
36.4537 -397.417 -871.921
37.6031 -398.179 -874.61
51.3599 -357.026 -833.075
22.3069 -385.866 -847.793
12.5006 -386.978 -837.972
40.2518 -375.822 -828.247
50.7474 -356.996 -831.242
27.3385 -382.036 -872.423
49.016 -357.055 -830.572
36.9038 -396.931 -873.486
10.3031 -384.843 -837.683
45.1246 -372.103 -874.548
46.941 -374.899 -876.957
40.5228 -399.63 -879.137
11.6082 -361.779 -843.666
52.2117 -357.282 -834.923
90.2166 -368.415 -868.592
6.57221 -354.973 -844.957
30.6902 -379.483 -856.734
8.29305 -356.072 -837.696
10.3282 -355.964 -838.15
16.8055 -373.856 -839.476
15.0934 -373.941 -839.971
54.8385 -334.261 -847.31
43.1301 -358.636 -841.312
71.8423 -396.033 -864.868
75.5574 -381.32 -898.291
69.232 -356.979 -873.318
42.9253 -363.496 -859.847
42.2538 -355.079 -861.209
14.043 -372.729 -850.305
91.5082 -363.107 -876.95
45.1876 -369.926 -874.559
16.9208 -349.492 -883.114
13.2391 -374.467 -847.164
10.242 -374.689 -848.679
66.4136 -382.159 -894.295
25.8076 -365.455 -867.461
41.7382 -334.6 -853.033
26.6867 -364.127 -867.146
98.1588 -390.113 -844.856
36.8741 -398.934 -872.669
50.6054 -357.482 -836.316
35.7986 -399.739 -867.735
22.5596 -359.922 -860.402
62.1678 -378.143 -851.61
47.6097 -403.46 -852.147
35.8236 -397.896 -868.93
26.6647 -358.52 -861.501
96.7295 -389.824 -886.126
39.0257 -357.112 -895.075
53.3472 -357.099 -833.193
68.5128 -382.283 -894.542
70.4376 -338.467 -872.501
82.0341 -382.269 -883.866
100.387 -350.429 -887.69
69.4346 -377.941 -858.539
41.7201 -335.729 -858.654
36.9841 -380.006 -879.907
65.0889 -357.752 -837.419
41.7083 -396.594 -880.928
66.9827 -357.625 -837.568
20.4502 -363.267 -850.51
21.3442 -360.679 -849.419
57.0223 -347.005 -887.699
45.7916 -384.051 -876.249
58.6861 -349.04 -880.319
90.577 -372.09 -868.635
21.0404 -357.467 -849.025
59.4956 -344.565 -886.817
5.67231 -369.414 -840.086
43.37 -335.509 -855.779
21.3504 -359.149 -849.07
59.938 -357.206 -833.726
58.9456 -358.253 -837.232
56.9306 -358.542 -837.456
70.0786 -393.346 -873.032
68.0449 -382.034 -892.841
20.3394 -355.896 -849.369
79.7937 -384.249 -860.12
66.8431 -403.268 -853.254
62.8005 -372.499 -878.871
49.3351 -359.826 -841.805
20.2431 -354.929 -851.148
48.6944 -339.888 -884.871
105.876 -364.208 -881.528
43.602 -357.069 -836.742
11.8933 -375.634 -889.076
22.5895 -358.301 -860.495
21.5544 -382.91 -837.981
21.947 -384.701 -859.085
22.7497 -355.224 -860.547
80.1682 -383.417 -861.966
21.6938 -355.249 -859.184
58.1634 -404.738 -884.951
32.4879 -357.132 -891.042
22.2181 -356.888 -859.861
63.5509 -334.542 -847.885
80.0046 -385.552 -861.411
22.2869 -358.519 -856.656
63.5868 -335.773 -846.692
44.8962 -334.331 -850.999
46.3903 -379.627 -827.015
22.8603 -384.99 -839.184
22.2649 -358.878 -858.749
92.4672 -386.466 -873.278
21.1282 -375.52 -857.805
20.2248 -374.391 -856.705
20.1592 -373.977 -858.582
16.5588 -372.579 -853.038
37.5502 -396.371 -875.224
16.8802 -372.829 -850.995
80.3926 -383.742 -863.727
13.2387 -372.349 -851.712
22.3745 -352.447 -887.959
52.5975 -364.626 -879.812
53.8287 -340.586 -886.199
46.1599 -368.929 -875.823
80.2786 -385.221 -863.078
14.7709 -371.368 -855.274
17.5921 -372.545 -856.237
80.1447 -386.823 -864.11
100.818 -363.712 -883.061
80.0041 -386.809 -862.532
16.2433 -372.235 -855.037
64.4622 -382.916 -852.6
37.367 -394.548 -875.878
65.2769 -370.504 -877.196
46.8286 -390.149 -877.444
17.8095 -372.903 -854.363
11.1277 -381.13 -842.451
10.9698 -380.957 -845.426
75.9415 -393.796 -855.755
10.5976 -380.006 -844.052
61.7819 -334.814 -846.874
58.9322 -398.253 -886.523
76.155 -343.507 -873.047
73.2346 -397.466 -853.144
41.3404 -377.173 -902.969
29.0363 -377.658 -861.785
29.1157 -379.189 -860.779
27.5428 -380.868 -860.623
61.2287 -371.649 -879.538
20.3932 -387.593 -850.272
74.9691 -382.352 -892.508
43.584 -353.936 -857.864
12.5192 -374.787 -890.681
90.2013 -353.064 -888.831
20.9899 -387.013 -853.703
60.7336 -349.917 -879.934
35.7628 -401.065 -864.899
35.9423 -401.932 -867.998
49.2424 -403.854 -851.115
46.0287 -371.003 -875.743
80.4035 -385.016 -864.866
62.1594 -351.374 -879.447
53.885 -400.223 -886.426
22.9497 -385.116 -846.124
24.7998 -383.033 -844.431
25.2949 -382.595 -855.443
96.9519 -374.843 -844.935
102.647 -361.24 -882.373
32.8184 -385.955 -867.546
26.0135 -382.212 -853.905
55.9884 -348.924 -888.225
30.1114 -381.822 -890.964
42.8068 -348.595 -858.923
76.2412 -398.134 -859.078
63.4036 -394.754 -879.374
65.1879 -380.057 -853.111
26.1383 -382.241 -857.469
43.1225 -352.482 -858.665
26.1149 -382.106 -859.703
45.3051 -381.937 -834.318
58.2279 -386.73 -880.619
26.8499 -381.926 -855.304
54.1282 -348.891 -888.108
24.7137 -383.085 -858.933
29.0858 -380.305 -859.391
11.7489 -388.357 -845.891
10.4179 -387.335 -847.163
9.09217 -386.83 -845.997
43.8304 -352.276 -857.265
87.1412 -369.952 -863.059
12.1889 -388.478 -840.708
63.5711 -337.435 -846.125
25.792 -382.726 -871.697
8.73381 -386.021 -847.37
86.4245 -366.771 -863.35
11.8091 -386.911 -848.458
62.6771 -387.544 -851.597
50.3448 -386.186 -842.812
13.4334 -387.886 -848.363
57.546 -401.898 -886.478
12.1358 -388.136 -847.455
68.7456 -338.575 -875.006
72.3042 -382.311 -895.332
70.1763 -334.534 -854.518
79.2315 -381.932 -894.204
36.56 -353.667 -851.975
35.3661 -396.432 -866.007
34.896 -347.546 -872.114
93.0896 -375.064 -853.423
7.68147 -384.961 -839.548
43.1244 -350.65 -858.473
43.2719 -380.112 -902.537
64.1367 -402.726 -851.532
64.6952 -395.803 -878.749
88.6753 -366.576 -862.905
33.7649 -389.866 -863.297
89.1292 -363.572 -862.801
54.8707 -357.998 -841.666
82.9564 -377.214 -867.125
57.5708 -344.882 -887.103
11.5154 -383.317 -838.176
55.8628 -400.892 -886.567
57.2709 -398.242 -886.652
13.3861 -384.163 -838.441
54.617 -362.002 -880.216
32.6344 -382.959 -865.998
70.5879 -354.136 -846.441
13.9076 -385.843 -837.705
89.8967 -365.118 -862.646
14.1342 -387.417 -837.883
42.0409 -403.537 -851.626
11.3229 -388.212 -844.211
77.8481 -382.289 -892.853
9.82951 -387.063 -839.486
65.6247 -403.824 -852.126
25.1429 -355.515 -853.487
29.1391 -357.057 -848.134
13.0008 -383.263 -847.369
88.97 -369.831 -862.866
55.944 -403.766 -849.37
33.3403 -387.916 -862.692
46.1124 -373.231 -875.962
57.6832 -339.561 -844.763
71.4818 -387.832 -866.467
48.8846 -397.579 -885.331
91.9316 -370.136 -862.069
90.5528 -369.562 -862.663
52.9387 -388.933 -842.869
47.9746 -395.751 -885.386
14.2906 -384.381 -848.341
12.3943 -384.076 -848.535
45.1649 -380.181 -903.119
58.8835 -381.916 -833.836
90.8592 -361.393 -874.082
41.5929 -394.173 -849.945
105.813 -371.487 -851.347
92.1387 -372.021 -861.907
67.2976 -345.012 -876.115
46.8432 -397.119 -884.498
90.3574 -371.428 -862.67
87.7663 -368.207 -862.919
19.4052 -381.563 -847.312
20.0154 -379.778 -846.322
22.4174 -352.497 -889.911
20.1058 -378.14 -845.341
102.039 -351.305 -890.386
94.0846 -356.885 -843.447
105.134 -373.474 -892.631
24.5561 -382.72 -839.093
15.9205 -367.476 -873.922
23.8063 -384.259 -840.464
89.7466 -368.099 -862.799
45.7092 -393.79 -884.829
44.4864 -378.05 -874.253
26.769 -382.038 -841.3
27.3162 -381.817 -843.162
88.2981 -371.631 -862.924
86.2422 -368.492 -863.357
25.1607 -382.914 -840.926
47.2795 -394.084 -885.559
57.4091 -390.929 -880.932
87.5174 -373.302 -863.074
22.5642 -385.877 -840.597
88.6424 -375.172 -862.879
17.7866 -353.046 -878.802
21.9055 -386.563 -842.387
71.4992 -388.362 -883.675
89.4349 -373.319 -862.848
16.2703 -364.53 -839.171
57.6628 -394.22 -881.104
46.3613 -375.308 -826.189
107.677 -367.39 -846.061
71.1866 -337.979 -871.018
12.1562 -363.846 -838.254
72.1375 -341.199 -864.559
104.61 -353.224 -890.046
48.1671 -369.652 -877.753
89.0346 -376.721 -868.588
30.9432 -357.058 -845.069
87.5946 -381.364 -868.406
70.1186 -382.242 -897.86
44.9038 -381.5 -856.281
46.1514 -395.333 -884.599
68.7207 -376.32 -857.491
31.8038 -377.425 -833.41
85.3321 -374.771 -864.791
33.195 -376.853 -832.322
107.752 -360.838 -846.497
31.0092 -375.733 -833.966
66.8484 -334.802 -849.417
49.8404 -395.918 -886.064
64.0641 -336.608 -884.489
30.333 -377.78 -834.696
92.4772 -364.492 -875.528
70.7741 -367.657 -869.355
29.6712 -375.71 -835.103
24.0836 -373.513 -838.166
64.9742 -392.971 -845.35
23.9426 -375.408 -838.064
26.2668 -369.069 -838.153
42.1228 -353.572 -869.15
54.3567 -381.401 -880.494
65.0037 -394.693 -845.872
43.1356 -371.28 -826.993
66.8048 -334.53 -851.345
48.5039 -386.168 -852.61
84.941 -376.42 -867.511
8.92773 -358.739 -848.746
38.0441 -373.407 -829.377
95.1044 -354.496 -891.957
46.9194 -380.742 -827.93
82.2034 -377.69 -862.8
20.3764 -358.487 -843.598
55.0356 -379.218 -825.568
74.9298 -381.766 -843.447
43.8208 -381.087 -829.556
59.3794 -391.767 -880.667
45.815 -381.333 -829.331
82.3237 -378.536 -868.486
56.6771 -391.661 -888.249
43.0401 -381.571 -831.272
37.3593 -376.531 -829.684
70.4525 -340.2 -880.801
47.8093 -359.847 -889.375
34.607 -376.052 -831.346
50.3761 -358.845 -842.094
42.2959 -390.559 -883.54
45.8832 -376.979 -826.34
56.6495 -395.226 -887.278
105.592 -378.537 -850.305
85.7311 -363.931 -868.073
21.9119 -358.684 -879.476
58.321 -393.815 -887.603
72.8912 -382.11 -897.283
56.7864 -388.106 -880.81
26.5635 -356.61 -876.182
54.2728 -364.028 -880.142
80.4802 -380.132 -866.964
65.0623 -334.387 -848.92
64.2906 -354.096 -878.242
58.2528 -381.209 -835.427
40.9143 -341.237 -865.886
35.3973 -381.346 -845.377
23.0942 -352.699 -852.616
40.8043 -389.94 -882.456
78.1211 -347.165 -869.609
81.3353 -378.317 -867.026
40.512 -335.372 -861.66
20.2789 -384.514 -837.994
78.7053 -348.012 -866.55
85.9743 -357.409 -885.641
49.8574 -337.736 -845.829
61.7901 -338.109 -850.851
34.2746 -385.435 -857.062
34.1462 -383.406 -857.112
85.3963 -368.07 -864.679
22.1793 -361.421 -876.74
88.4134 -367.641 -868.39
31.5507 -381.7 -882.146
64.8022 -350.211 -886.931
40.5341 -334.673 -860.012
84.0407 -362.226 -894.797
35.8014 -356.967 -837.507
37.7073 -356.95 -837.037
23.4173 -378.932 -868.657
21.9662 -375.722 -869.327
35.3887 -353.367 -853.925
70.8757 -379.558 -869.789
44.7961 -400.331 -855.007
89.6524 -378.397 -869.046
31.6829 -357.014 -841.013
24.9856 -379.012 -868.15
27.9698 -381.527 -856.7
32.6854 -385.19 -865.76
7.51119 -383.121 -848.172
66.5739 -371.381 -876.007
10.6327 -358.108 -885.985
52.0275 -395.31 -850.512
86.8095 -368.283 -868.13
8.76619 -384.48 -848.428
57.4659 -389.481 -880.856
63.6689 -367.701 -878.407
38.2537 -356.984 -835.285
20.1431 -377.94 -882.716
66.8196 -362.894 -875.878
34.9788 -355.175 -854.318
103.307 -368.067 -878.669
69.7219 -337.735 -873.782
6.08066 -376.806 -847.81
63.3399 -392.973 -879.271
71.7362 -386.572 -883.976
107.688 -367.849 -841.808
38.421 -334.384 -871.188
72.3956 -342.704 -879.145
8.20532 -367.824 -850.701
6.85895 -368.078 -849.593
9.33728 -366.353 -850.633
59.1594 -338.798 -844.917
27.7117 -381.5 -858.668
7.4238 -371.732 -849.534
72.6218 -396.303 -851.994
57.7524 -404.375 -849.235
58.5676 -382.331 -899.261
107.369 -368.371 -840.168
46.1235 -404.717 -852.449
107.047 -371.479 -839.762
65.084 -403.125 -847.318
71.3012 -368.202 -866.157
79.8418 -388.351 -864.935
72.4301 -349.158 -881.561
9.99688 -371.947 -850.868
10.9214 -371.019 -852.463
42.4397 -387.479 -884.652
43.7429 -387.439 -885.553
10.8588 -369.214 -853.053
8.97514 -373.128 -849.484
61.3499 -367.469 -851.485
11.5666 -372.256 -851.28
107.65 -369.204 -842.86
67.8281 -337.237 -876.304
9.3917 -376.124 -837.835
75.3688 -340.745 -873.821
85.744 -371.327 -866.778
7.56936 -375.297 -837.456
10.743 -357.755 -887.862
43.5871 -349.024 -857.342
85.1522 -376.012 -863.814
10.6844 -374.501 -837.952
41.504 -391.839 -882.425
20.8917 -386.598 -873.244
72.8363 -344.699 -879.357
18.584 -382.465 -842.792
29.816 -367.429 -894.997
66.0515 -360.198 -904.322
10.8822 -377.012 -845.842
73.6582 -343.946 -877.944
66.6623 -403.329 -848.226
87.9434 -378.113 -868.344
9.51503 -378.592 -848.347
46.2056 -402.935 -853.317
6.19545 -371.967 -848.418
73.8065 -363.761 -828.792
35.1169 -381.812 -839.054
9.74431 -376.548 -848.391
71.3821 -361.22 -863.971
26.2317 -382.378 -876.173
11.4299 -350.484 -891.044
36.4137 -381.241 -878.614
47.0558 -379.223 -843.804
107.754 -362.353 -846.831
71.3751 -364.004 -866
62.4334 -384.354 -879.336
56.4193 -362.354 -850.517
40.6194 -392.89 -881.174
43.5124 -392.857 -857.54
30.9248 -380.042 -855.019
43.0765 -389.079 -884.619
11.7842 -382.128 -846.466
66.697 -404.808 -849.481
13.4801 -383.252 -845.659
78.2119 -357.28 -838.611
12.759 -383.006 -839.726
81.8584 -361.086 -860.87
82.6369 -359.259 -860.195
11.1345 -381.498 -839.284
11.9763 -382.151 -841.072
11.2563 -376.393 -844.18
101.956 -366.75 -879.271
12.0603 -375.468 -845.747
34.8102 -388.665 -857.543
33.6952 -384.687 -858.542
41.1084 -384.891 -884.071
5.94318 -363.302 -891.845
7.14543 -362.395 -892.723
79.8877 -357.397 -842.355
66.767 -385.492 -887.236
5.5754 -359.73 -883.371
81.2034 -360.579 -859.219
80.7068 -360.466 -857.44
5.70858 -358.186 -883.186
80.4985 -360.069 -855.462
10.0621 -353.336 -881.696
68.8791 -365.051 -857.957
43.1396 -377.485 -871.464
90.045 -375.257 -868.776
5.6618 -358.17 -890.398
62.0907 -394.064 -879.936
70.13 -343.32 -881.634
36.0306 -399.231 -862.167
24.4818 -355.215 -885.92
41.2753 -386.746 -883.906
44.6205 -389.21 -885.581
42.3482 -393.87 -882.435
25.2903 -355.902 -887.819
41.6682 -399.693 -871.335
81.583 -359.223 -856.722
36.518 -403.13 -861.654
62.4894 -400.091 -850.9
24.1447 -354.684 -888.16
45.3512 -387.595 -886.461
81.0534 -358.871 -853.821
79.7898 -360.017 -853.767
102.875 -360.39 -840.673
74.477 -365.207 -829.126
85.8617 -358.153 -862.288
49.784 -380.109 -839.672
46.1453 -380.938 -887.545
49.6522 -393.11 -851.587
35.8799 -400.793 -863.313
102.39 -383.068 -891.852
104.24 -382.977 -892.414
101.258 -384.372 -891.961
103.195 -384.924 -892.407
53.0123 -348.002 -843.165
105.717 -381.621 -892.291
64.3503 -343.224 -885.131
52.4628 -393.473 -887.378
51.6635 -387.511 -842.75
35.7858 -399.279 -864.085
105.633 -379.948 -892.461
58.324 -382.001 -895.561
80.375 -357.343 -840.571
91.602 -378.646 -891.317
41.1992 -336.508 -860.368
39.2115 -379.983 -849.786
8.76497 -386.93 -889.791
48.6081 -372.893 -852.981
78.8674 -357.328 -840.515
94.6066 -374.618 -891.297
107.149 -357.366 -884.13
42.0007 -401.491 -872.427
77.1111 -357.326 -840.237
106.982 -357.278 -886.106
23.3792 -353.744 -886.851
49.0809 -391.091 -887.153
73.8683 -385.776 -882.067
106.309 -383.662 -883.079
70.6956 -391.248 -848.194
94.465 -387.973 -877.538
94.1044 -386.4 -876.649
95.6251 -387.82 -879.057
89.3184 -373.475 -868.379
34.7817 -381.958 -875.743
68.9484 -387.358 -885.8
93.1054 -384.976 -875.516
55.0892 -378.153 -880.445
54.6492 -388.978 -842.677
91.8955 -383.429 -874.987
68.3286 -384.284 -886.536
81.0951 -381.763 -893.585
79.5806 -382.249 -892.366
71.807 -357.213 -836.002
22.6384 -352.228 -856.395
103.681 -374.307 -892.681
74.3625 -368.764 -901.855
68.5877 -381.323 -856.501
74.7184 -365.671 -901.57
50.0179 -380.041 -826.577
63.1879 -367.865 -905.571
73.618 -357.214 -835.463
61.8035 -368.953 -905.779
67.4625 -397.961 -847.947
82.8038 -380.429 -859.809
57.8502 -340.705 -850.173
87.1221 -356.835 -887.02
47.2001 -384.497 -887.755
84.2091 -381.945 -859.095
85.8207 -382.39 -861.553
91.3058 -386.448 -872.231
76.6744 -357.335 -835.578
85.769 -382.765 -860.105
75.8679 -369.131 -900.78
73.9091 -357.395 -833.481
45.4942 -384.306 -886.962
77.6667 -358.763 -855.709
74.6766 -370.778 -901.581
48.5662 -336.548 -846.578
77.3521 -369.486 -899.444
72.3279 -357.224 -834.151
73.4044 -370.047 -902.361
75.4721 -372.103 -900.954
79.0199 -369.978 -897.963
72.1584 -397.938 -851.955
55.2491 -339.705 -886.299
77.7818 -371.204 -899.033
79.0145 -371.727 -898.037
33.4438 -387.679 -869.924
70.9024 -381.347 -900.718
73.7666 -381.514 -898.917
53.3079 -342.154 -886.307
67.69 -339.342 -876.203
72.8436 -380.925 -900.438
77.012 -357.7 -834.095
76.8972 -380.318 -898.83
61.4238 -371.144 -851.539
46.1725 -386.055 -887.198
36.9959 -381.274 -844.229
73.4259 -379.477 -901.413
49.1015 -373.032 -878.441
81.468 -380.008 -858.184
71.6199 -356.114 -883.823
40.6884 -339.187 -865.61
91.0044 -382.074 -871.817
41.8486 -380.88 -830.06
81.6256 -380.652 -856.372
68.9208 -397.344 -848.818
92.4262 -375.65 -879.695
91.4759 -377.202 -879.988
70.7209 -353.01 -884.275
90.611 -379.924 -878.704
90.8003 -377.999 -878.519
42.2065 -380.486 -869.446
29.567 -380.856 -855.89
93.991 -385.411 -878.385
106.865 -371.423 -850.165
41.0242 -381.485 -832.049
82.8658 -381.243 -857.844
40.5984 -381.376 -899.829
52.0802 -345.763 -886.974
93.1685 -382.379 -882.708
91.7531 -379.836 -881.628
92.192 -381.683 -881.52
43.4598 -402.507 -875.041
91.8782 -382.704 -879.887
54.0519 -359.453 -841.392
49.1025 -394.28 -886.266
72.4254 -402.672 -865.659
70.7829 -362.4 -827.499
68.3695 -403.44 -849.389
44.4665 -385.836 -886.318
62.9037 -347.771 -886.92
78.7993 -379.84 -853.816
73.8182 -358.031 -831.438
23.2714 -353.469 -888.658
19.4818 -376.302 -882.579
98.757 -388.76 -891.817
103.15 -355.779 -850.121
73.987 -360.556 -881.863
98.7876 -389.817 -888.74
67.4636 -372.123 -855.949
48.2765 -392.629 -886.418
49.2377 -368.069 -905.663
74.2678 -381.878 -888.512
88.8043 -371.551 -868.349
44.8901 -377.389 -904.185
48.0525 -389.455 -887.225
48.0484 -379.144 -904.538
68.7005 -368.074 -857.842
66.8496 -368.818 -855.242
47.0629 -387.776 -887.266
35.9314 -393.839 -873.061
28.4725 -381.525 -854.59
45.0118 -373.648 -904.421
36.8911 -378.998 -852.574
103.266 -351.97 -887.411
44.3342 -370.361 -904.537
66.4964 -340.144 -877.364
69.7692 -404.113 -850.939
41.0079 -381.937 -897.994
72.7518 -335.143 -867.395
53.9953 -389.08 -888.782
91.6632 -379.096 -850.554
73.2229 -334.687 -864.399
66.5385 -381.589 -854.187
69.2634 -392.261 -857.288
27.0469 -373.254 -867.226
61.3173 -381.533 -851.128
92.6819 -359.413 -848.735
64.1707 -397.23 -851.89
93.4101 -382.174 -848.445
63.1483 -389.389 -851.767
94.5267 -375.836 -847.583
51.12 -363.21 -879.376
96.2433 -374.887 -847.885
98.1168 -374.674 -848.335
88.2105 -369.59 -868.348
68.9493 -359.975 -857.482
75.218 -357.223 -836.724
49.9804 -400.632 -885.547
46.4471 -392.484 -885.616
97.4713 -374.806 -846.557
13.4717 -374.617 -889.115
104.942 -367.721 -879.939
18.5179 -375.498 -883.882
65.2039 -395.982 -852.636
51.2521 -354.391 -842.051
76.32 -357.248 -838.45
68.7507 -372.35 -873.5
95.5112 -388.652 -852.033
59.1772 -335.944 -881.107
96.5915 -389.221 -850.859
75.5519 -357.329 -839.86
106.285 -367.313 -881.114
67.3436 -388.583 -854.894
81.2991 -378.274 -833.966
75.725 -351.385 -878.386
66.5681 -391.503 -853.996
67.5454 -392.275 -854.958
68.4193 -373.937 -874
73.8371 -368.268 -828.62
86.9813 -371.344 -867.998
72.7301 -405.2 -857.993
73.3464 -366.515 -828.489
41.5397 -403.465 -871.95
73.9713 -370.193 -828.711
5.60184 -372.307 -840.673
42.6367 -378.938 -870.443
68.4427 -378.812 -874.433
80.4265 -363.819 -897.836
89.0755 -385.234 -854.776
34.9179 -394.655 -865.934
66.234 -389.982 -853.768
11.2346 -356.294 -891.154
64.3669 -387.947 -852.492
86.6235 -382.957 -854.952
69.3884 -361.796 -827.046
84.9935 -382.333 -855.412
86.7691 -356.973 -890.175
89.0631 -385.179 -853.286
90.3285 -386.881 -853.775
48.2716 -388.445 -843.989
70.6382 -357.187 -834.49
66.4212 -395.048 -853.668
68.2445 -365.372 -874.175
65.232 -378.159 -853.232
45.4133 -351.843 -844.543
105.047 -386.297 -884.401
100.894 -355.763 -840.401
73.1481 -334.513 -869.06
50.7102 -388.066 -888.467
31.1792 -377.461 -896.932
93.2608 -363.127 -840.168
39.2312 -380.895 -882.283
59.8181 -340.989 -850.548
95.6435 -373.175 -857.862
59.8209 -346.27 -843.715
93.4822 -372.571 -860.787
37.5397 -381.001 -898.908
99.366 -351.473 -849.976
97.6166 -351.354 -850.53
98.3484 -350.184 -848.844
10.9621 -376.67 -885.45
69.3927 -393.442 -883.596
51.0921 -350.597 -888.082
36.7697 -377.804 -900.661
49.7426 -389.835 -851.691
51.4408 -386.431 -888.958
46.135 -356.378 -887.087
64.9406 -375.057 -853.179
56.7136 -344.267 -880.738
67.2171 -358.974 -840.789
41.8817 -375.553 -864.509
38.065 -334.301 -862.362
65.7074 -373.462 -853.855
69.3998 -363.483 -827.001
65.7876 -376.515 -853.801
11.313 -354.946 -881.964
53.8189 -379.528 -880.337
88.8407 -383.201 -862.075
83.7145 -357.567 -849.565
66.5396 -375.042 -854.621
65.1242 -393.196 -886.092
66.517 -377.74 -854.369
84.0839 -357.6 -851.556
34.5139 -393.153 -866.791
105.07 -355.405 -849.902
34.9413 -394.397 -867.958
84.5927 -357.578 -853.605
71.2427 -375.139 -867.318
24.3536 -383.933 -889.188
85.7064 -357.356 -852.106
85.4195 -357.382 -850.014
86.8945 -356.921 -848.928
85.2015 -357.398 -847.817
59.4066 -358.167 -850.652
68.5212 -394.931 -883.704
91.3213 -360.762 -839.28
86.6578 -357.273 -840.455
84.945 -357.6 -840.503
55.341 -366.493 -850.733
58.7749 -388.428 -880.62
84.1506 -361.789 -836.107
49.6918 -386.37 -888.524
54.9516 -368.372 -850.867
102.515 -385.324 -839.027
103.896 -386.154 -839.517
67.1125 -336.743 -882.937
75.136 -360.206 -848.038
96.2816 -386.209 -839.127
96.16 -384.698 -840.13
94.4416 -383.842 -840.022
98.0378 -372.729 -876.139
79.557 -358.38 -849.241
56.0476 -384.711 -880.681
42.961 -357.304 -859.286
40.1897 -358.833 -829.558
83.6002 -358.59 -871.649
53.0146 -369.352 -851.175
36.8256 -379.588 -847.628
42.2241 -350.069 -869.638
61.9088 -365.599 -851.589
84.4185 -357.823 -873.25
22.0674 -360.981 -852.391
22.0123 -359.904 -850.775
22.2651 -358.305 -854.478
21.5102 -361.693 -850.685
44.0136 -403.899 -876.227
63.1114 -366.488 -852.166
35.3726 -396.19 -867.563
75.1346 -397.697 -856.265
20.53 -358.711 -847.165
20.5064 -362.085 -849.071
58.9779 -358.78 -893.66
84.4779 -358.672 -869.976
16.1549 -363.997 -841.149
69.284 -396.42 -882.686
86.9984 -376.466 -868.167
99.8246 -366.908 -852.224
33.0006 -387.386 -866.171
66.6632 -361.023 -826.38
68.5798 -370.738 -873.665
73.573 -399.104 -853.921
65.423 -359.761 -853.495
67.9067 -393.553 -884.557
47.5658 -378.862 -842.164
64.7523 -394.947 -885.728
26.5663 -356.47 -858.899
80.5574 -358.305 -850.868
39.7776 -393.946 -879.813
21.9313 -356.998 -857.964
66.7366 -392.56 -885.523
66.7758 -348.218 -854.622
25.176 -355.533 -859.357
35.0261 -393.765 -869.802
66.9245 -346.263 -854.628
63.8183 -349.359 -852.704
36.2452 -335.697 -864.411
38.5053 -393.159 -878.482
81.3309 -358.246 -852.31
25.4713 -355.738 -857.571
62.0938 -348.322 -851.913
59.2192 -342.685 -844.588
71.4952 -357.942 -865.845
45.5484 -348.246 -875.662
46.7958 -347.107 -877.003
40.1343 -397.98 -878.818
106.029 -362.353 -849.964
20.574 -352.716 -857.212
20.4262 -354.067 -856.415
42.4238 -403.091 -873.571
98.849 -367.106 -853.528
78.7478 -359.384 -851.002
67.5716 -394.176 -854.855
41.988 -379.994 -885.322
69.3891 -367.779 -872.423
66.7344 -360.383 -854.778
63.9394 -396.52 -885.6
60.3087 -349.121 -851.317
66.4975 -357.756 -893.692
79.9285 -359.126 -852.37
65.7976 -396.338 -884.858
12.5066 -349.563 -845.529
65.1767 -348.311 -853.446
56.5219 -358.244 -826.64
58.0407 -357.709 -827.587
42.6635 -337.502 -849.979
54.7522 -357.812 -827.294
53.2477 -357.391 -828.375
90.5988 -360.464 -857.041
56.9188 -361.187 -824.983
74.8859 -341.956 -875.148
97.8364 -366.897 -852.253
96.4441 -373.279 -877.12
71.0091 -393.141 -882.411
70.1072 -338.279 -881.06
34.5998 -391.987 -870.077
68.6584 -352.604 -856.75
70.0282 -391.816 -883.658
46.1652 -367.561 -825.949
67.7812 -348.837 -885.062
54.3609 -393.106 -880.994
53.0743 -394.404 -880.824
6.29377 -363.308 -838.338
69.2312 -366.044 -872.693
47.9848 -367.241 -825.59
85.3577 -382.448 -875.482
43.2989 -355.625 -858.507
70.1713 -367.337 -827.094
65.7821 -335.131 -878.907
77.0121 -359.956 -831.234
70.3479 -360.597 -827.628
75.6212 -358.834 -831.276
67.2184 -356.611 -844.277
49.0193 -360.989 -825.703
70.8966 -336.024 -858.281
47.5037 -360.127 -826.255
48.9166 -362.856 -825.549
47.3462 -361.944 -825.928
80.1217 -363.745 -832.756
70.6708 -337.853 -858.334
83.2516 -360.295 -870.353
52.1802 -361.3 -825.19
70.4352 -339.715 -858.172
35.6041 -394.75 -871.175
76.0385 -386.655 -879.238
69.9936 -336.799 -856.915
70.4236 -335.118 -856.56
68.0509 -336.527 -854.42
60.8108 -368.261 -824.828
71.4907 -359.529 -828.6
71.7829 -357.726 -831.049
68.8054 -357.887 -829.46
72.2314 -354.22 -883.196
59.1307 -353.055 -841.895
21.7301 -383.411 -860.014
60.1448 -359.561 -825.737
22.1164 -357.009 -838.225
67.2841 -360.054 -842.586
47.9746 -364.71 -905.164
41.6775 -357.728 -863.859
20.3464 -359.397 -845.206
76.874 -386.851 -877.893
62.2407 -404.171 -846.83
56.4185 -361.896 -905.968
68.1374 -363.352 -874.331
29.0994 -361.569 -835.776
30.3681 -360.142 -835.071
58.2403 -365.335 -905.986
28.7659 -381.692 -846.703
28.0673 -381.812 -875.414
26.6804 -356.48 -841.851
102.282 -363.268 -849.252
39.1396 -347.149 -879.697
32.6821 -383.987 -867.535
27.364 -359.442 -837.386
88.12 -356.183 -852.27
60.084 -386.778 -842.354
55.333 -354.178 -841.579
61.6017 -381.773 -890.272
69.7858 -338.705 -856.888
67.5565 -396.361 -883.883
33.2979 -358.94 -833.59
30.5336 -358.672 -836.025
29.0801 -358.439 -837.229
72.3282 -334.768 -870.646
67.6021 -367.575 -856.165
63.4126 -381.745 -889.989
77.4718 -389.063 -855.923
26.0395 -357.076 -838.505
90.9931 -382.066 -852.906
27.9242 -357.09 -839.278
28.1799 -356.908 -840.933
28.8162 -357.04 -844.551
89.4087 -354.513 -857.465
78.9514 -388.407 -872.13
26.4628 -356.421 -839.969
7.95793 -372.82 -892.813
35.9422 -402.624 -865.898
68.5369 -361.523 -904.02
33.2417 -385.854 -870.612
70.6766 -347.559 -859.923
96.3099 -367.111 -839.108
70.2239 -341.509 -858.079
71.0001 -340.651 -859.633
64.2383 -382.704 -888.742
34.7799 -391.157 -871.779
24.5405 -354.7 -846.392
34.9217 -390.065 -873.203
71.6028 -339.786 -861.252
71.1853 -338.872 -859.719
71.7044 -338.293 -861.2
71.4588 -336.965 -860.105
71.8087 -335.183 -859.597
48.1381 -344.548 -852.205
26.3061 -371.615 -867.186
57.1304 -387.359 -889.341
70.8711 -342.392 -859.625
71.3856 -343.237 -861.249
71.4861 -341.494 -861.257
28.6917 -363.133 -863.528
88.9976 -355.53 -860.638
58.5417 -382.273 -901.051
70.3523 -396.449 -849.737
72.0362 -338.771 -862.803
14.1142 -353.183 -838.115
11.8171 -356.112 -888.244
41.091 -343.048 -864.865
15.6484 -353.952 -839.293
86.8599 -356.676 -857.907
66.4894 -340.866 -853.734
58.2225 -372.431 -850.909
19.1823 -354.168 -838.38
27.4262 -381.856 -851.096
20.77 -353.268 -837.963
15.7586 -352.332 -837.852
17.3947 -353.236 -838.249
51.6891 -362.128 -851.137
65.0849 -394.023 -852.681
13.6226 -349.297 -844.313
57.2996 -353.787 -841.625
21.844 -352.043 -838.821
53.5811 -383.401 -889.629
69.9622 -388.817 -846.813
67.6937 -353.799 -855.625
71.307 -397.308 -850.877
71.4627 -356.898 -864.535
52.1016 -357.024 -850.863
10.2836 -350.831 -842.814
88.4284 -355.543 -858.7
71.0311 -364.251 -827.594
8.73892 -352.958 -838.546
9.90019 -350.998 -844.494
11.6667 -349.989 -843.837
41.4136 -404.751 -873.186
52.4943 -355.915 -841.811
70.58 -359.742 -860.531
93.0104 -359.751 -843.788
11.7699 -356.202 -841.427
72.2513 -339.348 -864.55
90.5177 -380.547 -871.155
13.7291 -354.481 -839.617
41.4655 -394.363 -868.994
45.5723 -395.419 -876.727
34.0623 -391.459 -866.721
72.3541 -338.087 -865.995
72.2996 -337.534 -864.204
62.5063 -373.041 -851.909
58.8271 -357.076 -830.599
42.1187 -402.543 -858.439
68.9536 -358.222 -857.234
41.1817 -398.113 -880.033
71.2451 -352.348 -862.572
92.9851 -360.696 -841.904
72.6812 -391.742 -850.213
70.1711 -363.081 -870.87
91.8442 -351.932 -851.764
70.1687 -366.509 -870.902
10.7441 -359.557 -845.945
10.8479 -357.756 -846.455
30.4098 -381.687 -847.195
11.0612 -360.64 -841.973
62.2872 -344.174 -844.876
67.401 -368.34 -875.131
10.8313 -360.088 -844.049
41.7296 -356.51 -867.278
72.3967 -335.857 -863.496
71.8283 -402.535 -879.475
43.6858 -394.712 -857.057
41.2526 -405.085 -876.217
11.9895 -362.177 -842.151
15.8001 -349.092 -846.663
91.9371 -351.845 -853.527
24.89 -355.603 -880.604
14.9659 -349.118 -842.945
72.9492 -400.76 -853.189
27.0377 -374.864 -867.825
12.5934 -350.416 -838.376
55.8547 -359.27 -841.512
13.1257 -349.449 -842.321
11.1435 -350.434 -839.686
12.7683 -349.634 -840.233
70.7059 -374.389 -862.162
14.2244 -349.713 -838.831
69.7072 -361.572 -871.912
69.2826 -363.152 -872.587
19.0296 -355.22 -848.293
49.3806 -381.985 -901.125
38.0836 -353.406 -880.734
30.8861 -379.643 -874.51
68.4889 -368.937 -873.775
70.9515 -387.256 -861.483
39.6181 -405.051 -862.866
97.1585 -375.012 -885.932
71.0428 -375.752 -863.531
32.888 -384.793 -869.184
100.291 -355.873 -842.164
41.6908 -390.671 -868.926
23.3918 -384.351 -858.265
44.3441 -404.925 -877.802
71.3113 -377.194 -865.046
73.669 -405.219 -866.491
82.4147 -359.891 -872.198
42.8053 -334.217 -876.146
40.2898 -404.112 -877.246
69.6816 -363.087 -903.779
56.1306 -338.809 -881.151
56.7989 -357.045 -831.455
47.8976 -396.258 -846.39
19.9733 -361.226 -889.925
9.10045 -375.706 -881.227
32.786 -383.101 -862.973
79.2338 -365.486 -832.402
70.175 -377.899 -860.227
102.694 -357.248 -849.459
71.1949 -372.185 -864.689
55.9184 -346.203 -843.431
73.0857 -404.849 -863.21
92.8076 -351.719 -854.99
51.9945 -359.428 -839.229
98.6125 -354.529 -881.97
68.3017 -360.337 -887.986
70.7449 -360.559 -886.135
66.6914 -360.497 -888.6
72.886 -390.736 -881.502
96.024 -355.212 -848.795
94.1615 -355.884 -849.829
9.96325 -361.682 -892.048
105.395 -362.586 -881.328
33.6899 -389.252 -869.003
67.905 -361.016 -856.199
94.7876 -350.431 -846.894
5.91747 -361.338 -891.761
17.0612 -349.206 -843.51
51.1604 -358.27 -837.932
74.5157 -389.456 -851.363
43.0824 -375.421 -870.955
94.5728 -369.353 -860.161
72.4765 -340.393 -852.45
75.1696 -352.777 -851.3
29.7132 -381.055 -874.792
21.9994 -357.88 -875.627
22.3513 -359.652 -877.76
22.3641 -359.591 -876.098
56.5835 -346.166 -880.631
79.1359 -360.3 -877.999
47.4297 -357.61 -837.705
46.7351 -345.26 -845.856
33.5227 -389.405 -866.797
32.1818 -381.506 -847.79
34.0337 -390.827 -868.433
17.1839 -351.717 -879.162
33.3929 -364.895 -898.408
71.3593 -365.134 -864.906
106.613 -377.34 -839.373
17.1613 -353.38 -880.343
39.404 -405.134 -869.591
15.8014 -350.05 -881.58
17.7594 -349.759 -881.508
14.9342 -349.401 -883.322
60.8674 -398.139 -886.206
24.8237 -355.439 -876.835
53.7787 -357.051 -830.077
16.0848 -351.641 -880.476
51.1471 -381.372 -851.344
107.224 -375.2 -839.949
68.3978 -367.182 -873.934
76.6437 -346.965 -874.261
34.8996 -361.466 -899.679
32.4959 -363.465 -898.007
67.7642 -382.153 -855.414
20.1584 -356.583 -891.331
49.9761 -359.031 -839.293
107.526 -379.773 -842.178
107.539 -379.097 -843.71
20.1349 -358.713 -887.959
95.4513 -370.548 -838.925
69.929 -343.997 -848.998
32.9383 -384.522 -861.962
33.6204 -382.547 -858.956
74.7672 -391.404 -852.581
34.3521 -392.589 -865.295
32.8037 -379.364 -862.126
33.3917 -379.27 -859.974
64.9721 -359.107 -843.456
84.5611 -357.71 -876.704
63.0753 -358.462 -842.793
40.4202 -404.96 -871.508
32.6898 -380.934 -865.951
32.7126 -380.104 -864.161
59.154 -379.497 -837.588
94.1006 -367.676 -838.995
102.048 -377.685 -847.275
59.805 -380.96 -836.832
94.0398 -369.753 -838.976
53.013 -382.397 -850.646
57.6909 -338.599 -881.068
33.6118 -372.986 -832.464
67.2452 -378.709 -826.84
62.4998 -342.996 -885.736
71.1786 -380.265 -829.165
69.3824 -380.374 -828.689
70.3474 -381.268 -830.233
79.5768 -378.437 -832.696
100.575 -369.853 -838.81
65.5001 -375.882 -826.002
68.4254 -376.928 -826.829
55.117 -382.711 -850.271
41.5858 -386.152 -866.211
38.5531 -359.099 -830.131
98.7477 -369.671 -838.829
76.5971 -392.369 -875.375
107.251 -366.297 -849.194
75.7569 -345.84 -875.448
77.109 -357.507 -891.319
41.8885 -354.505 -862.828
12.9103 -372.665 -877.983
44.2731 -360.347 -827.068
70.493 -403.166 -880.542
56.9349 -368.326 -880.274
38.1437 -346.84 -878.256
38.6008 -366.16 -828.932
40.0858 -365.694 -828.209
12.2054 -375.278 -885.663
44.8144 -366.221 -826.375
43.0265 -366.923 -826.957
105.536 -370.832 -838.832
44.0707 -398.106 -882.65
103.222 -367.379 -838.71
73.1203 -394.487 -851.837
55.1378 -377.984 -841.087
49.5627 -368.618 -825.309
74.2254 -360.852 -901.493
106.646 -369.547 -839.315
55.6688 -379.941 -880.578
51.213 -367.349 -824.936
43.8019 -393.478 -874.461
47.4837 -368.942 -825.695
103.401 -365.277 -838.845
45.4346 -346.304 -875.617
27.6664 -362.027 -893.943
88.8807 -384.771 -882.085
77.4921 -344.073 -862.584
58.5228 -357.109 -832.468
59.5556 -357.564 -835.605
60.0298 -372.236 -825.035
20.2963 -357.836 -841.659
104.31 -363.456 -838.891
44.4614 -391.62 -875.169
62.6433 -336.542 -850.908
68.2717 -397.958 -883.063
106.207 -363.415 -839.041
39.6062 -405.148 -872.906
55.0467 -368.378 -824.68
49.6738 -376.242 -825.495
103.581 -361.653 -839.478
71.4642 -380.805 -866.895
107.213 -364.988 -840.04
79.6575 -360.143 -871.21
60.4149 -373.956 -825.15
67.906 -377.225 -874.915
105.508 -364.992 -838.825
44.6243 -383.679 -874.948
27.5156 -356.847 -847.334
74.9525 -394.903 -876.958
56.6443 -353.971 -880.315
46.4388 -370.497 -825.949
45.7928 -369.097 -826.006
61.3029 -335.111 -881.042
48.4844 -370.437 -825.634
40.5711 -405.145 -874.532
92.0153 -360.646 -849.92
48.2672 -373.366 -825.817
48.1232 -374.955 -825.812
51.425 -375.442 -825.239
39.2055 -348.949 -880.516
43.1237 -403.764 -880.723
43.6032 -383.329 -873.476
56.6374 -334.707 -846.348
42.7912 -382.899 -871.833
39.6101 -404.274 -875.836
98.5372 -374.932 -845.073
61.975 -357.118 -831.139
37.8164 -404.957 -868.162
44.7924 -375.655 -826.6
21.7388 -383.112 -892.207
37.0135 -404.362 -863.203
92.5444 -356.977 -850.833
35.5362 -357.087 -891.813
35.7361 -363.245 -900.245
19.9004 -377.847 -889.309
54.5094 -365.411 -824.849
54.148 -371.628 -824.809
19.8554 -380.117 -886.216
45.8981 -357.2 -897.019
51.8918 -381.584 -902.834
76.8361 -340.833 -869.11
55.4281 -395.976 -849.915
42.6653 -380.953 -871.165
32.4293 -381.072 -849.638
102.915 -388.211 -888.5
54.0246 -346.318 -843.504
74.1751 -334.421 -867.762
52.2824 -370.903 -824.973
76.6865 -382.138 -842.879
32.106 -360.829 -873.334
94.4131 -355.007 -851.648
45.6467 -346.397 -846.062
95.7833 -364.299 -846.679
76.0039 -382.162 -838.031
78.9667 -381.917 -836.221
42.356 -401.835 -880.955
42.2318 -382.41 -870.085
43.232 -400.115 -881.853
36.7697 -404.237 -865.114
76.3027 -402.964 -870.713
57.9239 -379.826 -836.491
38.7602 -404.287 -874.227
58.8074 -354.889 -841.694
52.7279 -341.518 -850.286
78.6106 -350.62 -859.511
42.6124 -381.612 -839.275
43.4788 -381.832 -837.519
46.8069 -381.221 -838.862
45.6191 -381.746 -837.456
60.621 -403.933 -846.286
75.1948 -357.575 -890.579
93.5857 -363.242 -848.701
75.857 -379.435 -849.577
107.684 -365.883 -847.538
74.1225 -405.302 -869.74
47.146 -374.022 -854.056
89.5832 -356.57 -861.972
28.1588 -381.853 -884.42
100.2 -375.625 -845.357
100.506 -375.84 -842.017
30.3384 -381.854 -887.188
22.4171 -386.386 -887.965
92.4625 -362.345 -849.759
40.1258 -380.276 -843.799
49.7687 -382.162 -896.116
65.3286 -357.484 -829.355
42.5506 -398.371 -881.344
60.6421 -354.047 -842.034
44.7368 -400.17 -882.981
94.8262 -365.929 -851.097
54.586 -397.863 -849.894
44.1111 -381.058 -840.28
39.9809 -381.214 -842.103
45.7623 -398.567 -883.703
13.1092 -355.082 -841.525
17.3298 -354.668 -842.47
38.5182 -381.194 -843.176
94.2787 -371.69 -839.024
56.4816 -382.296 -899.114
35.2861 -381.804 -841.285
54.644 -396.086 -886.987
38.5482 -382.022 -892.016
106.964 -362.689 -882.328
54.6213 -394.051 -887.512
59.0657 -337.757 -880.907
87.9401 -359.38 -838.691
86.5573 -360.266 -838.243
47.2043 -375.574 -854.026
48.6934 -374.934 -852.958
88.1822 -361.297 -838.641
51.0127 -394.556 -886.771
39.4722 -378.534 -847.083
44.2991 -381.722 -874.463
49.0526 -358.789 -891.555
80.2066 -382.24 -840.716
42.0508 -382.571 -846.78
51.5454 -395.982 -886.519
36.4573 -400.044 -860.401
85.3297 -361.061 -837.293
49.9915 -382.332 -842.85
42.6251 -373.728 -869.508
63.1566 -379.71 -842.631
17.1791 -366.261 -856.879
63.5793 -381.455 -843.046
55.175 -401.337 -845.099
65.1595 -382.164 -843.531
65.4809 -384.146 -843.575
68.7329 -375.895 -873.751
62.6435 -384.813 -842.658
89.7245 -357.1 -838.99
68.1703 -382.44 -844.902
66.554 -382.85 -844.048
47.7392 -355.251 -852.799
37.2953 -402.326 -858.288
42.9191 -380.843 -846.382
61.3889 -379.459 -842.101
88.8271 -355.444 -841.24
12.7668 -374.931 -887.371
48.3958 -382.756 -843.313
78.1987 -356.849 -856.341
42.3885 -348.315 -870.221
89.936 -355.515 -839.534
89.3207 -358.548 -838.768
36.6077 -401.854 -860.079
63.2964 -340.06 -885.111
76.0562 -347.607 -875.873
45.4238 -382.004 -875.852
65.5323 -399.517 -884.522
89.6737 -360.147 -838.816
38.1498 -403.979 -857.945
53.9876 -358.058 -888.999
5.40951 -368.436 -883.293
62.3695 -357.356 -829.291
96.4518 -350.66 -839.729
67.5615 -375.384 -875.139
62.782 -402.523 -885.373
64.3557 -401.103 -885.003
54.9777 -347.854 -843.011
47.6915 -357.376 -887.65
50.094 -368.267 -852.059
12.2814 -355.672 -889.915
32.4524 -359.626 -861.667
74.7339 -405.271 -867.941
32.4178 -360.818 -857.565
102.535 -354.8 -881.28
46.2378 -358.651 -887.233
44.7333 -357.189 -886.305
50.2192 -404.987 -883.595
49.8012 -359.33 -888.602
42.4777 -386.262 -871.207
84.754 -382.329 -850.71
42.0049 -385.62 -869.432
41.8344 -367.588 -864.868
37.7076 -358.014 -831.845
47.719 -405.237 -881.488
47.7069 -355.414 -887.795
95.4766 -350.265 -845.623
46.1516 -354.457 -887.108
65.8837 -364.712 -825.955
103.733 -355.234 -838.909
105.084 -356.561 -838.871
22.0526 -358.097 -877.534
49.2334 -356.381 -888.284
69.4746 -381.092 -845.763
101.667 -352.883 -881.466
67.5597 -404.977 -881.274
64.595 -363.256 -825.698
107.629 -377.662 -846.443
50.9874 -355.672 -888.807
107.615 -375.92 -845.749
79.5919 -360.869 -858.426
64.8108 -404.508 -883.421
6.13884 -355.917 -887.535
55.2968 -359.376 -889.069
17.7087 -366.058 -877.668
41.6259 -385.803 -864.062
51.5257 -357.628 -827.962
51.1452 -365.24 -825.043
38.4639 -404.866 -859.535
46.3268 -404.508 -882.43
67.1424 -359.821 -886.987
67.3487 -389.744 -876.233
20.6079 -375.945 -879.489
44.3879 -405.052 -879.773
20.4762 -376.944 -881.115
52.0278 -349.558 -879.978
64.7332 -402.811 -884.551
49.6288 -379.404 -904.759
78.4044 -359.555 -874.225
107.618 -377.984 -842.364
50.9762 -380.336 -904.293
42.5748 -376.984 -869.733
71.9806 -397.663 -866.114
40.9992 -339.278 -862.263
72.9223 -341.054 -878.087
59.9557 -399.78 -886.29
63.8206 -362.63 -905.316
77.5368 -391.438 -873.803
48.144 -379.764 -826.724
65.1282 -361.442 -904.914
65.7447 -363.414 -904.921
72.9727 -396.925 -878.901
37.2009 -403.519 -859.743
46.1996 -378.545 -843.1
52.4905 -398.721 -886.256
65.3175 -366.768 -825.667
73.1175 -404.973 -868.343
27.3824 -371.934 -893.163
46.906 -337.397 -847.088
38.3154 -379.444 -882.366
71.6282 -398.181 -862.152
26.6572 -380.461 -892.619
56.9655 -383.036 -850.232
27.0051 -378.507 -893.435
97.4391 -386.476 -850.668
25.6419 -374.882 -892.616
50.5721 -398.988 -885.761
65.4042 -357.994 -853.458
20.8941 -380.446 -880.871
20.3755 -382.178 -880.597
95.7082 -386.802 -851.66
72.368 -373.701 -828.236
24.4422 -383.586 -885.07
61.1812 -396.591 -850.635
23.0373 -385.412 -881.955
64.1744 -365.082 -825.538
24.4046 -383.751 -887.243
92.4772 -382.923 -839.429
65.7529 -337.953 -883.965
73.0994 -375.672 -828.582
12.7492 -387.827 -892.03
68.7407 -374.854 -826.854
104.542 -355.184 -881.485
70.4809 -374.231 -827.465
21.5249 -381.266 -879.251
20.953 -378.701 -881.087
67.2238 -357.972 -886.631
46.3261 -376.606 -904.626
13.6513 -373.483 -880.881
57.8059 -399.945 -886.538
11.9692 -374.832 -882.438
105.248 -356.908 -881.429
11.8881 -373.84 -881.086
56.4609 -361.191 -880.356
102.583 -379.506 -844.186
80.5575 -374.948 -833.281
9.81223 -377.333 -881.878
10.7021 -375.92 -882.197
85.3279 -379.942 -837.682
35.3746 -379.72 -848.805
76.4609 -395.119 -873.802
93.3126 -389.164 -843.377
95.5283 -383.794 -843.755
21.9943 -377.47 -853.376
41.9205 -356.412 -862.537
103.583 -388.022 -843.759
21.9437 -379.178 -850.954
10.4194 -388.238 -887.624
94.0761 -382.683 -844.228
7.45153 -384.648 -847.092
42.3326 -356.999 -860.903
22.025 -377.758 -851.767
58.1978 -361.233 -880.298
57.7404 -362.78 -880.289
5.72566 -380.415 -841.971
64.2327 -357.38 -835.792
63.8878 -375.448 -825.668
65.8265 -356.023 -843.586
79.8422 -379.818 -833.63
25.8945 -356.128 -846.768
16.374 -365.653 -880.612
61.5163 -374.454 -851.515
67.909 -359.294 -855.982
21.578 -381.806 -859.432
72.5473 -336.011 -865.584
57.3997 -364.58 -880.291
20.8736 -383.618 -858.702
91.9658 -371.048 -869.26
103.56 -387.701 -884.05
88.2831 -384.136 -841.951
17.8832 -349.7 -884.741
77.3117 -382.191 -838.919
71.4748 -389.108 -864.971
43.8874 -396.703 -856.557
25.6106 -381.387 -861.383
66.8419 -361.63 -904.523
75.6498 -398.341 -857.613
87.4542 -383.121 -840.711
22.3742 -380.5 -860.817
22.5709 -382.326 -860.914
41.9733 -400.689 -859.025
54.8093 -399.587 -845.074
26.4862 -380.162 -861.831
23.711 -381.121 -861.73
24.5139 -377.788 -862.113
25.326 -368.707 -862.182
18.8682 -388.721 -879.857
63.6913 -366.648 -825.282
57.7321 -334.828 -881.982
76.5459 -352.95 -877.639
73.3259 -405.233 -861.377
31.8481 -361.285 -859.391
30.2533 -362.246 -862.259
23.1006 -377.156 -861.596
55.8112 -399.091 -886.6
66.2411 -357.898 -843.93
88.7423 -384.677 -845.391
87.9193 -383.728 -843.896
56.0569 -397.194 -886.826
23.3091 -379.177 -861.706
20.522 -374.744 -852.831
58.1051 -399.046 -845.053
39.5867 -405.142 -857.916
45.1667 -378.534 -826.854
107.669 -369.163 -846.723
49.7689 -381.45 -879.138
94.9892 -355.269 -840.108
73.7357 -405.215 -859.546
7.14182 -383.334 -838.585
5.55323 -378.249 -846.728
5.81059 -379.988 -847.218
86.4006 -382.655 -844.775
87.73 -383.477 -845.526
5.5025 -379.701 -845.378
5.55182 -378.64 -841.446
18.7319 -388.91 -881.878
21.0362 -355.278 -838.301
90.8391 -384.661 -860.264
6.20766 -381.728 -839.156
10.7455 -386.477 -838.163
9.07483 -385.91 -838.689
50.6687 -357.815 -893.964
8.67006 -386.336 -840.481
57.76 -360.89 -890.885
94.789 -389.692 -844.585
43.5771 -395.839 -882.789
6.67659 -357.09 -838.482
6.95888 -355.36 -839.025
86.9412 -382.968 -842.633
6.51582 -358.651 -838.196
5.55949 -379.296 -843.373
67.8131 -399.768 -854.557
39.9233 -350.438 -848.932
5.75784 -379.793 -839.798
85.8296 -382.468 -841.388
21.6524 -386.596 -846.155
38.2417 -399.466 -875.748
9.98738 -381.917 -837.885
49.1777 -381.509 -889.211
8.55673 -384.379 -837.989
41.024 -405.173 -856.497
9.85098 -383.418 -837.563
8.4021 -382.674 -837.603
25.266 -379.288 -892.664
56.2301 -398.39 -844.942
49.1236 -379.111 -841.345
80.1086 -381.227 -861.983
7.6613 -366.095 -849.602
87.2296 -380.961 -838.693
69.5811 -378.511 -872.733
26.9094 -358.923 -892.898
89.7143 -386.073 -845.178
10.9727 -388.546 -886.047
60.3105 -334.651 -849.275
6.0941 -360.08 -838.825
6.79749 -361.642 -837.896
37.4212 -389.315 -878.707
11.5563 -362.251 -885.662
5.75948 -360.002 -840.75
33.855 -380.881 -848.36
6.40244 -371.887 -892.258
38.1829 -388.29 -880.209
46.0202 -401.169 -877.68
90.6455 -387.259 -842.681
48.3848 -381.836 -878.352
107.471 -369.727 -848.853
88.7733 -385.083 -858.709
91.7093 -388.148 -848.06
91.111 -386.748 -858.418
42.6299 -392.394 -859.07
36.3929 -373.449 -830.42
32.2072 -375.771 -833.005
68.8845 -359.649 -845.108
36.9553 -381.975 -894.871
36.0396 -375.342 -830.466
62.5825 -396.715 -851.152
31.7768 -381.885 -891.788
74.1208 -364.333 -901.902
10.8692 -381.29 -885.496
90.1482 -386.715 -855.797
74.3029 -404.498 -857.881
35.215 -372.197 -831.407
57.538 -404.952 -846.872
94.413 -389.649 -848.625
41.8834 -349.518 -861.943
102.447 -360.152 -885.912
38.6717 -385.1 -881.67
94.4982 -389.497 -850.819
75.0867 -404.372 -859.365
93.3499 -377.36 -847.392
93.4281 -376.733 -848.886
56.6196 -400.123 -845.021
62.3326 -358.058 -902.957
98.9129 -374.987 -841.684
49.6802 -364.546 -878.73
35.9755 -366.725 -830.831
35.0206 -367.737 -831.722
74.9324 -404.875 -860.98
92.7677 -376.366 -839.99
61.6146 -394.674 -850.887
40.2631 -387.966 -882.64
31.6277 -368.733 -834.526
58.59 -344.561 -844.016
33.8054 -371.065 -832.663
55.0136 -350.975 -842.165
75.5978 -389.345 -852.779
21.2876 -356.536 -876.937
74.8881 -357.813 -850.915
28.7668 -367.013 -836.668
92.2956 -379.925 -840.25
39.4168 -389.152 -881.333
30.7416 -371.697 -834.971
30.5652 -369.906 -835.365
18.6145 -355.305 -890.94
90.364 -370.188 -868.617
24.579 -363.363 -838.009
58.3686 -402.473 -845.275
54.7302 -341.872 -850.14
6.63962 -354.989 -846.991
7.38082 -353.48 -846.055
10.2807 -379.533 -885.77
44.9749 -344.436 -875.269
6.52533 -356.592 -847.883
77.5368 -396.141 -862.837
31.7978 -359.957 -874.934
7.92611 -354.342 -838.161
73.5425 -341.045 -853.832
30.2499 -362.327 -896.286
47.3878 -357.298 -895.984
22.8806 -353.1 -881.089
21.0207 -351.574 -891.065
10.1546 -360.984 -838.316
11.403 -362.248 -838.909
90.807 -379.363 -839.195
88.0989 -378.086 -838.703
10.5108 -380.479 -888.777
10.8922 -357.233 -839.681
89.985 -375.788 -839.059
53.5393 -364.102 -905.942
9.58525 -357.633 -838.046
7.86594 -358.069 -837.576
88.3173 -376.446 -838.809
9.07894 -359.513 -837.768
16.9621 -354.508 -890.844
90.9045 -370.578 -839.233
17.3628 -354.719 -845.959
89.3543 -363.45 -892.302
19.8945 -354.568 -892.254
66.7242 -358.656 -854.634
12.1002 -368.154 -837.525
11.592 -366.734 -837.525
18.7093 -375.371 -844.886
64.9642 -364.87 -877.498
19.783 -376.815 -844.147
89.5844 -371.917 -839.25
88.4195 -368.425 -839.241
85.6219 -359.629 -892.915
19.3584 -375.969 -841.194
45.41 -352.287 -875.388
5.32651 -371.128 -885.523
54.4151 -402.201 -886.331
16.6363 -354.719 -887.669
68.9389 -401.668 -882.327
74.3258 -393.613 -852.997
18.5112 -374.045 -838.957
93.5627 -381.993 -846.294
22.5629 -376.546 -838.183
17.6656 -355.102 -886.109
21.5595 -377.938 -838.652
12.742 -389.259 -885.906
20.0551 -377.521 -842.15
71.4023 -358.994 -867.172
39.3386 -334.157 -868.117
51.1243 -365.056 -879.375
43.6861 -369.825 -871.848
71.8357 -396.18 -866.734
20.3815 -377.409 -840.023
43.6052 -371.741 -871.775
50.3526 -361.291 -879.148
19.6438 -375.514 -839.565
40.6643 -334.107 -856.526
18.5508 -355.734 -884.548
87.601 -365.114 -838.798
76.7073 -402.745 -862.013
39.7199 -334.534 -862.932
51.9576 -378.999 -879.866
89.2149 -365.3 -839.073
17.5148 -355.082 -889.335
11.6787 -375.934 -842.398
26.7863 -360.615 -861.331
87.9167 -366.711 -839.032
87.6982 -371.507 -839.088
11.2283 -375.757 -847.429
54.2672 -405.11 -847.444
67.1676 -364.655 -875.468
11.0392 -381.632 -887.538
5.62607 -365.188 -842.995
7.46308 -384.971 -841.613
89.9888 -373.822 -839.137
16.5133 -374.253 -841.116
71.2768 -338.08 -851.134
51.3833 -377.236 -879.596
66.6426 -394.561 -884.951
55.1481 -337.676 -886.187
48.763 -343.648 -878.732
44.0203 -387.424 -874.295
19.2793 -374.56 -849.293
88.2697 -382.531 -839.282
89.4652 -381.198 -838.846
55.2288 -349.033 -880.506
71.9066 -335.031 -877.026
23.5428 -384.962 -888.058
73.1577 -357.461 -893.302
53.6837 -350.209 -880.308
82.8498 -371.061 -835.953
44.9429 -399.572 -876.505
17.2712 -373.57 -849.08
15.3654 -353.977 -891.311
62.012 -338.262 -845.537
82.4125 -380.624 -836.227
65.5514 -376.182 -877.085
23.9897 -360.26 -837.973
22.1018 -360.286 -838.445
85.1123 -381.496 -838.759
71.6356 -394.044 -864.203
27.5015 -357.97 -838.06
25.3906 -358.668 -837.868
77.9292 -391.118 -858.572
23.1224 -358.625 -838.047
87.037 -369.807 -838.953
19.759 -375.942 -847.895
20.2136 -377.874 -847.035
81.1643 -380.101 -834.841
21.4319 -380.58 -850.166
66.122 -365.795 -876.487
20.4992 -381.039 -848.856
19.3939 -382.665 -848.926
20.4241 -379.542 -847.854
21.2764 -379.214 -849.31
20.8153 -377.561 -848.579
19.6048 -376.47 -846.03
27.9803 -362.212 -868.405
43.4008 -378.502 -844.369
84.9211 -367.86 -837.602
43.572 -352.04 -872.659
59.8225 -388.405 -842.684
39.4703 -350.938 -881.57
82.687 -379.132 -835.354
82.2585 -368.012 -835.399
16.9153 -353.354 -892.179
27.1309 -370.539 -865.526
16.8992 -349.514 -886.156
76.035 -404.175 -862.379
25.6752 -368.596 -867.259
24.9649 -370.253 -867.787
24.9813 -367.002 -867.834
93.4285 -357.942 -844.805
45.6207 -353.592 -854.695
91.5356 -376.611 -859.181
57.0377 -351.877 -880.375
58.7701 -350.894 -880.248
52.5133 -404.5 -846.698
33.0861 -360.387 -855.647
25.1889 -361.632 -861.642
79.2457 -362.417 -832.017
78.1727 -361.209 -831.439
33.7608 -358.793 -897.474
21.1508 -362.941 -859.187
42.5903 -361.247 -827.41
40.0831 -405.269 -859.576
89.1593 -354.54 -878.513
27.2312 -381.904 -870.385
90.6861 -378.79 -854.442
28.9739 -358.495 -859.248
27.9344 -357.191 -858.21
43.1275 -370.593 -870.607
92.2047 -384.44 -853.852
58.9243 -403.827 -845.91
24.9047 -357.649 -861.797
79.8039 -388.461 -866.86
93.0539 -385.862 -838.936
51.8582 -353.607 -851.02
93.0938 -387.452 -839.26
92.1893 -384.747 -857.606
27.6634 -357.607 -860.184
53.1396 -346.298 -880.429
92.1915 -384.477 -855.664
89.0387 -358.935 -868.658
28.8068 -360.587 -894.66
27.4586 -356.938 -883.662
52.9649 -362.646 -879.925
7.22199 -375.608 -881.287
31.8781 -360.399 -864.786
42.9794 -359.406 -827.976
33.0065 -359.927 -858.724
32.5549 -360.288 -860.286
36.8627 -357.192 -890.557
76.7793 -397.997 -860.816
70.2406 -379.848 -871.595
57.1513 -403.671 -845.664
93.2337 -385.592 -854.336
40.5732 -352.43 -883.111
46.6137 -359.364 -840.735
59.065 -339.308 -850.191
90.4554 -360.942 -860.474
47.8284 -356.529 -843.07
93.1364 -386.043 -856.227
45.9192 -356.003 -843.898
54.6251 -355.016 -850.524
40.286 -357.156 -896.48
49.5594 -341.962 -879.341
57.0414 -342.31 -880.843
38.8389 -395.268 -853.627
26.9518 -356.696 -843.794
43.7137 -378.223 -872.913
54.0218 -349.486 -842.635
78.5595 -389.897 -859.477
26.1583 -356.338 -848.303
49.6031 -341.61 -845.621
38.3566 -357.32 -897.141
5.35413 -371.589 -889.084
12.838 -384.24 -881.639
84.313 -357.46 -844.033
5.60817 -370.643 -841.439
68.4826 -342.51 -874.935
50.3349 -363.639 -825.25
42.8758 -372.068 -870.076
55.3575 -370.403 -824.658
77.1772 -401.891 -865.489
37.1713 -345.329 -875.899
51.1013 -397.283 -880.419
53.7094 -369.604 -880.029
64.6195 -353.917 -887.821
34.2385 -358.467 -849.213
51.7757 -350.135 -851.022
22.2173 -378.377 -892.063
32.5969 -357.496 -848.349
107.615 -368.973 -844.781
78.354 -390.475 -872.195
54.5941 -371.253 -880.184
38.9684 -358.375 -843.853
39.5272 -359.182 -845.541
31.6462 -357.476 -850.007
90.6881 -352.61 -879.831
57.1708 -339.005 -849.843
48.1207 -375.679 -905.052
75.7917 -404.7 -864.235
34.3401 -359.125 -851.078
47.6384 -351.846 -852.765
68.2384 -357.173 -832.691
52.5847 -382.137 -901.142
50.9675 -381.992 -901.573
56.3352 -355.159 -889.334
10.5689 -367.459 -878.17
63.062 -360.257 -890.266
44.4813 -347.226 -874.319
38.8481 -338.829 -854.281
68.1662 -385.342 -855.945
26.4161 -361.004 -893.083
60.0337 -396.838 -880.819
19.251 -374.452 -878.991
10.411 -353.01 -892.754
59.135 -381.059 -903.946
63.996 -393.047 -852.043
17.2433 -371.801 -872.456
18.7231 -372.424 -871.245
70.4924 -357.92 -884.537
14.9329 -371.937 -874.934
15.768 -371.14 -873.499
57.4888 -380.807 -904.33
14.0071 -372.38 -876.429
45.9505 -395.314 -854.309
42.4957 -375.689 -903.467
44.5554 -375.636 -904.169
20.4208 -364.781 -871.438
79.0664 -389.44 -861.015
21.0466 -370.056 -869.214
19.3411 -355.504 -839.55
70.2421 -356.262 -884.915
52.3142 -378.795 -851.1
72.8209 -357.44 -895.161
20.7038 -368.158 -869.449
45.9157 -363.952 -904.651
18.3474 -367.034 -871.876
19.3661 -367.579 -870.534
45.2231 -362.182 -904.449
47.0868 -362.799 -904.949
22.2795 -368.661 -868.704
43.4053 -361.473 -903.812
23.1 -363.392 -868.868
21.1759 -352.888 -872.396
43.9382 -363.196 -904.079
22.2727 -356.256 -870.081
44.5354 -364.885 -904.248
46.2757 -365.711 -904.788
50.4574 -348.897 -879.421
44.631 -366.617 -904.385
66.9685 -379.668 -903.724
22.7029 -366.104 -861.701
21.6334 -354.319 -870.964
44.3988 -368.435 -904.503
58.8756 -373.269 -905.919
5.80598 -381.462 -845.979
50.8707 -348.139 -843.537
61.1251 -358.727 -888.699
48.9971 -357.287 -899.884
53.9208 -366.217 -880.071
35.3709 -360.217 -877.684
52.4496 -342.459 -880.49
37.54 -404.554 -861.314
83.1045 -357.558 -847.861
74.4201 -356.068 -849.971
77.891 -362.781 -831.091
58.8094 -367.462 -880.142
21.8213 -376.876 -858.935
49.1564 -337.081 -851.155
22.1663 -378.646 -858.285
69.0797 -374.47 -858.289
60.2415 -357.085 -831.8
107.445 -363.113 -840.277
22.1703 -378.939 -856.489
71.3374 -365.985 -866.252
21.5755 -374.683 -860.991
21.1072 -375.112 -859.601
20.6714 -373.244 -860.437
10.1793 -357.099 -848.194
70.6496 -354.754 -884.58
20.1096 -371.1 -860.465
65.4939 -361.5 -853.668
20.5289 -369.301 -860.872
21.8612 -368.018 -861.516
61.8504 -402.392 -845.928
62.8543 -363.731 -825.353
80.2682 -382.842 -869.677
56.6127 -336.417 -885.899
17.7068 -369.193 -858.589
19.5893 -366.133 -859.788
20.9845 -366.26 -861.028
37.7689 -347.336 -852.925
80.0017 -360.496 -861.674
22.3314 -359.78 -855.617
22.2673 -361.675 -860.562
80.0484 -385.997 -869.387
21.9384 -361.401 -855.658
54.9747 -400.649 -881.535
21.276 -362.718 -852.195
45.5625 -358.221 -891.516
58.1943 -377.428 -839.396
60.6308 -368.123 -879.752
44.5628 -336.716 -854.488
19.7648 -364.666 -858.758
58.4491 -400.972 -881.434
18.8637 -365.076 -857.235
62.6403 -392.932 -851.37
55.7086 -352.736 -889.119
17.8637 -364.619 -849.492
17.5301 -365.396 -851.704
11.0973 -350.221 -845.96
19.1422 -364.513 -850.795
14.7736 -366.709 -854.813
13.9508 -365.765 -851.264
80.2965 -385.643 -867.75
78.9542 -390.804 -868.982
21.6556 -362.112 -853.964
20.8923 -363.22 -855.55
79.483 -389.028 -868.74
78.4559 -391.518 -870.649
15.7708 -388.116 -892.015
50.0535 -350.304 -851.529
77.737 -388.697 -875.292
69.0723 -355.356 -885.701
61.4912 -362.489 -825.187
76.6836 -389.618 -876.858
21.8684 -356.89 -855.93
59.8115 -363.279 -824.968
21.1148 -353.815 -858.253
43.0667 -345.448 -882.816
35.6761 -339.923 -867.985
76.8172 -396.003 -872.109
76.2776 -401.025 -871.941
56.6764 -337.361 -849.566
76.7629 -401.238 -870.06
45.8854 -359.314 -890.009
76.1419 -398.852 -872.615
18.1385 -365.354 -855.654
75.7466 -360.213 -830.326
41.151 -341.101 -862.583
51.6932 -357.388 -901.151
75.6623 -399.973 -873.731
21.9027 -358.115 -850.76
21.2602 -355.463 -857.231
20.0151 -354.035 -854.483
75.0096 -399.221 -875.184
21.0768 -355.446 -855.151
21.9528 -357.248 -852.591
7.286 -356.852 -892.448
36.0772 -402.66 -863.706
49.4677 -345.282 -879.075
66.6495 -396.896 -853.721
82.5742 -362.52 -867.877
74.9122 -394.764 -854.46
77.8673 -394.598 -862.282
59.1693 -360.169 -892.024
71.842 -352.142 -883.134
21.8998 -377.164 -857.108
21.2822 -375.78 -855.938
18.9917 -373.163 -857.41
19.2912 -372.439 -859.11
55.6802 -369.805 -880.256
17.7644 -365.462 -853.88
71.4092 -368.745 -903.256
85.0604 -372.796 -837.553
51.2787 -345.641 -879.932
73.8401 -395.566 -853.24
62.7154 -337.438 -885.206
80.2351 -380.696 -852.933
67.4547 -356.124 -886.644
10.4789 -378.988 -845.746
76.9493 -363.975 -830.592
6.59794 -380.221 -838.104
7.90379 -379.11 -837.618
31.8725 -379.2 -834.144
76.2112 -354.597 -878.483
9.29677 -378.216 -838.059
10.3776 -379.423 -839.327
72.5484 -388.69 -848.905
77.7969 -392.663 -859.556
66.9304 -398.536 -853.805
12.0153 -355.427 -839.459
5.57279 -371.983 -842.733
10.8911 -380.434 -840.852
75.9025 -335.299 -863.772
12.3266 -382.582 -842.822
78.4606 -391.162 -860.465
13.7771 -383.394 -843.719
106.662 -361.321 -881.805
78.2996 -392.703 -861.732
18.0615 -388.67 -840.222
101.612 -362.513 -887.075
14.4031 -389 -843.33
15.8037 -389.03 -846.49
98.3526 -384.248 -845.095
77.3419 -390.783 -856.791
76.4059 -394.632 -857.282
90.3794 -352.957 -886.857
76.6964 -367.433 -830.558
16.1926 -387.111 -850.23
77.1702 -393.871 -858.658
16.9141 -388.894 -847.655
32.4487 -357.393 -884.157
73.3193 -389.808 -850.117
77.5788 -365.665 -831.193
85.3442 -361.715 -893.652
20.6988 -387.378 -848.097
87.3078 -356.62 -878.043
74.4234 -399.273 -855.266
33.9444 -357.962 -883.194
91.415 -357.545 -854.403
20.1519 -386.867 -855.362
97.8559 -375.07 -887.476
19.5064 -387.407 -853.926
44.0762 -398.063 -875.331
40.084 -337.534 -878.323
53.0521 -351.14 -842.304
21.4338 -386.762 -851.646
100.579 -370.898 -876.175
33.7276 -358.523 -881.235
22.5884 -385.447 -851.196
49.5549 -358.846 -851.793
67.1243 -384.262 -844.299
35.1079 -357.891 -833.681
14.0444 -388.816 -891.378
45.3143 -389.867 -876.021
15.6081 -389.357 -890.487
55.3339 -342.924 -880.852
21.1331 -387.105 -844.27
19.6448 -388.021 -843.934
18.5967 -388.446 -845.031
70.4027 -378.073 -870.975
18.7541 -388.403 -847.814
69.6279 -395.815 -857.517
16.8379 -388.905 -844.979
36.9315 -360.015 -880.355
106.5 -377.109 -849.872
17.943 -388.669 -846.385
95.8742 -367.578 -872.819
19.9751 -387.817 -846.034
69.7956 -397.687 -857.523
96.7734 -367.132 -874.399
35.3976 -359.896 -880.844
27.9911 -381.679 -839.815
30.3963 -381.706 -841.875
93.7696 -375.932 -882.543
71.0742 -357.514 -898.133
49.1138 -348.28 -878.744
29.2297 -381.272 -838.317
72.665 -346.45 -850.732
31.1558 -381.511 -838.419
94.918 -383.862 -887.169
55.1946 -373.091 -880.287
41.7092 -383.242 -866.929
11.9968 -369.699 -837.507
15.2235 -374.13 -846.38
33.9773 -359.563 -879.575
55.7455 -374.952 -880.369
80.6473 -374.656 -897.299
71.7383 -394.573 -866.151
41.9302 -383.766 -868.848
24.2295 -383.532 -846.171
18.3835 -374.569 -848.05
70.222 -394.81 -882.485
24.769 -382.919 -853.43
70.4707 -381.444 -841.113
49.4065 -348.47 -851.73
22.0455 -385.574 -857.528
36.6079 -403.666 -868.958
24.4495 -383.332 -856.958
68.8626 -397.018 -856.134
23.1661 -384.698 -856.327
22.9512 -384.909 -854.545
22.2795 -385.801 -853.212
21.8784 -386.117 -855.444
61.3272 -357.316 -834.939
94.5739 -389.632 -846.537
32.444 -358.238 -879.577
100.113 -383.61 -845.375
46.32 -344.996 -876.643
64.662 -369.362 -853.157
21.79 -386.431 -849.61
50.7075 -343.606 -879.812
74.9006 -357.478 -894.429
70.9487 -342.078 -880.559
6.78227 -383.908 -843.264
7.72411 -385.409 -843.65
93.0534 -382.418 -890.039
64.8607 -371.475 -853.26
8.88739 -386.649 -844.251
21.7781 -367.002 -868.931
12.9558 -388.763 -844.294
8.76942 -386.48 -842.335
64.1647 -373.31 -852.721
10.1149 -387.531 -843.196
65.6976 -368.523 -854.017
32.4154 -357.578 -867.582
35.346 -359.067 -882.501
10.2426 -387.58 -841.148
71.0781 -392.658 -849.035
44.5801 -358.362 -840.207
65.9818 -370.153 -854.28
71.7683 -395.406 -850.713
47.3077 -386.741 -877.674
33.5828 -356.342 -857.558
68.61 -394.371 -875.239
67.9333 -379.885 -827.689
93.9454 -383.181 -888.743
38.17 -359.423 -885.106
34.2067 -390.504 -870.117
33.9396 -347.529 -866.923
73.6243 -354.397 -849.12
21.0149 -376.025 -838.725
20.1999 -374.262 -838.462
18.9338 -372.632 -838.153
35.0814 -350.474 -874.833
20.7686 -372.605 -838.076
77.4486 -387.421 -854.83
19.321 -370.943 -837.937
33.5243 -352.409 -871.921
58.9301 -365.744 -880.138
94.2029 -383.854 -890.492
38.1464 -360.115 -883.296
63.0825 -395.384 -886.214
23.3845 -383.613 -869.792
95.4343 -384.224 -889.146
41.6941 -351.438 -866.491
93.6826 -389.106 -884.586
35.7834 -347.642 -856.343
22.899 -370.443 -838.292
24.6323 -369.872 -838.392
35.1015 -349.573 -856.576
41.4274 -346.286 -864.244
17.3347 -388.282 -879.101
56.3541 -376.763 -880.444
14.1575 -364.467 -838.727
14.616 -363.917 -840.249
50.2057 -366.357 -878.981
13.0266 -365.422 -837.86
12.9525 -363.269 -839.561
60.7525 -355.085 -851.222
67.7324 -396.052 -854.863
46.9464 -353.495 -853.354
56.8255 -395.619 -881.24
72.1919 -337.801 -878.883
11.8634 -362.003 -840.577
10.9173 -360.628 -839.876
32.2683 -356.794 -865.578
40.2575 -344.813 -850.849
43.6452 -334.165 -852.597
90.3245 -353.252 -890.763
75.2888 -363.426 -829.576
56.9329 -373.499 -880.348
53.0798 -379.491 -825.76
20.5336 -352.671 -892.325
69.0518 -372.292 -858.388
94.0275 -386.726 -892.295
48.6537 -357.677 -901.948
76.7572 -390.385 -855.31
97.5179 -374.882 -843.201
54.4519 -356.107 -889.255
14.9208 -368.107 -837.659
16.1084 -369.558 -837.692
42.6069 -370.215 -869.147
51.7139 -376.07 -851.495
29.2088 -374.2 -835.722
92.4315 -387.049 -892.042
56.3745 -371.614 -880.31
57.4734 -390.494 -843.035
35.908 -377.33 -830.593
38.2112 -380.345 -831.137
58.7364 -379.206 -825.591
60.7483 -380.031 -826.297
65.066 -378.955 -826.411
55.3108 -381.938 -829.675
54.1311 -403.23 -849.656
64.5388 -377.163 -825.835
73.7177 -362.144 -828.783
70.3254 -372.944 -861.049
21.9192 -363.335 -860.931
60.0402 -337.807 -850.259
69.694 -373.217 -859.524
34.2848 -348.609 -859.898
62.2805 -380.99 -827.558
53.2101 -378.091 -825.234
55.5294 -389.73 -880.901
78.2374 -389.178 -857.847
69.8043 -371.543 -859.911
55.9877 -381.577 -828.136
97.5206 -385.354 -891.401
30.6523 -377.755 -861.05
38.1873 -358.209 -849.53
52.4701 -357.447 -896.299
72.0522 -359.675 -844.19
36.342 -392.156 -856.292
71.6752 -380.114 -901.811
44.2843 -391.324 -856.644
53.8647 -403.594 -881.606
67.2551 -354.945 -844.269
29.2667 -380.67 -857.693
68.2445 -371.238 -857.124
45.4996 -357.296 -837.404
34.1863 -360.716 -876.369
39.337 -336.797 -853.939
40.7681 -336.039 -852.503
50.6752 -338.077 -850.59
70.2754 -338.796 -850.128
82.89 -382.089 -851.266
71.7472 -381.256 -842.189
73.5279 -381.836 -841.984
53.9844 -381.216 -836.135
80.1711 -360.726 -869.809
60.5141 -362.204 -851.035
92.5373 -355.978 -855.241
41.4412 -401.999 -860.118
47.2351 -381.956 -834.196
95.7727 -384.819 -890.909
26.895 -382.102 -889.519
69.3001 -388.402 -857.546
48.0158 -381.959 -832.577
90.5953 -380.711 -877.332
46.9166 -381.824 -830.891
46.1055 -381.916 -832.571
91.0099 -381.766 -878.526
51.8104 -382.026 -833.169
49.9292 -381.995 -832.873
58.8042 -381.651 -828.56
38.1805 -399.958 -856.036
102.301 -379.666 -884.086
55.7043 -381.961 -832.966
53.745 -382.006 -833.176
91.2 -380.923 -880.191
78.2267 -359.391 -881.399
44.415 -381.908 -835.972
70.6026 -388.364 -860.252
91.0201 -379.005 -880.154
99.5706 -383.898 -843.619
69.9419 -387.768 -858.716
94.6269 -373.798 -877.933
69.3567 -386.315 -857.697
56.457 -382.044 -831.155
54.5347 -382.041 -831.442
24.1083 -365.251 -868.316
68.8978 -363.441 -857.875
76.8451 -344.05 -859.629
52.8737 -381.892 -834.844
51.9098 -381.62 -836.488
73.5982 -398.245 -877.701
69.223 -405.146 -852.423
20.9453 -357.214 -880.69
67.3391 -383.633 -854.969
95.013 -373.585 -875.853
43.8501 -400.281 -875.284
68.509 -383.323 -856.342
106.407 -356.726 -839.63
61.1012 -400.756 -850.385
18.6009 -373.541 -850.649
67.1143 -386.834 -854.703
60.9937 -392.421 -850.772
14.2774 -388.737 -881.469
42.356 -381.904 -835.91
41.4686 -381.823 -834.133
67.9816 -404.972 -850.795
76.9378 -340.923 -862.693
34.8036 -379.691 -832.481
43.1978 -379.473 -872.112
39.2014 -381.217 -832.094
30.5084 -357.365 -892.068
75.3214 -405.095 -866.072
83.7724 -379.923 -869.107
33.058 -381.717 -838.753
50.8274 -347.108 -851.188
60.3894 -342.673 -850.841
50.5179 -391.614 -851.239
62.3561 -364.675 -879.139
69.6635 -365.336 -827.07
47.9964 -341.907 -878.337
40.4943 -381.81 -838.993
41.3799 -381.88 -837.43
79.5011 -356.46 -859.964
39.1363 -381.864 -837.299
38.4259 -381.733 -835.227
41.2751 -381.397 -840.776
25.5211 -355.773 -843.012
38.3901 -381.654 -841.26
33.5701 -357.308 -894.167
26.4804 -363.097 -893.134
50.5879 -357.956 -879.366
54.999 -372.245 -850.934
39.7705 -381.679 -840.454
70.7884 -405.213 -853.577
47.4968 -388.451 -877.902
9.09414 -385.454 -881.609
81.9259 -381.045 -871.388
36.4768 -381.541 -835.117
30.8362 -360.99 -858.545
77.3887 -352.508 -875.932
37.6467 -381.241 -833.223
100.855 -366.257 -850.948
63.2802 -398.73 -851.339
39.6141 -381.663 -833.732
32.2397 -380.561 -835.347
79.2924 -353.323 -859.812
77.8932 -395.27 -864.049
63.5858 -394.947 -851.724
32.5522 -381.354 -836.957
49.2405 -354.151 -878.681
89.2315 -354.364 -887.732
41.1937 -343.171 -866.675
30.7669 -379.595 -835.253
78.1795 -351.186 -857.692
11.9393 -374.128 -848.488
33.6146 -380.254 -833.956
34.3114 -381.268 -835.555
67.177 -404.886 -852.339
68.6674 -367.688 -904.31
66.9011 -385.612 -876.369
49.9516 -356.146 -879.085
34.1516 -381.651 -837.421
90.5257 -386.88 -884.956
18.9474 -388.283 -849.465
35.7444 -381.707 -836.952
48.9793 -361.062 -878.439
37.3995 -381.779 -836.53
71.2965 -388.227 -863.23
15.7447 -389.394 -882.067
33.7427 -381.419 -846.551
91.1966 -387.553 -878.217
78.5197 -364.108 -831.641
31.9194 -381.695 -845.655
91.9574 -352.395 -891.595
65.1155 -405.318 -849.995
32.5272 -381.761 -843.797
33.529 -357.861 -895.897
33.8296 -381.781 -842.591
20.188 -374.655 -850.926
36.7043 -357.658 -897.59
56.5229 -360.546 -889.622
63.9063 -400.72 -851.525
62.6491 -336.356 -880.105
34.0435 -357.537 -885.128
33.688 -383.658 -873.133
41.4628 -346.485 -866.111
33.6119 -385.41 -872.393
33.4363 -381.975 -872.177
50.0785 -352.898 -842.51
106.239 -365.264 -849.988
49.6256 -359.525 -878.878
46.5089 -380.286 -889.124
46.4663 -348.109 -853.482
65.6004 -401.6 -852.515
32.4081 -357.16 -887.879
44.338 -368.585 -873.159
48.9409 -349.36 -843.729
36.341 -389.229 -854.587
8.28263 -358.333 -881.535
35.4702 -385.382 -854.472
57.5544 -375.359 -880.358
81.0953 -361.71 -868.987
28.8241 -357.287 -891.149
38.4422 -354.906 -849.432
34.6649 -379.616 -857.002
28.4863 -375.432 -865.509
71.2308 -386.279 -862.937
29.3644 -376.306 -864.287
45.0435 -350.786 -855.19
92.404 -375.173 -874.667
90.7122 -365.148 -868.883
20.6662 -366.05 -869.879
30.5657 -357.175 -890.332
62.5688 -401.831 -850.854
63.4771 -384.257 -852.038
24.1409 -373.918 -868.362
93.1923 -353.716 -892.431
25.4005 -375.347 -868.326
32.2818 -358.444 -864.644
27.2555 -356.944 -890.187
55.4029 -338.505 -849.694
65.5957 -386.542 -853.371
41.7151 -354.155 -864.345
49.529 -343.203 -851.425
65.3066 -334.406 -850.39
8.30372 -361.825 -881.525
29.8699 -376.643 -866.117
92.319 -365.543 -870.164
27.0491 -356.8 -888.132
63.9559 -386.179 -852.291
71.1892 -402.811 -851.488
57.5922 -370.259 -880.253
28.6992 -357.896 -892.671
85.4151 -362.264 -868.569
26.0702 -356.764 -860.764
72.8837 -360.138 -901.864
44.2396 -372.941 -873.114
20.8686 -383.443 -873.613
22.146 -380.203 -875.184
71.2048 -404.219 -858.168
20.1162 -373.138 -870.13
27.0745 -357.468 -891.846
55.8388 -364.544 -850.61
92.0317 -385.347 -871.801
67.7554 -376.619 -904.215
20.7148 -375.533 -875.874
21.6405 -377.062 -874.869
83.9615 -357.5 -846.098
46.8238 -358.506 -843.307
42.0369 -393.646 -871.006
21.4079 -376.784 -878.315
21.546 -376.923 -876.736
89.2435 -356.732 -892.188
22.117 -378.648 -873.989
18.1971 -363.343 -888.962
23.1036 -357.74 -869.076
67.8844 -378.305 -903.983
22.1285 -380.272 -873.182
21.7225 -376.991 -870.835
16.0171 -364.103 -887.038
54.2028 -366.927 -824.768
46.1237 -379.25 -841.634
22.7396 -377.348 -869.143
51.1332 -384.867 -842.457
68.7424 -379.487 -903.273
53.8462 -376.569 -905.838
30.355 -357.976 -893.717
19.3143 -373.684 -853.685
22.3712 -382.283 -869.706
48.1577 -365.684 -825.605
51.0641 -372.873 -905.641
23.8952 -382.137 -868.886
24.3842 -380.528 -868.322
47.3875 -368.16 -877.076
26.2638 -380.102 -868.28
52.6512 -373.102 -905.787
22.6732 -374.425 -868.622
21.4309 -373.845 -869.203
52.2558 -385.902 -842.338
53.9373 -371.677 -905.993
54.647 -381.232 -903.739
52.1214 -370.874 -905.922
62.4918 -365.575 -825.173
52.3792 -368.593 -906.036
51.7525 -393.601 -880.405
61.3667 -375.697 -879.522
71.2164 -404.264 -852.526
62.741 -405.124 -848.315
39.2783 -343.318 -878.2
10.1697 -385.823 -848.479
90.8527 -386.73 -873.69
53.8391 -369.723 -906.076
52.6437 -366.27 -905.939
41.426 -390.79 -863.169
21.7968 -357.611 -892.23
54.9928 -375.47 -905.882
91.7053 -383.603 -871.719
71.4268 -384.347 -866.412
70.7752 -394.596 -849.468
7.93139 -381.307 -848.666
56.2159 -374.289 -905.932
35.4652 -380.477 -855.263
8.11528 -379.327 -848.752
58.0986 -374.793 -905.872
6.80571 -380.165 -848.389
78.1049 -358.693 -848.325
87.5907 -357.391 -891.775
57.2726 -373.257 -906.004
6.76535 -375.289 -848.391
79.7984 -358.581 -880.938
60.9736 -405.086 -847.833
63.7654 -404.237 -847.342
16.1048 -389.52 -886.363
5.86091 -368.346 -848.221
58.0312 -405.289 -848.224
88.1601 -355.924 -856.747
10.8841 -366.422 -851.62
44.5632 -349.361 -855.743
51.4635 -374.866 -905.621
54.107 -352.664 -841.855
9.72837 -367.991 -851.924
45.1539 -347.983 -854.803
8.6196 -371.157 -850.606
7.56788 -369.74 -850.272
31.9602 -358.786 -834.767
8.6503 -369.355 -851.235
52.4833 -378.737 -840.194
36.2858 -348.063 -875.793
15.0756 -372.465 -851.85
41.7848 -390.64 -861.383
54.3633 -373.623 -905.895
50.8268 -359.856 -840.744
47.9882 -358.582 -839.255
48.7489 -359.738 -840.632
66.408 -381.733 -830.254
35.7386 -351.265 -876.598
53.1525 -375.078 -905.784
41.9899 -393.474 -860.304
66.6479 -392.361 -845.937
45.3805 -358.787 -903.083
91.5352 -351.865 -887.867
12.1808 -374.627 -839.001
10.4783 -372.672 -837.502
12.1254 -371.456 -837.583
9.00389 -374.021 -837.379
65.9463 -365.016 -854.216
74.179 -405.307 -864.644
5.82886 -366.557 -839.28
36.8239 -343.222 -873.892
6.75918 -366.861 -837.87
6.28936 -366.781 -848.735
68.691 -336.01 -849.465
5.64014 -364.489 -847.041
55.7193 -372.459 -906.07
6.39257 -365.189 -848.44
55.0155 -350.652 -888.642
5.50969 -376.688 -841.603
5.63804 -375.779 -839.649
74.5999 -405.229 -862.825
25.8479 -372.732 -892.466
6.20334 -374.548 -838.259
68.2135 -343.325 -855.502
7.32396 -373.278 -837.458
56.9929 -369.856 -906.235
62.1019 -343.054 -851.42
66.5513 -381.171 -844.186
17.1482 -383.324 -844.226
48.4992 -372.009 -905.262
58.8496 -403.283 -881.542
17.2729 -383.302 -842.02
18.1904 -382.7 -845.977
17.9679 -383.167 -847.734
66.7534 -399.787 -847.721
46.7497 -372.982 -904.854
50.2191 -371.232 -905.681
10.5551 -379.28 -842.454
47.1878 -371.374 -905.095
34.8363 -345.434 -869.46
66.1364 -366.97 -854.458
17.0782 -385.268 -837.984
14.5072 -363.788 -842.21
63.2636 -357.174 -834.094
75.1628 -399.662 -856.74
20.7952 -373.33 -892.142
35.9693 -358.862 -851.886
13.8005 -383.333 -841.583
45.1812 -397.42 -876.532
35.4784 -347.851 -873.928
15.8404 -383.657 -841.002
91.7365 -351.772 -885.94
41.5998 -343.462 -868.512
14.8853 -383.747 -846.86
39.2171 -381.596 -898.583
41.9883 -391.958 -860.553
22.9357 -373.316 -892.149
15.5093 -383.663 -842.932
68.1974 -373.178 -856.944
12.0512 -375.473 -840.584
63.3981 -352.497 -852.464
65.1611 -375.384 -904.859
10.9683 -375.92 -839.05
82.3138 -357.533 -846.503
55.7293 -404.658 -846.515
74.594 -401.335 -855.782
12.5557 -375.115 -843.978
61.9024 -350.069 -851.879
46.4244 -366.902 -876.11
77.9797 -394.365 -868.998
64.5953 -377.379 -904.947
61.842 -351.934 -851.83
19.0947 -369.881 -892.383
16.6304 -349.513 -887.828
35.2346 -392.901 -871.702
34.9415 -382.492 -855.496
34.5928 -366.112 -831.868
16.3674 -349.496 -889.679
14.1688 -389.551 -887.307
35.6689 -337.155 -865.462
11.2825 -351.933 -881.731
62.0698 -353.862 -851.815
24.896 -367.541 -892.172
16.0335 -349.344 -884.793
18.4574 -349.939 -886.748
66.4235 -377.993 -904.432
19.5877 -350.39 -884.901
78.2534 -348.752 -860.073
63.4049 -405.119 -849.834
78.6643 -359.913 -879.681
62.7537 -377.491 -905.33
62.1422 -380.195 -904.458
21.8462 -357.163 -871.727
69.0556 -381.496 -873.853
21.9204 -357.605 -873.693
54.2268 -397.647 -881.235
56.969 -376.079 -905.895
37.8199 -369.691 -901.625
48.0927 -357.05 -834.459
39.4019 -372.186 -902.328
63.6965 -354.232 -852.542
79.0953 -391.11 -865.521
71.7113 -359.029 -901.521
60.6996 -373.285 -905.7
84.2826 -363.18 -867.92
69.3266 -384.289 -857.597
91.2037 -352.508 -854.78
40.4448 -358.683 -901.193
39.0502 -368.668 -902.309
44.0863 -350.714 -856.655
60.6738 -404.003 -881.315
65.3888 -356.232 -853.518
40.263 -367.594 -902.801
40.0549 -365.676 -902.611
64.3511 -372.492 -905.024
81.5961 -363.245 -833.835
64.3078 -360.205 -841.461
57.6992 -364.02 -850.658
37.1866 -366.123 -901.051
14.9833 -366.404 -892.354
38.581 -364.931 -901.88
37.1474 -364.244 -901.063
40.0794 -363.783 -902.602
38.5667 -363.077 -901.884
37.2207 -362.566 -901.168
55.1687 -357.999 -903.388
66.2381 -370.182 -904.892
13.1034 -365.637 -892.32
51.6125 -358.965 -904.399
63.3509 -360.851 -905.109
62.8758 -359.224 -904.313
52.9083 -396.925 -886.576
64.5963 -359.706 -904.349
62.7038 -379.107 -841.263
5.32574 -367.097 -884.54
81.0338 -365.523 -897.012
6.09844 -379.351 -881.931
6.72749 -380.874 -881.616
105.638 -358.434 -839.014
81.9844 -364.04 -896.552
5.71958 -380.761 -882.937
94.7198 -350.323 -885.616
5.75746 -375.626 -882.422
66.8142 -362.115 -855.005
6.2894 -377.477 -881.845
5.38386 -373.983 -883.515
46.0403 -359.372 -826.997
32.6441 -383.647 -864.61
5.76931 -371.208 -881.974
74.6495 -403.106 -856.601
62.5265 -355.916 -851.83
44.1001 -334.773 -854.156
12.2146 -368.853 -892.682
64.1308 -355.641 -852.698
5.47553 -360.156 -890.203
5.82822 -356.978 -888.981
84.3376 -360.27 -893.962
72.9259 -361.809 -902.393
6.47326 -355.083 -889.291
78.1547 -355.039 -874.993
39.4901 -360.09 -884.506
63.9718 -357.18 -852.491
71.3731 -362.631 -903.14
6.61554 -357.229 -882.135
14.2974 -363.967 -886.437
13.9531 -369.602 -892.611
12.5047 -370.58 -892.622
10.3754 -368.398 -892.784
5.53845 -361.54 -883.306
101.686 -351.692 -839.409
6.55797 -354.748 -886.127
93.0964 -350.954 -886.77
29.2815 -370.892 -836.287
5.65808 -357.79 -887.144
5.47174 -358.452 -885.094
99.3134 -350.098 -843.254
10.9102 -370.325 -892.702
65.2645 -354.505 -853.488
72.7482 -363.668 -902.571
68.4784 -389.321 -856.275
7.0134 -354.125 -887.754
41.8812 -339.759 -870.89
7.15678 -354.086 -890.944
15.4182 -368.397 -892.573
78.5856 -357.666 -893.976
8.55581 -353.256 -892.204
45.5324 -365.745 -875.074
9.94661 -351.694 -891.835
91.4896 -351.929 -889.824
14.4525 -364.788 -891.541
5.36767 -365.507 -885.656
63.1324 -350.945 -852.373
32.9644 -386.18 -862.863
68.4963 -345.865 -883.696
76.9769 -357.637 -895.039
60.8405 -341.377 -845.115
18.132 -351.803 -877.709
88.0247 -383.702 -870.476
23.148 -353.473 -883.022
84.6959 -357.59 -882.885
18.9341 -387.881 -891.576
19.7769 -351.665 -875.248
21.1636 -351.446 -876.2
50.2405 -337.135 -885.192
60.3158 -351.015 -851.316
67.2754 -401.434 -853.887
60.9429 -357.075 -851.094
21.9709 -352.047 -882.244
62.5701 -357.432 -835.846
81.4349 -359.915 -834.433
21.3895 -351.442 -878.21
42.21 -387.362 -860.704
24.3131 -354.91 -875.3
23.6019 -354.068 -878.077
71.8814 -344.971 -864.438
42.4399 -390.73 -859.663
24.7688 -355.229 -871.698
24.5667 -355.058 -873.63
87.8716 -356.274 -883.101
83.862 -357.8 -878.451
57.4431 -341.562 -844.611
82.7403 -358.219 -876.944
30.7291 -358.51 -874.854
25.8019 -381.675 -868.866
17.7613 -364.1 -890.862
80.4635 -357.563 -889.414
22.2106 -353.063 -891.609
19.1334 -362.787 -890.374
65.798 -346.601 -885.465
46.1391 -357.046 -831.285
77.7698 -380.437 -854.442
18.7076 -352.861 -892.545
72.1275 -342.15 -866.051
19.0933 -351.096 -891.972
43.2207 -396.816 -873.954
59.555 -360.425 -880.125
59.8985 -357.374 -897.795
41.2225 -394.047 -863.497
34.582 -353.987 -875.239
66.1864 -351.42 -854.165
17.9553 -349.931 -890.778
19.8182 -350.5 -888.156
82.8797 -357.67 -883.957
19.674 -363.777 -891.767
21.165 -351.332 -889.159
25.2428 -355.909 -882.365
82.168 -357.63 -885.884
26.4559 -356.612 -880.812
49.5989 -366.561 -825.255
72.0403 -341.522 -867.473
23.355 -353.774 -884.915
78.7894 -380.131 -855.568
26.0223 -356.445 -886.245
70.1929 -365.187 -860.603
70.2944 -359.483 -902.509
55.592 -390.605 -843.061
41.57 -342.544 -880.533
100.547 -374.298 -850.551
53.3834 -357.319 -897.681
56.5281 -357.348 -898.308
102.895 -376.785 -849.823
104.704 -376.481 -850.412
66.4602 -353.207 -854.413
70.7894 -402.139 -858.57
68.1189 -402.979 -854.579
61.9137 -335.903 -884.879
100.308 -363.736 -845.86
52.0285 -336.167 -880.793
103.332 -352.038 -840.242
76.5689 -359.453 -899.333
99.479 -365.33 -839.859
76.9229 -399.723 -862.112
60.2972 -366.684 -879.867
40.8032 -399.131 -864.597
43.6179 -346.982 -883.733
27.8389 -371.853 -837.204
78.3862 -393.56 -867.298
101.789 -362.545 -843.159
53.4757 -348.241 -880.379
60.0963 -378.482 -825.383
78.1979 -394.417 -865.601
102.235 -358.081 -843.049
102.625 -359.598 -843.701
40.3191 -341.902 -879.026
72.0083 -343.098 -864.459
19.0952 -388.623 -890.174
61.3892 -387.771 -842.802
59.8528 -334.881 -884.521
71.8931 -345.898 -866.083
67.7704 -357.9 -892.546
53.9873 -403.959 -846.015
21.8775 -351.341 -849.567
37.0475 -400.925 -873.063
76.4476 -399.759 -860.118
56.0253 -352.465 -841.799
64.4697 -376.913 -877.907
71.332 -357.623 -892.182
40.8389 -400.497 -863.053
19.4978 -366.074 -871.195
85.402 -357.348 -860.807
69.344 -357.869 -891.866
87.1519 -356.471 -859.963
67.9224 -358.646 -890.846
7.03728 -381.793 -837.92
71.4297 -349.607 -863.241
88.1337 -356.485 -861.563
70.0862 -358.215 -890.575
28.9591 -381.211 -871.538
86.8772 -357.082 -861.59
32.1352 -374.119 -833.32
87.9822 -357.875 -862.628
86.5878 -359.603 -862.95
103.188 -351.548 -841.924
71.4727 -351.314 -863.937
37.6816 -340.263 -874.695
46.9827 -343.154 -884.548
83.4771 -357.976 -858.674
54.0265 -390.297 -843.088
67.7715 -372.057 -874.717
40.4002 -402.643 -865.673
71.0054 -356.896 -861.537
66.9782 -363.933 -855.255
42.2169 -346.794 -869.79
46.2952 -346.581 -885.201
84.036 -358.548 -861.539
69.2986 -382.326 -896.26
85.1963 -361.122 -862.683
40.6269 -400.495 -866.137
25.655 -355.948 -849.864
96.5728 -349.982 -847.468
100.498 -384.518 -849.93
71.8108 -347.462 -865.94
44.9217 -347.162 -884.631
28.9556 -359.897 -836.357
37.808 -401.125 -874.852
74.7531 -382.272 -890.54
35.737 -401.03 -866.561
90.6774 -361.665 -858.488
69.0636 -399.163 -856.148
40.6364 -359.104 -844.068
71.6401 -350.226 -865.301
66.2046 -367.625 -876.379
105.682 -385.595 -847.528
105.637 -385.76 -845.779
6.02032 -359.544 -847.795
59.3755 -357.282 -899.7
72.0012 -344.057 -866.056
103.177 -388.29 -845.538
106.369 -383.961 -886.543
78.0669 -382.381 -890.913
7.73871 -370.481 -892.824
81.4193 -382.219 -891.831
77.2092 -398.932 -863.968
78.6605 -382.383 -889.138
96.0475 -386.321 -892.166
98.1636 -386.885 -892.348
97.0864 -387.96 -892.365
16.6406 -365.44 -891.907
71.9126 -343.152 -867.603
7.40523 -379.049 -881.227
51.7722 -347.552 -879.989
43.5462 -379.651 -887.513
79.9155 -382.37 -890.583
71.4501 -386.15 -865.986
83.3087 -382.246 -890.872
76.652 -401.404 -861.021
102.012 -381.464 -883.36
30.3606 -359.239 -895.245
49.1445 -351.994 -878.674
71.5981 -351.983 -865.944
102.758 -380.284 -882.364
71.8027 -345.01 -867.705
42.6377 -354.767 -870.7
64.6439 -343.677 -852.804
40.6121 -401.635 -867.572
46.2634 -355.446 -876.332
65.6751 -345.137 -853.618
97.1646 -384.684 -882.91
37.4884 -399.729 -874.175
61.3011 -392.669 -880.148
60.4114 -347.394 -851.289
33.3683 -356.144 -872.459
98.8223 -384.985 -882.127
63.5931 -341.955 -852.029
63.3629 -343.808 -852.069
59.2161 -364.021 -880.093
100.033 -383.866 -883.302
79.7538 -382.35 -887.386
87.6569 -383.527 -879.37
97.3585 -374.573 -890.655
75.857 -399.837 -858.379
91.1558 -362.011 -878.794
69.8812 -366.293 -903.777
81.6553 -382.325 -887.257
68.1271 -395.798 -847.841
34.7138 -345.584 -861.933
79.0903 -382.213 -885.798
40.8277 -399.761 -867.944
78.19 -381.816 -884.206
92.0286 -362.725 -880.471
64.1541 -397.809 -846.29
92.0458 -359.76 -881.79
64.8126 -340.465 -852.555
50.9963 -344.266 -886.325
80.1891 -382.123 -883.94
69.0111 -337.565 -855.677
90.7731 -360.006 -878.676
102.044 -350.94 -843.089
41.9186 -372.624 -863.951
93.8857 -351.905 -892.133
77.5072 -382.054 -886.167
18.7054 -372.687 -892.108
97.2079 -364.548 -843.798
76.3377 -381.672 -885.513
12.4762 -354.777 -891.52
44.9654 -379.953 -875.22
106.548 -355.777 -884.891
49.2531 -364.705 -825.413
76.0893 -382.008 -887.427
64.2352 -336.869 -851.691
9.51982 -371.657 -892.786
77.5023 -394.436 -860.321
77.1568 -400.84 -863.912
17.7349 -373.876 -891.21
41.9002 -369.299 -863.892
72.3837 -363.104 -828.131
41.2688 -344.764 -865.5
98.7913 -371.925 -892.452
99.0452 -374.716 -890.894
78.3565 -358.468 -857.137
103.494 -368.005 -892.75
105.378 -368.492 -892.619
100.333 -368.868 -892.576
77.7742 -381.46 -882.444
101.599 -367.475 -892.596
93.5997 -388.392 -891.365
79.4128 -381.73 -882.323
103.419 -362.817 -892.287
99.7289 -367.007 -892.358
98.7902 -368.33 -892.505
76.8083 -395.161 -858.723
98.817 -365.436 -891.441
92.2551 -357.826 -881.327
33.8915 -355.037 -873.869
65.2803 -336.831 -846.989
92.958 -356.046 -880.328
43.0213 -368.893 -870.275
41.9219 -374.004 -865.306
42.647 -357.423 -830.769
38.3131 -395.844 -876.88
41.9716 -374.239 -863.136
66.8881 -373.467 -875.737
67.0895 -383.227 -887.343
39.2948 -396.981 -877.948
46.5777 -357.987 -828.205
42.059 -375.905 -862.423
41.9464 -345.121 -869.206
55.177 -357.472 -897.272
74.0358 -387.638 -881.469
18.2484 -370.701 -871.177
70.4541 -391.34 -859.782
74.6699 -351.202 -879.799
79.4187 -357.541 -891.043
102.713 -351.436 -884.124
72.8391 -387.124 -882.853
39.0729 -395.034 -878.421
52.0938 -374.466 -851.387
101.008 -350.58 -884.382
68.7618 -358.676 -902.296
19.2486 -374.13 -891.686
77.0362 -392.701 -857.419
35.7144 -390.257 -875.078
77.2118 -379.991 -852.991
105.659 -354.032 -841.043
21.8797 -361.457 -892.172
105.5 -354.278 -888.303
63.839 -335.209 -850.857
104.337 -352.7 -883.906
71.924 -389.951 -882.745
79.587 -352.054 -862.619
60.0527 -393.991 -887.347
71.3803 -386.231 -867.544
106.235 -355.747 -882.733
38.5685 -382.814 -881.589
63.2855 -389.098 -887.937
105.696 -354.253 -884.093
104.923 -353.843 -882.492
103.236 -352.406 -891.305
77.2638 -399.925 -865.542
65.8415 -387.568 -887.375
107.581 -375.61 -844.246
21.9721 -359.506 -892.15
41.7286 -360.868 -903.071
103.484 -354.962 -892.536
60.8091 -384.5 -889.254
100.471 -350.772 -890.967
72.2484 -404.095 -861.632
42.4173 -395.656 -872.322
59.0092 -384.276 -889.535
62.3313 -384.855 -888.918
63.2659 -386.199 -888.558
87.0448 -356.576 -871.407
63.8041 -384.42 -888.509
61.5024 -386.278 -888.998
50.4965 -361.983 -825.316
93.9599 -350.761 -879.401
41.8539 -377.197 -863.781
55.3653 -336.26 -849.366
70.1514 -389.471 -859.123
20.3729 -362.154 -891.47
95.5137 -351.159 -879.654
99.1097 -371.35 -838.891
72.2291 -404.861 -859.829
50.7869 -360.192 -825.637
98.2076 -350.516 -881.956
42.126 -377.621 -861.841
10.9745 -362.3 -848.129
63.3308 -393.937 -886.546
96.3556 -350.05 -882.577
33.5269 -356.983 -840.191
67.3873 -387.519 -886.647
38.1863 -350.376 -879.893
33.8033 -381.669 -844.619
20.4047 -363.723 -857.393
42.6685 -378.22 -860.054
67.537 -378.524 -855.432
78.2327 -382.54 -876.266
76.7883 -385.189 -878.3
93.9579 -353.755 -877.01
45.7811 -375.534 -875.762
93.2864 -354.163 -875.389
20.766 -360.36 -891.235
98.4331 -374.184 -840.112
34.0399 -356.908 -874.115
72.095 -401.335 -862.981
59.0336 -369.156 -880.087
92.6838 -354.382 -873.77
91.3113 -355.315 -871.217
78.2145 -384.489 -875.6
95.8144 -367.269 -857.433
54.381 -357.391 -834.706
54.7087 -382.26 -898.625
69.5297 -405.338 -853.982
41.8054 -357.122 -832.248
31.9099 -357.95 -894.84
93.0197 -352.674 -874.642
62.0179 -382.3 -900.196
12.2638 -349.825 -885.766
33.6227 -358.074 -872.714
52.3 -346.7 -843.634
102.456 -378.435 -882.835
13.7388 -349.5 -886.854
44.1903 -389.562 -874.666
5.56841 -360.242 -844.557
80.382 -381.568 -868.424
87.564 -356.852 -869.757
89.0952 -357.224 -869.214
34.933 -388.644 -874.303
80.0269 -384.596 -870.364
90.3484 -356.351 -870.079
80.4281 -383.083 -865.21
39.1471 -379.178 -829.548
48.452 -357.516 -828.677
85.3657 -357.481 -874.899
80.089 -383.09 -871.232
87.6358 -356.347 -876.382
12.9969 -349.652 -883.756
88.693 -355.937 -870.259
87.7724 -356.014 -873.375
90.9895 -353.648 -871.795
92.0486 -352.992 -873.17
11.1384 -350.291 -884.004
91.4413 -352.312 -874.661
20.2793 -359.475 -889.695
44.8605 -385.722 -875.292
69.1896 -404.473 -855.101
71.5284 -403.249 -860.005
34.4871 -392.606 -868.292
42.8852 -373.545 -859.8
47.1054 -356.979 -832.931
80.6159 -381.809 -872.116
92.0651 -363.791 -878.931
44.8013 -373.898 -856.528
68.7952 -401.341 -855.567
95.2001 -366.226 -875.112
79.6044 -383.25 -872.971
43.9521 -343.835 -882.93
38.6022 -334.734 -873.137
96.7686 -366.639 -876.352
77.6095 -382.061 -877.974
69.2168 -403.122 -855.851
24.9187 -355.804 -838.894
96.3741 -366.482 -878.202
9.71226 -366.607 -892.874
95.4566 -365.977 -879.761
95.2879 -366.26 -876.817
69.7231 -376.797 -872.299
36.9115 -358.902 -850.225
101.013 -366.041 -880.26
101.671 -362.245 -889.14
69.3897 -334.471 -852.528
45.7806 -375.245 -855.361
63.435 -390.554 -887.46
44.0974 -357.183 -896.279
70.0103 -402.685 -857.05
20.0568 -367.792 -860.498
105.911 -368.134 -851.044
107.175 -358.305 -840.299
40.3993 -349.384 -881.933
76.4628 -381.417 -883.541
19.6439 -382.66 -838.923
85.744 -369.84 -864.093
57.336 -360.398 -839.94
49.2035 -347.598 -886.723
103.728 -361.993 -881.388
59.5947 -381.44 -892.381
31.3322 -379.211 -896.44
69.9238 -400.81 -857.226
19.9503 -387.648 -852.298
49.4437 -344.624 -885.967
66.9952 -337.721 -853.649
72.7543 -342.148 -852.508
44.2468 -377.999 -857.179
107.554 -379.241 -847.379
53.7429 -357.813 -836.322
72.29 -338.558 -852.267
73.3662 -339.274 -853.677
83.3073 -381.583 -872.549
81.3095 -381.31 -874.996
71.4603 -346.919 -849.313
44.1401 -347.943 -856.226
69.6305 -342.365 -849.228
59.5438 -385.341 -880.341
105.159 -377.879 -881.352
72.9649 -334.435 -858.854
58.7207 -395.404 -881.024
42.1341 -357.973 -900.918
76.3091 -337.243 -860.244
66.6978 -396.747 -847.249
75.5732 -335.101 -862.278
77.0934 -338.251 -865.09
40.5151 -337.235 -865.177
76.9724 -337.895 -863.337
44.3034 -375.85 -857.195
82.5767 -382.134 -880.568
76.7456 -338.345 -861.706
74.3314 -340.009 -855.192
76.9326 -360.332 -851.495
78.6046 -356.368 -873.915
45.2835 -377.207 -855.878
65.9954 -339.16 -853.117
78.948 -390.714 -862.28
80.1704 -356.947 -866.874
35.8323 -336.907 -867.644
73.5973 -334.542 -866.11
10.932 -363.892 -848.856
12.4224 -363.869 -891.401
29.2434 -357.633 -855.67
70.036 -399.268 -857.662
65.6786 -337.249 -852.605
70.4862 -359.59 -843.152
10.4478 -360.073 -883.169
62.9743 -339.841 -851.52
80.1392 -381.839 -873.845
76.1769 -346.956 -855.743
42.735 -388.774 -847.118
107.619 -372.678 -842.507
52.1558 -357.745 -836.659
46.5399 -341.673 -877.168
80.7631 -361.43 -871.068
70.1006 -343.276 -858.107
81.9857 -381.868 -879.265
76.1365 -396.944 -873.408
46.5847 -365.806 -825.95
80.2981 -359.894 -866.573
41.8836 -381.948 -868.276
90.9208 -387.285 -880.092
65.397 -342.102 -853.13
81.0596 -361.536 -867.121
76.0846 -359.771 -883.512
88.8675 -384.752 -880.052
102.308 -384.038 -881.326
103.595 -385.353 -881.379
106.715 -380.449 -882.424
67.4346 -339.544 -854.285
70.7103 -400.207 -858.811
88.1408 -383.972 -874.371
106.83 -382.47 -889.929
89.586 -384.854 -870.745
46.1528 -371.215 -854.979
64.9089 -367.174 -905.224
107.402 -378.529 -885.33
106.164 -384.22 -890.104
33.5098 -360.091 -873.228
58.754 -341.612 -880.709
38.7131 -334.085 -864.208
83.968 -382.097 -876.719
106.391 -372.548 -881.173
94.2271 -363.656 -886.163
107.202 -372.453 -882.437
107.423 -377.097 -884.097
82.34 -381.741 -877.74
101.487 -388.987 -889.409
80.7997 -381.238 -876.716
83.3444 -381.755 -874.709
13.6704 -389.447 -889.397
70.8578 -364.245 -862.252
11.199 -365.136 -892.539
98.0936 -386.436 -880.969
94.2746 -388.932 -879.176
92.8963 -388.502 -877.622
79.9915 -354.083 -863.012
98.2405 -389.523 -882.338
82.7635 -382.296 -885.579
101.131 -387.722 -881.553
28.7572 -359.016 -893.862
8.49958 -368.299 -892.908
85.7389 -382.5 -884.298
57.1125 -402.739 -881.663
97.1972 -385.378 -881.514
83.9065 -382.305 -883.984
60.9146 -369.838 -879.645
93.0319 -377.697 -887.546
94.1503 -376.153 -887.409
49.3024 -357.934 -837.835
84.6367 -382.329 -885.781
67.665 -357.454 -895.468
93.462 -376.839 -889.138
94.8295 -375.55 -889.336
55.6432 -366.886 -880.27
95.8865 -374.839 -890.508
95.1464 -375.476 -885.819
94.6803 -375.65 -883.964
93.5146 -376.878 -885.623
45.3272 -367.786 -874.755
86.4875 -382.778 -886.372
90.7255 -380.309 -891.93
73.8361 -403.355 -876.294
87.5489 -383.523 -888.003
77.253 -350.648 -875.246
71.9964 -403.987 -878.291
41.3577 -384.198 -847.27
46.0084 -388.259 -854.813
54.0763 -357.688 -895.892
89.8524 -372.934 -892.109
7.91526 -377.141 -848.693
89.5847 -369.765 -891.984
87.962 -383.705 -882.929
86.7309 -382.863 -882.681
82.057 -369.347 -895.477
85.4725 -367.091 -893.037
84.5367 -382.372 -880.566
86.2969 -363.173 -893.065
83.9611 -382.248 -878.744
69.2877 -343.859 -873.699
85.3816 -380.386 -893.023
83.9999 -380.826 -893.48
8.54763 -361.465 -892.721
86.6433 -376.57 -892.796
28.9305 -362.397 -895.089
82.9465 -378.663 -895.412
70.3709 -388.36 -871.94
94.6405 -356.187 -885.351
35.4555 -395.674 -869.346
36.4017 -380.757 -884.662
78.8187 -381.364 -896.006
58.4253 -362.188 -824.913
82.56 -380.543 -894.522
50.1927 -349.071 -887.436
47.695 -381.349 -892.035
64.0525 -360.89 -852.508
85.0773 -376.092 -893.721
86.0863 -374.686 -892.877
50.9578 -404.19 -850.26
72.2265 -336.357 -878.204
71.1465 -365.53 -863.475
88.0883 -383.917 -885.995
78.706 -381.283 -879.142
64.811 -334.509 -880.196
78.2592 -381.365 -880.899
78.4648 -392.583 -869.014
37.7078 -391.306 -878.155
69.8512 -383.568 -885.721
51.6542 -382.254 -898.365
81.3423 -376.305 -897.004
71.0649 -384.933 -884.673
68.3273 -366.328 -857.143
32.7098 -357.204 -846.25
70.7765 -381.954 -885.987
69.5 -385.516 -885.732
72.5899 -385.318 -883.377
32.8408 -357.065 -844.208
39.0162 -358.333 -900.089
32.661 -376.809 -898.117
40.3864 -357.144 -832.835
65.4859 -383.977 -887.931
68.1853 -386.028 -886.484
84.5194 -374.103 -893.885
70.9628 -367.536 -862.994
53.057 -381.336 -892.223
82.9094 -373.182 -895.105
106.531 -384.118 -846.518
67.4464 -357.377 -875.544
64.0124 -359.016 -852.429
41.3389 -344.597 -863.665
32.088 -378.475 -855.829
75.7343 -381.953 -896.395
42.9324 -345.267 -858.122
76.4017 -382.371 -891.453
84.1647 -372.179 -893.865
86.7297 -371.341 -892.284
73.6158 -382.335 -893.887
71.8188 -382.323 -893.467
50.6391 -358.533 -892.32
77.9115 -349.467 -858.248
9.3613 -369.845 -892.824
71.0137 -362.319 -862.428
81.4585 -379.759 -896.072
47.9149 -359.226 -852.874
37.3516 -378.681 -830.234
55.4986 -360.38 -825.174
75.3453 -360.022 -900.486
76.9983 -361.077 -900.027
34.3586 -379.767 -880.59
55.678 -357.06 -829.969
49.8137 -381.672 -836.883
76.7818 -357.501 -893.26
72.3548 -403.079 -863.541
95.1903 -383.968 -885.219
68.5031 -390.973 -875.073
75.3444 -367.353 -901.206
87.9096 -362.399 -892.551
69.5882 -368.293 -859.509
70.038 -366.869 -860.388
52.9823 -382.27 -899.437
41.5281 -404.567 -878.036
67.5092 -359.735 -903.593
69.0823 -360.03 -903.355
88.4707 -360.378 -892.542
46.3564 -359.885 -842.34
57.1865 -366.409 -880.293
65.8441 -358.818 -903.312
58.3556 -374.472 -850.863
84.8215 -363.792 -894.046
83.4294 -364.103 -895.267
82.8899 -367.523 -894.992
82.5247 -365.771 -895.703
82.6932 -362.397 -896.041
41.7553 -403.371 -879.701
90.7204 -352.542 -876.439
71.5001 -357.977 -899.956
75.9417 -339.582 -872.337
72.2635 -401.202 -864.554
5.41106 -362.895 -888.56
10.0522 -375.28 -892.169
89.8372 -360.326 -862.156
71.6787 -366.854 -903.071
22.1723 -361.764 -871.313
15.8413 -374.228 -886.148
107.745 -362.697 -841.823
71.3554 -360.94 -867.041
82.0022 -382.201 -840.474
63.3426 -369.515 -905.424
72.2277 -403.396 -868.846
11.5536 -372.301 -892.511
35.5689 -379.642 -881.826
60.6127 -357.185 -829.907
44.8011 -387.657 -856.31
47.9324 -377.435 -904.953
29.6082 -378.677 -869.223
67.5192 -351.938 -855.403
13.6905 -371.559 -892.45
84.3544 -381.57 -860.878
13.0779 -373.353 -891.865
72.0039 -370.299 -902.971
10.9987 -376.122 -890.863
69.5468 -382.946 -873.134
69.176 -375.281 -903.787
40.6923 -336.771 -868.134
68.2699 -349.009 -856.115
11.3766 -374.347 -891.91
48.3984 -381.803 -893.565
53.9161 -360.704 -825.175
83.192 -369.161 -894.525
95.6731 -350.202 -842.584
92.8535 -371.162 -892.301
64.29 -335.791 -879.495
43.7037 -390.341 -846.934
74.0971 -372.793 -901.781
72.9073 -371.722 -902.475
72.2557 -373.653 -902.595
44.471 -393.264 -856.183
56.9857 -378.512 -880.523
6.80866 -354.989 -841.039
68.3455 -357.74 -900.611
69.2489 -348 -857.271
5.95617 -379.175 -891.623
32.6527 -360.727 -871.704
88.7676 -384.805 -887.367
105.28 -385.091 -839.993
44.1033 -348.669 -884.605
47.149 -357.544 -894.154
85.0974 -382.373 -887.392
84.3514 -382.347 -888.992
79.7845 -368.215 -897.464
49.1201 -347.459 -844.226
76.7223 -356.214 -877.688
80.6797 -369.648 -896.598
82.9523 -370.983 -894.747
81.6733 -371.336 -895.848
78.2297 -372.962 -898.824
80.2613 -371.473 -897.011
80.0003 -376.022 -898.02
92.9692 -374.364 -891.941
6.47727 -375.683 -892.233
20.495 -387.932 -879.079
77.1906 -381.357 -897.128
21.2006 -356.33 -874.989
76.5129 -378.953 -899.984
70.0793 -358.179 -901.049
52.6959 -357.914 -894.558
77.502 -377.644 -899.721
49.8148 -381.903 -894.284
90.1394 -385.82 -859.441
69.093 -370.075 -858.574
66.5917 -397.906 -884.11
71.4817 -353.08 -864.477
61.4508 -346.62 -879.872
22.3165 -358.884 -872.248
91.2532 -376.602 -874.989
36.2308 -395.727 -872.402
85.5443 -367.746 -866.834
79.3093 -381.283 -858.768
96.0744 -373.797 -891.721
62.4177 -360.305 -841.213
45.9932 -357.006 -834.474
59.7504 -359.761 -905.14
67.7809 -357.414 -898.787
70.8747 -351.764 -860.885
6.27343 -377.457 -892.057
70.371 -354.251 -859.659
7.41462 -358.691 -892.564
49.2555 -356.987 -832.685
74.9176 -378.481 -901.034
44.5067 -383.525 -856.897
70.9328 -355.089 -861.337
40.1765 -335.119 -867.105
71.0937 -358.678 -861.938
83.3699 -382.219 -846.731
44.6791 -385.614 -856.609
47.8074 -356.99 -831.514
42.2538 -345.08 -859.842
8.56661 -356.134 -892.743
66.2903 -393.772 -846.182
46.9421 -369.843 -876.71
20.3611 -360.128 -843.613
16.782 -372.405 -891.997
59.4827 -362.265 -880.08
100.376 -389.421 -886.113
78.9319 -380.661 -857.152
72.5524 -404.693 -870.097
17.8757 -370.955 -892.39
76.8243 -339.034 -869.058
106.466 -384.206 -844.75
99.0652 -389.718 -883.592
82.369 -382.225 -845.218
103.882 -387.779 -842.07
48.0046 -364.121 -877.628
45.0565 -382.082 -894.406
25.2152 -355.294 -840.835
87.6086 -369.741 -892.052
15.7452 -370.627 -892.463
78.8752 -374.815 -898.642
65.7425 -357.53 -895.197
83.0727 -374.026 -835.561
100.164 -389.057 -882.432
57.6434 -382.221 -897.503
6.04662 -359.428 -891.764
36.0302 -400.141 -869.435
17.1579 -370.503 -857.968
21.8264 -380.79 -855.741
81.468 -358.055 -880.5
81.4948 -382.245 -843.679
17.4394 -374.743 -885.203
91.9734 -375.598 -876.456
71.0145 -396.407 -871.367
71.7493 -400.308 -861.76
28.5734 -358.91 -869.863
90.7229 -377.783 -873.606
27.6427 -360.277 -893.666
83.0672 -360.653 -895.228
98.757 -389.776 -885.213
65.5359 -336.964 -878.452
29.8306 -360.926 -895.722
41.3972 -348.416 -882.49
101.741 -388.903 -887.219
92.9512 -384.226 -879.265
93.4236 -389.052 -881.07
93.0901 -384.758 -877.365
42.5852 -337.484 -857.484
91.8637 -388.109 -881.414
68.8949 -384.318 -874.118
107.397 -377.397 -889.233
71.4062 -354.709 -867.813
107.164 -376.735 -891.092
107.384 -374.276 -888.64
79.3618 -358.219 -882.758
64.9345 -357.397 -896.776
91.8844 -383.36 -878.073
16.0659 -365.915 -853.466
34.0079 -364.295 -831.985
51.3117 -334.56 -847.219
107.41 -376.766 -886.081
57.7093 -352.267 -841.879
107.384 -374.985 -886.758
71.234 -399.243 -860.396
90.4808 -379.686 -874.118
45.0599 -387.058 -845.161
71.2088 -384.578 -868.513
25.3019 -355.645 -851.641
32.5991 -360.254 -897.727
37.059 -403.779 -870.788
90.6592 -380.999 -872.938
34.2259 -360.242 -854.26
16.1333 -374.294 -887.861
92.5701 -377.241 -890.77
54.8204 -381.828 -894.993
106.448 -378.947 -881.857
92.5962 -378.623 -889.512
92.5277 -380.602 -889.566
75.0739 -359.436 -884.983
92.4549 -386.515 -857.665
92.9276 -381.582 -888.274
92.5993 -379.638 -887.847
92.6856 -378.834 -886.155
70.7524 -386.926 -870.808
10.9801 -361.361 -884.174
31.0773 -360.511 -896.643
86.2342 -382.85 -870.985
107.238 -375.612 -882.98
104 -383.249 -881.234
96.7792 -371.901 -873.688
35.4866 -358.57 -898.391
71.5299 -353.841 -866.252
71.2151 -398.359 -871.1
43.6466 -384.796 -858.198
63.4719 -393.897 -845.056
90.9161 -361.769 -852.588
43.4551 -382.975 -858.551
93.4215 -365.72 -871.985
94.9597 -366.444 -873.236
101.354 -383.056 -882.501
98.1603 -367.085 -875.874
12.0209 -353.31 -881.585
5.65849 -363.52 -842.063
71.4987 -396.986 -869.708
98.4267 -368.193 -874.785
70.1964 -386.451 -872.12
102.658 -382.151 -881.794
33.3335 -354.271 -872.206
101.034 -368.966 -876.494
71.3123 -395.042 -870.055
42.1562 -381.306 -861.455
77.9456 -393.355 -870.655
77.277 -394.198 -872.253
69.8933 -402.723 -850.198
57.3526 -381.189 -827.409
71.4242 -359.032 -863.923
61.8407 -358.846 -826.487
34.1871 -379.538 -898.322
84.6882 -382.145 -871.64
41.9572 -346.425 -861.117
45.8958 -337.689 -853.296
34.2443 -360.016 -898.77
69.609 -357.712 -839.025
91.213 -387.536 -883.231
80.2272 -356.48 -865.209
35.2264 -357.758 -896.847
61.8216 -381.771 -829.319
97.3689 -389.877 -884.075
5.49635 -362.073 -845.107
98.6456 -389.775 -887.033
95.4218 -389.7 -887.874
79.3141 -355.78 -871.834
96.2823 -389.75 -882.595
30.947 -377.229 -864.425
100.208 -389.493 -888.104
69.9244 -399.264 -873.99
42.0849 -339.036 -880.625
68.9214 -377.429 -873.662
73.5406 -382.107 -835.095
46.7312 -359.827 -904.226
47.9012 -361.263 -904.963
5.4203 -363.99 -887.003
73.3471 -336.368 -876.599
71.1187 -393.303 -870.501
37.2082 -379.605 -900.163
44.1149 -340.415 -855.375
55.5817 -386.197 -842.014
71.2626 -362.796 -867.324
78.6494 -392.75 -865.468
32.1054 -358.954 -896.425
51.8152 -372.023 -879.617
71.0593 -361.661 -868.47
47.0248 -380.33 -903.534
76.1747 -352.711 -852.779
40.2821 -373.637 -902.61
18.2299 -355.122 -841.088
68.0289 -369.364 -856.819
71.3026 -363.425 -864.078
36.9484 -372.662 -900.868
41.668 -368.173 -903.409
56.4421 -381.637 -890.711
26.5853 -382.142 -883.035
70.7913 -399.647 -872.418
40.7789 -371.617 -902.962
75.3029 -387.707 -851.633
31.6879 -362.038 -897.457
43.9722 -403.595 -855.368
38.0698 -371.567 -901.689
79.8068 -352.843 -867.949
67.7922 -392.781 -875.995
78.8036 -350.601 -870.704
42.7527 -369.278 -903.932
79.1223 -352.353 -871.157
26.8686 -376.253 -893.399
42.1492 -379.424 -861.477
78.0259 -351.819 -874.183
68.1541 -397.918 -876.135
29.455 -363.806 -895.475
26.6602 -366.846 -892.794
94.6544 -387.042 -838.979
28.1996 -366.192 -893.892
47.3017 -390.635 -853.388
78.487 -351.187 -872.438
71.1039 -360.451 -862.318
48.6512 -370.04 -905.494
90.751 -378.355 -856.47
79.3122 -354.088 -871.52
62.1633 -340.088 -879.964
78.134 -353.571 -874.738
46.478 -370.196 -905.069
78.4567 -348.864 -870.178
52.0865 -348.503 -850.903
45.4857 -371.84 -904.742
42.6983 -382.193 -860.019
46.457 -374.807 -904.686
79.3622 -351.765 -869.405
43.7535 -388.109 -857.691
43.3194 -374.072 -903.825
32.5825 -356.468 -869.168
40.4387 -378.67 -902.258
42.9483 -357.162 -897.482
43.7914 -386.59 -857.802
70.5256 -361.489 -860.799
37.6908 -381.794 -896.974
34.7235 -380.9 -897.307
38.8532 -380.55 -900.217
42.256 -381.087 -901.027
102.468 -384.719 -850.404
12.2592 -383.042 -890.166
28.7419 -379.025 -894.515
79.7966 -352.161 -866.105
74.4303 -378.881 -829.683
80.4202 -360.829 -863.473
80.0035 -359.102 -862.9
5.70479 -363.449 -840.13
42.2483 -389.097 -860.304
57.0409 -357.187 -833.15
31.4321 -375.682 -897.143
75.1692 -380.993 -831.825
22.9352 -354.808 -892.093
29.9228 -376.288 -895.965
11.2638 -356.789 -884.643
72.4611 -358.389 -888.765
10.6149 -358.353 -883.978
42.5567 -357.327 -899.149
89.5849 -381.511 -892.345
43.0818 -389.349 -858.619
35.8897 -380.296 -898.82
32.7866 -358.273 -869.476
32.9372 -386.844 -864.401
33.0393 -357.233 -870.993
91.2691 -363.299 -858.46
55.0376 -347.16 -887.72
92.4234 -375.548 -858.109
70.697 -358.227 -829.604
43.6921 -399.934 -856.362
93.1264 -374.244 -860.187
89.7559 -378.38 -862.276
48.1588 -389.315 -852.726
45.0905 -357.053 -835.87
92.3936 -377.339 -850.229
68.8016 -404.138 -876.394
91.8407 -376.387 -853.44
76.4381 -381.714 -844.955
70.8149 -394.342 -871.6
86.0127 -382.858 -858.353
76.4082 -382.905 -852.418
92.9472 -383.926 -850.861
47.5115 -395.302 -852.926
91.8037 -382.341 -851.026
43.6607 -341.978 -856.235
91.1424 -380.684 -851.494
80.2626 -358.961 -879.136
90.612 -380.456 -853.563
42.9859 -384.85 -872.379
69.5516 -394.357 -874.007
90.896 -379.08 -852.384
69.6453 -382.06 -838.032
73.8444 -358.397 -887.783
60.8375 -382.097 -833.24
43.3229 -391.031 -858.046
90.6215 -381.658 -860.27
90.5864 -381.319 -856.75
71.8076 -397.38 -867.984
90.4938 -380.082 -855.662
100.835 -376.096 -847.112
71.9011 -340.359 -868.441
101.585 -376.916 -845.619
101.622 -376.575 -848.625
101.016 -376.308 -843.833
72.9201 -357.891 -898.919
69.226 -400.679 -875.179
69.0655 -392.743 -874.511
42.7293 -399.478 -857.832
86.8441 -375.27 -838.386
69.5175 -394.114 -848.278
10.77 -356.76 -882.661
88.3566 -355.925 -848.322
75.1541 -340.768 -856.704
14.1805 -351.262 -837.692
95.5579 -375.247 -845.963
95.6669 -375.222 -843.93
101.407 -365.045 -839.376
75.3639 -342.551 -856.62
93.4213 -370.686 -861.082
77.0119 -399.921 -868.839
96.0896 -371.761 -858.724
69.811 -391.438 -873.27
85.23 -377.276 -862.919
92.928 -378.781 -845.051
42.8843 -386.011 -859.417
92.935 -379.534 -843.683
93.3056 -377.654 -843.494
100.889 -363.999 -840.516
45.4116 -335.97 -853.484
94.3233 -376.102 -842.773
92.8813 -378.81 -841.748
12.0985 -355.623 -883.401
56.4788 -381.029 -850.274
96.6554 -373.728 -839.772
74.8873 -337.345 -856.388
50.3315 -394.802 -851.175
39.6479 -355.694 -848.236
53.8556 -379.154 -850.638
94.1774 -375.73 -841.046
95.7043 -375.134 -842.132
95.3695 -374.638 -840.481
92.8913 -378.947 -846.82
92.9381 -380.26 -845.711
91.3731 -381.304 -839.249
51.6675 -367.863 -851.456
75.757 -337.875 -858.26
42.9327 -387.72 -859.072
32.0002 -361.049 -868.762
14.1648 -349.371 -885.154
60.9695 -334.195 -882.224
97.1174 -372.265 -857.554
75.8528 -341.637 -858.146
57.6502 -382.01 -832.535
75.1798 -336.41 -857.591
49.3158 -355.435 -851.889
70.623 -390.224 -871.464
92.3054 -378.179 -840.142
80.2689 -380.187 -854.975
76.4744 -342.505 -859.601
40.9628 -339.971 -867.51
48.997 -360.591 -852.221
76.2812 -340.716 -859.701
93.2156 -389.068 -845.349
64.8147 -397.929 -884.967
72.6093 -358.71 -829.821
32.469 -359.422 -868.023
96.4288 -389.474 -840.188
96.6196 -390.044 -841.935
5.73437 -360.005 -842.684
51.1728 -377.778 -851.634
54.8372 -358.444 -894.197
55.6999 -391.828 -881.034
77.135 -341.19 -864.298
69.2295 -348.365 -873.451
51.0202 -365.746 -905.744
42.2538 -360.238 -886.067
15.4365 -354.465 -884.088
99.7413 -389.24 -840.153
101.276 -388.185 -839.587
5.40791 -361.907 -886.619
70.8188 -334.677 -874.149
6.49455 -373.825 -892.299
106.073 -366.738 -850.399
101.955 -366.378 -838.878
70.0686 -404.377 -874.847
98.0123 -388.827 -839.463
45.6516 -383.125 -855.381
94.4118 -388.708 -839.823
44.8367 -403.11 -849.056
57.1963 -358.896 -889.047
33.2383 -359.142 -871.323
65.6959 -340.029 -846.957
93.0755 -389.022 -847.396
65.013 -338.365 -846.646
51.868 -338.166 -885.795
44.5233 -380.617 -845.38
65.7908 -343.908 -846.322
65.7473 -342.077 -846.75
56.9448 -377.171 -850.625
91.4491 -387.994 -850.023
53.5378 -353.386 -850.678
42.9785 -363.073 -870.713
69.0397 -346.124 -873.849
69.7976 -357.162 -858.525
68.6316 -341.079 -848.68
60.8613 -337.005 -880.564
93.5647 -381.966 -842.421
102.543 -363.519 -839.601
102.118 -362.38 -841.086
55.8227 -380.386 -904.723
14.6444 -351.508 -881.265
67.49 -339.646 -847.986
89.9187 -386.446 -857.733
47.8246 -405.191 -849.575
46.2685 -341.776 -883.889
97.6045 -384.445 -841.229
58.539 -360.342 -825.262
93.2052 -384.339 -839.124
56.7812 -375.315 -850.752
93.9763 -382.817 -841.024
79.9777 -381.619 -849.879
95.7452 -383.904 -841.743
34.0042 -380.545 -858.677
101.156 -382.988 -848.664
5.43456 -362.108 -890.224
57.3535 -340.318 -880.961
38.588 -380.411 -844.892
15.5593 -353.102 -881.321
13.8547 -353.094 -881.628
83.7379 -381.053 -837.612
68.6877 -344.666 -847.82
86.3963 -382.205 -839.708
73.7008 -357.844 -889.606
43.7547 -363.904 -872.307
41.5718 -338.079 -870.746
18.6929 -388.02 -851.213
84.1775 -378.524 -836.325
83.7814 -379.894 -836.599
13.8503 -354.638 -890.471
24.9615 -355.295 -848.312
68.9236 -348.28 -846.803
53.2581 -335.183 -884.893
70.3198 -349.449 -847.445
54.1746 -360.294 -891.513
80.3308 -382.083 -863.635
83.0843 -375.645 -835.268
64.8302 -348.229 -886.358
72.7565 -364.854 -828.304
86.3849 -357.267 -883.799
75.404 -345.197 -855.253
35.1251 -345.635 -859.943
92.6139 -371.125 -839.076
75.3134 -372.665 -829.689
62.9475 -391.317 -879.369
25.9019 -356.107 -872.984
72.5276 -369.549 -828.053
78.9717 -350.385 -861.329
63.9117 -368.295 -825.24
75.0474 -346.375 -853.99
67.7325 -371.572 -826.263
69.175 -373.023 -826.87
69.6178 -371.252 -826.816
74.1242 -374.083 -829.084
88.325 -384.261 -852.034
94.7018 -385.243 -839.225
79.1723 -350.17 -863.112
46.8424 -381.951 -893.898
97.6477 -384.444 -848.505
71.3659 -401.257 -860.167
62.7887 -357.339 -899.784
49.8181 -399.277 -851.247
35.7286 -358.943 -848.668
91.5783 -386.486 -839.44
42.6884 -335.915 -880.425
36.9112 -348.635 -853.599
50.8123 -348.857 -851.233
48.854 -387.936 -887.945
47.0017 -398.272 -853.143
87.3209 -383.453 -861.212
44.1954 -405.195 -852.975
36.5576 -345.802 -855.912
87.8621 -383.866 -855.675
39.7946 -401.1 -878.173
66.6873 -338.132 -877.372
61.9758 -364.992 -905.714
44.4806 -398.463 -855.597
74.1962 -344.687 -853.503
73.1679 -343.631 -852.52
74.84 -343.538 -855.11
86.3482 -382.903 -856.553
65.2859 -357.177 -834.182
87.3948 -383.256 -848.563
45.8657 -359.388 -875.803
88.6044 -384.547 -848.847
71.4447 -344.952 -850.034
93.0708 -358.68 -847.515
18.7807 -353.65 -851.03
42.7228 -341.906 -857.961
74.8826 -348.916 -852.516
89.4332 -385.663 -847.249
90.6187 -387.137 -846.661
40.6119 -401.006 -864.65
89.5268 -385.833 -849.116
43.7442 -356.976 -834.7
91.6644 -387.992 -855.154
75.5992 -348.014 -854.069
13.145 -364.273 -882.392
90.466 -386.995 -848.578
90.1668 -386.674 -850.425
89.6461 -385.992 -852.066
51.8963 -335.526 -845.989
18.9428 -388.376 -878.017
105.544 -383.221 -839.375
104.041 -384.196 -839.07
55.425 -387.729 -842.308
12.5264 -352.106 -837.616
74.9663 -389.721 -879.49
42.9702 -366.983 -870.233
72.2337 -340.121 -866.381
40.1058 -357.17 -893.224
104.671 -386.717 -840.993
106.279 -355.132 -848.495
93.4333 -362.157 -846.907
105.094 -353.739 -848.919
74.4259 -334.761 -859.797
71.4581 -375.665 -827.867
94.4852 -363.556 -846.74
46.6098 -336.229 -852.518
43.5188 -381.995 -893.042
105.46 -355.043 -839.483
74.3723 -335.108 -858.085
106.521 -355.24 -842.287
65.8974 -382.25 -888.397
107.099 -356.765 -841.342
71.5738 -334.399 -855.921
64.6915 -357.41 -900.02
68.4956 -334.933 -853.836
92.8296 -374.827 -877.942
18.9828 -387.639 -876.487
65.4294 -335.455 -851.81
99.0324 -353.09 -838.891
39.8926 -348.584 -849.703
66.9394 -335.654 -852.978
77.2095 -341.545 -866.061
78.0847 -347.132 -861.238
103.918 -359.496 -839.364
93.3701 -355.398 -853.352
103.874 -357.477 -839.098
47.915 -397.108 -852.527
93.6017 -356.555 -840.1
92.6676 -358.031 -840.052
78.6539 -348.78 -861.974
76.6805 -355.991 -853.16
75.3559 -357.797 -888.641
10.9354 -365.453 -880.68
68.3799 -396.142 -875.687
41.6111 -349.675 -865.712
71.5932 -391.575 -866.612
102.173 -369.402 -892.669
76.9433 -337.034 -866.01
77.2328 -344.293 -870.165
100.575 -350.392 -842.227
85.7657 -382.624 -877.271
11.6365 -356.178 -846.894
100.26 -350.239 -846.001
59.6204 -334.648 -881.65
77.5332 -345.964 -870.812
104.46 -353.441 -839.747
45.1626 -355.339 -855.398
64.9159 -381.636 -889.546
35.5323 -380.889 -833.659
101.978 -351.005 -841.081
12.8682 -354.898 -847.468
104.522 -352.539 -847.373
105.707 -353.818 -847.153
76.9753 -342.598 -869.504
95.4207 -364.052 -844.833
106.439 -355.424 -840.629
104.492 -352.614 -841.83
105.652 -353.867 -843.044
40.312 -403.608 -867.335
35.7952 -337.153 -863.285
35.5671 -381.947 -888.146
40.3545 -381.858 -835.653
68.9854 -405.392 -877.955
37.1959 -381.944 -889.219
67.3942 -343.261 -876.158
40.1011 -356.963 -834.857
49.5439 -397.625 -851.489
10.2808 -359.115 -847.699
29.5111 -365.409 -895.179
95.7155 -366.85 -855.619
71.6151 -393.189 -867.293
92.6959 -365.186 -853.731
63.8325 -339.513 -879.3
94.5521 -363.705 -841.384
80.0567 -380.074 -860.4
105.385 -360.69 -881.272
95.7732 -364.253 -842.67
46.2866 -389.32 -886.463
60.5829 -342.939 -886.212
14.7497 -354.58 -887.402
64.1205 -358.355 -903.119
97.8228 -365.459 -849.502
42.5041 -356.673 -870.365
41.4157 -388.881 -865.371
45.5275 -393.587 -854.91
103.851 -360.002 -881.491
94.3451 -363.257 -843.27
100.072 -363.89 -847.419
27.9651 -373.626 -836.841
15.6772 -389.62 -888.515
97.0023 -364.69 -847.853
98.6776 -364.339 -846.66
98.9667 -364.574 -848.378
105.465 -358.734 -881.346
98.9789 -364.398 -842.954
71.1423 -391.65 -870.07
20.3372 -387.335 -875.138
106.866 -359.646 -882.068
95.872 -365.317 -849.54
92.5784 -363.755 -850.624
41.7373 -386.828 -868.144
14.3743 -389.561 -885.319
12.9036 -355.192 -886.981
40.4038 -381.976 -891.368
71.385 -396.037 -861.898
41.4904 -387.259 -865.227
106.682 -373.647 -839.289
107.619 -374.679 -841.609
107.502 -373.123 -840.688
23.2242 -356.991 -861.278
27.7744 -374.308 -866.451
99.1111 -364.61 -841.218
15.9714 -354.538 -885.895
99.5962 -373.27 -839.272
71.4265 -393.344 -869.047
69.106 -381.346 -888.151
101.261 -364.758 -881.484
103.936 -382.121 -839.182
85.7035 -378.288 -893.355
71.2828 -375.502 -865.504
102.167 -382.302 -840.332
102.144 -381.53 -841.445
103.024 -380.459 -840.2
61.8239 -336.345 -845.825
70.6445 -392.259 -871.712
99.5079 -365.851 -880.741
97.7138 -366.323 -879.769
104.681 -365.588 -850.522
43.3627 -391.387 -873.561
80.2308 -386.583 -866.197
107.16 -380.528 -840.381
106.405 -379.47 -839.239
106.778 -382.317 -840.38
17.117 -354.793 -884.275
107.62 -376.142 -842.753
97.9847 -365.614 -881.446
39.0219 -381.55 -888.526
47.8898 -336.235 -851.712
71.7355 -396.715 -863.237
71.0527 -397.217 -860.489
67.543 -381.701 -888.191
70.8656 -372.592 -862.865
76.6297 -357.568 -889.638
13.8332 -353.556 -892.035
47.1774 -343.491 -877.532
68.9366 -382.272 -886.862
41.6374 -384.436 -865.522
41.6811 -388.84 -862.199
102.233 -357.573 -882.787
100.865 -356.385 -883.763
51.8268 -361.466 -879.68
91.68 -364.031 -854.945
21.262 -371.902 -869.113
36.2192 -361.432 -830.45
42.2565 -385.793 -860.9
65.9539 -388.23 -853.596
91.7419 -374.853 -839.228
35.2678 -392.126 -859.026
24.0825 -353.702 -841.131
36.1879 -336.909 -861.212
91.8947 -388.316 -844.033
10.8089 -358.237 -844.559
91.9276 -388.336 -842.058
60.2135 -374.372 -879.896
77.1423 -346.44 -872.583
69.4738 -340.561 -856.702
91.6939 -363.744 -852.681
90.9782 -362.536 -856.45
68.6584 -387.345 -874.657
90.9561 -362.515 -854.316
66.3582 -381.728 -892.197
51.168 -347.449 -887.238
90.6668 -360.83 -855.292
52.8247 -355.039 -889.134
37.0142 -357.093 -892.517
90.8223 -362.591 -860.25
90.0918 -362.128 -861.957
91.3324 -372.601 -839.142
91.4329 -363.91 -860.233
91.7092 -365.249 -861.279
35.2789 -395.907 -864.424
94.604 -372.963 -859.389
47.3509 -347.9 -886.099
94.7958 -371.235 -859.948
68.5312 -391.253 -856.255
70.6663 -379.603 -861.244
67.9935 -362.34 -826.587
85.6536 -379.07 -862.648
48.6587 -371.315 -878.125
87.2765 -380.526 -862.979
94.4342 -365.904 -878.059
92.342 -388.117 -840.321
34.4881 -359.274 -855.229
102.336 -368.9 -877.457
86.8594 -377.691 -862.889
101.41 -367.576 -877.68
46.8421 -334.764 -851.579
90.4093 -383.368 -861.038
88.5942 -381.708 -862.822
36.2654 -395.372 -858.81
80.6089 -381.106 -895.207
52.8958 -345.11 -843.994
87.9683 -378.811 -862.939
67.6112 -361.447 -875.099
58.6111 -354.668 -880.176
39.086 -380.707 -886.828
43.8492 -390.839 -884.584
73.4094 -358.999 -900.632
91.6366 -375.779 -860.982
90.6387 -374.797 -862.408
91.0046 -373.172 -862.482
99.9145 -366.681 -878.801
44.2988 -381.431 -891.304
92.1263 -373.901 -861.63
70.7429 -335.076 -878.574
11.5033 -388.808 -889.206
96.917 -368.679 -857.935
41.8002 -386.721 -862.282
34.6338 -355.855 -875.505
71.5977 -339.175 -869.723
96.0282 -369.937 -859.04
97.6284 -370.638 -857.778
99.6835 -367.556 -876.517
43.244 -355.81 -872.102
41.1104 -336.705 -869.952
70.6506 -366.215 -861.848
103.42 -370.041 -878.184
52.8726 -340.104 -844.979
52.9313 -353.45 -889.034
93.052 -359.213 -845.878
104.341 -371.402 -879.147
47.609 -338.156 -852.099
28.4652 -376.104 -867.368
70.064 -379.698 -859.559
70.8771 -395.161 -860.482
36.5595 -335.509 -862.443
43.5642 -337.307 -855.851
96.4716 -350.188 -849.494
94.8628 -350.366 -848.39
104.826 -369.525 -879.313
12.2154 -353.196 -892.606
97.2014 -349.956 -845.459
49.7719 -342.955 -885.636
98.473 -349.911 -846.806
37.8343 -395.395 -855.331
100.346 -350.597 -848.851
72.1335 -338.669 -867.812
88.7467 -379.537 -838.779
94.7445 -356.15 -841.78
82.891 -358.692 -873.536
94.692 -356.099 -847.574
93.2139 -357.448 -848.815
93.1865 -355.917 -851.601
97.2062 -353.38 -839.113
79.0891 -349.6 -867.113
78.6282 -347.66 -864.767
79.1032 -349.463 -865.062
78.1881 -346.053 -864.273
98.6567 -353.04 -850.264
71.6146 -395.264 -863.239
41.8885 -380.127 -867.7
14.7812 -354.12 -882.545
61.7377 -360.604 -825.497
102.267 -358.261 -846.648
102.624 -359.797 -845.627
102.611 -358.577 -848.514
41.8194 -378.958 -863.219
77.4103 -375.998 -899.785
67.9337 -393.643 -847.049
90.5569 -380.308 -875.815
67.7492 -381.616 -891.271
83.8943 -379.89 -861.581
85.4371 -381.048 -862.306
69.3982 -382.273 -857.718
60.6453 -370.26 -905.918
74.5766 -376.494 -901.459
11.239 -357.018 -843.108
41.9842 -384.889 -862.088
70.9132 -352.136 -870.194
82.8906 -358.156 -856.95
37.145 -392.635 -855.004
81.9953 -359.184 -858.282
71.2685 -347.517 -869.556
34.5328 -361.105 -831.554
70.007 -360.067 -887.666
71.1671 -368.874 -864.195
70.144 -384.871 -859.206
75.3427 -360.787 -882.259
69.811 -380.584 -902.147
70.0527 -335.379 -851.134
83.4311 -360.552 -861.86
70.3231 -386.577 -859.621
54.6019 -339.268 -844.792
41.8388 -380.505 -862.758
62.6496 -370.987 -905.462
82.4587 -362.032 -862.387
89.8561 -353.476 -875.015
53.263 -377.263 -850.972
60.6784 -391.432 -843.651
88.5385 -355.271 -875.303
55.1118 -344.447 -843.953
89.4676 -354.043 -876.807
106.832 -374.123 -882.05
78.2847 -368.17 -898.725
78.2887 -346.341 -866.047
53.1411 -347.292 -887.565
62.9409 -381.531 -891.818
83.676 -363.449 -865.975
88.2992 -355.695 -879.354
89.3398 -354.308 -880.305
68.1068 -404.607 -853.695
52.9267 -347.281 -850.707
41.7548 -383.856 -863.578
19.8971 -361.511 -842.681
35.3996 -353.02 -876.637
73.1238 -352.704 -882.059
72.0192 -399.71 -863.463
58.1906 -379.766 -842.128
86.9671 -356.861 -879.888
68.5996 -389.003 -874.855
64.0906 -355.435 -842.899
24.5062 -372.007 -868.145
42.1307 -383.139 -861.695
88.3929 -374.581 -838.951
61.0724 -381.417 -891.552
95.7761 -374.026 -851.574
34.2764 -388.945 -859.4
85.7279 -357.392 -878.312
80.78 -361.192 -865.309
96.936 -373.189 -856.232
39.5556 -359.381 -882.885
43.0009 -359.448 -871.398
85.2135 -357.517 -880.012
93.8651 -374.472 -855.014
65.2724 -391.256 -844.968
95.6692 -373.756 -854.829
43.1173 -392.391 -883.566
59.3724 -390.149 -843.098
87.1387 -382.257 -862.492
86.946 -379.067 -838.295
89.1827 -380.149 -862.64
56.949 -387.354 -842.211
87.0547 -356.691 -874.879
52.7545 -384.204 -842.121
68.3575 -381.766 -838.957
60.8655 -350.666 -888.213
78.226 -387.504 -856.546
78.2348 -385.82 -855.687
42.685 -384.229 -860.085
76.7252 -384.543 -852.726
93.0109 -373.135 -839.15
81.0458 -378.591 -861.514
8.25606 -354.271 -881.914
104.869 -353.282 -885.265
84.7558 -364.28 -866.961
55.5256 -399.078 -881.457
39.2213 -334.248 -861.112
63.4734 -360.109 -825.934
43.7381 -362.195 -872.438
59.7568 -386.091 -889.317
98.9029 -350.034 -844.881
84.8706 -382.259 -873.607
46.8294 -360.702 -876.729
42.8558 -393.555 -872.909
80.1437 -379.85 -856.811
19.5659 -356.308 -841.324
58.5506 -347.575 -843.178
59.2214 -360.838 -890.521
75.1673 -380.451 -850.553
50.9492 -367.432 -905.898
76.0822 -380.962 -852.053
55.6671 -357.881 -836.161
57.6459 -357.791 -835.97
94.7096 -350.455 -850.099
105.694 -354.697 -890.45
56.3552 -357.44 -834.594
5.55666 -372.739 -890.876
84.1265 -365.888 -894.271
66.2857 -359.747 -890.222
97.5795 -353.537 -881.145
45.594 -381.729 -892.59
67.3919 -382.319 -896.092
84.321 -382.227 -842.076
90.8421 -362.412 -892.113
91.0359 -364.472 -892.161
65.561 -354.22 -843.515
67.8933 -358.119 -844.798
92.3563 -363.567 -891.703
56.4327 -382.015 -896.092
71.9643 -357.944 -890.31
42.335 -381.802 -891.263
49.9659 -345.148 -851.371
21.5458 -363.335 -892.231
68.6602 -337.613 -882.146
54.6714 -356.089 -841.593
77.0324 -401.509 -868.486
93.4161 -357.526 -885.72
53.3345 -354.331 -841.725
67.5028 -390.395 -855.005
73.3993 -357.573 -891.482
92.8213 -359.11 -885.005
64.7351 -381.833 -893.083
74.3484 -352.863 -880.734
91.9761 -356.349 -878.405
44.5411 -361.392 -873.852
91.1824 -365.684 -839.068
88.3565 -363.41 -838.773
91.902 -367.391 -839.09
90.4302 -368.765 -839.27
59.5303 -334.226 -882.947
5.53118 -375.043 -841.164
88.9888 -370.125 -839.313
93.3245 -354.96 -878.452
74.4957 -393.877 -878.203
86.2688 -357.181 -854.145
75.061 -357.482 -892.432
89.6351 -377.789 -838.976
59.9059 -380.791 -842.282
79.4538 -381.136 -834.738
20.0621 -360.779 -846.388
42.9981 -403.058 -856.849
91.9316 -352.412 -856.493
22.1867 -360.341 -857.177
87.9129 -356.274 -854.557
87.0671 -356.897 -852.837
62.3479 -382.862 -842.593
60.745 -382.338 -898.809
88.1964 -356.069 -850.179
62.1019 -360.094 -889.047
91.6173 -354.701 -839.077
99.8614 -350.254 -886.006
62.4633 -382.207 -895.566
97.9806 -349.977 -883.645
26.089 -382.342 -884.737
88.1113 -356.066 -843.238
68.0659 -338.203 -854.687
64.1144 -382.224 -900.255
88.3206 -356.446 -840.082
72.7707 -386.818 -848.533
93.1518 -355.513 -839.171
64.3921 -397.81 -879.088
69.5247 -395.642 -848.792
92.0498 -353.073 -839.481
27.0255 -382.035 -887.569
38.4207 -381.618 -850.457
92.7932 -351.703 -840.389
69.6483 -357.554 -899.26
21.9134 -380.445 -857.762
45.9148 -362.754 -826.236
99.9829 -351.504 -881.625
57.4066 -359.985 -892.513
41.1874 -395.762 -862.856
104.585 -386.426 -848.774
53.8075 -343.321 -880.725
92.0542 -351.832 -842.197
47.6271 -381.257 -888.413
91.3654 -352.545 -840.849
76.3571 -365.957 -900.513
63.0083 -381.93 -893.825
103.544 -353.667 -881.551
84.3706 -382.219 -845.044
82.7036 -382.211 -842
64.8122 -381.454 -891.15
28.8345 -380.552 -869.805
41.4921 -390.833 -848.834
33.4316 -362.494 -832.177
69.5822 -381.82 -891.226
60.105 -382.296 -900.528
40.9985 -397.286 -863.796
35.3895 -381.655 -843.387
35.3419 -357.095 -893.408
85.7804 -365.156 -893.147
86.6793 -356.932 -856.059
99.8206 -350.431 -882.989
103.3 -352.357 -882.481
34.9453 -380.925 -883.532
59.5854 -381.965 -902.319
48.3324 -382.863 -888.244
58.6213 -386.947 -842.221
62.7828 -398.397 -879.944
20.5764 -360.567 -847.985
41.4935 -394.5 -861.625
75.1196 -337.504 -874.194
49.0867 -350.005 -878.687
94.6346 -350.364 -887.541
58.5987 -360.266 -841.188
78.5231 -359.591 -832.417
78.9217 -387.157 -858.23
61.1791 -357.528 -896.157
41.5088 -396.299 -861.109
78.7144 -358.369 -833.838
44.6708 -362.916 -873.936
77.1251 -358.548 -832.526
37.5813 -345.727 -854.073
34.8724 -357.694 -875.774
46.6821 -382.698 -887.494
96.3773 -350.019 -886.514
74.9548 -358.812 -845.136
72.0657 -361.247 -828.141
94.5447 -350.388 -889.435
41.1853 -397.291 -862.246
71.2674 -370.277 -865.349
77.6068 -348.019 -858.531
72.2424 -400.605 -879.32
61.0276 -359.205 -892.517
60.8563 -358.076 -894.27
75.7905 -357.507 -841.506
66.0759 -401.516 -847.438
75.9593 -357.875 -843.431
76.0377 -396.559 -857.735
80.2639 -382.003 -837.36
82.0402 -358.519 -855.297
44.9206 -405.237 -851.629
82.7432 -357.938 -853.305
97.632 -349.964 -889.581
81.7502 -357.782 -849.404
98.7228 -350.394 -891.135
62.4056 -390.811 -843.858
70.0324 -345.096 -858.227
52.0073 -352.109 -888.641
24.6277 -354.624 -842.444
38.4241 -402.758 -875.466
91.6968 -356.563 -839.072
91.0895 -358.669 -839.065
36.7378 -391.047 -854.874
71.066 -391.87 -861.676
81.3206 -357.812 -837.264
52.4038 -398.46 -880.923
89.0051 -358.539 -892.46
77.5444 -364.685 -899.788
79.4472 -350.731 -866.037
87.9563 -357.719 -839.163
83.1932 -357.538 -840.193
64.6226 -401.571 -846.738
5.45955 -378.901 -883.225
84.268 -358.076 -838.828
83.2311 -358.522 -837.308
45.0432 -387.831 -875.61
37.5705 -402.689 -873.733
82.7101 -357.756 -838.503
82.1939 -358.991 -835.849
66.4857 -381.436 -890.027
80.3233 -358.311 -835.245
62.6995 -403.77 -850.666
34.748 -352.151 -875.042
51.7755 -356.535 -879.765
31.7454 -360.341 -833.826
78.3892 -357.602 -835.407
89.5065 -354.083 -885.682
9.88798 -387.889 -884.452
8.07283 -356.208 -881.564
83.8482 -359.964 -836.489
36.8174 -402.379 -871.916
86.7387 -362.192 -838.121
51.3001 -381.272 -891.434
83.0618 -381.921 -838.932
14.2224 -363.721 -844.248
51.7972 -383.062 -889.388
8.4052 -386.687 -884.559
73.8823 -346.218 -852.334
57.8948 -359.622 -880.346
62.3798 -387.877 -888.509
47.3265 -387.42 -853.515
97.7408 -385.366 -839.708
100.844 -384.825 -839.446
31.3285 -378.766 -871.59
59.4371 -382.926 -842.051
102.244 -381.294 -844.152
12.551 -388.748 -882.504
39.3378 -390.539 -850.913
84.1772 -370.161 -893.713
70.7226 -381.379 -870.506
98.9359 -384.045 -846.912
96.5319 -384.201 -845.109
38.3967 -344.112 -853.601
99.2136 -384.611 -840.323
80.3891 -381.044 -865.341
87.6002 -356.558 -885.073
65.815 -390.147 -877.531
35.9522 -378.92 -853.963
107.268 -380.718 -848.355
67.3837 -394.579 -876.567
35.5699 -359.874 -831.332
44.7377 -358.652 -827.965
66.0174 -382.236 -899.688
37.7069 -358.314 -880.327
37.8635 -404.093 -872.546
39.5949 -360.487 -828.844
107.112 -381.278 -888.278
52.6131 -359.564 -825.712
52.9813 -358.223 -826.801
67.4857 -387.663 -875.954
51.1527 -358.677 -826.509
12.2125 -388.701 -890.868
89.8272 -353.668 -883.648
10.9926 -357.565 -841.502
10.7392 -358.751 -842.675
87.6612 -383.866 -857.587
12.3737 -355.622 -843.383
14.044 -354.706 -843.754
52.1266 -400.53 -880.98
47.3126 -363.989 -825.871
88.7646 -355.198 -884.399
93.0984 -350.886 -882.924
18.8664 -355.682 -844.813
16.1594 -353.076 -849.048
33.5237 -350.222 -869.563
50.0351 -382.965 -888.885
64.1411 -390.018 -878.648
90.1573 -353.24 -881.714
61.3349 -381.662 -893.046
14.2308 -353.542 -848.346
89.0171 -354.799 -882.42
45.7386 -381.828 -900.523
14.2599 -389.462 -883.243
104.573 -372.454 -851.917
17.4472 -354.43 -847.729
15.808 -389.571 -884.169
52.5941 -357.231 -899.385
20.5472 -350.365 -847.977
23.0415 -352.577 -854.493
19.5389 -350.209 -851.707
86.741 -368.138 -892.309
70.8519 -390.141 -860.987
20.4294 -359.808 -841.743
38.1929 -342.407 -854.689
20.8339 -360.209 -839.698
50.1201 -357.399 -901.122
19.5452 -362.222 -847.564
89.1093 -354.491 -889.757
15.7797 -363.926 -845.119
13.9327 -363.623 -846.298
12.6067 -362.816 -844.988
66.0698 -395.056 -877.746
87.9714 -355.937 -888.663
93.4547 -362.643 -883.541
14.3463 -364.377 -848.147
25.5413 -382.759 -888.501
15.9871 -363.989 -846.844
88.2446 -355.965 -890.792
18.9795 -362.755 -841.561
52.8871 -396.464 -880.905
62.9114 -382.074 -901.536
17.7806 -363.692 -840.332
98.1894 -389.867 -841
19.2487 -363.512 -849.022
63.8808 -376.851 -852.46
57.6566 -381.887 -902.607
23.82 -353.44 -843.126
89.5618 -354.912 -891.572
35.3446 -354.853 -876.817
63.7622 -378.923 -852.271
7.51664 -382.713 -881.563
100.816 -389.499 -847.581
6.5807 -383.768 -883.284
17.9514 -363.609 -847.501
60.9646 -352.029 -842.413
60.8583 -381.24 -903.583
76.9606 -348.774 -874.704
69.5299 -357.432 -895.18
17.2149 -363.736 -844.054
101.176 -389.454 -842.776
17.541 -363.554 -845.598
17.5686 -363.609 -842.328
12.807 -355.34 -845.459
71.3064 -357.448 -894.231
5.64598 -361.83 -843.245
87.4599 -383.841 -859.485
40.1797 -334.208 -874.069
5.83977 -356.504 -885.713
26.4397 -356.457 -854.739
71.1772 -382.7 -862.456
89.1541 -354.931 -855.496
102.019 -389.023 -844.152
23.8409 -353.696 -856.001
66.6203 -395.181 -846.781
25.0217 -355.343 -855.633
69.6398 -357.57 -893.345
88.8591 -384.735 -878.143
32.7271 -352.88 -868.534
24.1242 -354.214 -852.107
26.8846 -356.649 -851.033
59.4167 -403.587 -849.757
65.727 -358.609 -891.881
38.6147 -405.028 -871.238
71.3083 -390.279 -863.095
22.3522 -353.652 -859.451
72.4498 -398.707 -879.144
81.1448 -357.86 -882.377
5.32486 -374.16 -887.282
74.4343 -360.569 -883.48
9.88666 -351.127 -841.138
5.53468 -374.552 -890.863
73.7607 -359.343 -886.241
62.4897 -372.958 -905.374
71.5847 -360.607 -884.612
54.7661 -357.239 -828.755
71.4474 -392.248 -863.56
59.8502 -358.183 -826.967
61.093 -357.683 -828.067
56.7918 -359.533 -825.548
24.0579 -354.103 -854.012
54.0621 -343.655 -850.331
60.0853 -361.343 -825.137
51.8006 -363.217 -825.067
9.24046 -387.422 -886.158
54.8856 -363.682 -824.87
69.4066 -357.908 -845.728
44.6556 -364.709 -873.86
78.8476 -357.935 -884.722
52.8817 -355.322 -850.756
71.0756 -388.924 -861.863
77.1298 -357.685 -888.062
15.3088 -352.499 -892.495
20.5306 -387.545 -890.816
66.3378 -362.88 -826.107
72.2864 -360.371 -885.879
19.3882 -362.086 -888.452
66.877 -365.972 -826.143
75.3498 -368.788 -829.456
90.2356 -376.196 -892.175
76.041 -365.493 -830.073
104.087 -364.726 -892.716
61.7926 -395.693 -880.156
13.6087 -367.574 -892.613
59.4562 -365.218 -824.89
100.085 -389.805 -844.136
36.23 -355.577 -878.371
65.8536 -398.171 -847.093
60.8513 -366.339 -824.909
61.1386 -364.414 -825.07
67.6709 -381.021 -902.375
45.1375 -341.293 -875.844
21.9818 -361.012 -858.893
63.1969 -361.877 -825.492
77.5568 -358.961 -898.2
95.0924 -364.387 -882.861
63.9432 -380.534 -903.864
46.004 -386.143 -876.525
68.4226 -360.324 -827.122
67.7999 -358.649 -828.038
106.017 -365.252 -892.402
40.9854 -341.657 -864.138
79.632 -360.688 -876.309
61.5264 -389.649 -888.24
22.995 -361.862 -838.156
50.4355 -335.669 -850.243
21.4186 -358.645 -838.864
64.2597 -381.657 -902.301
51.3399 -359.769 -879.596
107.214 -365.739 -890.784
61.3337 -382.025 -901.902
61.0235 -372.713 -851.385
107.439 -363.648 -887.851
67.5229 -341.31 -876.191
19.9932 -357.313 -845.502
71.014 -370.748 -863.528
21.6963 -351.717 -880.251
66.3109 -344.451 -877.156
29.2132 -357.05 -846.297
107.454 -362.281 -888.446
32.7525 -351.899 -866.503
29.8871 -357.062 -840.069
29.9697 -357.041 -841.849
53.2087 -360.44 -880.04
29.9736 -357.062 -843.498
46.388 -334.754 -878.628
49.6091 -357.224 -898.335
59.5207 -382.274 -897.369
33.4054 -381.766 -884.862
23.1916 -352.794 -849.028
21.609 -351.134 -851.516
24.2631 -354.372 -850.093
9.92178 -366.569 -879.641
40.541 -398.384 -852.393
23.437 -353.063 -847.109
22.2319 -351.663 -847.777
59.1684 -335.917 -849.698
21.4534 -350.965 -846.501
65.2999 -396.458 -846.486
24.0582 -354.03 -848.24
103.595 -352.116 -885.593
20.6983 -350.626 -839.515
22.0121 -351.31 -840.648
107.565 -360.781 -885.147
19.0105 -349.687 -840.306
107.424 -360.515 -887.421
53.1148 -382.386 -842.173
79.5442 -386.326 -859.84
107.551 -364.309 -884.846
25.6566 -355.965 -844.971
40.6355 -379.838 -886.066
47.8814 -380.764 -890.066
49.858 -387.814 -843.283
61.7048 -397.257 -880.304
24.5779 -354.713 -844.232
90.7236 -387.296 -844.694
55.6505 -404.186 -881.931
19.9283 -351.162 -854.728
96.9462 -355.154 -843.974
27.191 -375.298 -862.462
93.5252 -365.157 -879.368
20.3188 -350.236 -843.668
17.777 -349.271 -841.718
20.5573 -350.274 -841.557
106.787 -358.329 -891.227
18.7801 -349.603 -844.699
77.3089 -354.465 -876.587
77.5674 -359.58 -849.736
96.549 -390.074 -843.799
35.4071 -388.192 -855.815
20.4615 -351.605 -838.177
50.6646 -369.364 -905.916
66.1558 -405.146 -851.052
107.007 -357.627 -889.419
106.456 -356.459 -890.915
21.1747 -387.416 -883.631
105.621 -357.31 -892.279
33.2158 -351.823 -870.143
34.9183 -381.571 -885.283
16.2047 -349.093 -841.529
51.4693 -382.208 -896.804
17.3411 -349.226 -840.273
67.9241 -397.954 -854.872
11.0285 -357.218 -889.584
36.132 -401.362 -861.88
63.5199 -357.595 -901.512
11.5545 -370.069 -876.5
58.0019 -397.201 -881.248
19.1527 -350.622 -838.403
104.837 -365.877 -880.834
75.4097 -401.476 -857.44
103.643 -364.063 -881.226
36.2941 -381.302 -897.683
63.2508 -374.936 -852.198
21.7702 -351.111 -842.688
23.1449 -352.739 -839.835
23.0368 -352.289 -841.844
71.4905 -360.029 -865.52
54.9296 -386.039 -850.26
67.6502 -401.55 -848.36
102.696 -365.707 -880.608
10.6502 -352.876 -837.74
24.0215 -354.324 -839.286
24.1106 -357.042 -838.015
17.584 -389.291 -887.718
23.1515 -355.476 -838.163
92.9356 -364.15 -880.436
72.2584 -400.829 -866.414
69.4512 -393.94 -857.454
50.0189 -382.225 -897.943
103.582 -366.767 -879.868
19.0737 -352.381 -837.837
17.524 -349.798 -838.712
45.6619 -363.736 -875.278
47.5535 -358.522 -903.352
94.948 -389.78 -842.728
50.0018 -364.421 -905.524
106.982 -363.88 -891.528
92.4316 -361.698 -881.97
90.6376 -359.278 -871.443
77.7115 -370.612 -831.495
94.3735 -363.738 -887.736
21.8649 -352.446 -857.987
66.5023 -338.152 -847.438
21.6542 -381.984 -872.521
13.3397 -388.839 -842.147
33.8232 -390.577 -865.09
7.55968 -353.72 -839.801
96.5872 -373.648 -853.135
8.48596 -352.156 -845.111
9.62106 -351.226 -846.539
13.7338 -366.363 -878.928
15.0646 -383.826 -888.097
106.933 -382.149 -886.655
7.64325 -353.474 -841.932
8.58025 -352.323 -840.564
15.8646 -366.309 -878.71
8.83301 -352.024 -842.872
95.1282 -389.677 -841.117
11.3433 -361.327 -845.454
77.7661 -372.514 -831.48
94.7434 -374.122 -853.293
93.8621 -364.467 -891.165
15.0152 -366.964 -875.466
68.468 -399.533 -848.804
10.5251 -359.764 -885.141
10.4995 -359.062 -889.345
34.5084 -359.331 -832.408
62.5162 -358.044 -851.637
32.7114 -381.937 -864.336
50.797 -379.052 -840.685
11.3009 -381.574 -843.878
12.4511 -364.666 -849.09
35.405 -343.952 -860.739
98.269 -364.729 -884.334
61.0541 -359.058 -851.041
12.5342 -363.493 -847.842
76.1139 -401.503 -859.241
61.2701 -360.775 -851.15
12.0719 -362.436 -846.704
33.0415 -386.419 -869.032
18.8196 -349.579 -846.812
99.7574 -364.213 -884.156
16.6585 -349.923 -849.28
93.9915 -374.757 -851.765
60.1479 -402.104 -881.167
77.1097 -382.219 -840.93
75.473 -403.107 -858.375
60.7468 -383.927 -879.989
33.1751 -383.8 -871.091
73.741 -403.034 -854.93
60.4182 -377.405 -851.105
73.4227 -404.543 -856.228
19.8276 -352.559 -855.68
99.4625 -364.31 -885.891
47.4703 -336.273 -878.638
40.3139 -396.14 -879.573
100.434 -363.673 -889.433
55.5235 -352.61 -880.362
18.9127 -350.897 -853.133
61.4185 -363.942 -851.375
101.66 -363.043 -890.986
92.4184 -364.378 -873.489
20.6113 -350.65 -853.215
93.9403 -368.824 -870.711
11.7158 -366.926 -892.704
59.3751 -389.291 -888.707
33.339 -388.7 -864.759
28.1607 -368.031 -893.583
93.1336 -367.17 -870.322
21.6386 -351.319 -854.808
94.0739 -372.206 -871.22
94.1423 -373.5 -872.569
17.3875 -352.478 -850.646
76.4241 -376.003 -830.349
45.5021 -390.895 -885.576
39.9805 -391.057 -881.2
16.6149 -351.193 -850.178
32.361 -356.954 -863.592
41.6352 -388.669 -883.641
9.77601 -373.629 -892.614
56.1041 -397.301 -881.356
17.8761 -350.909 -851.578
56.7422 -357.635 -896.649
54.2564 -387.237 -889.252
48.1972 -343.886 -885.294
51.295 -353.834 -888.792
63.7673 -353.685 -842.884
41.7893 -382.073 -894.134
55.2291 -361.91 -824.905
52.5495 -387.938 -888.882
99.9266 -355.142 -891.347
18.1834 -349.97 -850.39
18.65 -349.61 -848.781
17.0842 -349.272 -847.677
44.6337 -382.125 -896.293
106.76 -380.103 -891.598
19.4861 -369.477 -870.203
99.9579 -355.814 -889.642
58.0671 -337.52 -844.881
54.8814 -337.195 -844.915
100.638 -363.52 -887.486
46.815 -358.082 -853.726
99.1547 -364.417 -887.822
76.5994 -351.219 -876.851
76.8497 -402.933 -863.783
101.355 -356.542 -890.902
70.762 -405.253 -855.092
40.0409 -382.043 -894.914
72.3247 -404.552 -854.453
41.4792 -382.067 -896.043
45.9958 -382.139 -897.529
23.3121 -353.217 -858.048
69.1302 -401.457 -849.385
52.9112 -337.93 -880.865
50.9433 -337.262 -880.279
59.7886 -371.495 -851.117
36.5367 -357.509 -878.735
102.537 -357.876 -891.485
74.3299 -336.306 -874.924
55.6683 -365.239 -880.276
66.9577 -353.152 -844.298
64.3814 -350.556 -843.767
37.1691 -335.098 -870.079
94.824 -373.966 -856.515
62.9292 -348.993 -843.712
101.822 -385.964 -881.206
59.8234 -373.545 -851.084
69.8172 -399.999 -849.883
38.4286 -397.688 -876.349
42.7311 -404.683 -856.073
47.1143 -393.236 -845.86
76.0721 -403.266 -860.413
47.0883 -358.633 -877.107
45.6312 -388.671 -845.254
41.9692 -405.249 -854.952
75.8225 -337.889 -872.616
98.3476 -355.166 -890.245
76.9811 -401.524 -862.573
42.2427 -357.154 -896.05
71.2777 -393.883 -862.161
22.4143 -385.881 -844.344
50.9729 -390.941 -843.816
48.1841 -391.321 -878.522
97.4615 -364.793 -888.143
46.4998 -402.967 -883.593
49.5851 -403.608 -884.773
48.178 -404.462 -883.403
50.5159 -392.605 -844.397
16.5196 -364.635 -882.187
77.4226 -381.403 -846.869
75.7816 -364.05 -900.987
69.508 -395.987 -874.227
107.265 -380.11 -886.557
67.5886 -401.403 -883.308
55.7574 -390.181 -888.611
105.513 -385.591 -886.307
18.1347 -363.765 -882.624
18.0647 -364.839 -881.125
59.961 -404.506 -884.98
28.0366 -375.033 -863.741
44.2417 -388.712 -846.075
52.0167 -405.251 -883.26
101.58 -355.01 -892.224
62.5566 -404.602 -881
46.2254 -357.203 -898.732
25.8371 -374.302 -862.192
40.1434 -337.838 -852.566
101.48 -351.989 -892.062
38.3374 -358.268 -887.03
59.6272 -341.442 -886.137
18.4422 -367.403 -837.877
50.9272 -343.94 -850.922
100.544 -356.183 -885.783
59.7852 -336.386 -885.615
100.232 -355.985 -887.763
61.0468 -337.708 -885.677
58.1461 -336.948 -886.038
47.682 -391.522 -845.106
99.3453 -355.539 -884.611
44.9029 -358.059 -874.722
60.1482 -375.528 -851.108
80.9094 -359.27 -877.215
27.1663 -359.659 -868.818
98.9846 -355.402 -886.553
17.4372 -363.649 -885.624
54.9334 -360.291 -880.292
51.2758 -395.5 -845.006
45.6757 -368.237 -855.539
55.9671 -386.061 -889.521
49.0232 -334.523 -882.902
42.0302 -341.921 -859.655
49.7384 -334.185 -881.302
47.746 -334.204 -881.483
96.1838 -355.361 -884.216
65.001 -352.794 -853.33
45.8725 -334.878 -881.79
97.1932 -355.207 -887.16
71.2814 -371.799 -866.474
94.7403 -355.942 -883.268
94.5737 -355.358 -881.514
91.0432 -357.71 -873.243
39.1321 -357.996 -881.95
16.6517 -364.034 -889.02
90.8766 -358.144 -875.087
45.7611 -336.24 -877.314
15.7952 -354.152 -847.18
34.6224 -392.691 -862.42
15.6796 -364.34 -890.466
40.6752 -338.221 -863.745
45.3668 -382.045 -899.049
40.4951 -336.209 -863.402
91.2976 -358.951 -880.161
68.1766 -385.831 -875.094
72.1706 -382.135 -836.625
6.42559 -362.666 -882.014
6.51218 -360.829 -881.968
42.8819 -343.289 -848.958
50.3023 -394.021 -879.87
42.8526 -347.204 -871.459
19.2912 -365.299 -878.258
96.8966 -370.588 -892.501
42.3942 -374.7 -861.082
55.5328 -359.648 -892.765
81.2929 -379.292 -859.79
50.8863 -357.458 -895.7
20.6767 -364.067 -878.47
69.5116 -341.44 -881.72
97.935 -373.5 -891.891
60.3696 -360.357 -891.151
65.7685 -389.774 -844.734
20.6769 -364.138 -873.433
57.8895 -390.505 -888.508
73.7837 -377.466 -829.006
6.21872 -364.735 -882.061
95.374 -369.148 -892.443
67.6729 -384.002 -875.559
58.1182 -364.074 -824.853
94.8745 -370.935 -892.42
44.7795 -359.894 -874.358
64.8344 -389.316 -887.336
41.6918 -381.469 -866.428
12.3946 -366.898 -877.598
66.9342 -390.673 -845.563
68.4656 -389.818 -846.144
49.3435 -397.757 -879.673
9.40548 -360.185 -881.798
14.159 -354.669 -885.631
97.2262 -368.774 -892.483
63.0169 -357.424 -896.559
42.5214 -361.914 -860.767
95.9627 -367.323 -892.258
13.3847 -365.629 -880.704
68.2354 -391.668 -846.596
19.4837 -362.312 -883.086
42.6502 -346.645 -847.95
15.6982 -354.407 -845.106
98.137 -373.163 -877.957
6.19706 -382.791 -890.452
32.8015 -355.279 -860.611
48.8087 -399.225 -879.503
7.26513 -383.948 -891.52
27.098 -373.482 -863.013
6.49084 -384.012 -885.487
15.821 -354.397 -843.025
64.4655 -357.261 -843.141
58.7262 -387.618 -889.19
97.8558 -366.983 -892.222
9.19369 -378.995 -891.998
41.2063 -347.533 -848.839
35.3121 -358.969 -853.612
66.561 -357.53 -900.28
80.3805 -380.142 -863.716
9.64796 -381.314 -891.979
61.021 -384.973 -850.976
65.8494 -357.367 -898.524
72.1202 -377.415 -828.255
6.76762 -384.517 -887.558
7.82259 -360.071 -881.437
69.5324 -392.412 -847.708
7.2701 -385.308 -884.179
94.2644 -372.826 -892.214
69.5361 -387.908 -873.466
9.46937 -357.079 -881.684
8.80392 -384.705 -892.192
7.85854 -385.574 -890.732
62.3328 -385.656 -851.477
19.3997 -381.363 -845.441
70.1168 -383.041 -859.119
18.9794 -365.494 -874.523
6.79722 -384.449 -889.625
71.6376 -395.289 -868.183
37.0331 -371.622 -830.037
76.3387 -370.818 -900.304
10.7363 -387.982 -882.708
49.9158 -390.704 -879.484
6.22779 -382.278 -882.561
99.9043 -373.155 -878.523
5.85545 -382.365 -884.143
5.78253 -381.957 -885.85
75.3906 -392.781 -854.2
55.4174 -350.938 -880.424
92.4121 -378.445 -882.746
48.7522 -387.675 -878.704
5.40189 -379.505 -888.103
50.1831 -386.875 -879.448
19.335 -381.884 -890.241
19.2552 -365.566 -872.651
5.48757 -376.33 -890.735
92.7971 -381.021 -886.379
5.29691 -376.08 -887.215
30.1454 -381.849 -885.262
96.6213 -372.935 -875.215
21.4007 -363.321 -871.602
5.41018 -379.353 -889.895
5.43827 -379.944 -886.356
41.9226 -369.394 -865.718
39.989 -334.133 -872.15
92.6129 -380.053 -884.963
5.70443 -381.446 -887.508
6.70456 -380.459 -892.271
5.63998 -381.212 -889.252
58.3487 -360.284 -889.405
69.156 -359.322 -889.251
18.6925 -355.455 -842.921
17.8441 -366.029 -876.015
56.8258 -358.793 -893.904
49.5658 -395.868 -845.623
20.719 -358.509 -891.179
64.5344 -359.946 -890.512
43.4217 -353.951 -872.395
67.2985 -390.807 -885.746
52.4254 -342.083 -844.822
65.3736 -391.177 -886.565
65.0805 -384.809 -853.026
51.7963 -388.012 -880.142
18.8865 -355.666 -846.591
69.5079 -350.28 -872.98
69.6526 -389.723 -873.405
60.5777 -363.396 -905.825
83.624 -358.044 -875.111
27.4382 -356.896 -872.206
104.026 -381.194 -881.351
70.9124 -358.827 -888.966
13.7103 -363.806 -884.342
29.9799 -381.839 -883.324
67.7014 -359.825 -889.45
44.5395 -349.171 -874.291
18.5721 -382.397 -888.366
37.9197 -337.186 -874.897
37.5236 -362.42 -829.573
46.1172 -390.145 -854.58
55.5709 -342.428 -844.435
18.3124 -355.272 -882.8
68.9458 -381.647 -900.941
15.489 -364.087 -885.063
66.4765 -389.321 -886.625
52.4639 -358.351 -879.938
8.90119 -357.776 -892.465
41.3278 -357.221 -897.84
20.8035 -375.593 -872.154
10.0086 -356.419 -892.252
52.1808 -351.543 -879.942
10.2649 -358.217 -891.152
10.3885 -360.309 -890.837
53.4884 -388.96 -880.618
10.8516 -360.98 -889.283
95.8007 -364.568 -886.557
79.4679 -351.191 -867.628
63.5027 -388.173 -878.93
12.06 -362.752 -889.351
10.4924 -359.744 -887.393
64.9469 -391.837 -878.243
49.9659 -384.919 -879.279
20.1471 -379.889 -890.107
34.2298 -391.78 -863.68
82.4626 -358.038 -892.457
11.4358 -356.469 -886.52
44.4921 -351.153 -874.159
12.4768 -355.482 -885.219
7.26638 -360.501 -892.623
83.6027 -357.78 -891.015
79.6051 -388.611 -862.874
46.5342 -351.499 -876.679
41.5823 -345.948 -862.661
51.6344 -385.958 -880.004
85.6648 -357.968 -891.536
6.23141 -370.153 -892.212
38.7374 -349.831 -850.477
41.9452 -364.079 -863.055
37.3434 -337.124 -857.367
67.9727 -399.937 -876.549
56.6961 -362.988 -824.837
44.5075 -353.819 -856.252
68.3762 -402.034 -876.332
41.2589 -341.749 -867.912
19.6697 -374.031 -871.608
100.892 -375.095 -881.694
103.156 -377.379 -881.735
13.7734 -363.882 -890.011
48.7601 -392.94 -845.073
45.4908 -350.273 -875.552
32.6336 -353.066 -863.008
11.1502 -362.171 -890.903
104.342 -376.026 -881.228
62.6803 -376.897 -825.461
69.2865 -379.967 -857.829
88.692 -371.428 -891.986
69.1927 -377.534 -903.687
41.5118 -387.792 -863.782
10.6184 -363.455 -892.217
9.20859 -364.881 -892.866
38.4954 -340.697 -876.276
75.7254 -382.887 -880.386
5.82987 -361.728 -839.48
83.0356 -359.087 -893.96
56.553 -400.782 -881.587
7.5484 -355.012 -892.295
70.1507 -359.86 -884.991
51.4819 -383.986 -879.892
95.8082 -364.585 -888.723
103.777 -374.386 -880.715
69.9864 -381.313 -858.981
11.739 -351.477 -892.477
40.8654 -337.341 -861.983
9.2956 -354.671 -892.759
8.68931 -352.051 -889.248
9.86562 -351.172 -890.109
7.05918 -353.697 -884.895
7.31141 -353.709 -883.31
18.5173 -354.805 -881.087
5.62602 -366.57 -847.134
39.0808 -405.306 -861.194
42.0814 -355.669 -868.988
75.4218 -377.583 -829.862
43.4994 -368.592 -858.709
18.7732 -354.35 -879.387
24.985 -361.868 -892.654
41.3178 -381.174 -847.574
41.9618 -357.642 -868.572
56.5908 -371.361 -850.877
103.322 -373.015 -879.595
23.3584 -362.683 -892.43
24.9625 -363.893 -892.534
53.1326 -384.799 -880.362
18.8921 -365.254 -892.115
43.4751 -335.645 -850.101
9.68501 -355.422 -881.599
5.58993 -366.592 -843.866
49.748 -357.993 -827.531
42.4356 -334.202 -855.529
20.3619 -366.654 -892.333
72.6143 -403.959 -866.983
56.5674 -359.924 -905.397
5.50656 -367.445 -845.256
105.48 -374.354 -881.074
17.9221 -353.889 -849.378
20.8832 -369.879 -892.222
99.8343 -373.719 -892.055
23.4899 -358.598 -892.574
25.7994 -356.536 -890.992
77.8524 -376.114 -831.224
16.2706 -349.753 -891.25
104.959 -372.802 -880.209
56.9442 -350.981 -888.746
25.9947 -356.357 -889.358
8.25384 -352.509 -887.805
107.698 -363.723 -845.312
78.8281 -382.225 -839.968
9.19835 -351.536 -886.225
13.2042 -371.055 -875.561
30.6956 -357.268 -883.269
29.0674 -357.134 -884.219
28.8419 -357.147 -882.54
30.4754 -357.347 -881.527
76.4558 -387.539 -853.19
53.1278 -381.698 -894.037
32.6859 -359.095 -878.079
49.9725 -394.231 -845.018
101.443 -386.055 -892.479
98.0001 -374.769 -882.949
40.9333 -385.595 -847.747
96.2363 -374.728 -882.68
32.2916 -357.609 -882.336
12.9114 -349.766 -889.937
80.7522 -379.017 -865.358
47.8393 -340.319 -852.103
41.8705 -359.232 -902.297
78.727 -377.197 -831.838
43.4173 -359.774 -903.237
96.5345 -373.523 -879.259
52.982 -382.789 -880.283
49.8032 -383.059 -879.17
64.0671 -359.824 -878.359
104.139 -387.156 -889.483
59.4904 -357.796 -895.568
35.5974 -357.248 -888.902
37.546 -357.503 -888.713
19.6389 -380.841 -888.338
32.4471 -353.301 -865.059
98.6119 -375.16 -884.507
35.4387 -357.682 -885.904
34.3388 -357.296 -887.22
50.088 -357.114 -834.566
27.5991 -356.984 -886.601
28.6163 -381.798 -886.425
29.1348 -357.133 -885.903
28.8648 -357.126 -889.348
32.548 -357.238 -886.058
31.9998 -357.131 -889.438
45.5831 -338.148 -876.824
52.5654 -380.857 -880.127
96.5702 -375.012 -884.393
53.228 -377.703 -880.13
15.5972 -383.789 -883.341
14.5344 -374.291 -887.502
95.9849 -374.124 -881.003
20.392 -359.407 -883.075
65.8159 -397.033 -878.108
19.0418 -362.428 -885.066
38.1032 -394.243 -877.346
39.932 -373.572 -828.408
37.9287 -360.8 -829.585
54.9482 -358.659 -837.65
43.5259 -368.166 -871.518
94.8356 -374.931 -881.937
64.0499 -399.921 -879.456
45.6171 -361.545 -875.311
20.5588 -360.624 -882.397
101.123 -382.715 -884.355
19.9889 -360.74 -884.402
20.2141 -357.725 -882.673
78.0041 -360.757 -876.898
78.5359 -379.755 -832.604
19.936 -357.946 -886.253
101.83 -374.388 -892.295
63.1478 -371.436 -852.228
49.2552 -339.201 -851.264
54.3356 -358.706 -880.239
19.7303 -361.461 -886.47
68.6236 -342.7 -882.646
106.875 -381.904 -883.418
9.59918 -365.193 -880.913
19.537 -363.564 -881.479
46.7375 -362.809 -876.517
84.2152 -358.621 -892.645
63.4337 -378.338 -825.801
107.374 -373.181 -887.152
49.1545 -336.588 -879.552
23.6702 -353.345 -845.134
107.27 -373.452 -890.505
107.386 -372.396 -888.962
47.3342 -339.994 -878.064
48.1614 -338.195 -878.834
41.5901 -357.162 -865.579
72.2655 -402.131 -867.572
65.5598 -398.957 -878.454
19.0587 -356.193 -889.547
53.2323 -386.905 -880.467
41.5156 -340.694 -869.394
32.8549 -351.436 -864.299
41.6686 -354.962 -865.978
58.325 -345.4 -880.53
18.2099 -354.229 -891.919
58.5234 -343.56 -880.619
58.159 -357.527 -897.039
68.1378 -389.092 -885.803
18.3315 -355.583 -887.823
19.6185 -357.149 -884.572
85.3236 -357.524 -887.452
19.3003 -356.377 -883.199
106.719 -368.737 -891.907
75.9043 -390.87 -854.05
61.8003 -404.225 -884.838
60.7249 -402.945 -885.82
84.822 -357.552 -889.442
76.1464 -386.04 -852.186
107.236 -369.696 -890.728
107.438 -370.455 -885.446
107.44 -371.471 -883.739
46.4588 -400.741 -883.985
20.6337 -358.712 -840.249
51.2621 -382.099 -879.778
47.4321 -398.92 -884.555
48.2189 -400.671 -884.866
107.443 -369.598 -883.71
48.9704 -399.277 -885.196
42.3288 -395.488 -881.863
43.3656 -361.954 -858.908
42.9219 -396.908 -881.948
106.46 -372.519 -892.022
41.2656 -392.411 -865.931
71.018 -334.997 -852.848
73.975 -387.71 -850.043
71.3504 -382.705 -867.672
61.2345 -371.828 -905.716
66.7926 -354.305 -876.188
66.6548 -399.898 -877.739
72.9203 -365.371 -902.469
76.6091 -389.081 -854.272
38.4311 -405.114 -864.432
49.4187 -374.906 -878.681
107.192 -371.542 -890.749
39.3879 -405.05 -867.589
58.7396 -378.251 -850.711
64.0958 -371.469 -878.097
52.9677 -386.395 -889.249
81.5391 -357.63 -890.937
48.1499 -374.413 -877.901
76.4599 -340.079 -870.657
67.187 -399.568 -883.634
106.705 -374.669 -891.796
48.9392 -384.62 -888.412
106.172 -370.433 -892.188
47.9213 -386.238 -887.941
72.0763 -400.452 -868.059
5.39036 -365.196 -883.809
5.46427 -366 -890.278
45.0846 -382.465 -886.67
43.8619 -384.051 -886.05
57.0878 -355.949 -880.302
43.5824 -382.133 -885.769
42.3543 -383.613 -885.034
95.4545 -353.795 -839.181
42.086 -381.469 -884.696
51.8948 -390.206 -880.261
98.0515 -354.968 -848.294
83.3711 -357.645 -887.685
66.9086 -398.339 -877.369
43.1658 -380.38 -885.927
5.42754 -365.686 -887.223
41.9798 -364.694 -867.139
61.8129 -375.075 -825.316
18.2243 -366.894 -892.398
41.8223 -362.853 -866.656
71.6737 -348.529 -864.695
87.5078 -375.149 -892.363
82.5697 -357.614 -889.356
44.9138 -380.403 -889.806
54.1345 -385.311 -889.49
86.0334 -357.582 -869.9
98.9312 -364.569 -889.711
41.4855 -387.232 -847.653
89.9306 -381.752 -861.93
76.5823 -361.873 -830.375
61.2345 -385.86 -842.424
69.0975 -357.4 -897.2
85.1522 -357.584 -871.498
35.9697 -396.711 -870.675
36.2696 -398.649 -870.716
70.1528 -385.127 -846.126
46.4528 -353.487 -876.524
40.4643 -402.928 -878.509
71.2994 -384.4 -846.903
13.2582 -363.573 -887.992
41.5821 -359.14 -865.047
36.4517 -400.523 -871.242
47.6505 -398.199 -878.689
68.8252 -351.721 -873.908
16.8259 -383.507 -888.482
90.7289 -381.758 -855.038
54.9074 -387.695 -880.743
67.1378 -396.456 -876.986
67.5357 -351.403 -875.48
15.8322 -383.801 -886.649
33.748 -380.195 -873.033
102.603 -388.634 -847.238
5.27254 -374.9 -885.538
103.279 -387.737 -848.681
104.298 -385.025 -850.033
21.083 -351.918 -874.227
41.6671 -360.78 -866.203
32.8873 -380.964 -869.222
32.8484 -382.931 -869.209
59.8577 -390.922 -888.198
62.6315 -349.853 -879.355
73.3571 -383.474 -848.756
32.7231 -381.945 -867.585
60.0289 -392.571 -887.732
34.4618 -381.518 -857.082
56.2372 -381.688 -880.65
34.7759 -384.375 -855.636
41.7632 -364.221 -865.231
105.539 -383.599 -849.842
20.8179 -351.11 -883.486
33.2596 -384.332 -860.163
107.365 -378.082 -887.305
98.3938 -388.16 -850.506
33.5003 -385.963 -859.76
32.7454 -384.963 -863.799
32.9053 -381.287 -862.466
33.078 -382.699 -861.061
44.14 -382.058 -898.169
68.3745 -392.099 -884.715
61.7561 -391.493 -887.671
14.3069 -370.237 -874.413
97.9426 -389.663 -849.6
22.4479 -353.406 -871.572
100.438 -387.796 -850.142
35.7218 -399.459 -865.936
81.7331 -376.3 -834.063
97.2504 -364.953 -890.054
71.9252 -383.083 -847.441
35.649 -397.908 -866.966
52.9065 -381.781 -890.421
40.568 -334.172 -858.337
78.5284 -360.374 -852.646
66.554 -356.166 -876.419
103.12 -386.41 -849.959
70.4236 -378.941 -902.922
23.5792 -354.006 -872.386
66.178 -342.299 -877.447
87.6255 -373.269 -892.222
63.2046 -400.947 -846.168
11.538 -356.556 -844.989
78.7962 -358.154 -895.754
64.8315 -399.811 -846.763
62.9111 -399.102 -846.008
61.4741 -401.318 -880.734
61.5268 -400.438 -845.654
74.3804 -397.017 -854.642
17.3395 -354.694 -844.126
107.634 -374.321 -846.863
70.7445 -384.971 -870.54
56.5507 -393.278 -887.817
71.005 -382.997 -869.526
70.4411 -383.098 -871.355
58.214 -392.149 -888.059
107.198 -376.085 -849.118
85.5516 -357.325 -842.226
103.057 -387.901 -840.504
80.2981 -376.756 -832.942
107.615 -376.067 -847.561
71.8991 -402.265 -861.658
70.6385 -390.144 -883.76
47.6089 -384.467 -843.569
71.1867 -381.128 -868.715
72.7714 -381.315 -848.29
70.3119 -404.386 -856.491
79.5737 -384.907 -872.178
65.9034 -386.133 -843.922
105.701 -385.693 -843.918
67.2693 -387.196 -844.747
62.8315 -386.788 -842.944
7.88854 -365.052 -881.19
35.6652 -388.625 -875.989
70.1485 -387.012 -846.44
67.5761 -385.621 -844.622
70.16 -383.094 -846.088
68.8083 -386.199 -845.404
85.5124 -365.627 -867.087
87.087 -356.848 -847.043
16.4843 -354.464 -841.082
91.195 -360.164 -851.342
71.1112 -389.62 -847.964
71.4807 -386.035 -847.246
73.7929 -385.543 -849.305
92.1652 -364.234 -871.585
90.8438 -358.632 -857.625
56.8825 -401.936 -845.121
60.031 -401.968 -845.46
58.3956 -400.852 -845.121
59.8663 -399.79 -845.289
46.7239 -338.048 -877.841
63.4912 -402.775 -846.526
90.835 -358.91 -855.78
86.9265 -356.93 -850.938
41.835 -366 -865.888
64.8688 -393.824 -878.47
94.8467 -370.486 -871.472
92.2184 -356.578 -852.918
94.6776 -353.175 -854.794
67.4159 -403.311 -877.416
77.6003 -374.448 -831.214
91.886 -355.712 -859.741
16.6383 -383.598 -884.944
68.8537 -355.092 -873.876
85.9977 -373.172 -864.031
56.9648 -383.315 -880.656
91.6591 -353.48 -859.081
45.9991 -339.824 -876.949
75.1931 -403.428 -873.701
66.3343 -393.167 -877.353
60.317 -351.907 -879.953
69.9762 -351.91 -872.19
84.8595 -359.495 -862.503
71.0911 -381.435 -846.909
73.4981 -405.326 -871.471
12.1096 -371.725 -876.857
86.9882 -361.494 -863.006
55.0854 -360.662 -905.73
67.9398 -334.475 -852.362
5.57761 -363.615 -843.98
101.501 -357.119 -887.034
56.4779 -334.511 -848.251
24.3454 -355.855 -860.951
32.2712 -354.917 -865.784
41.1431 -338.679 -869.1
79.4629 -360.801 -832.438
73.0972 -356.001 -882.446
60.0636 -361.433 -905.728
67.904 -379.113 -843.67
95.9217 -366.713 -852.443
49.3199 -359.297 -826.303
47.4492 -399.995 -878.707
11.6444 -375.723 -883.893
92.8353 -381.485 -840.512
69.0264 -390.456 -884.814
98.7613 -374.226 -850.043
74.7631 -384.323 -881.203
64.5418 -379.098 -841.939
63.9813 -379.766 -840.489
51.3713 -360.043 -889.313
40.6913 -338.151 -867.024
6.54327 -378.531 -848.232
97.0656 -389.153 -881.063
35.6257 -370.485 -831.216
77.1149 -357.922 -876.879
42.5448 -351.876 -859.984
61.0819 -390.767 -880.14
61.3057 -385.781 -879.832
37.7125 -396.977 -856.348
5.82443 -356.756 -883.778
19.5822 -368.352 -892.369
61.933 -383.61 -851.325
83.9277 -357.831 -860.138
71.21 -382.1 -838.297
38.7311 -357.201 -833.365
70.3721 -382.128 -836.514
69.4137 -382.112 -834.899
32.4211 -353.863 -866.967
12.9361 -363.061 -843.156
85.2826 -357.21 -859.037
32.8241 -360.169 -876.539
41.7442 -350.789 -863.023
66.6618 -382.051 -836.318
24.5156 -361.712 -868.588
100.494 -363.701 -843.975
100.984 -382.988 -842.102
17.0353 -385.413 -880.267
78.3459 -367.099 -831.97
37.2395 -356.22 -879.855
72.9032 -382.137 -838.516
33.8779 -357.106 -892.345
21.6689 -377.116 -872.93
95.7421 -353.727 -851.948
92.6173 -383.577 -891.643
69.4944 -371.43 -872.346
45.1254 -396.565 -883.664
76.5363 -371.466 -830.488
74.5691 -384.007 -850.042
78.7338 -371.731 -832.341
71.4278 -383.51 -864.35
76.5915 -369.512 -830.449
74.1592 -381.916 -849.658
58.1389 -359.356 -838.586
78.9451 -370.159 -832.644
79.9237 -371.679 -833.357
15.4893 -354.581 -889.355
48.5893 -359.694 -904.534
84.3431 -374.602 -836.597
82.2681 -372.743 -835.147
80.8561 -373.139 -833.872
70.2132 -370.392 -870.942
42.0312 -351.311 -861.588
30.0754 -361.887 -860.322
62.623 -358.179 -893.544
78.8278 -360.939 -854.501
103.137 -372.862 -892.688
102.46 -361.285 -844.423
74.0342 -380.283 -830.438
24.5604 -365.517 -861.705
65.3674 -338.916 -878.414
102.383 -361.453 -846.473
64.6982 -372.231 -825.735
41.6856 -352.928 -865.339
12.7607 -363.319 -885.8
42.7119 -340.35 -872.58
103.287 -360.336 -849.298
75.5372 -393.209 -876.894
102.602 -361.677 -848.465
102.645 -360.01 -847.572
63.5637 -335.009 -883.629
39.785 -392.272 -851.109
61.9995 -371.196 -825.138
79.2634 -373.474 -832.541
43.1575 -386.887 -872.838
38.4271 -356.466 -881.32
67.4068 -373.598 -826.411
87.2517 -363.413 -862.998
57.8371 -349.006 -888.188
70.3724 -377.304 -827.521
70.8923 -378.973 -828.197
86.5178 -374.754 -863.385
75.7757 -359.165 -846.641
69.9151 -375.81 -827.266
54.3345 -395.574 -844.481
28.5942 -364.887 -836.454
100.745 -364.058 -848.776
65.056 -388.526 -877.978
101.666 -362.71 -845.19
71.953 -397.963 -864.182
101.515 -362.933 -847.385
68.3262 -366.041 -904.302
29.7192 -366.298 -835.78
45.6513 -391.795 -876.501
74.0982 -357.879 -842.233
65.9583 -383.403 -853.685
30.5004 -361.832 -834.485
27.616 -361.161 -836.96
44.4655 -368.194 -826.379
41.6933 -355.823 -864.225
62.4268 -389.554 -879.544
58.9172 -383.559 -880.452
71.0456 -376.217 -868.655
66.4066 -383.732 -876.762
41.3637 -366.369 -827.645
102.556 -359.122 -841.887
51.817 -364.257 -905.776
93.2122 -381.206 -844.145
25.0678 -363.773 -868.199
77.0263 -352.457 -854.351
38.9515 -362.295 -828.837
40.7999 -362.162 -828.017
43.7052 -364.675 -826.831
42.3913 -365.083 -827.312
70.94 -404.113 -879.436
44.2086 -362.484 -826.742
75.6366 -360.291 -849.764
61.7578 -378.503 -825.601
41.6312 -348.191 -866.802
65.5659 -405.326 -881.76
42.5311 -338.981 -857.813
58.0528 -369.132 -824.706
82.3904 -357.798 -851.133
47.2767 -404.747 -879.686
58.0331 -375.462 -824.945
101.418 -356.79 -843.504
54.9391 -375.406 -824.937
91.9213 -388.223 -888.043
92.9657 -380.465 -842.05
47.3489 -371.981 -825.915
22.6 -351.992 -845.878
107.585 -377.446 -844.365
41.6341 -334.559 -877.559
53.1332 -374.555 -825.059
45.9962 -405.201 -880.64
101.799 -357.181 -841.511
71.0287 -357.42 -896.203
50.7513 -357.246 -899.561
42.6879 -379.967 -828.539
99.4893 -373.665 -851.86
41.9788 -376.715 -827.585
50.9814 -404.882 -847.496
43.9423 -376.949 -826.902
99.7661 -351.542 -839.024
22.3071 -359.078 -852.499
63.5851 -382.907 -878.746
66.5391 -404.436 -882.714
90.8773 -384.378 -892.156
45.7253 -343.113 -876.22
70.9256 -374.704 -869.112
70.8228 -372.927 -869.459
81.1172 -357.719 -847.757
44.5632 -370.13 -826.384
96.6977 -374.358 -849.762
45.0768 -372.079 -826.407
41.6301 -349.426 -863.802
67.761 -355.367 -875.2
45.9871 -384.133 -844.291
55.9714 -363.305 -880.306
97.6553 -373.756 -851.503
5.60052 -375.159 -846.986
66.2175 -357.994 -876.739
17.6448 -383.166 -886.681
48.9834 -380.033 -878.672
17.5008 -383.344 -883.048
18.025 -384.116 -881.091
51.9419 -366.458 -879.622
61.953 -382.503 -879.538
56.338 -386.35 -880.731
73.9837 -382.126 -840.208
74.547 -382.158 -838.363
75.7342 -382.184 -839.766
78.6829 -382.254 -842.039
100.173 -373.111 -853.745
84.2525 -382.153 -840.366
80.7401 -381.386 -836.048
81.9139 -381.679 -837.52
43.4655 -345.864 -872.874
73.6277 -382.139 -836.94
90.7765 -359.96 -852.702
80.7736 -382.152 -839.014
89.4012 -383.166 -892.149
78.8617 -382.17 -838.03
41.6534 -351.144 -864.627
77.5739 -381.785 -834.832
77.0769 -382.126 -836.709
59.5532 -358.373 -880.131
42.1661 -348.172 -860.662
58.9987 -347.509 -887.676
36.5838 -403.937 -867.055
63.6249 -405.372 -882.062
71.4648 -380.444 -864.783
41.6878 -347.695 -862.72
67.5839 -380.42 -855.291
105.699 -358.839 -850.133
60.9365 -398.592 -880.675
105.193 -384.45 -881.876
107.423 -373.885 -885.586
107.428 -372.286 -885.469
22.8013 -352.146 -843.884
45.3904 -334.682 -852.619
53.4544 -372.663 -880.036
59.4662 -378.012 -840.479
105.279 -363.914 -850.125
100.96 -353.098 -838.789
52.9956 -371.015 -879.915
96.4461 -354.876 -882.307
63.6118 -359.982 -842.596
62.7388 -405.086 -883.526
52.6954 -375.898 -879.938
106.124 -375.951 -881.612
101.839 -354.802 -839.084
95.4128 -355.698 -887.297
106.841 -377.384 -882.299
56.3595 -378.748 -836.853
42.8839 -343.784 -872.126
53.9646 -374.527 -880.168
103.864 -358.815 -849.872
104.531 -357.17 -850.171
45.7602 -380.599 -840.271
54.5045 -376.353 -880.299
105.87 -373.062 -850.797
92.123 -364.723 -859.088
63.4614 -373.695 -825.59
48.5467 -355.875 -878.28
39.6883 -334.154 -870.151
53.0369 -358.551 -837.862
48.8114 -381.091 -838.575
11.1742 -363.904 -881.817
84.9606 -359.308 -837.781
65.0565 -383.368 -877.821
40.8088 -378.638 -847.071
40.3744 -377.862 -828.407
107.1 -382.401 -847.383
55.5166 -377.184 -905.871
41.5086 -392.533 -862.139
48.7718 -337.991 -884.817
39.6077 -378.709 -848.558
40.592 -379.814 -848.292
106.213 -375.001 -850.122
71.8679 -380.097 -847.336
60.3941 -383.265 -850.804
5.66282 -365.378 -840.853
59.6429 -381.436 -850.65
47.7452 -380.013 -840.305
66.1213 -405.348 -880.131
41.7715 -353.235 -867.188
44.4628 -379.965 -841.553
107.687 -365.584 -845.632
64.0007 -384.81 -878.516
25.8404 -373.442 -868.056
107.654 -367.141 -843.927
103.225 -375.42 -850.408
104.325 -374.282 -850.992
64.4086 -404.559 -851.056
38.3695 -379.415 -846.464
5.90804 -373.648 -847.725
49.3989 -405.096 -848.459
52.0551 -358.378 -893.07
42.9066 -349.127 -871.453
107.022 -378.97 -849.25
55.0504 -374.237 -850.87
44.3236 -394.344 -883.783
43.7775 -373.993 -858.054
42.8573 -351.02 -871.296
107.676 -365.065 -843.788
107.454 -377.584 -848.366
96.0749 -350.137 -844.188
100.484 -376.068 -884.56
40.1788 -379.059 -845.502
76.1878 -359.748 -852.726
103.703 -379.198 -881.553
90.6417 -360.067 -875.396
61.2303 -401.228 -886.007
107.589 -372.818 -847.925
96.6411 -350.736 -880.95
35.0696 -383.505 -876.413
34.2121 -360.296 -874.867
70.3192 -395.434 -872.846
7.25256 -373.563 -848.822
107.367 -374.591 -848.664
107.063 -368.078 -849.791
65.4932 -385.236 -877.515
86.5297 -371.591 -863.446
23.2907 -356.666 -892.475
41.5348 -387.956 -866.836
24.3881 -355.76 -891.551
105.726 -385.561 -841.866
95.34 -366.702 -853.968
40.1934 -335.338 -853.836
76.8289 -359.698 -877.639
55.954 -396.691 -844.661
41.491 -340.498 -860.851
67.1017 -358.19 -902.045
66.6469 -379.607 -843.896
65.041 -380.046 -843.31
64.501 -386.694 -878.256
41.7281 -384.991 -867.522
23.4917 -353.882 -876.29
23.4721 -353.8 -874.409
41.8938 -359.636 -868.136
70.5899 -401.278 -850.603
19.9217 -383.146 -891.833
41.6871 -344.453 -861.683
75.6701 -356.225 -879.321
71.1616 -399.361 -851.082
8.27769 -375.05 -892.676
75.8873 -359.85 -879.307
23.3439 -354.75 -870.485
107.42 -373.601 -883.805
45.7546 -404.774 -878.748
107.611 -370.689 -845.461
37.0377 -365.505 -829.951
62.9148 -382.151 -851.756
24.8472 -355.682 -870.152
26.1498 -356.281 -871.056
72.2011 -393.582 -850.443
69.9335 -398.369 -849.844
54.0402 -341.501 -880.841
90.8653 -386.271 -891.541
107.662 -370.961 -847.307
107.286 -367.805 -890.715
100.907 -350.611 -889.321
70.0053 -401.955 -881.434
70.024 -400.149 -881.565
70.005 -398.062 -881.723
42.0845 -340.017 -859.016
85.2563 -357.439 -855.311
41.9934 -343.495 -860.233
107.429 -368.75 -888.997
107.386 -371.386 -887.223
72.4076 -395.599 -880.088
25.7453 -356.837 -869.413
77.4739 -360.689 -878.564
76.1216 -388.538 -878.377
23.4023 -368.274 -892.028
75.4584 -390.575 -878.363
76.072 -391.449 -876.91
107.403 -370.579 -889.02
75.4099 -360.692 -880.754
74.8251 -392.374 -878.423
74.0228 -391.408 -879.933
23.9115 -356.362 -869.215
77.1968 -400.802 -867.103
76.9962 -402.632 -867.172
59.1044 -398.813 -881.188
79.2061 -361.05 -856.427
77.2325 -398.963 -867.268
40.482 -382.826 -848.051
58.5496 -352.818 -880.216
41.7286 -388.748 -868.617
39.0417 -383.099 -849.448
42.868 -384.074 -846.14
42.2468 -385.709 -846.734
44.4072 -383.977 -845.148
81.5929 -382.053 -849.853
27.3226 -365.989 -837.513
43.7887 -385.621 -845.659
40.8258 -340.087 -864.076
54.1385 -385.225 -842
107.125 -381.464 -885.183
71.2795 -379.218 -867.977
51.3034 -383.328 -842.422
53.7369 -387.182 -842.342
54.5555 -383.389 -841.921
84.693 -366.352 -837.141
43.6319 -348.086 -872.92
70.1072 -334.399 -877.021
46.8105 -387.669 -844.404
46.8332 -389.737 -844.971
63.9655 -380.905 -852.307
20.6118 -350.875 -881.581
21.1999 -351.406 -887.181
54.0614 -367.734 -906.054
42.1669 -353.178 -861.404
49.4837 -384.443 -842.905
37.7179 -334.346 -867.244
45.2346 -382.354 -844.774
42.5577 -395.32 -849.487
41.2436 -395.466 -850.76
42.3431 -396.917 -850.176
40.9626 -396.926 -851.555
20.0439 -350.644 -886.45
56.0843 -359.679 -838.791
53.2435 -399.412 -845.257
7.59127 -363.54 -881.508
28.2792 -357.176 -875.504
86.1511 -366.17 -838.212
28.5894 -357.349 -873.505
85.3649 -362.921 -837.153
64.213 -385.573 -843.193
47.5148 -335.688 -847.391
63.1551 -368.35 -852.234
22.4128 -352.784 -873.297
70.9605 -377.733 -869.164
26.5039 -361.176 -868.637
97.1006 -364.515 -845.739
21.558 -351.038 -844.716
41.0484 -398.804 -862.582
65.9976 -387.079 -877.203
48.0198 -403.464 -879.384
107.582 -372.411 -844.342
53.7478 -399.586 -881.297
56.0556 -393.821 -881.155
54.7753 -395.485 -881.169
7.51192 -353.357 -889.333
48.5883 -389.523 -878.68
85.1046 -364.767 -837.164
50.2833 -335.854 -846.284
29.5289 -361.912 -869.001
50.9931 -392.115 -880.044
59.7434 -378.932 -841.783
14.4558 -349.189 -840.874
43.8984 -402.148 -882.148
54.2277 -397.79 -844.977
6.23479 -357.769 -891.828
71.303 -334.414 -875.541
57.1665 -345.178 -850.552
74.217 -380.066 -849.168
49.3038 -391.291 -844.411
48.3059 -390.072 -844.43
54.392 -404.805 -848.958
49.6487 -389.565 -843.812
52.3294 -392.306 -843.89
53.4989 -393.742 -844.087
71.1617 -380.965 -862.652
51.2591 -389.191 -843.266
48.3813 -386.412 -843.49
16.7803 -363.992 -883.8
41.9749 -398.647 -850.862
42.012 -400.452 -850.896
63.0433 -343.252 -879.449
75.0509 -357.892 -880.015
58.2543 -337.508 -849.795
41.0339 -400.097 -851.923
42.5575 -401.842 -850.49
65.3722 -356.735 -877.45
71.4426 -381.998 -864.027
73.783 -354.45 -881.663
5.42004 -373.498 -845.923
6.28498 -356.143 -890.976
36.5219 -359.403 -878.928
76.1612 -357.992 -878.478
60.9652 -339.614 -850.725
40.5126 -357.612 -883.314
50.1302 -341.095 -885.442
66.8347 -391.453 -876.791
44.2165 -360.103 -887.292
81.9762 -361.56 -834.194
40.8729 -359.227 -884.015
37.1451 -348.398 -877.506
41.9294 -357.557 -884.454
50.2529 -388.844 -879.558
39.8041 -356.101 -882.773
41.4502 -355.574 -884.234
58.2328 -381.864 -880.552
47.9456 -353.593 -887.784
106.487 -366.231 -839.122
49.474 -354.501 -888.391
70.7482 -383.667 -860.788
53.4352 -400.966 -845.267
5.40852 -366.773 -888.382
106.406 -367.79 -839.111
43.064 -354.326 -885.391
55.9114 -357.372 -889.168
42.6618 -334.033 -854.002
57.8495 -356.986 -889.209
54.4812 -354.147 -889.253
15.8855 -349.296 -839.505
82.8432 -360.68 -835.218
70.6632 -379.877 -846.22
49.5415 -358.559 -903.76
104.972 -366.741 -838.677
51.5221 -342.424 -886.021
52.1631 -348.952 -887.85
65.2527 -381.78 -853.12
53.0898 -350.511 -888.418
5.41782 -367.886 -889.82
5.60445 -366.659 -882.652
5.50137 -363.36 -883.377
54.8608 -383.447 -880.583
37.524 -338.71 -874.348
52.1149 -337.029 -850.059
25.1777 -359.649 -861.92
71.435 -362.062 -865.582
52.5341 -356.874 -888.99
36.5918 -383.257 -878.985
51.9854 -358.762 -888.746
49.078 -358.059 -888.065
98.7077 -384.553 -890.302
15.2888 -374.212 -889.265
50.6386 -357.558 -888.563
53.8463 -378.116 -905.671
97.2057 -384.296 -846.777
58.5947 -343.129 -886.563
43.6613 -338.583 -849.046
79.5182 -389.619 -865.693
66.3867 -388.69 -877.003
16.0353 -373.672 -890.865
66.438 -379.377 -854.172
70.6748 -336.843 -872.369
42.7665 -353.935 -859.65
43.7898 -344.04 -873.753
37.8671 -355.016 -880.687
6.6817 -366.592 -881.158
72.965 -334.52 -860.665
61.3084 -404.687 -849.591
7.11243 -368.473 -880.217
46.2921 -359.95 -888.576
71.6146 -334.652 -857.786
44.3824 -345.58 -874.375
73.0477 -334.649 -862.537
67.7194 -405.451 -879.317
72.1155 -335.605 -861.484
41.6449 -358.566 -866.805
71.1238 -379.22 -863.006
72.0113 -337.15 -862.252
5.31098 -372.017 -883.741
72.5558 -339.353 -878.5
54.9998 -335.318 -845.712
53.53 -369.741 -824.744
60.2758 -400.259 -881.014
54.0415 -359.704 -839.026
62.6888 -334.274 -882.23
30.2251 -377.286 -868.001
5.69436 -372.744 -882.215
45.6404 -348.403 -885.417
63.353 -334.751 -880.716
50.9786 -375.416 -879.392
91.0613 -387.482 -889.845
71.3579 -378.645 -864.499
99.2427 -384.066 -841.912
5.30222 -373.035 -885.501
100.619 -383.204 -847.086
41.5309 -364.695 -903.19
60.0736 -356.783 -889.027
41.5566 -366.542 -903.259
20.5248 -387.624 -842.271
82.9369 -362.579 -834.931
59.1384 -358.642 -888.979
44.3564 -365.249 -857.272
19.6821 -350.489 -890.133
65.9916 -355.063 -887.349
40.5045 -404.683 -861.179
40.8977 -369.599 -903.121
53.2406 -334.721 -846.512
42.3828 -375.301 -868.774
80.3837 -381.995 -848.391
41.8671 -362.789 -903.344
34.5089 -372.396 -898.956
86.7923 -366.673 -868.078
70.1028 -405.36 -876.388
43.0519 -365.716 -903.778
52.3394 -335.144 -849.513
46.297 -366.599 -854.822
35.2463 -357.27 -895.167
41.2699 -342.896 -863.033
69.0152 -360.303 -886.374
43.0146 -367.501 -903.907
23.9508 -383.688 -854.948
50.8845 -363.848 -851.535
68.7169 -358.944 -885.736
70.1985 -368.535 -870.889
47.5264 -366.543 -853.624
104.322 -372.349 -838.711
71.5122 -359.397 -883.614
83.2839 -382.221 -849.751
58.213 -357.351 -834.294
39.0268 -359.505 -901.263
37.0172 -337.922 -873.077
64.1406 -357.562 -887.995
61.1497 -389.649 -843.243
65.7384 -356.872 -887.434
64.1093 -358.48 -838.751
53.5759 -336.144 -849.625
65.4379 -358.662 -887.4
68.8929 -357.124 -885.743
44.1602 -355.541 -856.926
8.18213 -371.874 -879.824
103.363 -371.587 -853.183
75.0661 -354.567 -880.123
63.9796 -355.86 -888.148
91.8296 -355.962 -872.793
44.7386 -395.128 -855.647
59.8145 -357.4 -901.278
5.40287 -375.019 -844.998
69.662 -336.676 -881.109
65.6644 -353.672 -877.227
57.9082 -396.759 -886.852
71.6793 -405.159 -876.733
80.1928 -355.446 -866.651
58.2584 -377.111 -880.346
71.3902 -338.874 -879.846
58.4493 -357.845 -902.976
73.8965 -372.19 -828.841
42.0921 -366.374 -867.467
70.8509 -348.284 -882.704
79.9942 -354.527 -868.235
14.2288 -373.955 -890.738
35.4566 -341.141 -864.401
70.0633 -346.468 -882.739
99.4944 -384.003 -848.579
67.7905 -350.69 -885.616
66.4659 -348.031 -885.553
67.4919 -347.04 -884.692
61.6647 -357.468 -901.34
47.6673 -366.229 -877.333
79.9919 -379.832 -858.553
61.719 -341.145 -885.663
62.1124 -358.688 -838.513
45.1269 -379.798 -888.208
60.4792 -357.853 -902.861
47.5733 -373.044 -877.389
35.1057 -343.826 -862.583
65.0778 -344.916 -885.297
66.3391 -349.57 -886.059
63.281 -344.664 -885.927
71.0451 -377.437 -863.18
48.1622 -378.197 -878.078
52.8956 -380.819 -904.078
35.4209 -342.152 -863.131
54.0954 -379.839 -905.002
57.7831 -358.042 -895.25
25.6373 -382.607 -886.504
20.1061 -350.59 -879.453
15.3971 -384.59 -891.404
41.7596 -342.235 -869.542
24.0986 -384.022 -880.906
49.9203 -362.176 -851.822
44.1869 -347.445 -846.587
25.1387 -382.865 -883.539
52.5765 -362.34 -905.812
55.155 -392.123 -888.077
61.5276 -358.047 -879.634
53.7649 -390.859 -888.274
61.5326 -360.3 -905.201
58.1534 -359.072 -904.733
46.7903 -376.904 -876.943
93.513 -375.816 -890.787
55.5845 -368.892 -906.164
18.3935 -350.551 -878.672
64.267 -387.595 -843.554
14.5606 -349.457 -888.571
43.6412 -382.374 -845.701
40.4273 -391.239 -850.003
82.3979 -382.218 -848.295
44.9813 -366.752 -856.4
14.6599 -349.626 -890.704
57.4702 -366.645 -906.054
70.8386 -369.634 -869.186
56.3434 -365.369 -906.031
55.8624 -367.126 -906.084
47.4351 -380.242 -877.664
31.1776 -378.219 -869.725
59.2254 -366.89 -906.007
12.6007 -349.801 -887.929
10.9212 -350.469 -887.12
14.9511 -372.626 -891.921
90.1578 -385.228 -839.708
61.9639 -362.007 -905.572
11.2459 -350.333 -889.084
57.2247 -363.742 -906.024
58.5274 -362.485 -905.969
5.55752 -370.88 -890.902
65.4304 -346.876 -853.571
64.7188 -368.983 -905.208
41.2316 -338.619 -851.233
82.0627 -358.897 -875.428
24.2712 -383.735 -842.581
42.4358 -367.919 -868.593
65.3253 -365.418 -905.065
72.3011 -334.417 -873.887
19.7312 -371.305 -870.047
9.7002 -351.242 -888.225
53.7391 -337.897 -849.793
41.9986 -367.817 -866.703
66.6501 -385.165 -854.294
70.7106 -371.314 -869.767
71.3875 -335.06 -872.448
63.6112 -391.937 -844.538
67.8204 -363.244 -904.367
55.6801 -340.854 -880.987
66.5092 -375.193 -876.211
37.4471 -367.893 -901.324
36.5811 -368.988 -900.675
38.6898 -366.789 -902.031
36.6889 -370.684 -900.741
35.6137 -371.561 -899.797
35.5246 -369.539 -899.679
10.5422 -350.55 -885.481
35.8509 -367.51 -899.995
34.3661 -368.459 -898.62
63.7004 -395.87 -845.691
31.6374 -378.971 -875.692
94.1666 -364.586 -839.824
35.8223 -365.419 -900.089
73.9767 -334.475 -870.586
61.0739 -357.898 -836.913
34.0698 -363.201 -899.167
35.3207 -377.252 -899.907
34.0122 -377.875 -898.925
70.2393 -372.295 -871.002
50.6568 -357.842 -902.696
5.59104 -370.176 -843.262
32.7921 -369.298 -897.254
8.11562 -352.428 -884.552
36.63 -380.386 -853.302
30.8421 -364.086 -896.593
30.9788 -366.09 -896.248
8.25161 -366.701 -880.226
7.65414 -353.08 -886.25
73.1268 -334.43 -872.197
8.68529 -352.506 -882.795
6.31376 -355.084 -884.338
72.9039 -404.934 -875.504
29.0469 -374.892 -895.029
30.4268 -374.38 -896.117
99.933 -383.758 -889.218
46.5896 -349.408 -876.794
26.1418 -370.681 -892.42
6.77579 -355.404 -882.57
41.4807 -389.819 -867.12
42.5502 -346.811 -859.327
31.0075 -372.459 -896.178
85.7367 -364.888 -863.518
27.0173 -374.086 -893.227
90.7033 -358.981 -876.883
70.3375 -374.153 -870.86
76.6399 -343.071 -871.286
69.3025 -386.059 -873.652
54.7196 -344.982 -880.7
97.5507 -368.465 -838.894
27.8972 -375.204 -894.076
66.2182 -334.285 -880.331
28.3239 -373.338 -894.105
90.7705 -353.073 -845.384
29.6451 -372.832 -895.123
43.7836 -360.442 -872.744
14.8551 -389.041 -844.912
51.8152 -345.487 -850.807
37.3051 -374.627 -901.097
5.59968 -368.236 -843.582
39.1561 -392.068 -879.828
38.4569 -373.412 -901.767
58.7418 -373.953 -824.995
38.9336 -375.226 -901.98
40.6468 -375.571 -902.745
5.64321 -366.887 -842.255
37.8047 -376.583 -901.38
57.415 -388.9 -888.957
10.2754 -378.039 -890.643
43.8565 -366.859 -858.072
12.903 -351.636 -881.589
90.6261 -359.526 -873.57
18.8976 -384.937 -892.187
49.675 -339.664 -845.784
21.2942 -376.778 -891.751
84.7943 -357.629 -884.441
24.9979 -363.559 -861.56
5.48098 -368.683 -846.581
21.4338 -379.93 -891.753
5.51618 -365.381 -845.162
97.6377 -355.18 -885.32
71.3736 -405.396 -874.939
75.1812 -404.591 -871.104
20.7888 -384.817 -892.219
18.8303 -375.174 -890.561
20.6447 -378.314 -891.007
5.4923 -373.446 -843.931
43.0893 -357.64 -871.77
50.7907 -362.643 -905.619
45.2707 -338.007 -847.953
48.4552 -350.155 -852.219
46.4751 -339.534 -847.19
44.2945 -336.678 -848.889
19.9013 -376.626 -890.533
74.7848 -334.521 -865.004
45.9806 -336.093 -848.015
18.8843 -375.927 -888.75
77.1207 -348.309 -856.982
19.6028 -377.064 -887.457
18.6276 -375.576 -886.836
96.1283 -355.365 -885.875
48.4643 -353.636 -852.322
56.0813 -356.232 -850.434
58.9266 -378.784 -880.336
90.8783 -377.309 -871.773
20.2095 -379.627 -882.554
79.3253 -390.08 -864.068
39.1844 -339.112 -877.265
19.7697 -381.272 -882.18
57.333 -399.006 -881.441
14.8007 -369.656 -856.176
18.978 -382.814 -881.757
19.6871 -380.562 -884.038
39.9858 -335.634 -877.196
38.2767 -338.766 -875.802
19.2633 -381.514 -885.148
92.9907 -387.645 -856.14
64.5786 -348.594 -844.4
19.5087 -388.566 -887.218
20.7165 -387.899 -888.809
38.9217 -337.109 -876.6
56.3669 -399.152 -849.724
39.5398 -343.675 -852.182
69.5169 -373.284 -872.404
21.7268 -371.833 -861.521
17.1207 -372.693 -838.338
20.0057 -388.242 -885.225
18.9405 -388.89 -888.661
76.5816 -336.294 -867.306
44.1718 -335.526 -875.917
23.297 -385.048 -884.294
42.1818 -343.614 -870.37
58.025 -378.217 -837.608
50.5314 -374.828 -851.975
42.6751 -348.563 -883.578
36.0294 -340.363 -860.881
35.8424 -338.67 -862.095
52.4473 -357.846 -902.856
36.2709 -338.616 -860.1
76.5077 -336.563 -862.256
20.4475 -387.835 -877.147
66.6281 -352.63 -876.393
57.2732 -391.287 -850.128
76.8017 -336.735 -864.32
36.5291 -340.446 -859.033
64.7798 -358.053 -877.917
21.4497 -387.208 -885.183
23.3866 -385.019 -886.379
23.2488 -385.323 -889.659
7.57516 -360.131 -848.769
64.5793 -358.027 -893.415
13.3724 -368.661 -837.57
23.7314 -384.501 -877.939
22.0214 -376.316 -860.614
36.7086 -336.887 -859.282
8.84538 -368.063 -878.977
22.7785 -384.92 -871.062
38.7991 -347.849 -851.259
42.4591 -362.044 -869.563
15.2364 -372.223 -853.848
23.5625 -384.741 -872.433
44.0618 -343.829 -847.893
38.8568 -345.76 -852.148
100.025 -384.149 -890.897
46.9306 -343.309 -852.863
94.9506 -353.059 -892.541
39.9617 -346.705 -850.392
5.47403 -371.621 -844.808
41.1913 -349.264 -848.203
96.1471 -351.793 -892.375
42.8756 -335.097 -874.466
22.8571 -385.68 -877.477
37.0763 -388.506 -853.007
44.1961 -349.176 -846.006
90.3142 -368.05 -892.085
20.2503 -388.113 -880.947
68.9904 -334.379 -878.526
77.4199 -383.434 -853.926
88.9345 -366.445 -892.138
89.5432 -365.085 -892.215
43.0386 -340.41 -857.099
50.6436 -403.98 -880.945
59.1982 -391.782 -850.348
91.6927 -362.589 -839.328
59.501 -378.449 -838.934
92.8027 -365.762 -892.066
99.4173 -368.182 -838.882
6.9005 -382.127 -892.019
44.3352 -354.653 -844.702
8.45215 -382.785 -892.423
45.5026 -353.777 -844.17
9.36803 -386.455 -891.562
42.3451 -358.737 -888.951
88.3615 -368.122 -892.03
41.0265 -401.477 -879.653
22.1175 -351.534 -853.245
49.403 -341.194 -851.343
10.3439 -387.919 -890.54
41.3054 -345.781 -849.409
20.7973 -382.975 -878.972
19.6837 -384.438 -878.235
36.9994 -386.684 -852.388
40.7949 -342.797 -851.036
17.1144 -384.955 -891.883
19.745 -386.297 -874.055
42.2169 -342.108 -849.875
44.7369 -392.496 -884.64
59.5512 -380.451 -880.289
21.0253 -383.786 -871.855
47.2672 -390.984 -886.449
19.8504 -384.846 -874.58
39.9929 -341.659 -852.325
68.1911 -357.559 -894.065
41.6659 -336.722 -851.157
41.3226 -340.639 -851.007
23.1255 -385.192 -842.49
79.9724 -380.478 -896.565
36.049 -342.219 -859.812
66.9036 -357.384 -897.024
17.2405 -389.359 -882.927
17.1793 -389.361 -884.768
36.0357 -387.162 -854.112
18.1655 -389.062 -885.96
37.2059 -340.528 -857.222
53.919 -352.121 -880.251
18.575 -388.95 -884.008
62.0376 -390.906 -851.206
42.521 -364.848 -860.9
36.6091 -342.308 -858.048
40.0685 -335.156 -865.001
17.4213 -386.6 -878.734
78.2907 -386.637 -875.057
76.812 -358.509 -884.874
106.909 -359.93 -839.599
98.5571 -355.349 -888.439
23.5621 -384.421 -844.388
14.7289 -387.229 -880.615
43.3347 -365.203 -859.009
75.6642 -358.272 -886.628
16.2323 -387.01 -879.846
39.9889 -369.466 -828.175
48.1617 -381.414 -902.456
42.3012 -339.173 -850.154
9.66431 -370.165 -851.843
15.4773 -385.546 -880.85
100.26 -366.546 -839.085
18.5098 -386.078 -877.288
19.8233 -356.797 -843.385
12.0469 -382.736 -886.262
65.3694 -349.452 -877.681
91.9878 -372.784 -892.235
54.545 -365.737 -906.004
80.801 -357.724 -884.199
91.5896 -364.113 -870.033
24.8619 -355.495 -889.739
36.317 -336.434 -869.737
13.1025 -387.41 -881.129
36.5447 -337.219 -871.414
77.7659 -357.833 -886.377
9.16297 -382.04 -881.214
9.08678 -383.667 -881.177
52.769 -366.242 -824.839
44.2124 -372.515 -857.393
46.1302 -391.72 -845.904
37.5442 -336.205 -873.394
69.96 -384.62 -872.442
37.7088 -358.623 -845.381
97.5257 -384.271 -843.208
99.5195 -385.469 -891.939
19.3971 -374.302 -876.874
24.5291 -373.501 -892.209
17.7589 -373.659 -879.395
47.1464 -364.864 -853.944
36.6665 -335.351 -868.36
38.1089 -334.287 -869.197
36.2543 -385.226 -853.142
37.4359 -334.442 -865.361
14.7955 -372.892 -878.025
16.4478 -373.184 -878.657
16.0928 -372.898 -876.417
46.0863 -363.43 -854.979
60.1427 -358.967 -838.457
26.5142 -368.715 -892.557
71.5621 -358.878 -847.57
80.3255 -357.472 -844.226
13.3264 -370.297 -854.784
37.2537 -335.592 -871.632
44.7915 -339.419 -875.771
39.9526 -367.486 -828.185
45.2627 -391.667 -855.405
67.8093 -404.814 -877.797
53.4017 -390.61 -850.379
8.15402 -377.297 -881.212
48.8082 -382.169 -899.291
79.1125 -357.595 -887.933
38.7047 -372.093 -828.949
10.3014 -374.502 -881.163
107.456 -364.672 -886.662
94.9679 -386.491 -878.533
44.8906 -363.645 -856.485
42.805 -382.073 -897.124
47.2238 -337.042 -883.958
12.0784 -373.066 -879.606
107.258 -364.188 -882.938
71.48 -343.875 -869.252
39.6733 -381.989 -896.753
10.9938 -381.681 -883.307
9.1343 -378.96 -881.506
13.6593 -354.791 -883.89
42.9891 -361.276 -871.06
107.575 -362.558 -884.16
39.6058 -364.071 -828.485
73.265 -360.272 -829.008
48.7034 -336.054 -884.214
10.5895 -378.513 -840.807
43.2716 -382.103 -895.142
82.0978 -377.428 -865.089
92.2334 -367.81 -892.243
87.5185 -356.591 -845.161
89.4348 -354.618 -842.614
90.654 -353.121 -842.317
25.8999 -376.369 -862.091
42.3208 -363.577 -868.739
40.9487 -397.113 -865.565
93.32 -362.484 -888.782
28.5852 -376.325 -862.773
55.7615 -387.807 -850.167
74.5713 -404.678 -872.772
77.6188 -355.559 -854.853
94.5618 -383.132 -842.651
47.189 -358.064 -892.409
47.5706 -381.923 -900.785
40.7064 -334.366 -875.872
27.46 -377.154 -862.065
89.7514 -354.324 -845.926
41.074 -395.514 -864.695
71.8575 -405.141 -856.452
50.889 -382.209 -899.837
93.071 -375.003 -856.683
52.0014 -334.64 -881.514
55.6294 -382.012 -902.241
63.1877 -396.63 -879.62
20.1799 -350.169 -850.011
56.9223 -382.283 -900.774
26.308 -369.924 -866.793
38.9595 -354.735 -881.912
53.839 -387.512 -850.364
62.5879 -356.64 -842.495
94.7059 -363.969 -884.728
96.4131 -364.719 -884.553
27.4017 -372.391 -865.778
27.7213 -373.627 -864.639
21.7269 -380.909 -851.948
22.1799 -379.023 -854.662
20.8255 -382.597 -852.046
19.2137 -369.364 -859.855
67.1319 -388.945 -845.136
69.6085 -375.043 -872.339
50.3203 -339.163 -885.426
20.9142 -382.529 -855.505
21.1524 -382.183 -857.414
75.5068 -352.985 -879.259
51.4502 -382.001 -895.022
54.6758 -385.661 -880.624
6.28956 -361.372 -848.115
49.812 -395.943 -879.773
61.5837 -382.304 -897.201
72.7968 -405.305 -873.431
42.583 -345.352 -871.051
38.9524 -357.424 -890.111
42.3603 -360.414 -869.636
18.6446 -386.28 -854.472
62.8221 -382.333 -898.57
46.1817 -393.561 -877.135
19.9115 -361.293 -844.638
45.3257 -362.202 -855.851
70.6679 -381.37 -887.5
48.1064 -396.415 -878.847
10.8652 -360.878 -847.21
17.4509 -388.15 -850.459
70.2536 -381.408 -889.235
77.1117 -339.814 -865.687
44.7261 -378.731 -843.006
93.7943 -374.32 -858.315
41.8549 -337.867 -859.054
60.4808 -356.075 -841.994
18.3294 -387.323 -852.847
72.6418 -402.678 -853.18
24.3586 -375.718 -862.065
72.1974 -360.118 -847.529
73.3635 -359.613 -845.13
27.9203 -363.114 -867.02
30.1673 -368.018 -835.656
28.5823 -362.743 -861.565
47.5299 -361.014 -853.356
90.4562 -386.976 -888.254
58.0645 -381.72 -850.343
41.3574 -338.581 -860.571
59.4134 -375.703 -880.1
74.6251 -381.515 -886.493
36.7018 -395.034 -874.162
35.3901 -380.333 -876.881
43.0923 -356.184 -885.413
41.4197 -389.081 -848.276
15.827 -350.422 -837.965
75.1506 -381.328 -884.777
72.1689 -381.942 -884.894
68.4089 -381.356 -889.681
67.0737 -373.535 -855.346
67.9059 -374.92 -856.376
19.0534 -362.492 -845.926
43.8851 -401.728 -855.88
68.829 -381.132 -840.744
46.3544 -392.02 -854.194
96.7861 -384.517 -887.793
22.2921 -373.461 -861.703
91.3952 -360.903 -880.394
69.9331 -382.225 -893.125
71.4887 -382.162 -891.71
23.4401 -369.211 -861.963
52.7529 -395.089 -844.573
48.9429 -380.51 -903.847
70.0489 -374.637 -860.232
42.0359 -404.308 -857.676
15.9154 -363.965 -843.195
27.472 -364.019 -862.368
44.3705 -381.186 -901.676
26.2172 -364.793 -861.729
25.7671 -366.791 -862.004
44.0192 -358.433 -890.405
23.4708 -362.463 -861.568
58.9528 -364.018 -905.954
23.2284 -364.266 -861.655
14.2628 -354.545 -846.288
26.8311 -362.754 -861.317
58.7366 -383.24 -850.426
69.5098 -390.602 -857.841
26.7038 -368.029 -862.904
68.3428 -387.371 -856.143
66.3911 -371.943 -854.636
41.973 -398.888 -859.371
75.7799 -403.152 -872.31
24.3818 -382.533 -860.737
57.7859 -384.884 -850.293
50.2314 -371.823 -852.089
61.4501 -388.942 -851.044
22.777 -372.69 -868.542
21.3995 -376.138 -851.751
95.5071 -364.896 -890.541
59.9333 -368.514 -906.029
5.40815 -376.607 -845.989
5.41973 -378.032 -844.76
81.3538 -371.363 -834.627
5.75803 -380.99 -844.005
46.519 -396.914 -877.718
45.7196 -336.478 -882.93
44.3884 -334.729 -880.532
60.1797 -377.36 -879.969
60.7989 -386.869 -850.884
67.9119 -379.769 -841.955
46.4685 -359.813 -854.288
42.8636 -334.673 -879.141
21.6391 -382.468 -870.965
5.9993 -365.035 -838.875
96.721 -365.788 -891.523
93.5413 -362.82 -885.181
42.0414 -334.653 -857.168
45.3695 -401.453 -848.31
24.7287 -369.447 -892.048
69.9068 -380.496 -842.201
5.5059 -375.048 -842.944
5.55459 -373.616 -841.915
22.8095 -380.574 -869.19
46.2786 -361.611 -854.666
5.6271 -373.957 -839.901
6.02789 -372.426 -838.603
56.8303 -386.375 -850.209
10.1937 -353.754 -848.84
85.3707 -369.611 -865.936
5.69101 -361.745 -841.401
53.4626 -367.187 -851
59.6411 -388.512 -850.526
67.9058 -334.538 -880.256
15.5302 -369.238 -873.411
59.5852 -363.875 -850.924
14.9243 -351.37 -849.182
22.3217 -378.851 -870.077
57.6706 -360.867 -850.49
54.111 -392.361 -850.205
20.8273 -383.293 -877.204
21.604 -381.958 -877.841
12.376 -349.809 -847.068
44.2331 -336.119 -881.774
12.9402 -352.008 -848.922
11.3382 -350.896 -848.003
99.7812 -355.432 -882.801
44.8924 -393.625 -875.857
11.2297 -352.403 -848.873
26.5939 -378.284 -868.265
90.7765 -361.115 -872.223
27.4373 -380.997 -868.996
58.5487 -362.254 -850.67
8.38725 -352.342 -846.92
5.34726 -377.129 -883.551
7.50142 -355.373 -848.43
14.9996 -364.27 -883.239
8.12802 -353.739 -848.052
9.21555 -355.353 -848.798
68.3851 -356.582 -874.491
43.9122 -401.514 -849.331
9.60042 -352.158 -848.179
57.174 -384.245 -889.658
74.3692 -359.414 -830.08
106.43 -355.904 -889.029
106.836 -357.047 -887.818
107.495 -362.576 -886.301
28.045 -379.434 -868.663
5.95845 -358.4 -839.761
24.448 -354.615 -857.67
6.24223 -356.671 -840.363
5.54148 -358.864 -846.018
107.469 -359.169 -883.736
7.03701 -358.297 -848.559
55.9238 -384.548 -850.225
5.74372 -358.382 -844.115
98.2519 -384.44 -886.266
6.14532 -356.582 -843.716
5.88469 -356.801 -845.859
46.3148 -334.173 -880.205
61.2797 -395.005 -886.808
6.33113 -356.277 -842.08
65.8925 -379.703 -841.147
5.93024 -358.073 -841.991
29.8861 -381.71 -879.698
102.397 -381.486 -848.839
104.338 -352.903 -888.425
103.166 -379.896 -849.402
35.7075 -381.708 -896.078
37.3268 -374.776 -829.732
59.3303 -357.366 -828.7
96.9023 -384.474 -884.729
48.7698 -357.303 -836.143
51.304 -357.261 -897.656
57.537 -357.16 -829.415
43.356 -334.094 -877.808
41.8007 -382.09 -863.167
91.352 -357.087 -876.675
44.7082 -334.539 -877.362
51.973 -357.11 -829.786
35.1016 -357.015 -841.228
36.4152 -357.194 -842.392
34.5523 -357.099 -843.176
31.4913 -357.03 -842.993
34.2933 -357.298 -845.184
79.9289 -366.892 -833.245
71.4082 -382.113 -834.88
30.9804 -357.114 -847.141
42.8483 -395.912 -858.178
38.974 -387.146 -881.565
33.201 -357.01 -842.115
31.7421 -357.09 -839.015
74.1561 -404.319 -874.522
74.8514 -381.504 -883.207
24.7378 -361.704 -837.934
42.1796 -366.047 -862.058
17.6643 -366.552 -873.343
39.9217 -386.006 -882.846
59.3717 -401.503 -886.348
38.508 -368.472 -828.928
60.3401 -390.41 -850.651
26.6134 -356.549 -852.864
50.1084 -340.303 -879.738
38.5061 -370.446 -828.982
57.5807 -353.066 -850.592
24.6364 -358.064 -868.618
45.0872 -389.671 -855.79
37.1176 -369.585 -829.933
47.8758 -348.244 -852.493
35.9768 -368.659 -830.922
39.7357 -384.128 -882.874
48.7668 -340.179 -879.021
44.7481 -334.148 -878.962
68.68 -395.091 -856.121
69.3644 -381.889 -831.74
17.8964 -369.245 -837.799
30.626 -373.722 -834.615
50.3794 -335.382 -880.375
86.4283 -357.147 -881.777
49.7264 -338.56 -879.663
58.2021 -360.731 -905.693
32.1978 -372.321 -833.678
32.078 -370.573 -834.095
42.0242 -357.098 -837.823
38.2607 -359.294 -846.853
62.936 -379.726 -826.368
100.934 -363.289 -885.25
43.3988 -338.942 -856.266
29.3269 -372.635 -835.941
13.7338 -373.024 -879.321
23.6221 -382.991 -891.88
41.7014 -334.112 -874.628
67.3621 -380.972 -828.754
50.2917 -335.303 -884.294
34.4736 -380.203 -874.878
47.1988 -368.269 -853.977
52.7229 -340.278 -880.679
10.3195 -368.581 -837.401
36.5762 -383.427 -852.531
22.0345 -386.628 -890.106
100.932 -376.443 -886.246
71.5897 -345.966 -862.835
8.3931 -367.931 -837.322
60.0564 -335.217 -846.09
8.62405 -369.963 -837.294
99.7261 -375.62 -887.684
16.2182 -366.416 -876.686
51.3187 -339.259 -880.307
33.4115 -374.871 -832.256
65.4497 -381.257 -828.715
7.3765 -359.915 -837.623
68.3929 -381.527 -830.205
21.3612 -386.258 -891.574
58.4752 -380.08 -850.514
40.932 -383.05 -883.908
98.2953 -366.774 -839.221
42.9899 -340.382 -849.518
28.265 -381.379 -891.979
28.4616 -381.823 -890.24
13.8404 -372.145 -837.931
42.6899 -385.677 -885.188
81.7819 -359.267 -895.23
66.7627 -381.816 -838.009
30.3022 -381.876 -889.088
71.6252 -350.67 -867.256
99.9344 -383.771 -885.302
23.7906 -354.382 -859.639
58.498 -389.934 -850.288
34.3584 -359.773 -852.789
68.2867 -349.75 -874.641
70.4455 -356.108 -859.866
13.4638 -374.492 -840.358
60.5076 -379.478 -850.999
65.1093 -381.485 -838.617
15.3589 -372.988 -838.579
43.059 -365.025 -870.646
13.6881 -373.623 -838.841
28.6282 -381.842 -888.351
48.2651 -334.75 -879.851
47.3038 -372.128 -853.909
63.8927 -357.34 -898.292
13.0568 -374.849 -842.151
14.7295 -374.251 -841.719
84.0287 -363.659 -835.994
27.0867 -381.968 -885.908
57.9499 -341.737 -886.379
18.1945 -374.792 -840.392
64.2047 -382.101 -833.782
17.932 -374.805 -842.104
17.2417 -374.583 -889.402
71.1307 -350.676 -861.857
35.7933 -378.92 -831.214
16.1229 -374.209 -842.883
60.3537 -339.629 -885.916
14.2397 -374.353 -843.526
104.757 -366.581 -892.747
33.7417 -381.991 -888.93
70.5516 -364.707 -869.944
13.7275 -374.517 -845.322
102.036 -381.148 -887.024
19.082 -373.517 -855.574
19.4631 -373.805 -852.027
82.612 -364.417 -834.859
35.1903 -381.988 -891.923
36.7851 -382 -892.925
91.2888 -377.301 -891.816
31.6728 -381.859 -884.145
26.3732 -362.774 -868.182
59.1431 -338.201 -886.086
26.8192 -368.7 -865.766
73.3241 -360.418 -884.761
23.2621 -366.983 -868.453
34.9822 -378.912 -877.553
64.9918 -382.034 -831.845
102.478 -380.6 -845.82
64.7353 -381.823 -830.104
77.6741 -356.266 -875.969
60.207 -381.847 -835.092
29.4025 -360.399 -859.583
88.4783 -360.761 -868.338
35.8295 -379.017 -880.227
63.2108 -381.972 -830.704
28.127 -359.466 -860.62
28.2625 -361.476 -860.61
6.4185 -363.287 -848.262
87.4549 -359.507 -868.231
98.2726 -369.163 -857.107
88.0997 -355.944 -881.218
71.0759 -353.759 -869.562
76.2578 -345.351 -856.953
88.4594 -355.561 -886.461
34.5434 -354.26 -855.258
18.0476 -382.957 -889.74
77.4042 -357.284 -836.936
62.1754 -339.085 -885.467
90.6779 -352.675 -884.866
87.0444 -366.52 -892.399
34.4216 -351.296 -857.042
11.4387 -350.137 -841.69
37.7169 -349.136 -852.119
33.9908 -378.962 -858.333
56.0779 -334.25 -882.874
33.7814 -348.947 -861.859
33.1723 -350.869 -862.43
33.0884 -352.132 -861.067
32.2717 -358.918 -866.17
71.1179 -374.03 -864.091
99.9512 -383.755 -887.255
61.8536 -341.952 -879.976
98.3841 -355.179 -842.59
34.5984 -378.929 -879.045
16.8325 -383.834 -890.469
96.3036 -349.968 -884.564
57.9011 -334.342 -883.728
51.4604 -357.442 -842.052
58.1327 -335.416 -885.266
53.322 -357.725 -841.766
49.5928 -356.959 -842.491
52.1985 -359.206 -841.604
87.4556 -358.015 -868.775
47.3363 -356.656 -877.357
44.0586 -356.14 -844.883
72.4388 -381.995 -833.309
48.6186 -358.567 -842.689
100.161 -355.706 -846.094
45.1532 -357.892 -844.33
60.0549 -337.182 -845.215
16.605 -365.28 -850.136
72.1324 -335.727 -869.017
68.8243 -354.059 -845.248
68.536 -356.189 -845.013
54.613 -343.686 -886.768
101.592 -351.259 -882.636
21.3603 -368.964 -838.136
64.6718 -346.989 -844.896
69.3168 -397.665 -874.684
15.2406 -383.876 -889.737
72.1463 -354.245 -847.705
99.3876 -350.098 -884.532
56.2852 -357.413 -828.212
47.352 -362.866 -853.65
70.4135 -351.095 -846.968
80.0092 -359.574 -833.547
56.3834 -334.761 -884.66
98.2913 -350.004 -887.527
65.0872 -352.46 -843.563
69.7217 -352.396 -846.114
40.8337 -398.613 -866.533
76.0279 -354.442 -852.127
76.9742 -354.227 -853.716
98.009 -349.947 -885.523
72.8551 -349.94 -849.598
47.2732 -335.275 -883.014
59.9763 -395.633 -850.341
78.374 -360.114 -856.996
34.6938 -378.103 -853.624
48.8803 -363.845 -852.539
16.1691 -371.149 -856.691
78.9254 -357.449 -858.293
50.8987 -334.228 -882.856
60.8843 -378.887 -840.48
91.7558 -352.047 -849.823
39.9585 -380.606 -830.546
65.5186 -382.082 -835.075
63.2223 -364.368 -852.161
50.7115 -355.832 -842.139
39.3362 -379.821 -885.056
49.1457 -354.81 -842.596
39.8904 -356.966 -836.968
90.4814 -360.21 -892.187
105.701 -354.441 -886.05
65.1227 -381.936 -836.85
36.0844 -386.248 -877.79
13.708 -383.962 -890.838
63.8484 -358.669 -826.964
36.9848 -341.486 -873.4
35.8362 -378.2 -852.301
35.5311 -356.686 -877.155
59.7905 -393.687 -850.39
93.1274 -351.087 -850.889
36.9542 -354.041 -879.34
54.306 -391.983 -843.524
27.2951 -356.796 -845.602
62.1414 -379.952 -839.668
54.7039 -359.063 -825.898
38.1803 -389.598 -851.943
44.5393 -355.264 -886.328
30.1332 -357.294 -850.982
97.2109 -370.516 -838.885
28.3611 -357.073 -852.041
28.3143 -357.162 -854.079
105.917 -384.9 -888.243
27.8929 -357.088 -856.091
39.9271 -386.191 -848.78
61.5309 -334.468 -883.574
58.3805 -358.784 -826.143
40.4726 -336.478 -866.453
39.4647 -357.473 -898.397
35.9456 -359.735 -899.678
33.4649 -378.691 -874.138
38.5918 -384.965 -849.98
105.035 -373.984 -838.763
43.1305 -399.974 -849.882
48.7056 -365.714 -852.729
41.176 -393.834 -865.426
58.3709 -396.679 -849.99
40.1537 -387.957 -849.06
27.3131 -356.791 -849.172
73.8733 -360.345 -848.661
36.3984 -388.187 -877.598
103.684 -370.642 -838.721
37.2292 -367.552 -829.828
53.0636 -364.414 -824.928
66.2812 -382.087 -833.399
104.783 -368.861 -838.714
42.2432 -359.512 -844.274
80.2746 -360.3 -868.287
41.7765 -358.925 -842.57
37.0931 -387.309 -879.071
13.6501 -383.581 -888.991
99.3566 -370.47 -856.503
13.5797 -383.555 -883.362
36.7985 -385.261 -879.168
79.138 -375.455 -832.158
66.5992 -382.326 -897.865
40.2958 -389.71 -849.556
92.8393 -351.336 -843.884
44.0344 -357.433 -838.552
37.0181 -393.895 -855.996
67.2909 -381.977 -831.793
92.3536 -355.9 -857.575
50.8462 -334.339 -848.868
94.4325 -351.82 -854.518
35.0087 -390.351 -858.314
93.3919 -351.171 -853.023
31.6016 -357.831 -851.686
50.6762 -401.659 -880.534
32.9631 -358.142 -850.344
51.7697 -334.795 -884.25
36.4184 -358.77 -846.94
65.1156 -404.024 -879.439
35.926 -357.833 -845.528
40.0921 -358.053 -842.34
37.2337 -357.707 -843.873
37.7016 -380.73 -885.753
100.765 -383.659 -840.563
34.4958 -357.88 -847.19
38.2145 -402.861 -856.556
31.648 -358.47 -853.448
66.5854 -404.514 -878.644
37.6834 -401.028 -857.052
43.5015 -398.198 -849.457
44.3522 -342.612 -874.758
17.9579 -373.476 -875.776
18.2769 -373.193 -872.809
51.6599 -400.452 -845.601
42.4323 -365.69 -868.804
39.3187 -403.261 -854.864
66.364 -351.402 -844.379
14.3187 -366.627 -877.18
58.1562 -398.526 -849.876
39.3239 -404.392 -856.269
19.5711 -381.214 -843.589
9.74594 -366.522 -837.347
64.5638 -402.047 -879.358
46.9759 -401.533 -847.391
16.837 -370.038 -872.312
23.4598 -359.654 -869.05
25.3794 -359.755 -868.499
81.2532 -366.918 -834.341
57.9764 -400.378 -849.755
38.5456 -401.558 -855.464
102.455 -353.45 -892.474
53.4923 -362.54 -824.958
22.093 -378.719 -871.993
47.8946 -359.164 -888.001
7.91817 -363.139 -837.432
95.4392 -352.654 -853.414
86.3007 -357.167 -876.523
101.99 -381.215 -885.202
86.1749 -358.404 -838.998
81.8856 -369.686 -835.23
19.6404 -350.936 -877.188
35.6544 -382.42 -877.429
43.8002 -340.585 -874.331
45.7727 -361.132 -826.415
97.0843 -353.245 -850.864
7.18935 -364.843 -837.597
41.2692 -392.4 -864.207
54.3816 -339.381 -881.03
59.261 -396.124 -844.699
20.0403 -352.877 -873.709
64.9397 -361.452 -825.884
80.8041 -368.342 -834.229
67.8028 -403.316 -882.652
68.5448 -393.183 -856.128
66.3816 -377.247 -826.28
74.745 -375.861 -829.399
36.3598 -396.985 -859.756
95.2238 -351.222 -852.831
97.1072 -384.647 -889.673
47.4988 -338.717 -884.336
37.5234 -398.899 -857.28
66.8627 -336.052 -877.559
21.6486 -368.201 -892.178
22.3635 -359.299 -874.221
36.9989 -400.475 -858.675
36.8036 -398.644 -859.082
21.0724 -358.931 -881.484
107.093 -364.266 -849.139
19.6674 -356.111 -881.679
62.9834 -350.849 -887.733
36.344 -398.424 -860.596
75.0702 -366.955 -829.368
35.4041 -395.641 -862.596
21.5552 -360.381 -880.671
55.9822 -384.418 -841.839
22.1624 -360.692 -878.851
53.1417 -338.131 -845.002
35.6048 -397.703 -865.11
21.65 -362.856 -875
21.8646 -362.377 -873.216
35.688 -397.449 -863.308
21.3712 -363.323 -876.759
35.935 -397.174 -861.546
35.7489 -395.497 -860.68
96.437 -352.059 -851.925
73.8276 -358.607 -843.822
21.6214 -361.798 -879.96
36.9572 -395.389 -857.071
57.1374 -379.939 -825.979
20.6936 -362.016 -881.401
32.1715 -381.773 -842.107
84.3442 -371.04 -837.226
34.2742 -391.085 -861.96
20.8056 -363.251 -880.065
90.8186 -378.138 -858.469
21.6995 -362.478 -878.445
33.9179 -389.344 -861.357
43.2262 -342.208 -873.149
62.6326 -357.93 -827.724
12.8742 -369.181 -875.481
44.7014 -399.577 -848.682
93.8332 -354.447 -855.131
94.6581 -354.192 -853.441
53.6835 -358.977 -892.96
71.9638 -390.627 -849.076
56.5737 -397.409 -849.828
40.5561 -357.399 -891.422
31.9057 -360.702 -866.796
33.6542 -387.63 -860.521
34.5548 -390.677 -860.124
67.2819 -334.522 -878.547
30.8763 -361.695 -869.838
48.3143 -381.986 -852.924
32.7491 -360.069 -869.926
53.1174 -382.233 -897.661
71.0094 -349.185 -870.182
72.2533 -358.578 -842.706
32.0221 -361.257 -870.465
30.8891 -361.9 -867.902
65.3163 -362.837 -877.259
22.0596 -379.975 -859.324
36.1159 -393.554 -857.795
36.9561 -397.023 -858.034
98.6597 -355.127 -844.748
49.6882 -381.443 -892.52
14.6238 -384.302 -881.925
12.3358 -368.701 -854.234
65.2689 -359.766 -826.476
93.236 -354.476 -856.872
67.2365 -350.127 -855.079
51.4364 -381.573 -893.219
18.5146 -370.829 -859.08
16.672 -373.663 -880.782
48.1551 -352.074 -887.59
58.4546 -340.053 -886.208
49.4883 -381.097 -890.809
83.7895 -378.126 -862.299
45.9554 -373.16 -855.161
17.0658 -367.626 -857.856
15.5454 -367.599 -856.397
76.5321 -397.657 -871.856
13.1188 -367.114 -854.068
12.5656 -366.298 -852.48
67.9242 -380.549 -875.185
35.9708 -381.59 -886.381
13.8738 -368.271 -855.334
101.851 -377.707 -884.742
45.165 -385.388 -844.803
18.3508 -366.177 -858.366
72.5122 -399.306 -852.572
18.5645 -367.682 -859.217
40.8868 -381.489 -889.626
48.4913 -362.131 -852.66
38.7244 -401.014 -876.571
40.1558 -382.044 -893.093
45.5978 -365.117 -855.606
20.2318 -363.991 -851.929
100.134 -355.711 -844.073
78.8019 -391.859 -863.69
19.1584 -364.818 -852.72
68.9764 -350.37 -846.171
31.9367 -381.924 -886.083
61.0706 -342.967 -844.878
38.8398 -381.941 -890.234
19.434 -364.602 -854.567
19.6398 -364.431 -856.085
50.0511 -381.455 -902.792
10.4079 -377.836 -847.273
75.301 -370.748 -829.503
16.3604 -364.551 -848.504
78.3392 -393.546 -863.721
46.0449 -357.408 -876.118
37.4284 -381.581 -887.479
15.1547 -365.252 -849.765
53.0861 -355.198 -880.041
56.4336 -400.766 -849.629
76.1507 -377.212 -900.56
29.5174 -357.438 -838.477
103.475 -381.567 -850.079
74.2525 -359.365 -850.03
42.4676 -363.224 -827.319
39.6043 -379.777 -883.357
37.0692 -379.151 -881.372
61.4777 -398.559 -850.635
51.1463 -341.385 -880.123
76.6166 -403.767 -865.683
38.2299 -405.212 -862.681
73.4049 -377.602 -901.986
56.8806 -378.242 -825.175
16.3979 -384.289 -881.768
35.9203 -379.482 -878.595
59.4627 -401.617 -849.947
22.2552 -360.287 -854.094
19.5628 -374.401 -875.058
102.254 -358.115 -844.724
18.1296 -373.061 -852.388
59.8686 -397.625 -850.222
45.1956 -378.986 -844.53
10.5256 -380.204 -847.22
15.1192 -388.387 -838.657
44.7057 -404.537 -850.261
45.4069 -342.703 -847.365
101.961 -381.78 -847.266
14.1305 -388.903 -840.285
40.5506 -381.204 -883.455
77.8011 -344.665 -863.876
101.613 -382.356 -845.639
44.4836 -368.453 -857.095
17.0395 -388.943 -841.763
17.8849 -388.689 -843.523
59.6994 -399.606 -850.08
16.122 -388.965 -840.052
43.696 -394.906 -848.437
60.4297 -382.175 -895.807
11.5562 -368.245 -876.761
55.9433 -395.151 -844.266
62.5907 -370.604 -878.979
39.7475 -382.488 -882.819
105.184 -381.845 -850.311
92.2873 -380.881 -849.635
20.7726 -386.315 -856.835
30.3892 -379.148 -858.378
103.844 -383.29 -850.415
49.8192 -373.502 -852.297
51.1445 -354.722 -879.553
77.9375 -345.752 -862.532
28.5888 -381.699 -841.625
83.6149 -376.958 -863.709
29.1279 -381.662 -843.537
41.7795 -397.418 -871.136
28.8466 -381.711 -848.333
30.6718 -381.586 -849.101
30.9692 -381.723 -843.766
101.68 -387.568 -892.079
29.828 -381.688 -845.372
62.3485 -368.742 -879.119
60.4948 -379.92 -838.615
40.1517 -339.82 -878.568
22.9997 -384.962 -849.35
68.3413 -335.124 -876.793
60.9631 -363.461 -879.682
23.4582 -384.252 -852.787
93.4961 -369.407 -892.35
32.0524 -378.43 -874.624
38.8598 -358.872 -848.246
51.9394 -365.731 -851.292
47.8163 -402.94 -847.227
24.5297 -383.109 -851.387
53.2657 -362.159 -850.762
60.7214 -365.233 -879.746
23.5212 -384.203 -850.801
37.4463 -358.201 -898.971
61.6701 -381.114 -838.029
27.1378 -381.864 -847.283
25.2882 -382.62 -847.983
33.1528 -380.138 -871.048
33.0729 -381.994 -870.584
25.9433 -382.255 -852.09
63.8808 -357.624 -895
27.3594 -381.839 -853.157
34.0235 -381.922 -873.977
27.1694 -381.893 -849.16
71.281 -345.049 -861.277
28.3758 -356.986 -842.746
62.0474 -366.722 -879.268
46.2878 -381.287 -902.139
99.2398 -375.39 -886.022
34.194 -385.267 -874.198
93.0337 -381.671 -884.484
23.6274 -384.201 -847.768
84.0314 -377.966 -868.33
49.4126 -403.685 -846.958
24.2244 -383.44 -849.466
38.0099 -405.083 -866.331
50.6411 -381.951 -834.917
6.45672 -383.15 -846.592
58.3513 -394.823 -850.071
36.7715 -379.647 -882.984
63.8699 -369.593 -878.256
5.52466 -358.956 -888.621
35.0594 -385.268 -876.128
6.93471 -384.361 -845.175
6.19699 -382.738 -844.651
42.3765 -381.849 -899.102
13.645 -388.812 -846.595
16.8459 -388.475 -849.129
101.948 -381.83 -890.252
66.7136 -376.927 -876.111
22.4908 -353.8 -838.358
43.4005 -403.307 -850.244
48.1963 -342.578 -845.964
43.3903 -404.711 -851.593
12.1993 -382.506 -844.668
68.3661 -382.075 -833.306
15.2681 -383.661 -844.938
44.7493 -381.484 -838.952
70.7137 -359.081 -870.122
97.9622 -355.126 -883.489
56.5917 -336.281 -845.117
20.227 -363.843 -838.45
7.55728 -353.448 -843.992
27.005 -382.069 -879.279
50.7274 -352.845 -879.424
67.1067 -378.771 -875.892
8.58985 -361.407 -837.51
18.2265 -363.243 -884.036
5.28986 -375.324 -889.011
56.5465 -394.378 -849.971
21.5537 -365.159 -838.126
19.3398 -362.969 -839.648
57.5939 -377.961 -905.76
53.9671 -365.223 -850.819
58.9782 -376.473 -905.809
20.9858 -362.012 -838.872
22.2146 -363.469 -838.197
67.0521 -344.387 -854.569
107.706 -364.264 -841.919
60.6853 -338.892 -880.476
23.5384 -364.921 -838.182
23.0527 -366.61 -838.267
49.2596 -402.706 -879.966
57.4711 -395.665 -844.428
13.4758 -354.993 -888.703
20.02 -367.582 -837.987
76.8465 -358.121 -845.143
104.591 -380.069 -850.326
21.3614 -367.026 -838.118
26.7546 -382.115 -881.203
66.7031 -356.875 -854.597
47.7852 -404.281 -848.054
27.6421 -368.047 -837.534
47.7847 -359.833 -842.049
55.6465 -378.837 -905.568
26.3183 -362.347 -837.575
27.9997 -362.929 -836.675
57.0119 -394.007 -843.961
67.1259 -382.109 -876.085
25.5511 -365.21 -838.064
26.7903 -364.096 -837.508
67.524 -370.177 -874.973
47.8288 -404.869 -851.182
24.5939 -366.31 -838.308
26.1083 -367.091 -838.133
57.9126 -393.041 -850.111
38.0542 -379.713 -884.011
24.6399 -367.97 -838.385
41.6158 -392.573 -869.137
22.9908 -368.529 -838.324
46.2849 -405.178 -850.714
18.2068 -349.839 -888.909
71.0325 -364.682 -903.27
55.2426 -360.36 -840.307
22.1364 -374.365 -838.172
46.2042 -404.445 -849.126
72.9163 -388.918 -882.186
22.5988 -372.291 -838.18
71.5372 -390.927 -865.087
46.3756 -403.04 -848.035
13.1456 -363.125 -841.29
81.9755 -358.227 -878.692
8.43425 -352.437 -890.76
55.9775 -392.653 -850.052
46.144 -400.159 -847.808
25.4024 -382.788 -880.078
13.4785 -367.074 -837.643
66.1876 -380.364 -876.84
41.8263 -354.795 -867.73
19.669 -369.168 -837.949
70.5027 -376.124 -870.51
56.2068 -405.102 -848.239
75.9244 -349.751 -853.722
58.9422 -380.703 -826.781
46.4926 -352.698 -887.025
57.1055 -381.857 -829.254
102.027 -378.128 -888.844
77.7482 -353.739 -855.378
53.7885 -380.582 -826.603
30.1978 -364.986 -835.101
53.9834 -402.458 -845.341
83.2738 -357.786 -880.132
29.1866 -381.549 -852.391
55.3403 -402.321 -881.63
14.771 -383.79 -885.048
70.8177 -342.925 -850.122
28.4196 -377.603 -868.372
20.5281 -357.063 -839.576
31.0191 -381.239 -851.141
55.4549 -403.134 -845.444
29.0596 -381.681 -850.207
52.6916 -405.248 -848.254
25.7702 -382.572 -878.135
32.1989 -378.445 -864.26
31.7428 -377.789 -862.558
30.1923 -377.003 -862.768
72.2411 -383.493 -883.896
51.165 -340.81 -845.275
41.414 -391.623 -867.353
41.4533 -398.141 -860.911
57.5267 -402.383 -849.637
102.306 -379.556 -887.832
69.1086 -378.757 -827.453
67.7619 -344.006 -883.589
57.8805 -372.443 -824.855
46.1791 -398.887 -877.623
84.5284 -382.173 -857.25
62.2863 -383.092 -889.17
62.2355 -350.529 -843.087
49.7596 -382.488 -851.968
72.4361 -357.846 -841.038
72.6879 -348.181 -850.087
64.449 -379.777 -878.087
10.0845 -363.006 -837.712
65.9699 -382.111 -877.126
51.5248 -390.254 -850.899
8.36536 -380.719 -881.218
47.0097 -356.54 -853.406
23.0753 -352.696 -850.82
67.8268 -382.184 -899.437
50.5725 -350.889 -879.415
64.7673 -382.329 -898.228
77.8474 -382.284 -887.625
102.31 -378.096 -890.675
48.3636 -357.236 -852.437
18.969 -349.627 -842.615
57.0228 -395.871 -849.906
43.3897 -347.038 -857.46
103.868 -378.334 -850.092
85.3486 -382.401 -890.489
83.6813 -382.006 -854.146
42.3074 -357.788 -890.897
70.6643 -358.477 -841.612
82.2651 -381.741 -852.863
41.3416 -404.025 -859.489
64.7977 -381.507 -877.969
61.8015 -373.055 -825.284
75.1009 -388.101 -880.027
50.2645 -366.704 -851.934
63.1467 -357.851 -837.255
63.7481 -378.13 -878.413
60.5528 -387.883 -888.896
61.8853 -392.975 -844.334
79.1877 -380.767 -850.865
97.7611 -351.706 -838.917
75.5957 -335.425 -870.151
77.528 -379.86 -850.102
99.7497 -350.071 -847.611
65.5253 -378.269 -877.204
22.4397 -358.348 -870.31
54.748 -368.125 -880.176
63.1877 -372.085 -825.423
63.2006 -381.094 -878.916
69.26 -379.514 -845.011
72.0087 -381.927 -840.359
70.0546 -381.846 -839.651
68.3788 -382.067 -836.787
44.9307 -397.517 -848.293
102.373 -379.928 -889.955
102.129 -370.746 -854.36
62.8117 -382.1 -832.577
54.9425 -353.207 -850.513
63.8074 -363.829 -878.338
62.1829 -382.086 -834.441
60.096 -381.936 -829.905
59.5515 -382.082 -831.935
64.2587 -380.561 -827.403
63.5939 -381.525 -828.881
66.2412 -380.157 -827.465
100.448 -371.838 -855.261
103.135 -379.512 -891.626
41.0653 -403.231 -861.057
102.998 -373.15 -852.269
71.2843 -373.679 -865.933
44.9725 -381.697 -830.956
42.5719 -381.791 -832.883
59.4582 -370.892 -880.009
68.9763 -364.516 -873.115
66.9546 -367.639 -826.011
13.7598 -383.616 -886.895
48.6915 -357.775 -878.364
51.8759 -380.417 -826.61
71.0357 -357.389 -837.878
52.6062 -381.433 -828.014
54.4268 -381.513 -828.058
47.1647 -371.407 -876.968
92.0983 -387.427 -874.783
101.838 -372.457 -853.748
55.4045 -379.635 -850.378
53.4788 -381.917 -829.737
77.3122 -387.741 -876.708
45.2855 -360.044 -887.672
54.4011 -380.952 -850.404
20.24 -350.211 -845.774
52.5855 -380.406 -850.87
29.8682 -381.653 -840.008
58.0338 -381.74 -842.053
31.0952 -360.935 -871.639
58.3297 -382.021 -830.583
72.9018 -344.909 -851.651
52.6562 -382.026 -831.464
51.6529 -381.862 -829.634
98.5864 -372.037 -856.553
50.7509 -381.268 -827.916
50.8102 -381.989 -831.29
47.8369 -381.584 -829.34
80.7539 -382.252 -842.096
48.8853 -381.024 -827.86
49.7903 -381.756 -829.458
68.9151 -359.336 -842.079
55.3195 -390.93 -850.13
48.8937 -381.924 -831.034
58.9692 -356.441 -880.171
84.2118 -379.334 -894.165
39.0423 -340.857 -853.811
48.5447 -381.903 -835.604
47.7269 -381.671 -837.279
87.3799 -383.443 -872.555
38.6052 -381.84 -839.32
101.359 -376.752 -889.991
74.6688 -347.429 -852.883
44.2314 -381.857 -832.701
33.5731 -381.809 -840.608
36.8479 -381.822 -840.193
36.881 -381.649 -842.253
37.1315 -381.838 -838.213
64.7506 -352.035 -887.434
103.475 -369.69 -853.283
61.8651 -380.983 -842.613
70.5853 -398.331 -858.991
36.9656 -380.618 -845.997
52.7208 -351.628 -850.834
57.5507 -357.76 -880.338
30.1144 -379.631 -870.754
35.3667 -380.736 -847.163
63.3296 -381.708 -837.421
46.3559 -396.774 -847.278
103.286 -367.902 -852.5
31.715 -381.741 -840.243
39.2102 -357.808 -888.641
71.2341 -369.952 -867.171
28.0941 -364.14 -894.189
54.3911 -351.461 -850.573
53.5908 -349.429 -850.666
52.5112 -353.429 -879.957
46.2173 -398.613 -847.69
61.6774 -381.817 -836.28
80.0377 -358.263 -867.987
63.515 -341.346 -879.331
42.0082 -375.353 -866.666
65.9538 -359.961 -841.618
51.0631 -405.25 -849.112
56.513 -381.637 -894.298
54.9851 -347.662 -850.531
48.0991 -359.881 -877.888
66.9522 -342.539 -854.302
77.5933 -346.869 -859.529
74.2251 -347.673 -878.845
52.6797 -404.485 -849.566
73.1719 -381.06 -843.572
12.0354 -382.667 -884.328
31.417 -377.622 -866.221
55.4376 -401.903 -849.616
78.5207 -381.181 -848.761
52.6497 -397.214 -850.272
51.2801 -398.249 -850.674
51.9123 -379.536 -842.492
103.681 -352.432 -848.906
45.5926 -393.501 -846.737
51.8851 -401.058 -850.291
49.8947 -389.565 -887.84
52.9606 -399.291 -850.096
30.2154 -380.195 -872.77
87.745 -383.618 -850.394
42.1759 -351.749 -846.567
43.8154 -345.168 -856.404
62.1127 -348.349 -879.601
20.575 -363.686 -853.549
86.5232 -382.88 -851.888
60.5503 -356.833 -879.9
40.6061 -403.308 -853.131
73.2393 -379.599 -847.83
103.429 -351.73 -843.616
43.449 -404.989 -854.499
42.1744 -404.849 -853.256
75.0216 -379.526 -847.992
17.9335 -387.616 -877.625
34.348 -388.493 -872.788
33.7537 -387.267 -871.74
68.5315 -342.852 -848.252
60.6538 -355.087 -879.81
73.7757 -347.764 -851.522
84.3783 -382.243 -852.463
50.9541 -351.955 -851.273
75.2413 -350.884 -852.131
56.4216 -381.275 -892.411
71.9712 -404.644 -871.781
40.9232 -380.04 -884.394
43.9807 -379.83 -873.747
41.2634 -340.521 -879.849
67.1768 -341.491 -847.64
43.3581 -381.409 -872.873
69.4431 -369.564 -872.354
69.167 -358.282 -840.499
58.6763 -373.954 -880.206
74.3878 -334.522 -861.535
49.2235 -351.984 -851.907
72.9336 -335.09 -855.249
43.0832 -338.682 -873.594
42.3451 -384.312 -870.676
34.6719 -357.111 -890.59
102.519 -360.979 -842.44
43.0342 -381.012 -889.934
70.9351 -357.28 -869.745
44.1618 -378.782 -903.609
72.2513 -379.269 -846.32
46.1988 -380.909 -890.892
70.9699 -379.262 -844.886
63.7735 -339.259 -846.115
62.453 -363.508 -905.591
34.8084 -393.927 -863.751
50.8489 -381.066 -838.115
35.1298 -394.054 -861.686
17.4535 -351.374 -837.782
35.5422 -393.877 -859.755
5.34654 -369.071 -885.508
65.5166 -368.912 -825.625
63.9469 -338.439 -884.844
75.5671 -342.364 -873.833
85.7259 -382.578 -853.699
41.3311 -401.927 -851.709
15.8307 -388.557 -880.434
50.1192 -353.718 -851.561
75.4418 -343.892 -874.92
38.4005 -398.436 -855.525
11.3043 -387.759 -839.294
39.3913 -398.333 -853.914
80.9412 -381.597 -851.387
38.6441 -396.829 -854.636
26.9034 -365.94 -862.809
77.4422 -343.058 -864.556
64.8622 -339.924 -884.494
34.8666 -347.085 -859.335
39.9662 -399.978 -853.234
65.8696 -370.817 -825.814
102.867 -366.253 -851.064
40.4002 -401.524 -852.721
37.8001 -392.154 -853.674
37.9468 -393.858 -854.308
39.0091 -393.494 -852.574
42.2832 -378.692 -902.98
35.6567 -391.675 -857.553
35.7117 -390.157 -856.397
38.0628 -364.042 -829.281
75.0158 -386.226 -880.69
70.9347 -357.772 -839.879
39.939 -384.459 -848.519
44.9894 -344.965 -854.727
39.7221 -396.797 -853.026
33.183 -387.75 -867.982
104.563 -367.221 -851.349
40.3978 -393.891 -851.06
39.9693 -395.298 -852.115
46.6452 -364.873 -876.374
37.404 -390.324 -853.39
76.3238 -338.969 -859.868
48.7988 -379.438 -843.048
83.1664 -381.688 -855.951
37.1535 -381.783 -852.058
53.946 -405.136 -882.686
86.168 -357.101 -873.194
75.7687 -339.806 -858.214
81.8071 -381.244 -854.54
63.2187 -359.553 -839.931
37.8871 -386.239 -851.038
46.1503 -378.62 -904.236
75.0907 -382.141 -836.55
39.5365 -401.736 -853.933
50.2291 -359.711 -904.854
38.8922 -386.963 -850.058
47.4643 -359.046 -890.842
55.2487 -403.808 -885.756
75.6499 -382.039 -834.885
34.9017 -378.559 -855.419
36.5509 -363.543 -830.179
23.6119 -354.122 -890.362
34.656 -387.168 -856.909
75.072 -346.661 -877.105
58.058 -381.521 -893.438
60.8021 -405.267 -883.565
57.3897 -405.375 -883.58
50.9075 -359.691 -890.793
25.2119 -382.879 -881.926
6.81512 -354.919 -843.011
73.327 -381.462 -831.755
24.3769 -383.724 -879.001
54.932 -335.728 -885.492
24.7339 -383.342 -877.05
33.5963 -381.977 -890.848
74.7824 -344.887 -876.671
31.964 -381.945 -889.9
76.8671 -344.76 -871.99
52.3904 -359.433 -891.773
44.7067 -353.429 -886.264
54.6148 -405.025 -884.366
57.732 -357.212 -850.465
27.4652 -381.968 -877.331
30.4214 -381.314 -878.192
63.1513 -352.043 -842.961
72.2332 -380.862 -830.304
56.3726 -404.935 -884.691
50.6835 -390.99 -887.673
29.9869 -381.783 -881.371
72.7367 -379.247 -829.125
68.4001 -347.807 -874.597
91.419 -362.861 -872.891
33.1279 -381.518 -882.973
63.6374 -345.64 -844.898
76.9535 -380.385 -832.119
15.6698 -365.745 -851.604
26.8467 -376.569 -868.22
77.0289 -338.244 -867.226
24.7097 -377.316 -868.364
32.4235 -379.069 -866.031
75.8768 -379.359 -830.75
90.126 -354.275 -859.506
86.252 -382.656 -849.826
77.0545 -377.585 -830.809
77.8222 -378.857 -831.651
86.3782 -374.867 -867.789
30.8014 -380.404 -876.407
80.3438 -382.24 -845.323
43.8417 -385.324 -873.922
42.3001 -341.816 -871.233
59.5867 -385.078 -850.581
19.5236 -365.731 -838.082
65.7299 -349.703 -853.827
10.8016 -365.341 -850.02
74.4049 -381.846 -833.303
21.958 -378.323 -877.903
21.4357 -377.676 -879.62
75.5405 -336.104 -859.077
21.7704 -379.48 -879.397
22.0708 -380.235 -877.397
21.7058 -381.796 -876.231
56.948 -379 -850.447
45.3717 -351.594 -886.22
21.7168 -381.798 -874.377
55.9013 -405.303 -883.024
58.9464 -405.297 -883.52
63.8223 -348.817 -878.795
73.1026 -351.474 -849.286
63.1841 -347.25 -844.278
91.319 -352.093 -882.789
42.2941 -363.3 -861.498
22.9502 -370.612 -868.479
24.0274 -368.735 -868.157
71.3829 -381.735 -831.741
22.085 -378.589 -875.98
40.9527 -401.871 -861.913
50.9586 -405.227 -882.185
20.8278 -375.016 -870.469
23.5286 -375.779 -868.531
84.5181 -382.282 -848.578
12.0773 -362.815 -887.343
29.3074 -357.318 -878.608
32.4203 -367.298 -833.74
33.6485 -357.139 -889.183
71.3508 -381.821 -890.209
16.6522 -367.572 -837.775
60.2254 -382.794 -889.617
17.3644 -365.776 -838.128
101.634 -373.134 -879.061
61.6261 -405.28 -882.144
72.6209 -381.388 -886.746
73.6882 -381.369 -884.94
10.9687 -364.965 -837.574
72.1547 -381.559 -888.682
71.0968 -383.04 -884.938
15.2286 -366.005 -838.015
27.2493 -381.167 -838.343
44.2945 -343.508 -855.458
48.1845 -382.095 -895.194
44.0791 -389.482 -857.103
27.6933 -381.753 -845.243
49.0759 -400.765 -879.747
48.974 -367.729 -878.285
48.0371 -382.184 -897.261
15.1524 -389.064 -841.763
16.0096 -389.016 -843.376
35.3607 -382.005 -889.999
19.141 -386.277 -875.468
42.6274 -335.019 -851.493
74.126 -357.49 -840.431
38.0722 -335.784 -856.783
39.261 -335.276 -855.472
47.6714 -401.808 -878.975
97.9663 -389.75 -890.173
18.8853 -388.43 -842.052
19.6785 -388.127 -840.678
40.0447 -339.715 -852.568
19.1419 -387.887 -839.053
107.205 -358.572 -887.613
84.7989 -364.824 -865.32
72.9949 -334.564 -857.027
9.02661 -364.713 -837.325
75.0951 -339.024 -856.629
39.0436 -342.541 -853.324
38.0596 -340.575 -855.455
59.2592 -393.534 -880.8
45.6053 -343.334 -853.933
37.3853 -344.118 -855.308
35.9069 -338.284 -869.23
36.3267 -335.574 -866.411
10.7759 -360.974 -886.009
35.9744 -340.216 -869.882
106.38 -355.766 -887.002
36.3806 -338.988 -871.309
27.1833 -369.321 -864.091
13.6646 -365.205 -849.671
54.0188 -378.057 -839.805
12.3216 -365.643 -850.711
77.8032 -360.506 -855.28
41.6953 -395.61 -870.426
73.9748 -341.369 -876.593
50.3648 -392.702 -887.106
10.8249 -373.189 -849.627
30.6379 -357.494 -879.834
82.0457 -362.422 -865.744
16.4164 -366.131 -855.272
91.3503 -351.989 -881.016
14.9156 -387.427 -849.262
13.423 -385.945 -848.953
71.0922 -360.054 -868.625
24.2273 -377.445 -837.941
21.7706 -364.868 -861.322
27.4307 -356.958 -879.138
30.98 -363.566 -834.162
20.6819 -364.585 -860.26
42.3782 -358.558 -869.959
93.2187 -350.876 -884.821
9.25506 -382.629 -848.719
9.55336 -380.679 -848.491
28.5671 -357.148 -880.653
42.0542 -391.53 -870.638
26.9438 -356.786 -882.37
11.0567 -382.316 -848.068
10.5345 -384.029 -848.772
11.6671 -385.345 -848.867
16.2102 -369.252 -857.34
41.1393 -344.323 -880.746
92.9522 -350.982 -888.709
74.0308 -357.504 -896.081
46.4378 -344.84 -853.329
103.651 -354.053 -849.975
79.5702 -351.288 -864.474
8.52725 -375.109 -848.835
11.4265 -367.472 -853.097
8.77208 -372 -837.283
89.0067 -385.107 -850.547
10.3316 -370.747 -837.398
64.1199 -344.087 -845.534
32.549 -354.656 -868.872
60.6602 -388.979 -880.198
5.66373 -371.062 -839.749
5.63505 -368.8 -841.875
31.94 -362.115 -833.282
43.2856 -389.017 -873.237
5.59701 -362.595 -846.907
86.991 -383.092 -890.014
42.6224 -390.327 -872
42.513 -343.563 -858.769
33.9653 -353.154 -873.609
67.4548 -350.482 -845.198
30.9006 -359.743 -873.235
75.3201 -382.125 -841.631
42.5467 -392.122 -872.081
5.53431 -360.733 -846.492
34.3439 -370.365 -898.614
47.7654 -352.787 -877.712
6.42584 -370.062 -849.093
80.9145 -360.032 -875.587
5.64877 -370.258 -847.63
32.9479 -353.573 -870.444
42.0844 -389.534 -870.353
5.50444 -371.978 -846.822
22.2921 -361.101 -874.695
5.43451 -370.431 -846.136
68.9205 -336.518 -875.18
5.50359 -369.455 -844.927
29.4928 -363.295 -835.429
77.6675 -358.866 -883.165
21.301 -355.618 -871.442
43.1144 -398.916 -874.069
44.3826 -370.899 -873.255
42.3904 -397.953 -872.647
20.6407 -354.305 -872.433
68.7281 -361.687 -873.57
73.109 -357.244 -837.306
72.0026 -359.484 -887.355
17.7147 -383.306 -840.077
47.267 -346.423 -852.821
107.435 -365.205 -888.605
21.1414 -355.997 -873.083
42.3568 -399.771 -872.896
19.6948 -381.042 -841.724
56.316 -338.34 -844.748
11.6349 -388.315 -842.587
70.1767 -340.871 -849.958
15.2052 -384.859 -838.302
48.5578 -335.074 -850.872
18.7683 -385.424 -837.794
18.3004 -384.046 -838.495
19.9729 -386.508 -838.284
47.7901 -357.221 -898.076
72.862 -359.135 -848.712
69.6429 -359.04 -828.269
65.2055 -391.815 -852.891
16.4155 -384.045 -839.23
12.1028 -365.1 -881.128
84.4068 -363.722 -863.919
79.0011 -350.047 -868.942
20.0691 -361.569 -840.641
74.4602 -334.445 -863.288
41.3862 -397.128 -869.732
10.2165 -351.408 -882.601
10.5735 -385.323 -892.383
29.891 -357.611 -876.581
71.4 -385.281 -864.533
96.2952 -365.508 -881.349
97.5871 -349.974 -843.326
22.3698 -360.623 -872.785
95.5029 -368.857 -872.022
49.2942 -357.28 -896.757
27.9703 -357.087 -877.355
70.8365 -363.078 -869.124
17.1186 -350.36 -880.093
96.4084 -370.394 -872.736
18.5823 -350.016 -880.061
80.7603 -381.271 -870.152
20.8591 -379.443 -839.272
48.9907 -357.489 -894.967
44.8469 -341.873 -854.61
72.6506 -357.439 -839.153
11.961 -350.555 -882.481
102.259 -358.545 -886.354
13.8412 -350.166 -882.165
15.3114 -349.378 -886.608
78.73 -352.939 -872.927
41.2948 -357.773 -840.909
36.5506 -344.903 -874.386
48.8903 -357.916 -893.206
22.0723 -362.747 -870.075
19.0435 -350.086 -882.958
20.2516 -354.696 -874.181
68.1717 -345.294 -855.668
19.3357 -350.128 -881.134
61.7846 -345.819 -844.266
35.6783 -346.197 -873.225
50.7873 -378.426 -905.266
29.5895 -357.645 -874.734
55.9867 -360.782 -891.236
42.946 -364.182 -903.721
36.9897 -357.241 -896.062
20.231 -355.109 -876.018
66.8688 -349.786 -876.265
45.4427 -344.598 -846.762
45.4639 -341.045 -847.673
38.3883 -361.128 -901.608
40.1986 -360.204 -902.183
21.3098 -356.79 -878.861
47.9103 -402.533 -884.474
100.335 -373.874 -880.265
77.2803 -396.173 -861.373
55.0889 -357.389 -901.475
14.9035 -364.078 -888.567
46.8009 -343.552 -846.356
56.6746 -358.427 -904.089
61.116 -358.828 -904.228
59.5524 -358.52 -904.094
20.0991 -355.668 -879.991
63.2046 -352.806 -888.134
78.1633 -349.412 -871.913
34.6216 -346.969 -870.556
53.53 -358.574 -904.178
55.0163 -359.212 -904.917
43.5715 -358.394 -902.101
44.9807 -360.433 -904.035
19.2837 -353.999 -876.606
101.705 -357.384 -884.953
54.671 -379.803 -837.046
63.9381 -383.536 -843.03
12.0008 -362.924 -883.625
58.2233 -349.336 -842.68
56.9099 -347.779 -843.014
58.9345 -351.244 -842.243
49.4001 -359.779 -890.028
18.653 -353.534 -877.736
5.35098 -363.659 -885.197
60.2732 -350.13 -842.75
22.1685 -379.13 -852.771
5.94694 -367.927 -881.646
5.39417 -367.242 -886.459
77.7796 -345.484 -868.996
5.36199 -370.204 -883.652
51.7675 -336.209 -885.31
19.9866 -357.714 -889.665
64.0921 -350.809 -878.522
13.2319 -367.499 -876.025
5.43047 -360.935 -888.476
21.9982 -384.432 -838.141
80.2849 -358.217 -894.697
5.24683 -376.713 -885.426
41.2927 -401.924 -870.778
83.4207 -382.196 -843.579
44.4589 -346.544 -855.587
14.3136 -368.334 -874.621
93.3424 -361.732 -843.575
74.0143 -379.664 -846.44
79.6329 -353.495 -869.754
17.8644 -373.508 -877.636
70.8159 -366.07 -869.203
5.33218 -362.164 -884.75
46.3955 -349.741 -886.202
5.45773 -364.06 -890.348
18.1509 -374.326 -880.941
15.3051 -373.799 -882.043
39.3102 -399.12 -877.55
5.41189 -364.854 -888.68
98.5013 -384.378 -888.351
5.3566 -360.529 -885.082
5.46607 -359.742 -886.865
33.7548 -348.779 -868.471
31.6629 -367.714 -896.458
96.4154 -384.463 -886.26
19.5209 -383.751 -880.092
15.2621 -350.633 -892.292
57.8837 -358.795 -841.79
13.1833 -350.296 -891.793
17.2362 -350.371 -892.097
49.4964 -366.202 -905.562
13.6381 -374.125 -882.518
90.5863 -353.239 -848.842
9.49094 -351.248 -884.209
42.9972 -359.928 -887.449
79.0521 -359.179 -872.557
98.8173 -364.366 -844.792
40.7895 -403.875 -870.265
47.752 -350.777 -877.775
6.76058 -372.396 -880.932
95.4896 -389.689 -884.434
23.9644 -354.583 -881.869
45.7679 -346.445 -854.024
25.4743 -355.955 -874.927
38.9283 -335.412 -875.211
26.1787 -356.453 -877.938
67.9403 -380.333 -844.764
24.7335 -355.431 -878.797
25.8789 -356.352 -879.461
6.86988 -370.558 -880.401
23.7225 -354.254 -879.95
61.6672 -353.724 -888.677
86.6587 -382.48 -869.325
79.6687 -353.576 -861.334
38.315 -378.7 -849.901
67.2087 -370.576 -855.682
61.037 -402.793 -850.253
5.88519 -369.469 -881.715
22.4872 -352.57 -877.26
22.6513 -352.787 -879.149
44.6146 -401.768 -876.347
42.8632 -401.022 -873.937
21.1046 -351.351 -885.295
11.0148 -372.256 -878.334
35.9749 -344.459 -872.643
44.6438 -339.872 -848.301
43.8593 -357.533 -900.459
71.1345 -368.453 -867.901
102.298 -379.452 -885.924
38.2555 -359.641 -881.593
79.7361 -355.238 -870.006
66.6239 -355.038 -854.562
46.6662 -403.244 -878.476
41.8888 -378.423 -866.901
40.9261 -360.156 -885.454
22.2162 -352.349 -884.12
10.6132 -370.991 -877.487
71.1519 -366.837 -867.778
79.298 -368.492 -832.947
25.8106 -372.179 -862.434
35.6743 -357.335 -844.051
20.2983 -385.195 -872.954
19.5048 -364.695 -879.951
45.3052 -403.361 -877.373
107.499 -371.543 -848.821
20.3522 -364.582 -877.021
60.2794 -360.123 -889.464
38.3066 -357.474 -842.18
39.4281 -357.27 -840.577
105.152 -375.236 -892.63
41.3374 -390.794 -865.292
5.84211 -357.936 -847.356
40.3417 -358.525 -887.931
101.696 -367.181 -852.437
68.0737 -353.329 -874.824
98.8161 -366.344 -850.799
27.2247 -376.84 -837.038
96.7736 -366.309 -850.812
37.282 -357.056 -840.41
39.7073 -359.498 -886.245
49.4492 -405.179 -881.996
80.3549 -357.72 -892.718
99.1762 -374.428 -881.534
38.7348 -357 -838.736
38.3294 -356.46 -849.665
42.2104 -378.567 -868.729
20.832 -383.309 -875.414
100.646 -363.648 -842.129
21.1364 -370.809 -838.085
64.7549 -389.752 -852.673
102.839 -358.396 -840.267
41.415 -389.451 -863.915
71.6144 -397.399 -880.321
71.4635 -347.852 -862.872
99.8456 -375.392 -883.056
44.8651 -345.436 -884.037
40.6587 -357.153 -839.075
33.0976 -369.228 -833.365
44.6432 -404.213 -881.567
92.9968 -359.018 -841.723
65.6834 -388.23 -844.259
93.3199 -358.2 -843.108
68.9817 -399.099 -875.318
71.7197 -344.087 -862.847
88.443 -359.855 -862.979
78.9038 -359.314 -858.497
69.9715 -347.05 -872.357
101.404 -356.75 -845.496
87.7344 -365.102 -862.987
37.0684 -356.964 -838.592
71.2872 -366.919 -864.685
107.383 -376.19 -888.028
34.8619 -374.034 -831.389
35.0002 -362.939 -831.137
44.3915 -359.715 -888.778
35.5502 -364.82 -830.965
91.5091 -357.282 -856.449
19.6717 -384.709 -876.349
74.4364 -357.28 -838.595
36.3863 -357.605 -887.241
16.9283 -368.137 -872.592
90.6909 -363.739 -861.786
88.7121 -361.795 -862.9
59.3165 -356.176 -850.744
62.1614 -353.302 -842.447
45.0782 -356.979 -832.89
18.1059 -368.841 -871.361
42.5656 -336.635 -873.193
68.7108 -399.69 -882.62
78.8414 -391.865 -867.281
20.079 -355.199 -878.015
43.2255 -387.212 -846.334
71.1211 -364.775 -867.936
100.528 -368.326 -855.013
71.8377 -342.261 -862.893
90.8964 -357.155 -860.869
43.2608 -357.02 -832.665
38.2374 -337.143 -855.563
35.5555 -344.013 -870.885
89.7616 -358.391 -862.286
90.7736 -361.028 -877.114
44.351 -357.185 -831.018
11.1384 -387.227 -891.922
103.9 -362.294 -849.896
44.017 -374.782 -872.883
50.2456 -357.244 -829.28
34.8392 -344.538 -867.809
47.8401 -348.726 -877.879
69.3132 -337.684 -849.362
59.0833 -344.347 -850.738
47.8988 -358.568 -827.165
81.7948 -357.404 -841.43
45.3977 -357.521 -829.483
47.2265 -357.218 -829.887
65.986 -351.085 -877.063
48.8889 -404.513 -880.423
70.2171 -401.066 -873.723
67.9494 -362.767 -856.408
37.1218 -355.463 -851.117
27.6888 -378.646 -836.869
69.6951 -357.192 -833.044
51.5146 -395.355 -880.428
60.1646 -382.15 -880.164
32.4831 -363.911 -833.032
47.7808 -345.246 -877.914
69.7184 -357.423 -831.21
40.9674 -357.654 -830.864
93.672 -352.801 -856.125
93.1102 -361.091 -845.359
91.632 -354.386 -860.066
92.5906 -354.428 -858.712
43.6266 -357.968 -829.237
39.33 -357.81 -831.338
41.8835 -358.461 -829.226
92.0327 -358.626 -850.258
34.4112 -347.191 -861.098
90.805 -359.243 -854.028
91.3642 -358.224 -852.255
42.9414 -404.861 -878.912
54.9702 -347.096 -880.599
107.32 -359.379 -889.496
101.911 -381.849 -842.793
91.4475 -357.151 -858.62
43.9427 -341.845 -848.55
68.3863 -382.525 -874.736
65.1262 -361.085 -877.538
90.554 -359.884 -858.926
5.35641 -372.269 -887.273
90.6677 -360.936 -853.805
25.9058 -360.579 -837.688
107.204 -380.57 -889.971
56.0276 -349.374 -842.568
35.5879 -338.957 -864.382
32.583 -366.389 -897.456
93.0753 -384.995 -852.421
7.62929 -385.83 -888.62
71.1829 -403.359 -872.235
35.6938 -340.449 -862.753
12.1009 -385.204 -837.705
101.975 -377.893 -886.859
56.9929 -350.882 -842.177
48.4201 -346.873 -878.325
5.32273 -373.447 -889.068
106.437 -383.901 -848.313
72.6421 -357.424 -832.467
70.4772 -354.593 -871.133
101.002 -386.548 -839.003
102.479 -386.973 -839.26
28.2914 -375.45 -836.335
102.587 -388.706 -842.371
50.078 -347.001 -879.311
35.8307 -355.294 -852.953
41.6178 -343.947 -849.814
104.82 -386.876 -842.955
104.619 -387.054 -844.907
104.363 -387.241 -846.919
101.647 -388.674 -848.924
40.4154 -352.05 -847.921
105.535 -385.07 -849.026
36.4127 -340.846 -871.645
65.6899 -359.639 -877.156
99.8231 -389.83 -841.994
101.355 -389.137 -841.097
61.9353 -357.333 -898.019
75.4851 -357.823 -832.83
38.7379 -351.894 -849.688
101.443 -389.309 -845.808
99.6275 -389.931 -846.123
76.4914 -382.296 -889.359
98.3588 -385.056 -849.798
99.3436 -386.298 -850.41
85.8638 -359.031 -868.739
84.7151 -360.443 -869.032
31.7059 -359.351 -855.126
107.266 -380.221 -884.351
107.236 -378.795 -883.307
30.4346 -358.669 -856.323
106.642 -383.205 -888.297
86.0771 -382.671 -888.568
31.9044 -380.215 -878.125
106.324 -376.343 -892.289
107.363 -375.424 -889.961
12.3794 -386.104 -892.391
106.33 -378.21 -892.086
107.257 -378.669 -890.462
31.6909 -365.366 -833.946
18.3514 -383.494 -891.183
40.7193 -357.843 -889.652
63.8535 -374.202 -905.087
89.3745 -385.709 -888.421
23.602 -360.695 -861.577
105.648 -385.26 -883.181
7.68516 -385.894 -886.351
106.007 -383.203 -891.59
68.8823 -356.396 -857.057
41.1341 -364.338 -827.829
52.4223 -384.821 -889.294
26.1652 -382.133 -844.374
102.762 -387.934 -890.751
30.1322 -359.424 -858.079
60.934 -336.239 -850.257
59.7234 -375.463 -825.066
42.5673 -340.823 -881.125
104.16 -386.395 -891.356
54.6838 -373.525 -824.915
48.0357 -342.322 -852.131
51.6154 -404.083 -884.989
105.09 -384.778 -891.702
105.281 -385.769 -889.983
40.2348 -343.827 -879.58
36.8112 -360.081 -882.024
68.2898 -344.488 -874.996
104.942 -386.344 -887.97
91.4545 -382.812 -873.318
104.726 -371.704 -892.684
35.4565 -349.117 -874.758
57.6122 -404.687 -882.214
21.7756 -386.891 -876.401
37.407 -351.966 -879.488
104.259 -380.83 -892.412
36.5376 -361.229 -900.626
56.4049 -357.356 -841.642
11.1856 -351.233 -838.145
36.3608 -352.326 -878.077
104.555 -378.887 -892.426
35.2087 -345.784 -871.469
67.8959 -357.527 -855.832
52.6358 -402.214 -886.064
78.4335 -357.531 -892.445
101.565 -376.618 -882.875
91.5788 -369.617 -892.176
68.7672 -354.505 -856.918
97.4181 -374.074 -881.207
102.058 -374.196 -880.554
49.1755 -350.705 -887.588
102.546 -375.713 -881.484
52.0472 -340.368 -885.905
41.5269 -347.967 -864.876
67.1831 -359.495 -875.727
46.4093 -341.555 -853.15
34.1779 -348.689 -870.665
59.5255 -357.707 -841.992
107.405 -361.063 -889.795
36.5403 -344.133 -857.061
35.8764 -342.137 -870.424
75.7119 -384.385 -851.406
102.002 -376.372 -891.546
48.0996 -376.101 -877.936
35.3039 -343.504 -869.152
37.7028 -338.838 -856.282
100.615 -375.323 -891.196
41.7313 -336.507 -871.66
100.083 -375.714 -889.517
36.8805 -338.731 -858.192
46.9938 -382.11 -899.036
42.6676 -348.346 -847.339
101.147 -376.698 -888.109
105.709 -382.209 -881.741
65.4618 -374.11 -826.003
105.365 -380.042 -881.352
37.6991 -342.05 -875.144
53.4448 -379.236 -838.546
51.821 -400.521 -886.064
49.8778 -352.45 -888.218
48.1013 -344.619 -845.444
36.1889 -357.195 -852.579
45.3835 -384.68 -855.702
94.3124 -383.84 -882.116
55.9985 -402.453 -886.414
98.9729 -388.123 -881.181
64.7403 -364.205 -853.155
46.6939 -352.74 -843.739
35.2467 -342.296 -865.812
6.54388 -383.326 -841.758
67.8164 -355.685 -855.747
37.2589 -334.571 -863.686
24.4727 -371.717 -838.288
46.7724 -341.591 -846.838
60.9638 -383.992 -842.245
55.9825 -372.264 -824.771
41.9005 -371.004 -864.803
72.6704 -352.723 -848.486
62.3529 -345.058 -879.634
102.061 -381.033 -888.674
8.85136 -363.097 -892.775
101.191 -382.675 -886.276
35.6563 -346.033 -857.874
31.7568 -370.764 -896.486
22.8196 -385.747 -875.763
101.09 -383.193 -890.502
45.066 -356.173 -874.981
37.5015 -343.816 -875.629
71.6298 -392.73 -865.441
35.1852 -343.041 -867.392
36.3632 -346.516 -875.016
101.244 -382.558 -888.406
72.0134 -378.4 -902.474
92.1099 -354.351 -872.329
42.1303 -376.837 -867.829
27.797 -370.029 -837.43
37.2307 -346.671 -876.739
96.4606 -372.254 -892.345
50.8374 -402.284 -885.656
76.2438 -335.613 -865.567
98.7793 -369.988 -892.553
39.3471 -341.263 -877.674
92.0558 -381.571 -891.126
90.9483 -382.46 -892.1
54.7337 -382.124 -896.784
38.4596 -342.685 -876.749
39.0459 -334.125 -866.135
91.0705 -357.209 -871.376
41.7849 -353.477 -884.349
71.4229 -387.188 -864.714
67.7878 -364.45 -826.488
76.9686 -346.779 -857.715
56.0651 -382.199 -897.649
43.6845 -357.633 -845.168
94.4095 -354.515 -879.834
91.9243 -356.167 -874.825
92.5906 -355.44 -876.727
65.3473 -357.814 -901.749
8.22413 -356.903 -848.788
91.0464 -358.023 -878.434
40.3208 -354.252 -883.219
101.293 -356.962 -888.993
53.1222 -382.07 -895.827
6.12335 -383.016 -888.565
42.4384 -356.435 -845.937
53.4873 -403.851 -885.539
71.5756 -341.61 -851.234
89.9273 -362.047 -838.933
69.5739 -351.5 -858.006
19.4085 -353.366 -875.178
74.9236 -380.288 -900.023
103.375 -375.834 -892.443
50.8818 -340.217 -850.666
103.928 -357.937 -892.341
102.541 -361.451 -891.09
100.414 -364.325 -891.101
101.996 -351.127 -888.321
74.1156 -401.459 -876.667
54.8642 -382.274 -890.103
41.8701 -376.922 -865.799
40.027 -358.733 -847.229
64.1094 -341.088 -846.167
42.9864 -337.543 -881.332
102.135 -358.321 -890.163
42.2639 -359.337 -884.916
102.738 -356.482 -892.178
96.6364 -353.614 -892.251
98.3944 -354.29 -891.796
31.1467 -357.87 -878.154
100.261 -353.484 -892.446
49.6269 -376.791 -878.854
76.0187 -336.656 -871.283
41.2189 -358.998 -845.907
69.7466 -339.809 -873.436
52.9662 -358.471 -850.643
84.2037 -368.072 -893.823
87.6929 -364.603 -892.456
57.1077 -370.805 -824.681
45.3053 -359.463 -843.466
90.6082 -363.124 -869.314
45.9452 -386.263 -854.993
104.893 -377.041 -892.563
69.83 -360.714 -859.109
95.4012 -372.048 -872.474
94.5421 -367.314 -871.676
43.8915 -359.1 -844.519
41.6706 -380.634 -864.528
6.15227 -383.096 -886.961
37.909 -353.653 -850.192
70.3932 -363.29 -860.831
48.2089 -352.837 -843.117
56.1435 -359.111 -880.373
91.2267 -362.732 -871.022
31.4894 -381.284 -879.968
16.7258 -354.295 -882.307
56.5509 -389.545 -850.134
50.7518 -380.276 -879.518
37.9579 -387.819 -851.477
19.2089 -365.421 -876.426
56.6498 -373.363 -850.842
47.3804 -348.765 -844.486
58.1349 -372.092 -880.234
43.5206 -339.354 -881.86
49.2772 -378.148 -905.133
59.881 -372.712 -879.945
71.1972 -384.451 -862.648
56.6733 -374.225 -824.897
50.3569 -349.894 -843.154
8.10401 -385.979 -882.971
49.2285 -351.195 -843.126
103.264 -377.662 -892.012
94.4235 -364.929 -881.062
52.1158 -352.796 -842.086
51.0959 -351.279 -842.609
54.713 -381.338 -891.408
41.2043 -335.819 -878.87
20.5332 -364.363 -875.406
61.2774 -359.828 -839.773
34.8663 -392.434 -860.799
61.7652 -352.05 -888.371
37.8294 -379.93 -851.437
93.3656 -363.469 -881.827
39.3516 -402.706 -877.084
89.4221 -361.687 -892.368
92.6517 -360.527 -883.408
106.614 -382.177 -849.228
44.8404 -352.181 -855.62
62.9483 -386.26 -879.14
90.5654 -361.302 -870.279
90.9647 -361.785 -875.706
78.8123 -352.309 -858.82
9.42761 -362.92 -848.859
79.4519 -354.808 -859.859
36.8181 -358.334 -885.547
78.3381 -353.03 -857.063
37.7572 -383.27 -850.938
107.396 -362.595 -890.316
107.478 -360.991 -883.194
106.782 -357.748 -882.33
107.443 -365.838 -883.546
106.648 -365.677 -881.865
29.2404 -381.513 -876.711
78.9531 -355.779 -858.131
107.177 -367.018 -882.394
41.6574 -382.671 -865.015
78.919 -354.065 -858.294
63.2287 -357.905 -878.9
79.8695 -355.361 -861.601
46.2462 -388.188 -876.854
80.1293 -355.921 -863.36
42.765 -352.894 -871.047
43.7768 -357.662 -892.189
105.3 -359.281 -892.326
105.79 -360.792 -892.451
67.2117 -365.784 -855.587
106.743 -361.965 -891.784
60.1298 -365.312 -905.9
67.1146 -357.183 -834.312
106.92 -360.069 -891.414
41.3965 -359.689 -887.105
8.12424 -380.775 -892.499
61.8357 -355.58 -888.763
78.2806 -379.766 -851.989
85.6677 -372.848 -892.889
101.852 -351.013 -886.173
46.0588 -381.369 -854.929
46.607 -373.549 -826.127
47.3058 -334.599 -848.568
79.4993 -360.054 -860.013
105.274 -355.446 -892.032
106.183 -369.142 -880.601
107.119 -368.624 -882.143
107.428 -363.909 -889.667
44.7858 -380.143 -827.971
43.2943 -378.558 -827.48
107.436 -366.933 -889.009
107.423 -367.772 -887.22
80.3849 -361.213 -860.278
84.0711 -376.244 -865.569
48.8747 -346.586 -851.92
107.485 -366.427 -885.526
107.456 -368.59 -885.47
85.2329 -371.212 -892.972
33.8388 -381.389 -895.699
107.475 -367.701 -883.813
61.4322 -380.752 -879.715
101.795 -362.321 -883.628
17.6281 -386.877 -892.262
48.7291 -391.377 -852.239
79.7163 -358.98 -861.323
97.17 -365.001 -882.836
20.6016 -375.468 -877.723
33.1028 -379.98 -879.407
31.8006 -380.796 -895.328
76.7407 -341.639 -861.203
62.2636 -357.68 -895.014
32.9739 -380.216 -896.899
99.2411 -364.84 -882.521
71.6902 -334.682 -854.322
53.7211 -395.807 -850.103
72.5193 -335.802 -853.599
17.381 -388.666 -891.261
105.496 -363.473 -892.571
105.101 -362 -892.609
33.1358 -381.696 -894.321
77.1372 -342.38 -862.79
100.878 -365.652 -892.19
73.8132 -336.589 -854.869
106.435 -367.068 -892.114
76.0348 -357.97 -852.658
77.0397 -343.354 -861.087
71.1648 -404.607 -873.373
16.9114 -366.406 -874.919
102.64 -371.182 -892.692
101.072 -372.459 -892.535
102.807 -366.08 -892.655
76.2065 -343.644 -858.016
88.7412 -379.96 -892.419
61.3808 -366.945 -905.862
79.9889 -387.27 -868.208
104.299 -356.414 -892.594
82.9322 -357.719 -881.899
78.6432 -358.037 -873.639
46.6882 -379.785 -854.387
103.135 -359.535 -891.501
21.8517 -386.835 -878.412
93.8241 -365.593 -876.181
66.3452 -361.222 -876.46
94.9446 -350.689 -891.214
46.2448 -384.568 -854.679
75.6394 -344.077 -856.384
19.6479 -374.404 -873.3
26.4403 -370.083 -862.762
60.8272 -379.057 -879.856
106.327 -369.738 -850.918
63.849 -364.371 -905.365
65.3837 -335.3 -847.828
32.0691 -381.945 -887.994
93.6925 -355.547 -891.835
44.1836 -355.024 -873.722
44.3692 -353.116 -873.956
90.5986 -378.363 -875.368
90.8043 -355.973 -892.41
91.1334 -354.057 -892.176
92.2083 -355.231 -892.451
90.9808 -358.066 -892.155
56.7951 -355.504 -841.532
98.2187 -352.693 -892.543
36.7625 -359.354 -883.779
52.3306 -402.644 -845.706
69.7539 -362.454 -859.299
90.9717 -377.192 -876.763
47.8406 -376.75 -825.858
33.9161 -381.925 -886.85
58.5034 -334.502 -848.672
55.2641 -377.999 -850.57
96.0068 -350.079 -890.017
96.2675 -350.021 -888.359
61.5638 -343.61 -879.997
93.2026 -362.206 -886.812
64.6083 -342.69 -878.626
92.8729 -361.244 -885.07
82.1961 -374.846 -896.076
78.3577 -354.895 -856.576
92.6386 -361.073 -889.905
93.1167 -362.8 -890.503
85.0619 -382.407 -882.387
24.8945 -379.805 -862.125
41.1965 -350.758 -847.641
107.007 -370.67 -881.88
92.664 -359.407 -889.009
92.7631 -361.023 -888.238
28.3265 -381.85 -882.358
5.44425 -380.434 -884.619
91.7023 -357.297 -879.811
6.01275 -381.773 -840.909
47.2118 -385.312 -853.69
48.553 -384.084 -852.669
28.4254 -381.854 -880.449
86.3251 -382.75 -880.796
73.9456 -349.487 -851.018
74.1174 -351.218 -850.523
43.3677 -381.904 -834.375
85.5399 -373.134 -865.756
77.1507 -341.995 -867.773
74.0196 -352.861 -849.86
93.417 -356.789 -882.286
92.7284 -358.556 -883.019
93.5334 -357.322 -884.084
45.2659 -354.25 -875.191
57.0748 -403.61 -885.946
28.7394 -381.776 -878.563
43.283 -375.113 -827.09
35.4887 -359.166 -850.271
49.268 -397.508 -846.118
68.122 -352.013 -845.172
67.4353 -376.631 -855.565
45.1666 -396.885 -854.987
79.5721 -387.847 -870.118
41.9877 -372.447 -866.052
41.245 -398.82 -869.721
95.8428 -375.236 -887.431
5.2831 -377.447 -888.889
70.0618 -335.875 -873.843
82.5222 -382.321 -888.954
96.5575 -355.364 -889.092
94.6322 -356.239 -888.919
95.1349 -355.612 -890.568
96.7437 -354.86 -891.019
93.6875 -356.763 -890.529
25.6411 -382.516 -842.786
92.3812 -356.79 -891.914
71.521 -355.8 -847.091
73.0452 -355.895 -848.461
32.8674 -355.391 -870.722
92.5884 -358.154 -890.742
84.5591 -357.605 -881.362
91.9903 -361.517 -891.4
28.4181 -380.23 -837.21
68.1287 -347.203 -855.815
20.7144 -381.474 -891.614
91.9982 -359.684 -891.092
39.6138 -404.651 -865.916
36.9625 -339.7 -873.022
30.5094 -380.671 -836.689
40.0414 -404.161 -864.32
83.2182 -382.277 -882.217
70.5288 -359.565 -846.341
7.82821 -362.05 -848.805
46.4593 -396.931 -853.702
5.30997 -378.003 -886.881
23.3886 -379.855 -892.366
93.9295 -356.843 -887.211
92.9777 -358.418 -887.098
93.3477 -357.627 -888.922
8.25252 -369.933 -879.118
56.1443 -380.575 -835.77
41.0043 -400.715 -869.445
33.4439 -378.802 -877.654
34.2197 -380.713 -881.996
62.1771 -395.153 -845.017
54.7834 -381.407 -893.21
35.5215 -340.248 -866.045
5.4439 -377.895 -890.69
99.6226 -351.616 -892.28
40.7589 -402.63 -869.019
99.4176 -350.166 -889.332
88.6869 -384.586 -872.465
62.5134 -362.146 -851.714
55.9314 -357.979 -895.452
97.9395 -351.189 -892.272
5.86769 -380.964 -891.042
33.1123 -360.657 -832.668
35.4768 -360.393 -879.276
68.8093 -360.203 -843.671
48.7202 -367.468 -852.79
58.0398 -381.397 -891.498
103.291 -356.491 -881.426
101.481 -356 -882.055
45.3557 -364.294 -826.343
100.584 -354.524 -881.554
95.87 -353.992 -880.718
19.9891 -378.903 -884.411
68.4569 -382.3 -897.778
95.4618 -352.868 -879.316
94.5314 -353.625 -878.394
94.7064 -351.965 -877.963
69.6215 -364.296 -859.277
88.8365 -384.739 -876.162
96.6557 -352.284 -880.286
98.1955 -351.854 -881.001
66.0896 -357.348 -835.895
65.1658 -359.233 -840.248
99.5128 -353.139 -881.242
33.0389 -356.742 -859.513
45.7778 -398.797 -854.184
104.579 -353.15 -886.856
104.364 -353.786 -891.756
90.0334 -386.275 -877.188
65.2785 -360.585 -889.221
88.4818 -355.462 -877.397
57.7696 -397.332 -844.829
48.6909 -401.791 -846.629
14.5429 -383.776 -839.742
94.7079 -350.371 -881.358
94.704 -350.254 -883.575
33.6586 -350.333 -860.491
91.9539 -351.598 -884.24
33.6708 -351.632 -859.072
41.3126 -400.113 -860.965
43.785 -379.968 -888.864
32.9805 -381.015 -881.112
66.4643 -357.139 -832.555
48.6497 -394.56 -879.051
43.2785 -343.596 -857.12
90.0958 -353.246 -878.342
89.05 -354.481 -873.533
42.0035 -379.769 -886.892
51.8037 -378.625 -841.618
107.538 -379.247 -845.396
68.4003 -360.05 -874.217
88.5478 -355.22 -871.838
33.2668 -354.881 -858.699
29.922 -358.263 -873.116
51.6747 -369.896 -879.535
40.5773 -380.615 -887.811
5.6607 -369.006 -891.225
36.2716 -342.694 -872.133
14.1239 -387.167 -892.34
47.0428 -399.84 -852.978
37.7327 -404.792 -869.761
41.0625 -355.074 -846.953
90.0156 -360.077 -869.399
90.3358 -358.189 -869.855
60.9304 -357.302 -899.61
69.3501 -366.377 -858.929
60.1206 -354.695 -889.052
35.6081 -341.655 -868.714
42.2141 -380.325 -888.508
35.4741 -341.382 -867.173
70.3601 -368.074 -861.241
29.9563 -359.324 -871.519
107.43 -366.22 -887.358
35.8886 -344.063 -858.857
89.8835 -354.756 -870.81
89.6243 -353.958 -872.094
34.3138 -349.928 -858.466
29.7216 -360.677 -870.287
40.5975 -403.643 -862.609
92.4209 -351.715 -876.088
91.5147 -351.859 -877.922
69.5008 -353.555 -872.922
34.5051 -378.018 -831.675
93.5372 -354.151 -838.994
37.5458 -350.941 -851.521
40.5889 -402.312 -863.755
77.8589 -344.673 -865.45
20.8234 -375.658 -874.006
5.27657 -378.513 -885.036
93.8647 -352.314 -876.187
45.6936 -349.966 -844.909
27.4988 -357.319 -870.28
15.6809 -386.194 -892.319
20.409 -374.622 -854.797
47.293 -401.663 -852.611
50.6255 -373.441 -879.209
17.8455 -371.873 -857.847
37.3685 -352.426 -851.158
70.0232 -369.782 -860.489
36.7187 -347.33 -854.664
60.0512 -352.477 -888.779
93.2671 -351.22 -877.654
33.693 -348.243 -865.084
9.13076 -359.787 -892.246
46.4815 -381.896 -835.865
35.9937 -349.141 -854.943
77.1255 -374.231 -899.793
80.1012 -379.259 -897.439
20.0692 -379.776 -844.541
89.5321 -361.983 -868.758
36.5656 -350.224 -853.328
40.9538 -405.171 -858.237
80.5037 -381.361 -878.511
81.6083 -378.084 -896.704
25.3351 -374.559 -837.989
78.7677 -376.842 -898.915
72.8939 -375.624 -902.293
36.363 -351.959 -852.8
74.1284 -374.582 -901.675
41.4821 -368.378 -827.519
58.1666 -382.497 -890.015
53.6331 -401.312 -849.847
35.3998 -351.176 -854.903
71.113 -375.162 -903.054
70.574 -356.145 -870.897
52.2312 -374.012 -879.773
85.9859 -382.726 -872.625
70.5034 -371.161 -861.684
78.4153 -347.348 -862.986
77.4582 -345.254 -860.739
98.5377 -373.579 -879.809
32.7406 -353.817 -861.424
102.014 -370.535 -877.133
101.198 -372.22 -877.458
81.7695 -381.358 -873.264
77.0266 -381.775 -879.701
104.054 -360.959 -892.311
77.665 -357.456 -842.086
78.9345 -384.893 -873.94
57.5942 -380.209 -880.578
102.121 -364.338 -892.16
102.787 -371.854 -878.259
79.0547 -386.612 -873.103
12.1552 -373.203 -837.993
76.9252 -345.333 -858.76
77.5951 -385.82 -876.768
71.6262 -360.683 -902.641
69.2599 -360.392 -872.876
93.0717 -365.563 -857.791
92.7594 -364.805 -877.515
54.5045 -363.261 -850.648
93.6596 -365.47 -874.18
41.7096 -379.863 -866.113
58.3319 -335.658 -845.527
100.628 -370.715 -892.595
98.2228 -366.765 -877.638
13.8808 -385.245 -892.09
102.017 -361.785 -885.573
21.9611 -377.351 -855.276
102.452 -359.727 -887.631
33.1913 -350.068 -865.498
52.3604 -402.808 -850.074
102.231 -361.186 -887.586
102.756 -359.392 -882.613
61.3941 -382.062 -831.298
66.3508 -369.476 -876.216
31.45 -360.184 -856.824
71.1248 -386.508 -869.31
33.2447 -350.245 -867.499
41.7362 -378.622 -865.039
69.9918 -355.878 -845.951
43.6544 -350.088 -872.849
102.359 -360.199 -889.491
43.7345 -396.462 -848.896
32.4967 -355.25 -862.433
61.3978 -382.021 -894.522
102.914 -381.39 -891.64
74.9309 -354.485 -850.614
32.3215 -355.014 -864.201
28.8885 -357.822 -871.548
102.37 -360.65 -884.017
7.31234 -364.327 -892.787
7.5091 -366.418 -892.798
64.2982 -375.217 -877.981
61.9611 -396.616 -886.214
71.2255 -352.566 -847.225
45.2685 -379.387 -855.844
32.6245 -357.32 -861.634
59.7557 -381.837 -894.189
40.0691 -371.439 -828.243
32.3438 -358.993 -863.232
34.6515 -349.389 -872.962
33.8473 -350.588 -871.494
45.7257 -349.689 -854.273
53.2601 -373.063 -851.136
36.1045 -349.63 -876.38
77.0436 -340.175 -867.476
34.2252 -351.31 -873.3
77.4302 -343.774 -868.334
30.2061 -379.62 -895.345
77.4863 -343.292 -866.546
47.6622 -393.198 -878.294
37.646 -335.397 -858.456
68.7163 -339.423 -855.56
44.9729 -404.16 -853.971
41.5559 -370.409 -827.56
68.1461 -341.277 -855.215
49.4439 -405.121 -850.094
59.0142 -339.657 -880.794
23.4847 -360.635 -892.515
33.5319 -348.952 -866.648
69.2705 -342.361 -856.654
34.2486 -347.211 -868.948
77.3655 -385.579 -853.92
69.2502 -335.727 -855.421
70.6748 -347.781 -871.021
34.3093 -358.797 -874.368
34.9796 -359.531 -876.037
74.1976 -338.292 -854.975
73.0986 -337.48 -853.439
71.6587 -336.616 -851.968
70.4731 -402.938 -873.55
36.9697 -357.374 -833.678
102.142 -358.446 -888.341
98.4439 -354.321 -839.682
21.0503 -365.041 -892.282
77.4235 -350.027 -856.528
77.6683 -351.86 -855.981
35.7612 -358.564 -877.404
44.0511 -381.819 -857.502
71.7157 -347.101 -867.696
66.9704 -336.339 -848.108
94.0498 -366.154 -854.751
68.9874 -339.327 -849.039
68.051 -337.783 -848.438
71.3612 -339.757 -851.183
75.413 -359.481 -851.423
44.1625 -380.033 -857.271
62.6065 -360.022 -851.649
65.6395 -345.794 -845.691
68.3933 -334.622 -850.865
17.855 -365.749 -879.486
33.6355 -359.602 -856.921
68.8217 -346.441 -847.332
34.137 -357.792 -856.313
67.4278 -347.047 -846.247
67.2973 -345.233 -846.74
34.286 -355.911 -855.727
53.029 -393.861 -850.324
33.8884 -354.491 -856.825
51.5965 -337.044 -845.45
64.4915 -342.685 -846.051
35.0862 -357.137 -854.352
75.6116 -356.154 -851.543
18.3783 -373.585 -874.27
52.2958 -392.004 -850.592
104.153 -369.909 -892.726
72.0814 -343.409 -851.281
102.064 -387.543 -849.865
57.7124 -365.91 -824.798
71.7323 -350.81 -848.186
32.9301 -358.601 -860.074
34.1857 -346.442 -865.282
47.4568 -392.22 -853.154
33.4397 -358.152 -858.193
45.2144 -369.961 -856.088
78.2178 -383.929 -855.441
21.5081 -364.164 -869.942
43.4447 -372.14 -858.698
83.5058 -382.284 -887.309
76.6805 -339.974 -861.42
22.5573 -360.13 -870.768
40.5888 -404.642 -854.673
74.5092 -341.769 -855.231
59.521 -369.105 -824.804
73.8539 -360.095 -846.725
33.9197 -356.991 -838.37
77.3113 -360.649 -853.443
42.0516 -397.033 -859.502
27.0587 -367.034 -864.519
42.8784 -366.836 -860.01
26.9122 -365.401 -865.86
42.2304 -372.739 -861.743
27.4173 -364.827 -864.041
105.898 -372.436 -838.881
48.8311 -369.216 -852.787
50.5754 -402.521 -850.701
34.1838 -357.144 -836.554
64.1864 -387.695 -888.003
12.0019 -384.059 -891.837
49.6281 -385.358 -851.936
34.0587 -347.298 -863.239
51.9712 -389.764 -888.29
41.492 -353.352 -846.733
32.3449 -357.701 -836.071
42.347 -367.636 -861.458
59.3345 -385.054 -842.049
79.6079 -386.48 -871.26
70.397 -360.34 -844.716
50.1226 -400.89 -850.98
76.571 -341.597 -870.56
29.4558 -362.485 -867.276
49.0093 -388.016 -852.201
80.24 -360.958 -874.518
79.4894 -357.654 -886.471
81.1285 -361.028 -872.755
48.4875 -400.465 -851.896
42.7239 -368.856 -860.379
81.6288 -359.963 -874.009
85.299 -374.858 -866.532
34.979 -348.131 -858.023
30.8027 -361.837 -865.924
42.7537 -371.934 -860.157
43.1387 -370.393 -859.388
69.1682 -346.149 -856.955
50.1107 -386.864 -851.632
42.4392 -370.72 -861.105
83.9866 -362.384 -862.766
82.9989 -362.853 -864.039
100.532 -389.375 -884.184
42.0105 -371.006 -862.908
32.333 -355.724 -867.319
34.5755 -345.252 -863.852
80.9887 -361.645 -862.005
78.0372 -381.765 -855.423
32.6315 -357.181 -837.465
50.778 -388.553 -851.253
81.5135 -362.081 -863.835
65.7139 -363.233 -853.954
29.2051 -362.72 -865.431
48.2529 -398.758 -852.191
30.9341 -357.615 -837.345
80.0825 -353.783 -866.343
30.5316 -361.988 -864.101
91.5592 -376.15 -873.179
54.0245 -339.953 -849.95
107.714 -364.082 -847.245
78.6689 -360.816 -875.108
79.5001 -360.834 -873.053
42.7991 -397.698 -858.011
31.6144 -361.371 -861.198
48.1211 -380.072 -853.195
31.71 -360.968 -862.942
78.7999 -354.623 -873.343
79.1884 -357.416 -872.172
15.6268 -374.169 -844.651
79.7067 -357.164 -870.129
27.2391 -371.571 -863.843
32.0677 -357.34 -893.075
79.8246 -359.151 -869.677
77.0554 -381.539 -853.632
60.9252 -396.582 -845.084
17.5284 -374.574 -843.876
80.1692 -358.159 -865.909
33.0272 -351.424 -868.433
80.2087 -359.512 -864.738
17.0929 -374.4 -845.64
80.1292 -357.71 -863.979
54.5915 -389.219 -850.22
65.0571 -368.626 -877.383
80.185 -354.753 -864.775
52.6621 -388.915 -850.588
76.5077 -379.568 -851.307
73.6813 -357.628 -849.386
49.5417 -380.622 -852.216
80.0229 -356.273 -868.382
41.5807 -342.376 -861.312
36.9478 -359.478 -830.761
69.3029 -358.844 -873.028
90.8525 -358.35 -859.414
48.9997 -398.962 -846.402
37.3629 -335.084 -860.516
45.9727 -400.962 -853.774
64.6393 -365.748 -853.129
42.1515 -373.807 -867.474
16.9147 -374.124 -847.314
90.5036 -359.136 -860.833
99.9602 -386.304 -881.199
92.6121 -353.129 -857.77
61.7393 -393.17 -887.22
71.5534 -391.464 -882.519
48.9518 -381.977 -834.077
42.5815 -376.435 -860.446
107.334 -379.322 -888.577
80.9129 -382.304 -885.592
52.9774 -367.992 -824.756
55.7767 -345.27 -887.242
19.3563 -354.66 -849.791
60.3125 -344.808 -880.244
23.5581 -358.849 -861.601
81.5791 -382.347 -890.264
51.4076 -378.948 -825.701
33.8601 -357.715 -834.917
19.0673 -356.308 -886.243
51.9485 -387.246 -850.852
107.456 -375.364 -884.846
22.3209 -365.349 -868.883
102.009 -388.79 -885.061
36.0803 -358.437 -832.224
80.5341 -357.64 -885.76
63.6407 -365.785 -878.437
103.119 -388.088 -886.306
103.928 -387.419 -887.639
54.0735 -384.248 -850.391
104.385 -386.997 -886.012
53.0792 -385.801 -850.564
102.845 -386.699 -892.11
80.6259 -382.365 -888.915
42.0623 -387.553 -869.955
51.224 -385.606 -851.171
92.6413 -361.497 -840.32
104.518 -386.327 -882.6
102.955 -387.218 -882.034
72.9796 -382.054 -890.194
64.3699 -405.042 -880.62
41.144 -395.253 -866.837
79.2299 -351.969 -860.64
52.224 -384.152 -850.836
97.0976 -387.813 -880.272
42.4989 -404.565 -874.965
43.5885 -352.968 -845.351
51.2933 -382.872 -851.197
89.9117 -385.901 -872.332
41.6762 -374.449 -827.695
41.5964 -334.778 -872.947
92.0007 -388.162 -884.751
48.8371 -402.175 -851.562
92.7408 -388.664 -882.977
95.1911 -389.474 -881.006
21.1536 -387.522 -886.8
70.4616 -382.328 -894.876
92.9866 -372.182 -870.138
101.951 -388.553 -883.038
41.0522 -397.927 -868.266
50.3612 -384.078 -851.602
35.8368 -384.329 -877.724
96.6695 -375.052 -889.038
67.0633 -401.449 -877.527
5.46981 -363.669 -845.652
25.0743 -359.728 -892.691
15.2577 -373.704 -848.026
92.7493 -378.506 -884.46
53.7239 -356.925 -880.149
92.6121 -384.768 -873.546
94.3356 -363.879 -889.583
13.7251 -373.453 -848.8
76.4277 -338.338 -870.805
12.5235 -372.962 -849.897
46.9503 -389.037 -853.777
94.8153 -365.927 -891.798
94.0832 -367.566 -892.298
77.3575 -358.132 -896.81
58.584 -346.032 -887.338
50.8919 -381.687 -889.871
47.5927 -354.713 -877.541
92.0264 -375.89 -891.765
45.2671 -340.419 -854.028
86.464 -381.928 -891.813
33.8049 -367.629 -832.695
41.8214 -356.97 -834.001
58.8364 -394.434 -844.2
41.7856 -356.97 -835.92
89.3453 -384.777 -891.341
88.4383 -384.488 -889.567
21.3883 -375.949 -853.976
48.136 -393.364 -852.544
93.0992 -351.14 -890.644
15.4309 -372.965 -849.733
87.9995 -383.335 -891.319
8.17024 -366.183 -837.313
63.1038 -357.107 -832.265
48.8987 -394.508 -851.96
82.8854 -381.711 -892.858
84.6251 -381.736 -892.182
79.3515 -383.243 -858.665
74.7621 -358.574 -899.358
88.0989 -381.712 -892.265
43.1813 -375.316 -859.121
14.0403 -370.174 -837.618
35.4784 -356.97 -839.393
71.7319 -348.904 -866.592
90.8815 -366.317 -892.175
70.2032 -368.206 -903.753
96.8652 -350.394 -891.315
68.0578 -364.576 -856.642
33.4188 -349.458 -863.676
91.0371 -374.407 -892.17
90.7779 -371.299 -892.11
56.0519 -358.187 -850.389
71.3325 -357.545 -863.043
30.6026 -357.192 -849.03
86.9528 -380.071 -892.633
28.7213 -357.062 -850.093
87.6221 -378.293 -892.589
89.7629 -378.221 -892.196
102.347 -374.279 -850.997
53.9021 -390.959 -880.799
52.5867 -356.997 -831.582
54.5782 -357.019 -831.616
88.4112 -376.577 -892.341
89.4664 -354.635 -849.833
15.1368 -388.712 -848.066
89.0789 -374.701 -892.182
85.6709 -369.358 -892.743
6.1168 -382.184 -842.752
12.2346 -353.749 -848.731
65.6357 -400.811 -878.566
11.1701 -355.289 -848.371
6.06704 -370.294 -838.482
84.0499 -357.661 -885.893
66.0196 -402.704 -878.463
38.7031 -357.185 -891.836
76.8349 -367.744 -900.028
5.98304 -368.278 -838.783
15.4661 -349.074 -844.925
50.4035 -370.481 -825.299
53.0787 -405.006 -884.277
82.7772 -376.749 -895.819
84.1381 -377.394 -894.6
43.8719 -358.679 -873.134
71.4871 -355.851 -866.192
80.1164 -377.61 -897.93
89.9108 -386.253 -886.762
92.1776 -383.8 -876.468
5.44146 -376.519 -843.885
61.6422 -357.121 -833.026
102.65 -369.196 -838.748
87.1889 -383.247 -875.921
86.601 -382.938 -874.204
5.50265 -377.844 -842.955
41.6141 -372.423 -827.684
79.0344 -388.303 -859.585
64.2281 -373.329 -878.013
87.5183 -383.457 -877.606
89.9056 -386.109 -879.027
89.8134 -386.011 -881.03
90.6698 -387.031 -881.824
51.3138 -393.42 -850.83
6.43933 -381.668 -847.717
88.6365 -384.484 -884.081
87.8136 -383.612 -881.236
89.2965 -385.387 -885.395
89.8322 -386.041 -883.265
107.7 -361.641 -844.802
20.7234 -375.907 -849.668
44.8175 -374.051 -826.598
87.3494 -383.221 -884.474
86.0201 -382.7 -879.007
56.6755 -376.338 -824.919
93.3905 -386.518 -874.748
21.5943 -377.473 -850.218
91.0177 -384.319 -870.417
47.0352 -395.057 -877.971
63.5606 -403.444 -880.107
90.6878 -382.323 -870.132
55.064 -341.738 -886.429
44.5452 -366.536 -873.612
23.6728 -372.096 -862.078
107.66 -359.847 -843.484
23.0233 -370.757 -861.968
49.1337 -395.983 -851.778
24.761 -370.521 -862.201
50.8796 -396.54 -850.889
48.1941 -338.557 -846.386
51.289 -399.724 -850.574
46.7574 -393.71 -853.669
25.2437 -377.084 -892.682
61.876 -402.881 -880.712
88.9942 -355.26 -851.502
78.3576 -357.541 -889.578
43.214 -373.19 -827.106
48.8247 -365.813 -878.231
102.232 -352.781 -849.89
11.1608 -381.756 -889.444
75.227 -336.324 -873.142
23.9693 -367.414 -861.875
24.1824 -373.759 -862.108
60.1165 -387.153 -880.264
96.176 -386.225 -880.239
22.8178 -375.205 -861.741
53.6414 -345.609 -850.512
42.8345 -401.235 -857.382
46.1376 -380.661 -844.526
44.3691 -362.012 -857.204
93.3452 -387.882 -876.016
85.2782 -382.332 -843.269
89.6231 -383.518 -869.461
91.5738 -387.716 -876.436
27.7352 -379.071 -861.656
25.1686 -357.606 -892.344
26.1559 -378.441 -862.115
89.8128 -354.147 -852.04
90.3332 -386.571 -875.434
89.3808 -385.453 -874.195
55.0369 -377.293 -825.012
42.7146 -354.662 -845.707
31.9851 -357.727 -880.854
63.467 -380.933 -839.055
91.2397 -387.618 -886.467
68.3563 -358.276 -874.447
92.8419 -388.709 -886.296
92.7785 -374.778 -872.826
58.8139 -353.628 -889.14
80.3939 -381.638 -880.45
81.3015 -382.078 -882.194
46.1048 -351.693 -854.03
73.8495 -342.815 -853.796
101.261 -373.506 -852.258
24.1707 -371.557 -892.076
44.395 -358.842 -856.884
17.7186 -385.913 -852.416
6.65471 -383.467 -840.249
17.2279 -387.098 -851.464
16.882 -385.425 -850.397
79.04 -381.319 -877.317
36.0501 -357.119 -835.478
18.0787 -383.981 -849.448
66.8485 -366.884 -904.776
70.2405 -394.517 -858.953
90.6789 -381.565 -858.394
86.0922 -382.525 -848.092
55.6691 -357.3 -880.32
48.8574 -370.996 -852.809
42.027 -370.952 -866.487
43.9137 -338.683 -874.821
47.8894 -361.917 -877.608
90.3117 -353.452 -856.125
35.6488 -342.146 -861.604
98.4183 -373.443 -853.317
61.0844 -361.609 -879.695
19.7326 -383.792 -852.511
63.5936 -382.033 -835.61
30.125 -378.773 -859.773
79.609 -387.552 -861.207
30.9995 -366.8 -834.8
59.9842 -374.945 -905.728
61.1387 -376.623 -905.589
42.9025 -360.405 -859.72
79.5263 -381.565 -875.533
82.4267 -381.569 -876.174
68.5072 -350.778 -856.488
34.4221 -378.836 -876.041
76.3043 -381.603 -881.577
63.3897 -378.975 -904.885
60.8818 -344.153 -851.112
76.6061 -383.277 -878.823
77.4414 -383.836 -877.216
17.4578 -374.746 -887.294
78.0935 -389.596 -873.761
79.0024 -389.666 -870.535
65.1864 -379.344 -904.332
76.0344 -394.211 -875.386
77.1568 -390.536 -875.353
11.8092 -366.258 -879.481
17.6592 -354.481 -839.515
79.3142 -390.157 -867.235
85.2728 -382.319 -846.616
49.8806 -376.554 -852.278
43.3744 -358.911 -858.596
50.9339 -379.556 -851.588
78.9197 -383.027 -874.617
106.673 -360.701 -849.767
8.24593 -373.84 -880.746
77.905 -395.313 -867.351
66.2229 -376.4 -904.632
73.3897 -382.259 -883.413
64.0285 -346.354 -886.148
60.873 -382.304 -842.302
62.5163 -362.771 -879.086
21.3128 -356.432 -850.939
72.8965 -404.063 -877.09
104.899 -360.576 -850.155
99.1537 -371.37 -875.324
62.8667 -398.02 -885.677
15.1694 -373.248 -880.03
77.9853 -357.912 -875.163
60.5834 -345.696 -851.202
23.985 -375.138 -892.305
59.1943 -390.094 -880.629
34.4084 -345.933 -867.329
49.2639 -362.738 -878.519
74.0242 -389.509 -880.757
97.8638 -372.619 -839.181
72.5258 -392.546 -881.178
71.8148 -394.347 -881.214
22.0863 -375.078 -892.142
80.9488 -378.438 -863.502
77.8753 -382.182 -843.843
61.8971 -374.717 -905.456
75.829 -384.734 -879.791
24.8243 -381.292 -892.161
23.1676 -376.796 -892.278
74.6498 -382.585 -881.889
107.423 -362.477 -848.748
63.1998 -375.958 -905.265
107.617 -360.834 -848.238
64.9974 -385.9 -887.985
70.4738 -386.954 -884.862
69.804 -388.758 -884.844
106.467 -384.265 -842.859
20.3212 -375.24 -891.62
71.2944 -355.9 -863.049
65.5376 -382.305 -896.325
63.6373 -382.304 -896.823
64.4 -382.18 -894.975
69.7409 -382.048 -899.357
71.713 -381.895 -898.899
65.111 -380.669 -839.928
79.3126 -385.203 -858.519
35.4256 -358.238 -884.275
71.147 -382.266 -896.778
9.29613 -364.803 -849.438
76.4107 -382.317 -893.237
78.3866 -382.078 -845.355
73.2867 -382.305 -891.982
75.3812 -382.264 -894.468
34.3623 -383.59 -874.925
48.201 -373.895 -905.068
74.4285 -381.916 -897.437
38.699 -375.247 -828.971
77.2875 -382.034 -894.952
74.0587 -382.221 -895.797
59.1607 -340.605 -844.873
23.9486 -378.305 -892.436
46.6152 -357.777 -901.866
13.7887 -385.634 -881.035
40.9479 -334.998 -870.987
66.1028 -343.528 -884.405
76.0282 -358.279 -898.052
55.3728 -345.552 -850.458
75.5994 -357.67 -896.308
53.6065 -371.167 -851.082
52.6282 -344.432 -880.43
40.4802 -335.162 -869.07
10.8785 -384.36 -881.219
78.4567 -360.409 -898.786
12.0734 -385.854 -881.053
70.0145 -359.789 -871.603
49.2783 -392.603 -879.273
107.154 -359.019 -849.173
66.0477 -401.248 -884.215
49.7995 -374.528 -905.366
74.3418 -362.785 -901.796
75.7377 -361.933 -900.958
11.6634 -387.476 -881.513
56.8851 -347.003 -850.599
10.4882 -386.443 -881.489
58.738 -346.346 -850.832
81.6927 -360.711 -896.459
80.3882 -359.215 -896.34
9.26847 -386.948 -882.831
80.2138 -360.589 -897.606
7.67221 -384.648 -882.207
65.7077 -380.845 -903.153
55.8046 -343.687 -850.346
62.223 -346.617 -851.856
78.801 -363.506 -899.066
69.6737 -390.638 -847.205
41.908 -351.696 -868.336
57.4208 -343.582 -850.451
78.3163 -362.001 -899.411
81.241 -362.3 -897.268
11.8978 -383.037 -882.436
79.7044 -362.105 -898.433
86.7709 -361.019 -892.866
55.3591 -357.162 -833.107
87.164 -358.999 -892.465
76.8613 -350.679 -854.911
73.4115 -393.641 -879.737
10.4877 -382.485 -881.658
92.687 -360.191 -886.825
42.5115 -358.355 -845.68
73.7419 -395.243 -878.599
76.3557 -345.224 -873.76
58.2324 -393.049 -843.766
52.0349 -371.266 -851.421
9.98338 -380.645 -882.115
73.6352 -367.016 -902.193
58.6023 -376.402 -850.81
62.6082 -360.887 -879.119
67.4995 -338.742 -883.038
55.8751 -340.384 -849.96
43.3734 -377.085 -858.647
56.632 -342.094 -850.232
83.7114 -357.767 -855.294
66.0789 -368.42 -904.994
22.1006 -380.638 -871.034
58.5455 -342.396 -850.466
107.66 -359.667 -845.402
106.281 -380.398 -849.935
64.6221 -370.793 -905.088
73.5535 -383.919 -882.571
64.1835 -389.787 -844.113
57.5025 -371.552 -906.153
79.5487 -382.263 -843.74
107.679 -359.337 -847.365
39.284 -352.946 -881.982
57.7031 -368.286 -906.136
52.3399 -404.601 -881.726
59.5935 -371.664 -905.986
42.5316 -358.81 -860.392
71.5104 -382.314 -865.779
87.137 -364.812 -868.222
58.7307 -369.977 -906.141
72.9389 -347.596 -880.413
55.6508 -380.747 -826.733
63.0128 -401.556 -880.127
39.6046 -353.744 -848.343
53.4262 -336.948 -885.876
65.8569 -381.815 -901.515
41.9752 -358.336 -862.133
42.5757 -388.28 -871.663
67.2071 -343.392 -847.237
67.2692 -381.918 -900.882
58.3869 -355.21 -889.276
71.3655 -380.119 -843.516
7.39394 -378.949 -892.515
62.6049 -381.428 -903.066
46.6602 -344.792 -884.838
58.6454 -379.6 -905.164
61.5713 -378.563 -905.307
60.3658 -379.872 -904.877
59.74 -378.164 -905.597
59.6682 -404.939 -882.163
66.2587 -372.042 -904.735
65.8927 -373.704 -904.697
67.1374 -374.975 -904.398
72.8002 -379.856 -844.91
59.4797 -405.014 -848.873
58.7389 -391.731 -843.465
12.2232 -382.847 -888.202
62.2464 -344.876 -851.676
84.9106 -357.431 -857.083
27.3467 -356.901 -885.126
49.9706 -376.55 -905.4
49.6332 -372.892 -905.402
74.5423 -380.857 -845.037
63.0916 -354.443 -888.395
29 -357.131 -887.584
52.3966 -379.149 -905.197
13.1763 -383.412 -885.177
52.1379 -376.962 -905.659
43.379 -379.002 -858.535
43.9956 -356.877 -873.462
28.2857 -360.754 -869.227
55.5139 -349.91 -850.513
107.11 -356.566 -845.375
75.7277 -380.555 -846.596
70.4918 -370.238 -903.608
71.1412 -372.031 -903.193
58.5968 -348.111 -850.868
76.729 -380.178 -848.276
27.0127 -356.758 -874.252
32.5391 -379.079 -869.372
56.6043 -392.223 -843.485
41.729 -359.337 -863.395
107.469 -358.173 -844.342
67.5027 -369.06 -904.677
67.8178 -371.164 -904.495
69.0281 -369.776 -904.203
31.8997 -378.197 -867.899
77.1922 -357.357 -854.415
107.51 -357.95 -846.349
69.4226 -371.813 -903.91
43.3599 -381.023 -858.608
56.9143 -348.866 -850.601
68.0476 -373.248 -904.222
80.1638 -366.697 -897.435
81.3438 -367.522 -896.309
30.8219 -357.168 -886.838
79.0585 -366.956 -898.266
81.302 -373.101 -896.443
58.6765 -349.965 -850.88
67.146 -364.902 -904.573
50.4326 -378.96 -842.28
107.515 -358.271 -842.326
75.533 -373.63 -900.849
76.7589 -372.499 -899.943
58.9084 -352.008 -850.884
46.5576 -385.902 -844.168
78.5704 -380.384 -897.625
90.466 -379.104 -872.348
107.634 -359.801 -841.417
60.6223 -339.379 -845.171
76.3879 -349.409 -876.259
32.3936 -378.64 -870.778
92.0069 -379.94 -890.774
65.4544 -335.79 -883.402
61.722 -341.307 -851.131
41.7045 -360.772 -864.035
10.3304 -378.884 -888.927
57.2551 -350.889 -850.598
54.6556 -360.698 -889.939
93.5034 -382.593 -887.243
70.5134 -405.162 -878.181
70.1845 -343.192 -872.296
67.9992 -340.75 -882.773
30.6246 -357.159 -888.581
52.8342 -334.22 -848.164
86.5119 -360.844 -868.332
18.8183 -352.317 -876.361
85.2664 -366.375 -865.021
82.0552 -361.111 -871.302
59.9361 -396.659 -886.642
83.7557 -361.907 -869.07
82.2945 -361.82 -869.865
56.0012 -352.022 -850.488
10.4138 -377.986 -887.001
89.0902 -363.904 -868.454
87.4694 -362.72 -868.336
64.6222 -351.071 -853.112
88.6764 -365.8 -868.384
90.0208 -366.817 -868.501
10.3566 -379.97 -887.25
10.3853 -378.323 -884.846
93.759 -382.821 -885.734
10.4154 -380.082 -884.074
90.8038 -373.831 -868.821
65.5003 -372.375 -877.022
70.7289 -346.216 -870.954
91.5408 -374.925 -869.788
91.3812 -352.433 -843.949
44.6347 -350.265 -885.435
10.3232 -380.172 -890.519
55.3727 -377.327 -839.455
70.1686 -357.675 -871.621
71.0722 -355.538 -869.413
88.1907 -375.03 -868.277
57.3552 -335.773 -849.309
87.5433 -373.19 -868.142
70.7105 -378.031 -861.741
10.9676 -382.21 -891.163
84.8909 -381.775 -869.85
42.6805 -380.177 -859.952
69.3638 -404.896 -879.907
30.8555 -357.199 -885.063
68.3358 -335.835 -881.625
41.7985 -352.579 -863.288
67.0589 -342.114 -883.552
97.0155 -368.682 -873.372
73.0111 -335.051 -875.386
99.6494 -369.403 -875.349
10.1242 -383.365 -892.269
81.6286 -358.312 -893.828
63.3191 -359.15 -891.909
79.48 -358.549 -871.094
49.042 -381.107 -843.271
60.5219 -394.681 -880.544
83.342 -381.136 -870.606
53.3346 -360.311 -905.428
43.4464 -358.068 -885.424
85.1435 -379.204 -868.49
89.7199 -386.043 -889.97
85.9126 -377.842 -868.258
20.1655 -359.748 -886.24
46.2877 -369.581 -854.842
56.911 -381.61 -834.282
74.3157 -338.087 -875.763
43.8693 -365.387 -872.453
79.3594 -357.472 -836.944
61.1371 -359.756 -879.743
73.738 -401.11 -854.33
90.3985 -378.681 -870.546
81.5347 -357.441 -839.417
17.269 -389.141 -880.882
34.5159 -352.797 -855.89
90.0601 -380.258 -869.501
88.7331 -379.911 -868.462
52.7721 -368.048 -879.836
34.3049 -378.745 -851.728
89.3566 -381.794 -868.763
99.8202 -365.297 -849.742
42.1023 -360.307 -861.866
41.7193 -362.468 -864.691
18.4165 -385.108 -879.289
41.9584 -362.145 -862.71
66.463 -340.13 -883.701
85.6766 -380.874 -868.661
37.6024 -359.572 -900.521
77.4911 -396.202 -868.974
80.9583 -379.7 -868.553
43.2638 -395.024 -873.818
20.1274 -358.841 -884.523
82.0517 -380.094 -869.731
57.1251 -343.38 -844.232
10.6822 -377.139 -883.5
70.8282 -357.579 -846.737
45.006 -357.837 -901.671
63.8091 -347.508 -852.643
47.7264 -380.873 -843.787
76.4091 -391.958 -855.568
94.8865 -375.251 -849.086
58.2095 -378.086 -841.24
59.1525 -354.129 -850.848
41.0381 -357.241 -847.047
33.419 -381.928 -892.742
31.627 -381.577 -893.586
56.321 -382.576 -841.907
55.126 -355.554 -880.265
47.4237 -370.254 -853.798
29.9198 -381.438 -892.736
70.9884 -348.887 -861.088
13.0547 -389.347 -884.253
74.8521 -335.174 -871.893
35.0005 -381.912 -894.056
63.6898 -341.541 -885.069
22.4024 -352.522 -875.326
18.848 -382.353 -840.855
51.3413 -373.087 -851.647
62.1276 -399.975 -880.361
52.2525 -398.414 -845.372
68.8991 -357.182 -834.493
42.0457 -395.219 -859.825
56.6931 -377.386 -840.317
58.1162 -357.339 -900.959
63.9481 -361.897 -878.319
91.7328 -378.221 -881.325
59.9497 -393.04 -843.966
60.6052 -394.692 -844.529
57.3944 -385.546 -841.933
92.5898 -376.769 -881.633
20.9753 -355.462 -852.984
38.4414 -382.018 -893.848
78.6378 -348.376 -868.384
60.0495 -369.341 -851.186
19.5434 -357.002 -887.937
38.53 -382.01 -895.503
12.3018 -389.125 -887.642
41.4843 -344.942 -867.326
91.5683 -376.263 -878.233
54.9746 -378.149 -838.064
52.7062 -392.293 -880.614
57.767 -383.693 -841.869
93.5846 -375.224 -880.892
94.8313 -374.112 -880.002
93.5668 -374.488 -879.262
77.4647 -397.138 -867.362
11.5535 -388.811 -884.299
95.3512 -373.145 -873.963
69.1098 -403.547 -881.537
93.8345 -374.095 -874.353
93.4035 -374.369 -876.216
63.9498 -345.571 -852.582
39.0938 -388.757 -850.47
90.6339 -376.781 -869.863
92.8987 -373.913 -870.998
25.7378 -356.265 -884.223
91.9561 -373.051 -869.472
50.5215 -398.872 -845.856
91.7797 -375.697 -871.362
97.7442 -364.794 -886.202
23.4714 -384.886 -874.246
24.6081 -383.561 -873.043
93.3082 -351.072 -847.26
52.6469 -390.642 -843.379
57.7621 -359.15 -850.443
93.2564 -376.984 -883.632
92.5137 -380.385 -883.243
43.673 -366.76 -871.932
26.8449 -382.178 -874.302
21.9875 -371.566 -892.138
38.5544 -391.457 -852.272
98.5804 -384.401 -884.124
66.0452 -347.806 -845.273
54.1788 -357.103 -850.513
58.8099 -365.372 -850.85
107.007 -382.697 -843.624
70.6306 -381.591 -860.644
104.808 -370.635 -852.293
31.3853 -377.891 -859.324
94.4273 -384.965 -880.198
93.7255 -350.904 -845.551
56.4269 -382.811 -889.862
44.4616 -357.203 -898.424
24.9754 -383.191 -874.94
23.753 -384.475 -876.225
95.7581 -384.858 -881.675
21.2646 -385.417 -871.666
9.99946 -358.528 -882.313
95.5435 -384.189 -883.407
93.0832 -383.397 -881.015
77.7985 -392.362 -872.257
77.1601 -397.727 -862.513
65.5499 -374.222 -877.018
46.8407 -391.985 -877.584
67.9676 -357.303 -836.041
22.3808 -385.878 -872.704
44.6324 -337.417 -875.91
31.8391 -378.088 -857.571
94.0898 -383.186 -883.922
41.0307 -334.312 -854.729
77.3775 -398.059 -865.689
69.9098 -357.255 -836.16
77.7289 -396.21 -865.74
45.0068 -402.286 -854.55
22.0232 -386.544 -874.501
99.5982 -372.474 -876.787
41.3163 -392.592 -849.648
63.9552 -356.115 -878.445
21.5129 -354.099 -892.473
70.7059 -345.95 -859.789
19.9273 -371.394 -892.29
98.0905 -370.246 -874.095
44.7745 -357.124 -856.106
70.5122 -376.268 -861.405
42.4691 -390.222 -847.79
51.0599 -355.406 -851.207
48.3326 -383.761 -878.323
42.7137 -393.701 -848.8
47.8239 -366.758 -905.262
68.9205 -357.488 -837.648
98.482 -375.102 -889.187
39.0227 -334.48 -857.485
76.688 -402.944 -868.969
50.2447 -357.116 -851.458
47.0116 -349.987 -853.123
21.576 -355.77 -892.426
19.5333 -353.834 -852.715
75.4451 -395.735 -855.952
100.831 -369.857 -855.361
56.2374 -381.463 -903.55
76.7833 -396.39 -859.682
74.8009 -402.583 -875.099
54.4623 -353.882 -880.241
74.9745 -400.792 -875.173
49.247 -402.046 -885.21
45.197 -403.197 -882.759
42.9375 -391.921 -848.022
65.9618 -343.557 -853.668
75.633 -401.82 -873.625
92.5514 -376.011 -851.747
56.5907 -377.347 -838.319
80.3694 -382.305 -866.843
25.1659 -382.82 -869.934
75.4407 -396.188 -875.367
67.9448 -357.974 -839.158
24.288 -383.835 -871.201
74.2469 -399.596 -876.545
73.0688 -402.273 -878.026
44.6092 -391.922 -846.845
74.2332 -396.527 -877.288
61.4937 -347.571 -843.705
74.6542 -397.875 -876.108
75.5083 -398.098 -874.391
56.6144 -369.451 -850.849
56.1562 -360.183 -850.414
76.9837 -393.293 -873.845
57.0927 -379.532 -905.303
71.7576 -346.792 -864.44
76.6822 -399.17 -870.702
77.0008 -397.084 -870.522
91.6065 -376.589 -857.065
45.2571 -401.775 -883.226
77.4485 -395.186 -870.594
80.2991 -383.9 -868.413
79.9529 -353.007 -864.472
37.2587 -357.508 -851.054
56.6799 -357.556 -902.245
45.5206 -358.578 -855.259
73.2973 -400.127 -877.984
66.0668 -358.247 -839.042
94.4241 -389.439 -882.789
93.5697 -357.51 -846.768
57.0312 -349.953 -880.44
94.6378 -389.451 -886.177
52.7128 -360.323 -850.77
45.0288 -371.906 -856.28
45.044 -395.413 -847.669
78.2298 -357.585 -843.769
19.9708 -388.284 -882.978
96.8022 -389.215 -891.496
95.4271 -388.108 -892.131
47.7635 -399.912 -846.969
77.531 -358.418 -846.811
57.8126 -346.174 -843.498
85.5696 -371.425 -864.951
35.9658 -382.007 -853.79
95.1888 -389.265 -891.054
71.0751 -401.188 -880.531
96.1365 -389.771 -889.754
93.6125 -389.152 -887.891
94.2375 -385.017 -891.85
92.4651 -385.472 -892.259
71.2248 -399.232 -880.455
59.0578 -367.218 -850.97
63.1071 -376.365 -878.723
70.7766 -344.145 -859.677
56.8933 -344.878 -843.806
21.118 -387.483 -881.974
58.3686 -347.209 -880.43
22.3392 -386.292 -883.847
66.3594 -403.034 -883.67
58.8942 -350.639 -888.522
33.3112 -380.967 -860.533
76.6035 -359.494 -848.261
21.8391 -386.812 -880.498
7.90627 -377.13 -892.579
23.1201 -385.325 -879.536
91.9099 -387.792 -891.086
94.3544 -389.391 -889.609
92.6345 -388.633 -889.671
32.327 -378.069 -860.702
75.4055 -348.42 -877.444
35.5547 -383.731 -854.125
47.326 -357.33 -900.162
97.2324 -389.894 -888.217
22.0335 -386.638 -882.269
69.9889 -381.494 -872.302
14.8422 -365.119 -881.63
76.2059 -404.259 -867.538
100.051 -387.38 -892.362
24.0889 -383.947 -882.916
100.857 -388.685 -891.33
99.7831 -389.501 -890.102
68.6711 -388.006 -845.726
58.8919 -403.258 -885.997
17.3381 -389.33 -889.519
64.5788 -367.515 -853.11
41.7388 -346.645 -867.967
101.988 -368.651 -854
52.8578 -380.704 -837.626
47.1921 -354.479 -843.331
32.9267 -378.011 -858.821
35.8307 -373.617 -900.085
45.1873 -390.217 -845.971
22.4001 -386.271 -885.809
43.275 -377.228 -903.67
46.8545 -382.399 -877.209
75.8218 -349.994 -877.578
13.9585 -374.396 -885.741
15.2731 -374.178 -884.109
42.7529 -394.138 -858.593
46.3433 -355.142 -853.983
19.06 -381.872 -886.695
55.9731 -340.452 -844.683
18.8538 -382.064 -883.493
57.1166 -336.837 -881.277
18.2186 -382.726 -885
78.8635 -384.409 -857.027
77.7641 -350.004 -873.599
45.872 -356.839 -854.616
41.9425 -348.348 -868.648
20.0046 -379.002 -887.977
46.1163 -367.488 -904.901
57.6921 -384.981 -880.632
45.7377 -369.035 -904.926
35.0681 -343.283 -864.282
47.4417 -368.568 -905.279
100.482 -367.446 -853.795
44.237 -395.689 -875.272
61.3844 -349.137 -843.251
33.605 -378.094 -856.85
83.571 -369.253 -836.635
19.9032 -378.062 -886.083
19.6147 -377.111 -884.29
43.8992 -360.418 -857.863
55.1256 -376.171 -850.75
22.5996 -381.472 -892.264
69.6951 -355.292 -858.318
7.79849 -364.05 -848.963
66.0642 -349.646 -844.736
42.0744 -372.804 -903.419
43.7331 -372.29 -904.177
42.4155 -371.008 -903.745
38.9535 -334.232 -859.351
85.2921 -369.56 -838.014
19.751 -386.502 -892.074
63.4573 -403.968 -884.532
41.7709 -374.365 -903.194
62.8148 -400.82 -885.58
10.1955 -378.776 -882.906
40.756 -357.655 -899.653
57.5519 -392.647 -881.014
43.9534 -350.977 -845.588
36.96 -382.012 -891.029
10.7897 -377.112 -889.009
41.3092 -393.356 -867.351
41.6071 -379.878 -902.107
61.9977 -377.679 -879.317
77.8475 -366.428 -899.327
40.2648 -380.184 -901.264
70.9078 -396.13 -881.422
43.94 -381.785 -900.006
11.3144 -376.163 -887.299
91.5859 -384.581 -838.978
39.5179 -357.518 -848.441
29.963 -380.603 -894.254
37.2784 -384.919 -851.596
28.2663 -380.303 -893.377
39.4932 -377.047 -902.193
29.7995 -378.098 -895.7
77.8742 -345.018 -867.207
32.6094 -378.583 -897.713
49.4561 -345.523 -844.686
90.2171 -383.113 -839.034
77.447 -348.19 -873.084
47.4986 -346.696 -845.068
50.9508 -346.165 -844.076
53.7249 -381.844 -902.458
107.544 -376.684 -840.954
38.5971 -378.705 -901.344
89.8613 -367.061 -839.211
74.651 -334.54 -869.216
50.6887 -360.432 -851.366
106.751 -381.71 -891.222
91.3548 -383.254 -854.492
91.8319 -383.604 -852.458
91.2134 -382.982 -856.823
78.7857 -357.746 -845.452
50.6841 -384.687 -888.926
21.7533 -356.622 -854.167
91.2917 -383.477 -859.218
90.7522 -377.898 -860.64
90.5159 -379.791 -859.46
48.2115 -376.821 -853.28
35.5498 -378.781 -899.634
38.4605 -357.098 -893.427
93.5578 -375.718 -850.287
94.9688 -374.664 -850.426
32.8666 -378.886 -872.24
91.5394 -377.556 -851.8
7.03542 -369.124 -837.607
43.8006 -357.283 -857.665
27.8186 -369.925 -893.279
104.797 -368.85 -852.082
91.2632 -377.157 -855.091
74.2162 -335.724 -856.427
28.8442 -371.278 -894.167
90.4807 -379.84 -857.596
30.2709 -370.863 -895.283
56.5011 -357.271 -900.241
29.3578 -369.349 -894.438
26.6257 -365.034 -893.021
71.9494 -340.487 -862.936
76.5958 -337.036 -869.211
86.1833 -369.627 -867.623
74.9215 -349.629 -878.776
31.8719 -373.886 -897.185
89.0943 -384.546 -860.625
34.2401 -376.156 -899.236
71.5154 -389.828 -867.013
29.0869 -369.032 -836.561
80.3539 -369.954 -833.905
60.4449 -344.375 -844.359
66.8814 -380.995 -840.014
59.7368 -381.629 -890.681
38.9801 -399.992 -854.672
75.7228 -404.471 -869.391
45.1417 -360.458 -855.997
60.2336 -347.989 -880.118
32.6607 -379.91 -867.656
94.3745 -356.484 -845.436
47.0178 -334.168 -850.147
35.9985 -375.77 -900.346
34.5249 -374.378 -899.255
92.3972 -359.76 -840.221
32.9945 -375.045 -898.252
34.2058 -386.971 -873.439
93.6066 -357.456 -841.619
100.798 -371.927 -838.882
92.977 -360.351 -847.133
74.9518 -385.982 -850.68
47.0813 -384.711 -877.423
32.0021 -365.017 -897.327
83.7286 -365.453 -836.079
33.2096 -386.15 -861.306
50.8876 -342.51 -845.072
33.2642 -361.692 -898.622
34.7118 -364.679 -899.398
56.1915 -354.185 -850.472
69.0116 -364.693 -903.997
80.6734 -361.58 -833.216
81.0083 -365.257 -833.731
56.9024 -367.695 -850.785
23.1751 -383.687 -859.981
41.8162 -399.962 -880.557
70.1488 -361.267 -903.418
83.5778 -367.273 -836.373
82.3892 -366.219 -835.11
86.5344 -368.108 -838.669
100.062 -375.163 -848.76
49.6374 -343.579 -845.179
101.696 -375.402 -849.835
90.8828 -353.202 -857.889
48.1303 -340.537 -846.324
9.79946 -351.581 -839.117
37.0592 -357.093 -894.323
102.122 -377.778 -844.124
102.447 -378.675 -845.818
70.8306 -344.438 -870.875
71.6439 -342.078 -869.018
101.689 -364.926 -849.999
86.5458 -364.081 -838.151
54.6118 -361.255 -850.534
55.5083 -370.666 -906.184
85.5304 -376.029 -837.428
66.0925 -364.178 -876.547
86.8117 -377.179 -838.226
62.333 -340.272 -845.587
107.694 -366.035 -842.038
62.7277 -342.348 -845.466
54.8544 -399.985 -849.735
83.662 -372.647 -836.385
52.0443 -349.636 -842.865
88.9317 -385.189 -856.68
86.7613 -373.205 -838.587
88.4536 -372.993 -839.119
85.9206 -371.275 -838.36
85.6446 -374.347 -837.759
64.93 -366.761 -877.506
18.6302 -382.411 -844.434
18.7653 -362.85 -843.85
97.1461 -374.638 -841.212
55.3254 -363.797 -906.022
54.3431 -362.162 -905.943
8.79446 -387.063 -887.863
46.1942 -378.287 -854.9
70.5389 -357.953 -860.161
99.4885 -375.297 -843.508
30.9402 -369.151 -895.729
99.2491 -375.109 -846.91
46.3404 -361.262 -904.645
90.8178 -352.864 -852.807
60.393 -365.641 -851.16
103.405 -364.335 -850.18
86.4434 -357.081 -843.773
7.95524 -385.754 -845.626
94.0891 -376.276 -846.221
93.3159 -377.475 -845.581
37.0567 -378.438 -851.08
51.4419 -360.785 -905.434
49.6893 -361.152 -905.283
45.8126 -348.132 -845.42
93.6197 -374.769 -839.73
48.9304 -362.9 -905.327
23.9546 -384.064 -890.758
22.5916 -384.888 -891.477
93.3018 -377.166 -841.462
58.131 -388.788 -842.608
25.1965 -382.718 -890.642
97.9009 -371.973 -874.707
107.032 -373.132 -849.567
28.3501 -376.97 -894.61
20.0821 -383.942 -856.802
14.8507 -366.027 -880.171
26.6767 -381.704 -891.324
92.9171 -382.648 -849.808
102.509 -372.268 -838.804
62.7639 -388.803 -843.391
71.9336 -401.128 -851.985
81.3048 -382.22 -846.798
88.2617 -382.822 -868.936
92.6228 -378.787 -848.787
70.4083 -396.433 -859.009
25.7584 -382.327 -846.002
11.1438 -361.64 -887.603
92.8958 -380.555 -847.715
34.7324 -344.486 -865.887
87.3089 -356.647 -841.889
35.562 -387.073 -876.571
43.3582 -373.536 -871.406
58.2494 -368.786 -850.912
69.5033 -402.565 -875.007
94.3304 -386.321 -852.909
90.3169 -353.978 -840.526
98.2868 -390.125 -842.97
13.1832 -374.66 -884.078
96.0459 -389.926 -849.447
43.1009 -350.342 -884.483
85.5243 -377.969 -837.366
17.0745 -374.361 -882.884
69.714 -334.916 -875.393
43.554 -336.93 -874.621
93.5421 -389.179 -841.49
19.0902 -376.196 -885.636
95.9963 -390.02 -847.545
97.3562 -390.123 -848.302
40.1881 -345.642 -880.276
35.5315 -378.633 -850.473
18.4969 -375.107 -882.311
71.0057 -401.61 -872.201
103.342 -352.036 -889.37
34.0296 -379.926 -850.023
19.502 -375.398 -880.912
99.8128 -389.197 -849.304
99.0038 -389.963 -847.972
70.4487 -350.473 -859.659
97.7808 -390.143 -846.672
39.1439 -345.281 -878.889
96.3003 -390.018 -845.629
31.5709 -358.703 -876.53
67.5347 -348.91 -845.729
90.9819 -387.61 -851.905
92.0302 -388.447 -853.318
53.6387 -401.582 -881.388
71.1676 -346.938 -861.3
90.7016 -353.144 -846.997
21.5306 -362.158 -857.337
91.3914 -387.443 -856.941
93.3565 -388.469 -854.459
46.6267 -376.875 -854.534
92.5574 -388.829 -851.439
38.1557 -344.839 -877.282
70.016 -345.106 -872.405
62.1903 -346.138 -886.686
88.9903 -385.106 -843.488
88.8804 -384.07 -840.128
89.4943 -385.675 -841.566
18.676 -362.893 -886.978
57.2569 -365.907 -850.706
32.8376 -380.164 -851.3
89.8404 -386.326 -843.447
72.0315 -399.094 -867.276
90.7635 -387.003 -840.806
61.2314 -398.508 -845.487
63.4819 -349.238 -887.141
32.046 -380.255 -852.501
72.1399 -399.398 -865.336
94.5435 -383.277 -847.55
60.2878 -346.06 -887.1
61.4284 -344.515 -886.428
63.6199 -391.304 -851.935
94.8547 -383.432 -845.621
95.9073 -384.182 -848.296
94.3313 -383.846 -849.448
90.6354 -353.129 -850.767
95.8156 -352.082 -838.955
60.989 -347.631 -887.378
30.9001 -380.798 -853.161
101.28 -386.193 -850.397
42.7164 -344.897 -848.528
62.4048 -380.073 -851.589
75.6966 -335.597 -860.781
66.3895 -399.852 -853.217
70.8189 -385.448 -861.052
61.8231 -349.197 -887.602
57.339 -353.328 -889.194
52.7927 -343.976 -886.622
70.4107 -397.586 -872.901
32.1196 -379.311 -854.076
94.4174 -385.26 -851.086
53.9643 -345.54 -887.197
9.51795 -360.804 -848.567
41.5011 -345.652 -881.585
42.2961 -351.868 -869.903
96.2078 -385.126 -849.986
56.5604 -343.108 -886.703
43.5183 -379.172 -845.722
41.2601 -396.092 -868.603
54.8965 -370.273 -850.936
56.6996 -340.832 -886.376
70.1501 -345.784 -848.563
104.758 -377.174 -838.976
57.045 -338.543 -886.278
95.7392 -383.972 -846.698
59.5618 -397.911 -845.099
53.5724 -338.905 -886.127
71.3583 -388.15 -868.315
77.4652 -397.092 -864.152
33.2249 -378.904 -852.996
45.5544 -343.534 -883.88
59.8244 -349.096 -887.979
66.8298 -345.293 -884.537
102.178 -383.045 -849.902
60.4847 -353.05 -851.295
62.8902 -374.451 -878.826
84.3002 -376.721 -836.273
71.4586 -354.93 -864.667
51.0231 -397.375 -886.075
82.9348 -377.443 -835.075
65.4449 -341.723 -884.358
72.2914 -357.442 -847.956
76.2885 -381.521 -833.324
78.1343 -380.902 -833.461
75.7692 -374.382 -830.023
76.597 -373.119 -830.587
107.625 -372.479 -846.142
17.4482 -363.756 -887.528
95.9156 -388.859 -879.924
69.1832 -347.905 -883.865
81.9135 -374.493 -834.463
72.1612 -345.801 -880.569
91.8887 -364.273 -856.992
69.9059 -369.358 -826.848
68.5392 -368.312 -826.387
68.6031 -370.026 -826.336
52.9514 -395.167 -887.004
9.29723 -363.488 -881.5
64.8941 -404.772 -848.518
70.8045 -345.195 -881.671
45.126 -340.068 -883.042
69.3327 -344.597 -882.682
71.1965 -368.856 -827.452
72.1149 -367.706 -827.889
75.7661 -335.284 -868.43
30.02 -357.508 -852.857
71.1585 -370.578 -827.473
88.5662 -355.743 -846.493
71.271 -354.1 -862.926
71.9957 -360.359 -845.792
74.5822 -340.091 -875.4
36.8709 -378.607 -849.315
66.3798 -393.164 -853.752
46.0647 -338.383 -883.556
75.2476 -338.988 -874.061
71.4758 -366.006 -827.722
106.753 -383.015 -884.889
51.7068 -379.94 -839.122
71.1793 -358.415 -868.673
92.0198 -351.924 -845.852
92.7622 -351.023 -881.139
70.9902 -342.64 -870.718
73.6383 -339.611 -876.973
91.8278 -352.032 -847.953
67.1743 -369.542 -825.98
43.5418 -359.606 -842.961
58.3308 -352.13 -888.943
73.8187 -391 -851.174
59.7594 -346.426 -880.278
67.7884 -352.511 -886.103
62.0529 -369.54 -851.756
60.4606 -340.812 -880.426
70.9313 -372.458 -827.526
66.2367 -353.204 -887.038
49.3252 -378.518 -852.513
72.5066 -371.535 -828.153
97.8564 -387.078 -838.987
67.6622 -354.308 -886.465
96.2704 -388.064 -839.117
42.0275 -379.487 -846.909
99.5364 -387.798 -839.086
69.2397 -351.843 -885.052
59.3218 -405.037 -847.241
102.381 -383.586 -839.401
69.1309 -349.945 -884.557
73.5425 -392.654 -851.553
70.479 -351.131 -883.96
99.3307 -385.971 -839.204
50.9825 -342.22 -850.782
33.2004 -371.294 -897.742
70.2279 -349.416 -883.599
51.7362 -393.888 -844.445
42.8631 -380.789 -841.256
106.078 -384.718 -884.709
47.5499 -378.37 -853.735
55.2437 -393.741 -843.917
86.9125 -382.889 -846.738
25.7008 -382.349 -850.097
88.2366 -384.054 -847.056
22.8456 -369.848 -892.035
87.7091 -383.699 -853.71
68.7498 -384.374 -845.175
107.373 -358.989 -885.679
43.8425 -340.94 -882.177
44.5191 -337.942 -882.538
33.4818 -378.081 -854.843
5.63984 -377.678 -839.67
93.9702 -387.142 -854.767
79.8845 -357.306 -861.891
62.6631 -379.408 -879.097
34.1243 -389.256 -871.235
107.589 -374.121 -845.106
73.799 -349.344 -880.124
34.0474 -386.956 -858.531
93.8248 -389.036 -852.735
5.39373 -368.593 -887.739
107.411 -366.837 -840.301
73.5388 -351.025 -881.093
91.8492 -388.235 -846.063
67.2975 -366.52 -875.291
79.2671 -381.98 -846.951
42.3897 -344.023 -881.775
71.4387 -387.833 -847.64
43.0833 -379.431 -842.827
42.3761 -349.978 -860.211
74.023 -345.712 -878.244
73.272 -346.325 -879.511
107.409 -357.826 -848.161
107.091 -356.47 -847.518
77.6298 -359.602 -875.965
51.3415 -358.695 -851.056
74.3977 -343.134 -876.458
70.4123 -382.052 -833.294
106.496 -355.211 -844.266
107.118 -356.698 -843.335
106.551 -355.132 -846.398
13.1553 -388.278 -838.964
72.5479 -384.905 -848.008
53.3524 -359.849 -889.125
42.0755 -347.025 -882.572
100.057 -354.492 -839.468
102.422 -356.532 -839.696
92.2272 -351.33 -879.453
42.185 -369.726 -867.505
100.303 -350.582 -840.339
102.827 -353.255 -838.964
100.595 -350.407 -844.164
102.142 -350.955 -845.274
101.396 -350.575 -847.268
85.5504 -362.998 -862.949
103.071 -351.419 -847.21
73.4421 -342.46 -877.668
71.5662 -347.082 -881.644
47.0072 -383.153 -853.953
72.5439 -351.035 -882.148
100.961 -351.696 -849.772
62.3867 -338.241 -879.993
102.129 -351.339 -848.777
53.9415 -352.215 -888.928
40.4552 -347.436 -881.244
98.8962 -350.057 -841.637
41.7077 -349.922 -883.285
38.0922 -348.67 -879.029
104.928 -352.936 -845.845
103.796 -351.944 -845.547
105.729 -353.935 -845.107
71.5347 -343.93 -880.519
5.37725 -369.735 -889.3
104.684 -352.777 -844.077
71.749 -340.762 -879.521
40.7656 -350.903 -882.828
69.7948 -364.694 -871.66
41.9201 -351.666 -884.03
35.6366 -391.886 -873.744
36.5174 -393.214 -874.946
106.42 -356.994 -849.444
79.7581 -373.128 -897.672
72.2632 -357.658 -883.059
74.3689 -359.437 -880.73
63.4174 -366.097 -905.52
50.1632 -345.98 -886.569
101.725 -354.47 -850.073
98.4096 -350.453 -839.907
72.9558 -359.241 -882.196
97.0688 -350.043 -841.276
70.4136 -341.354 -872.081
107.593 -374.24 -843.377
74.4645 -356.116 -880.917
73.7347 -357.662 -881.571
93.8845 -362.782 -845.1
93.5452 -362.338 -841.782
52.6903 -396.632 -844.986
90.4294 -363.894 -839.021
92.3598 -364.314 -839.239
70.007 -392.61 -858.657
50.9627 -397.16 -845.497
93.2045 -365.95 -839.102
57.7104 -355.216 -850.545
92.3452 -369.15 -839.103
48.1876 -341.821 -884.822
94.8107 -373.431 -839.399
60.5112 -360.319 -841.136
95.4312 -368.145 -858.994
77.1168 -398.09 -868.977
93.0909 -366.05 -859.803
94.3714 -366.723 -858.536
48.1648 -345.948 -885.863
63.3314 -359.134 -888.156
65.1987 -360.196 -887.922
58.8876 -370.735 -824.824
76.5506 -348.887 -855.335
99.01 -367.536 -854.979
97.5188 -367.714 -856.338
78.3986 -378.832 -898.797
91.5705 -362.232 -851.092
97.1403 -367.069 -854.214
92.8128 -365.296 -855.766
94.2885 -366.309 -856.663
93.094 -365.109 -851.744
94.1398 -366.135 -852.864
62.3392 -357.296 -888.547
94.0753 -364.732 -849.957
9.87395 -387.924 -889.004
95.116 -364.327 -848.275
36.0145 -353.932 -877.899
33.7488 -353.009 -857.838
32.2407 -372.273 -897.135
38.4178 -351.857 -880.742
33.2763 -373.22 -898.141
76.8181 -359.252 -854.1
92.8776 -361.381 -848.531
36.2605 -402.063 -870.048
22.7813 -366.528 -892.196
70.5473 -361.213 -870.133
66.3115 -351.377 -886.591
68.349 -366.444 -826.532
70.318 -336.946 -850.393
48.5656 -385.725 -878.513
66.3357 -379.057 -842.627
33.139 -353.428 -859.771
47.2145 -381.312 -853.825
69.2555 -353.621 -885.425
97.3401 -365.529 -840.1
9.46644 -371.293 -878.636
50.4367 -402.14 -846.038
75.8134 -375.361 -900.734
10.0245 -372.982 -879.89
55.7188 -388.188 -889.136
55.3619 -383.997 -889.664
75.2949 -382.423 -850.972
32.0878 -379.137 -876.882
72.0212 -376.696 -902.7
44.6747 -342.094 -882.974
57.9619 -385.929 -889.514
70.8963 -353.313 -861.125
58.0983 -357.299 -898.996
26.6623 -358.269 -868.899
34.0617 -360.399 -878.027
80.4183 -384.427 -866.571
95.8092 -364.735 -840.775
71.4477 -350.163 -882.851
97.3741 -364.723 -841.888
33.0158 -359.865 -853.896
32.9968 -358.944 -852.188
78.832 -348.719 -863.548
101.356 -367.926 -838.811
43.4542 -352.239 -885.265
90.7026 -355.349 -860.986
105.806 -370.993 -880.23
67.4523 -382.103 -834.904
42.8942 -405.124 -876.895
45.3694 -357.591 -893.267
105.15 -362.107 -838.842
78.2702 -346.721 -867.814
49.7039 -400.405 -846.173
107.578 -361.376 -840.701
106.626 -361.69 -839.245
63.5492 -392.228 -886.953
71.3597 -356.9 -867.771
36.9706 -350.331 -878.194
105.291 -360.487 -838.926
44.0915 -345.688 -847.242
54.4571 -359.242 -850.467
103.132 -373.981 -838.867
105.872 -375.544 -838.959
77.8404 -347.661 -871.383
106.341 -384.021 -840.877
106.938 -382.99 -841.934
107.059 -382.507 -845.477
107.378 -380.823 -844.157
107.416 -380.853 -846.346
107.292 -381.506 -842.092
101.165 -382.859 -843.98
24.8937 -365.731 -892.359
107.407 -378.63 -840.562
43.5177 -398.401 -856.825
70.3536 -352.385 -859.504
102.037 -370.743 -838.788
70.711 -393.197 -860.33
71.4509 -352.573 -867.999
69.8519 -358.971 -858.809
102.092 -375.419 -839.479
103.938 -375.6 -838.936
105.892 -381.354 -839.19
71.3807 -345.7 -869.338
22.3516 -378.404 -860.254
64.7529 -334.432 -881.942
10.2027 -387.612 -845.14
94.4989 -350.571 -843.927
34.578 -369.287 -832.159
102.515 -380.202 -842.274
66.6939 -335.028 -881.981
56.6321 -378.759 -841.788
61.8713 -399.569 -885.864
103.741 -378.709 -839.458
102.54 -378.411 -840.946
54.9645 -337.327 -881.232
63.7522 -399.476 -885.268
104.662 -380.176 -839.065
59.3343 -360.113 -839.809
105.294 -378.606 -838.935
69.2536 -380.11 -873.434
58.9413 -395.264 -887.131
16.7787 -372.669 -874.265
100.293 -374.971 -840.253
69.4498 -349.744 -857.718
69.5658 -335.298 -880.1
99.1494 -355.142 -840.841
46.4631 -382.141 -895.749
53.4546 -375.219 -851.033
61.7299 -359.614 -842.204
52.2002 -402.702 -881.108
65.0192 -352.436 -877.795
102.567 -379.77 -847.601
55.6289 -335.408 -881.636
102.633 -378.22 -848.86
17.1308 -351.676 -892.64
70.2113 -348.675 -858.987
10.4275 -361.933 -882.327
102.423 -378.583 -842.728
53.6776 -335.906 -881.269
35.0441 -386.329 -855.629
71.5386 -349.083 -868.393
101.751 -377.186 -842.351
91.5231 -363.097 -874.805
101.624 -376.524 -840.706
102.992 -377.05 -839.629
101.31 -373.764 -839.149
80.3149 -379.543 -862.193
98.5215 -355.117 -846.641
63.3197 -352.715 -878.867
75.3185 -334.806 -866.714
53.6412 -392.48 -887.836
62.6627 -354.581 -879.129
21.8035 -383.95 -870.437
58.2775 -370.422 -850.94
38.2307 -378.585 -848.151
71.2576 -340.884 -870.321
96.0651 -372.134 -839.076
50.722 -369.799 -851.862
93.1746 -351.094 -849.03
69.4808 -341.866 -873.608
5.91964 -367.139 -891.696
98.8216 -372.992 -855.092
97.3309 -373.442 -854.571
69.2067 -344.235 -856.783
59.9476 -353.539 -879.985
6.77091 -368.507 -892.573
102.354 -358.904 -884.36
56.7935 -348.072 -880.527
70.0397 -346.938 -858.461
61.5628 -353.186 -879.581
86.8526 -376.26 -863.011
88.5727 -377.114 -862.851
62.1306 -356.373 -879.374
14.3287 -366.159 -853.098
6.54217 -359.032 -881.98
23.123 -364.589 -892.325
52.1308 -391.713 -887.797
92.5481 -366.976 -861.374
90.8207 -366.616 -862.456
69.6131 -353.382 -858.147
33.1802 -367.717 -897.68
93.998 -367.564 -860.144
45.6123 -377.899 -875.789
93.1172 -368.779 -861.267
91.5597 -368.286 -862.25
46.964 -340.147 -884.098
71.2973 -350.779 -869.159
5.37822 -370.397 -887.34
6.03657 -365.249 -891.901
77.8645 -368.779 -831.644
95.3371 -355.77 -843.717
45.5998 -357.362 -900.238
95.7432 -355.5 -845.634
96.6012 -355.217 -847.15
97.2678 -355.052 -845.606
65.4243 -355.176 -877.382
62.5714 -359.278 -879.217
63.4484 -346.768 -879.053
40.0906 -361.945 -902.574
51.3391 -373.572 -825.283
5.25268 -375.645 -884.038
30.2645 -357.985 -854.586
101.487 -356.829 -847.678
64.0027 -344.675 -878.872
53.4109 -378.7 -841.605
29.2285 -357.918 -857.386
70.1761 -348.931 -871.936
72.7309 -360.47 -883.212
34.3345 -366.489 -898.815
95.7872 -354.656 -850.379
97.5527 -354.359 -849.688
59.4784 -360.34 -850.7
70.7988 -339.665 -871.577
64.0343 -337.665 -879.32
50.5311 -399.384 -880.346
54.3157 -398.056 -886.596
68.9201 -361.692 -857.718
63.5757 -370.044 -852.452
99.6631 -354.578 -849.467
99.9294 -355.513 -847.935
70.9906 -336.789 -879.825
42.5892 -350.059 -846.797
41.0154 -396.956 -867.107
97.1184 -354.742 -840.478
73.1946 -337.893 -877.535
76.2726 -351.289 -853.517
69.0261 -339.519 -881.982
70.5542 -350.594 -871.151
66.239 -372.463 -826.063
37.8256 -386.226 -880.43
79.4129 -358.201 -860.001
79.7775 -382.19 -860.317
70.4442 -353.159 -871.271
101.341 -355.873 -849.267
93.9311 -352.499 -839.099
37.3295 -342.344 -856.336
100.43 -353.059 -850.138
94.5039 -350.651 -851.684
107.73 -361.409 -842.667
43.8473 -376.57 -872.823
96.0158 -350.704 -851.188
71.4926 -336.208 -870.74
51.0591 -403.673 -846.34
36.5253 -380.163 -831.894
32.962 -378.273 -875.857
3 0 102 1
3 0 1 8398
3 0 4 102
3 0 8807 4
3 0 8398 9310
3 0 9310 8807
3 1 615 10
3 1 10 8398
3 1 102 22
3 1 22 615
3 7598 7464 2
3 7464 11104 2
3 7598 2 10461
3 8781 10461 2
3 8781 2 11103
3 11103 2 11104
3 7228 6076 3
3 6076 8071 3
3 7228 3 7238
3 7238 3 10157
3 8071 8235 3
3 10157 3 8235
3 8452 4 98
3 98 4 8724
3 102 4 8452
3 8807 8724 4
3 4502 7 5
3 9456 5 7
3 98 8724 5
3 98 5 9456
3 4502 5 8856
3 8856 5 8724
3 3249 6 7
3 8984 7 6
3 2609 6 666
3 9007 666 6
3 2609 8984 6
3 9007 6 3249
3 8984 663 7
3 9456 7 663
3 4502 3249 7
3 8 118 5032
3 8 8592 118
3 8 3232 3431
3 8 5032 3232
3 8 3431 3233
3 8 3233 10672
3 8 10672 8592
3 1675 638 9
3 1936 9 638
3 1675 9 1558
3 6368 1558 9
3 1997 9 1936
3 1997 6368 9
3 10 615 625
3 10 625 621
3 10 621 2522
3 8398 10 2522
3 3543 3544 11
3 9417 3543 11
3 3544 3546 11
3 3546 4710 11
3 4710 9388 11
3 9417 11 9388
3 12 772 23
3 12 23 785
3 758 770 12
3 758 12 785
3 12 770 1579
3 12 1579 772
3 3157 13 233
3 5908 233 13
3 3157 3093 13
3 3331 13 3093
3 3331 5908 13
3 14 785 23
3 14 23 3640
3 14 2269 785
3 6398 2269 14
3 14 3640 6488
3 6398 14 6488
3 15 5607 53
3 15 53 5627
3 15 4706 4641
3 15 4641 5607
3 15 10576 4706
3 15 5627 10576
3 18 102 16
3 18 16 2100
3 102 8452 16
3 16 2098 2100
3 8452 2098 16
3 6924 17 2285
3 17 7834 2285
3 5241 7834 17
3 5241 17 8704
3 6924 9327 17
3 17 11135 8704
3 17 9327 11135
3 18 20 22
3 18 8558 20
3 18 22 102
3 18 2100 8558
3 1899 19 107
3 5339 107 19
3 1899 9773 19
3 6044 5339 19
3 5346 6044 19
3 5346 19 9773
3 20 442 22
3 20 47 3584
3 20 8558 47
3 20 3584 442
3 1387 21 1354
3 6027 1354 21
3 1696 21 1387
3 5013 21 1696
3 5013 5539 21
3 6027 21 5539
3 22 442 225
3 22 225 615
3 23 772 4522
3 23 4522 3640
3 24 80 71
3 96 24 71
3 24 5890 80
3 96 3837 24
3 5830 24 3837
3 5830 5890 24
3 4264 25 2742
3 25 9612 2742
3 3616 25 3614
3 7150 3614 25
3 3616 3619 25
3 25 3619 9612
3 7150 25 4264
3 26 3755 312
3 26 312 11066
3 3445 317 26
3 26 317 3755
3 3445 26 11065
3 11065 26 11066
3 5116 27 1665
3 10980 1665 27
3 5116 9922 27
3 6826 5447 27
3 10980 27 5447
3 6826 27 9922
3 3744 2360 28
3 28 2360 9670
3 3744 28 9340
3 28 8978 7542
3 28 7542 9340
3 28 9670 8978
3 29 718 6842
3 29 9592 718
3 4641 7696 29
3 4641 29 8015
3 8015 29 6842
3 29 7696 9592
3 3116 2223 30
3 2223 10004 30
3 3116 30 3119
3 3119 30 6612
3 6612 30 8667
3 10004 8667 30
3 31 6632 4402
3 31 4402 9592
3 5375 6606 31
3 5375 31 7696
3 6606 6632 31
3 31 9592 7696
3 32 3973 410
3 32 410 7235
3 32 424 4650
3 32 7235 424
3 32 4650 3973
3 7609 81 33
3 9159 33 81
3 6478 943 33
3 6495 33 943
3 3985 33 6495
3 33 3985 7609
3 9159 6478 33
3 34 3393 45
3 34 45 3636
3 1595 34 719
3 719 34 3636
3 1595 3393 34
3 467 35 900
3 467 6459 35
3 35 3224 900
3 8703 3224 35
3 8690 35 6459
3 8703 35 8690
3 945 1088 36
3 945 36 8852
3 1088 8808 36
3 1277 36 8813
3 1277 8852 36
3 36 8808 8813
3 2187 37 390
3 390 37 9623
3 2187 2185 37
3 7447 37 2185
3 7447 9621 37
3 9621 9623 37
3 48 38 4046
3 9798 38 48
3 4046 38 2381
3 4650 2381 38
3 4071 7365 38
3 9798 4071 38
3 4650 38 7365
3 466 40 39
3 7054 39 40
3 466 39 2964
3 39 472 6928
3 7054 472 39
3 39 6928 2964
3 285 40 778
3 285 7054 40
3 784 40 466
3 778 40 784
3 1446 194 41
3 194 6448 41
3 6617 1446 41
3 6278 41 1602
3 6448 1602 41
3 6617 41 6278
3 42 646 10309
3 42 10319 646
3 42 804 10295
3 42 10309 804
3 42 10295 10293
3 42 10293 10319
3 926 939 43
3 926 43 1044
3 936 43 959
3 1044 43 936
3 8872 43 939
3 959 43 8872
3 44 197 203
3 44 239 197
3 44 203 8583
3 44 8332 239
3 44 7407 8332
3 44 8583 7407
3 45 3624 3376
3 45 3376 3636
3 45 3393 3633
3 45 3633 3624
3 46 3828 3849
3 46 6393 3828
3 46 3849 6837
3 46 6837 5543
3 10538 46 5543
3 10538 6393 46
3 47 49 8523
3 8558 49 47
3 47 10349 3584
3 47 8523 10349
3 4645 48 4046
3 5761 48 4645
3 8947 48 5761
3 8947 9798 48
3 50 49 2102
3 50 8523 49
3 2102 49 2108
3 8558 2108 49
3 51 50 2102
3 9450 50 51
3 50 7640 8523
3 9450 7640 50
3 611 51 2085
3 611 9450 51
3 2085 51 2102
3 1700 3515 52
3 7112 1700 52
3 2282 52 3808
3 2282 10640 52
3 3515 3808 52
3 7112 52 7109
3 10640 7109 52
3 168 4615 53
3 168 53 5607
3 4714 53 4615
3 4714 5627 53
3 54 629 77
3 8531 54 77
3 54 632 629
3 6624 632 54
3 6624 54 8417
3 54 8419 8417
3 8531 8419 54
3 55 3906 3933
3 9816 3906 55
3 55 3933 9666
3 55 9666 9608
3 10580 55 9608
3 9816 55 10580
3 60 147 56
3 1687 60 56
3 56 138 140
3 56 9384 138
3 1687 56 140
3 56 147 9384
3 57 1092 8979
3 9432 1092 57
3 9092 57 2832
3 2832 57 9101
3 57 8979 9082
3 57 9082 9101
3 9092 9432 57
3 58 3577 115
3 11163 58 115
3 1640 58 2060
3 1640 3577 58
3 3875 2060 58
3 11163 3875 58
3 59 85 1774
3 59 7333 85
3 59 1774 6042
3 59 5957 5664
3 59 5664 7333
3 59 6042 5957
3 1687 78 60
3 78 5154 60
3 60 1278 147
3 60 5154 1278
3 931 5048 61
3 931 61 5844
3 1084 61 5048
3 1084 5850 61
3 5850 5844 61
3 3199 62 5912
3 3199 7063 62
3 3220 5902 62
3 9741 3220 62
3 62 5902 5912
3 9646 62 7063
3 9741 62 9646
3 659 65 63
3 8807 63 65
3 659 63 2788
3 9316 2788 63
3 8807 9310 63
3 9310 9316 63
3 64 115 143
3 64 9143 115
3 64 143 4411
3 64 4411 7726
3 64 7726 8049
3 64 8049 9143
3 659 662 65
3 8856 65 662
3 8807 65 8724
3 8856 8724 65
3 66 3771 3745
3 66 3745 9860
3 66 3774 3771
3 66 9254 3774
3 66 9859 9254
3 66 9860 9859
3 74 67 72
3 67 7819 72
3 67 74 3015
3 574 576 67
3 8527 574 67
3 576 7819 67
3 8527 67 3015
3 68 5919 2417
3 7281 68 2417
3 68 2656 2630
3 68 2630 5919
3 7081 2656 68
3 7281 7081 68
3 69 78 1687
3 69 7552 78
3 69 1687 140
3 69 140 1754
3 69 1754 7718
3 69 7718 7552
3 70 5154 78
3 70 78 7747
3 70 1186 5153
3 70 7747 1186
3 70 5153 5154
3 71 80 4018
3 96 71 10822
3 71 4018 4088
3 10822 71 4088
3 74 72 8419
3 2469 72 7831
3 2469 8419 72
3 7819 7831 72
3 5878 1502 73
3 73 1502 8665
3 5878 73 4472
3 9337 4472 73
3 9337 73 8665
3 8529 3015 74
3 8531 74 8419
3 8529 74 8531
3 4761 4760 75
3 4901 75 4760
3 10580 4761 75
3 4901 10050 75
3 10050 10580 75
3 76 4182 2204
3 76 2204 10667
3 10662 76 4168
3 76 10667 4168
3 10662 4182 76
3 456 77 629
3 456 8628 77
3 8531 77 715
3 715 77 8628
3 7747 78 7552
3 79 238 4660
3 7506 238 79
3 1896 1026 79
3 7506 79 1026
3 1896 79 1391
3 79 4660 1391
3 4018 80 4029
3 80 4189 4029
3 10854 4189 80
3 10854 80 5890
3 81 7609 5160
3 8528 81 5160
3 10694 81 8528
3 81 10694 9159
3 82 84 1600
3 9733 84 82
3 82 234 1820
3 82 9244 234
3 82 1820 924
3 9733 82 924
3 82 1600 9244
3 2321 6111 83
3 2321 83 8570
3 83 3831 8570
3 9613 3831 83
3 7645 83 6111
3 7645 9613 83
3 84 230 1620
3 84 2663 230
3 84 1620 1600
3 9733 2663 84
3 85 97 3398
3 85 9637 97
3 1774 85 3398
3 85 7333 9637
3 86 6225 87
3 6319 86 87
3 86 970 6225
3 7540 970 86
3 3535 86 6319
3 7540 86 3535
3 6225 9166 87
3 6319 87 6227
3 6227 87 9166
3 88 1162 5001
3 8821 1162 88
3 2200 2225 88
3 2200 88 6198
3 8821 88 2225
3 6198 88 5001
3 129 89 197
3 11291 89 129
3 203 197 89
3 89 7018 203
3 8368 7018 89
3 11291 8368 89
3 653 651 90
3 2453 90 651
3 653 90 9424
3 2453 2791 90
3 2743 90 2791
3 2743 9424 90
3 1055 91 1842
3 91 1055 11006
3 91 10805 1842
3 91 10999 10805
3 10999 91 10841
3 11006 10841 91
3 92 108 3457
3 92 6573 108
3 92 3457 2018
3 92 2018 11323
3 92 7600 6573
3 92 11323 7600
3 2998 93 7244
3 93 2998 8476
3 9850 7244 93
3 93 8476 7382
3 10663 93 7382
3 93 10663 9850
3 6069 94 376
3 10240 376 94
3 94 6069 3481
3 94 3481 6661
3 6640 94 6661
3 94 6640 10240
3 95 2724 2689
3 95 2689 9328
3 95 2708 2709
3 95 10298 2708
3 95 2709 2724
3 95 9328 10298
3 3934 3837 96
3 3934 96 8214
3 8214 96 8844
3 96 10822 8844
3 97 9662 3398
3 9649 97 9637
3 9649 9658 97
3 97 9658 9662
3 8452 98 665
3 98 9456 665
3 392 99 7160
3 392 9623 99
3 99 9625 1346
3 9671 99 1346
3 9671 7160 99
3 9623 9625 99
3 1722 2258 100
3 1722 100 9716
3 100 2258 2642
3 100 2642 11035
3 100 9291 9716
3 100 9965 9291
3 100 11035 9965
3 4335 8320 101
3 4335 101 10234
3 101 8309 6087
3 101 6087 11030
3 8320 8309 101
3 101 11030 10234
3 103 104 2641
3 6894 104 103
3 9820 103 2641
3 7412 6894 103
3 7397 7412 103
3 7397 103 9820
3 2597 104 2593
3 6894 2593 104
3 104 2597 7353
3 104 7353 2641
3 3650 105 2806
3 105 3684 2806
3 105 3650 3974
3 3683 3684 105
3 105 3971 3683
3 105 3974 3971
3 3037 113 106
3 106 113 7053
3 106 314 2254
3 106 7053 314
3 106 2254 2883
3 3037 106 2883
3 186 369 107
3 5344 186 107
3 369 2046 107
3 1899 107 2046
3 5344 107 5339
3 411 141 108
3 108 141 3457
3 814 411 108
3 814 108 6573
3 2120 109 111
3 7083 111 109
3 112 109 3036
3 112 7083 109
3 2120 3033 109
3 3036 109 3033
3 3356 110 3360
3 9719 110 3356
3 4025 3360 110
3 4025 110 3655
3 3655 110 5401
3 9719 5401 110
3 111 114 833
3 111 3011 114
3 2120 111 833
3 7083 3011 111
3 112 787 2455
3 112 3036 787
3 112 2455 2456
3 112 2456 7083
3 120 113 6238
3 120 10650 113
3 3037 6238 113
3 113 10650 7053
3 486 2449 114
3 486 114 3011
3 833 114 801
3 114 2449 801
3 143 115 5414
3 115 3577 5414
3 9143 11163 115
3 4754 4163 116
3 4163 10654 116
3 4187 5918 116
3 4187 116 10655
3 4754 116 5918
3 10654 10655 116
3 117 328 255
3 117 255 790
3 10998 328 117
3 117 790 2996
3 117 2996 2993
3 10998 117 2993
3 6906 118 283
3 283 118 8592
3 118 2419 5032
3 6906 2419 118
3 119 856 3224
3 10388 856 119
3 119 3224 3172
3 119 3172 8669
3 3219 119 8669
3 10388 119 3219
3 2941 120 1159
3 120 6238 1159
3 2941 10515 120
3 120 10515 10650
3 1651 121 2056
3 3667 121 1651
3 121 6108 2056
3 121 2681 6108
3 6364 2681 121
3 6364 121 3667
3 3374 122 5992
3 3374 6779 122
3 5992 122 10856
3 9332 122 6779
3 9332 9693 122
3 9693 10856 122
3 2711 123 188
3 123 6426 188
3 2711 8509 123
3 4701 123 3653
3 123 8509 3653
3 4701 6426 123
3 124 10100 1166
3 124 1166 10583
3 2605 124 4448
3 2605 10100 124
3 124 6205 4448
3 124 10583 6205
3 1363 125 6647
3 7868 125 1363
3 6647 125 7865
3 7931 7865 125
3 7868 9492 125
3 9492 7931 125
3 7832 126 10450
3 7832 10509 126
3 10481 126 8186
3 10509 8186 126
3 10469 10450 126
3 10469 126 10481
3 894 827 127
3 127 827 10301
3 888 894 127
3 10305 888 127
3 4940 127 10301
3 4940 10305 127
3 2254 314 128
3 8799 128 314
3 1145 128 4946
3 1145 6004 128
3 2254 128 6004
3 8799 4946 128
3 129 197 5172
3 129 5172 199
3 129 199 11297
3 11291 129 11297
3 555 4168 130
3 555 130 4747
3 130 4168 10667
3 7107 4747 130
3 7107 130 10493
3 130 10667 10493
3 131 4159 2190
3 131 2190 4622
3 131 7152 4159
3 4622 4162 131
3 131 4162 7152
3 921 946 132
3 921 132 10119
3 132 946 3848
3 2442 3830 132
3 2442 132 3848
3 3830 10119 132
3 7534 6647 133
3 6647 7865 133
3 7534 133 7581
3 7581 133 8056
3 8056 133 7865
3 539 134 360
3 134 10401 360
3 10394 134 539
3 10416 134 10394
3 10416 10401 134
3 3603 135 276
3 4334 276 135
3 10893 135 3603
3 4334 135 4332
3 4332 135 9585
3 10893 9585 135
3 136 5710 7827
3 136 9655 5710
3 136 7031 9610
3 136 10508 7031
3 136 7827 9607
3 136 9607 10508
3 136 9610 9655
3 1055 137 1057
3 1055 1842 137
3 1057 137 5962
3 137 1842 1836
3 5962 137 1836
3 9812 140 138
3 3017 138 4382
3 9812 138 3017
3 9384 4382 138
3 139 2286 4842
3 139 5604 2286
3 139 4842 11099
3 139 9371 5604
3 139 11100 9371
3 139 11099 11100
3 1628 1754 140
3 9812 1628 140
3 411 7802 141
3 1831 1099 141
3 3457 141 1099
3 1831 141 7802
3 142 6815 489
3 8246 142 489
3 142 788 3825
3 8246 788 142
3 142 3825 5884
3 9642 142 5884
3 9642 6815 142
3 2241 403 143
3 4411 143 403
3 2241 143 5414
3 1193 1206 144
3 2206 1193 144
3 5090 144 1206
3 7570 2206 144
3 5090 5084 144
3 5084 7570 144
3 3801 993 145
3 993 5727 145
3 1447 2982 145
3 5727 1447 145
3 2982 1463 145
3 3801 145 1463
3 146 275 4602
3 146 9396 275
3 146 4602 965
3 146 965 9437
3 146 4076 9396
3 146 9437 4076
3 147 1278 8813
3 147 8813 2281
3 147 2281 9384
3 1599 148 150
3 9601 150 148
3 1599 224 148
3 224 6208 148
3 148 6208 286
3 9601 148 286
3 1637 150 149
3 9601 149 150
3 5120 1637 149
3 5667 5120 149
3 5667 149 5512
3 5512 149 9601
3 1599 150 2896
3 1637 2896 150
3 151 2117 2133
3 151 9088 2117
3 151 2133 9062
3 6705 6250 151
3 6250 9088 151
3 6705 151 9062
3 1455 152 3547
3 1455 5131 152
3 152 1521 3547
3 10296 1521 152
3 152 5131 5814
3 10296 152 5814
3 153 165 5086
3 165 153 9933
3 4837 1302 153
3 9910 153 1302
3 4837 153 5086
3 153 9910 9933
3 2662 2651 154
3 2651 7991 154
3 2662 154 4052
3 2705 154 7991
3 8082 154 2705
3 8082 4052 154
3 2680 155 1492
3 155 7310 1492
3 2680 4165 155
3 3072 155 3909
3 3072 7310 155
3 3909 155 4165
3 157 156 1275
3 4349 156 157
3 156 5143 1275
3 2918 156 1919
3 4349 1919 156
3 2918 5143 156
3 4349 157 162
3 6159 162 157
3 166 157 1275
3 6159 157 166
3 5893 158 873
3 6697 873 158
3 5904 3335 158
3 3335 6697 158
3 5896 158 5893
3 5904 158 5896
3 678 159 4765
3 7756 159 678
3 929 159 4685
3 5499 159 929
3 7756 4685 159
3 5499 4765 159
3 273 263 160
3 7108 160 263
3 160 7479 273
3 160 7108 11232
3 7479 160 11226
3 11232 11226 160
3 161 6187 5644
3 9119 161 5644
3 9119 6095 161
3 6095 9919 161
3 161 8481 6187
3 161 9919 8481
3 162 8244 4349
3 6149 162 8069
3 6149 8262 162
3 6159 8069 162
3 8244 162 8262
3 163 6319 358
3 163 358 10061
3 688 3793 163
3 688 163 10061
3 3535 163 3793
3 3535 6319 163
3 635 164 5057
3 164 635 8389
3 5057 164 7929
3 7919 7929 164
3 8353 7919 164
3 8353 164 8389
3 165 3080 9968
3 165 10764 3080
3 5086 165 9968
3 10764 165 9933
3 9616 166 1275
3 6159 166 1591
3 1591 166 11101
3 9616 11101 166
3 7863 167 1435
3 1435 167 8190
3 4979 8190 167
3 4979 167 10661
3 7863 7577 167
3 167 7577 10661
3 168 10639 4615
3 168 5607 10708
3 168 10635 10639
3 168 10723 10635
3 168 10708 10723
3 172 2460 169
3 172 169 5256
3 1351 169 1387
3 169 1351 4407
3 169 2460 1387
3 4407 5256 169
3 172 170 373
3 5256 170 172
3 170 372 373
3 372 170 2057
3 1377 2057 170
3 170 5256 1377
3 1321 171 9484
3 1321 9990 171
3 7000 171 2401
3 2401 171 9990
3 7000 9484 171
3 172 373 2460
3 173 3230 8910
3 11013 3230 173
3 11013 173 3560
3 173 11144 3560
3 10995 173 8910
3 10995 11144 173
3 174 1140 2883
3 174 6026 1140
3 2254 174 2883
3 2254 10767 174
3 7087 6026 174
3 7087 174 10767
3 2680 1492 175
3 2968 175 1492
3 2234 2579 175
3 2234 175 2968
3 2579 7605 175
3 2680 175 7605
3 2068 177 176
3 176 177 2625
3 1407 176 2625
3 5010 176 1407
3 5009 2068 176
3 5010 5009 176
3 2074 2063 177
3 177 2063 2625
3 2068 2071 177
3 2074 177 2071
3 4699 178 3772
3 9412 3772 178
3 4699 5170 178
3 9469 178 5170
3 9412 178 9440
3 9469 9440 178
3 185 179 182
3 182 179 3858
3 185 1755 179
3 1755 11076 179
3 3858 179 11076
3 1454 270 180
3 180 270 5406
3 1454 180 8154
3 180 5406 8186
3 10509 8154 180
3 10509 180 8186
3 5863 181 381
3 7006 381 181
3 5863 9925 181
3 6627 7006 181
3 6627 181 7068
3 9925 7068 181
3 185 182 4859
3 182 3858 11200
3 182 4868 4859
3 7604 4868 182
3 7604 182 11200
3 8430 2409 183
3 2409 9334 183
3 3627 183 3053
3 8840 3053 183
3 3627 8430 183
3 8840 183 9334
3 789 184 1067
3 9275 184 789
3 10271 1067 184
3 8347 184 9651
3 8347 10271 184
3 9275 9651 184
3 185 10868 1755
3 185 4859 11328
3 11328 10868 185
3 186 10254 369
3 2863 2846 186
3 2846 10254 186
3 5344 2863 186
3 207 202 187
3 7260 187 202
3 207 187 1417
3 187 1228 1365
3 7260 1228 187
3 9856 187 1365
3 9856 1417 187
3 2711 188 3063
3 6420 3063 188
3 6394 6420 188
3 6394 188 6426
3 198 5334 189
3 10459 198 189
3 189 5328 2423
3 10459 189 2423
3 5328 189 5212
3 5334 5212 189
3 190 5986 1023
3 190 1023 6147
3 190 6147 4486
3 190 4486 8166
3 190 9252 5986
3 190 8166 9252
3 7927 1643 191
3 9191 191 1643
3 7981 191 7257
3 7257 191 9590
3 7927 191 7981
3 9191 9590 191
3 2494 192 200
3 200 192 4062
3 2494 9107 192
3 192 9054 4062
3 9054 192 4365
3 9107 4365 192
3 193 1551 7674
3 8966 1551 193
3 1552 1853 193
3 1552 193 7674
3 193 1853 6163
3 8966 193 6163
3 1135 194 4533
3 1135 6189 194
3 1446 4533 194
3 6481 194 6189
3 6481 6448 194
3 288 321 195
3 195 1985 288
3 3450 195 321
3 195 3450 1595
3 195 1595 8908
3 1985 195 8908
3 913 3229 196
3 913 196 4406
3 2647 196 3229
3 2647 10780 196
3 4755 4406 196
3 4755 196 10780
3 239 604 197
3 604 5172 197
3 5348 198 4388
3 198 10459 4388
3 5357 5334 198
3 198 5348 5357
3 5172 5986 199
3 199 5986 9252
3 11297 199 9252
3 2494 200 7857
3 200 4062 8217
3 200 8217 7857
3 5149 9793 201
3 5149 201 10077
3 201 9793 5990
3 201 5990 10091
3 201 10093 10077
3 201 10091 10093
3 207 7254 202
3 7254 7262 202
3 202 7263 7260
3 7263 202 7262
3 203 7018 8583
3 204 259 6739
3 204 11276 259
3 6705 6724 204
3 6705 204 6739
3 6724 11276 204
3 209 205 7088
3 209 7103 205
3 205 7087 4848
3 205 4848 7088
3 205 10939 7087
3 205 7103 10939
3 206 991 7496
3 206 7971 991
3 1465 206 2967
3 1465 6609 206
3 2967 206 7496
3 206 6609 7971
3 207 1417 5369
3 207 5369 5318
3 207 5318 7254
3 208 218 1035
3 10875 218 208
3 1051 208 1035
3 1051 2430 208
3 2459 208 2430
3 2459 10875 208
3 209 6822 7103
3 209 10263 6822
3 209 7088 7089
3 209 7089 10263
3 1417 210 5369
3 9856 210 1417
3 1479 5220 210
3 9856 1479 210
3 5220 5316 210
3 210 5316 5369
3 4654 211 4557
3 211 5127 4557
3 4654 5698 211
3 211 8654 5127
3 211 5698 8656
3 8656 8654 211
3 212 10085 3796
3 212 3796 10102
3 212 4943 5426
3 212 10098 4943
3 212 5426 10085
3 212 10102 10098
3 213 3388 1079
3 213 1079 5636
3 4654 213 2293
3 213 5700 2293
3 4654 3388 213
3 213 5636 5700
3 214 9842 4203
3 214 4203 10939
3 214 7103 10838
3 214 10939 7103
3 214 8660 9842
3 214 10838 8660
3 421 215 431
3 421 1177 215
3 431 215 1432
3 5169 215 1177
3 5611 1432 215
3 5169 5611 215
3 216 670 6239
3 216 9547 670
3 216 6185 1571
3 216 1571 9461
3 216 6239 6185
3 216 9461 9547
3 548 957 217
3 9065 548 217
3 5168 217 957
3 5168 2256 217
3 2256 11253 217
3 9065 217 11253
3 218 2778 1035
3 218 2817 2778
3 2829 2817 218
3 2829 218 10875
3 220 1649 219
3 220 219 11293
3 223 219 9857
3 223 11293 219
3 219 1649 9857
3 220 1638 1649
3 220 8912 1638
3 220 6220 8912
3 220 11293 6220
3 221 1581 1577
3 221 1577 9857
3 221 9727 1581
3 221 1649 6607
3 221 9857 1649
3 221 6607 9727
3 222 4326 3155
3 222 3155 6152
3 222 8959 4326
3 222 6152 8226
3 222 8226 8775
3 222 8775 8959
3 223 1618 237
3 223 237 11293
3 223 1615 6216
3 223 9857 1615
3 223 6216 1618
3 1599 2259 224
3 9069 224 2259
3 9069 6208 224
3 225 442 8628
3 225 456 617
3 225 8628 456
3 225 617 615
3 303 226 3253
3 303 8909 226
3 226 2650 3253
3 226 7808 2650
3 226 8909 6211
3 9890 226 6211
3 9890 7808 226
3 822 227 979
3 822 10870 227
3 1018 979 227
3 1018 227 8000
3 8000 227 10870
3 228 4027 1123
3 228 1123 4223
3 4320 4027 228
3 228 4223 7077
3 4320 228 4675
3 228 7077 4675
3 1938 4662 229
3 1938 229 11317
3 11284 229 4662
3 7487 229 5213
3 5213 229 11284
3 7487 11317 229
3 6220 1620 230
3 9936 230 2663
3 6213 6220 230
3 6213 230 9936
3 231 1102 4780
3 231 10483 1102
3 231 4780 8611
3 231 8611 8617
3 231 8617 10592
3 231 10592 10483
3 5839 232 3668
3 3668 232 10963
3 9730 232 5839
3 9250 7486 232
3 10963 232 7486
3 9730 9250 232
3 3935 233 3046
3 3046 233 6098
3 3945 3157 233
3 3945 233 3935
3 5908 6098 233
3 234 455 1820
3 234 1935 455
3 234 694 1935
3 234 9244 694
3 2579 235 377
3 10957 377 235
3 2234 235 2579
3 2234 3813 235
3 9070 235 3813
3 9070 10957 235
3 1454 8154 236
3 1454 236 9286
3 8163 236 8154
3 10514 236 8163
3 9286 236 9712
3 10514 9712 236
3 237 1619 1600
3 237 1600 1620
3 1618 1619 237
3 11293 237 1620
3 639 4633 238
3 639 238 11335
3 238 4633 4660
3 7506 11335 238
3 239 8919 604
3 4294 239 8332
3 4294 8919 239
3 6417 240 5853
3 5853 240 9173
3 6425 6416 240
3 9168 240 6416
3 6417 6425 240
3 9168 9173 240
3 5277 241 919
3 919 241 5345
3 241 5277 1214
3 1214 5328 241
3 5212 241 5328
3 241 5212 5345
3 7971 242 1424
3 242 8655 1424
3 4899 242 3586
3 7971 3586 242
3 4899 8655 242
3 251 4509 243
3 251 243 10682
3 243 4484 4449
3 243 4449 10682
3 243 4528 4484
3 4509 4528 243
3 1969 244 348
3 244 2452 348
3 1969 831 244
3 831 2456 244
3 2455 2452 244
3 2455 244 2456
3 245 247 7381
3 247 245 9246
3 288 245 487
3 245 288 1985
3 487 245 7381
3 1985 9246 245
3 246 258 6534
3 246 10292 258
3 246 8662 4267
3 246 4267 9056
3 246 6534 8662
3 246 9056 10292
3 6069 1624 247
3 1624 9495 247
3 9246 6069 247
3 247 9495 7381
3 248 454 5721
3 10694 454 248
3 248 5721 6861
3 248 6861 6864
3 248 6864 9159
3 248 9159 10694
3 5909 249 5946
3 5909 7091 249
3 6387 5946 249
3 6387 249 7139
3 249 7091 6927
3 7139 249 6927
3 250 2174 254
3 250 254 6356
3 250 10889 2174
3 250 6356 6318
3 250 6318 10971
3 250 10971 10889
3 341 4247 251
3 341 251 10899
3 251 4247 4509
3 251 10682 10899
3 287 252 7245
3 287 7250 252
3 7095 7245 252
3 7095 252 9087
3 7250 7405 252
3 252 7405 9087
3 278 4196 253
3 278 253 8470
3 2312 253 6223
3 2312 8470 253
3 4196 2525 253
3 253 2525 6223
3 254 256 1685
3 254 11015 256
3 254 1685 6356
3 254 2174 11015
3 255 328 2452
3 255 787 790
3 2455 787 255
3 2455 255 2452
3 1694 1685 256
3 2761 1694 256
3 10984 2761 256
3 10984 256 11015
3 2579 377 257
3 8567 257 377
3 2579 257 7605
3 7361 7605 257
3 8744 7361 257
3 8567 8744 257
3 258 1768 1767
3 258 1767 8109
3 10292 1768 258
3 6534 258 8109
3 259 3389 1748
3 259 1748 10569
3 259 11276 3389
3 6739 259 10569
3 260 1665 9044
3 9677 1665 260
3 260 2684 6569
3 260 9044 2684
3 260 6569 6761
3 9677 260 6761
3 4284 1999 261
3 4291 261 1999
3 261 2019 2015
3 4284 261 2015
3 261 10843 2019
3 4291 10843 261
3 4207 262 4206
3 262 10769 4206
3 262 4207 4221
3 262 4221 4218
3 262 4218 10770
3 262 10770 10769
3 273 4333 263
3 7616 263 4333
3 263 7537 7108
3 7537 263 7616
3 1075 3109 264
3 1075 264 10098
3 10209 264 3109
3 264 4943 10098
3 10621 4943 264
3 10209 10212 264
3 10212 10621 264
3 4858 265 891
3 6325 891 265
3 4858 6438 265
3 6325 265 5713
3 5713 265 6435
3 265 6438 6435
3 266 976 977
3 266 2699 976
3 266 977 9243
3 266 4683 2699
3 266 9233 4683
3 266 9243 9233
3 9465 3851 267
3 3851 10208 267
3 9465 267 3864
3 10191 3864 267
3 10191 267 10205
3 10205 267 10208
3 268 2172 2083
3 268 2083 9698
3 268 2162 2172
3 268 2541 2162
3 268 9717 2541
3 268 9698 9717
3 269 2083 2085
3 9694 2083 269
3 269 2085 2102
3 269 2102 2089
3 269 2089 7426
3 9694 269 7426
3 1454 5602 270
3 5675 5406 270
3 5753 270 5602
3 5675 270 5753
3 271 8404 275
3 9396 271 275
3 271 6253 2616
3 271 2616 8404
3 271 10310 6253
3 9396 10310 271
3 9916 5394 272
3 5394 10282 272
3 6758 6798 272
3 272 10282 6758
3 272 6798 10345
3 9916 272 10345
3 273 8314 4333
3 273 7479 7521
3 273 7521 8314
3 409 650 274
3 409 274 1459
3 274 650 2349
3 10446 1459 274
3 7191 274 2349
3 10446 274 7191
3 4602 275 643
3 275 8404 643
3 8029 3603 276
3 4334 9602 276
3 8029 276 7529
3 7529 276 9602
3 277 3281 360
3 277 360 10401
3 1296 1486 277
3 1296 277 10401
3 277 1486 8190
3 277 8190 3281
3 278 9817 4196
3 278 8470 10072
3 278 10070 9817
3 278 10072 10070
3 6010 1740 279
3 279 1740 10331
3 6010 279 6244
3 6464 6244 279
3 6464 279 9924
3 279 10331 9924
3 5060 398 280
3 398 5326 280
3 280 1893 5248
3 280 5456 1893
3 5060 280 5248
3 5326 5456 280
3 4804 281 4420
3 4420 281 5363
3 4804 4517 281
3 7774 281 4517
3 7774 5363 281
3 282 4507 1863
3 9349 282 1863
3 282 4499 4507
3 282 9505 4499
3 4562 282 9349
3 4562 9505 282
3 3099 283 8592
3 3099 8602 283
3 6906 283 8602
3 284 6020 3531
3 284 3531 10699
3 10801 6020 284
3 284 7887 7900
3 284 10699 7887
3 10801 284 7900
3 781 285 778
3 781 7746 285
3 285 7746 7054
3 1275 5143 286
3 9616 1275 286
3 286 5143 5139
3 9601 286 5139
3 9616 286 6208
3 7212 287 7245
3 7212 8352 287
3 287 7227 7250
3 8352 7227 287
3 321 288 450
3 288 487 450
3 296 289 295
3 297 295 289
3 5201 289 296
3 10339 297 289
3 5201 6451 289
3 6451 10339 289
3 1721 290 292
3 292 290 8184
3 5201 296 290
3 296 8184 290
3 1721 6449 290
3 5201 290 6449
3 291 5473 293
3 291 293 6237
3 291 6236 1135
3 8091 291 1135
3 8091 5473 291
3 291 6237 6236
3 1721 292 10288
3 292 8184 10216
3 8284 292 10216
3 10288 292 8284
3 8158 293 5473
3 6764 6237 293
3 6764 293 6736
3 8158 6736 293
3 3984 294 3050
3 294 9800 3050
3 8811 294 3984
3 8893 8384 294
3 294 8384 9800
3 8893 294 8811
3 296 295 11298
3 11204 295 297
3 1576 295 11204
3 1576 11298 295
3 296 11298 8184
3 8114 4731 297
3 4731 11204 297
3 8114 297 10339
3 309 298 3503
3 8792 298 309
3 620 11276 298
3 620 298 11333
3 11276 3503 298
3 11333 298 8792
3 299 2359 2361
3 299 6893 2359
3 299 2361 2362
3 7188 299 2362
3 299 9901 6893
3 7188 9901 299
3 300 1988 1993
3 300 3755 1988
3 300 1993 2042
3 300 2042 5351
3 300 6829 3755
3 300 5351 6829
3 301 3071 3082
3 301 4093 3071
3 301 4089 3073
3 301 3073 4093
3 301 3082 6631
3 301 6631 4089
3 3954 302 304
3 304 302 7121
3 305 7123 302
3 305 302 7128
3 3954 7128 302
3 302 7123 7121
3 303 3253 6204
3 303 5680 5907
3 303 6204 5680
3 303 5907 8909
3 3954 304 7122
3 304 7121 8618
3 304 8618 7122
3 329 305 7128
3 329 9972 305
3 9972 7123 305
3 306 3007 340
3 3027 306 340
3 306 3002 3006
3 7914 3002 306
3 306 3006 3007
3 7914 306 3027
3 495 307 434
3 307 10907 434
3 9096 307 495
3 2921 307 4577
3 2921 10907 307
3 9096 4577 307
3 423 308 8483
3 9855 308 423
3 2983 6329 308
3 9855 2983 308
3 308 6329 6834
3 8483 308 6834
3 309 588 364
3 2872 309 364
3 309 3503 588
3 2872 8792 309
3 310 2670 3571
3 310 7864 2670
3 310 3571 4363
3 310 4363 7617
3 310 7617 7362
3 310 7362 7864
3 311 3833 7936
3 311 11332 3833
3 311 6352 5742
3 311 5742 9885
3 311 7936 6352
3 311 9885 11332
3 5795 479 312
3 11066 312 479
3 1204 312 3755
3 1204 5795 312
3 316 313 8949
3 316 11222 313
3 313 1532 7116
3 313 11222 1532
3 313 7116 7154
3 313 7154 8949
3 314 7053 841
3 8799 314 841
3 4842 2286 315
3 315 2286 10286
3 4842 315 8714
3 5504 315 4918
3 315 10286 4918
3 5504 8714 315
3 4899 316 8655
3 4899 11093 316
3 316 8949 8655
3 11093 11222 316
3 1988 3755 317
3 1988 317 7587
3 3445 6020 317
3 7587 317 6020
3 1537 1328 318
3 11134 318 1328
3 11088 1537 318
3 6781 11088 318
3 6781 318 11151
3 11151 318 11134
3 319 935 2879
3 935 319 9764
3 2879 9893 319
3 319 3662 9764
3 9893 3662 319
3 630 4623 320
3 11265 630 320
3 4163 320 10654
3 11265 320 4163
3 4622 320 4623
3 4622 10654 320
3 321 450 705
3 2860 321 705
3 321 2860 3450
3 335 3499 322
3 335 322 5681
3 322 650 409
3 322 409 5681
3 322 9288 650
3 322 3499 9288
3 323 4248 2030
3 4570 323 2030
3 323 2065 4248
3 2065 323 4830
3 4570 2069 323
3 2069 4830 323
3 382 324 1882
3 382 6588 324
3 1253 1161 324
3 1161 1882 324
3 1253 324 6588
3 1949 325 3897
3 325 1949 10653
3 2000 3897 325
3 325 4005 2000
3 4005 325 2215
3 325 10653 2215
3 7154 1664 326
3 1664 9238 326
3 7154 326 8949
3 8655 326 8929
3 8655 8949 326
3 326 9238 8929
3 327 7140 330
3 10785 327 330
3 327 331 7840
3 331 327 10785
3 7140 327 2490
3 7840 2490 327
3 1965 2451 328
3 10998 1965 328
3 328 2451 2452
3 329 330 343
3 10785 330 329
3 329 343 9972
3 7128 10785 329
3 343 330 7140
3 443 331 1898
3 331 443 2546
3 1898 331 10785
3 7840 331 2546
3 1537 332 1328
3 332 6818 1328
3 1540 1522 332
3 7566 332 1522
3 1537 1540 332
3 7566 6818 332
3 351 914 333
3 351 333 4683
3 333 914 9865
3 333 2702 2699
3 333 2699 4683
3 2702 333 3982
3 3982 333 9865
3 2168 334 342
3 334 7123 342
3 2165 334 2167
3 7121 334 2165
3 2167 334 2168
3 7121 7123 334
3 335 5681 922
3 6280 335 922
3 6280 3499 335
3 596 340 336
3 336 340 9955
3 8450 596 336
3 8449 336 2478
3 336 9955 2478
3 8449 8450 336
3 347 8641 337
3 8942 347 337
3 337 3587 3742
3 4596 3587 337
3 8942 337 3742
3 4596 337 8641
3 339 338 1284
3 339 1530 338
3 8168 1284 338
3 6294 338 1530
3 3090 338 6294
3 3090 8168 338
3 9346 339 1284
3 1927 1530 339
3 4800 1927 339
3 2004 4800 339
3 2004 339 9346
3 596 3027 340
3 340 3007 9958
3 340 9958 9955
3 341 4009 3735
3 341 3735 4247
3 341 9509 4009
3 341 10899 9509
3 342 344 9958
3 9972 344 342
3 2168 342 9958
3 7123 9972 342
3 344 343 9952
3 343 344 9972
3 7140 9952 343
3 9952 9955 344
3 344 9955 9958
3 5683 3851 345
3 9465 345 3851
3 5683 345 5984
3 5984 345 9004
3 345 11143 9004
3 9465 11143 345
3 346 6051 380
3 10267 346 380
3 346 9423 6051
3 8853 9423 346
3 8853 346 9466
3 9466 346 10267
3 347 7753 7992
3 8942 7753 347
3 8364 347 7992
3 8364 8641 347
3 1974 1969 348
3 1974 348 3277
3 348 2452 2451
3 348 2451 3277
3 5331 349 413
3 5862 413 349
3 859 349 820
3 820 349 1195
3 5862 349 859
3 5331 1195 349
3 1689 7154 350
3 1689 350 8772
3 5362 350 4734
3 7116 4734 350
3 5362 8772 350
3 7154 7116 350
3 8921 914 351
3 351 3990 3996
3 351 4683 3990
3 3996 8921 351
3 4530 352 475
3 352 9178 475
3 352 3588 514
3 352 514 9178
3 352 5246 3588
3 4530 5246 352
3 394 353 362
3 3904 362 353
3 394 5924 353
3 3904 353 5923
3 5924 5923 353
3 394 362 354
3 463 354 362
3 394 354 3352
3 463 5404 354
3 3352 354 1968
3 354 5404 1968
3 3916 359 355
3 355 359 9839
3 404 368 355
3 5778 355 368
3 404 355 9839
3 5778 3916 355
3 356 510 1967
3 356 7889 510
3 2485 356 1967
3 2485 2560 356
3 356 2560 7858
3 356 7858 7889
3 574 357 576
3 574 8846 357
3 576 357 11028
3 1951 8253 357
3 1951 357 8846
3 357 8253 11028
3 358 9765 5796
3 358 5796 10061
3 6319 6227 358
3 358 6227 9765
3 3916 361 359
3 8793 359 361
3 7317 359 8793
3 7317 9839 359
3 539 360 2203
3 2203 360 3281
3 3536 8793 361
3 3536 361 8801
3 3916 3924 361
3 8801 361 3924
3 463 362 7169
3 3904 7169 362
3 567 1973 363
3 567 363 8846
3 1952 1951 363
3 1951 8846 363
3 1971 1952 363
3 1973 1971 363
3 364 506 385
3 8512 364 385
3 364 588 506
3 2872 364 8512
3 365 588 3503
3 365 6699 588
3 6724 365 3503
3 5883 6699 365
3 8955 5883 365
3 6724 8955 365
3 1212 1397 366
3 8645 1212 366
3 1397 10717 366
3 6963 4374 366
3 8645 366 4374
3 6963 366 10717
3 1407 367 1410
3 1407 1416 367
3 5294 1410 367
3 1416 6106 367
3 5046 5294 367
3 5046 367 6106
3 368 3641 395
3 5778 368 395
3 3514 368 404
3 3514 3598 368
3 3598 3641 368
3 1042 369 724
3 724 369 10254
3 1042 2046 369
3 370 2051 2050
3 370 2050 7296
3 7920 2051 370
3 370 7296 7295
3 370 7295 8311
3 7920 370 8311
3 822 979 371
3 3779 822 371
3 2678 371 979
3 2678 7841 371
3 3779 371 10430
3 10430 371 7841
3 373 372 2071
3 1959 1958 372
3 372 1958 2072
3 1959 372 2057
3 372 2072 2071
3 373 2071 2068
3 373 2068 2460
3 375 2131 374
3 375 374 7412
3 6894 374 2096
3 374 7424 2096
3 2131 7424 374
3 7412 374 6894
3 375 7420 2131
3 375 7414 7409
3 375 7409 7420
3 375 7412 7414
3 376 1624 6069
3 1624 376 6606
3 376 6632 6606
3 376 10240 6632
3 8567 377 7595
3 7595 377 10957
3 1814 378 2107
3 1814 6176 378
3 2107 378 2538
3 2156 2538 378
3 4673 2156 378
3 4673 378 4552
3 4552 378 6176
3 379 955 9042
3 379 10060 955
3 960 3890 379
3 960 379 9042
3 3780 379 3890
3 3780 10060 379
3 7277 380 6051
3 9941 380 7277
3 9710 380 9941
3 9710 10267 380
3 5863 381 5525
3 8372 5525 381
3 7006 6996 381
3 8372 381 6996
3 1876 1561 382
3 382 1561 6461
3 1876 382 1882
3 382 6461 6588
3 466 2964 383
3 466 383 9789
3 2964 9809 383
3 383 9787 9789
3 383 9809 9787
3 384 660 9491
3 11236 660 384
3 384 3555 3365
3 8788 384 3365
3 384 9491 3555
3 8788 9121 384
3 11236 384 9121
3 385 506 470
3 3708 385 470
3 3708 2831 385
3 2831 8512 385
3 386 1503 1504
3 386 1505 1503
3 386 1504 8571
3 3057 1505 386
3 3057 386 1902
3 386 8571 1902
3 2124 387 835
3 835 387 7436
3 387 2124 2790
3 387 2534 7436
3 387 9782 2534
3 2790 9787 387
3 387 9787 9782
3 8444 388 782
3 388 8474 782
3 2124 810 388
3 388 810 8474
3 2790 2124 388
3 2790 388 8444
3 430 389 405
3 4795 405 389
3 430 4584 389
3 4815 389 4584
3 4795 389 10044
3 4815 10046 389
3 10044 389 10046
3 392 6195 390
3 392 390 9623
3 2187 390 2721
3 390 6195 2721
3 2628 6552 391
3 391 8410 2628
3 6376 2683 391
3 2683 8410 391
3 6376 391 10432
3 391 6552 10432
3 7445 6195 392
3 7160 7445 392
3 8875 5140 393
3 5140 10807 393
3 5223 393 10807
3 10831 393 5223
3 10829 8875 393
3 10831 10829 393
3 394 3352 3266
3 5931 394 3266
3 5931 5924 394
3 1480 395 3641
3 3698 395 1480
3 3698 7310 395
3 5778 395 7310
3 3952 396 400
3 396 5978 400
3 3310 396 504
3 3952 504 396
3 3310 5974 396
3 396 5974 5978
3 441 397 457
3 441 9731 397
3 457 397 5147
3 5147 397 2373
3 2373 397 8898
3 397 9731 8898
3 5065 398 5060
3 5065 10873 398
3 398 7410 5326
3 398 10873 7410
3 7960 399 505
3 9768 505 399
3 771 806 399
3 7960 771 399
3 9436 399 806
3 9768 399 9436
3 1175 3737 400
3 1175 400 5978
3 5923 400 3737
3 3952 400 5924
3 5924 400 5923
3 401 2121 6570
3 7460 2121 401
3 2870 401 2210
3 401 6570 2210
3 2870 2216 401
3 2216 7460 401
3 3965 4053 402
3 4055 3965 402
3 8668 402 4053
3 4055 402 10547
3 10506 4056 402
3 10547 402 4056
3 8668 10506 402
3 2241 2251 403
3 403 2251 8581
3 10658 4411 403
3 403 8581 10728
3 10658 403 10728
3 3514 404 10107
3 404 9839 9840
3 404 9840 10107
3 430 405 7186
3 4795 3299 405
3 3299 9772 405
3 9772 7186 405
3 6587 406 639
3 406 11306 639
3 754 406 6587
3 754 9065 406
3 9065 11306 406
3 3378 9726 407
3 3378 407 9946
3 3687 3694 407
3 3687 407 9726
3 9318 407 3694
3 9318 9946 407
3 408 7522 4844
3 9156 408 4844
3 9048 6409 408
3 9338 408 6409
3 9338 7522 408
3 9048 408 9156
3 409 1459 4647
3 409 4647 5681
3 727 410 890
3 727 5980 410
3 410 7153 890
3 410 3973 7153
3 5980 7235 410
3 814 7810 411
3 411 7458 7802
3 411 7810 7458
3 414 412 9363
3 414 10502 412
3 412 8057 1887
3 412 1887 9363
3 6660 8057 412
3 6660 412 10502
3 413 1688 1397
3 5331 413 1397
3 5864 1688 413
3 5862 5864 413
3 414 9363 10427
3 10452 414 10427
3 10452 10477 414
3 414 10477 10502
3 1178 1172 415
3 415 1172 2377
3 1178 415 5059
3 7776 415 2377
3 2390 5059 415
3 7776 2390 415
3 1170 416 425
3 416 4894 425
3 1170 1172 416
3 1178 416 1172
3 1178 4894 416
3 517 4158 417
3 417 6165 517
3 417 9728 566
3 417 566 9794
3 417 4158 9728
3 417 6275 6165
3 417 9794 6275
3 418 1748 1608
3 418 1608 3548
3 418 10569 1748
3 5152 418 3548
3 5152 10704 418
3 418 10704 10569
3 502 419 2192
3 502 10691 419
3 10505 2192 419
3 11261 10505 419
3 10531 419 10691
3 11261 419 10531
3 908 420 1010
3 908 10259 420
3 420 2046 1010
3 1899 2046 420
3 10389 1899 420
3 10389 420 10259
3 421 425 1177
3 2421 425 421
3 10011 421 431
3 2421 421 10011
3 422 566 6581
3 9794 566 422
3 422 6581 4492
3 10862 422 4492
3 9794 422 10861
3 10862 10861 422
3 423 2255 8482
3 423 8483 2255
3 9850 423 8482
3 9850 9855 423
3 3125 2381 424
3 4650 424 2381
3 5725 3125 424
3 5725 424 7235
3 1170 425 2421
3 4894 1177 425
3 426 1589 2350
3 426 6654 1589
3 426 2554 1590
3 426 1590 6654
3 426 2350 9867
3 426 9867 2554
3 4786 427 428
3 428 427 6130
3 4786 1590 427
3 427 1590 6784
3 6130 427 7050
3 7050 427 6784
3 4786 428 4785
3 5798 4785 428
3 5798 428 6470
3 428 6130 6470
3 4538 429 4170
3 6365 4170 429
3 4198 4181 429
3 4181 6365 429
3 4198 429 4213
3 4213 429 4538
3 430 4684 4584
3 430 4880 4684
3 430 7186 4880
3 9729 436 431
3 436 10011 431
3 431 1432 9729
3 432 451 445
3 432 445 11325
3 5202 451 432
3 5202 432 10050
3 432 9816 10050
3 432 11325 9816
3 2793 581 433
3 433 581 2829
3 433 4724 2793
3 3179 433 2829
3 3179 3238 433
3 433 3238 4724
3 495 434 7836
3 434 5880 7836
3 9874 5880 434
3 9874 434 10907
3 2967 692 435
3 435 692 7501
3 2969 2967 435
3 2969 435 7951
3 435 7501 7951
3 9729 4388 436
3 4388 10459 436
3 436 10363 10011
3 436 10459 10363
3 6323 7127 437
3 6323 437 7679
3 6532 437 7127
3 6532 11091 437
3 437 11279 7679
3 437 11091 11279
3 1474 438 1704
3 1474 5246 438
3 438 7072 1704
3 438 5246 5244
3 9132 438 5244
3 9132 7072 438
3 2680 439 4165
3 2680 7605 439
3 4395 4165 439
3 4395 439 9803
3 7361 439 7605
3 9803 439 7361
3 440 499 1048
3 440 3849 499
3 440 1048 1739
3 440 1739 10625
3 440 10617 3849
3 440 10625 10617
3 441 457 449
3 441 449 4523
3 441 4523 9731
3 3584 715 442
3 715 8628 442
3 443 1898 1281
3 10716 443 1281
3 2546 443 1444
3 443 10716 1444
3 444 449 446
3 5100 444 446
3 444 4523 449
3 4523 444 6070
3 444 5100 7404
3 7404 6070 444
3 445 451 471
3 445 471 465
3 445 465 4336
3 445 4336 1978
3 11325 445 1978
3 449 1196 446
3 2422 446 1196
3 446 2422 2407
3 5100 446 2407
3 8367 447 5434
3 447 10557 5434
3 8328 447 8308
3 8367 8308 447
3 8328 9282 447
3 9282 10557 447
3 448 2746 2848
3 448 9690 2746
3 448 2848 5784
3 448 5784 8385
3 448 8228 6118
3 448 6118 9690
3 448 8385 8228
3 449 457 1196
3 487 453 450
3 453 9228 450
3 705 450 9228
3 476 471 451
3 476 451 9975
3 5202 9975 451
3 452 1196 457
3 452 457 4836
3 1171 452 2372
3 1171 2405 452
3 452 2405 1196
3 452 4836 2372
3 487 4537 453
3 3418 453 538
3 538 453 4537
3 3418 9228 453
3 2628 454 6287
3 454 2628 8410
3 4610 6287 454
3 454 10694 4610
3 8410 5721 454
3 455 677 1820
3 455 9165 677
3 1935 9165 455
3 456 629 617
3 457 5147 4836
3 458 2879 935
3 458 935 2926
3 2879 458 9785
3 8104 458 2926
3 9891 458 8104
3 9891 9785 458
3 459 460 461
3 459 2437 460
3 459 461 2355
3 459 2355 2346
3 459 2346 2436
3 459 2436 2437
3 2438 461 460
3 9435 460 2437
3 7438 2438 460
3 9435 7438 460
3 461 2356 2355
3 2439 2356 461
3 2439 461 2438
3 464 2964 462
3 462 7815 464
3 477 482 462
3 477 462 6928
3 462 482 7815
3 2964 6928 462
3 463 479 3423
3 463 7169 479
3 463 3423 5404
3 464 2735 2148
3 464 2148 9809
3 464 7815 2735
3 2964 464 9809
3 507 465 471
3 3534 465 507
3 3534 4336 465
3 784 466 9789
3 610 467 1000
3 610 3218 467
3 467 900 1000
3 467 3218 6459
3 703 2222 468
3 2338 703 468
3 2105 468 1039
3 468 2222 1039
3 2105 6253 468
3 2338 468 6253
3 9897 469 950
3 950 469 10898
3 956 8944 469
3 9897 956 469
3 10898 469 8944
3 3928 470 506
3 2909 3042 470
3 2909 470 3928
3 3708 470 3042
3 476 474 471
3 474 507 471
3 477 6928 472
3 472 7535 477
3 6879 472 7054
3 7535 472 6879
3 477 473 482
3 7535 473 477
3 7438 482 473
3 7438 473 2438
3 9438 2438 473
3 7535 9438 473
3 476 5657 474
3 474 4543 507
3 474 775 4543
3 474 5657 775
3 4530 475 9189
3 475 7364 5317
3 475 5317 9189
3 475 9178 7364
3 476 9975 5657
3 5609 2850 478
3 6400 478 2850
3 6182 5609 478
3 6182 478 6562
3 6400 6457 478
3 6457 6562 478
3 3423 479 5795
3 7169 11066 479
3 9507 480 742
3 742 480 10260
3 7898 5880 480
3 480 5880 10260
3 7898 480 9701
3 9507 9701 480
3 2504 6180 481
3 2504 481 9140
3 6493 2770 481
3 9140 481 2770
3 5418 6493 481
3 5418 481 10426
3 10426 481 6180
3 7438 2903 482
3 2903 7815 482
3 483 486 3011
3 483 5306 486
3 2462 832 483
3 483 832 2464
3 2462 483 3011
3 483 2464 5306
3 484 2449 486
3 5306 484 486
3 824 7818 484
3 7912 824 484
3 7818 2449 484
3 7912 484 5306
3 2432 485 5575
3 2432 10460 485
3 3444 485 2475
3 2475 485 10460
3 3444 10332 485
3 10332 5575 485
3 487 7381 4537
3 569 488 1861
3 569 6675 488
3 1817 488 1506
3 1506 488 10245
3 1817 1861 488
3 6675 10245 488
3 8319 489 6815
3 8246 489 8251
3 489 10115 8251
3 8319 10115 489
3 949 490 767
3 2445 767 490
3 949 7769 490
3 5995 490 1188
3 1188 490 7769
3 5995 2445 490
3 6833 2304 491
3 491 2304 10568
3 4125 491 8268
3 4125 10631 491
3 6833 491 10631
3 8268 491 10568
3 2669 493 492
3 492 493 9930
3 492 8013 2669
3 7102 7094 492
3 7094 8013 492
3 7102 492 9930
3 494 493 531
3 494 9930 493
3 531 493 9974
3 493 2669 9974
3 525 494 765
3 525 1906 494
3 494 531 765
3 494 1906 1914
3 494 1914 9930
3 3695 495 7836
3 3695 8094 495
3 9096 495 8094
3 2485 496 2560
3 2485 2799 496
3 2496 2560 496
3 2496 496 3592
3 4327 496 2799
3 4327 3592 496
3 3782 3309 497
3 3309 10056 497
3 3782 497 10054
3 3785 497 10056
3 3785 10057 497
3 497 10057 10054
3 498 524 535
3 498 6588 524
3 5668 498 535
3 498 1253 6588
3 498 6664 1253
3 5668 6664 498
3 1048 499 6685
3 499 3854 3847
3 499 3847 6685
3 499 3849 3854
3 500 2786 2476
3 500 2476 2976
3 500 3162 2629
3 500 2629 5043
3 500 5043 2786
3 500 2976 3162
3 2492 2490 501
3 2553 501 2490
3 2492 501 3592
3 2496 501 2552
3 501 2496 3592
3 2552 501 2553
3 502 508 5950
3 502 6058 508
3 502 2192 6058
3 502 5950 8194
3 502 8194 10691
3 503 875 885
3 503 2428 875
3 5974 503 885
3 503 1324 2428
3 3310 1324 503
3 3310 503 5974
3 3310 504 1324
3 504 6276 1324
3 504 2547 6276
3 504 11123 2547
3 3952 11123 504
3 9549 505 3747
3 9628 3747 505
3 9549 7960 505
3 9768 9628 505
3 8103 506 588
3 8103 3928 506
3 3534 507 11150
3 11150 507 4543
3 8625 5950 508
3 508 6058 11263
3 8625 508 11242
3 508 11263 11242
3 509 1926 568
3 509 568 2092
3 509 8970 1826
3 509 1826 11309
3 509 11309 1926
3 8935 509 2092
3 8935 8970 509
3 5416 1967 510
3 2540 7004 510
3 2540 510 7889
3 5416 510 7004
3 2540 511 7004
3 2540 10796 511
3 7004 511 6755
3 9302 6755 511
3 9302 511 8905
3 10796 8905 511
3 528 516 512
3 2543 512 516
3 528 512 523
3 523 512 2548
3 2543 6646 512
3 2548 512 6646
3 1627 513 1047
3 1047 513 4206
3 2638 513 1627
3 2638 4207 513
3 513 4207 4206
3 3588 4499 514
3 4499 9505 514
3 9178 514 9522
3 9522 514 9505
3 1185 740 515
3 515 740 1300
3 8277 1185 515
3 515 1300 1441
3 515 1441 5315
3 8277 515 5315
3 528 7879 516
3 2543 516 7877
3 7879 7877 516
3 2991 529 517
3 4158 517 529
3 2991 517 5739
3 5739 517 6165
3 2008 8318 518
3 2008 518 10342
3 518 7396 7395
3 518 7395 10342
3 518 7401 7396
3 8318 7401 518
3 792 557 519
3 11016 519 557
3 792 519 8045
3 6809 519 6274
3 11016 6274 519
3 8045 519 6809
3 520 1908 3364
3 520 4923 1908
3 3267 2229 520
3 2229 10463 520
3 3267 520 3364
3 520 10463 4923
3 6043 521 560
3 560 521 7110
3 853 521 756
3 6043 756 521
3 5137 521 853
3 5137 7110 521
3 6562 522 1030
3 6586 1030 522
3 5065 1091 522
3 1091 6586 522
3 5065 522 6457
3 6457 522 6562
3 525 523 530
3 525 765 523
3 528 523 739
3 530 523 2548
3 765 739 523
3 535 524 557
3 557 524 6093
3 524 6588 6093
3 525 530 7211
3 525 7211 1906
3 526 2694 2701
3 526 9446 2694
3 526 2701 8139
3 526 9274 2712
3 526 2712 9446
3 526 8139 9274
3 701 1147 527
3 701 527 6255
3 9919 527 1147
3 3606 527 9919
3 3606 10586 527
3 10586 6255 527
3 528 739 1018
3 528 1018 7879
3 2991 6563 529
3 4158 529 4719
3 6561 4719 529
3 6561 529 6563
3 1444 530 2548
3 1444 10716 530
3 10716 7211 530
3 2678 765 531
3 2678 531 7841
3 531 9974 7841
3 532 533 547
3 11199 533 532
3 7904 532 547
3 2570 578 532
3 578 11199 532
3 2570 532 7904
3 533 534 540
3 11199 534 533
3 2925 533 540
3 533 542 547
3 2925 542 533
3 10768 540 534
3 2568 10768 534
3 2568 534 11199
3 3083 535 557
3 9118 535 3083
3 5668 535 9118
3 585 536 607
3 585 623 536
3 607 536 624
3 623 6370 536
3 3585 624 536
3 6370 3585 536
3 8253 2577 537
3 2577 8525 537
3 7823 537 5280
3 537 8525 5280
3 7823 11028 537
3 8253 537 11028
3 538 4537 2150
3 538 2150 8236
3 3418 538 4285
3 538 8236 4285
3 10475 539 2203
3 10394 539 10478
3 10478 539 10475
3 1881 746 540
3 746 2925 540
3 1881 540 10768
3 607 541 561
3 541 8756 561
3 607 624 541
3 722 541 624
3 722 10243 541
3 541 6811 8756
3 10243 6811 541
3 542 545 547
3 8450 545 542
3 2925 8466 542
3 8450 542 8466
3 543 1080 1037
3 543 1037 7214
3 543 2865 1080
3 543 5561 2865
3 543 7227 5561
3 543 7214 7227
3 884 2914 544
3 884 544 5207
3 544 2914 2899
3 6462 544 2899
3 544 6514 5207
3 6462 6514 544
3 7904 547 545
3 7904 545 9843
3 8449 545 8450
3 8449 9843 545
3 568 1861 546
3 8976 568 546
3 546 1861 7336
3 546 7336 10557
3 8976 546 9282
3 9282 546 10557
3 754 8506 548
3 754 548 9065
3 786 957 548
3 786 548 8506
3 10052 700 549
3 700 10063 549
3 3785 3786 549
3 3785 549 10063
3 3786 9772 549
3 10052 549 9772
3 550 4426 1273
3 9556 550 1273
3 3574 550 4428
3 550 3574 5867
3 4426 550 9190
3 550 9556 4428
3 5867 9190 550
3 917 579 551
3 579 10062 551
3 917 551 916
3 4614 916 551
3 3739 4614 551
3 3739 551 10062
3 8859 552 733
3 552 9459 733
3 8859 8806 552
3 9080 552 8806
3 9080 9439 552
3 9439 9459 552
3 1175 553 1077
3 4594 1077 553
3 1175 5978 553
3 4594 553 7697
3 5978 7697 553
3 554 8576 3023
3 554 3023 9533
3 8933 8576 554
3 8933 554 8601
3 8948 8601 554
3 8948 554 9533
3 555 10472 4168
3 555 4747 5296
3 555 5296 5319
3 555 5319 10472
3 556 1971 1940
3 556 1940 9953
3 556 1954 1952
3 556 1952 1971
3 556 2129 1954
3 556 9953 2129
3 792 3083 557
3 11016 557 6093
3 598 7195 558
3 598 558 8232
3 4132 558 7195
3 4132 10619 558
3 8268 8232 558
3 10619 8268 558
3 559 2829 581
3 6341 559 581
3 559 2817 2829
3 559 2849 2817
3 559 4957 2849
3 6341 4957 559
3 5793 560 4854
3 4854 560 7110
3 5793 5047 560
3 5047 6043 560
3 8756 575 561
3 11272 561 575
3 607 561 618
3 618 561 11272
3 5342 562 587
3 587 562 7716
3 5342 5281 562
3 5650 562 5281
3 5650 7712 562
3 7716 562 7712
3 8756 563 575
3 563 8769 575
3 4590 8769 563
3 4590 563 8770
3 6164 563 8756
3 6164 8770 563
3 564 991 1424
3 7494 991 564
3 564 1424 8929
3 7494 564 4808
3 4808 564 8929
3 673 565 7890
3 673 9170 565
3 565 713 685
3 7890 565 685
3 565 7085 713
3 9170 7085 565
3 6581 566 10888
3 10888 566 9728
3 567 570 828
3 567 8846 570
3 567 828 831
3 567 831 1969
3 567 1969 1973
3 568 1926 1861
3 2092 568 8976
3 569 1861 1926
3 569 1926 1930
3 569 1930 6675
3 8527 570 574
3 570 8846 574
3 570 9375 828
3 8527 9375 570
3 571 2222 703
3 571 703 6245
3 1865 5461 571
3 1865 571 6245
3 571 5178 2222
3 571 5461 5178
3 740 572 1300
3 3121 572 740
3 572 5952 1300
3 5304 1534 572
3 1534 5952 572
3 5304 572 3121
3 7507 573 7524
3 7507 9512 573
3 7515 573 9304
3 7515 9527 573
3 7524 573 9527
3 9512 9304 573
3 4593 575 8769
3 4593 11272 575
3 576 11028 7819
3 577 7909 6522
3 577 6522 8248
3 577 7911 7909
3 577 8202 7911
3 577 8198 8202
3 577 8248 8198
3 2570 8525 578
3 2573 578 8525
3 2573 11199 578
3 917 3323 579
3 3782 579 3323
3 3782 10054 579
3 579 10054 10062
3 1952 580 1951
3 1951 580 8253
3 1952 1954 580
3 2577 580 1954
3 8253 580 2577
3 2793 5227 581
3 5227 6341 581
3 5094 3993 582
3 3993 7339 582
3 5090 582 5084
3 5084 582 7339
3 5090 5115 582
3 5115 5094 582
3 5173 583 1609
3 583 7585 1609
3 5173 7325 583
3 583 7325 9832
3 9834 7585 583
3 9834 583 9832
3 597 584 596
3 596 584 3027
3 597 8464 584
3 584 824 826
3 584 8464 824
3 584 826 3027
3 606 585 593
3 585 618 593
3 606 623 585
3 585 607 618
3 7989 586 768
3 586 8018 768
3 2654 586 6508
3 2654 8180 586
3 6508 586 7989
3 8180 8018 586
3 4155 587 3166
3 3166 587 10707
3 4155 5342 587
3 7728 587 7716
3 7728 10707 587
3 8103 588 6699
3 589 764 5374
3 10064 764 589
3 10064 589 3194
3 10576 3194 589
3 589 5374 8524
3 10576 589 8524
3 9021 590 1904
3 1904 590 10682
3 590 3337 3455
3 9021 3337 590
3 10899 590 3455
3 10899 10682 590
3 591 605 595
3 657 591 595
3 5858 605 591
3 10910 591 657
3 591 1838 5861
3 10910 1838 591
3 5858 591 5861
3 606 593 592
3 592 593 11278
3 606 592 603
3 4210 603 592
3 4210 592 11277
3 592 11278 11277
3 11278 593 618
3 884 594 6450
3 884 6513 594
3 3291 913 594
3 913 6450 594
3 3291 594 10396
3 10396 594 6513
3 649 595 605
3 649 626 595
3 626 992 595
3 657 595 992
3 8450 597 596
3 8450 8466 597
3 597 8465 8464
3 597 8466 8465
3 4078 7885 598
3 4078 598 8293
3 7885 7195 598
3 8293 598 8232
3 599 707 7455
3 599 10298 707
3 599 7455 4185
3 599 4185 8083
3 599 8083 4244
3 599 4244 10298
3 600 6359 6840
3 600 9121 6359
3 600 6840 7268
3 600 7268 8333
3 11236 600 8333
3 11236 9121 600
3 601 6466 6465
3 601 6465 10450
3 601 8279 6466
3 601 10439 8279
3 601 10450 10439
3 981 6308 602
3 9226 981 602
3 5029 602 6308
3 5029 10410 602
3 9226 602 10410
3 606 603 4624
3 4210 1103 603
3 4627 603 1103
3 4627 4624 603
3 4478 5172 604
3 4478 604 8919
3 649 605 6123
3 1695 605 5858
3 1695 6123 605
3 606 634 623
3 606 4624 634
3 608 609 2169
3 5562 609 608
3 608 2167 2168
3 608 2169 2167
3 608 2168 3007
3 608 3007 3006
3 5562 608 3006
3 609 611 2163
3 609 9450 611
3 609 2163 2169
3 5562 9450 609
3 610 1000 8303
3 610 3200 2062
3 610 2062 3218
3 610 8303 3200
3 611 2085 2172
3 611 2172 2163
3 3461 5443 612
3 3461 612 10823
3 3469 612 5443
3 3469 6409 612
3 9048 612 6409
3 9048 10823 612
3 2188 613 8749
3 2188 10693 613
3 10700 613 4662
3 613 11284 4662
3 10700 8749 613
3 11284 613 10693
3 920 6143 614
3 8717 920 614
3 5865 5886 614
3 5865 614 8922
3 8717 614 5886
3 614 6143 8922
3 615 617 625
3 8634 616 5298
3 616 9204 5298
3 8634 7252 616
3 8768 616 7252
3 8768 7334 616
3 616 7334 9204
3 6755 625 617
3 6984 617 629
3 6984 6755 617
3 11278 618 11272
3 649 619 626
3 1046 626 619
3 649 6349 619
3 1046 619 6975
3 6975 619 6349
3 620 2246 8216
3 620 11333 2246
3 620 8216 3389
3 620 3389 11276
3 7846 621 622
3 9302 622 621
3 9302 621 625
3 2522 621 7846
3 7848 7846 622
3 7848 622 8402
3 8402 622 8905
3 9302 8905 622
3 634 628 623
3 628 6370 623
3 3585 722 624
3 9302 625 6755
3 626 1007 992
3 1046 1007 626
3 627 683 10020
3 627 10614 683
3 2664 627 747
3 747 627 10020
3 2664 4263 627
3 4263 10614 627
3 634 630 628
3 6168 628 630
3 6168 6052 628
3 628 6052 6370
3 6984 629 632
3 634 4623 630
3 6168 630 11264
3 11265 11264 630
3 1497 1501 631
3 3170 1497 631
3 1501 5711 631
3 631 8615 3170
3 631 5711 8615
3 2507 5416 632
3 6624 2507 632
3 6984 632 5416
3 3438 633 757
3 633 10039 757
3 3438 7974 633
3 3452 6009 633
3 3452 633 7974
3 6009 10040 633
3 633 10040 10039
3 634 4624 4623
3 635 1181 2615
3 635 5057 1181
3 2614 635 2615
3 635 2614 8397
3 635 8397 8389
3 2622 3609 636
3 2622 636 6490
3 8427 636 3609
3 6490 636 10614
3 8427 10614 636
3 1630 694 637
3 9244 637 694
3 9158 637 1619
3 9244 1619 637
3 9887 1630 637
3 9887 637 9158
3 1675 6335 638
3 1936 638 2269
3 2269 638 6338
3 6338 638 6335
3 11306 4633 639
3 6587 639 11335
3 640 2618 2064
3 640 2064 8031
3 2614 640 2617
3 640 2614 2618
3 640 8394 2617
3 640 8031 8394
3 4410 641 1385
3 641 10675 1385
3 3206 3258 641
3 3206 641 4410
3 3258 8782 641
3 641 8782 10675
3 4788 642 3449
3 3449 642 7304
3 3461 642 9369
3 3461 10823 642
3 4788 9369 642
3 10823 7304 642
3 2909 3928 643
3 2909 643 8404
3 8103 643 3928
3 4602 643 8103
3 644 804 736
3 644 736 10386
3 644 1183 804
3 644 851 10269
3 644 10386 851
3 644 10269 1183
3 5173 1319 645
3 1319 5179 645
3 645 3765 3761
3 645 3761 7325
3 645 7321 3765
3 5173 645 7325
3 5179 7321 645
3 646 10319 8680
3 646 8680 10793
3 10312 10309 646
3 646 10793 10312
3 9355 647 3299
3 647 10052 3299
3 10047 647 9355
3 10047 10048 647
3 647 10048 10052
3 4278 3918 648
3 9571 648 3918
3 4278 648 9157
3 9528 9157 648
3 9579 9528 648
3 9579 648 9571
3 649 6123 6349
3 7178 2349 650
3 7178 650 9288
3 653 2003 651
3 659 651 655
3 651 2003 655
3 2453 651 659
3 652 6168 793
3 652 793 9170
3 652 6052 6168
3 652 9275 6052
3 652 9170 9651
3 652 9651 9275
3 653 691 7386
3 653 9424 691
3 653 7386 2003
3 654 9885 816
3 10037 654 816
3 654 10130 9885
3 10037 10137 654
3 654 10137 10130
3 659 655 662
3 7354 662 655
3 3283 655 2003
3 7354 655 3283
3 656 671 2860
3 656 9582 671
3 705 656 2860
3 705 9228 656
3 9573 2987 656
3 9582 656 2987
3 9573 656 9228
3 657 992 1712
3 657 1712 1718
3 10910 657 1718
3 658 1850 8245
3 10229 1850 658
3 658 2446 3239
3 658 8245 2446
3 658 3239 6157
3 10229 658 6157
3 2453 659 2788
3 9493 660 5337
3 11236 5337 660
3 9491 660 9218
3 9493 9218 660
3 661 1403 6649
3 661 8639 1403
3 661 6649 6736
3 661 6736 8695
3 661 8705 8639
3 661 8695 8705
3 7354 2644 662
3 8856 662 2644
3 7972 665 663
3 9456 663 665
3 7972 663 7975
3 8984 7975 663
3 664 669 3927
3 664 4020 669
3 2974 664 3927
3 4748 664 2974
3 6766 4020 664
3 4748 6766 664
3 7972 2098 665
3 8452 665 2098
3 7965 2609 666
3 7962 666 7950
3 7950 666 9007
3 7965 666 7962
3 5708 3346 667
3 9142 667 3346
3 5708 667 7986
3 7986 667 6333
3 10100 6333 667
3 9142 10886 667
3 10100 667 10886
3 1580 1124 668
3 5786 668 1124
3 1580 668 5955
3 5786 5766 668
3 6567 668 5766
3 6567 5955 668
3 3927 669 5089
3 6779 669 4020
3 5193 5089 669
3 5193 669 6779
3 6239 670 6241
3 6241 670 9912
3 9872 670 9547
3 9872 9912 670
3 2860 671 4431
3 4434 4431 671
3 671 6066 4434
3 6066 671 9582
3 672 4976 9268
3 672 9644 4976
3 672 9268 9269
3 672 9269 9632
3 672 9632 9657
3 672 9657 9644
3 673 1183 8347
3 673 10295 1183
3 673 7890 10295
3 673 8347 9651
3 673 9651 9170
3 2357 4481 674
3 9030 2357 674
3 10884 674 4481
3 674 6918 7291
3 674 10884 6918
3 9030 674 7291
3 5567 2002 675
3 675 2002 7307
3 5567 675 7064
3 5796 7064 675
3 5796 675 10061
3 10061 675 7307
3 676 2852 6934
3 676 9230 2852
3 9058 676 6934
3 9058 9300 676
3 676 9299 9230
3 676 9300 9299
3 8123 677 684
3 9165 684 677
3 8125 1820 677
3 8123 8125 677
3 678 4765 10028
3 7847 678 7085
3 678 10028 7085
3 7756 678 7847
3 679 1287 3929
3 679 5169 1287
3 679 5038 1592
3 679 1592 7016
3 679 3929 5038
3 679 7016 5169
3 680 2663 2632
3 680 2632 7996
3 680 9936 2663
3 7808 680 7708
3 7708 680 10147
3 7808 9936 680
3 680 7996 10147
3 681 4169 1650
3 8493 681 1650
3 8177 681 2688
3 8493 2688 681
3 681 10178 4169
3 8177 10178 681
3 8092 684 682
3 9165 682 684
3 970 687 682
3 8092 682 687
3 6225 970 682
3 6225 682 9165
3 6094 683 3353
3 8427 3353 683
3 6094 10020 683
3 8427 683 10614
3 8092 2700 684
3 8123 684 2700
3 685 713 10322
3 2748 7890 685
3 2748 685 10325
3 685 10322 10325
3 5430 5507 686
3 5430 686 6719
3 686 5507 6002
3 5999 686 6002
3 5999 6719 686
3 970 982 687
3 8093 687 982
3 8092 687 8139
3 8093 8139 687
3 688 2006 2648
3 688 7307 2006
3 688 2648 3793
3 688 10061 7307
3 6679 689 1241
3 11320 1241 689
3 2563 5502 689
3 11061 2563 689
3 5502 11320 689
3 11061 689 6679
3 690 7653 1770
3 690 1770 8614
3 690 2414 6595
3 690 8298 2414
3 690 6595 7653
3 690 8614 8298
3 2648 2006 691
3 691 2006 8760
3 2648 691 9424
3 691 8760 7386
3 2967 7496 692
3 692 7492 7495
3 692 7496 7492
3 692 7495 7501
3 693 795 711
3 693 711 5354
3 693 4750 795
3 693 823 4620
3 693 5354 823
3 693 4620 4750
3 1630 6229 694
3 6229 1935 694
3 699 695 5999
3 695 699 11214
3 1705 695 1702
3 1702 695 1930
3 5999 695 1705
3 695 6675 1930
3 695 11214 6675
3 696 3235 2515
3 6347 696 2515
3 3235 696 8046
3 10131 696 6347
3 7945 8046 696
3 696 10131 7945
3 2869 3078 697
3 10251 2869 697
3 697 3078 4768
3 6025 697 4768
3 6025 10144 697
3 10251 697 10144
3 1783 698 1488
3 7695 1488 698
3 8588 698 1783
3 7686 698 2728
3 698 8588 2728
3 7693 698 7686
3 7695 698 7693
3 5953 3454 699
3 3454 11214 699
3 5953 699 6002
3 5999 6002 699
3 700 10048 955
3 700 955 10060
3 10052 10048 700
3 700 10060 10063
3 701 747 1147
3 2664 747 701
3 2664 701 5936
3 5936 701 6255
3 1507 8671 702
3 1507 702 8673
3 6473 8552 702
3 6473 702 10194
3 8552 8673 702
3 10194 702 8671
3 2338 5395 703
3 5395 6245 703
3 5760 704 713
3 704 10322 713
3 704 3528 10322
3 704 10474 3528
3 5760 4990 704
3 704 4990 10474
3 11224 706 6674
3 6674 706 11289
3 10440 706 11245
3 10440 11289 706
3 11224 11242 706
3 11242 11245 706
3 1662 1539 707
3 707 1539 7455
3 707 9328 1662
3 9328 707 10298
3 4251 968 708
3 708 968 6445
3 2787 708 1353
3 5156 1353 708
3 5670 708 2787
3 4251 708 5670
3 5156 708 6445
3 4883 709 963
3 963 709 8148
3 2805 709 3496
3 2805 8152 709
3 4883 3496 709
3 8152 8148 709
3 710 5115 5034
3 6964 710 5034
3 5094 5115 710
3 5094 710 8036
3 6964 5185 710
3 5185 8036 710
3 711 795 5351
3 711 2042 2032
3 711 2032 5354
3 711 5351 2042
3 4116 712 10365
3 11177 712 4116
3 8621 712 4458
3 11177 4458 712
3 8621 11165 712
3 11165 10365 712
3 5760 713 7085
3 727 890 714
3 4770 727 714
3 714 890 5699
3 2116 4770 714
3 2116 714 5486
3 714 5699 5486
3 8530 715 3584
3 8529 715 8530
3 715 8529 8531
3 4668 716 4670
3 4668 10365 716
3 4669 4670 716
3 4669 716 4718
3 716 11165 4718
3 716 10365 11165
3 4991 931 717
3 931 5844 717
3 4340 4991 717
3 4340 717 6844
3 9851 717 5844
3 9851 6844 717
3 6495 943 718
3 943 9905 718
3 6495 718 9592
3 6842 718 9905
3 1595 719 8908
3 6530 2659 719
3 719 2659 8908
3 6530 719 3636
3 837 720 721
3 5956 721 720
3 11005 720 837
3 11233 5956 720
3 8304 720 11005
3 8304 11233 720
3 1525 837 721
3 1525 721 5954
3 5954 721 3049
3 5956 3049 721
3 3585 7247 722
3 7247 3905 722
3 722 3905 10243
3 723 1489 1488
3 7695 723 1488
3 723 8504 1489
3 7695 7715 723
3 723 7701 7698
3 723 7698 8504
3 723 7715 7701
3 1042 724 745
3 6637 745 724
3 6637 724 10253
3 724 10254 10253
3 7444 725 5620
3 725 8330 5620
3 7444 8334 725
3 725 9085 8330
3 9383 725 8334
3 9383 9085 725
3 726 4338 6702
3 726 10857 4338
3 726 6702 11126
3 726 8144 7689
3 726 7689 10857
3 726 11126 8144
3 4770 10606 727
3 5980 727 10606
3 2484 728 3130
3 2484 3817 728
3 3964 3130 728
3 3817 3818 728
3 3818 3821 728
3 3964 728 3821
3 8757 729 730
3 9957 730 729
3 8757 9821 729
3 9618 9629 729
3 9618 729 9821
3 9957 729 9629
3 749 7546 730
3 749 730 9957
3 8731 730 7546
3 8731 8757 730
3 2908 738 731
3 731 738 8340
3 731 2898 7255
3 731 8340 2898
3 2908 731 7241
3 731 7255 7241
3 732 2894 2898
3 732 8379 2894
3 732 2898 8380
3 732 2912 2913
3 732 8380 2912
3 732 2913 8379
3 752 733 7469
3 752 8859 733
3 7469 733 10307
3 9464 733 9459
3 9464 10307 733
3 2510 2230 734
3 734 2230 4985
3 6481 2510 734
3 6011 734 4985
3 6011 6448 734
3 6481 734 6448
3 4161 4377 735
3 4161 735 7180
3 735 4377 9367
3 7180 735 10436
3 735 9367 9714
3 735 9714 10436
3 10309 736 804
3 10304 736 10308
3 10304 10386 736
3 10308 736 10309
3 737 3493 7328
3 737 7329 3493
3 5177 5176 737
3 5176 7329 737
3 5177 737 7321
3 737 7328 7321
3 2908 2910 738
3 738 2910 7267
3 738 7267 8340
3 2678 739 765
3 739 979 1018
3 2678 979 739
3 4155 740 1185
3 5964 3121 740
3 5964 740 4155
3 1881 741 746
3 741 8459 746
3 1881 7895 741
3 741 2935 8459
3 741 9880 2935
3 741 7895 9880
3 742 3425 3292
3 742 3292 7959
3 742 10260 3425
3 9507 742 7959
3 791 743 5646
3 5652 743 791
3 743 4147 4149
3 5652 4147 743
3 743 4149 5300
3 743 5300 5646
3 4227 9879 744
3 9904 4227 744
3 8182 744 9191
3 9904 744 8182
3 9191 744 9590
3 9590 744 9879
3 1042 745 10677
3 6637 3905 745
3 3905 10677 745
3 746 8465 2925
3 746 8459 8465
3 1147 747 10020
3 7884 7855 748
3 7898 748 7855
3 7884 748 9742
3 7898 9701 748
3 9701 10751 748
3 748 10751 9742
3 749 6102 4479
3 749 4479 7546
3 749 9564 6102
3 749 9957 9564
3 750 1806 1001
3 10596 750 1001
3 750 1857 1806
3 6874 1857 750
3 9354 6874 750
3 9354 750 10596
3 2126 1291 751
3 1291 4617 751
3 2126 751 10738
3 751 4617 9219
3 751 9219 7739
3 10738 751 7739
3 9589 752 7469
3 752 9594 8859
3 9589 9594 752
3 4609 753 834
3 834 753 5265
3 4653 1049 753
3 5265 753 1049
3 753 4609 4607
3 4607 4640 753
3 4653 753 4640
3 754 6587 9295
3 754 9295 8506
3 1941 755 6089
3 1941 7219 755
3 3719 755 2944
3 6247 2944 755
3 3719 6089 755
3 6247 755 7219
3 853 756 3353
3 756 4345 3353
3 756 5647 4345
3 6043 5647 756
3 3438 757 3764
3 3759 3764 757
3 3759 757 10039
3 758 11008 770
3 758 785 6338
3 758 6338 10741
3 758 10741 11008
3 759 5592 3561
3 7055 759 3561
3 7043 759 5398
3 7055 5398 759
3 6312 5592 759
3 7043 6312 759
3 802 797 760
3 797 11058 760
3 802 760 11043
3 760 1816 11043
3 11061 1816 760
3 760 11058 2563
3 11061 760 2563
3 762 1979 761
3 2959 762 761
3 763 761 1979
3 2956 761 763
3 2956 2961 761
3 2959 761 2961
3 762 2986 1979
3 2949 2986 762
3 2949 762 8498
3 2959 8498 762
3 763 1979 10053
3 2952 2956 763
3 2952 763 8355
3 8355 763 10053
3 764 7504 5374
3 764 10225 7504
3 10064 10225 764
3 2958 782 766
3 766 782 6366
3 766 6366 807
3 766 807 8498
3 2958 766 2959
3 2959 766 8498
3 1371 949 767
3 1371 767 2581
3 2445 1575 767
3 767 1575 2581
3 2950 7989 768
3 10170 2950 768
3 768 8018 5096
3 10170 768 5096
3 4881 769 1348
3 769 7112 1348
3 769 3950 1700
3 769 1700 7112
3 5182 3950 769
3 4881 4840 769
3 5182 769 4840
3 1579 770 6549
3 770 11008 6549
3 9546 806 771
3 4371 771 4926
3 771 4371 9546
3 7968 4926 771
3 771 7960 7968
3 1579 1572 772
3 1572 9626 772
3 772 4520 4522
3 4520 772 9626
3 803 4921 773
3 803 773 10930
3 6039 2947 773
3 2947 10930 773
3 4947 773 4921
3 773 4947 6039
3 774 2353 8705
3 774 8758 2353
3 774 4915 4699
3 774 4699 8758
3 8158 4915 774
3 8158 774 8695
3 774 8705 8695
3 775 2211 4543
3 6583 2211 775
3 5657 6875 775
3 6583 775 6875
3 6683 11044 776
3 6683 776 11152
3 776 10146 11004
3 776 11044 10146
3 776 11004 11009
3 776 11009 11046
3 776 11046 11152
3 778 784 777
3 778 777 7012
3 777 782 2958
3 777 8444 782
3 777 784 8444
3 777 2958 7012
3 781 778 7012
3 823 779 780
3 7398 780 779
3 823 5354 779
3 857 779 5354
3 857 7398 779
3 823 780 858
3 780 866 858
3 780 996 866
3 7398 996 780
3 781 7012 2956
3 781 2956 8475
3 781 8475 7746
3 6366 782 8474
3 783 1167 1174
3 10765 1167 783
3 783 1174 6479
3 783 6479 10962
3 783 10366 10526
3 783 10962 10366
3 10765 783 10526
3 784 9789 8444
3 2269 6338 785
3 4375 957 786
3 4375 786 7681
3 786 7859 7681
3 786 8506 7859
3 2980 790 787
3 794 2980 787
3 3036 794 787
3 8246 1237 788
3 10942 788 1237
3 788 10946 3825
3 10942 10946 788
3 789 1067 10677
3 789 7247 10517
3 789 10677 7247
3 9275 789 10517
3 2980 2998 790
3 790 2998 2996
3 5238 1352 791
3 5652 791 1352
3 5238 791 5301
3 791 5646 5301
3 792 2953 3083
3 792 3604 2953
3 792 8045 3604
3 793 4214 7847
3 11264 4214 793
3 6168 11264 793
3 793 7847 9170
3 3036 2977 794
3 9485 794 2977
3 2978 2980 794
3 794 9485 2978
3 859 820 795
3 820 5351 795
3 859 795 4750
3 4510 796 6973
3 796 4510 10437
3 8709 6973 796
3 796 10419 8709
3 10419 796 10428
3 10428 796 10437
3 802 11017 797
3 797 11018 10923
3 797 10923 11058
3 797 11017 11018
3 3005 798 3002
3 798 10752 3002
3 10349 798 3005
3 8523 7640 798
3 7640 10752 798
3 8523 798 10349
3 4482 799 4106
3 5343 4106 799
3 4482 6795 799
3 10673 5343 799
3 6795 8651 799
3 799 8651 10761
3 10673 799 10761
3 1907 1821 800
3 3106 800 1821
3 3810 1907 800
3 3815 800 3106
3 3815 3810 800
3 833 801 835
3 835 801 2124
3 7787 2124 801
3 7787 801 2449
3 802 8317 11017
3 802 11023 8317
3 802 11043 11023
3 825 995 803
3 825 803 10930
3 995 5254 803
3 5254 4921 803
3 10295 804 1183
3 810 805 3719
3 805 810 7787
3 3719 805 2938
3 2938 805 8460
3 7787 7818 805
3 7818 8460 805
3 9436 806 9714
3 9546 10436 806
3 9714 806 10436
3 6366 6343 807
3 6343 8503 807
3 8498 807 8500
3 8500 807 8503
3 2630 808 870
3 808 4339 870
3 2630 2656 808
3 3399 808 2656
3 3399 4339 808
3 809 8140 1701
3 809 1701 8141
3 2749 809 2797
3 2749 8140 809
3 2797 809 2800
3 8143 2800 809
3 8143 809 8141
3 2124 7787 810
3 3719 8474 810
3 3790 811 4083
3 3790 4109 811
3 811 4109 4041
3 811 4041 5252
3 811 6571 4083
3 811 5252 6571
3 8324 1296 812
3 1296 10401 812
3 8010 812 8315
3 8324 812 8010
3 10416 8315 812
3 10416 812 10401
3 3161 813 5698
3 5702 813 3161
3 5698 813 8656
3 5702 6747 813
3 6747 5759 813
3 8656 813 5759
3 814 6573 7661
3 814 7661 7170
3 814 7170 7810
3 1191 1825 815
3 8284 1191 815
3 7817 815 1825
3 7817 9924 815
3 8284 815 10331
3 10331 815 9924
3 9678 816 5742
3 5742 816 9885
3 9678 10035 816
3 10037 816 10035
3 2353 1499 817
3 817 1499 4083
3 8780 2353 817
3 6571 4073 817
3 8780 817 4073
3 6571 817 4083
3 818 5323 6095
3 818 6254 5323
3 9119 818 6095
3 818 6232 6254
3 6336 6232 818
3 6336 818 9119
3 819 3091 2878
3 9492 819 2878
3 819 7270 3091
3 819 7256 7270
3 10487 7256 819
3 9492 10735 819
3 10735 10487 819
3 820 1195 6829
3 820 6829 5351
3 3865 1414 821
3 1414 10573 821
3 4186 821 2001
3 10573 2001 821
3 3865 821 2675
3 2675 821 4186
3 3779 10881 822
3 822 10881 10870
3 823 858 4620
3 7912 826 824
3 7818 824 8464
3 825 2741 995
3 5227 2741 825
3 2810 5227 825
3 2810 825 10930
3 7912 2466 826
3 7914 826 2466
3 7914 3027 826
3 894 898 827
3 898 1053 827
3 1053 7471 827
3 10301 827 7471
3 828 832 831
3 828 3021 832
3 828 9375 3021
3 844 830 829
3 829 830 4704
3 9169 844 829
3 4709 829 4704
3 4709 9665 829
3 9169 829 9665
3 4695 830 844
3 4695 3290 830
3 830 3290 6100
3 830 3298 4704
3 830 6100 3298
3 831 832 2462
3 831 2462 2456
3 832 3021 2464
3 833 835 3040
3 2120 833 3040
3 3572 4625 834
3 3572 834 5255
3 834 4625 4609
3 5255 834 5265
3 835 7436 3040
3 836 4740 7611
3 836 11005 4740
3 836 8270 5224
3 836 5224 8304
3 836 7611 8270
3 836 8304 11005
3 5960 837 1525
3 5963 837 5960
3 5963 11005 837
3 838 857 7335
3 838 7398 857
3 838 7392 5897
3 838 5897 7398
3 838 7335 7348
3 838 7348 7392
3 840 839 1478
3 840 9523 839
3 839 4316 1478
3 839 8642 4316
3 839 11282 8642
3 11282 839 9523
3 840 1478 5655
3 840 5655 3731
3 840 3731 8992
3 9523 840 8992
3 888 841 894
3 8799 841 888
3 894 841 9479
3 841 7053 10510
3 9479 841 10510
3 3426 915 842
3 3770 842 915
3 3426 842 3769
3 3463 842 3494
3 10038 842 3463
3 3494 842 3770
3 10038 3769 842
3 843 846 3148
3 843 11268 846
3 843 3142 5491
3 843 8648 3142
3 843 3148 8648
3 843 5491 11268
3 1792 845 844
3 4695 844 845
3 9169 1792 844
3 847 862 845
3 6433 847 845
3 4695 845 862
3 6433 845 1792
3 3137 6097 846
3 3137 846 11268
3 846 6097 3148
3 4925 862 847
3 868 867 847
3 4925 847 867
3 6142 868 847
3 6433 6142 847
3 848 1123 4027
3 5722 1123 848
3 3054 848 4027
3 3054 8543 848
3 5722 848 4766
3 6799 4766 848
3 8543 6799 848
3 2722 9359 849
3 2722 849 9826
3 3760 849 9407
3 3760 9826 849
3 849 9359 9407
3 1813 1073 850
3 2744 850 1073
3 1813 850 1482
3 11333 1482 850
3 2246 850 2744
3 11333 850 2246
3 851 10259 908
3 851 908 10269
3 851 10262 10259
3 851 10386 10262
3 3951 3128 852
3 7899 852 3128
3 6527 852 3129
3 7899 3129 852
3 6502 3951 852
3 6527 6502 852
3 853 3353 10289
3 5137 853 10289
3 2563 854 5502
3 11058 854 2563
3 5502 854 5815
3 5815 854 10933
3 10931 10933 854
3 10931 854 11058
3 875 855 885
3 5239 855 875
3 855 7700 885
3 5239 1719 855
3 855 1719 7690
3 855 7690 7702
3 855 7702 7700
3 856 860 865
3 3226 860 856
3 856 865 900
3 856 900 3224
3 3226 856 10388
3 857 5354 2032
3 857 2032 7335
3 4491 858 866
3 5350 858 4491
3 4620 858 5350
3 5862 859 1957
3 859 6349 1957
3 859 4750 6349
3 860 7023 865
3 2864 860 3226
3 2864 5740 860
3 5740 7023 860
3 897 8522 861
3 897 861 8631
3 7849 861 8513
3 7849 9292 861
3 8522 8513 861
3 9329 8631 861
3 9329 861 9292
3 4693 4695 862
3 4925 4693 862
3 2341 863 1632
3 1632 863 2428
3 1824 1745 863
3 1745 5239 863
3 1824 863 2341
3 5239 2428 863
3 2849 2734 864
3 2734 7803 864
3 2817 864 2778
3 7803 2778 864
3 2849 864 2817
3 865 1000 900
3 865 8303 1000
3 865 7023 8303
3 962 866 996
3 962 1016 866
3 4491 866 1016
3 1226 867 868
3 1226 1205 867
3 1205 4927 867
3 4925 867 4927
3 5981 1226 868
3 5981 868 6142
3 869 4300 1601
3 4437 869 1601
3 8229 4300 869
3 8738 869 4437
3 8229 869 6192
3 869 8738 6192
3 4339 1069 870
3 870 1069 7691
3 5135 2630 870
3 5135 870 7691
3 3273 3282 871
3 3298 3273 871
3 3282 3284 871
3 3285 871 3284
3 3285 6060 871
3 3298 871 6060
3 872 1977 5305
3 872 6331 1977
3 10949 872 5305
3 872 6314 6331
3 872 8239 6314
3 10949 8239 872
3 4869 873 2827
3 6697 2827 873
3 4909 873 4869
3 5893 873 4909
3 9180 2752 874
3 2752 9879 874
3 4227 9813 874
3 4227 874 9879
3 9180 874 9807
3 874 9813 9807
3 5239 875 2428
3 876 877 879
3 9518 877 876
3 876 879 878
3 876 878 8997
3 7906 876 8997
3 9518 876 7906
3 8915 879 877
3 881 8901 877
3 881 877 8927
3 8901 8915 877
3 9518 8927 877
3 5754 878 879
3 5754 7037 878
3 6932 878 7037
3 6932 8997 878
3 5754 879 9748
3 8911 879 8915
3 9748 879 8911
3 880 1759 1647
3 3523 880 1647
3 880 2247 1759
3 880 10745 2247
3 2335 880 3523
3 2335 10745 880
3 881 886 5371
3 881 8927 886
3 10646 881 5371
3 10646 8901 881
3 882 6703 1545
3 882 1545 10347
3 882 6701 6703
3 882 10069 6701
3 882 10912 10069
3 882 10347 10912
3 10928 883 1705
3 883 11244 1705
3 883 1712 8443
3 10928 1712 883
3 11270 883 8443
3 11270 11244 883
3 884 6450 2914
3 884 5207 6513
3 5974 885 7697
3 7700 7697 885
3 886 8891 5371
3 8891 886 8932
3 8927 8932 886
3 887 4802 3950
3 887 3950 5182
3 887 8170 4802
3 887 5182 7833
3 887 7833 9530
3 887 8306 8170
3 887 9530 8306
3 8799 888 10305
3 889 3710 9836
3 889 10228 3710
3 3999 4002 889
3 3999 889 7443
3 4002 10228 889
3 889 9836 7443
3 5699 890 7166
3 7166 890 7153
3 4858 891 9112
3 6324 891 6325
3 6324 8682 891
3 9112 891 8682
3 5560 6960 892
3 5560 892 8843
3 6960 6966 892
3 11114 892 6966
3 10757 8843 892
3 10757 892 11114
3 893 1710 1677
3 893 1677 7417
3 7843 1710 893
3 7843 893 7213
3 7213 893 9964
3 893 7417 9964
3 894 9479 898
3 895 3704 3702
3 6725 895 3702
3 3907 3704 895
3 895 3887 5556
3 6725 3887 895
3 3907 895 5556
3 896 899 3390
3 896 10994 899
3 3456 896 3390
3 3456 9130 896
3 896 9130 7290
3 896 7290 10994
3 1216 897 1070
3 897 8631 1070
3 897 1216 8689
3 897 8689 8522
3 1058 1053 898
3 1058 898 4920
3 9479 4920 898
3 8434 3390 899
3 8420 7283 899
3 8434 899 7283
3 8420 899 10994
3 901 1007 6978
3 901 8443 1007
3 901 6978 1012
3 8188 901 1012
3 8188 8329 901
3 901 8329 8443
3 3438 902 3432
3 3432 902 8272
3 3438 3764 902
3 3764 10133 902
3 8272 902 6084
3 10133 6084 902
3 903 5816 8965
3 903 10948 5816
3 903 6283 8899
3 903 8965 6283
3 903 8899 10985
3 903 10985 10948
3 5554 2578 904
3 7724 904 2578
3 10099 5554 904
3 7724 6029 904
3 10099 904 6029
3 7067 906 905
3 9926 905 906
3 907 905 3683
3 905 907 7067
3 3684 3683 905
3 905 9926 3684
3 906 3972 911
3 9891 906 911
3 980 3972 906
3 906 7067 980
3 9891 9926 906
3 10920 907 3683
3 907 9920 7067
3 9760 9920 907
3 9760 907 10920
3 908 1010 10271
3 908 10271 10269
3 6363 909 7661
3 6363 10058 909
3 7170 909 7372
3 7170 7661 909
3 7880 7372 909
3 7880 909 10058
3 3494 3770 910
3 3494 910 5841
3 3763 910 3770
3 10039 910 3763
3 910 10040 5841
3 10039 10040 910
3 911 914 9785
3 911 9865 914
3 911 3972 9865
3 9785 9891 911
3 1580 912 1124
3 5788 1124 912
3 1580 3866 912
3 2613 912 3866
3 2613 6307 912
3 5788 912 6307
3 3291 3229 913
3 913 4406 6450
3 914 8921 9785
3 3426 4559 915
3 3756 3763 915
3 4559 3756 915
3 3763 3770 915
3 917 916 3325
3 3325 916 9814
3 3741 916 4614
3 9814 916 3741
3 917 3336 3323
3 917 3325 3336
3 918 945 926
3 918 926 8516
3 918 1088 945
3 918 10434 1088
3 8100 918 8516
3 8100 10434 918
3 5088 919 5034
3 5034 919 5345
3 919 5088 5387
3 5277 919 5387
3 5810 6143 920
3 9043 5810 920
3 9043 920 8717
3 921 938 942
3 921 3804 938
3 942 946 921
3 921 10119 3804
3 2732 1516 922
3 6280 922 1516
3 2732 922 4687
3 922 5681 4687
3 5426 923 2009
3 2009 923 5873
3 923 4871 3804
3 10119 923 3804
3 5426 4871 923
3 10119 5873 923
3 8125 924 1820
3 8099 924 8121
3 8099 9733 924
3 8121 924 8125
3 925 3836 927
3 925 927 9210
3 3664 6752 925
3 3664 925 11071
3 925 6752 3836
3 11071 925 9210
3 926 945 939
3 926 1044 8516
3 4708 927 3836
3 4708 4688 927
3 927 4688 7218
3 927 7218 9210
3 972 3368 928
3 972 928 5299
3 5142 3008 928
3 5299 928 3008
3 3368 3612 928
3 5142 928 3612
3 983 929 933
3 933 929 3846
3 983 966 929
3 5499 929 966
3 929 4685 3846
3 2235 1100 930
3 10129 930 1100
3 2276 2235 930
3 10123 2276 930
3 10125 10123 930
3 10129 10125 930
3 4991 7468 931
3 931 7468 5048
3 962 940 932
3 4909 932 940
3 5889 962 932
3 4909 4891 932
3 5887 932 4891
3 5889 932 5887
3 933 3846 937
3 4171 933 937
3 983 933 8024
3 4171 8024 933
3 934 937 3846
3 934 4370 937
3 934 3846 4686
3 934 4752 4370
3 934 4686 4752
3 2926 935 9764
3 4961 936 959
3 1044 936 7471
3 4961 7471 936
3 4171 937 5081
3 5081 937 4370
3 5568 942 938
3 5568 938 944
3 9854 944 938
3 9854 938 3804
3 945 8852 939
3 999 939 8852
3 999 8872 939
3 962 996 940
3 5894 940 996
3 5893 4909 940
3 5894 5893 940
3 1741 941 3403
3 941 1741 10203
3 7532 3403 941
3 7532 941 8440
3 8440 941 11121
3 941 10203 11121
3 3863 946 942
3 3862 942 947
3 947 942 5568
3 3863 942 3862
3 6478 1830 943
3 1830 9905 943
3 951 944 948
3 4717 948 944
3 951 5568 944
3 9854 4717 944
3 3863 3848 946
3 3862 947 10218
3 947 5568 10219
3 947 10219 10218
3 952 951 948
3 952 948 3885
3 3878 3881 948
3 3878 948 4717
3 3881 3885 948
3 1371 6392 949
3 949 6392 7769
3 950 2135 10895
3 950 10898 2135
3 9897 950 10892
3 950 10895 10892
3 952 3884 951
3 951 3884 10219
3 951 10219 5568
3 11068 3884 952
3 11068 952 3885
3 1326 953 5315
3 1326 8206 953
3 1475 8277 953
3 1475 953 11002
3 8277 5315 953
3 953 8206 11002
3 954 2674 958
3 954 958 10048
3 4702 2674 954
3 4702 954 5629
3 954 10047 5629
3 954 10048 10047
3 958 9042 955
3 958 955 10048
3 956 6560 8944
3 956 10879 6560
3 9897 7509 956
3 956 7509 10879
3 4375 1023 957
3 5168 957 1023
3 2674 964 958
3 964 9042 958
3 4904 959 4906
3 4961 959 4904
3 4906 959 8872
3 960 10222 3890
3 960 9042 3892
3 960 3892 11105
3 960 11105 10222
3 961 1393 5166
3 5811 1393 961
3 961 5166 5391
3 961 5391 10366
3 5811 961 10962
3 961 10366 10962
3 5889 1016 962
3 963 4318 1698
3 8142 963 1698
3 963 8148 4318
3 8142 4883 963
3 2674 9004 964
3 964 7807 3917
3 964 3917 9042
3 9004 7807 964
3 965 4602 6699
3 5876 965 5883
3 5876 9437 965
3 965 6699 5883
3 983 971 966
3 4778 966 971
3 4778 6694 966
3 5499 966 6694
3 2358 1279 967
3 6074 967 1279
3 2310 967 2298
3 11069 2298 967
3 2358 967 2310
3 6074 11069 967
3 968 3615 5484
3 6088 3615 968
3 4251 6088 968
3 968 5484 6445
3 969 3996 1386
3 969 1386 9896
3 2932 8921 969
3 9896 2932 969
3 8921 3996 969
3 7540 982 970
3 983 8285 971
3 4249 4778 971
3 4249 971 8290
3 8285 8290 971
3 1349 4855 972
3 1349 972 6404
3 972 4855 3368
3 972 5299 6404
3 10362 973 974
3 973 10371 974
3 4429 10371 973
3 4429 973 10377
3 10375 973 10362
3 10377 973 10375
3 974 977 2714
3 10371 977 974
3 974 2714 10358
3 10362 974 10358
3 975 1279 2358
3 975 2435 1279
3 975 2358 11133
3 975 10978 2435
3 975 10973 10978
3 975 11133 10973
3 976 2714 977
3 976 2699 2702
3 976 2702 2710
3 976 2710 2714
3 10371 9243 977
3 978 1644 1073
3 978 1073 8733
3 1658 1644 978
3 3649 1658 978
3 3649 978 4674
3 978 8733 4674
3 980 3970 3972
3 10412 3970 980
3 980 7067 10412
3 1997 8712 981
3 1997 981 9226
3 10783 6308 981
3 8712 10783 981
3 2779 2740 982
3 8093 982 2740
3 2745 2779 982
3 7540 2745 982
3 983 8024 8285
3 1025 3028 984
3 1025 984 7903
3 4131 984 3028
3 4131 10622 984
3 4132 7903 984
3 4132 984 10622
3 10879 985 3377
3 11072 3377 985
3 4585 985 4719
3 11072 985 4585
3 4719 985 10883
3 10883 985 10879
3 986 10399 988
3 986 988 10422
3 986 7888 10399
3 10431 7888 986
3 986 10422 8975
3 10431 986 8975
3 2710 988 987
3 987 988 10399
3 2710 987 2714
3 10358 2714 987
3 10358 987 5577
3 987 10399 5577
3 988 2710 990
3 990 10422 988
3 1173 8688 989
3 1173 989 9761
3 8689 1216 989
3 1216 9761 989
3 8688 2731 989
3 8689 989 2731
3 2702 990 2710
3 2702 3982 990
3 990 3982 3970
3 3970 10422 990
3 7971 1424 991
3 7494 7496 991
3 8443 992 1007
3 8443 1712 992
3 3801 3826 993
3 993 3826 5262
3 993 5262 5830
3 993 5830 5727
3 1121 994 1082
3 1257 1082 994
3 1121 1376 994
3 1257 994 4912
3 3399 994 1376
3 3399 4912 994
3 2741 1024 995
3 4039 995 1024
3 4039 5388 995
3 5388 5254 995
3 7398 5894 996
3 997 10008 4338
3 997 4338 10857
3 997 10846 10008
3 997 10869 10846
3 997 10857 10877
3 997 10877 10869
3 4249 2447 998
3 9154 998 2447
3 3225 998 3204
3 3204 998 3446
3 4249 998 3225
3 9154 3446 998
3 999 7281 1258
3 999 1258 8872
3 999 1277 4256
3 999 8852 1277
3 999 4256 7281
3 10596 1001 1050
3 1001 10821 1050
3 10825 1001 1806
3 10825 10821 1001
3 3329 1002 3330
3 3329 10552 1002
3 3330 1002 10512
3 8415 10512 1002
3 8415 1002 10555
3 10552 10554 1002
3 10554 10555 1002
3 6305 1003 1132
3 8472 1132 1003
3 1003 6305 1460
3 1460 11327 1003
3 8472 1003 11073
3 11327 11073 1003
3 5104 1004 4701
3 4701 1004 6426
3 5104 11301 1004
3 6426 1004 11070
3 1004 11075 11070
3 11301 11075 1004
3 4055 1005 4060
3 4055 10547 1005
3 4060 1005 10555
3 10547 8415 1005
3 8415 10555 1005
3 1006 2679 3032
3 1006 8683 2679
3 7177 1006 3032
3 7177 7208 1006
3 1006 7208 8683
3 1046 6978 1007
3 5226 4110 1008
3 10589 1008 4110
3 4783 5226 1008
3 4783 1008 8658
3 8658 1008 10451
3 10589 10451 1008
3 1009 3309 8876
3 1009 9755 3309
3 7168 1009 3392
3 3392 1009 8876
3 7168 8392 1009
3 1009 8392 8395
3 1009 8395 9755
3 1067 1010 1042
3 1042 1010 2046
3 10271 1010 1067
3 1859 1011 2305
3 8293 1011 1859
3 1011 10568 2305
3 8293 8232 1011
3 8232 10568 1011
3 1012 1016 4368
3 4491 1016 1012
3 8188 1012 4368
3 4491 1012 6978
3 1013 1809 7190
3 1013 9095 1809
3 1013 8293 3842
3 1013 3842 9095
3 1013 7190 4078
3 1013 4078 8293
3 3760 1014 1312
3 1312 1014 4082
3 3760 9407 1014
3 3898 1014 3806
3 9407 3806 1014
3 3898 4082 1014
3 1312 1015 3014
3 1312 4082 1015
3 2574 1015 2580
3 2574 3014 1015
3 2580 1015 8683
3 8683 1015 4082
3 5889 4368 1016
3 1270 3048 1017
3 3904 1270 1017
3 1017 3048 11065
3 3904 1017 7169
3 7169 1017 11066
3 1017 11065 11066
3 1018 8000 7879
3 1019 4120 2305
3 1019 2305 4123
3 3009 1019 4118
3 3009 4120 1019
3 10604 4118 1019
3 10604 1019 4123
3 1020 4993 6793
3 1020 7554 4993
3 1020 6793 9112
3 1020 10771 7554
3 1020 9112 10771
3 9156 5195 1021
3 9368 1021 5195
3 9368 7304 1021
3 10823 1021 7304
3 9048 9156 1021
3 9048 1021 10823
3 4097 2332 1022
3 10587 1022 2332
3 10605 4097 1022
3 4115 4118 1022
3 10587 4115 1022
3 10604 1022 4118
3 10604 10605 1022
3 4375 6147 1023
3 5168 1023 5986
3 2741 2727 1024
3 1024 2727 2922
3 1024 2922 2866
3 4039 1024 2866
3 7074 3028 1025
3 5385 1025 7069
3 7074 1025 5385
3 1025 7903 7069
3 1648 1095 1026
3 7506 1026 1095
3 3628 1648 1026
3 1896 3628 1026
3 5365 5359 1027
3 5359 11139 1027
3 9634 5365 1027
3 5430 6721 1027
3 5430 1027 11139
3 9634 1027 6721
3 10662 4166 1028
3 10794 1028 4166
3 4177 4182 1028
3 7839 4177 1028
3 10662 1028 4182
3 7839 1028 10794
3 1896 1412 1029
3 6598 1029 1412
3 1029 3628 1896
3 3628 1029 6863
3 1029 6598 8541
3 8541 6863 1029
3 2729 1030 1516
3 6280 1516 1030
3 6182 1030 2729
3 6182 6562 1030
3 6586 6280 1030
3 7205 1031 4598
3 1031 7673 4598
3 1031 5263 7673
3 11086 5263 1031
3 7205 11086 1031
3 6337 1032 1341
3 7119 1341 1032
3 4524 1032 1422
3 6337 1422 1032
3 7119 1032 4524
3 6328 1033 6099
3 6400 6099 1033
3 6330 1033 6328
3 6330 7410 1033
3 6400 1033 10873
3 1033 7410 10873
3 1617 8822 1034
3 1617 1034 11122
3 4387 1034 4665
3 4387 10702 1034
3 8822 4665 1034
3 1034 10702 11122
3 1051 1035 2783
3 2007 1035 2778
3 2783 1035 2007
3 1036 10798 2097
3 1036 2097 10860
3 7839 1036 10788
3 7839 10798 1036
3 10866 10788 1036
3 10866 1036 10860
3 1080 8737 1037
3 7214 1037 6995
3 1037 10863 6995
3 8737 10863 1037
3 1038 1040 4206
3 1038 10333 1040
3 1038 2021 2022
3 10769 2021 1038
3 1038 2022 10333
3 10769 1038 4206
3 2105 1039 2026
3 2026 1039 10022
3 2110 1039 4564
3 2110 10022 1039
3 4564 1039 2222
3 1041 1047 1040
3 6240 1041 1040
3 1047 4206 1040
3 6240 1040 10333
3 1041 10762 1047
3 6240 6083 1041
3 1041 6083 10722
3 1041 10722 10762
3 1067 1042 10677
3 1396 1043 1894
3 1396 11192 1043
3 1476 1894 1043
3 11310 1476 1043
3 1043 11192 9074
3 11310 1043 9074
3 1053 1044 7471
3 1053 8766 1044
3 1044 8766 8516
3 1045 5861 1838
3 8970 1045 1838
3 1045 5859 5861
3 1045 10467 5859
3 8970 9010 1045
3 1045 9010 10467
3 1046 6975 5350
3 1046 5350 6978
3 1627 1047 10762
3 1048 5790 1739
3 1048 6577 5790
3 1048 6685 6577
3 5244 1049 1059
3 1049 9162 1059
3 4653 9162 1049
3 5244 5265 1049
3 1050 10812 3957
3 1050 3957 10816
3 10596 1050 10816
3 1050 10821 10812
3 1051 1364 1089
3 1051 1089 2430
3 1051 2783 1364
3 1052 1381 4811
3 7543 1381 1052
3 7545 1052 2824
3 2824 1052 9104
3 1052 4811 9104
3 7545 7543 1052
3 1058 8766 1053
3 1065 1054 3292
3 1065 6892 1054
3 1054 1187 3292
3 1054 6122 1187
3 6892 6122 1054
3 2019 1055 1057
3 2019 11006 1055
3 1056 4297 1614
3 1056 1614 4457
3 1056 1706 4297
3 1056 10578 1706
3 4457 1920 1056
3 1056 1920 10578
3 2019 1057 10809
3 1057 5962 5971
3 1057 5971 10809
3 1058 4920 8411
3 1058 8411 8766
3 9132 5244 1059
3 9135 9132 1059
3 9135 1059 9163
3 9163 1059 9162
3 1060 1078 4569
3 1060 4812 1078
3 2736 1060 4569
3 7207 1060 2736
3 1060 3153 4812
3 7207 3153 1060
3 1890 1061 1549
3 1061 6006 1549
3 1890 2164 1061
3 2179 1061 2164
3 2179 10911 1061
3 5975 6006 1061
3 5975 1061 10911
3 1921 1062 5379
3 1062 1921 7130
3 1062 7130 3435
3 10678 1062 3435
3 1062 10570 5379
3 10678 10570 1062
3 1063 4812 1064
3 1063 1064 10944
3 1063 1078 4812
3 1063 8535 1078
3 1063 10944 8535
3 1064 7673 1219
3 1064 1219 10944
3 1064 4812 4598
3 1064 4598 7673
3 1756 1729 1065
3 1065 1729 7126
3 1756 1065 3425
3 1065 3292 3425
3 1065 7126 6892
3 7691 1069 1066
3 1069 10935 1066
3 4347 1071 1066
3 1071 5133 1066
3 4347 1066 10935
3 7691 1066 5133
3 1068 1939 2012
3 1939 1068 3486
3 1068 2012 5327
3 2875 3486 1068
3 1068 7105 2875
3 7105 1068 5327
3 4339 10947 1069
3 1069 10947 10935
3 1380 1216 1070
3 1533 1380 1070
3 1533 1070 8665
3 1070 8631 8665
3 10967 1071 4347
3 7788 5133 1071
3 6681 7788 1071
3 6681 1071 10967
3 1072 2255 2461
3 1072 8482 2255
3 1072 2461 7240
3 7243 1072 7240
3 7243 7244 1072
3 7244 8482 1072
3 2744 1073 1644
3 1813 8733 1073
3 1074 4063 1606
3 1074 1606 7923
3 1074 1981 4063
3 11213 1981 1074
3 1074 7923 7763
3 11213 1074 7763
3 1075 3113 3109
3 1075 10103 3113
3 10105 1075 10098
3 10105 10103 1075
3 1085 1076 1086
3 10992 1076 1085
3 1076 2011 1086
3 10746 2011 1076
3 10746 1076 4373
3 10992 4373 1076
3 1133 1077 1131
3 1527 1131 1077
3 1175 1077 1133
3 8238 1527 1077
3 8238 1077 4594
3 1078 8737 4569
3 8535 8737 1078
3 1079 3388 1762
3 1079 1762 5238
3 1079 5238 5638
3 1079 5638 5636
3 1080 2865 2857
3 4569 1080 2857
3 4569 8737 1080
3 4381 1081 1083
3 8247 1083 1081
3 4381 4373 1081
3 10992 1081 4373
3 10992 8247 1081
3 1121 1082 4600
3 5153 1082 1257
3 4600 1082 5153
3 4381 1083 8024
3 1083 8285 8024
3 8048 1083 8247
3 8048 8285 1083
3 2942 1084 5053
3 2942 5661 1084
3 1084 5048 5053
3 5661 5850 1084
3 4401 1085 1086
3 4401 4355 1085
3 1085 4355 10992
3 2011 4396 1086
3 4396 10835 1086
3 4401 1086 10834
3 10834 1086 10835
3 6509 5207 1087
3 1087 5207 6514
3 6456 1087 6455
3 6455 1087 6514
3 6507 1087 6456
3 6507 6509 1087
3 10353 8808 1088
3 10353 1088 10434
3 1089 1219 2620
3 1089 10944 1219
3 1089 1364 10944
3 1089 2620 2430
3 1090 1512 1250
3 1090 1250 8095
3 2126 1090 1291
3 1090 8095 1291
3 1090 11011 1512
3 2126 11011 1090
3 1091 1122 1129
3 1091 5060 1122
3 1091 1129 6586
3 5065 5060 1091
3 8979 1092 6959
3 1092 9762 6959
3 9432 10615 1092
3 1092 10615 9762
3 1900 9746 1093
3 1900 1093 9753
3 1093 9746 5431
3 10985 1093 5431
3 1093 8899 9753
3 10985 8899 1093
3 1442 6222 1094
3 1442 1094 11219
3 6222 11033 1094
3 1094 6298 11032
3 1094 11033 6298
3 1094 11032 11219
3 1311 1095 6783
3 1095 1311 7506
3 10644 1095 1648
3 10644 6783 1095
3 1149 1113 1096
3 1113 5365 1096
3 4368 1149 1096
3 8188 4368 1096
3 9634 1096 5365
3 8188 1096 9634
3 10632 1097 3590
3 3590 1097 10634
3 4143 3767 1097
3 1097 3767 10634
3 4146 4143 1097
3 10632 4146 1097
3 6781 4487 1098
3 11082 1098 4487
3 6781 1098 11085
3 9752 6952 1098
3 11085 1098 6952
3 9752 1098 11082
3 1831 7801 1099
3 7837 3457 1099
3 7824 1099 7801
3 7837 1099 7824
3 6530 1100 2235
3 2751 10129 1100
3 2751 1100 10230
3 6530 10230 1100
3 4242 1101 4212
3 4595 4212 1101
3 4242 4743 1101
3 7152 4595 1101
3 5399 1101 4743
3 5399 7152 1101
3 1102 2034 10516
3 1102 10685 2034
3 1102 10516 4780
3 1102 10483 8575
3 1102 8575 10685
3 4162 1103 4595
3 4627 1103 4162
3 4210 4597 1103
3 1103 4597 4595
3 4129 1104 3028
3 4131 3028 1104
3 4131 1104 4070
3 4153 4070 1104
3 4129 5247 1104
3 5247 4153 1104
3 1107 1105 1106
3 4672 1106 1105
3 1107 4659 1105
3 1105 4659 11047
3 11330 4672 1105
3 11330 1105 11047
3 1107 1106 4651
3 1106 11334 4651
3 4672 7664 1106
3 7704 1106 7664
3 1106 7704 11334
3 1107 4651 3303
3 1107 3303 4657
3 8065 1107 4657
3 8065 4659 1107
3 1108 1569 6080
3 10625 1569 1108
3 1108 6080 10327
3 10249 1108 10256
3 10625 1108 10249
3 1108 10327 10256
3 1109 1142 1190
3 1109 2542 1142
3 1109 1190 5968
3 1240 1109 1244
3 1240 2542 1109
3 1109 5968 1244
3 3742 6561 1110
3 8942 3742 1110
3 6563 4933 1110
3 8971 1110 4933
3 6561 6563 1110
3 8971 8942 1110
3 10642 4070 1111
3 1111 4070 10657
3 1111 10657 6786
3 1111 6786 10695
3 6835 10642 1111
3 6835 1111 10695
3 2752 1112 8033
3 9180 1112 2752
3 9180 4164 1112
3 1112 4164 9644
3 9668 8033 1112
3 9668 1112 9644
3 1149 10651 1113
3 1113 5881 5365
3 8904 5881 1113
3 8904 1113 10651
3 1114 1760 1767
3 1777 1760 1114
3 1114 1767 1768
3 7564 1114 1768
3 1779 1777 1114
3 7564 1779 1114
3 1120 1127 1115
3 2572 1120 1115
3 1122 1115 1127
3 5060 1115 1122
3 2572 1115 5248
3 5060 5248 1115
3 1490 5837 1116
3 6817 1490 1116
3 1116 2243 2506
3 1116 5839 2243
3 6817 1116 2506
3 1116 5837 5839
3 8127 1284 1117
3 8168 1117 1284
3 8127 1117 8221
3 8168 9364 1117
3 8221 1117 10477
3 1117 9364 10502
3 1117 10502 10477
3 3421 3424 1118
3 3421 1118 8167
3 1118 3424 3429
3 3480 1118 3429
3 3480 9051 1118
3 8167 1118 9051
3 2116 3669 1119
3 4770 2116 1119
3 1119 3669 8983
3 1119 8983 4649
3 1119 4649 9713
3 4770 1119 9713
3 7177 1127 1120
3 2572 2567 1120
3 1120 2567 7208
3 7177 1120 7208
3 1121 2754 1376
3 9022 2754 1121
3 9022 1121 4600
3 1122 1127 9288
3 1129 1122 9288
3 1123 4202 4223
3 5722 4202 1123
3 5786 1124 2117
3 5788 2117 1124
3 1125 4370 4752
3 1125 10680 4370
3 1125 5918 4611
3 1125 4611 10680
3 1125 4752 4612
3 1125 4612 5918
3 1138 1130 1126
3 1130 6209 1126
3 1140 1138 1126
3 1140 1126 2342
3 4929 2342 1126
3 4929 1126 6209
3 7177 7178 1127
3 7178 9288 1127
3 1128 2134 1192
3 3491 1128 1192
3 1128 1197 2134
3 1128 5608 1197
3 11169 1128 3491
3 11169 5608 1128
3 6586 1129 3499
3 1129 9288 3499
3 1137 1134 1130
3 1134 4927 1130
3 1138 1137 1130
3 1130 4927 6209
3 1133 1131 3551
3 1390 1131 1527
3 3551 1131 1390
3 4415 4413 1132
3 4413 11067 1132
3 1132 8472 4415
3 6305 1132 11067
3 1175 1133 3737
3 1200 1133 3551
3 1200 3737 1133
3 1137 4828 1134
3 6414 1134 4828
3 1134 10126 4927
3 6414 10126 1134
3 8091 1135 4533
3 1135 6236 6189
3 2143 1136 1848
3 5051 1848 1136
3 2143 6917 1136
3 10781 5051 1136
3 10777 1136 6917
3 10781 1136 10777
3 1138 6041 1137
3 1137 4838 4828
3 1137 6041 4838
3 1140 1139 1138
3 1139 6041 1138
3 1140 6026 1139
3 1139 4203 4841
3 1139 6026 4203
3 1139 4841 6041
3 1140 2342 2883
3 1141 3180 5310
3 8771 3180 1141
3 11305 1141 5310
3 8323 8771 1141
3 1141 10397 8323
3 11305 10397 1141
3 1182 1307 1142
3 1182 1142 2542
3 1142 2134 1190
3 1142 1307 2134
3 4937 1750 1143
3 1750 9039 1143
3 4937 1143 10697
3 6952 1143 9039
3 9752 1143 6952
3 9752 10697 1143
3 1145 1144 6004
3 7658 1144 1145
3 1144 4945 4851
3 1144 4851 10800
3 7658 4945 1144
3 1144 10800 6004
3 1145 4946 4949
3 7658 1145 4949
3 1146 1150 7249
3 10715 1150 1146
3 2878 1146 7931
3 10851 1146 2878
3 7931 1146 7249
3 10851 10715 1146
3 8481 9919 1147
3 8481 1147 10020
3 1720 4965 1148
3 6476 1720 1148
3 6556 1148 4965
3 7421 6476 1148
3 6556 6625 1148
3 7421 1148 6625
3 5889 1149 4368
3 5889 5887 1149
3 1149 5887 10651
3 1164 7249 1150
3 1164 1150 10891
3 10715 10486 1150
3 10486 10891 1150
3 4405 1151 1152
3 8855 1152 1151
3 4405 10975 1151
3 4978 8854 1151
3 10975 4978 1151
3 8855 1151 8854
3 4405 1152 3873
3 4412 3873 1152
3 6005 4412 1152
3 6005 1152 8855
3 1153 10122 1850
3 10229 1153 1850
3 1153 4807 10122
3 1153 10278 4807
3 1153 10229 11203
3 1153 11203 10278
3 1154 9617 6169
3 1154 6169 10536
3 7586 1154 6203
3 6203 1154 10536
3 7586 9617 1154
3 4356 1155 1156
3 4977 1156 1155
3 4356 4105 1155
3 10970 1155 4105
3 4977 1155 10968
3 10968 1155 10970
3 4313 1157 1156
3 4356 1156 1157
3 4313 1156 4307
3 4977 4307 1156
3 4309 1157 1849
3 4311 1849 1157
3 4309 4356 1157
3 4313 4311 1157
3 5532 1158 1239
3 5587 1239 1158
3 10438 1158 5532
3 10782 5587 1158
3 10014 1158 10438
3 10014 10782 1158
3 1194 1218 1159
3 1194 1159 4929
3 1159 1218 5222
3 2941 1159 5222
3 1159 6238 4929
3 6053 6567 1160
3 6053 1160 10586
3 7132 6255 1160
3 1160 6255 10586
3 6567 7132 1160
3 1253 10664 1161
3 1161 10142 1882
3 10000 10142 1161
3 10664 10000 1161
3 1555 5001 1162
3 8820 1555 1162
3 8820 1162 8814
3 8821 8814 1162
3 4663 1163 1168
3 5922 1168 1163
3 1180 1163 1267
3 1180 5922 1163
3 1448 1267 1163
3 1448 1163 4663
3 4236 7249 1164
3 4236 1164 11251
3 10117 1164 10073
3 10073 1164 10891
3 10117 11251 1164
3 1871 1165 8152
3 10943 1165 1871
3 1165 6342 8148
3 1165 11248 6342
3 1165 8148 8152
3 10943 11248 1165
3 1166 6346 1742
3 1166 1742 10583
3 1166 6351 6346
3 1166 10886 6351
3 1166 10100 10886
3 7542 1174 1167
3 5335 7542 1167
3 5335 1167 10765
3 3537 5615 1168
3 8288 3537 1168
3 4663 1168 5615
3 5922 8288 1168
3 1169 1172 1170
3 1169 1170 6231
3 1169 2377 1172
3 1169 2395 2377
3 1169 7812 2395
3 1169 6231 7812
3 1170 2421 6231
3 1171 2372 7812
3 1171 10652 2405
3 1171 6231 2426
3 1171 2426 10652
3 1171 7812 6231
3 1445 8711 1173
3 11162 1445 1173
3 8711 8688 1173
3 1173 9761 11162
3 10559 6479 1174
3 7542 9715 1174
3 10559 1174 9715
3 1176 3018 1908
3 1176 1908 4923
3 1176 2487 3018
3 5995 2487 1176
3 1176 4923 10460
3 5995 1176 10460
3 1177 4833 1287
3 5169 1177 1287
3 4894 4833 1177
3 1178 5042 4894
3 1178 5059 5042
3 4864 2434 1179
3 2434 4918 1179
3 4864 1179 5601
3 1179 4918 4919
3 1179 4919 5770
3 6709 5601 1179
3 6709 1179 5770
3 1180 1267 8880
3 1180 5915 5922
3 1180 8879 5915
3 1180 8880 8879
3 1181 3016 2615
3 7193 3016 1181
3 1181 5057 5077
3 7193 1181 5077
3 1596 1307 1182
3 6412 1596 1182
3 10623 1182 2542
3 10623 6412 1182
3 8347 1183 10269
3 1184 1217 1238
3 1184 10590 1217
3 8723 1184 1238
3 8721 1184 2777
3 8723 2777 1184
3 8721 10590 1184
3 1494 5342 1185
3 1494 1185 8277
3 4155 1185 5342
3 1186 5129 4600
3 1186 4600 5153
3 1186 7670 5129
3 7747 7670 1186
3 1187 1436 7959
3 1187 8220 1436
3 7959 3292 1187
3 1187 6122 8220
3 1188 7769 1421
3 1188 1421 10303
3 5995 1188 2487
3 1188 10303 2487
3 2080 1222 1189
3 1189 1222 2360
3 1839 2080 1189
3 3777 1839 1189
3 3744 1189 2360
3 3777 1189 3744
3 1190 2134 1197
3 5968 1190 1197
3 1191 2897 1825
3 6331 1191 1977
3 8284 1977 1191
3 6331 2897 1191
3 1192 1227 1223
3 1192 1223 2602
3 2134 1227 1192
3 3491 1192 2602
3 1193 1199 1206
3 2870 1199 1193
3 2216 1193 2206
3 2870 1193 2216
3 1194 1205 1226
3 1194 6209 1205
3 1194 1226 1218
3 1194 4929 6209
3 1195 3439 1204
3 1195 1204 6829
3 5331 3439 1195
3 2422 1196 2405
3 5606 1197 5608
3 5606 5968 1197
3 1198 6751 1201
3 9311 1198 1201
3 1198 1229 6751
3 8354 1229 1198
3 7749 1198 3853
3 3853 1198 9311
3 7749 8354 1198
3 1199 7287 1206
3 2870 6070 1199
3 6070 7404 1199
3 7404 7287 1199
3 1200 1242 3048
3 1200 3551 1242
3 1200 3048 1270
3 1200 1270 3737
3 3350 1201 6751
3 7935 1201 3350
3 7935 8573 1201
3 9311 1201 8573
3 3041 1207 1202
3 1202 1207 10330
3 8354 1202 1229
3 1202 10330 1229
3 3041 1202 3165
3 10252 3165 1202
3 8354 10252 1202
3 1203 3053 4473
3 8431 3053 1203
3 4649 1203 4473
3 4649 8983 1203
3 7045 8431 1203
3 7045 1203 8983
3 3439 5795 1204
3 6829 1204 3755
3 1205 6209 4927
3 5090 1206 7287
3 3041 1224 1207
3 1207 1224 3354
3 1207 3354 10097
3 1207 10097 10330
3 2034 1208 10326
3 2034 10685 1208
3 7782 3169 1208
3 10064 1208 3169
3 10064 3194 1208
3 10326 1208 3194
3 7782 1208 10685
3 1209 4041 1372
3 1209 1372 9862
3 1209 2103 5252
3 11170 2103 1209
3 1209 5252 4041
3 11170 1209 9862
3 1585 1210 1211
3 6805 1211 1210
3 1585 2287 1210
3 1210 2287 5622
3 5676 1210 5622
3 6805 1210 5676
3 1585 1211 2558
3 8812 2558 1211
3 8795 1211 6805
3 8795 8849 1211
3 8812 1211 8849
3 5331 1397 1212
3 5331 1212 3427
3 8645 3427 1212
3 6290 1213 7687
3 6290 8791 1213
3 10035 7687 1213
3 10013 1213 8791
3 10013 10003 1213
3 10003 10035 1213
3 1214 2407 1215
3 5328 1214 1215
3 2407 1214 5277
3 2422 1215 2407
3 2422 2425 1215
3 2425 2423 1215
3 2423 5328 1215
3 1380 9761 1216
3 1238 1217 11107
3 10590 11103 1217
3 1217 11103 11107
3 5981 1218 1226
3 3621 5222 1218
3 5981 3621 1218
3 2620 1219 7351
3 7673 7351 1219
3 5205 1220 8215
3 5205 9389 1220
3 5904 5899 1220
3 5899 8215 1220
3 5904 1220 9389
3 1403 1250 1221
3 1221 1250 1512
3 6649 1403 1221
3 1221 1512 1436
3 1221 1436 8220
3 6649 1221 8220
3 1476 1222 1894
3 1476 3117 1222
3 2080 1894 1222
3 2360 1222 3117
3 4255 1223 1227
3 9526 2602 1223
3 10015 1223 4255
3 10015 9526 1223
3 3041 3178 1224
3 3178 10214 1224
3 1224 10192 3354
3 1224 10214 10192
3 1225 5097 3263
3 1225 3263 6981
3 1225 3700 3947
3 1225 6981 3700
3 1225 3947 6919
3 1225 6919 5097
3 2134 1307 1227
3 3899 1227 1307
3 4255 1227 3899
3 1228 1379 1365
3 1228 2389 1379
3 7260 2389 1228
3 1229 10330 6751
3 7517 1230 1231
3 1230 7573 1231
3 7517 1233 1230
3 7562 1230 1233
3 5114 1230 7562
3 5114 7573 1230
3 5112 7308 1231
3 5112 1231 7573
3 7308 7312 1231
3 7517 1231 7312
3 1232 6861 5721
3 1232 5721 6982
3 1232 6582 6861
3 1232 7011 6582
3 1232 6982 6753
3 1232 6753 7011
3 5004 1233 1234
3 1234 1233 5110
3 5004 7562 1233
3 5110 1233 7517
3 1508 1234 5110
3 7317 1234 1508
3 5004 1234 1798
3 1798 1234 7317
3 4581 3311 1235
3 3311 8834 1235
3 4581 1235 4586
3 6040 4586 1235
3 6040 1235 6033
3 8834 6033 1235
3 3740 4308 1236
3 3740 1236 5667
3 5114 3794 1236
3 5364 1236 3794
3 5114 1236 4308
3 5364 5667 1236
3 8246 8251 1237
3 11023 1237 8251
3 8442 10942 1237
3 8442 1237 11023
3 8725 1238 6077
3 1238 11107 6077
3 8725 8723 1238
3 2717 1239 2730
3 5765 1239 2717
3 5587 2730 1239
3 5532 1239 5765
3 1240 1244 9722
3 1240 10026 2542
3 1240 9722 10025
3 1240 10025 10026
3 4807 6673 1241
3 11320 4807 1241
3 11314 1241 6673
3 11314 6679 1241
3 1242 2588 1332
3 1242 1332 3048
3 1496 2588 1242
3 1496 1242 3551
3 3844 1243 1370
3 8939 1370 1243
3 9982 1243 3844
3 8939 1243 11273
3 9982 9040 1243
3 1243 9040 11273
3 1244 5968 6082
3 6009 1244 6082
3 6009 9722 1244
3 1583 1251 1245
3 1245 1251 3647
3 1245 3647 1570
3 6185 1245 1570
3 1613 1583 1245
3 1613 1245 6185
3 1246 6689 6702
3 1246 10976 6689
3 1246 6690 6691
3 1246 6702 6690
3 1246 6691 10921
3 1246 10921 10976
3 1247 1248 6491
3 10373 1248 1247
3 4263 1247 6490
3 4263 9838 1247
3 1247 6491 6490
3 9838 10373 1247
3 2920 8809 1248
3 2920 1248 10373
3 1248 5055 6491
3 8809 5055 1248
3 1987 5689 1249
3 1987 1249 7654
3 4140 1249 5689
3 4140 7232 1249
3 7665 1249 7232
3 7665 7654 1249
3 1403 11063 1250
3 1250 11063 8095
3 1583 1577 1251
3 3222 1251 1577
3 3222 2905 1251
3 3647 1251 2905
3 1252 3678 3670
3 1252 3670 4454
3 1252 4775 3678
3 9869 1252 4454
3 9870 4775 1252
3 9870 1252 9869
3 1253 6664 10664
3 2754 1254 10947
3 2754 11127 1254
3 1254 10926 10925
3 1254 10925 10934
3 11127 10926 1254
3 1254 10934 10935
3 1254 10935 10947
3 1255 3752 3860
3 3752 1255 6820
3 1255 3860 3966
3 7681 1255 3966
3 7730 6820 1255
3 7681 7730 1255
3 1258 2417 1256
3 1258 1256 4906
3 4900 1256 2197
3 1256 5919 2197
3 1256 2417 5919
3 4900 4906 1256
3 1257 4912 1276
3 1257 1276 8534
3 1257 8534 5153
3 1258 7281 2417
3 1258 4906 8872
3 1889 1927 1259
3 1889 1259 2677
3 4800 1259 1927
3 1259 7508 2677
3 7508 1259 4800
3 1264 1260 1262
3 1262 1260 6078
3 1263 1260 1264
3 1263 3478 1260
3 1260 3478 3487
3 1260 3487 6078
3 1261 1266 1272
3 1261 1338 1266
3 1272 1273 1261
3 1273 6596 1261
3 1339 1338 1261
3 6596 1339 1261
3 1264 1262 7663
3 1262 3120 7663
3 1262 8798 3120
3 1262 6078 8798
3 1263 1264 5015
3 1263 3391 2257
3 1263 2257 3478
3 1263 5015 3391
3 1264 4862 5015
3 1264 7663 4862
3 1265 2807 1458
3 1265 1458 10714
3 1265 2196 2807
3 1265 10713 2196
3 1265 3089 10713
3 1265 10714 3089
3 1266 1269 1306
3 1266 1336 1269
3 1266 1306 1272
3 1266 1338 1336
3 1448 10244 1267
3 8880 1267 10246
3 10244 10247 1267
3 10247 10246 1267
3 1268 3487 3478
3 1268 3478 5118
3 1268 5003 3487
3 1268 3856 5003
3 1268 7651 3856
3 1268 5118 7651
3 1269 4579 1306
3 1269 1330 1329
3 1269 1329 4579
3 1269 1336 1330
3 5923 3737 1270
3 3904 5923 1270
3 3501 1288 1271
3 1271 1288 6421
3 10031 3501 1271
3 8055 1271 6421
3 8272 1271 8055
3 8272 10031 1271
3 1272 9556 1273
3 1272 1306 3379
3 3379 9556 1272
3 4426 6596 1273
3 4849 1274 3379
3 1274 9556 3379
3 3594 4434 1274
3 3594 1274 4849
3 4434 4428 1274
3 9556 1274 4428
3 1276 4256 4160
3 1276 4160 8534
3 7081 4256 1276
3 7081 1276 4912
3 1277 4160 4256
3 1277 8813 4160
3 4160 1278 8534
3 4160 8813 1278
3 1278 5154 8534
3 1279 2435 4729
3 1279 4729 6525
3 6074 1279 6525
3 1366 1664 1280
3 1366 1280 3987
3 1689 1280 1664
3 1689 5070 1280
3 3987 1280 8613
3 5070 8613 1280
3 1898 1895 1281
3 1911 1281 1895
3 1281 1911 10716
3 4042 1282 4676
3 5112 1282 4042
3 1282 4308 5117
3 1282 7573 4308
3 1282 5117 4676
3 5112 7573 1282
3 1283 5260 1948
3 8005 1283 1948
3 5161 2160 1283
3 2160 5258 1283
3 8005 5161 1283
3 5258 5260 1283
3 8127 9346 1284
3 1285 2314 2318
3 1285 2326 2314
3 1285 2318 10776
3 1285 10451 2326
3 1285 5271 8658
3 1285 10776 5271
3 1285 8658 10451
3 1286 6186 1876
3 1286 1876 10152
3 5829 1286 5930
3 5829 6186 1286
3 1286 10197 5930
3 1286 10152 10197
3 3929 1287 7143
3 7143 1287 4833
3 3501 9487 1288
3 1288 8108 6421
3 1288 9487 8108
3 1671 1289 2363
3 1671 2946 1289
3 6039 2363 1289
3 2923 1289 2946
3 2923 2947 1289
3 6039 1289 2947
3 1290 6065 5728
3 7358 1290 5728
3 1290 10756 6065
3 1290 6749 6748
3 1290 6748 10755
3 7358 6749 1290
3 1290 10755 10756
3 1291 8095 1431
3 1291 1431 8515
3 1291 8515 4617
3 3307 1292 1293
3 6183 1293 1292
3 3307 6184 1292
3 6183 1292 8508
3 1292 6184 7954
3 8508 1292 7954
3 2960 1309 1293
3 3307 1293 1309
3 4960 2960 1293
3 6183 4960 1293
3 1294 6735 6737
3 1294 6741 6735
3 1294 6737 6748
3 1294 9148 6741
3 1294 6748 7200
3 1294 7200 9148
3 1406 1295 7850
3 1406 7854 1295
3 1295 7873 7850
3 7854 8402 1295
3 8402 7873 1295
3 1296 9133 1486
3 8324 9133 1296
3 1322 1318 1297
3 1318 7883 1297
3 3943 1322 1297
3 2762 1297 2245
3 1297 7883 2245
3 3943 1297 2762
3 6155 1298 6177
3 6155 8791 1298
3 6173 6177 1298
3 6173 1298 10733
3 10766 1298 8791
3 10766 10733 1298
3 1299 1566 10830
3 11054 1566 1299
3 1621 1299 11051
3 1621 11054 1299
3 1299 10830 10819
3 11051 1299 10819
3 5948 1441 1300
3 5948 1300 5952
3 1310 2157 1301
3 3307 1310 1301
3 1301 2157 2158
3 1301 2158 8837
3 3307 1301 6184
3 6184 1301 8837
3 4837 4838 1302
3 6041 1302 4838
3 6041 4841 1302
3 9910 1302 4841
3 2177 3260 1303
3 2177 1303 4892
3 3260 5920 1303
3 9638 4892 1303
3 9638 1303 5920
3 1366 3268 1304
3 1366 1304 9238
3 2955 1304 3268
3 2955 4811 1304
3 4808 1304 4811
3 4808 9238 1304
3 1313 1305 4720
3 1313 8025 1305
3 1305 4738 4720
3 10687 4738 1305
3 1305 8025 8388
3 10687 1305 8388
3 9545 3379 1306
3 9545 1306 4579
3 1596 3899 1307
3 5302 2502 1308
3 9734 1308 2502
3 4960 1308 2960
3 9734 2960 1308
3 4960 9344 1308
3 5302 1308 9344
3 3307 1309 1310
3 9673 1310 1309
3 9636 1309 2960
3 9636 9673 1309
3 1310 7797 2157
3 9673 7797 1310
3 6765 1311 6798
3 1311 6765 11335
3 6783 6798 1311
3 7506 1311 11335
3 9146 1312 3014
3 3760 1312 9146
3 1331 1313 4461
3 1331 8025 1313
3 1313 4876 4461
3 1313 4720 4876
3 2474 1314 2637
3 2474 2665 1314
3 1314 4760 2596
3 1314 2596 5874
3 1314 5874 2637
3 2665 4760 1314
3 1322 1315 1317
3 1317 1315 2157
3 1322 3565 1315
3 2158 2157 1315
3 2158 1315 5258
3 5258 1315 3565
3 4175 1316 4177
3 4175 10648 1316
3 4177 1316 4179
3 4179 1316 5935
3 5935 1316 10647
3 1316 10648 10647
3 1322 1317 1318
3 1318 1317 5176
3 1317 2157 7797
3 1317 7797 5176
3 1318 5176 5177
3 1318 5177 7883
3 1319 7560 2245
3 1319 2245 7883
3 5173 7560 1319
3 1319 7883 5179
3 1375 2951 1320
3 8343 1375 1320
3 2951 5086 1320
3 1320 5086 9968
3 10725 8343 1320
3 10725 1320 9968
3 1321 2270 9990
3 1321 9991 2270
3 1321 9639 9290
3 1321 9290 9991
3 1321 9484 9639
3 3943 3565 1322
3 3324 1323 1992
3 4273 1992 1323
3 1323 3324 3394
3 5355 1323 3394
3 6393 4273 1323
3 6393 1323 5355
3 2428 1324 1660
3 1324 6276 1660
3 1325 1451 6767
3 1325 10718 1451
3 3810 1325 1907
3 1325 6767 1907
3 3811 1325 3810
3 3811 10718 1325
3 1326 5315 1441
3 1326 1441 5324
3 1326 5324 2822
3 1326 2822 8206
3 1327 10837 10343
3 1327 10343 11229
3 1327 10442 10837
3 1327 11262 10442
3 1327 11229 11262
3 7393 1328 6818
3 11134 1328 7393
3 1329 1330 1343
3 1329 1343 3644
3 9553 1329 3644
3 9553 4579 1329
3 1330 1336 1335
3 1330 1335 1345
3 1330 1345 1343
3 1331 3769 3476
3 1331 3476 8025
3 1331 4424 3769
3 1331 4461 4424
3 11002 1334 1332
3 11065 1332 1334
3 11002 1332 2588
3 11065 3048 1332
3 1333 1891 4331
3 1333 5204 1891
3 1333 4331 5194
3 5189 1333 5194
3 5189 5824 1333
3 1333 5209 5204
3 1333 5824 5209
3 3445 1334 3531
3 3445 11065 1334
3 8205 3531 1334
3 8205 1334 11002
3 1335 1336 1337
3 1335 1337 1350
3 1335 10675 1345
3 1335 1350 10675
3 1336 1338 1337
3 6603 1337 1338
3 6603 1350 1337
3 1339 6600 1338
3 6600 6603 1338
3 3608 6592 1339
3 1339 6596 3608
3 6600 1339 6592
3 2859 4805 1340
3 2859 1340 8913
3 4805 9171 1340
3 6933 1340 8471
3 6933 8913 1340
3 1340 8519 8471
3 9171 8519 1340
3 7113 1341 2182
3 2182 1341 7119
3 2186 4735 1341
3 7113 2186 1341
3 6337 1341 4735
3 5464 1342 11139
3 11145 1342 5464
3 5541 6836 1342
3 11145 5541 1342
3 6836 11139 1342
3 1343 1345 1344
3 10528 1343 1344
3 10528 3644 1343
3 1344 1345 8782
3 8751 7882 1344
3 10528 1344 7882
3 8751 1344 8782
3 10675 8782 1345
3 1924 1346 7162
3 1924 9675 1346
3 7194 7162 1346
3 9625 7194 1346
3 1346 9675 9671
3 1375 1347 3275
3 1375 8343 1347
3 1678 3279 1347
3 11159 1678 1347
3 3275 1347 3279
3 11159 1347 8343
3 4881 1348 4890
3 4890 1348 5061
3 1348 7112 5061
3 1349 1371 2581
3 1349 6404 1371
3 1349 2581 2934
3 1349 2934 4855
3 1392 1385 1350
3 10675 1350 1385
3 1392 1350 6603
3 1354 1361 1351
3 1387 1354 1351
3 4205 1351 1361
3 4205 4407 1351
3 1762 1352 5238
3 7942 1352 1762
3 4516 5652 1352
3 7942 4516 1352
3 3400 2787 1353
3 3400 1353 3778
3 6643 3778 1353
3 6643 1353 5156
3 1354 1362 1361
3 1354 9996 1362
3 6027 9996 1354
3 1375 1355 2951
3 1375 3275 1355
3 4886 2951 1355
3 6107 1355 3275
3 10174 4886 1355
3 10174 1355 6107
3 1356 3376 3624
3 1356 3651 3376
3 1356 3624 3658
3 8173 3651 1356
3 9548 1356 3658
3 8173 1356 9548
3 3816 1357 5402
3 3816 9091 1357
3 5391 5402 1357
3 11247 5391 1357
3 5715 1357 9091
3 5715 11247 1357
3 1358 1948 1360
3 1360 5266 1358
3 1362 1358 5266
3 1358 1362 9996
3 1948 1358 2309
3 9996 2309 1358
3 1359 7877 7879
3 1359 10989 7877
3 1359 7879 8000
3 1359 8008 7881
3 1359 7881 10989
3 1359 8000 8008
3 1360 1367 5225
3 1360 7908 1367
3 1360 1948 7908
3 5266 1360 5225
3 1361 1362 8241
3 4205 1361 7173
3 1361 8241 7173
3 1362 5266 8241
3 1363 6647 6715
3 1363 6715 10645
3 7868 1363 10507
3 10507 1363 10645
3 2295 1364 2783
3 8535 1364 2295
3 8535 10944 1364
3 1425 1365 1379
3 1425 1420 1365
3 9856 1365 1420
3 1366 9238 1664
3 1366 3987 3268
3 1367 5197 5196
3 1367 5196 5225
3 1367 5250 5197
3 1367 7908 5250
3 4971 5979 1368
3 4971 1368 8904
3 8904 1368 5914
3 5914 1368 11140
3 5979 9050 1368
3 1368 9050 11140
3 10099 1369 5519
3 10556 5519 1369
3 10556 1369 6021
3 1369 11014 6021
3 10099 6029 1369
3 1369 6029 11014
3 3844 1370 3236
3 3236 1370 8699
3 1370 8982 8699
3 8939 8982 1370
3 1371 6404 6392
3 9831 1372 4041
3 10043 1372 9831
3 10909 9862 1372
3 10043 10909 1372
3 10406 1373 5124
3 10448 5124 1373
3 10406 9066 1373
3 11022 1373 9066
3 10448 1373 10456
3 11022 10456 1373
3 1379 1378 1374
3 5292 1374 1378
3 7476 1379 1374
3 5105 1374 5292
3 5105 7476 1374
3 1376 2754 10947
3 3399 1376 4339
3 1376 10947 4339
3 2057 1377 5282
3 10727 1377 5256
3 5290 5282 1377
3 10727 5290 1377
3 2389 1378 1379
3 2389 5285 1378
3 5285 5284 1378
3 5292 1378 5284
3 1425 1379 7476
3 1380 1533 1598
3 1598 1616 1380
3 9761 1380 1616
3 4808 4811 1381
3 7494 4808 1381
3 7492 7494 1381
3 7492 1381 7543
3 1382 3921 4109
3 10759 3921 1382
3 1382 4109 4128
3 1382 4128 9074
3 1382 9074 11192
3 10759 1382 11192
3 8635 1383 1399
3 8747 1399 1383
3 2188 1383 4643
3 2188 8749 1383
3 1383 8816 4643
3 8635 8816 1383
3 8749 8747 1383
3 1696 2460 1384
3 5012 1696 1384
3 1384 2460 2068
3 5009 1384 2068
3 4690 1384 5009
3 4690 5012 1384
3 1392 1391 1385
3 4410 1385 1391
3 10223 1386 3996
3 10308 9896 1386
3 10304 1386 10223
3 10304 10308 1386
3 1696 1387 2460
3 1388 2885 7966
3 8441 2885 1388
3 1388 7966 10618
3 8441 1388 10890
3 1388 10618 9757
3 1388 9757 10890
3 7223 1389 3022
3 3022 1389 10591
3 7265 1389 7142
3 7142 1389 9894
3 7223 9894 1389
3 7265 10591 1389
3 1496 1390 1494
3 1494 1390 5281
3 1496 3551 1390
3 5281 1390 1527
3 1896 1391 1392
3 4410 1391 4660
3 1896 1392 1412
3 1412 1392 6603
3 5166 1393 1893
3 5248 1893 1393
3 2572 5248 1393
3 5811 2572 1393
3 1453 1394 1589
3 1453 7312 1394
3 2350 1589 1394
3 3840 2350 1394
3 3840 1394 7308
3 1394 7312 7308
3 1395 2693 1912
3 1395 1912 9923
3 1395 8052 2693
3 1395 4834 7192
3 1395 9923 4834
3 1395 7192 8052
3 8934 1396 1894
3 4295 1396 8902
3 4295 11192 1396
3 8934 8902 1396
3 1688 10717 1397
3 3287 3900 1398
3 3287 1398 7428
3 1398 3900 10940
3 1398 3912 7428
3 1398 11146 3912
3 1398 10940 11146
3 8635 1399 11082
3 10697 1399 8747
3 10697 9752 1399
3 1399 9752 11082
3 7724 1400 2482
3 1400 10959 2482
3 1400 2578 6403
3 7724 2578 1400
3 10977 1400 6403
3 10977 10959 1400
3 1401 1430 1431
3 11125 1430 1401
3 1401 1431 11063
3 1401 7435 8553
3 1401 11063 7435
3 11125 1401 8553
3 7612 1418 1402
3 1418 10764 1402
3 1402 7539 7557
3 1402 10867 7539
3 1402 7557 7612
3 10867 1402 10764
3 1403 8639 7435
3 1403 7435 11063
3 1405 1404 4481
3 4575 1404 1405
3 4575 1410 1404
3 1404 1410 5294
3 7147 4481 1404
3 1404 5294 7147
3 2357 4455 1405
3 2357 1405 4481
3 5989 1405 4455
3 4575 1405 5989
3 2808 1406 1495
3 1406 7851 1495
3 2808 7854 1406
3 1406 7850 7851
3 5010 1407 1410
3 1407 2624 1416
3 1407 2625 2624
3 1408 7782 10685
3 10742 7782 1408
3 1408 8335 8479
3 1408 8575 8335
3 10742 1408 8479
3 1408 10685 8575
3 1409 1436 1512
3 1409 7959 1436
3 1409 1512 11011
3 1409 3315 9507
3 1409 11011 3315
3 1409 9507 7959
3 4575 5010 1410
3 5708 1411 5714
3 5708 7986 1411
3 1411 6601 5714
3 5829 1411 5836
3 5829 6601 1411
3 1411 7986 5836
3 6598 1412 6600
3 6600 1412 6603
3 1564 1413 6201
3 1564 10520 1413
3 1413 3714 6201
3 1413 10480 3714
3 1413 4917 10480
3 1413 10520 4917
3 1414 6670 1905
3 1414 1905 7326
3 3865 6670 1414
3 1414 7326 10573
3 1626 1450 1415
3 3809 1415 1450
3 1415 1616 1626
3 1616 1415 9761
3 3809 11162 1415
3 9761 1415 11162
3 1416 2624 7978
3 1416 7978 6106
3 1418 1464 3080
3 7612 1464 1418
3 10764 1418 3080
3 1419 3221 3219
3 1419 3219 8669
3 8676 3221 1419
3 8678 1419 8669
3 8675 8676 1419
3 8675 1419 8678
3 1425 6499 1420
3 1479 1420 5234
3 9856 1420 1479
3 1420 6499 5234
3 7156 10303 1421
3 10791 7156 1421
3 10791 1421 7769
3 6337 2853 1422
3 8338 1422 2853
3 4646 4524 1422
3 4646 1422 8338
3 1426 1423 1427
3 8930 1423 1426
3 1423 1429 1427
3 1423 4205 1429
3 4407 4205 1423
3 1423 8930 4407
3 8655 8929 1424
3 1425 1427 6499
3 1425 7476 1427
3 1426 1427 7476
3 1426 7476 5105
3 1426 5105 10727
3 1426 10727 8930
3 1427 1429 6499
3 7484 1440 1428
3 1440 10446 1428
3 4555 1428 2657
3 2657 1428 7191
3 7484 1428 4555
3 10446 7191 1428
3 4205 7173 1429
3 1429 6555 6499
3 1429 7173 6555
3 1431 1430 8515
3 1430 9489 8515
3 1430 10079 9489
3 11125 10079 1430
3 8095 11063 1431
3 5030 1432 5611
3 5030 5731 1432
3 9729 1432 5731
3 2283 7106 1433
3 2283 1433 7786
3 7010 1433 7100
3 7786 1433 7010
3 7062 7100 1433
3 7062 1433 7106
3 1434 7114 6590
3 1434 6590 7558
3 10138 7114 1434
3 8926 1434 7558
3 8926 11119 1434
3 10138 1434 11119
3 1435 8190 1486
3 1435 1486 8348
3 7863 1435 6780
3 1435 8348 6780
3 2713 4705 1437
3 2713 1437 5125
3 1437 2842 2803
3 5125 1437 2803
3 10876 2842 1437
3 4705 10876 1437
3 1438 6630 5707
3 5707 7806 1438
3 5875 1438 7806
3 1438 5875 9317
3 6630 1438 9420
3 1438 9317 9420
3 7886 1439 2491
3 2491 1439 9293
3 1439 5787 3705
3 1439 3705 9293
3 5775 5787 1439
3 7886 5775 1439
3 1446 1440 4533
3 1446 6704 1440
3 7484 4533 1440
3 1440 6704 10446
3 5324 1441 5948
3 1442 6212 6222
3 1442 7777 6212
3 1442 7487 7777
3 1442 11219 7487
3 6437 6808 1443
3 6437 1443 8502
3 6808 8016 1443
3 7966 1443 8016
3 7966 8462 1443
3 1443 8462 8502
3 2550 2546 1444
3 2550 1444 2548
3 6397 1445 1805
3 1805 1445 8826
3 1445 6397 8711
3 1445 11162 8826
3 6617 6704 1446
3 1447 1828 1764
3 1764 2747 1447
3 1828 1447 5727
3 2982 1447 2747
3 1448 4663 9650
3 1448 9650 9647
3 1448 9647 10244
3 1449 6219 7101
3 6219 1449 7313
3 1449 6939 6898
3 7316 1449 6898
3 1449 7369 6939
3 7369 1449 7101
3 1449 7316 7313
3 1626 9114 1450
3 3809 1450 5927
3 5927 1450 9114
3 7970 1451 3136
3 3136 1451 10718
3 10712 6767 1451
3 7970 10712 1451
3 1452 4317 1542
3 1452 1542 10578
3 1452 6768 4317
3 1452 7667 6768
3 1452 11208 7667
3 1452 10578 11208
3 4142 1453 1589
3 3798 7312 1453
3 9840 3798 1453
3 4142 10107 1453
3 9840 1453 10107
3 5602 1454 9286
3 3483 3201 1455
3 1455 3201 5131
3 3505 3483 1455
3 1455 3547 3505
3 1456 1868 1869
3 1456 7061 1868
3 1456 1869 7065
3 1456 2223 7061
3 1456 10004 2223
3 1456 7065 10004
3 5964 1524 1457
3 1524 5966 1457
3 5304 3121 1457
3 5964 1457 3121
3 5304 1457 5965
3 5965 1457 5966
3 1458 2807 2483
3 6115 1458 2483
3 6115 7323 1458
3 1458 7323 10714
3 1459 4599 4647
3 10272 4599 1459
3 10272 1459 10446
3 1460 6304 4679
3 1460 4679 11296
3 1460 6305 6304
3 11327 1460 11296
3 1461 4555 5170
3 1461 7484 4555
3 1461 5170 4915
3 1461 4915 5473
3 8091 1461 5473
3 8091 7484 1461
3 1759 1462 1647
3 4714 1647 1462
3 1759 8612 1462
3 4714 1462 10529
3 8612 10516 1462
3 10516 10529 1462
3 1922 1463 2994
3 1463 1922 3470
3 2982 2994 1463
3 3801 1463 3470
3 1464 4835 3080
3 4835 1464 8815
3 1464 7612 7610
3 7610 8815 1464
3 1465 1518 1480
3 1465 1480 6313
3 1465 2967 1518
3 1465 6313 6609
3 1466 4793 6293
3 1466 9365 4793
3 1466 6293 7917
3 7264 1466 7917
3 7264 9352 1466
3 9352 9365 1466
3 1802 1467 1469
3 5621 1469 1467
3 1802 6644 1467
3 5598 1467 4698
3 6644 4698 1467
3 5621 1467 5598
3 6644 1468 4698
3 8517 4698 1468
3 5109 5130 1468
3 5109 1468 5693
3 5130 8517 1468
3 5693 1468 6644
3 1802 1469 11100
3 5621 4792 1469
3 9371 1469 4792
3 9371 11100 1469
3 3452 7974 1470
3 3452 1470 9722
3 10023 6428 1470
3 6428 10025 1470
3 7974 10023 1470
3 10025 9722 1470
3 1472 1471 4664
3 1472 11303 1471
3 4664 1471 11287
3 1471 5901 11287
3 1471 11304 5901
3 1471 11303 11304
3 1472 4665 1633
3 1472 1633 4666
3 1652 1472 4666
3 1652 11303 1472
3 1472 4664 4665
3 3731 1473 8992
3 9445 1473 3731
3 5639 5678 1473
3 5639 1473 9445
3 5678 5685 1473
3 5685 8992 1473
3 1474 1704 2467
3 1474 2467 4489
3 3588 1474 4489
3 3588 5246 1474
3 1496 1494 1475
3 1494 8277 1475
3 1496 1475 2588
3 1475 11002 2588
3 1476 8805 3117
3 11310 8805 1476
3 1477 1778 3303
3 10413 1778 1477
3 4652 1477 3303
3 4652 10395 1477
3 10395 10413 1477
3 3951 1478 3128
3 3128 1478 4316
3 5655 1478 3951
3 1479 5234 5217
3 1479 5217 8043
3 8043 5220 1479
3 1518 3698 1480
3 6313 1480 3641
3 1481 1526 2037
3 10959 1526 1481
3 4090 1481 2037
3 5868 2482 1481
3 2482 10959 1481
3 5868 1481 4090
3 1722 6633 1482
3 1722 1482 10802
3 6633 1813 1482
3 8792 10802 1482
3 11333 8792 1482
3 4210 1483 4597
3 4210 11277 1483
3 1483 4634 4597
3 1483 11094 4634
3 11275 11094 1483
3 1483 11277 11275
3 2058 1484 3595
3 2058 3600 1484
3 1484 9038 3595
3 1484 3600 3599
3 1484 3599 9577
3 1484 9577 9038
3 1485 7526 4079
3 4079 8212 1485
3 7526 1485 9519
3 8212 9273 1485
3 9277 1485 9273
3 9519 1485 9277
3 8348 1486 9133
3 1783 1489 1487
3 7683 1487 1489
3 1783 1487 2038
3 2038 1487 3891
3 1487 3068 3891
3 1487 7683 3068
3 1783 1488 1489
3 7683 1489 8504
3 1490 10531 5837
3 6817 8827 1490
3 8827 11261 1490
3 11261 10531 1490
3 4178 3063 1491
3 6420 1491 3063
3 4178 1491 5457
3 5157 5457 1491
3 5157 1491 5807
3 5807 1491 6420
3 2968 1492 3698
3 3698 1492 7310
3 1493 8584 1653
3 1493 1653 10638
3 1493 8594 8584
3 1493 8972 8594
3 1493 10638 8972
3 1494 5281 5342
3 1991 1495 1645
3 1495 7851 1645
3 2805 1495 1991
3 2805 2808 1495
3 1497 1509 1501
3 8554 1509 1497
3 1497 3170 6727
3 6727 8554 1497
3 1515 6785 1498
3 1515 1498 10705
3 6785 10710 1498
3 1498 8841 10705
3 1498 11302 8841
3 10710 11302 1498
3 2353 8758 1499
3 1499 3749 4083
3 1499 8758 3749
3 1511 1500 10641
3 1500 1511 11176
3 1500 4545 11186
3 4545 1500 11212
3 1500 11186 10641
3 1500 11176 10894
3 1500 10894 11212
3 4319 1501 1509
3 1501 4319 9086
3 1501 5705 5711
3 1501 9086 5705
3 1533 1502 5098
3 1502 1533 8665
3 1502 5878 1629
3 9402 1502 1629
3 9402 5098 1502
3 1503 8554 1504
3 8564 1503 1505
3 4302 1509 1503
3 8554 1503 1509
3 1503 8564 4302
3 8554 8556 1504
3 1504 8556 8574
3 1504 8574 8571
3 3057 4240 1505
3 4240 3540 1505
3 8564 1505 3540
3 1817 1506 11205
3 1506 9526 10015
3 1506 10245 9526
3 1506 10015 11205
3 3186 1507 6385
3 8671 1507 3186
3 1507 3187 6385
3 8675 3187 1507
3 8675 1507 8673
3 1508 5110 3798
3 1508 3798 9840
3 7317 1508 9839
3 1508 9840 9839
3 1509 4302 4319
3 1510 8112 1541
3 1510 1541 9763
3 1510 8027 9706
3 1510 9763 8027
3 10001 8112 1510
3 10001 1510 9706
3 1511 4522 4520
3 1511 4520 11176
3 1511 4521 4522
3 1511 10641 4521
3 1513 1747 1559
3 10115 1513 1559
3 5072 1747 1513
3 4578 1513 10115
3 4578 10637 1513
3 10637 5072 1513
3 1514 1635 6785
3 1514 8928 1635
3 1514 4047 7576
3 10709 4047 1514
3 10709 1514 6785
3 1514 7576 8928
3 1515 6794 4091
3 1515 4091 10709
3 1515 10709 6785
3 1515 10705 6794
3 2729 1516 2732
3 2045 2079 1517
3 2045 1517 5832
3 2079 10458 1517
3 5603 1517 2930
3 10458 2930 1517
3 1517 5603 8624
3 8624 5832 1517
3 2969 1518 2967
3 2969 2968 1518
3 1518 2968 3698
3 1519 1520 1811
3 1519 11181 1520
3 1519 1811 11186
3 1519 4544 11183
3 1519 11186 4544
3 1519 11183 11181
3 1811 1520 6218
3 1520 9391 6218
3 1520 11181 9391
3 3547 1521 8624
3 10296 5809 1521
3 5809 10367 1521
3 10367 8624 1521
3 1699 1522 1540
3 1699 11250 1522
3 7566 1522 11250
3 1523 8003 3605
3 1523 3605 8207
3 1523 8207 4322
3 1523 4322 10893
3 1523 4386 8003
3 1523 10893 4386
3 5964 3166 1524
3 1524 3166 10707
3 1524 5960 5966
3 1524 10707 5960
3 1525 5954 4314
3 1525 4314 10535
3 5960 1525 5966
3 5966 1525 10535
3 5847 2037 1526
3 5575 1526 2095
3 10977 2095 1526
3 5847 1526 5575
3 10977 1526 10959
3 5650 5281 1527
3 8238 5650 1527
3 1529 1528 10535
3 1529 10543 1528
3 5965 1528 1535
3 1535 1528 8011
3 5965 10535 1528
3 8011 1528 8012
3 1528 10543 8012
3 1529 4314 7478
3 1529 10535 4314
3 1529 7478 10564
3 1529 10564 10543
3 5540 1532 1530
3 6294 1530 1532
3 5540 1530 1927
3 3195 1531 3193
3 3193 1531 4741
3 3195 5615 1531
3 3537 1531 5615
3 3537 7656 1531
3 1531 7656 4741
3 5540 7116 1532
3 11222 6294 1532
3 5098 1598 1533
3 5304 1535 1534
3 1534 1535 8341
3 1534 10692 5952
3 1534 8341 10692
3 5304 5965 1535
3 1535 8011 8341
3 1536 1539 1662
3 7856 1539 1536
3 6901 1536 1662
3 6901 6953 1536
3 7856 1536 6953
3 11090 1540 1537
3 11088 4821 1537
3 11090 1537 4821
3 1538 4193 4191
3 1538 4191 4194
3 10730 4193 1538
3 4194 11227 1538
3 10730 1538 11225
3 11227 11225 1538
3 1539 8164 7455
3 7856 7872 1539
3 7872 8164 1539
3 1699 1540 4343
3 4343 1540 11090
3 1541 8110 1553
3 1541 1553 9745
3 1541 8112 8110
3 9759 1541 9745
3 9763 1541 9759
3 1706 1542 9550
3 1706 10578 1542
3 9550 1542 4317
3 2035 1543 2013
3 1543 8760 2013
3 7359 1543 2035
3 7359 3283 1543
3 7386 1543 3283
3 7386 8760 1543
3 1552 7674 1544
3 8020 1552 1544
3 8020 1544 2585
3 2585 1544 8086
3 2652 1544 7674
3 2652 8086 1544
3 1545 4492 6695
3 1545 10862 4492
3 1545 6695 10347
3 1545 6703 10862
3 1546 1547 1548
3 1546 6167 1547
3 1546 1548 8327
3 1546 8331 6167
3 1546 8327 8331
3 1547 7389 1548
3 1547 2585 7370
3 8020 2585 1547
3 8020 1547 6167
3 1547 7370 7389
3 1548 7389 7352
3 1548 7352 8375
3 1548 8375 8327
3 5808 1890 1549
3 6006 5763 1549
3 8346 1549 5763
3 5808 1549 8346
3 1556 3485 1550
3 1556 1550 6955
3 1550 3485 10701
3 11157 6955 1550
3 11157 1550 9868
3 11189 9868 1550
3 11189 1550 10701
3 2655 1551 1888
3 8966 1888 1551
3 2655 7674 1551
3 1552 6170 1853
3 6166 6170 1552
3 8020 6166 1552
3 4224 1834 1553
3 7292 1553 1834
3 4224 1553 8110
3 7292 9745 1553
3 4519 1554 1797
3 4560 1797 1554
3 4514 1554 6372
3 6384 1554 4514
3 4519 6372 1554
3 6384 4560 1554
3 8820 1775 1555
3 1555 1775 9709
3 1555 5797 5001
3 1555 9709 5797
3 7566 3485 1556
3 1556 6955 6818
3 7566 1556 6818
3 1819 1557 9994
3 1819 10488 1557
3 6154 6424 1557
3 6154 1557 9993
3 9994 1557 6424
3 10488 9993 1557
3 1675 1558 7687
3 4274 2825 1558
3 2825 7687 1558
3 6368 4274 1558
3 1559 1747 8305
3 8251 1559 8317
3 10115 1559 8251
3 1559 8305 8317
3 1672 4556 1560
3 1672 1560 4829
3 3436 8936 1560
3 9911 3436 1560
3 1560 3800 4829
3 8936 3800 1560
3 9911 1560 4556
3 1876 6186 1561
3 6186 2858 1561
3 10279 1561 2858
3 10279 6461 1561
3 2302 6063 1562
3 2302 1562 7046
3 6063 8691 1562
3 7367 7046 1562
3 7367 1562 7071
3 8691 7071 1562
3 1563 2225 2200
3 1563 2200 6202
3 1563 4997 2225
3 1563 3120 4997
3 1563 7663 3120
3 1563 6202 7663
3 10276 1564 6201
3 10381 6410 1564
3 6410 10520 1564
3 10381 1564 10276
3 1565 3509 2345
3 1565 2345 3814
3 2440 2867 1565
3 8068 2440 1565
3 1565 2867 3509
3 3703 1565 3814
3 8068 1565 3703
3 9008 1566 6537
3 11054 6537 1566
3 9008 10844 1566
3 1566 10844 10830
3 7057 1568 1567
3 7080 1567 1568
3 6399 7589 1567
3 8271 6399 1567
3 7337 7057 1567
3 7080 8271 1567
3 7337 1567 7589
3 6191 1568 7057
3 8903 1568 6191
3 8903 7080 1568
3 1739 10571 1569
3 10625 1739 1569
3 10808 6080 1569
3 10571 10808 1569
3 6185 1570 1571
3 6199 1571 1570
3 3647 9351 1570
3 6199 1570 9351
3 6191 1571 6200
3 6191 9461 1571
3 6200 1571 6199
3 1579 7592 1572
3 7588 6651 1572
3 1572 6651 9626
3 7588 1572 7592
3 1573 1659 1688
3 1573 1690 1659
3 5864 1573 1688
3 1573 1695 1690
3 1573 6123 1695
3 5864 1957 1573
3 1957 6123 1573
3 1584 4275 1574
3 1584 1574 6559
3 1574 4275 11157
3 1574 7592 6559
3 1574 9868 7592
3 1574 11157 9868
3 2445 2095 1575
3 10977 1575 2095
3 6403 2581 1575
3 10977 6403 1575
3 8438 1576 10266
3 8438 11298 1576
3 1576 10355 10266
3 1576 11204 10355
3 3222 1577 1581
3 1615 1577 1583
3 9857 1577 1615
3 2871 1578 3131
3 4621 1578 2871
3 10084 3131 1578
3 4621 3795 1578
3 10085 1578 3795
3 10084 1578 10085
3 1579 6549 7592
3 1580 9481 3866
3 1580 5955 9481
3 3222 1581 1799
3 7030 1799 1581
3 7030 1581 9727
3 1582 1594 4542
3 1594 1582 7265
3 1582 4542 4777
3 1582 4777 10323
3 1582 10591 7265
3 10591 1582 10323
3 1612 1583 1613
3 1612 1615 1583
3 1593 1584 1607
3 1593 4299 1584
3 1584 6559 1607
3 1584 4208 4275
3 1584 4299 4208
3 1585 2558 2053
3 1585 2053 6597
3 1585 6597 2287
3 2220 3733 1586
3 2220 1586 3963
3 2290 1586 2765
3 2290 3963 1586
3 2765 1586 8159
3 8159 1586 3733
3 3654 1587 9877
3 9882 1587 3654
3 9881 1587 3721
3 9882 3721 1587
3 9884 9877 1587
3 9884 1587 9881
3 7825 1588 7845
3 7825 8258 1588
3 7845 1588 9471
3 8258 9197 1588
3 1588 9197 9202
3 1588 9202 9471
3 4142 1589 6654
3 6784 1590 2554
3 4786 6654 1590
3 1591 6831 1605
3 1591 1605 8054
3 6159 1591 8054
3 1591 8022 6831
3 1591 11101 8022
3 7016 1592 4779
3 8005 4779 1592
3 1592 5038 5856
3 8005 1592 5856
3 1597 1593 1607
3 1597 11164 1593
3 1601 4299 1593
3 1601 1593 11164
3 2504 3526 1594
3 2504 1594 6180
3 1594 3526 4542
3 1594 7265 6180
3 3450 3393 1595
3 5885 3899 1596
3 8776 5885 1596
3 8776 1596 6412
3 1603 1597 1607
3 1603 2351 1597
3 11168 1597 2351
3 1597 11168 11164
3 1616 1598 1663
3 1598 5000 1663
3 1598 5098 5000
3 6607 2259 1599
3 9727 1599 2896
3 6607 1599 9727
3 9244 1600 1619
3 1601 4300 4299
3 11172 4437 1601
3 11172 1601 11164
3 6011 5869 1602
3 1602 5869 10143
3 6011 1602 6448
3 6278 1602 10143
3 1603 1607 6544
3 1603 7936 2351
3 1603 6544 11008
3 1603 10741 7936
3 1603 11008 10741
3 1604 2690 3643
3 1604 9691 2690
3 1604 3643 9680
3 8663 1604 9680
3 8663 10287 1604
3 1604 10287 9691
3 1605 5907 8054
3 1605 8909 5907
3 1605 6831 8909
3 1729 1756 1606
3 1729 1606 4063
3 1756 7907 1606
3 1606 7907 7923
3 6559 6544 1607
3 1608 1714 1623
3 1608 1623 8350
3 1608 1748 1714
3 1608 8350 3548
3 1891 1609 2249
3 7560 1609 1891
3 7585 2249 1609
3 5173 1609 7560
3 4827 6154 1610
3 4827 1610 10114
3 1610 6154 9993
3 1610 9993 10476
3 1610 10482 10114
3 1610 10476 10482
3 5333 1611 2191
3 2191 1611 6436
3 1611 5895 4618
3 1611 4618 6436
3 5333 10465 1611
3 1611 10340 5895
3 10465 10340 1611
3 1612 1613 6239
3 1612 6216 1615
3 1612 6241 6216
3 1612 6239 6241
3 1613 6185 6239
3 2818 1614 4297
3 6614 1614 2818
3 1614 4241 4457
3 6610 4241 1614
3 1614 6614 6610
3 1626 1616 1663
3 11106 1617 1684
3 1617 11122 1684
3 1617 6028 8822
3 11106 6028 1617
3 9158 1619 1618
3 1618 6216 9158
3 11293 1620 6220
3 1621 2178 3495
3 1621 3582 2178
3 1621 3495 11054
3 1621 11051 3582
3 3822 1657 1622
3 6500 1622 1657
3 1805 1622 8746
3 1622 1805 8826
3 1622 8826 3822
3 8746 1622 6500
3 4180 1623 1625
3 8219 1625 1623
3 1714 8219 1623
3 8350 1623 4180
3 6606 7918 1624
3 7918 9495 1624
3 1658 1625 1644
3 1644 1625 8219
3 1658 8227 1625
3 8227 4180 1625
3 4935 1626 1663
3 4935 9114 1626
3 10760 1627 1680
3 1627 10762 1680
3 10760 2638 1627
3 3840 1754 1628
3 3840 1628 2350
3 2350 1628 9867
3 9867 1628 9812
3 6276 2547 1629
3 9402 1629 2547
3 5878 7893 1629
3 6276 1629 7893
3 9284 6229 1630
3 9887 9284 1630
3 1631 6852 6389
3 1631 6389 9312
3 10778 6852 1631
3 1631 10599 7368
3 7368 10778 1631
3 1631 9312 10599
3 1632 2428 1660
3 1632 1660 5875
3 7806 2341 1632
3 5875 7806 1632
3 8822 1633 4665
3 6045 4666 1633
3 6045 1633 8825
3 8822 8825 1633
3 4588 1634 2228
3 8228 2228 1634
3 4884 1634 4588
3 4884 6118 1634
3 6118 8228 1634
3 3095 1635 3098
3 6782 1635 3095
3 3098 1635 8928
3 6782 10710 1635
3 6785 1635 10710
3 6854 5649 1636
3 1636 5649 10584
3 6862 6854 1636
3 6865 6862 1636
3 6867 6865 1636
3 6867 1636 10584
3 7030 2896 1637
3 7590 1637 5120
3 7030 1637 7590
3 6607 1649 1638
3 6607 1638 2259
3 8987 2259 1638
3 8987 1638 8912
3 5773 10575 1639
3 5773 1639 10584
3 6881 1639 6884
3 6881 9354 1639
3 1639 10575 6884
3 9354 10595 1639
3 1639 10595 10584
3 1640 2060 8532
3 1640 10415 3577
3 1640 8532 5440
3 1640 5440 10415
3 1812 6706 1641
3 1812 1641 7786
3 2282 2283 1641
3 2282 1641 10640
3 2283 7786 1641
3 10640 1641 6706
3 1642 5884 3936
3 9538 1642 3936
3 1642 9276 4467
3 9642 1642 4467
3 9642 5884 1642
3 9538 9276 1642
3 1692 1643 7725
3 1692 9191 1643
3 1643 8044 7725
3 7927 8044 1643
3 2744 1644 8219
3 10824 1991 1645
3 8006 1645 7851
3 8006 10852 1645
3 10824 1645 10852
3 3969 3676 1646
3 8906 1646 3676
3 9743 3969 1646
3 5769 1646 8906
3 9744 1646 5769
3 9743 1646 9744
3 3523 1647 4615
3 4714 4615 1647
3 1648 3628 11243
3 10936 10644 1648
3 10936 1648 11243
3 4169 10029 1650
3 5321 1650 6259
3 5321 8493 1650
3 6259 1650 10029
3 1651 2056 8492
3 3667 1651 3871
3 1651 8115 3871
3 1651 8492 8115
3 4666 4438 1652
3 1652 4438 7722
3 6120 1652 7722
3 1652 6120 11303
3 6716 10774 1653
3 6716 1653 11173
3 8584 11173 1653
3 10774 10638 1653
3 4418 4468 1654
3 4418 1654 11115
3 4468 6483 1654
3 1654 6483 4504
3 11115 1654 4504
3 1903 1655 6258
3 6272 1655 1903
3 1655 6257 6258
3 8294 6257 1655
3 8294 1655 6272
3 4832 1656 6262
3 4832 6271 1656
3 1656 4924 6262
3 1656 6269 4924
3 1656 6272 6269
3 1656 6271 6272
3 6500 1657 1659
3 1659 1657 10717
3 6963 1657 3822
3 6963 10717 1657
3 3649 2539 1658
3 1658 2539 8227
3 1688 1659 10717
3 1690 6500 1659
3 7893 5875 1660
3 6276 7893 1660
3 1661 2411 2413
3 1661 7210 2411
3 1661 2413 10455
3 6851 7210 1661
3 6851 1661 10689
3 10689 1661 10455
3 6901 1662 6301
3 6301 1662 9328
3 4952 4935 1663
3 5000 4952 1663
3 1689 1664 7154
3 5116 1665 2049
3 9677 2049 1665
3 10980 9044 1665
3 1666 3788 2789
3 9122 1666 2789
3 3061 3788 1666
3 4348 3061 1666
3 9758 4348 1666
3 9758 1666 9122
3 1667 1668 2757
3 1667 7915 1668
3 1693 7915 1667
3 10984 1693 1667
3 1667 2757 2756
3 1667 2756 2761
3 10984 1667 2761
3 1668 1670 2712
3 7915 1670 1668
3 1668 2712 2739
3 2757 1668 2739
3 7915 1669 1670
3 8134 1670 1669
3 6306 6331 1669
3 6306 1669 7915
3 6331 6314 1669
3 8134 1669 6314
3 9446 2712 1670
3 8134 9446 1670
3 6035 2209 1671
3 1671 2209 10974
3 6035 1671 2363
3 10974 2946 1671
3 1672 4324 4445
3 1672 4813 4324
3 1672 4445 4556
3 1672 4829 4813
3 4513 1684 1673
3 1673 1684 11122
3 4418 1673 4414
3 4414 1673 11122
3 4418 11115 1673
3 11113 4513 1673
3 11113 1673 11115
3 6505 4782 1674
3 4782 9704 1674
3 6505 1674 8203
3 8064 1674 9704
3 10193 1674 8064
3 8203 1674 10193
3 1675 9678 6335
3 1675 7687 9678
3 1676 1764 1828
3 1764 1676 10689
3 1828 3934 1676
3 6062 1676 3934
3 1676 6062 6851
3 1676 6851 10689
3 1709 1677 1710
3 1709 3575 1677
3 7757 1677 3575
3 7757 7417 1677
3 1678 3284 3279
3 3284 1678 8787
3 8783 8787 1678
3 1678 11159 8783
3 4087 4847 1679
3 9264 4087 1679
3 1679 4847 7422
3 5620 1679 5586
3 5780 5586 1679
3 5620 9264 1679
3 5780 1679 7422
3 4191 4193 1680
3 4191 1680 10762
3 4193 4195 1680
3 10760 1680 4195
3 10760 1681 2025
3 11216 2025 1681
3 10760 4195 1681
3 11235 1681 4195
3 11216 1681 11237
3 11235 11237 1681
3 5780 1682 5586
3 7781 5586 1682
3 5780 7415 1682
3 1682 7415 7401
3 9229 1682 7401
3 7781 1682 9229
3 2143 6916 1683
3 2143 1683 6917
3 7377 1683 6888
3 9771 6888 1683
3 1683 6916 10567
3 7377 6917 1683
3 9771 1683 10567
3 11106 1684 4513
3 1694 1698 1685
3 1698 4318 1685
3 1685 4318 6356
3 1686 7131 3896
3 1686 3896 8400
3 5235 1686 5264
3 5235 7131 1686
3 5264 1686 8405
3 8405 1686 8400
3 1689 8772 5070
3 5855 1690 1695
3 10494 1690 5855
3 10494 6500 1690
3 1691 4512 8725
3 11113 4512 1691
3 1691 8725 6077
3 11111 1691 6077
3 11111 11110 1691
3 11113 1691 11110
3 1692 7725 6890
3 1692 6890 10743
3 8189 8182 1692
3 8182 9191 1692
3 8189 1692 10743
3 1693 6334 6306
3 1693 6306 7915
3 10984 6334 1693
3 2763 1698 1694
3 2768 1694 2761
3 2768 2763 1694
3 5855 1695 5858
3 5013 1696 5012
3 5599 4081 1697
3 1697 4081 6027
3 1697 5539 5996
3 1697 6027 5539
3 1697 5996 5599
3 2763 8142 1698
3 1699 4343 4764
3 1699 4764 11092
3 1699 11092 11250
3 9024 3515 1700
3 9024 1700 3950
3 1701 2813 4883
3 8140 2813 1701
3 8142 1701 4883
3 8141 1701 8142
3 10928 1705 1702
3 11309 1702 1930
3 3105 10928 1702
3 3105 1702 11309
3 7774 4517 1703
3 7783 1703 4517
3 1703 7442 10364
3 1703 10616 7442
3 7774 1703 10364
3 7783 10616 1703
3 9129 2467 1704
3 7072 7079 1704
3 9129 1704 7079
3 5999 1705 6719
3 11244 6719 1705
3 7937 4297 1706
3 7937 1706 9550
3 1707 1708 1711
3 7658 1708 1707
3 1707 1711 1750
3 1707 1750 1744
3 1707 1744 4945
3 7658 1707 4945
3 1708 4967 1711
3 1708 1720 4967
3 6316 1720 1708
3 7658 6316 1708
3 10656 1709 1710
3 10842 3575 1709
3 10656 10842 1709
3 6902 1710 7843
3 6902 9999 1710
3 9999 10656 1710
3 1750 1711 9039
3 4820 1711 4967
3 4820 9039 1711
3 10928 1718 1712
3 1713 6324 6318
3 1713 6318 6356
3 1713 11248 6324
3 1713 6356 6342
3 1713 6342 11248
3 1748 3389 1714
3 8216 1714 3389
3 8216 8219 1714
3 3787 1715 8309
3 8569 1715 3787
3 7099 8298 1715
3 7099 1715 8569
3 1715 8298 8614
3 8309 1715 8614
3 3835 6267 1716
3 3835 1716 8124
3 6259 1716 5743
3 1716 6267 5743
3 1716 6259 8124
3 5713 1717 1736
3 1717 6730 1736
3 3715 1717 6435
3 6439 1717 3715
3 5713 6435 1717
3 6439 6730 1717
3 3105 10910 1718
3 3105 1718 10928
3 1745 1719 5239
3 7684 1719 1745
3 7684 7685 1719
3 7685 7690 1719
3 6316 4965 1720
3 6476 4967 1720
3 1721 1740 6462
3 1721 10288 1740
3 1721 6462 6449
3 1722 10802 2258
3 1722 9716 6633
3 1725 6382 1723
3 1725 1723 8146
3 1737 1723 3107
3 1737 8146 1723
3 3107 1723 6085
3 6085 1723 6382
3 2416 2384 1724
3 7768 1724 2384
3 8447 2416 1724
3 7759 1724 7758
3 7768 7758 1724
3 8447 1724 7759
3 1727 6382 1725
3 8609 1727 1725
3 4839 1725 8146
3 4839 8609 1725
3 1913 1726 2023
3 6547 1726 1913
3 6034 2023 1726
3 6034 1726 8007
3 6547 7998 1726
3 7998 8007 1726
3 1733 1727 1728
3 8609 1728 1727
3 1733 3001 1727
3 1727 3001 6382
3 2501 1733 1728
3 2501 1728 6015
3 6477 6015 1728
3 8609 6477 1728
3 1729 4063 3570
3 7126 1729 3570
3 4839 1730 8609
3 4839 8986 1730
3 1730 5920 6018
3 8986 5920 1730
3 6477 1730 6018
3 8609 1730 6477
3 1731 1743 4851
3 4936 1743 1731
3 4937 1731 1744
3 4945 1744 1731
3 4945 1731 4851
3 4936 1731 4937
3 2501 1732 1733
3 1733 1732 3001
3 1732 6023 1785
3 1732 1785 8674
3 2501 10993 1732
3 1732 8674 3001
3 1732 10993 6023
3 6870 1734 2621
3 10574 2621 1734
3 6870 4246 1734
3 1734 4246 8042
3 1734 8042 8035
3 10574 1734 8035
3 1824 1735 1745
3 7684 1745 1735
3 1824 1751 1735
3 1751 7625 1735
3 7628 1735 7625
3 7628 7684 1735
3 1736 6730 4287
3 10889 1736 4287
3 5713 1736 10971
3 10971 1736 10889
3 1737 3107 7538
3 1737 6498 4831
3 1737 4831 8146
3 1737 7538 6498
3 1738 4851 1743
3 1738 1743 10806
3 7088 4848 1738
3 1738 4848 10800
3 1738 10800 4851
3 7088 1738 10806
3 1739 5790 10571
3 6462 1740 6010
3 1740 10288 10331
3 1741 3403 7536
3 1741 9255 7097
3 1741 7097 10203
3 1741 7536 9134
3 1741 9134 9255
3 5494 3296 1742
3 3296 10583 1742
3 5494 1742 6346
3 4936 4843 1743
3 1743 4843 10806
3 4937 1744 1750
3 1746 6695 7472
3 1746 10347 6695
3 1746 7472 8245
3 1746 8245 8259
3 1746 8259 10347
3 10226 1747 5072
3 10544 8305 1747
3 10226 10544 1747
3 10082 1758 1749
3 1749 1758 11209
3 1749 4255 3899
3 5885 1749 3899
3 1749 11209 4255
3 10082 1749 5885
3 1824 1800 1751
3 1800 1934 1751
3 7639 1751 1934
3 7639 7625 1751
3 6551 1795 1752
3 1752 1795 11030
3 6551 1752 2639
3 6572 2639 1752
3 6572 1752 6574
3 1752 11030 6574
3 1753 6565 3108
3 1753 3108 8243
3 1753 8619 6565
3 1753 8243 8622
3 1753 8685 8619
3 1753 8622 8685
3 5113 1754 3840
3 5113 7718 1754
3 10868 8062 1755
3 1755 8062 11074
3 1755 11074 11076
3 1756 3425 6769
3 1756 6769 7907
3 1757 1758 1808
3 1757 10611 1758
3 1757 1808 10609
3 5848 5849 1757
3 5848 1757 10609
3 6360 1757 5849
3 6360 10611 1757
3 10082 1808 1758
3 11209 1758 10611
3 1759 2247 8839
3 1759 8839 8612
3 1760 7653 1767
3 1784 1760 1777
3 1784 6575 1760
3 1760 6575 7653
3 8056 4236 1761
3 4236 11251 1761
3 9347 8056 1761
3 9347 1761 9627
3 9627 1761 11251
3 4330 1762 3388
3 7942 1762 4330
3 1763 2227 9603
3 1763 9682 2227
3 1763 9529 9532
3 1763 9603 9529
3 1763 9532 9684
3 1763 9684 9682
3 2747 1764 10551
3 1764 10689 10551
3 1765 2226 1923
3 2774 1765 1923
3 1765 9508 2194
3 1765 2194 9584
3 1765 9584 2226
3 2774 9508 1765
3 1786 1766 4873
3 9352 1766 1786
3 1854 4873 1766
3 1854 1766 9349
3 9350 9349 1766
3 9350 1766 9352
3 6595 1767 7653
3 6595 8109 1767
3 7564 1768 7171
3 7171 1768 10292
3 1769 5422 5421
3 8914 1769 5421
3 1769 8728 5422
3 5437 8378 1769
3 8914 5437 1769
3 8378 8728 1769
3 1770 6574 6087
3 8614 1770 6087
3 1770 6578 6574
3 1770 6575 6578
3 1770 7653 6575
3 1773 1771 8227
3 1773 9750 1771
3 4180 1771 6161
3 8227 1771 4180
3 6161 1771 10153
3 1771 9750 10153
3 1772 6653 2686
3 8210 1772 2686
3 1772 8381 6653
3 8196 1772 8210
3 8196 8344 1772
3 1772 8344 8381
3 6384 1773 2539
3 2539 1773 8227
3 6384 4514 1773
3 4514 9750 1773
3 1774 3398 5591
3 6762 1774 5591
3 6042 1774 6762
3 8820 6102 1775
3 6102 9564 1775
3 9740 1775 9564
3 9740 9709 1775
3 1801 5422 1776
3 1776 6221 1801
3 8728 1776 5422
3 6221 1776 6210
3 8803 6210 1776
3 1776 8728 8803
3 6543 1777 1779
3 6545 1784 1777
3 6545 1777 6543
3 1778 4655 3303
3 1778 6354 4655
3 11200 6354 1778
3 1778 10413 11200
3 6543 1779 7992
3 7564 8321 1779
3 8321 7992 1779
3 1788 1847 1780
3 1788 1780 5129
3 1780 1847 1827
3 1780 1827 5132
3 5129 1780 9022
3 1780 5132 9022
3 4421 1781 1782
3 1782 1781 4439
3 4421 4459 1781
3 4439 1781 11033
3 11037 1781 4459
3 1781 6298 11033
3 1781 11037 6298
3 2733 1782 3112
3 4421 1782 2733
3 1782 4439 3112
3 2038 8588 1783
3 6545 1790 1784
3 1790 6578 1784
3 1784 6578 6575
3 1785 6023 6061
3 1785 6061 6557
3 1785 6557 8071
3 8674 1785 8071
3 1786 7510 4863
3 1786 4863 9365
3 1786 4873 4888
3 1786 4888 7510
3 9352 1786 9365
3 1787 6206 6233
3 6206 1787 6332
3 6233 7672 1787
3 6599 6332 1787
3 1787 10276 6599
3 7672 10381 1787
3 10276 1787 10381
3 2364 1847 1788
3 5148 2364 1788
3 7670 1788 5129
3 5148 1788 7670
3 1791 1789 6007
3 1791 6218 1789
3 1789 3597 6353
3 1789 9391 3597
3 6007 1789 6353
3 1789 6218 9391
3 5361 4587 1790
3 4587 6572 1790
3 6545 5361 1790
3 1790 6572 6578
3 1791 3464 6218
3 1791 11003 3464
3 5997 1791 6007
3 5997 11003 1791
3 7532 6433 1792
3 7532 1792 8753
3 1792 9160 8753
3 9169 9160 1792
3 1793 1808 10533
3 1793 10609 1808
3 6233 6206 1793
3 6206 6277 1793
3 6233 1793 10533
3 6277 6295 1793
3 1793 6295 10609
3 3132 3129 1794
3 1794 3129 3147
3 3132 1794 3154
3 3144 3154 1794
3 3144 1794 5083
3 5083 1794 3147
3 4281 2816 1795
3 2816 10234 1795
3 6551 4281 1795
3 11030 1795 10234
3 7384 1796 5291
3 5291 1796 9583
3 1796 9090 5495
3 9583 1796 5495
3 7384 5600 1796
3 1796 5600 9090
3 4519 1797 5684
3 4560 4726 1797
3 4691 4631 1797
3 5684 1797 4631
3 4691 1797 4726
3 5006 5004 1798
3 5006 1798 5724
3 1798 8793 5724
3 1798 7317 8793
3 2257 3391 1799
3 5118 2257 1799
3 3391 3222 1799
3 5118 1799 7590
3 7030 7590 1799
3 1824 2341 1800
3 1934 1800 2201
3 5707 2201 1800
3 5707 1800 2341
3 1801 5420 5422
3 1801 10468 5420
3 1801 6221 8746
3 1801 8746 10468
3 1802 1858 6648
3 6662 1858 1802
3 1802 6648 6644
3 6662 1802 11100
3 3803 4733 1803
3 3803 1803 6533
3 1803 4733 5005
3 1803 4992 6533
3 1803 6584 4992
3 1803 5005 6584
3 8358 1804 1806
3 1804 10825 1806
3 9183 2292 1804
3 1804 2292 10825
3 8358 2886 1804
3 9183 1804 2886
3 1805 6221 6397
3 6221 1805 8746
3 8358 1806 1857
3 3252 1807 2145
3 1807 5637 2145
3 3334 2327 1807
3 8038 1807 2327
3 3334 1807 3252
3 8038 5637 1807
3 10082 10533 1808
3 1812 7190 1809
3 1812 1809 8577
3 1809 9095 8577
3 8663 1810 9214
3 8663 9680 1810
3 1810 10017 9214
3 1810 9680 9679
3 1810 9679 11021
3 1810 11021 10017
3 1811 6218 4548
3 1811 4548 10641
3 1811 10641 11186
3 10181 6706 1812
3 1812 7786 7190
3 10181 1812 8577
3 6633 9006 1813
3 1813 9006 8733
3 1814 2107 4189
3 10854 1814 4189
3 1814 10859 6176
3 10854 10859 1814
3 1815 6379 2418
3 1815 2418 6445
3 1815 5484 5699
3 1815 6445 5484
3 1815 5699 7166
3 1815 7166 6379
3 10954 1816 6605
3 11061 6605 1816
3 10954 8442 1816
3 8442 11043 1816
3 1817 7336 1861
3 6360 7336 1817
3 6360 1817 11205
3 1818 1821 1822
3 3103 1821 1818
3 9227 1818 1822
3 3103 1818 6746
3 6746 1818 8237
3 9227 8237 1818
3 1819 9990 2270
3 1819 2270 10423
3 1819 9994 9990
3 1819 10423 10488
3 1907 1822 1821
3 3103 3106 1821
3 6767 1822 1907
3 6757 9227 1822
3 10215 6757 1822
3 10215 1822 6767
3 1823 2726 5101
3 10482 2726 1823
3 8740 1823 5101
3 8740 6418 1823
3 6418 10114 1823
3 10114 10482 1823
3 7151 1825 2897
3 7817 1825 7151
3 8970 1838 1826
3 1826 1838 10910
3 3105 1826 10910
3 3105 11309 1826
3 1827 1847 1919
3 4349 1827 1919
3 8244 1827 4349
3 8096 5132 1827
3 8244 8096 1827
3 3934 1828 3837
3 1828 5727 3837
3 1829 2995 6806
3 1829 6812 2995
3 10665 1829 6806
3 1829 6821 6812
3 10669 6821 1829
3 10669 1829 10665
3 6478 6864 1830
3 1830 6858 6860
3 1830 6864 6858
3 1830 6860 9905
3 7964 7801 1831
3 1831 7802 7897
3 7964 1831 7897
3 3960 3989 1832
3 3960 1832 4730
3 1832 3989 4553
3 4518 4552 1832
3 4518 1832 4553
3 1832 4552 6176
3 1832 6176 4730
3 1835 1833 1975
3 1835 10630 1833
3 1833 10032 1975
3 10630 7395 1833
3 10787 1833 7395
3 10032 1833 10787
3 4224 7165 1834
3 7204 1834 7165
3 7212 1834 7204
3 7212 7292 1834
3 9908 1835 1975
3 9908 4099 1835
3 1835 4099 10784
3 1835 4135 10630
3 1835 10784 4135
3 1836 1842 10887
3 5962 1836 8878
3 8877 8878 1836
3 8877 1836 10887
3 1837 2995 6812
3 1837 7039 2995
3 1837 6812 4099
3 9908 1837 4099
3 1837 10019 7039
3 9908 10019 1837
3 1839 7948 2080
3 1839 3135 3085
3 1839 3085 7948
3 3777 3135 1839
3 1856 1840 1841
3 6877 1841 1840
3 8360 1840 1856
3 6874 1840 1857
3 8360 1857 1840
3 6877 1840 6874
3 1841 6968 1856
3 6880 1841 6877
3 6880 8653 1841
3 6968 1841 8653
3 10882 1842 10805
3 10882 10887 1842
3 4354 1843 1851
3 1851 1843 4417
3 1855 4417 1843
3 10964 1855 1843
3 6681 1843 4354
3 6681 10967 1843
3 10967 10964 1843
3 6710 1844 1848
3 1848 1844 6916
3 6710 4847 1844
3 6717 1844 4847
3 6717 10553 1844
3 1844 6899 6916
3 10553 6899 1844
3 2031 2007 1845
3 2007 7803 1845
3 7531 2031 1845
3 7531 1845 7816
3 7816 1845 7803
3 6714 10539 1846
3 6714 1846 10553
3 1846 10532 6899
3 1846 6899 10553
3 1846 10548 10532
3 10539 10537 1846
3 10537 10548 1846
3 2918 1919 1847
3 2364 2918 1847
3 2143 1848 6916
3 6710 1848 5051
3 1849 6081 4235
3 10636 1849 4235
3 10626 4309 1849
3 4311 6081 1849
3 10626 1849 10636
3 1850 8259 8245
3 1850 10318 8259
3 1850 10122 10318
3 4354 1851 7675
3 5551 1851 4417
3 5551 5508 1851
3 1851 5508 7675
3 2503 5007 1852
3 2503 1852 9400
3 1852 5007 8790
3 1852 8790 8890
3 1852 8890 9400
3 1855 4352 1853
3 6170 1855 1853
3 6163 1853 4352
3 1854 1863 3456
3 1854 9349 1863
3 1854 3456 3460
3 1854 3460 4873
3 10964 4352 1855
3 6170 4417 1855
3 6968 7259 1856
3 8361 1856 7259
3 8360 1856 8361
3 8358 1857 8360
3 2448 1858 6659
3 2448 6663 1858
3 6663 6648 1858
3 6659 1858 6662
3 2277 3842 1859
3 2277 1859 4120
3 4120 1859 2305
3 3842 8293 1859
3 1864 1860 7071
3 1864 8659 1860
3 7367 7071 1860
3 7367 1860 10016
3 8659 8644 1860
3 10016 1860 8644
3 7065 1862 1864
3 1864 1862 8659
3 1869 6080 1862
3 7065 1869 1862
3 1862 6080 10808
3 1862 10808 8659
3 3456 1863 9130
3 9130 1863 4507
3 7065 1864 11138
3 11138 1864 7071
3 1865 1885 1884
3 1865 1884 4974
3 1865 6245 1885
3 1865 4974 9083
3 1865 9083 5461
3 1866 7452 4981
3 1866 4981 11202
3 10730 7452 1866
3 1866 10729 10730
3 10729 1866 11231
3 1866 11202 11231
3 5975 1867 6006
3 5975 10922 1867
3 1867 7601 6006
3 1867 6137 6160
3 10922 6137 1867
3 1867 6160 7601
3 1868 10327 1869
3 7076 1868 7061
3 7076 10612 1868
3 1868 10612 10327
3 1869 10327 6080
3 1980 1870 2155
3 1870 1980 4753
3 2155 1870 4321
3 4321 1870 4329
3 4329 1870 4328
3 4328 1870 10811
3 10811 1870 4753
3 1871 8152 1991
3 1871 1991 10824
3 1871 10824 10820
3 10943 1871 10820
3 1872 2410 3646
3 1872 4038 2410
3 1872 3646 10476
3 10488 4038 1872
3 1872 10476 9993
3 10488 1872 9993
3 4254 1956 1873
3 1873 1956 5270
3 4254 1873 4574
3 1873 4576 4574
3 10815 4576 1873
3 10815 1873 5270
3 1874 1880 7098
3 1874 10864 1880
3 1874 4313 7036
3 1874 7098 4313
3 1874 7036 4987
3 1874 4987 10864
3 1875 1883 7216
3 1875 8618 1883
3 1875 7122 8618
3 1875 9500 7122
3 9806 1875 7216
3 9806 9500 1875
3 1876 1882 10152
3 5087 3321 1877
3 8862 1877 3321
3 8857 1877 3940
3 8861 3940 1877
3 5087 1877 8857
3 8862 8861 1877
3 8618 1878 1883
3 1883 1878 9892
3 2165 2170 1878
3 7121 2165 1878
3 2170 9892 1878
3 8618 7121 1878
3 1984 5119 1879
3 1984 1879 10369
3 10369 1879 4629
3 1879 11114 4629
3 1879 5119 10757
3 1879 10757 11114
3 1880 2097 6194
3 1880 10864 2097
3 1880 6194 4298
3 1880 4298 7098
3 1881 7901 7895
3 1881 10768 7901
3 1882 10142 10152
3 1883 9892 7216
3 3931 1884 1885
3 3931 3209 1884
3 4974 1884 3209
3 1897 3359 1885
3 6245 1897 1885
3 3931 1885 3359
3 1946 1962 1886
3 1946 1886 1965
3 1886 1962 7222
3 1965 1886 9267
3 1886 7222 9846
3 9267 1886 9846
3 3017 1887 3182
3 3017 4382 1887
3 3182 1887 8057
3 1887 4382 9363
3 2655 1888 5680
3 5680 1888 5907
3 6310 5907 1888
3 8966 6310 1888
3 5540 1927 1889
3 1889 2677 4799
3 1889 4799 4734
3 5540 1889 4734
3 1890 4832 2164
3 1890 10915 4832
3 5808 10915 1890
3 4331 1891 2249
3 7560 1891 5204
3 5291 9583 1892
3 5291 1892 10786
3 5433 5424 1892
3 10550 1892 5424
3 9583 5433 1892
3 10786 1892 10550
3 5166 1893 5402
3 5456 5402 1893
3 8934 1894 2080
3 1895 1898 7129
3 1895 1910 1911
3 7740 1910 1895
3 1895 7129 4861
3 7740 1895 4861
3 2599 3359 1897
3 3814 2599 1897
3 5395 3814 1897
3 5395 1897 6245
3 1898 10785 7129
3 10389 9773 1899
3 1900 9739 9743
3 1900 9774 9739
3 1900 9743 9746
3 1900 9753 9754
3 1900 9754 9774
3 1901 1909 1960
3 1901 10848 1909
3 1901 1960 1929
3 1901 1929 10847
3 1901 10847 10849
3 1901 10849 10848
3 3057 1902 2183
3 3058 2183 1902
3 3058 1902 3060
3 1902 8571 3060
3 5321 5743 1903
3 5321 1903 6258
3 1903 5743 6269
3 6272 1903 6269
3 1904 5099 2803
3 9021 1904 2803
3 1904 7976 5099
3 1904 10682 7976
3 4377 1905 9289
3 11187 1905 4377
3 6670 9289 1905
3 7326 1905 9681
3 11187 9681 1905
3 9259 1914 1906
3 7211 1915 1906
3 9259 1906 1915
3 1908 3018 3364
3 1909 1966 1960
3 1909 4323 1966
3 1909 2139 4323
3 1909 10848 2139
3 1915 1911 1910
3 1915 1910 1931
3 11197 1931 1910
3 7740 11197 1910
3 1911 1915 7211
3 7211 10716 1911
3 1912 2693 9381
3 1912 7209 4199
3 1912 4199 9923
3 1912 9381 7209
3 1913 2023 1976
3 6501 1913 1976
3 6471 1913 6501
3 6471 6547 1913
3 9259 9932 1914
3 9930 1914 9932
3 9259 1915 1931
3 1931 1925 1916
3 1916 1925 7157
3 1916 9259 1931
3 1916 7157 7090
3 1916 7090 9932
3 1916 9932 9259
3 7188 1917 9903
3 7188 9917 1917
3 1917 7197 7206
3 1917 9917 7197
3 1917 7206 9224
3 1917 9224 9903
3 6944 1918 1947
3 1918 10306 1947
3 4403 2612 1918
3 2612 10306 1918
3 3889 4403 1918
3 3889 1918 6944
3 1920 4457 4823
3 4823 7491 1920
3 7491 7479 1920
3 11226 1920 7479
3 1920 11226 10578
3 5221 2454 1921
3 2454 7130 1921
3 5221 1921 2775
3 2775 1921 5379
3 1922 2029 1939
3 1922 1939 3486
3 2029 1922 2994
3 1922 3486 3470
3 1923 2226 2227
3 1923 2227 9682
3 2774 1923 6140
3 1923 9682 6140
3 1924 7162 6140
3 1924 6140 9682
3 1924 9684 9675
3 1924 9682 9684
3 1925 1931 11197
3 9921 1925 6922
3 11197 6922 1925
3 1925 9921 7157
3 11309 1930 1926
3 1928 1929 1944
3 1928 10847 1929
3 10990 1928 1944
3 1928 4391 1983
3 1928 1983 10847
3 10990 4391 1928
3 1929 1943 1944
3 1929 1960 1943
3 1932 7216 2814
3 1932 2814 7439
3 2903 1932 7439
3 9435 1932 2903
3 9806 7216 1932
3 9435 9806 1932
3 1976 2023 1933
3 1976 1933 9373
3 6036 1933 2023
3 6036 6037 1933
3 10897 1933 6037
3 10897 9373 1933
3 1934 1972 7639
3 1972 1934 9453
3 2201 9453 1934
3 6229 9166 1935
3 1935 9166 9165
3 1997 1936 6407
3 6398 1936 2269
3 6398 6407 1936
3 1937 1996 5767
3 1937 6250 1996
3 1937 5767 5857
3 1937 5857 9088
3 1937 9088 6250
3 4441 4662 1938
3 4853 4441 1938
3 9425 4853 1938
3 5898 9425 1938
3 1938 11317 5898
3 1939 2020 2012
3 1939 2029 2020
3 1940 3277 1950
3 9953 1940 1950
3 1974 1940 1971
3 1974 3277 1940
3 1945 1941 1942
3 1942 1941 6089
3 1945 7220 1941
3 1941 7220 7219
3 2334 1945 1942
3 2334 1942 9880
3 1942 6089 2940
3 1942 2940 9880
3 1944 1943 10988
3 1960 9927 1943
3 4874 1943 9927
3 4874 9998 1943
3 9998 10988 1943
3 10990 1944 10988
3 1945 1962 7220
3 1962 1945 7222
3 7222 1945 2334
3 1946 9871 1962
3 1946 1965 10998
3 1946 2992 9871
3 1946 10998 2992
3 6944 1947 10511
3 6988 6994 1947
3 6988 1947 10306
3 6994 10511 1947
3 8005 1948 2309
3 5260 7908 1948
3 3897 10680 1949
3 1949 4611 10653
3 4611 1949 10680
3 1965 1950 2451
3 1965 9267 1950
3 1950 3277 2451
3 9953 1950 9267
3 6345 1953 3787
3 8569 3787 1953
3 3894 5500 1953
3 6345 3894 1953
3 8559 1953 5500
3 8569 1953 8559
3 2129 2571 1954
3 2571 2577 1954
3 1955 4781 2434
3 1955 2434 4864
3 1955 2816 5597
3 1955 8579 2816
3 1955 5597 4781
3 1955 4864 8579
3 4254 2555 1956
3 2555 10831 1956
3 5223 5270 1956
3 10831 5223 1956
3 5862 1957 5864
3 1957 6349 6123
3 1959 7288 1958
3 2072 1958 1961
3 7286 1961 1958
3 7288 7286 1958
3 1959 2057 5282
3 1959 5282 3867
3 1959 3867 7288
3 1960 1966 9927
3 1986 1961 7286
3 1986 7388 1961
3 7388 2072 1961
3 1962 9871 7220
3 2459 5237 1963
3 2459 1963 10875
3 3179 1963 3557
3 3179 10875 1963
3 1963 3312 3557
3 5237 3312 1963
3 4433 5663 1964
3 4433 1964 6937
3 5663 8873 1964
3 9260 6937 1964
3 8873 8865 1964
3 9260 1964 8865
3 4323 6261 1966
3 1966 6261 4796
3 1966 4796 9927
3 2485 1967 2518
3 2507 2518 1967
3 2507 1967 5416
3 3308 3352 1968
3 3308 1968 7773
3 1968 5404 8645
3 1968 8645 7773
3 1974 1973 1969
3 4869 1970 4891
3 5206 1970 4869
3 5021 4891 1970
3 5021 1970 9795
3 5206 7755 1970
3 7755 9795 1970
3 1974 1971 1973
3 5410 1972 5405
3 7192 5405 1972
3 1972 5410 9614
3 1972 9453 7192
3 9614 7639 1972
3 1975 10032 9323
3 1975 9323 10065
3 9908 1975 10065
3 6501 1976 6378
3 1976 9373 6378
3 1977 10216 5305
3 8284 10216 1977
3 5547 1978 4336
3 11240 4488 1978
3 11325 1978 4488
3 11240 1978 5547
3 2990 1979 2986
3 10601 1979 2990
3 10601 10053 1979
3 2139 2140 1980
3 2139 1980 4323
3 4661 1980 2140
3 2155 4323 1980
3 4661 4753 1980
3 1981 2230 2510
3 11213 2230 1981
3 3570 1981 2510
3 3570 4063 1981
3 1982 3963 2290
3 1982 2290 9781
3 1982 2877 2868
3 1982 2868 3689
3 1982 9931 2877
3 1982 3689 3963
3 9931 1982 9781
3 4391 4392 1983
3 5210 1983 4392
3 5210 10853 1983
3 10847 1983 10853
3 1984 10369 2101
3 1984 2101 10379
3 1984 4963 5119
3 1984 10379 4963
3 5191 1985 8908
3 9246 1985 5191
3 1987 1986 5689
3 1987 7388 1986
3 1990 5689 1986
3 1990 1986 7286
3 1987 7924 7388
3 1987 7654 7924
3 7596 1993 1988
3 7596 1988 7587
3 4010 1989 8432
3 4010 8610 1989
3 6151 8382 1989
3 6151 1989 8610
3 10797 1989 8382
3 8432 1989 10797
3 1990 4260 7248
3 7301 4260 1990
3 1990 7248 5689
3 7301 1990 7286
3 2805 1991 8152
3 1992 5662 3324
3 1992 4273 4790
3 4790 6750 1992
3 5662 1992 6750
3 2042 1993 7327
3 7327 1993 11323
3 7596 11323 1993
3 1994 8023 2147
3 1994 2147 8688
3 1994 6079 8023
3 1994 8414 6079
3 1994 8700 8414
3 8711 1994 8688
3 8711 8700 1994
3 4576 1995 4574
3 4574 1995 5210
3 4576 10855 1995
3 5210 1995 10853
3 10849 10853 1995
3 10855 10849 1995
3 5767 1996 10449
3 6739 1996 6250
3 6739 10569 1996
3 1996 10569 10449
3 1997 9226 6368
3 1997 6407 8712
3 1998 3897 4304
3 10680 3897 1998
3 10746 1998 4304
3 5011 5081 1998
3 5011 1998 10746
3 5081 10680 1998
3 4284 11010 1999
3 4291 1999 4399
3 4392 4399 1999
3 11010 4392 1999
3 3897 2000 4304
3 10840 2000 4005
3 2000 10840 4304
3 2973 3029 2001
3 10573 2973 2001
3 3189 2001 3029
3 4186 2001 3189
3 2002 2006 7307
3 2002 8760 2006
3 5567 2013 2002
3 2002 2013 8760
3 7386 3283 2003
3 2004 5121 4800
3 2004 9319 5121
3 9640 9319 2004
3 9640 2004 9346
3 2005 7306 4129
3 10368 2005 4129
3 2005 10346 7306
3 2005 7442 10346
3 2005 10364 7442
3 10368 10364 2005
3 2783 2007 2031
3 2007 2778 7803
3 2008 8316 8318
3 2008 10337 8316
3 2008 10338 10337
3 2008 10342 10338
3 3152 2009 5873
3 10084 2009 3152
3 10084 5426 2009
3 10255 2052 2010
3 2010 2052 10258
3 2127 2010 7017
3 10255 2010 2127
3 2010 8178 7017
3 2010 7075 8178
3 2010 10258 7075
3 2011 10746 4304
3 10840 2011 4304
3 4396 2011 10840
3 5322 2012 2020
3 5322 3123 2012
3 2012 3123 5327
3 2035 2013 6091
3 6091 2013 5567
3 2209 2231 2014
3 10974 2209 2014
3 2231 3038 2014
3 7989 2950 2014
3 2950 10974 2014
3 7989 2014 3038
3 2019 10809 2015
3 4284 2015 2555
3 2555 2015 10817
3 2015 10809 10817
3 6109 2016 6139
3 6242 2016 6109
3 2016 11016 6139
3 6242 6279 2016
3 2016 6279 6274
3 2016 6274 11016
3 8563 9501 2017
3 8563 2017 11260
3 2017 9504 9499
3 2017 9499 9522
3 2017 9501 9504
3 2017 9522 11260
3 7348 2018 3457
3 7335 7327 2018
3 7327 11323 2018
3 7348 7335 2018
3 11006 2019 10843
3 5407 2020 2029
3 5322 2020 5407
3 10794 2022 2021
3 4233 2021 10770
3 10794 2021 4233
3 10770 2021 10769
3 10659 2022 4166
3 10794 4166 2022
3 10659 10333 2022
3 6034 6036 2023
3 3104 2024 4494
3 8596 2024 3104
3 5240 4494 2024
3 6692 5240 2024
3 6692 2024 6698
3 8596 6698 2024
3 2638 2025 10754
3 10760 2025 2638
3 3506 10754 2025
3 11216 3506 2025
3 2105 2026 2616
3 9913 2616 2026
3 3941 9913 2026
3 3941 2026 10022
3 3050 2028 2027
3 7347 2027 2028
3 8763 3050 2027
3 6399 2027 7589
3 8763 2027 6399
3 7347 7589 2027
3 3050 9800 2028
3 11201 7347 2028
3 11201 2028 9800
3 2184 2029 2994
3 2184 5407 2029
3 4230 10775 2030
3 4230 2030 10779
3 2030 4248 10779
3 4570 2030 10775
3 2385 2031 2737
3 2385 2783 2031
3 7556 2737 2031
3 7556 2031 7531
3 2042 7327 2032
3 2032 7327 7335
3 2044 2033 7161
3 2044 7360 2033
3 9976 7161 2033
3 2033 7360 8745
3 8384 2033 8745
3 9976 2033 8384
3 2034 10326 10529
3 10516 2034 10529
3 11201 2035 6091
3 7359 2035 7360
3 2035 8745 7360
3 11201 8745 2035
3 2247 2495 2036
3 2247 2036 8839
3 2955 2036 2495
3 2955 3268 2036
3 2036 3268 8848
3 2036 8848 8839
3 4090 2037 5750
3 5874 5750 2037
3 5847 5874 2037
3 2038 3891 8582
3 2038 8582 8778
3 8588 2038 8778
3 2343 2039 9595
3 9705 2039 2343
3 9578 2039 7799
3 9705 7799 2039
3 9578 9201 2039
3 9201 9595 2039
3 6179 6172 2040
3 2040 6172 6443
3 6179 2040 7161
3 2040 6443 7950
3 2040 10683 7161
3 2040 7950 10683
3 4235 2041 2065
3 2041 4248 2065
3 4248 2041 4222
3 6215 4222 2041
3 4235 6081 2041
3 6215 2041 6081
3 2043 2044 3146
3 2043 7360 2044
3 2043 3146 7366
3 7354 7359 2043
3 7354 2043 7366
3 7359 7360 2043
3 2044 10683 3146
3 2044 7161 10683
3 2045 2119 2075
3 5838 2045 2075
3 5838 2079 2045
3 2045 5832 2119
3 7332 5159 2047
3 2047 5159 7934
3 7332 2047 7953
3 2047 7934 7938
3 2047 7938 7957
3 2047 7958 7953
3 2047 7957 7958
3 2209 2048 2231
3 6035 2048 2209
3 6034 2231 2048
3 6034 2048 6036
3 6035 6036 2048
3 5116 2049 10096
3 9677 10123 2049
3 10096 2049 10125
3 10125 2049 10123
3 7275 2050 2051
3 7273 2054 2050
3 2050 2054 7296
3 7273 2050 7275
3 7271 2051 5284
3 7920 5284 2051
3 7271 7275 2051
3 10249 2052 10255
3 10249 10256 2052
3 2052 10256 10258
3 2558 6235 2053
3 2053 6235 7630
3 2053 6589 6597
3 2053 7630 6589
3 9030 2054 7273
3 8719 2054 7291
3 9030 7291 2054
3 8719 7296 2054
3 2055 2782 2433
3 2055 2433 8591
3 2055 10900 2782
3 2055 8591 10424
3 2055 10424 10900
3 8492 2056 3196
3 10832 3196 2056
3 10832 2056 6108
3 2058 3595 9948
3 2058 3620 3600
3 2058 9615 3620
3 2058 9948 9615
3 2059 3733 3967
3 2059 4103 3733
3 2059 3967 4011
3 2059 4011 4091
3 2059 4091 6794
3 2059 6794 4103
3 3875 8559 2060
3 2060 8551 8532
3 2060 8559 8551
3 2061 3172 3181
3 8669 3172 2061
3 2061 3181 5171
3 8687 2061 5171
3 2061 8678 8669
3 2061 8687 8678
3 2062 3200 2633
3 2062 2633 3207
3 2062 3207 6628
3 2062 6628 3218
3 2625 2063 2064
3 8031 2064 2063
3 7924 2063 2074
3 8031 2063 7924
3 2624 2064 2618
3 2625 2064 2624
3 4235 2065 2140
3 4661 2140 2065
3 4661 2065 4830
3 2073 2066 4830
3 10739 2066 2073
3 4661 2066 4753
3 4661 4830 2066
3 10739 4753 2066
3 9915 2067 2127
3 10255 2127 2067
3 9915 10265 2067
3 10232 10255 2067
3 10232 2067 10265
3 2073 2069 4737
3 2073 4830 2069
3 2130 2069 4570
3 2130 4737 2069
3 2928 6193 2070
3 7020 2928 2070
3 2070 6193 6718
3 2070 6718 10756
3 7020 2070 10755
3 2070 10756 10755
3 2074 2071 2072
3 2072 7388 2074
3 2073 4737 4200
3 10739 2073 4200
3 7924 2074 7388
3 6133 2075 2119
3 2181 2075 2149
3 2149 2075 6133
3 5838 2075 2181
3 4591 2076 2086
3 2086 2076 4825
3 4343 2076 4591
3 4343 11090 2076
3 4825 2076 4822
3 11090 4822 2076
3 5018 2077 5611
3 5996 2077 5018
3 5030 2077 5481
3 5030 5611 2077
3 2077 5531 5481
3 5996 5531 2077
3 3805 2078 9068
3 3805 9115 2078
3 2078 4797 4798
3 2078 9115 4797
3 2078 4798 6948
3 2078 6948 9068
3 3205 2633 2079
3 2079 2633 10441
3 5838 3205 2079
3 2079 10441 10458
3 8934 2080 7948
3 7375 2081 2082
3 2081 7984 2082
3 6920 2081 2533
3 7375 2533 2081
3 6920 7984 2081
3 2082 7984 2617
3 2082 2617 8394
3 7375 2082 7641
3 2082 8394 7641
3 2083 2172 2085
3 9694 9698 2083
3 2084 2166 10738
3 2166 2084 10751
3 2084 7739 8080
3 2084 10738 7739
3 2084 8080 9742
3 2084 9742 10751
3 2123 2086 4825
3 2123 10748 2086
3 2130 4591 2086
3 2130 2086 10748
3 2122 2087 10643
3 2122 10721 2087
3 2161 4825 2087
3 10721 2161 2087
3 2087 4825 4822
3 10643 2087 4822
3 2088 2484 3130
3 2088 10106 2484
3 2088 3130 5820
3 2088 5820 5661
3 10108 2088 5661
3 10108 10106 2088
3 2102 2108 2089
3 2111 2089 2108
3 7424 2089 2111
3 7426 2089 7424
3 5676 5653 2090
3 5653 9232 2090
3 5676 2090 5658
3 5658 2090 5926
3 9281 5926 2090
3 9281 2090 9232
3 6604 2091 6619
3 6604 8622 2091
3 6619 2091 8835
3 8243 2091 8622
3 8243 11281 2091
3 11281 8835 2091
3 2092 8976 8299
3 2092 8299 9037
3 8935 2092 9037
3 4526 2093 2099
3 5842 2099 2093
3 5842 2093 2119
3 6133 2119 2093
3 4526 4493 2093
3 6133 2093 4493
3 7672 5429 2094
3 8776 2094 5429
3 6410 2094 6411
3 10381 2094 6410
3 8776 6411 2094
3 7672 2094 10381
3 2432 2095 2445
3 2432 5575 2095
3 2592 2096 2111
3 7424 2111 2096
3 2593 2096 2592
3 6894 2096 2593
3 4234 6194 2097
3 4234 2097 10798
3 10860 2097 10864
3 2591 2100 2098
3 2591 2098 7972
3 2099 2113 4547
3 2099 9735 2113
3 4526 2099 4547
3 5842 9735 2099
3 2591 2108 2100
3 8558 2100 2108
3 2101 3052 4515
3 2101 10369 3052
3 2101 4515 10344
3 2101 10344 10379
3 2103 3834 5252
3 8451 3834 2103
3 8451 2103 10950
3 11170 10950 2103
3 2104 9018 3920
3 10075 2104 3920
3 2104 6312 7043
3 6312 2104 10075
3 6463 2104 7043
3 9018 2104 6463
3 2105 2616 6253
3 2106 2207 2109
3 8512 2106 2109
3 2106 3420 2207
3 2831 5799 2106
3 2831 2106 8512
3 2106 5799 3420
3 2107 2538 5566
3 2107 5566 4189
3 2591 2111 2108
3 2258 2109 2207
3 10802 2109 2258
3 2872 8512 2109
3 2872 2109 10802
3 2110 2826 2801
3 2110 2801 10022
3 2110 5163 2826
3 2110 4564 5163
3 2592 2111 2591
3 5725 7235 2112
3 5725 2112 10432
3 7235 5980 2112
3 2112 5980 10454
3 10432 2112 8413
3 2112 10454 8413
3 2113 5628 4547
3 2113 5845 5628
3 5843 5845 2113
3 9735 5843 2113
3 2118 2114 2122
3 2118 4820 2114
3 2122 2114 6474
3 2114 4820 10734
3 2114 10734 6474
3 2184 5380 2115
3 2184 2115 5407
3 3339 5407 2115
3 3339 2115 5413
3 2115 5380 5413
3 6998 3669 2116
3 6998 2116 5486
3 5788 2133 2117
3 5786 2117 9088
3 2118 2122 10643
3 2118 10643 4819
3 2118 4819 11084
3 2118 11084 4820
3 5842 2119 5832
3 2120 7419 3033
3 2120 3040 7419
3 6570 2121 2195
3 7203 2195 2121
3 7461 7203 2121
3 7460 7461 2121
3 2122 6474 10721
3 2123 4825 2161
3 2123 2161 10749
3 2123 10747 10748
3 2123 10749 10747
3 3264 2193 2125
3 8009 2125 2193
3 2125 3038 3264
3 2125 7989 3038
3 2125 6508 7989
3 2125 8009 6508
3 2126 10738 2166
3 2126 2166 11011
3 10172 2127 7017
3 10172 9915 2127
3 6067 2128 4028
3 4028 2128 6329
3 2128 5723 6834
3 2128 6848 5723
3 6067 6848 2128
3 6329 2128 6834
3 2129 2564 2565
3 2129 8981 2564
3 2129 2565 2571
3 9953 8981 2129
3 2130 4570 4591
3 2130 10748 4737
3 2131 7420 7430
3 2131 7426 7424
3 2131 7430 7426
3 2685 9577 2132
3 2685 2132 11128
3 2132 3599 9562
3 2132 9577 3599
3 2132 9562 11128
3 5788 6296 2133
3 6615 2133 6296
3 6615 9062 2133
3 2366 2135 8314
3 10895 2135 2366
3 10150 8314 2135
3 10898 10150 2135
3 2136 2561 2242
3 2136 2242 2755
3 2429 2561 2136
3 2429 2136 8812
3 4558 2136 2755
3 4558 8812 2136
3 4951 2137 3526
3 2137 8485 3526
3 4951 3548 2137
3 8350 2137 3548
3 8350 6161 2137
3 2137 6161 8485
3 2138 2541 2148
3 2138 2148 2735
3 2138 2162 2541
3 2138 9886 2162
3 2138 2735 2814
3 2138 2814 9886
3 10636 2140 2139
3 10636 2139 10848
3 10636 4235 2140
3 3252 2145 2141
3 5576 2141 2145
3 3252 2141 8827
3 5576 10505 2141
3 8827 2141 11261
3 2141 10505 11261
3 3748 2142 4068
3 4628 2142 3748
3 4068 2142 10282
3 6454 2142 4628
3 6454 6503 2142
3 6503 10282 2142
3 2312 2144 2562
3 2312 5079 2144
3 4829 2562 2144
3 3270 4813 2144
3 3270 2144 5079
3 4829 2144 4813
3 6993 5576 2145
3 6993 2145 5637
3 2146 7221 6136
3 2146 6136 10744
3 2146 7659 7221
3 2146 10594 7659
3 2146 7711 10594
3 2146 10744 7711
3 2147 2493 2731
3 2147 3022 2493
3 2147 2731 8688
3 8023 3022 2147
3 2148 2541 9717
3 2148 9717 9782
3 2148 9782 9809
3 2181 2149 5127
3 2149 4330 4557
3 2149 6133 4330
3 5127 2149 4557
3 2150 4537 7504
3 2150 7504 10225
3 8236 2150 10740
3 10740 2150 10225
3 2179 2164 2151
3 6262 2151 2164
3 4329 2179 2151
3 4321 4329 2151
3 6263 4321 2151
3 6263 2151 6262
3 8066 2152 3269
3 9525 3269 2152
3 2152 7907 6769
3 2152 6769 10425
3 2152 8066 7907
3 9525 2152 10425
3 2160 2154 2153
3 5159 2153 2154
3 2160 2153 2158
3 2158 2153 8837
3 7332 2153 5159
3 7332 8837 2153
3 5161 2154 2160
3 5040 2154 5161
3 5040 7933 2154
3 5159 2154 7933
3 2155 4321 4969
3 2155 6261 4323
3 2155 4969 6261
3 9000 2538 2156
3 4673 5415 2156
3 2156 5415 5111
3 9000 2156 5111
3 2160 2158 5258
3 2465 2248 2159
3 2248 2665 2159
3 2465 2159 2458
3 3444 2458 2159
3 2474 2159 2665
3 3444 2159 2474
3 10721 10607 2161
3 2161 10607 10749
3 2162 2171 2163
3 2162 2163 2172
3 9886 2171 2162
3 2163 2171 2169
3 4832 6262 2164
3 2165 2167 2170
3 3315 2166 10751
3 3315 11011 2166
3 2167 2169 2170
3 2168 9958 3007
3 2169 2171 2170
3 2170 2171 9892
3 9886 9892 2171
3 7445 2173 6482
3 2173 10186 6482
3 2173 9643 6496
3 2173 6496 10186
3 7445 7160 2173
3 2173 7160 9643
3 7817 7151 2174
3 7151 11015 2174
3 7817 2174 10889
3 6452 2175 6474
3 10719 2175 6452
3 10721 6474 2175
3 2175 10594 10607
3 10719 10594 2175
3 10721 2175 10607
3 2176 9142 5605
3 2176 5605 9232
3 2176 9232 5653
3 2176 5653 9513
3 2176 6351 9142
3 2176 9513 6351
3 6658 3260 2177
3 6658 2177 4751
3 2177 10780 4751
3 2177 4892 10780
3 10138 2178 2233
3 2233 2178 11062
3 3495 2178 11119
3 11062 2178 3582
3 10138 11119 2178
3 4329 4328 2179
3 4328 10911 2179
3 7671 2180 7647
3 10720 7647 2180
3 7671 7659 2180
3 2180 7659 10594
3 10719 2180 10594
3 10719 10720 2180
3 5838 2181 3205
3 11228 3205 2181
3 11228 2181 5127
3 7113 2182 7447
3 2182 7119 9689
3 8436 7447 2182
3 8436 2182 9689
3 3047 2183 3058
3 3047 8565 2183
3 3057 2183 8565
3 2184 2994 2278
3 2184 2278 5380
3 7113 2185 2186
3 2185 8374 2186
3 2187 8374 2185
3 7113 7447 2185
3 8373 4735 2186
3 8373 2186 8374
3 2187 2721 7449
3 2187 7449 8374
3 2188 4643 10504
3 2188 10504 10693
3 9947 2621 2189
3 2189 2621 10574
3 2189 4460 5668
3 2189 10574 4460
3 2189 5668 9118
3 9947 2189 9118
3 4159 10493 2190
3 4622 2190 10654
3 7714 2190 10493
3 7714 10654 2190
3 2191 6436 2192
3 2191 2192 10505
3 5333 2191 5576
3 5576 2191 10505
3 6436 6058 2192
3 9241 2193 3264
3 8009 2193 6228
3 2193 11336 6228
3 2193 9241 11336
3 4606 2194 3997
3 11154 3997 2194
3 4606 9584 2194
3 9508 8881 2194
3 11154 2194 8881
3 6570 2195 8898
3 6845 7199 2195
3 6845 2195 7203
3 7199 8898 2195
3 2344 2196 2197
3 6073 2197 2196
3 2807 2196 2344
3 6073 2196 10713
3 2344 2197 5919
3 4900 2197 6073
3 2198 2812 4051
3 2198 4075 2812
3 3994 2198 4047
3 3994 4075 2198
3 2198 4016 4047
3 2198 4051 4016
3 2373 2658 2199
3 5147 2373 2199
3 3497 2199 2382
3 2382 2199 8456
3 2199 2658 8456
3 3497 10839 2199
3 10839 5147 2199
3 7800 2200 6198
3 7800 6202 2200
3 2201 5707 6630
3 6630 8052 2201
3 9453 2201 8052
3 2202 9372 4715
3 4715 9387 2202
3 2202 4723 4722
3 9372 2202 4722
3 9387 4723 2202
3 3197 2203 7269
3 3197 10475 2203
3 2203 3281 4877
3 7269 2203 4877
3 4111 2204 4190
3 4111 10667 2204
3 4179 2204 4182
3 4179 4190 2204
3 2216 2206 2205
3 11299 2205 2206
3 2216 2205 7460
3 2205 7456 7460
3 2205 8907 7456
3 11299 8907 2205
3 11299 2206 7570
3 2258 2207 2642
3 2642 2207 3420
3 2232 2218 2208
3 2208 2218 10647
3 8842 2232 2208
3 8842 2208 10648
3 10648 2208 10647
3 2870 2210 6070
3 6070 2210 4523
3 4523 2210 9731
3 6570 9731 2210
3 2397 9211 2211
3 2397 2211 9997
3 9211 4543 2211
3 9997 2211 6583
3 2214 4105 2212
3 2214 2212 4364
3 2212 4105 4356
3 2212 4356 4309
3 2212 4309 10626
3 2212 10626 4364
3 2213 4292 5124
3 2213 8149 4292
3 2213 5124 10448
3 2213 8211 8149
3 2213 8250 8211
3 2213 10448 8250
3 2214 4279 4105
3 4605 4279 2214
3 4605 2214 4364
3 2215 2218 2238
3 10649 2218 2215
3 4005 2215 2238
3 10649 2215 10653
3 3334 2217 2444
3 10074 2444 2217
3 3334 3252 2217
3 2217 3252 8827
3 2217 8827 6817
3 10074 2217 6817
3 2232 2238 2218
3 2218 10649 10647
3 7497 2219 3530
3 2219 9405 3530
3 7457 2219 7463
3 7457 9404 2219
3 7497 7463 2219
3 2219 9404 9405
3 3341 2220 3689
3 3341 3967 2220
3 2220 3963 3689
3 2220 3967 3733
3 5747 2221 5748
3 5747 10175 2221
3 2221 8463 5748
3 2221 10388 8463
3 2221 10175 10388
3 5178 4564 2222
3 3118 2223 3116
3 3118 7061 2223
3 7483 2224 2854
3 2224 9532 2854
3 7483 7727 2224
3 9653 2224 7727
3 2224 9684 9532
3 9653 9675 2224
3 2224 9675 9684
3 8819 2225 4997
3 8819 8821 2225
3 2227 2226 9603
3 9584 9606 2226
3 2226 9606 9603
3 4588 2228 9853
3 2228 5771 5772
3 8228 5771 2228
3 2228 5772 7138
3 2228 7138 9853
3 3267 3245 2229
3 2229 3245 10424
3 2229 10424 8591
3 2229 8591 10463
3 10549 4985 2230
3 11213 10549 2230
3 2231 8007 3038
3 6034 8007 2231
3 10999 2238 2232
3 8842 10805 2232
3 10805 10999 2232
3 9032 2233 9020
3 9020 2233 11064
3 10138 2233 9032
3 2233 11062 11064
3 2969 2234 2968
3 2969 7951 2234
3 2234 7951 3813
3 2276 6520 2235
3 2235 6520 2659
3 6530 2235 2659
3 4589 2236 3311
3 3311 2236 8834
3 4590 3829 2236
3 9718 2236 3829
3 4589 4590 2236
3 9718 8834 2236
3 2239 2884 2237
3 10563 2239 2237
3 2237 2884 7501
3 2237 7501 7495
3 2237 7495 7545
3 10563 2237 7545
3 6885 4005 2238
3 2238 10999 6885
3 2239 7503 2884
3 2239 6959 6957
3 2239 6957 7499
3 10563 6959 2239
3 2239 7499 7503
3 5124 4292 2240
3 2240 4292 8079
3 10406 5124 2240
3 10406 2240 6871
3 2240 10711 6871
3 2240 8079 10711
3 2241 7575 2251
3 2241 5414 5634
3 2241 5634 7575
3 2561 7804 2242
3 7349 2755 2242
3 7349 2242 7340
3 7804 7340 2242
3 2506 2243 6768
3 3668 4317 2243
3 5839 3668 2243
3 6768 2243 4317
3 2244 4658 8256
3 2244 8266 4658
3 8276 2244 8256
3 2244 8267 8266
3 8280 8267 2244
3 8280 2244 8276
3 2762 2245 5204
3 7560 5204 2245
3 8216 2246 2744
3 2247 10745 2495
3 2465 2307 2248
3 2248 2307 9873
3 2248 9873 2665
3 3302 4331 2249
3 3302 2249 7585
3 8015 6842 2250
3 10726 2250 6842
3 7910 10723 2250
3 10726 7910 2250
3 8015 2250 10708
3 10708 2250 10723
3 7871 2815 2251
3 2251 2815 8581
3 7871 2251 7575
3 4790 2252 6750
3 8850 2252 4790
3 6750 2252 11059
3 8850 8835 2252
3 2252 8835 11281
3 11059 2252 11281
3 7599 2253 7745
3 7599 10104 2253
3 10067 7745 2253
3 10067 2253 10078
3 10076 10078 2253
3 10076 2253 10104
3 2254 6004 10767
3 6790 2461 2255
3 6790 2255 8483
3 2256 8919 3728
3 2256 3728 11253
3 5168 4478 2256
3 2256 4478 8919
3 5118 3478 2257
3 9069 2259 8987
3 3396 2260 3462
3 5380 2260 3396
3 6430 3462 2260
3 7805 2260 5380
3 6431 6430 2260
3 7805 6431 2260
3 2261 8568 8999
3 9002 8568 2261
3 10844 2261 8999
3 9008 9002 2261
3 9008 2261 10844
3 4941 5055 2262
3 4941 2262 11308
3 2262 5055 8809
3 5520 2262 7134
3 5520 11308 2262
3 2262 8809 7134
3 2263 2271 2440
3 6292 2271 2263
3 8068 2263 2440
3 9396 6292 2263
3 8068 10310 2263
3 9396 2263 10310
3 6668 2264 6629
3 10965 6629 2264
3 6668 10179 2264
3 8599 8144 2264
3 10965 2264 8144
3 10179 8599 2264
3 2268 2265 7615
3 2268 7624 2265
3 2265 2279 7615
3 2265 9285 2279
3 4363 2265 7624
3 4363 9285 2265
3 2400 4367 2266
3 8211 2400 2266
3 4117 2266 4367
3 4117 8161 2266
3 8161 8149 2266
3 8211 2266 8149
3 6854 6843 2267
3 6843 10033 2267
3 6854 2267 6847
3 2267 9323 6847
3 2267 10065 9323
3 10033 10065 2267
3 2268 7615 2274
3 2268 2274 9832
3 2268 7325 3761
3 2268 3761 7624
3 2268 9832 7325
3 2398 2270 9991
3 2398 10423 2270
3 2271 2646 2440
3 2531 2646 2271
3 6288 2531 2271
3 6292 6288 2271
3 2273 2272 3313
3 2273 7035 2272
3 2272 7620 3313
3 2272 7035 7621
3 8715 7620 2272
3 8715 2272 7621
3 2273 3313 9064
3 2273 7362 7035
3 2273 9052 7362
3 2273 9064 9052
3 2274 7613 7565
3 9832 2274 7565
3 2274 7615 7613
3 5023 4723 2275
3 9387 2275 4723
3 5023 2275 8448
3 2275 11034 8448
3 9422 2275 9387
3 11034 2275 9422
3 2856 2412 2276
3 2276 2412 6520
3 2856 2276 10123
3 2277 10176 3842
3 10059 2277 4120
3 10083 2277 10059
3 10083 10176 2277
3 2278 2982 2747
3 7805 2278 2747
3 2994 2982 2278
3 2278 7805 5380
3 3020 7406 2279
3 9285 3020 2279
3 7406 11155 2279
3 2279 11155 7615
3 6870 2621 2280
3 9947 2280 2621
3 8224 2280 6859
3 10457 6859 2280
3 6870 2280 8224
3 9947 10457 2280
3 2281 8813 8808
3 10353 2281 8808
3 9384 2281 9149
3 10353 9149 2281
3 2282 7106 2283
3 2282 3808 7106
3 2386 2284 6554
3 2386 10878 2284
3 6551 2639 2284
3 6554 2284 2639
3 6551 2284 6553
3 6553 2284 10156
3 10878 10156 2284
3 5187 6924 2285
3 9995 5187 2285
3 5517 2285 7834
3 9995 2285 5517
3 5604 10286 2286
3 5622 2287 6453
3 2287 6264 6453
3 2287 6597 6264
3 5442 2682 2288
3 2682 8785 2288
3 5442 2288 8418
3 8132 8418 2288
3 8132 2288 8426
3 8957 8426 2288
3 8957 2288 8785
3 2289 3079 2718
3 7207 2289 2718
3 2729 2732 2289
3 2729 2289 6763
3 2732 3079 2289
3 2736 6763 2289
3 7207 2736 2289
3 2290 2765 5712
3 9781 2290 5712
3 2291 3609 5242
3 2291 10289 3609
3 5208 5137 2291
3 5137 10289 2291
3 6282 5208 2291
3 6432 2291 5242
3 6282 2291 6432
3 7038 8638 2292
3 9183 7038 2292
3 8638 7040 2292
3 2292 7040 8643
3 10825 2292 8643
3 3159 3161 2293
3 5700 3159 2293
3 5698 2293 3161
3 2293 5698 4654
3 2294 5061 2301
3 10161 2294 2301
3 2294 4890 5061
3 5071 4890 2294
3 5071 2294 10163
3 10163 2294 10161
3 2295 2783 2385
3 2295 2385 10863
3 8535 2295 10863
3 2296 2297 3433
3 2296 7632 2297
3 2300 2296 7644
3 2300 11215 2296
3 7644 2296 3433
3 11215 7632 2296
3 2876 2297 5671
3 2876 6759 2297
3 3433 2297 6759
3 2297 7632 5671
3 2310 2298 6663
3 5693 6648 2298
3 5693 2298 6652
3 6663 2298 6648
3 11069 6652 2298
3 2299 2300 5970
3 2299 11215 2300
3 2299 5745 2302
3 2299 2302 7048
3 2299 5970 5745
3 2299 7048 11215
3 5970 2300 7252
3 2300 7644 7252
3 10462 4301 2301
3 10489 2301 4301
3 10462 2301 5061
3 10161 2301 10489
3 2302 5745 6063
3 2302 7046 7048
3 9321 2303 4174
3 2303 9907 4174
3 2303 6670 4498
3 2303 4498 9907
3 2303 9289 6670
3 9321 9289 2303
3 4123 2305 2304
3 10568 2304 2305
3 4123 2304 10610
3 6833 10610 2304
3 2847 2306 3272
3 2847 9609 2306
3 5582 3272 2306
3 5582 2306 5506
3 5506 2306 5588
3 9609 5588 2306
3 2465 3625 2307
3 3625 5657 2307
3 2307 5657 9975
3 2307 9975 9873
3 2308 2319 2313
3 2308 2313 5372
3 8373 2319 2308
3 2308 6759 4566
3 4566 8373 2308
3 2308 5372 6759
3 4081 4779 2309
3 2309 9996 4081
3 8005 2309 4779
3 2402 2358 2310
3 2402 2310 6663
3 4229 2311 4711
3 4229 8112 2311
3 2311 4261 4711
3 10001 4261 2311
3 10001 2311 8112
3 2312 2562 8470
3 2312 6223 5079
3 2847 2316 2313
3 2316 5372 2313
3 2569 2313 2319
3 2569 2847 2313
3 2314 2317 2318
3 2314 2323 2317
3 2314 2325 2323
3 2326 2325 2314
3 2316 3272 2315
3 8774 2316 2315
3 5582 2315 3272
3 5582 7334 2315
3 8768 2315 7334
3 8768 8774 2315
3 2847 3272 2316
3 8774 5372 2316
3 2318 2317 10763
3 2317 2323 2320
3 8605 2317 2320
3 10763 2317 8605
3 2318 10763 4066
3 2318 4066 10776
3 2569 2319 7449
3 8374 7449 2319
3 8373 8374 2319
3 2320 2323 6635
3 3466 5764 2320
3 3466 2320 6635
3 8605 2320 5764
3 2321 2721 6195
3 2321 9738 2721
3 2321 6195 6111
3 2321 8570 9609
3 2321 9609 9738
3 2322 2331 5972
3 2331 2322 8514
3 5945 2322 6480
3 2322 5945 7669
3 2322 5972 6480
3 8514 2322 7669
3 2325 8580 2323
3 2323 8580 6635
3 2331 2324 6395
3 2324 2331 8510
3 2891 6429 2324
3 2891 2324 8067
3 3066 8067 2324
3 3066 2324 8510
3 6429 6395 2324
3 2326 2328 2325
3 2325 2328 6639
3 2325 6639 8580
3 10585 2328 2326
3 10585 2326 10451
3 2526 4897 2327
3 2526 2327 8858
3 3334 8858 2327
3 8038 2327 4897
3 2332 6645 2328
3 10585 2332 2328
3 2328 6645 6639
3 2900 2329 2892
3 2892 2329 3059
3 5145 2329 2900
3 2329 9992 3059
3 5145 10095 2329
3 10095 9992 2329
3 2362 2369 2330
3 9917 2362 2330
3 2369 8453 2330
3 7201 6146 2330
3 9917 2330 6146
3 7201 2330 8453
3 6395 5972 2331
3 8510 2331 8514
3 4097 6645 2332
3 10587 2332 10585
3 2943 2333 2939
3 2939 2333 9977
3 2943 10135 2333
3 3077 9977 2333
3 3077 2333 10141
3 10135 10141 2333
3 7902 7222 2334
3 7895 7902 2334
3 7895 2334 9880
3 2335 3879 2832
3 2335 2832 9099
3 2335 3523 10639
3 2335 10639 3879
3 2335 9099 10745
3 4842 8714 2336
3 4842 2336 11099
3 6622 2336 6626
3 6622 11112 2336
3 8714 6626 2336
3 11112 11099 2336
3 2337 5041 2636
3 2337 2636 10546
3 2337 6224 5041
3 2337 5181 6224
3 2337 8532 5181
3 2337 10546 8532
3 3703 5395 2338
3 8068 3703 2338
3 2338 6253 10310
3 8068 2338 10310
3 9559 2339 2681
3 2339 11149 2681
3 9345 2339 6528
3 9570 6528 2339
3 9345 11149 2339
3 9559 9570 2339
3 2561 2340 7804
3 10074 2340 2561
3 6405 2340 4867
3 10074 4867 2340
3 6405 7374 2340
3 7804 2340 7374
3 7806 5707 2341
3 3037 2883 2342
3 3037 2342 6238
3 6238 2342 4929
3 2590 9305 2343
3 2590 2343 9519
3 9705 2343 9305
3 2343 9595 9519
3 2807 2344 2450
3 2344 5919 2450
3 3246 2345 2380
3 2345 3509 2380
3 3246 2599 2345
3 3814 2345 2599
3 2436 2346 2348
3 11197 2348 2346
3 6922 2346 2355
3 6922 11197 2346
3 2347 5160 2684
3 5812 2347 2684
3 4551 2347 4645
3 4551 8528 2347
3 5812 4645 2347
3 8528 5160 2347
3 2436 2348 2352
3 4861 2352 2348
3 7740 4861 2348
3 7740 2348 11197
3 2660 2349 2634
3 2634 2349 3032
3 2660 7191 2349
3 7178 3032 2349
3 7936 3833 2351
3 11167 2351 3833
3 11167 11168 2351
3 2436 2352 9500
3 3954 2352 4861
3 3954 7122 2352
3 2352 7122 9500
3 8780 8705 2353
3 2356 2354 2355
3 6922 2355 2354
3 7184 2354 2356
3 9921 6922 2354
3 7184 9921 2354
3 2439 2359 2356
3 6893 2356 2359
3 7184 2356 6893
3 2357 9849 4455
3 9030 7276 2357
3 2357 7276 9849
3 2402 11133 2358
3 7124 2361 2359
3 2439 7751 2359
3 7124 2359 7751
3 2360 3117 9670
3 3579 2362 2361
3 7124 3579 2361
3 3579 2369 2362
3 7188 2362 9917
3 2363 5988 5994
3 6039 5988 2363
3 6035 2363 5994
3 2403 5144 2364
3 5148 2403 2364
3 2364 5144 2918
3 2365 8557 3528
3 2365 3528 10496
3 2365 3532 3538
3 2365 10496 3532
3 2365 3538 8557
3 7493 5452 2366
3 5452 10895 2366
3 7493 2366 7521
3 2366 8314 7521
3 3953 2367 7751
3 8467 2367 3953
3 7124 7751 2367
3 7124 2367 7770
3 7770 2367 7758
3 8467 7758 2367
3 3579 2368 2369
3 2368 8456 2369
3 7768 2382 2368
3 2368 2382 8456
3 7770 2368 3579
3 7770 7768 2368
3 2369 8456 8453
3 2370 4366 7477
3 2370 9441 4366
3 2370 6931 4907
3 2370 4907 9441
3 2370 6926 6931
3 2370 7477 6926
3 4139 2371 4138
3 4138 2371 9665
3 9181 2371 4139
3 9169 2371 9160
3 9181 9160 2371
3 9169 9665 2371
3 4836 2375 2372
3 7812 2372 2375
3 2373 7199 2658
3 2373 8898 7199
3 9211 2374 2393
3 2374 10496 2393
3 9639 3532 2374
3 3532 10496 2374
3 9211 9290 2374
3 9639 2374 9290
3 2396 2395 2375
3 7812 2375 2395
3 10839 2396 2375
3 4836 10839 2375
3 2376 5691 4769
3 2376 4769 6489
3 8001 5691 2376
3 10836 2376 6489
3 8001 2376 10836
3 8195 2377 2395
3 8195 7776 2377
3 2378 7198 2414
3 8298 2378 2414
3 2378 8298 7099
3 2378 7099 11163
3 9143 7198 2378
3 9143 2378 11163
3 6289 6953 2379
3 6289 2379 10334
3 6901 2379 6953
3 6901 10473 2379
3 10355 10334 2379
3 10355 2379 10473
3 7884 3246 2380
3 3695 2380 3509
3 3695 7855 2380
3 7884 2380 7855
3 3125 4220 2381
3 4220 4046 2381
3 2384 3497 2382
3 7768 2384 2382
3 3004 2383 3692
3 3004 5320 2383
3 5691 3692 2383
3 2383 5320 6608
3 5691 2383 6878
3 2383 6608 6432
3 2383 6432 6878
3 2416 7785 2384
3 2384 7785 3497
3 2385 2737 6995
3 2385 6995 10863
3 2991 5739 2386
3 2991 2386 11050
3 5739 10878 2386
3 11050 2386 6554
3 2390 2388 2387
3 2388 7505 2387
3 2390 2387 5059
3 2387 5069 5059
3 2387 7789 5069
3 2387 7505 7789
3 7779 2388 2390
3 3983 2388 2441
3 7779 2441 2388
3 3983 8337 2388
3 8337 7505 2388
3 2389 7263 5285
3 7260 7263 2389
3 7776 7779 2390
3 3983 8447 2391
3 3983 2391 11267
3 2391 7759 7765
3 2391 8447 7759
3 2391 7765 7761
3 2391 7761 11267
3 2392 7762 8439
3 2392 11267 7762
3 8337 2392 7793
3 8437 7793 2392
3 8337 11267 2392
3 8437 2392 8439
3 9211 2393 4543
3 11150 4543 2393
3 11150 2393 10496
3 2397 2394 9991
3 2397 9997 2394
3 2398 2394 3754
3 2398 9991 2394
3 2394 8777 3754
3 2394 9997 8777
3 8195 2395 2396
3 3497 7785 2396
3 3497 2396 10839
3 7784 2396 7785
3 8195 2396 7784
3 2397 9290 9211
3 2397 9991 9290
3 2398 3754 4037
3 2398 4037 10423
3 2503 2399 2505
3 2503 9400 2399
3 9193 2505 2399
3 9179 9193 2399
3 9434 9179 2399
3 9434 2399 9400
3 2545 4367 2400
3 6859 2545 2400
3 8224 6859 2400
3 8211 8224 2400
3 2401 2404 8108
3 2401 9994 2404
3 7000 2401 8108
3 2401 9990 9994
3 2448 2402 6663
3 2448 10969 2402
3 10969 11133 2402
3 2403 5117 2406
3 2403 2406 5144
3 2403 4676 5117
3 5148 4676 2403
3 6423 6421 2404
3 8108 2404 6421
3 6423 2404 6424
3 9994 6424 2404
3 2422 2405 2425
3 10652 2425 2405
3 2406 5117 3740
3 2406 3740 5512
3 2406 5139 5144
3 2406 5512 5139
3 5277 5100 2407
3 2408 8743 3248
3 2408 3248 11031
3 2408 3560 8743
3 2408 11013 3560
3 2408 10885 11013
3 2408 11031 10885
3 8430 8433 2409
3 9409 2409 8433
3 9411 9334 2409
3 9409 9411 2409
3 7760 3646 2410
3 4038 10495 2410
3 7760 2410 10492
3 10495 10492 2410
3 2411 10491 2413
3 2411 2420 2415
3 2411 2415 10491
3 10471 2420 2411
3 10471 2411 7210
3 3481 2412 2856
3 3481 10270 2412
3 2412 10270 6520
3 4211 4809 2413
3 4211 2413 10491
3 2413 4809 10455
3 8762 6595 2414
3 7198 8762 2414
3 2415 2420 10485
3 7760 2415 3646
3 3646 2415 10485
3 7760 10491 2415
3 2441 7784 2416
3 8447 2441 2416
3 2416 7784 7785
3 5156 6445 2418
3 6643 5156 2418
3 6379 9708 2418
3 6643 2418 9708
3 6224 5032 2419
3 6224 2419 5041
3 5041 2419 6789
3 6906 6789 2419
3 2424 2420 10466
3 2424 10485 2420
3 2420 10471 10466
3 2426 6231 2421
3 2426 2421 10011
3 2425 10363 2423
3 10363 10459 2423
3 10479 2424 10466
3 10484 2424 10479
3 10484 10485 2424
3 10363 2425 10652
3 10011 10363 2426
3 10363 10652 2426
3 2427 5633 3915
3 2427 3915 6502
3 2427 3926 5633
3 5692 3926 2427
3 5692 2427 6527
3 6527 2427 6502
3 2429 2444 2561
3 2429 8858 2444
3 2429 8812 8849
3 2429 8849 8858
3 2459 2430 5237
3 2620 5237 2430
3 2837 3652 2431
3 10247 2837 2431
3 2431 4721 3078
3 2431 3078 10246
3 2431 3652 8446
3 2431 8446 4721
3 10247 2431 10246
3 5995 2432 2445
3 5995 10460 2432
3 2468 3395 2433
3 2468 2433 7790
3 2433 2782 7790
3 3395 8591 2433
3 5504 2434 4781
3 5504 4918 2434
3 4729 2435 11046
3 10978 11152 2435
3 11152 11046 2435
3 2436 9500 2437
3 9435 2437 9806
3 9806 2437 9500
3 2439 2438 9438
3 2439 9438 7751
3 2646 2867 2440
3 3983 2441 8447
3 7779 7784 2441
3 2442 9824 3830
3 10190 2442 3848
3 10190 9824 2442
3 6135 2443 10744
3 6135 10750 2443
3 7711 10744 2443
3 7711 2443 10749
3 10747 10749 2443
3 10747 2443 10750
3 10074 2561 2444
3 3334 2444 8858
3 3239 2446 5451
3 7472 5451 2446
3 7472 2446 8245
3 4249 8290 2447
3 8051 8255 2447
3 8051 2447 8290
3 8255 8061 2447
3 9154 2447 8061
3 2448 6659 6629
3 2448 6629 10969
3 7818 7787 2449
3 2807 2450 2483
3 5135 2483 2450
3 5135 2450 2630
3 2630 2450 5919
3 2453 2788 2780
3 2453 2780 2791
3 3880 2454 5221
3 3880 6391 2454
3 6391 6667 2454
3 2454 6667 7130
3 7083 2456 2462
3 2457 2482 5868
3 7724 2482 2457
3 2457 5868 4852
3 2457 4852 11014
3 7724 2457 6029
3 2457 11014 6029
3 2468 2465 2458
3 2468 2458 3395
3 2458 2479 3395
3 3444 2479 2458
3 6790 6936 2461
3 6855 2461 6936
3 7240 2461 6855
3 7083 2462 3011
3 6908 2463 3613
3 8541 3613 2463
3 8541 2463 6863
3 6863 2463 9011
3 6912 2463 6908
3 6912 9011 2463
3 2464 3021 2466
3 7912 2464 2466
3 7912 5306 2464
3 2468 3625 2465
3 3031 2466 3021
3 7914 2466 3031
3 4511 4489 2467
3 9129 4511 2467
3 2468 7778 3625
3 2468 7790 7778
3 2469 7831 7828
3 2469 7828 8416
3 2469 8416 8417
3 2469 8417 8419
3 3573 5376 2470
3 3573 2470 9504
3 7364 2470 5376
3 7364 9499 2470
3 2470 9499 9504
3 2570 2471 5280
3 2570 6825 2471
3 8406 5280 2471
3 6825 8407 2471
3 8406 2471 8407
3 2480 2516 2472
3 9843 2480 2472
3 2472 2516 2513
3 6825 2472 2513
3 7904 2472 6825
3 7904 9843 2472
3 2715 2557 2473
3 4986 2473 2557
3 2715 2473 7036
3 4986 6580 2473
3 6580 4987 2473
3 7036 2473 4987
3 2474 2637 10332
3 3444 2474 10332
3 2475 3414 2479
3 3444 2475 2479
3 2475 4923 3414
3 2475 10460 4923
3 4962 2476 2786
3 3025 2976 2476
3 3025 2476 7473
3 4962 7473 2476
3 5135 2477 2483
3 6115 2483 2477
3 2477 5133 6128
3 2477 7691 5133
3 5135 7691 2477
3 6115 2477 11283
3 2477 6128 11283
3 2478 7148 7905
3 2478 9954 7148
3 8449 2478 7905
3 9954 2478 9955
3 3414 3395 2479
3 2480 2511 2516
3 2480 7905 2511
3 9843 7905 2480
3 2819 2481 2488
3 5758 2488 2481
3 5783 2481 2819
3 5746 5758 2481
3 5746 2481 10277
3 10277 2481 5783
3 2484 3726 3817
3 10106 3726 2484
3 2485 2518 2511
3 2485 2511 2799
3 3539 2486 7656
3 3539 9372 2486
3 4732 2486 4722
3 2486 9372 4722
3 4741 2486 4732
3 4741 7656 2486
3 2487 3039 3018
3 2487 10303 3039
3 2576 2488 2498
3 2498 2488 5758
3 10051 2488 2576
3 10051 2819 2488
3 6045 2489 2692
3 2489 8764 2692
3 8764 2489 6040
3 6040 2489 8824
3 6045 8825 2489
3 8824 2489 8825
3 2490 2492 7140
3 2490 7840 2553
3 7886 2491 7383
3 10453 7383 2491
3 2491 9293 9778
3 10453 2491 9778
3 2492 3592 7155
3 7140 2492 7155
3 8511 2731 2493
3 3022 10591 2493
3 3208 8511 2493
3 3208 2493 10591
3 6876 6889 2494
3 6876 2494 7857
3 6882 2494 6889
3 6882 9107 2494
3 2955 2495 9104
3 2495 9105 9104
3 10745 9105 2495
3 2499 2496 2552
3 2496 2499 2560
3 4034 2497 9474
3 4034 10283 2497
3 9475 9474 2497
3 10438 9475 2497
3 10014 2497 10283
3 10014 10438 2497
3 2498 2535 2521
3 2576 2498 2521
3 2498 2556 2535
3 2498 9938 2556
3 2498 5758 9938
3 2499 2552 7861
3 2499 7858 2560
3 7858 2499 7870
3 7870 2499 7861
3 2500 4252 3792
3 2500 3792 8042
3 2500 10645 4252
3 10456 2500 8042
3 11022 2500 10456
3 11022 10645 2500
3 2501 6015 6022
3 2501 6022 10993
3 9740 2502 5302
3 9740 9564 2502
3 9957 2502 9564
3 9734 2502 9957
3 3679 2503 2505
3 3679 5007 2503
3 2504 4951 3526
3 2504 9140 4951
3 3679 2505 4503
3 4503 2505 10558
3 10558 2505 9193
3 2506 6405 4867
3 6817 2506 4867
3 2506 6768 6405
3 2507 2508 2518
3 6624 2508 2507
3 2508 2509 2518
3 2508 7829 2509
3 6624 8416 2508
3 2508 8416 7829
3 2509 2513 2516
3 2509 7829 2513
3 2509 2516 2518
3 3570 2510 7988
3 6481 7988 2510
3 2511 2518 2516
3 2511 7905 2799
3 2549 2512 2519
3 10795 2519 2512
3 2549 7351 2512
3 2512 7351 5263
3 9960 2512 5263
3 9960 10795 2512
3 6825 2513 8407
3 2513 7829 8407
3 8918 2521 2514
3 9345 2514 2521
3 6528 4999 2514
3 8697 2514 4999
3 9345 6528 2514
3 8697 8918 2514
3 6326 2515 3235
3 2515 6326 6003
3 2515 6003 6353
3 6347 2515 6353
3 2520 4024 2517
3 10281 2520 2517
3 4024 9076 2517
3 9076 8550 2517
3 10281 2517 8550
3 2549 2519 3312
3 2519 3632 3312
3 8147 3632 2519
3 8147 2519 10795
3 3562 3558 2520
3 4024 2520 3558
3 4026 3562 2520
3 4026 2520 4030
3 4030 2520 10281
3 9345 2521 2535
3 2576 2521 8918
3 2522 8113 2527
3 8398 2522 2527
3 2522 7846 8113
3 7852 7710 2523
3 8156 2523 7710
3 7848 2523 7846
3 8113 7846 2523
3 7848 7852 2523
3 8156 8113 2523
3 2524 3706 5800
3 2524 10398 3706
3 10375 2524 5800
3 10375 10362 2524
3 10362 10398 2524
3 4196 3824 2525
3 2525 3824 4860
3 5921 2525 4860
3 6223 2525 5921
3 8795 4897 2526
3 8795 2526 8849
3 2526 8858 8849
3 2527 8113 2529
3 9316 2527 2529
3 8398 2527 9310
3 9310 2527 9316
3 2528 4386 3603
3 2528 3603 8029
3 8117 4386 2528
3 8117 2528 4973
3 2528 8209 4973
3 2528 8029 8209
3 2749 2784 2529
3 2749 2529 8156
3 9316 2529 2784
3 2529 8113 8156
3 2530 2604 2586
3 10235 2530 2586
3 7183 2604 2530
3 3802 8652 2530
3 3802 2530 10257
3 7183 2530 8652
3 10235 10257 2530
3 2536 2631 2531
3 6303 2536 2531
3 2531 2631 2646
3 6303 2531 6288
3 3649 2532 2539
3 6384 2539 2532
3 3649 5516 2532
3 6384 2532 4560
3 9136 4560 2532
3 9136 2532 5516
3 2533 8478 2979
3 2533 2979 9820
3 6920 2533 9820
3 7375 8478 2533
3 9687 7436 2534
3 9698 9687 2534
3 9698 2534 9717
3 9717 2534 9782
3 2556 5752 2535
3 5752 11149 2535
3 9345 2535 11149
3 2613 2836 2536
3 2613 2536 6307
3 2536 2836 2631
3 6307 2536 6303
3 3886 2537 3758
3 2537 9254 3758
3 3886 3946 2537
3 2537 3946 11068
3 2537 10213 9254
3 2537 11068 10213
3 4484 5566 2538
3 9000 4484 2538
3 7874 2540 7889
3 7874 10796 2540
3 10623 2542 10026
3 7861 6646 2543
3 7861 2543 7867
3 7867 2543 7877
3 7238 2687 2544
3 8072 2544 2687
3 7238 2544 7181
3 8073 7181 2544
3 8073 2544 8072
3 2545 2750 4367
3 2545 9171 2750
3 6859 7346 2545
3 2545 7346 9171
3 2550 2553 2546
3 2553 7840 2546
3 3995 9402 2547
3 3995 2547 11123
3 2550 2548 6646
3 2549 5237 2620
3 2549 2620 7351
3 2549 3312 5237
3 2551 2553 2550
3 2551 2550 6646
3 2551 2552 2553
3 7861 2552 2551
3 7861 2551 6646
3 3017 3182 2554
3 3017 2554 9867
3 6784 2554 3182
3 4284 2555 4254
3 2555 10817 10831
3 2556 9060 5752
3 2556 8445 9060
3 2556 9938 8445
3 2715 11184 2557
3 4986 2557 6620
3 6620 2557 7826
3 2557 11184 7826
3 4558 6235 2558
3 4558 2558 8812
3 2567 2559 2580
3 2567 11311 2559
3 2574 2580 2559
3 10559 2574 2559
3 10559 2559 6479
3 2559 11311 6479
3 3168 2562 3800
3 10072 2562 3168
3 3800 2562 4829
3 8470 2562 10072
3 2565 2564 7901
3 2564 7902 7901
3 2564 9846 7902
3 2564 8981 9846
3 2565 2568 2571
3 2565 10768 2568
3 2565 7901 10768
3 2566 2586 2600
3 2566 4006 2586
3 6121 2566 2600
3 4003 4006 2566
3 4003 2566 9014
3 6121 9014 2566
3 5811 2567 2572
3 2567 2580 7208
3 5811 11311 2567
3 2568 2573 2571
3 2568 11199 2573
3 9738 2847 2569
3 9738 2569 7449
3 2570 5280 8525
3 2570 7904 6825
3 2571 2573 2577
3 2573 8525 2577
3 10559 3014 2574
3 2575 7483 2626
3 9663 2575 2626
3 2575 4124 4154
3 9663 4124 2575
3 2575 4154 4257
3 2575 4257 7483
3 9240 2576 8918
3 9240 10051 2576
3 4201 2934 2578
3 2934 6403 2578
3 4201 2578 5554
3 2580 8683 7208
3 2934 2581 6403
3 5578 2582 2770
3 9140 2770 2582
3 5152 9140 2582
3 5152 2582 10704
3 11129 2582 5578
3 11129 10704 2582
3 9366 2583 9394
3 9366 9606 2583
3 2583 9591 9394
3 9586 9589 2583
3 9586 2583 9606
3 9589 9591 2583
3 4198 4095 2584
3 2584 4095 4995
3 4198 2584 4181
3 2584 5427 4181
3 2584 4995 4447
3 2584 4447 5427
3 2585 8086 7370
3 2586 2604 2600
3 10235 2586 4006
3 2601 3134 2587
3 9240 2601 2587
3 2587 3134 8727
3 2587 8727 5444
3 2587 5444 9125
3 9240 2587 9125
3 9552 2589 8650
3 8650 2589 9554
3 9552 9444 2589
3 9444 9604 2589
3 9554 2589 10021
3 10021 2589 9604
3 2590 8989 7515
3 2590 7515 9305
3 2590 9277 8989
3 2590 9519 9277
3 2592 2591 7972
3 2595 2593 2592
3 2595 2592 7972
3 2597 2593 2595
3 2971 4958 2594
3 2971 2594 9537
3 9539 2594 4958
3 2594 9533 8923
3 2594 8923 9537
3 9539 9533 2594
3 8736 2597 2595
3 2595 7972 7975
3 8736 2595 7975
3 4761 2596 4760
3 4761 9555 2596
3 5874 2596 5750
3 5750 2596 9555
3 2597 7987 7353
3 8736 7987 2597
3 4033 2598 8490
3 4033 8501 2598
3 5232 2598 8501
3 5232 9534 2598
3 9539 8490 2598
3 9539 2598 9534
3 7869 2599 3246
3 7869 3359 2599
3 2600 2604 2695
3 10523 2600 2695
3 6121 2600 10523
3 2601 4744 3134
3 8697 4744 2601
3 8697 2601 8918
3 9240 8918 2601
3 3491 2602 7298
3 9526 7298 2602
3 2603 2907 2904
3 2904 11246 2603
3 2907 2603 10475
3 2603 6925 10478
3 6925 2603 11246
3 2603 10478 10475
3 2604 7678 2695
3 7183 7678 2604
3 6270 2605 4448
3 6270 6150 2605
3 2605 6150 6333
3 2605 6333 10100
3 8668 10503 2606
3 8668 2606 10506
3 2606 9769 9767
3 2606 9767 9942
3 2606 10503 9769
3 10506 2606 9942
3 9447 2607 2610
3 9652 2610 2607
3 8994 2607 4372
3 4372 2607 9441
3 8994 9652 2607
3 9447 9441 2607
3 2609 7967 2608
3 2609 2608 8984
3 2608 7967 7511
3 8736 2608 7511
3 8736 7975 2608
3 2608 7975 8984
3 7965 7967 2609
3 9418 7475 2610
3 9464 2610 7475
3 9418 2610 9652
3 9464 9447 2610
3 3400 2611 2821
3 8945 2821 2611
3 3400 3778 2611
3 3778 5659 2611
3 6279 2611 5659
3 8945 2611 6279
3 8204 2612 4403
3 2612 6999 7008
3 2612 8204 6999
3 8249 2612 7008
3 2612 8249 10306
3 2613 6678 2836
3 2613 3866 6678
3 2618 2614 2615
3 2617 8397 2614
3 7978 2618 2615
3 3016 7978 2615
3 9913 8404 2616
3 8397 2617 7984
3 7978 2624 2618
3 2619 3055 3124
3 2619 10906 3055
3 3180 2619 3124
3 8771 2619 3180
3 8771 10335 2619
3 2619 10335 10906
3 2622 5242 3609
3 5356 5242 2622
3 5356 2622 6491
3 2622 6490 6491
3 11314 3748 2623
3 11318 2623 3748
3 6605 6679 2623
3 11318 6605 2623
3 11314 2623 6679
3 2626 2854 5353
3 2626 7483 2854
3 2626 5353 9520
3 2626 9520 6071
3 9663 2626 6071
3 2627 6891 6931
3 6971 6891 2627
3 2627 6931 6935
3 6967 2627 6935
3 6967 8860 2627
3 6971 2627 8860
3 6287 3125 2628
3 6552 2628 3125
3 2629 3162 2809
3 9235 2629 2809
3 2629 5063 5043
3 9235 5063 2629
3 2646 2631 9093
3 2631 2836 8222
3 2631 8222 9093
3 9733 2632 2663
3 8099 7996 2632
3 8099 2632 9733
3 10441 2633 3200
3 3205 3207 2633
3 2666 2660 2634
3 2666 2634 3898
3 2679 2634 3032
3 3898 2634 2679
3 2635 3409 2645
3 10524 2635 2645
3 3328 10513 2635
3 3328 2635 10523
3 10513 3409 2635
3 10523 2635 10524
3 5041 6789 2636
3 5269 2636 6558
3 5269 10066 2636
3 2636 6789 6558
3 10546 2636 10066
3 5847 2637 5874
3 10332 2637 5847
3 2638 4231 4207
3 2638 10754 4231
3 2639 4587 6554
3 4587 2639 6572
3 2640 2641 8387
3 2640 9820 2641
3 6920 2640 7984
3 6920 9820 2640
3 2640 8397 7984
3 2640 8387 8397
3 8387 2641 7353
3 2642 3420 6756
3 2642 6756 11035
3 6902 3440 2643
3 11221 2643 3440
3 4711 4261 2643
3 9999 2643 4261
3 4711 2643 11221
3 6902 2643 9999
3 4502 2644 7366
3 4502 8856 2644
3 7354 7366 2644
3 3409 10540 2645
3 10524 2645 6406
3 6406 2645 10540
3 2646 9093 2867
3 10196 2647 3229
3 10171 4751 2647
3 4751 10780 2647
3 10171 2647 10196
3 3793 2648 7429
3 2648 9424 7429
3 2745 2649 2776
3 7540 2649 2745
3 2776 2649 11337
3 3793 2649 3535
3 7540 3535 2649
3 3793 11337 2649
3 2651 3253 2650
3 2651 2650 7991
3 2650 7808 7708
3 2650 7708 7991
3 2662 7363 2651
3 2651 6204 3253
3 2651 7363 6204
3 2655 5821 2652
3 2655 2652 7674
3 2652 5821 7363
3 2652 7363 8084
3 2652 8084 8086
3 2667 2653 7993
3 8102 2653 2667
3 2653 2720 2719
3 2653 2719 7993
3 2653 8107 2720
3 8102 8107 2653
3 6508 8176 2654
3 2654 8176 9503
3 2654 9463 8180
3 9503 9463 2654
3 2655 5680 5821
3 3399 2656 4912
3 7081 4912 2656
3 2666 2657 2660
3 2660 2657 7191
3 2666 9469 2657
3 4555 2657 9469
3 7201 2658 7199
3 7201 8453 2658
3 2658 8453 8456
3 5191 2659 6520
3 5191 8908 2659
3 2661 8823 7480
3 2661 7480 9378
3 2661 8260 8823
3 2661 9652 8260
3 2661 9378 9418
3 2661 9418 9652
3 2662 4052 8085
3 2662 8084 7363
3 2662 8085 8084
3 2664 9838 4263
3 2664 5936 5640
3 2664 5640 9838
3 2665 4901 4760
3 2665 9873 4901
3 2666 3898 9440
3 2666 9440 9469
3 2667 7993 4040
3 2667 4040 10147
3 8102 2667 10147
3 2668 3328 2695
3 2668 2695 7678
3 3329 3328 2668
3 3329 2668 7037
3 6576 7037 2668
3 6576 2668 7678
3 2669 8013 8012
3 10543 2669 8012
3 10411 9974 2669
3 10411 2669 10543
3 3571 2670 10498
3 10627 2670 7864
3 8732 10498 2670
3 8732 2670 10627
3 3232 2671 3717
3 3232 7311 2671
3 3894 3717 2671
3 3894 2671 5500
3 7311 5500 2671
3 3634 7736 2672
3 9640 3634 2672
3 7705 7159 2672
3 7159 10941 2672
3 7705 2672 7736
3 9640 2672 10941
3 4938 2673 4694
3 7606 4694 2673
3 4938 8270 2673
3 7606 2673 7741
3 2673 8269 7741
3 2673 8270 8269
3 4702 5984 2674
3 5984 9004 2674
3 7058 3865 2675
3 8401 2675 4186
3 7344 7058 2675
3 7344 2675 8401
3 8001 2676 5211
3 5211 2676 8287
3 8001 10836 2676
3 2676 10140 8287
3 2676 11223 10140
3 2676 10836 11223
3 5396 4799 2677
3 7507 5396 2677
3 7507 2677 7508
3 3898 2679 4082
3 2679 8683 4082
3 6108 2681 11149
3 6364 9559 2681
3 5442 2683 2682
3 6376 2682 2683
3 6376 8413 2682
3 2682 8413 8785
3 5442 6982 2683
3 2683 6982 8410
3 6569 2684 5160
3 9044 5812 2684
3 8526 2685 9575
3 8526 9577 2685
3 2685 8796 9575
3 2685 11128 8796
3 6653 6442 2686
3 2686 6442 8255
3 8210 2686 8051
3 8051 2686 8255
3 8072 2687 2688
3 8177 2688 2687
3 7238 10157 2687
3 8177 2687 10157
3 6256 8072 2688
3 8493 6256 2688
3 2689 2724 2725
3 2689 2725 10562
3 9328 2689 8608
3 8608 2689 10562
3 2690 2837 3643
3 7594 2837 2690
3 7594 2690 9691
3 2691 5313 9340
3 2691 11305 5313
3 2691 5335 7253
3 2691 9340 5335
3 2691 7253 7270
3 2691 7270 11305
3 4438 6045 2692
3 4438 2692 7721
3 7608 7748 2692
3 8764 7608 2692
3 2692 7748 7721
3 8052 8089 2693
3 8089 8377 2693
3 9381 2693 8377
3 2694 2698 2701
3 9723 2698 2694
3 8133 2694 9446
3 9723 2694 8133
3 3328 10523 2695
3 5051 2696 4857
3 2696 7415 4857
3 10781 2696 5051
3 2696 7396 7415
3 10787 7396 2696
3 10787 2696 10781
3 2697 2718 2716
3 3482 2697 2716
3 7207 2718 2697
3 3153 2697 7205
3 7207 2697 3153
3 7205 2697 3482
3 2698 2700 2701
3 8129 2700 2698
3 8129 2698 2704
3 9723 2704 2698
3 8092 2701 2700
3 8123 2700 8129
3 8092 8139 2701
3 7894 2703 2704
3 8122 2704 2703
3 2703 2724 2709
3 8118 2703 2709
3 7894 2724 2703
3 8118 8122 2703
3 9723 7894 2704
3 8122 8129 2704
3 2705 7991 4040
3 2705 4040 7993
3 8116 2705 7993
3 8116 8082 2705
3 7649 2706 7628
3 7628 2706 7680
3 7649 10688 2706
3 7680 2706 8252
3 10688 8252 2706
3 3340 3344 2707
3 3340 2707 7657
3 3344 3524 2707
3 7766 2707 3524
3 8696 7657 2707
3 7766 8696 2707
3 2708 2720 2709
3 2708 2719 2720
3 2708 4244 2719
3 10298 4244 2708
3 2720 8118 2709
3 2711 3063 2945
3 3980 2711 2945
3 3980 8509 2711
3 9274 2739 2712
3 3482 2716 2713
3 2713 2716 4705
3 3482 2713 5037
3 5037 2713 5125
3 2715 6618 6113
3 2715 6113 11184
3 2715 7036 6618
3 4705 2716 2718
3 2717 2730 10383
3 4429 10377 2717
3 4429 2717 10383
3 5765 2717 10376
3 2717 10377 10376
3 4700 2718 3079
3 4700 4705 2718
3 8116 2719 4244
3 8116 7993 2719
3 2720 8107 8118
3 9738 7449 2721
3 2722 9826 8805
3 11310 2722 8805
3 2722 9242 9359
3 11310 9242 2722
3 2723 9202 4250
3 2723 4250 9208
3 9471 9202 2723
3 2723 9208 9486
3 9471 2723 9486
3 7894 2725 2724
3 7894 3799 2725
3 8239 2725 3799
3 8239 10562 2725
3 2726 10501 5101
3 10484 10479 2726
3 2726 10479 10501
3 10482 10484 2726
3 2793 2727 2741
3 2727 2769 2922
3 2769 2727 3516
3 4724 2727 2793
3 4724 3516 2727
3 7686 2728 5806
3 7688 5806 2728
3 7688 2728 8598
3 8588 8598 2728
3 6182 2729 6763
3 5587 10380 2730
3 10382 2730 10380
3 10383 2730 10382
3 8689 2731 8511
3 2732 4687 3079
3 3581 2733 3112
3 4425 2733 3581
3 4421 2733 4469
3 4425 4469 2733
3 2849 8684 2734
3 7830 7803 2734
3 7830 2734 7811
3 7811 2734 8684
3 2814 2735 7439
3 7815 7439 2735
3 2736 4569 2857
3 2736 2857 6763
3 7338 2737 6951
3 6951 2737 7556
3 7338 6995 2737
3 5028 2804 2738
3 8249 2738 2804
3 5028 2738 4982
3 4982 2738 7025
3 2738 7005 7025
3 2738 8249 7005
3 4475 2739 2740
3 9274 2740 2739
3 2757 2739 4475
3 4475 2740 2779
3 8093 2740 9274
3 5227 2793 2741
3 4264 2742 9197
3 9186 9197 2742
3 9186 2742 9612
3 2743 2791 4462
3 2743 4462 11337
3 2743 7429 9424
3 2743 11337 7429
3 8216 2744 8219
3 2745 2776 2779
3 2848 2746 2838
3 2868 2838 2746
3 2868 2746 2902
3 9690 2902 2746
3 10551 7805 2747
3 2748 10293 7890
3 2748 10290 10274
3 2748 10274 10319
3 2748 10325 10290
3 2748 10319 10293
3 2749 2797 2784
3 2749 8156 8140
3 4117 4367 2750
3 4117 2750 4725
3 6826 4725 2750
3 6826 2750 4805
3 4805 2750 9171
3 2751 3000 9986
3 2751 10230 3000
3 2751 9986 8797
3 2751 8797 10129
3 9597 2752 8033
3 9597 9879 2752
3 7869 2753 7860
3 2753 10010 7860
3 7884 2753 7869
3 7884 9742 2753
3 9742 8080 2753
3 2753 8080 10010
3 9022 11127 2754
3 4558 2755 3642
3 3642 2755 5827
3 7349 5827 2755
3 2756 2757 2759
3 2756 2759 8136
3 2756 2768 2761
3 2756 8136 2768
3 2757 4475 2759
3 9134 7536 2758
3 2758 7536 11324
3 9124 9134 2758
3 9139 9124 2758
3 9139 2758 11000
3 11000 2758 11324
3 2759 2760 2802
3 2759 4475 2760
3 8143 2759 2802
3 8143 8136 2759
3 2760 2776 2773
3 2760 2773 2802
3 2760 2779 2776
3 2760 4475 2779
3 3943 2762 4934
3 2762 5209 4934
3 2762 5204 5209
3 2768 8136 2763
3 2763 8136 8141
3 2763 8141 8142
3 3518 2764 2812
3 2764 6642 2812
3 3518 9690 2764
3 4884 2764 6118
3 4884 6642 2764
3 6118 2764 9690
3 5712 2765 5718
3 10674 5718 2765
3 10674 2765 8159
3 2796 2766 4959
3 2796 8098 2766
3 2766 2826 5163
3 2766 8098 2826
3 2766 5632 4959
3 2766 5163 5632
3 5715 9091 2767
3 5715 2767 10891
3 9091 6348 2767
3 9536 2767 6348
3 9536 10073 2767
3 2767 10073 10891
3 2922 2769 5384
3 3516 5382 2769
3 5382 5384 2769
3 5578 2770 6493
3 2771 10076 7029
3 2771 7029 10094
3 10092 2771 9100
3 2771 10094 9100
3 2771 10088 10076
3 10092 10088 2771
3 2772 8557 3554
3 2772 3554 9476
3 2772 9476 3601
3 2772 3601 10290
3 2772 10325 8557
3 2772 10290 10325
3 2773 2776 4462
3 2773 2792 2800
3 2773 4462 2792
3 2773 2800 2802
3 2774 6140 7456
3 8907 2774 7456
3 8907 9508 2774
3 3713 4101 2775
3 3713 2775 5379
3 4114 2775 4101
3 5221 2775 4114
3 2776 11337 4462
3 8721 2777 8263
3 2777 10733 8263
3 8723 10313 2777
3 2777 10313 10733
3 2780 2784 2792
3 9316 2784 2780
3 9316 2780 2788
3 2780 2792 2791
3 8681 2781 9124
3 9758 2781 8681
3 2781 9122 9137
3 9758 9122 2781
3 9124 2781 9137
3 2782 3254 7790
3 2782 10435 3254
3 2782 10900 10435
3 2784 2797 2792
3 2796 2785 6311
3 7844 2785 2796
3 3342 2785 7922
3 8497 2785 3342
3 2785 9796 6311
3 7922 2785 7844
3 8497 9796 2785
3 4962 2786 7468
3 5043 5048 2786
3 5048 7468 2786
3 5670 2787 3026
3 10370 3026 2787
3 10370 2787 3400
3 2789 3788 9568
3 9126 9122 2789
3 9126 2789 9569
3 2789 9568 9569
3 2790 8444 9789
3 2790 9789 9787
3 4462 2791 2792
3 2792 2797 2800
3 2794 6178 3366
3 2794 3366 9824
3 2794 9959 6178
3 10201 2794 9824
3 10199 9959 2794
3 10199 2794 10201
3 5488 2795 5005
3 2795 6486 5005
3 5488 5511 2795
3 5511 6190 2795
3 6190 6369 2795
3 6369 6486 2795
3 7844 2796 4959
3 2796 6311 8098
3 9767 4049 2798
3 9884 2798 4049
3 9940 9767 2798
3 9883 9864 2798
3 9864 9940 2798
3 9884 9883 2798
3 4327 2799 7148
3 7905 7148 2799
3 8143 2802 2800
3 2801 2826 8172
3 2801 8172 9967
3 2801 9967 10022
3 9021 2803 2842
3 5125 2803 5099
3 5031 2804 5028
3 5031 6988 2804
3 6988 10306 2804
3 2804 10306 8249
3 2805 3496 2808
3 3650 2806 9876
3 2806 3684 9929
3 2806 9370 9876
3 9929 9370 2806
3 2811 2808 3496
3 2811 7852 2808
3 7852 7854 2808
3 2852 2809 3383
3 9235 2809 2852
3 3162 9808 2809
3 3383 2809 9808
3 2810 3062 6341
3 3062 2810 10930
3 5227 2810 6341
3 2811 3496 2813
3 2811 2813 7710
3 2811 7710 7852
3 3518 2812 4075
3 2812 6642 4051
3 4883 2813 3496
3 8140 7710 2813
3 2814 7216 9886
3 4016 4051 2815
3 7871 4016 2815
3 8581 2815 4051
3 4281 5597 2816
3 8579 10234 2816
3 3860 6614 2818
3 3860 2818 11307
3 2818 4297 11048
3 2818 11048 11307
3 5777 2819 5776
3 5776 2819 10051
3 5777 5783 2819
3 5324 2820 2822
3 7887 2822 2820
3 5324 2823 2820
3 2823 7880 2820
3 7880 10058 2820
3 7887 2820 10058
3 10370 3400 2821
3 8945 6205 2821
3 2821 6205 10560
3 10370 2821 10560
3 7887 10699 2822
3 8206 2822 10699
3 5324 7876 2823
3 2823 7875 5940
3 2823 5940 7880
3 7876 7875 2823
3 9082 7545 2824
3 9082 2824 9101
3 2824 9105 9101
3 2824 9104 9105
3 4541 2825 4274
3 4541 6290 2825
3 2825 6290 7687
3 8172 2826 8098
3 5206 4869 2827
3 5206 2827 8234
3 6697 5913 2827
3 5913 8234 2827
3 2828 2957 8670
3 2828 9535 2957
3 2828 8519 7346
3 2828 7346 10457
3 2828 8670 8519
3 2828 10457 9535
3 3179 2829 10875
3 5777 2830 5783
3 5777 8385 2830
3 10211 5783 2830
3 5784 2830 8385
3 5784 10239 2830
3 10239 10211 2830
3 3708 9898 2831
3 2831 10400 5799
3 2831 9898 10400
3 9092 2832 3879
3 2832 9101 9099
3 4938 2833 8270
3 4938 8282 2833
3 5224 2833 6990
3 5224 8270 2833
3 6941 6990 2833
3 6941 2833 8282
3 3137 2834 4964
3 3137 11268 2834
3 2834 5558 4964
3 2834 5553 5521
3 2834 5521 10420
3 2834 11268 5553
3 2834 10420 5558
3 5956 2835 10545
3 11233 2835 5956
3 6990 7044 2835
3 6990 2835 11233
3 7044 10545 2835
3 6678 7167 2836
3 7167 8222 2836
3 3643 2837 10247
3 7594 3652 2837
3 5782 2848 2838
3 2877 2855 2838
3 5782 2838 2855
3 2877 2838 2868
3 4228 2839 8732
3 4228 10149 2839
3 8732 2839 8806
3 9080 8806 2839
3 10149 9080 2839
3 5954 2937 2840
3 8301 2840 2937
3 4314 5954 2840
3 4314 2840 7478
3 10593 7478 2840
3 10593 2840 8301
3 2841 2862 2843
3 5435 2841 2843
3 4646 2862 2841
3 4646 2841 4524
3 7120 4524 2841
3 7120 2841 5435
3 9021 2842 8546
3 2842 9097 8546
3 10876 9097 2842
3 4059 2843 2862
3 4059 8013 2843
3 7094 5435 2843
3 7094 2843 8013
3 2844 3083 2953
3 2844 2953 9535
3 2844 9118 3083
3 2844 9947 9118
3 2844 9535 9947
3 3958 2845 3903
3 3903 2845 9676
3 10383 2845 3958
3 9943 9676 2845
3 10382 9943 2845
3 10383 10382 2845
3 2863 7022 2846
3 9071 2846 7022
3 10250 2846 9071
3 10250 10253 2846
3 2846 10253 10254
3 9738 9609 2847
3 5782 10239 2848
3 5784 2848 10239
3 2849 4957 8684
3 2850 2865 5561
3 5609 2865 2850
3 6099 2850 5561
3 6400 2850 6099
3 6337 2851 2853
3 8380 2853 2851
3 7215 2912 2851
3 8380 2851 2912
3 6337 4735 2851
3 7215 2851 4735
3 2852 3383 6934
3 9230 9236 2852
3 9235 2852 9236
3 8338 2853 8340
3 8380 8340 2853
3 5353 2854 9532
3 2864 2855 5740
3 5782 2855 2864
3 2877 5735 2855
3 2855 5735 5740
3 3481 2856 6761
3 9677 6761 2856
3 9677 2856 10123
3 5609 2857 2865
3 5609 6763 2857
3 6150 2858 5836
3 5836 2858 6186
3 6150 10279 2858
3 2859 5447 4805
3 2859 10980 5447
3 2859 8913 6965
3 2859 6965 10980
3 3450 2860 4431
3 5490 2861 5491
3 6472 2861 5490
3 5553 5491 2861
3 5553 2861 5521
3 11230 5521 2861
3 10929 2861 6472
3 11230 2861 10929
3 8179 4059 2862
3 4646 6611 2862
3 8179 2862 6611
3 4023 2863 5344
3 6032 2863 4023
3 6032 7022 2863
3 5779 2864 3226
3 5779 10180 2864
3 5782 2864 10180
3 7156 2866 2922
3 4039 2866 6388
3 6388 2866 10791
3 10791 2866 7156
3 2867 8094 3509
3 9093 8094 2867
3 3689 2868 2902
3 2869 10246 3078
3 8880 2869 10241
3 8880 10246 2869
3 10241 2869 10251
3 4621 2871 3076
3 2871 9488 3076
3 2871 3131 9488
3 2872 10802 8792
3 5279 2873 6977
3 2873 5279 8365
3 2873 8709 6977
3 8709 2873 6979
3 6979 2873 8734
3 2873 8365 8734
3 2874 2893 2889
3 2874 2889 8376
3 2874 8365 2893
3 8361 8362 2874
3 8361 2874 8376
3 2874 8362 8365
3 2875 3237 3550
3 2875 3578 3237
3 3486 2875 3550
3 2875 6013 3578
3 2875 7105 6013
3 2876 2913 4566
3 2876 8379 2913
3 2876 4566 6759
3 2876 5671 8379
3 2877 9931 5735
3 10851 2878 3091
3 9492 2878 7931
3 2932 2879 9785
3 9893 2879 2932
3 2892 3059 2880
3 2892 2880 5683
3 2880 3059 10006
3 2880 3851 5683
3 2880 10168 3851
3 2880 10006 10168
3 2881 2887 2882
3 2881 2882 9429
3 9183 2887 2881
3 7038 2881 7813
3 9183 2881 7038
3 2881 9429 7813
3 8376 2882 2887
3 2882 2889 6119
3 8376 2889 2882
3 2882 6119 9429
3 7951 2884 3813
3 9070 3813 2884
3 7501 2884 7951
3 9070 2884 7503
3 3471 4777 2885
3 8441 3471 2885
3 2885 4777 8494
3 2885 8462 7966
3 2885 8494 8462
3 8357 2887 2886
3 9183 2886 2887
3 8358 8357 2886
3 8357 8376 2887
3 4942 2942 2888
3 2942 5053 2888
3 9237 4942 2888
3 2888 5053 5063
3 9234 2888 5063
3 9234 9237 2888
3 2889 2893 7652
3 2889 7652 6119
3 3201 3198 2890
3 3198 5478 2890
3 5131 3201 2890
3 10850 5131 2890
3 10919 2890 5478
3 10850 2890 10919
3 2891 7343 6429
3 2891 7645 7343
3 2891 8067 7645
3 2900 2892 5683
3 8365 5279 2893
3 5279 10128 2893
3 10128 7652 2893
3 7255 2898 2894
3 6119 2894 5635
3 8379 5635 2894
3 6119 7652 2894
3 7255 2894 7652
3 2895 3138 5630
3 2895 8593 3138
3 2895 5630 5460
3 2895 5460 10919
3 2895 5478 8593
3 2895 10919 5478
3 7030 9727 2896
3 6306 2897 6331
3 6306 6334 2897
3 6334 7151 2897
3 8380 2898 8340
3 4757 2899 2914
3 4757 6449 2899
3 6462 2899 6449
3 5145 2900 4702
3 2900 5984 4702
3 2900 5683 5984
3 2972 2931 2901
3 2931 6321 2901
3 2972 2901 10183
3 2901 6321 6579
3 10183 2901 6579
3 3341 2902 3518
3 3341 3689 2902
3 3518 2902 9690
3 9435 2903 7438
3 2903 7439 7815
3 7241 2904 2907
3 2904 10128 7231
3 11246 2904 7231
3 2904 7241 10128
3 3391 2905 3222
3 3391 5015 2905
3 3647 2905 5015
3 2906 2917 2911
3 2954 2906 2911
3 2906 3010 2917
3 10083 2906 2954
3 10177 3010 2906
3 10083 10177 2906
3 2908 2907 3197
3 2908 7241 2907
3 2907 10475 3197
3 2908 3197 2910
3 2909 6693 3042
3 2909 8404 6693
3 3197 7269 2910
3 7285 7267 2910
3 7269 7285 2910
3 2911 2917 2915
3 2966 2911 2915
3 2972 2954 2911
3 2972 2911 2966
3 7215 2913 2912
3 7215 4566 2913
3 4757 2914 6446
3 6450 6446 2914
3 2915 2917 2927
3 2915 2927 10736
3 2989 2966 2915
3 2989 2915 10736
3 2916 6708 4301
3 10462 2916 4301
3 2916 6706 6708
3 10640 6706 2916
3 10462 7109 2916
3 10640 2916 7109
3 2927 2917 2919
3 5226 2919 2917
3 5226 2917 3010
3 2918 5144 5143
3 6460 2927 2919
3 4783 2928 2919
3 6460 2919 2928
3 4783 2919 5226
3 2920 6497 5493
3 2920 5493 8809
3 2920 10373 6497
3 2921 4577 7167
3 2921 7167 7226
3 2921 7226 10620
3 2921 10620 10527
3 2921 10527 10907
3 7156 2922 5384
3 2923 2946 6593
3 2923 10930 2947
3 6593 3062 2923
3 10930 2923 3062
3 3257 8917 2924
3 9013 3257 2924
3 10830 2924 8917
3 9013 2924 9017
3 10844 9017 2924
3 10830 10844 2924
3 2925 8465 8466
3 8104 2926 9934
3 2926 9764 9935
3 9934 2926 9935
3 6726 2927 6460
3 6726 10736 2927
3 4783 4266 2928
3 4266 6193 2928
3 7020 6460 2928
3 4561 2965 2929
3 2965 6322 2929
3 8739 4561 2929
3 7666 2929 6322
3 8718 2929 7666
3 8739 2929 8718
3 5603 2930 3465
3 5734 3465 2930
3 5734 2930 6371
3 6371 2930 10458
3 2966 2936 2931
3 2936 3070 2931
3 2972 2966 2931
3 3070 6321 2931
3 8921 2932 9785
3 2932 9896 9893
3 2933 3455 3337
3 2933 3337 8546
3 2933 3992 3455
3 5869 3992 2933
3 5869 2933 10143
3 2933 8546 6127
3 2933 6127 10143
3 4201 4855 2934
3 2935 2940 2938
3 2935 2938 8460
3 2935 9880 2940
3 2935 8460 8459
3 2943 2939 2936
3 2939 3070 2936
3 2989 2943 2936
3 2989 2936 2966
3 5954 3049 2937
3 2937 3049 10518
3 6793 4993 2937
3 4993 8301 2937
3 6793 2937 10518
3 2938 2940 6089
3 3719 2938 6089
3 7932 3070 2939
3 7932 2939 9977
3 2941 5222 10536
3 2941 10536 10515
3 10108 2942 4942
3 5661 2942 10108
3 2989 10135 2943
3 3719 2944 8474
3 6247 6343 2944
3 6366 2944 6343
3 6366 8474 2944
3 4178 2945 3063
3 3955 2945 4178
3 5102 2945 3955
3 5102 3980 2945
3 10170 6593 2946
3 2946 10974 10170
3 4503 2948 3052
3 4515 3052 2948
3 5259 2948 4503
3 5031 4515 2948
3 5031 2948 6989
3 5259 6991 2948
3 6989 2948 6991
3 2949 5706 2986
3 2949 6846 5706
3 2949 8500 6846
3 2949 8498 8500
3 2950 10170 10974
3 2951 4886 4837
3 2951 4837 5086
3 2952 8475 2956
3 2952 8439 7762
3 2952 7762 8475
3 2952 8355 8439
3 2953 3604 2957
3 2953 2957 9535
3 2972 10183 2954
3 10083 2954 10176
3 2954 10183 10176
3 2955 9104 4811
3 2956 7012 2961
3 8633 2957 3604
3 8633 8670 2957
3 2958 2959 2961
3 2958 2961 7012
3 9734 9636 2960
3 9390 2962 5305
3 10949 5305 2962
3 8438 8969 2962
3 8438 2962 11298
3 10949 2962 8969
3 9390 11298 2962
3 2963 8923 3023
3 2963 3023 9002
3 9008 6537 2963
3 2963 6537 9537
3 2963 9537 8923
3 9008 2963 9002
3 3189 3029 2965
3 3029 6322 2965
3 4141 3189 2965
3 4561 4141 2965
3 2970 7370 7387
3 7389 7370 2970
3 2970 7387 7453
3 7389 2970 7607
3 2970 7453 7451
3 2970 7451 7607
3 2971 4728 4958
3 2971 8931 4728
3 11171 8931 2971
3 11171 2971 9537
3 2973 6322 3029
3 4895 6322 2973
3 4895 2973 10354
3 10573 10354 2973
3 2974 3927 4682
3 2974 4682 5528
3 4748 2974 5518
3 2974 5528 5518
3 5269 4065 2975
3 4065 8605 2975
3 5269 2975 10066
3 8604 2975 5764
3 2975 8605 5764
3 8604 10329 2975
3 10066 2975 10329
3 3025 3145 2976
3 3145 8469 2976
3 2976 8469 3162
3 3036 3033 2977
3 2977 3033 7409
3 2977 7409 7414
3 9485 2977 7414
3 2978 2979 8478
3 9485 2979 2978
3 8476 2980 2978
3 8476 2978 8478
3 9485 7397 2979
3 7397 9820 2979
3 8476 2998 2980
3 9146 3014 2981
3 2981 3014 9715
3 9146 2981 3295
3 2981 9670 3295
3 2981 8978 9670
3 2981 9715 8978
3 2983 2985 7232
3 9855 2985 2983
3 2983 7232 6329
3 7553 8968 2984
3 9399 7553 2984
3 8692 2984 8568
3 8999 8568 2984
3 9399 2984 8692
3 8999 2984 8968
3 2985 7665 7232
3 7380 9811 2985
3 2985 10663 7380
3 7665 2985 9811
3 10663 2985 9855
3 2990 2986 5706
3 4703 9582 2987
3 11128 4703 2987
3 8796 2987 9576
3 8796 11128 2987
3 9576 2987 9573
3 2990 5706 2988
3 7462 2990 2988
3 2988 5706 6848
3 2988 6848 9780
3 8486 7462 2988
3 8486 2988 9780
3 2989 10736 10135
3 2990 7462 10601
3 2991 11050 6563
3 4824 2992 2993
3 10998 2993 2992
3 7239 2992 4824
3 7239 9866 2992
3 2992 9866 9871
3 7243 2993 2996
3 7243 4824 2993
3 9950 6806 2995
3 9950 2995 7039
3 7244 2996 2998
3 7243 2996 7244
3 2997 7935 8173
3 2997 8573 7935
3 8173 9548 2997
3 2997 11257 8573
3 9553 2997 9548
3 9553 11257 2997
3 2999 6726 10139
3 2999 10736 6726
3 2999 10145 10135
3 2999 10135 10736
3 2999 10139 10145
3 3000 3357 3358
3 3000 10230 3357
3 10173 3000 3358
3 10173 9986 3000
3 3001 6381 6382
3 3001 8674 6381
3 3031 3005 3002
3 3006 3002 10752
3 7914 3031 3002
3 3003 3009 3012
3 3003 10059 3009
3 3003 4110 3010
3 3003 3010 10177
3 3003 3012 4110
3 3003 10177 10059
3 3004 3084 5320
3 3004 10165 3084
3 3004 3692 8924
3 8924 10165 3004
3 3031 3024 3005
3 3024 8518 3005
3 8518 10349 3005
3 5562 3006 10752
3 5254 3008 4921
3 4921 3008 5991
3 5142 5991 3008
3 5299 3008 5254
3 3009 4118 3012
3 10059 4120 3009
3 5226 3010 4110
3 3012 4115 4110
3 3012 4118 4115
3 8933 8601 3013
3 9554 3013 8601
3 8933 3013 8786
3 3013 8956 8786
3 3013 8794 8956
3 3013 10021 8794
3 9554 10021 3013
3 10559 9715 3014
3 8527 3015 8536
3 8529 8530 3015
3 8530 8536 3015
3 3016 4970 6106
3 7193 4970 3016
3 3016 6106 7978
3 9812 3017 9867
3 5245 3018 3039
3 5245 3364 3018
3 3030 10027 3019
3 3030 3019 10402
3 3385 3019 3443
3 3385 10443 3019
3 3019 10042 3443
3 3019 10027 10042
3 3019 10443 10402
3 9285 3571 3020
3 3020 3571 10498
3 3020 5545 7406
3 3020 8973 5545
3 3020 10498 8973
3 3031 3021 3024
3 9375 3024 3021
3 7223 3022 8023
3 9002 3023 8576
3 8923 9533 3023
3 8536 8518 3024
3 8536 3024 9375
3 3025 8458 3145
3 3025 7473 9379
3 3025 9379 8458
3 3430 6900 3026
3 3430 3026 10370
3 6713 5670 3026
3 6713 3026 6900
3 7074 4129 3028
3 3030 9950 7039
3 3030 7039 10019
3 3030 10402 9950
3 3030 10019 10027
3 7177 3032 7178
3 7409 3033 7419
3 3034 3055 3045
3 3034 3045 3165
3 3034 3074 3055
3 3034 5470 3074
3 3034 3165 10252
3 3034 10252 5470
3 10006 3044 3035
3 10036 3035 3044
3 10036 8896 3035
3 3035 8896 10167
3 10006 3035 10168
3 3035 10167 10168
3 3264 3038 8007
3 3123 5245 3039
3 5325 3123 3039
3 5325 3039 10303
3 7432 7419 3040
3 7432 3040 7436
3 3041 3165 3045
3 3041 3045 3178
3 3708 3042 3160
3 3160 3042 8281
3 6693 8281 3042
3 3754 3250 3043
3 10005 3043 3250
3 3754 3043 4037
3 4037 3043 10495
3 10005 10321 3043
3 10495 3043 10321
3 3059 9992 3044
3 10006 3059 3044
3 3064 3044 9985
3 10036 3044 3064
3 9985 3044 9992
3 3045 3055 10906
3 3045 10906 3178
3 3935 3046 10443
3 3046 6098 5732
3 3046 5732 10443
3 3047 3051 6729
3 3047 7969 3051
3 3047 3058 7969
3 3047 6729 8565
3 5956 10545 3049
3 3049 10545 10518
3 8763 3984 3050
3 3051 3214 5737
3 3051 7969 3214
3 3051 5737 6734
3 3051 6734 6729
3 3679 4503 3052
3 3679 3052 10369
3 3627 3053 8431
3 8840 4473 3053
3 3054 4027 6839
3 3054 6839 8562
3 3054 8562 8543
3 3055 3074 3124
3 3056 4104 7051
3 3056 11185 4104
3 3056 7237 6422
3 3056 6422 11124
3 3056 7051 7237
3 3056 11124 11185
3 3057 8565 4240
3 3058 3060 6469
3 3058 6469 3215
3 3058 3215 7969
3 5959 3060 8571
3 8690 3060 5959
3 8690 6469 3060
3 3061 4916 3788
3 4443 3061 4348
3 4443 4436 3061
3 8174 3061 4436
3 8174 4916 3061
3 3062 4957 6341
3 3062 6593 4957
3 10036 3064 9978
3 10162 9978 3064
3 10162 3064 9985
3 5071 3065 10159
3 5071 10163 3065
3 3065 9985 5151
3 10159 3065 5151
3 10162 9985 3065
3 10163 10162 3065
3 3066 3068 3902
3 3066 8521 3068
3 3066 3902 8067
3 3066 8510 8521
3 3067 8832 3850
3 3067 3850 10549
3 3067 7763 8832
3 3067 11213 7763
3 3067 10549 11213
3 3068 8521 3891
3 7683 3902 3068
3 3069 4769 5356
3 3069 6489 4769
3 3069 5055 4941
3 3069 4941 6489
3 3069 6491 5055
3 3069 5356 6491
3 3070 7930 6321
3 7932 7930 3070
3 3071 6770 3082
3 6773 3071 4093
3 3071 6771 6770
3 6773 6771 3071
3 3072 3909 3553
3 3916 3072 3553
3 5778 3072 3916
3 5778 7310 3072
3 4089 4080 3073
3 3073 4080 6830
3 4093 3073 6830
3 3074 3127 3124
3 3074 3151 3127
3 3074 5470 3151
3 4074 3075 7778
3 4074 8777 3075
3 3075 6583 6875
3 9997 6583 3075
3 7778 3075 6875
3 9997 3075 8777
3 3076 3228 3893
3 9488 3228 3076
3 3076 3893 3824
3 4621 3076 3824
3 5108 3077 5870
3 5108 10030 3077
3 3077 10141 5870
3 3077 10030 9977
3 4768 3078 4721
3 3079 4687 5563
3 4700 3079 5563
3 9968 3080 4835
3 5762 3081 3610
3 3610 3081 10613
3 3766 3081 6655
3 3766 10613 3081
3 8587 3081 5762
3 8587 6655 3081
3 3086 6631 3082
3 3086 3082 6772
3 6772 3082 6770
3 5320 3084 9909
3 8391 5439 3084
3 9909 3084 5439
3 10165 8391 3084
3 3085 3135 3127
3 3085 3127 3151
3 3085 3151 8699
3 7948 3085 8699
3 3087 6623 3086
3 3087 3086 6772
3 6623 4085 3086
3 3086 4085 6631
3 3087 3094 3096
3 3087 6772 3094
3 6621 3087 3096
3 6621 6623 3087
3 5108 4708 3088
3 4708 10132 3088
3 5108 3088 8896
3 3088 10167 8896
3 3088 10132 10166
3 3088 10166 10167
3 6535 3089 6625
3 10713 3089 6535
3 7440 6625 3089
3 7440 3089 10714
3 3908 3090 6294
3 8291 3090 3908
3 3090 9364 8168
3 8291 9364 3090
3 7253 3091 7270
3 7253 10407 3091
3 10851 3091 10407
3 3092 3095 3094
3 3092 3094 6772
3 6782 3095 3092
3 3092 6772 6770
3 3092 6770 6777
3 6782 3092 6777
3 3163 3093 3101
3 5138 3101 3093
3 5138 3093 3157
3 3163 3331 3093
3 3094 3095 3097
3 3094 3097 3096
3 3095 3098 3097
3 3096 3097 11292
3 6621 3096 6635
3 3096 11292 6635
3 3097 3098 8586
3 3097 8586 11292
3 3098 8928 8586
3 3099 8592 10499
3 3099 8595 8603
3 3099 10499 8595
3 3099 8603 8602
3 3100 6752 10127
3 3100 10132 6752
3 10199 3100 10127
3 3100 10166 10132
3 10200 10166 3100
3 10199 10200 3100
3 3630 3163 3101
3 3630 3101 3681
3 3101 5340 3681
3 5138 5340 3101
3 3102 6558 6789
3 3102 8296 6558
3 6906 3102 6789
3 6906 8602 3102
3 3102 10772 8296
3 3102 8602 10291
3 3102 10291 10772
3 3103 3104 3106
3 3103 6722 3104
3 3103 6746 6722
3 3104 4494 3106
3 8596 3104 6722
3 3815 3106 4494
3 3107 6085 6086
3 3107 6086 7561
3 3107 7561 7538
3 3108 5891 3164
3 3108 3164 8620
3 3108 6565 5891
3 3108 8620 8243
3 3820 3109 3113
3 10210 3109 3820
3 10209 3109 10210
3 3114 3111 3110
3 3111 3333 3110
3 3114 3110 4948
3 3118 3110 3333
3 3118 4948 3110
3 3114 5571 3111
3 3111 8034 3333
3 3111 5571 5066
3 3111 5066 8034
3 3581 3112 7002
3 4437 3112 4439
3 11172 3112 4437
3 3112 11172 7002
3 3818 3820 3113
3 3818 3113 3821
3 10103 3821 3113
3 9265 3114 4948
3 3114 5573 5571
3 9265 5573 3114
3 3115 4898 3145
3 3115 3145 8458
3 3115 4910 4898
3 3115 7490 4910
3 3115 9377 7490
3 3115 8458 9377
3 3118 3116 7272
3 3116 3119 11294
3 3116 11294 7272
3 8805 3295 3117
3 9670 3117 3295
3 3118 3333 7061
3 3118 7272 4948
3 3119 6619 5942
3 11294 3119 5942
3 3119 6612 6604
3 3119 6604 6619
3 3428 4997 3120
3 3428 3120 8798
3 3122 6604 6612
3 3122 8622 6604
3 3122 6612 8667
3 3122 8685 8622
3 3122 8667 8677
3 3122 8677 8685
3 5322 5245 3123
3 5325 5327 3123
3 3135 3124 3127
3 5303 3124 3135
3 3180 3124 5303
3 3125 6287 4220
3 3125 5725 6552
3 3140 3126 3139
3 5138 3139 3126
3 3150 3126 3140
3 3150 3141 3126
3 3141 5340 3126
3 5138 3126 5340
3 8627 3128 4316
3 8627 7899 3128
3 3132 6527 3129
3 7899 3147 3129
3 3964 5690 3130
3 5820 3130 5690
3 3152 3136 3131
3 3131 3136 9488
3 10084 3152 3131
3 3132 3154 6492
3 3132 6492 3156
3 3132 3156 6527
3 3622 7454 3133
3 3622 3133 9685
3 5221 4114 3133
3 9685 3133 4114
3 5221 3133 7454
3 3134 4744 6536
3 8702 3134 6536
3 8702 8727 3134
3 3777 5303 3135
3 7970 3136 3152
3 9488 3136 10718
3 3137 4964 6807
3 3137 6807 6097
3 5619 5630 3138
3 6151 5619 3138
3 6151 3138 5929
3 5929 3138 8593
3 3140 3139 3845
3 3945 3139 3157
3 5138 3157 3139
3 3945 3845 3139
3 3150 3140 3838
3 3140 3845 3838
3 3150 3789 3141
3 3690 3567 3141
3 3141 3567 5340
3 3690 3141 3789
3 5490 5491 3142
3 5490 3142 6566
3 8640 6566 3142
3 8640 3142 8648
3 4463 3143 3242
3 3242 3143 11037
3 4463 11036 3143
3 6230 6291 3143
3 6230 3143 11036
3 3143 6291 11037
3 3144 6797 3154
3 3144 5083 6800
3 5703 6797 3144
3 5703 3144 6800
3 3145 4898 8469
3 3249 7366 3146
3 9007 3249 3146
3 9007 3146 10683
3 5083 3147 3148
3 8649 3148 3147
3 7899 8649 3147
3 5083 3148 6097
3 8648 3148 8649
3 4453 11038 3149
3 4453 3149 11052
3 4774 8548 3149
3 4774 3149 11038
3 3149 8548 11052
3 3150 3394 3789
3 3150 3838 3394
3 3236 3151 5470
3 3236 8699 3151
3 7970 3152 5873
3 3153 4598 4812
3 3153 7205 4598
3 3154 5741 6492
3 3154 6797 5741
3 4326 6072 3155
3 3155 6072 5834
3 8351 3155 5834
3 8351 6152 3155
3 3159 5692 3156
3 3156 7980 3159
3 3156 5692 6527
3 3156 6492 7980
3 3168 3800 3158
3 3168 3158 5990
3 8936 3158 3800
3 3158 8629 5990
3 8729 8629 3158
3 8936 8729 3158
3 3161 3159 7980
3 5692 3159 5700
3 3708 3160 9898
3 5122 3160 5268
3 5122 9898 3160
3 3160 8281 5268
3 5702 3161 7980
3 3162 8469 9808
3 3163 5483 3331
3 3163 3630 5674
3 5674 5483 3163
3 4067 5905 3164
3 8616 4067 3164
3 8616 3164 5891
3 5905 8620 3164
3 5964 4155 3166
3 3167 6687 10921
3 3167 10933 6687
3 3167 6691 10904
3 3167 10921 6691
3 3167 10904 8021
3 3167 8021 10933
3 3168 5990 9793
3 10072 3168 9793
3 10742 3169 7782
3 10064 3169 10225
3 3169 10740 10225
3 10742 10740 3169
3 7660 6727 3170
3 3170 10242 7660
3 10242 3170 8615
3 9339 3662 3171
3 3662 9928 3171
3 8135 3171 4012
3 8680 4012 3171
3 8135 9339 3171
3 10793 8680 3171
3 9928 10793 3171
3 8703 3181 3172
3 8703 3172 3224
3 3216 3173 6844
3 3216 9213 3173
3 4340 6844 3173
3 4340 3173 7356
3 9308 7356 3173
3 9213 9308 3173
3 5128 3259 3174
3 9193 3174 3259
3 5128 3174 10608
3 9179 3174 9193
3 9179 10608 3174
3 3175 5945 3176
3 7660 3175 3176
3 3175 7669 5945
3 3175 7660 10242
3 7669 3175 9041
3 3175 10242 9041
3 3176 3184 7660
3 8686 3184 3176
3 3176 5945 10348
3 8686 3176 10348
3 4286 7127 3177
3 8623 4286 3177
3 7082 3177 6323
3 6323 3177 7127
3 7082 7371 3177
3 8623 3177 7371
3 10220 10214 3178
3 10220 3178 10906
3 3179 3557 3238
3 5310 3180 5303
3 6458 5171 3181
3 6458 3181 5959
3 8703 5959 3181
3 6784 3182 8057
3 4956 3183 4954
3 4954 3183 6556
3 4956 7520 3183
3 6535 6556 3183
3 10713 6535 3183
3 7520 10713 3183
3 3184 5171 6711
3 8687 5171 3184
3 3184 6711 7660
3 8686 8687 3184
3 3185 4238 4141
3 4561 3185 4141
3 3185 4216 4238
3 4568 4216 3185
3 4561 4631 3185
3 4568 3185 4631
3 3186 6386 3191
3 3191 8671 3186
3 6385 6386 3186
3 8686 6385 3187
3 3187 8675 8678
3 3187 8678 8687
3 8686 3187 8687
3 3188 3258 3320
3 3188 8751 3258
3 3188 3320 3262
3 3188 3262 10490
3 3188 7379 8751
3 3188 10490 7379
3 4152 3189 4141
3 4152 4186 3189
3 3190 4346 3191
3 5985 3190 3191
3 6402 4346 3190
3 3190 5985 6395
3 3190 6395 6401
3 6402 3190 6401
3 4346 8671 3191
3 6386 5985 3191
3 4340 3192 4991
3 4340 7356 3192
3 4991 3192 5016
3 5016 3192 5026
3 7465 5026 3192
3 7465 3192 7356
3 3195 3193 7979
3 3193 4741 4746
3 7999 3193 4746
3 7979 3193 7999
3 5627 10326 3194
3 5627 3194 10576
3 3195 5457 6754
3 3195 7979 5457
3 3195 6754 5615
3 8492 3196 9395
3 3196 8545 8578
3 10832 8545 3196
3 3196 8578 9395
3 3201 3217 3198
3 3198 3217 5720
3 3198 3331 5483
3 3198 5720 3331
3 3198 5483 5478
3 3199 5882 3436
3 9911 3199 3436
3 3199 5912 5882
3 9911 7063 3199
3 3200 8303 4145
3 10441 3200 4145
3 3483 3217 3201
3 3202 6690 4338
3 3202 4338 10008
3 3202 6691 6690
3 3202 10904 6691
3 3202 10008 6701
3 3202 6701 10904
3 3203 3924 3553
3 3203 3553 8773
3 3203 8801 3924
3 3203 8773 8789
3 3203 8789 8800
3 3203 8800 8801
3 3225 3204 9666
3 3204 3446 9692
3 3204 9692 9666
3 11228 3207 3205
3 3206 3223 3332
3 3206 4410 3223
3 3206 3320 3258
3 3206 3332 3320
3 3214 6628 3207
3 3214 3207 8657
3 11228 8657 3207
3 3208 3471 8513
3 3208 10323 3471
3 3208 8513 8511
3 3208 10591 10323
3 3931 9971 3209
3 4974 3209 6273
3 6273 3209 10302
3 3209 9971 10302
3 3319 3210 9406
3 11147 3210 3319
3 5770 4902 3210
3 8871 3210 4902
3 5840 5770 3210
3 11147 5840 3210
3 8871 9406 3210
3 3211 4895 4865
3 3211 4865 7104
3 3211 6322 4895
3 3211 7666 6322
3 3211 7104 7582
3 3211 7582 7666
3 3417 3212 4632
3 3417 8490 3212
3 3212 5064 4632
3 4728 3212 4958
3 4728 5064 3212
3 3212 8490 4958
3 3844 3236 3213
3 3236 5470 3213
3 7749 3844 3213
3 10252 3213 5470
3 7749 3213 8354
3 8354 3213 10252
3 3214 8657 5737
3 3214 7969 6628
3 6459 3218 3215
3 3218 6628 3215
3 6459 3215 6469
3 7969 3215 6628
3 3216 3220 7021
3 9851 3220 3216
3 5102 3216 7021
3 5102 9213 3216
3 9851 3216 6844
3 3483 4806 3217
3 9567 3217 4806
3 9567 5720 3217
3 8463 3219 3221
3 10388 3219 8463
3 9851 5902 3220
3 9741 7021 3220
3 8461 3221 8454
3 8676 8454 3221
3 8461 8463 3221
3 3223 10732 3332
3 3223 4410 4192
3 3223 4192 10732
3 4778 3225 3933
3 3225 9666 3933
3 4249 3225 4778
3 5779 3226 10175
3 3226 10388 10175
3 3680 4639 3227
3 9081 3680 3227
3 3807 3227 4639
3 3807 9407 3227
3 9081 3227 9359
3 9359 3227 9407
3 3811 3442 3228
3 3893 3228 3442
3 3811 3228 10718
3 9488 10718 3228
3 3291 7559 3229
3 7559 10196 3229
3 8217 3230 3257
3 3257 3230 8917
3 8217 8910 3230
3 8468 8917 3230
3 8468 3230 11013
3 6083 6226 3231
3 6083 3231 10722
3 9949 3231 6226
3 9949 9837 3231
3 9837 10724 3231
3 10724 10722 3231
3 3232 3717 3431
3 3232 5032 7311
3 3233 3431 5358
3 3233 5358 5840
3 3233 5840 11147
3 3233 11147 10672
3 6339 3235 3234
3 8046 3234 3235
3 10724 3234 4194
3 11227 4194 3234
3 10724 6339 3234
3 11227 3234 8046
3 3235 6340 6326
3 6340 3235 6339
3 4360 3550 3237
3 3237 3578 3591
3 3659 3237 3591
3 4360 3237 3659
3 3238 3564 3549
3 3238 3549 4724
3 3238 3557 3564
3 3261 3239 5449
3 3261 7572 3239
3 3239 5451 5449
3 3239 7572 6157
3 3240 4501 4505
3 3240 6177 4501
3 3240 4505 8664
3 3240 6112 6175
3 3240 8664 6112
3 3240 6175 6177
3 5389 3241 5390
3 5389 11232 3241
3 7355 5390 3241
3 3241 7108 7355
3 3241 11232 7108
3 4463 3242 3286
3 3242 4470 3286
3 4459 4470 3242
3 4459 3242 11037
3 3243 3796 3795
3 3243 3795 9817
3 3243 10077 3796
3 5149 3243 10070
3 5149 10077 3243
3 3243 9817 10070
3 4219 3244 4208
3 4208 3244 7014
3 4219 4525 3244
3 11134 3244 4525
3 3244 7393 7014
3 11134 7393 3244
3 3267 3339 3245
3 3245 3396 3326
3 10424 3245 3326
3 3245 3339 5413
3 3245 5413 3396
3 7884 7869 3246
3 3271 4393 3247
3 3271 3247 6485
3 3301 3247 4393
3 3301 7525 3247
3 4882 6485 3247
3 4882 3247 7092
3 7525 7092 3247
3 3248 3306 3874
3 3248 8743 3306
3 3248 3874 6903
3 11031 3248 6903
3 4502 7366 3249
3 4074 3254 3250
3 10005 3250 3254
3 3754 8777 3250
3 4074 3250 8777
3 8229 3251 4300
3 8735 4300 3251
3 6112 3251 6175
3 6112 8735 3251
3 3251 6144 6175
3 8229 6144 3251
3 4074 7790 3254
3 10005 3254 10435
3 6192 3255 3256
3 7814 3256 3255
3 6192 6222 3255
3 6212 3255 6222
3 7814 3255 6212
3 3256 4678 6144
3 7814 4678 3256
3 8229 3256 6144
3 8229 6192 3256
3 8217 3257 7857
3 9013 7857 3257
3 3258 8751 8782
3 5128 6888 3259
3 3259 6888 6896
3 10558 3259 6896
3 10558 9193 3259
3 3260 6018 5920
3 3260 10790 6018
3 6658 10790 3260
3 3261 7491 4823
3 3261 4823 7572
3 3261 5449 7493
3 3261 7493 7491
3 3262 9572 3305
3 3262 3305 10490
3 3262 3320 3345
3 3262 3345 9572
3 3276 3274 3263
3 5091 3263 3274
3 3276 3263 5097
3 5091 6981 3263
3 3264 8007 7998
3 7998 9241 3264
3 5190 3265 5033
3 3265 7111 5033
3 5190 5184 3265
3 3265 5184 8036
3 5185 7111 3265
3 5185 3265 8036
3 3308 3266 3352
3 3308 4952 3266
3 4952 4966 3266
3 5931 3266 4966
3 3267 5312 3339
3 3267 3364 5312
3 3268 3987 8848
3 8066 3269 8058
3 8058 3269 10527
3 9525 10527 3269
3 3280 3270 3274
3 3270 5091 3274
3 3280 4803 3270
3 4803 4813 3270
3 3270 5079 5091
3 9427 4393 3271
3 9381 3271 6485
3 9381 8377 3271
3 9427 3271 8377
3 3273 3275 3282
3 6107 3275 3273
3 3298 6100 3273
3 6100 6107 3273
3 3280 3274 3276
3 3275 3279 3282
3 3280 3276 5598
3 3276 5097 4792
3 3276 4792 5621
3 3276 5621 5598
3 3287 3278 3314
3 3287 7428 3278
3 5910 3314 3278
3 5910 3278 8741
3 3278 7428 10343
3 3278 10343 8741
3 3279 3284 3282
3 3280 5618 4803
3 3280 5598 5618
3 4877 3281 8151
3 8190 8151 3281
3 7354 3283 7359
3 8752 3285 3284
3 8752 3284 8787
3 3285 3300 6060
3 3285 6064 3300
3 8752 6064 3285
3 3381 4463 3286
3 3381 3286 8200
3 8200 3286 4470
3 3287 3314 3343
3 3287 3343 3900
3 6883 5687 3288
3 5687 8968 3288
3 6883 3288 6568
3 9315 6568 3288
3 3288 8968 7553
3 9315 3288 7553
3 10902 4306 3289
3 4306 11091 3289
3 10160 3289 5360
3 5360 3289 11091
3 10902 3289 10160
3 4693 3290 4695
3 4693 10174 3290
3 6100 3290 6107
3 10174 6107 3290
3 3291 10396 7559
3 3301 3293 3348
3 3301 4393 3293
3 3348 3293 4472
3 9427 3293 4393
3 3293 9314 4472
3 3293 9317 9314
3 9427 9317 3293
3 3294 7408 3919
3 3294 3919 10043
3 3294 9831 3921
3 3294 3921 10759
3 3294 10759 7408
3 3294 10043 9831
3 9826 3295 8805
3 9146 3295 9826
3 3430 3296 7137
3 3430 10560 3296
3 5494 7137 3296
3 3296 10560 10583
3 3297 6613 3306
3 3297 3306 8743
3 3297 4596 6613
3 11098 4596 3297
3 3297 8743 10160
3 11098 3297 10160
3 3298 6060 4704
3 4795 9355 3299
3 3299 10052 9772
3 3300 4704 6060
3 9659 4704 3300
3 3300 6064 11041
3 9659 3300 11041
3 3301 3348 3371
3 3301 3371 7525
3 5095 3993 3302
3 3993 5186 3302
3 5186 4331 3302
3 5095 3302 7585
3 4652 3303 4651
3 4657 3303 4655
3 3304 4133 10871
3 3304 10905 4133
3 3304 6688 4315
3 10905 3304 4315
3 3304 8877 6688
3 8877 3304 8878
3 8878 3304 10871
3 9822 5910 3305
3 10490 3305 5910
3 9822 3305 9572
3 3874 3306 6613
3 3308 4935 4952
3 3308 7773 4935
3 3782 8876 3309
3 9755 10056 3309
3 4581 4157 3311
3 4589 3311 4157
3 3312 3591 3557
3 3312 3632 3591
3 3313 7595 7593
3 9064 3313 7593
3 3313 7620 7595
3 3343 3314 7402
3 9822 3314 5910
3 9822 7402 3314
3 9507 3315 9701
3 9701 3315 10751
3 3317 3316 3775
3 8863 3316 3317
3 3316 8851 3775
3 8863 4866 3316
3 3316 4866 8866
3 3316 8866 8851
3 3317 3775 3937
3 3317 3937 6016
3 8862 3317 6016
3 8863 3317 8862
3 7133 3318 6918
3 3318 7291 6918
3 3318 7133 8495
3 3318 8495 7289
3 8719 3318 7289
3 8719 7291 3318
3 3319 9406 6671
3 10356 3319 6671
3 3319 10356 11147
3 3345 3320 3332
3 8874 3321 5087
3 5941 8863 3321
3 5941 3321 8874
3 8863 8862 3321
3 3322 8885 5288
3 3322 5288 10948
3 3322 5431 7569
3 3322 10985 5431
3 3322 7569 8885
3 3322 10948 10985
3 3323 3336 3327
3 3323 3327 8876
3 3782 3323 8876
3 3324 3789 3394
3 3324 3690 3789
3 3324 11259 3690
3 5662 11259 3324
3 9732 3336 3325
3 9732 3325 3338
3 3325 9814 3338
3 3326 3396 3462
3 3326 3462 10433
3 10424 3326 10900
3 3326 10433 10900
3 9749 3327 3336
3 3361 8040 3327
3 9749 3361 3327
3 8876 3327 8040
3 3328 3329 3330
3 3328 3330 10513
3 3329 7037 10552
3 3330 10512 10513
3 3331 5720 5908
3 3345 3332 7073
3 10732 7073 3332
3 7076 7061 3333
3 7076 3333 8034
3 5904 9389 3335
3 9382 6697 3335
3 9382 3335 9410
3 9389 9410 3335
3 9749 3336 9732
3 9021 8546 3337
3 3338 8047 3877
3 9296 3338 3877
3 3338 9815 8047
3 9296 9732 3338
3 3338 9814 9815
3 5312 5407 3339
3 4032 3344 3340
3 4025 4032 3340
3 4025 3340 5804
3 3340 7657 5804
3 3341 3518 4075
3 3341 4011 3967
3 3341 4075 4011
3 8038 4897 3342
3 8666 3342 4897
3 8038 3342 7922
3 8666 8497 3342
3 4017 3900 3343
3 11191 4017 3343
3 11191 3343 7402
3 3524 3344 6358
3 3344 4032 5617
3 5617 6358 3344
3 11196 3345 7073
3 11196 9572 3345
3 3346 4496 4637
3 5708 4496 3346
3 5605 3346 4637
3 9142 3346 5605
3 3350 10384 3347
3 10470 3350 3347
3 3347 3358 3357
3 3347 3357 3651
3 10384 3358 3347
3 10470 3347 3651
3 9329 3371 3348
3 9337 3348 4472
3 9337 9329 3348
3 5926 9281 3349
3 3349 9796 5926
3 7791 7498 3349
3 7498 9796 3349
3 7791 3349 8998
3 9281 8998 3349
3 3350 6751 10384
3 10470 7935 3350
3 3351 3693 3356
3 10404 3351 3356
3 3351 10418 3693
3 7309 3351 10404
3 7309 10421 3351
3 3351 10421 10418
3 6094 3353 4345
3 8427 10289 3353
3 3354 10089 10018
3 10018 10097 3354
3 10192 10089 3354
3 3355 3417 3507
3 4033 3417 3355
3 3522 3355 3507
3 4156 3355 3522
3 4033 3355 9306
3 4156 9306 3355
3 10404 3356 3360
3 3356 3693 3682
3 9719 3356 3682
3 3357 3636 3376
3 3651 3357 3376
3 3357 10230 3636
3 10384 10173 3358
3 3931 3359 7860
3 7869 7860 3359
3 4025 5804 3360
3 7403 3360 5804
3 7403 10404 3360
3 3367 9726 3361
3 9749 3367 3361
3 3370 8040 3361
3 3370 3361 9726
3 3654 5092 3362
3 9882 3654 3362
3 9875 3362 5092
3 3362 9271 9882
3 9889 9271 3362
3 9875 9889 3362
3 3363 5503 3402
3 3363 3402 10453
3 3363 3704 3907
3 3363 9778 3704
3 3363 3907 5503
3 3363 10453 9778
3 5312 3364 5245
3 3365 3555 3373
3 7185 3365 3373
3 7185 3380 3365
3 8788 3365 3380
3 7970 3830 3366
3 9824 3366 3830
3 3366 6178 10712
3 7970 3366 10712
3 3687 3367 9611
3 3687 9726 3367
3 9296 9611 3367
3 9296 3367 9749
3 3368 5089 3612
3 4682 3368 4201
3 4201 3368 4855
3 4682 5089 3368
3 4342 5308 3369
3 4342 3369 8823
3 5308 6700 3369
3 9664 3369 6700
3 9633 8823 3369
3 9633 3369 9664
3 3378 3372 3370
3 3384 3370 3372
3 3378 3370 9726
3 3384 8040 3370
3 9775 7525 3371
3 9329 9292 3371
3 9775 3371 9292
3 3410 3372 3378
3 3387 3384 3372
3 3387 3372 3583
3 3410 3407 3372
3 3407 3583 3372
3 5261 3373 3555
3 9113 3373 5261
3 7185 3373 5273
3 9113 5273 3373
3 3374 5142 5193
3 3374 5991 5142
3 3374 5193 6779
3 3374 5992 5991
3 3375 3416 5487
3 3375 9279 3416
3 7185 5273 3375
3 9116 3375 5273
3 7185 3375 5487
3 9116 9279 3375
3 3593 4656 3377
3 11072 3593 3377
3 6560 3377 4656
3 6560 10879 3377
3 3410 3378 9946
3 9545 4849 3379
3 7185 5487 3380
3 9031 3380 5487
3 8788 3380 6813
3 9031 6813 3380
3 3381 4453 4463
3 3381 11038 4453
3 3381 8200 11039
3 3381 11039 11038
3 3421 3382 3424
3 3421 9291 3382
3 3424 3382 9624
3 9291 8988 3382
3 3382 8988 9662
3 3382 9662 9624
3 3383 6938 6934
3 6938 3383 9220
3 3383 9808 9220
3 3392 3384 3387
3 3392 8040 3384
3 3397 3385 3443
3 3930 3385 3397
3 3935 3385 3930
3 3935 10443 3385
3 4468 4490 3386
3 4468 3386 6483
3 3386 4490 11153
3 3386 4508 8664
3 3386 11153 4508
3 3386 8664 6483
3 7168 3392 3387
3 7174 3387 3583
3 7174 7168 3387
3 4330 3388 4557
3 4654 4557 3388
3 3459 3456 3390
3 3459 3390 7548
3 8434 7548 3390
3 3392 8876 8040
3 3450 4431 3393
3 4431 3633 3393
3 5355 3394 3838
3 3414 10463 3395
3 3395 10463 8591
3 5380 3396 5413
3 3397 3443 6853
3 3930 3397 6585
3 7427 6585 3397
3 7427 3397 6853
3 5591 3398 8988
3 8988 3398 9662
3 3401 9009 5496
3 3401 5496 9012
3 3401 5733 5503
3 3401 5503 9009
3 9206 5733 3401
3 3401 9012 9496
3 9206 3401 9496
3 5733 3402 5503
3 8958 3402 5733
3 8960 3402 8958
3 10453 3402 8960
3 7532 8753 3403
3 3403 8753 7536
3 3405 3404 7433
3 3405 9598 3404
3 3404 4450 3408
3 3404 3408 9207
3 3404 9598 4450
3 3404 9207 7433
3 3405 5846 5888
3 3405 9200 5846
3 3405 5888 9598
3 3405 7433 9200
3 3406 3412 3408
3 3406 3408 4450
3 3406 3413 3412
3 3406 9012 3413
3 3406 4450 9496
3 3406 9496 9012
3 3410 3753 3407
3 3407 9984 3583
3 3407 3753 9984
3 3408 3412 9198
3 3408 9198 9207
3 10513 10519 3409
3 10519 10541 3409
3 3409 10542 10540
3 3409 10541 10542
3 3410 9945 3753
3 3410 9946 9945
3 3411 9194 5136
3 3411 5136 9482
3 3411 5336 9046
3 3411 9482 5336
3 3411 9046 9478
3 3411 9195 9194
3 3411 9478 9195
3 3412 3413 5542
3 3412 5542 3415
3 3412 3415 9198
3 3413 5523 5542
3 3413 9012 5523
3 3414 4923 10463
3 3415 5542 7233
3 3415 5976 5916
3 3415 5916 9047
3 3415 7233 5976
3 3415 9047 9198
3 3419 9266 3416
3 3419 3416 9278
3 5487 3416 9266
3 9279 9278 3416
3 3507 3417 4632
3 4033 8490 3417
3 3418 4285 5278
3 9573 3418 5278
3 9573 9228 3418
3 4826 4817 3419
3 4817 9266 3419
3 4826 3419 9026
3 3419 5475 9026
3 3419 9278 5475
3 4409 3420 5799
3 4409 6756 3420
3 3421 8167 9716
3 3421 9716 9291
3 3517 3422 8784
3 3517 8814 3422
3 8789 8784 3422
3 8819 8789 3422
3 8821 3422 8814
3 8819 3422 8821
3 3439 3427 3423
3 5404 3423 3427
3 3439 3423 5795
3 3424 5497 3429
3 3424 9624 5497
3 6769 3425 10425
3 3425 10260 10425
3 3426 3769 4424
3 3426 4424 4554
3 3426 4554 4559
3 5331 3427 3439
3 5404 3427 8645
3 3428 8798 3536
3 3428 3536 8801
3 3428 8800 4997
3 3428 8801 8800
3 3480 3429 3489
3 9724 3489 3429
3 9724 3429 5497
3 3430 7137 6900
3 3430 10370 10560
3 9341 3431 3717
3 9341 5358 3431
3 3438 3432 7974
3 3432 10023 7974
3 3432 8272 8055
3 3432 8055 10023
3 3433 6759 5372
3 3433 5372 8774
3 7644 3433 8774
3 3434 3482 5037
3 3434 7205 3482
3 3434 5037 4939
3 3434 4939 11190
3 3434 11086 7205
3 3434 11190 11086
3 7130 4816 3435
3 3435 4816 11009
3 10678 3435 11004
3 3435 11009 11004
3 5882 8729 3436
3 3436 8729 8936
3 7510 3437 3441
3 9156 3441 3437
3 4888 3451 3437
3 3451 5195 3437
3 4888 3437 7510
3 9156 3437 5195
3 6902 10350 3440
3 9536 3440 10350
3 11221 3440 9536
3 7516 3441 4844
3 9156 4844 3441
3 4887 7510 3441
3 4887 3441 7516
3 3811 3810 3442
3 3810 6380 3442
3 3893 3442 3868
3 3442 6380 3868
3 6853 3443 10042
3 3445 3531 6020
3 3446 4784 9692
3 3446 9704 4784
3 9154 9704 3446
3 4459 4421 3447
3 4421 4469 3447
3 4423 3447 4469
3 4423 4471 3447
3 3447 4470 4459
3 3447 4471 4470
3 3465 3448 3505
3 3448 3465 9551
3 3483 3505 3448
3 3483 3448 4806
3 3448 5717 4806
3 9551 5717 3448
3 4788 3449 7282
3 8434 7282 3449
3 9368 3449 7304
3 8434 3449 7548
3 9368 7548 3449
3 3460 3459 3451
3 4767 3451 3459
3 4888 3460 3451
3 4767 5195 3451
3 3452 9722 6009
3 3685 3453 8681
3 3685 10497 3453
3 3453 4357 4348
3 9758 3453 4348
3 3453 8473 4357
3 10497 8473 3453
3 9758 8681 3453
3 5953 9721 3454
3 9721 7298 3454
3 3454 7298 11214
3 9509 3455 3992
3 10899 3455 9509
3 3460 3456 3459
3 7348 3457 7837
3 5158 3458 3576
3 5515 3576 3458
3 5158 4975 3458
3 9630 3458 4975
3 9630 5515 3458
3 4767 3459 7548
3 3460 4888 4873
3 3461 7650 5443
3 3461 9369 7650
3 6434 3462 6430
3 6434 10433 3462
3 5631 3463 3494
3 5631 5515 3463
3 9630 3463 5515
3 9630 10038 3463
3 3464 4548 6218
3 3464 11078 4548
3 11003 11078 3464
3 3505 5603 3465
3 5734 9551 3465
3 3466 5762 5764
3 3466 8587 5762
3 3466 6635 11292
3 3466 11292 8587
3 7650 3467 5438
3 9057 5438 3467
3 3467 7650 9369
3 9057 3467 9212
3 3467 9161 9212
3 3467 9369 9161
3 3468 4773 3472
3 3468 3472 8388
3 3468 3473 3477
3 8025 3473 3468
3 3468 3477 4773
3 8025 3468 8388
3 3469 9336 4930
3 3469 4930 9338
3 5443 9336 3469
3 3469 9338 6409
3 3550 3470 3486
3 3550 6008 3470
3 3801 3470 6008
3 10323 4777 3471
3 8441 7849 3471
3 7849 8513 3471
3 11145 3472 4773
3 3472 7280 9462
3 11145 7280 3472
3 3472 9462 8388
3 3473 3476 3474
3 3473 3474 3477
3 8025 3476 3473
3 10038 3474 3476
3 3474 4975 3477
3 9630 4975 3474
3 9630 3474 10038
3 3541 3475 3529
3 5915 3529 3475
3 3541 9393 3475
3 8288 3475 3542
3 3542 3475 9393
3 5922 5915 3475
3 5922 3475 8288
3 10038 3476 3769
3 8059 4773 3477
3 8059 3477 4975
3 9358 3484 3479
3 9376 3479 3484
3 3479 9443 9358
3 3479 9376 10952
3 9443 3479 11034
3 3479 10952 11034
3 4680 3480 3489
3 4680 9511 3480
3 3480 9511 9051
3 3481 6069 10270
3 3481 6761 6661
3 6362 3484 9361
3 3484 6362 9376
3 3484 9358 9356
3 3484 9356 9361
3 4527 3485 10024
3 4527 10701 3485
3 7566 10024 3485
3 5006 3487 5003
3 5006 6078 3487
3 3488 4846 3492
3 3488 3492 6362
3 3488 4887 4846
3 3488 4863 4887
3 3488 9362 4863
3 3488 6362 9362
3 3498 4100 3489
3 3498 3489 9724
3 4680 3489 4100
3 3629 3490 5311
3 3629 9123 3490
3 3490 5314 5311
3 7147 5314 3490
3 10884 7147 3490
3 9123 10884 3490
3 3491 7298 9721
3 11169 3491 9721
3 7490 3492 4846
3 9376 6362 3492
3 9377 3492 7490
3 9377 9376 3492
3 3493 7318 7328
3 9821 7318 3493
3 9618 3493 7329
3 9618 9821 3493
3 5631 3494 5841
3 3495 11119 8926
3 11171 3495 8926
3 11054 3495 11171
3 10275 4100 3498
3 3498 9724 10124
3 3498 10124 10184
3 10275 3498 10184
3 6586 3499 6280
3 3500 3512 9988
3 10002 3512 3500
3 9956 3500 3563
3 3500 9988 3563
3 9980 3500 9956
3 9980 10002 3500
3 3501 9988 9487
3 9987 9988 3501
3 10031 9987 3501
3 3504 9028 3502
3 9431 3504 3502
3 9028 4826 3502
3 4826 9357 3502
3 9357 9358 3502
3 9358 9431 3502
3 6724 3503 11276
3 3504 3519 3510
3 3504 3510 9027
3 9431 3519 3504
3 9028 3504 9027
3 5603 3505 3547
3 10024 4225 3506
3 3506 4225 10754
3 4527 10024 3506
3 3506 11216 4527
3 3522 3507 9558
3 3507 4632 4908
3 9558 3507 4908
3 3801 3508 3826
3 3801 6008 3508
3 4730 3826 3508
3 3960 4730 3508
3 3960 3508 6008
3 3695 3509 8094
3 3519 3544 3510
3 3510 3544 9005
3 3510 9005 6669
3 9027 3510 6669
3 3511 3533 9019
3 3533 3511 9416
3 3511 9005 3543
3 3543 9416 3511
3 9005 3511 6669
3 6669 3511 9019
3 3512 9480 7000
3 3512 7000 9487
3 10002 9480 3512
3 3512 9487 9988
3 11104 3513 4483
3 3513 11109 4483
3 4630 11094 3513
3 4630 3513 11104
3 3513 11094 11097
3 3513 11097 11109
3 3514 4785 3598
3 3514 4789 4785
3 3514 10107 4789
3 7734 3808 3515
3 9016 7734 3515
3 9024 9016 3515
3 4724 3549 3516
3 5382 3516 3549
3 3517 3768 8814
3 3517 9801 3768
3 3517 8784 9801
3 3544 3519 3546
3 3546 3519 9421
3 3519 9431 9421
3 4881 3520 4840
3 4840 3520 7141
3 5056 4850 3520
3 4850 7141 3520
3 5165 3520 4881
3 5056 3520 5165
3 3521 4240 3525
3 3521 3525 6742
3 3521 3545 3540
3 3521 3540 4240
3 3521 6776 3545
3 3521 6742 6743
3 3521 6743 6776
3 3522 3667 4282
3 3522 9558 3667
3 4156 3522 4282
3 3523 4615 10639
3 3524 6358 5673
3 8937 3524 5673
3 7766 3524 8937
3 4240 8565 3525
3 6729 6742 3525
3 6729 3525 8565
3 3526 8485 4542
3 5080 3527 4054
3 8495 4054 3527
3 5080 4260 3527
3 7293 3527 4260
3 7289 3527 7293
3 7289 8495 3527
3 8557 10322 3528
3 3528 10474 10496
3 3541 3529 3530
3 7497 3530 3529
3 7497 3529 5915
3 3530 3533 3541
3 3533 3530 9405
3 8205 10699 3531
3 3538 3532 6014
3 9639 6014 3532
3 9416 3541 3533
3 3533 9405 9019
3 4990 4336 3534
3 4990 3534 10474
3 3534 11150 10474
3 3536 5724 8793
3 3536 8798 5724
3 3537 4756 7656
3 8288 4756 3537
3 3559 3554 3538
3 8557 3538 3554
3 3559 3538 6014
3 3539 4756 4713
3 3539 4713 9372
3 3539 7656 4756
3 8562 3540 3545
3 8562 8564 3540
3 3541 9416 9393
3 3542 4713 4756
3 9388 4713 3542
3 8288 3542 4756
3 9393 9388 3542
3 3544 3543 9005
3 9416 3543 9417
3 6776 8661 3545
3 8562 3545 8543
3 8543 3545 8661
3 4710 3546 3823
3 3823 3546 9421
3 3547 8624 5603
3 5152 3548 4951
3 3564 6013 3549
3 3549 6013 5382
3 4360 6008 3550
3 5497 9624 3552
3 9819 5497 3552
3 9610 6350 3552
3 9819 3552 6350
3 9610 3552 9654
3 9654 3552 9624
3 3909 8773 3553
3 3916 3553 3924
3 3637 3554 3559
3 9476 3554 3637
3 5261 3555 5215
3 9491 5215 3555
3 3617 3556 3575
3 7757 3575 3556
3 3617 6350 3556
3 3556 6350 7031
3 10508 3556 7031
3 7757 3556 10508
3 3578 3564 3557
3 3591 3578 3557
3 3562 3569 3558
3 3558 3569 9218
3 4024 3558 9493
3 3558 9218 9493
3 3637 3559 10002
3 3559 6014 9480
3 10002 3559 9480
3 3560 10902 8743
3 3560 11144 10902
3 5592 5082 3561
3 3561 5082 8672
3 7033 7055 3561
3 7033 3561 8672
3 3562 3566 3569
3 9497 3566 3562
3 9497 3562 4026
3 9477 3751 3563
3 9956 3563 3751
3 9477 3563 9987
3 9987 3563 9988
3 3578 6013 3564
3 3943 5257 3565
3 5257 5260 3565
3 5258 3565 5260
3 4540 3568 3566
3 3568 4604 3566
3 3566 4604 3569
3 9497 4540 3566
3 3567 3681 5340
3 5686 3681 3567
3 3690 9524 3567
3 5686 3567 9524
3 4540 8547 3568
3 5215 4604 3568
3 9103 5215 3568
3 9103 3568 8547
3 3569 4604 9218
3 7126 3570 7988
3 4363 3571 9285
3 4530 4539 3572
3 4530 3572 5255
3 3572 4539 4625
3 3573 5336 5332
3 3573 5332 5376
3 3573 9046 5336
3 3573 9514 9046
3 3573 9504 9514
3 4428 6066 3574
3 5867 3574 4703
3 3574 9582 4703
3 9582 3574 6066
3 3623 3617 3575
3 3623 3575 10842
3 5158 3576 5969
3 5515 5608 3576
3 11169 3576 5608
3 11169 5969 3576
3 4126 5414 3577
3 4126 3577 10415
3 7124 7770 3579
3 6368 3580 4274
3 8278 4274 3580
3 6368 9226 3580
3 10666 8278 3580
3 10666 3580 9226
3 4425 3581 10217
3 3581 7002 10224
3 10217 3581 10224
3 3968 3582 11051
3 3968 11053 3582
3 11053 11062 3582
3 7174 3583 7331
3 7331 3583 9984
3 8530 3584 8518
3 3584 10349 8518
3 10517 3585 6370
3 10517 7247 3585
3 4899 3586 11211
3 6130 3586 6470
3 11211 3586 6130
3 7971 6470 3586
3 4585 3742 3587
3 11072 4585 3587
3 11098 3587 4596
3 11072 3587 11098
3 3588 4489 4499
3 5024 4738 3589
3 10687 3589 4738
3 5024 3589 9530
3 8306 3589 9348
3 8306 9530 3589
3 10687 9348 3589
3 3590 9188 9185
3 9541 3590 9185
3 3590 10634 9188
3 9541 10632 3590
3 3659 3591 3632
3 4327 7155 3592
3 3593 5360 4656
3 11098 5360 3593
3 11072 11098 3593
3 3594 3624 3633
3 3594 3658 3624
3 4434 3594 3633
3 3594 4849 3658
3 3595 9599 4379
3 3595 4379 9948
3 3595 9038 9599
3 3623 3596 3617
3 3596 10124 3617
3 3623 9528 3596
3 9579 3596 9528
3 9579 10184 3596
3 3596 10184 10124
3 6347 3597 4994
3 4994 3597 11182
3 6347 6353 3597
3 3597 9391 11182
3 6313 3641 3598
3 3598 4785 5798
3 6313 3598 5798
3 3600 9561 3599
3 3599 9561 9562
3 3600 3620 9560
3 3600 9560 9561
3 4775 3601 3678
3 9476 3678 3601
3 4775 4044 3601
3 10290 3601 4044
3 9476 3637 3602
3 9980 3602 3637
3 9980 3677 3602
3 9981 3602 3677
3 9476 3602 3678
3 9981 3678 3602
3 4386 10893 3603
3 8633 3604 8045
3 3605 4296 8207
3 8526 4296 3605
3 8526 3605 8003
3 3606 6095 5323
3 6188 3606 5323
3 3606 9919 6095
3 6188 10586 3606
3 6300 3607 4001
3 3607 8967 4001
3 5679 5673 3607
3 6358 3607 5673
3 5679 3607 6297
3 6300 6297 3607
3 8967 3607 6358
3 4422 4416 3608
3 6592 3608 4416
3 4422 3608 8422
3 6596 8422 3608
3 8427 3609 10289
3 3610 4150 8694
3 3610 10613 4150
3 8604 5762 3610
3 8604 3610 8694
3 6908 3611 3619
3 8283 3619 3611
3 8283 3611 4237
3 3611 8359 4237
3 6908 10874 3611
3 10874 8359 3611
3 5193 3612 5089
3 5193 5142 3612
3 6908 3613 10874
3 8541 8223 3613
3 8223 10874 3613
3 6912 3616 3614
3 6912 3614 4451
3 8339 4451 3614
3 7150 8339 3614
3 3615 5486 5484
3 6998 5486 3615
3 7574 3615 6088
3 6998 3615 7574
3 6908 3619 3616
3 6912 6908 3616
3 9819 6350 3617
3 9819 3617 10124
3 3645 3618 3727
3 3645 9945 3618
3 3618 3725 3727
3 9318 3725 3618
3 9318 3618 9946
3 9946 3618 9945
3 8283 9612 3619
3 4204 8424 3620
3 4204 3620 9615
3 9560 3620 8424
3 6203 5222 3621
3 5981 9619 3621
3 9578 6203 3621
3 9578 3621 6357
3 3621 9619 6357
3 3622 9685 4057
3 3622 4057 9686
3 3622 10017 7454
3 3622 9686 9214
3 3622 9214 10017
3 10758 9528 3623
3 10758 3623 10842
3 3625 6875 5657
3 3625 7778 6875
3 6677 4050 3626
3 3626 4050 9695
3 6677 3626 9707
3 3626 9695 8165
3 3626 8165 9707
3 7024 3627 7042
3 7024 8430 3627
3 7042 3627 8431
3 3628 6863 11243
3 5307 3629 5311
3 5307 8355 3629
3 8355 10053 3629
3 3629 10053 9123
3 3630 3681 5685
3 5674 3630 5645
3 5678 5645 3630
3 5678 3630 5685
3 3631 7570 7568
3 3631 7568 11295
3 11299 7570 3631
3 3631 11295 8884
3 11299 3631 8884
3 8147 3659 3632
3 4434 3633 4431
3 8050 7736 3634
3 8050 3634 8127
3 8127 3634 9346
3 9640 9346 3634
3 4010 5300 3635
3 11230 4010 3635
3 4149 3635 5300
3 4149 10420 3635
3 3635 10420 5521
3 11230 3635 5521
3 6530 3636 10230
3 9980 3637 10002
3 4350 3638 4341
3 4341 3638 7467
3 4350 4397 3638
3 3638 4397 11102
3 3638 6866 9023
3 3638 11102 6866
3 3638 9023 7467
3 5436 3639 3861
3 3639 10447 3861
3 5436 8779 3639
3 3639 5917 7172
3 3639 8779 5917
3 3639 7172 10447
3 3640 4522 4521
3 3640 4521 11078
3 3640 11078 6488
3 4558 3642 6235
3 3642 6055 5146
3 3642 5146 6235
3 3642 5827 6055
3 9647 9680 3643
3 9647 3643 10244
3 3643 10247 10244
3 10528 4932 3644
3 11257 3644 4932
3 9553 3644 11257
3 3645 3727 3675
3 9454 3645 3675
3 9454 9945 3645
3 3646 10485 10476
3 3647 5015 9351
3 3648 4742 3652
3 7594 3648 3652
3 3648 9697 4742
3 7594 8165 3648
3 8165 9695 3648
3 3648 9695 9697
3 3649 4674 5516
3 9878 3974 3650
3 9877 3650 9876
3 9878 3650 9877
3 8173 10470 3651
3 4742 8446 3652
3 5104 3653 4004
3 4004 3653 7001
3 5104 4701 3653
3 8509 7001 3653
3 3654 9876 5092
3 9876 3654 9877
3 4014 3655 3656
3 3655 5401 3656
3 4032 3655 4014
3 4025 3655 4032
3 4014 3656 6283
3 3656 5401 9754
3 3656 9753 6283
3 3656 9754 9753
3 4001 3657 8883
3 4001 8967 3657
3 5816 8882 3657
3 8965 5816 3657
3 3657 8882 8883
3 8967 8965 3657
3 9545 3658 4849
3 9548 3658 9545
3 4360 3659 3989
3 8147 3989 3659
3 9339 8135 3660
3 8135 9870 3660
3 9935 9339 3660
3 9869 9360 3660
3 3660 9360 9935
3 9870 9869 3660
3 3661 8885 3666
3 3661 3666 8901
3 8838 5002 3661
3 3661 5002 8885
3 10646 8838 3661
3 10646 3661 8901
3 3662 9339 9764
3 9893 9928 3662
3 3663 7417 7757
3 10341 7417 3663
3 3663 7757 10508
3 3663 9607 10297
3 3663 10508 9607
3 10341 3663 10297
3 3664 10127 6752
3 3664 6757 9959
3 3664 11071 6757
3 3664 9959 10127
3 3986 3674 3665
3 3665 3674 8883
3 5961 3986 3665
3 5961 3665 5428
3 3665 8882 5428
3 3665 8883 8882
3 7569 3666 8885
3 7569 8916 3666
3 8901 3666 8915
3 8915 3666 8916
3 3667 3871 4282
3 9558 6364 3667
3 3668 9550 4317
3 3668 10963 9550
3 9018 3669 6998
3 7045 8983 3669
3 3669 9018 7045
3 3675 3727 3670
3 9981 3675 3670
3 9981 3670 3678
3 3727 4454 3670
3 4716 3673 3671
3 3673 9261 3671
3 4716 3671 5730
3 5738 5730 3671
3 5738 3671 11160
3 11160 3671 9261
3 5276 3672 5642
3 5276 9251 3672
3 7117 5642 3672
3 7117 3672 7234
3 7234 3672 9251
3 6396 3673 4716
3 6396 5854 3673
3 5854 9261 3673
3 3986 9737 3674
3 4013 6300 3674
3 4013 3674 9737
3 6300 8883 3674
3 9454 3675 3677
3 9981 3677 3675
3 3969 4060 3676
3 4060 10555 3676
3 8906 3676 10554
3 3676 10555 10554
3 9454 3677 9956
3 9980 9956 3677
3 3679 4629 5007
3 3679 10369 4629
3 3680 4083 3749
3 3680 3749 4639
3 3790 4083 3680
3 3790 3680 9081
3 5685 3681 5686
3 3682 3693 9920
3 9719 3682 8977
3 9760 8977 3682
3 9760 3682 9920
3 9770 3683 3971
3 9770 10920 3683
3 3684 9926 9929
3 9139 3685 8681
3 9141 3685 9139
3 9141 9702 3685
3 3685 9702 10497
3 3938 3949 3686
3 3938 3686 4053
3 8977 3686 3949
3 4058 4053 3686
3 4058 3686 6090
3 8977 6090 3686
3 3687 3699 3694
3 3687 9611 3699
3 3688 8977 3949
3 9774 3688 3949
3 9719 3688 5401
3 9754 5401 3688
3 8977 3688 9719
3 9774 9754 3688
3 3690 11259 9524
3 3699 3691 3694
3 3694 3691 9258
3 3709 3691 3699
3 9888 3691 3709
3 3722 9258 3691
3 9888 3722 3691
3 8001 5211 3692
3 5211 8924 3692
3 8001 3692 5691
3 3693 10418 9920
3 9318 3694 9258
3 3695 7836 7855
3 3696 3701 3697
3 3696 3697 3707
3 4002 3701 3696
3 3696 3707 4008
3 4002 3696 4007
3 4007 3696 4008
3 3697 3701 3702
3 3697 3702 9293
3 3697 3705 3707
3 3697 9293 3705
3 3876 3709 3699
3 9611 3876 3699
3 6987 3947 3700
3 5921 3700 5073
3 5073 3700 6981
3 5921 6987 3700
3 6725 3702 3701
3 3999 3701 4002
3 6725 3701 3999
3 9778 3702 3704
3 9293 3702 9778
3 3703 3814 5395
3 3705 3706 3707
3 3705 5787 3706
3 10398 3707 3706
3 5757 3706 5787
3 5757 5800 3706
3 4008 3707 9783
3 9783 3707 10398
3 3750 3709 3712
3 3712 3709 8886
3 9888 3709 3750
3 3876 8886 3709
3 3710 9015 4151
3 4151 9209 3710
3 9015 3710 9014
3 10228 9014 3710
3 9209 9836 3710
3 7330 6801 3711
3 6801 10012 3711
3 7330 3711 10464
3 9049 10464 3711
3 9049 3711 10480
3 10012 10480 3711
3 3872 3750 3712
3 3872 3712 9805
3 3712 8886 8487
3 3712 8487 9805
3 3713 10581 4101
3 3713 10226 5072
3 3713 5072 10581
3 3713 5379 10226
3 10236 6201 3714
3 10012 6676 3714
3 6676 10236 3714
3 10012 3714 10480
3 6440 3715 5756
3 3715 8274 5756
3 3715 6435 8274
3 6439 3715 6440
3 3716 7344 3841
3 3716 3841 9072
3 3716 9072 4976
3 3716 4976 9790
3 3716 5626 7344
3 3716 9790 5626
3 3894 4262 3717
3 9341 3717 4262
3 5987 5682 3718
3 5682 9829 3718
3 5987 3718 9844
3 7019 9828 3718
3 7019 3718 9829
3 9828 9844 3718
3 3944 3720 5682
3 3944 6962 3720
3 5682 3720 9829
3 6962 6943 3720
3 8938 3720 6943
3 8938 9829 3720
3 9882 3722 3721
3 9888 3721 3722
3 9888 9881 3721
3 3722 9271 9258
3 9882 9271 3722
3 3723 3819 3857
3 3723 10210 3819
3 3723 3857 3882
3 3723 3883 3881
3 3723 3881 10210
3 3723 3882 3883
3 4885 3724 4791
3 3724 9067 4791
3 4885 7474 3724
3 5036 3724 7474
3 5036 9845 3724
3 3724 9845 9067
3 9889 3727 3725
3 3725 9258 9271
3 9318 9258 3725
3 9889 3725 9271
3 3805 9068 3726
3 3805 3726 10106
3 3817 3726 4885
3 4885 3726 9068
3 9889 4454 3727
3 3728 8919 4294
3 3728 4294 10845
3 3728 10845 10237
3 3728 10237 11253
3 3730 8131 3729
3 3730 3729 9815
3 8131 4532 3729
3 9833 3729 4532
3 3729 9799 9815
3 9833 9799 3729
3 3741 8131 3730
3 9814 3741 3730
3 9814 3730 9815
3 9445 3731 5655
3 3746 3732 3745
3 3745 3732 4532
3 3746 5911 3732
3 3732 9835 4532
3 5911 9841 3732
3 3732 9841 9835
3 4103 8159 3733
3 3791 3734 3741
3 3741 3734 8131
3 3791 9455 3734
3 9860 8131 3734
3 3734 9455 9859
3 9860 3734 9859
3 4009 4031 3735
3 5557 3735 4031
3 5613 4247 3735
3 5557 5613 3735
3 9280 4810 3736
3 4810 9324 3736
3 5474 3736 5469
3 5469 3736 6869
3 9280 3736 5474
3 6299 6869 3736
3 6299 3736 9324
3 5233 3738 4889
3 3738 7897 4889
3 7764 3738 5233
3 7764 7622 3738
3 3738 7622 7964
3 3738 7964 7897
3 3890 3739 10062
3 10222 3739 3890
3 6985 4614 3739
3 10222 6985 3739
3 3740 5117 4308
3 3740 5667 5512
3 3791 3741 4614
3 4585 6561 3742
3 4358 3855 3743
3 3743 3855 7744
3 4358 3743 4794
3 3743 8234 4794
3 5206 3743 7755
3 5206 8234 3743
3 7755 3743 7744
3 9580 3777 3744
3 9580 3744 9340
3 3771 3746 3745
3 9860 3745 4532
3 3771 9155 3746
3 3746 5987 5911
3 3746 9155 5987
3 8176 8169 3747
3 8169 9549 3747
3 8176 3747 9503
3 9503 3747 9628
3 11318 3748 4068
3 4628 3748 11314
3 4639 3749 3772
3 3772 3749 8758
3 9883 3750 3872
3 9883 9881 3750
3 9888 3750 9881
3 9477 3753 3751
3 3753 9945 3751
3 9454 3751 9945
3 9454 9956 3751
3 3752 6614 3860
3 6614 3752 11198
3 6820 11198 3752
3 9984 3753 9477
3 3759 3763 3756
3 3759 3756 8396
3 3762 3756 4559
3 3762 8396 3756
3 3757 7106 3808
3 3757 3808 7734
3 3757 5235 5264
3 3757 7734 5235
3 3757 5264 7106
3 3886 3758 9863
3 3758 9254 9859
3 3758 9859 9455
3 3758 9455 9863
3 3759 10039 3763
3 3759 8014 3764
3 3759 8396 8014
3 3760 9146 9826
3 3765 7322 3761
3 3761 7322 7624
3 3762 4559 7145
3 3762 7145 8392
3 7175 3762 8392
3 7175 8396 3762
3 3764 8014 10133
3 3765 7320 7322
3 3765 7328 7320
3 3765 7321 7328
3 3766 6655 10320
3 7871 7575 3766
3 3766 7575 10613
3 7871 3766 10320
3 4143 10698 3767
3 10634 3767 6787
3 3767 10681 6787
3 3767 10698 10681
3 3768 4479 6102
3 9801 4479 3768
3 8820 3768 6102
3 8820 8814 3768
3 3783 3771 3774
3 3783 9155 3771
3 9412 4639 3772
3 4699 3772 8758
3 4968 3773 5979
3 4968 7750 3773
3 7750 5751 3773
3 9333 3773 5751
3 9106 5979 3773
3 9106 3773 9333
3 3783 3774 3882
3 3774 3883 3882
3 3774 10213 3883
3 3774 9254 10213
3 3775 11180 3937
3 3775 8851 6320
3 3775 6320 11180
3 6243 5982 3776
3 6248 3776 5982
3 6243 3776 7277
3 6248 8946 3776
3 3776 9941 7277
3 8946 9941 3776
3 9580 5303 3777
3 3778 6390 5659
3 6643 6390 3778
3 3779 10430 10593
3 3779 10593 10997
3 3779 10997 10881
3 3780 3890 10062
3 10057 3780 10062
3 10057 10063 3780
3 3780 10063 10060
3 6809 3925 3781
3 3781 3925 8489
3 8045 6809 3781
3 8193 8045 3781
3 9386 8193 3781
3 9386 3781 8489
3 3783 3882 4984
3 3783 4984 9174
3 3783 9174 9155
3 3944 5682 3784
3 3944 3784 9845
3 3784 5682 5987
3 3784 5987 9155
3 3784 9155 9174
3 3784 9174 9845
3 3785 10056 3786
3 3785 10063 10057
3 7187 7186 3786
3 3786 7186 9772
3 7187 3786 10056
3 8320 6345 3787
3 8320 3787 8309
3 4916 6866 3788
3 3788 6866 9568
3 3790 4128 4109
3 3790 9081 4128
3 3791 4614 6985
3 3791 6985 9449
3 3791 9449 9455
3 7163 3792 4252
3 5377 3792 7229
3 5377 8042 3792
3 7163 7229 3792
3 3793 7429 11337
3 3856 5364 3794
3 3856 3794 7562
3 5114 7562 3794
3 10085 3795 3796
3 4621 9817 3795
3 10077 10102 3796
3 3839 7458 3797
3 3839 3797 9331
3 7488 3797 7458
3 7488 9184 3797
3 9383 3797 9184
3 9383 9331 3797
3 5110 7517 3798
3 7517 7312 3798
3 8134 6314 3799
3 8239 3799 6314
3 8133 3799 7894
3 8133 8134 3799
3 7309 8652 3802
3 7309 3802 10421
3 3802 10257 10431
3 3802 10431 10421
3 4198 3803 4095
3 3803 6533 4095
3 4198 4213 3803
3 3803 4213 5613
3 3803 5613 4733
3 9854 3804 4871
3 3812 9115 3805
3 3812 3805 10106
3 3807 3806 9407
3 3807 9412 3806
3 9440 3898 3806
3 9412 9440 3806
3 3807 4639 9412
3 3809 5927 3822
3 3809 3822 8826
3 3809 8826 11162
3 3815 6380 3810
3 3812 4942 7547
3 3812 10108 4942
3 3812 7547 9115
3 3812 10106 10108
3 3815 4494 9029
3 3815 9029 6380
3 4310 9091 3816
3 10120 4310 3816
3 5456 3816 5402
3 10120 3816 5456
3 3817 4791 3818
3 3817 4885 4791
3 3818 4791 3820
3 3819 3820 4791
3 10210 3820 3819
3 9067 3857 3819
3 9067 3819 4791
3 3964 3821 10090
3 10090 3821 10103
3 6963 3822 5927
3 3823 4715 4710
3 4715 3823 9387
3 3823 9422 9387
3 3823 9421 9422
3 3824 3893 4860
3 4621 3824 4196
3 5411 9788 3825
3 5411 3825 10946
3 3825 9788 5884
3 10859 3826 4730
3 10859 5262 3826
3 3827 4067 4271
3 3827 8646 4067
3 3827 4271 8627
3 3827 8627 4316
3 3827 4316 8642
3 3827 8642 8646
3 3854 3849 3828
3 5355 3854 3828
3 6393 5355 3828
3 4590 8770 3829
3 8752 3829 8770
3 8752 8787 3829
3 9718 3829 8787
3 7970 5873 3830
3 3830 5873 10119
3 3831 7699 5588
3 8570 3831 5588
3 8549 7699 3831
3 9613 8549 3831
3 9989 3957 3832
3 3957 10572 3832
3 3998 3832 5790
3 3998 9989 3832
3 10571 5790 3832
3 10572 10571 3832
3 11332 11167 3833
3 4077 4073 3834
3 6571 3834 4073
3 8451 4077 3834
3 6571 5252 3834
3 3835 4875 6261
3 3835 8124 4875
3 3835 6261 4969
3 3835 4969 6267
3 4708 3836 10132
3 3836 6752 10132
3 5727 5830 3837
3 3847 3838 3845
3 3854 3838 3847
3 5355 3838 3854
3 3839 4889 7897
3 3839 9331 4889
3 3839 7802 7458
3 3839 7897 7802
3 5113 3840 7308
3 3841 4127 3923
3 3841 3923 9072
3 4122 4127 3841
3 4122 3841 8401
3 7344 8401 3841
3 3842 10176 9095
3 3843 7285 4877
3 3843 4877 8151
3 6740 6611 3843
3 3843 6611 8004
3 6740 3843 8151
3 3843 8004 7285
3 7749 9982 3844
3 6744 3847 3845
3 3945 6744 3845
3 4685 4686 3846
3 6744 6685 3847
3 10191 3848 3863
3 10190 3848 10191
3 6837 3849 10617
3 3850 3975 7034
3 3850 8832 3975
3 3850 7034 6001
3 3850 6001 10549
3 3851 10168 10208
3 7574 3852 3920
3 10075 3920 3852
3 3852 6072 4638
3 10075 3852 4638
3 3852 6088 6072
3 7574 6088 3852
3 3853 9311 3869
3 3853 3869 11217
3 7749 3853 9982
3 3853 11217 9982
3 3855 3896 7744
3 8400 3896 3855
3 4358 8400 3855
3 3856 7562 5003
3 3856 7651 5364
3 4984 3882 3857
3 4984 3857 9067
3 3858 8548 6354
3 11200 3858 6354
3 3858 11076 8548
3 5513 5556 3859
3 5513 3859 7862
3 7019 3859 5556
3 7019 9829 3859
3 8938 7862 3859
3 8938 3859 9829
3 3860 11307 3966
3 10566 5436 3861
3 10469 3861 10447
3 10469 10481 3861
3 10566 3861 10481
3 3864 3863 3862
3 9460 3864 3862
3 9460 3862 10218
3 10191 3863 3864
3 9460 9458 3864
3 9465 3864 9458
3 4498 6670 3865
3 7058 4498 3865
3 3866 6872 6678
3 3866 9481 6872
3 3867 5282 5289
3 3867 5289 8311
3 3867 7299 7288
3 3867 8311 7299
3 3893 3868 4860
3 4860 3868 3911
3 5546 3911 3868
3 5546 3868 6380
3 9311 9656 3869
3 3869 9656 11262
3 3869 11229 11217
3 3869 11262 11229
3 9335 3913 3870
3 3913 10158 3870
3 9335 3870 5589
3 3870 9343 5589
3 3870 5595 9343
3 10158 5595 3870
3 4282 3871 7733
3 7733 3871 7737
3 8115 7737 3871
3 3872 9805 8897
3 3872 8897 9864
3 9883 3872 9864
3 4405 3873 4404
3 4404 3873 11178
3 4412 6374 3873
3 3873 6374 11178
3 3874 6613 10264
3 10810 6903 3874
3 10810 3874 10264
3 7099 8569 3875
3 7099 3875 11163
3 3875 8569 8559
3 3877 8886 3876
3 9611 3877 3876
3 8047 8886 3877
3 9296 3877 9611
3 3878 10210 3881
3 3878 4717 10212
3 3878 10209 10210
3 3878 10212 10209
3 9092 3879 10638
3 10638 3879 10635
3 10639 10635 3879
3 3880 5221 7454
3 3880 6092 6529
3 3880 7454 6092
3 3880 6529 6391
3 3881 3883 3885
3 10213 3885 3883
3 3946 9448 3884
3 3946 3884 11068
3 9448 10219 3884
3 10213 11068 3885
3 3886 9457 3946
3 3886 9863 9457
3 7019 5556 3887
3 6725 9797 3887
3 7019 3887 9828
3 3887 9797 9828
3 5583 3888 3913
3 10538 3913 3888
3 5106 4273 3888
3 6393 3888 4273
3 5106 3888 5583
3 10538 3888 6393
3 6909 4403 3889
3 9217 6909 3889
3 10537 3889 6944
3 10537 9217 3889
3 8572 3891 8521
3 8582 3891 8572
3 7796 3895 3892
3 11105 3892 3895
3 7796 3892 3917
3 3892 9042 3917
3 3894 7723 4262
3 6345 7723 3894
3 7796 4681 3895
3 4681 9457 3895
3 11105 3895 9457
3 7131 7750 3896
3 7750 7744 3896
3 4017 10909 3900
3 10909 10940 3900
3 3901 10691 8194
3 3901 8194 11291
3 3901 8990 9730
3 3901 11291 8990
3 3901 9730 10960
3 3901 10960 10691
3 7683 8549 3902
3 8067 3902 9613
3 9613 3902 8549
3 3958 3903 9243
3 3903 3962 9233
3 3903 9676 3962
3 3903 9233 9243
3 6025 3905 6637
3 6025 10243 3905
3 7247 10677 3905
3 6694 3933 3906
3 4488 6694 3906
3 11325 4488 3906
3 11325 3906 9816
3 5503 3907 9009
3 3907 5556 9009
3 3908 6294 11222
3 9109 8291 3908
3 9109 3908 11093
3 3908 11222 11093
3 3909 4165 4395
3 3909 4395 8773
3 6075 3910 6722
3 7358 3910 6075
3 8596 6722 3910
3 7358 6723 3910
3 6723 8597 3910
3 8596 3910 8597
3 5921 4860 3911
3 5546 5550 3911
3 5550 6987 3911
3 5921 3911 6987
3 7428 3912 10828
3 3912 11188 10828
3 11146 11188 3912
3 5583 3913 9335
3 10538 10158 3913
3 3919 7408 3914
3 3919 3914 11146
3 7408 10600 3914
3 3914 10600 11273
3 11146 3914 11188
3 11188 3914 11273
3 5655 3951 3915
3 3951 6502 3915
3 5633 9445 3915
3 9445 5655 3915
3 4689 7796 3917
3 4689 3917 7807
3 3923 4019 3918
3 3923 3918 8974
3 4022 3918 4019
3 9571 3918 4022
3 8974 3918 4278
3 10043 3919 10940
3 3919 11146 10940
3 3920 6998 7574
3 6998 3920 9018
3 4041 4109 3921
3 9831 4041 3921
3 4874 3939 3922
3 3922 3939 10792
3 4874 3922 9998
3 6732 8381 3922
3 6732 3922 10792
3 8381 9998 3922
3 3923 4127 4019
3 3923 8974 9072
3 4045 6390 3925
3 6809 4045 3925
3 6390 6415 3925
3 6415 8489 3925
3 5636 5633 3926
3 5700 5636 3926
3 5700 3926 5692
3 4682 3927 5089
3 4727 5038 3929
3 4727 3929 7143
3 3945 3935 3930
3 3945 3930 6744
3 3930 6585 6744
3 3931 7860 9971
3 3932 3965 4055
3 9661 3965 3932
3 3932 4060 3969
3 3932 3969 9739
3 3932 4055 4060
3 9661 3932 9739
3 4778 3933 6694
3 3934 8214 6062
3 5884 9788 3936
3 9538 3936 8339
3 8339 3936 10676
3 10676 3936 9788
3 10041 6016 3937
3 10041 3937 10408
3 3937 11180 10408
3 9661 3949 3938
3 3965 3938 4053
3 9661 3938 3965
3 3939 3956 8349
3 8632 3956 3939
3 4874 8632 3939
3 3939 8349 10792
3 6005 3940 4412
3 4412 3940 8861
3 6005 8857 3940
3 3941 5819 8281
3 3941 9967 5819
3 3941 8281 6693
3 3941 6693 9913
3 3941 10022 9967
3 4358 4794 3942
3 11220 4358 3942
3 4420 3942 4794
3 7084 3942 4420
3 7084 5370 3942
3 5370 11220 3942
3 3943 4934 4572
3 3943 4572 5257
3 3944 5036 6962
3 3944 9845 5036
3 4681 9448 3946
3 4681 3946 9457
3 6987 3981 3947
3 7878 3947 3981
3 7878 6919 3947
3 3948 4337 6135
3 3948 10922 4337
3 3948 6135 10744
3 3948 10744 6136
3 3948 6136 10922
3 9661 9774 3949
3 9024 3950 4802
3 3952 5924 5931
3 11123 3952 5931
3 7535 8467 3953
3 7535 3953 9438
3 9438 3953 7751
3 3954 4861 7129
3 3954 7129 7128
3 3955 4178 7979
3 3955 9213 5102
3 3955 7979 7999
3 3955 7999 9213
3 4875 8124 3956
3 4875 3956 8632
3 3956 8124 10136
3 3956 10136 8349
3 6868 3957 9989
3 6868 10816 3957
3 3957 10812 10572
3 4429 3958 10371
3 4429 10383 3958
3 3958 9243 10371
3 4018 4029 3959
3 10880 4018 3959
3 4035 3959 4029
3 4170 3959 4035
3 6365 3959 4170
3 6365 10880 3959
3 3960 4360 3989
3 3960 6008 4360
3 3961 5458 10186
3 3961 11148 5458
3 3961 9419 9413
3 3961 9413 9521
3 3961 10186 9419
3 9433 3961 9521
3 9433 11148 3961
3 3962 3990 9233
3 10223 3990 3962
3 9676 6873 3962
3 10223 3962 6873
3 7399 5690 3964
3 7399 3964 10090
3 4375 3966 6147
3 4375 7681 3966
3 11307 6147 3966
3 3968 11031 6903
3 3968 6903 11053
3 3968 11051 11031
3 9739 3969 9743
3 3970 3982 3972
3 3970 10412 10422
3 3971 3974 9769
3 3971 9769 10503
3 9770 3971 10503
3 3972 3982 9865
3 4650 7365 3973
3 3973 6207 7153
3 7365 6207 3973
3 3974 4049 9769
3 9878 4049 3974
3 5488 3975 5511
3 6816 3975 5488
3 5511 3975 8832
3 6816 7034 3975
3 8889 3976 3978
3 8892 3978 3976
3 8759 5961 3976
3 5961 9725 3976
3 8889 8759 3976
3 8892 3976 9725
3 3977 9862 4017
3 11191 3977 4017
3 3977 7466 10268
3 11191 7466 3977
3 3977 11170 9862
3 3977 10268 11170
3 8888 5886 3978
3 8889 3978 5886
3 8888 3978 8891
3 8891 3978 8892
3 5822 3988 3979
3 8759 3979 3988
3 5826 5822 3979
3 5826 3979 5825
3 8889 5825 3979
3 8889 3979 8759
3 5102 7021 3980
3 5123 3980 7021
3 5123 8509 3980
3 5524 3981 7418
3 5524 7878 3981
3 5550 3981 6987
3 5550 7418 3981
3 3983 11267 8337
3 8761 4879 3984
3 8811 3984 4879
3 8761 3984 8763
3 6495 4402 3985
3 3985 4402 6632
3 3985 6632 10240
3 10240 7609 3985
3 8759 3988 3986
3 3988 9737 3986
3 8759 3986 5961
3 3987 8613 8848
3 5822 6284 3988
3 3988 6284 9737
3 8147 4553 3989
3 10223 3996 3990
3 4683 9233 3990
3 5436 5409 3991
3 6455 3991 5409
3 5436 3991 8779
3 7767 6444 3991
3 3991 6444 8779
3 6455 10221 3991
3 7767 3991 10221
3 6000 3992 5869
3 5998 3992 6000
3 5998 9509 3992
3 5094 5186 3993
3 5095 7339 3993
3 4011 4075 3994
3 4091 4011 3994
3 10709 3994 4047
3 10709 4091 3994
3 4966 5000 3995
3 4966 3995 11123
3 5000 5098 3995
3 3995 5098 9402
3 4606 3997 5545
3 7406 5545 3997
3 11154 7406 3997
3 3998 5790 6577
3 3998 6577 7427
3 3998 7427 9989
3 6725 3999 9797
3 3999 7443 9797
3 4802 8170 4000
3 9016 4802 4000
3 4000 5751 9034
3 4000 9333 5751
3 8170 9333 4000
3 9016 4000 9034
3 6300 4001 8883
3 4002 4007 4003
3 4002 4003 10228
3 4003 4007 4006
3 4003 9014 10228
3 5104 4004 7448
3 5107 4004 7007
3 5107 7448 4004
3 7007 4004 7001
3 4005 6885 10840
3 4007 5584 4006
3 10235 4006 5584
3 4007 4008 5584
3 4008 5593 5584
3 4008 9783 5593
3 4009 5998 4031
3 4009 9509 5998
3 4010 8432 5300
3 11230 8610 4010
3 9468 4012 4044
3 10274 4044 4012
3 8135 4012 9468
3 10274 4012 8680
3 4013 4716 6297
3 6396 4716 4013
3 4013 6297 6300
3 6396 4013 9737
3 4032 4014 5617
3 4014 8965 5617
3 4014 6283 8965
3 4015 10380 5587
3 10782 4015 5587
3 8555 9075 4015
3 8555 4015 10444
3 4015 9075 10380
3 10782 10444 4015
3 7576 4047 4016
3 7871 7576 4016
3 4017 9862 10909
3 10880 4088 4018
3 4762 4022 4019
3 4216 4019 4127
3 4216 4762 4019
3 8060 4020 6766
3 9332 6779 4020
3 8060 9332 4020
3 4580 4583 4021
3 11106 4580 4021
3 8836 4021 4583
3 6028 4021 6266
3 11106 4021 6028
3 8836 6266 4021
3 4762 4119 4022
3 4119 10206 4022
3 9571 4022 10206
3 4024 4023 9076
3 4024 9493 4023
3 6032 4023 5337
3 4023 9493 5337
3 4023 5344 9076
3 4026 4030 4636
3 9497 4026 4636
3 4320 6839 4027
3 4140 4028 6329
3 4140 7248 4028
3 5080 6067 4028
3 5080 4028 7248
3 5566 4035 4029
3 5566 4029 4189
3 4030 10283 4636
3 4030 10281 10444
3 4030 10444 10283
3 6816 5557 4031
3 7034 4031 5998
3 6816 4031 7034
3 4033 9306 8501
3 4034 4607 4609
3 4034 9474 4607
3 4034 4609 4636
3 4034 4636 10283
3 4069 4170 4035
3 4069 4035 4528
3 5566 4528 4035
3 4707 4100 4036
3 4036 4100 10275
3 4036 4119 4736
3 4036 10275 4119
3 7314 4707 4036
3 7314 4036 4736
3 4038 10423 4037
3 4038 4037 10495
3 10488 10423 4038
3 4039 6388 5388
3 7708 4040 7991
3 7708 10147 4040
3 4042 4676 4771
3 4042 4771 7552
3 5112 4042 5113
3 4042 7718 5113
3 4042 7552 7718
3 4130 4043 4153
3 4130 9188 4043
3 4153 4043 10657
3 10634 6787 4043
3 6787 10657 4043
3 10634 4043 9188
3 9468 4044 4775
3 10274 10290 4044
3 4045 6279 5659
3 4045 5659 6390
3 4045 6274 6279
3 6809 6274 4045
3 4220 4419 4046
3 4645 4046 4419
3 8100 8273 4048
3 8100 4048 10452
3 8273 8221 4048
3 4048 8221 10477
3 4048 10477 10452
3 9767 9769 4049
3 9884 4049 9878
3 6677 9702 4050
3 9141 9699 4050
3 9141 4050 9702
3 9699 9695 4050
3 8581 4051 6642
3 8085 4052 7459
3 4052 9506 7459
3 8082 9506 4052
3 4058 8668 4053
3 5080 4054 6067
3 6067 4054 9780
3 8486 4054 8495
3 8486 9780 4054
3 10506 10522 4056
3 10521 4056 10541
3 10547 4056 10521
3 10522 10541 4056
3 4112 8698 4057
3 9685 4112 4057
3 9688 4057 8698
3 9688 9686 4057
3 9770 4058 6090
3 4058 10503 8668
3 9770 10503 4058
3 4059 8011 8012
3 8179 8011 4059
3 4059 8012 8013
3 4061 8804 4088
3 4061 4088 10880
3 8750 4197 4061
3 4197 8804 4061
3 7513 8750 4061
3 7513 4061 10880
3 8217 4062 8910
3 9094 8910 4062
3 9054 9094 4062
3 4064 5489 6265
3 4064 7324 5489
3 8294 4064 6265
3 7500 7324 4064
3 7500 4064 8356
3 8294 8300 4064
3 8300 8356 4064
3 4065 6134 4066
3 4065 4066 10763
3 5269 6134 4065
3 4065 10763 8605
3 4066 6134 10773
3 4066 10773 10776
3 8616 4271 4067
3 4067 8646 5905
3 5394 4068 10282
3 5394 10299 4068
3 11318 4068 10299
3 4538 4170 4069
3 4509 4069 4528
3 4509 4538 4069
3 4131 4070 10642
3 4153 10657 4070
3 4071 4176 6949
3 4176 4071 8560
3 4071 6949 7365
3 8560 4071 9798
3 4755 4072 4406
3 6450 4406 4072
3 4755 10361 4072
3 6450 4072 6446
3 6446 4072 7694
3 10361 7694 4072
3 4077 8553 4073
3 8780 4073 8553
3 4074 7778 7790
3 6292 4076 6288
3 6288 4076 9467
3 9396 4076 6292
3 4076 9437 9467
3 8451 11125 4077
3 11125 8553 4077
3 4078 7190 7010
3 4078 7010 7885
3 4079 7527 6196
3 4079 6196 11319
3 7526 7527 4079
3 4079 11319 8212
3 10603 4080 4089
3 6832 6830 4080
3 6833 6832 4080
3 6833 4080 10610
3 10603 10610 4080
3 4081 5599 4779
3 4081 9996 6027
3 4084 6773 4093
3 4084 4093 6830
3 4084 6774 6773
3 4084 10565 6774
3 4084 6830 6827
3 4084 6827 10565
3 4085 4097 6631
3 4085 6645 4097
3 6623 6645 4085
3 9106 8213 4086
3 9348 4086 8213
3 9106 4086 9050
3 10414 9050 4086
3 9348 9462 4086
3 9462 10414 4086
3 6717 4847 4087
3 8310 6717 4087
3 8310 4087 7947
3 9264 7947 4087
3 10822 4088 8804
3 10605 4089 6631
3 10603 4089 10605
3 4090 5750 5851
3 4090 5851 10703
3 5868 4090 10703
3 5405 4834 4092
3 4092 4834 7180
3 8201 5405 4092
3 4092 7180 10436
3 8201 4092 9546
3 4092 10436 9546
3 4121 5643 4094
3 8637 4121 4094
3 4136 4094 5643
3 9674 4094 4136
3 6684 8637 4094
3 6684 4094 9674
3 4095 6057 4995
3 4095 6533 6057
3 4096 4098 4108
3 4096 4121 4098
3 4096 4108 8600
3 4096 4116 8539
3 4096 8600 4116
3 4096 8539 4121
3 10605 6631 4097
3 8566 4108 4098
3 8566 4098 4112
3 4112 4098 8637
3 8637 4098 4121
3 4099 6812 6819
3 4099 6819 10784
3 4707 4680 4100
3 8566 4101 4108
3 4101 10581 4108
3 8566 4114 4101
3 4447 5937 4102
3 7513 4447 4102
3 4102 5903 5666
3 8750 4102 5666
3 4102 5937 5903
3 7513 4102 8750
3 4482 4103 6794
3 4482 8159 4103
3 5343 4104 4106
3 10674 4106 4104
3 5343 7051 4104
3 10674 4104 11185
3 10970 4105 4279
3 4482 4106 8159
3 10674 8159 4106
3 9180 4107 4164
3 4107 9790 4164
3 4107 7182 5626
3 4107 5626 9790
3 9605 7182 4107
3 9605 4107 9180
3 8600 4108 10581
3 10589 4110 4115
3 4111 4190 10670
3 4111 7714 10493
3 4111 10670 7714
3 4111 10493 10667
3 9685 8566 4112
3 4112 8637 8698
3 4113 8166 4486
3 4113 4486 11048
3 4113 7486 8166
3 4113 10963 7486
3 4113 7937 10963
3 4113 11048 7937
3 9685 4114 8566
3 10589 4115 10587
3 4116 10365 8539
3 11177 4116 8600
3 4117 4725 8161
3 4736 4119 4762
3 10275 10206 4119
3 8539 5643 4121
3 4238 4127 4122
3 4238 4122 4152
3 4122 8401 4152
3 10603 10604 4123
3 10603 4123 10610
3 4156 4154 4124
3 4156 4124 9306
3 4124 8480 9306
3 9663 8480 4124
3 10619 4125 8268
3 10619 10622 4125
3 4125 10622 10642
3 4125 10642 10631
3 4126 4150 5634
3 4126 10415 4150
3 4126 5634 5414
3 4216 4127 4238
3 9242 9074 4128
3 9081 9242 4128
3 7306 5247 4129
3 7074 10368 4129
3 4130 4153 5247
3 7306 4130 5247
3 9175 4130 7306
3 9175 9188 4130
3 4131 10642 10622
3 4132 7195 10624
3 4132 10624 7903
3 4132 10622 10619
3 5944 5983 4133
3 7842 5944 4133
3 10871 4133 5983
3 7842 4133 10905
3 4134 7597 7551
3 9631 4134 7551
3 10172 7597 4134
3 9631 10273 4134
3 10172 4134 9915
3 9915 4134 10273
3 9541 10628 4135
3 9541 4135 10632
3 4135 10628 10630
3 10632 4135 10784
3 4944 4136 5643
3 4944 8473 4136
3 10497 4136 8473
3 10497 9674 4136
3 4137 5709 5508
3 8331 4137 5508
3 8342 5709 4137
3 6145 4137 8331
3 6145 8342 4137
3 9697 4139 4138
3 4742 4138 9669
3 9697 4138 4742
3 4138 9665 9669
3 11000 9181 4139
3 9699 4139 9697
3 11000 4139 9699
3 4140 5689 7248
3 4140 6329 7232
3 4238 4152 4141
3 4789 4142 6654
3 4789 10107 4142
3 4146 6803 4143
3 4143 6803 10679
3 4143 10679 10698
3 8312 4144 6145
3 6145 4144 8342
3 8312 8356 4144
3 8336 8342 4144
3 8336 4144 10914
3 4144 8356 10914
3 6371 4145 6373
3 6371 10458 4145
3 6373 4145 8303
3 10458 10441 4145
3 4146 6802 6803
3 4146 10784 6802
3 10632 10784 4146
3 4149 4147 4202
3 4147 4223 4202
3 4147 5654 4223
3 5652 5654 4147
3 4184 4324 4148
3 4184 4148 8517
3 4148 4324 4803
3 4148 4803 5618
3 4148 5618 8517
3 4202 10420 4149
3 4150 10613 5634
3 10415 8694 4150
3 4151 9015 6268
3 6268 9818 4151
3 4151 9818 9209
3 8401 4186 4152
3 4156 4282 4154
3 4154 7733 4257
3 4154 4282 7733
3 4581 10924 4157
3 4589 4157 4592
3 4592 4157 6309
3 6309 4157 10924
3 4158 4719 10883
3 4158 10883 9728
3 7107 4159 7152
3 7107 10493 4159
3 4161 9923 4199
3 11187 4161 4199
3 11187 4377 4161
3 4161 7180 9923
3 7152 4162 4595
3 4162 4622 4627
3 4163 4754 4616
3 11265 4163 4616
3 4976 9644 4164
3 4976 4164 9790
3 10659 4166 10472
3 10662 10472 4166
3 4167 6638 4276
3 10804 4167 4276
3 4476 6638 4167
3 4476 4167 7059
3 4167 5669 6047
3 10804 5669 4167
3 4167 6047 7059
3 10662 4168 10472
3 5425 10055 4169
3 5425 4169 10189
3 10055 10029 4169
3 10178 10189 4169
3 5011 4381 4171
3 4171 4381 8024
3 5011 4171 5081
3 4763 6946 4172
3 4763 4172 8953
3 4784 4172 9692
3 4784 11141 4172
3 6946 9692 4172
3 8953 4172 11141
3 10648 4175 4173
3 4173 4175 10788
3 4173 8842 10648
3 10882 8842 4173
3 4173 10788 10866
3 10882 4173 10866
3 4440 9321 4174
3 4440 4174 9902
3 9807 9813 4174
3 9807 4174 9907
3 9902 4174 9813
3 7839 4175 4177
3 7839 10788 4175
3 4176 4389 6949
3 9386 4389 4176
3 8399 4176 8560
3 8399 9386 4176
3 4177 4179 4182
3 7979 4178 5457
3 4179 5935 4190
3 8350 4180 6161
3 4181 5427 6365
3 4758 8073 4183
3 8074 4758 4183
3 6103 4183 6101
3 6101 4183 8073
3 6103 8074 4183
3 4184 4445 4324
3 7007 4445 4184
3 5107 7007 4184
3 5107 4184 8517
3 8081 4185 7455
3 8081 8078 4185
3 8078 9506 4185
3 8083 4185 9506
3 4187 4611 5918
3 4187 10653 4611
3 9961 10653 4187
3 9961 4187 10655
3 4188 4190 5935
3 10670 4190 4188
3 5935 10649 4188
3 9961 4188 10649
3 9961 10670 4188
3 10722 4194 4191
3 10722 4191 10762
3 4192 4410 4660
3 4192 4660 4633
3 11249 4192 4633
3 11249 10732 4192
3 10729 4195 4193
3 10730 10729 4193
3 10724 4194 10722
3 10729 11235 4195
3 4621 4196 9817
3 4197 5666 5669
3 8750 5666 4197
3 10804 4197 5669
3 10804 8804 4197
3 7209 9681 4199
3 11187 4199 9681
3 4737 10747 4200
3 10737 10739 4200
3 10737 4200 10750
3 10747 10750 4200
3 4682 4201 5554
3 5722 5558 4202
3 10420 4202 5558
3 4203 9842 4841
3 10939 4203 6026
3 4204 4209 4243
3 4204 9615 4209
3 8289 4204 4243
3 8289 8424 4204
3 4221 4207 4231
3 4219 4208 4299
3 4208 7014 4275
3 4209 9208 4243
3 4380 9222 4209
3 4380 4209 9615
3 4209 9222 9208
3 6430 4809 4211
3 6434 6430 4211
3 6434 4211 11095
3 4211 10491 11095
3 4242 4212 4635
3 4597 4212 4595
3 4597 4634 4212
3 4634 4635 4212
3 4213 4538 4247
3 4213 4247 5613
3 4601 4214 4608
3 7756 4214 4601
3 11264 4608 4214
3 7756 7847 4214
3 4218 4217 4215
3 4234 4215 4217
3 10770 4218 4215
3 4234 4233 4215
3 4233 10770 4215
3 4568 4762 4216
3 4222 4217 4218
3 6215 4217 4222
3 4234 4217 6194
3 6215 6194 4217
3 4221 10779 4218
3 4222 4218 10779
3 4219 4299 4300
3 4219 4300 8735
3 4219 8735 4525
3 6287 4419 4220
3 4230 4221 4231
3 4230 10779 4221
3 4222 10779 4248
3 5654 7077 4223
3 7391 7165 4224
3 4224 8363 7391
3 4224 8110 8106
3 4224 8106 8363
3 4232 10754 4225
3 11092 4232 4225
3 11250 4225 10024
3 11092 4225 11250
3 4226 4237 4245
3 4226 8424 4237
3 4226 4245 10668
3 9560 8424 4226
3 9199 9560 4226
3 9199 4226 10668
3 4227 9902 9813
3 9904 9902 4227
3 4228 8732 10627
3 4228 9403 10149
3 4228 10336 9403
3 4228 10627 10336
3 4229 4711 9247
3 4229 8106 8110
3 4229 9247 8106
3 4229 8110 8112
3 4230 4231 4232
3 4230 4232 10775
3 4232 4231 10754
3 10775 4232 11092
3 4234 10798 4233
3 10794 4233 10798
3 4236 7865 7249
3 8056 7865 4236
3 8359 4245 4237
3 8283 4237 8289
3 8289 4237 8424
3 4257 4239 7727
3 4257 7733 4239
3 7738 7727 4239
3 7731 4239 7737
3 7738 4239 7731
3 7733 7737 4239
3 4823 4457 4241
3 4823 4241 7572
3 4241 6610 7572
3 8120 4242 4635
3 8120 4743 4242
3 4253 4243 4250
3 4243 9208 4250
3 4253 8289 4243
3 8116 4244 8083
3 4422 4245 8359
3 4422 10668 4245
3 6870 8250 4246
3 10456 8042 4246
3 10448 4246 8250
3 10448 10456 4246
3 4509 4247 4538
3 4253 4250 9186
3 9186 4250 9202
3 4251 5670 5834
3 4251 5834 6072
3 4251 6072 6088
3 7772 4252 6715
3 4252 10645 6715
3 7163 4252 7772
3 8283 8289 4253
3 8283 4253 9612
3 4253 9186 9612
3 4284 4254 11010
3 4254 4574 11010
3 11209 10015 4255
3 7281 4256 7081
3 4257 7727 7483
3 4258 4259 5058
3 5293 4259 4258
3 4258 5058 4277
3 10970 4258 4277
3 5293 4258 4279
3 10970 4279 4258
3 10807 5058 4259
3 5223 4259 5270
3 5223 10807 4259
3 5270 4259 5293
3 5080 7248 4260
3 7293 4260 7301
3 9999 4261 10966
3 10001 10966 4261
3 5498 5601 4262
3 5498 4262 7723
3 9341 4262 5601
3 4263 6490 10614
3 7150 4264 4435
3 8258 4435 4264
3 8258 4264 9197
3 4294 8332 4265
3 8754 4294 4265
3 4265 7407 5612
3 11300 4265 5612
3 4265 8332 7407
3 8754 4265 11300
3 4783 8658 4266
3 5271 6193 4266
3 5271 4266 8658
3 9151 4267 8662
3 8702 9056 4267
3 8702 4267 9151
3 4526 4547 4268
3 5522 4526 4268
3 4547 9086 4268
3 4268 4675 7077
3 4268 9086 4675
3 5522 4268 7077
3 8870 4270 4269
3 10972 4269 4270
3 5058 4269 4277
3 10972 4277 4269
3 8869 4269 5058
3 8870 4269 8869
3 6005 8855 4270
3 6005 4270 8870
3 8855 8854 4270
3 10972 4270 8854
3 8616 8640 4271
3 8627 4271 8649
3 8640 8648 4271
3 4271 8648 8649
3 6503 4272 6758
3 10813 4272 6503
3 6765 6758 4272
3 9295 6765 4272
3 9295 4272 10813
3 5106 4790 4273
3 4541 4274 8278
3 11157 4275 7014
3 6638 6850 4276
3 4276 6850 9203
3 4276 9203 9563
3 10804 4276 9563
3 10968 10970 4277
3 10968 4277 10972
3 9221 8974 4278
3 11045 4278 9157
3 11045 9221 4278
3 4605 10815 4279
3 10815 5293 4279
3 7236 7278 4280
3 7236 4280 7977
3 4280 7278 7909
3 7820 4280 7909
3 7973 4280 7820
3 7973 7977 4280
3 4281 6626 5597
3 6551 6553 4281
3 6553 6626 4281
3 5278 4285 4283
3 8236 4283 4285
3 4289 8218 4283
3 9053 4289 4283
3 4303 5278 4283
3 8218 4303 4283
3 9053 4283 8236
3 4286 8944 7127
3 10150 4286 8623
3 10898 8944 4286
3 10898 4286 10150
3 6464 4287 6730
3 6464 9924 4287
3 7817 4287 9924
3 7817 10889 4287
3 4288 4289 9593
3 10154 4289 4288
3 9581 4288 8479
3 4288 9593 8479
3 9581 9588 4288
3 10154 4288 9588
3 10154 8218 4289
3 9593 4289 9053
3 4290 4310 10120
3 4290 10598 4310
3 5879 8363 4290
3 5879 4290 10120
3 4290 8363 9247
3 4290 9247 10598
3 4291 4399 4400
3 4291 4400 10834
3 4291 10834 10843
3 4292 8160 8079
3 4292 8149 8160
3 4772 4293 4325
3 4293 7413 4325
3 4772 7078 4293
3 7078 6927 4293
3 6927 7091 4293
3 4293 7091 7413
3 8754 10845 4294
3 4295 10600 7408
3 4295 7408 10759
3 4295 8902 10600
3 4295 10759 11192
3 8218 4296 4303
3 9575 4303 4296
3 8207 4296 8218
3 8526 9575 4296
3 7937 11048 4297
3 4311 4298 6081
3 4311 7098 4298
3 6215 6081 4298
3 6215 4298 6194
3 7952 4301 6708
3 7952 10489 4301
3 4302 4320 4319
3 4302 6839 4320
3 8564 6839 4302
3 9576 5278 4303
3 9575 9576 4303
3 4305 6344 7949
3 6344 4305 9549
3 7949 7973 4305
3 4305 7968 7960
3 7960 9549 4305
3 7968 4305 7973
3 10902 11144 4306
3 10932 4306 11144
3 10932 11279 4306
3 11279 11091 4306
3 4313 4307 7036
3 4977 4989 4307
3 4989 6618 4307
3 4307 6618 7036
3 5114 4308 7573
3 4310 6348 9091
3 4310 10598 6348
3 4311 4313 7098
3 6442 6634 4312
3 6442 4312 8255
3 8181 4312 6634
3 8181 8061 4312
3 8255 4312 8061
3 6688 6620 4315
3 4315 6620 7822
3 4315 7822 7303
3 4315 7303 10905
3 6342 6356 4318
3 6342 4318 8148
3 4319 4320 4675
3 4319 4675 9086
3 6263 4969 4321
3 10154 4322 8207
3 9585 4322 9588
3 10893 4322 9585
3 10154 9588 4322
3 4803 4324 4813
3 4905 4772 4325
3 5122 4905 4325
3 10300 5122 4325
3 10300 4325 7413
3 4326 4638 6072
3 4326 8959 4638
3 9954 4327 7148
3 9954 7155 4327
3 4328 10811 10908
3 4328 10908 10911
3 7942 4330 6133
3 5186 5194 4331
3 4334 4332 7780
3 4332 10833 7780
3 4332 9585 9587
3 4332 9587 10833
3 8623 7616 4333
3 10150 4333 8314
3 10150 8623 4333
3 7519 4334 7780
3 7519 9602 4334
3 4335 5498 7723
3 4335 8579 5498
3 4335 7723 8320
3 4335 10234 8579
3 4990 5547 4336
3 4337 5975 10911
3 4337 10922 5975
3 4337 10908 6135
3 4337 10911 10908
3 6702 4338 6690
3 4350 4341 4378
3 4341 4380 4378
3 4341 9222 4380
3 4341 7467 9222
3 4342 9415 5308
3 4342 8823 8260
3 8994 4342 8260
3 8994 9415 4342
3 4343 4591 4764
3 6681 4354 4344
3 4344 4354 10916
3 4344 6124 7788
3 4344 10917 6124
3 6681 4344 7788
3 4344 10916 10917
3 4345 5647 5022
3 6187 4345 5022
3 6187 6094 4345
3 6402 5616 4346
3 5616 10194 4346
3 10194 8671 4346
3 4347 10935 10934
3 4347 10934 10938
3 10967 4347 10938
3 4443 4348 4357
3 4350 4378 4973
3 4350 8138 4397
3 4350 4973 8138
3 4351 4352 4353
3 6163 4352 4351
3 4351 4353 10927
3 11322 6163 4351
3 8262 4351 10956
3 11322 4351 8262
3 10956 4351 10927
3 10964 4353 4352
3 4353 10925 10927
3 4353 10938 10925
3 10964 10938 4353
3 10916 4354 7675
3 4355 4401 8477
3 8191 8196 4355
3 4355 8477 8191
3 10992 4355 8196
3 4443 4357 11156
3 4670 4357 8473
3 4670 11156 4357
3 11220 8400 4358
3 4359 6580 4986
3 6688 4359 4986
3 4359 10865 6580
3 8877 4359 6688
3 8877 10887 4359
3 4359 10887 10865
3 5240 4361 4427
3 4361 7418 4427
3 6692 4361 5240
3 6692 9406 4361
3 8871 7418 4361
3 8871 4361 9406
3 8183 4362 4480
3 4480 4362 9672
3 8183 9906 4362
3 4362 9641 9648
3 9906 9641 4362
3 9672 4362 9648
3 4363 7624 7617
3 4605 4364 10855
3 6745 4364 10626
3 6745 10855 4364
3 7230 7225 4365
3 7225 7261 4365
3 7230 4365 9107
3 9054 4365 7261
3 7477 4366 9452
3 4366 9441 9447
3 4366 9447 9452
3 4440 4369 9321
3 9672 4369 4440
3 9321 4369 9367
3 9401 9367 4369
3 9672 9401 4369
3 5081 4370 10680
3 7911 4371 4926
3 7911 8202 4371
3 8201 4371 8202
3 4371 8201 9546
3 4907 8429 4372
3 4907 4372 9441
3 4372 8429 8951
3 8994 4372 8951
3 5011 4373 4381
3 5011 10746 4373
3 6963 5927 4374
3 5927 9114 4374
3 8645 4374 7773
3 9114 7773 4374
3 4376 5614 8237
3 9148 5614 4376
3 4376 8237 9227
3 9148 4376 9210
3 11071 9210 4376
3 11071 4376 9227
3 4377 9289 9367
3 8117 4378 4379
3 4379 4378 9948
3 4378 4380 9948
3 8117 4973 4378
3 8117 4379 9599
3 4380 9615 9948
3 4382 9149 9363
3 9384 9149 4382
3 8191 4385 4383
3 10990 4383 4385
3 8191 4383 8344
3 9962 8344 4383
3 9962 4383 10988
3 10990 10988 4383
3 4776 5408 4384
3 4776 4384 5802
3 7791 4384 5408
3 4384 5455 5514
3 7791 5455 4384
3 5802 4384 5514
3 4385 4394 4391
3 10990 4385 4391
3 4385 8477 4394
3 8191 8477 4385
3 4386 9599 8003
3 8117 9599 4386
3 10504 4643 4387
3 4387 4643 10702
3 10504 4387 4665
3 4388 5731 5348
3 4388 9729 5731
3 5466 6413 4389
3 5466 4389 8489
3 6949 4389 6413
3 9386 8489 4389
3 7990 4397 4390
3 8138 4390 4397
3 8212 7990 4390
3 8138 8209 4390
3 8209 9272 4390
3 8212 4390 9272
3 4391 4399 4392
3 4391 4394 4399
3 11010 5210 4392
3 4394 4400 4399
3 8477 4400 4394
3 8784 8773 4395
3 8784 4395 9801
3 4395 9803 9801
3 6885 4396 10840
3 6885 10841 4396
3 10841 10835 4396
3 7990 11102 4397
3 4398 8537 5527
3 4398 5527 10550
3 7274 5619 4398
3 8610 4398 5619
3 6315 8537 4398
3 8610 6315 4398
3 7274 4398 10550
3 8477 4401 4400
3 4401 10834 4400
3 6495 9592 4402
3 4430 4403 6909
3 4430 8204 4403
3 4405 4404 4531
3 4404 11195 4531
3 4404 11178 4546
3 11195 4404 4546
3 4405 4531 10975
3 5256 4407 8930
3 6423 4408 6421
3 8055 6421 4408
3 6428 4408 6423
3 10023 4408 6428
3 10023 8055 4408
3 10400 4409 5799
3 4409 7634 6756
3 4409 7413 7634
3 10400 7413 4409
3 7726 4411 9853
3 10658 9853 4411
3 4412 8861 6374
3 4466 4413 4415
3 4466 11027 4413
3 11027 11020 4413
3 4413 11020 11067
3 4418 4414 11081
3 8816 4414 10702
3 11081 4414 8816
3 4414 11122 10702
3 4465 4466 4415
3 4465 4415 8185
3 4415 8472 8185
3 4422 8359 4416
3 6592 4416 8223
3 4416 10874 8223
3 8359 10874 4416
3 6166 5551 4417
3 6166 4417 6170
3 4418 11081 4468
3 4551 4419 4610
3 4551 4645 4419
3 6287 4610 4419
3 4420 4794 4626
3 4804 4420 4626
3 7084 4420 5363
3 4422 8422 10668
3 4425 4423 4469
3 4425 11026 4423
3 4423 11025 4471
3 4423 11026 11025
3 4424 4461 4955
3 4424 4955 4554
3 4425 10217 11026
3 6596 4426 8422
3 4426 8225 8422
3 4426 9190 8225
3 5240 4427 9029
3 5546 4427 5550
3 5546 9029 4427
3 5550 4427 7418
3 6066 4428 4434
3 4510 4430 6909
3 4430 4510 8409
3 8204 4430 7015
3 4430 8409 7015
3 4432 8062 4667
3 9566 4432 4667
3 4432 6291 6230
3 4432 6230 8062
3 4432 11032 6291
3 9566 11032 4432
3 4433 5544 6935
3 4433 6937 5544
3 4433 6926 5663
3 4433 6935 6926
3 9538 7150 4435
3 8258 9542 4435
3 9538 4435 9276
3 9276 4435 9542
3 9470 4436 4443
3 9470 7845 4436
3 7845 9471 4436
3 8174 4436 9471
3 4437 4439 8738
3 6045 4438 4666
3 4438 7721 7722
3 4439 11033 8738
3 4480 9672 4440
3 4480 4440 9902
3 4936 4442 4441
3 10700 4441 4442
3 10700 4662 4441
3 4936 4441 4853
3 4936 4937 4442
3 4937 10697 4442
3 10697 8747 4442
3 10700 4442 8747
3 9470 4443 11156
3 7097 7527 4444
3 7097 4444 10203
3 4444 7527 7526
3 9595 4444 7526
3 9201 4444 9595
3 9201 10203 4444
3 5126 4556 4445
3 7007 5126 4445
3 5187 4446 5817
3 9995 4446 5187
3 6315 5817 4446
3 6315 4446 8537
3 9995 8537 4446
3 4995 5937 4447
3 5427 4447 7513
3 8945 4448 6205
3 6270 4448 6242
3 6242 4448 8945
3 9000 4449 4484
3 9000 7976 4449
3 4449 7976 10682
3 4450 9205 9496
3 4450 9598 9205
3 8339 6897 4451
3 4451 6897 9011
3 6912 4451 9011
3 8319 4452 4458
3 4452 8621 4458
3 6815 4467 4452
3 4452 4467 9540
3 8319 6815 4452
3 4452 9540 8621
3 4453 11036 4463
3 4453 11052 11036
3 9875 9869 4454
3 9875 4454 9889
3 5078 4455 4464
3 9849 4464 4455
3 5989 4455 5078
3 4774 4456 4657
3 4456 8065 4657
3 4774 11038 4456
3 4456 11040 8065
3 4456 11038 11039
3 4456 11039 11040
3 8319 4458 4578
3 11177 4578 4458
3 5668 4460 6664
3 10445 6664 4460
3 10445 4460 10582
3 10574 10582 4460
3 4461 4876 4955
3 5025 7202 4464
3 5025 4464 9847
3 7202 5078 4464
3 9847 4464 9849
3 4465 11055 4466
3 4465 8185 11042
3 4465 11042 11056
3 4465 11056 11055
3 4466 11057 11027
3 4466 11055 11057
3 9642 4467 6815
3 9276 9540 4467
3 4468 4500 4490
3 11081 4500 4468
3 4470 4471 11060
3 8200 4470 11060
3 4471 11025 11057
3 4471 11057 11060
3 9314 5878 4472
3 4649 4473 4573
3 4573 4473 6905
3 8840 6905 4473
3 7792 4474 4477
3 4474 8408 4477
3 4474 7434 8408
3 4474 9245 7434
3 7792 7764 4474
3 7764 9245 4474
3 6599 4476 7059
3 4476 6599 10276
3 6638 4476 10236
3 4476 10276 10236
3 7783 4550 4477
3 7792 4477 4550
3 7783 4477 10616
3 4477 8408 10616
3 5168 5986 4478
3 4478 5986 5172
3 4479 9803 7546
3 9801 9803 4479
3 8183 4480 9904
3 4480 9902 9904
3 4481 7147 10884
3 4482 6794 6795
3 6375 4483 9574
3 11107 4483 6375
3 4483 11109 9574
3 11104 4483 11107
3 4484 4528 5566
3 4485 4565 4580
3 4485 11108 4565
3 11110 4485 4580
3 4485 9574 11108
3 11111 9574 4485
3 11111 4485 11110
3 11307 4486 6147
3 11307 11048 4486
3 4500 4487 4490
3 4487 11151 4490
3 11082 4487 4500
3 6781 11151 4487
3 4488 4765 5499
3 11240 4765 4488
3 4488 5499 6694
3 4507 4499 4489
3 4511 4507 4489
3 4490 11151 11153
3 5350 4491 6978
3 6581 5445 4492
3 6695 4492 5445
3 5522 4516 4493
3 7942 4493 4516
3 5522 4493 4526
3 7942 6133 4493
3 5240 9029 4494
3 4495 4504 4506
3 4495 4512 4504
3 10313 4495 4506
3 8725 4512 4495
3 8725 4495 8723
3 8723 4495 10313
3 4496 6856 4637
3 5708 5714 4496
3 8457 4496 5714
3 8457 6856 4496
3 4497 4519 5684
3 4497 6372 4519
3 4497 5684 8739
3 4497 6808 6372
3 4497 8718 6808
3 4497 8739 8718
3 7058 7182 4498
3 4498 7182 9907
3 11081 8635 4500
3 8635 11082 4500
3 4506 4505 4501
3 4506 4501 6173
3 4501 6177 6173
3 5259 4503 10558
3 4506 4504 4505
3 6483 4505 4504
3 11115 4504 4512
3 6483 8664 4505
3 10313 4506 6173
3 9130 4507 4511
3 4508 4525 8735
3 11153 4525 4508
3 6112 8664 4508
3 6112 4508 8735
3 8925 4510 6909
3 6973 8409 4510
3 4510 8925 10437
3 9129 7290 4511
3 9130 4511 7290
3 11113 11115 4512
3 11106 4513 4580
3 11110 4580 4513
3 11113 11110 4513
3 4514 6372 6437
3 4514 6437 9750
3 5031 5028 4515
3 5028 10344 4515
3 5522 5654 4516
3 4516 5654 5652
3 4517 4804 7771
3 7783 4517 7771
3 4673 4552 4518
3 4518 4553 4648
3 5415 4518 4648
3 4673 4518 5415
3 7579 4520 9626
3 7579 11176 4520
3 4521 10641 4548
3 4521 4548 11078
3 7120 7119 4524
3 11153 11134 4525
3 4527 11239 10701
3 4527 11216 11239
3 4554 4529 4559
3 7176 4529 4554
3 4559 4529 7145
3 7145 4529 7149
3 7176 7149 4529
3 4530 9189 4539
3 4530 5255 5246
3 4536 4534 4531
3 4531 4534 10975
3 4531 11210 4536
3 11210 4531 11195
3 9860 4532 8131
3 9833 4532 9835
3 8091 4533 7484
3 4534 4536 4535
3 6113 4534 4535
3 7623 4534 6113
3 10975 4534 7623
3 11202 4535 4536
3 6113 4535 8829
3 11202 8829 4535
3 11207 11202 4536
3 11207 4536 11206
3 11210 11206 4536
3 7381 7504 4537
3 4549 4540 4539
3 4539 4540 4625
3 9189 4549 4539
3 4549 8547 4540
3 9497 4625 4540
3 4541 10766 6290
3 4541 8278 8263
3 4541 8263 10766
3 4777 4542 8494
3 8485 8488 4542
3 8488 8494 4542
3 11186 4545 4544
3 4545 11195 4544
3 4544 4546 11183
3 11195 4546 4544
3 11195 4545 11210
3 11212 11210 4545
3 11178 11179 4546
3 11183 4546 11179
3 4547 5628 9086
3 9182 8547 4549
3 9182 4549 9189
3 7792 4550 4619
3 4550 9397 4619
3 7783 7771 4550
3 7771 9397 4550
3 4610 8528 4551
3 10795 4648 4553
3 8147 10795 4553
3 7176 4554 4955
3 4555 9469 5170
3 5126 9911 4556
3 9136 4726 4560
3 5684 4631 4561
3 8739 5684 4561
3 4563 8607 4562
3 4563 4562 9350
3 8607 11260 4562
3 9350 4562 9349
3 4562 11260 9505
3 4563 5454 5448
3 4563 5448 8607
3 7264 5454 4563
3 7264 4563 9350
3 5178 5163 4564
3 4580 4565 4583
3 4583 4565 4581
3 4581 4565 10924
3 4565 11108 10924
3 7215 8373 4566
3 4567 4996 4697
3 8761 4567 4697
3 9709 4996 4567
3 5625 5797 4567
3 5625 4567 8302
3 9709 4567 5797
3 8761 8302 4567
3 4691 4568 4631
3 4691 4762 4568
3 4570 4764 4591
3 4570 10775 4764
3 4571 7611 7729
3 4571 8269 7611
3 9110 4571 7729
3 8242 7741 4571
3 7741 8269 4571
3 9110 8242 4571
3 4934 5062 4572
3 4572 5062 5251
3 4572 5251 5250
3 4572 5250 5257
3 4649 4573 9713
3 4573 6905 6907
3 4573 6907 6923
3 4573 6923 9713
3 4574 5210 11010
3 4690 5010 4575
3 4690 4575 5989
3 4605 4576 10815
3 4605 10855 4576
3 7167 4577 8222
3 9096 8222 4577
3 8319 4578 10115
3 11177 10637 4578
3 9548 9545 4579
3 9553 9548 4579
3 4583 4581 4586
3 4733 4582 5005
3 4733 5557 4582
3 5488 5005 4582
3 6816 5488 4582
3 6816 4582 5557
3 8836 4583 4586
3 4584 4684 4955
3 4815 4584 4876
3 4584 4955 4876
3 4585 4719 6561
3 6040 8824 4586
3 8824 8836 4586
3 5361 4642 4587
3 4587 4642 6554
3 4884 4588 10728
3 4588 9853 10658
3 4588 10658 10728
3 4589 8769 4590
3 4589 4592 8769
3 4592 6309 4593
3 4592 4593 8769
3 4593 6309 11096
3 4593 11096 11271
3 4593 11271 11272
3 4594 7700 7692
3 8238 4594 7692
3 4594 7697 7700
3 4596 8641 6613
3 10409 4647 4599
3 6602 6512 4599
3 10409 4599 6512
3 6602 4599 10272
3 5129 9022 4600
3 4601 4616 4603
3 4601 4603 4686
3 4601 4608 4616
3 4601 4686 4685
3 7756 4601 4685
3 4602 8103 6699
3 4603 4612 4752
3 4754 4612 4603
3 4754 4603 4616
3 4603 4752 4686
3 9491 4604 5215
3 9491 9218 4604
3 4606 5545 9594
3 4606 9586 9584
3 4606 9594 9586
3 9474 4640 4607
3 11265 4616 4608
3 11265 4608 11264
3 4636 4609 4625
3 8528 4610 10694
3 4754 5918 4612
3 4613 7703 7676
3 4613 7676 7742
3 4613 8242 7703
3 4613 7707 7741
3 4613 7742 7707
3 4613 7741 8242
3 4617 8515 9392
3 4617 8946 9219
3 4617 9392 8946
3 5895 8130 4618
3 6436 4618 11258
3 4618 8130 8208
3 11258 4618 8208
3 5205 7544 4619
3 5205 4619 9397
3 7544 7622 4619
3 7792 4619 7622
3 4750 4620 6975
3 4620 5350 6975
3 4627 4622 4623
3 4627 4623 4624
3 9497 4636 4625
3 4626 4794 8234
3 4804 4626 8230
3 8230 4626 5913
3 4626 8234 5913
3 6945 6454 4628
3 6945 4628 11218
3 4628 11314 11218
3 4629 6966 5007
3 4629 11114 6966
3 4630 4635 4634
3 4630 4634 11094
3 7464 4635 4630
3 7464 4630 11104
3 4908 4632 7555
3 4632 5064 7555
3 11249 4633 11306
3 7598 4635 7464
3 7598 8120 4635
3 5605 4637 9231
3 4637 6856 10185
3 4637 10185 9231
3 10068 4638 8959
3 10068 10075 4638
3 4653 4640 4644
3 9483 4644 4640
3 9483 4640 9474
3 4641 4706 7696
3 4641 8015 5607
3 5361 4933 4642
3 11050 4642 4933
3 11050 6554 4642
3 8816 10702 4643
3 4653 4644 11160
3 4644 5716 5738
3 9483 5716 4644
3 4644 5738 11160
3 5812 5761 4645
3 4646 8004 6611
3 4646 8338 8004
3 5681 4647 5697
3 10409 5697 4647
3 11190 5415 4648
3 9960 4648 10795
3 11190 4648 9960
3 4652 4651 4787
3 4651 11334 4787
3 4652 4787 11252
3 4652 11252 10395
3 4653 11160 9162
3 4774 4657 4655
3 4774 4655 8548
3 4655 6354 8548
3 4656 5360 11091
3 6532 6560 4656
3 6532 4656 11091
3 4658 7707 6096
3 8256 4658 6096
3 7606 7707 4658
3 7606 4658 8266
3 8065 11040 4659
3 11040 11049 4659
3 4659 11049 11047
3 4663 5615 6754
3 4663 6754 9650
3 10504 4665 4664
3 10693 10504 4664
3 10693 4664 11286
3 4664 11287 11286
3 10868 5898 4667
3 11317 4667 5898
3 8062 10868 4667
3 9566 4667 11317
3 4668 4670 4944
3 4668 4944 5643
3 4668 5643 8539
3 4668 8539 10365
3 4669 11156 4670
3 4671 4669 4718
3 4671 9470 4669
3 4669 9470 11156
3 4670 8473 4944
3 4671 4718 9428
3 4671 7825 7845
3 4671 9428 7825
3 4671 7845 9470
3 11304 7664 4672
3 11312 11304 4672
3 11330 11312 4672
3 5516 4674 9494
3 4674 8733 8701
3 4674 8701 9494
3 5148 4771 4676
3 6156 4678 4677
3 7814 4677 4678
3 4679 6156 4677
3 4679 4677 11296
3 7814 8755 4677
3 8755 11296 4677
3 6144 4678 6148
3 6148 4678 6156
3 4679 6153 6156
3 4679 6304 6153
3 9078 4680 4707
3 9078 9511 4680
3 7796 11137 4681
3 11137 9448 4681
3 4682 5554 5528
3 7176 4684 4880
3 7176 4955 4684
3 5563 4687 5697
3 5681 5697 4687
3 4708 5870 4688
3 5870 10141 4688
3 10145 7218 4688
3 10145 4688 10141
3 4689 11137 7796
3 4689 7807 9458
3 4689 9458 9460
3 4689 9460 11137
3 4690 5009 5010
3 4690 5989 5012
3 4691 4726 4736
3 4691 4736 4762
3 11321 6059 4692
3 11326 4692 6059
3 11191 4692 7466
3 11326 7466 4692
3 11191 11280 4692
3 11321 4692 11280
3 4925 10126 4693
3 4693 10126 10174
3 4938 4694 8265
3 7606 8266 4694
3 4694 8266 8265
3 4696 9557 7735
3 11234 4696 7735
3 10261 9557 4696
3 11196 4696 9572
3 11234 9572 4696
3 10261 4696 11196
3 8761 4697 4879
3 4879 4697 9344
3 5302 4697 4996
3 5302 9344 4697
3 5618 5598 4698
3 8517 5618 4698
3 4915 5170 4699
3 4700 10876 4705
3 6546 4700 5563
3 6546 10876 4700
3 5145 4702 5629
3 9562 5867 4703
3 11128 9562 4703
3 4709 4704 9659
3 5375 7696 4706
3 5375 4706 8524
3 10576 8524 4706
3 9078 4707 7314
3 5108 5870 4708
3 4709 9659 9660
3 4709 9660 9669
3 4709 9669 9665
3 4710 4715 4713
3 9388 4710 4713
3 4711 10598 9247
3 4711 11221 10598
3 6658 4751 4712
3 10171 4712 4751
3 6658 4712 4931
3 8060 4931 4712
3 8060 4712 10359
3 10359 4712 10171
3 9372 4713 4715
3 4714 10326 5627
3 4714 10529 10326
3 6297 4716 5730
3 9854 10621 4717
3 4717 10621 10212
3 4718 10633 9428
3 4718 11165 10633
3 5024 4720 4738
3 4815 4720 4872
3 4815 4876 4720
3 5024 4872 4720
3 4768 4721 8421
3 8421 4721 8538
3 8446 9660 4721
3 9660 8538 4721
3 4723 7465 4722
3 4732 4722 7465
3 5023 5026 4723
3 7465 4723 5026
3 6826 9922 4725
3 8161 4725 8171
3 8171 4725 9922
3 7314 4736 4726
3 9136 7314 4726
3 4727 8540 5038
3 4727 5054 8540
3 4727 10753 5054
3 4727 7143 10753
3 4728 11116 5064
3 8931 11116 4728
3 4729 4816 6525
3 4729 11009 4816
3 4729 11046 11009
3 10859 4730 6176
3 4731 4831 6498
3 8114 4831 4731
3 4731 6498 10334
3 4731 10334 11204
3 4741 4732 4746
3 4732 7356 4746
3 4732 7465 7356
3 4733 5613 5557
3 5362 4734 4799
3 5540 4734 7116
3 7215 4735 8373
3 4737 10748 10747
3 5296 5283 4739
3 6246 4739 5283
3 5319 5296 4739
3 10660 5319 4739
3 6240 4739 6246
3 10660 4739 6240
3 7729 7611 4740
3 7728 7716 4740
3 7729 4740 7716
3 7728 4740 11005
3 4742 9669 8446
3 5399 4743 4749
3 11256 4749 4743
3 11255 4743 8120
3 4743 11255 11256
3 4744 5477 6531
3 8697 5477 4744
3 4744 6531 6536
3 6824 4745 7078
3 6824 9861 4745
3 8457 4745 6856
3 4745 9861 6856
3 4745 7139 7078
3 8457 7139 4745
3 4746 7356 9308
3 7999 4746 9308
3 4747 4749 5296
3 5399 4749 4747
3 7107 5399 4747
3 4748 5518 5505
3 10134 4748 5505
3 10134 6766 4748
3 5296 4749 5283
3 11256 5283 4749
3 4750 6975 6349
3 10811 4753 10739
3 4755 4892 10361
3 4755 10780 4892
3 5201 6449 4757
3 5201 4757 6451
3 6451 4757 6446
3 4758 7181 8073
3 10686 7181 4758
3 8074 7400 4758
3 7400 10686 4758
3 4759 7689 9111
3 4759 10877 7689
3 4759 9111 9442
3 10534 4759 9442
3 10534 10903 4759
3 4759 10903 10877
3 4761 9608 9555
3 10580 9608 4761
3 4763 8953 5851
3 4763 5851 9555
3 4763 9555 6946
3 4764 10775 11092
3 10028 4765 11240
3 5722 4766 4964
3 6807 4964 4766
3 5704 4766 6799
3 5704 6807 4766
3 4767 9368 5195
3 4767 7548 9368
3 6025 4768 8421
3 4769 6878 5356
3 4769 5691 6878
3 10606 4770 9713
3 5148 7670 4771
3 7747 7552 4771
3 7747 4771 7670
3 4905 4818 4772
3 6824 4772 4818
3 6824 7078 4772
3 8059 5541 4773
3 11145 4773 5541
3 9870 9468 4775
3 4776 8172 5408
3 4776 5802 5819
3 4776 5819 9967
3 4776 9967 8172
3 7016 4779 5599
3 8612 8611 4780
3 8612 4780 10516
3 5504 4781 8714
3 8714 4781 5597
3 4782 4784 9704
3 4782 11141 4784
3 6129 4782 6505
3 6129 11141 4782
3 4789 4786 4785
3 4789 6654 4786
3 4787 7557 11252
3 4787 11331 7557
3 4787 11334 11331
3 4788 7282 5229
3 4788 5229 9161
3 4788 9161 9369
3 5106 8850 4790
3 5604 4792 5097
3 9371 4792 5604
3 4793 9353 6293
3 4793 9361 9353
3 4793 9362 9361
3 4793 9365 9362
3 4795 7602 9355
3 4795 10044 7602
3 4875 4796 6261
3 4875 8632 4796
3 9927 4796 8632
3 4801 4798 4797
3 9309 4801 4797
3 7547 4797 9115
3 7547 9309 4797
3 4801 6954 4798
3 4798 9823 6948
3 4798 6954 9823
3 5362 4799 7523
3 5396 7523 4799
3 5121 7508 4800
3 4801 5297 6954
3 9257 5297 4801
3 4801 9309 9257
3 9024 4802 9016
3 7771 4804 8230
3 6826 4805 5447
3 5717 11269 4806
3 9567 4806 11269
3 10278 6673 4807
3 10122 4807 11320
3 4808 8929 9238
3 6431 4809 6430
3 6431 10455 4809
3 4814 4810 9280
3 4814 9325 4810
3 9325 9324 4810
3 4814 9116 9253
3 4814 9279 9116
3 4814 9253 10112
3 4814 9280 9279
3 4814 10112 9325
3 4815 4872 10046
3 6667 6525 4816
3 7130 6667 4816
3 4826 9028 4817
3 4817 9028 7315
3 7315 9031 4817
3 9031 9266 4817
3 4905 5802 4818
3 4818 5802 5514
3 6824 4818 5514
3 10643 4821 4819
3 11088 4819 4821
3 11084 4819 11085
3 11085 4819 11088
3 10734 4820 4967
3 11084 9039 4820
3 10643 4822 4821
3 11090 4821 4822
3 7240 7239 4824
3 7243 7240 4824
3 4826 9026 9357
3 4827 6427 6154
3 4827 10110 6427
3 4827 10114 10110
3 4828 4838 4837
3 4828 4837 4886
3 6414 4828 4886
3 4980 4831 8114
3 10009 4831 4980
3 10009 8146 4831
3 10915 6271 4832
3 4894 5042 4833
3 7179 4833 5042
3 4833 7179 7143
3 5405 7192 4834
3 9923 7180 4834
3 8815 9720 4835
3 9720 10725 4835
3 10725 9968 4835
3 4836 5147 10839
3 4839 8146 10009
3 4839 10009 8986
3 5182 4840 7135
3 4840 7141 7135
3 9910 4841 9842
3 4936 4853 4843
3 9425 4843 4853
3 9425 4856 4843
3 4856 10806 4843
3 7516 4844 7528
3 7522 7528 4844
3 4845 4872 9517
3 10046 4872 4845
3 7135 4845 7833
3 10045 4845 7135
3 4845 9517 7833
3 10045 10046 4845
3 4887 7516 4846
3 7528 7490 4846
3 7516 7528 4846
3 6710 7422 4847
3 7087 10767 4848
3 10767 10800 4848
3 8039 4850 4998
3 10151 4998 4850
3 5056 5162 4850
3 10151 4850 5162
3 8039 7141 4850
3 5868 6031 4852
3 6030 11014 4852
3 6030 4852 11029
3 6031 11029 4852
3 4893 5801 4854
3 4893 4854 7110
3 5831 5793 4854
3 5831 4854 5801
3 4870 4856 4859
3 4856 11328 4859
3 4870 10806 4856
3 11328 4856 9425
3 6710 5051 4857
3 5780 4857 7415
3 5780 7422 4857
3 6710 4857 7422
3 4858 9127 6438
3 4858 9112 8286
3 4858 8286 9127
3 4870 4859 4868
3 4862 9351 5015
3 4862 7663 6202
3 4862 6202 9351
3 4887 4863 7510
3 9362 9365 4863
3 5498 4864 5601
3 5498 8579 4864
3 4882 4865 4914
3 4882 7104 4865
3 4903 4865 4895
3 4903 4914 4865
3 5943 5983 4866
3 5943 4866 8863
3 4866 5983 5944
3 4866 5944 8866
3 10074 6817 4867
3 7089 4870 4868
3 10263 7089 4868
3 10263 4868 7604
3 4909 4869 4891
3 7089 10806 4870
3 5426 4943 4871
3 10621 4871 4943
3 9854 4871 10621
3 5024 9517 4872
3 4874 9927 8632
3 7269 4877 7285
3 7603 6731 4878
3 10439 4878 6731
3 4878 7172 7603
3 7172 4878 10447
3 10439 10469 4878
3 4878 10469 10447
3 8811 4879 8484
3 4879 9344 8484
3 7176 4880 7149
3 8386 7149 4880
3 7187 4880 7186
3 7187 8386 4880
3 5165 4881 4890
3 4882 4914 6485
3 4882 7092 7104
3 4884 10728 6642
3 4885 9068 7474
3 6414 4886 10174
3 5183 5233 4889
3 5183 4889 8334
3 4889 9331 8334
3 5071 5165 4890
3 5887 4891 5021
3 9638 10361 4892
3 4893 5208 6282
3 4893 7110 5208
3 4893 10351 5801
3 4893 6282 10351
3 4903 4895 10354
3 9916 4896 5394
3 5394 4896 10299
3 9916 5411 4896
3 4896 5411 10946
3 4896 10946 10299
3 8795 8666 4897
3 9249 4898 4910
3 4898 4913 8469
3 9249 4913 4898
3 4899 11211 11093
3 4900 4904 4906
3 4900 7520 4904
3 4900 6073 7520
3 5202 4901 9873
3 5202 10050 4901
3 5770 4919 4902
3 9187 4902 4919
3 5524 8871 4902
3 5524 4902 9187
3 4903 8017 4914
3 4903 9620 8017
3 4903 10354 9620
3 4961 4904 4956
3 4956 4904 7520
3 5122 5268 4905
3 4905 5268 5802
3 4988 4907 6931
3 4988 8429 4907
3 9570 4908 7555
3 9558 4908 9559
3 9559 4908 9570
3 7528 4910 7490
3 7522 4910 7528
3 7522 9249 4910
3 7705 4922 4911
3 4922 7944 4911
3 6169 4911 7944
3 9617 4911 6169
3 7705 4911 7159
3 9617 7159 4911
3 9808 8469 4913
3 9248 9220 4913
3 9220 9808 4913
3 9249 9248 4913
3 8017 6485 4914
3 8158 5473 4915
3 4916 9023 6866
3 8174 9023 4916
3 5101 10501 4917
3 5101 4917 10525
3 10480 4917 10501
3 10525 4917 10520
3 6141 4919 4918
3 10286 6141 4918
3 9187 4919 6141
3 4922 6181 4920
3 9479 4922 4920
3 4920 6181 8411
3 4947 4921 5991
3 7705 6181 4922
3 4922 10510 7944
3 9479 10510 4922
3 6263 6262 4924
3 6263 4924 6267
3 4924 6269 6267
3 4925 4927 10126
3 7820 7911 4926
3 4926 7968 7820
3 9338 4930 4928
3 4928 4930 9825
3 4928 9249 7522
3 9338 4928 7522
3 4928 9248 9249
3 4928 9825 9248
3 9336 9342 4930
3 9342 9825 4930
3 6658 4931 10790
3 8060 6766 4931
3 4931 6766 10134
3 4931 10134 10790
3 11257 4932 9656
3 9656 4932 11262
3 10528 10442 4932
3 11262 4932 10442
3 8971 4933 5361
3 11050 4933 6563
3 4934 5209 5062
3 4935 7773 9114
3 4938 8265 8282
3 5037 5099 4939
3 4939 5099 5111
3 5415 4939 5111
3 11190 4939 5415
3 4940 4950 4953
3 4940 4954 4950
3 4940 4953 10305
3 4940 4956 4954
3 4940 10301 4956
3 5014 6489 4941
3 5014 4941 11308
3 9237 7547 4942
3 4946 4953 4949
3 10305 4953 4946
3 8799 10305 4946
3 4947 5991 5988
3 6039 4947 5988
3 4948 7272 9430
3 9265 4948 9430
3 4949 4953 4950
3 6316 4949 4950
3 7658 4949 6316
3 4950 4954 4965
3 6316 4950 4965
3 5152 4951 9140
3 4952 5000 4966
3 4954 6556 4965
3 4961 4956 10301
3 6593 8684 4957
3 9539 4958 8490
3 9784 4959 5632
3 7844 4959 7794
3 7794 4959 9784
3 6183 8484 4960
3 4960 8484 9344
3 4961 10301 7471
3 4962 5016 5008
3 4962 5008 7473
3 4962 7468 5016
3 4972 5119 4963
3 4972 4963 10092
3 10092 4963 5569
3 4963 10379 5569
3 5558 5722 4964
3 5931 4966 11123
3 6476 10734 4967
3 4968 5979 9795
3 4968 7744 7750
3 4968 7755 7744
3 4968 9795 7755
3 6263 6267 4969
3 5045 4970 5044
3 7193 5044 4970
3 5046 4970 5045
3 5046 6106 4970
3 4971 5021 9795
3 4971 10651 5021
3 4971 9795 5979
3 4971 8904 10651
3 4972 8900 5119
3 4972 5555 8900
3 4972 9100 5555
3 4972 10092 9100
3 8138 4973 8209
3 4974 6273 8150
3 9083 4974 8150
3 5158 8059 4975
3 4976 9072 9268
3 4977 10979 4989
3 4977 10968 10979
3 4978 7623 4989
3 4978 4989 10979
3 4978 10975 7623
3 4978 10979 8854
3 4979 6740 8151
3 10227 6740 4979
3 4979 8151 8190
3 10227 4979 10661
3 4980 8114 10374
3 9638 8986 4980
3 10009 4980 8986
3 9638 4980 10374
3 7826 4981 7452
3 7826 11184 4981
3 11184 8829 4981
3 11202 4981 8829
3 5028 4982 10344
3 4982 10086 5569
3 4982 5569 10379
3 4982 7025 10086
3 4982 10379 10344
3 4983 6158 6731
3 10403 6158 4983
3 7603 4983 6731
3 10385 7563 4983
3 10403 4983 7563
3 10385 4983 7603
3 9845 4984 9067
3 9174 4984 9845
3 6001 6000 4985
3 6011 4985 6000
3 6001 4985 10549
3 6688 4986 6620
3 10896 4987 6580
3 10896 10864 4987
3 4988 8425 5039
3 4988 5039 8429
3 4988 6931 6891
3 4988 6891 8425
3 4989 7623 6618
3 5760 5547 4990
3 4991 5016 7468
3 4992 5022 5647
3 6174 5022 4992
3 4992 5647 6533
3 6174 4992 6584
3 7554 7533 4993
3 7533 8301 4993
3 4994 6320 9117
3 4994 11182 6320
3 6347 4994 10131
3 4994 9117 10131
3 4995 5047 5937
3 4995 6057 5047
3 9740 5302 4996
3 9740 4996 9709
3 8819 4997 8800
3 8037 7602 4998
3 8039 4998 7602
3 8037 4998 10155
3 10155 4998 10151
3 5392 6116 4999
3 5392 4999 6528
3 4999 6162 5477
3 8697 4999 5477
3 6116 6162 4999
3 6197 5001 5797
3 5001 6197 6198
3 5288 5002 5428
3 5288 8885 5002
3 9725 5428 5002
3 9725 5002 8838
3 5006 5003 5004
3 5004 5003 7562
3 6584 5005 6486
3 5006 5724 6078
3 8790 5007 6966
3 5008 5016 5026
3 5008 5026 5023
3 5008 5023 8371
3 5008 8371 7473
3 5013 5012 5078
3 5012 5989 5078
3 7202 5013 5078
3 5013 5531 5539
3 7202 5531 5013
3 5014 10836 6489
3 5014 7614 11223
3 5014 11308 7614
3 5014 11223 10836
3 5017 9379 8371
3 10952 5017 8371
3 5017 9377 8458
3 5017 8458 9379
3 5017 9376 9377
3 10952 9376 5017
3 5169 5018 5611
3 5169 7016 5018
3 5996 5018 5599
3 7016 5599 5018
3 5025 5019 5481
3 5025 7254 5019
3 5030 5481 5019
3 5030 5019 5731
3 5348 5019 5352
3 5019 5348 5731
3 7254 5352 5019
3 5232 5020 9534
3 5232 9696 5020
3 8650 8948 5020
3 9510 8650 5020
3 9534 5020 8948
3 9510 5020 9696
3 5887 5021 10651
3 6174 5644 5022
3 6187 5022 5644
3 5023 8448 8371
3 5024 9530 9517
3 5025 5481 7202
3 7262 7254 5025
3 5025 9847 7262
3 5485 5027 8962
3 5485 10624 5027
3 5027 7885 7100
3 5027 7100 8962
3 5027 7195 7885
3 5027 10624 7195
3 5029 6308 6340
3 5029 6340 8090
3 5029 8090 6666
3 5029 6666 10410
3 5031 6989 6988
3 6224 7311 5032
3 5190 5033 5192
3 8111 5192 5033
3 5368 5316 5033
3 8111 5033 5316
3 5368 5033 7111
3 5115 5088 5034
3 5345 6964 5034
3 5035 5185 5338
3 5035 7111 5185
3 5334 5035 5338
3 5334 5357 5035
3 5367 5035 5357
3 5035 5367 7111
3 5036 7474 6962
3 5037 5125 5099
3 5856 5038 5040
3 8540 5040 5038
3 8132 5039 8425
3 8132 8426 5039
3 5039 8426 11329
3 5039 11329 8429
3 5856 5040 5161
3 8540 7933 5040
3 5059 5069 5042
3 7179 5042 5069
3 5043 5053 5048
3 5043 5063 5053
3 5045 5044 5052
3 5076 5052 5044
3 5076 5044 5074
3 7193 5074 5044
3 5046 5045 5314
3 5050 5045 5052
3 5050 5311 5045
3 5045 5311 5314
3 5046 5314 5294
3 5793 5937 5047
3 6057 6043 5047
3 7117 5049 5150
3 9113 5150 5049
3 9113 5049 5273
3 9116 5273 5049
3 7117 7234 5049
3 7234 9253 5049
3 9116 5049 9253
3 5050 5052 7789
3 5307 5311 5050
3 5307 5050 8437
3 5050 7789 7793
3 5050 7793 8437
3 5076 5069 5052
3 7789 5052 5069
3 5077 5057 5054
3 5054 5057 7929
3 5077 5054 10753
3 8540 5054 7929
3 5056 10159 5162
3 5056 5165 10159
3 8869 5058 10807
3 7112 7109 5061
3 10462 5061 7109
3 5209 5824 5062
3 6286 5251 5062
3 6286 5062 5824
3 9234 5063 9235
3 5141 7555 5064
3 5141 5064 11116
3 5065 6457 10873
3 5571 5068 5066
3 10094 5066 5068
3 7029 7028 5066
3 7028 8034 5066
3 7029 5066 10094
3 5941 5067 8864
3 5941 8874 5067
3 10826 8864 5067
3 8875 5067 8874
3 8875 10827 5067
3 10827 10826 5067
3 5538 5555 5068
3 5538 5068 5573
3 5555 10094 5068
3 5571 5573 5068
3 5076 7179 5069
3 8326 8026 5070
3 8026 8617 5070
3 8326 5070 8772
3 5070 8617 8613
3 5071 10159 5165
3 10637 10581 5072
3 5073 5091 5079
3 6223 5073 5079
3 5073 6981 5091
3 6223 5921 5073
3 5076 5074 10753
3 7193 5077 5074
3 5077 10753 5074
3 5087 5075 5140
3 5087 8857 5075
3 8869 5140 5075
3 8870 5075 8857
3 8870 8869 5075
3 5076 10753 7179
3 5082 5592 9766
3 5082 7369 7101
3 5082 7101 8672
3 5082 9766 7369
3 5083 6097 6800
3 5084 7339 7568
3 5084 7568 7570
3 5085 6524 6127
3 5085 6127 9097
3 5085 6512 6524
3 10409 6512 5085
3 6546 5085 9097
3 6546 10409 5085
3 8874 5087 5140
3 5115 5090 5088
3 7287 5088 5090
3 5088 7287 5387
3 5092 9370 9360
3 9875 5092 9360
3 9876 9370 5092
3 6105 5175 5093
3 5093 5175 9696
3 5232 8501 5093
3 5232 5093 9696
3 6105 5093 8480
3 5093 8501 8480
3 5094 8036 5186
3 5095 7567 7339
3 9834 7567 5095
3 5095 7585 9834
3 6593 5096 8684
3 6593 10170 5096
3 7811 5096 8018
3 7811 8684 5096
3 5604 5097 10286
3 10286 5097 6919
3 5111 5099 7976
3 5100 5277 5387
3 5100 5387 7404
3 8740 5101 10525
3 5942 5103 5585
3 7926 5585 5103
3 5942 6619 5103
3 6619 8835 5103
3 8850 7926 5103
3 8850 5103 8835
3 5104 7448 11301
3 5105 5292 5290
3 10727 5105 5290
3 5106 5583 7926
3 5106 7926 8850
3 5107 5130 7448
3 5107 8517 5130
3 5108 8896 10030
3 5109 7448 5130
3 5109 5693 6652
3 5109 6652 11301
3 5109 11301 7448
3 9000 5111 7976
3 5112 5113 7308
3 10071 9922 5116
3 10071 5116 10096
3 5118 7590 7651
3 5119 8900 10757
3 5364 5120 5667
3 7651 5120 5364
3 7651 7590 5120
3 9512 7508 5121
3 10328 5121 9319
3 10328 9512 5121
3 10300 9898 5122
3 5123 7027 7001
3 5123 7001 8509
3 9741 5123 7021
3 9646 7027 5123
3 9741 9646 5123
3 7007 7027 5126
3 7027 7063 5126
3 5126 7063 9911
3 11228 5127 8654
3 5128 7377 6888
3 5128 7390 7377
3 5128 10608 7390
3 10850 5814 5131
3 8096 11127 5132
3 5132 11127 9022
3 7788 6128 5133
3 9797 7443 5134
3 7443 9836 5134
3 9797 5134 9828
3 9828 5134 9844
3 5134 9836 9841
3 5134 9841 9844
3 5136 5155 7433
3 5136 9194 5155
3 5136 7433 9207
3 5136 9207 9482
3 5208 7110 5137
3 5144 5139 5143
3 5512 9601 5139
3 8869 10807 5140
3 8875 8874 5140
3 5392 5141 6116
3 5392 7555 5141
3 5141 7558 6116
3 5141 11116 7558
3 5145 5629 10155
3 5145 10151 10095
3 5145 10155 10151
3 7056 5146 6055
3 6235 5146 7630
3 7056 7662 5146
3 5146 7662 7630
3 5149 10070 9793
3 7117 5150 7118
3 9182 7118 5150
3 9103 8547 5150
3 9182 5150 8547
3 9103 5150 9113
3 10095 5162 5151
3 10159 5151 5162
3 9985 9992 5151
3 10095 5151 9992
3 8534 5154 5153
3 5272 5164 5155
3 5164 9200 5155
3 5272 5155 9194
3 9200 7433 5155
3 5157 8499 5457
3 5157 5807 9679
3 5157 9645 8499
3 5157 9679 9645
3 5341 5158 5949
3 5341 8059 5158
3 5158 5969 5949
3 5159 7933 7934
3 6569 5160 6640
3 7609 6640 5160
3 8005 5856 5161
3 10095 10151 5162
3 5178 5632 5163
3 9164 5164 5272
3 9167 6408 5164
3 5164 6408 9200
3 9164 8520 5164
3 9167 5164 8520
3 5166 5402 5391
3 5174 7284 5167
3 9164 5174 5167
3 5167 7284 7066
3 5167 7066 8520
3 9164 5167 8520
3 6458 6711 5171
3 5174 5200 7284
3 8950 5200 5174
3 9128 8950 5174
3 9164 9128 5174
3 5835 5175 5774
3 6105 5774 5175
3 5835 9502 5175
3 9510 5175 9502
3 9510 9696 5175
3 5176 7797 7329
3 5179 5177 7321
3 7883 5177 5179
3 5178 5461 5813
3 5178 5813 5632
3 5330 5180 5480
3 7416 5180 5330
3 5180 7316 5480
3 7297 7350 5180
3 5180 7416 7297
3 7316 5180 7350
3 6224 5181 7311
3 5181 8551 7311
3 5181 8532 8551
3 5182 7135 7833
3 5183 9245 5233
3 7781 5183 7444
3 5183 8334 7444
3 7781 9245 5183
3 5186 5184 5194
3 5184 5186 8036
3 5190 5189 5184
3 5189 5194 5184
3 5338 5185 6964
3 5187 5817 6796
3 5187 6796 6924
3 6468 5188 6516
3 6468 8276 5188
3 6521 6516 5188
3 6521 5188 8261
3 5188 8254 8261
3 8276 8254 5188
3 5190 6217 5189
3 5189 6217 5824
3 5190 5192 6217
3 5191 6520 10270
3 9246 5191 10270
3 5192 6484 6217
3 8111 6484 5192
3 5218 5196 5197
3 5218 5199 5196
3 5199 5243 5196
3 5243 5225 5196
3 5249 5218 5197
3 5249 5197 5251
3 5251 5197 5250
3 5200 5198 7284
3 5200 10994 5198
3 5198 7079 7284
3 5198 9129 7079
3 5198 7290 9129
3 5198 10994 7290
3 5236 5199 5217
3 8043 5217 5199
3 8043 5199 5218
3 5236 5267 5199
3 5267 5243 5199
3 8420 5200 8828
3 8420 10994 5200
3 8950 8828 5200
3 5202 9873 9975
3 5203 7066 7284
3 5203 9172 7066
3 5203 7079 7072
3 5203 7072 9131
3 5203 7284 7079
3 5203 9131 9172
3 5205 8215 7544
3 5205 9397 9389
3 6513 5207 6509
3 8287 8366 5211
3 5211 8366 8924
3 5212 5334 5338
3 5338 5345 5212
3 7487 5213 7743
3 7743 5213 11288
3 5213 11284 11286
3 5213 11286 11288
3 5537 5435 5214
3 7094 5214 5435
3 5537 5214 5441
3 5441 5214 7090
3 7102 7090 5214
3 7102 5214 7094
3 9103 5261 5215
3 5249 5216 5218
3 8043 5218 5216
3 8043 5216 5220
3 8111 5220 5216
3 5249 6484 5216
3 8111 5216 6484
3 5236 5217 5234
3 5228 5219 5229
3 5228 8828 5219
3 5219 5231 5229
3 9144 5231 5219
3 9150 5219 8828
3 9144 5219 9150
3 8111 5316 5220
3 6203 10536 5222
3 5224 6990 11233
3 5224 11233 8304
3 5225 5243 5266
3 7282 5228 5229
3 7282 7283 5228
3 8420 5228 7283
3 8420 8828 5228
3 9161 5229 5231
3 5230 6895 6915
3 5230 10511 6895
3 10532 5230 6915
3 5230 10530 10511
3 5230 10548 10530
3 5230 10532 10548
3 5231 9144 9045
3 9045 9212 5231
3 9161 5231 9212
3 7764 5233 9245
3 5236 5234 6555
3 6499 6555 5234
3 5235 9034 7131
3 5235 7734 9034
3 5236 6555 5267
3 5238 5301 5638
3 5241 6063 5745
3 5241 5745 7719
3 5241 8704 6063
3 5241 7719 7834
3 5356 6878 5242
3 6432 5242 6878
3 5266 5243 8241
3 5267 8241 5243
3 5255 5244 5246
3 5255 5265 5244
3 5322 5312 5245
3 6286 5249 5251
3 6286 6484 5249
3 5257 5250 7908
3 7095 7115 5253
3 7095 5253 7245
3 7115 9747 5253
3 7292 7245 5253
3 7292 5253 9745
3 9747 9745 5253
3 5388 5299 5254
3 10727 5256 8930
3 5257 7908 5260
3 5259 6896 6887
3 5259 6887 6991
3 5259 10558 6896
3 9103 9113 5261
3 5830 5262 5890
3 10854 5890 5262
3 10854 5262 10859
3 5263 7351 7673
3 11086 9960 5263
3 7062 7106 5264
3 7062 5264 8405
3 5267 6555 7173
3 5267 7173 8241
3 5268 5819 5802
3 5268 8281 5819
3 5269 6558 6134
3 10815 5270 5293
3 5271 6857 6193
3 5271 10776 6857
3 9147 9128 5272
3 9164 5272 9128
3 9147 5272 9194
3 5274 6840 5476
3 5274 5476 9019
3 5274 7268 6840
3 5274 9120 7268
3 5274 9019 9405
3 5274 9404 9120
3 5274 9405 9404
3 5275 6124 5295
3 6126 5275 5295
3 6128 6124 5275
3 6131 5275 6126
3 11283 6128 5275
3 11283 5275 6131
3 5276 5642 5695
3 5276 5695 9786
3 5276 7093 9251
3 5276 9786 7093
3 9576 9573 5278
3 7231 5279 6977
3 5279 7231 10128
3 7823 5280 8406
3 5290 5289 5282
3 9970 6246 5283
3 9970 5283 11256
3 7271 5284 5285
3 7920 5292 5284
3 7263 7279 5285
3 7271 5285 7279
3 7637 5291 5286
3 5291 10786 5286
3 7637 5286 5517
3 9995 5517 5286
3 9995 5286 5527
3 5286 10786 5527
3 5287 5939 5934
3 5287 5934 7514
3 5287 8097 5939
3 5287 7514 7597
3 5287 7597 8097
3 6447 5288 5428
3 6447 10948 5288
3 5292 5289 5290
3 7920 5289 5292
3 7920 8311 5289
3 7384 5291 7637
3 5314 7147 5294
3 6160 5295 6048
3 10917 6048 5295
3 10917 5295 6124
3 6160 6126 5295
3 9791 6954 5297
3 7217 5297 9786
3 7217 9791 5297
3 9257 9786 5297
3 7384 7637 5298
3 7384 5298 9204
3 8626 5298 7637
3 8634 5298 8626
3 5388 5403 5299
3 5403 6404 5299
3 8432 5646 5300
3 5639 5638 5301
3 5641 5639 5301
3 5641 5301 5646
3 9580 5310 5303
3 9390 5305 10216
3 5307 8439 8355
3 5307 8437 8439
3 5308 9969 6700
3 5308 9415 6986
3 5308 6986 9969
3 5317 5329 5309
3 5317 5309 9189
3 5329 10392 5309
3 9182 5309 7118
3 5309 10392 7118
3 9182 9189 5309
3 9580 5313 5310
3 11305 5310 5313
3 5322 5407 5312
3 9580 9340 5313
3 5368 5369 5316
3 7364 5329 5317
3 5318 5367 5352
3 5352 7254 5318
3 5367 5318 5368
3 5368 5318 5369
3 10659 10472 5319
3 10659 5319 10660
3 5320 5993 6608
3 5320 9909 5993
3 5321 6259 5743
3 5321 6258 8493
3 6188 5323 8810
3 8810 5323 6254
3 5324 5948 7876
3 5325 5384 5327
3 5325 7156 5384
3 5325 10303 7156
3 10120 5456 5326
3 5879 5326 7410
3 5879 10120 5326
3 5327 5384 7105
3 5378 5329 5376
3 7364 5376 5329
3 5378 10392 5329
3 5330 5480 6038
3 5330 5828 5823
3 7416 5330 5823
3 5330 6038 5828
3 5332 5336 9047
3 5378 5376 5332
3 5378 5332 5916
3 5916 5332 9047
3 6993 5333 5576
3 6993 10465 5333
3 5335 10765 7253
3 5335 9340 7542
3 9482 9047 5336
3 8333 6032 5337
3 11236 8333 5337
3 5345 5338 6964
3 9076 5344 5339
3 6044 8550 5339
3 9076 5339 8550
3 5341 5949 5507
3 5341 5507 6836
3 5341 6836 5541
3 5341 5541 8059
3 10665 7051 5343
3 10673 10665 5343
3 5347 9075 5346
3 10387 5347 5346
3 9075 6044 5346
3 10387 5346 9773
3 5347 10380 9075
3 5347 9943 10382
3 10387 9943 5347
3 5347 10382 10380
3 5352 5357 5348
3 5709 5349 7675
3 5709 8345 5349
3 5349 5736 6048
3 8345 5736 5349
3 10916 5349 6048
3 10916 7675 5349
3 5357 5352 5367
3 5353 9516 9520
3 5353 9529 9516
3 5353 9532 9529
3 6709 5840 5358
3 9341 6709 5358
3 5881 5359 5365
3 5914 5464 5359
3 5464 11139 5359
3 5914 5359 5881
3 11098 10160 5360
3 8971 5361 6545
3 5362 7523 8326
3 5362 8326 8772
3 5363 5383 5385
3 7774 5383 5363
3 7084 5363 5385
3 5373 5366 5381
3 5373 5412 5366
3 5366 5438 5381
3 9059 5366 5412
3 5366 9061 5438
3 5366 9059 9061
3 5367 5368 7111
3 5370 5967 5386
3 5370 5386 11220
3 5370 7069 5967
3 7084 7069 5370
3 8892 8838 5371
3 10646 5371 8838
3 5371 8891 8892
3 9033 5373 5381
3 5373 7003 5412
3 5373 5450 7003
3 9033 5450 5373
3 5374 7504 9495
3 7918 8524 5374
3 7918 5374 9495
3 5375 7918 6606
3 5375 8524 7918
3 10500 5377 7229
3 5377 8035 8042
3 5377 10582 8035
3 10500 10582 5377
3 5419 5378 5916
3 5419 10392 5378
3 10226 5379 10570
3 9055 5381 5393
3 9057 5393 5381
3 5438 9057 5381
3 9033 5381 9055
3 5382 7105 5384
3 7105 5382 6013
3 7074 5385 5383
3 7074 5383 10368
3 7774 10364 5383
3 10368 5383 10364
3 7084 5385 7069
3 5386 5967 5485
3 5386 5485 8962
3 5386 8962 8405
3 5386 8405 11220
3 5387 7287 7404
3 5388 6388 5403
3 5389 5390 7385
3 5389 7385 7374
3 5389 7374 7667
3 5389 7667 11208
3 5389 11208 11232
3 7355 5823 5390
3 7357 5390 5823
3 7357 7385 5390
3 11247 10366 5391
3 5392 6528 9570
3 5392 9570 7555
3 9045 5393 9057
3 9045 9216 5393
3 9055 5393 9216
3 7507 9287 5396
3 7636 7523 5396
3 7636 5396 9287
3 6886 5400 5397
3 5400 8026 5397
3 6886 5397 10602
3 7636 5397 7523
3 8326 7523 5397
3 10602 5397 7636
3 8326 5397 8026
3 7024 7042 5398
3 7024 5398 7055
3 7042 7043 5398
3 7107 7152 5399
3 6886 8370 5400
3 10592 8026 5400
3 8370 10483 5400
3 10592 5400 10483
3 5403 6388 6392
3 5403 6392 6404
3 5405 8201 5410
3 5453 5406 5675
3 5453 7032 5406
3 5406 7032 8186
3 7791 5408 7498
3 7498 5408 8098
3 8172 8098 5408
3 10566 5409 5436
3 6456 6455 5409
3 10566 6456 5409
3 8201 8202 5410
3 8202 9614 5410
3 9063 9788 5411
3 9916 9063 5411
3 5412 7003 9297
3 5412 9300 9059
3 5412 9297 9300
3 6984 5416 7004
3 5423 5417 6506
3 5423 6510 5417
3 6506 5417 6509
3 6513 6509 5417
3 10396 5417 6510
3 10396 6513 5417
3 5418 5570 6493
3 5418 10080 5570
3 5418 9543 10080
3 5418 10426 9543
3 5419 5695 5642
3 5419 5642 10392
3 5419 5976 5695
3 5419 5916 5976
3 5422 5420 8589
3 5420 5855 8589
3 10494 5855 5420
3 10494 5420 10468
3 5422 8589 5421
3 5421 8589 10467
3 8914 5421 9010
3 5421 10467 9010
3 5423 5675 5753
3 5423 6506 5675
3 5423 5753 10983
3 5423 10983 6510
3 5432 5424 5433
3 5432 6515 5424
3 6515 7274 5424
3 7274 10550 5424
3 8181 5425 10193
3 8181 11012 5425
3 5425 11012 10055
3 5425 10189 10193
3 10084 10085 5426
3 5427 10880 6365
3 5427 7513 10880
3 5961 5428 9725
3 6447 5428 8882
3 8776 5429 5885
3 10082 5885 5429
3 7672 10533 5429
3 10082 5429 10533
3 5430 6836 5507
3 5430 6719 6721
3 5430 11139 6836
3 7569 5431 8920
3 8920 5431 9746
3 5432 5433 5818
3 5432 5818 5529
3 5432 5529 7925
3 5432 7925 6515
3 5818 5433 8710
3 9583 8710 5433
3 5848 5434 5849
3 5848 8307 5434
3 5849 5434 10557
3 8307 8367 5434
3 7120 5435 5537
3 5437 9858 8287
3 5437 8287 10140
3 5437 10140 8378
3 8914 9858 5437
3 9061 7650 5438
3 8391 6277 5439
3 9756 5439 6277
3 5439 9756 9895
3 9895 9909 5439
3 5440 8532 10546
3 5440 11285 10415
3 5440 10546 11285
3 5537 5441 8707
3 5441 7090 7157
3 9918 5441 7157
3 9918 8707 5441
3 5442 6753 6982
3 5442 8418 6753
3 5443 7650 9061
3 9336 5443 9061
3 5772 5444 8157
3 5772 8767 5444
3 5444 8720 8157
3 5444 8727 8720
3 5444 8767 9125
3 6581 7423 5445
3 7431 6695 5445
3 7423 7754 5445
3 7431 5445 7754
3 5446 7353 7987
3 5446 8387 7353
3 5446 7987 7943
3 8353 5446 7943
3 8353 8389 5446
3 5446 8389 8387
3 5448 5459 5450
3 6068 5448 5450
3 5448 5454 5459
3 6068 8607 5448
3 7446 5449 5451
3 7446 5452 5449
3 7493 5449 5452
3 5450 5459 7003
3 9033 6068 5450
3 7431 7446 5451
3 7431 5451 7472
3 7446 10895 5452
3 5453 5675 6506
3 6507 6456 5453
3 5453 6456 7032
3 6507 5453 6506
3 6849 5459 5454
3 6849 5454 7917
3 7264 7917 5454
3 9861 5514 5455
3 7791 8998 5455
3 10185 5455 8998
3 9861 5455 10185
3 6754 5457 8499
3 5458 7646 6482
3 5458 6482 10186
3 11148 7646 5458
3 6849 5472 5459
3 5459 5472 7003
3 6515 5460 5630
3 5794 5460 7925
3 10850 5460 5794
3 7925 5460 6515
3 10850 10919 5460
3 9083 5813 5461
3 5462 5753 5602
3 5462 5602 11087
3 5462 10983 5753
3 5462 7189 10983
3 5462 11083 7189
3 5462 11087 11083
3 6641 5463 6733
3 6641 7373 5463
3 5463 7827 6733
3 5463 7373 10297
3 5463 9607 7827
3 5463 10297 9607
3 5914 11140 5464
3 5464 11140 7280
3 11145 5464 7280
3 5467 5465 5468
3 5465 5467 7537
3 5465 7530 5468
3 7082 5465 7371
3 7082 7530 5465
3 5465 7537 7371
3 6379 6413 5466
3 6379 5466 9708
3 5466 8489 6415
3 5466 6415 9708
3 7416 5467 5468
3 7108 5467 7355
3 5467 7108 7537
3 5467 7416 7355
3 7297 5468 5471
3 7530 5471 5468
3 5468 7297 7416
3 6293 5474 5469
3 7917 6293 5469
3 6849 5469 6869
3 6849 7917 5469
3 7261 5471 7224
3 7224 5471 7530
3 7225 5471 7261
3 5471 7225 7297
3 6299 5472 6869
3 6299 9297 5472
3 6849 6869 5472
3 7003 5472 9297
3 6293 5475 5474
3 9278 5474 5475
3 9280 5474 9278
3 6293 9353 5475
3 5475 9353 9026
3 5479 5476 6840
3 9027 5476 5479
3 5476 6669 9019
3 5476 9027 6669
3 5477 6162 6540
3 6531 5477 6540
3 5478 5483 8593
3 5479 6359 6813
3 5479 6840 6359
3 5479 6813 7315
3 7315 9027 5479
3 5785 6038 5480
3 10429 5785 5480
3 6898 5480 7316
3 6898 10429 5480
3 7202 5481 5531
3 5650 5482 7712
3 8238 5482 5650
3 9110 7712 5482
3 8238 8240 5482
3 9110 5482 8240
3 5674 8593 5483
3 5699 5484 5486
3 5485 5967 10624
3 9031 5487 9266
3 6103 6101 5489
3 5489 6101 6117
3 6103 5489 7324
3 5489 6117 6265
3 6472 5490 5509
3 5490 6566 5509
3 11268 5491 5553
3 5492 6930 8831
3 5492 10872 6930
3 6974 5492 8831
3 6974 8860 5492
3 8860 10872 5492
3 10080 5493 6497
3 5493 7134 8809
3 5493 9385 7134
3 10080 9385 5493
3 6264 5494 6453
3 6264 7137 5494
3 5494 6346 6453
3 5501 8710 5495
3 5501 5495 8713
3 9583 5495 8710
3 8713 5495 9090
3 5513 5510 5496
3 5510 5523 5496
3 5513 5496 9009
3 9012 5496 5523
3 9819 9724 5497
3 7311 8551 5500
3 8559 5500 8551
3 7715 5501 7701
3 5501 8713 7701
3 7713 5501 7715
3 7713 8710 5501
3 10238 5502 5815
3 10238 11320 5502
3 7125 5505 5518
3 8748 5505 7125
3 10134 5505 8748
3 5582 5506 5564
3 5506 9108 5564
3 5506 5588 7699
3 5506 7699 7698
3 5506 7698 9108
3 5949 6002 5507
3 8331 5508 5551
3 5709 7675 5508
3 5891 6565 5509
3 6566 5891 5509
3 6472 5509 6019
3 6019 5509 6591
3 6591 5509 6565
3 5513 7862 5510
3 5510 5526 5523
3 5510 9792 5526
3 5510 7862 9792
3 5511 7956 6190
3 5511 8832 7956
3 5513 9009 5556
3 6824 5514 9861
3 5631 5608 5515
3 9078 9136 5516
3 9078 5516 9494
3 8626 7637 5517
3 8626 5517 7834
3 5518 5528 5519
3 7125 5518 5519
3 5528 10099 5519
3 7125 5519 10556
3 5520 5932 5535
3 5520 5535 11308
3 5520 7146 5932
3 5520 7134 7146
3 5522 7077 5654
3 5542 5523 5526
3 5524 7418 8871
3 5524 9187 7878
3 5863 5525 9979
3 10317 5525 8372
3 10314 9979 5525
3 10317 10314 5525
3 5542 5526 7233
3 7233 5526 9791
3 5526 9792 9791
3 9995 5527 8537
3 10786 10550 5527
3 5528 5554 10099
3 5805 5794 5529
3 5529 5794 7925
3 5805 5529 5803
3 7709 5803 5529
3 7709 5529 5818
3 6967 5544 5530
3 5544 8963 5530
3 5530 8963 6716
3 5530 6716 11173
3 6967 5530 10872
3 5530 11173 10872
3 5996 5539 5531
3 5572 5532 9472
3 5572 10438 5532
3 5532 5765 9472
3 5536 5565 5533
3 5536 5533 6956
3 5533 5565 9035
3 5533 9035 5596
3 5533 5596 9343
3 5533 9343 6956
3 9366 9394 5534
3 9366 5534 9529
3 9394 11131 5534
3 9516 5534 9473
3 9473 5534 11131
3 9516 9529 5534
3 5535 5932 6079
3 5535 6079 8403
3 5535 8403 11308
3 5536 5559 5560
3 5536 6958 5559
3 5536 5560 5565
3 5536 6956 6958
3 7120 5537 9689
3 5537 8707 9689
3 5538 5552 8900
3 5538 9079 5552
3 5538 8900 5555
3 5538 5573 5574
3 5538 5574 9079
3 9152 5543 5548
3 5543 10265 5548
3 6837 10265 5543
3 10158 5543 9152
3 10538 5543 10158
3 6967 6935 5544
3 5544 6937 8963
3 8973 9594 5545
3 5546 6380 9029
3 10028 5547 5760
3 10028 11240 5547
3 6958 9152 5548
3 5548 10284 6958
3 5548 10265 10273
3 5548 10273 10284
3 6099 5561 5549
3 5549 5561 7227
3 6328 6099 5549
3 6328 5549 8352
3 8352 5549 7227
3 6166 6167 5551
3 6167 8331 5551
3 5552 5565 8843
3 5552 9035 5565
3 5552 8843 8900
3 5552 9079 9035
3 5555 9100 10094
3 5559 6960 5560
3 5559 6958 10284
3 5559 8544 6960
3 5559 10284 8544
3 5560 8843 5565
3 5562 7640 9450
3 5562 10752 7640
3 10409 5563 5697
3 6546 5563 10409
3 5582 5564 7334
3 5600 5564 9090
3 9204 5564 5600
3 9204 7334 5564
3 5564 9108 9090
3 5567 7345 6091
3 5567 7064 7341
3 5567 7341 7345
3 5569 10086 10088
3 10092 5569 10088
3 5570 6497 5900
3 6539 5570 5900
3 6539 6493 5570
3 10080 6497 5570
3 5572 8590 8390
3 5572 8390 9475
3 5572 9472 8590
3 5572 9475 10438
3 5574 5573 9265
3 5574 5590 5594
3 5574 9265 5590
3 9079 5574 5594
3 10332 5847 5575
3 9783 10398 5577
3 9783 5577 10399
3 10362 10358 5577
3 10362 5577 10398
3 6539 5580 5578
3 11129 5578 5580
3 6539 5578 6493
3 5579 5589 5596
3 9294 5589 5579
3 5579 5594 5590
3 9322 5579 5590
3 5579 5596 5594
3 9294 5579 9322
3 5660 5580 5610
3 5580 6539 5610
3 5648 5580 5660
3 5648 11129 5580
3 5773 5581 5623
3 7470 5623 5581
3 5773 5649 5581
3 5649 9312 5581
3 8894 5581 6389
3 5581 9312 6389
3 7470 5581 8894
3 5583 9294 7926
3 5583 9335 9294
3 7888 5584 5593
3 10257 5584 7888
3 10235 5584 10257
3 8630 5942 5585
3 7926 9294 5585
3 9322 8630 5585
3 9294 9322 5585
3 7444 5620 5586
3 7781 7444 5586
3 8570 5588 9609
3 9343 5596 5589
3 9335 5589 9294
3 5590 9265 9430
3 9322 5590 9430
3 6762 5591 11035
3 9965 5591 8988
3 9965 11035 5591
3 5592 6312 10068
3 10068 9766 5592
3 10399 7888 5593
3 9783 10399 5593
3 9035 5594 5596
3 9079 5594 9035
3 9152 6956 5595
3 6956 9343 5595
3 10158 9152 5595
3 8714 5597 6626
3 7384 9204 5600
3 9341 5601 6709
3 9286 11087 5602
3 5605 9231 9232
3 5631 5606 5608
3 5631 5841 5606
3 6082 5606 5841
3 6082 5968 5606
3 8015 10708 5607
3 6182 6763 5609
3 5833 5610 5640
3 5610 5900 5640
3 5660 5610 5833
3 6539 5900 5610
3 5612 5933 6059
3 5612 7407 5933
3 5612 6059 11321
3 11300 5612 11321
3 6746 5614 6075
3 6749 6075 5614
3 6746 8237 5614
3 6749 5614 7200
3 9148 7200 5614
3 9433 5616 6402
3 9521 6475 5616
3 6475 10194 5616
3 9433 9521 5616
3 6358 5617 8967
3 8965 8967 5617
3 7274 5630 5619
3 6151 8610 5619
3 5620 8330 9264
3 5676 5622 5653
3 5653 5622 9513
3 5622 6453 9513
3 5773 5623 10575
3 5934 6249 5623
3 7470 5934 5623
3 6249 10575 5623
3 5624 6568 6656
3 6883 6568 5624
3 7033 5624 6656
3 6883 5624 6889
3 5624 8672 6889
3 7033 8672 5624
3 6197 5797 5625
3 6197 5625 8271
3 5625 8302 8271
3 7058 5626 7182
3 7344 5626 7058
3 7688 5705 5628
3 9086 5628 5705
3 7688 5628 5845
3 8037 5629 10047
3 8037 10155 5629
3 6515 5630 7274
3 5813 9784 5632
3 5636 5638 5633
3 9445 5633 5638
3 7575 5634 10613
3 8379 5671 5635
3 5635 5671 9223
3 6119 5635 9429
3 5635 9223 9429
3 6993 5637 8162
3 8038 7922 5637
3 8162 5637 7922
3 5639 9445 5638
3 5641 5678 5639
3 5833 5640 5936
3 9838 5640 5900
3 5641 5645 5678
3 5641 10797 5645
3 5641 5646 10797
3 7117 7118 5642
3 10392 5642 7118
3 6174 6383 5644
3 9119 5644 6383
3 5929 5674 5645
3 5929 5645 8382
3 5645 10797 8382
3 8432 10797 5646
3 6057 5647 6043
3 6533 5647 6057
3 5648 5660 5694
3 5648 5694 5767
3 5648 5767 10449
3 5648 10449 11129
3 5773 10584 5649
3 6854 6847 5649
3 5649 6847 9312
3 5651 5656 5820
3 5882 5656 5651
3 5651 5820 5690
3 5651 5690 10285
3 5882 5651 8729
3 5651 10285 8729
3 5661 5820 5656
3 5661 5656 5850
3 5912 5850 5656
3 5882 5912 5656
3 6805 5676 5658
3 8497 5658 5926
3 8666 6805 5658
3 8666 5658 8497
3 5660 5719 5694
3 5660 5833 5719
3 9398 5662 6750
3 9398 11259 5662
3 7477 5663 6926
3 7477 9426 5663
3 5663 9426 8873
3 10315 5664 5957
3 5664 6996 7333
3 5664 8372 6996
3 10317 8372 5664
3 10317 5664 10315
3 5665 6923 8961
3 5665 9544 6923
3 5665 8785 8412
3 5665 8412 9544
3 8957 8785 5665
3 8957 5665 8961
3 5669 5666 9779
3 5872 5666 5903
3 5872 9779 5666
3 5669 9779 6047
3 6713 5834 5670
3 9223 5671 7632
3 8730 5672 8590
3 5672 8941 8590
3 8742 5672 8730
3 8742 8937 5672
3 8937 8943 5672
3 5672 8943 8941
3 5679 8943 5673
3 8937 5673 8943
3 5929 8593 5674
3 5835 5774 5677
3 9520 5677 5774
3 5835 5677 7481
3 5677 7482 7481
3 5677 9473 7482
3 9516 9473 5677
3 9516 5677 9520
3 5679 5730 5696
3 5679 5696 8943
3 5679 6297 5730
3 5680 6204 5821
3 5685 5686 8992
3 8992 5686 9523
3 9524 9523 5686
3 6883 6876 5687
3 6876 9013 5687
3 5687 9017 8968
3 5687 9013 9017
3 6084 5688 10031
3 6084 10034 5688
3 9984 9477 5688
3 9477 9987 5688
3 9984 5688 10034
3 10031 5688 9987
3 7399 10285 5690
3 5693 6644 6648
3 5766 5694 5719
3 5766 5857 5694
3 5767 5694 5857
3 7217 5695 5976
3 7217 9786 5695
3 5696 5738 5716
3 5696 5716 8941
3 5696 5730 5738
3 5696 8941 8943
3 5701 6760 5702
3 5701 5702 7980
3 5701 6492 5741
3 5701 5741 6760
3 5701 7980 6492
3 5702 6760 6747
3 5703 5704 6792
3 5703 6800 5704
3 5703 6792 6797
3 5704 6799 6792
3 5704 6800 6807
3 5705 8598 5711
3 7688 8598 5705
3 6846 5729 5706
3 5729 6848 5706
3 8342 8345 5709
3 6838 7827 5710
3 9622 6838 5710
3 9622 5710 9649
3 9655 9649 5710
3 5711 8598 8778
3 5711 8778 8615
3 5712 5718 5717
3 9551 5712 5717
3 9551 9781 5712
3 6325 5713 10971
3 6601 6387 5714
3 8457 5714 6387
3 5715 10891 10486
3 5715 10486 11247
3 8390 8941 5716
3 9483 8390 5716
3 5717 5718 11269
3 10674 11185 5718
3 5718 11185 11269
3 6567 5766 5719
3 5833 7132 5719
3 6567 5719 7132
3 5908 5720 5726
3 9567 5726 5720
3 6982 5721 8410
3 5723 5729 6828
3 5723 6848 5729
3 5723 6828 6834
3 6078 5724 8798
3 5725 10432 6552
3 5908 5726 6098
3 7682 6098 5726
3 7682 5726 11124
3 9567 11124 5726
3 8603 5728 6065
3 7358 5728 6723
3 6723 5728 8595
3 8603 8595 5728
3 8507 6828 5729
3 6846 8507 5729
3 7682 5732 6098
3 7682 10991 5732
3 5732 10402 10443
3 10991 10402 5732
3 8958 5733 5810
3 9206 5810 5733
3 5734 6371 9931
3 5734 9781 9551
3 5734 9931 9781
3 5740 5735 7023
3 6373 7023 5735
3 9931 6373 5735
3 7601 5736 5763
3 8345 5763 5736
3 7601 6048 5736
3 6734 5737 8654
3 5737 8657 8654
3 10534 5739 6165
3 5739 10534 10958
3 5739 10958 10878
3 6760 5741 5744
3 6797 5744 5741
3 6352 6335 5742
3 9678 5742 6335
3 6267 6269 5743
3 6743 6760 5744
3 6743 5744 6776
3 6776 5744 8661
3 6792 5744 6797
3 6792 8661 5744
3 5970 7719 5745
3 5747 5748 5746
3 5747 5746 10277
3 5746 5748 5749
3 5746 5749 5758
3 5781 10175 5747
3 5781 5747 10277
3 8461 5749 5748
3 8461 5748 8463
3 5758 5749 9938
3 8445 5749 8461
3 9938 5749 8445
3 5750 9555 5851
3 7131 5751 7750
3 7131 9034 5751
3 10832 6108 5752
3 5752 6108 11149
3 10832 5752 9060
3 5754 10552 7037
3 5754 9748 7853
3 5754 7853 10552
3 5755 5757 5787
3 5755 8940 5757
3 5775 5755 5787
3 8742 5755 5775
3 8742 8730 5755
3 8730 8940 5755
3 6440 5756 5917
3 7571 5917 5756
3 7571 5756 8274
3 5757 5791 5800
3 8940 5791 5757
3 6729 6734 5759
3 6729 5759 6742
3 6734 8656 5759
3 6742 5759 6747
3 10028 5760 7085
3 5812 6965 5761
3 8913 5761 6965
3 8913 8947 5761
3 8604 5764 5762
3 6006 7601 5763
3 8346 5763 8345
3 8940 5765 5791
3 5765 10376 5791
3 9472 5765 8940
3 5786 5857 5766
3 5768 8868 6914
3 9138 5768 6914
3 8833 8868 5768
3 8833 5768 10357
3 9138 11290 5768
3 5768 10121 10357
3 5768 11290 10121
3 5769 8906 8911
3 5769 8911 8916
3 8920 5769 8916
3 8920 9744 5769
3 6709 5770 5840
3 5772 5771 8767
3 5777 5771 8385
3 5777 8767 5771
3 8228 8385 5771
3 7138 5772 8157
3 6105 6071 5774
3 9520 5774 6071
3 7886 6355 5775
3 8742 5775 6355
3 5777 5776 8767
3 5776 9125 8767
3 5776 10051 9125
3 5779 10175 5781
3 5779 5781 10180
3 5781 10211 10180
3 5781 10277 10211
3 5782 10180 10239
3 10277 5783 10211
3 5785 6055 6038
3 7056 6055 5785
3 10429 7056 5785
3 5786 9088 5857
3 5788 6307 6296
3 6050 5789 6251
3 6050 8002 5789
3 5789 7809 6251
3 7599 7745 5789
3 7599 5789 8002
3 5789 7745 7809
3 10376 5800 5791
3 5805 5803 5792
3 5792 5803 7686
3 10324 5805 5792
3 5792 7686 5806
3 10324 5792 5806
3 5831 5903 5793
3 5793 5903 5937
3 5805 5814 5794
3 10850 5794 5814
3 5796 9531 7064
3 9872 9531 5796
3 9872 5796 9765
3 6313 5798 6609
3 5798 6470 6609
3 10376 10375 5800
3 5831 5801 9848
3 7642 9848 5801
3 7642 5801 10148
3 5801 10351 10148
3 5803 7693 7686
3 7709 7693 5803
3 7403 5804 8993
3 8993 5804 7657
3 10296 5814 5805
3 10296 5805 10324
3 5843 5806 5845
3 10324 5806 5843
3 7688 5845 5806
3 6377 5807 6420
3 6377 11021 5807
3 5807 11021 9679
3 5808 8346 8336
3 5808 8336 10915
3 9735 5809 5843
3 10324 5843 5809
3 9735 10367 5809
3 10296 10324 5809
3 9206 6143 5810
3 8958 5810 8954
3 9043 8954 5810
3 5811 10962 11311
3 9044 6965 5812
3 9083 9963 5813
3 5813 9963 9784
3 8021 10280 5815
3 8021 5815 10933
3 10238 5815 10280
3 5816 6447 8882
3 5816 10948 6447
3 6019 6796 5817
3 10929 6019 5817
3 10929 5817 6315
3 7709 5818 7713
3 5818 8710 7713
3 7363 5821 6204
3 5826 6417 5822
3 5822 6285 6284
3 5822 6417 6285
3 7357 5823 5828
3 7355 7416 5823
3 6286 5824 6217
3 5877 5826 5825
3 5877 5825 5865
3 5886 5865 5825
3 8889 5886 5825
3 5877 6425 5826
3 5826 6425 6417
3 6038 5827 5828
3 7349 5828 5827
3 6038 6055 5827
3 7349 7357 5828
3 5829 5836 6186
3 5829 5930 6601
3 5831 5872 5903
3 5831 9848 5872
3 5842 5832 10367
3 10367 5832 8624
3 5833 5936 7132
3 6713 8351 5834
3 5835 7481 9827
3 5835 9827 9502
3 6150 5836 6333
3 5836 7986 6333
3 5837 9730 5839
3 10960 9730 5837
3 10531 10960 5837
3 6082 5841 10040
3 5842 10367 9735
3 5902 5844 5850
3 9851 5844 5902
3 5888 5846 5852
3 5852 5846 6408
3 5846 9200 6408
3 6295 8307 5848
3 5848 10609 6295
3 6360 5849 7336
3 5849 10557 7336
3 5902 5850 5912
3 10703 5851 8953
3 5877 5888 5852
3 5877 5852 6425
3 5852 6408 6416
3 6425 5852 6416
3 5853 5860 5854
3 5853 5854 6285
3 5853 9173 5860
3 6417 5853 6285
3 5854 5860 9261
3 6396 6285 5854
3 5855 5858 5859
3 5855 5859 8589
3 5858 5861 5859
3 10467 8589 5859
3 9176 9163 5860
3 5860 9163 9261
3 9173 9176 5860
3 5863 10597 9925
3 5863 9979 10597
3 5877 5865 5888
3 5865 8922 5888
3 5866 7666 7582
3 5866 7582 10618
3 5866 8718 7666
3 5866 8016 8718
3 5866 10618 8016
3 9190 5867 9192
3 9562 9192 5867
3 5868 10703 6031
3 6011 6000 5869
3 6243 5871 5982
3 5871 11289 5982
3 6243 8722 5871
3 6910 6674 5871
3 6674 11289 5871
3 6910 5871 8722
3 5872 9848 9779
3 5875 7893 9314
3 9317 5875 9314
3 8955 5876 5883
3 6615 5876 9062
3 6615 9437 5876
3 9062 5876 8955
3 5878 9314 7893
3 5879 7410 7391
3 5879 7391 8363
3 7836 5880 7898
3 9874 10260 5880
3 8904 5914 5881
3 8888 8717 5886
3 8922 9598 5888
3 8616 5891 6566
3 5892 6564 6548
3 8646 5892 6548
3 5892 11254 6564
3 8642 5892 8646
3 8642 11282 5892
3 11282 11254 5892
3 5896 5893 5894
3 5897 5896 5894
3 5897 5894 7398
3 5895 8150 8130
3 5895 9963 8150
3 10340 9963 5895
3 5899 5896 5897
3 5904 5896 5899
3 7392 5899 5897
3 9425 5898 11328
3 10868 11328 5898
3 7392 7824 5899
3 5899 7824 8215
3 10373 5900 6497
3 9838 5900 10373
3 11241 11287 5901
3 11241 5901 11313
3 11304 11312 5901
3 11313 5901 11312
3 5905 6548 8620
3 5905 8646 6548
3 5909 5957 5906
3 5909 5906 7091
3 5906 5957 6042
3 6682 5906 6042
3 5906 6682 7634
3 5906 7634 7091
3 6310 8054 5907
3 5909 5946 10315
3 5909 10315 5957
3 10490 5910 8741
3 5987 9844 5911
3 5911 9844 9841
3 9382 5913 6697
3 8230 5913 9382
3 7497 5915 8879
3 6440 5917 8779
3 7584 7172 5917
3 7584 5917 7571
3 9638 5920 8986
3 5925 5928 6023
3 5925 6030 5928
3 5925 6024 6021
3 5925 6021 6030
3 5925 6023 10993
3 5925 10993 6024
3 8497 5926 9796
3 5928 5977 6023
3 5928 11029 5977
3 5928 6030 11029
3 6151 5929 8382
3 6601 5930 5946
3 5930 10231 5946
3 10197 10231 5930
3 8023 6079 5932
3 7223 5932 7146
3 7223 8023 5932
3 5938 5933 7407
3 5938 8722 5933
3 5933 9423 6059
3 5933 8722 9423
3 5934 5939 6249
3 7470 7489 5934
3 7489 7514 5934
3 5935 10647 10649
3 7132 5936 6255
3 5938 6910 8722
3 5938 8802 6910
3 5938 7407 8583
3 5938 8583 8802
3 6050 6249 5939
3 6050 5939 8002
3 8097 8002 5939
3 5940 7577 7372
3 5940 7372 7880
3 5940 10661 7577
3 7875 10661 5940
3 5943 8863 5941
3 5943 5941 8864
3 8630 11294 5942
3 9600 5983 5943
3 9600 5943 8864
3 7842 5958 5944
3 5944 5958 8866
3 10348 5945 6480
3 6601 5946 6387
3 10315 5946 10231
3 5948 5952 5947
3 5948 5947 7876
3 5947 5952 10692
3 7876 5947 7875
3 10195 7875 5947
3 10195 5947 10692
3 5953 5949 5969
3 5953 6002 5949
3 8368 8194 5950
3 8625 8368 5950
3 5951 6012 5977
3 11029 5951 5977
3 6129 6012 5951
3 6031 6125 5951
3 6031 5951 11029
3 6129 5951 6125
3 5953 5969 9721
3 6053 6542 5955
3 6053 5955 6567
3 5955 6542 9481
3 7842 7838 5958
3 5958 7838 9117
3 8851 8866 5958
3 8851 5958 9117
3 6458 5959 8571
3 8703 8690 5959
3 10707 5963 5960
3 5971 5962 10826
3 5973 5962 8878
3 5973 10826 5962
3 7728 5963 10707
3 7728 11005 5963
3 5965 5966 10535
3 7903 5967 7069
3 10624 5967 7903
3 11169 9721 5969
3 5970 7252 8634
3 5970 8634 7719
3 5971 10818 10809
3 5971 10827 10818
3 5971 10826 10827
3 5972 6395 5985
3 5972 5985 6480
3 5973 9600 8864
3 5973 8864 10826
3 5973 8878 10871
3 5973 10871 9600
3 5974 7697 5978
3 7233 7217 5976
3 5977 6012 6061
3 5977 6061 6023
3 9106 9050 5979
3 10606 10454 5980
3 5981 6142 9619
3 6248 5982 6523
3 5982 11289 6523
3 9600 10871 5983
3 6480 5985 6386
3 5992 5988 5991
3 5994 5988 5992
3 10091 5990 8629
3 5994 5992 10856
3 6608 5993 10351
3 9909 10148 5993
3 10351 5993 10148
3 6035 5994 6037
3 6037 5994 10856
3 6367 5997 6007
3 6367 6361 5997
3 6361 10918 5997
3 5997 10918 11003
3 6001 5998 6000
3 6001 7034 5998
3 6003 6007 6353
3 6367 6007 6003
3 6367 6003 6326
3 10767 6004 10800
3 6005 8870 8857
3 6009 6082 10040
3 6010 6244 10221
3 6462 6010 6514
3 6010 10221 6514
3 6327 6061 6012
3 6129 6505 6012
3 6327 6012 8199
3 6505 8199 6012
3 6014 9484 9480
3 9639 9484 6014
3 6022 6015 6017
3 8748 6017 6015
3 6728 6015 6477
3 8748 6015 6728
3 6374 8861 6016
3 10041 6374 6016
3 8862 6016 8861
3 6022 6017 6024
3 6017 10556 6024
3 8748 7125 6017
3 7125 10556 6017
3 6728 6477 6018
3 6728 6018 10790
3 10929 6472 6019
3 6019 6591 6796
3 10801 7587 6020
3 10556 6021 6024
3 6030 6021 11014
3 6022 6024 10993
3 10144 6025 6637
3 6025 8421 10243
3 7087 10939 6026
3 6028 6266 8825
3 6028 8825 8822
3 10703 6125 6031
3 6032 9084 7022
3 8333 9084 6032
3 8764 6040 6033
3 8764 6033 8830
3 6033 9711 8830
3 8834 9711 6033
3 6035 6037 6036
3 10897 6037 10856
3 6042 6762 6682
3 8555 8550 6044
3 8555 6044 9075
3 7655 6046 7610
3 8815 7610 6046
3 6046 7655 7722
3 7721 6046 7722
3 7721 8815 6046
3 7059 6047 7627
3 7627 6047 9852
3 9852 6047 9779
3 6160 6048 7601
3 10916 6048 10917
3 7608 6049 8818
3 6049 7608 8830
3 6049 8830 8783
3 11159 6049 8783
3 6049 8817 8818
3 11159 8817 6049
3 6050 10579 6249
3 6050 6251 10579
3 6243 7277 6051
3 6243 6051 8722
3 9423 8722 6051
3 6052 10517 6370
3 9275 10517 6052
3 6053 6188 6542
3 6053 10586 6188
3 6054 8817 8343
3 6054 8343 10725
3 8817 6054 8818
3 6054 9720 8818
3 9720 6054 10725
3 6056 7210 7096
3 6056 7096 7330
3 6056 10471 7210
3 6056 7330 10464
3 6056 10464 10471
3 6436 11258 6058
3 11263 6058 11258
3 11326 6059 9423
3 6557 6061 6327
3 6062 7096 6851
3 6062 7136 7096
3 7136 6062 8214
3 6063 8704 8691
3 6164 6064 8770
3 6164 11041 6064
3 8752 8770 6064
3 10291 8603 6065
3 10291 6065 10756
3 6067 9780 6848
3 6068 8563 8607
3 6068 9565 8563
3 9033 9565 6068
3 6069 9246 10270
3 9663 6071 6105
3 7520 6073 10713
3 6074 6525 11079
3 6074 11080 11069
3 6074 11079 11080
3 6746 6075 6722
3 7358 6075 6749
3 6076 6381 8674
3 11130 6381 6076
3 11130 6076 7228
3 6076 8674 8071
3 6077 11107 6375
3 11111 6077 6375
3 8403 6079 8414
3 6083 6246 6226
3 6240 6246 6083
3 10031 8272 6084
3 10133 10034 6084
3 6085 7300 6086
3 11130 6085 6382
3 11130 7300 6085
3 10049 6086 7300
3 9939 7561 6086
3 9939 6086 10049
3 11030 6087 6574
3 8309 8614 6087
3 8977 9760 6090
3 9760 10920 6090
3 9770 6090 10920
3 7347 6091 7345
3 11201 6091 7347
3 6377 6529 6092
3 6377 6092 11021
3 6092 7454 10017
3 6092 10017 11021
3 6139 6093 6461
3 11016 6093 6139
3 6588 6461 6093
3 6187 8481 6094
3 8481 10020 6094
3 7680 6096 7742
3 7680 8252 6096
3 6096 7707 7742
3 8256 6096 8252
3 6807 6800 6097
3 6117 6101 8072
3 6101 8073 8072
3 6104 6103 7324
3 6104 8074 6103
3 6104 7324 11024
3 6104 11024 7913
3 6104 7913 11161
3 6104 11161 8074
3 9663 6105 8480
3 6109 6139 10279
3 6270 6242 6109
3 6270 6109 10279
3 7400 6110 7549
3 8074 6110 7400
3 7549 6110 7541
3 7541 6110 11161
3 8074 11161 6110
3 7445 6111 6195
3 7445 6482 6111
3 7646 6111 6482
3 7646 7645 6111
3 7623 6113 6618
3 6113 8829 11184
3 6252 7809 6114
3 10316 6252 6114
3 7008 6999 6114
3 6999 10316 6114
3 7013 7008 6114
3 7013 6114 7809
3 6115 8706 7323
3 6115 11283 8706
3 6590 6162 6116
3 6590 6116 7558
3 6117 6256 6257
3 6117 8072 6256
3 6265 6117 6257
3 7655 7704 6120
3 7655 6120 7722
3 6120 7704 7664
3 6120 7664 11303
3 6121 6234 9015
3 6121 10524 6234
3 6121 9015 9014
3 6121 10523 10524
3 6788 6138 6122
3 6138 8220 6122
3 6788 6122 6892
3 7788 6124 6128
3 6129 6125 11141
3 10703 8953 6125
3 8953 11141 6125
3 6132 6131 6126
3 6160 6132 6126
3 6524 10143 6127
3 9097 6127 8546
3 11211 6130 7050
3 10684 6131 6132
3 8706 6131 10684
3 8706 11283 6131
3 6160 6137 6132
3 7221 6132 6137
3 7221 10684 6132
3 8296 6134 6558
3 8296 10773 6134
3 6135 10737 10750
3 6135 10908 10737
3 6136 7221 6137
3 6136 6137 10922
3 6649 6138 6736
3 6649 8220 6138
3 6764 6736 6138
3 6788 6764 6138
3 10279 6139 6461
3 6140 7162 7461
3 6140 7461 7456
3 7878 6141 6919
3 10286 6919 6141
3 9187 6141 7878
3 8440 6142 6433
3 8440 9619 6142
3 6143 9205 8922
3 9206 9205 6143
3 6144 6148 6175
3 8312 6145 8327
3 6145 8331 8327
3 6845 7196 6146
3 6845 6146 7201
3 7197 6146 7196
3 9917 6146 7197
3 6148 6156 6155
3 6148 6155 6177
3 6148 6177 6175
3 6149 8069 6310
3 6149 6310 8966
3 6149 11322 8262
3 6149 8966 11322
3 6270 10279 6150
3 7717 7662 6152
3 8226 6152 7662
3 7717 6152 8351
3 6153 6155 6156
3 6153 8791 6155
3 10013 6153 6304
3 10013 8791 6153
3 6427 6424 6154
3 6610 6157 7572
3 6610 11198 6157
3 10229 6157 11198
3 10439 6731 6158
3 8279 6158 8267
3 10403 8267 6158
3 10439 6158 8279
3 6159 8054 8069
3 8485 6161 10153
3 6162 7114 6540
3 6590 7114 6162
3 11322 8966 6163
3 6164 8756 6811
3 6164 6811 11041
3 6165 6275 10903
3 6165 10903 10534
3 8020 6167 6166
3 6169 7944 10515
3 10536 6169 10515
3 6171 6501 6378
3 6171 6378 7835
3 6171 11083 6501
3 7189 6171 6511
3 6511 6171 10987
3 7189 11083 6171
3 6171 7835 10987
3 6179 7997 6172
3 6443 6172 7958
3 6172 7954 7958
3 8508 7954 6172
3 8508 6172 7997
3 10313 6173 10733
3 6174 6486 6383
3 6174 6584 6486
3 10215 6178 9959
3 10215 10712 6178
3 6179 7161 9976
3 6179 9976 7997
3 7265 7142 6180
3 10426 6180 7142
3 7705 7736 6181
3 8028 6181 7736
3 8028 8411 6181
3 8455 8484 6183
3 8455 6183 8508
3 6184 7953 7954
3 6184 8837 7953
3 6188 8810 6542
3 6189 6236 7988
3 6481 6189 7988
3 6317 6369 6190
3 6317 6190 8032
3 8032 6190 7956
3 8903 6191 6200
3 6191 7057 9461
3 8738 6222 6192
3 6857 6718 6193
3 6196 7527 7995
3 6196 7995 9569
3 10109 6196 9569
3 11319 6196 10109
3 6197 7080 6198
3 6197 8271 7080
3 6198 7080 8903
3 7800 6198 8903
3 7800 6200 6199
3 7800 6199 6202
3 6202 6199 9351
3 7800 8903 6200
3 10276 6201 10236
3 7586 6203 7799
3 9578 7799 6203
3 10583 10560 6205
3 6277 6206 9756
3 6332 9756 6206
3 6949 6413 6207
3 6413 7153 6207
3 7365 6949 6207
3 9069 11101 6208
3 9616 6208 11101
3 6210 6397 6221
3 6397 6210 8700
3 6210 6487 8700
3 6210 8803 6487
3 6831 6211 8909
3 6831 9098 6211
3 9098 9890 6211
3 7777 8755 6212
3 7814 6212 8755
3 8912 6220 6213
3 9098 8912 6213
3 9098 6213 9890
3 9890 6213 9936
3 6616 6214 7164
3 6616 10542 6214
3 6214 9940 7164
3 6214 9942 9940
3 10522 9942 6214
3 10522 6214 10542
3 6241 9158 6216
3 6286 6217 6484
3 6882 7101 6219
3 6882 6219 9107
3 7313 7230 6219
3 7230 9107 6219
3 8738 11033 6222
3 6225 9165 9166
3 9970 6226 6246
3 9949 6226 6260
3 9970 6260 6226
3 6227 9166 6229
3 6227 6229 9284
3 9765 6227 9284
3 7891 6344 6228
3 6344 8169 6228
3 11336 7891 6228
3 8169 8009 6228
3 6230 11074 8062
3 6230 11036 11074
3 8070 6254 6232
3 6317 6232 6336
3 6317 8053 6232
3 8070 6232 8053
3 6233 10533 7672
3 6234 6268 9015
3 6268 6234 9804
3 6406 9804 6234
3 6234 10524 6406
3 6814 6236 6237
3 6814 7988 6236
3 6788 6237 6764
3 6788 6814 6237
3 10660 6240 10333
3 6241 9887 9158
3 6241 9912 9887
3 6242 8945 6279
3 6464 6441 6244
3 7767 6244 6441
3 7767 10221 6244
3 6247 6526 6343
3 6247 6672 6526
3 6247 7219 6672
3 6248 6523 6914
3 6248 6914 8868
3 6248 8868 8946
3 6249 10579 10575
3 6705 6739 6250
3 6252 6880 6251
3 6252 6251 7809
3 6880 10577 6251
3 10577 10579 6251
3 6252 8653 6880
3 10316 8653 6252
3 8070 9177 6254
3 9177 8810 6254
3 6256 6258 6257
3 8493 6258 6256
3 8294 6265 6257
3 10136 8124 6259
3 10136 6259 10029
3 6260 8087 8105
3 11255 8087 6260
3 9949 6260 8105
3 9970 11255 6260
3 6264 6589 6302
3 6264 6302 7137
3 6597 6589 6264
3 8824 8825 6266
3 8824 6266 8836
3 9804 9810 6268
3 9818 6268 9810
3 8300 6272 6271
3 8300 6271 10914
3 10915 10914 6271
3 8294 6272 8300
3 6273 6720 8197
3 6273 10302 6720
3 6273 8130 8150
3 6273 8197 8130
3 6275 9794 10861
3 10869 6275 10861
3 10869 10903 6275
3 6277 8391 6295
3 6278 6524 6512
3 6278 6512 6602
3 6278 10143 6524
3 6617 6278 6602
3 6281 6304 6305
3 10013 6304 6281
3 6281 6305 11067
3 6281 10003 10013
3 10003 6281 10081
3 10081 6281 11067
3 6608 6282 6432
3 6608 10351 6282
3 6283 9753 8899
3 6396 6284 6285
3 6396 9737 6284
3 6303 6288 9467
3 7538 6289 6498
3 6289 10334 6498
3 7538 6953 6289
3 10766 8791 6290
3 6291 11032 6298
3 6291 6298 11037
3 8307 6295 8391
3 6296 6307 6303
3 6296 6303 9467
3 6615 6296 9467
3 6299 9298 9297
3 6299 9324 9298
3 6901 6301 10473
3 6301 9328 8608
3 10372 6301 8608
3 10372 10473 6301
3 7717 6302 6589
3 6900 7137 6302
3 8351 6900 6302
3 7717 8351 6302
3 6326 6340 6308
3 10783 6326 6308
3 6309 10924 9490
3 6309 9490 11096
3 6310 8069 8054
3 7498 8098 6311
3 7498 6311 9796
3 10075 10068 6312
3 11230 6315 8610
3 11230 10929 6315
3 6317 6336 6369
3 6317 8032 8053
3 6324 6325 6318
3 6325 10971 6318
3 8851 9117 6320
3 6320 11182 11180
3 7952 6579 6321
3 7952 6321 7930
3 7082 6323 7070
3 7070 6323 7679
3 6324 11248 8682
3 6367 6326 10783
3 6557 6327 8233
3 6327 8199 8233
3 7204 6330 6328
3 7204 6328 8352
3 7204 7165 6330
3 6330 7165 7391
3 6330 7391 7410
3 6332 6599 7627
3 6332 7627 7618
3 9756 6332 7618
3 6334 11015 7151
3 10984 11015 6334
3 6352 6338 6335
3 6336 6383 6369
3 6336 9119 6383
3 6352 10741 6338
3 9837 6340 6339
3 9837 6339 10724
3 9837 8090 6340
3 6343 6526 8503
3 7949 6344 7891
3 9549 8169 6344
3 8320 7723 6345
3 6351 9513 6346
3 6453 6346 9513
3 11221 9536 6348
3 11221 6348 10598
3 7031 6350 9610
3 9142 6351 10886
3 6352 7936 10741
3 7766 6355 7378
3 7886 7378 6355
3 7766 8937 6355
3 8937 8742 6355
3 9578 6357 9201
3 9201 6357 11121
3 9619 11121 6357
3 8788 6813 6359
3 8788 6359 9121
3 6360 11205 10611
3 6367 10783 6361
3 6361 8712 6407
3 6361 6407 10918
3 6361 10783 8712
3 9362 6362 9361
3 6363 7661 9777
3 6363 9777 7900
3 6363 7900 10058
3 9558 9559 6364
3 6369 6383 6486
3 6371 6373 9931
3 6437 6372 6808
3 6373 8303 7023
3 10041 11178 6374
3 11111 6375 9574
3 6376 10432 8413
3 6377 6420 6394
3 6377 6394 6529
3 7835 6378 7941
3 9373 7941 6378
3 6379 7166 6413
3 11130 6382 6381
3 10348 6386 6385
3 8686 10348 6385
3 10348 6480 6386
3 8457 6387 7139
3 6392 6388 10791
3 6841 6389 6852
3 8894 6389 6841
3 6390 9708 6415
3 6643 9708 6390
3 6391 6529 6519
3 6391 6519 11079
3 6391 11079 6667
3 6392 10791 7769
3 6394 6426 11070
3 6394 6519 6529
3 6394 11070 6519
3 6395 6429 6401
3 8711 6397 8700
3 6398 10918 6407
3 6398 6488 10918
3 8271 8302 6399
3 8763 6399 8302
3 6457 6400 10873
3 6419 6402 6401
3 6429 6419 6401
3 9433 6402 6419
3 6405 6768 7667
3 6405 7667 7374
3 6616 10294 6406
3 6616 6406 10540
3 9804 6406 10294
3 9167 6416 6408
3 6410 6411 10520
3 8776 6412 6411
3 6411 6412 10525
3 6411 10525 10520
3 8740 10525 6412
3 8740 6412 10623
3 6413 7166 7153
3 6414 10174 10126
3 9167 9168 6416
3 8740 10623 6418
3 10026 10110 6418
3 10623 10026 6418
3 6418 10110 10114
3 7343 6419 6429
3 7343 11148 6419
3 9433 6419 11148
3 10991 6422 7237
3 7682 6422 10991
3 7682 11124 6422
3 6427 6423 6424
3 6428 6423 6427
3 6428 6427 10110
3 6428 10110 10025
3 10551 6431 7805
3 10551 10455 6431
3 7532 8440 6433
3 6434 10378 10433
3 6434 11095 10378
3 8274 6435 6438
3 6437 8502 9750
3 7578 8274 6438
3 7578 6438 9127
3 6439 6440 6444
3 6439 6444 6441
3 6439 6441 6730
3 6440 8779 6444
3 7767 6441 6444
3 6464 6730 6441
3 6732 6634 6442
3 6732 6442 6653
3 6443 7962 7950
3 6443 7958 7957
3 6443 7957 7962
3 6451 6446 7694
3 6451 7694 10339
3 6452 6474 6494
3 10706 6452 6494
3 10706 10719 6452
3 6503 6454 10813
3 6454 6945 7859
3 7859 10813 6454
3 6455 6514 10221
3 10566 7032 6456
3 6458 8574 6711
3 6458 8571 8574
3 8690 6459 6469
3 6726 6460 6738
3 7020 6738 6460
3 6463 7043 7042
3 6463 7042 8431
3 6463 8431 7045
3 6463 7045 9018
3 6466 6467 6465
3 6467 9515 6465
3 7832 6465 9515
3 7832 10450 6465
3 6468 6467 6466
3 6468 6466 8280
3 6466 8279 8280
3 6468 6516 6467
3 6516 7629 6467
3 6467 7629 9515
3 6468 8280 8276
3 6609 6470 7971
3 6471 6501 10352
3 6471 7633 6547
3 6471 10352 7633
3 6475 8578 6473
3 6475 6473 10194
3 6473 8545 8552
3 6473 8578 8545
3 6474 10734 6494
3 9395 8578 6475
3 9521 9395 6475
3 7421 6494 6476
3 6476 6494 10734
3 9159 6864 6478
3 6479 11311 10962
3 9381 6485 8017
3 7940 8414 6487
3 7940 6487 8803
3 8700 6487 8414
3 10918 6488 11003
3 11003 6488 11078
3 10706 6494 7421
3 7738 7731 6496
3 7731 9419 6496
3 7738 6496 9643
3 10186 6496 9419
3 8746 6500 10468
3 10494 10468 6500
3 11083 10352 6501
3 6503 6758 10282
3 6504 8797 10089
3 6504 10101 8797
3 10071 6504 10087
3 10071 10096 6504
3 6504 10089 10087
3 10096 10101 6504
3 6505 8203 8199
3 6507 6506 6509
3 8176 6508 8009
3 6510 6511 7559
3 6510 10983 6511
3 10396 6510 7559
3 7189 6511 10983
3 7559 6511 10987
3 6521 6517 6516
3 6516 6517 7580
3 6516 7580 7629
3 6521 8248 6517
3 6517 6522 7580
3 8248 6522 6517
3 8166 7486 6518
3 9250 6518 7486
3 9252 8166 6518
3 8990 6518 9250
3 11297 6518 8990
3 11297 9252 6518
3 6519 11070 11080
3 6519 11080 11079
3 6521 8264 8248
3 6521 8261 8264
3 7580 6522 7278
3 7909 7278 6522
3 10440 6914 6523
3 10440 6523 11289
3 11079 6525 6667
3 6855 6526 6672
3 6855 6936 6526
3 6936 8503 6526
3 6531 6538 6536
3 6531 6541 6538
3 6531 6540 6541
3 6532 8944 6560
3 6532 7127 8944
3 8762 6534 8109
3 8762 8662 6534
3 6535 6625 6556
3 6536 6538 9056
3 8702 6536 9056
3 11171 9537 6537
3 11054 11171 6537
3 7171 6538 6541
3 7171 10292 6538
3 10292 9056 6538
3 9032 6541 6540
3 9032 6540 7114
3 6550 7171 6541
3 9020 6550 6541
3 9032 9020 6541
3 8810 6976 6542
3 9481 6542 6976
3 8971 6545 6543
3 6543 7992 7753
3 8971 6543 7753
3 6559 6549 6544
3 6549 11008 6544
3 6546 9097 10876
3 6547 7633 9241
3 6547 9241 7998
3 6548 6564 11007
3 6548 11007 8620
3 6559 7592 6549
3 7564 7171 6550
3 7564 6550 8321
3 8321 6550 11158
3 9020 11158 6550
3 6553 6622 6626
3 6553 10156 6622
3 6557 8235 8071
3 6557 8233 8235
3 9398 11059 6564
3 9398 6564 11254
3 11059 11007 6564
3 6591 6565 8619
3 8616 6566 8640
3 9315 6656 6568
3 6569 6640 6661
3 6569 6661 6761
3 6570 8898 9731
3 6572 6574 6578
3 6573 7600 9777
3 6573 9777 7661
3 6804 6932 6576
3 6804 6576 8647
3 6576 6932 7037
3 8647 6576 7678
3 6577 6685 6585
3 7427 6577 6585
3 7952 6708 6579
3 10181 6579 6708
3 10181 10183 6579
3 10896 6580 10865
3 6581 10888 7423
3 6582 6858 6861
3 6582 8693 6858
3 7011 7394 6582
3 6582 7394 8693
3 6744 6585 6685
3 9295 6587 6765
3 6587 11335 6765
3 7630 7717 6589
3 6591 6594 6796
3 6591 8619 6594
3 6592 6598 6600
3 6598 6592 8223
3 6924 6796 6594
3 6924 6594 9327
3 6594 8619 8685
3 6594 8685 8677
3 6594 8677 9327
3 8762 8109 6595
3 8541 6598 8223
3 6599 7059 7627
3 6617 6602 6704
3 6704 6602 10272
3 11061 6679 6605
3 10954 6605 11318
3 11198 6610 6614
3 10202 6611 6740
3 10202 8179 6611
3 10264 6613 8641
3 6615 9467 9437
3 6616 7164 10294
3 6616 10540 10542
3 6620 7826 7822
3 6621 6639 6623
3 6621 6635 8580
3 6621 8580 6639
3 9153 6622 9408
3 9153 11112 6622
3 9408 6622 10156
3 6623 6639 6645
3 6624 8417 8416
3 7440 7421 6625
3 6627 6733 6838
3 6627 7775 6733
3 6627 6838 7006
3 6627 7068 7775
3 6668 6629 6659
3 10965 10969 6629
3 8052 6630 8089
3 9420 8089 6630
3 6633 8167 9006
3 9716 8167 6633
3 6732 10792 6634
3 8181 6634 11012
3 10792 11012 6634
3 8496 6774 6636
3 6774 10565 6636
3 8496 6636 10981
3 6636 10565 10696
3 6636 10696 11120
3 10981 6636 11120
3 6637 10253 10144
3 6850 6638 6676
3 10236 6676 6638
3 7609 10240 6640
3 7041 6650 6641
3 6641 6650 7373
3 7775 6641 6733
3 7775 7041 6641
3 10728 8581 6642
3 6715 6647 7534
3 7041 7581 6650
3 6650 9347 7373
3 7581 9347 6650
3 7579 9626 6651
3 7579 6651 11175
3 7588 10789 6651
3 11175 6651 10789
3 11069 11075 6652
3 11301 6652 11075
3 6732 6653 8381
3 8587 8586 6655
3 8586 10320 6655
3 7026 7033 6656
3 7026 6656 8435
3 9315 8435 6656
3 6659 6662 6657
3 6668 6659 6657
3 6657 6662 11099
3 6668 6657 11112
3 6657 11099 11112
3 6660 6696 8057
3 8291 6696 6660
3 8291 6660 9364
3 6660 10502 9364
3 6662 11100 11099
3 10445 10664 6664
3 8677 8667 6665
3 10004 6665 8667
3 8677 6665 9327
3 11135 9327 6665
3 11138 6665 10004
3 11138 11135 6665
3 6666 8105 8077
3 8145 6666 8077
3 6666 8090 8105
3 8145 10410 6666
3 6668 9153 10179
3 6668 11112 9153
3 6680 6671 6698
3 10356 6671 6680
3 6692 6698 6671
3 6692 6671 9406
3 7239 6855 6672
3 7219 9866 6672
3 6672 9866 7239
3 10278 11218 6673
3 11314 6673 11218
3 11224 6674 6910
3 6675 11214 10245
3 6801 6850 6676
3 6801 6676 10012
3 6684 9674 6677
3 6684 6677 9707
3 6677 9674 9702
3 6678 6872 7226
3 6678 7226 7167
3 6680 6698 8597
3 6680 6723 8595
3 6680 8597 6723
3 6680 8595 10499
3 10356 6680 10499
3 6762 6756 6682
3 6682 6756 7634
3 6683 10921 6687
3 6683 6687 11044
3 6683 10982 10921
3 6683 11152 10982
3 6684 8698 8637
3 6684 9707 8698
3 8845 6686 6707
3 10588 6707 6686
3 8840 6686 8845
3 8840 9334 6686
3 8980 6686 9334
3 8980 10588 6686
3 6687 10933 10931
3 6687 10931 11044
3 6702 6689 11126
3 10961 6689 10973
3 10961 11126 6689
3 6689 10976 10973
3 9913 6693 8404
3 7431 7472 6695
3 7050 6784 6696
3 6784 8057 6696
3 9109 7050 6696
3 9109 6696 8291
3 8596 8597 6698
3 9969 6707 6700
3 10588 6700 6707
3 10588 9664 6700
3 10008 6703 6701
3 10904 6701 10069
3 10008 10846 6703
3 10862 6703 10846
3 6704 10272 10446
3 6705 8955 6724
3 6705 9062 8955
3 10181 6708 6706
3 9969 8845 6707
3 6727 7660 6711
3 6711 8556 6727
3 8574 8556 6711
3 6712 7489 6972
3 9434 6712 6972
3 6712 7514 7489
3 6712 7551 7514
3 6712 9498 7551
3 9434 9498 6712
3 6713 6900 8351
3 8310 7983 6714
3 7983 8313 6714
3 8310 6714 10553
3 8313 10539 6714
3 7772 6715 7534
3 6716 8963 6942
3 6716 6942 10774
3 8310 10553 6717
3 6857 10772 6718
3 10291 10756 6718
3 10291 6718 10772
3 11244 6721 6719
3 6720 11266 8197
3 9138 11266 6720
3 9138 6720 11290
3 6720 10302 11290
3 11270 9634 6721
3 11270 6721 11244
3 6726 6738 10139
3 8554 6727 8556
3 10134 8748 6728
3 10134 6728 10790
3 6733 7827 6838
3 8654 8656 6734
3 6735 6738 6737
3 10139 6738 6735
3 10139 6735 6741
3 8158 8695 6736
3 7020 6737 6738
3 6737 10755 6748
3 7020 10755 6737
3 10195 10202 6740
3 10195 6740 10227
3 6741 9210 7218
3 10139 6741 7218
3 6741 9148 9210
3 6742 6747 6743
3 6743 6747 6760
3 6745 10626 10636
3 6745 10636 10848
3 6745 10848 10849
3 6745 10849 10855
3 6748 6749 7200
3 9398 6750 11059
3 6751 10330 10384
3 6753 6983 7011
3 6753 8418 6983
3 6754 8499 9650
3 6984 7004 6755
3 6762 11035 6756
3 11071 9227 6757
3 10215 9959 6757
3 6798 6758 6765
3 10215 6767 10712
3 6777 6770 6771
3 6775 6771 6773
3 6777 6771 6775
3 6775 6773 6774
3 8496 6775 6774
3 6778 6777 6775
3 6778 6775 8496
3 6778 11302 6777
3 6782 6777 11302
3 6791 6778 8496
3 6791 11274 6778
3 6778 11274 11302
3 7863 6780 11338
3 6780 8348 11142
3 11338 6780 11142
3 6781 11085 11088
3 6782 11302 10710
3 6798 6783 10345
3 6783 8063 10345
3 10644 8063 6783
3 6786 10657 6787
3 6786 6787 10681
3 6786 10681 10695
3 6788 6892 6814
3 6790 8483 6828
3 6790 6828 8507
3 6790 8507 6936
3 6791 8496 10981
3 6791 10761 8651
3 6791 8651 11274
3 6791 8995 10761
3 6791 10981 8995
3 6792 6799 8661
3 6793 8286 9112
3 6793 10518 8286
3 10705 6795 6794
3 8841 8651 6795
3 8841 6795 10705
3 8543 8661 6799
3 7136 6850 6801
3 7136 6801 7330
3 6823 6803 6802
3 6802 6819 6821
3 10784 6819 6802
3 6823 6802 6821
3 6823 6810 6803
3 10679 6803 6810
3 6804 8997 6932
3 6804 8647 7485
3 9003 6804 7485
3 9003 8997 6804
3 8795 6805 8666
3 7051 6806 7237
3 10665 6806 7051
3 9950 7237 6806
3 6808 8718 8016
3 10671 6810 6823
3 10671 8995 6810
3 8995 11118 6810
3 10679 6810 11118
3 8421 8538 6811
3 8421 6811 10243
3 8538 11041 6811
3 6812 6821 6819
3 6813 9031 7315
3 7126 6814 6892
3 7126 7988 6814
3 6955 7393 6818
3 6820 7730 7251
3 6820 7251 11203
3 11198 6820 11203
3 10669 6823 6821
3 6822 10838 7103
3 10263 10951 6822
3 6822 10951 10838
3 10671 6823 10669
3 6832 6827 6830
3 6835 6827 6832
3 6835 10695 6827
3 10565 6827 10695
3 8483 6834 6828
3 8022 9098 6831
3 6833 10631 6832
3 6835 6832 10631
3 6835 10631 10642
3 6837 10232 10265
3 6837 10617 10232
3 7006 6838 9622
3 8562 6839 8564
3 10608 6841 6852
3 8894 6841 6972
3 9179 6972 6841
3 9179 6841 10608
3 10726 6842 9905
3 6854 6862 6843
3 6862 10042 6843
3 6843 10027 10033
3 6843 10042 10027
3 6845 7203 7196
3 6845 7201 7199
3 8500 8505 6846
3 8505 8507 6846
3 10599 9312 6847
3 10599 6847 9323
3 6850 7136 9203
3 7096 7210 6851
3 10608 6852 7390
3 10778 7390 6852
3 6865 6853 6862
3 6862 6853 10042
3 7427 6853 6865
3 7240 6855 7239
3 6856 9861 10185
3 6857 10773 10772
3 6857 10776 10773
3 8693 6860 6858
3 6858 6864 6861
3 10457 7346 6859
3 8585 6860 8693
3 8985 6860 8585
3 8985 10726 6860
3 10726 9905 6860
3 11243 6863 9011
3 6867 6868 6865
3 6865 6868 9989
3 7427 6865 9989
3 11102 9568 6866
3 6867 10816 6868
3 6867 10584 10595
3 6867 10595 10816
3 6870 8224 8250
3 6871 8323 9830
3 6871 11089 8323
3 10406 6871 9830
3 6871 10711 11089
3 9225 6872 6976
3 9481 6976 6872
3 9225 7226 6872
3 10391 6873 9676
3 10304 10223 6873
3 10304 6873 10386
3 10391 10386 6873
3 6881 6877 6874
3 6881 6874 9354
3 6883 6889 6876
3 6876 7857 9013
3 6880 6877 10577
3 6881 10577 6877
3 6879 7054 7765
3 6879 8467 7535
3 6879 7765 7759
3 6879 7759 8467
3 6881 6884 10577
3 6882 6889 8672
3 6882 8672 7101
3 10579 6884 10575
3 10577 6884 10579
3 10841 6885 10999
3 6886 7512 8370
3 6886 10405 7512
3 6886 10602 10405
3 6887 6896 6888
3 9771 6887 6888
3 6991 6887 6895
3 9771 6895 6887
3 7638 7648 6890
3 7638 6890 7725
3 7648 7795 6890
3 10743 6890 7795
3 6971 6980 6891
3 6891 6980 8425
3 7184 6893 9899
3 9899 6893 9901
3 9771 6915 6895
3 6991 6895 6994
3 6994 6895 10511
3 8339 10676 6897
3 11243 9011 6897
3 10936 6897 10676
3 10936 11243 6897
3 10814 6898 6939
3 10814 10429 6898
3 10567 6916 6899
3 10567 6899 10532
3 6902 7843 10350
3 11053 6903 10810
3 6907 6905 6904
3 8845 6904 6905
3 6907 6904 6913
3 6913 6904 6986
3 9969 6986 6904
3 9969 6904 8845
3 8840 8845 6905
3 6907 6913 8961
3 6907 8961 6923
3 8925 6909 9217
3 11224 6910 8802
3 6951 6911 7405
3 6951 7963 6911
3 6911 9087 7405
3 7963 7981 6911
3 7981 8128 6911
3 6911 8128 9087
3 6997 6913 6986
3 6997 6992 6913
3 6992 8961 6913
3 9138 6914 10440
3 9771 10567 6915
3 10567 10532 6915
3 10778 6917 7377
3 10778 10777 6917
3 6918 9320 7133
3 6918 10884 9320
3 6940 6921 10417
3 6921 6940 10539
3 6921 8313 8315
3 6921 10539 8313
3 6921 8315 10417
3 6923 9544 9713
3 6925 10428 6929
3 6925 6929 10478
3 10428 6925 10419
3 11246 10419 6925
3 6935 6931 6926
3 7139 6927 7078
3 10393 10394 6929
3 10393 6929 10428
3 6929 10394 10478
3 6930 8584 7821
3 6930 7821 8831
3 6930 11173 8584
3 6930 10872 11173
3 6933 8471 8428
3 6933 8428 8947
3 6933 8947 8913
3 9058 6934 6938
3 6936 8505 8503
3 6936 8507 8505
3 6937 11315 8963
3 9260 11315 6937
3 9058 6938 9239
3 9220 9825 6938
3 9342 9239 6938
3 9342 6938 9825
3 9766 6939 7369
3 8775 6939 9766
3 8775 10814 6939
3 6940 8996 8925
3 6940 8925 9217
3 6940 10417 8996
3 10539 6940 9217
3 6941 6970 6990
3 6941 9089 6970
3 7563 6941 8282
3 7563 9089 6941
3 11315 6942 8963
3 9432 6942 10615
3 9432 10774 6942
3 11315 10615 6942
3 6962 6947 6943
3 9823 6943 6947
3 8938 6943 7086
3 7086 6943 9823
3 6944 10511 10530
3 10537 6944 10530
3 6945 7251 7730
3 7251 6945 11218
3 7730 7859 6945
3 9555 9608 6946
3 9608 9666 6946
3 6946 9666 9692
3 9068 6948 6947
3 9823 6947 6948
3 6962 7474 6947
3 9068 6947 7474
3 7940 6950 7614
3 11223 7614 6950
3 7940 8803 6950
3 8728 8378 6950
3 10140 6950 8378
3 8728 6950 8803
3 10140 11223 6950
3 7338 6951 7405
3 6951 7556 7963
3 11084 6952 9039
3 11084 11085 6952
3 7538 7856 6953
3 7086 6954 9792
3 7086 9823 6954
3 9791 9792 6954
3 6955 7014 7393
3 11157 7014 6955
3 9152 6958 6956
3 9762 6957 6959
3 7499 6957 9937
3 9762 9937 6957
3 10563 8979 6959
3 8790 6966 6960
3 8790 6960 8544
3 8049 6961 7198
3 7198 6961 8762
3 8049 8895 6961
3 6961 8662 8762
3 6961 9151 8662
3 8720 6961 8895
3 8720 9151 6961
3 10980 6965 9044
3 6967 10872 8860
3 6968 6969 7258
3 8653 6969 6968
3 6968 7258 7259
3 7015 8765 6969
3 7015 6969 10316
3 6969 8765 7258
3 6969 8653 10316
3 6970 7044 6990
3 10629 7044 6970
3 9089 8292 6970
3 10629 6970 8292
3 6971 6974 6983
3 6971 8860 6974
3 6971 6983 6980
3 7489 8894 6972
3 9434 6972 9179
3 8409 6973 6979
3 6973 8709 6979
3 6974 7394 6983
3 6974 8831 7394
3 9177 6976 8810
3 9225 6976 9177
3 11246 7231 6977
3 8709 10419 6977
3 10419 11246 6977
3 8765 8409 6979
3 8765 6979 8734
3 6980 6983 8418
3 8132 6980 8418
3 8132 8425 6980
3 6983 7394 7011
3 10222 9449 6985
3 6997 6986 9415
3 6989 6994 6988
3 6989 6991 6994
3 11329 6992 6997
3 8957 6992 8426
3 8426 6992 11329
3 8957 8961 6992
3 6993 8162 10465
3 7338 7214 6995
3 7006 9622 6996
3 7333 6996 9622
3 6997 9415 8951
3 11329 6997 8951
3 6999 8204 7015
3 6999 7015 10316
3 7000 8108 9487
3 7000 9480 9484
3 7007 7001 7027
3 11167 10224 7002
3 11167 7002 11168
3 11172 11168 7002
3 7013 7005 7008
3 8249 7008 7005
3 10067 7005 7013
3 10067 7025 7005
3 7009 7057 7337
3 9461 7057 7009
3 7009 7337 7341
3 7009 7341 9531
3 9461 7009 9547
3 9547 7009 9531
3 7885 7010 7100
3 7190 7786 7010
3 7745 7013 7809
3 10067 7013 7745
3 8409 8765 7015
3 10172 7017 8097
3 10182 8097 7017
3 10182 7017 8178
3 8625 7018 8368
3 8583 7018 8802
3 8625 8802 7018
3 9071 7022 9084
3 7024 7055 7026
3 7024 7026 8430
3 10067 10078 7025
3 10078 10086 7025
3 7026 7055 7033
3 7026 8435 8430
3 9646 7063 7027
3 7029 10111 7028
3 7028 10118 8034
3 7028 10111 10118
3 7029 10076 10111
3 10481 8186 7032
3 10566 10481 7032
3 7362 7617 7035
3 7035 7617 7619
3 7035 7619 7621
3 7038 7813 7631
3 7038 7631 8638
3 7752 7040 7047
3 8638 7047 7040
3 8643 7040 7752
3 7049 7518 7041
3 7775 7049 7041
3 7518 7534 7041
3 7534 7581 7041
3 7044 7376 10545
3 10629 7376 7044
3 7048 7046 7047
3 10016 7047 7046
3 7367 10016 7046
3 8638 7048 7047
3 10016 7752 7047
3 8638 7631 7048
3 11215 7048 7631
3 7144 7049 7068
3 7775 7068 7049
3 7144 7242 7049
3 7049 7242 7518
3 9109 11211 7050
3 7052 7158 8533
3 7052 9319 7158
3 10913 7052 8533
3 7052 10328 9319
3 10913 10328 7052
3 7053 10650 10510
3 7054 7746 7765
3 9966 7662 7056
3 9966 7056 10429
3 7257 7060 8128
3 7257 9597 7060
3 9597 8033 7060
3 9703 7060 8033
3 9700 8128 7060
3 9700 7060 9703
3 7062 8962 7100
3 7062 8405 8962
3 7341 7064 9531
3 7065 11138 10004
3 9414 8520 7066
3 9414 7066 9172
3 10412 7067 9920
3 7144 7068 9925
3 7082 7070 7530
3 7070 7224 7530
3 7070 10945 7224
3 7070 7679 10945
3 11138 7071 8691
3 9132 9131 7072
3 10953 10731 7073
3 11196 7073 10731
3 10953 7073 10732
3 8178 7075 10104
3 7075 10111 10104
3 7075 10118 10111
3 7075 10258 10118
3 7076 8034 10118
3 7076 10118 10612
3 9170 7847 7085
3 8938 7086 7862
3 7862 7086 9792
3 7089 7088 10806
3 7102 9932 7090
3 7634 7413 7091
3 9757 7104 7092
3 7525 11316 7092
3 11316 9757 7092
3 9251 7093 9263
3 9257 9256 7093
3 9263 7093 9256
3 9257 7093 9786
3 7095 9700 7115
3 7095 9087 9700
3 7096 7136 7330
3 7097 7995 7527
3 7097 9255 7995
3 7102 9930 9932
3 9757 7582 7104
3 10138 9032 7114
3 9700 9703 7115
3 7115 9703 9736
3 7115 9736 9747
3 7120 9689 7119
3 10785 7128 7129
3 8486 7133 7462
3 7133 9320 7462
3 8486 8495 7133
3 7146 7134 9385
3 10045 7135 7141
3 8214 9203 7136
3 7138 8895 7726
3 7138 7726 9853
3 7138 8157 8895
3 9952 7140 7155
3 8039 10045 7141
3 7142 9894 9543
3 10426 7142 9543
3 7143 7179 10753
3 7144 10690 7242
3 7144 9925 10690
3 8395 7145 7149
3 8395 8392 7145
3 7223 7146 9894
3 7146 9385 9894
3 8395 7149 8386
3 9538 8339 7150
3 7155 9954 9952
3 9921 9918 7157
3 7586 8533 7158
3 7586 7158 9617
3 7158 9319 10941
3 7158 10941 9617
3 9617 10941 7159
3 9671 9643 7160
3 7203 7162 7194
3 7461 7162 7203
3 7163 7242 7229
3 7163 7518 7242
3 7163 7772 7518
3 8897 7164 9864
3 8897 10294 7164
3 9864 7164 9940
3 7174 8393 7168
3 7168 8393 8392
3 7170 7372 9983
3 7450 7810 7170
3 7450 7170 9983
3 7584 7603 7172
3 7174 7331 8393
3 7175 8014 8396
3 7175 10007 8014
3 7175 8392 8393
3 7175 8393 10007
3 7228 7238 7181
3 7228 7181 10686
3 9605 9907 7182
3 7294 8647 7183
3 7294 7183 8652
3 8647 7678 7183
3 7184 9899 9918
3 7184 9918 9921
3 7187 9755 8386
3 7187 10056 9755
3 7188 9903 9901
3 9453 8052 7192
3 7203 7194 7196
3 8257 7196 7194
3 8257 7194 9625
3 7197 7196 8257
3 7206 7197 8257
3 8049 7198 9143
3 7212 7204 8352
3 7206 8257 9621
3 9224 7206 8436
3 8436 7206 9621
3 9381 8017 7209
3 7209 8017 9620
3 7209 9620 9681
3 7212 7245 7292
3 7843 7213 10350
3 7213 9964 11251
3 7213 10117 10350
3 7213 11251 10117
3 7250 7227 7214
3 7338 7250 7214
3 9886 7216 9892
3 7233 9791 7217
3 10145 10139 7218
3 7220 9866 7219
3 7220 9871 9866
3 7221 7659 10684
3 7902 9846 7222
3 10996 7261 7224
3 10996 7224 10945
3 7230 7350 7225
3 7350 7297 7225
3 9225 10620 7226
3 7228 10686 7300
3 11130 7228 7300
3 7242 10690 7229
3 10500 7229 10690
3 7313 7350 7230
3 7234 9251 9253
3 7236 7720 7278
3 7643 7236 7977
3 7643 7982 7236
3 7236 7982 7720
3 10991 7237 9950
3 10128 7241 7255
3 7244 9850 8482
3 7246 7279 7266
3 7246 7266 9847
3 7246 7276 7275
3 7246 7275 7279
3 7246 9849 7276
3 7246 9847 9849
3 7931 7249 7865
3 7338 7405 7250
3 10278 11203 7251
3 10278 7251 11218
3 8768 7252 7644
3 7253 10765 10407
3 10128 7255 7652
3 11305 7270 7256
3 10487 10397 7256
3 11305 7256 10397
3 7981 7257 8128
3 7257 9590 9597
3 8362 7259 7258
3 8362 7258 8734
3 7258 8765 8734
3 8361 7259 8362
3 9054 7261 10996
3 7262 7266 7263
3 7262 9847 7266
3 7263 7266 7279
3 7264 9350 9352
3 7285 8004 7267
3 8338 7267 8004
3 8338 8340 7267
3 8333 7268 9084
3 9120 9084 7268
3 7271 7279 7275
3 8630 9430 7272
3 8630 7272 11294
3 7273 7275 7276
3 9030 7273 7276
3 7720 7580 7278
3 9462 7280 10414
3 10414 7280 11140
3 8434 7283 7282
3 7288 7301 7286
3 7288 7299 7301
3 7289 7293 7296
3 8719 7289 7296
3 7293 7295 7296
3 7293 7301 7295
3 7294 8652 7309
3 7294 7309 10404
3 7294 7403 7485
3 7294 10404 7403
3 7294 7485 8647
3 7301 7299 7295
3 8311 7295 7299
3 9526 10245 7298
3 10245 11214 7298
3 10049 7300 10686
3 9085 8325 7302
3 7302 8325 9283
3 9085 7302 8330
3 7302 9270 8330
3 7302 9283 9270
3 7798 7303 7305
3 7305 7303 11225
3 7798 10905 7303
3 7303 7822 11225
3 7798 7305 7945
3 7305 8046 7945
3 7305 11227 8046
3 7305 11225 11227
3 10346 9175 7306
3 7350 7313 7316
3 9078 7314 9136
3 9028 9027 7315
3 7320 7318 7319
3 8726 7319 7318
3 7328 7318 7320
3 8726 7318 9821
3 8708 7320 7319
3 8708 7319 7621
3 8715 7621 7319
3 8715 7319 8726
3 8708 7322 7320
3 7322 7619 7624
3 8708 7619 7322
3 7671 7647 7323
3 7323 7647 10714
3 7671 7323 8706
3 7500 11024 7324
3 7326 9681 9620
3 7326 9620 10354
3 7326 10354 10573
3 9673 7329 7797
3 9618 7329 9667
3 9673 9667 7329
3 7331 10007 8393
3 7331 9984 10034
3 7331 10034 10007
3 7332 7953 8837
3 7333 9622 9637
3 7345 7341 7337
3 7345 7337 7589
3 7568 7339 7567
3 7349 7340 7357
3 7340 7385 7357
3 7804 7385 7340
3 10220 7342 10233
3 10220 10335 7342
3 7342 10248 10233
3 7342 10711 10248
3 11089 7342 10335
3 11089 10711 7342
3 7343 7645 7646
3 7343 7646 11148
3 7347 7345 7589
3 7346 8519 9171
3 7392 7348 7837
3 7389 7607 7352
3 7352 7607 7913
3 7352 7913 11024
3 7352 11024 8375
3 8744 7546 7361
3 9803 7361 7546
3 7362 9052 7864
3 7364 9178 9499
3 7368 10599 10032
3 10781 7368 10032
3 10778 7368 10777
3 10781 10777 7368
3 8086 7387 7370
3 7616 7371 7537
3 8623 7371 7616
3 7372 7577 9983
3 9347 9627 7373
3 10341 7373 9627
3 10341 10297 7373
3 7804 7374 7385
3 7382 7375 7380
3 7380 7375 7641
3 7382 8478 7375
3 8286 7376 9127
3 8286 10518 7376
3 10629 9127 7376
3 7376 10518 10545
3 10778 7377 7390
3 7886 7383 7378
3 8964 7378 7383
3 7766 7378 8847
3 8964 8847 7378
3 7379 7882 8751
3 7379 10837 7882
3 10490 8741 7379
3 8741 10837 7379
3 7382 7380 10663
3 7380 7641 9811
3 7381 9495 7504
3 7382 8476 8478
3 8964 7383 8960
3 10453 8960 7383
3 8085 7453 7387
3 8085 7387 8084
3 8086 8084 7387
3 7392 7837 7824
3 8831 8693 7394
3 10787 7395 7396
3 10630 10342 7395
3 7396 7401 7415
3 7397 7414 7412
3 9485 7414 7397
3 7399 10091 8629
3 7399 8629 10285
3 7399 10090 10091
3 7400 7549 7411
3 7400 7411 10686
3 9229 7401 8318
3 11234 7402 9822
3 11191 7402 11280
3 11234 11280 7402
3 7403 8993 7485
3 11154 11155 7406
3 7409 7419 7420
3 7411 7549 8153
3 7411 8153 9939
3 7411 9939 10049
3 7411 10049 10686
3 10300 7413 10400
3 10341 9964 7417
3 7432 7420 7419
3 7432 7430 7420
3 7440 10706 7421
3 7754 7423 10892
3 10892 7423 10888
3 7591 7451 7425
3 7451 8078 7425
3 7591 7425 7541
3 9973 7541 7425
3 8081 7425 8078
3 8081 9973 7425
3 9694 7426 7430
3 7428 10828 10343
3 7432 9687 7430
3 9694 7430 9687
3 7431 7754 7446
3 7432 7436 9687
3 8318 8316 7434
3 8408 7434 8316
3 9229 8318 7434
3 9245 9229 7434
3 8780 8553 7435
3 8780 7435 8639
3 8696 7437 7657
3 8993 7657 7437
3 8019 7437 8696
3 8019 8991 7437
3 9003 7437 8991
3 9003 8993 7437
3 7440 10720 10706
3 7440 10714 10720
3 10346 7442 7441
3 10616 7441 7442
3 8408 8316 7441
3 10337 7441 8316
3 10616 8408 7441
3 10346 7441 10337
3 7754 10895 7446
3 8436 9621 7447
3 7450 7488 7810
3 7450 9330 7488
3 7450 9983 9330
3 7459 7451 7453
3 8078 7451 7459
3 7591 7607 7451
3 7822 7826 7452
3 7822 7452 11225
3 10730 11225 7452
3 8085 7459 7453
3 8081 7455 8164
3 7460 7456 7461
3 7457 7463 10241
3 7457 9451 9404
3 7457 10251 9451
3 7457 10241 10251
3 7810 7488 7458
3 8078 7459 9506
3 10601 7462 9320
3 7497 8879 7463
3 8879 10241 7463
3 8853 10268 7466
3 8853 7466 11326
3 9023 9486 7467
3 9222 7467 9208
3 7467 9486 9208
3 9589 7469 9591
3 7469 10307 9591
3 7470 8894 7489
3 9379 7473 8371
3 9380 7475 9418
3 9380 11117 7475
3 9464 7475 10307
3 10307 7475 11117
3 7477 9452 9426
3 10593 10564 7478
3 7479 7491 7521
3 9378 7480 7481
3 9827 7481 7480
3 9633 7480 8823
3 9827 7480 9633
3 9378 7481 7482
3 9378 7482 9380
3 9380 7482 11131
3 9473 11131 7482
3 9003 7485 8993
3 7777 7487 7743
3 7487 11219 11317
3 7488 9330 9184
3 7493 7521 7491
3 7492 7496 7494
3 7492 7543 7495
3 7545 7495 7543
3 9025 7503 7499
3 9036 9025 7499
3 9036 7499 9937
3 7500 8356 8312
3 7500 8312 8375
3 7500 8375 11024
3 7777 7743 7502
3 7743 11241 7502
3 7777 7502 8755
3 7502 11296 8755
3 7502 11241 11313
3 7502 11313 11296
3 9077 7503 9025
3 9070 7503 9077
3 7793 7789 7505
3 8337 7793 7505
3 7507 7508 9512
3 7507 7524 9287
3 10883 7509 9728
3 10888 9728 7509
3 9897 10888 7509
3 10883 10879 7509
3 7943 7511 7946
3 7943 7987 7511
3 7946 7511 7967
3 8736 7511 7987
3 7512 8335 8370
3 7512 9581 8335
3 7512 10405 9581
3 7514 7551 7597
3 7515 8989 9527
3 9305 7515 9304
3 7772 7534 7518
3 7519 7780 7524
3 7519 7524 9527
3 7519 9527 9602
3 7524 7780 9287
3 9775 11316 7525
3 9595 7526 9519
3 8029 7529 9272
3 7529 8369 9273
3 7529 9602 8369
3 7529 9273 9272
3 7896 7556 7531
3 7531 7816 7583
3 7896 7531 7583
3 7554 10311 7533
3 7533 10997 8301
3 7533 10311 10901
3 7533 10901 10997
3 11324 7536 8753
3 7561 7856 7538
3 7539 11252 7557
3 10867 8660 7539
3 10955 7539 8660
3 10955 11252 7539
3 9973 7549 7541
3 7591 7541 11161
3 7542 8978 9715
3 7544 7964 7622
3 7544 7801 7964
3 7544 8215 7801
3 10563 7545 9082
3 8731 7546 8744
3 9237 9313 7547
3 7547 9313 9309
3 9973 8153 7549
3 7596 7587 7550
3 10801 7550 7587
3 7600 7596 7550
3 7600 7550 9777
3 9777 7550 7900
3 10801 7900 7550
3 9631 7551 9498
3 9315 7553 8867
3 9399 8867 7553
3 7554 10820 10311
3 7554 10771 10820
3 7896 7963 7556
3 7557 11331 7612
3 8931 8926 7558
3 8931 7558 11116
3 7559 10987 10196
3 7561 7872 7856
3 9939 7872 7561
3 10403 7563 8282
3 10385 9089 7563
3 7567 9834 7565
3 7567 7565 10937
3 10937 7565 7613
3 9834 9832 7565
3 7566 11250 10024
3 7568 7567 10937
3 7568 10937 11295
3 7569 8920 8916
3 7578 7571 8274
3 7578 8297 7571
3 7584 7571 8297
3 7871 10320 7576
3 7576 10320 8928
3 7863 11338 7577
3 11338 9983 7577
3 7578 8292 8297
3 7578 10629 8292
3 7578 9127 10629
3 7579 11175 11194
3 11194 11176 7579
3 7720 7629 7580
3 7581 8056 9347
3 9757 10618 7582
3 7638 7725 7583
3 7638 7583 7816
3 7583 7725 8044
3 7896 7583 8044
3 10385 7603 7584
3 10385 7584 8297
3 7586 7799 8533
3 7588 7592 9868
3 11189 7588 9868
3 11189 10789 7588
3 7913 7607 7591
3 7913 7591 11161
3 7593 7595 10957
3 9064 7593 10113
3 7593 9077 10113
3 7593 10957 9077
3 7594 9691 8165
3 8567 7595 7620
3 7600 11323 7596
3 10172 8097 7597
3 8087 8120 7598
3 7598 10461 8087
3 10182 7599 8002
3 8178 10104 7599
3 10182 8178 7599
3 8037 9355 7602
3 8039 7602 10044
3 10263 7604 10951
3 7604 10413 10951
3 7604 11200 10413
3 7606 7741 7707
3 7748 7608 8818
3 7608 8764 8830
3 7677 7610 7612
3 7610 7677 7655
3 8270 7611 8269
3 11331 7677 7612
3 7613 7615 11155
3 10937 7613 7626
3 7613 11155 7626
3 8403 7940 7614
3 8403 7614 11308
3 7624 7619 7617
3 7627 9852 7618
3 7642 7618 9852
3 7642 9895 7618
3 9756 7618 9895
3 8708 7621 7619
3 8716 8567 7620
3 8716 7620 8715
3 7792 7622 7764
3 7649 7628 7625
3 7635 7625 7639
3 7635 7649 7625
3 11154 8881 7626
3 11295 7626 8881
3 11295 10937 7626
3 11154 7626 11155
3 7628 7680 7684
3 7720 8075 7629
3 9515 7629 8075
3 7630 7662 7717
3 7813 9596 7631
3 11215 7631 9596
3 9223 7632 9596
3 11215 9596 7632
3 11136 9241 7633
3 7633 10352 10390
3 11166 7633 10390
3 11166 11136 7633
3 7639 9614 7635
3 7635 8295 7649
3 7635 8198 8295
3 7635 9614 8198
3 8491 7636 9287
3 8491 10602 7636
3 7638 7830 7648
3 7638 7816 7830
3 8394 8423 7641
3 7641 8423 9811
3 7642 9852 9848
3 7642 10148 9895
3 7643 7977 7866
3 7643 7866 9374
3 10514 7982 7643
3 10514 7643 9374
3 8768 7644 8774
3 8067 9613 7645
3 10714 7647 10720
3 7648 8018 7795
3 7648 7830 7811
3 7648 7811 8018
3 7649 8295 10688
3 7665 8423 7654
3 8031 7924 7654
3 8031 7654 8423
3 7704 7655 7677
3 7671 10684 7659
3 8226 7662 9966
3 11304 11303 7664
3 7665 9811 8423
3 9373 7668 7941
3 7668 9802 7941
3 10897 7668 9373
3 10360 7668 9693
3 10897 9693 7668
3 10360 9802 7668
3 8514 7669 8572
3 8572 7669 9041
3 7671 8706 10684
3 7685 7676 7690
3 7685 7742 7676
3 7676 7702 7690
3 7676 7703 7702
3 7677 11334 7704
3 11334 7677 11331
3 10945 7679 11279
3 7680 7685 7684
3 7680 7742 7685
3 7859 7730 7681
3 7683 8504 8549
3 9678 7687 10035
3 8599 7689 8144
3 8599 9111 7689
3 10857 7689 10877
3 7702 7692 7700
3 7703 7692 7702
3 8240 7692 7703
3 8238 7692 8240
3 7695 7693 7706
3 7709 7706 7693
3 7694 10374 10339
3 10361 10374 7694
3 7695 7706 7715
3 8504 7698 7699
3 9108 7698 7701
3 8549 8504 7699
3 8713 9108 7701
3 8240 7703 8242
3 7709 7713 7706
3 7706 7713 7715
3 8140 8156 7710
3 10607 10594 7711
3 10607 7711 10749
3 7729 7716 7712
3 9110 7729 7712
3 7714 10655 10654
3 10670 10655 7714
3 8626 7834 7719
3 8634 8626 7719
3 8163 7720 7982
3 8163 8075 7720
3 8815 7721 7748
3 8049 7726 8895
3 9653 7727 7738
3 7731 7737 8115
3 7731 8115 9419
3 7732 8027 9269
3 7732 9706 8027
3 7732 9269 11045
3 7732 9683 9706
3 7732 11132 9683
3 7732 11045 11132
3 9016 9034 7734
3 9557 11300 7735
3 11234 7735 11280
3 7735 11321 11280
3 11300 11321 7735
3 8050 8028 7736
3 9653 7738 9643
3 10357 8080 7739
3 8833 7739 9219
3 8833 10357 7739
3 7743 11288 11241
3 7746 7761 7765
3 8475 7761 7746
3 9720 8815 7748
3 9720 7748 8818
3 8643 7752 10812
3 10016 8644 7752
3 7752 8644 10812
3 8971 7753 8942
3 7754 10892 10895
3 8467 7759 7758
3 7770 7758 7768
3 7760 10492 10491
3 8475 7762 7761
3 7762 11267 7761
3 7763 7923 7985
3 7763 7985 7956
3 8832 7763 7956
3 7766 8847 8696
3 7771 8230 9410
3 7771 9410 9397
3 8195 7779 7776
3 8195 7784 7779
3 7780 8491 9287
3 7780 10833 8491
3 7781 9229 9245
3 8162 7844 7794
3 8162 7794 10465
3 10340 7794 9784
3 10465 7794 10340
3 8180 7795 8018
3 10743 7795 8180
3 7842 7798 7838
3 7798 7945 7838
3 10905 7798 7842
3 9705 8533 7799
3 8215 7824 7801
3 7830 7816 7803
3 9004 11143 7807
3 7807 11143 9458
3 9890 9936 7808
3 7813 9429 9223
3 7813 9223 9596
3 8464 8460 7818
3 7819 7823 7831
3 7819 11028 7823
3 7820 7909 7911
3 7968 7973 7820
3 7821 8584 8594
3 8831 7821 8585
3 7821 8985 8585
3 7821 8594 8985
3 7823 8406 7831
3 7825 9428 8258
3 8407 7829 7828
3 8416 7828 7829
3 8406 7828 7831
3 8406 8407 7828
3 7832 9515 10509
3 9530 7833 9517
3 7955 7835 7941
3 10987 7835 7955
3 7898 7855 7836
3 10131 7838 7945
3 10131 9117 7838
3 7839 10794 10798
3 10411 7841 9974
3 10430 7841 10411
3 8162 7922 7844
3 7848 7854 7852
3 7848 8402 7854
3 8441 8542 7849
3 7849 8542 9292
3 7851 7850 8008
3 7873 7881 7850
3 7881 8008 7850
3 8006 7851 8008
3 9748 8906 7853
3 8906 10554 7853
3 10552 7853 10554
3 7892 7858 7870
3 7892 7889 7858
3 10813 7859 8506
3 10010 9971 7860
3 7861 7867 7870
3 10627 7864 9052
3 7949 7891 7866
3 7866 7891 9374
3 7949 7866 7977
3 7867 7892 7870
3 7867 7877 10989
3 7867 10989 7892
3 7868 10735 9492
3 7868 10507 10735
3 7872 8153 8164
3 9939 8153 7872
3 7874 7881 7873
3 7874 7873 10796
3 8402 10796 7873
3 10989 7881 7874
3 7874 7889 7892
3 10989 7874 7892
3 10195 10227 7875
3 10227 10661 7875
3 10528 7882 10442
3 7882 10837 10442
3 7887 10058 7900
3 10257 7888 10431
3 7890 10293 10295
3 11136 9374 7891
3 11136 7891 11336
3 9723 8133 7894
3 7895 7901 7902
3 7896 7927 7963
3 7896 8044 7927
3 8627 8649 7899
3 8449 7905 9843
3 8076 7906 8991
3 9518 7906 8076
3 9003 8991 7906
3 9003 7906 8997
3 8066 7923 7907
3 8594 8972 7910
3 8594 7910 8985
3 8972 10723 7910
3 8985 7910 10726
3 8231 10267 7916
3 8231 7916 10950
3 8451 10950 7916
3 8451 7916 11125
3 7916 10267 10079
3 7916 10079 11125
3 7919 7928 7934
3 8353 7928 7919
3 7919 7933 7929
3 7919 7934 7933
3 7983 7947 7921
3 7947 9270 7921
3 8010 7983 7921
3 8324 8010 7921
3 8324 7921 9283
3 9270 9283 7921
3 8066 7985 7923
3 7963 7927 7981
3 7928 7938 7934
3 7928 7939 7938
3 7928 7946 7939
3 8353 7946 7928
3 8540 7929 7933
3 10164 7930 7932
3 7952 7930 10489
3 10164 10161 7930
3 10161 10489 7930
3 9978 7932 9977
3 10164 7932 9978
3 8173 7935 10470
3 7937 9550 10963
3 7961 7938 7939
3 7961 7957 7938
3 7939 7946 7967
3 7965 7961 7939
3 7965 7939 7967
3 8403 8414 7940
3 7955 7941 9802
3 8353 7943 7946
3 7944 10510 10650
3 7944 10650 10515
3 8310 7947 7983
3 9264 9270 7947
3 7948 8699 8982
3 8934 7948 8982
3 7949 7977 7973
3 7950 9007 10683
3 7958 7954 7953
3 7955 9802 10116
3 10196 7955 10116
3 10196 10987 7955
3 8032 7956 7985
3 7957 7961 7962
3 7965 7962 7961
3 7966 8016 10618
3 10514 8163 7982
3 8010 8313 7983
3 8053 7985 8030
3 8066 8030 7985
3 8053 8032 7985
3 8212 11319 7990
3 10109 11102 7990
3 11319 10109 7990
3 8321 8364 7992
3 8019 7994 8076
3 8019 8847 7994
3 8041 8076 7994
3 8041 7994 8137
3 7994 8964 8137
3 7994 8847 8964
3 7995 9255 9126
3 7995 9126 9569
3 8101 7996 8099
3 8102 7996 8101
3 8102 10147 7996
3 8455 8508 7997
3 8455 7997 8893
3 8893 7997 9976
3 7999 9308 9213
3 8000 8006 8008
3 8000 10870 8006
3 10182 8002 8097
3 8526 8003 9038
3 9038 8003 9599
3 8006 10858 10852
3 8006 10870 10858
3 8009 8169 8176
3 8010 8315 8313
3 8179 8341 8011
3 10133 8014 10007
3 8019 8076 8991
3 8019 8696 8847
3 8021 10069 10280
3 8021 10904 10069
3 8022 9069 8987
3 8022 8987 9098
3 8022 11101 9069
3 10592 8617 8026
3 9776 9269 8027
3 9776 8027 9763
3 8273 8028 8050
3 8273 8561 8028
3 8028 8561 8411
3 8029 9272 8209
3 8070 8053 8030
3 8066 8058 8030
3 8058 11001 8030
3 8070 8030 11001
3 8394 8031 8423
3 9703 8033 9668
3 10574 8035 10582
3 8037 10047 9355
3 8039 10044 10045
3 8041 8088 8076
3 8041 9102 8088
3 8041 8137 8954
3 8041 8954 9102
3 8633 8045 8193
3 8047 8487 8886
3 8047 9799 8487
3 8047 9815 9799
3 8210 8051 8048
3 8048 8051 8290
3 8210 8048 8247
3 8048 8290 8285
3 8050 8127 8221
3 8273 8050 8221
3 8058 10527 10620
3 8058 10620 11001
3 8060 10360 9332
3 8060 10359 10360
3 8181 8064 8061
3 9154 8061 8064
3 9063 10345 8063
3 9063 8063 10676
3 10936 8063 10644
3 10936 10676 8063
3 8181 10193 8064
3 9154 8064 9704
3 8070 11001 9177
3 8163 8154 8075
3 10509 8075 8154
3 9515 8075 10509
3 9518 8076 8088
3 8105 8087 8077
3 10461 8077 8087
3 8145 8077 10561
3 10461 10561 8077
3 8079 8160 10248
3 8079 10248 10711
3 10010 8080 10357
3 8081 8164 9973
3 8116 8083 8082
3 8083 9506 8082
3 8120 8087 11255
3 8932 8927 8088
3 9518 8088 8927
3 8088 9102 8932
3 9420 8377 8089
3 9949 8105 8090
3 9949 8090 9837
3 8093 9274 8139
3 9093 9096 8094
3 8244 10956 8096
3 8096 10956 10926
3 8096 10926 11127
3 8101 8099 8121
3 8100 8561 8273
3 8100 8516 8561
3 8100 10452 10434
3 8102 8101 8107
3 8101 8119 8107
3 8101 8121 8119
3 8104 9926 9891
3 9926 8104 9929
3 9929 8104 9934
3 8363 8106 9247
3 8107 8119 8118
3 8114 10339 10374
3 8492 9413 8115
3 9419 8115 9413
3 8118 8119 8122
3 8119 8121 8126
3 8119 8126 8122
3 8121 8125 8126
3 8122 8126 8129
3 8123 8126 8125
3 8123 8129 8126
3 9087 8128 9700
3 8130 8197 8208
3 8133 9446 8134
3 8135 9468 9870
3 8143 8141 8136
3 8137 8958 8954
3 8137 8960 8958
3 8137 8964 8960
3 10965 8144 11126
3 8155 8145 10561
3 10666 8145 8155
3 10666 10410 8145
3 8160 8149 8161
3 9083 8150 9963
3 9973 8164 8153
3 8278 8155 8263
3 8721 8263 8155
3 10666 8155 8278
3 8721 8155 10561
3 8720 8895 8157
3 8160 8161 10187
3 8160 10187 10248
3 8161 8171 10187
3 9691 9688 8165
3 9688 9707 8165
3 9006 8167 9051
3 8306 8213 8170
3 8170 8213 9333
3 8171 9922 10071
3 8171 10071 10087
3 8171 10087 10207
3 8171 10207 10187
3 8174 9486 9023
3 8174 9471 9486
3 8175 8305 10544
3 8175 11017 8305
3 8175 11004 10146
3 8175 10146 11018
3 10678 8175 10544
3 10678 11004 8175
3 8175 11018 11017
3 10169 8177 10157
3 10169 10178 8177
3 10202 8341 8179
3 10743 8180 9463
3 8183 8182 8189
3 8183 9904 8182
3 8183 8189 9906
3 9390 10216 8184
3 9390 8184 11298
3 8472 9914 8185
3 8185 9914 11049
3 11042 8185 11049
3 8187 8189 9463
3 8187 9906 8189
3 8187 9463 9503
3 8187 9503 9628
3 8187 9628 9641
3 8187 9641 9906
3 8188 9634 8329
3 8189 10743 9463
3 8191 8344 8196
3 9260 8865 8192
3 9635 8192 8865
3 9260 8192 11315
3 9635 9762 8192
3 8192 9762 10615
3 8192 10615 11315
3 8399 8275 8193
3 8633 8193 8275
3 8399 8193 9386
3 11291 8194 8368
3 8196 8210 8247
3 10992 8196 8247
3 8208 8197 11266
3 9614 8202 8198
3 8264 8198 8248
3 8264 8295 8198
3 8199 8203 8636
3 8199 8636 8233
3 8200 11056 11039
3 8200 11060 11056
3 8203 10189 8636
3 8203 10193 10189
3 8206 10699 8205
3 8206 8205 11002
3 10154 8207 8218
3 11263 8208 11245
3 11245 8208 11266
3 11263 11258 8208
3 8211 8250 8224
3 8212 9272 9273
3 8306 9348 8213
3 9106 9333 8213
3 9203 8214 8844
3 9093 8222 9096
3 10668 8422 8225
3 9190 9192 8225
3 9192 9199 8225
3 9199 10668 8225
3 8775 8226 10814
3 8226 9966 10814
3 8230 9382 9410
3 8231 9466 10267
3 8231 10268 9466
3 8231 11170 10268
3 8231 10950 11170
3 8268 10568 8232
3 10169 8235 8233
3 10169 8233 8636
3 10169 10157 8235
3 9053 8236 10740
3 10949 10562 8239
3 9110 8240 8242
3 8243 8620 11007
3 8243 11007 11281
3 8244 8262 10956
3 11023 8251 8317
3 8256 8252 8254
3 8254 8252 10688
3 8276 8256 8254
3 8261 8254 10688
3 9621 8257 9625
3 8258 9428 9542
3 10318 10912 8259
3 10347 8259 10912
3 8994 8260 9652
3 8264 8261 8295
3 8261 10688 8295
3 8263 10733 10766
3 8267 8265 8266
3 10403 8265 8267
3 10403 8282 8265
3 8280 8279 8267
3 8399 8428 8275
3 8428 8471 8275
3 8670 8275 8471
3 8633 8275 8670
3 10288 8284 10331
3 8366 8287 8322
3 8322 8287 9858
3 9089 8297 8292
3 8296 10772 10773
3 10385 8297 9089
3 8328 8322 8299
3 8322 9037 8299
3 8328 8299 9282
3 8976 9282 8299
3 8300 10914 8356
3 10593 8301 10997
3 8761 8763 8302
3 11017 8317 8305
3 8367 8307 10165
3 8391 10165 8307
3 8328 8308 8366
3 8366 8308 8924
3 8308 8367 8924
3 8312 8327 8375
3 8315 10416 10417
3 8321 11158 8364
3 8328 8366 8322
3 8322 9858 9037
3 8771 8323 11089
3 8323 10397 9830
3 8324 9283 9133
3 8887 8348 8325
3 8348 9133 8325
3 8887 8325 9085
3 8325 9133 9283
3 11270 8443 8329
3 11270 8329 9634
3 8330 9270 9264
3 9383 8334 9331
3 8370 8335 8575
3 9581 8479 8335
3 8336 8346 8342
3 8336 10914 10915
3 10202 10692 8341
3 8342 8346 8345
3 8817 11159 8343
3 9962 8381 8344
3 8347 10269 10271
3 8887 11142 8348
3 10136 10055 8349
3 10055 11012 8349
3 10792 8349 11012
3 8358 8360 8357
3 8357 8360 8361
3 8357 8361 8376
3 8365 8362 8734
3 10264 8641 8364
3 10264 8364 11158
3 10165 8924 8367
3 8989 9277 8369
3 8989 8369 9602
3 8369 9277 9273
3 8370 8575 10483
3 10952 8371 8448
3 9427 8377 9420
3 9962 9998 8381
3 8445 8461 8383
3 9060 8445 8383
3 8461 8454 8383
3 8454 8552 8383
3 8552 8545 8383
3 9060 8383 8545
3 8384 8745 9800
3 8893 9976 8384
3 9755 8395 8386
3 8389 8397 8387
3 10687 8388 9462
3 8390 8590 8941
3 9483 9475 8390
3 8399 8560 8428
3 8405 8400 11220
3 8402 8905 10796
3 8561 8766 8411
3 8413 8412 8785
3 10454 8412 8413
3 10454 9544 8412
3 8415 10521 10512
3 10547 10521 8415
3 8428 8560 8947
3 8429 11329 8951
3 8430 8435 8433
3 8435 8867 8433
3 8952 8433 8867
3 8952 9409 8433
3 9315 8867 8435
3 9224 8436 9689
3 8438 10372 8969
3 8438 10266 10372
3 8440 11121 9619
3 8441 10890 8542
3 10954 10942 8442
3 8442 11023 11043
3 8446 9669 9660
3 10952 8448 11034
3 8454 8673 8552
3 8676 8673 8454
3 8455 8811 8484
3 8455 8893 8811
3 8460 8464 8459
3 8465 8459 8464
3 8488 8462 8494
3 8488 8502 8462
3 8468 10819 8917
3 8468 10885 10819
3 8468 11013 10885
3 8670 8471 8519
3 8472 11073 9914
3 10742 8479 9593
3 9306 8480 8501
3 8485 10153 8488
3 9799 9810 8487
3 9805 8487 9810
3 8488 10153 8502
3 8491 10833 10602
3 8492 9395 9413
3 9645 9650 8499
3 8500 8503 8505
3 10153 9750 8502
3 9295 10813 8506
3 8510 8514 8521
3 8522 8511 8513
3 8689 8511 8522
3 8514 8572 8521
3 9489 9392 8515
3 8561 8516 8766
3 8530 8518 8536
3 9167 8520 9414
3 8526 9038 9577
3 8527 8536 9375
3 9705 10913 8533
3 8535 10863 8737
3 9659 8538 9660
3 9659 11041 8538
3 9775 9292 8542
3 9775 8542 10890
3 8790 8544 8890
3 9631 8890 8544
3 9631 8544 10284
3 10832 9060 8545
3 11076 11052 8548
3 8555 10281 8550
3 8555 10444 10281
3 8557 10325 10322
3 8560 9798 8947
3 8607 8563 11260
3 9565 9501 8563
3 8716 8744 8567
3 8692 8568 8576
3 9002 8576 8568
3 8572 9041 8582
3 9311 8573 9656
3 11257 9656 8573
3 8933 8692 8576
3 8577 9095 10176
3 10183 8577 10176
3 10181 8577 10183
3 8606 8778 8582
3 8606 8582 9041
3 8831 8585 8693
3 8587 11292 8586
3 8586 8928 10320
3 8588 8778 8598
3 8730 8590 9472
3 10672 10499 8592
3 8679 9111 8599
3 10179 8679 8599
3 8600 10581 10637
3 11177 8600 10637
3 8948 9554 8601
3 10291 8602 8603
3 8604 8694 10329
3 8606 8615 8778
3 8606 10242 8615
3 8606 9041 10242
3 10372 8608 8969
3 8608 10562 8969
3 8839 8611 8612
3 8611 8613 8617
3 8611 8848 8613
3 8839 8848 8611
3 8621 9540 10633
3 8621 10633 11165
3 8625 11224 8802
3 8625 11242 11224
3 8729 10285 8629
3 9322 9430 8630
3 9337 8665 8631
3 9337 8631 9329
3 11081 8816 8635
3 10169 8636 10178
3 10178 8636 10189
3 8639 8705 8780
3 10821 8643 10812
3 10825 8643 10821
3 10572 8644 8659
3 10572 10812 8644
3 8650 9554 8948
3 9552 8650 9510
3 8841 11274 8651
3 11228 8654 8657
3 10572 8659 10808
3 9842 8660 10867
3 10955 8660 10838
3 8663 9214 9686
3 8663 9686 10287
3 8675 8673 8676
3 8679 9442 9111
3 9153 9408 8679
3 9153 8679 10179
3 9408 9442 8679
3 10274 8680 10319
3 9139 8681 9124
3 10771 9112 8682
3 10943 10771 8682
3 10943 8682 11248
3 8704 11135 8691
3 11138 8691 11135
3 8933 8786 8692
3 9399 8692 8786
3 11285 10329 8694
3 11285 8694 10415
3 9688 8698 9707
3 9006 8701 8733
3 9006 9051 8701
3 8701 9051 9511
3 8701 9511 9494
3 8702 9151 8727
3 9224 9689 8707
3 9224 8707 9903
3 9899 9903 8707
3 9918 9899 8707
3 8713 9090 9108
3 8716 8715 8726
3 8716 8726 8731
3 8716 8731 8744
3 8888 9073 8717
3 9043 8717 9073
3 8720 8727 9151
3 8721 10561 10590
3 8726 8757 8731
3 8726 9821 8757
3 8730 9472 8940
3 8732 8806 10498
3 8741 10343 10837
3 8743 10902 10160
3 11201 9800 8745
3 10700 8747 8749
3 11324 8753 9160
3 8754 9557 10261
3 8754 11300 9557
3 8754 10261 10845
3 8771 11089 10335
3 8789 8773 8784
3 8775 9766 8959
3 8781 10561 10461
3 8781 10590 10561
3 8781 11103 10590
3 9718 8787 8783
3 8830 9711 8783
3 9718 8783 9711
3 8952 8786 8956
3 9399 8786 8952
3 8819 8800 8789
3 9001 8956 8794
3 9001 8794 10799
3 10021 10799 8794
3 8796 9576 9575
3 8797 9986 10018
3 10089 8797 10018
3 10129 8797 10101
3 10804 9563 8804
3 9563 10822 8804
3 8973 8806 8859
3 8973 10498 8806
3 8950 9150 8828
3 8833 9219 8868
3 9718 9711 8834
3 8892 9725 8838
3 8841 11302 11274
3 10882 10805 8842
3 10757 8900 8843
3 9563 9203 8844
3 9563 8844 10822
3 8853 11326 9423
3 8853 9466 10268
3 10972 8854 10979
3 8973 8859 9594
3 10149 8865 8873
3 10149 9635 8865
3 9399 8952 8867
3 8946 8868 9219
3 9080 8873 9439
3 10149 8873 9080
3 9439 8873 9426
3 10829 10827 8875
3 8879 8880 10241
3 8884 8881 9508
3 11295 8881 8884
3 8907 8884 9508
3 11299 8884 8907
3 8887 9085 9184
3 8887 9184 9330
3 8887 9330 11142
3 8888 8891 9073
3 9498 9400 8890
3 9631 9498 8890
3 8891 8932 9073
3 10036 10030 8896
3 8897 9805 10294
3 8934 8982 8902
3 8939 8902 8982
3 8939 10600 8902
3 9748 8911 8906
3 9094 10995 8910
3 8911 8915 8916
3 8987 8912 9098
3 8935 8914 9010
3 8935 9037 8914
3 8914 9037 9858
3 10819 10830 8917
3 8920 9746 9744
3 8922 9205 9598
3 8925 8996 10437
3 11171 8926 8931
3 9073 8932 9102
3 8935 9010 8970
3 8939 11273 10600
3 8946 9392 9941
3 9534 8948 9533
3 9147 8950 9128
3 9147 9150 8950
3 8994 8951 9415
3 8952 8956 9409
3 9043 9102 8954
3 9409 8956 9001
3 9766 10068 8959
3 9017 8999 8968
3 10949 8969 10562
3 10638 10635 8972
3 10635 10723 8972
3 9221 9072 8974
3 10418 8975 10412
3 10422 10412 8975
3 10421 8975 10418
3 10431 8975 10421
3 10563 9082 8979
3 9411 9001 8980
3 9001 10799 8980
3 9411 8980 9334
3 10799 10588 8980
3 9267 9846 8981
3 9953 9267 8981
3 9291 9965 8988
3 8989 9602 9527
3 9250 9730 8990
3 11291 11297 8990
3 10671 10761 8995
3 10981 11118 8995
3 10417 10393 8996
3 10393 10437 8996
3 9281 9231 8998
3 9231 10185 8998
3 10844 8999 9017
3 9409 9001 9411
3 9020 11064 11158
3 10113 9025 9036
3 10113 9077 9025
3 9356 9026 9353
3 9357 9026 9356
3 9033 9055 9565
3 9403 9036 9937
3 10336 9036 9403
3 10336 10113 9036
3 9982 11217 9040
3 11188 9040 10828
3 10828 9040 11217
3 11188 11273 9040
3 9043 9073 9102
3 9045 9057 9212
3 9045 9144 9216
3 9478 9046 9216
3 9514 9216 9046
3 9482 9198 9047
3 9049 10466 10464
3 9049 10479 10466
3 9049 10501 10479
3 9049 10480 10501
3 10414 11140 9050
3 9064 10336 9052
3 10627 9052 10336
3 10742 9593 9053
3 10742 9053 10740
3 9054 10996 9094
3 9514 9055 9216
3 9514 9565 9055
3 9058 9239 9059
3 9058 9059 9300
3 9059 9239 9061
3 9336 9061 9239
3 9063 10676 9788
3 9916 10345 9063
3 9064 10113 10336
3 9065 11253 11077
3 9065 11077 11306
3 10406 11174 9066
3 11022 9066 10507
3 10507 9066 11174
3 9070 9077 10957
3 9120 9071 9084
3 9120 9451 9071
3 10250 9071 9451
3 9221 9268 9072
3 11310 9074 9242
3 9078 9494 9511
3 9081 9359 9242
3 9383 9184 9085
3 9092 10774 9432
3 9092 10638 10774
3 9094 10932 10995
3 9094 10996 10932
3 9105 9099 9101
3 10745 9099 9105
3 9109 11093 11211
3 9404 9451 9120
3 9126 9137 9122
3 10601 9320 9123
3 9123 9320 10884
3 10601 9123 10053
3 9124 9137 9134
3 9240 9125 10051
3 9126 9255 9137
3 9135 9131 9132
3 9135 9176 9131
3 9172 9131 9176
3 9134 9137 9255
3 9135 9163 9176
3 9138 10440 11266
3 9141 9139 11000
3 9141 11000 9699
3 9144 9150 9145
3 9478 9144 9145
3 9478 9216 9144
3 9147 9145 9150
3 9147 9195 9145
3 9478 9145 9195
3 9147 9194 9195
3 10427 9363 9149
3 10353 10427 9149
3 9215 9157 9528
3 9215 11132 9157
3 11045 9157 11132
3 9181 11324 9160
3 9163 9162 9261
3 11160 9261 9162
3 9167 9414 9168
3 9168 9172 9173
3 9168 9414 9172
3 9173 9172 9176
3 9175 9185 9188
3 9196 9185 9175
3 10346 9196 9175
3 9225 9177 11001
3 9178 9522 9499
3 9605 9180 9807
3 11000 11324 9181
3 9196 10338 9185
3 9541 9185 10628
3 9185 10338 10628
3 9186 9202 9197
3 9192 9561 9199
3 9192 9562 9561
3 10337 10338 9196
3 10346 10337 9196
3 9482 9207 9198
3 9199 9561 9560
3 9201 11121 10203
3 9206 9496 9205
3 9209 9818 9833
3 9209 9833 9835
3 9209 9835 9836
3 10758 9215 9528
3 9215 10986 9683
3 9215 9683 11132
3 10758 10986 9215
3 10539 9217 10537
3 9248 9825 9220
3 11045 9268 9221
3 9225 11001 10620
3 10666 9226 10410
3 9230 9303 9236
3 9230 9299 9301
3 9230 9301 9303
3 9281 9232 9231
3 9234 9235 9236
3 9234 9236 9303
3 9234 9303 9237
3 9237 9303 9307
3 9237 9307 9313
3 9336 9239 9342
3 11136 11336 9241
3 10112 9253 9251
3 10112 9251 9263
3 9257 9309 9256
3 9263 9256 9262
3 9313 9262 9256
3 9313 9256 9309
3 10112 9263 9262
3 9307 9262 9313
3 9307 9326 9262
3 9325 9262 9326
3 10112 9262 9325
3 11045 9269 9268
3 9776 9632 9269
3 9276 9542 9540
3 9280 9278 9279
3 9765 9284 9912
3 9887 9912 9284
3 9286 9712 10390
3 9286 10390 11087
3 9321 9367 9289
3 9296 9749 9732
3 9297 9298 9299
3 9297 9299 9300
3 9298 9301 9299
3 9298 9326 9301
3 9298 9324 9326
3 9303 9301 9307
3 9307 9301 9326
3 10913 9305 9304
3 10328 9304 9512
3 10913 9304 10328
3 9705 9305 10913
3 9427 9420 9317
3 9640 10941 9319
3 10032 10599 9323
3 9325 9326 9324
3 11338 9330 9983
3 11338 11142 9330
3 9332 10360 9693
3 9935 9764 9339
3 10687 9462 9348
3 9361 9356 9353
3 9354 10596 10595
3 9358 9357 9356
3 9431 9358 9443
3 9370 9934 9360
3 9875 9360 9869
3 9360 9934 9935
3 9366 9529 9603
3 9366 9603 9606
3 9401 9714 9367
3 9370 9929 9934
3 11166 10514 9374
3 11166 9374 11136
3 9378 9380 9418
3 9380 11131 11117
3 9385 9543 9894
3 10080 9543 9385
3 9393 9417 9388
3 9389 9397 9410
3 9391 11181 11182
3 9710 9392 9489
3 9710 9941 9392
3 9393 9416 9417
3 11117 9394 9591
3 11117 11131 9394
3 9521 9413 9395
3 9398 11254 11259
3 9434 9400 9498
3 9401 9648 9436
3 9401 9436 9714
3 9672 9648 9401
3 9635 9403 9937
3 10149 9403 9635
3 9944 9442 9408
3 9944 9408 10156
3 9421 9443 9422
3 9431 9443 9421
3 9422 9443 11034
3 9439 9426 9459
3 9426 9452 9459
3 9542 9428 10633
3 9768 9436 9648
3 9944 10958 9442
3 10534 9442 10958
3 9552 9502 9444
3 9444 9502 9827
3 9444 9633 9604
3 9444 9827 9633
3 9464 9452 9447
3 9448 10218 10219
3 11137 10218 9448
3 9449 9863 9455
3 11105 9863 9449
3 10222 11105 9449
3 10251 10250 9451
3 9464 9459 9452
3 11105 9457 9863
3 9465 9458 11143
3 11137 9460 10218
3 9483 9474 9475
3 9710 9489 10079
3 9490 10924 11108
3 9490 11097 11096
3 9490 11109 11097
3 9490 11108 11109
3 9514 9504 9501
3 9514 9501 9565
3 9552 9510 9502
3 9522 9505 11260
3 9523 9524 11282
3 9524 11259 11254
3 11254 11282 9524
3 9525 10425 9874
3 9525 9874 10907
3 9525 10907 10527
3 9872 9547 9531
3 9539 9534 9533
3 9947 9535 10457
3 9536 10117 10073
3 9536 10350 10117
3 9540 9542 10633
3 10606 9713 9544
3 10606 9544 10454
3 9566 11219 11032
3 9566 11317 11219
3 9567 11269 11124
3 10109 9569 9568
3 10109 9568 11102
3 9579 9571 10206
3 11234 9822 9572
3 11109 11108 9574
3 9579 10206 10184
3 9581 9587 9588
3 9581 10405 9587
3 9586 9606 9584
3 9585 9588 9587
3 9586 9594 9589
3 9587 10405 10833
3 9597 9590 9879
3 10307 11117 9591
3 9633 9664 9604
3 9604 9664 10799
3 10021 9604 10799
3 9605 9807 9907
3 9655 9610 9654
3 9618 9667 9629
3 9621 9625 9623
3 9622 9649 9637
3 9654 9624 9658
3 9624 9662 9658
3 10341 9627 9964
3 9964 9627 11251
3 9768 9641 9628
3 9636 9629 9667
3 9734 9629 9636
3 9734 9957 9629
3 9631 10284 10273
3 9751 9657 9632
3 9751 9632 9776
3 9635 9937 9762
3 9636 9667 9673
3 9638 10374 10361
3 9768 9648 9641
3 9653 9643 9671
3 9657 9668 9644
3 9645 9647 9650
3 9645 9680 9647
3 9645 9679 9680
3 9655 9658 9649
3 9653 9671 9675
3 9655 9654 9658
3 9736 9668 9657
3 9751 9736 9657
3 9661 9739 9774
3 10799 9664 10588
3 9703 9668 9736
3 10497 9702 9674
3 10391 9676 9943
3 9683 10966 9706
3 9683 10986 10966
3 9688 10287 9686
3 9694 9687 9698
3 9691 10287 9688
3 10897 10856 9693
3 9699 9697 9695
3 10001 9706 10966
3 10267 9710 10079
3 11166 10390 9712
3 11166 9712 10514
3 9819 10124 9724
3 9751 9747 9736
3 9743 9744 9746
3 9747 9759 9745
3 9751 9759 9747
3 9751 9776 9759
3 10890 9757 11316
3 9776 9763 9759
3 9872 9765 9912
3 9940 9942 9767
3 10389 10387 9773
3 9775 10890 11316
3 9852 9779 9848
3 9809 9782 9787
3 10340 9784 9963
3 10070 10072 9793
3 9810 9799 9818
3 9833 9818 9799
3 10359 10116 9802
3 10359 9802 10360
3 9810 9804 9805
3 9804 10294 9805
3 9816 10580 10050
3 10190 10201 9824
3 10487 9830 10397
3 10406 9830 11174
3 11174 9830 10487
3 9835 9841 9836
3 9910 9842 9933
3 9842 10867 9933
3 9850 10663 9855
3 9874 10425 10260
3 9884 9878 9877
3 9884 9881 9883
3 9900 9885 10130
3 11332 9885 9900
3 9928 9893 9896
3 9895 10148 9909
3 10312 9928 9896
3 9896 10308 10312
3 9897 10892 10888
3 10300 10400 9898
3 9899 9901 9903
3 10198 9900 10130
3 10198 10217 9900
3 10217 10224 9900
3 11332 9900 10224
3 9908 10033 10019
3 9908 10065 10033
3 9914 11047 11049
3 11330 11047 9914
3 11330 9914 11073
3 9915 10273 10265
3 10418 10412 9920
3 10597 10690 9925
3 9928 10312 10793
3 10867 10764 9933
3 10506 9942 10522
3 10391 9943 10387
3 10878 9944 10156
3 10878 10958 9944
3 10991 9950 10402
3 9951 10597 10000
3 9951 10000 10664
3 10445 10500 9951
3 10445 9951 10664
3 10500 10690 9951
3 9951 10690 10597
3 9955 9952 9954
3 10199 10127 9959
3 11190 9960 11086
3 9961 10649 10653
3 9961 10655 10670
3 9962 10988 9998
3 10814 9966 10429
3 9970 11256 11255
3 10121 9971 10010
3 10121 10302 9971
3 9978 9977 10030
3 10036 9978 10030
3 10164 9978 10162
3 10000 9979 10142
3 10597 9979 10000
3 10314 10142 9979
3 10018 9986 10173
3 9999 10966 10656
3 10035 10003 10037
3 10037 10003 10081
3 10005 10378 10321
3 10005 10435 10378
3 10133 10007 10034
3 10121 10010 10357
3 10014 10283 10444
3 10014 10444 10782
3 11209 11205 10015
3 10173 10097 10018
3 10019 10033 10027
3 10025 10110 10026
3 10136 10029 10055
3 10787 10781 10032
3 10037 10081 10137
3 10041 10408 11179
3 10041 11179 11178
3 10043 10940 10909
3 10044 10046 10045
3 10057 10062 10054
3 10083 10059 10177
3 10066 10329 11285
3 10546 10066 11285
3 10280 10069 10912
3 10076 10088 10078
3 10076 10104 10111
3 10077 10093 10105
3 10077 10105 10102
3 10078 10088 10086
3 10081 11019 10137
3 10081 11067 11019
3 10087 10089 10192
3 10087 10192 10207
3 10090 10093 10091
3 10090 10103 10093
3 10093 10103 10105
3 10096 10125 10101
3 10384 10097 10173
3 10330 10097 10384
3 10102 10105 10098
3 10129 10101 10125
3 10171 10196 10116
3 10171 10116 10359
3 10612 10118 10258
3 10121 11290 10302
3 10238 10318 10122
3 10238 10122 11320
3 10130 10137 10204
3 10198 10130 10204
3 10145 10141 10135
3 10137 11019 10204
3 10314 10152 10142
3 10251 10144 10250
3 10250 10144 10253
3 11018 10146 10923
3 11044 10923 10146
3 10197 10152 10314
3 10164 10163 10161
3 10164 10162 10163
3 10208 10167 10166
3 10200 10208 10166
3 10208 10168 10167
3 10239 10180 10211
3 10275 10184 10206
3 10187 10207 10233
3 10187 10233 10248
3 10188 10198 10204
3 10188 11026 10198
3 10188 10204 11020
3 10188 11020 11027
3 10188 11025 11026
3 10188 11027 11025
3 10190 10191 10205
3 10190 10205 10201
3 10192 10214 10207
3 10195 10692 10202
3 10197 10314 10231
3 11026 10217 10198
3 10199 10201 10200
3 10200 10201 10205
3 10208 10200 10205
3 11019 11020 10204
3 10207 10214 10233
3 10220 10233 10214
3 10220 10906 10335
3 11332 10224 11167
3 10226 10570 10544
3 10229 11198 11203
3 10317 10231 10314
3 10317 10315 10231
3 10232 10249 10255
3 10617 10249 10232
3 10845 10731 10237
3 10237 10731 10953
3 10237 10953 11077
3 10237 11077 11253
3 10238 10280 10318
3 10617 10625 10249
3 10612 10258 10256
3 10327 10612 10256
3 10389 10259 10262
3 10845 10261 10731
3 10261 11196 10731
3 10391 10262 10386
3 10389 10262 10387
3 10391 10387 10262
3 10810 10264 11158
3 10355 10473 10266
3 10266 10473 10372
3 10280 10912 10318
3 10942 10299 10946
3 10954 10299 10942
3 10954 11318 10299
3 10309 10312 10308
3 10820 10824 10311
3 10824 10852 10311
3 10901 10311 10852
3 10378 11095 10321
3 10495 10321 10492
3 10492 10321 11095
3 10659 10660 10333
3 10355 11204 10334
3 10338 10342 10628
3 10630 10628 10342
3 11229 10343 10828
3 11087 10390 10352
3 11087 10352 11083
3 10353 10434 10427
3 10356 10499 10672
3 10356 10672 11147
3 10526 10366 10803
3 11247 10803 10366
3 10377 10375 10376
3 10378 10435 10433
3 10394 10393 10416
3 10416 10393 10417
3 10437 10393 10428
3 10395 10951 10413
3 10395 10955 10951
3 10395 11252 10955
3 10602 10833 10405
3 10765 10526 10407
3 10851 10407 10526
3 11183 11179 10408
3 11181 10408 11180
3 11183 10408 11181
3 10430 10411 10564
3 10411 10543 10564
3 10434 10452 10427
3 10593 10430 10564
3 10433 10435 10900
3 10439 10450 10469
3 10440 11245 11266
3 10445 10582 10500
3 10704 10449 10569
3 11129 10449 10704
3 10589 10585 10451
3 10689 10455 10551
3 10471 10464 10466
3 11150 10496 10474
3 10482 10476 10484
3 10484 10476 10485
3 10715 10803 10486
3 11247 10486 10803
3 10735 11174 10487
3 10492 11095 10491
3 11022 10507 10645
3 10507 11174 10735
3 10512 10519 10513
3 10512 10521 10519
3 10519 10521 10541
3 10522 10542 10541
3 10526 10803 10715
3 10851 10526 10715
3 10537 10530 10548
3 10531 10691 10960
3 10678 10544 10570
3 10565 10695 10696
3 10572 10808 10571
3 10578 11226 11208
3 10589 10587 10585
3 10596 10816 10595
3 10603 10605 10604
3 11209 10611 11205
3 10656 10986 10842
3 10656 10966 10986
3 10673 10669 10665
3 10673 10671 10669
3 10673 10761 10671
3 10679 11120 10698
3 10679 11118 11120
3 10696 10695 10681
3 10698 10696 10681
3 10693 11286 11284
3 11120 10696 10698
3 11189 10701 10789
3 10789 10701 11239
3 10706 10720 10719
3 10729 11231 11235
3 11249 10953 10732
3 10811 10739 10737
3 10811 10737 10908
3 10758 10842 10986
3 10943 10820 10771
3 11175 10789 11239
3 10818 10817 10809
3 11053 10810 11064
3 11064 10810 11158
3 10829 10817 10818
3 10831 10817 10829
3 10829 10818 10827
3 11051 10819 10885
3 11229 10828 11217
3 10843 10834 10835
3 10841 11006 10835
3 10843 10835 11006
3 10955 10838 10951
3 10862 10846 10861
3 10869 10861 10846
3 10847 10853 10849
3 10901 10852 10858
3 10881 10858 10870
3 10901 10858 10881
3 10860 10864 10896
3 10866 10860 10865
3 10860 10896 10865
3 10866 10865 10887
3 10882 10866 10887
3 10869 10877 10903
3 10997 10901 10881
3 11051 10885 11031
3 10894 11176 11194
3 10894 11194 11238
3 11212 10894 11206
3 11206 10894 11238
3 10976 10921 10982
3 10931 10923 11044
3 10931 11058 10923
3 10925 10926 10927
3 10938 10934 10925
3 10956 10927 10926
3 10996 10945 10932
3 10932 10945 11279
3 10995 10932 11144
3 10967 10938 10964
3 11077 10953 11249
3 10965 10961 10969
3 10965 11126 10961
3 10969 10961 11133
3 10961 10973 11133
3 10968 10972 10979
3 10973 10976 10978
3 10976 10982 10978
3 10978 10982 11152
3 10981 11120 11118
3 11059 11281 11007
3 11019 11067 11020
3 11025 11027 11057
3 11074 11036 11052
3 11040 11039 11042
3 11056 11042 11039
3 11040 11042 11049
3 11076 11074 11052
3 11053 11064 11062
3 11060 11055 11056
3 11060 11057 11055
3 11080 11075 11069
3 11080 11070 11075
3 11327 11312 11073
3 11330 11073 11312
3 11077 11249 11306
3 11094 11275 11097
3 11275 11096 11097
3 11275 11271 11096
3 11103 11104 11107
3 11185 11124 11269
3 11153 11151 11134
3 11172 11164 11168
3 11175 11193 11194
3 11175 11239 11193
3 11182 11181 11180
3 11194 11193 11238
3 11216 11237 11193
3 11216 11193 11239
3 11237 11238 11193
3 11207 11231 11202
3 11207 11206 11238
3 11212 11206 11210
3 11207 11235 11231
3 11207 11237 11235
3 11237 11207 11238
3 11232 11208 11226
3 11288 11287 11241
3 11263 11245 11242
3 11278 11272 11271
3 11277 11271 11275
3 11278 11271 11277
3 11288 11286 11287
3 11327 11296 11313
3 11327 11313 11312
