OFF
13639 27274 40911
-0.22074 0.0675141 0.161591
-0.00339031 0.181552 -0.104223
-0.227572 0.0689207 0.159095
-0.214588 0.0707969 0.158954
0.187062 0.0507163 0.138937
0.264291 0.0764613 0.132211
0.214565 0.06951 0.159146
0.222161 0.0687942 0.161308
-0.221948 0.0742693 0.159973
0.219262 0.0754089 0.158754
0.0753206 -0.494875 0.055049
-0.224229 0.0622483 0.15935
0.0740871 0.25717 -0.0665583
-0.222019 0.0585322 0.152507
-0.215532 0.0619883 0.15846
-0.0840005 0.226224 -0.0186879
0.271106 0.0784028 0.132978
0.216635 0.0627375 0.159768
0.212748 0.0638752 0.154775
-0.267195 0.0816813 0.126517
0.22786 0.0653346 0.158521
-0.257033 0.0701995 0.128811
-0.211366 0.0736218 0.153653
-0.0928569 -0.467516 -0.0943754
0.227346 0.0725356 0.157187
-0.254028 0.0713939 0.154925
-0.253729 0.0662451 0.124965
0.0126528 0.498671 -0.0388651
0.0795166 0.211873 0.0131309
-0.245199 0.0692285 0.155017
-0.246439 0.0772674 0.154547
-0.0834793 0.214023 -0.0119092
-0.227916 0.0750858 0.156721
-0.216218 0.0776245 0.156004
0.218142 0.0803874 0.15368
0.212477 0.0754516 0.154266
-0.07719 0.439752 -0.0263802
0.259258 0.0750167 0.130947
-0.0995437 -0.151994 0.0608861
0.134712 -0.211425 0.000796118
-0.0566691 -0.0788107 0.102812
0.25066 0.0707114 0.156041
0.0258202 0.0309216 -0.11269
-0.223418 0.079258 0.154861
-0.218267 0.0823887 0.151035
-0.230836 0.100325 0.0950735
-0.229627 0.0630432 0.1532
-0.253374 0.0709059 0.13332
-0.0791834 -0.370655 -0.0957928
-0.2151 0.0608093 0.150395
-0.211022 0.0667553 0.152464
0.214058 0.0631332 0.147358
0.217928 0.0587167 0.153379
-0.096159 -0.365338 -0.0934833
0.209831 0.0787237 0.123082
0.0302826 -0.380009 -0.0725303
0.132361 -0.13717 0.0238339
-0.250241 0.0646608 0.15206
-0.242841 0.0652318 0.148812
-0.139393 -0.450333 -0.0484418
-0.225098 0.0157653 -0.0299502
0.209827 0.0688881 0.151064
-0.135745 -0.443512 -0.0596625
0.243402 0.0745783 0.154172
0.0792361 0.0555867 -0.0758046
-0.0127609 -0.332293 -0.0247662
0.257271 0.0694487 0.147792
-0.0557627 0.379825 0.0302617
-0.240236 0.0731065 0.150893
0.224467 0.0784204 0.155322
-0.129796 -0.301502 0.00724429
0.255268 0.0759022 0.151908
-0.247507 0.0832939 0.149825
-0.242131 0.07958 0.150195
0.209864 0.0748469 0.148021
-0.142354 -0.41789 -0.0512314
-0.24199 0.0835516 0.145826
-0.22036 0.0863533 0.14581
0.212389 0.0805916 0.149184
0.252468 0.0870754 0.144742
-0.269929 0.0571126 0.13639
-0.138688 -0.39815 -0.0596531
-0.276834 0.0598547 0.140485
-0.271782 0.0678321 0.143474
-0.256902 0.0667595 0.148017
-0.250145 0.0624082 0.145581
-0.00490972 -0.469793 0.000183653
0.219288 0.064872 0.139912
-0.0805223 0.277352 -0.000829643
0.242183 0.0679961 0.15075
0.249427 0.0631832 0.148342
0.271155 0.0576349 0.140768
0.0822248 0.20722 0.00592936
0.245851 0.041965 -0.0166526
0.279361 0.0617471 0.139117
-0.270816 0.07346 0.138823
-0.258582 0.0740245 0.149387
0.273545 0.0673583 0.142732
-0.116937 -0.0671277 0.0371855
-0.238685 0.0776383 0.145803
-0.231282 0.0735244 0.145702
0.227998 0.0857137 0.140615
0.258011 0.0766561 0.146715
-0.230071 0.0802715 0.145203
-0.213635 0.0842188 0.145895
0.242344 0.0790874 0.150024
0.258181 0.0819199 0.14287
-0.0834211 0.269941 -0.014939
-0.226661 0.0857074 0.143772
0.0791053 -0.0258085 0.0740979
0.223692 0.0861996 0.145493
0.246136 0.0873025 0.143894
-0.0119304 0.177574 -0.103253
-0.246774 0.0916264 0.137895
-0.222645 0.0893101 0.141354
0.212696 0.0853115 0.143866
-0.00594002 0.453972 0.0276523
-0.191647 0.0576546 0.135303
-0.194784 0.0494245 0.136329
-0.187186 0.0527891 0.140284
-0.180098 0.050532 0.136712
0.189139 0.0423879 0.134549
0.194497 0.0491225 0.135777
0.179902 0.0516509 0.135753
0.195248 0.044069 0.128986
0.194365 0.0575614 0.134695
-0.269018 0.0589035 0.131489
-0.275139 0.0583453 0.132015
-0.265143 0.0614676 0.135278
0.108892 -0.285535 0.0265603
-0.183091 0.0578599 0.135042
0.185398 0.0591244 0.13485
-0.099214 0.0142564 0.017167
-0.00718929 0.0834938 0.0734721
0.0412179 0.136739 -0.0935275
0.2758 0.0585809 0.131907
-0.280504 0.0632482 0.133708
0.226318 -0.00157486 0.00615765
0.131053 -0.215976 0.00757418
0.226546 0.0680325 0.138211
0.263666 0.0656174 0.134529
0.28124 0.0651517 0.132381
-0.279231 0.0699487 0.138924
-0.265259 0.0679587 0.139579
-0.257224 0.0738888 0.136677
-0.223341 0.0640427 0.140891
-0.217036 0.0678376 0.13451
-0.210196 0.0722426 0.139127
0.222264 0.0683924 0.132666
0.23096 0.0703667 0.143768
-0.0728368 0.158641 0.0234901
0.240295 0.0700768 0.139911
-0.0165692 -0.387979 -0.0535045
0.0218208 0.203229 0.085267
0.280152 0.0685293 0.138201
0.281293 0.0704427 0.127158
-0.277093 0.0764785 0.133912
-0.237654 0.0759351 0.140019
-0.229187 0.0697817 0.139792
-0.208743 0.0794537 0.136239
0.017487 0.203017 0.0924973
0.231245 0.0797117 0.139264
0.238897 0.0762114 0.143899
0.266344 0.0806907 0.127634
0.276129 0.0739992 0.137428
-0.210668 0.0841305 0.140387
0.209997 0.0755085 0.135142
0.237447 0.0819141 0.139019
-0.253595 0.0895307 0.139985
-0.237167 0.0856153 0.136342
0.231517 0.0847806 0.136016
-0.240715 0.0908606 0.134476
0.21553 0.0894052 0.1387
-0.186167 0.0434473 0.136737
0.0185745 -0.0925819 0.117598
0.00386383 0.157005 0.0781263
-0.179217 0.0451954 0.130477
0.0475076 0.119302 -0.0898011
0.181444 0.0441692 0.132279
0.17776 0.0495165 0.12928
0.187577 0.0413824 0.126639
0.0169239 -0.116496 0.115734
-0.197089 0.0549463 0.131935
-0.198817 0.0492261 0.128877
-0.177483 0.0539441 0.129965
0.178848 0.0569062 0.129774
0.198728 0.0515274 0.129395
0.0930819 0.121886 -0.0776757
-0.017973 0.28093 0.0831525
0.210134 0.090776 0.096268
0.129309 -0.268154 0.007904
-0.0788535 0.284788 0.00388742
0.183563 0.0619476 0.128499
-0.078478 0.178368 0.0112098
-0.0821828 0.253801 -0.00546353
0.267725 0.0593355 0.133559
0.277487 0.0637837 0.126043
-0.277909 0.0632567 0.127327
-0.187815 0.0623833 0.130067
0.0441506 0.227219 -0.0939472
-0.181409 0.059963 0.128381
0.190471 0.0625385 0.129115
0.262898 0.0707099 0.131892
0.278391 0.0688329 0.120383
0.0267176 -0.0918707 0.116163
-0.247651 0.0677332 0.134981
-0.240937 0.0701035 0.136507
0.245978 0.0675605 0.136793
-0.281336 0.069713 0.130553
0.0679814 0.229287 -0.0731769
-0.236314 0.0753614 0.134748
-0.0687887 -0.491333 -0.00105267
0.230261 0.0735511 0.137313
-0.141077 -0.373704 -0.0532433
0.237247 0.0752706 0.136609
0.241101 0.0695836 0.133794
0.252787 0.0698689 0.133102
0.27987 0.077193 0.121891
-0.274558 0.0808509 0.128147
0.142724 -0.361666 -0.0525624
-0.258819 0.0801896 0.133981
-0.234755 0.0803748 0.137418
-0.231287 0.076539 0.139319
-0.0985538 -0.108029 -0.132079
-0.0839579 0.194903 -0.016296
-0.144414 -0.395091 -0.044826
-0.231612 0.0848683 0.134412
0.209449 0.083981 0.135792
0.258286 0.0862285 0.131383
-0.210473 0.0863769 0.134482
-0.124163 0.141526 -0.0268179
0.226772 0.0893584 0.135338
0.247854 0.0936007 0.132472
0.0124639 -0.449581 0.0282323
0.220328 0.0930688 0.134334
0.237446 0.0873942 0.134505
0.248731 0.0910257 0.138832
-0.193198 0.0426686 0.129882
0.198003 0.0471977 0.124219
-0.178252 0.0489675 0.123405
0.177562 0.0526103 0.12314
-0.271415 0.06059 0.126707
0.178703 0.0561232 0.116581
-0.26551 0.062162 0.12864
0.193987 0.0648136 0.122524
0.265591 0.0629046 0.129431
-0.134621 -0.229498 -0.0438424
-0.242851 0.0650358 0.130324
-0.250183 0.0678709 0.129116
-0.235867 0.0692012 0.131377
-0.224948 0.0686171 0.134431
0.186129 0.0644933 0.122987
-0.0127191 0.495116 -0.0228847
0.228398 0.069096 0.131939
0.246423 0.0610342 0.125058
0.252176 0.0664831 0.125662
-0.22986 0.072621 0.133629
0.0216962 -0.4385 -0.0589846
-0.0993089 -0.452713 -0.0894073
0.218484 0.0692401 0.125457
0.148658 -0.401488 -0.0293898
0.0194361 -0.415386 -0.0567312
0.0742933 0.390967 0.00220113
-0.0110891 0.332694 -0.116803
-0.277653 0.0815225 0.11626
-0.211333 0.0756551 0.122994
0.212508 0.0740371 0.127891
0.260568 0.0800417 0.129915
-0.260023 0.08429 0.126846
-0.208603 0.0813038 0.128627
-0.0647797 -0.14921 0.0872134
-0.0258043 0.0333478 -0.111276
0.0181129 0.0490198 -0.109834
-0.256198 0.0915689 0.127127
-0.235478 0.088696 0.130735
-0.228097 0.0909898 0.131
-0.250996 0.0955525 0.127749
-0.245466 0.0972767 0.12458
-0.220688 0.0949402 0.129141
-0.140335 -0.296313 -0.0172735
0.237605 0.0915048 0.129081
-0.016029 -0.351136 -0.0504968
-0.188483 0.0448996 0.113974
-0.18238 0.045664 0.118322
0.180811 0.0483626 0.116881
0.186733 0.0431654 0.119119
0.192489 0.0441998 0.116422
0.197553 0.046792 0.118535
-0.203014 0.0526157 0.115947
0.201531 0.0498928 0.114499
-0.202577 0.0573508 0.120222
-0.179568 0.0564094 0.113189
0.136802 -0.27851 -0.0552605
-0.269044 0.0644838 0.115464
-0.266884 0.0628205 0.122191
-0.254299 0.0613853 0.121087
-0.24169 0.0589337 0.12457
-0.226474 0.0610498 0.123795
-0.00190866 -0.0962219 0.11881
-0.198502 0.0620968 0.122885
-0.0216614 -0.103772 0.116645
0.200901 0.0613842 0.120465
0.228247 0.0590282 0.122741
0.144351 -0.151467 -0.0206648
0.265664 0.0634002 0.123057
-0.27556 0.0687737 0.116109
-0.260393 0.0651239 0.124527
-0.216431 0.0705712 0.126018
-0.192021 0.0652159 0.124155
-0.188694 0.0678422 0.117597
0.188843 0.0681598 0.115762
-0.0124108 -0.109913 0.116986
0.253937 0.060238 0.120477
0.259022 0.0651094 0.123432
0.262565 0.0665144 0.128233
0.274168 0.0676563 0.11452
-0.279365 0.0749839 0.119041
-0.256652 0.0753955 0.130825
0.258389 0.070097 0.127827
0.278834 0.080075 0.115256
0.275971 0.0846091 0.112145
-0.271785 0.086449 0.114408
-0.265575 0.0850433 0.11993
0.260749 0.084592 0.125339
-0.258775 0.0895625 0.119648
0.0229561 -0.410657 -0.0629575
0.231515 0.0884133 0.130655
-0.214661 0.093845 0.126589
-0.0823815 0.398203 -0.0270623
0.23819 0.0952415 0.122874
0.245225 0.0985708 0.121595
-0.00473432 -0.115257 0.117018
-0.0248619 -0.0869538 0.115268
-0.0293725 -0.111241 0.114094
-0.000700725 -0.0863389 0.117911
0.0114931 -0.109765 0.117572
0.0286345 -0.106804 0.11533
-0.0162506 0.309487 0.0865473
-0.0162624 -0.0840762 0.11638
0.0154791 -0.0846137 0.116849
-0.00047861 -0.0774131 0.115944
-0.02091 -0.324792 -0.0622687
-0.195191 0.0460243 0.111358
0.0685871 0.259527 0.0586879
-0.241239 0.045024 0.115903
-0.201607 0.0485887 0.110846
0.0210235 -0.323402 -0.0584367
-0.135686 -0.297835 -0.057277
0.239349 0.0476229 0.117292
0.224351 0.047122 0.11428
0.137102 -0.29396 -0.0579356
-0.254486 0.047625 0.112042
-0.219758 0.0503113 0.11395
0.205477 0.0566766 0.115705
0.222844 0.0546125 0.118041
0.251482 0.0375675 0.103822
-0.26124 0.0612726 0.116514
-0.213812 0.062124 0.116355
-0.186109 0.0682422 0.108856
0.204746 0.0646263 0.115521
0.215067 0.0655329 0.118441
0.259768 0.0886269 0.119057
-0.213626 0.0693 0.118739
-0.20231 0.0635458 0.116973
0.133681 -0.275524 -0.0609846
0.19792 0.0675842 0.116559
0.268193 0.0638251 0.115601
0.270687 0.0653953 0.108337
-0.27738 0.0747735 0.111301
-0.19817 0.0739217 0.108466
-0.0145849 -0.253325 -0.0657659
0.277731 0.0786812 0.109234
-0.264087 0.0892107 0.112749
-0.182056 0.0634147 0.11563
-0.211881 0.092385 0.12061
0.210699 0.0917642 0.11438
0.270812 0.0884922 0.109145
-0.218383 0.0963333 0.122023
-0.23132 0.0954222 0.117526
-0.0355026 -0.491559 -0.0296175
0.253751 0.0957347 0.118597
-0.251238 0.0987572 0.112235
-0.132433 -0.259204 -0.0561305
0.224575 0.0979113 0.113797
-0.0412834 -0.484987 0.107791
-0.0447489 -0.471591 0.110662
-0.132224 -0.245047 -0.0535372
0.083477 -0.0681474 0.0842952
-0.0366542 -0.469064 0.111069
-0.0330323 -0.478944 0.110031
0.253952 0.0920818 0.132833
0.0420075 -0.466432 0.110513
0.0274302 -0.470258 0.106717
0.0390045 -0.484539 0.108115
0.0499029 -0.472457 0.109528
-0.0452064 -0.463949 0.10909
0.041924 -0.457723 0.105194
0.0506027 -0.462894 0.106453
-0.198978 0.0474547 0.116716
0.00499877 -0.125484 0.114962
-0.0138432 -0.142004 0.108814
-0.0195232 -0.124121 0.113536
-0.0362698 -0.126075 0.109249
0.0245539 -0.138351 0.10872
0.211568 0.0916639 0.123034
-0.0472085 -0.109399 0.108771
-0.0343525 -0.0904835 0.113604
0.04502 -0.104105 0.111164
0.034841 -0.0902288 0.114523
-0.0378918 -0.0826096 0.111214
0.0507793 -0.0882298 0.108655
-0.0318275 0.457897 -0.11226
0.135304 -0.185463 -0.0556558
0.135893 -0.213851 -0.0475645
0.142924 -0.317603 -0.0462591
-0.00217266 -0.0516794 0.11014
-0.0137404 -0.406743 -0.00593895
-0.247902 0.0373722 0.106382
-0.234745 0.03638 0.108194
-0.221321 0.0358393 0.102027
-0.189055 0.0482035 0.105626
0.186171 0.0512914 0.104505
0.195689 0.046458 0.112246
0.141127 -0.477553 -0.0359912
0.139684 -0.290728 -0.00919224
0.23177 0.037414 0.108703
0.244906 0.036887 0.107415
0.18209 0.0580129 0.105615
0.200272 0.0483081 0.107748
0.206032 0.0514327 0.110037
0.211485 0.0553237 0.111742
-0.207233 0.0525101 0.111007
-0.0386755 0.458616 -0.107627
0.180621 0.0589873 0.111584
-0.130349 -0.186331 -0.0612224
0.0470117 0.444108 -0.111854
-0.20714 0.0585929 0.11505
-0.181771 0.0613847 0.108905
0.182861 0.0645212 0.109634
0.210711 0.0618016 0.114117
-0.271937 0.0676225 0.107537
-0.265802 0.0604732 0.108825
-0.208467 0.0662833 0.11381
0.109735 -0.0360568 -0.0714584
0.210174 0.0688302 0.114086
-0.209649 0.0749046 0.113913
-0.201821 0.0703096 0.112869
0.194817 0.0718104 0.110687
0.203023 0.0712786 0.111558
0.209157 0.0769575 0.114453
0.274965 0.0719092 0.10808
-0.108032 -0.453708 -0.0852163
-0.274646 0.0835837 0.0986639
-0.207756 0.0826141 0.110312
0.20784 0.0845117 0.110209
0.274188 0.0835765 0.0967988
-0.269961 0.0886312 0.105853
0.258821 0.0922113 0.112145
-0.213174 0.0949225 0.106799
0.216357 0.0967981 0.109661
-0.229142 0.0984167 0.109713
0.233009 0.0982427 0.108912
0.240912 0.100186 0.109349
-0.0259382 0.222537 0.112874
-0.0358202 0.224583 0.112002
-0.030245 0.215987 0.107049
0.0654163 0.18062 -0.0749033
0.00338779 0.225852 0.115852
0.039147 0.445339 -0.116379
0.0273983 0.218363 0.110416
0.0309502 0.226595 0.114029
0.0464881 0.222518 0.108806
-0.0352944 0.233865 0.111864
-0.132054 -0.194911 -0.0560284
-0.00516742 0.231583 0.11583
-0.125556 -0.204063 -0.0654136
0.0436234 0.237436 0.109074
-0.0387991 0.239928 0.108199
-0.0216188 0.236919 0.113195
0.129911 -0.19853 -0.0631015
0.127705 -0.185039 -0.0692097
0.133972 -0.194199 -0.0562748
0.13055 -0.353689 -0.072681
0.00816306 0.247488 0.109554
-0.0502459 0.447602 -0.105801
0.104959 -0.460067 -0.0890532
-0.0385481 -0.490924 0.102648
-0.0243308 -0.488313 0.09702
0.131251 -0.156529 -0.068666
0.0318964 -0.478113 0.109377
0.0231516 -0.485042 0.0966966
0.045289 -0.488408 0.104925
0.0479052 -0.481934 0.108853
0.0549292 -0.48952 0.0947545
0.0561611 0.431463 -0.109088
-0.0905515 -0.480499 0.103472
-0.0820522 -0.486583 0.101871
-0.0812269 -0.477183 0.105893
0.0500605 0.436861 -0.112402
-0.0241021 -0.480694 0.104947
0.0241125 -0.478309 0.103645
0.0485146 0.429857 -0.115596
0.0872565 -0.474952 0.10561
0.0324995 -0.0633526 0.108876
0.130676 -0.13917 -0.0686441
-0.0500797 0.439875 -0.109565
-0.081609 -0.467707 0.103706
-0.0551778 -0.477616 0.103881
-0.136803 -0.134136 -0.0455228
0.0639353 -0.475615 0.101054
0.0785758 -0.472415 0.104626
0.099728 -0.475114 0.0985352
-0.132672 -0.120268 -0.0512191
-0.0580962 -0.469688 0.101595
-0.0371858 -0.459993 0.10714
-0.0300696 -0.46345 0.108112
0.024573 -0.462161 0.100647
0.0850349 -0.466413 0.103013
-0.0446549 -0.45648 0.103007
0.00793262 -0.236579 -0.0683595
-0.0493134 0.431392 -0.112829
0.0498939 -0.455859 0.0997465
0.0574812 -0.4611 0.0998277
-0.0821801 -0.0788913 0.0865143
0.0230737 0.448765 -0.121545
0.0418953 -0.451986 0.0968521
-0.00920996 -0.157091 0.102005
0.0598391 0.422363 -0.107177
-0.0416846 -0.134747 0.104793
-0.104001 -0.461173 -0.0891445
0.133595 -0.134646 -0.0612281
-0.0833021 0.356572 -0.0454883
-0.0445683 -0.465261 -0.0866383
0.0505937 -0.125402 0.105244
0.0542031 -0.117549 0.105606
-0.0639886 -0.114485 0.100234
0.0606544 -0.101425 0.10494
0.127053 -0.0831428 -0.058262
0.0632917 -0.0931942 0.103456
-0.0499682 -0.0746717 0.104946
0.0567992 0.414826 -0.110446
0.0455192 -0.0429824 0.0998217
-0.0507166 0.407954 -0.113596
-0.0304083 -0.040578 0.103273
0.0150548 0.00371645 0.0929306
0.105067 -0.469221 -0.090119
0.231134 0.0325069 0.102147
-0.254767 0.0379728 0.102212
-0.260005 0.0452927 0.105117
0.258166 0.0376002 0.0974347
0.264684 0.0450411 0.0968378
-0.212056 0.0421393 0.100884
-0.205822 0.0482822 0.105016
-0.202598 0.0464365 0.0965531
-0.182451 0.0549637 0.105955
0.198771 0.0483924 0.100568
0.205736 0.0484368 0.103469
0.12063 -0.054535 -0.0579193
0.263324 0.0385666 0.0877854
0.184163 0.0642551 0.102103
-0.0551983 0.423527 -0.10953
0.136635 -0.286161 -0.00246528
-0.0532659 0.390523 -0.108483
0.193375 0.0739876 0.103648
0.272716 0.0688593 0.099898
-0.204008 0.076313 0.108055
0.198868 0.0748743 0.107106
0.204536 0.0777024 0.107112
-0.266882 0.089456 0.096548
0.269644 0.0892997 0.101318
-0.244853 0.100579 0.107812
-0.21388 0.094057 0.0930466
-0.0438751 -0.474074 -0.0861251
0.0175168 0.21887 0.111215
0.0221896 0.213786 0.103141
0.0323789 0.214337 0.10254
-0.0465408 0.216955 0.103708
-0.05304 0.221292 0.103855
0.0525136 0.218527 0.102513
0.0601609 0.223399 0.100398
0.107461 0.150361 -0.0342213
0.0659212 0.228908 0.0951305
0.115113 -0.0263435 -0.0512183
0.0512493 0.360824 -0.105978
0.116059 -0.0339072 -0.0551329
-0.00521202 0.254766 0.106218
0.0258114 0.250927 0.106381
0.0421869 0.251514 0.100754
0.113057 -0.0346172 -0.0635111
-0.00878809 0.493559 -0.0770508
-0.110973 -0.29679 -0.0851445
-0.033204 -0.493053 0.0977861
0.0301198 -0.492165 0.0951866
-0.0836946 0.352214 -0.0388889
0.114456 -0.067119 -0.078389
0.0471924 -0.492516 0.0982819
0.166723 0.026099 -0.0550721
-0.0980764 -0.481049 0.0969926
-0.0915802 -0.488996 0.0968685
-0.213303 0.0599933 -0.0531546
-0.0818685 -0.49313 0.0938352
-0.0667458 -0.486077 0.0949914
0.078432 -0.491842 0.0935503
0.067355 -0.483244 0.0976165
0.0916278 -0.489366 0.0973839
0.0971912 -0.483063 0.0993742
0.0156568 -0.441852 -0.0439675
-0.0642541 -0.477257 0.100821
-0.0575697 -0.484308 0.0983422
0.0496252 -0.448611 -0.0848639
0.0625828 -0.487446 0.0924232
0.0594769 -0.483475 0.0988687
0.0447 0.360632 -0.110386
-0.101093 -0.473155 0.0939605
-0.0661641 -0.467969 0.0986889
0.207331 0.0703206 -0.0562079
0.0712476 -0.469863 0.10131
0.102865 -0.481029 0.0937067
-0.0902326 -0.465193 0.101471
-0.146778 0.121325 -0.0636249
-0.0243062 -0.457475 0.0958227
-0.0184931 -0.465292 0.0947063
0.0192397 -0.467835 0.0940015
-0.12847 -0.244343 -0.0608084
0.0721532 -0.462291 0.0955014
0.0992384 -0.466903 0.0950346
0.104511 -0.473284 0.0916751
-0.0907135 -0.460681 0.0949282
-0.0832753 -0.46053 0.0977705
0.0816933 -0.460185 0.0971171
0.0912925 -0.461647 0.0973183
0.16248 0.117901 -0.0554969
-0.0815364 0.059939 -0.0745939
0.0272306 -0.455663 0.0945845
0.0559624 -0.455201 0.0932083
0.063088 -0.460272 0.0928078
-0.0322329 -0.452592 0.095913
0.148839 0.129533 -0.0450204
-0.106049 0.143947 -0.0548574
-0.0241533 -0.160396 0.0978519
0.0158022 -0.16956 0.0936552
0.0373997 0.360556 -0.114351
-0.062122 -0.133345 0.0960276
0.0584269 -0.124229 0.102076
0.120974 0.138855 -0.0556963
-0.0758449 -0.108131 0.0937717
0.117992 0.135315 -0.0627617
0.0544524 -0.042373 0.0957811
-0.0565682 -0.0451813 0.0943499
0.0206107 -0.104204 -0.156748
-0.0136291 -0.00356746 0.0956361
0.00690836 0.00125675 0.0947064
-0.0153911 0.00669981 0.0914348
-0.248705 0.0288823 0.0923824
-0.232346 0.0235313 0.089035
-0.0782695 0.173108 -0.0502785
0.114011 0.146699 -0.0401794
0.0187828 -0.113586 -0.158447
0.246305 0.0279398 0.0926148
-0.0430829 0.36081 -0.109935
0.204668 0.0451482 0.0952502
-0.0068455 -0.149365 0.106286
0.141004 -0.265457 -0.0336046
0.191411 0.0576088 0.0918104
-0.2694 0.0528059 0.095271
-0.013269 -0.102937 -0.155057
-0.187024 0.0548816 0.0986525
-0.187987 0.0696706 0.0994818
0.188467 0.0697921 0.0989338
-0.137184 -0.263199 -0.0133939
0.194024 0.0748275 0.0957464
-0.273941 0.0755844 0.093377
0.199141 0.078017 0.10153
0.274483 0.0756989 0.0939733
-0.204755 0.0820059 0.103005
0.205481 0.0839579 0.100944
-0.271106 0.0836136 0.0894079
-0.208632 0.0886307 0.10488
0.0440005 0.346435 -0.108128
0.261194 0.0921222 0.0886505
-0.238366 0.101127 0.0927806
0.222161 0.0982758 0.0888958
-0.0108036 -0.113 -0.156605
-0.00655307 0.182847 0.102613
-0.127698 -0.230392 -0.0605695
-0.009892 0.177172 0.0978806
0.0156215 0.1742 0.0940701
0.107995 -0.459631 0.0644185
0.0780538 0.371291 -0.0749731
-0.0384687 0.188288 0.0990295
-0.0355413 0.353322 -0.112591
0.0200895 0.188008 0.103067
-0.140987 -0.366475 -0.0528425
0.0180076 0.4932 -0.0752007
-0.0301305 0.191239 0.101032
0.0067577 0.1882 0.103874
-0.0207108 -0.127905 -0.159882
0.128237 -0.159626 -0.0740672
-0.00573438 0.19215 0.10336
-0.0286757 0.199247 0.097332
0.0337216 0.458529 -0.111899
-0.0572796 0.214186 0.0902173
0.229433 0.0242834 0.0893351
-0.0354591 0.213802 0.101007
0.0552113 -0.453343 -0.0883223
0.0520598 -0.089635 -0.15109
0.0428125 0.215634 0.102537
-0.0595869 0.219656 0.0973165
-0.064927 0.227156 0.0946076
-0.0617568 0.235226 0.0958636
0.068957 0.233867 0.0874888
0.0785879 0.316769 0.00696952
-0.0385385 0.265425 0.0945945
0.0309627 0.266699 0.0983327
-0.0176884 0.262839 0.10247
0.0133444 0.264307 0.102398
-0.105945 -0.337522 -0.0898407
0.0172581 -0.0684402 -0.144651
0.0240715 0.272128 0.095354
-0.00468997 0.309277 0.098051
0.0051203 0.305725 0.0968788
-0.0131503 -0.0713356 -0.145621
0.00378508 0.315604 0.0999696
0.0120998 0.312237 0.0961435
-0.00763891 0.324559 0.0945031
-0.000774998 0.492504 -0.0811297
-0.0584309 -0.48882 0.0906102
-0.0208179 -0.0577745 -0.141452
-0.0363069 -0.495328 0.090098
-0.0290393 -0.493367 0.091381
0.0525604 -0.0104352 0.0864494
0.0206413 -0.482679 0.0818517
0.0660221 -0.490071 0.0851593
0.0920103 -0.492892 0.089362
0.0983906 -0.487785 0.0924715
-0.0989893 -0.487633 0.0900577
-0.0166369 -0.47708 0.0833025
0.0695763 -0.181126 0.0690371
0.0705413 -0.488883 0.092426
0.104394 -0.485725 0.0878066
-0.00307168 -0.0545992 -0.142469
0.0286005 0.312394 -0.109553
-0.0991873 -0.462655 0.0793777
0.0189607 -0.467107 0.0792473
0.103266 -0.466189 0.0867411
-0.0964092 -0.465882 0.0951735
-0.0678907 -0.461341 0.0930481
-0.0201896 -0.459128 0.0871286
0.0217292 -0.459801 0.0825803
0.0333475 -0.35013 -0.0761355
0.0780233 -0.456787 0.0894982
0.0994262 -0.46129 0.0799996
0.10241 -0.344016 -0.0921542
-0.0859106 -0.456662 0.0887948
0.0962115 -0.460241 0.0887736
0.0872359 -0.456688 0.0898966
-0.0360179 -0.449369 0.0881467
0.0159461 0.302616 -0.111731
0.00691799 -0.179576 0.0868272
-0.0531201 -0.153785 0.0912848
0.0484906 -0.0779481 -0.144478
0.032373 -0.166618 0.0922726
0.0257259 0.302846 -0.109361
0.0282232 0.454161 -0.117026
0.0714267 -0.143003 0.0875554
0.0771136 -0.127024 0.0901618
-0.0845031 -0.0876603 0.0871681
0.0788057 -0.0914955 0.0938158
-0.0471561 -0.0796319 -0.145188
-0.0802574 0.348404 -0.0590954
0.139157 -0.344132 -0.0596079
0.0302649 -0.000760793 0.0916818
-0.0475645 -0.0874866 -0.150025
0.210942 0.032215 0.0877942
0.217579 0.0216711 0.0803981
0.242869 0.0222338 0.0839926
0.255434 0.0320449 0.0904868
-0.207123 0.0393451 0.0913442
0.197285 0.0502225 0.0930074
0.0990487 -0.00203594 -0.0706933
0.26888 0.0476227 0.0883063
-0.271741 0.0608901 0.0921604
-0.0560807 -0.0912031 -0.150543
0.0152965 0.287148 -0.109991
0.195422 0.0629173 0.0832426
-0.0734129 0.238077 -0.0620103
-0.187874 0.0625769 0.0942392
-0.0706707 0.232016 -0.066252
0.273171 0.0691214 0.0915586
-0.200589 0.0807392 0.0962401
0.205575 0.0856092 0.0926384
-0.267846 0.0824437 0.0805048
0.217989 0.0952113 0.0835627
-0.0165908 0.490742 -0.0806267
-0.246722 0.100326 0.0896643
0.235827 0.100694 0.0834934
0.0253846 0.461553 -0.113399
0.083207 0.347104 -0.0562533
0.0253201 0.172869 0.0911269
-0.0310001 0.182525 0.0986422
-0.0382808 -0.489682 -0.00238461
-0.0307014 0.175367 0.0927495
0.0332749 0.178761 0.0951301
0.0134052 0.199899 0.0983882
-0.0513231 0.193966 0.0910528
0.0408492 0.186602 0.0972272
0.0496985 0.186746 0.0926456
-0.0720262 -0.149307 0.0823255
-0.0655832 0.162675 -0.0715153
0.0734035 0.203267 -0.0647644
0.0372237 0.195855 0.0978967
0.0481658 0.428072 0.0222971
-0.0684696 0.201313 -0.0687057
-0.0504043 0.212425 0.0891521
-0.0680874 0.154559 -0.0695515
-0.0361328 0.213315 0.0937465
-0.0312807 0.486129 -0.0792418
0.0264461 0.214233 0.0930367
0.0427463 0.2153 0.0851635
-0.0020662 0.302492 -0.112928
0.0584086 0.214499 0.0891054
0.0703282 0.224412 0.0880394
-0.0123998 -0.309578 -0.0296913
-0.0633132 0.240117 0.0892746
0.0640345 0.249866 0.0821877
-0.0459905 0.251803 0.0974918
0.0488509 0.267324 0.0876118
-0.038188 0.271891 0.0886395
0.0400285 0.273402 0.0863172
-0.0268294 0.276141 0.0886569
-0.00623587 0.275102 0.0938536
0.0166175 0.275242 0.0926668
0.0548764 -0.0749642 -0.140898
-0.024144 0.0825923 0.0769885
-0.0545081 -0.0837643 -0.146079
0.0198686 -0.015403 -0.130833
0.012608 0.30432 0.0920387
0.13101 -0.437032 -0.070281
0.00663892 0.286718 -0.11092
0.0177076 0.310969 0.0899086
0.0648025 0.171448 -0.0753897
-0.134523 -0.414168 -0.0657672
0.125946 -0.0857084 0.031276
-0.101349 0.00231932 0.0251807
0.0131189 -0.21762 -0.0874335
0.00981116 0.327615 0.0927424
-0.00431101 0.331057 0.0891736
-0.0451061 -0.494893 0.0887467
-0.0392368 -0.495224 0.0812887
0.0264342 -0.489253 0.0788472
-0.0213145 -0.0301705 -0.134233
0.0512856 -0.49328 0.0791608
-0.0903643 -0.493132 0.0858964
-0.0798787 -0.49457 0.0844372
-0.0729874 -0.491995 0.0900943
-0.00636192 0.278052 -0.109746
-0.0305509 -0.49375 0.0838816
-0.0202904 -0.485024 0.0812762
0.0834403 -0.494689 0.0867679
0.0181683 -0.308323 -0.00855193
-0.0186543 -0.417644 -0.0587592
-0.107803 -0.490948 0.0776034
-0.110916 -0.479587 0.0868296
-0.0357824 -0.372198 -0.0799757
0.139072 -0.266501 -0.0130017
-0.0166076 -0.339505 -0.00832852
-0.10692 -0.467988 0.0822476
-0.0171546 -0.470833 0.0766422
-0.0146693 0.311418 -0.112802
-0.0188285 -0.462197 0.0783559
0.111111 -0.471664 0.085225
-0.0608488 -0.457157 0.0885272
-0.0546316 -0.45093 0.0844126
0.0267949 -0.454338 0.0867749
0.0682223 -0.451794 0.0793129
0.0828007 -0.454178 0.0823412
-0.0168081 -0.402243 -0.0548139
-0.0345983 -0.44568 0.07288
-0.0238056 -0.454746 0.0796468
0.0498238 -0.446638 0.0784569
0.0776907 -0.0935908 -0.143575
0.0234972 -0.172665 0.0902379
0.071674 -0.0769338 -0.134608
-0.148678 0.0562373 -0.0754314
-0.0770408 -0.141799 0.0825117
0.0795863 -0.139647 0.0833198
-0.0815472 -0.127992 0.0843949
-0.0872305 -0.105049 0.0851324
0.0893064 -0.109645 0.0846409
0.0974566 -0.100193 0.0779962
-0.0757716 -0.0446275 0.0817989
0.0873146 -0.0613977 0.0791929
-0.061857 -0.0869361 -0.145902
0.0619898 -0.0299604 0.087795
0.0689858 0.27901 -0.0760188
0.0522271 -0.00194791 0.0835916
-0.0353335 0.0193164 0.0809333
0.00487206 0.0332219 0.0819377
0.0396484 0.121026 -0.094156
-0.139589 -0.322811 -0.00904832
0.231402 0.0149826 0.0745966
-0.247203 0.020463 0.0768559
-0.254906 0.0258942 0.0776018
0.0208712 -0.381269 -0.0586252
0.0652103 0.281896 -0.0810874
-0.203578 0.0383739 0.084317
-0.201612 0.0445504 0.087276
0.200837 0.0462883 0.0867367
0.197341 0.0538574 0.0854977
0.0702795 -0.160691 0.0789454
-0.27185 0.0756133 0.0846999
-0.272382 0.0622826 0.0848998
0.272129 0.057539 0.0785362
0.201957 0.0775337 0.0792602
-0.196644 0.0697647 0.0838715
0.203667 0.0818469 0.0860181
0.269171 0.0799484 0.0813445
0.266283 0.0867974 0.0847402
-0.262858 0.090094 0.0861676
-0.209537 0.0857011 0.0704979
0.0683868 -0.152464 0.0845696
-0.21309 0.0903606 0.0776224
-0.224677 0.0978931 0.0817557
-0.064921 0.102253 -0.0823772
-0.0838034 0.33092 -0.0308072
-0.0457683 0.171384 0.0805489
-0.0217597 0.166924 0.0858736
0.0507539 0.175619 0.0823364
-0.0539532 0.185626 0.0871389
0.0599064 0.195353 0.0857698
0.0533656 0.194816 0.0906447
-0.0570127 0.200925 0.0813491
-0.0108823 -0.047875 -0.140474
-0.046947 0.201318 0.0900042
-0.0421276 0.204642 0.0837637
-0.10453 -0.155939 -0.124222
-0.0802356 -0.14915 0.0765659
0.0288205 0.198189 0.0988541
0.0477721 0.201672 0.0888665
-0.064532 0.219525 0.0895171
0.00566662 0.368212 -0.12393
-0.0283193 0.215561 0.0876895
0.0161956 0.431165 -0.12874
-0.13731 -0.31605 -0.00387578
-0.0338891 -0.0242138 -0.129483
0.0661197 0.216669 0.0853463
0.0168755 0.463614 -0.114643
-0.0687696 0.22719 0.0868553
0.0231207 0.424951 -0.128117
0.0732698 0.229455 0.0806871
-0.0996367 -0.256148 -0.0871447
-0.0124014 0.0557255 -0.109006
-0.0519984 0.263468 0.0864359
0.0459529 -0.00978052 -0.121763
-0.0194448 0.285124 0.0763589
0.0146687 0.279884 0.0856833
-0.0109439 0.305207 0.091044
-0.079087 -0.0820266 -0.132613
0.0562976 -0.479707 -0.0895066
0.0838288 0.276722 -0.00449326
0.0770405 -0.191451 -0.121933
-0.00361113 -0.0982993 -0.152949
0.0667343 -0.199572 -0.117966
-0.00845217 0.332192 0.0797336
0.0123198 0.329902 0.0862872
0.000649438 0.334682 0.0816871
-0.0016732 0.270616 -0.109099
0.0362176 -0.0711051 -0.142959
-0.0849915 -0.493849 0.0787041
-0.0579125 -0.490295 0.0811243
0.136006 -0.406783 -0.0666132
0.0606806 -0.490598 0.0773681
-0.0165487 0.0979583 0.0711164
-0.017439 -0.0423496 -0.138259
-0.120116 -0.477152 0.0834938
-0.127802 -0.480362 0.0748001
-0.122387 -0.48635 0.0789931
-0.0658244 -0.490252 0.0789867
0.261006 0.0925436 0.0982443
0.105456 -0.48832 0.0809777
0.116697 -0.486171 0.0835822
0.11265 -0.490401 0.0799543
0.120864 -0.490176 0.0790908
-0.124316 -0.469855 0.073855
-0.0191634 -0.479233 0.0749383
0.0214888 0.0400983 -0.111029
0.122967 -0.482238 0.0829394
0.128184 -0.475814 0.0773218
-0.116256 -0.464717 0.0695407
-0.115041 -0.467775 0.0792105
0.009741 0.464247 -0.115488
0.120512 -0.473207 0.0827622
0.0412166 0.486495 -0.0691356
-0.107733 -0.464427 0.0741182
0.1356 -0.358945 -0.06618
0.123703 -0.468628 0.0761004
-0.100768 -0.460479 0.0696374
-0.0870606 -0.454113 0.0750492
-0.0722563 -0.451949 0.0784231
-0.121245 -0.0681607 -0.0585436
0.0254875 -0.453599 0.0679473
0.0915472 -0.456546 0.0812864
-0.0429842 -0.443673 0.0727628
0.00365977 -0.192786 0.074077
0.0175437 -0.193271 0.0723361
0.0469096 -0.183109 0.0749214
-0.0541209 -0.168136 0.0817013
-0.0406218 -0.180213 0.0782817
0.0580136 -0.173411 0.0774723
-0.0612256 -0.169217 0.0776597
0.0721837 -0.166517 0.0748605
-0.0813301 -0.15856 0.0718742
-0.0938095 -0.152357 0.0653314
0.0595087 -0.487983 -0.0855615
-0.0963746 -0.0934295 0.0766998
-0.0888021 -0.0822226 0.0817634
0.0756583 -0.0389264 0.08158
0.0967203 -0.337094 -0.0938099
-0.0870454 -0.151639 0.0703765
0.00582431 0.0565171 -0.109726
-0.0195175 0.0301096 0.080933
-0.233556 0.0154034 0.0745884
-0.214387 0.0159524 0.0697487
-0.205704 0.0272447 0.0761873
0.205181 0.0208761 0.0683313
0.200247 0.0337129 0.07458
0.264304 0.0356381 0.0772139
-0.261728 0.030629 0.0725252
-0.265702 0.037652 0.075895
0.268508 0.0420654 0.0706165
-0.197748 0.0507437 0.0900331
0.197508 0.0482692 0.0790161
-0.196129 0.0549868 0.0764974
0.196922 0.0557846 0.0783758
-0.19539 0.0559842 0.0844611
0.19861 0.0703067 0.076477
-0.272194 0.0603342 0.077698
-0.269913 0.0748216 0.0761956
0.271654 0.0650048 0.0746946
-0.265482 0.0807296 0.0721256
-0.155619 0.0546496 -0.0749541
-0.0239229 -0.379104 -0.0667643
-0.0241777 -0.334001 0.00636729
0.260474 0.0907039 0.0808083
0.256246 0.0947715 0.084198
-0.239913 0.100635 0.0837061
-0.0269712 0.358743 -0.117326
0.140072 -0.354267 -0.0582725
-0.00316364 0.0558976 -0.109827
-0.0588509 -0.483705 -0.0889742
-0.015543 0.162159 0.0822022
0.0200931 0.160589 0.0806132
0.231268 0.0763604 0.143248
-0.0397273 0.159012 0.0698463
0.0357035 0.164508 0.0801173
-0.0623187 0.19581 0.0780188
-0.060129 0.186923 0.0795426
0.058987 0.201584 0.0814202
-0.0503643 0.20404 0.0831047
0.130796 -0.363439 -0.0728591
-0.0331041 0.203726 0.0828699
0.016809 0.201731 0.0784992
0.0307361 0.203686 0.0857045
-0.0566169 0.41376 -0.108824
0.052103 0.203915 0.0819626
-0.061469 0.214415 0.0829334
-0.0339711 0.220419 0.0803714
-0.0417473 0.217588 0.078795
0.0331678 0.216889 0.0853658
-0.0350088 0.383022 -0.118829
0.0597973 0.213691 0.0809245
0.0982281 0.286864 -0.0589155
0.0719868 0.217329 0.0729728
-0.0619483 0.252762 0.0817245
-0.0241596 -0.351065 -0.0670337
-0.0532365 0.268059 0.0790432
0.0607636 0.265987 0.074319
0.0390867 0.276957 0.0797813
0.0214725 0.379613 -0.123888
0.00370053 0.342992 -0.119401
-0.00959648 0.297451 0.0801475
0.00813285 0.295043 0.0801765
0.0172601 0.304012 0.0848453
-0.0180813 0.31718 0.0829378
0.0214113 0.318997 0.0783564
-0.0157185 0.32516 0.0756313
-0.0149681 -0.367812 -0.0122229
0.0584109 -0.224223 -0.0976473
0.017946 0.325463 0.0826081
-0.0683362 -0.486577 -0.0896894
0.00797111 0.333576 0.082276
-0.125393 -0.489108 0.0713931
-0.119028 -0.492833 0.0658699
-0.117029 -0.492034 0.0750261
-0.0705413 -0.491863 0.0737598
-0.0533396 -0.492121 0.0724171
-0.0359116 -0.49157 0.0645282
0.0354624 -0.491449 0.0684818
-0.0215896 0.0402762 -0.110404
0.0543972 -0.492272 0.0695292
-0.0213548 0.0555128 -0.107293
0.0797654 -0.493905 0.0779169
0.0938559 -0.490806 0.0694257
0.0995744 -0.489886 0.0760162
-0.0175549 -0.316707 -0.00537405
0.115723 -0.493373 0.0717375
0.0821325 0.198097 0.00655599
0.0513722 0.226313 -0.0891176
0.128036 -0.485431 0.0755529
-0.129688 -0.474781 0.0666009
0.133911 -0.475502 0.0620023
-0.0836512 -0.140396 0.0776586
-0.038275 0.268955 -0.0993046
-0.0873113 -0.132012 0.0779811
-0.0841332 0.183341 -0.0178738
0.115946 -0.466876 0.0779757
-0.0526736 -0.0221333 -0.121312
-0.0166537 0.453795 -0.120225
-0.0191863 -0.298896 -0.058737
0.103152 -0.461495 0.0716894
0.0480401 -0.307277 -0.0870967
-0.0602597 -0.0273777 -0.118527
-0.0293667 -0.445549 0.0652015
-0.164193 0.0531712 -0.0739366
0.0567092 -0.442802 0.071648
0.0715653 -0.446449 0.0719287
-0.0510031 -0.442932 0.0716399
0.0379299 -0.442753 0.0681848
0.0528224 -0.0162345 -0.12053
-0.0172148 -0.196779 0.0683306
0.034944 -0.19178 0.0707208
-0.0338228 -0.192231 0.0699671
0.0863057 -0.0839906 -0.129352
0.0440992 -0.190679 0.0700711
-0.0746907 -0.174479 0.0690635
0.076111 -0.154099 0.0786221
0.0898647 -0.147694 0.0715499
0.103761 -0.112241 0.0692238
0.103128 -0.127579 0.0657238
-0.098774 -0.110051 0.0730046
0.103163 -0.0897306 0.0716805
-0.0158129 0.44601 -0.124181
-0.088498 -0.0457629 0.0707443
0.0115876 0.310355 -0.113375
0.0653731 -0.0110466 0.0791264
-0.102708 -0.29465 -0.0894247
0.0528744 0.0209296 0.0737082
-0.0628451 0.0143654 0.0680408
-0.04302 0.0227644 0.0766571
0.0365728 0.0281448 -0.110374
-0.199067 0.0300916 0.0694564
0.128111 -0.0947512 0.0290952
-0.0440975 0.0318342 0.0747716
-0.0283612 0.034483 0.0787821
0.0352569 0.0378278 0.078101
-0.25272 0.0167867 0.0574031
-0.00928036 0.0436513 0.078931
0.0135173 0.0445149 0.0786944
0.0204889 0.0389971 0.0792193
-0.0495189 0.0511284 0.0768969
-0.0333537 0.0534835 0.0798751
-0.0146427 0.0510053 0.0787308
0.0145754 0.0532452 0.0778291
0.0501776 0.0390822 0.0754752
0.0400104 0.0510059 0.0794605
-0.268948 0.0438417 0.0709014
-0.195731 0.0472899 0.0743723
-0.055286 0.0436884 0.0729533
-0.00161378 0.0649539 0.0757432
-0.0989958 -0.0812999 0.070869
-0.093554 -0.0905422 -0.126111
0.270268 0.050156 0.0637107
-0.0130076 -0.35814 -0.0369008
-0.0417698 0.0645244 0.0797978
0.0534929 -0.000153942 -0.114482
0.0594554 -0.198063 -0.122179
0.194721 0.0522529 0.0708268
0.0389341 -0.199031 -0.122106
-0.033955 0.0679629 0.0803665
0.0127258 0.0872525 -0.104441
0.0327296 0.0687247 0.0799899
0.0559399 0.0632254 0.0781796
0.196535 0.0614653 0.0734751
-0.198981 0.0703821 0.0739593
-0.0555265 0.0721582 0.0752436
0.0774756 -0.492793 -0.0861312
-0.0231192 -0.202116 -0.111861
0.271497 0.0581511 0.0697648
-0.041662 0.0825239 0.0771681
-0.033002 0.0776034 0.0788792
-0.0236286 -0.310279 -0.066841
0.021645 0.0784886 0.0765235
0.0530506 0.0797157 0.076519
-0.0304064 -0.199729 -0.118948
0.203143 0.0776386 0.0696817
-0.203751 0.0788781 0.0725246
0.0382661 0.0758417 0.0788388
-0.0491618 -0.199861 -0.12145
0.0718412 -0.0585286 -0.122246
0.0468523 0.092224 0.07355
0.042376 0.0121463 -0.114687
-0.248356 0.0982464 0.0808905
-0.0564165 -0.204028 -0.115197
-0.232848 0.0990373 0.078071
0.230519 0.0981448 0.0750642
0.108049 -0.111959 -0.120904
0.0434918 0.159749 0.0692217
-0.0569188 0.173207 0.0709266
0.050315 0.168824 0.0764758
0.0614083 0.173525 0.0701729
0.0671198 0.191121 0.0739823
-0.0780095 -0.484259 -0.0935761
-0.0657478 0.198704 0.0705757
-0.0441139 0.202958 0.0702199
-0.0643923 -0.193317 -0.126927
0.0357435 0.201356 0.0705009
0.0492477 0.204096 0.0765228
-0.0693896 0.398369 -0.0914649
-0.0669202 0.213882 0.0690976
-0.0644821 0.214792 0.0757437
-0.0571918 0.212838 0.0762085
-0.0447263 0.219878 0.0734503
-0.00413764 0.102251 -0.103462
-0.0642684 0.403526 -0.0995667
0.0666449 0.2149 0.0775919
-0.0308227 0.225433 0.0735389
-0.0156797 0.224662 0.0681215
0.0209541 0.222917 0.078059
0.0350323 0.225712 0.0726686
-0.0483665 0.376427 -0.109358
-0.0666896 0.248996 0.0755421
-0.132422 -0.284225 -0.0611907
-0.125216 -0.260501 -0.0681923
-0.128576 -0.287881 -0.0676923
0.0116517 0.4703 -0.110232
0.0489732 0.274763 0.0719454
-0.00477114 0.29289 0.0775521
0.007291 0.287752 0.0771
-0.172909 0.0507594 -0.0720346
-0.0147517 0.301378 0.0754543
0.00167975 0.293148 0.0795617
0.0118295 0.293711 0.0745005
-0.0192467 0.307699 0.0694053
0.0217722 0.312086 0.0739362
-0.0174712 0.321231 0.0688791
-0.0021717 0.334455 0.0730918
-0.127173 -0.490691 0.0627345
0.0300836 0.33774 -0.113273
-0.0971967 -0.491022 0.062529
-0.0912957 -0.490901 0.066971
-0.0503971 0.455189 -0.10069
-0.0429105 -0.493162 0.0628361
0.0258353 -0.483227 0.0650953
-0.0927721 -0.132812 0.0721049
0.102362 -0.491135 0.0683398
-0.121122 -0.252245 -0.0715627
0.130044 -0.488257 0.0665829
0.108664 -0.0954062 0.0650647
-0.0279132 -0.48747 0.0657283
0.0224235 -0.478435 0.0605779
0.135121 -0.482536 0.0635626
-0.0196243 0.336091 -0.115742
-0.0222349 -0.48095 0.0671765
0.0217713 -0.476524 0.0677869
-0.0176099 -0.468229 0.0627659
0.019559 -0.470355 0.0609997
0.0206489 -0.46154 0.0651696
0.015938 0.318062 -0.113938
-0.0830244 -0.449954 0.0702654
-0.0700549 -0.270918 -0.0929496
-0.0230586 -0.452326 0.0646191
-0.0117128 0.471193 -0.109013
0.0868939 -0.452397 0.0732878
-0.0602168 -0.436691 0.0627442
-0.0460405 -0.439863 0.0676275
-0.0380377 -0.439986 0.0655224
0.0738654 -0.441301 0.0649337
0.00345033 -0.198093 0.0679952
0.015628 -0.206519 0.0573603
0.00280387 0.310256 -0.1142
-0.0685165 -0.191541 0.063192
0.062954 0.232464 -0.0795766
0.0741555 -0.193586 0.0608407
0.0839774 -0.163466 0.0698327
-0.102796 -0.136592 0.0611099
-0.101696 -0.09527 0.0707975
-0.0993298 -0.0885931 0.072547
-0.0151476 -0.221671 -0.086696
0.061154 -0.238991 -0.0934004
0.091315 -0.0333657 0.0650301
-0.00599333 0.310526 -0.113913
0.0779432 -0.00643606 0.0676929
-0.0242304 0.00335815 -0.123347
-0.127173 -0.157371 -0.0722378
-0.133287 -0.145914 -0.0590129
-0.00962412 0.36772 -0.123297
0.023989 -0.0465389 0.106809
0.244265 0.015839 0.0688122
0.105406 -0.05365 0.0557299
0.0510808 0.0298219 0.0738339
0.198831 0.0228575 0.0625306
-0.19301 0.0366309 0.0639869
0.0589104 0.0262394 0.0697379
0.192794 0.0375321 0.0639791
0.0703032 0.0567562 0.0700841
0.189599 0.0496253 0.0573248
-0.270487 0.0506956 0.0654518
-0.0606709 0.0605135 0.0729935
-0.0104786 0.465377 -0.114222
-0.195798 0.0615148 0.0704336
0.00359709 0.467112 -0.113621
0.0681102 0.0732539 0.0713207
0.0233842 -0.030766 -0.134439
0.00712215 0.0840389 0.0721873
0.0818194 -0.246769 -0.0922558
0.265674 0.0768564 0.0656376
0.0973657 -0.0888482 -0.121271
-0.056402 0.0873573 0.0707734
0.051744 0.0866515 0.0747434
0.0636152 0.0900473 0.0686103
0.071189 -0.037787 -0.116393
-0.00764028 0.0928319 0.0712238
0.00165714 0.0972377 0.0695634
0.0111973 0.0959369 0.0699295
0.21692 0.0863979 0.0554784
-0.0467229 0.0992995 0.0684782
0.0260872 0.0994085 0.0704516
0.075361 -0.0226956 -0.108102
0.251832 0.092876 0.0702643
-0.0285477 0.111268 0.0658821
0.0909203 -0.082616 -0.123257
0.0611566 -0.014014 -0.115176
-0.120274 -0.0809559 -0.06844
-0.0042157 0.152158 0.0720871
0.0253335 0.150466 0.0677401
-0.0627086 0.175824 0.0642083
-0.0685335 0.193457 0.0642774
-0.0174873 0.0948839 -0.102425
-0.0573646 0.206761 0.0708942
-0.036278 0.20116 0.0688201
-0.0282308 0.201868 0.0669224
-0.0722483 -0.0246151 -0.109535
0.00426519 0.201594 0.0734242
0.0184448 0.203041 0.0694472
0.0502533 0.203059 0.0703388
0.0437447 0.20027 0.0660765
0.0559879 0.205263 0.0752309
0.0617804 0.207069 0.0714197
-0.0509053 0.206186 0.0709438
-0.0543488 0.214295 0.0700456
0.138661 -0.33583 -0.000603081
0.0543416 0.214799 0.0758837
0.0828604 0.435529 -0.0526982
0.0439785 0.223021 0.0722517
-0.0770136 -0.0325433 -0.108496
-0.0226106 0.226044 0.0712619
0.00938744 0.224026 0.0703665
0.0305277 0.226684 0.0642923
0.0757401 0.224749 0.0734279
-0.0715757 0.227704 0.0785116
-0.0593724 0.265517 0.0731086
-0.0751935 -0.0407487 -0.112707
-0.00363943 0.0409387 -0.1129
0.0298463 0.285692 0.0709822
0.0373858 0.283153 0.0680762
-0.016631 0.289245 0.0705711
-0.00994439 0.294907 0.072781
0.0146056 0.287135 0.0750675
0.0164072 0.299442 0.0720683
-0.01892 0.316158 0.0736897
0.0212329 0.319225 0.0701929
-0.014153 0.326211 0.0668101
0.0123561 0.330795 0.0686688
-0.00414394 0.332845 0.065213
-0.0791053 -0.0561217 -0.114419
-0.0772427 -0.491787 -0.0872959
-0.0253679 0.0193222 -0.116803
-0.0989399 -0.49335 0.0555356
0.086481 -0.0675187 -0.115221
-0.0498274 -0.49317 0.0643284
-0.0848273 -0.06857 -0.115328
-0.0836199 -0.0619101 -0.113118
0.106104 -0.492823 0.0615083
0.102328 -0.494057 0.0540486
0.121959 -0.492445 0.0647202
-0.11636 -0.47763 -0.0772834
-0.104285 -0.0193665 -0.0674718
-0.106074 0.149152 -0.0411265
0.129578 -0.469167 0.057911
-0.124062 -0.465173 0.0535753
-0.0152582 -0.471319 0.0552341
0.0176893 -0.461776 0.0571547
0.0474679 0.480694 -0.0733321
-0.116612 -0.458792 0.0519212
-0.109627 -0.457011 0.0571884
0.0169825 -0.201301 -0.109827
0.11497 -0.462378 0.0648233
0.119657 -0.465253 0.0699054
0.0210538 -0.454764 0.0600079
0.0935069 -0.00881728 0.0512314
0.0964425 -0.448763 0.0607738
-0.0728291 -0.442621 0.0663399
-0.0464211 0.477478 -0.0785834
0.0347271 -0.439766 0.0601852
-0.0533268 -0.433801 0.0586348
0.044144 -0.436739 0.062292
0.0613226 -0.432977 0.0566619
-0.00403739 -0.207209 0.0559751
0.0130044 -0.212846 0.0501719
0.0583927 -0.200442 0.0611401
0.0691573 -0.216144 0.0509904
-0.0828994 -0.194876 0.0561257
0.0898949 -0.186774 0.0573943
-0.0939199 -0.179348 0.0568178
0.102925 -0.146062 0.0612165
0.0135311 -0.1927 -0.122817
0.110638 -0.103433 0.0622573
-0.0422119 0.110254 -0.0914568
-0.0885242 -0.00482984 0.0526402
-0.0689524 0.00832655 0.066234
-0.096438 0.0128626 -0.0587869
0.23145 0.00729951 0.0574979
-0.246591 0.011813 0.0546185
0.0664126 0.0204606 0.0654452
0.0316306 -0.0416275 0.103739
0.111156 -0.159192 -0.109899
-0.0631342 0.0460049 0.068885
-0.180554 0.0564814 -0.0719081
-0.191211 0.0507866 0.0614517
0.0778735 0.0466775 0.0607722
0.191362 0.057465 0.0573528
-0.269797 0.0577067 0.0599953
-0.0941615 -0.474792 -0.0936327
0.0747492 0.0694032 0.0669875
0.195083 0.065469 0.0580721
0.0667507 0.246763 -0.0758883
0.0540605 0.392007 -0.109931
-0.19552 0.067709 0.0540153
0.0586425 0.386043 -0.10468
0.200749 0.0736368 0.0591533
-0.201579 0.0750138 0.0573871
0.0774899 0.0830476 0.060591
0.0993457 -0.177047 -0.114956
-0.208171 0.0813128 0.0554681
-0.0593016 0.0928659 0.0663888
0.01747 0.441459 -0.125997
0.253424 0.0855426 0.0578215
-0.215331 0.0852314 0.0528166
-0.22101 0.0889751 0.058771
-0.229546 0.0900042 0.0556718
0.0474979 0.353872 -0.107316
0.22184 0.0904371 0.0612991
-0.235973 0.0927276 0.0611183
0.015066 0.109884 0.0671117
0.0199556 -0.197603 -0.117728
0.0389537 0.112273 0.0635193
-0.0462867 0.110343 0.0613814
0.000465473 0.106949 0.068058
0.0339415 0.105043 0.0680747
-0.00680784 0.111912 0.0674362
-0.100553 0.00909657 -0.0525476
0.0194542 -0.382253 -0.00138281
0.00105769 0.143437 0.0670954
0.0399768 0.338127 -0.108997
0.0216679 0.14194 0.0645818
-0.157213 0.0352422 -0.0626954
-0.0148692 0.151098 0.0696517
0.00687283 0.150916 0.0706242
0.0302222 0.146028 0.0628115
0.0326285 0.153177 0.0658969
-0.0472555 0.157021 0.0534911
-0.0362244 0.148671 0.0588972
0.0400387 0.155916 0.0642397
-0.0310264 0.323973 -0.109787
0.0561235 0.168255 0.0703455
-0.0339021 0.337558 -0.110835
-0.00785892 0.443232 -0.126445
-0.063645 0.206543 0.0681161
-0.0467596 0.203303 0.0582445
-0.0491882 0.203944 0.064716
0.103545 -0.16333 -0.121272
-0.00669229 0.20814 0.0660233
-0.0208265 0.205209 0.0652953
0.00148707 0.206614 0.0674371
-0.0540457 0.471092 -0.0785472
0.0277317 0.203576 0.0664065
-0.0984585 -0.177225 -0.115288
-0.0688726 0.38844 -0.0903387
-0.055161 0.20876 0.0661843
-0.0516337 0.208317 0.0593141
0.0610408 0.211373 0.0689057
-0.0600239 0.212144 0.0697292
0.0197412 0.294701 -0.110068
0.0105438 0.0505475 -0.110675
0.0608197 0.213949 0.0739725
0.046642 0.246871 -0.0937729
-0.0734947 0.227914 0.0697168
0.113843 -0.418931 -0.0856879
0.070002 -0.237901 -0.0940638
0.0686141 0.457661 -0.0748691
0.0542592 -0.313372 -0.0904436
0.0221189 0.223033 0.0640124
-0.0502705 0.0192528 -0.106517
0.0709112 -0.0527749 0.0893042
0.0832303 0.201715 -0.0424617
-0.119376 -0.471062 -0.0766006
0.0112389 0.279241 -0.109585
-0.0102203 0.270345 -0.108466
-0.1495 0.0317383 -0.0560986
0.190383 0.0450887 -0.0651337
-0.0521426 0.274134 0.0629954
-0.125642 0.0439589 -0.0596669
0.0142331 0.128617 -0.102547
0.0676846 0.453761 -0.0822313
-0.0158219 0.297847 0.0676267
0.01677 0.291673 0.0694078
-0.0253954 0.310933 0.0634987
0.0208571 0.305715 0.0693018
-0.0203455 0.316151 0.0661664
0.0254911 0.321017 0.0630971
-0.134464 -0.487081 0.0590631
-0.0911118 -0.493052 0.0587114
-0.0833235 -0.49561 0.0538836
-0.066531 -0.494905 0.0508877
-0.0391454 -0.492606 0.0569279
-0.0309291 -0.489176 0.0563634
0.0315572 -0.488658 0.0628081
0.080265 -0.493407 0.0621671
0.0933823 -0.494926 0.0542227
0.119637 -0.492584 0.0564868
0.127623 -0.492043 0.0585402
0.141886 -0.488723 0.0515032
-0.13468 -0.47862 0.0602222
-0.0345961 0.0784653 -0.0985
0.143612 -0.477539 0.0486194
-0.130214 -0.471416 0.0581029
-0.0192606 -0.47615 0.0610129
0.0191267 -0.477122 0.0534005
0.0155194 -0.468415 0.0522222
-0.0136595 -0.457282 0.0506202
-0.088677 -0.442158 0.0566773
-0.0168536 -0.449586 0.0503972
0.0118328 0.0427403 -0.11209
-0.0212849 -0.442801 0.047897
-0.038555 -0.434936 0.0569517
0.0286897 -0.437055 0.0441521
-0.060498 -0.21796 0.0509595
-0.0468741 -0.215962 0.0526499
-0.0268583 -0.208148 0.0570767
-0.104234 -0.174884 -0.108705
-0.0125147 0.285547 -0.109846
0.0143465 0.0568115 -0.108875
0.0501111 -0.209754 0.0567234
0.000910156 0.0639796 -0.108319
0.0965587 -0.183338 0.0548713
-0.0969815 -0.160333 0.0606459
-0.110271 -0.121086 0.055377
0.11688 -0.120875 0.0493808
-0.112852 -0.094524 0.056027
0.00234126 -0.255328 -0.0111631
0.101419 -0.0444451 0.0574564
-0.0913965 -0.0236642 0.0579491
0.0840643 -0.00716044 0.0618803
-0.0690018 0.0163691 0.061903
-0.0168921 0.047708 -0.109853
-0.0707992 -0.442115 -0.0921084
-0.220197 0.00169646 0.0436868
-0.20829 0.0091588 0.0541586
0.0780247 0.00823506 0.0599508
0.23639 0.00312266 0.0385124
0.131632 0.0346737 -0.0502293
0.0559479 0.235342 -0.0861135
0.257029 0.0190592 0.0472622
0.186644 0.0213833 0.0443025
-0.195527 0.0473094 -0.0637507
-0.262519 0.0276516 0.055259
0.183909 0.0292195 0.0455498
0.265023 0.0326012 0.057447
-0.265554 0.0338873 0.0498161
-0.0705976 0.451721 -0.0729627
0.18547 0.0363672 0.0498374
-0.268015 0.041574 0.0532702
-0.185905 0.0392112 0.0515915
0.0845772 -0.0523414 0.0787148
0.0748074 0.438152 -0.082311
-0.0774808 0.0666296 0.0573869
-0.255646 0.0761999 0.0449358
-0.250915 0.0864107 0.0569575
0.0945038 -0.0430344 0.0653011
-0.244901 0.0869549 0.0525363
0.0726606 0.0973503 0.0561905
0.242757 0.0852032 0.0470726
-0.0610175 0.154864 -0.0769413
-0.0576826 0.112782 0.0518728
-0.0505541 0.115135 0.0556352
0.0439807 0.117845 0.0592294
-0.0426256 0.117867 0.0585172
-0.0223493 0.119281 0.0648139
-0.0146158 -0.376332 -0.011071
0.0727145 -0.0297209 -0.112519
0.0355819 0.142389 0.0597684
0.0412188 0.12661 0.0578851
-0.0289435 0.14591 0.0624034
0.0450666 0.15286 0.0565077
-0.0541792 0.164989 0.0550931
0.0513276 0.160287 0.0558347
-0.0610982 0.17191 0.0555084
0.0611603 0.169147 0.0636306
-0.0672312 0.179728 0.0563461
0.0665659 0.176499 0.0650446
0.0709564 0.180943 0.0573661
0.0710146 0.205392 0.0647926
0.0199747 0.145307 -0.101674
0.0286937 0.129772 -0.0989056
-0.0273381 0.207174 0.0615382
0.0538513 -0.00741811 -0.117204
0.0566684 0.206861 0.0672802
0.0721893 0.213146 0.066395
-0.0696392 0.210632 0.0628812
-0.0531283 0.215177 0.0632808
-0.0144848 0.210244 0.0646812
-0.0277745 0.214199 0.0601871
-0.000852322 0.214004 0.0651487
0.0152806 0.209915 0.0645369
0.0360684 0.213532 0.0577505
0.0568496 0.215416 0.0696405
-0.075376 0.221743 0.0558364
-0.0163395 0.218023 0.0640151
0.115029 -0.488329 -0.0702197
0.00478795 0.219749 0.0657793
0.0354577 0.0291822 0.0787331
0.0783223 0.215069 0.0518338
0.202318 0.0671692 -0.0609217
0.0136779 0.218851 0.0646085
0.028921 0.2185 0.0603841
0.0494402 0.223996 0.0651028
0.117803 -0.145462 -0.100852
0.0409098 0.228501 0.0659158
0.114311 -0.160839 -0.101888
0.0747755 0.240251 0.0637859
-0.0668013 0.258728 0.0601575
0.101684 -0.170623 -0.117969
-0.105057 -0.0291302 -0.0718797
0.0773981 -0.386916 -0.0956093
-0.0750808 0.444925 -0.0690167
-0.0220271 0.2908 0.0633087
0.0321821 0.288124 0.0628418
0.0243355 0.29014 0.0659234
0.020205 0.298529 0.0646827
0.026039 0.305619 0.0626182
-0.0737336 0.436406 -0.0800209
-0.0402738 0.309093 0.0617461
-0.0537567 0.308831 0.056255
-0.0655492 0.0327537 -0.0891259
0.0282859 -0.00889491 0.0949066
-0.0223823 0.302339 0.0609385
0.0368721 0.294182 0.0572108
0.104931 -0.17365 -0.109941
0.0292546 -0.198521 -0.120318
0.0461483 0.307464 0.0604208
-0.0542237 0.315903 0.0572708
-0.0413553 0.318422 0.0627768
-0.0335917 0.323208 0.0633179
0.0780766 -0.0537947 -0.116499
0.171351 0.0992304 -0.0678948
0.0497889 0.316718 0.0609746
0.0530085 0.309465 0.0586328
-0.0483485 0.331381 0.0583463
-0.0198236 0.323283 0.0623481
0.056309 0.322507 0.0573158
-0.0415089 0.328029 0.0613967
-0.126316 0.0577643 -0.0724946
-0.0142159 -0.398211 -0.00659006
-0.0148947 0.329179 0.0600094
0.0162993 0.330082 0.0602507
0.0226387 0.327775 0.0614202
0.0348355 0.322003 0.0631998
0.0429788 0.322364 0.062731
0.0768604 0.385921 -0.0803445
0.000601205 0.335358 0.0594531
0.0036466 0.333885 0.0669373
0.0552363 0.330057 0.056318
-0.0914452 -0.174543 -0.127717
-0.0172713 0.152327 -0.101891
0.0399284 0.341397 0.0572435
-0.0574761 -0.00301772 0.0799042
-0.0266115 0.355323 0.0597527
-0.0250696 0.339271 0.0581283
-0.0183369 0.359823 0.0604141
0.024837 0.359498 0.0608153
0.0195207 0.354104 0.0599378
0.156805 0.117355 -0.0611402
0.0330124 0.346718 0.0570977
0.1406 0.127341 -0.0600319
0.0185426 0.363082 0.059906
0.0391586 0.361485 0.0578416
-0.0279584 0.363543 0.0598268
-0.035358 -0.270637 -0.0795028
-0.0216657 0.370593 0.058437
0.0262895 0.366641 0.0598587
0.0543689 0.368378 -0.105036
0.0343685 0.36805 0.0580611
-0.0255496 0.377353 0.0527591
-0.138431 -0.49101 0.0514637
-0.129194 -0.49267 0.0542307
-0.121411 -0.494861 0.0477913
-0.0564098 0.36537 -0.100646
-0.0925117 -0.49774 0.0420754
-0.0724334 0.205575 -0.0625352
0.0460965 -0.493918 0.0481128
0.0388057 -0.492655 0.0472366
0.132901 -0.493426 0.0517925
-0.141108 -0.482101 0.0547827
-0.137141 -0.473804 0.0531933
0.00865787 0.277229 0.090787
-0.0117696 -0.477145 0.0380978
-0.141262 -0.382446 -0.0535245
-0.136766 -0.469966 0.0443447
0.131659 -0.466869 0.0498115
-0.00934975 -0.468385 0.0407643
0.0118543 -0.464929 0.0444503
0.125606 -0.464914 0.0532233
-0.0412638 0.33573 -0.106627
0.0487944 0.295353 -0.0973697
-0.092509 -0.179271 -0.121099
0.102519 -0.439183 0.0436007
0.0927427 -0.436281 0.0473361
0.00700882 0.490016 -0.0858574
-0.0544024 0.229697 -0.0849382
0.0352947 0.290177 -0.104353
0.140712 0.0990446 -0.0798786
-0.0539809 -0.429443 0.0513574
0.0421527 -0.431342 0.0485424
-0.0546642 -0.424424 0.0445069
0.0487044 -0.428017 0.0454056
0.0551042 -0.429999 0.0517122
-0.0364844 -0.221696 0.048426
-0.0196693 -0.219286 0.0462747
0.0444036 -0.220263 0.0496682
0.253716 0.0972977 0.09142
-0.0699832 -0.217201 0.0499429
-0.0302262 0.482866 -0.0866889
-0.0751706 -0.209645 0.0521624
0.0911505 -0.21659 0.0442415
0.0854519 -0.197856 -0.108554
-0.108884 -0.173101 0.0476761
-0.0778445 0.34391 -0.0650834
0.108544 -0.173934 0.0496863
-0.0748763 0.339515 -0.0709211
0.119494 -0.158143 0.0426642
0.113506 -0.13477 0.0522593
-0.114498 -0.134947 0.0476553
0.118105 -0.0942141 0.0508236
-0.109739 -0.0869982 0.0589016
-0.00261522 -0.0890747 -0.150565
0.0917041 0.00104918 0.0481662
0.018806 -0.432395 -0.0549979
0.147043 -0.411372 -0.00966497
-0.0754647 0.438968 -0.0734163
0.0744526 0.0171994 0.0589282
-0.0695586 0.0251712 0.058337
0.0331207 0.253615 -0.101261
0.0204986 0.250183 -0.105103
-0.266611 0.0472285 0.0411379
0.00312723 0.263181 -0.108481
0.00252494 0.0474448 -0.111741
0.0873035 0.0547809 0.0492633
0.0778146 -0.200894 -0.110447
0.269158 0.0536416 0.0542136
0.0853124 0.0696279 0.0542513
0.267631 0.0608709 0.0522486
0.261337 0.0727408 0.05015
-0.0774168 0.081829 0.0532551
0.0884475 0.0738099 0.045604
-0.204616 0.0775779 0.0427588
0.0821126 0.0895368 0.0497209
0.0125255 0.249691 -0.106538
0.248128 0.0806422 0.0423143
0.0676184 0.113826 0.0449899
0.0615787 0.128625 0.0422978
-0.0526775 0.127503 0.0485707
0.0810799 0.379075 -0.0690337
-0.0413101 0.143716 0.0556651
0.0697323 -0.203185 -0.112309
0.0775338 0.401175 -0.0820558
-0.141254 -0.349818 -0.00995781
0.0534522 -0.203058 -0.116029
0.0648127 0.172923 0.055864
-0.0832535 0.228407 -0.0107987
0.056802 -0.207251 -0.110932
-0.0111743 0.252232 -0.106516
0.0363925 0.204313 0.0609102
0.0809623 0.301657 0.00200917
-0.0400799 0.204551 0.0563366
0.082233 0.263827 0.00253368
-0.0490034 0.214729 0.0554768
-0.040596 0.212418 0.0550657
0.0580444 0.213014 0.0640363
-0.0419388 0.229043 0.0621764
-0.0161269 -0.45965 -0.0532623
0.0893597 0.16284 -0.0382163
0.0458397 0.225975 0.0567448
-0.0743927 0.236896 0.0567089
-0.141811 -0.395479 -0.00238422
0.0776025 0.230268 0.0445859
0.0927082 -0.40786 0.041205
0.0184117 0.218063 -0.103558
0.011213 0.220563 -0.104834
-0.0623093 0.264549 0.0585136
-0.0494995 0.274962 0.055064
0.0351451 -0.203222 -0.114406
-0.111143 -0.0692699 0.0495543
-0.0431897 0.474745 -0.0876156
-0.000996795 0.211018 -0.104983
-0.0375943 0.291562 0.0553128
-0.0303178 0.296364 0.0579754
0.0397689 0.284548 0.0588346
-0.0436306 0.286369 0.0515445
0.0436413 0.291143 0.0539435
0.0572135 0.29959 0.0513493
0.0574693 0.314373 0.0569432
-0.058279 0.305285 0.0506863
-0.0614713 0.328081 0.0497722
-0.14465 -0.398544 -0.010197
0.0101254 0.123172 -0.102933
-0.054944 0.32958 0.0550288
-0.00798216 0.333574 0.0572909
0.00862859 0.333401 0.0601915
0.0201333 0.183618 -0.102213
-0.0422585 0.338022 0.0574873
-0.011273 0.342781 0.0548935
-0.00265967 0.341321 0.0546085
0.00611566 0.340004 0.0541858
0.0151761 0.337828 0.0554149
0.0232243 0.334219 0.0580663
0.0314914 0.33782 0.0583299
0.0123551 0.348325 0.0554085
0.0462681 0.346719 0.0538636
-0.026263 0.347584 0.058074
0.210979 0.0378817 0.0946308
-0.0326286 -0.205287 -0.111147
0.0735496 -0.197311 -0.11674
-0.000513594 0.356338 0.0529855
0.00659327 0.354631 0.0538219
-0.0393174 0.356843 0.0563219
-0.0482017 0.354541 0.052349
0.0054174 0.361842 0.0535636
-0.00532571 0.375267 0.0498172
-0.0181577 0.136231 -0.101442
-0.002647 0.365033 0.0533939
-0.0105065 0.195029 -0.103841
-0.0361218 0.364572 0.0576773
0.0666033 0.0320792 0.0655851
0.0284797 0.37449 0.0554721
0.0542055 0.365631 0.0506561
-0.0336465 0.377467 0.0509104
-0.0184461 0.390376 0.0432092
-0.060896 -0.498969 -0.0611458
-0.0847013 -0.496775 0.039214
0.0886473 -0.496944 0.046512
0.0690192 -0.494774 0.0470624
-0.125405 -0.496253 0.0387408
-0.116617 -0.496469 0.039105
-0.0508233 -0.494396 0.0503198
-0.0630401 -0.493947 0.0436921
-0.0637306 -0.201941 -0.115704
-0.110655 -0.0399553 0.0355019
0.117995 -0.494722 0.0469544
0.127248 -0.485 -0.0575485
0.137257 -0.493779 0.0426989
0.14363 -0.48541 0.0404094
-0.143322 -0.485423 0.0471039
0.0210515 -0.483768 0.0445222
0.138637 -0.469572 0.0450698
-0.142745 -0.477169 0.0467721
-0.0596483 -0.0175171 -0.115801
0.114796 -0.482995 -0.0771344
0.132771 -0.463683 0.041783
-0.00852688 0.079255 -0.105474
0.117806 -0.443694 0.0349991
-0.11227 -0.441266 0.0369517
-0.0110992 -0.452362 0.0379232
-0.0148691 -0.444903 0.0337727
0.0213568 -0.441664 0.0411084
0.0280636 -0.459404 -0.0693425
-0.0757378 -0.426993 0.045661
0.0229665 0.0720288 -0.104076
-0.0406305 -0.428517 0.0409995
-0.0469225 0.207577 0.0536237
0.0785586 -0.425345 0.045273
0.057445 -0.425431 0.0449048
-0.0519699 -0.221015 0.04986
0.0114864 -0.217687 0.0443218
0.0317591 -0.224128 0.0450324
0.0139062 0.0719964 -0.105995
-0.0843504 -0.203859 0.0513732
-0.00537651 -0.199597 -0.107383
0.11906 -0.137262 0.0454044
0.000276616 0.0793903 -0.106021
-0.123784 -0.0943656 0.0341138
7.82073e-06 0.0944909 -0.104352
0.156318 0.125877 -0.0435082
-0.205304 0.00284739 0.0393603
-0.0806592 0.0195559 0.0473147
0.0495246 -0.207982 -0.110443
0.202601 0.0052646 0.0419146
-0.246801 0.00877296 0.0372823
0.0851153 0.0180864 0.0458798
0.192814 0.0146654 0.0457747
0.248347 0.0095541 0.0359506
-0.191862 0.0120602 0.0410758
0.264179 0.032843 0.0395156
0.266477 0.0400295 0.043867
-0.179801 0.0465609 0.0402829
-0.0781083 0.0358624 0.0482238
0.0851912 0.0275453 0.0426531
0.179225 0.0492396 0.0383717
-0.266412 0.0543558 0.042959
-0.0378627 0.480912 -0.0831762
0.0407719 -0.208248 -0.109098
-0.0829582 0.0581043 0.0471298
-0.0810502 0.0643512 0.0511198
0.197328 0.0703554 0.0502816
-0.211856 0.0810012 0.0375996
-0.217648 0.0838927 0.0445086
0.193627 0.0539359 -0.0662245
0.228608 0.0864004 0.0456614
0.00415545 -0.192766 -0.11957
0.0806244 0.100916 0.03861
-0.0477739 -0.206056 -0.112868
0.0723052 0.114295 0.0370863
-0.146014 -0.414463 -0.0118165
-0.0565457 0.131556 0.0447249
-0.0543175 0.160564 0.0470819
0.0522023 0.153882 0.049965
0.032114 0.0552748 -0.104781
-0.0641537 0.176829 0.0465086
0.0678624 0.17811 0.0481451
0.074672 0.191415 0.0415722
-0.024629 -0.404111 -0.0680265
0.0432393 0.208631 0.055093
-0.0753402 0.229889 0.0456508
0.0792178 0.220908 0.0443782
0.101211 -0.00318747 0.035615
0.0732694 0.248378 0.0534988
0.0676036 0.258389 0.0477516
-0.0657343 0.259611 0.052498
-0.0532023 0.270743 0.0488852
0.057045 0.269596 0.0464897
-0.017576 0.374586 -0.123316
-0.143662 -0.413439 -0.00406294
-0.0458949 -0.212428 -0.105258
0.0443493 0.284252 0.052752
-0.0553494 0.283273 0.04015
-0.0647918 0.296979 0.0350634
0.0638663 0.305276 0.0484439
0.062346 0.319038 0.052945
-0.0652011 0.336751 0.0396215
-0.0382395 0.0546546 -0.101467
-0.0638684 0.34489 0.0398119
0.0610808 -0.0223494 0.0857943
-0.0532738 0.348649 0.0492363
0.0526363 0.354831 0.0517547
0.0605433 0.350188 0.046204
-0.0625217 0.36169 0.0444687
0.0666231 0.363874 0.0411014
0.0441733 0.0201084 -0.110471
-0.007172 0.481031 -0.0991395
-0.0530608 0.372969 0.045563
0.0048681 0.37924 0.0470773
-0.0410403 0.377584 0.0477835
0.0281956 -0.371044 -0.0698442
0.0492164 0.376772 0.044755
-0.0284008 0.387744 0.0413723
0.0217681 0.46896 -0.108854
-0.0437168 -0.0342498 0.0968886
0.0217459 0.386325 0.0444433
-0.1332 -0.493735 0.036554
-0.0765715 -0.494923 0.0373293
0.102863 -0.498085 0.038279
0.122089 -0.496918 0.0373314
-0.138646 -0.487761 0.0337563
-0.0379763 -0.492427 0.0425024
-0.0165726 -0.394105 -0.0011992
-0.0223545 -0.487711 0.0368804
0.0376555 -0.490824 0.0218125
-0.0799432 0.439029 -0.0406832
-0.0245299 0.464364 -0.11096
0.0672202 -0.493168 0.0387588
-0.00942122 -0.450265 -0.0130968
-0.138372 -0.470008 0.0351806
0.0245064 -0.375976 -0.0647368
-0.0807116 -0.048121 -0.110585
-0.135836 -0.464571 0.0314196
-0.0194439 -0.472582 0.101388
0.127354 -0.457539 0.0391904
-0.102603 -0.0918351 -0.114352
0.110711 -0.44145 0.0396258
-0.0992779 -0.428922 0.0412699
-0.0851748 -0.424298 0.0441867
0.0997742 -0.429931 0.0418302
-0.0789362 -0.417519 0.0437423
-0.0675788 -0.425827 0.0454652
0.0525057 -0.421579 0.0399914
0.0454459 -0.424499 0.0377046
0.0708728 -0.427566 0.0468009
0.0852332 -0.423286 0.0444728
-0.0623018 -0.421304 0.0435573
0.035809 0.469379 -0.102036
0.0595033 -0.418515 0.0413841
0.0664384 -0.415041 0.0420894
0.0763235 0.430675 -0.082548
-0.113203 -0.111032 -0.105722
0.125276 -0.386648 -0.0787737
-0.129473 -0.38165 -0.0724667
-0.0849878 -0.319477 0.0448185
-0.0778361 -0.319226 0.0443827
0.0800627 -0.328177 0.0419208
0.0463399 0.477306 -0.0820723
-0.109552 -0.171889 -0.101629
0.0873677 -0.322471 0.044094
-0.0986093 -0.322358 0.0390357
-0.0888709 -0.311451 0.04416
-0.132733 0.0458059 -0.0647894
-0.0802616 -0.312381 0.0448647
-0.0722016 -0.32296 0.0420785
-0.0657465 -0.317976 0.0391436
0.0718644 -0.324642 0.0404091
0.0773512 -0.309543 0.0433194
-0.111844 -0.155778 -0.10906
0.0858571 -0.313238 0.0448551
0.0942042 -0.31607 0.0432544
-0.0856746 -0.296878 0.0384983
-0.0749212 -0.306144 0.0421385
0.0860157 0.197849 -0.0277261
-0.0917986 -0.303367 0.0403181
-0.0778314 -0.298494 0.0397325
-0.0164024 -0.474537 0.0924244
0.0853743 -0.304318 0.0428625
-0.066432 -0.24839 0.038564
-0.111826 0.147406 -0.0297275
-0.0456637 -0.235353 0.0416566
0.067266 -0.2445 0.0396357
0.0480892 -0.227587 0.0457455
0.0393025 0.462637 -0.105617
-0.0151608 -0.223848 0.0402237
-0.0281777 -0.233435 0.0377391
0.0608026 0.394807 -0.104375
0.0825708 -0.234293 0.0409721
0.0600551 0.331442 -0.0933708
-0.00129496 -0.224088 0.0338792
0.0904529 -0.233996 0.0383748
0.111422 -0.200608 0.0372432
-0.0956944 -0.167547 -0.12926
-0.110056 -0.189218 0.040712
-0.118824 -0.172548 0.0377848
0.119942 -0.181002 0.0364168
-0.121114 -0.155233 0.0383117
-0.11988 -0.129266 0.0408222
-0.119341 -0.113234 0.0422771
-0.0329806 0.464288 -0.106765
-0.0444843 0.453226 -0.107129
0.121056 -0.0907317 0.0444688
-0.0770496 -0.0932847 -0.142952
0.0963629 0.00235688 0.0399654
-0.200867 0.00211068 0.0338066
0.222453 -0.000498562 0.0359346
-0.240541 0.00490823 0.0381278
-0.260941 0.0252638 0.037612
-0.0439986 0.459026 -0.10335
-0.0811948 0.0284965 0.043301
0.135046 -0.330226 -0.0657519
0.259185 0.0233131 0.0299728
-0.174121 0.0413158 0.0340398
-0.174134 0.0261603 0.0302977
0.0532962 0.474634 -0.0767387
0.175571 0.0326123 0.0346349
0.0914345 0.0511984 0.0342836
-0.0025435 -0.0310903 0.104584
-0.257135 0.0658781 0.0300703
-0.1319 -0.316982 -0.0666561
0.187678 0.0623956 0.040442
0.0473397 -0.422118 -0.0856069
-0.246969 0.0769797 0.0336457
0.250533 0.0727734 0.0300414
0.214584 0.0826397 0.041106
0.243195 0.0764479 0.0260324
-0.211972 0.0150153 -0.0376908
-0.0588104 0.124318 0.0434171
0.0587328 0.468101 -0.0792354
0.132926 -0.298102 -0.0661286
-0.0615921 0.17061 0.041317
0.0702362 0.183547 0.0409783
0.0467801 0.26211 -0.0948426
-0.0724222 0.192442 0.0437475
-0.0733162 0.206683 0.0553934
0.074609 0.201264 0.0309522
0.0575859 0.463628 -0.087024
0.0614413 0.264563 0.043177
-0.0572919 0.267104 0.0438358
-0.0432033 0.265162 -0.0959719
0.0532386 0.275927 0.0441986
-0.0547423 0.273869 0.0408921
0.135216 -0.321621 -0.0647258
0.0348025 0.271599 -0.102337
-0.0676496 0.306586 0.0375986
-0.0671289 0.327508 0.0417356
0.0666177 0.301112 0.0420366
0.0667925 0.314339 0.0475789
-0.0603418 0.339906 0.0446779
-0.122622 -0.497586 -0.0116967
-0.0595763 0.370209 0.0426949
0.0600804 0.369058 0.0445922
-0.0094498 0.392354 0.0440281
-0.267847 0.0614468 0.141802
-0.0381016 0.386514 0.03734
-0.0240832 0.397491 0.0396398
0.0311947 0.38138 0.047147
-0.101694 -0.373572 0.0335951
0.0215911 0.395058 0.0414466
0.0380787 0.385373 0.0392723
-0.0599324 0.46456 -0.0786455
-0.00657673 0.413631 0.0397427
0.00617422 0.403136 0.0422166
-0.120957 -0.497138 0.0315533
0.12789 -0.261634 -0.067492
-0.116806 -0.499175 0.0241165
-0.0773541 0.431944 -0.0738016
0.125753 -0.496484 0.0287271
-0.058971 -0.491454 0.0366254
-0.0741132 -0.491054 0.028082
-0.0576952 0.405193 -0.107153
0.0887253 -0.495589 0.0300135
-0.106658 -0.160696 -0.116703
0.133453 -0.49301 0.0273106
-0.0588874 0.387589 -0.102655
-0.000148166 -0.0280293 -0.135784
0.123533 -0.268528 -0.0735795
-0.140317 -0.478485 0.0315301
0.0155564 -0.482811 0.0290817
0.142034 -0.481806 0.0315095
0.14137 -0.472838 0.0291131
0.133327 -0.460282 0.0335273
-0.13065 -0.453319 0.0260484
0.000847432 0.431691 -0.130022
0.0321211 -0.430702 0.0308538
0.115479 -0.435291 0.034833
-0.109947 -0.4205 0.0363575
-0.0656178 0.458177 -0.0768759
-0.0401325 -0.424643 0.0349401
-0.0290557 -0.430302 0.0287264
0.0414079 -0.42003 0.0323408
0.0974804 -0.413396 0.0409964
-0.00979443 -0.0559326 0.110662
-0.0472448 -0.422244 0.0385543
0.0478508 -0.417001 0.0355299
-0.0482151 -0.412207 0.0356695
-0.00865629 0.375504 -0.125041
0.118675 -0.412413 0.0312008
-0.0698875 0.243366 0.0699715
-0.0588859 -0.388744 0.0365398
0.108487 -0.150368 -0.121113
-0.0681432 -0.388523 0.0387041
0.0716466 -0.373178 0.036938
-0.0891487 -0.368893 0.0362562
-0.00960178 -0.237651 -0.0717508
0.0955879 -0.375541 0.036134
-0.0837992 -0.376665 0.037825
-0.0748583 -0.374629 0.0377141
-0.0059256 -0.228605 -0.0758318
0.0871003 -0.377527 0.0377632
0.253263 0.0971323 0.109494
-0.0818441 -0.334576 0.0394422
-0.0901209 -0.33745 0.0367952
-0.0734964 -0.331247 0.0393018
0.0566085 0.376991 -0.104782
-0.217036 0.0515034 -0.0505999
0.0896558 -0.339299 0.0367486
-0.104333 -0.335421 0.0305736
0.0659328 -0.329307 0.0358078
0.104739 -0.335497 0.0314358
-0.0978404 -0.311801 0.0398773
-0.0594532 -0.321961 0.0343132
0.108291 -0.319869 0.0323915
0.10224 -0.300633 0.0337041
-0.0992395 -0.302658 0.0356615
-0.0612691 -0.30175 0.0340486
0.0651507 -0.321148 0.0367906
0.0626746 -0.305163 0.034173
-0.0499191 0.0173384 0.0751385
-0.106887 -0.147348 -0.124747
0.0736571 -0.28679 0.034355
0.0948907 -0.285091 0.0322961
-0.0808757 -0.283507 0.0344464
-0.0873834 -0.288973 0.0346044
-0.0314066 -0.0394484 -0.134421
0.0809381 -0.283167 0.0343463
-0.0305462 0.133079 -0.0974024
-0.0716747 -0.255383 0.0367108
-0.0493675 -0.257647 0.0329952
0.0059427 -0.228907 -0.0743173
0.049159 -0.251197 0.0348945
-0.0673942 0.450447 -0.0814876
0.0723276 -0.261697 0.0354257
0.0865995 -0.258393 0.0345269
-0.037454 -0.248718 0.032252
0.0336116 -0.239247 0.0354093
0.0930351 -0.252516 0.033641
0.0819181 0.16576 -0.0509117
0.103686 -0.217538 0.0368567
0.126828 -0.168627 0.0314469
0.109672 -0.0438021 0.0442539
-0.111757 -0.135814 -0.117317
-0.227685 -0.000859955 0.0320382
0.0606525 -0.411836 0.0401164
0.208299 -0.00113994 0.0308949
-0.114285 0.134801 -0.00527122
-0.0864029 0.0206776 0.0384363
0.0884452 0.0201874 0.0396899
0.250604 0.0124285 0.0219445
-0.16753 0.0198238 0.0162915
0.0899225 0.0248222 0.0344524
-0.262738 0.0388317 0.0257841
0.200087 0.0250788 -0.0511891
-0.0839986 0.0443638 0.0387073
0.262847 0.0323318 0.0301445
-0.174061 0.0501776 0.0321392
0.264106 0.0482119 0.0312746
0.0418521 0.486772 -0.0279493
-0.187536 0.0622856 0.0400372
0.177333 0.055654 0.0330506
-0.249584 0.072607 0.0280783
-0.196595 0.0747253 0.0313627
0.195887 0.0732298 0.034979
-0.0855201 0.0787502 0.0335993
0.0905083 0.0777552 0.0364364
-0.233408 0.0842548 0.0388502
-0.226253 0.0828654 0.0339094
-0.0594621 0.144018 -0.0792842
0.00960813 -0.223015 -0.0810413
-0.0796968 0.093485 0.0376043
0.0856532 0.095886 0.0330465
0.0778706 0.107877 0.034254
-0.0738323 0.109302 0.0322357
-0.0678027 0.134263 0.0320216
0.0725868 0.43241 -0.0889855
-0.0537539 0.382267 -0.106311
-0.056579 0.0120768 0.0735447
0.0701161 0.180165 0.0329865
0.144587 -0.368047 -0.04747
-0.0261827 0.0948738 -0.0999731
0.0420582 0.0898777 -0.0946612
-0.0732455 0.21944 0.0326334
0.0755754 0.224419 0.0311262
0.0319808 0.0991265 -0.0982152
-0.0664542 0.252186 0.037874
0.0713432 0.24377 0.0342616
0.0403135 0.0708459 -0.0980201
-0.0625546 0.260363 0.0430574
-0.113102 -0.119421 -0.111335
-0.0600604 0.267921 0.03659
-0.0197676 0.0120472 -0.120928
0.0595991 0.289317 0.0410497
-0.067422 0.292116 0.0250296
-0.0712317 0.313095 0.0305105
-0.233843 0.0421435 -0.0334423
-0.0500759 0.459017 0.00404175
0.0532697 0.0618451 -0.092457
0.0674237 0.337368 0.0397721
-0.0685303 0.359418 0.0380671
0.0720795 0.351654 0.0360165
-0.065452 0.36676 0.0387547
0.0710119 0.36592 0.033845
0.0789494 0.374748 -0.00382445
0.0172504 -0.466848 -0.0547613
-0.0519198 0.38786 0.0266968
0.0529244 0.382446 0.0317018
0.0578856 0.0534861 -0.0911372
0.0356219 0.421521 0.0308643
0.0162698 0.427004 0.0358394
0.013999 0.436406 0.0340636
-0.112468 -0.127851 -0.115132
-0.0233209 0.428613 0.0331153
-0.0535251 0.339194 -0.0982603
0.050905 0.152403 -0.0876988
-0.0858829 -0.490929 0.0180096
0.0981766 -0.497389 0.0299901
0.107597 -0.498371 0.0299447
-0.133067 -0.491765 0.0285679
0.0817181 -0.00475922 -0.0955113
-0.0425018 -0.490119 0.0259966
-0.033102 -0.490646 0.0236846
-0.0272759 -0.490041 0.0307421
0.0484392 -0.490992 0.0322548
0.0635958 -0.486851 0.0264838
-0.117242 -0.211694 -0.0748357
-0.112267 -0.0945349 -0.0956626
-0.139416 -0.469312 0.0257311
-0.00773546 -0.474439 0.0255205
-0.0799856 0.347617 -0.00809587
-0.135701 -0.460508 0.0254704
-0.11997 -0.127381 -0.0903523
0.0154969 -0.444165 0.0228042
-0.126782 -0.179906 -0.0682067
-0.0128462 -0.443719 0.0165168
-0.119373 -0.43898 0.0303471
0.121935 -0.437855 0.0298478
0.0728019 -0.303737 -0.0946947
-0.0235622 -0.430713 0.0210375
0.119566 -0.420917 0.0317395
-0.0409567 -0.408386 0.0308626
-0.0465506 0.342283 -0.104379
-0.138098 -0.258599 -0.0204438
-0.111381 -0.381937 0.0302408
-0.0454073 -0.393187 0.0312459
0.054457 -0.374971 0.032098
0.116349 -0.377816 0.0278071
-0.0128921 -0.374993 -0.0183538
-0.0486364 -0.360477 0.0289969
-0.0561718 -0.358162 0.0321669
-0.0700389 -0.327166 -0.0954464
0.112598 -0.361123 0.0281525
0.0755506 -0.350171 0.0357329
0.0974877 -0.341787 0.0336676
-0.0760998 -0.348965 0.0359059
0.0677627 -0.346832 0.0344114
0.0826217 -0.34485 0.035862
-0.0976182 -0.340947 0.0331677
-0.0908577 -0.346479 0.0346824
0.0733896 0.41644 -0.0911945
-0.0669064 -0.335844 0.0351107
0.0537658 -0.350225 0.0300807
-0.0530191 -0.326248 0.0300958
0.0541665 -0.324667 0.0300068
-0.116461 -0.313398 0.0220237
-0.110739 -0.329738 0.0271131
0.114839 -0.322827 0.0256213
0.115534 -0.30745 0.0239222
-0.10559 -0.302437 0.0303772
0.0567135 -0.304274 0.0308368
0.116388 -0.128518 -0.106145
-0.0961403 -0.286231 0.0310995
-0.0540124 -0.299221 0.0303373
0.0777839 0.416894 -0.0831405
-0.0886621 -0.269842 0.033047
0.0439877 0.330165 -0.105451
-0.0673733 -0.282535 0.0337548
0.0601431 -0.278672 0.0316236
-0.0787739 -0.328487 -0.0959472
-0.0816356 0.318191 -0.00915377
-0.0813736 -0.267782 0.0345312
-0.0536461 -0.272976 0.0309787
0.125818 -0.166013 -0.0766904
0.0740577 -0.278571 0.034258
-0.0926505 -0.261266 0.0320771
-0.0680455 -0.264197 0.0349962
0.1487 -0.435309 -0.0202751
-0.053533 -0.387244 -0.0907163
-0.00861463 -0.456159 -0.0187676
0.0941975 -0.261048 0.0324162
0.122845 -0.182507 -0.0763445
0.0805917 0.331722 -0.000585975
0.0439686 0.315587 -0.103187
0.266509 0.0650284 0.141632
0.0385871 -0.263363 0.0259455
-0.0964343 -0.235398 0.0344234
-0.158078 0.123697 -0.0221811
-0.021863 -0.245603 0.0256177
-0.0641951 0.39293 -0.0977204
0.008585 -0.226358 0.0331268
-0.10848 -0.226465 0.0291687
-0.112703 -0.211518 0.0302626
-0.117007 -0.187038 0.0344927
0.125458 -0.176958 0.0308372
-0.12476 -0.17297 -0.0732775
0.0456339 0.00317283 0.0846856
-0.0252952 -0.0541504 0.107949
-0.125941 -0.118786 0.0290508
0.127908 -0.110846 0.0292749
-0.126529 -0.095972 0.0266757
-0.120036 -0.0497597 0.0170757
0.101818 0.00593383 0.0260157
-0.204186 -0.00131876 0.0269054
-0.240403 0.00383912 0.022257
-0.0079584 -0.451985 -0.0045177
0.0752487 0.424418 -0.0869699
0.0830968 0.344023 -0.0103409
0.0840925 0.322505 -0.0111772
-0.0698107 -0.380217 0.0378928
-0.0738653 0.419797 -0.0860819
0.0519651 0.288014 -0.0941605
0.191018 0.103136 -0.0101438
-0.0491139 0.268838 -0.0922292
-0.0513339 0.287163 -0.0925594
-0.0746692 0.116517 0.0264751
0.103026 -0.326663 0.0354814
-0.168017 0.0445839 0.027912
-0.129435 -0.117063 -0.0585288
-0.173876 0.0592505 0.0287454
-0.182581 0.0660254 0.030455
-0.142069 -0.306779 -0.038205
0.0934051 0.0633576 0.0276084
-0.131235 -0.124269 -0.0570891
0.169452 0.0559202 0.0273657
-0.00662589 -0.458219 -0.010875
-0.0877498 0.075065 0.0278732
0.248765 0.070833 0.0219396
-0.195229 0.0776839 0.0243619
-0.201206 0.0781101 0.0275495
0.209989 0.0803078 0.0359512
0.216586 0.0818372 0.0329195
0.0936947 -0.494199 -0.0424759
-0.0709507 0.124829 0.0288592
-0.0841576 -0.381634 -0.0956235
0.00765663 0.130911 -0.103288
-0.0418117 0.240169 -0.0948301
-0.0697445 0.187444 0.0312401
0.0730723 0.184884 0.0268167
0.0738219 0.19324 0.0281493
0.0168102 0.19259 -0.103082
-0.125286 -0.114564 -0.067833
-0.1598 0.124407 -0.0294912
-0.0662629 0.281131 0.0272458
-0.131041 0.139282 -0.0381207
-0.0725524 0.319796 0.023079
-0.0717719 0.329195 0.0247426
0.0716925 0.33335 0.033049
-0.0717724 0.338248 0.0259142
-0.0692564 0.350441 0.0356997
0.0752328 0.35834 0.0309872
-0.0693359 0.366298 0.0316422
0.129522 -0.129633 -0.0683852
-0.0583708 0.382989 0.0222398
0.0339991 0.216383 -0.0987697
-0.0422563 0.402779 0.0300358
-0.080236 0.313202 -0.0040517
0.121838 -0.0633013 -0.0600544
0.0462898 0.4063 0.0283272
0.144783 -0.323789 -0.0384053
-0.0146502 0.442176 0.0317679
0.0286042 0.441375 0.0287416
0.00886939 0.453622 0.028091
-0.0377122 0.136054 -0.0941104
0.103039 -0.497447 0.0218291
0.11685 -0.499225 0.0137692
0.129365 -0.496056 0.0209774
-0.134181 -0.491757 0.0201093
0.112783 -0.37687 -0.0874801
-0.0489373 -0.487029 0.0189253
0.0433882 -0.489309 0.0164416
-0.0368756 0.320847 -0.106602
-0.0441097 0.123838 -0.0904746
0.135987 -0.491891 0.019602
0.0421915 0.154644 -0.0932292
-0.0322749 0.195737 -0.0976825
0.0445959 0.128128 -0.0916599
-0.0152064 -0.485326 0.0172395
0.0200055 0.160536 -0.101938
0.139228 -0.487195 0.0253668
-0.141308 -0.478315 0.0215401
-0.0102824 -0.479854 0.0217562
0.0390508 0.169637 -0.0951152
0.0108467 -0.476455 0.0284935
-0.115547 -0.0537771 -0.0644392
0.129895 -0.44858 0.0244744
-0.0146036 -0.439511 0.00905518
0.0195994 -0.435621 0.0127995
0.0294187 -0.42692 0.0236654
-0.051394 0.221814 -0.0870747
-0.122991 -0.42979 0.0280044
-0.0286532 -0.422826 0.0230124
0.0312056 -0.418536 0.0227923
0.124757 -0.409576 0.0259419
-0.076963 0.417727 -0.0798601
-0.0773113 0.409126 -0.0784884
-0.115093 -0.375081 0.0268903
-0.12169 -0.375815 0.0222028
0.0368942 -0.369601 0.0203616
-0.0425756 -0.362243 0.0256225
-0.039069 0.086555 -0.0954819
0.11101 -0.342177 0.0278361
-0.111489 -0.339375 0.0262305
0.0464947 -0.348749 0.0260575
0.0263721 0.175983 -0.10034
-0.123478 -0.335201 0.0169885
-0.045026 -0.285882 0.0261114
0.232742 0.0673028 -0.0219865
-0.107186 -0.295912 0.0272926
0.102007 -0.28116 0.0298025
0.13862 -0.196997 -0.0426505
-0.105202 -0.256302 0.0267479
0.0361925 -0.271389 0.0212792
-0.035496 -0.275334 0.0215186
0.107741 -0.259024 0.026704
-0.030212 -0.261085 0.0223468
0.0191347 -0.237674 0.0288146
-0.0511056 0.0765011 -0.0895631
-0.0146644 -0.243915 0.0215286
-0.00268304 -0.235077 0.0206833
0.118323 -0.210921 0.0268924
-0.119308 -0.209071 0.0238064
-0.126042 -0.17644 0.0267483
-0.130001 -0.109605 0.0171944
0.13145 -0.0901576 0.0168455
0.116591 -0.0404848 0.027106
0.212827 -0.00426767 0.0171388
0.221256 -0.00341258 0.0203722
-0.0923071 0.02819 0.0203361
0.0950688 0.0265919 0.0207369
-0.14274 -0.313395 -0.0342678
-0.257231 0.0229961 0.020557
-0.155978 0.0433651 0.0178757
0.259397 0.0337723 0.0153581
0.0929339 0.0411674 0.0186533
-0.258517 0.0457858 0.0128878
-0.0886142 0.0530673 0.022218
0.161259 0.0526414 0.0226677
0.257958 0.0408384 0.0100254
0.162591 0.0618684 0.0228605
-0.00977912 -0.420076 -0.0274251
-0.172224 0.0690089 0.0243102
0.0554985 0.214829 0.0592444
0.032163 0.122352 -0.0975684
-0.0357254 0.303556 -0.104797
0.173739 0.0685427 0.0251263
0.190661 0.0736967 0.0277553
-0.242277 0.0775223 0.0278177
0.110359 0.147122 -0.020229
-0.0575821 0.0463385 -0.0912199
0.0921698 0.0819638 0.0279806
0.201833 0.0806383 0.0205649
0.0329285 -0.490587 0.00389931
-0.0872669 0.0819566 0.0262534
-0.0839339 0.101418 0.0231875
-0.0233474 0.29563 -0.108578
0.0820052 0.116245 0.0229608
0.0767456 0.138843 0.0228476
0.0723416 0.15399 0.0283865
-0.093333 -0.494286 -0.0400151
0.107784 -0.0178874 -0.0639773
-0.0725319 0.211321 0.0288482
-0.0564769 0.437027 0.010835
-0.0684701 0.245914 0.0336899
0.0733765 0.239221 0.0264739
0.0664817 -0.352138 -0.0944588
0.0699328 0.287162 0.025279
0.0688567 0.294655 0.0301061
-0.0258848 0.189467 -0.0999787
-0.0751582 0.306536 0.010809
0.0281397 0.276102 -0.105167
0.0764773 0.0158245 -0.0896783
-0.0917862 -0.0250113 -0.0902124
0.0930134 -0.0357255 -0.0961661
-0.066221 0.371518 0.0247009
-0.153822 0.127892 -0.0349648
-0.104151 -0.382877 -0.0907526
0.100806 -0.0516436 -0.0927849
0.0579905 0.382684 0.0261309
-0.0969851 -0.0586693 -0.0974866
0.143527 -0.299467 -0.0250125
0.224791 0.0806085 0.0188505
0.0454393 0.436036 0.021994
-0.0433286 0.436002 0.0221696
-0.0290186 0.442682 0.0270624
0.0486793 0.0148353 0.078094
-0.0324559 0.45365 0.020468
-0.0128897 0.458179 0.0247242
0.0255338 0.258038 -0.104429
0.0233314 0.460202 0.0211041
-0.096772 -0.492627 0.00849625
0.0992906 -0.494048 0.0141042
0.10788 -0.497331 0.0139071
0.0685652 0.375346 -0.0915616
0.0662919 0.342869 -0.0884318
0.0186497 -0.486547 0.0138583
0.0195779 -0.487758 0.00400652
-0.0299695 0.258948 -0.102021
0.055966 -0.485499 0.0213139
0.0111022 -0.479809 0.0128258
-0.144637 -0.472417 0.0090195
-0.139361 -0.457304 0.0110891
0.139059 -0.45248 0.0100236
0.00782916 -0.456184 0.0138314
0.136299 -0.445714 0.0137424
-0.13084 -0.445838 0.019159
0.136339 -0.438709 0.0138864
-0.129788 -0.43006 0.0210888
0.120735 -0.113504 -0.0857551
-0.0180644 -0.42328 0.00809977
-0.133332 -0.392297 0.0123508
0.118205 -0.121461 -0.0989729
-0.0833381 0.236186 -0.0308629
-0.031463 -0.362817 0.0165696
-0.0333773 -0.344182 0.0175829
0.0399363 -0.347913 0.0214265
0.111575 -0.119686 -0.116857
-0.0324224 -0.288787 0.01628
0.0369704 -0.286583 0.0191167
-0.0967427 -0.0320262 -0.0867672
-0.0279559 0.282847 -0.105354
-0.116108 -0.252099 0.0189689
0.0312945 -0.285311 0.0140237
0.114017 -0.254418 0.0224362
-0.0244854 -0.274388 0.0111467
0.0283693 -0.271318 0.0148372
0.0232387 -0.252548 0.0200037
-0.117524 -0.229843 0.0202182
-0.00773936 -0.24168 0.0170375
0.00896226 -0.243142 0.0139297
0.125711 -0.229353 0.0131012
0.134354 -0.168599 0.0189421
-0.131799 -0.155746 0.0213086
-0.131279 -0.138834 0.0212842
0.136846 -0.132859 0.0122434
0.132212 -0.103369 0.0169193
-0.1313 -0.0933034 0.00875697
0.111572 0.00252646 -0.0112211
-0.108346 -0.00672229 0.0146439
0.109086 -0.00165708 0.0139106
-0.223335 -0.00322719 0.0185743
0.0229834 -0.488482 -0.0185946
0.0164048 0.257242 -0.106613
0.189762 0.000652114 0.0146575
0.117219 -0.137278 -0.104275
0.228126 -0.00196611 0.0147468
0.250938 0.0175884 0.00837912
-0.155601 0.0301213 0.0106352
0.0934246 0.00583873 -0.074311
0.0275467 -0.212984 -0.0988548
-0.257805 0.0366869 0.00891628
-0.249712 0.0550156 -0.00144032
0.0870177 0.0201048 -0.0742957
-0.145463 0.0702546 0.0155702
0.0949558 0.0591855 0.0196566
0.246952 0.059705 -0.00204955
0.0898586 -0.224071 -0.0924469
-0.165644 0.0613039 0.0243796
-0.0918525 0.0165365 -0.0649569
-0.187517 0.0451606 -0.0662053
-0.167044 0.120824 -0.0324322
-0.0904753 0.0767011 0.0210609
0.135507 0.0457199 -0.0657457
0.18645 0.0366353 -0.0627562
-0.194234 0.0823111 0.0182227
0.188236 0.0838576 -0.0659365
-0.173438 0.0861961 0.0159974
-0.159334 0.076204 0.0189017
0.0961889 0.0772339 0.0209605
0.175458 0.0751356 0.0223341
0.184377 0.0772685 0.0221577
0.0970995 -0.288703 -0.0916403
0.232112 0.0775055 0.0108085
-0.208895 0.0818691 0.016613
-0.0676633 0.339655 -0.0828051
0.217276 0.0814738 0.0241089
0.00555707 0.199946 0.0985955
0.0953027 0.0951492 0.0204064
0.0767685 -0.296762 -0.0946999
0.0948793 0.103839 0.01835
-0.056683 -0.278844 -0.090573
0.0960341 0.120872 0.0138126
-0.0799519 0.131615 0.0178945
-0.0762712 0.139382 0.0197717
-0.076789 0.154831 0.0161517
0.0869343 0.147618 0.00607869
0.0802327 0.160026 0.0132855
-0.0733805 0.216848 0.0232023
0.075378 0.222718 0.022949
-0.0729505 0.291632 0.0159499
0.075254 0.311147 0.023982
0.0682155 0.320749 -0.0824452
-0.0732514 0.347374 0.0275089
0.0797488 0.346857 0.0189066
0.0782815 0.356865 0.021865
-0.0731288 0.357263 0.0296151
0.0677814 0.372641 0.0281496
-0.0609909 0.376735 0.025788
0.0587144 0.40204 0.0194684
0.164055 0.0980912 -0.0728101
-0.0937535 0.15218 -0.0116196
0.0479695 0.449212 0.0147682
-0.10695 0.135529 -0.0658943
-0.109388 0.123227 -0.0752244
0.0170471 0.471294 0.0142979
0.0291406 0.464191 0.016125
-0.000528205 0.476328 0.0111868
-0.125157 -0.498388 0.0085998
0.131976 -0.496463 0.00613867
-0.136276 -0.492026 0.0115341
-0.0717769 -0.487488 0.00950626
-0.0230103 -0.489656 -0.0017939
0.140667 -0.433474 0.00790699
-0.0779046 0.389276 -0.0737085
0.102474 -0.294453 -0.0902533
0.116472 0.129818 -0.0689572
0.0823254 0.308528 -0.00275546
0.00529374 0.249412 -0.107089
0.0642316 -0.483952 0.0170746
0.143555 -0.485289 0.00937979
0.0667887 0.312159 -0.0832265
-0.00934359 -0.479775 0.0130846
0.00705624 -0.471673 0.0104415
0.146221 -0.465841 0.00149602
-0.00475308 -0.465012 0.0161302
0.00685598 -0.459575 0.000466809
-0.00453107 -0.462838 0.00695735
-0.13612 -0.449388 0.0114894
-0.00676158 -0.453992 0.00441796
0.139219 -0.442914 0.00792248
0.138761 -0.424447 0.0116111
-0.138556 -0.423421 0.00902011
0.0209255 -0.427053 0.0110481
0.027109 -0.413386 0.0172047
-0.0317544 -0.341156 -0.0763005
-0.0257051 -0.392902 0.0137108
0.125271 -0.37054 0.0201254
-0.0742732 -0.294587 -0.094623
-0.1266 -0.0822721 0.0201596
-0.0112613 -0.408843 -0.0370487
0.127649 -0.342985 0.0150846
0.033989 -0.348152 0.0161912
-0.127962 -0.319105 0.0110558
-0.0269338 -0.289089 0.0105496
0.123674 -0.287998 0.0159214
0.0320133 -0.29422 0.0138463
-0.123416 -0.288548 0.0139733
0.119881 -0.250486 0.0175787
0.102024 0.139666 -0.0638816
-0.0206704 -0.265051 0.0118426
-0.0169152 -0.256707 0.0128542
-0.0018032 0.244 -0.106754
-0.124634 -0.221851 0.0129764
0.132273 -0.207099 0.00825501
-0.131305 -0.195663 0.0101778
-0.018268 0.271483 -0.10695
-0.133711 -0.177907 0.0124007
0.132916 -0.0957999 0.0128106
0.123716 -0.0441201 0.00419745
-0.232056 0.00110762 0.00586695
-0.211407 -0.00449257 0.0125544
0.0812306 -0.304053 -0.0952948
-0.239445 0.0053658 0.0065087
0.0809158 0.316165 0.000398029
0.0898118 -0.320162 -0.0949442
0.181854 0.00222687 0.00275844
0.231317 0.00183327 0.000757459
0.0902077 -0.30423 -0.0943263
0.245239 0.0113109 0.00529474
-0.167561 0.0141912 0.00826913
-0.100321 0.0222446 0.00174532
0.0988057 0.0241674 0.012832
-0.0847511 -0.322468 -0.0954806
0.222626 0.061197 0.158799
0.1574 0.0385487 0.0173131
-0.0927514 0.0397005 0.0103873
-0.138283 -0.253993 -0.0276765
0.255055 0.046723 0.00393371
0.060042 -0.326872 -0.0928611
-0.0123659 -0.299371 -0.0306403
-0.0903677 0.0616396 0.0194874
-0.0954834 0.0618779 0.0120932
0.0969981 0.0542488 0.0125785
-0.0965261 -0.30057 -0.0920824
0.134495 0.0717398 0.011503
0.0828802 0.133994 0.0172477
-0.0974898 0.0785453 0.014831
0.149094 0.0739699 0.0163466
-0.225641 0.0797516 0.0149395
0.101572 0.0816762 0.0153553
0.242416 0.0918507 0.134297
-0.216677 0.0818819 0.0108831
-0.192249 0.0879643 0.0123763
-0.19917 0.091012 0.00488899
-0.147869 0.0856234 0.0134748
-0.102849 0.0698845 0.00997576
-0.060931 -0.326599 -0.093623
0.162961 0.0876607 0.0148105
-0.0659839 -0.308614 -0.0944344
0.210259 0.081638 0.0188866
-0.00885918 0.451201 -0.122924
0.108232 0.0946517 0.0136903
0.10908 0.0766808 0.0109891
-0.0205428 0.245835 -0.104306
0.0244973 0.243576 -0.103369
-0.0101245 -0.413741 -0.0239146
-0.0938473 0.109607 0.0159717
0.111094 0.108927 0.0111925
-0.118409 -0.382745 0.0257882
0.0960039 0.134634 0.00710895
-0.083238 0.144615 0.00966121
0.0917879 0.140383 0.00624325
-0.0745732 0.260584 0.0158593
0.0766233 0.2781 0.01461
0.074857 0.303188 0.0184531
-0.0735819 0.326312 0.0161803
0.0324685 -0.279534 -0.0744976
0.0759819 0.363499 0.00681905
0.0694298 0.372244 0.0181165
-0.0727271 0.363149 0.0125082
-0.0637487 0.377405 0.018785
0.0662095 0.381501 0.0156122
-0.0628704 0.395622 0.0141385
-0.0662472 0.426691 0.00300702
-0.0605477 0.440369 0.00522053
-0.0475771 0.448056 0.0136614
-0.0394043 0.461155 0.0116491
-0.0262955 0.464189 0.0162729
-0.0266005 0.476485 0.00457707
0.0603852 -0.358182 -0.0926784
-0.118893 -0.499007 0.00575184
-0.108422 -0.496283 -0.00434864
-0.137647 -0.491235 -0.00551314
-0.131953 -0.495831 -0.00182001
-0.0976741 -0.49245 -0.00319149
-0.136036 -0.229359 -0.0172992
-0.0122165 0.240514 -0.105603
0.0480654 -0.48787 0.00154064
0.0506563 -0.346457 -0.088668
-0.145426 -0.47787 -0.00529119
-0.0612953 -0.375295 -0.0934804
-0.0552068 -0.485246 0.0114468
0.00843424 0.436305 -0.12859
-0.0693632 0.247985 -0.0696093
-0.0530529 -0.487099 0.00257305
0.0529638 -0.486152 0.00792403
0.0627997 -0.48937 -2.33952e-05
0.143877 -0.146051 -0.013205
0.0867743 -0.489925 0.00560185
0.147248 -0.474896 0.00111062
-0.143996 -0.460656 -0.00573383
-0.142245 -0.459268 0.00311938
0.0160101 0.226722 -0.104466
-0.0696104 0.256892 -0.0699485
-0.0541753 -0.378554 -0.0910869
-0.0131823 -0.437548 -0.000787599
0.0113176 -0.448522 0.00890096
-0.0154785 -0.430801 0.00431031
0.0178026 -0.432606 0.00503261
0.0271722 -0.376008 0.0107187
-0.0808335 0.365953 -0.0598665
-0.0300558 -0.372537 0.0160469
0.137404 -0.370875 0.00551503
-0.129628 -0.335465 0.0102265
-0.0332682 -0.185263 0.076037
0.0288025 -0.348641 0.0103492
-0.0222146 -0.287624 0.00435774
-0.233242 0.0749324 0.000636237
0.023242 0.224114 0.114175
0.0204013 -0.28221 -9.89835e-05
-0.0880691 0.0339883 0.0263181
0.0145482 -0.265372 -0.00152785
-0.127781 -0.256123 0.00650338
0.129385 -0.242281 0.00641708
-0.0107845 -0.253978 0.00736683
0.00350975 -0.246337 0.00540701
0.0080598 0.242542 -0.106272
0.137021 -0.172747 0.0121329
-0.138417 -0.162895 0.0044747
-0.137023 -0.138549 0.00621893
-0.135261 -0.129461 0.00845698
0.139374 -0.133857 0.00446695
0.136101 -0.107433 0.000727869
-0.134263 -0.109386 -0.000513074
0.11412 -0.263306 0.0226511
-0.109352 -0.00345386 0.00656206
-0.0869842 0.0210313 -0.0699141
-0.069785 -0.343088 -0.0953801
-0.0756267 0.354279 -0.0719158
0.00371325 0.219469 -0.105321
-0.0799078 0.406305 -0.0708218
0.0502383 0.472218 -0.0084635
0.106103 -0.372297 -0.0907548
0.252512 0.0420903 -0.00330814
0.108194 -0.103671 -0.115893
0.0962012 0.040387 0.00924657
0.137706 0.0430251 0.00367105
0.0992071 0.0483051 0.00689103
0.103214 0.0558877 0.00673819
-0.13224 0.0643513 0.00974857
0.132064 0.0578909 0.00774666
0.241347 0.0635721 -0.00853807
0.0797719 0.362997 -0.0694714
-0.102605 0.0595861 0.00650203
0.108242 0.0625143 0.00744828
0.124293 0.0600557 0.00596701
-0.129655 0.0712956 0.0101093
0.116239 0.0616805 0.00547771
0.118152 0.0749065 0.00920415
0.126276 0.0735391 0.00951036
-0.0774506 0.40004 -0.0766403
-0.0698891 0.309506 -0.0755995
-0.0902919 -0.37295 -0.0947505
0.215381 0.0843744 0.00286147
0.027782 -0.450597 -0.0665496
0.131254 0.0812859 0.0110521
0.212531 0.0832882 0.0111756
-0.129102 0.0944784 0.00984307
-0.0704561 0.300698 -0.0751261
0.12324 0.087129 0.0105007
0.148377 0.092706 0.0113388
0.198642 0.0890621 0.00832362
-0.180757 0.0959424 0.00725252
-0.00892228 -0.479356 0.00265345
-0.0111563 -0.203517 0.0609584
0.0646175 -0.343177 -0.0940833
0.145558 0.100093 0.0081972
0.157832 0.0938857 0.011172
-0.0764371 0.377873 -0.0746531
-0.143028 0.109018 0.00379909
0.130364 0.102031 0.00823898
-0.120798 0.119697 0.00337369
-0.0937654 0.123945 0.0120915
-0.0534386 -0.396251 -0.0905419
-0.0942336 0.140404 0.00203267
-0.0830279 0.156847 0.00224766
0.085452 0.160815 -0.000439458
0.0144607 0.450839 -0.122611
-0.0787854 0.228412 0.00860186
0.0818755 0.245504 0.00529623
-0.0766709 0.29175 0.008244
0.0788912 0.339272 0.00572959
-0.0768634 0.339524 0.00606223
0.0795859 0.345352 0.0108342
-0.0850629 0.0307722 0.0348535
-0.0824939 0.398522 -0.0586849
-0.0678956 0.37829 0.0112681
-0.116878 -0.494872 -0.0351848
-0.0267071 -0.412234 -0.0705253
0.110787 -0.411976 -0.087743
0.0652924 0.442751 0.000993006
0.0576897 0.456546 0.00034353
0.0421105 0.465352 0.00753652
-0.00823898 0.485185 -0.000662829
0.00992009 0.486682 -0.00269516
-0.00520186 0.219692 -0.105047
0.133235 -0.0842437 0.000718295
0.10803 -0.495118 -0.0149967
0.062619 0.406526 0.014608
-0.0739052 0.359306 -0.0764542
-0.0178227 -0.487256 -0.0096901
0.105233 -0.399008 -0.0909582
0.0141063 -0.483526 -0.00895248
0.0750766 -0.492843 -0.00342035
-0.11714 -0.28543 0.0196151
-0.0288667 -0.420514 -0.0727723
0.120179 -0.0475767 0.0224141
0.0655198 -0.411113 -0.0931753
0.14423 -0.432142 0.00063643
-0.142771 -0.422999 4.60266e-05
0.129467 -0.428849 -0.0728826
0.0117404 0.223504 0.114873
-0.0273387 0.0161265 0.084888
0.0668574 -0.401821 -0.0938435
-0.0143858 -0.423249 6.38699e-05
0.0829841 0.383182 -0.0172805
-0.060913 -0.424743 -0.0915881
-0.0364063 0.0261192 -0.110287
0.140868 -0.377456 0.000514332
-0.137015 -0.361004 0.00161826
0.0258069 -0.368453 0.00770246
-0.0290061 -0.382971 -0.0732253
0.141972 -0.360522 -0.00552792
-0.0855505 0.0400054 0.0328019
0.13238 -0.311148 0.007032
-0.0190637 -0.293469 -0.00140385
-0.00642239 0.0023525 0.0941979
-0.127744 -0.282235 0.00839663
0.13299 -0.281409 0.00339577
0.0168014 -0.27884 -0.00686851
-0.0794666 0.269216 0.00327071
0.0839703 -0.430845 -0.0932857
-0.12751 -0.22926 0.00681409
0.133317 -0.229161 0.000254351
-0.138688 -0.177564 -0.00172509
0.142911 -0.158843 -0.0035325
-0.133963 -0.10061 -0.0060434
0.135377 -0.0927976 -0.00473897
0.0136063 0.0225397 0.0854231
-0.215148 -0.00408865 0.00484185
0.06376 0.288665 -0.0834044
0.190178 -0.00106197 -0.000819263
-0.228169 0.000897287 -0.00204923
0.121721 -0.498776 0.00582807
0.0857491 0.409243 -0.0385981
0.135589 -0.387197 -0.0673385
0.237643 0.0123124 -0.0112229
0.243931 0.018724 -0.00893385
0.249578 0.0259807 -0.00583293
-0.254392 0.0277909 0.00495566
-0.0697567 -0.425873 -0.0933513
-0.100741 0.0280916 -0.00448359
0.105917 0.0164014 -0.00368965
-0.100211 0.0360394 -0.00250651
0.102632 0.0207577 0.00447326
-0.079666 0.292775 0.000376375
-0.10055 0.0437837 4.98306e-05
-0.131967 0.0503887 0.00428928
0.105089 0.0353735 -0.00432842
0.114504 0.0490832 -0.000266386
0.1305 0.0457679 0.00115336
-0.124124 0.0515149 0.00129455
-0.101826 0.0512086 0.00348635
-0.0024047 -0.0446989 0.108421
-0.224798 0.0799821 0.00378806
0.217046 0.0854265 -0.00660196
-0.208234 0.0893654 -0.00100671
0.192944 0.0946319 0.00353967
-0.101264 0.0877171 0.0146576
0.174741 0.095569 0.00900188
-0.166608 0.098355 0.00785253
0.144171 -0.391645 -0.0510896
0.0247713 -0.385031 -0.0652755
0.13542 0.116797 0.000147409
-0.125548 0.125246 -0.00206087
-0.0256926 -0.388848 -0.0693439
-0.052116 -0.251703 0.0359245
0.218714 -0.00341705 0.00239692
-0.0941418 0.146938 -0.00418051
0.0887833 0.15312 -2.64272e-05
-0.0882219 0.154126 -0.00464835
-0.096894 -0.0873897 -0.118675
-0.0827307 0.238132 -0.00758919
0.0840252 0.24072 -0.00213854
0.0729595 0.369524 0.0107722
-0.0746654 0.363784 0.0030847
-0.0726302 0.416529 -0.00429534
0.0653787 0.450441 -0.0044675
-0.0552741 0.455067 0.00160608
-0.0422264 0.472898 -0.00239385
0.130779 -0.39162 -0.0733544
-0.0181625 0.491427 -0.0156733
0.0188642 0.48383 -0.00109963
-0.119029 -0.497259 -0.0184904
0.124018 -0.496806 -0.0184814
-0.00367215 0.141875 -0.103647
0.079502 0.223464 -0.0532682
-0.0789768 -0.49115 0.00150091
-0.0653419 -0.493899 -0.0117449
0.0883697 -0.493875 -0.00734805
0.0956305 -0.493377 -0.00852194
-0.012866 0.159479 -0.102915
0.0195859 -0.487458 -0.0119144
0.056203 -0.487629 0.000647185
-0.0510231 -0.470396 -0.0904553
0.00936087 -0.477254 -0.00487533
0.147319 -0.474397 -0.014804
0.147196 -0.46618 -0.0134691
-0.143663 -0.452944 -0.0182037
-0.068061 0.378562 -0.0896815
0.0669296 0.399142 -0.0981771
-0.0554346 0.314896 -0.0928195
-0.0112157 -0.443817 -0.00718631
-0.0114361 -0.434699 -0.00929578
0.0153433 -0.437552 0.000471295
0.0647027 0.304052 -0.0844431
-0.0171558 -0.37307 -0.00465037
0.0218492 -0.366643 0.000868094
0.0202537 -0.347522 -0.00408074
-0.133067 -0.317369 0.00378406
-0.0608468 0.27562 -0.0823384
-0.134946 -0.258943 -0.0078036
0.136451 -0.251639 -0.00751371
-0.0179655 -0.284437 -0.00213467
0.0138724 -0.276254 -0.0136001
0.121894 -0.0839583 0.0399622
0.00267434 -0.251566 -0.00318805
-0.13548 -0.2058 -0.0058559
0.13886 -0.197282 -0.00575685
-0.14049 -0.172547 -0.00769885
-0.14181 -0.158187 -0.0117518
0.0758847 0.361188 -0.0772817
-0.13791 -0.128094 -0.00403703
-0.0596244 0.246317 -0.081225
0.137625 -0.106445 -0.0138377
0.0571382 0.254039 -0.0860758
0.172328 0.117718 -0.0279426
-0.205679 -0.00212398 -0.0105508
-0.117425 -0.0416273 0.0186563
0.184067 0.0007875 -0.00687452
0.198417 -0.00327099 -0.00262409
0.2125 0.00032699 -0.0151138
-0.172299 0.00628099 -0.0081536
-0.12464 -0.34487 -0.0768598
-0.10557 0.0118666 -0.00750628
-0.0480525 0.235458 -0.0905201
0.226684 0.00813138 -0.0188854
-0.243254 0.0192113 -0.0107362
-0.0460881 0.199105 -0.0903668
0.036921 -0.343159 -0.0794411
0.0706683 0.339146 -0.0819752
-0.105899 0.0414377 -0.00562114
0.138564 0.0326436 -0.00471248
-0.113797 0.0444865 -0.00563733
0.113012 0.037485 -0.00869398
0.126348 0.0414707 -0.00418605
-0.240354 0.0595674 -0.0157392
0.22253 0.079992 -0.0216943
0.049548 0.201203 -0.089478
0.0257505 -0.356719 -0.0665034
0.0257093 -0.34067 -0.066759
0.17615 0.102455 0.00124394
0.0698968 0.306292 -0.0780903
-0.00203107 0.456101 -0.120959
-0.0573695 0.115794 -0.0831471
0.029912 -0.306293 -0.0719804
-0.100944 0.141253 -0.00334964
0.108346 0.133602 0.000680972
0.00869947 0.153239 -0.103623
0.00517651 0.184762 -0.104288
0.0834506 0.31552 -0.00720669
-0.0792595 0.322785 -0.00248657
0.0809015 0.350161 -0.0044616
-0.0754145 0.396237 -0.00537906
0.0518692 0.102291 -0.0879942
0.070526 0.425589 0.000470864
-0.0702012 0.429952 -0.00380927
0.0242878 -0.319845 -0.0646319
0.0577682 0.467791 -0.0121492
-0.0318807 0.48433 -0.0112687
-0.000950252 0.493293 -0.0146191
0.00286977 0.148364 -0.103862
0.090008 0.0424453 0.0348579
-0.103716 -0.494317 -0.0145421
0.0855433 0.27378 -0.0125641
-0.0507171 -0.488624 -0.00584526
0.0370178 -0.48961 -0.0117591
0.0638667 -0.493199 -0.0121761
0.099781 -0.494175 -0.0174006
0.137792 -0.491696 -0.013109
-0.00768244 -0.469839 -0.0241069
-0.00688014 -0.473025 -0.01561
0.0073418 -0.469477 -0.00976011
0.00763341 -0.461286 -0.0129688
-0.0358842 -0.295948 0.0194785
0.0126756 -0.443212 -0.0161708
0.146497 -0.357799 -0.0363419
0.146869 -0.443232 -0.0160398
-0.0114763 -0.424103 -0.00965139
0.01493 -0.422027 -0.00357866
0.148008 -0.418668 -0.0119789
0.062585 0.0454697 -0.0894077
-0.0800429 0.00250537 -0.0911078
0.0522288 0.220303 0.0573003
-0.140538 -0.359379 -0.0067322
0.138718 -0.146892 0.0104728
0.137909 -0.164664 0.012403
0.14014 -0.300232 -0.00868661
0.00595717 0.453358 -0.122098
-0.0156607 -0.290004 -0.00898926
0.0172606 -0.293116 -0.0112839
-0.0821013 0.352659 -0.0525399
-0.0119019 -0.271791 -0.00841922
-0.00466713 -0.255554 -0.00630306
-0.135772 -0.245535 -0.0125276
0.00903068 -0.258301 -0.00469683
0.137503 -0.237483 -0.0135591
-0.134192 -0.226233 -0.0088679
0.144016 -0.164645 -0.0111524
0.141573 -0.128065 -0.0164893
0.135467 -0.0903502 -0.0195898
-0.122699 -0.042783 -0.0152189
0.114711 -0.00674774 -0.00994721
0.0318995 0.0713854 -0.101558
-0.23547 0.0122993 -0.014516
0.150701 0.0200515 -0.0132062
-0.15166 0.0200031 -0.0127026
0.109057 0.00728569 -0.00310005
0.0903409 -0.013726 -0.0898986
-0.250585 0.0370151 -0.00699177
-0.108725 0.0327978 -0.0158494
0.107063 0.0214021 -0.012044
0.095833 -0.0148104 -0.0831752
0.24361 0.0348875 -0.0194096
0.0549648 -0.425004 -0.0891878
-0.128232 0.0408183 -0.00530254
0.243512 0.0497671 -0.0176237
-0.22967 0.0744356 -0.0144031
-0.138521 -0.273802 -0.0426514
0.0210045 0.0886152 -0.102799
0.216995 0.0863526 -0.0164758
-0.209547 0.0914433 -0.0105986
0.20362 0.094427 -0.00744227
-0.189364 0.105071 -0.0131809
0.187478 0.107246 -0.0157366
-0.17534 0.105833 -0.00234484
-0.149172 0.113565 -0.00140282
0.130766 -0.324404 -0.0715013
0.14221 0.117076 -0.00234942
-0.127927 0.130062 -0.00824918
-0.107665 0.140921 -0.0084212
0.0971072 0.152006 -0.0111303
-0.0822134 0.342162 -0.0162113
-0.0843822 0.167899 -0.0118049
0.0881916 0.164999 -0.0132012
-0.257564 0.0192766 0.0433583
0.102498 -0.0887121 -0.113497
0.0864244 0.27921 -0.0193515
0.0870522 0.289257 -0.0188959
-0.0806292 0.366818 -0.0140866
0.0774485 0.397287 -0.00500471
0.0179537 0.0800729 -0.104274
0.079805 0.420122 -0.0153037
0.071757 0.447218 -0.0124206
-0.0662497 0.451291 -0.0105691
-0.0480382 -0.261965 -0.0873858
-0.0560736 0.466808 -0.0123932
-0.0451044 0.479253 -0.0167232
-0.0713303 0.408796 -0.000513666
-0.0964738 0.0226179 0.0147731
-0.0259505 -0.295397 -0.0696201
0.108662 -0.495168 -0.0226865
0.132249 -0.494261 -0.0199117
-0.134547 -0.491828 -0.0190755
-0.0333997 -0.307305 -0.0780087
-0.0969146 -0.494494 -0.0211634
-0.0735797 -0.495951 -0.0180991
-0.0595579 -0.493421 -0.0182172
-0.032406 -0.489917 -0.0161533
-0.0240288 -0.489365 -0.0175314
-0.0653107 0.270912 -0.0768591
0.0749239 -0.496201 -0.0242634
0.0827309 -0.496062 -0.0201392
0.128861 -0.293409 -0.0707689
-0.0104052 -0.478331 -0.0222293
0.0120381 -0.478429 -0.0236033
0.0499585 -0.298369 -0.0877714
0.141164 -0.422374 -0.0574168
0.145943 -0.450775 -0.0212426
-0.0103905 -0.44947 -0.0201578
0.145148 -0.451499 -0.0121331
-0.00994845 -0.431013 -0.0181271
0.0117732 -0.434346 -0.0225607
0.012859 -0.424037 -0.0104402
0.145843 -0.389914 -0.00982847
0.247487 0.0141286 0.0601684
0.102928 -0.443651 -0.0881898
-0.144323 -0.368361 -0.0180567
-0.0419067 -0.492511 -0.034444
-0.139914 -0.314787 -0.0112952
0.142187 -0.295396 -0.0167057
0.0097772 0.0642396 -0.107883
-0.082806 0.247034 -0.00895629
0.0118121 -0.273862 -0.0207627
-0.00847348 -0.267644 -0.0149606
-0.00475771 -0.259769 -0.0138873
0.00800013 -0.261175 -0.0138173
0.126488 -0.22047 0.0137883
-0.137239 -0.21583 -0.0230162
-0.140843 -0.178621 -0.023644
-0.140825 -0.13972 -0.0156901
-0.136045 -0.110547 -0.0181154
-0.133875 -0.0963148 -0.0131534
0.125415 -0.0445297 -0.0205125
-0.20993 0.000985793 -0.0182506
0.202346 0.00105497 -0.0207445
0.00435456 0.0870065 -0.105157
-0.214871 -0.00080936 -0.0105657
-0.178125 0.00392181 -0.0141976
-0.107835 0.00628778 -0.0235261
0.179037 0.00322134 -0.0122008
-0.162598 0.0124182 -0.018667
0.149729 0.0192658 -0.0228317
-0.112263 -0.229396 -0.0782493
-0.242966 0.0277762 -0.0176568
-0.104576 0.017922 -0.0141369
0.239312 0.0270768 -0.0224806
-0.108886 -0.409443 -0.0879575
0.126571 0.0311113 -0.0166253
-0.117289 0.0357826 -0.016098
-0.11332 0.0320813 -0.0228687
0.129734 -0.233597 0.00670293
0.119442 0.0300581 -0.0230598
-0.239493 0.0523887 -0.0233822
-0.0432069 -0.314486 -0.0856231
-0.235184 0.0621268 -0.0233513
-0.135403 -0.369271 0.00553745
-0.100479 -0.319507 -0.0916452
-0.188879 0.107485 -0.0212165
0.0620622 0.241352 -0.0806842
-0.169457 0.116445 -0.0174388
0.164918 0.115688 -0.0117614
-0.112119 -0.306788 -0.0850989
0.131724 0.128772 -0.00878547
-0.0926004 0.156738 -0.0195672
-0.0837388 0.179259 -0.0262715
0.0863788 0.177576 -0.0227082
-0.0834702 0.253123 -0.014177
0.0918342 0.273249 -0.0353412
-0.0836096 0.30373 -0.0164378
0.0869121 0.307146 -0.0199001
0.0845148 0.363685 -0.0195787
-0.0785798 0.409282 -0.0157703
-0.0740143 0.433255 -0.0121698
-0.0377424 0.487398 -0.0263915
0.0310053 0.486838 -0.0137278
-0.0222205 0.493352 -0.0242067
-0.00428974 0.0869906 -0.10497
0.0114062 0.495484 -0.0222332
-0.0173856 -0.242369 -0.0751013
-0.0451944 -0.48971 -0.0213965
0.100659 -0.494481 -0.0279232
0.0522472 0.433524 0.0181091
-0.0161443 -0.48525 -0.0196974
0.0271282 -0.48982 -0.0279728
0.139397 -0.488555 -0.0222787
0.0147002 -0.47954 -0.0388415
0.0943085 -0.312763 -0.0938375
-0.00386846 0.0715864 -0.106811
-0.146714 -0.42816 -0.0154975
-0.00949359 -0.427383 -0.0268365
0.149087 -0.418978 -0.0213703
-0.145893 -0.393558 -0.0175081
-0.0130673 0.0870021 -0.104053
0.0162939 -0.371188 -0.0133347
0.146003 -0.373657 -0.0154887
0.0457176 -0.351231 -0.0859462
-0.0215211 0.0711104 -0.104107
-0.0125385 -0.293567 -0.0239086
0.139467 -0.249037 -0.0205477
-0.136715 -0.239381 -0.020591
0.00126319 -0.257333 -0.0202889
-0.123268 -0.0790766 0.0285301
0.140014 -0.201469 -0.0155428
0.144239 -0.168643 -0.0181894
-0.141035 -0.172754 -0.0305435
-0.142254 -0.15453 -0.0253505
0.143716 -0.142202 -0.0216261
0.13668 -0.104943 -0.0311686
-0.0599114 -0.0809872 -0.142465
-0.113179 -0.0099476 -0.0255344
0.103164 -0.0960726 -0.118973
-0.187238 0.004172 -0.0251158
0.1121 -0.000337773 -0.0283434
0.0840881 -0.391639 -0.0955677
-0.217129 0.0117851 -0.0311932
0.221762 0.016376 -0.0329107
-0.231833 0.0214079 -0.0277535
-0.105504 0.0114936 -0.0304216
0.110044 0.00714461 -0.021216
0.108021 0.0171009 -0.0200414
0.141798 0.0232249 -0.0269832
-0.112891 -0.198182 -0.081463
0.0671382 0.0312309 -0.0904187
0.134574 0.0266282 -0.0216762
0.127861 -0.152634 -0.0748618
-0.0114163 0.0252309 0.0843964
0.229724 0.0666363 -0.0287153
0.209622 0.0926422 -0.0212314
0.0275775 0.06372 -0.104519
0.188201 0.108328 -0.023334
0.168932 0.0999122 0.00620041
0.025622 -0.205779 0.0591161
-0.106623 0.148973 -0.0245901
0.101259 0.152363 -0.0202959
-0.0900437 0.160676 -0.0273849
0.0935172 0.158322 -0.0165222
-0.0849659 0.169265 -0.0282275
0.0871228 0.171233 -0.0262006
-0.0831867 0.243918 -0.0327007
0.0856773 0.179505 -0.0305857
0.0851299 0.250679 -0.0360594
-0.0834849 0.2532 -0.0352463
0.0810612 0.150066 0.0135998
0.0878485 0.258988 -0.0343912
-0.10857 -0.374722 -0.0887598
0.0882733 0.283387 -0.0254415
-0.0848781 0.285986 -0.0227133
-0.0842579 0.293955 -0.019237
0.0549708 -0.371123 -0.0905431
0.0336202 -0.485717 -0.0702711
0.0922966 0.30778 -0.0292528
-0.0858914 0.308454 -0.0243974
-0.0835871 0.362802 -0.0294734
-0.0824958 0.376031 -0.0236897
0.0847992 0.41299 -0.0312001
0.0820959 0.432797 -0.0292026
-0.0746953 0.446603 -0.0258499
0.0762581 0.448973 -0.0271145
0.0722384 0.457253 -0.0280175
-0.0661247 0.462187 -0.0256502
-0.0300064 0.055162 -0.104792
-0.0443348 -0.407034 -0.0855434
0.0552506 0.476397 -0.0249751
-0.0270581 0.49344 -0.0322159
0.0200649 0.493628 -0.021908
-0.117247 -0.45453 0.0460853
-0.0802463 -0.496332 -0.0248136
0.119074 -0.0764856 -0.0737292
-0.071685 -0.49597 -0.0270426
-0.0434989 0.0463128 -0.100729
0.0358139 -0.492285 -0.035026
0.0424712 -0.491339 -0.030116
0.112418 -0.395067 -0.0877111
0.0580183 -0.492959 -0.0282078
0.132714 -0.489397 -0.0359181
-0.137499 -0.487033 -0.0248398
0.138572 -0.48542 -0.0311628
-0.143517 -0.475676 -0.0254734
-0.0107684 -0.470598 -0.0409838
-0.0106998 -0.458227 -0.0323001
-0.14269 -0.448775 -0.0385953
-0.0748114 0.190447 0.0194265
-0.10214 0.00598478 0.0187785
0.0141214 -0.450386 -0.0317879
0.01157 -0.426152 -0.0287635
0.0117027 -0.419259 -0.0236783
-0.14681 -0.397779 -0.0250382
-0.013154 -0.358264 -0.0232391
0.00133957 0.449699 0.0302368
0.113814 -0.0755596 -0.0831501
0.144481 -0.309289 -0.0271668
-0.114562 -0.400957 -0.0853422
-0.0122378 -0.290757 -0.0313238
0.0127096 -0.278246 -0.0346145
0.0108425 -0.2722 -0.0286952
-0.0525408 -0.423941 -0.0888933
-0.00291993 -0.260228 -0.0264915
0.00349518 -0.258841 -0.0283858
-0.0378945 0.0387719 -0.105134
-0.136528 -0.205429 -0.0384952
-0.139973 -0.138789 -0.0331818
0.1405 -0.133087 -0.0393336
0.00158823 0.457509 0.0262337
-0.133641 -0.0981652 -0.0293443
0.252896 0.0749917 0.0380065
0.123976 -0.0441274 -0.0350168
0.116286 -0.0154982 -0.0326678
-0.21388 0.00570616 -0.0252305
-0.199937 0.00700278 -0.0322949
-0.108204 0.00271269 -0.0316564
0.167298 0.0116469 -0.0285998
0.191068 0.00692086 -0.0324134
-0.168383 0.0106587 -0.025735
-0.150722 0.019475 -0.0285348
-0.105 0.020711 -0.0294726
0.0262417 -0.187656 -0.135087
-0.128139 0.0297786 -0.0305836
-0.109457 0.0285691 -0.0295943
0.110455 -0.0511153 -0.0781806
-0.0768516 0.204925 0.0144784
-0.118067 0.0316577 -0.0301408
0.0842327 -0.0778344 -0.125759
0.106323 -0.435322 -0.0877983
0.11447 0.0278286 -0.0292659
0.121474 0.0294849 -0.030007
0.232245 0.0358085 -0.0342764
0.250019 0.0132584 0.0505931
-0.230257 0.0702796 -0.0225689
0.0915188 0.0294952 0.027635
-0.193985 0.104573 -0.0330747
0.159687 0.121552 -0.0181847
0.104954 -0.418179 -0.0901581
-0.151725 0.0378953 0.0121286
0.10119 0.153994 -0.0297205
0.129246 -0.0882076 0.0232504
-0.0829539 0.184081 -0.0323058
-0.0957601 -0.27564 0.0310708
-0.0852218 0.270885 -0.025351
-0.0847273 0.279611 -0.0262726
-0.112642 -0.0568428 -0.0725775
0.0369003 -0.340911 0.0187235
0.0964171 0.288779 -0.0363955
0.0503456 0.0129138 -0.110453
-0.0957707 0.296933 -0.0302674
0.100272 0.305574 -0.0370107
0.085925 0.21643 -0.0120443
0.0862327 0.323771 -0.0276983
-0.0838163 0.360091 -0.0381646
0.0852418 0.379183 -0.0264849
-0.0521147 0.204917 -0.0860342
-0.0816004 0.418658 -0.0284498
0.0622404 -0.376209 -0.0930865
-0.0726125 0.351514 -0.0772843
-0.199155 0.00645524 0.0408369
-0.00273594 0.0195228 0.0873151
0.24862 0.0207885 0.0757894
-0.0864372 -0.495498 -0.0318611
0.0868547 -0.494994 -0.0386815
0.118419 -0.494855 -0.0369008
-0.131744 -0.4883 -0.0371973
-0.124265 -0.493103 -0.0359956
-0.0663555 0.322729 -0.0821256
-0.0647339 -0.494882 -0.0289777
-0.0200414 -0.487792 -0.0351908
-0.0340012 -0.493129 -0.0375984
0.0265408 -0.490561 -0.0385729
0.0898289 0.300173 -0.0736648
-0.0137401 -0.481076 -0.0383713
0.0194941 -0.485989 -0.0342893
-0.0656608 0.313896 -0.0817018
0.012657 -0.463288 -0.0390039
0.14437 -0.468051 -0.032004
-0.0877519 0.00528738 -0.0797993
0.145851 -0.44955 -0.030613
-0.013837 -0.447123 -0.0411512
-0.147205 -0.434653 -0.0228735
-0.0101691 -0.422875 -0.0343387
0.148471 -0.430349 -0.0356228
-0.147319 -0.424836 -0.0246298
0.148278 -0.392511 -0.0331108
-0.0128061 -0.372435 -0.0360264
0.0146129 -0.366356 -0.0324114
0.147203 -0.373658 -0.0241252
0.0820192 0.32299 -0.00366904
-0.142378 -0.306413 -0.0306111
0.0149402 -0.294814 -0.0394138
-0.00941526 -0.274457 -0.0305157
-0.137441 -0.248135 -0.0356043
0.138517 -0.226734 -0.0352963
0.139604 -0.203692 -0.036109
-0.140603 -0.166302 -0.0375008
0.143472 -0.166031 -0.0356388
0.140908 -0.149513 -0.0449164
0.135326 -0.104594 -0.0395218
-0.133255 -0.108993 -0.0420768
-0.132697 -0.100244 -0.0387143
-0.122677 -0.0464997 -0.0314802
-0.111216 -0.00947955 -0.0382305
0.106972 0.00993154 -0.0398286
0.0636546 0.273172 -0.0818519
-0.187976 0.00985597 -0.0369017
0.0975236 -0.0086868 -0.0778685
0.2071 0.0165436 -0.0417504
0.107058 0.0162165 -0.0339713
0.14934 0.0206141 -0.0323086
0.0594227 0.211344 -0.0819885
-0.0819254 0.269586 -0.00555426
0.134179 0.0265746 -0.0305414
0.235067 0.073658 0.000538053
-0.233305 0.0562277 -0.0306555
0.226675 0.0581147 -0.0393211
-0.0190422 0.344835 0.0573125
0.220105 0.0724177 -0.0400618
-0.220247 0.080396 -0.02755
-0.209409 0.0923858 -0.0248955
0.191169 0.105731 -0.0380357
0.159786 0.124919 -0.0353194
-0.161305 0.123898 -0.0379019
-0.131393 0.138726 -0.0310067
0.114902 0.146701 -0.029325
-0.118544 0.0566033 -0.069627
0.149964 0.0521339 -0.0734406
-0.081718 0.166534 -0.0453055
0.0861507 0.170306 -0.0345423
-0.0809176 0.174919 -0.0422949
-0.0535265 0.186604 -0.0843585
-0.0820634 0.236238 -0.0393952
0.0851867 0.240061 -0.035111
0.0511585 0.192805 -0.0881537
0.0611635 0.142166 -0.0800015
-0.0884822 0.260107 -0.0389823
0.0876434 0.258199 -0.0418989
-0.0257993 0.162407 0.0807803
0.0105488 -0.0149267 0.0996185
0.0930402 0.280875 -0.0426489
-0.0874947 0.285177 -0.0301964
-0.0895763 0.291649 -0.0260613
0.0159806 -0.412007 -0.048584
0.101956 0.295906 -0.040455
-0.134813 0.0611138 -0.0760725
0.0936427 0.312263 -0.038442
-0.0859778 0.31305 -0.0314824
0.0873598 0.31763 -0.0417527
-0.0836189 0.326121 -0.0388338
0.0860491 0.324805 -0.036401
-0.0769511 0.447123 -0.0394766
0.110261 0.0560378 -0.0690035
-0.0542147 0.169802 -0.0835293
-0.0899883 0.0609922 -0.0729466
-0.0616853 0.471948 -0.0410888
0.054642 0.479238 -0.0338745
-0.0476228 0.484154 -0.043771
-0.0586693 0.191746 -0.0796973
-0.0100287 0.498852 -0.0483257
0.195495 0.0632556 -0.0660412
-0.181632 0.0849368 -0.0692567
0.069792 -0.49542 -0.0420544
0.0857493 -0.495087 -0.0465532
-0.173449 0.0698012 -0.0754842
-0.144264 0.109894 -0.0744624
0.10159 0.0986681 -0.0822599
0.132676 -0.486463 -0.0435698
-0.0127555 -0.461612 -0.0452131
-0.139326 -0.458248 -0.0431145
0.0156196 -0.449396 -0.0401087
-0.0635273 0.0932539 -0.0835054
-0.0130103 -0.437616 -0.0428385
-0.208785 0.0317357 0.0846302
-0.109187 0.0914068 -0.0818756
0.146195 -0.438226 -0.0420727
0.013161 -0.414236 -0.0395049
0.146024 -0.429755 -0.045619
0.145888 -0.399718 -0.0467905
-0.14598 -0.385351 -0.0321118
0.145505 -0.332941 -0.0345988
-0.142062 -0.313057 -0.0408911
-0.0122475 -0.286884 -0.0382294
0.14287 -0.293718 -0.0389446
0.00495249 -0.258399 -0.0360256
-0.00613071 -0.260104 -0.0427562
-0.09286 0.110194 -0.0805859
-0.0010907 -0.255146 -0.0395648
-0.0220016 0.270111 0.0974547
-0.136731 -0.255195 -0.0432242
-0.141106 -0.292256 -0.035232
0.143037 -0.414825 -0.0542778
-0.136173 -0.148159 -0.052425
-0.0989092 0.0761873 -0.0780288
-0.0673355 0.41682 0.00380814
-0.0880997 0.0916377 -0.0817458
-0.172562 0.0156808 -0.0420054
-0.103169 0.0168311 -0.0371922
0.173216 0.0119263 -0.0352654
-0.207014 0.0199348 -0.0447572
-0.0553157 -0.188567 0.0684893
0.0705582 -0.00175019 -0.104069
-0.0749653 -0.270278 0.0343325
-0.150201 0.0219398 -0.0381768
-0.0680009 0.00442896 -0.101279
0.0587038 0.176462 -0.0818006
-0.129812 0.0308383 -0.0386944
-0.104691 0.0262225 -0.0366367
0.109043 0.0254931 -0.0369396
0.12725 0.0291829 -0.033975
-0.122278 0.0327718 -0.0379811
-0.115446 0.0967844 -0.0822663
-0.116351 0.0899597 -0.0822304
0.118922 0.0307053 -0.0377514
0.220847 0.0362671 -0.0453381
0.0817739 -0.0707096 -0.121901
0.229697 0.0438702 -0.0383095
-0.227226 0.0586114 -0.0380581
-0.217275 0.0978932 0.100126
0.196859 0.0962493 -0.0481804
0.0930749 0.130951 -0.0732913
0.185149 0.106804 -0.046507
0.12681 -0.0651242 -0.0448696
0.144788 0.132389 -0.0394285
-0.126112 0.140915 -0.0429713
0.128102 0.140465 -0.0405787
0.100846 0.153602 -0.0379351
-0.0871291 0.161563 -0.0407019
0.243757 0.0656114 0.143173
-0.0800194 0.190126 -0.0449759
-0.0143303 -0.347718 -0.0447033
0.0492345 -0.409114 0.0349195
0.100844 0.0844977 -0.0811019
0.0825941 0.226646 -0.0450814
0.0671979 0.201175 -0.0732491
0.0954522 0.268186 -0.0504169
0.0948151 0.27089 -0.0436859
0.0440797 0.240496 -0.0948639
-0.0904996 0.275278 -0.0393789
-0.0867598 0.277304 -0.0328991
-0.0745221 -0.0172486 -0.104924
-0.0808499 0.0741377 -0.078824
0.0958094 0.283623 -0.0518231
0.0552543 -0.0533673 -0.130227
0.0834943 -0.0337107 -0.105217
-0.0996188 0.304043 -0.0391559
0.099714 0.310706 -0.0434503
-0.0682717 -0.0424016 -0.118345
-0.091902 0.312157 -0.038185
-0.0852012 0.317437 -0.0385188
-0.0645767 0.171226 -0.0728573
-0.0993887 -0.498228 0.036342
0.142288 -0.334722 -0.00959845
-0.0839646 0.399112 -0.0428248
0.0860346 0.414817 -0.0444708
-0.082709 0.42189 -0.0365282
0.0839047 0.43088 -0.0380965
-0.0733898 0.455013 -0.0429594
0.20529 0.0269035 0.075074
-0.029948 0.493977 -0.0460941
-0.264713 0.0511677 0.0351946
-0.103006 -0.494593 -0.0443935
0.0344689 -0.493425 -0.0498039
-0.144454 0.0616804 -0.0775481
-0.073887 -0.0490896 -0.116372
-0.0257968 -0.490355 -0.0496194
-0.0204291 -0.484293 -0.0540287
-0.140104 0.0688963 -0.0796671
-0.125275 -0.480306 -0.0643355
0.131975 -0.477503 -0.0582668
-0.137772 -0.475025 -0.042439
0.134322 -0.470541 -0.057996
-0.0476848 0.423007 -0.116073
-0.0166176 -0.44428 -0.0505634
-0.0123219 -0.426318 -0.044179
-0.144959 -0.426479 -0.0437114
-0.0115592 -0.416482 -0.040262
-0.0155215 -0.364791 -0.0487014
0.0157741 -0.363302 -0.0420417
0.0913148 -0.064411 -0.108489
0.0158824 -0.408075 -0.00460414
0.144411 -0.332503 -0.0429835
-0.0132689 -0.323324 -0.0399858
0.0728373 0.235326 -0.0668127
0.0347813 0.176963 -0.0972948
0.0465654 -0.295528 0.0256829
0.0149399 -0.284413 -0.0424798
-0.0135639 -0.271893 -0.051649
0.00989442 -0.264868 -0.041258
0.0891092 -0.0387842 -0.101403
-0.13351 -0.23762 -0.0487246
-0.0823242 0.00762014 -0.0853285
0.135877 -0.199359 -0.050311
0.0843336 -0.0503154 -0.110193
0.0819819 0.0181059 -0.0819707
0.131341 -0.106578 -0.055491
0.0742606 0.264667 -0.067762
0.0681758 -0.298882 0.035626
-0.18889 0.0141044 -0.0424283
-0.234677 0.0718431 -0.00754146
0.162986 0.0193654 -0.0441772
0.1774 0.0188981 -0.0480904
0.0789902 0.296658 -0.0710973
-0.108821 -0.0688857 -0.0849563
-0.00245307 -0.0443382 -0.140144
0.199565 0.0183471 -0.0458577
0.104014 0.0268407 -0.0456623
-0.105174 0.0324202 -0.0453369
-0.109258 0.0399454 -0.052823
0.218435 0.0665347 -0.0459614
-0.220371 0.0601086 -0.0459807
-0.210856 0.085228 -0.0405138
0.205274 0.084089 -0.0509229
-0.200188 0.0929616 -0.0477431
0.199784 0.090373 -0.0515141
-0.155085 0.126335 -0.0449454
-0.0819319 -0.0400976 -0.106705
-0.0995802 0.150592 -0.0459933
0.10828 0.147254 -0.0486056
0.0570462 0.13468 -0.0834719
0.0925501 0.153738 -0.0504736
-0.155481 0.0188531 -0.00695897
0.081218 0.174539 -0.048425
-0.0133155 -0.342779 -0.0386654
-0.0331995 0.153395 0.0652787
-0.0758403 0.209488 -0.0560325
-0.0574296 0.124965 -0.0824635
-0.0887369 -0.0651447 -0.10932
0.0933753 0.262823 -0.0543072
-0.0923095 0.268081 -0.0444527
0.094333 0.275256 -0.0509463
0.0421213 0.112634 -0.0928069
0.102091 0.295512 -0.0495347
0.0749377 0.309067 -0.0715793
0.0789185 0.338604 -0.0673379
0.103701 0.30378 -0.0458887
0.086666 0.317348 -0.0499239
0.11059 -0.264485 -0.0833938
0.0829484 0.322775 -0.0545827
0.093067 -0.0723959 -0.111609
-0.0807312 0.43753 -0.050423
0.113699 -0.257941 -0.0806189
-0.0438904 0.48665 -0.049857
0.0440821 0.488056 -0.0443235
0.00782434 0.49938 -0.0481839
-0.0712995 0.335327 -0.0767891
-0.0744123 -0.495235 -0.0417643
-0.0721136 -0.496511 -0.0501361
0.109864 -0.291306 -0.0865436
-0.1183 -0.493589 -0.042628
-0.107266 -0.389104 0.0333995
-0.0669807 0.331291 -0.0823978
-0.0385845 -0.495269 -0.0518641
0.0374759 -0.188957 -0.136172
-0.0398978 -0.279012 -0.0823296
0.0935575 -0.495344 -0.0513054
0.106897 -0.494665 -0.0608831
0.0920363 0.285685 -0.0761541
0.0165068 -0.478044 -0.0476604
0.0963009 -0.0809091 -0.114908
0.0152423 -0.471201 -0.0498891
-0.0179474 -0.4522 -0.0542505
0.139715 -0.450272 -0.051784
-0.0192479 -0.438563 -0.0581311
0.0184516 -0.440657 -0.0520956
-0.0475211 0.382882 0.0353959
0.0161666 -0.426455 -0.0498567
0.142906 -0.399679 -0.0549413
0.0083591 0.0942209 -0.104221
0.0161626 -0.393615 -0.0476068
-0.143887 -0.386426 -0.0460604
0.0200245 -0.364965 -0.0560729
-0.0970143 -0.077345 -0.108063
-0.138692 -0.298474 -0.050232
-0.0162499 -0.295195 -0.0521481
-0.134055 -0.266981 -0.0545072
-0.0159208 -0.286864 -0.0517639
-0.0946703 -0.06961 -0.105213
0.138387 -0.266863 -0.0482759
0.132457 -0.2467 -0.0577731
-0.0384429 0.0700245 -0.0978787
0.106624 -0.0889992 -0.106771
-0.162414 0.0159877 0.00226664
-0.137111 -0.164019 -0.0509295
0.0642837 0.464971 -0.0730964
-0.13101 -0.11096 -0.0512218
-0.126774 -0.10009 -0.05983
0.117977 -0.343575 -0.0837356
-0.105187 -0.0127688 -0.061178
0.235528 0.0887982 0.052204
0.100014 0.0135918 -0.0553651
-0.191336 0.0268536 -0.0547517
-0.160579 0.0225868 -0.0480073
0.122325 -0.29673 0.017652
-0.199045 0.0310077 -0.0552726
-0.151261 0.025422 -0.0475523
-0.117852 -0.445523 -0.0786738
-0.178366 0.038559 0.0396476
-0.213567 0.0350982 -0.0500592
-0.133225 0.0399357 -0.0582289
-0.0971513 0.0270334 -0.0512739
0.104866 0.0340697 -0.0510084
0.209839 0.0367481 -0.0529137
-0.118239 0.0419167 -0.055304
0.0770441 0.0318311 -0.080058
0.112114 0.037746 -0.0523075
0.0436408 -0.358498 -0.0844886
0.218324 0.0504708 -0.0494548
-0.115155 -0.375582 -0.0850432
-0.210417 0.0797748 -0.047618
-0.00278222 0.176477 0.0972036
0.136054 -0.448094 -0.0594405
-0.104235 -0.155436 0.0559144
-0.16583 0.117044 -0.0529265
0.0411467 0.0152897 0.0813652
-0.146659 0.12603 -0.0569899
-0.111899 -0.25859 0.0226429
0.241556 0.00888974 0.0540781
0.181368 0.107407 -0.00895552
-0.0861983 0.15096 -0.0570075
-0.0784997 0.164549 -0.0532767
0.112178 -0.10345 -0.106952
0.078692 0.214455 -0.0548442
-0.079479 0.240846 -0.0485927
0.0808547 0.25252 -0.0537082
-0.0794499 0.250202 -0.0496568
-0.0830359 0.257451 -0.0515921
-0.262923 0.0473009 0.027506
0.128595 -0.0598836 -0.00475418
-0.0921251 0.264223 -0.0519582
0.0611438 0.126012 -0.0820817
-0.0681924 0.285051 -0.0757933
0.0459659 0.144715 -0.0909887
-0.0445995 -0.189817 -0.135623
-0.101067 0.305949 -0.0492573
0.0460511 -0.393219 -0.085877
-0.0882846 0.314418 -0.0452735
0.092435 0.313403 -0.0549994
0.0847722 0.31522 -0.0576095
-0.0581448 0.399504 0.0183115
0.0831497 0.330898 -0.0536944
-0.125641 -0.412741 -0.076134
0.0846981 0.411362 -0.0615454
-0.0354105 -0.422251 -0.0788591
-0.0833557 0.420711 -0.0511605
0.0809797 0.443657 -0.0504908
0.119137 -0.390946 -0.0836366
-0.0697358 0.461619 -0.0507232
0.0731681 0.459519 -0.0493198
0.0686255 0.465426 -0.0563458
-0.0547815 0.477786 -0.0574202
-0.0159426 0.497839 -0.0531628
-0.0074258 0.49893 -0.0556143
0.124774 -0.405256 -0.0788601
0.0498835 -0.49731 -0.0565219
0.0759839 -0.49664 -0.0506612
0.0934816 -0.497083 -0.0597671
-0.111338 -0.494203 -0.0482602
0.0419773 -0.495464 -0.0609225
0.11397 -0.492233 -0.0622138
0.0373506 -0.402463 -0.0793154
0.115523 -0.112114 -0.103198
-0.132919 -0.466785 -0.058095
0.0762928 0.0388297 -0.0783335
0.0442447 -0.403071 -0.0846103
-0.132083 -0.448229 -0.0634688
-0.137089 -0.427462 -0.0612566
-0.0161777 -0.425123 -0.0541878
0.0224132 -0.447843 -0.0579894
0.0726339 -0.493244 0.0622483
-0.0782256 0.261128 0.00737224
0.140031 -0.374607 -0.0595121
-0.136889 -0.329258 -0.0589839
-0.0788062 -0.101363 -0.146377
0.14032 -0.302793 -0.0518749
-0.113052 -0.416848 -0.0853883
-0.0194373 -0.269063 -0.0631196
0.0180697 -0.273529 -0.0567443
-0.0114376 -0.256429 -0.0588402
0.0123671 -0.255163 -0.0575763
-0.119105 -0.283677 -0.0777365
0.000350099 -0.248065 -0.0523492
0.00679978 -0.24661 -0.0577253
0.129128 0.139996 -0.0318908
-0.110367 -0.425191 -0.0862296
-0.109738 -0.478096 -0.0836444
-0.131222 -0.176332 -0.0617294
0.133481 -0.170521 -0.0627764
-0.134717 -0.138632 -0.0540971
0.0335735 -0.416458 -0.0756132
0.128163 -0.108628 -0.0641809
0.12958 -0.0909245 -0.055222
0.119828 -0.0418609 -0.0502994
-0.174321 0.0210132 -0.0501766
0.0963435 0.0144019 -0.0626795
-0.174853 0.0272686 -0.0570958
0.0966006 0.0212029 -0.0576266
0.154872 0.0236474 -0.0468676
0.162424 0.0233042 -0.0501814
0.181094 0.0296946 -0.0587839
-0.0705798 0.276709 -0.0714361
-0.0731321 0.383574 -0.0825135
0.204134 0.0415244 -0.0576931
-0.198021 0.0387163 -0.059278
-0.0986747 0.0490859 -0.0640967
0.098695 0.0369649 -0.0574743
-0.209854 0.05226 -0.0563959
0.123716 -0.427124 -0.0782814
0.210641 0.0541116 -0.0555986
-0.115271 -0.12761 -0.10709
-0.200679 0.0871077 -0.0534271
-0.174346 0.105947 -0.0605103
-0.160001 0.116684 -0.0596625
0.16947 0.113624 -0.0547997
0.145178 0.12889 -0.0526939
-0.124521 0.134153 -0.0607819
0.0995682 0.146711 -0.0556086
0.0709567 0.348245 -0.083164
0.0798174 0.153224 -0.0623199
0.0756202 0.118638 -0.0800114
0.0782152 0.162789 -0.0586175
-0.0789845 0.245771 0.00689735
0.121122 -0.419365 -0.0808637
0.077626 -0.0445231 -0.113851
-0.0725009 0.244575 -0.0642038
-0.0778792 0.254763 -0.0569646
0.0821855 0.25917 -0.0574341
-0.088615 0.260042 -0.054281
0.0664723 0.117837 -0.0816907
0.0882936 0.260202 -0.0579783
0.0920736 0.264138 -0.0617816
-0.0925442 0.271546 -0.0533868
0.0952239 0.269836 -0.0569942
0.0957491 0.278243 -0.059601
0.0685795 0.287295 -0.0774754
-0.113596 -0.140777 -0.11145
-0.0879823 -0.122636 0.0809313
-0.0967522 0.310769 -0.0545114
-0.102243 -0.427103 -0.089693
-0.0849528 0.315248 -0.0518046
0.0801015 0.32034 -0.0618738
0.0896675 0.310483 -0.0629103
0.0837723 0.426055 -0.0633873
-0.0646068 0.252024 -0.0758964
-0.0570747 -0.447182 0.0759781
-0.0313409 0.491958 -0.0620717
0.0332199 -0.397135 -0.0756414
-0.114961 -0.146612 -0.105662
-0.0979391 -0.495512 -0.0578853
-0.116047 -0.153736 -0.0996558
-0.0310005 -0.487523 -0.0672527
0.0346615 -0.491185 -0.0631518
-0.173479 0.111779 -0.0529766
0.0276538 -0.485014 -0.0630893
0.012483 0.0360732 0.0804172
0.0224118 -0.477426 -0.062152
0.125344 -0.473593 -0.0715843
-0.0222263 -0.463625 -0.0659209
0.131619 -0.454925 -0.0641672
-0.108307 -0.166024 -0.109004
-0.133245 -0.431568 -0.0663518
0.136774 -0.43846 -0.0624985
0.0288103 -0.423332 -0.0705644
0.0233557 -0.419609 -0.0635593
0.137092 -0.422959 -0.0642757
-0.134669 -0.394772 -0.0662793
-0.0183324 -0.395695 -0.0577057
0.0212395 -0.357588 -0.0585991
-0.016931 -0.17924 -0.14028
-0.134926 -0.363094 -0.0647571
-0.0204775 -0.3708 -0.0607968
-0.0637868 0.216721 -0.0747884
-0.134933 -0.311527 -0.0613177
-0.239283 0.0106038 -0.00613525
0.102816 -0.489177 -0.0812446
-0.0230329 -0.286778 -0.0653398
0.0226306 -0.294732 -0.0615514
-0.128111 -0.279513 -0.0669807
-0.201268 0.0769795 0.0812211
0.0228017 -0.278074 -0.0628494
0.132283 -0.289324 -0.0657351
-0.122904 -0.24288 -0.0679372
-0.0191618 -0.250428 -0.0717812
0.128284 -0.23048 -0.0628515
-0.120634 -0.218737 -0.0701819
-0.127364 -0.140998 -0.0716391
-0.10971 -0.0380587 -0.0680967
-0.0126699 -0.316559 -0.0252137
-0.0937711 0.0213661 -0.0579772
0.0913248 0.0222827 -0.0657219
0.171932 0.0304393 -0.0599726
-0.19011 0.0391458 -0.0625733
-0.166374 0.03098 -0.0598237
-0.152898 0.0422713 -0.0675797
-0.113292 0.0680742 -0.0757581
-0.0866808 0.038229 -0.0645052
-0.039039 0.117767 -0.0931524
0.09118 0.0366313 -0.0630869
0.12668 0.0400376 -0.056016
-0.119139 0.0465964 -0.061116
0.116293 0.0460686 -0.0610867
-0.141794 -0.391839 -0.0529411
-0.0594881 0.174541 -0.0786235
-0.200976 0.0801164 -0.0578073
0.19813 0.0858955 -0.0570958
-0.188391 0.0990927 -0.0543986
-0.070416 0.124011 -0.0784155
-0.113215 -0.162956 -0.101263
-0.141321 0.120506 -0.0677592
0.13638 0.125319 -0.0656249
0.124834 0.134385 -0.060234
-0.110257 0.140185 -0.0591202
0.0567425 0.191682 -0.0837038
-0.0797927 0.149497 -0.0626306
-0.0737722 0.155184 -0.0636267
0.0145947 -0.398729 -0.0427908
0.101333 0.125466 -0.0752455
0.0782002 0.261613 -0.0625372
0.100125 -0.181568 -0.109067
0.141943 -0.331763 -0.0519474
-0.0931244 0.27359 -0.061819
0.0978484 0.283598 -0.0661631
-0.0952068 0.28181 -0.0650759
0.138959 -0.11373 -0.0184739
0.0809894 0.243235 -0.0507061
-0.100782 0.302235 -0.057565
-0.0947045 0.308331 -0.0631375
-0.0932283 0.127688 -0.0739583
-0.0893586 0.312469 -0.0574187
-0.0815143 0.31307 -0.058082
-0.0770752 0.318061 -0.0632111
0.0862997 0.305063 -0.068375
0.0762293 0.317991 -0.0694462
0.0945594 0.304828 -0.0681414
-0.0935281 0.118397 -0.0783655
-0.0780553 0.352003 -0.0659852
0.0817652 0.370917 -0.0653813
0.0828057 0.410264 -0.0702405
-0.081917 0.411492 -0.0649959
-0.0803975 0.4285 -0.0663859
0.0789689 0.433391 -0.0749017
0.095519 -0.188791 -0.107901
-0.0695181 0.460072 -0.0597015
0.0736928 0.453077 -0.0693267
0.142797 0.115039 -0.0715727
0.0425558 0.487557 -0.0607248
-0.0952772 -0.496312 -0.0653734
-0.0780746 -0.343047 -0.0959651
-0.0759923 -0.499328 -0.0664137
-0.0533923 -0.498263 -0.063053
0.147349 -0.383645 -0.0376023
0.0888482 -0.191291 -0.112339
0.0703039 -0.498986 -0.0662159
0.0779564 -0.499019 -0.0621912
0.0903703 -0.496793 -0.0769813
0.107786 -0.493085 -0.068271
0.0095935 -0.199906 -0.107992
0.108598 -0.489175 -0.0762458
-0.123918 -0.467262 -0.072645
-0.106542 0.00462983 0.004645
0.119281 -0.476014 -0.0773889
-0.122838 -0.458638 -0.0732071
0.0234292 -0.464814 -0.0652522
-0.0261807 -0.457908 -0.069188
-0.0241292 -0.441201 -0.0646973
0.0325547 -0.444533 -0.071859
-0.130399 -0.410751 -0.071149
-0.0204088 -0.425569 -0.0616906
0.0240128 -0.365998 -0.0636428
0.125184 -0.367938 -0.0785221
-0.129951 -0.349386 -0.0711767
0.130312 -0.333925 -0.0725027
0.12466 -0.348557 -0.0785068
-0.119293 -0.2596 -0.0743781
-0.156311 0.103205 -0.0735299
0.0263686 -0.265343 -0.070976
0.0143641 -0.242403 -0.0699405
0.0732102 0.284865 -0.072143
-0.0126129 -0.245589 -0.0683556
-0.014948 -0.233895 -0.0784109
0.0140134 -0.235172 -0.0748362
0.00111705 -0.221659 -0.079363
-0.0388573 -0.340546 -0.0826488
-0.119286 -0.197387 -0.0745155
0.118485 -0.189152 -0.0799881
0.124993 -0.158097 -0.0802185
-0.124088 -0.155868 -0.0788542
0.118452 -0.353481 -0.083559
-0.128054 -0.132301 -0.0679906
-0.121448 -0.107166 -0.0753286
0.1248 -0.0928047 -0.0689903
0.113819 -0.0423886 -0.0670976
-0.121065 -0.0892187 -0.0709311
0.124246 0.0637293 -0.0754467
-0.096581 -0.00577278 -0.073987
0.0880931 0.0119718 -0.0780087
-0.0818543 0.0263954 -0.0739754
-0.0808879 0.0350286 -0.0710794
-0.0397387 -0.446884 0.0801478
0.146015 0.0355863 -0.0594771
0.160099 0.0377803 -0.0654115
0.17259 0.0425285 -0.0685776
-0.12442 0.0505973 -0.0662151
0.0826041 -0.204658 -0.104078
0.0740204 -0.207605 -0.105771
0.0881159 0.0429065 -0.0678732
0.184973 0.0515984 -0.069271
-0.18832 0.0525315 -0.0683246
-0.102762 0.0558526 -0.0679246
0.0956449 0.044071 -0.0637529
0.101355 0.0518012 -0.0667958
-0.127416 -0.312991 -0.0722019
-0.122782 -0.307658 -0.0766256
0.195754 0.0725154 -0.0648115
-0.194126 0.0775273 -0.0646224
-0.171379 0.0607709 -0.0751293
0.176479 0.0870273 -0.0714355
0.121055 -0.319202 -0.0809059
0.164747 0.105541 -0.0676158
-0.164591 0.10135 -0.0704897
0.167098 0.0486399 -0.0721257
-0.14627 0.115946 -0.0694812
-0.126297 0.122772 -0.0715816
-0.103576 0.129173 -0.0719987
0.129915 0.12525 -0.0685536
0.127135 -0.309265 -0.0742769
-0.0861868 -0.106489 -0.143802
-0.0867594 0.144504 -0.0631076
0.0933233 0.142819 -0.0634384
0.0692018 0.395024 0.009071
0.0780346 0.146819 -0.0676222
0.0726089 0.151815 -0.0687442
0.068989 0.16631 -0.0701413
0.0817403 0.0411183 -0.0727123
-0.0754897 0.26159 -0.0635225
-0.0904041 0.268654 -0.0669333
-0.0838913 0.265006 -0.0658278
0.080449 0.267368 -0.0658854
0.0947335 0.271023 -0.0647305
-0.0915252 0.275197 -0.0698285
0.115862 -0.315157 -0.0846119
-0.0753852 0.0408496 -0.0756921
0.0821173 0.273368 -0.0717832
0.0735588 0.277041 -0.0702293
-0.0957239 0.290257 -0.0702068
0.0180447 -0.44905 -0.0485788
0.0810242 0.279658 0.00445569
-0.0778919 0.309618 -0.0643644
-0.0735849 0.31392 -0.0696763
0.083744 0.30014 -0.0715889
0.0258786 -0.202466 -0.112284
0.0623472 -0.0383477 0.0903208
0.187214 0.0633267 0.096067
-0.0527958 0.475572 -0.0712371
0.0541589 0.477533 -0.0685489
0.0247757 0.493199 -0.0699096
-0.0160796 0.493949 -0.0723792
-0.257113 0.0245032 0.0686523
0.00863774 0.494165 -0.0760203
-0.0636015 -0.496568 -0.0763443
-0.0292592 -0.28759 -0.0733206
0.0833542 0.251525 -0.045697
-0.0769925 -0.19846 -0.11333
-0.0513167 0.39888 0.0244603
0.0340349 -0.480085 -0.0754085
0.0238407 -0.471571 -0.0663045
0.121449 -0.467642 -0.0773757
0.027651 -0.468031 -0.0713767
-0.123097 -0.443008 -0.0747133
0.104008 -0.0208636 -0.0732102
-0.0387787 -0.309245 -0.0825347
0.121343 -0.448832 -0.0767763
0.110129 -0.0590906 -0.0823954
-0.0361474 -0.44527 -0.076471
-0.0309867 -0.428868 -0.0746054
-0.119723 -0.11882 -0.0875195
-0.0378276 -0.302904 -0.0816602
0.121445 -0.24113 -0.0720277
-0.0278418 -0.397055 -0.0721094
0.0695047 -0.0477686 -0.120715
-0.129676 -0.396146 -0.0724769
-0.145162 -0.381583 -0.0393317
-0.0255055 -0.36845 -0.0686157
-0.128717 -0.330968 -0.0718723
0.0294967 -0.334012 -0.0717738
-0.0287995 -0.313415 -0.0735398
0.0845426 0.119461 -0.0790946
0.121414 -0.28323 -0.0773824
0.13107 -0.0754473 0.00238663
-0.0264284 -0.27912 -0.0700535
-0.123939 -0.290642 -0.0737403
0.0272792 -0.283118 -0.0685465
-0.0299314 -0.263224 -0.0766624
0.0271016 -0.248368 -0.0778769
-0.111467 -0.239046 -0.0787846
-0.0256707 -0.247882 -0.0784677
0.0846431 0.38945 -0.0252248
-0.111203 -0.215251 -0.0798933
-0.0362401 -0.287723 -0.0799986
0.119309 -0.197217 -0.0772797
-0.121654 -0.18131 -0.0756056
0.125117 -0.110301 -0.0717843
0.119046 -0.0988139 -0.0840828
0.117118 -0.0822946 -0.0805842
-0.107887 -0.0431679 -0.0748515
0.0999961 -0.0156662 -0.0773012
0.0812721 0.026162 -0.0778823
0.0856342 0.0353302 -0.0685895
-0.173866 0.0423761 -0.0682983
-0.157913 0.0474036 -0.0715919
-0.0657199 -0.0237915 -0.113861
0.165127 0.0420169 -0.0686393
-0.0855288 0.0532924 -0.070778
0.0841392 0.049112 -0.0723395
0.14215 0.0488603 -0.0703207
0.176216 0.0499293 -0.0713942
-0.246379 0.0362007 -0.0149073
0.110262 0.0487007 -0.0637901
-0.0357825 -0.211145 -0.104821
-0.107164 0.0620324 -0.0717578
-0.0986436 0.0618842 -0.0718991
0.181608 0.0658237 -0.0726606
-0.179271 0.0763212 -0.0729812
0.175216 0.0706618 -0.0748738
-0.1737 0.0850484 -0.0733978
-0.136091 0.109059 -0.0772536
0.150011 0.11659 -0.0665517
-0.10682 0.117119 -0.0783108
-0.137063 -0.238733 -0.0305927
-0.0876627 0.136794 -0.0690837
-0.0793523 0.136013 -0.0716385
-0.072904 0.140093 -0.0717016
0.122209 -0.302947 -0.0786381
-0.0665392 0.146386 -0.0732936
0.0724004 0.225201 -0.0667882
0.215956 0.09635 0.100622
-0.11484 -0.253934 -0.0775111
0.0919074 0.273652 -0.0717074
-0.0798356 0.277073 -0.072895
-0.077478 0.26993 -0.0687345
0.0146987 -0.368953 -0.0226146
-0.088703 0.290723 -0.0762925
0.0803906 0.282074 -0.0731397
0.0878914 0.279778 -0.0764823
-0.0758701 0.284393 -0.0737434
0.118533 -0.313941 0.0217028
0.10043 0.291295 -0.0654358
0.0844976 0.29478 -0.0746647
-0.0926983 0.297291 -0.0737059
-0.0384025 -0.00873408 -0.123486
-0.0724397 0.292234 -0.0737395
-0.0773852 0.298417 -0.0721324
-0.0745975 0.305695 -0.0702782
0.071702 0.315089 -0.0768162
-0.0288769 0.12579 -0.0979596
-0.11296 -0.280176 -0.0821393
0.0977946 0.296854 -0.0719569
0.0746477 0.33419 -0.0749312
-0.0718865 0.34358 -0.0771999
0.0758595 0.408671 -0.0868764
-0.0790671 0.423313 -0.073543
0.0789957 0.424771 -0.0791353
0.0713498 0.446271 -0.0823919
-0.0680061 0.458962 -0.0684212
0.0341175 -0.320459 -0.0768303
0.116619 -0.232212 -0.0763367
-0.0391481 0.484343 -0.0746671
-0.0240519 0.4872 -0.0835775
-0.0940417 -0.49152 -0.0831813
-0.0811883 -0.498798 -0.0744462
-0.0546829 -0.494196 -0.0771308
0.0540988 -0.49225 -0.0794642
0.0669839 -0.497872 -0.0725926
0.0810311 -0.497637 -0.0788221
0.0867179 -0.493105 -0.0848645
-0.035351 -0.334489 -0.0797224
0.0169323 -0.225146 -0.0844297
-0.114514 -0.470584 -0.0819671
-0.118503 -0.464051 -0.0783903
-0.0388889 -0.469292 -0.0832428
0.0381226 -0.448281 -0.077129
0.125144 -0.435087 -0.0762436
-0.122496 -0.429431 -0.0777485
-0.111926 -0.447567 -0.0824213
-0.0375038 -0.430876 -0.0800987
0.0419062 -0.427781 -0.0820105
-0.122969 -0.397769 -0.0791697
0.0393393 -0.395374 -0.0811732
0.125183 -0.395991 -0.0789147
-0.123024 -0.327296 -0.0777622
0.0391095 -0.379 -0.0809821
0.118881 -0.363091 -0.0834039
0.0404827 -0.334742 -0.0823976
-0.0356324 -0.316767 -0.0801463
0.124188 -0.327312 -0.0786291
-0.123388 -0.299138 -0.0753018
0.112587 -0.367802 -0.0875366
0.123156 -0.292985 -0.0768578
-0.0350387 -0.381827 -0.0792395
-0.109102 -0.151976 -0.117689
0.0383622 -0.275822 -0.0796387
0.113387 -0.241098 -0.0793043
-0.110091 -0.247224 -0.0804399
-0.0761673 0.0316501 -0.0780782
0.00547388 -0.212437 -0.0888789
0.029796 -0.233501 -0.0865401
0.112565 -0.224118 -0.0801438
-0.00293486 -0.210133 -0.0912391
0.0203473 -0.22083 -0.0888119
0.125725 -0.222793 -0.0668599
0.115378 -0.214173 -0.0785112
0.108617 -0.191358 -0.0904791
0.116464 -0.173189 -0.0898537
0.124288 -0.140026 -0.0833065
0.0402548 -0.419221 -0.0811731
-0.0692245 -0.0814315 0.0964698
0.122466 -0.121908 -0.0841671
-0.113929 -0.08476 -0.0837074
0.105986 -0.0514954 -0.0857045
-0.0882632 -0.0088292 -0.087458
-0.0704616 0.0368528 -0.0826188
0.071982 0.0351473 -0.0842218
-0.0764569 0.0514639 -0.074914
0.072153 0.0536179 -0.0800262
-0.161216 0.0611909 -0.0768115
-0.118965 -0.109531 -0.0847551
-0.266634 0.0444397 0.0898128
0.0747552 0.0605386 -0.0790427
0.141598 0.0567329 -0.0750078
-0.119693 -0.415084 -0.0809925
-0.127025 0.0640858 -0.0761366
-0.0749652 0.0593825 -0.0773943
0.0342512 0.0106459 -0.11828
-0.180745 0.00281675 0.0026624
0.0465574 -0.212905 -0.104175
-0.110792 -0.485407 -0.0766837
-0.094373 0.0685209 -0.0753389
-0.0296221 -0.296708 0.0136174
0.102567 0.060619 -0.0720049
0.117362 0.0659178 -0.0753754
0.0617329 0.21817 -0.0801457
-0.139582 -0.180881 -0.00934086
-0.0472439 0.226683 -0.0905092
0.16075 0.0812808 -0.0785569
0.00908341 0.47656 -0.104668
0.156441 0.0958937 -0.0768652
-0.16007 0.0949733 -0.0757493
0.133881 0.105254 -0.079504
-0.0430356 0.0777975 -0.0942991
0.118818 0.117171 -0.0769841
-0.0858 0.121456 -0.077324
0.074623 -0.0851222 -0.139273
-0.0733144 0.131182 -0.0753613
-0.07456 0.331143 -0.0703745
0.0867078 0.126351 -0.0762523
0.0702297 0.126303 -0.0791316
-0.0647529 0.128608 -0.0785995
0.067526 0.140743 -0.0757695
-0.0535801 0.150439 -0.0837472
0.0657591 0.149335 -0.0751297
0.0608011 0.204057 -0.0805206
-0.0635941 0.206057 -0.0747485
0.0662229 0.254868 -0.0771419
0.0114261 0.481135 -0.0985689
0.0386871 -0.410164 -0.0802029
-0.083591 0.283619 -0.0762114
-0.086603 0.277303 -0.074328
0.0955656 0.280746 -0.0729673
-0.0803569 0.291355 -0.0749148
0.00202194 0.480014 -0.10097
0.0916447 0.292565 -0.0763919
0.0972598 0.288257 -0.0725244
-0.0849124 0.298362 -0.0741235
0.0259668 0.00882762 -0.121316
-0.0450283 0.138304 -0.0900425
-0.0368887 -0.31228 0.0203682
0.0278502 0.474296 -0.101334
-0.0472834 -0.382058 -0.0876769
-0.0743731 0.412489 -0.0858489
-0.0751933 0.426908 -0.0818843
-0.108241 0.0762315 -0.0784243
-0.0724861 0.444324 -0.0772354
0.0636509 0.461072 -0.0810352
-0.0494957 0.471672 -0.0844154
0.0398829 0.483286 -0.0783249
-0.0551171 -0.334905 -0.0917545
-0.00892518 0.490039 -0.0850901
0.0772881 0.25463 -0.0603245
-0.137745 -0.301028 -0.00739343
-0.076963 -0.496556 -0.0808448
-0.0846337 -0.495179 -0.0823583
-0.0674684 0.225236 -0.0705086
0.0916696 -0.487074 -0.0895697
-0.0697327 -0.494128 -0.0826082
0.0685094 -0.490388 -0.0859209
-0.102964 -0.485642 -0.0837876
-0.0520099 -0.487905 -0.0840891
0.0506474 -0.485377 -0.0844105
0.0954779 -0.479656 -0.0921286
-0.0437602 -0.482825 -0.082873
0.0465818 -0.476139 -0.0863988
0.110325 -0.474297 -0.0864152
-0.107547 -0.469679 -0.0875718
0.0393653 -0.469124 -0.0826949
-0.111784 -0.46225 -0.0840446
0.112948 -0.458137 -0.0839675
-0.0678945 0.176199 -0.0689125
-0.0446475 -0.456055 -0.0846095
0.107975 -0.451011 -0.0864458
0.056706 -0.445069 -0.0878747
0.111107 -0.442547 -0.0848857
-0.107827 -0.434007 -0.086809
-0.104994 -0.443978 -0.0868631
-0.0472846 -0.439608 -0.0849087
-0.0496153 -0.431748 -0.0870592
0.117362 -0.426602 -0.0831608
-0.185393 0.0410694 0.128749
0.0523678 -0.39903 -0.0891769
0.119241 -0.381693 -0.0834965
-0.0378941 -0.390815 -0.0815652
-0.11761 -0.390272 -0.0834322
0.0708535 0.184106 -0.0680634
-0.0413819 -0.37707 -0.0841815
-0.116407 -0.324387 -0.0833155
-0.0407071 -0.332141 -0.084038
0.0389135 -0.316769 -0.0811313
0.109703 -0.319637 -0.0884193
-0.0445671 -0.304785 -0.0862026
-0.118291 -0.293316 -0.0796532
-0.0499928 -0.354884 -0.0894018
0.049838 -0.27565 -0.08678
0.109176 -0.300636 -0.0875866
-0.0298489 -0.0951659 -0.154879
0.0475851 -0.267511 -0.0859671
0.0958399 0.13715 -0.0682217
0.105956 -0.25801 -0.0854068
-0.0448003 -0.251555 -0.0876246
0.0329516 -0.246574 -0.0825349
0.0207131 0.481108 -0.0960752
0.109124 0.128366 -0.0722409
-0.020984 -0.229426 -0.0850034
-0.100337 -0.212006 -0.0883576
0.00465981 -0.206172 -0.0954141
0.108321 -0.209855 -0.0848902
0.108771 -0.0276196 -0.0682611
-0.121142 -0.158266 -0.0852595
0.121216 -0.145627 -0.0914493
-0.121982 -0.134553 -0.0852256
0.0746459 0.00254774 0.0661203
0.0955855 -0.491678 -0.0828887
-0.0983797 -0.0419018 -0.089213
-0.0832233 0.311636 -0.0186594
0.0866854 -0.00595971 -0.0906565
0.224882 -0.000767933 -0.000819321
0.0801959 0.142278 0.0172204
0.0609456 0.0611871 -0.0871887
-0.0694505 0.0553559 -0.0802131
-0.157264 0.0686468 -0.0789547
-0.0874099 0.114657 -0.0794433
0.0698009 0.0755908 -0.0826958
-0.136206 0.0770606 -0.0815579
-0.0724192 0.0722432 -0.0799994
-0.0614344 0.0847772 -0.0837154
-0.177234 0.0922719 -0.0686373
0.146009 0.0754458 -0.080785
-0.150119 0.0825685 -0.0808678
-0.112684 0.0837319 -0.0811379
0.0751791 0.0822675 -0.0823701
0.0825094 0.080672 -0.08121
0.106582 0.0776769 -0.0791896
0.126947 0.0784644 -0.0809926
-0.131874 0.0870589 -0.0826527
-0.0696452 0.0871985 -0.0822253
0.133421 0.0856696 -0.0821912
0.139244 0.0913491 -0.0815785
0.102946 -0.0370128 -0.0836465
-0.0785273 0.0895484 -0.0816322
0.105389 0.091976 -0.0819493
-0.0152692 0.482095 -0.0965002
-0.271246 0.0536972 0.0849929
0.0894511 0.00515913 -0.0806444
0.0774314 0.104642 -0.0823406
-0.08456 0.107911 -0.0809333
-0.0719946 0.116814 -0.0796753
0.10146 0.106844 -0.0816793
0.120832 0.0976838 -0.0821009
0.0175947 -0.368911 -0.0496654
0.0687842 -0.194694 -0.123147
0.118951 0.107094 -0.0805991
-0.0931726 0.00279568 -0.0735027
0.124088 -0.062543 0.0210526
-0.0911403 -0.00283532 -0.080364
-0.00158608 -0.0797514 -0.147964
-0.0541671 0.178221 -0.0836658
0.097355 0.00702202 -0.0666794
0.0585363 0.225663 -0.0833653
-0.0599786 0.266761 -0.0824734
0.27081 0.0503478 0.07404
-0.0596141 0.3001 -0.0869429
-0.00508326 0.223693 0.115107
0.0771725 -0.155641 -0.15246
-0.0608334 -0.453798 -0.0903983
0.0707925 0.407989 -0.0946077
0.0681634 0.415627 -0.0984291
-0.0608491 0.45753 -0.0860756
0.0522368 0.4707 -0.0849924
-0.0353387 0.477584 -0.0909749
0.00522355 0.485479 -0.0937489
0.0159881 0.490447 -0.0827068
-0.0862327 -0.488724 -0.0896907
-0.0835323 0.0183781 -0.0771106
0.0744072 -0.485863 -0.0915069
0.0830212 -0.487629 -0.0910792
-0.063994 -0.479617 -0.092484
0.0656691 -0.482587 -0.0905767
-0.101951 -0.476991 -0.089244
-0.0507032 -0.479545 -0.0886518
0.0541392 -0.46119 -0.0898761
-0.0996925 -0.468501 -0.09189
0.114412 -0.050098 -0.0705738
0.0999387 -0.465234 -0.0924747
-0.0277428 0.470247 -0.104072
-0.0530681 -0.460173 -0.0899503
0.0625256 -0.450949 -0.0900708
-0.0947142 -0.443894 -0.0901569
0.0646374 -0.442544 -0.0904904
0.0948028 -0.444679 -0.0909304
0.0243353 0.225143 -0.102463
-0.0687673 -0.450479 -0.0915177
-0.0620142 -0.444587 -0.0902455
0.0203203 0.310861 -0.111844
-0.0563637 -0.430638 -0.0899089
-0.0225339 0.476899 -0.0993986
0.0684876 -0.420203 -0.093328
-0.0797199 -0.466278 -0.0967577
0.0528468 -0.416458 -0.0889596
0.0766461 0.0471002 -0.0762553
-0.0532348 -0.406402 -0.0901564
0.134676 -0.152674 -0.0621312
0.0603875 -0.39559 -0.0924171
0.112728 -0.385931 -0.0876023
-0.0395259 0.464224 -0.102375
0.0555497 -0.363504 -0.0908642
-0.103165 -0.328872 -0.0909534
-0.00594673 0.262285 -0.107871
0.103185 -0.333577 -0.0917998
-0.152702 0.0617304 -0.0776091
0.0459004 -0.317443 -0.0861724
-0.1059 -0.234567 -0.0827672
0.100386 -0.30475 -0.0916552
-0.0111928 0.302928 -0.112147
0.0555914 -0.304496 -0.0907236
-0.188412 0.0618111 -0.0701661
-0.104683 -0.303583 -0.0890146
-0.102961 -0.247972 -0.0847173
-0.12284 -0.276478 -0.0729037
0.103784 -0.276717 -0.0880935
0.0542799 -0.380292 -0.0901426
0.127151 -0.286162 -0.0718197
0.0958589 -0.259596 -0.0895744
-0.10885 0.109557 -0.0806912
0.0546773 -0.255549 -0.0897564
0.105181 -0.241013 -0.0845873
0.0400785 -0.248112 -0.0857384
0.0965093 -0.240579 -0.0885185
-0.0406786 -0.236538 -0.0904889
-0.0992967 -0.222073 -0.0876688
0.0326237 -0.226362 -0.0907489
-0.0277049 -0.49119 -0.0321655
-0.0378042 -0.230253 -0.0917625
0.0943893 -0.21849 -0.0915855
0.110053 0.111667 -0.079994
0.101654 -0.206422 -0.0903467
-0.094045 -0.19959 -0.0992682
-0.1071 -0.18646 -0.0938377
0.0970792 -0.194616 -0.100771
-0.110766 -0.177521 -0.0947131
0.105518 -0.179515 -0.103038
0.0552218 0.453112 -0.0998013
-0.118109 -0.144621 -0.0971742
-0.110699 -0.0864345 -0.091827
0.103909 0.0691227 -0.0761508
-0.0425634 0.245967 0.102901
-0.070502 0.00936962 -0.0966825
0.140181 -0.490494 0.00324002
0.0606938 0.0375448 -0.0933721
0.244234 0.00768255 0.0434757
0.0613792 0.0768991 -0.0856418
0.0444957 0.104255 -0.0917715
0.0564863 0.116753 -0.0849367
-0.0500572 0.110871 -0.0870537
-0.0681819 -0.188094 -0.131969
-0.0435738 0.17509 -0.0913912
0.0482012 0.209887 -0.0905624
-0.0462582 0.218575 -0.090774
0.0631534 -0.0386436 -0.121702
0.0522512 0.265617 -0.0912567
-0.060492 0.309626 -0.0873285
0.06089 0.437815 -0.102265
-0.00949385 0.31826 -0.114715
0.125939 0.0561277 -0.0712062
0.0123036 0.234753 -0.105421
-0.0666232 0.422009 -0.0972966
0.0674028 0.434912 -0.0961224
-0.0658689 0.439447 -0.0929517
0.060917 0.451404 -0.0951753
0.0229892 0.486049 -0.087674
-0.0277727 0.48006 -0.0932257
0.0258971 -0.300231 -0.066805
0.0310056 -0.341462 0.0128923
0.0289582 -0.32489 -0.0711017
0.0800225 -0.481522 -0.0944894
-0.0708251 -0.478311 -0.0947215
0.0631832 -0.473475 -0.0928219
0.0857805 -0.467015 -0.0964689
0.098283 -0.471951 -0.0930619
-0.0868427 -0.471088 -0.0961303
-0.088587 -0.452771 -0.0923004
-0.0660984 -0.465073 -0.0943367
0.0677218 -0.457925 -0.0925571
0.0775115 -0.467819 -0.0965075
0.0966465 -0.459117 -0.0926653
-0.0730088 -0.46197 -0.0951592
-0.0694269 -0.0477869 0.0873889
0.0729238 -0.440865 -0.092205
0.0759176 -0.454939 -0.0935987
0.0809979 -0.460606 -0.0955825
0.00833711 0.193159 -0.104251
-0.0908878 -0.435591 -0.0918199
-0.0640725 -0.434349 -0.0916725
0.0811812 -0.439223 -0.0926801
-0.0878753 -0.427498 -0.0932743
0.0755431 -0.432677 -0.0931941
0.126575 -0.0679112 0.0165381
-0.0121877 0.118887 -0.102292
0.130428 0.0693934 -0.078988
0.0824459 -0.399632 -0.0955254
0.0886071 -0.407127 -0.0948998
-0.0680137 -0.396138 -0.094701
0.0697081 -0.392389 -0.0948114
-0.099529 -0.391703 -0.0925283
-0.0615523 0.427531 -0.102441
-0.0606029 -0.391798 -0.093153
-0.0613309 0.436422 -0.100064
0.105767 -0.389961 -0.0909079
0.0983408 -0.393766 -0.0933084
0.0650645 0.421392 -0.101806
0.0674604 -0.327198 -0.0946426
-0.0935193 -0.327015 -0.0940815
0.0818164 0.394742 -0.015355
0.0855422 -0.327869 -0.0956074
0.0894949 -0.335845 -0.0952281
-0.0858506 -0.329966 -0.0954877
-0.0113171 -0.183917 -0.133707
0.0546727 -0.331654 -0.0907008
-0.0253937 -0.328182 -0.0690572
-0.0618061 -0.302353 -0.0933194
-0.0615159 0.410832 -0.103742
-0.0733876 -0.31064 -0.0952943
0.0645087 -0.292764 -0.0929197
0.0851542 -0.296103 -0.0945052
0.0311538 -0.342282 -0.0736372
-0.0882389 -0.274311 -0.0921822
0.0729576 -0.269375 -0.0928226
-0.0823339 -0.260665 -0.0921289
-0.00118016 0.318012 -0.115293
-0.0701501 -0.302226 -0.094739
-0.0611594 -0.254711 -0.0916843
-0.0478855 0.302106 -0.0971567
-0.0688345 -0.249902 -0.0926779
-0.125304 -0.377877 -0.076792
0.08474 -0.256391 -0.091804
-0.0616426 -0.245505 -0.0926005
-0.0767427 -0.237022 -0.0935072
0.0841842 -0.499597 -0.0702849
0.125316 -0.377333 -0.0786775
-0.0534222 -0.23457 -0.0941125
-0.0844858 -0.222963 -0.0938604
0.0655075 0.407916 -0.101577
0.0744681 -0.228907 -0.095286
-0.0688285 -0.223701 -0.0969419
-0.0426772 -0.224829 -0.095355
0.0554355 -0.231999 -0.0945263
-0.0298722 -0.375134 -0.0741069
-0.0301024 -0.215349 -0.0983913
0.0437311 -0.219078 -0.0985681
-0.0844974 -0.213723 -0.0963331
-0.0151978 -0.204699 -0.103662
0.0266864 -0.220218 -0.0924493
0.08847 -0.208087 -0.0982004
-0.00468976 -0.204532 -0.0987303
-0.00530582 0.162587 -0.103861
-0.0989129 -0.183536 -0.108016
-0.0177147 0.192465 -0.102339
-0.0206698 -0.387897 -0.061872
0.0678773 0.129942 0.0350655
-0.0984996 -0.0661729 -0.0983481
0.0240131 -0.39369 -0.0642412
-0.0873536 -0.0397143 -0.101278
-0.0845748 0.0117595 -0.0799139
-0.156777 0.081687 -0.0795566
0.0605117 0.0288855 -0.0969124
0.0436933 0.0799677 -0.0949095
-0.0495154 0.0598075 -0.0939041
-0.0346493 0.110563 -0.0953094
0.0678747 -0.189158 0.0652498
0.0385645 0.185417 -0.0955421
0.1629 0.0901331 -0.0760866
-0.0623467 -0.0822645 0.100715
0.0321099 0.223309 -0.0998412
-0.0349595 0.227294 -0.0976789
0.0463361 0.253822 -0.0944084
-0.0425491 0.257164 -0.0956051
-0.0463332 0.293322 -0.0970968
0.0525844 0.303038 -0.0955367
0.0579768 0.322342 -0.0938199
-0.0516918 0.329548 -0.0981649
0.0631828 0.380461 -0.0990546
-0.0586493 0.380165 -0.101173
-0.058675 0.396411 -0.104581
0.130101 -0.410465 -0.073837
-0.0462128 0.463254 -0.0980681
0.0423817 0.453341 -0.110273
0.0369956 0.474506 -0.095677
-0.0345098 0.468913 -0.101587
-0.073961 -0.335488 -0.0958738
-0.0621914 -0.212619 -0.104531
0.0612384 -0.21668 -0.101526
0.0701977 -0.214916 -0.101569
-0.0697444 -0.20895 -0.106149
-0.048117 -0.21982 -0.0993523
0.0375264 -0.213377 -0.10221
0.0641213 -0.209283 -0.107474
-0.118869 -0.0306221 -0.00533852
-0.0852753 -0.204769 -0.102012
-0.0135496 -0.198463 -0.113144
0.022348 -0.206453 -0.104585
0.0901145 -0.200481 -0.102374
-0.0843046 -0.193933 -0.112968
-0.10677 -0.0955947 -0.110185
0.107875 -0.0956353 -0.110782
0.0124034 0.325646 -0.115615
0.102445 -0.0825734 -0.107537
-0.0863823 -0.0561064 -0.10801
-0.0628226 -0.00942593 -0.110947
0.0823244 -0.0257505 -0.103304
-0.0481158 0.0275847 -0.10404
0.0470301 0.0280521 -0.105802
-0.0233011 -0.419001 -0.0661644
-0.0583684 -0.249792 0.0375541
-0.0301104 0.0707045 -0.101411
-0.000383367 0.170747 0.0909749
-0.0263144 0.111093 -0.0986586
0.0989981 -0.30902 0.0397048
-0.0523819 -0.448513 -0.0870951
0.119172 -0.0229583 -0.007877
-0.0191555 0.183369 -0.101865
0.0214521 0.207977 -0.102304
-0.0134432 0.222242 -0.104316
-0.0287162 0.249928 -0.101805
0.0316996 0.245336 -0.101033
0.0354791 0.280832 -0.102953
-0.229438 0.0113808 0.0668837
0.0602395 0.353554 -0.0969585
0.0569149 0.338311 -0.0974569
0.0511098 0.318576 -0.0989191
0.0538602 0.354042 -0.102748
0.0318019 -0.0985697 0.115043
0.0633892 0.109113 -0.0833751
-0.0616802 0.418506 -0.103736
0.148041 0.0919293 -0.0799627
-0.0559682 0.433586 -0.106807
0.0542751 0.441225 -0.10753
0.0513911 0.449828 -0.105897
-0.0196059 0.471319 -0.106593
0.0172204 0.475894 -0.103745
0.00283915 0.473474 -0.10803
-0.054655 -0.215866 -0.102478
0.0551243 -0.211987 -0.105757
-0.0659822 0.233924 -0.0730248
0.0315287 -0.207829 -0.106935
-0.142357 0.102452 -0.0785567
0.126451 -0.0528461 -4.40531e-05
0.00308337 -0.197019 -0.111241
0.0934738 -0.183343 -0.115804
0.12817 -0.419886 -0.0748463
-0.114178 -0.133761 -0.111015
0.135085 0.113132 -0.0753713
-0.121726 0.102153 -0.0816147
-0.0910229 -0.0727617 -0.111959
0.0888035 -0.0753164 -0.118776
0.135971 0.12008 -0.0704563
0.0850496 -0.0591132 -0.112539
0.0779945 -0.0361217 -0.11073
-0.197986 0.0494068 0.0820088
-0.137795 -0.435624 -0.058884
-0.0439256 0.326659 -0.103421
-0.0297854 0.0399465 -0.108096
0.0295241 0.0236249 -0.114582
-0.0127381 0.0713735 -0.105909
0.00500075 0.0717902 -0.106764
0.00449621 0.101688 -0.10364
0.0186181 0.0641714 -0.106548
-0.0491067 0.311099 -0.0976484
0.0129851 0.100864 -0.102979
-0.0129581 0.102699 -0.102423
-0.0802701 0.115178 -0.0794644
0.00382631 0.201807 -0.104677
-0.00623854 0.202171 -0.104267
0.101163 0.116571 -0.0792208
0.00336874 0.234913 -0.10605
0.0166837 0.242542 -0.105357
0.0927988 -0.497911 -0.0682315
0.158616 0.02755 -0.0546108
0.00704008 0.271287 -0.109034
0.0154497 0.271956 -0.108086
0.0223346 0.272102 -0.106745
-0.0984048 -0.388239 0.0367645
-0.0302452 0.316797 -0.108983
0.0365432 0.313962 -0.107013
0.0500295 0.348041 -0.104485
-0.06988 0.26637 -0.0705239
-0.0605319 0.0284365 -0.0952188
0.049749 0.373623 -0.109692
-0.0525772 0.398932 -0.110767
-0.0551501 0.448562 -0.100746
0.0950805 -0.328424 -0.0941879
0.0999357 0.00849741 -0.060111
0.0308953 0.466319 -0.107702
-0.0403766 -0.207562 -0.110167
-0.0549738 -0.209664 -0.108487
0.0444417 -0.203452 -0.115849
-0.0628862 -0.20687 -0.110512
-0.057852 0.391875 0.0201763
0.0617147 -0.203378 -0.114461
0.0814458 -0.194642 -0.115116
-0.098317 -0.000605129 -0.0666686
-0.10145 -0.164418 -0.123392
0.0984825 -0.168095 -0.125439
0.104788 -0.156351 -0.124778
0.111452 -0.143605 -0.117502
-0.0787232 -0.0638278 -0.118097
-0.145599 -0.389785 -0.0387564
0.0648358 0.164085 -0.0752713
-0.0511708 -0.00136069 -0.115183
-0.0478151 -0.00822347 -0.119334
0.0470375 -0.00170973 -0.118344
0.0615047 0.195396 -0.0795791
-0.0123558 0.0390368 -0.112402
-0.0046163 0.0330247 -0.114884
-0.0621399 -0.175152 0.0741182
0.0272798 0.0476163 -0.108094
-0.0228805 0.313624 -0.111071
-0.00706909 0.294437 -0.111615
0.0069433 0.302446 -0.112843
0.0480141 0.270587 -0.0948897
-0.0325127 0.344922 -0.112709
-0.0268299 0.3492 -0.115784
0.0363444 0.345818 -0.112171
-0.0494422 0.367532 -0.106895
0.0423081 0.368863 -0.113342
0.0436404 0.286625 -0.0993655
0.0537329 0.407064 -0.11286
-0.137047 -0.117307 -0.0140197
0.0531048 0.422398 -0.113121
0.0646754 0.210826 -0.0765535
0.0436604 0.43735 -0.117102
-0.038211 0.45199 -0.112385
0.035162 0.451874 -0.115492
0.0119536 0.458302 -0.118803
-0.0167888 0.466922 -0.1116
0.126418 0.103493 -0.0809272
-0.00307826 0.463313 -0.116806
0.13033 -0.164797 -0.0693915
-0.0403555 0.291641 -0.100663
-0.00480992 -0.194782 -0.115994
-0.108176 -0.138686 -0.124296
0.0674208 0.238217 -0.0743822
0.113883 -0.126177 -0.113154
0.102923 -0.112657 -0.129411
0.123508 -0.190843 -0.0736356
0.0980065 -0.0963962 -0.127052
0.0794767 -0.0628312 -0.118669
0.0707118 0.252127 -0.0713255
-0.0679302 -0.0497888 -0.120809
-0.0280341 -0.00559479 -0.12578
0.0773425 0.238398 -0.0587281
0.0764394 0.214726 0.0204106
-0.012408 0.324713 -0.115318
-0.00117317 0.333643 -0.117643
-0.0188906 0.353467 -0.118845
-0.00929463 0.357424 -0.121244
0.0201954 0.359399 -0.120042
-0.124097 -0.189893 -0.0702261
0.240077 0.0703315 0.145512
-0.0426826 0.406194 -0.118891
-0.023527 0.448375 -0.120845
0.0468471 0.406284 -0.117849
-0.0421332 0.429829 -0.118136
-0.0311038 0.450449 -0.116986
-0.120982 -0.20445 -0.0715118
-0.0433394 0.27353 -0.0968351
-0.0604343 -0.189497 -0.133773
-0.0319184 0.26756 -0.102145
-0.0313548 -0.187214 -0.136966
-0.06051 0.236658 -0.0799157
0.0410805 0.266743 -0.0987394
-0.00487698 -0.18902 -0.125427
-0.123197 -0.233101 -0.0670983
0.0841909 -0.17772 -0.1326
-0.00247201 -0.244788 -0.057727
-0.103809 -0.142072 -0.131243
-0.10464 -0.11388 -0.126282
-0.0964422 -0.0988346 -0.129346
0.0853618 -0.0986799 -0.141215
0.0706708 -0.0704967 -0.130149
-0.0657628 -0.0626646 -0.126926
0.0151421 -0.177606 -0.14093
0.0636437 -0.0553112 -0.126436
-0.0128461 -0.00884952 -0.129704
0.124587 -0.251635 -0.0701671
-0.0781507 -0.440408 -0.092553
0.00528503 0.360007 -0.122319
-0.013864 0.393114 -0.127826
0.0281306 0.394774 -0.125095
-0.0263237 0.402092 -0.126156
-0.0324666 0.420178 -0.124618
-0.000172905 -0.1812 -0.134287
0.0375546 0.419997 -0.123105
-0.0288746 0.43446 -0.123738
0.0251152 0.434287 -0.126298
-0.0225238 0.440358 -0.124301
-0.0147605 0.437814 -0.127079
0.00767608 0.445302 -0.125932
0.000240622 0.440078 -0.127821
-0.051902 -0.18995 -0.135202
0.0182921 -0.183333 -0.137003
-0.0745075 -0.185882 -0.13074
0.10351 0.00592983 -0.0541996
0.0104682 -0.182282 -0.135143
0.129233 -0.271808 -0.0672732
0.104956 -0.139632 -0.130606
0.106787 -0.129914 -0.128365
-0.10039 -0.127256 -0.136265
-0.0820958 -0.0895572 -0.136681
-0.0580856 -0.0591126 -0.129556
-0.0542789 -0.0698993 -0.137006
0.0824371 -0.474766 -0.0965228
-0.0397193 -0.0424447 -0.132667
0.00448217 0.386072 -0.127698
0.127693 -0.244673 -0.0648895
0.0198493 0.398176 -0.128162
-0.012294 0.411884 -0.130606
0.0211407 0.416167 -0.129484
-0.0199272 0.415978 -0.129003
-0.0136992 0.429503 -0.129267
0.00794904 0.427527 -0.130655
-0.00688739 0.43494 -0.129144
0.0237076 -0.179986 -0.141975
0.114197 0.0905883 -0.0819441
-0.000698485 -0.174799 -0.14043
0.0950598 -0.163471 -0.133449
-0.0894598 -0.157887 -0.142513
-0.0919828 -0.14892 -0.143613
0.138579 -0.113656 -0.00989754
0.0973706 -0.129785 -0.141009
0.0966896 -0.112908 -0.137318
0.0338065 0.262534 -0.101866
0.09152 -0.1051 -0.139298
-0.0694394 -0.0897352 -0.144757
0.1777 0.113093 -0.0439647
-0.0360741 0.253581 -0.0989137
0.0531819 -0.06708 -0.136443
0.043413 -0.0580468 -0.136561
-0.0255454 -0.0452659 -0.137412
0.0162751 -0.0469955 -0.139987
0.00654106 -0.0481696 -0.141027
-0.00943829 -0.0392955 -0.138378
0.0331054 -0.0513936 -0.137724
0.00152153 0.402627 -0.130865
0.00615587 0.419061 -0.131626
-0.0412204 -0.181579 -0.14432
-0.0266463 -0.180528 -0.142762
0.042316 -0.183592 -0.142597
-0.0633516 0.0509328 -0.0854016
0.039884 0.24799 -0.0976514
0.0302719 0.231494 -0.100842
-0.135699 -0.385253 0.00748597
0.0733014 -0.170429 -0.146448
-0.0828509 -0.173347 -0.137608
0.0951569 -0.15434 -0.138814
0.093008 -0.136816 -0.145307
-0.0796904 -0.109782 -0.149519
-0.0206273 0.236058 -0.103561
0.138756 -0.326747 -0.0591525
-0.028283 0.222653 -0.100232
-0.0587951 0.0371956 -0.0929874
0.0457275 -0.0710834 -0.14088
-0.0350487 0.23599 -0.098079
0.046562 -0.0639859 -0.13743
-0.0591283 -0.174199 -0.148988
-0.0347481 -0.177648 -0.147202
0.0300233 -0.174631 -0.148803
0.0461174 -0.177502 -0.148022
0.058644 -0.168321 -0.153001
-0.00157353 -0.163314 -0.148365
0.0825843 -0.158164 -0.147952
-0.0772267 -0.156087 -0.151637
-0.0783488 -0.139098 -0.154791
-0.0889652 -0.126846 -0.147374
0.0869979 -0.119859 -0.148348
0.0795019 -0.102156 -0.147332
-0.0650645 0.242789 -0.0747597
0.0702766 0.260264 -0.0727052
0.0581266 -0.0957815 -0.153164
-0.0229641 -0.072558 -0.145124
-0.00905019 -0.0771609 -0.147223
0.0111894 -0.0738789 -0.146388
0.0264076 -0.0713984 -0.144436
0.135034 -0.339407 -0.0661603
0.130746 -0.372986 -0.0729927
-0.0743526 -0.163929 -0.149782
0.110362 0.100686 -0.0820033
-0.0267647 -0.164227 -0.153933
-0.0648273 0.261583 -0.0765547
-0.00761751 -0.156515 -0.151975
-0.0200013 -0.403073 -0.0610995
0.070166 0.269727 -0.0737025
0.0703382 -0.157585 -0.154626
0.00222911 -0.155292 -0.151782
0.0820757 -0.150187 -0.151164
0.0727733 0.292712 -0.073015
0.0785084 -0.13314 -0.155337
-0.0747122 -0.121497 -0.155782
-0.199407 0.0992996 -0.0358884
-0.0665226 -0.100523 -0.152154
0.140922 -0.127967 -0.0088826
0.0313365 0.209262 -0.0994369
-0.00874093 -0.120205 -0.156723
-0.0111417 -0.0927295 -0.151958
0.00541017 -0.0854475 -0.14939
0.0036544 -0.112081 -0.155312
-0.0246002 -0.0889827 -0.151929
-0.0155234 0.201313 -0.102997
0.0227175 -0.0933544 -0.153931
0.0431986 -0.0908953 -0.153006
0.0652043 0.263101 -0.0789815
0.0330045 -0.165604 -0.154562
0.0781956 0.354661 -0.0718736
0.0525992 -0.162238 -0.15712
-0.0774781 0.327007 -0.0633766
-0.0339323 -0.149014 -0.160712
0.0304542 -0.13911 -0.161953
-0.00754916 -0.138897 -0.156605
0.0130006 -0.147473 -0.156059
0.059273 -0.144538 -0.161306
-0.0604065 -0.139135 -0.161338
-0.0800656 0.34041 -0.0584207
0.00193932 -0.140048 -0.155911
-0.0651118 0.293906 -0.0801272
0.0673714 -0.144475 -0.159234
-0.0106102 -0.128464 -0.157661
0.0155252 -0.134967 -0.158762
-0.0628992 -0.131743 -0.161082
0.00494092 -0.125406 -0.156715
0.0668382 -0.185303 -0.136254
0.0625331 -0.129399 -0.161215
-0.0578998 -0.11538 -0.159832
-0.028738 -0.110033 -0.159197
0.0695639 0.329832 -0.0818891
0.0250051 -0.119405 -0.160716
0.0532548 -0.113208 -0.160516
0.0275277 -0.11048 -0.159556
0.0748851 0.211973 -0.0622889
0.0725553 0.384576 -0.0878959
0.0465833 -0.106007 -0.158989
-0.0422769 -0.143087 -0.162427
0.0416791 -0.147796 -0.161954
-0.0458248 -0.134641 -0.16326
0.0460316 -0.140769 -0.163146
-0.0651912 0.304621 -0.0811216
-0.0752768 0.367996 -0.0753351
0.0575155 -0.135936 -0.162714
-0.135991 -0.124473 0.00260941
-0.0259585 -0.119465 -0.160764
-0.0403936 -0.295917 -0.0834748
-0.0711368 0.364604 -0.0824124
-0.0488635 -0.113914 -0.16063
-0.0366397 -0.107917 -0.159486
-0.0221221 0.207954 -0.101527
0.0869125 -0.498944 -0.0630989
0.109881 -0.0677091 0.0545906
0.113626 -0.0751048 0.0518323
-0.0852557 -0.0664521 0.080137
-0.0575561 -0.0288012 0.0885144
0.0390761 -0.266106 -0.0812097
-0.0126271 -0.328287 -0.0324963
0.24743 0.0838262 0.148622
0.249014 0.0786356 0.153308
0.207978 0.0849463 0.118809
0.0392175 -0.0262289 0.0969901
0.0328993 0.488858 -0.0739588
-0.23083 0.0708145 0.152347
-0.044182 -0.0260736 0.0942267
-0.0069003 -0.0390591 0.106652
0.215486 0.060259 -0.0510914
-0.0740451 0.403614 -0.0848405
0.229128 0.0817002 0.145366
0.0155864 -0.385072 -0.0445664
0.140913 0.0323153 -0.0520961
-0.212151 0.078735 0.150089
-0.0542325 0.177811 0.0793447
-0.0685922 0.210322 -0.0686751
0.253998 0.0812928 0.148734
-0.25425 0.0794078 0.151295
-0.006749 -0.0221689 0.101857
-0.253782 0.0845575 0.145685
-0.229118 0.0775519 0.151144
0.00686363 -0.0322268 0.104834
0.224415 0.0822505 0.150585
0.217981 0.084988 0.148755
0.0210861 0.198889 -0.102302
0.125427 -0.277505 -0.0726602
0.0647873 -0.0662036 0.0966029
-0.0799045 0.381328 -0.0660676
-0.247407 0.0879717 0.144187
-0.225038 0.0825945 0.149139
0.0418443 -0.059882 0.105332
-0.225828 0.0610907 0.147125
-0.219879 0.0607417 0.146426
0.049978 -0.0656611 0.10368
0.226788 0.0638348 0.14436
0.130786 -0.401106 -0.0734562
0.0107772 -0.017026 -0.13242
-0.253474 0.0675384 0.13985
0.0289799 -0.390606 -0.0709787
0.0375397 -0.0118624 -0.125493
0.044446 -0.0186355 -0.124925
-0.188562 0.0853577 -0.0650166
-0.213831 0.0650098 0.143773
0.104589 -0.0301233 -0.0773326
0.210921 0.069926 0.142038
0.230636 0.067549 0.151138
0.136785 -0.304642 -0.0603497
0.239773 0.073685 0.149555
-0.00629682 0.341154 -0.118738
-0.239554 0.0706034 0.143844
0.0182734 0.174019 -0.102513
-0.229904 0.0662702 0.146047
-0.209148 0.0723164 0.147274
0.11594 -0.471063 -0.082246
0.209288 0.0785031 0.142557
0.0108055 0.170604 -0.10363
0.230224 0.0762751 0.150251
0.017604 0.122624 -0.101838
0.267167 0.0722991 0.13802
-0.209633 0.0787443 0.143411
0.109795 -0.426895 -0.0871644
0.139681 -0.364518 -0.0596727
0.0809354 0.441127 -0.058558
0.0940317 0.101289 -0.0823397
-0.258556 0.0792176 0.145325
-0.238162 0.0819661 0.141304
0.241733 0.0831407 0.144676
-0.241585 0.0874789 0.140396
0.0282032 0.116769 -0.0988928
0.08445 0.427604 -0.055344
-0.036444 0.126612 -0.094666
0.0492451 0.135741 -0.088709
-0.137744 -0.338707 -0.0580973
-0.262649 0.0674937 0.132138
-0.065091 -0.335146 -0.0945872
-0.245067 0.0652693 0.140842
-0.093032 -0.357233 -0.094243
-0.103317 -0.00431735 -0.0589714
0.252041 0.0660806 0.140618
-0.262076 0.0736001 0.131432
0.0747473 0.377432 -0.0826067
-0.109179 -0.0282486 -0.0628785
-0.0298114 -0.35053 -0.0740772
-0.26497 0.0725788 0.135765
0.033606 -0.370088 -0.0762874
0.0664493 0.190262 -0.0739266
-0.123003 -0.0781562 -0.0600002
-0.258924 0.0727824 0.142998
0.0146285 -0.464469 -0.0476737
-0.0219991 0.14406 -0.100558
0.257835 0.0738453 0.139549
-0.014757 -0.14836 -0.156339
0.278653 0.0768636 0.130509
-0.259335 0.0779309 0.139768
-0.230608 0.0828557 0.139876
0.0575899 0.478175 -0.0509895
-0.0241245 0.198619 -0.100864
0.259052 0.0808041 0.135537
-0.0267815 0.152311 -0.099128
-0.227444 0.0882749 0.138081
-0.215766 0.0890333 0.140182
-0.0150973 -0.327079 -0.0482503
-0.0816222 0.337606 -0.0523713
0.222297 0.0894988 0.140183
0.00542741 0.116569 -0.103247
0.256445 0.0876177 0.138248
-0.0760522 0.218299 -0.055683
0.0243453 0.153147 -0.100703
0.083944 0.177084 -0.0401296
-0.130112 -0.149465 -0.0664633
0.218263 0.0880645 0.144
-0.0126852 -0.323793 -0.0251754
0.241723 0.0877845 0.139769
0.142007 -0.280029 -0.0246188
0.0859029 0.340288 -0.0257985
-0.131593 -0.167925 -0.0626625
0.029205 0.0908735 -0.100071
0.270724 0.0610925 0.127076
-0.0821878 0.33341 -0.0147179
0.179986 0.0600429 0.123098
0.234869 0.0700359 0.13191
0.0146706 -0.345176 -0.0308992
0.232389 0.0642703 0.127491
0.239802 0.0646084 0.128815
0.246394 0.0664621 0.130577
-0.105048 -0.41815 -0.0892975
0.0170548 -0.346145 -0.0129623
0.2152 0.0697517 0.133647
-0.141735 -0.313676 -0.0185994
-0.0114323 -0.39126 -0.0227744
0.084496 0.329777 -0.014195
0.0156208 -0.310411 -0.0424838
-0.280171 0.0759507 0.126414
-0.141677 -0.339678 -0.0130064
-0.211224 0.0739721 0.131073
0.0876787 0.16064 -0.0463828
-0.0326067 -0.279264 -0.0764608
0.139441 -0.127208 -0.000598169
-0.126886 -0.27052 -0.0674413
-0.0129884 -0.313845 -0.0388896
-0.258211 0.0837406 0.140087
0.273842 0.0820626 0.126318
-0.0157352 -0.330393 -0.0105807
0.275508 0.0838969 0.119012
-0.257551 0.0875685 0.133767
-0.252262 0.092569 0.133335
-0.0835981 0.221472 -0.0134571
0.129984 -0.068152 -0.00108652
-0.114574 -0.0291076 0.0160116
-0.239777 0.093631 0.127925
-0.245878 0.0945749 0.131445
-0.137815 -0.40795 0.00791169
-0.221804 0.0921778 0.136032
-0.0836786 0.244063 -0.0161243
0.212871 0.0910681 0.131397
0.136249 -0.271269 -0.0548889
0.218537 0.0947398 0.126833
0.0924033 0.289701 -0.0275719
-0.196591 0.045155 0.122761
-0.193926 0.04432 0.117172
0.14513 -0.319154 -0.0295928
-0.182122 0.0436172 0.124274
0.167974 0.120431 -0.0352793
0.0643279 -0.397997 0.0389571
0.180674 0.0452078 0.124232
-0.10792 -0.404839 0.0351791
-0.108525 -0.0624518 0.0508656
0.193544 0.0432929 0.122131
-0.0745418 -0.0355961 0.0794465
-0.201128 0.0508464 0.122092
-0.199878 0.0560875 0.126347
0.201231 0.0529223 0.121809
-0.0173178 0.0790983 -0.10403
-0.13288 -0.302644 -0.0635442
0.147407 -0.374806 -0.0334461
0.118709 -0.400325 -0.0835657
0.197827 0.0592801 0.127029
0.0307191 -0.0323032 0.101221
-0.273775 0.0640246 0.121401
-0.0374371 -0.0209777 0.095203
-0.24845 0.0627242 0.125074
-0.248046 0.0566835 0.120558
-0.23495 0.0626057 0.127332
-0.22904 0.0671418 0.129502
-0.234194 0.0561364 0.121924
-0.222249 0.0670336 0.12818
-0.195201 0.0606033 0.129137
-0.0751783 -0.0758566 0.0909248
-0.178558 0.0574229 0.121586
-0.0134716 -0.0311496 0.103753
0.143904 -0.1477 -0.0278864
0.146774 -0.479404 -0.00654359
0.00158337 -0.039006 0.106932
0.0317553 -0.489924 -0.0187798
-0.141403 -0.320224 -0.0154911
0.0174634 -0.0416401 0.106562
-0.218859 0.0647516 0.121715
0.0373753 -0.0814922 0.111839
-0.0327295 -0.29729 -0.0771058
0.0158983 -0.308002 -0.016619
-0.184281 0.0640469 0.123312
0.00600251 -0.033666 -0.137243
0.22526 0.065686 0.126644
0.0749867 0.438329 -0.0129426
0.272738 0.063918 0.120783
0.278494 0.0737167 0.114556
-0.279504 0.0688127 0.122944
-0.0217153 -0.294732 -0.0636233
-0.0218339 0.0869357 -0.102166
0.0198147 -0.306698 -0.0558685
0.090911 0.29845 -0.0231357
-0.0304845 0.086769 -0.0993064
0.0250295 0.19228 -0.101083
-0.273064 0.0842178 0.121928
-0.261863 0.0785334 0.129796
-0.0222216 0.120477 -0.100114
0.0336739 0.193354 -0.0979966
-0.232008 0.00577723 -0.0085899
-0.214935 0.092052 0.132722
0.0298285 0.184597 -0.0992915
-0.138826 -0.136017 -0.00262169
0.243366 0.0954537 0.128387
-0.109016 -0.391555 -0.0885659
0.250685 0.095903 0.127146
-0.011288 -0.0999164 0.118026
-0.0263996 -0.0952024 0.115776
-0.0206291 -0.114941 0.115481
-0.00366191 -0.106037 0.118122
-0.00945937 -0.0901228 0.117957
0.00535335 -0.102846 0.118516
0.00310123 -0.111883 0.117688
0.0234709 -0.0998326 0.116808
0.0146222 -0.10091 0.118082
0.0201471 -0.108191 0.11678
-0.108384 -0.00183227 -0.0404658
0.008415 -0.0920927 0.118479
-0.0190879 -0.349478 -0.0582044
-0.00796048 -0.0811622 0.116423
-0.0067926 -0.073831 0.114838
-0.21947 0.0945812 0.076963
0.0702818 0.391738 -0.0925374
-0.234023 0.0486669 0.1177
-0.24125 0.0523055 0.119889
-0.23422 0.0417498 0.112994
-0.0346548 0.0948005 -0.0966474
-0.178961 0.0512065 0.117341
0.237757 0.057167 0.122968
0.139803 -0.188291 -0.00416313
0.143066 -0.352474 -0.00952726
-0.254663 0.0548099 0.116571
0.136984 -0.304937 -0.00106562
-0.247983 0.049826 0.116303
-0.22674 0.0530437 0.118556
-0.226767 0.0453968 0.114135
0.230596 0.0511756 0.118822
0.247552 0.0534052 0.119176
-0.0340501 -0.398056 -0.0782056
0.0750874 0.392907 -0.0851285
-0.219867 0.0577475 0.117985
-0.213619 0.0552531 0.113434
0.172489 0.114798 -0.0486108
-0.1006 -0.0224274 -0.076197
0.221041 0.0620613 0.12125
0.216602 0.0585301 0.115824
0.261206 0.0617608 0.117021
0.11803 -0.056811 -0.0658224
-0.196448 0.0674509 0.118375
0.181887 0.062897 0.116649
-0.00646873 -0.464196 -0.0173759
0.0359886 0.0776962 -0.0989924
-0.193792 0.0712989 0.11244
0.213043 0.0725174 0.12036
-0.00797514 -0.176988 -0.139564
0.0860323 0.245444 -0.0264929
-0.0141377 -0.360983 -0.016643
0.209572 0.0793622 0.12978
-0.134779 -0.353802 -0.0644304
0.267586 0.0852368 0.121014
-0.210292 0.0889565 0.127285
0.0847592 0.346606 -0.0182921
0.208659 0.0852179 0.127085
-0.0828909 0.261543 -0.0101665
0.265404 0.0888259 0.113929
0.133169 -0.272925 0.00244956
0.27135 0.0869493 0.115266
0.139708 -0.32548 -0.00399668
-0.225936 0.0948339 0.12349
0.0726067 0.400556 0.0030051
-0.233297 0.0923087 0.124718
-0.0815405 0.246001 -0.00148434
0.217172 0.0963437 0.11859
0.22585 0.0927577 0.129219
0.231698 0.0920883 0.124655
0.0397602 0.0980166 -0.09492
0.256604 0.0908774 0.125857
-0.137909 -0.393588 0.00521353
-0.252877 0.0963001 0.120268
0.0358284 0.0926576 -0.0973443
-0.0711709 0.283605 0.0197843
-0.238629 0.0964395 0.120777
-0.204719 0.095806 -0.0307082
-0.134581 -0.371776 -0.0657337
-0.0408573 -0.476772 0.111052
0.183789 0.0960192 0.00640705
0.120874 -0.0559665 0.0260995
0.0346727 -0.470543 0.110549
0.0409141 -0.475966 0.111527
0.00988519 -0.132671 0.11261
-0.00441687 -0.124761 0.114876
-0.00344987 -0.141186 0.109633
-0.0279021 -0.120616 0.112818
-0.0261953 -0.129823 0.1107
-0.00848568 -0.133535 0.112148
-0.132007 -0.387972 -0.0696018
0.0188637 -0.131539 0.111982
0.0151573 -0.139975 0.109548
-0.0617793 0.227016 -0.0777769
-0.0349081 -0.116979 0.111606
0.00151396 -0.119109 0.116367
-0.012397 -0.1194 0.115616
0.0305392 -0.121641 0.112448
-0.10366 -0.380782 0.0337598
0.0336972 -0.113574 0.113238
0.0355178 -0.127756 0.109704
-0.0383571 -0.109319 0.111896
-0.0424472 -0.117483 0.109259
0.00862203 -0.117946 0.116376
-0.0323526 -0.10153 0.114367
-0.0432526 -0.0989822 0.111267
0.0417741 -0.11217 0.111134
0.0369071 -0.105433 0.113457
-0.217066 0.00789829 0.0570711
-0.208158 0.0854545 0.00771092
0.0223427 -0.0863859 0.116246
0.0400537 -0.0972247 0.113079
-0.0875225 -0.0602663 0.0762274
-0.0308436 -0.080893 0.112686
-0.0664805 -0.017511 0.0791075
0.0480848 -0.0959981 0.110436
0.0429811 -0.0890042 0.111522
0.225375 0.0800048 -0.000338333
0.139308 -0.400394 -0.0615354
0.0231248 -0.402162 -0.0629754
0.0191537 -0.0645045 0.111759
0.0262973 -0.0157562 0.0974039
0.0204858 -0.372551 -0.0574029
-0.0268927 -0.0632174 0.109609
0.0163063 -0.402126 -0.0489376
0.0231897 -0.0573464 0.109541
-0.0143795 -0.415891 -0.049719
-0.0302046 -0.405235 -0.0746595
-0.0335191 -0.131838 -0.162586
-0.240684 0.0727354 0.0123784
0.135979 -0.180949 0.0111107
0.013354 -0.0680945 0.113345
0.109309 -0.0675486 -0.0872049
-0.247874 0.0430449 0.111958
0.141109 -0.435382 -0.0564761
-0.241143 0.038869 0.110358
-0.227712 0.0386806 0.108621
0.0513889 0.212529 0.0541588
0.0500315 -0.0488984 0.0996236
0.187599 0.0462602 0.111492
0.0201922 -0.0197344 0.0999461
0.226015 0.0410746 0.110655
0.231753 0.0434842 0.114294
0.239231 0.0399422 0.111531
0.0828779 0.386832 -0.0643227
-0.219742 0.0430481 0.108584
0.0746565 0.200646 0.0584896
0.181497 0.052644 0.110511
-0.0980435 -0.33605 -0.0928874
-0.0766376 0.235611 -0.0552654
0.218725 0.0432046 0.108062
0.217436 0.0510881 0.11298
0.21199 0.0490843 0.107695
-0.01083 0.187026 -0.103616
0.0138878 -0.483503 -0.000560002
0.257515 0.0532561 0.113069
0.258527 0.0439812 0.105491
-0.137725 -0.186215 -0.00299882
0.0179129 0.108015 -0.101561
0.0556219 0.208489 0.0596957
-0.0814365 0.0989587 -0.0817723
0.187763 0.070002 0.106921
0.0287317 0.145328 -0.0991168
0.049857 0.0538667 -0.096481
-0.276727 0.0826638 0.107966
-0.0973829 -0.350525 -0.0931831
-0.208306 0.0837952 0.119618
0.131021 0.0917495 0.0105563
-0.0828069 0.194994 -0.00510104
0.275666 0.0845258 0.104842
0.128985 0.135977 -0.0546416
-0.118448 0.139215 -0.0560972
0.0821703 0.216811 0.00578955
0.263877 0.0906964 0.106698
0.149495 0.123145 -0.0592947
-0.257067 0.0939314 0.112182
-0.215639 0.0960251 0.114508
0.13382 -0.36389 0.00995987
0.22514 0.0958146 0.122116
-0.223533 0.097917 0.116177
-0.11998 -0.340643 -0.0809123
0.231983 0.0955606 0.117757
-0.00172674 -0.0360921 -0.137947
0.145323 -0.353847 -0.0180444
0.239203 0.0983834 0.115805
-0.11359 -0.340732 -0.0857707
0.0417836 0.0370303 -0.105147
-0.0224867 0.217128 0.109196
-0.0119936 0.226212 0.115168
-0.0296798 0.026188 -0.112736
0.0396805 -0.351091 -0.0816206
-0.100048 0.104831 -0.0815467
0.131218 0.0958542 -0.0816386
0.072034 0.247941 0.0261785
0.141477 -0.285626 -0.0166991
-0.154532 0.091811 0.0121369
0.0175016 0.225861 0.115151
0.0402087 0.229024 0.111652
0.0159381 0.153241 -0.102687
-0.042722 0.23201 0.110038
-0.0453472 0.223161 0.108529
-0.0365807 -0.364593 -0.0806877
-0.152257 0.125233 -0.0526224
0.0122629 0.231204 0.115734
0.124235 -0.207007 0.0213553
0.0224203 0.23287 0.114886
0.0332806 0.237434 0.111764
0.0477727 0.230501 0.109383
0.0280993 0.160961 -0.0995595
-0.0296574 0.240349 0.110489
0.135832 -0.24213 -0.00687965
-0.0135987 0.234491 0.114594
0.136804 -0.295331 -0.00174584
0.0146822 0.240442 0.112617
0.0967001 0.0925166 -0.0822402
0.0387048 0.244816 0.106468
0.0517867 0.235974 0.105312
0.0241742 0.24291 0.110688
0.0789761 0.097086 -0.0827202
-0.0447856 -0.490124 0.102128
0.0725665 0.0908567 -0.0832832
0.0726943 0.367493 -0.0841221
-0.0318796 -0.487303 0.104637
-0.0941727 -0.0110995 -0.0804162
0.0300565 -0.486316 0.103999
-0.0508103 0.0508213 -0.0953245
-0.0335942 -0.358011 -0.0779255
0.0384662 -0.491391 0.101524
-0.0882096 -0.472399 0.104432
0.135195 -0.121775 -0.0517442
-0.104905 -0.0367319 -0.076494
-0.0478637 -0.478096 0.10866
0.123913 -0.0838107 -0.0668598
-0.026855 -0.471246 0.107918
0.07559 0.244408 0.0196868
0.0555992 -0.478436 0.104761
0.137308 -0.191152 -0.0490546
0.0943938 -0.477333 0.103354
0.0551331 0.045317 -0.0954675
0.132214 -0.180215 -0.0629041
-0.051142 -0.470439 0.106947
-0.0234782 -0.463735 0.103071
0.0219808 -0.470903 0.100812
0.0573155 -0.469412 0.104003
0.0937571 -0.469717 0.102066
0.0194449 -0.396259 -0.0562496
0.033238 -0.462807 0.107429
-0.129782 -0.203023 -0.0585406
0.0639046 0.225016 -0.0779668
0.0641174 -0.466602 0.0987887
-0.133639 -0.179875 -0.0556297
0.0332399 -0.455722 0.100279
-0.129174 -0.257554 -0.061871
0.00195371 -0.148053 0.106862
-0.126648 -0.237609 -0.0627007
0.0106313 -0.147712 0.106684
0.00631221 -0.153522 0.104119
-0.0233687 -0.13864 0.108245
-0.0374704 -0.143056 0.103045
-0.130739 -0.384263 0.0145519
0.0209633 -0.14822 0.10534
0.0311982 -0.144302 0.104919
0.137006 0.136383 -0.0376411
0.130032 -0.253251 -0.0629843
0.0397944 -0.132609 0.106806
0.0465118 -0.132939 0.104621
0.0405946 -0.140289 0.103733
-0.0474575 -0.125747 0.105478
-0.0493055 -0.134159 0.101934
0.0498882 -0.140102 0.100605
-0.0497927 -0.116944 0.106503
-0.138767 -0.267288 -0.0205359
0.0464002 -0.11879 0.108474
-0.0554638 -0.111377 0.105028
-0.0559975 -0.120506 0.103
0.0497248 -0.110853 0.108588
-0.0532199 -0.102019 0.106808
0.0574757 -0.109511 0.105383
0.0529103 -0.102791 0.10826
-0.05166 -0.0922865 0.107839
-0.0672471 -0.0977082 0.0999475
0.0557645 -0.0947337 0.107223
-0.0507002 -0.0831365 0.106684
0.0713452 0.244145 -0.0696955
0.0578243 -0.0869226 0.105198
-0.0436532 -0.0789472 0.10844
-0.0578621 -0.0867498 0.104202
0.0677358 0.219532 -0.0730556
0.122479 -0.215905 0.0204692
-0.0833216 0.325995 -0.0215898
0.038704 -0.0447824 0.102816
0.110612 -0.338726 -0.0883441
-0.136389 -0.289614 -0.0543249
-0.0238574 -0.04525 0.10613
-0.0533929 0.0324693 -0.0986573
-0.011992 -0.402737 -0.0134155
-0.0366399 -0.0439617 0.102353
-0.0555359 0.023943 -0.101107
-0.0838083 0.234791 -0.01709
0.0131155 -0.0254681 0.102426
-0.24024 0.0332888 0.1032
-0.230648 0.0329635 0.10256
0.224613 0.0366361 0.105204
0.238429 0.0343418 0.105214
-0.253233 0.0419466 0.10786
-0.0417104 -0.323364 -0.0847445
0.0208495 -0.339524 -0.0579456
0.0882532 -0.0307158 -0.0992037
-0.0142756 -0.299754 -0.0455034
-0.213275 0.0490026 0.108368
-0.0732909 -0.184217 0.0649379
0.137522 -0.229175 -0.0135991
-0.198073 0.0469055 0.104455
-0.0169732 -0.312431 -0.0537043
-0.18282 0.0496808 0.112043
0.193215 0.047554 0.105521
0.0101589 0.348644 -0.119845
-0.11779 -0.302236 -0.0808035
-0.260649 0.0535036 0.110741
-0.265638 0.0529516 0.103503
0.0857912 0.205612 -0.0100222
0.138749 -0.225301 -0.020766
0.265073 0.052062 0.104398
-0.0202339 -0.337295 -4.65875e-05
0.143247 -0.354525 -0.0503696
-0.275892 0.0749087 0.102445
0.0206521 -0.391013 0.00266641
-0.014196 -0.353699 -0.0164536
-0.19268 0.0734785 0.105192
-0.138032 -0.377371 -0.0601391
0.269542 0.0600934 0.102037
0.0713826 0.376998 0.00995316
-0.108817 -0.322031 -0.0879662
-0.0857521 -0.0252699 -0.0972139
0.0371812 -0.294171 -0.0790099
-0.0782034 -0.0034228 -0.0959036
0.0760682 0.295035 0.0141594
-0.0474864 0.00612018 -0.11383
-0.253305 0.097433 0.103686
-0.224713 0.0235154 0.0868815
-0.245075 0.0996853 0.116717
-0.0126014 -0.410096 -0.0438289
-0.226012 0.0994514 0.101233
0.124177 -0.336995 0.017995
-0.0697927 0.260556 0.0243218
0.239187 0.100747 0.102356
-0.0177891 0.220966 0.112782
-0.00759576 0.213985 0.103854
0.0077541 0.218188 0.110908
-0.0430957 -0.000266682 -0.118583
-0.11194 -0.291468 0.0238076
0.135147 -0.354991 0.00706806
0.127046 -0.0797129 0.0240857
-0.0394756 0.217218 0.105918
0.0370305 0.220049 0.109655
0.0538503 0.227133 0.105827
-0.0463502 -0.321935 0.0266974
0.0758047 -0.181947 -0.1349
0.0594425 0.232966 0.100947
-0.047105 0.238677 0.105362
-0.138272 -0.419846 -0.0595832
-0.0343848 0.247133 0.105539
-0.0535243 -0.303353 -0.0904997
-0.0929354 -0.0614743 -0.10321
-0.0155201 0.242058 0.11142
-0.133809 -0.296328 0.000341621
0.0312286 0.245703 0.108101
0.0472619 0.243842 0.103074
0.0338927 0.251834 0.103993
0.115934 -0.280274 -0.0814566
0.069016 0.252877 0.032459
-0.0183516 0.248753 0.107983
-0.0180843 -0.332354 -0.00441035
-0.114965 -0.0727238 0.0439929
0.0173449 0.249116 0.108315
-0.0415932 -0.493831 0.096719
-0.0869606 -0.0469303 -0.104263
0.0983948 -0.0763759 -0.107996
0.0192095 0.333531 -0.115997
-0.0731809 -0.481998 0.101962
-0.0748851 -0.488947 0.0973897
0.083379 -0.488684 0.0998428
0.0806347 -0.481334 0.104424
0.0750435 -0.486137 0.0991796
-0.1379 -0.199326 -0.0146191
0.0895421 -0.483351 0.103452
0.0831766 0.236177 -0.0436172
-0.0634285 -0.0344467 0.08696
-0.0728847 -0.472386 0.103139
-0.0502402 -0.485141 0.103818
-0.0505233 -0.490863 0.0958408
0.0446429 -0.015616 0.0918144
0.0524067 -0.486483 0.102519
0.038897 -0.0369988 0.100363
-0.0368824 -0.0370827 0.100244
-0.0501365 -0.0396541 0.0958493
-0.13777 -0.352007 -0.00104314
0.0192095 -0.476626 0.0957969
0.0724893 -0.478311 0.102206
-0.0952063 -0.472776 0.10051
-0.00898293 -0.047177 0.108771
0.0803334 0.199081 -0.0507381
-0.0742839 -0.463712 0.099064
0.00446877 -0.0467677 0.108953
0.017634 -0.473997 0.0861949
-0.139885 -0.187454 -0.0246357
0.0774044 -0.465559 0.1013
-0.073027 0.187551 -0.0612173
0.058434 -0.0790344 0.103046
0.188413 0.0140197 0.0390257
-0.100437 -0.0745198 -0.100834
-0.124665 -0.283623 -0.0719392
-0.102666 -0.082334 -0.103969
0.00918675 0.108745 -0.102957
0.0511713 -0.0749034 0.105354
-0.0302007 -0.457722 0.102755
-0.0492841 -0.493634 -0.0396357
0.033774 -0.451279 0.0916852
-0.0173413 0.111069 -0.101349
0.0136396 0.200962 -0.103722
-0.00820804 0.110346 -0.102712
0.120739 -0.205849 -0.074481
0.0490311 -0.451739 0.0928903
-0.00300518 -0.162722 0.0990093
-0.0174733 -0.158721 0.100079
-0.00550983 -0.169754 0.0941768
0.0789973 0.0240089 0.0518518
0.0813837 0.0136566 0.0530166
-0.0312592 -0.158446 0.0971327
0.0135035 -0.155236 0.102814
-0.140472 0.130827 -0.0541965
-0.0465306 -0.142433 0.0999964
-0.0408414 -0.148598 0.0992014
-0.105695 -0.0801962 -0.0962481
-0.0555615 -0.129476 0.100669
-0.053744 -0.146281 0.0949208
-0.0170191 0.336539 0.0567971
0.0583981 -0.139216 0.0967701
-0.0629241 -0.124586 0.098381
-0.0363913 0.227888 0.067741
0.0650498 -0.108137 0.101747
0.069226 -0.114705 0.0982104
-0.141202 0.093299 -0.0810098
-0.0651206 -0.0890044 0.100892
0.0869012 0.171988 -0.0180377
-0.0473889 -0.496138 -0.0491244
-0.0744076 -0.0998669 0.0953776
0.0681089 -0.100048 0.100861
-0.121087 -0.143089 -0.0885279
-0.158488 0.121717 -0.0525765
0.118257 -0.112565 -0.0942343
-0.0493988 -0.0481424 0.0986861
-0.268158 0.0482868 0.0482073
-0.0304743 -0.0242956 0.0984621
-0.0230239 -0.0274505 0.101182
-0.187963 0.104665 -0.0467149
0.110428 -0.0436452 -0.0744626
0.000594972 0.109538 -0.103229
-0.0982969 -0.129672 0.0678113
-0.0313886 0.11871 -0.0969399
0.192901 0.0158164 -0.0442938
-0.0590466 0.183042 -0.0791108
0.0177403 -0.121243 -0.159209
-0.0320224 0.00122698 0.0898064
-0.108255 -0.0501879 -0.0777932
-0.0231828 -0.000981041 0.0930184
-0.242847 0.0295624 0.0965253
-0.241171 0.0253181 0.0904564
-0.235408 0.0282282 0.0964606
-0.248437 0.0331172 0.0994768
-0.255098 0.0341136 0.094594
-0.0338447 0.0014095 -0.121382
0.0278516 0.0339126 0.0796057
-0.225055 0.0285593 0.0944448
-0.103507 -0.0511521 -0.0858432
0.238071 0.0296812 0.0980859
0.245278 0.0327793 0.101057
0.251461 0.0333558 0.0972173
-0.214903 0.0335236 0.093846
0.111584 -0.0942364 -0.101103
-0.0484842 -0.446831 0.0786799
0.0546693 -0.493209 -0.0366221
0.211578 0.0434305 0.101645
-0.194028 0.0498485 0.097536
0.0392793 0.203675 0.0871622
0.00502995 0.332019 0.0889758
0.191487 0.0510129 0.098492
0.191043 0.0674743 0.0913274
-0.269691 0.0603948 0.100889
0.10114 -0.495351 -0.0561236
0.064167 -0.081061 -0.141681
-0.184051 0.0622223 0.102075
0.0130987 0.382708 -0.126256
0.107613 -0.0844301 -0.100376
0.271986 0.0620379 0.0934417
-0.135417 0.0306528 -0.0436859
0.276256 0.0770388 0.101888
-0.198792 0.0774239 0.103254
0.141034 -0.191163 -0.0124771
-0.209669 0.0903935 0.112844
-0.106333 -0.00342161 -0.0499092
0.268001 0.0885476 0.0928661
-0.0686656 -0.0325579 -0.114791
0.258047 0.0939531 0.105554
0.253399 0.097384 0.101225
-0.222483 0.0994559 0.0916718
-0.236009 0.0998727 0.102531
0.0293688 -0.0380693 -0.135202
0.223779 0.0989965 0.104799
0.0355359 -0.0206955 -0.128707
0.107104 0.00345582 -0.046199
0.246859 0.100382 0.105567
0.222737 0.0990275 0.0960184
-0.0155365 0.180822 0.100374
-0.0158972 0.17483 0.0948066
0.00606472 0.175393 0.0959868
0.248912 0.0437045 0.112268
-0.136297 -0.324841 -0.000982903
-0.0013509 0.495742 -0.0724713
-0.0214835 -0.0120108 -0.129326
-0.0228409 0.185676 0.101752
-0.188911 0.042123 0.121778
0.0125969 0.181686 0.101415
-0.27784 0.080194 0.122556
0.0300582 0.188595 0.101124
-0.142185 -0.435693 -0.049719
-0.109419 -0.0953409 -0.103757
-0.00182414 0.363621 -0.123108
-0.0142713 0.189007 0.10393
-0.000116946 0.187711 0.103895
0.0266928 -0.342756 0.00743925
0.0132714 0.18955 0.103618
0.00904925 -0.00311266 -0.128418
-0.0237366 -0.297115 0.006164
0.00213852 0.017856 -0.120816
-0.0214979 0.194871 0.101553
0.0293371 -0.363174 -0.0713708
-0.268131 0.07764 0.132808
-0.00514165 0.3983 -0.12991
0.00972111 0.19489 0.102576
-0.10183 -0.150922 -0.131176
-0.0157522 0.0209288 -0.118186
0.0881546 0.000171572 -0.0855304
-0.00603408 0.00319101 -0.126098
-0.0421875 0.213635 0.0991512
-0.0154763 0.213347 0.100713
-0.0150678 -0.0262982 -0.13422
0.00281588 0.213826 0.103825
-0.117725 -0.128087 -0.0987284
0.0124203 0.213993 0.103696
-0.053749 0.364697 0.0492759
-0.0428941 -0.488934 -0.00758376
0.0466428 0.371875 0.0509279
-0.0586571 0.2285 0.101054
-0.0513399 0.230395 0.106784
0.0217859 -0.308279 -0.000386066
-0.091572 -0.189368 -0.110864
-0.0550848 0.237143 0.101318
0.0628611 0.238198 0.093275
0.138952 -0.135901 -0.0471411
-0.0960414 -0.191671 -0.103578
0.00662027 -0.176086 -0.140024
-0.0347324 0.260705 0.0989093
-0.0737839 0.0196561 -0.0879495
0.0369922 0.259391 0.0996049
0.0283841 0.258671 0.102547
-0.0303748 0.25446 0.10287
-0.0264907 0.262157 0.100704
-0.0221831 0.255409 0.104689
-0.0137377 0.255356 0.105603
0.0470192 -0.0377525 -0.129364
-0.000507391 0.261379 0.103725
0.0113888 0.255564 0.105932
0.0198136 0.257363 0.104583
0.0224176 0.265118 0.100668
0.0260774 -0.484783 0.0555264
-0.00345468 0.268477 0.0998259
0.0174832 0.270132 0.0982009
-0.0246029 -0.487856 0.0434633
-0.00476531 0.318732 0.0987991
0.0373557 0.374648 -0.117004
0.082559 0.00107245 -0.0916301
-0.0273583 0.378889 -0.121212
0.0914638 -0.194664 -0.106449
-0.0890054 -0.19654 -0.106221
-0.0273049 0.330978 -0.112458
-0.0825585 -0.199678 -0.108426
0.123784 0.0880513 -0.0822952
0.0835228 0.00860809 -0.0859295
0.0858348 -0.492764 0.0939731
0.138702 -0.252732 -0.0422468
-0.0195138 -0.480289 0.0976106
0.0197713 -0.481958 0.0897872
0.126183 -0.317907 -0.0759646
0.139386 -0.276631 -0.0478989
0.11148 -0.0120573 -0.0496626
0.0308932 -0.00529931 -0.125565
0.127946 -0.300583 -0.0725799
-0.0692754 0.0160658 -0.0943389
0.027058 -0.48898 0.0388436
0.108537 -0.479536 0.088736
0.032612 0.00274205 -0.12198
0.0188542 -0.465424 0.0866804
0.115713 -0.448575 0.0423728
0.065269 0.0531627 -0.0854653
0.0664634 0.0387742 -0.0880421
-0.127147 -0.459108 0.0392149
0.0339062 -0.432613 0.0389123
-0.0522519 -0.462499 0.102564
0.022054 -0.460189 0.0911205
0.104921 -0.148886 -0.128173
0.026756 0.327495 -0.112635
-0.037006 -0.454618 0.101634
0.0084805 -0.172789 0.0920996
-0.0138632 -0.171045 0.0923966
0.0150002 -0.162688 0.0984325
0.0647595 0.0685596 -0.0840124
-0.0394351 -0.155477 0.0960938
0.0272124 -0.218708 0.0481531
0.0293525 0.359921 -0.11762
-0.0275895 -0.165622 0.0936145
0.0228787 -0.165041 0.0956936
0.0358589 -0.157631 0.0967125
0.0452854 -0.146599 0.0996122
0.0424248 -0.162322 0.0917843
-0.0167921 -0.372121 -0.0528807
0.0531112 -0.148482 0.0951903
0.0676601 -0.23399 0.0436174
-0.0586967 -0.149484 0.0907682
-0.0618248 -0.142242 0.0925592
-0.14187 -0.169708 -0.0219454
0.0667565 -0.137206 0.0930076
0.0701198 -0.128985 0.094024
0.0743012 -0.134695 0.089198
-0.06988 -0.120294 0.0951111
0.0762908 -0.113192 0.0940622
-0.0724804 -0.0909909 0.0965198
-0.0796135 -0.0936295 0.0917151
0.0752895 -0.0990348 0.0964924
0.0710036 -0.091647 0.0989496
0.0127933 -0.204814 -0.10171
-0.0632139 -0.0423543 0.0897539
-0.0685704 -0.0642053 0.0924135
0.0654693 -0.0754848 0.0986656
0.0794606 -0.0748199 0.0892726
0.0631134 -0.047624 0.0926013
-0.066947 0.0785309 -0.0822278
-0.0161675 0.29508 -0.110337
0.00398822 0.0372597 -0.113827
-0.0930783 -0.201418 0.0480972
-0.0132143 0.0296985 -0.115306
0.0218363 -0.00255296 0.0943463
0.0383423 0.000977747 0.088506
-0.0955751 -0.193591 0.0500016
0.205253 0.0388933 0.0878706
0.217585 0.0371278 0.100529
-0.0508885 0.28924 0.0465644
0.217124 0.0317727 0.0936131
0.223577 0.0271918 0.0916854
0.0331883 0.353005 -0.11484
-0.029699 0.0105926 -0.119051
0.114092 -0.0134055 -0.0411892
0.108649 0.084985 -0.0810488
-0.0391151 0.00851447 -0.116587
-0.105942 -0.199161 0.0403259
-0.137158 -0.11704 -0.0216101
0.0169116 -0.41966 -0.0514907
-0.272004 0.0681569 0.0975489
-0.0524583 0.0109772 -0.108949
-0.119183 -0.139595 0.0412007
0.269424 0.0535353 0.0955601
0.185909 0.0571455 0.0989926
0.14324 -0.392129 -0.00213006
0.112179 -0.117271 0.0569102
-0.272391 0.0684439 0.0889001
0.0131526 -0.00489334 0.0963516
0.144605 -0.422107 -0.0499044
0.271595 0.0560156 0.0870001
0.120402 -0.123786 0.0437683
-0.0874736 -0.0756332 -0.118873
-0.194037 0.0755813 0.0974298
0.200095 0.0805006 0.0937921
0.048812 -0.198976 -0.12288
0.140996 -0.407357 -0.0584077
-0.207189 0.0875228 0.0959627
0.121581 -0.107845 0.0434039
-0.028781 0.291429 -0.10617
0.216147 0.0954145 0.0918708
0.210313 0.0893643 0.0863523
0.209937 0.091549 0.105399
-0.013542 0.277019 -0.108737
-0.117355 -0.0830883 -0.0759897
0.118988 -0.493403 -0.0464831
-0.0560332 -0.0623038 0.0990182
-0.245383 0.100609 0.0985909
-0.153283 0.0756411 -0.0800997
0.229088 0.100227 0.0906483
-0.000592317 0.227009 -0.105654
0.246218 0.100757 0.097027
-0.00859363 0.172453 0.0927314
0.0307826 0.493526 -0.0365857
-0.120982 -0.102706 0.0405078
0.00863431 0.169229 0.089042
0.0167655 0.166838 -0.102716
-0.126736 0.07724 -0.0810717
-0.038895 0.180112 0.0938464
-0.0467112 0.178415 0.087596
-0.0232006 0.178193 0.096997
0.0799317 -0.213305 -0.09944
-0.0416687 0.379428 -0.114501
-0.0830825 0.37851 -0.0512178
0.0861446 0.377175 -0.0420804
0.0873584 0.0742573 -0.0793446
0.0859469 0.333164 -0.0390594
-0.0462464 0.186535 0.0936683
0.136322 -0.474121 -0.0516696
-0.0791359 0.222094 -0.0484516
0.0980423 -0.436503 -0.090661
0.102516 -0.0115241 0.0384384
-0.0434315 0.195346 0.0958003
-0.0358348 0.195739 0.0980353
0.198338 0.0102884 0.0462969
0.0386284 0.220231 0.0787534
-0.0723003 0.192403 0.0512117
-0.0369902 0.202261 0.092196
0.209759 0.00108265 0.0383749
0.0458302 0.195001 0.0951849
0.0411057 0.200554 0.0932436
0.0848589 0.229956 -0.0361715
-0.0418686 -0.0614967 0.104959
0.0110883 0.161194 -0.103464
-0.0508578 0.214386 0.0970252
0.00226927 0.157357 -0.104032
-0.00962287 0.134732 -0.10291
-0.0439127 0.212659 0.0914097
-0.0203867 0.213544 0.0946147
-0.00315443 0.117652 -0.103276
0.00754378 0.213434 0.0956438
0.00337169 0.216328 0.0882736
0.0336431 0.367752 -0.117263
0.0377211 0.213631 0.0935752
0.049242 0.213545 0.0935288
-0.000796315 0.132929 -0.103642
-0.0170025 0.0634419 -0.106563
0.0574314 0.216973 0.0963404
-0.0262233 -0.208565 -0.104563
0.0638082 0.220145 0.0930071
0.0316004 0.0383572 -0.108671
-0.0769748 -0.204384 -0.10732
-0.0341896 0.0626174 -0.10151
-0.00514033 -0.47208 0.00966441
0.0590396 0.247897 0.0901922
0.0554536 0.241744 0.0985017
0.0570163 0.137392 0.0462544
-0.0531116 0.250016 0.093285
0.0506086 0.250232 0.0962875
-0.0421286 0.259153 0.0961373
0.045764 0.259159 0.0953184
0.0395804 0.267201 0.0938866
-0.0313915 0.26829 0.0955279
-0.0407731 0.0307031 -0.10667
0.0126219 -0.401041 -0.0274064
0.0322854 0.273531 0.0914317
-0.119537 0.142335 -0.0479936
-0.0157111 0.275861 0.0916191
-0.147178 0.129209 -0.0493749
0.00246955 0.273617 0.0957017
0.0876179 -0.00359992 0.0560971
0.0477321 0.133982 0.053526
0.11568 -0.0318955 0.0226004
0.0330606 0.278009 0.08337
-0.0022356 0.299596 0.0922181
-0.0354394 0.0183463 -0.113894
-0.049459 -0.0564413 -0.13267
-0.132017 0.0996556 -0.0811206
-0.0522592 0.135194 0.0483461
0.0829829 -0.111532 0.0895716
0.0160629 0.317432 0.0926254
-0.0844551 0.0824777 -0.0807002
-0.140926 -0.299451 -0.0417404
0.0108243 0.321044 0.096341
0.019661 0.318272 0.0865876
-0.0131818 0.325954 0.0869594
0.00184176 0.325932 0.0966172
0.0525251 0.0204103 -0.106188
0.0321274 -0.493707 0.085243
0.0397106 -0.495326 0.0922122
0.0491202 -0.49395 0.088893
0.0600512 0.0207542 -0.101113
-0.0647346 0.244593 0.0824826
-0.179465 0.0186314 0.0320682
-0.0238273 -0.490024 0.08722
-0.0255511 -0.490155 0.0798502
-0.0187075 -0.483278 0.0899798
0.0243873 -0.488454 0.0879429
0.151354 0.0826078 -0.0802238
-0.0472097 0.147615 0.0520369
0.0572899 -0.490417 0.0862147
0.261564 0.0259119 0.043713
-0.0406202 0.126588 0.0566807
-0.104111 -0.480411 0.0907969
-0.0407169 0.13547 0.0561001
-0.106131 -0.486376 0.085269
-0.121349 0.0845878 -0.0819557
0.0744868 -0.492774 0.0856295
-0.180732 0.0324927 0.0422702
-0.106177 -0.473374 0.0879156
-0.0720576 0.0963631 -0.0819912
0.0862401 0.0383813 0.0428069
-0.101311 -0.466783 0.0881495
-0.0162056 -0.467811 0.0854127
0.139509 -0.172643 -0.048631
0.0416453 0.296636 -0.101909
-0.0414427 0.298848 -0.101072
-0.103691 0.0841778 -0.080476
-0.0763889 -0.457956 0.0918579
0.137178 -0.220975 -0.0421159
-0.0593761 -0.462459 0.0962595
-0.0910239 0.10125 -0.0817103
-0.0210333 0.217517 -0.102208
0.26622 0.0479611 0.0397616
0.0696629 -0.45716 0.0873733
-0.267089 0.064564 0.0547486
0.0752298 -0.454365 0.082895
-0.0650971 0.111497 -0.081616
-0.113269 -0.0134515 -0.032704
0.0216843 0.115735 -0.100765
0.0606462 0.186563 -0.0800765
-0.0273319 -0.452823 0.0880315
-0.00447196 0.171995 -0.104058
-0.019132 -0.408643 0.00687351
-0.0311134 -0.449334 0.0803369
-0.0783908 0.219111 0.0101051
0.0877776 0.0944777 -0.0825308
0.0531007 -0.450714 0.0861812
0.0431167 -0.448713 0.0867326
0.0613058 -0.454457 0.0860714
0.0335422 -0.44987 0.0822055
0.0404766 -0.445938 0.0767265
0.0137025 -0.183699 0.0825641
0.262227 0.0631034 0.0389773
-0.0307254 -0.172161 0.0880759
-0.0222049 -0.171843 0.0904709
-0.114413 0.103711 -0.0816583
-0.19823 0.0734662 0.0393979
-0.0105044 -0.183462 0.0830752
0.142363 -0.30943 -0.0467822
-0.012816 -0.295396 -0.0382128
-0.0675911 -0.136191 0.0915984
-0.0697451 -0.142175 0.0874402
-0.0173512 -0.1326 0.111461
0.08012 -0.131929 0.0860687
-0.107848 0.100041 -0.0819997
-0.0809115 -0.135256 0.082118
-0.081824 -0.110805 0.0887101
-0.0809469 -0.102326 0.0903555
-0.0878764 -0.11373 0.0832038
0.0801467 -0.1194 0.0900272
0.079011 -0.105478 0.0933219
-0.0861043 -0.0964116 0.0865321
0.0852503 -0.103498 0.0887217
0.0952949 -0.107812 0.0794066
-0.0940116 0.0838784 -0.0805669
0.0866612 -0.0940593 0.0878849
0.0940009 -0.0936764 0.0813571
-0.0275821 0.180105 -0.0992106
0.0869702 -0.076879 0.0840092
-0.0743398 0.107002 -0.081169
-0.0746604 -0.0620995 0.0875752
-0.0126719 -0.337372 -0.0320505
0.0789786 -0.0588055 0.0851794
0.0697492 -0.0433379 0.0871982
0.055429 -0.0327156 0.0922678
-0.0447789 -0.00172652 0.0861518
-0.0512249 -0.0231278 0.0901694
0.0452011 -0.00509375 0.0882061
0.0148638 0.136759 -0.10257
-0.225345 0.0851071 0.0419265
-0.0218038 0.102911 -0.100473
-0.0786512 0.0879755 0.0465565
0.147323 -0.421672 -0.0416608
0.00141916 0.0125058 0.0903434
0.0263309 0.0132954 0.0868914
-0.0135618 -0.33366 -0.0409772
0.14368 -0.34027 -0.0473279
0.0166013 0.0132439 0.0889023
0.224444 0.0179434 0.0783773
0.232645 0.0199929 0.0830089
-0.143075 -0.369526 -0.0468892
-0.260994 0.0364983 0.0888221
-0.0420982 0.0618091 -0.097935
0.0524887 -0.218124 -0.10028
-0.099131 0.0938637 -0.0818301
-0.040854 -0.0512804 0.102845
0.144573 -0.40729 -0.0507369
0.259047 0.0314929 0.0827554
0.255421 0.0773659 0.0458122
-0.012732 -0.346093 -0.0311622
0.145546 -0.340745 -0.0386905
-0.0446862 0.0144311 -0.11169
0.143713 -0.375646 -0.0510233
-0.191989 0.0558057 0.0916923
-0.27217 0.0681509 0.0807263
-0.124775 -0.0537897 -0.027797
0.0140108 -0.405794 -0.0415697
0.272616 0.0651767 0.0842299
-0.064415 0.120221 -0.0802921
0.197249 0.0740111 0.0863007
-0.191905 0.0699157 0.0914497
-0.197555 0.0763204 0.0895175
0.0349275 -0.219503 -0.0958878
0.27203 0.0740494 0.0863792
-0.0689324 0.110313 0.0398382
0.0621854 0.338472 -0.0924219
0.271716 0.0818818 0.0889203
0.0778012 0.09841 0.0481454
-0.0541679 0.263628 -0.0877887
0.0244074 0.137345 -0.100423
-0.0312227 0.142719 -0.097346
-0.0394916 -0.21753 -0.099291
-0.254463 0.0963764 0.0875637
-0.123135 0.0933865 -0.082517
-0.0462071 -0.158965 0.0915736
0.213956 0.0904978 0.0767485
-0.217002 0.094646 0.0844824
-0.231428 0.100384 0.0871114
-0.20997 0.0891711 0.0863628
-0.0384853 0.202133 -0.0948724
-0.0293585 0.168977 0.0862285
-0.0227187 0.172178 0.0909863
-0.0381987 0.172837 0.0870394
0.0871408 -0.169622 -0.13738
-0.01529 0.169299 0.0887264
0.0431664 0.170334 0.081942
0.0348227 0.171541 0.0872439
0.0851395 0.103449 -0.0822829
0.043842 0.178196 0.089661
-0.143392 -0.409552 -0.0489648
0.137391 -0.479168 -0.0442965
-0.0322163 0.160632 -0.0971301
-0.0693756 -0.215843 -0.101017
-0.0110139 -0.480885 -0.0133372
-0.0530369 0.199215 0.0865279
0.0722602 0.110382 -0.0817645
0.0425236 0.163377 -0.0931872
-0.0770374 -0.21102 -0.101494
-0.0766802 -0.219004 -0.096924
0.0329527 0.137289 -0.0974813
-0.0267884 0.203502 0.0895413
0.0746543 -0.220177 -0.0974586
0.0451642 0.389339 -0.115596
0.068275 0.0213693 -0.0944554
0.00960851 0.202923 0.0924858
0.0340296 0.202249 0.0934154
-0.0838842 0.390444 -0.0430462
-0.118107 0.109745 -0.0799534
0.0718131 0.0129721 -0.095583
-0.0809488 -0.0174721 -0.0989091
0.26792 0.0472941 0.0484829
0.0677342 0.158276 -0.0720017
0.00825867 0.219973 0.0826519
-0.0830823 -0.00388378 -0.0911669
-0.0806849 0.199009 -0.0431814
-0.0576769 0.106991 -0.0838327
0.0960545 -0.271148 -0.0905517
-0.0195914 -0.30239 -0.000574053
0.0888077 -0.286804 -0.093403
0.0810897 0.111398 -0.0812406
0.10622 0.149942 -0.0414197
-0.0658928 0.233301 0.0901321
-0.133131 -0.0914094 -0.00805872
0.0496847 -0.225212 -0.0959069
0.0654229 0.242055 0.0852225
-0.0429869 -0.0423506 0.0996122
-0.00196844 -0.0603789 0.112071
-0.0491714 0.257639 0.0921651
-0.0561031 0.255667 0.0875037
0.0540722 0.257402 0.0900635
-0.0446834 0.264878 0.0907205
-0.0802542 -0.270669 -0.0929047
-0.053047 0.151696 0.047449
-0.00859899 0.280436 0.0858366
-0.0263045 0.281831 0.0790463
0.0239252 0.278138 0.0869502
-0.119199 0.144243 -0.0398603
-0.0589276 0.155218 0.0419521
-0.0699176 -0.286866 -0.0938389
-0.0991855 -0.159538 -0.130499
-0.012946 0.315857 0.0933701
0.151541 0.129102 -0.0368748
-0.0550636 -0.221876 -0.0984697
0.0621419 0.152145 0.0408654
-0.0991804 -0.489856 0.0808198
-0.0523733 -0.49227 0.0874054
-0.147851 0.0891231 -0.080571
0.100614 -0.15545 -0.131677
-0.0770602 0.0432444 0.0527739
-0.0616772 -0.219558 -0.0997674
-0.0743837 0.236643 0.0480006
0.0986334 -0.490166 0.0843501
-0.114578 -0.486812 0.0829303
0.0621009 0.158063 -0.078123
-0.0656826 -0.489852 0.0862103
0.0810531 -0.494796 -0.0106759
0.0557055 0.159539 -0.0840418
-0.181123 0.112591 -0.0331892
0.0927814 -0.371668 -0.0945424
0.110555 -0.485082 0.0846312
0.0823502 0.054303 0.0572669
0.203289 0.0914593 -0.0450658
0.122193 -0.037243 -0.0341819
-0.112204 -0.472633 0.0848485
0.154511 0.0745318 -0.0797817
0.115461 -0.479745 0.0858381
-0.0579206 0.210447 -0.0809407
0.0671738 -0.222372 -0.097599
-0.0521239 0.140752 -0.0848713
0.0910055 -0.358323 -0.0949222
0.142516 0.0839199 -0.0815253
-0.0936296 -0.45769 0.0730598
0.129759 -0.496645 -0.0115214
-0.0845181 -0.454808 0.081138
-0.0517361 0.214181 -0.086611
-0.069882 -0.456398 0.0857454
-0.0781778 -0.454507 0.0839439
-0.0536553 -0.326063 -0.0911538
0.0813256 0.0340848 0.0503094
-0.0217595 -0.457547 0.0715375
-0.0663866 -0.350804 -0.0947426
0.0265467 -0.45407 0.0777711
-0.0753256 0.284178 0.0119318
-0.062147 0.301102 0.043779
0.0548412 0.206976 -0.0857489
0.0954581 -0.457112 0.0729723
-0.0273784 -0.45096 0.0723434
-0.112621 -0.498398 0.0316195
0.0587338 -0.449313 0.0789337
-0.0690379 -0.372945 -0.0950959
-0.0701778 0.160831 -0.0661239
-0.0135279 -0.190048 0.0759776
-0.00160473 -0.181794 0.0849834
0.00514246 -0.186314 0.0807403
0.112192 -0.49625 -0.00907556
0.0203313 -0.187683 0.0775901
0.0496829 -0.174362 0.080288
0.0399369 -0.179366 0.0800729
0.0994172 -0.368149 -0.0930925
-0.0556111 -0.175064 0.076613
-0.039277 -0.172884 0.0845036
0.117083 -0.0261306 -0.0443283
0.0568232 -0.167508 0.0820533
0.0554134 -0.180082 0.0742882
-0.0533769 -0.161008 0.0868488
0.127775 -0.0573426 -0.0284284
-0.135995 0.0277321 -0.0359069
0.117466 -0.0900783 -0.0840133
-0.0663042 -0.156162 0.0823272
0.0558029 -0.161421 0.0864087
0.121586 -0.311768 -0.0799426
0.0767776 -0.3116 -0.0953996
0.054469 0.216728 -0.0863185
-0.0302855 -0.490202 0.0471262
0.0760432 -0.185319 0.0643272
-0.0822159 -0.350218 -0.0958254
-0.0864631 -0.145064 0.0733261
-0.0895949 -0.138928 0.0729927
0.085559 -0.132483 0.0813714
0.0835644 -0.125579 0.0856327
0.0867496 -0.117751 0.0851388
-0.135025 -0.195295 -0.0479138
-0.090785 -0.0906766 0.0820458
-0.0921032 -0.0991432 0.0810321
0.108194 -0.143871 -0.124138
0.0618423 0.249921 -0.0813566
0.0148184 -0.479586 0.0364244
0.0891908 -0.0472505 0.0725228
-0.135939 -0.238364 -0.0398577
-0.0873205 -0.363486 -0.0952844
-0.0899387 -0.335886 -0.0948715
-0.089823 -0.350039 -0.094905
0.0597906 -0.0146276 0.0839428
-0.265127 0.0468016 0.0983683
0.0812648 0.0882601 -0.0824781
-0.050212 0.00928259 0.0785569
0.0339564 0.0140429 0.0844711
-0.0587852 0.256622 -0.0830322
0.074694 -0.354759 -0.0955926
-0.0458171 -0.391435 -0.0868295
-0.0438738 0.00588102 0.0832454
-0.0201697 0.013643 0.0876615
-0.0276454 0.0248613 0.0811088
-0.00584669 0.0106094 0.0908552
0.127262 -0.0530184 -0.00726899
-0.239046 0.020165 0.0819496
-0.228806 0.0194735 0.0814995
-0.220302 0.0209834 0.08119
-0.125709 -0.453181 0.0333383
-0.0028646 0.0292935 0.0832995
0.252105 0.0262781 0.0835438
0.126513 -0.0490747 -0.0132275
-0.0758905 -0.319877 -0.0956391
0.0729505 0.14392 -0.0719555
0.0584475 0.263537 -0.0859709
0.205205 0.032807 0.0814124
0.0764837 -0.327666 -0.0958442
0.0384996 -0.427131 0.0347219
0.142711 -0.302218 -0.0429729
-0.0128816 -0.304438 -0.0382241
0.0650703 0.134075 -0.0790073
-0.265022 0.0389993 0.0831986
0.0679171 0.296565 -0.0795155
0.0462885 0.169488 -0.0910937
0.268338 0.0439376 0.0800068
-0.268741 0.0448336 0.0799814
-0.260959 0.0403727 0.0967486
-0.144368 -0.364653 -0.040486
-0.14328 -0.32819 -0.0356303
0.146952 -0.365578 -0.029939
-0.0405577 0.158959 -0.0928994
-0.0654243 0.278484 -0.0775945
-0.192925 0.0627575 0.0872587
-0.196549 0.062506 0.0795202
0.139468 -0.458287 -0.0477714
-0.146776 -0.410512 -0.0335915
-0.075453 0.0807091 -0.0807778
0.271014 0.0724774 0.0782712
-0.0472506 0.189854 -0.0893335
-0.206784 0.0840381 0.0793607
-0.262188 0.0875318 0.0758579
0.0620423 0.309747 -0.0880878
-0.0786994 -0.358775 -0.0958693
-0.255983 0.0934279 0.0786857
-0.0468589 0.146887 -0.088908
0.147067 -0.407509 -0.0428491
-0.0684643 0.348107 -0.0832793
0.226061 0.0984712 0.0827851
-0.0950349 -0.272499 -0.0903192
-0.0960081 -0.0202688 0.0500817
0.121494 -0.0303124 -0.0120505
0.00168716 0.163996 0.0848114
-0.00729856 0.166303 0.0866567
-0.00563724 0.159377 0.0802265
0.0656862 0.334611 -0.0878526
0.0661303 0.351612 -0.0901454
0.0109609 0.162151 0.0828273
-0.0368217 0.164604 0.0794603
-0.0462333 0.165245 0.073535
-0.0672103 -0.457923 -0.0928566
-0.0897114 0.0754288 -0.07837
-0.0971008 -0.0295932 0.0531178
0.02712 0.165888 0.0841488
-0.0592181 -0.4935 -0.0354907
0.0829505 -0.35691 -0.0958089
0.0519655 0.181612 0.0870608
-0.0572248 0.193887 0.0847133
0.031058 -0.297366 -0.0731496
-0.0580186 0.134333 -0.0809593
0.054843 0.200083 0.0863019
-0.104934 -0.0541085 0.0530201
0.110163 -0.49481 -0.0422399
0.109682 -0.136667 -0.12252
-0.0239837 0.2023 0.0810731
0.0673344 -0.434261 -0.0921193
0.0970209 -0.412164 -0.0928746
0.00639197 0.202781 0.0864113
-0.104804 -0.350817 -0.0904468
-0.0272844 -0.490219 -0.0093177
0.11177 -0.404164 -0.0875689
-0.0656561 0.137351 -0.076183
-0.0186267 0.203019 0.0871986
-0.0694076 -0.239965 0.0408188
-0.0381893 0.214824 0.0856654
-0.0951438 -0.429237 -0.0916714
-0.0814659 0.1659 0.00287809
-0.0836167 0.335338 -0.0389792
0.0718544 0.220548 0.0801193
-0.183974 0.00283687 -0.0186433
-0.0642226 0.353654 -0.090039
-0.113893 -0.497085 -0.0123504
-0.0596583 0.247759 0.0883433
0.0598549 0.255267 0.0849828
0.057614 0.262942 0.0830367
-0.118124 -0.091322 -0.0788836
-0.0463936 0.269756 0.0840372
0.0534768 0.270209 0.0782323
-0.0697713 0.356404 -0.082983
0.0841728 0.231455 -0.00220267
0.0455724 0.273888 0.0797433
-0.0546109 -0.234954 0.043184
-0.0837098 0.198912 -0.0270418
-0.115445 0.144411 -0.0228276
-0.0345533 0.277675 0.0809412
0.000387931 0.278888 0.0883349
-0.0109674 0.286024 0.0772844
0.0627733 0.317146 -0.0883669
0.0272172 0.282371 0.0785604
0.00706277 0.281731 0.0834607
-0.0540828 0.160398 -0.0835071
-0.00855684 0.299459 0.086546
-0.00343844 0.295944 0.0839054
0.0111146 0.298553 0.0861842
0.00372098 0.296138 0.0860036
0.0515201 -0.234384 0.0427016
-0.0469954 0.16601 -0.0890137
0.0576242 -0.247377 0.0377228
-0.0582532 0.200888 -0.0802817
-0.125198 0.141983 -0.0350784
-0.00945765 0.330725 0.070667
0.0582904 0.150822 -0.0818121
0.0157201 0.324077 0.0904611
0.122672 0.142622 -0.0280235
-0.0780595 -0.493543 0.0763424
-0.0774126 -0.391491 -0.0955618
-0.0719626 -0.492679 0.0816577
0.0761945 0.267741 0.016413
-0.0487522 -0.493936 0.0803613
-0.0748297 -0.223149 0.0465373
-0.0826336 -0.213315 0.0479813
-0.182072 0.111783 -0.0241014
0.0291359 -0.488546 0.0705811
0.0344085 -0.492867 0.0758385
0.141132 -0.322292 -0.0529705
0.0435385 -0.493521 0.0712331
-0.079029 -0.475196 -0.096735
-0.0832602 0.380576 -0.029061
0.0703743 -0.49172 0.0771668
0.175704 0.11574 -0.0358705
0.199281 0.0987833 -0.0389562
0.0905375 -0.493135 0.0789801
-0.0997922 -0.409965 -0.0917812
-0.115685 -0.409865 -0.0843253
0.107325 -0.491553 0.0742726
0.118871 -0.0241312 -0.0307171
0.108754 -0.149449 0.0550902
-0.129032 -0.0835363 -0.0424397
-0.0966561 -0.0240901 -0.0831908
-0.11733 -0.160505 -0.0931159
-0.142129 0.0842154 -0.0817825
0.021859 -0.460607 0.0738839
0.107195 -0.465727 0.078592
0.061579 -0.385996 -0.0928529
-0.146743 -0.40154 -0.0326478
-0.0800119 -0.452715 0.0765704
-0.0634363 -0.452069 0.0806727
-0.0665183 -0.446422 0.0726139
0.0199934 -0.215244 -0.0931424
0.136706 0.0764949 -0.081231
0.111197 -0.348798 -0.0881609
-0.0878435 -0.219355 0.0438197
0.135572 -0.110705 -0.04312
0.0322818 -0.448568 0.0729966
-0.00794491 -0.221791 0.0389642
0.113883 -0.162004 0.0480725
0.046844 -0.442073 0.0706119
0.069981 -0.381803 -0.0948149
-0.118277 -0.333399 -0.082223
0.141526 -0.192528 -0.0221396
0.0306673 -0.185051 0.0779301
0.0254709 -0.192652 0.0715902
0.141505 -0.173944 -0.0408728
-0.0411951 -0.187363 0.0724049
0.102934 -0.154812 0.0592366
-0.118652 -0.348 -0.0820527
-0.0435764 -0.424663 -0.0845548
-0.0721326 0.373594 -0.0823806
-0.137 -0.197535 -0.0397046
-0.067867 -0.171177 0.0737008
-0.0746378 -0.165478 0.0727452
0.050085 0.398943 -0.114389
0.138316 -0.212489 -0.039267
0.0819621 -0.14738 0.0778442
0.083232 -0.155237 0.0733732
0.0534609 -0.389707 -0.0897109
0.0918114 -0.132989 0.0756261
0.0985531 -0.11367 0.0750803
0.0967583 -0.126601 0.0729339
-0.136229 -0.230086 -0.0347051
-0.0931243 -0.107708 0.0792849
-0.0937917 -0.116553 0.076899
0.100827 -0.10611 0.0737838
-0.0978084 -0.101563 0.0752111
0.0990998 -0.0937612 0.0763338
0.102713 -0.0982637 0.0722471
0.108448 -0.166304 0.0519442
0.0971833 -0.0870007 0.0774189
0.0939242 -0.0787555 0.0781181
0.0473752 -0.374602 -0.0866877
0.121264 0.0713699 -0.0785104
0.0517966 -0.356077 -0.0891203
-0.120055 -0.165149 0.0381169
-0.107585 -0.344546 -0.0890789
0.0662245 -0.0185654 0.0812697
0.0725327 -0.022049 0.0779924
0.0649146 -0.00248109 0.0761744
0.144881 -0.325978 -0.0233263
0.0605511 0.00575062 0.0753357
0.0525169 0.00651515 0.0798866
-0.101359 -0.343782 -0.0918464
0.0989654 -0.0293804 -0.0856348
-0.0505229 0.0259202 0.0726253
-0.042966 0.0140748 0.0800371
0.0436234 0.0233611 0.0768549
0.116266 0.0802692 -0.0805337
-0.16783 0.010378 -0.000925457
0.101795 -0.0440472 -0.0885213
-0.0462951 -0.338326 -0.0874743
0.0140105 0.486275 -0.0911182
-0.0358268 0.0284447 0.0777381
-0.00194021 -0.217865 0.0420077
0.047085 -0.328086 -0.0868944
0.0282209 0.0254825 0.0815613
0.147806 -0.400318 -0.0382366
-0.116522 -0.274122 -0.0787588
-0.104728 -0.263914 -0.0854113
-0.0107957 0.0345185 0.0807948
0.119331 -0.274803 -0.0782191
-0.0022849 0.0380472 0.0804012
0.0194061 0.0294944 0.0818267
0.0111036 0.0293027 0.0828939
0.12496 -0.35836 -0.0784748
0.0283713 0.0425977 0.078862
0.0300174 0.480546 -0.0922137
-0.0398992 0.047282 0.0785206
-0.0465345 0.0410515 0.0757026
-0.030482 0.0443832 0.0790596
0.0486838 -0.337567 -0.0876969
-0.0195895 0.0413972 0.0789964
-0.00125775 0.0463757 0.0783726
0.0214826 0.0477943 0.0787937
0.0490059 0.0482785 0.0778005
-0.0113016 -0.445522 -0.0260584
0.0421289 0.0424345 0.0780569
-0.125946 -0.369768 -0.0760831
-0.199501 0.0422123 0.0797327
0.103059 -0.324326 -0.0915831
0.0168944 0.194766 0.10221
-0.0415788 0.0561912 0.0794845
0.00645565 0.0498305 0.0777052
-0.0070797 0.0508029 0.0779549
0.0300164 0.0519012 0.0796944
-0.031547 0.474388 -0.0978348
-0.0639762 0.179381 -0.0737318
-0.126649 -0.495802 -0.019381
0.057442 0.0448653 0.0744189
0.0565109 0.0541198 0.0770342
0.112681 0.0713206 -0.0773099
0.0385997 0.47943 -0.0873158
-0.0546256 0.057739 0.0757995
-0.05863 0.0522645 0.0731454
-0.0357827 0.0605841 0.0802268
-0.101112 -0.036787 -0.082757
-0.0399292 0.470342 -0.0957993
-0.0185655 0.0600847 0.07923
0.0203963 0.477519 0.00659459
-0.0525353 -0.287055 -0.0893514
-0.028184 0.0607875 0.080217
-0.0188932 -0.00328629 -0.127054
-0.0121595 0.0677571 0.0773165
0.00721539 0.0589382 0.0764071
-0.104597 -0.0772465 0.0626281
0.0219067 0.055501 0.0789258
0.0364367 0.0598792 0.0803415
0.0265532 -0.406535 -0.0678711
0.0471342 0.0586802 0.0795411
0.0276224 -0.413858 -0.0693183
-0.0486036 0.0604538 0.0779873
-0.0548609 0.0645219 0.0758469
-0.0486728 0.0687014 0.0779003
0.019838 -0.151514 -0.156754
0.0494481 0.0670782 0.0791713
0.0418814 0.067471 0.0800814
-0.123909 -0.312171 0.0150446
0.0425901 -0.300525 -0.0834288
-0.0414244 0.073148 0.0789347
-0.0491047 0.077207 0.0767489
0.103412 -0.285724 -0.0890979
-0.0234396 0.07076 0.0791431
0.00063628 0.0797821 0.0729755
-0.0146632 0.0779227 0.0763932
0.0237648 0.0702823 0.0781941
0.015344 0.0729198 0.0760209
0.0836082 0.408054 -0.0243453
0.0548859 0.0715866 0.0774457
0.0470513 0.0743199 0.0788189
0.0448278 0.472771 -0.0904104
0.0509455 -0.284079 -0.0876738
-0.107091 -0.289503 -0.0867421
0.0295253 0.0767957 0.07813
-0.145929 -0.396826 -0.0380072
0.206951 0.0840349 0.0778001
-0.0968973 -0.264544 -0.0889924
-0.0333449 0.0876723 0.0761083
-0.0158136 0.0880211 0.0741834
0.0525342 -0.262681 -0.0883949
0.12772 0.138774 -0.0228621
0.0380418 0.0912051 0.074524
0.0442289 0.0835745 0.0769234
-0.0610577 -0.270889 -0.0914364
0.264533 0.0851551 0.0769616
-0.0529182 -0.255909 -0.0896494
0.0429453 0.467596 -0.0982925
0.0757753 0.345213 -0.0748326
0.164382 0.0109607 -0.0147433
-0.108941 -0.129941 -0.122847
-0.136964 0.0261316 -0.027733
-0.068556 0.192298 -0.0683696
0.0284898 0.159665 0.0773313
0.036364 0.158178 0.0723931
-0.048009 0.467974 -0.0909265
-0.104721 -0.133025 -0.130306
-0.0515428 0.170567 0.0751942
-0.0523012 0.167552 0.0696075
0.0433792 0.163626 0.0754687
-0.063707 0.196676 -0.0744233
0.0995959 -0.22741 0.0363756
0.0574308 0.181276 0.0816268
-0.0614048 0.181101 0.0720502
-0.0993012 -0.231091 -0.0867501
0.0623998 0.188593 0.0809748
0.108315 -0.181904 0.0469323
0.064305 0.196611 0.0794212
-0.145244 -0.414879 -0.0422391
0.0671106 0.198263 0.0736936
-0.0605919 0.202923 0.0748032
-0.0387601 0.203288 0.0762135
0.0560965 0.458351 -0.0942886
-0.117049 -0.0628448 -0.0660542
0.224003 0.0224319 0.0852994
-0.111643 -0.0478253 -0.0700623
0.0268801 0.201858 0.0764821
0.0367963 0.202913 0.0791639
0.0447442 0.203742 0.0812744
0.0434132 0.202652 0.0739579
0.111202 -0.127973 -0.120252
-0.0691499 -0.106335 0.0982034
-0.0536087 0.212581 0.0830154
-0.0460509 0.213526 0.0838479
-0.0492514 0.214919 0.0760936
0.167067 0.0102536 -0.00484612
0.10645 -0.198394 0.0418512
0.123487 -0.0740053 -0.0622136
-0.0683077 0.21963 0.0816793
-0.0389111 0.223254 0.0742392
0.0222678 0.020567 0.0849145
0.112378 -0.193662 0.0388781
0.0885285 0.138255 -0.0690942
-0.0921236 -0.22713 -0.0904956
0.00520571 0.22379 0.0765008
0.0138565 -0.384425 -0.0352232
0.0242315 0.218389 0.0844243
0.124947 -0.102055 -0.070407
-0.130079 -0.37467 -0.0715796
0.029648 0.222134 0.0788015
-0.105212 -0.12367 -0.128753
0.0705978 0.238106 0.0797507
0.0976746 -0.224716 -0.0895306
0.127661 -0.0613147 -0.0365829
-0.0643124 0.257737 0.0745339
0.0679614 0.244918 0.0789898
0.0841526 -0.221919 0.0449503
0.11488 -0.175831 0.0432245
-0.0470336 0.273204 0.0765492
-0.139461 -0.131246 -0.0288979
-0.0415281 0.274415 0.081113
-0.0339608 -0.222975 -0.0942994
0.0417946 0.278246 0.0735282
-0.0404878 0.277607 0.0744958
0.0507117 0.465662 -0.0930287
-0.00107201 0.284795 0.0800893
0.099836 -0.203427 0.0445917
0.0125395 0.283768 0.0801522
0.019143 0.28288 0.0798813
0.0489846 -0.365267 -0.0876078
-0.0138543 0.30298 0.0834116
0.079054 0.393876 -0.0772329
0.0822265 0.394574 -0.0688959
-0.0177998 0.308861 0.0787314
-0.110817 -0.165535 0.0476457
0.0143855 0.298889 0.0792276
0.0875827 -0.239495 -0.0913088
0.0195361 0.304739 0.0770295
0.0210439 0.311234 0.0820852
0.1232 -0.163769 0.0370003
0.125063 -0.155299 0.0357983
-0.131934 -0.210365 -0.0523889
-0.127402 -0.152671 0.0292722
-0.137903 -0.20158 -0.0318375
-0.11002 -0.493215 0.0684897
-0.100339 -0.490492 0.070507
0.105101 -0.224669 -0.0850776
-0.0917344 -0.49166 0.0757571
-0.136718 -0.230579 -0.025813
-0.0844504 -0.492601 0.0715338
-0.141712 -0.298393 -0.027658
-0.0768187 -0.49262 0.0682374
-0.0623439 -0.490828 0.0725495
-0.0431215 -0.49364 0.0713419
-0.11513 -0.152638 0.0455805
-0.0318622 -0.492201 0.0740772
0.11483 -0.152532 -0.105503
0.0765372 0.196461 -0.0587901
-0.0691864 0.218047 -0.0679242
-0.0689788 -0.198195 0.0596406
0.0771789 -0.228778 0.0440684
-0.14389 -0.343187 -0.0357276
-0.119233 -0.0587779 -0.0580855
-0.111444 -0.111864 0.0557844
0.14114 -0.26874 -0.023962
0.102729 -0.067183 -0.0961712
0.123972 -0.491121 0.0718559
-0.0267375 -0.344445 -0.0705188
-0.131249 -0.483886 0.0665779
0.0973588 -0.0697213 -0.104522
-0.0238244 -0.486437 0.0736003
0.0233126 -0.482985 0.0731988
0.0182115 -0.387181 -0.0530283
0.132199 -0.47951 0.0694667
0.0977241 -0.0364908 -0.0905462
0.157499 0.0456432 -0.0705909
-0.0192038 -0.473442 0.0688217
0.019529 -0.475478 0.0762731
0.0815728 0.341493 -0.0607754
0.0829501 0.355209 -0.0586378
-0.116781 -0.0979122 0.0495061
0.127419 -0.0531524 -0.0206228
-0.145324 -0.372499 -0.025391
-0.062639 0.0200839 -0.097805
0.0200768 -0.46859 0.0705451
0.122232 -0.0511815 -0.050508
-0.0190342 -0.465413 0.0703273
0.0486743 0.458998 -0.101447
-0.116276 -0.462846 0.0600762
-0.108581 -0.461431 0.0652168
-0.0722511 -0.00278905 -0.101242
0.065654 0.0134575 -0.10041
-0.0900309 -0.452273 0.0681538
-0.00861826 -0.461326 -0.0251374
-0.0194116 -0.460194 0.0638384
-0.127792 -0.196128 -0.0635485
0.0390903 0.489929 -0.0361236
-0.0756732 -0.44825 0.0717438
0.0796321 0.294764 0.00659744
-0.130219 -0.264846 -0.0614753
0.077436 -0.451092 0.0763506
-0.0656205 -0.44054 0.0662921
-0.0588819 -0.44167 0.0694048
-0.0700952 0.0638905 -0.0799686
0.0641702 -0.446384 0.074003
0.0800742 -0.446554 0.0688006
0.135375 -0.263044 -0.0551225
0.0821588 0.403588 -0.018417
-0.00559019 -0.196248 0.0698497
0.0107794 -0.195972 0.0699629
0.0191558 -0.199171 0.0654544
-0.081639 0.383274 -0.0206219
-0.0496264 -0.182437 0.0740477
-0.047795 -0.189731 0.0693823
0.0301324 -0.198692 0.0652135
-0.0589865 -0.181243 0.0719705
-0.0607118 -0.195388 0.0631665
0.0791808 0.126524 -0.0774901
0.0615097 -0.184753 0.0697044
0.0529766 -0.188061 0.069869
0.0174781 -0.312494 -0.049719
-0.0834282 0.353977 -0.0260801
-0.0216646 -0.333693 -0.0633882
0.118 -0.103286 0.0505425
-0.0202746 -0.315878 -0.0610691
0.0777236 -0.168924 0.0711278
0.077219 -0.16146 0.0744138
0.0902911 -0.157369 0.0679733
0.0970268 -0.142728 0.0670654
-0.0934888 -0.12554 0.0742834
-0.095409 -0.138012 0.0676622
-0.0999797 -0.119284 0.0691656
-0.117452 0.0764822 -0.0796785
-0.103076 -0.103693 0.0688343
-0.0947677 -0.0855053 0.0768722
-0.0629844 0.0603605 -0.0840146
-0.0143802 -0.30866 -0.0461236
-0.0552085 -0.438265 -0.0887057
-0.0897828 -0.0539047 0.0721548
0.0969932 -0.0578312 0.0681364
0.0971423 -0.0721882 0.0727143
0.0943334 -0.0510144 0.0685934
-0.0588357 0.0764969 -0.085115
0.0874734 -0.0384924 0.0711674
-0.018636 -0.339339 -0.0573064
-0.0792852 -0.0139937 0.0672778
-0.0798098 -0.0296582 0.0727406
0.0581905 0.0855344 -0.0870076
0.0713606 -0.00888319 0.0740459
0.0839571 -0.0220487 0.0681582
0.0677124 0.00451109 0.0708127
-0.138328 -0.3686 -0.0590059
0.144956 -0.359787 -0.0449398
-0.1375 -0.387533 -0.0614845
-0.223112 0.0157118 0.073874
-0.241287 0.0168144 0.0742121
-0.246668 0.0170898 0.0697145
0.0857432 0.369572 -0.0476844
-0.212749 0.0241408 0.0799913
-0.204128 0.0235924 0.0700553
-0.206993 0.018194 0.0665799
0.0598014 0.101133 -0.0849951
0.211625 0.0209797 0.074689
0.213939 0.014571 0.0669945
0.257998 0.0269638 0.0739003
0.0497166 0.0872602 -0.0906474
0.239643 0.0173631 0.0763169
0.0818987 0.21728 -0.0468155
0.134173 0.133256 -0.0173761
-0.056553 0.0201071 0.0699886
-0.136409 0.132601 -0.0183643
0.0811131 0.208151 -0.0487233
0.19996 0.0278964 0.0689039
-0.0698564 -0.498572 -0.0590191
-0.182534 0.109612 -0.0158098
-0.112512 -0.0273647 -0.0531841
-0.0524617 0.0347713 0.0722379
0.0428235 0.0336464 0.0762887
0.0582848 0.0356451 0.0714978
0.114 -0.0505478 0.0395279
0.196604 0.0340526 0.0686284
0.200351 0.0400493 0.0804853
-0.0533001 0.46069 -0.0929894
0.198794 0.0993497 -0.0125341
0.0652724 0.0418833 0.0695311
-0.060284 0.444655 -0.0973109
-0.115194 -0.0263914 -0.0425369
0.195887 0.0415799 0.0718765
-0.0520687 0.103071 -0.0863297
-0.117693 -0.0445765 -0.0523552
0.192114 0.053019 0.0630497
-0.271137 0.0519368 0.0746354
-0.0506318 0.120436 -0.0864576
-0.145149 0.0761407 -0.0809614
-0.100318 -0.0170713 0.041327
0.0633075 0.0596453 0.0744507
0.0179497 -0.359802 -0.050487
0.0170082 -0.338012 -0.0478668
0.0836192 0.300414 -0.0060584
-0.0670011 0.0661161 0.0687507
0.0683162 -0.224427 0.04732
0.0692409 0.0648788 0.0713673
0.0623571 0.0682495 0.0752066
-0.0603579 0.0675512 0.073296
-0.0480862 0.0864186 -0.0902433
-0.208828 -0.000226508 0.0340603
0.00179172 0.0726563 0.0740153
0.169846 0.00869296 -0.0209844
-0.0624193 0.0743157 0.0711992
-0.057754 0.452711 -0.0949728
-0.116785 -0.0218289 -0.0196424
0.0608105 0.0766553 0.0745923
0.267399 0.0783972 0.0734965
0.269292 0.0713164 0.0703048
-0.267719 0.0737553 0.067733
0.0854812 0.378085 -0.0512599
-0.262744 0.0798772 0.0641301
-0.0563874 0.0802295 0.073123
-0.13158 -0.0821531 -0.0188007
-0.0498259 0.085707 0.0741706
-0.066525 0.430742 -0.09541
-0.196413 0.102446 -0.0191752
0.0553185 0.0922271 0.0712236
0.0586875 0.0846895 0.0732171
0.262517 0.0835319 0.0691937
-0.0425645 0.0924491 0.0733246
-0.0516589 0.0931486 0.0702009
0.138579 -0.113127 -0.0275314
-0.0813893 0.285739 -0.00483758
-0.0776208 0.276814 0.00770008
0.00218897 0.194188 0.102991
0.000152121 0.0879598 0.0713699
0.13981 -0.208766 -0.0214307
0.0205656 0.086096 0.0744105
0.00665223 0.0906818 0.0705926
-0.232563 0.00188225 0.0385778
0.210554 0.085852 0.0690468
-0.0539108 0.0995994 0.0650774
-0.0421704 0.151577 -0.0919363
0.0283383 0.0907983 0.0740957
0.0194443 0.09381 0.0717718
-0.251853 0.0211454 0.0717064
0.0292098 0.0188872 0.0837916
0.0334983 0.0971295 0.0718631
0.0410952 0.0986675 0.0710577
0.217959 0.091036 0.0687466
0.25446 0.0942373 0.0776481
0.247554 0.0971379 0.075503
0.258613 0.0893634 0.0732501
-0.241369 0.0979683 0.0749063
-0.0661234 0.41326 -0.0983117
-0.109033 -0.358129 -0.0884469
-0.0259658 0.102127 0.0699557
-0.0248872 0.0927472 0.0740406
-0.042735 0.131066 -0.0913018
0.243796 0.0999909 0.0806947
-0.0302008 0.157579 0.0733523
-0.0243963 0.151617 0.0679976
0.0187817 -0.337681 -0.00722176
0.139963 -0.258225 -0.019945
-0.0122069 0.155946 0.0761636
-0.0635933 0.383483 -0.0964898
0.0486481 0.161295 -0.0894199
-0.0177179 -0.475354 -0.0575845
-0.257951 0.0208805 0.052044
0.022165 0.155363 0.0736635
0.029028 0.155266 0.0714925
0.0569575 0.174501 0.0761386
-0.164874 0.114597 -0.0094064
0.186859 0.0958301 -0.0594002
-0.0645702 0.190016 0.0717278
0.180455 0.0266464 0.039361
0.063135 0.202745 0.075827
0.127023 -0.0767726 -0.0537865
-0.0540768 0.205612 0.076745
-0.0303891 0.201581 0.0748157
-0.021649 0.201065 0.072521
-0.0618047 0.373394 -0.0964527
0.134134 -0.0872935 -0.0302162
0.14331 -0.325549 -0.0143075
0.176385 0.023925 0.0318227
0.00858566 0.2017 0.0800221
0.011536 0.20179 0.0736816
-0.0408618 0.216206 -0.0940884
0.0146972 -0.355329 -0.034571
-0.0163791 -0.29918 -0.00787134
0.0820045 0.226595 0.00565806
-0.0465881 0.205409 0.0768299
-0.145398 -0.384924 -0.0179556
0.0358952 -0.219084 0.0496151
0.0517164 0.213309 0.0834572
-0.012505 -0.403026 -0.0423371
-0.246729 0.0144021 0.0623656
0.0154767 -0.346296 -0.0410248
0.0467946 0.217038 0.0774224
-0.185246 0.0329353 0.0489543
0.0317537 -0.176066 0.0853805
0.145908 -0.381712 -0.012364
0.08561 0.395191 -0.0328616
0.0172341 0.224603 0.0708198
0.025687 0.225939 0.0718085
0.086157 0.360198 -0.0351177
0.0804362 0.140468 -0.0706816
0.0861373 0.345851 -0.033069
-0.0708205 0.235524 0.0739384
-0.0836131 0.373477 -0.0442795
-0.0585466 0.261048 0.0808893
0.147144 -0.380056 -0.0193518
0.148395 -0.411103 -0.0169241
-0.0398809 0.281305 0.0666
0.0853696 0.185009 -0.00676547
-0.0480805 0.25289 -0.0917762
0.14597 -0.340367 -0.0301534
0.0348389 0.280971 0.0758295
0.134443 -0.222432 -0.0507553
0.0446625 0.279297 0.0656337
-0.146425 -0.402411 -0.0178169
-0.0252501 0.286958 0.0713374
0.0885411 0.0334063 0.0347948
-0.0541638 0.240355 -0.0858819
-0.0824674 0.180213 -0.00273006
-0.0527034 0.256667 -0.0884243
0.125667 -0.125295 -0.0762559
-0.130421 -0.476001 -0.0592762
-0.137643 -0.187004 -0.0417588
-0.0586072 0.346872 -0.0949263
0.0189264 0.325298 0.065982
0.0181765 0.325629 0.0740373
-0.0577693 0.33259 -0.0930174
0.077642 0.413709 -0.00898146
-0.00989318 0.330123 0.0638946
0.0134843 0.331251 0.0782396
-0.161217 0.0762115 -0.0786826
-0.00270415 0.380428 -0.126546
0.0320567 0.00700813 0.0879818
0.00636445 0.334526 0.0750452
0.0837119 0.18531 0.00157464
0.138169 -0.127588 -0.045554
-0.0471303 -0.428118 0.0463652
0.0792575 0.385589 -0.00670527
-0.112709 -0.492607 0.0600033
0.141446 -0.278502 -0.0397548
-0.0838022 -0.49294 0.0631722
-0.0680385 -0.492575 0.0647868
0.211213 -0.00439977 0.00785774
0.139368 -0.247759 -0.0348047
-0.058444 -0.492719 0.0648645
0.056395 0.311975 -0.0935678
0.0729823 0.416186 -0.00104176
-0.142027 -0.326393 -0.0443936
-0.0462873 -0.431656 0.0542959
0.0590178 0.303439 -0.0903214
0.109 -0.492965 0.0677818
0.0590586 -0.404562 -0.091694
-0.053077 0.296454 -0.0923508
0.0582896 0.28869 -0.089141
-0.144282 -0.35078 -0.0346164
-0.0512917 0.416593 -0.113439
-0.0822032 0.212157 -0.00286387
-0.123679 -0.467832 0.0636864
0.121549 -0.464727 0.0604798
-0.054406 0.30569 -0.0925239
-0.250054 0.0826135 0.0490176
0.0554864 0.295776 -0.0923161
-0.06227 0.327469 -0.0879424
0.0844703 0.291777 -0.00915131
-0.142974 -0.336674 -0.0416225
0.105054 0.147046 -0.0122549
-0.0564866 0.323932 -0.0929943
-0.0153788 -0.462772 0.0568209
0.111474 -0.463669 0.0712095
-0.0625866 0.363122 -0.0936947
0.0125821 -0.407984 -0.0331562
0.127799 -0.470496 0.0677931
0.100154 -0.455628 0.0654453
0.0250208 -0.449123 0.0611787
0.0851379 0.204264 -0.0339427
-0.0823626 0.192443 -0.0355022
0.093418 -0.452285 0.067393
0.0882623 -0.44729 0.0646736
-0.0566309 0.281197 -0.0876468
-0.0795018 -0.44543 0.0665261
-0.0796685 -0.440443 0.0599721
-0.0861049 -0.446322 0.0639291
-0.0353986 0.244851 -0.0985245
0.0302836 -0.44599 0.0648132
0.0276397 -0.443649 0.0574096
0.0821042 -0.441608 0.0610434
-0.0693062 -0.436671 0.0592459
-0.0815795 0.225915 -0.0407638
-0.0525404 -0.43825 0.0654631
0.181449 0.111066 -0.0185403
-0.0457187 -0.435741 0.0618418
0.168561 0.117866 -0.020037
-0.0828553 0.22016 -0.0339687
0.0520625 -0.438387 0.0657533
0.0594532 -0.437383 0.0640238
0.0531608 -0.434223 0.0592595
0.0692181 -0.432703 0.0533593
0.0655906 -0.441707 0.0680386
-0.111248 -0.0185281 -0.0489062
-0.000556631 -0.202589 0.0621805
0.00892181 -0.201761 0.0629852
-0.202665 0.0970091 -0.0141473
0.0503406 -0.196922 0.0646555
0.0622009 0.402009 -0.104277
-0.0484002 0.260709 -0.0920859
-0.244525 0.0515787 -0.0144942
0.0722744 -0.201447 0.0574112
-0.0753072 -0.19274 0.0601162
-0.0816158 -0.178236 0.0639619
0.0772818 -0.176883 0.067788
-0.0700594 0.407983 -0.0921506
0.254813 0.0664053 0.0261812
-0.0831682 -0.168247 0.0672522
0.0847683 -0.180741 0.0624962
0.0967258 -0.151507 0.0650292
0.102973 -0.137212 0.0632851
0.0507217 0.24205 -0.0907675
-0.0979739 -0.145132 0.0637515
0.106263 -0.118653 0.0642675
0.106162 -0.104374 0.0677958
0.0521873 0.258189 -0.0905935
-0.048148 0.244523 -0.0910968
-0.00374854 -0.188779 0.0784454
0.188008 0.10852 -0.0310509
0.103259 -0.0740566 0.0661571
-0.0934252 -0.0420719 0.0634999
0.00701507 0.0170958 0.0882838
-0.0837852 -0.00904318 0.0604349
0.0636806 0.428916 -0.102412
-0.0613346 -0.427763 0.0481643
-0.1396 -0.130621 -0.0192205
-0.00199715 0.484568 -0.0953725
-0.137812 -0.205967 -0.0235189
0.222748 0.00961619 0.0625622
0.237091 0.0139012 0.0700205
0.238931 0.0114474 0.0630584
0.230909 0.0111646 0.0667506
-0.0685149 -0.431256 0.0505838
-0.252365 0.0191793 0.0651449
-0.20018 0.0223096 0.0638718
-0.0614992 0.132422 0.0396721
-0.0576232 0.0288145 0.0679548
-0.139979 -0.183885 -0.0170945
0.0421338 0.233826 -0.0955663
0.0593965 0.0184985 0.0704461
0.149748 0.0687543 -0.0795226
-0.118399 -0.100188 -0.0816492
-0.121971 -0.116768 -0.0782531
-0.125166 -0.0595489 -0.0351097
0.0722113 0.0400913 0.0637046
-0.192824 0.0450728 0.0665155
-0.189227 0.0435226 0.0575959
-0.12313 -0.0515273 -0.0366981
0.140989 0.0666958 -0.0791197
0.0765781 0.0552247 0.0643796
-0.193767 0.0532156 0.0683683
-0.137703 -0.264125 -0.042273
-0.0290513 0.213795 -0.0995276
-0.271192 0.0589687 0.0688799
-0.19274 0.0594293 0.0603744
-0.0730383 0.0610917 0.0627439
-0.0728846 0.0688497 0.0630528
-0.0668007 0.0550908 0.0680538
0.0745073 0.0619687 0.067078
0.080567 0.0636738 0.0613621
-0.139157 -0.267998 -0.0348333
0.194327 0.0597054 0.0650314
0.0152794 -0.33141 -0.0202166
0.197904 0.0681046 0.0669958
-0.0578046 -0.475758 -0.0921616
-0.269149 0.0659363 0.0636441
0.0574576 0.155197 0.0452865
0.0837372 -0.436696 0.0530461
-0.196972 0.0684843 0.0638197
0.138492 -0.274275 -0.00916291
0.0784774 -0.447252 -0.0923251
0.0917303 -0.452442 -0.0921912
-0.201136 0.0748641 0.0663137
0.0131866 -0.392799 -0.0310667
-0.0693306 0.0753312 0.0655552
0.0661855 0.0816828 0.0702884
0.0731892 0.0781145 0.0662382
-0.0136422 -0.38782 -0.0448732
0.0711068 0.0865497 0.0652292
0.149235 -0.427692 -0.0255561
0.267784 0.0695366 0.0627208
0.270264 0.0650212 0.0675495
0.0704351 0.409362 0.00442401
-0.205869 0.0805432 0.063924
-0.063748 0.0838704 0.0677328
0.0184071 -0.364197 -0.00706015
0.143541 -0.175551 -0.0221422
0.0852179 0.40423 -0.0318793
0.143038 -0.174899 -0.0315713
-0.143482 0.0228317 -0.0258225
0.0857424 0.349916 -0.0258893
-0.0838629 0.348564 -0.0320919
0.0390639 0.221081 -0.0964752
0.0134595 -0.40899 -0.0133699
-0.076222 0.223157 0.0478046
-0.225937 0.0960079 0.0729636
-0.0993874 -0.435671 -0.0897885
0.0782348 0.0742546 -0.0804764
-0.218146 0.0912142 0.0687459
0.0435852 0.203986 -0.0933492
0.147437 -0.39617 -0.0152414
0.10746 -0.120714 -0.125305
0.0598496 0.0989556 0.0652734
-0.0844014 -0.418792 -0.0943364
0.0501591 0.414187 -0.116062
-0.234327 0.0962079 0.0693808
-0.242676 0.0944404 0.0665786
-0.082576 -0.43447 -0.0930971
0.00875772 0.10391 0.0681818
-0.0752092 0.216878 0.0421888
0.204322 0.0965725 -0.0294468
0.0329295 0.153541 -0.0977217
0.0174214 0.101694 0.068872
0.0822238 -0.189988 0.0595396
-0.0642354 0.0697056 -0.0827523
-0.0233741 -0.0370606 -0.135708
-0.12645 -0.0618007 -0.0283352
-0.0489513 0.104492 0.064334
0.131351 -0.0802287 -0.0389349
-0.0379296 0.111635 0.0634819
-0.00770972 0.102644 0.0690659
-0.0106057 -0.0129332 0.0988759
-0.0772124 0.402377 -0.0107534
0.00684937 0.112081 0.0674865
0.123877 0.136185 -0.0127995
0.0585404 0.280619 0.0391616
-0.0172216 0.109065 0.0673855
0.000166524 0.114069 0.0675656
0.0239311 0.107607 0.0672247
0.018244 0.124754 0.0657539
0.00934538 0.126344 0.066935
-0.00840848 0.127243 0.0667956
-0.013095 0.135007 0.0657782
-0.0126337 0.119074 0.0663986
0.000473194 0.127159 0.0673466
-0.0255873 0.00778247 0.0887986
-0.070789 -0.41007 -0.0945381
0.0110088 0.142662 0.0664241
-0.0786022 0.373615 -0.00880469
-0.00895625 0.143496 0.0665417
-0.0205966 0.134113 0.0644599
-0.000281806 0.395819 0.0437474
0.142651 -0.285162 -0.0336677
0.0753557 0.37187 0.0040644
0.146078 -0.364206 -0.0196062
-0.0802173 0.331923 -0.00640041
-0.0842304 -0.401062 -0.0949909
0.14276 -0.289926 -0.0246497
0.0393498 -0.186113 0.0748923
-0.0408684 0.155519 0.0609138
-0.0482924 0.162399 0.063751
-0.143449 -0.328851 -0.0265346
0.0112533 -0.265064 -0.00833637
-0.0566572 0.168517 0.0634336
-0.0151545 0.398665 0.0417056
-0.0399977 0.192862 -0.0936793
0.0472467 0.159405 0.0631446
-0.015778 0.426548 0.0356018
-0.0664672 0.184572 0.0645748
0.0578946 -0.411746 -0.090972
-0.0691692 0.202187 0.063251
-0.0115854 -0.386807 -0.0294702
-0.0418469 0.201419 0.0630292
0.0775195 -0.423257 -0.0940016
-0.083771 0.355535 -0.0329395
-0.0833575 0.345402 -0.0244059
-0.00468768 0.20208 0.0721119
0.0861193 0.240857 -0.0175454
0.15814 0.015899 -0.0285043
0.0853603 0.245318 -0.00961743
0.0490171 -0.430998 -0.0859122
0.107023 0.140569 -0.00542518
-0.0491672 0.218543 0.0690012
-0.0840165 0.217817 -0.0196014
-0.00261601 0.405375 0.0417731
-0.0838628 0.240263 -0.0244122
-0.0727491 0.219417 0.0644715
-0.0438888 0.224201 0.068594
0.0509652 0.218759 0.0707854
0.140292 -0.308533 -0.00760669
-0.131179 0.0694201 -0.0794447
-0.021586 0.223558 0.0637372
0.00391886 -0.0404112 -0.13914
-0.118047 -0.0260015 -0.0128359
0.00277641 0.224628 0.0701424
-0.118897 -0.0293817 -0.020141
0.0758735 0.220038 0.0677424
-0.144687 -0.359567 -0.0335392
-0.123006 -0.0450225 -0.0241248
-0.129174 -0.074468 -0.0292914
-0.139653 -0.271638 -0.0272781
-0.148856 0.0686942 -0.0796286
-0.0728677 0.236238 0.065478
0.0740606 0.134886 -0.0751179
0.0711958 0.243214 0.0726152
-0.121444 -0.0397453 -0.00616799
0.0681427 0.251197 0.0749486
0.0761798 0.235851 0.0192256
0.0634406 0.257741 0.0785451
0.0374475 0.145371 -0.095607
-0.0932364 -0.162945 -0.136157
-0.0531806 0.271517 0.0710969
0.0607221 0.267937 0.0632888
-0.0451745 0.116633 -0.0896483
0.160659 0.111833 -0.00376825
-0.0427675 0.0949225 -0.0923984
0.0520808 0.274543 0.0637694
-0.0320939 0.286736 0.0632426
-0.0395866 0.283088 0.058249
-0.0804915 0.237631 0.00279259
0.0219824 0.286623 0.0732853
0.0700979 -0.490808 0.0318778
-0.120709 -0.49297 0.0572902
0.0151631 -0.314673 -0.0203888
-0.0797734 -0.41007 -0.0948927
-0.168438 0.109577 -0.00419275
0.149917 0.0610242 -0.0773588
-0.014036 -0.33592 -0.0169591
0.145962 -0.347037 -0.0244741
-0.0759496 -0.494019 0.0598736
-0.0694691 -0.494431 0.057077
-0.054519 -0.494008 0.0574966
0.0131663 -0.393799 -0.0223595
0.0394485 -0.49152 0.062361
0.0471073 0.0959614 -0.0911969
0.075551 -0.492679 0.0694931
0.0575561 -0.493628 0.060138
0.0847997 -0.492516 0.0699875
0.0978354 -0.491958 0.0613653
0.0890135 -0.492608 0.0618178
-0.0672883 -0.403591 -0.0942741
-0.0459002 0.10297 -0.089739
0.113941 -0.493203 0.0628094
0.13531 -0.488413 0.0590015
-0.227952 0.0777075 -0.00601153
0.0792138 -0.493002 0.0303884
-0.0659689 -0.417358 -0.0931685
0.139506 -0.480536 0.0577222
-0.139392 -0.274876 -0.0208555
-0.0239444 -0.483037 0.0589305
0.137163 -0.472088 0.05425
-0.046594 0.0687671 -0.0935728
-0.0796467 0.210657 0.00699282
0.115205 -0.0109249 -0.00138603
-0.0949615 -0.449061 0.060831
-0.102172 -0.45572 0.0622372
0.0207626 -0.486918 0.0244476
0.0173792 -0.454851 0.0527294
-0.119138 -0.447442 0.0346939
0.0728648 0.0674876 -0.0807756
-0.0179348 -0.454369 0.0575468
-0.0231202 -0.445768 0.0569308
0.140606 -0.276123 -0.0160682
-0.031147 -0.439938 0.0580867
-0.0267329 -0.439937 0.0519191
0.0313167 -0.437938 0.0523458
0.0217943 -0.448484 0.0549993
0.0776507 -0.394189 -0.095586
-0.0578597 -0.210115 0.0556897
-0.0440999 -0.203032 0.0613155
0.0910751 -0.17389 0.0618304
-0.0290993 -0.202947 0.0618371
-0.0415344 -0.211075 0.0557074
0.0486418 0.0704586 -0.0934383
-0.0184562 -0.208802 0.0558107
-0.104552 -0.400772 -0.0903219
-0.0216098 -0.202991 0.0618546
0.00505131 -0.208121 0.0548602
-0.131738 -0.0836851 -0.0106966
0.0219509 -0.212203 0.0522523
0.0160046 -0.338031 -0.0167307
0.0356062 -0.205163 0.0596439
0.0312875 -0.212392 0.0541529
0.0449849 -0.204363 0.0602217
-0.0945891 -0.400893 -0.0934983
0.0522321 -0.203765 0.0599881
0.057346 -0.207453 0.0573056
-0.0822969 0.360279 -0.0200891
-0.141331 -0.148341 -0.0112444
0.109335 0.120772 -0.0765755
-0.13667 -0.195544 -0.00461384
0.0860027 0.25161 -0.0173021
-0.0889089 -0.159628 0.0664626
-0.0961843 -0.170378 0.058163
0.0970479 -0.168468 0.0599449
0.138856 -0.211714 -0.0141872
-0.104065 -0.146551 0.057975
0.0529458 0.0782417 -0.089784
0.0499237 -0.43998 -0.0853722
0.137702 -0.206721 -0.00659997
0.108494 -0.124316 0.0599362
0.108941 -0.110635 0.0630025
0.13811 -0.245629 -0.0138439
-0.107737 -0.0968259 0.0631374
0.114 -0.0989374 0.0573412
0.113468 -0.0895799 0.0575804
0.105182 -0.06726 0.0610937
0.139602 -0.189122 -0.04189
0.0993065 -0.051553 0.0630054
0.0974483 -0.0354709 0.0584174
-0.0981834 -0.038706 0.0560385
0.0505882 -0.0594947 -0.133868
-0.0854854 -0.0182591 0.0624997
0.117996 -0.0253439 0.00650884
0.121773 0.122281 0.00149836
-0.0479765 -0.373384 -0.0880959
-0.0902112 -0.0143534 0.0553118
-0.0811919 0.00147438 0.0580246
-0.22589 0.00776767 0.0590527
0.086556 0.255671 -0.0271559
0.0863848 0.19945 -0.018297
-0.0566348 0.0558319 -0.0896772
-0.108908 0.130734 0.00151216
0.0863581 0.180414 -0.0158156
0.0813603 -0.000159107 0.0612082
0.0703735 -0.427458 -0.0931789
-0.234572 0.00894743 0.059886
-0.241411 0.0110006 0.0594775
-0.195852 0.0203596 0.0557276
0.0706605 0.0107843 0.065105
-0.0891692 -0.391558 -0.094827
-0.0895771 -0.0939086 -0.133598
0.252786 0.0197599 0.0665651
-0.135731 -0.486488 -0.0313714
-0.0878408 -0.41552 0.0426686
-0.190687 0.0189655 0.0475533
-0.194093 0.0282175 0.0605376
0.0461864 0.0454535 -0.10056
0.139655 -0.353167 -0.000934832
0.255421 0.0188952 0.0568069
-0.0965426 -0.413928 0.0407199
-0.0631145 0.0226787 0.064523
-0.1286 -0.0697707 -0.00785459
0.193385 0.0252846 0.0572638
0.13346 -0.0809776 -0.0208525
0.0336635 -0.0519783 0.105937
-0.262354 0.0291258 0.0638901
0.144179 -0.367024 -0.0104233
-0.140959 -0.17544 -0.0155435
0.190244 0.0328557 0.0574046
-0.137058 -0.290261 -0.0076427
0.264726 0.0334871 0.0672437
-0.0132609 -0.474531 0.0469374
-0.266115 0.0362146 0.0673531
-0.068869 0.0476911 0.0645753
-0.0649268 0.0316901 0.0631902
0.189075 0.0413553 0.0573896
0.0936112 -0.36483 -0.0944163
0.0710762 -0.371174 -0.0950956
-0.268556 0.0427 0.0620208
-0.13788 -0.272485 -0.0137675
0.268164 0.0404888 0.0612376
0.0167199 -0.31551 -0.0130657
0.0197377 -0.300336 -0.00471119
-0.0816978 -0.408561 0.0423461
-0.188422 0.0525597 0.0540547
0.0853396 0.0612196 0.0541168
-0.0437768 -0.0876604 0.11039
-0.0158421 -0.381552 -0.00575653
0.145632 -0.398235 -0.00723308
-0.0754912 0.0749209 0.0588757
0.0795966 0.074146 0.0608482
-0.262438 0.0711373 0.0496933
-0.256868 0.0856661 0.0630866
-0.0178762 -0.325202 -0.00461758
-0.0716795 0.0832406 0.0606619
-0.250266 0.0907877 0.0644569
0.0141141 -0.416016 -0.00793153
0.0747036 0.0903899 0.0592832
0.068399 0.0943205 0.0627186
0.0726776 -0.346224 -0.095436
0.0663619 0.100899 0.0592389
0.230598 0.0920946 0.0603924
-0.0162428 -0.349629 -0.00909898
0.0618089 -0.116166 0.102042
-0.0860349 -0.34307 -0.095537
-0.018021 -0.48296 0.0434829
0.248622 0.0906982 0.0627083
-0.0546356 0.107001 0.0590752
-0.0626242 0.105721 0.0532588
-0.0833462 0.186399 -0.00901091
-0.0640884 -0.412931 0.0416419
0.14083 -0.192999 -0.0334193
0.0528778 0.114096 0.0573744
-0.0328649 0.120789 0.0611998
0.0143958 -0.387245 -0.0166655
0.0164509 -0.390819 -0.00726991
0.104506 -0.35449 -0.0913793
0.0300307 0.113911 0.0646087
0.0963698 -0.351833 -0.0939279
-0.0665046 -0.379893 -0.0946744
-0.0256529 0.128338 0.0629854
-0.0699124 -0.396832 0.0400625
-0.0729436 0.388884 0.000827003
0.030584 0.137763 0.0620805
-0.0753088 0.372332 -0.0006011
0.038445 0.135507 0.058667
0.0786515 0.365476 -0.00152447
-0.0786397 0.339521 -0.00235251
0.0858386 0.266498 -0.0140767
0.0850921 0.282703 -0.0112225
0.0422028 0.143174 0.0563997
0.0369356 0.149424 0.0598413
-0.0242674 0.456208 -0.116539
0.0829727 0.335581 -0.00856244
-0.080992 0.261484 -0.00121094
-0.0787143 0.306469 0.00133269
0.0541396 0.164104 0.0631566
0.0840105 0.25796 -0.00363316
-0.0836995 0.278434 -0.0189052
0.0831935 0.285466 -0.00290015
0.0856628 0.358428 -0.026749
-0.0583213 -0.352429 -0.0926585
0.0201194 0.456468 -0.11846
0.0696932 0.185962 0.0663204
-0.0821418 0.18777 -0.00147678
0.0709196 0.196555 0.067
0.0668072 0.20327 0.0701606
0.0513064 0.202327 0.062552
0.0447396 0.200986 0.0579168
0.018305 -0.349261 -0.051929
-0.0341207 0.202935 0.0615572
-0.079314 -0.496666 0.0454937
-0.0214406 0.212021 0.0624067
0.0220813 0.207764 0.0639184
0.0658565 0.208929 0.0673588
0.10456 -0.398187 0.036446
-0.141085 -0.342674 -0.0500769
-0.0522844 -0.345327 -0.090594
-0.00864084 0.21569 0.0645977
0.0876552 -0.0213313 -0.0960357
-0.0597036 -0.095398 0.104239
0.0285268 0.210181 0.0612492
0.0195983 -0.315906 -0.00505899
0.0311869 0.446774 -0.119637
-0.022828 0.217831 0.0617847
-0.09257 -0.0173098 -0.0857464
-0.0275857 0.22124 0.0603721
0.10368 -0.373774 0.0335261
-0.0171628 0.461103 -0.115714
0.0841441 0.17795 4.45509e-05
0.00724956 0.212212 0.0649303
0.0662611 0.213873 0.0709
0.0856362 0.195677 -0.00872156
0.161393 0.100181 0.00690736
-0.0827642 0.171408 -0.00388968
-0.0816052 0.202909 0.00047441
-0.0808462 0.220031 0.00252956
-0.09246 -0.0531723 -0.100902
-0.0911046 -0.0343909 -0.0951155
0.134245 -0.0847696 -0.0109007
0.125561 -0.0460298 -0.00543188
0.0216793 0.214701 0.0627867
0.223931 0.0803454 -0.0117583
-0.124093 -0.0492495 -0.0080266
0.079089 0.224812 0.0532388
-0.0280946 0.227156 0.0653067
-0.240297 0.0650177 -0.00831781
0.0848694 -0.383343 -0.0955412
0.0234975 -0.316665 0.00270614
0.164163 0.0180529 0.00889532
0.0744018 0.234188 0.0724974
-0.0689787 0.253045 0.0666703
0.100154 -0.0584834 -0.0961314
-0.0640689 0.26189 0.0664323
-0.0582967 0.26841 0.0648521
0.102736 -0.0763436 -0.101393
0.134188 -0.336181 0.00651784
-0.138404 -0.342172 -0.00361597
-0.0457256 0.27885 0.061034
0.0345969 -0.311971 -0.0771523
0.13945 -0.402547 0.00725722
0.142331 -0.408604 0.00278494
-0.106854 0.00674651 -0.00230058
0.0455162 0.0096705 0.0818444
-0.165854 0.0688888 -0.0775423
-0.0469331 0.304652 0.0578834
-0.0525457 0.302068 0.0539601
0.0881861 -0.350358 -0.0953994
-0.0317678 0.305564 0.06094
-0.0391199 0.300162 0.0588083
-0.0331624 0.314271 0.0633323
0.0824461 0.271545 0.00101862
-0.104116 -0.0715123 -0.0931662
0.0361754 0.304237 0.0608363
0.0283708 0.296677 0.0596029
-0.0769779 0.253007 0.0112334
0.0402754 0.31425 0.0628579
-0.0480102 0.313175 0.0598916
0.0922528 -0.379948 -0.0946999
-0.0500457 0.322718 0.0596798
-0.0761912 0.268844 0.0117062
0.0234713 0.312905 0.0662958
0.0309903 0.313375 0.0628223
-0.0978829 -0.0517002 -0.0937527
0.112538 -0.0875583 -0.0926211
0.0993585 -0.376339 -0.0931228
0.0820009 0.18955 0.00725007
-0.0265281 0.318937 0.0632109
0.115605 -0.103976 -0.097693
-0.116419 -0.0296892 0.00914742
-0.0269125 -0.197539 0.066892
0.0100138 -0.0405302 0.107054
-0.0269126 0.325953 0.0621554
-0.136026 -0.274369 -0.0515041
0.0847676 0.337913 -0.0165331
0.0295395 0.329143 0.0612006
-0.110248 -0.320093 0.0279315
-0.0321411 0.332901 0.0607632
-0.0583438 -0.011459 0.0823081
-0.0759018 0.173038 0.017675
0.0493214 0.326903 0.0602455
0.06378 -0.313039 0.0363848
-0.243954 0.0679685 0.00593017
0.118631 -0.105235 -0.088758
0.0397227 0.331292 0.0610078
0.137515 -0.113432 -0.0020776
0.14278 -0.141848 -0.00664055
-0.0207531 0.351642 0.0591755
-0.0737826 -0.286989 0.0349426
0.0233274 0.344672 0.0571886
0.028115 0.353166 0.0594579
0.139672 -0.168937 0.00658808
0.0359133 0.354225 0.0579122
0.031679 0.360537 0.0600782
-0.0327368 0.358331 0.0586824
0.0730906 -0.293568 0.0358117
0.0797281 -0.29137 0.0360384
-0.030958 0.371561 0.0567103
-0.118239 -0.121235 -0.0948432
-0.00974168 0.458615 -0.118708
-0.114726 -0.493418 0.0529765
-0.12696 -0.0647931 -0.000941705
-0.107259 -0.492972 0.0536354
-0.0923146 -0.495895 0.0505933
-0.0864108 -0.497049 0.0463176
-0.0742709 -0.495438 0.0519484
-0.0587582 -0.494455 0.0506115
-0.0466494 -0.493922 0.0570317
0.0429294 -0.493298 0.054733
0.0786483 -0.255844 0.03603
0.0287421 -0.383683 0.0140986
0.0596217 -0.49458 0.0508963
-0.0515075 -0.0147312 0.0872839
0.0843087 -0.495185 0.0545074
0.0683189 0.0607499 -0.0825116
0.0838645 -0.241285 0.0385473
-0.0183803 -0.479424 0.0529084
0.0743519 0.287252 0.0180293
-0.0896367 -0.306643 -0.0941216
0.0795817 0.185549 0.0139591
-0.0611379 -0.286852 -0.0923727
-0.131761 -0.468575 0.0511196
0.0607899 -0.309865 -0.0926478
-0.0598207 -0.198704 -0.121333
0.0855527 0.322964 -0.0191628
-0.011824 -0.465648 0.049321
0.0836636 0.132909 -0.0736581
0.121032 -0.0392388 0.0109664
0.0146433 -0.461084 0.0505776
-0.209814 0.0211757 0.0732421
0.126929 -0.489117 -0.0494912
0.120997 -0.126709 -0.0911294
-0.119386 -0.135742 -0.0939835
0.0701132 0.0445629 -0.0830149
-0.00998423 -0.459384 0.0431801
0.115254 0.124326 -0.0735827
-0.12469 -0.297707 0.0131401
-0.124883 -0.0613863 0.00729528
0.206975 0.0872569 0.00566079
0.119061 -0.131434 -0.0981056
0.12164 -0.172236 0.0371806
0.0994807 -0.444069 0.0522923
0.114183 -0.453666 0.0503184
-0.0901428 -0.437493 0.0493335
-0.0837269 -0.43747 0.0531422
-0.0835859 -0.432401 0.0474969
-0.0268186 -0.437185 0.0450975
-0.0325766 -0.435728 0.050779
0.0756152 -0.436775 0.0572628
-0.129004 -0.292015 0.00753985
0.0847228 -0.430293 0.0467853
-0.134395 -0.267507 -0.00510226
0.0640735 -0.302115 -0.0932413
0.101542 -0.186786 -0.102473
-0.0611394 -0.43247 0.0552101
0.0390127 -0.434831 0.0541712
0.0358818 -0.433708 0.0467523
0.0469288 -0.431988 0.053821
-0.0169619 -0.308004 -0.00665484
-0.0718489 0.0280583 -0.0850848
0.127652 -0.161344 0.0316318
-0.131549 -0.326434 0.00677158
-0.101843 -0.187251 -0.100748
0.132084 -0.144473 0.0252273
0.124541 -0.11304 0.0366556
-0.0331498 -0.214323 0.0532445
-0.040465 -0.216887 0.0515957
-0.0238299 -0.214093 0.0516525
-0.0281606 -0.220539 0.047513
0.0810456 -0.319755 -0.0957373
0.0488814 -0.21561 0.0530954
0.0941097 -0.295807 -0.0929895
0.0527403 -0.220944 0.0498214
0.0217668 -0.357088 -0.000370596
0.118111 -0.075379 0.0433604
0.0719754 -0.319254 -0.0952915
-0.0758034 0.0106261 -0.0908982
-0.105487 -0.180303 -0.10132
0.0754622 -0.21268 0.0511438
-0.0835762 -0.280225 -0.0932904
-0.0815409 -0.294056 -0.0944887
0.12794 -0.394694 0.0211045
0.0253593 -0.391203 0.0108816
0.0937563 -0.1993 0.0498493
0.0833613 -0.21264 0.0488226
-0.0536864 0.418863 0.0183835
0.100873 -0.194916 0.0473433
-0.101464 -0.176083 0.0526069
-0.10612 -0.18241 0.0467733
-0.098416 -0.185243 0.0514453
0.102716 -0.178936 0.052474
0.102915 -0.163232 0.0571413
-0.104471 -0.16571 0.0536764
-0.110113 -0.15835 0.0498906
-0.115512 -0.161075 0.0438867
0.120683 -0.497907 -0.0101782
0.112921 -0.169044 0.0473493
0.108819 -0.0350393 0.0406922
-0.109313 -0.140427 0.053509
0.108471 -0.140516 0.0568183
0.114569 -0.153213 0.0488582
0.108292 -0.131795 0.0587564
-0.109447 -0.130713 0.0547599
0.112507 -0.497604 0.00602176
0.066213 -0.283187 -0.0928032
-0.0140204 -0.075351 0.114684
-0.0668432 -0.178846 0.0701984
-0.104134 -0.0876102 0.0668517
-0.104455 -0.06181 0.0567559
-0.099306 -0.047879 0.0586642
0.0669462 0.418278 0.00721042
-0.102458 -0.0357154 0.0482801
-0.104794 -0.0145634 0.0312456
0.0743032 -0.284108 -0.0937922
0.223081 0.00602227 0.055397
-0.0942665 0.00818246 0.0347208
-0.2395 0.00783123 0.0531825
-0.140323 -0.307834 -0.0467619
0.0722044 0.264654 0.0236915
0.197127 0.0194132 0.0566647
-0.0447401 -0.00960372 0.0888053
0.00342545 -0.201229 -0.103305
0.0678021 0.261482 0.0302844
0.0723557 0.0264807 0.0593172
-0.0778222 0.0232337 -0.0810118
-0.18974 0.026671 0.052484
-0.0702488 0.243908 0.0266156
0.0776334 0.0383774 0.057253
-0.269425 0.0495027 0.0566269
-0.0925926 -0.208219 -0.094775
-0.108885 -0.023335 0.0278056
-0.0732066 0.0525254 0.0614505
0.083449 0.0448381 0.0516723
-0.0690992 0.385104 0.00785476
0.187605 0.0540872 0.050918
-0.0604088 0.468762 -0.025554
0.269561 0.0608058 0.0606105
0.269003 0.0462028 0.0559831
0.0761937 0.199634 0.0215208
0.0856524 0.33112 -0.0223537
0.0955999 -0.203011 -0.0961832
0.0881822 -0.216212 -0.0949007
0.0818847 -0.222231 -0.0954097
-0.00339793 0.22178 0.0669593
0.266217 0.0675888 0.0549464
0.263547 0.0748918 0.0579226
0.0718814 -0.290501 -0.093947
-0.0890257 -0.266722 -0.0914357
-0.212815 -0.00279773 0.0269677
0.0834387 0.080387 0.053327
0.257833 0.0795988 0.0536357
-0.204619 0.0780268 0.0501455
-0.0754126 0.181813 0.0183945
0.0795512 0.309705 0.00506262
-0.0725219 0.202316 0.0299414
-0.0800394 0.253548 0.00295796
0.204172 0.0771335 0.0505286
0.250669 0.083043 0.0500913
0.226962 0.00167251 0.0424966
-0.237952 0.0891637 0.0532551
0.0775667 0.0927468 0.0539499
0.0843699 0.22169 -0.00250147
0.0690071 0.105709 0.0519557
0.0605681 0.106887 0.0585687
0.0559563 0.119675 0.0517396
-0.132931 -0.201484 -0.0521629
0.0612966 0.120626 0.0464239
0.0551477 0.12712 0.0487197
0.0191233 -0.209926 -0.0983356
-0.0477889 0.122957 0.0533677
0.049364 0.123146 0.0545446
-0.0810722 0.174843 0.00383187
0.0647858 -0.271897 -0.0918514
0.00959976 0.204988 0.0679959
-0.0422194 0.150677 0.0557599
-0.0469497 0.139397 0.0522636
0.0367517 -0.326472 0.0186799
0.0385643 -0.311708 0.02013
0.0580037 -0.287675 -0.0907264
-0.0952624 0.00186268 0.0382121
-0.0400686 -0.303435 0.0226645
-0.0656755 -0.294623 -0.093739
-0.065275 -0.263223 -0.0920483
-0.0923756 0.0160182 0.0317867
0.0554578 0.161614 0.0482984
0.0576081 0.166692 0.0554538
0.0607111 0.170035 0.0459936
-0.069835 0.188653 0.0571575
-0.0285615 -0.329353 0.0120902
-0.0901536 0.012814 0.0383235
-0.0716409 0.197074 0.056828
0.0735339 0.190874 0.0583466
0.0376032 -0.439959 -0.077351
0.0923116 0.00738384 0.042838
-0.0734833 0.2147 0.0579411
-0.0337247 0.209618 0.0581396
0.0771968 -0.0481854 0.0833712
0.0902986 0.0137572 0.0413206
-0.0115787 -0.21034 -0.0949228
-0.174841 0.0058122 -0.00115245
0.080705 -0.280887 -0.0938101
-0.0339446 0.217406 0.0575635
-0.041197 0.22098 0.0548392
-0.142468 0.0292086 -0.00585226
0.0542942 0.218072 0.0643519
0.122304 -0.0463308 0.0137768
-0.0489726 0.22213 0.0623123
0.119958 -0.275736 0.0187142
-0.0335455 0.226028 0.0587855
0.0366037 0.222452 0.057327
-0.18592 0.0119328 0.0333785
0.0774152 0.228376 0.0637504
0.101411 -0.264191 0.0298718
0.0769618 0.235629 0.0537609
-0.0207011 -0.212266 -0.0971011
-0.0161126 -0.216157 -0.0917397
0.0882341 -0.276366 -0.0926487
0.0667463 0.259568 0.0696157
0.140964 -0.142695 0.00182774
-0.0564042 0.27039 0.0566952
0.121765 -0.39323 0.0262
-0.0922694 -0.217705 -0.0919992
-0.0440376 0.279414 0.0541873
-0.187614 0.00610968 0.026355
-0.266777 0.0408478 0.0446605
-0.046611 0.295853 0.0533875
0.0772012 0.007591 -0.093468
-0.262915 0.0320389 0.0317396
-0.0347368 0.140408 0.0593169
0.138649 -0.139316 0.00934454
0.0443218 0.298946 0.0574822
-0.220504 0.098609 0.108159
-0.0864372 0.0501785 0.0324314
0.0518434 0.302662 0.0565733
0.0504204 0.295242 0.0531496
0.0832589 0.359445 -0.0136671
0.057911 0.307061 0.054497
-0.0592959 0.313456 0.052742
-0.251788 0.0305808 -0.00292605
-0.038585 -0.19725 -0.124878
-0.0577568 0.3216 0.0542814
-0.015524 -0.0415272 0.106515
0.0963273 -0.280875 -0.0912353
-0.131491 -0.275422 0.00211838
0.128742 -0.284993 0.00982234
0.061068 0.327332 0.0525308
0.0742963 -0.24446 -0.0929727
0.0733515 0.176465 0.0262501
-0.0226676 0.331146 0.059883
-0.0239338 -0.220813 -0.0915564
-0.0614011 -0.237248 -0.0940432
-0.0511935 0.336952 0.0539775
-0.0643078 0.167265 0.0358378
-0.203329 0.0154036 0.0589632
0.125089 -0.0533141 0.0087688
-0.0840145 -0.251376 -0.0914877
-0.0202317 -0.310934 0.000490264
-0.0272419 0.137178 0.0624103
0.259982 0.0612632 0.0307065
-0.0846139 -0.232272 -0.092547
0.131909 -0.341763 0.0100814
0.0492706 0.336847 0.0564671
-0.0331459 0.342828 0.057433
-0.112441 -0.0300273 0.0236481
-0.0236626 -0.342572 0.00564395
-0.118316 -0.0613896 0.0304236
-0.0404185 0.348019 0.0548233
0.0218719 -0.0793159 0.114754
-0.0137634 0.351092 0.0576882
-0.00833954 0.358356 0.0568604
-0.00582847 0.349752 0.0542556
0.0245737 -0.361954 0.00553154
0.0396446 0.348785 0.0560359
0.0614066 0.113646 0.0520497
-0.0330524 0.351501 0.0574162
-0.0961195 -0.15446 -0.137299
-0.0975809 -0.216713 0.0395711
-0.13343 -0.345144 0.00596563
0.043459 0.354816 0.0555569
-0.134353 -0.354582 0.00569838
0.0798105 0.177116 0.013703
-0.141836 -0.37934 -0.00568504
0.0644433 -0.230742 -0.0954894
0.0822455 -0.273751 0.0342875
-0.011523 0.368244 0.056724
0.0120473 0.358142 0.0570152
0.0117684 0.36691 0.0556394
-0.0445029 0.364317 0.0544603
-0.0824794 0.0839195 0.0397175
-0.0161747 0.376977 0.052754
0.00454086 0.370287 0.0510959
0.0560086 -0.394873 0.0357873
-0.081816 0.325083 -0.0116921
0.0466932 0.362936 0.0548406
0.0842934 -0.230827 -0.09324
0.0492809 -0.400909 0.0335989
-0.051398 -0.00641651 0.0845959
0.0194652 0.371632 0.0567868
0.041003 0.36788 0.0552269
-0.0154777 0.433702 0.0340556
-0.0216183 0.382901 0.0473183
-0.01966 0.420526 0.0360066
0.0124148 0.37523 0.0516241
-0.0910221 -0.497131 0.0332226
-0.0112048 0.213754 0.0942113
-0.0835301 -0.0786222 -0.125832
0.0792322 -0.496029 0.0467204
0.1359 -0.112368 0.00538802
0.135568 -0.405254 0.0136943
-0.11153 -0.495055 0.0463542
-0.101453 -0.496423 0.0463404
-0.180413 0.0120052 0.02552
-0.0550777 -0.493574 0.0435986
0.0351151 -0.491484 0.0389012
0.0301146 -0.489365 0.046764
0.0527706 -0.493893 0.0452539
0.0915029 0.111596 -0.080691
0.0980377 -0.496758 0.046411
0.111212 -0.493234 0.0546241
0.0169544 -0.415739 0.000206514
0.1252 -0.49392 0.0517172
-0.0644347 -0.0267289 0.0836789
-0.0238787 -0.486071 0.0505578
0.0870248 -0.140018 0.0771345
0.108112 -0.0262883 0.0366817
0.0927065 -0.139606 0.0722693
0.0771203 -0.387082 0.0393621
-0.139715 -0.401645 0.00325396
-0.0637465 0.111349 0.0465783
-0.129234 -0.464444 0.0453933
0.0135911 -0.059828 0.111399
0.126257 -0.461674 0.0466388
0.0633179 -0.388671 0.0373538
-0.0130749 -0.452876 0.0450935
0.121077 -0.455352 0.0446558
0.0973759 -0.134442 0.0694654
-0.0691529 0.117068 0.0338009
-0.114515 -0.448834 0.042242
-0.105787 -0.444153 0.0454652
-0.022246 0.213872 0.103066
-0.0158165 -0.446727 0.0425792
0.0727353 -0.40083 0.040876
0.119512 -0.13908 -0.0971467
-0.0869993 -0.38788 0.0389892
-0.0976894 -0.437119 0.0444806
-0.0968707 -0.443249 0.0519986
0.0626608 0.143499 0.040607
-0.0214975 -0.488919 0.0120371
-0.0843098 -0.399191 0.0408306
-0.139412 -0.323394 -0.052539
0.103979 -0.494683 0.0062552
-0.0336467 -0.432768 0.0429962
-0.039714 -0.431727 0.0488091
0.0769698 -0.432175 0.0498199
0.113289 -0.396156 0.0320992
0.110743 -0.406973 0.0349268
0.114683 -0.14421 -0.109273
0.0631438 -0.428969 0.0493023
-0.127332 0.137771 -0.051791
0.0650722 -0.422822 0.0442279
0.0393606 0.490292 -0.0530711
-0.0577139 -0.226801 0.0469716
-0.0442638 -0.222038 0.0489754
0.0611865 -0.219299 0.0502703
0.0186605 -0.218301 0.0459368
0.0238625 -0.225694 0.0413427
0.100901 -0.119839 0.0706391
-0.0114837 0.420873 0.0375324
0.0678417 0.139429 0.0348326
-0.116477 -0.136749 -0.103671
0.0851808 -0.228796 0.0420532
-0.0761575 -0.200723 0.0560766
-0.102773 -0.0609907 -0.0908257
-0.0993133 -0.198336 0.0455904
-0.0892283 -0.19644 0.0523002
-0.0907393 -0.2101 0.0456567
-0.114455 -0.144099 0.046922
0.114251 -0.143791 0.0501524
0.0653494 0.166389 0.0372357
0.11279 -0.126314 0.0541451
0.117569 -0.128873 0.0477394
-0.0738919 0.209815 0.0364857
0.0779861 0.330784 0.00877905
0.113759 -0.107673 0.0568656
-0.119861 -0.0916628 0.0426695
-0.115036 -0.0884179 0.0507377
0.106303 -0.0462187 0.0511145
0.014563 -0.313932 -0.0354053
-0.261173 0.091208 0.104347
-0.0946821 -0.0106047 0.0471123
-0.101376 -0.0266813 0.0449541
0.12152 -0.135597 -0.0908104
0.0799876 0.270345 0.0084275
0.136496 -0.176082 -0.055359
-0.0869631 0.00429535 0.049146
-0.0910735 0.00644424 0.0417029
-0.0772993 0.238463 0.0115373
0.104141 -0.0279935 0.0449391
0.211271 0.00410732 0.0464522
-0.245198 0.00889571 0.0455502
0.145582 -0.333273 -0.0267196
-0.0749942 0.0181022 0.0550179
0.0767887 0.228533 0.0189145
-0.111674 -0.0490839 0.038938
0.082055 0.181446 0.00727157
0.0757895 0.209496 0.0342804
0.0466789 -0.23282 -0.0925777
0.239902 0.0921987 0.0608023
0.120204 -0.119218 -0.090869
-0.139246 -0.176078 -0.0394139
0.087173 -0.401237 0.0410027
0.264875 0.0325334 0.0482717
0.261277 0.0253921 0.0527248
0.0714153 -0.39205 0.039445
-0.182214 0.0392797 0.0454893
-0.184974 0.045898 0.0490674
-0.0722806 0.0354351 0.0567759
-0.0765958 0.0496322 0.0559994
-0.0733929 0.0901882 0.0540437
0.185777 0.0459715 0.0509048
0.18185 0.0430953 0.0438083
-0.185048 0.0185861 0.0397366
0.183848 0.0510205 0.0447511
-0.105524 -0.0243299 0.0363635
-0.268197 0.0562645 0.0512609
-0.185272 0.0540786 0.0448585
-0.0762739 0.213723 0.0155529
-0.265063 0.0626901 0.0458017
-0.190239 0.0608225 0.0497242
-0.0157119 -0.335896 -0.0498855
-0.193668 0.0679504 0.0444757
0.0640803 -0.0569991 0.0945752
0.0410293 -0.225928 -0.0937103
-0.080569 0.0729553 0.050646
0.0505294 0.204767 0.0555977
-0.0774595 0.123054 -0.0775489
0.102186 0.1311 0.00605434
0.0768722 0.225426 0.0382845
0.0960447 -0.120066 0.0757882
-0.199514 0.0734936 0.0480421
-0.210197 0.0814907 0.0471627
-0.0508098 -0.226884 -0.0960232
0.110133 -0.0522119 0.0475418
-0.116196 0.11457 0.00733358
-0.223353 0.087134 0.0500381
-0.104123 -0.0432822 -0.0812548
-0.0669363 0.0917741 0.061177
0.225444 0.0888472 0.0534977
0.220045 0.0850911 0.047355
0.235871 0.0857896 0.0443826
-0.116034 -0.119874 -0.10223
-0.0984505 -0.497614 0.0261133
-0.116661 -0.112156 -0.0951692
-0.0682484 0.0982513 0.0539281
-0.0689136 0.104286 0.0466816
-0.0596413 0.117093 0.0464028
-0.137 0.0709495 0.0125231
0.0745709 0.107107 0.0427075
-0.0305704 -0.00733563 0.0933471
-0.0455324 -0.23229 -0.0929086
0.116044 -0.0965893 -0.0914594
-0.0526004 0.14314 0.0478092
-0.0583151 0.146575 0.0427612
-0.139971 0.0482886 0.0083126
0.0570941 0.147832 0.0459033
-0.0288269 0.213056 0.0979015
-0.104434 -0.491937 0.0617539
0.139545 -0.212002 -0.0297009
-0.0581824 0.168716 0.0475017
0.226104 0.0943791 0.067881
-0.103786 0.0133247 0.0015128
-0.245401 0.0110814 0.00621058
-0.11347 -0.0763477 -0.0803281
0.0732547 0.186332 0.0493697
0.100238 -0.0217812 0.0478591
0.0935092 -0.0269947 0.0595404
0.0760757 0.195862 0.0499681
0.0772133 0.205666 0.050567
0.0748508 0.20975 0.0586607
-0.108514 -0.0591964 -0.0813353
0.108646 -0.0748589 0.0591047
-0.0925912 -0.0445468 -0.0976475
0.0438948 0.217405 0.0543791
0.00811886 0.395692 0.0434483
-0.0751292 0.228685 0.0609308
0.0415909 -0.212457 0.0548606
-0.0758016 0.229579 0.0524952
-0.0719416 0.24462 0.0612828
0.0746912 0.240541 0.0436407
0.115245 0.122155 0.00466442
0.117676 -0.0197668 -0.0010814
0.0715616 0.250711 0.0658119
0.0277056 0.495202 -0.0438101
-0.131018 -0.0871038 0.00434876
-0.132323 -0.1255 0.0158785
-0.0596919 0.265585 0.0505558
0.0963922 -0.0614161 -0.101904
0.0619857 0.265935 0.0521235
0.0793485 0.0873509 0.055572
0.141668 -0.316316 -0.0106463
-0.0550573 0.297492 0.0485647
-0.0947181 -0.0612442 0.0692456
0.0956959 -0.0530319 -0.099556
-0.0586142 0.292402 0.041527
0.0621872 0.311912 0.0525995
0.113995 -0.0825574 -0.08657
0.0787828 -0.238087 -0.0934588
-0.0578338 0.335191 0.0499334
-0.101519 -0.0663597 0.0626618
0.133217 -0.177008 0.0181827
0.0580793 0.335506 0.0517062
0.0648344 0.332476 0.0467082
-0.0545671 0.341959 0.0487881
0.0364414 0.39468 0.0361137
0.0541321 0.343958 0.0499359
-0.0480639 0.344586 0.0522685
-0.249604 0.0951775 0.0722107
0.00273806 0.348333 0.0530259
-0.104467 -0.12555 0.0616757
0.0843488 -0.171699 0.0665192
-0.13312 -0.089754 -0.016117
0.0904662 -0.0559093 -0.106048
0.129432 -0.250968 0.00663396
-0.126229 -0.272513 0.00976765
0.000111001 0.220651 0.0815979
0.0609633 0.359879 0.0471356
-0.00216887 0.224261 0.0747123
0.12585 -0.0486431 -0.0280531
-0.11499 -0.0931838 -0.087116
0.0403025 0.407107 0.0318277
-0.0468736 0.371923 0.0496294
-0.0711145 -0.0784227 -0.134913
-0.0716401 -0.0269595 0.0786445
-0.0477192 0.377606 0.0434222
-0.0391575 0.371697 0.0535849
0.119728 -0.259044 0.0179094
-0.0123008 0.383731 0.0467518
0.0212656 0.403812 0.0397361
-0.0819439 0.138693 0.0135844
-0.0600024 -0.228014 -0.0961876
-0.0828211 0.129405 -0.0742281
0.123565 -0.130729 -0.0835789
-0.0353175 0.381947 0.0443486
-0.0288804 0.381385 0.0472591
0.0134446 0.408372 0.0402139
0.0134768 0.382915 0.046391
-0.0825056 -0.0100949 -0.0945465
0.0210844 0.379123 0.0508206
-0.131712 -0.495082 0.0453534
-0.107839 -0.497593 0.0386208
-0.0687866 -0.23257 -0.0949373
-0.0712006 -0.495189 0.0442492
0.0933203 -0.497455 0.0382396
-0.0764968 -0.0100794 -0.100348
0.12784 -0.49577 0.0445347
0.131076 -0.495062 0.0356134
0.0339887 -0.11724 -0.161642
-0.139159 -0.490402 0.0420985
0.00517473 0.0252494 0.0850657
-0.0428153 -0.494152 0.0500803
0.00893504 0.431351 0.035985
-0.0471567 -0.493677 0.0430917
-0.0361142 -0.492056 0.0506165
-0.0295991 -0.490343 0.0389352
0.000201759 -0.000444706 0.0955078
-0.0229422 -0.30558 0.00489446
0.0450919 -0.492797 0.0399224
0.049577 -0.0256101 0.092732
-0.0271864 -0.304868 0.0106626
0.0564992 -0.0258915 0.0895486
0.0607277 -0.493519 0.0421786
0.107486 -0.495665 0.0464049
-0.124778 -0.133357 -0.0765545
0.138462 -0.467237 0.0359181
-0.140773 -0.475399 0.0394977
0.0311921 -0.355203 0.0137641
-0.0734307 -0.0687233 0.0902501
0.014546 -0.474487 0.0448967
-0.0278574 -0.347936 0.0113512
0.131313 -0.348728 0.0116214
-0.122419 -0.459465 0.0459748
0.120091 -0.460353 0.0519458
0.122377 -0.450791 0.0370737
-0.121082 -0.453712 0.0403067
0.0183989 -0.448314 0.0471757
-0.0746652 -0.13391 0.0875883
-0.0829058 -0.0512853 0.0776396
-0.0913548 -0.430694 0.0441338
0.0917665 -0.426332 0.043779
0.0769076 0.000200216 -0.0976438
-0.132452 -0.36145 0.00900742
0.131841 -0.373202 0.0137121
-0.00311663 0.199464 0.0990022
0.0408175 -0.429649 0.0419726
0.0395094 0.00843938 0.0849877
-0.0241793 -0.375823 0.00902225
0.08096 -0.417506 0.0438048
-0.0702715 -0.419283 0.0434676
0.0727883 -0.419871 0.0437315
-0.0767094 -0.227939 -0.0948777
0.0746935 -0.410378 0.0423791
0.0842712 -0.409508 0.0423373
0.0846909 0.355082 -0.01934
0.189407 -0.000614389 0.00705977
-0.0924463 -0.31867 0.0428654
-0.072629 -0.314528 0.0429098
-0.0507113 -0.0314137 0.0930277
0.0784842 -0.319132 0.0440942
0.0522597 0.0355738 -0.0998941
-0.0474581 -0.241132 -0.0911121
0.0205648 -0.0712951 0.113121
-0.0832833 -0.304268 0.042911
-0.0555579 -0.24138 -0.0926284
-0.0558073 0.0903153 -0.0858928
-0.0538737 -0.0635559 -0.133399
0.142599 -0.479417 0.0228527
-0.139689 -0.485756 0.0166894
-0.0635647 -0.233383 0.0439195
-0.0491401 -0.228131 0.0460255
-0.0605809 -0.241738 0.0405526
-0.142393 -0.485642 -0.000838453
0.134464 -0.206971 -0.0524821
0.0587573 -0.238447 0.0414304
-0.0690373 -0.056213 0.0899399
0.0235273 0.194254 0.101894
-0.0407497 -0.228318 0.0449016
-0.219567 -0.00193009 -0.00273752
0.0391716 -0.226255 0.0453605
0.0759273 -0.238367 0.0409217
-0.0767159 -0.216712 0.0485897
-0.0808636 -0.220149 0.0460265
-0.0783952 -0.238049 0.0400605
-0.0384311 0.102722 -0.093855
-0.0107362 -0.216868 0.0456253
-0.0236662 -0.226096 0.0417113
-0.0186997 -0.231797 0.0348362
-0.0323475 -0.227422 0.0433334
0.0143095 -0.223056 0.0397714
-0.0276122 0.420333 0.0333506
0.0267269 -0.490121 -0.000239718
-0.031372 -0.490686 -0.00181156
-0.0397747 -0.48987 0.0163305
-0.0106594 -0.210311 0.0529646
-0.00286567 -0.212166 0.0494146
0.0287766 -0.0230996 0.0989733
-0.136907 -0.15666 -0.051527
-0.00447022 -0.00576722 0.0971884
-0.0625073 -0.0672797 0.096806
0.0366446 0.129212 -0.0957822
0.0913065 -0.224784 0.0411838
0.103104 0.115288 0.0126374
-0.1353 -0.212212 -0.0427218
-0.0661938 0.399672 0.00904622
-0.0614421 0.412803 0.0121335
-0.124206 -0.141873 -0.0801798
-0.114006 -0.178966 0.0407806
0.107421 -0.190246 0.0444971
-0.11476 -0.169405 0.0427278
-0.120658 -0.178519 0.0335535
0.117862 -0.166877 0.0427567
-0.0447222 -0.106248 -0.158989
-0.0382401 0.168056 -0.0942885
0.0793501 0.261095 0.0106719
-0.0416075 0.183821 -0.0926591
0.120867 -0.147508 0.0422079
-0.122681 -0.150013 -0.0832391
0.0720849 -0.0712043 0.0934705
-0.114641 -0.12562 0.0486261
-0.0365874 0.210888 -0.0961529
-0.118155 -0.120989 0.043573
-0.115025 -0.116716 0.0491265
-0.105257 -0.498532 0.0314527
-0.125222 -0.102809 0.0306353
0.0771625 0.207502 0.0187381
-0.121539 -0.317055 -0.0785099
-0.117357 -0.0819023 0.0437852
0.0668441 -0.24614 -0.0929403
-0.0355536 0.151788 -0.0954221
0.114191 -0.0673048 0.0471355
0.0906408 -0.0856424 0.083409
-0.110111 -0.0562306 0.0453219
-0.107628 -0.0491191 0.0464852
0.0249105 0.12281 -0.100058
0.123249 0.129266 -0.00408383
0.0430259 0.194914 -0.0934721
-0.21209 0.00174719 0.0414023
-0.206167 0.00573661 0.0459713
0.227313 0.00421635 0.0506206
0.22001 0.0035025 0.0489717
0.234886 0.00467143 0.0480092
0.134261 -0.11307 -0.0498169
0.0579326 -0.247236 -0.0914706
-0.236409 0.00473376 0.0456983
0.0400077 0.211661 -0.0956109
0.253592 0.014776 0.0311572
-0.252379 0.0146994 0.0489534
-0.261896 0.0264713 0.0464771
-0.13787 -0.282129 -0.0480861
-0.264629 0.0330825 0.0408173
-0.0756077 0.0270553 0.0510944
-0.0797293 0.388098 -0.0147282
-0.0888561 -0.494766 0.0248888
-0.0352307 0.218993 -0.0971612
-0.114217 -0.013771 -0.00652244
0.258239 0.0201011 0.0382431
0.261567 0.0267339 0.0362862
0.0522459 -0.239989 -0.0919319
-0.0318516 -0.0487349 0.105091
0.257861 0.0585023 0.0218251
0.0374157 0.229165 -0.0976809
-0.0446413 -0.491994 0.0350818
0.144653 0.0606458 0.0146925
-0.0562591 -0.0707352 0.101034
0.0885404 0.0480563 0.0424069
0.176898 0.0411794 0.0368193
0.1802 0.034798 0.0419996
-0.080314 0.0504374 0.0500037
0.04357 -0.240474 -0.0892586
-0.0427971 -0.0704966 0.106742
-0.078572 0.0574571 0.0556184
-0.259942 0.0686134 0.0403447
0.0886968 0.0638923 0.0470904
0.0904719 0.0571761 0.0407394
0.18675 0.0571571 0.044829
0.0364199 0.238122 -0.0986226
0.267434 0.0397247 0.0525058
0.172649 0.0205742 0.024152
0.191025 0.0623847 0.0492192
0.102455 0.015447 0.012693
-0.0689919 -0.241407 -0.0935996
0.0517977 0.250054 -0.0905137
-0.248266 0.079582 0.040608
-0.076468 0.416889 -0.0119768
-0.0421122 0.248846 -0.0952812
0.245434 0.0782246 0.0345088
0.0481933 0.234192 -0.0919227
-0.0765097 -0.246027 -0.0926035
0.21166 0.0825357 0.0493087
-0.0182737 -0.0598067 0.110573
-0.049928 0.277792 -0.0926037
0.240308 0.0827816 0.039523
-0.0286933 -0.0721804 0.111221
-0.0553136 0.272277 -0.087729
-0.0602847 -0.0669672 -0.132292
0.121431 -0.155862 -0.0882651
-0.231808 0.0873016 0.047283
-0.0846777 -0.241782 -0.0914491
-0.054382 0.119883 0.0497091
-0.0225028 -0.0780571 0.113924
0.0668225 0.121361 0.0394955
0.117822 -0.163078 -0.0935862
-0.0586035 -0.493488 -0.0256078
-0.0598483 0.163606 0.0413281
0.0604391 0.281379 -0.0861533
0.0114426 -0.45988 -0.0291437
0.0608745 0.160493 0.0418783
0.133838 -0.111148 0.0132982
0.0667277 0.175227 0.0393346
0.135725 -0.140409 0.0171894
-0.0698016 0.185447 0.0489533
0.130259 -0.172854 0.0250633
-0.0209702 -0.440263 0.0392786
-0.0193753 -0.0506084 -0.140133
-0.0180982 -0.438152 0.0186095
0.0765869 0.201415 0.0406586
-0.0755447 0.215153 0.0508678
0.0778891 0.211723 0.0429827
0.129494 -0.202807 0.01555
0.0744934 0.23339 0.0348995
-0.0700035 0.252613 0.0565754
-0.101209 0.121697 -0.0765486
0.0288002 -0.0136944 -0.128621
-0.189372 0.0344957 0.0559558
-0.118571 -0.236781 0.0180636
-0.00820882 -0.0310639 -0.13627
-0.00695457 -0.0226375 -0.134057
-0.0478114 0.278952 0.0462844
0.0485699 0.280182 0.0493473
0.0533434 0.284656 0.0443835
0.0171957 -0.0238064 -0.133553
0.0490327 0.28808 0.0498868
0.0201633 -0.039136 -0.137314
0.0552087 0.292296 0.0474678
0.047797 -0.391795 0.0313517
-0.0642013 0.310216 0.046075
-0.063985 0.319582 0.0481155
-0.0687509 0.31661 0.0399498
0.0694024 0.308306 0.0414561
-0.0285285 -0.0310426 -0.132823
-0.12019 -0.269835 0.0160987
0.0670119 0.323521 0.0472923
0.0798203 -0.0810853 -0.132356
-0.0627939 0.333653 0.0454523
-0.110552 -0.494714 -0.039317
0.119818 -0.267561 0.0183276
-0.0585925 0.347237 0.0451741
0.0617794 0.340938 0.04563
-0.112665 -0.412205 0.0336297
-0.00270576 0.385718 0.0457063
-0.0538924 -0.24839 -0.091027
0.0254225 -0.115064 0.114923
0.0537309 0.372738 0.0469083
0.0630964 -0.191688 -0.129832
-0.0419863 0.381416 0.0417399
0.0374842 0.374319 0.0527688
0.0417914 0.379016 0.0459664
0.0470565 0.381437 0.0387716
0.0142105 0.391302 0.0436325
0.00660129 -0.187495 -0.127873
0.0294259 0.390085 0.0405524
-0.0112468 0.40611 0.0407074
-0.0154755 0.413375 0.038476
-0.00777147 0.399709 0.0425985
-0.0502982 -0.375191 0.0313508
-0.0336481 -0.047888 -0.136091
0.00629147 0.388483 0.0451638
-0.127784 -0.495059 0.0318356
-0.0521213 0.34895 -0.10128
0.074042 -0.253475 -0.0923879
-0.0374296 -0.395092 0.025901
-0.0760708 -0.0745799 -0.128475
0.029569 0.375573 -0.120663
0.0838616 -0.496208 0.0383499
-0.048332 -0.41554 -0.0874256
0.112513 -0.497306 0.0381451
0.260067 0.0257637 0.0625489
-0.0678413 -0.492838 0.0363671
-0.0635009 -0.488689 0.0287833
0.25231 0.0136478 0.0411573
-0.0517163 -0.492325 0.0374297
0.016083 -0.00120578 -0.12699
-0.118486 -0.294855 0.0188324
0.0465822 -0.38156 0.0290904
-0.0632524 0.335725 -0.0881643
0.0871977 -0.266484 -0.0920188
-0.111551 -0.022659 0.0197986
0.138398 -0.489973 0.0336183
-0.118717 -0.166917 -0.0866331
0.250688 0.0511078 -0.00311878
0.0209926 -0.486155 0.0339509
0.143069 -0.475166 0.0383215
-0.0473189 -0.383603 0.0310169
-0.142404 -0.482653 0.0398175
0.077983 -0.263401 -0.0925291
-0.0532723 -0.0316561 -0.123844
-0.0535816 -0.366793 0.0318692
0.120984 -0.305671 0.0193094
0.0553527 0.346422 -0.100077
-0.120115 -0.17377 -0.0807664
-0.0627687 -0.364823 0.0347336
-0.124536 -0.446571 0.0272391
-0.131434 -0.459155 0.0322957
0.0852493 -0.187956 -0.119724
0.0266732 -0.436189 0.0353961
0.132481 -0.076068 -0.0139351
0.107914 -0.43276 0.0386146
-0.105293 -0.43508 0.0392769
-0.106125 -0.427162 0.0385109
-0.054906 0.374156 -0.103658
-0.0398029 -0.202809 -0.116697
0.0307237 -0.369146 0.014102
0.106382 -0.423708 0.0390714
-0.0695228 -0.197155 -0.119436
-0.0348248 -0.429639 0.0353162
-0.035101 -0.423464 0.0294935
-0.0275884 -0.434384 0.0367935
0.0197312 0.324686 -0.114466
0.0136141 0.342135 -0.118275
0.0984804 -0.42081 0.0416539
0.0901588 -0.416932 0.0428002
0.132047 -0.0759713 -0.00568833
-0.101895 -0.420939 0.0398907
-0.0937684 -0.422352 0.0425146
0.127607 -0.0608725 0.00408342
-0.100568 0.113763 -0.0797808
0.0545532 -0.413902 0.0380772
-0.0556587 -0.416596 0.0400862
0.101091 -0.40675 0.038994
0.112487 -0.417531 0.0355139
-0.133221 -0.376991 0.0100798
-0.0907164 -0.406622 0.0410242
-0.0996399 -0.405402 0.0386407
0.112577 -0.182705 -0.0906832
-0.0743197 -0.350418 -0.0958194
0.0796476 -0.370695 -0.095823
-0.0267049 0.340521 -0.114268
-0.111276 -0.397102 0.032426
0.0782145 -0.341929 -0.0958534
-0.0668577 -0.404122 0.0406783
-0.0768822 -0.358501 0.0363399
-0.0235847 -0.407996 0.0139106
0.102323 0.10686 0.0147692
-0.0627397 -0.381089 0.0366388
0.0763288 -0.365935 0.036821
-0.094498 -0.377701 0.0362906
0.0242067 -0.406984 0.0119845
-0.198841 0.0119871 0.0496213
0.0957742 -0.399561 0.0394507
0.101315 -0.382188 0.0355171
-0.0769037 -0.392926 0.0402725
-0.00606127 -0.458209 0.0227704
-0.0754074 -0.402023 0.0414082
-0.0666818 -0.37349 0.0365849
0.0277254 0.0167242 -0.117751
0.146105 -0.471595 0.00905325
0.130821 -0.0792329 0.0092323
-0.127969 -0.304734 -0.0708646
-0.0862767 -0.180788 -0.126643
-0.112498 -0.18201 -0.0891021
-0.100077 -0.0951273 -0.121694
0.081143 -0.371307 0.0373079
-0.0271133 -0.49044 0.0055668
-0.0267048 0.45745 0.0208366
-0.0897523 -0.327719 0.0415397
-0.0998455 -0.0846211 -0.111383
-0.0798956 -0.32626 0.0430712
0.0928575 -0.115594 0.0800626
0.0640279 0.398636 0.0147511
-0.146762 -0.410873 -0.0181114
-0.239293 0.0129224 0.0670012
0.0814832 -0.336481 0.0385107
-0.112107 -0.1478 -0.112422
0.0718378 0.318452 0.0396856
0.0688893 -0.262592 -0.0921716
-0.0977531 -0.33183 0.036073
0.0848029 0.00492414 0.0544977
0.0746267 -0.341522 0.0358791
0.0112729 -0.196681 -0.114746
0.0886969 -0.33118 0.0407408
0.0958701 -0.324974 0.0409499
0.0967147 -0.333342 0.0367776
-0.104474 -0.326032 0.0326224
-0.0660769 -0.326937 0.0374859
-0.0463774 -0.166718 0.0861601
0.073309 -0.333151 0.0382324
0.101779 -0.317963 0.0384808
0.0515992 0.382712 -0.110141
0.0681289 0.270198 0.0289023
0.106356 -0.310739 0.0340988
-0.0669993 -0.308672 0.039233
-0.0599159 -0.312444 0.0346956
0.040571 0.353376 -0.111294
0.0919079 -0.308619 0.0430437
0.0705071 -0.315716 0.0409108
-0.115935 -0.102027 -0.0907831
0.0695781 -0.306868 0.038886
0.0935419 -0.301733 0.0396064
-0.0736132 -0.293767 0.0367375
-0.0700354 -0.300001 0.0380791
0.0985195 -0.367016 0.0345791
0.0637123 -0.254638 -0.0916626
0.140846 -0.293898 -0.0480114
0.0862926 -0.29631 0.0384167
0.0945415 -0.293555 0.0353051
0.0916993 -0.101502 0.0837527
0.131668 -0.115635 -0.0582912
-0.0804119 -0.367648 0.0369771
-0.0725951 0.225906 0.0245508
-0.0798684 -0.291357 0.036718
-0.214312 0.00455414 0.0492165
-0.0671503 -0.34619 0.0344547
0.0768431 -0.299717 0.0396202
0.0694833 -0.363807 0.0358863
0.0874386 -0.28836 0.03462
-0.0750007 -0.246981 0.0383956
0.0612704 -0.352286 0.0329718
-0.146831 -0.419215 -0.017406
0.0766892 0.181086 0.0203222
-0.056399 -0.256985 0.0351419
-0.0635871 -0.256178 0.0363381
0.0392847 -0.485097 -0.0765759
0.140183 -0.25676 -0.0346297
0.0634057 -0.252162 0.036983
0.0569598 -0.25616 0.0349207
0.0646464 -0.259211 0.0352006
0.070545 -0.253491 0.0371149
0.0661582 -0.267043 0.0340788
-0.0511865 -0.243698 0.0386211
0.0851688 -0.249838 0.0361388
-0.0601189 0.00616413 -0.106104
-0.0725066 0.167874 0.0238935
-0.0415297 -0.24235 0.0371655
-0.0454858 -0.250185 0.0346775
0.0415277 -0.244886 0.0350634
0.0501005 -0.242038 0.0390712
0.0423764 -0.235058 0.0406049
0.0769482 -0.247288 0.0383418
0.24128 0.0711135 0.00788081
-0.0837602 -0.245592 0.0369248
-0.0368966 -0.23462 0.0398949
-0.0329891 -0.240994 0.0347222
0.0254211 -0.234408 0.0352273
0.0326262 -0.230955 0.040733
-0.126607 -0.0599366 -0.0103082
0.091845 -0.243694 0.0355519
-0.0921519 -0.227095 0.0388938
-0.0876148 -0.23646 0.0379992
0.252687 0.0650098 0.0193287
0.0984743 -0.212159 0.0420303
0.252437 0.0557391 0.00497075
0.106581 -0.20746 0.0383135
-0.222818 0.00443956 0.0513982
0.0472564 -0.0344232 0.0965111
0.0617081 -0.0032972 -0.111152
0.130832 -0.154577 0.0272739
-0.139954 -0.283323 -0.0395087
0.05445 -0.132168 0.101341
0.118356 -0.0665088 0.0385732
0.10366 -0.0198667 0.0413068
-0.0988245 -0.00621563 0.0377273
-0.147075 -0.406424 -0.0254435
-0.236307 0.00196808 0.0306959
-0.228194 0.00268499 0.0452919
-0.22543 0.000678322 0.0389544
0.0599708 -0.262861 -0.0905746
-0.115382 0.107152 0.00959
-0.218374 -0.000849195 0.0348385
0.217689 0.0010957 0.0410862
0.20357 0.00150011 0.0351229
0.215791 -0.00108591 0.033576
-0.075195 -0.0200186 0.0731931
0.0582592 0.0132665 -0.105888
0.229468 -7.46838e-05 0.0331188
-0.0689545 -0.257072 -0.0924175
0.24304 0.00582561 0.0350315
-0.158516 0.0351453 0.0170769
0.0463178 0.323084 -0.102838
-0.0757508 -0.254651 -0.0925899
0.0341376 0.299334 -0.105893
-0.169354 0.034819 0.0280971
0.0949909 0.00968505 0.036728
0.246773 0.00802066 0.0287609
-0.00540237 0.234033 -0.105854
0.125101 -0.056189 -0.0437491
-0.105885 0.00143681 0.0126843
-0.168133 0.0264636 0.0230986
0.24397 0.00638491 0.0202752
0.0113055 0.146059 -0.103233
-0.026224 0.248292 0.107062
0.00537338 0.139477 -0.10359
-0.26065 0.030659 0.0230102
-0.265052 0.0414576 0.0351325
-0.115501 -0.175204 -0.0880634
-0.0822564 0.0372029 0.0404465
-0.0810851 0.0436403 0.0454529
0.26501 0.0403824 0.035096
-0.133276 -0.200811 0.00274107
-0.131013 -0.131644 0.0206849
0.00904352 0.0795949 -0.105599
-0.180607 0.0563485 0.0360122
-0.0838945 0.0509149 0.0421479
0.262004 0.054694 0.028314
-0.080978 0.0110353 0.0524448
-0.0653686 -0.00211281 -0.106267
-0.0761052 -0.116041 0.0918094
-0.122278 -0.200601 0.0230675
-0.0517641 0.0415992 -0.0969774
-0.0750261 0.00977677 0.0597647
0.0927237 -0.358566 0.0353178
0.182916 0.0562715 0.0391505
-0.253216 0.073636 0.0360958
-0.191341 0.0696071 0.0355426
-0.10502 -0.0895168 -0.107331
-0.1146 -0.225178 0.0243686
0.20009 0.0745057 0.0426246
0.0656707 0.362533 -0.0926163
-0.203606 0.0774833 0.0342395
-0.0810379 0.0805249 0.0465339
-0.0836807 0.0753605 0.0415333
-0.0448826 0.0546977 -0.0979583
0.041134 0.054449 -0.101068
0.0385664 -0.120106 0.110769
0.207216 0.0792593 0.0424709
-0.114472 -0.243559 0.0215687
-0.143711 -0.388419 -0.00940571
-0.0208483 0.226839 -0.102756
-0.219862 0.08321 0.037585
0.127305 0.0290688 -0.0260016
-0.100034 -0.0570669 0.0611789
0.0868154 0.0837961 0.0438365
0.0235389 0.167862 -0.101154
-0.112444 -0.234173 0.0244795
-0.0842012 0.0868432 0.0317789
-0.074346 0.096433 0.0465762
0.0884611 0.0872749 0.0350076
0.0840187 0.0928463 0.0415556
0.0449962 0.0624397 -0.0972555
0.0826035 0.102635 0.0314369
0.0358717 0.0853449 -0.0981647
-0.078755 0.101501 0.0306738
-0.0742937 0.102685 0.0390415
-0.0129596 0.143569 -0.102573
0.0768463 0.115024 0.0297152
-0.0641582 0.117483 0.040988
0.108056 -0.200672 -0.0871855
0.0720512 0.121753 0.0325676
-0.0303986 0.102836 -0.0976225
0.0634382 0.135777 0.0398538
-0.0630301 0.141023 0.0378339
0.0163427 -0.187839 -0.130681
-0.0260315 0.0788601 -0.101736
-0.0251301 0.137232 -0.0994706
-0.0679283 0.18484 0.0390318
0.114152 -0.203772 -0.0808629
0.072281 0.18819 0.0342674
0.136138 -0.224799 -0.0065892
-0.0841365 -0.352201 0.035538
-0.074409 0.199369 0.0489242
-0.0740212 0.200814 0.0398293
-0.0753073 0.208081 0.0456054
-0.0744755 0.225565 0.0401575
-0.0111823 -0.412839 -0.0139084
0.076786 0.218043 0.0365909
-0.134985 0.12422 -0.00571592
-0.0831241 0.228888 -0.0327326
-0.058051 -0.349303 0.0324558
0.0840348 -0.0117105 -0.0959397
0.0400651 -0.33342 0.021312
-0.0709179 0.24365 0.0416602
-0.0726521 0.244792 0.0518219
0.0703374 0.250473 0.0416446
0.0796068 -0.289159 -0.0943797
-0.0686121 0.252522 0.0471025
0.0800478 -0.272205 -0.0931311
-0.0404094 -0.326966 0.0229981
0.0657254 0.258695 0.03832
0.126973 -0.134804 -0.0759988
-0.0331741 -0.304359 0.0169619
-0.0607167 0.277311 0.0344368
0.0223718 0.0985626 -0.101372
-0.0124681 -0.126979 0.113855
0.0585012 0.271882 0.0396268
-0.0504001 -0.352249 0.0295997
0.0616155 0.29686 0.0449774
-0.106323 -0.204459 -0.0856931
0.1283 0.118854 -0.0740756
0.077185 -0.363406 -0.0957477
-0.061708 0.28732 0.0335645
-0.12467 -0.368916 0.0187532
0.0811254 -0.335417 -0.0958626
-0.144913 -0.37677 -0.0184031
-0.122112 -0.353528 0.0196616
0.0988791 -0.0143653 0.04614
-0.070791 0.323233 0.0323253
-0.0691857 0.332801 0.0329527
-0.0799083 -0.186412 -0.126012
-0.0737705 -0.262863 -0.0926105
-0.0595108 0.339641 -0.0927465
-0.0570016 0.354905 0.0476431
-0.0634715 0.35306 0.0420124
0.0664894 0.346364 0.0403505
0.0552382 0.282248 -0.0908774
0.0992257 -0.0279861 0.0526026
-0.0655217 -0.278894 -0.0928095
0.0711612 0.359128 0.0373743
0.0668608 0.355153 0.0419333
-0.0358755 0.177322 -0.0956759
0.0313904 0.168869 -0.0985001
0.108665 -0.21781 -0.0835085
-0.114694 -0.014369 -0.0192396
0.121674 -0.383331 0.0248882
0.0578247 -0.434988 -0.0893708
-0.0547107 0.37671 0.0388083
-0.0295023 0.170344 -0.0983726
0.0558694 0.376682 0.0396793
0.0675492 -0.0262183 0.0831095
0.0646058 0.371954 0.0370735
-0.0398298 0.144553 -0.0930808
0.124666 -0.149383 -0.0823286
-0.0999751 0.146959 -0.0534111
0.0141532 0.399592 0.0419131
0.0352437 0.403489 0.0349336
0.0282665 0.407902 0.0368061
0.0210168 0.412373 0.0380114
0.0138255 0.417555 0.0382803
0.0311865 -0.391237 0.018039
0.00689051 0.423985 0.0377935
-0.00254357 0.422179 0.0382577
-0.0593711 -0.340194 0.0325582
0.0741285 -0.0302795 0.0797026
-0.0074346 0.437487 0.0345602
0.00409529 0.413534 0.0400981
0.0361535 0.161833 -0.0965063
0.0573763 -0.278693 -0.0902309
-0.0938927 -0.49392 0.0174707
-0.0827329 -0.494884 0.0310255
-0.130625 -0.399203 0.0168238
0.155383 0.118288 -0.00958831
-0.0205701 0.17361 -0.101384
0.0442983 -0.153836 0.0960344
-0.023449 0.130087 -0.0998761
-0.0128745 0.167932 -0.102932
0.0580316 -0.333484 0.0317074
0.0156984 -0.353307 -0.0185844
0.116942 -0.498257 0.0296082
0.0208161 0.12965 -0.101211
-0.0526196 -0.488987 0.0292854
-0.144505 -0.35409 -0.0263247
-0.0585183 -0.484552 0.0208273
-0.0358025 -0.491517 0.0327816
-0.0871185 -0.0172738 -0.0924975
-0.0871993 -0.03622 0.068217
0.0540017 -0.49211 0.0371381
0.0551275 -0.488811 0.0294177
0.0617983 -0.490769 0.034358
0.0269992 0.216675 -0.101276
0.0298014 -0.490417 0.0296429
-0.0746215 -0.279115 -0.0936141
-0.103516 -0.0444937 0.051163
-0.00819224 -0.471414 0.0321565
-0.0109673 -0.478956 0.029716
-0.122429 0.116454 -0.0764639
-0.0500236 -0.292893 0.02842
-0.0305223 0.204845 -0.0986177
-0.133031 -0.464636 0.0379428
-0.00744291 -0.461084 0.0331411
-0.0280699 0.23157 -0.100816
-0.0799884 -0.302635 -0.0949718
-0.0571359 -0.294955 -0.0914382
-0.00972046 -0.451364 0.0287207
-0.0627347 -0.367046 -0.0938708
-0.0121441 0.211683 -0.103977
0.0890533 -0.0200047 0.0618263
-0.0396538 0.412027 0.0296829
0.135822 -0.202383 0.00141224
0.0126493 -0.210773 -0.0939155
-0.113659 -0.43036 0.0345113
0.0635349 0.27575 0.0338847
-0.0930421 -0.281535 -0.0916238
-0.0211144 -0.437477 0.0289622
0.0282578 0.20067 -0.100136
0.0828109 0.437748 -0.0441449
0.0355129 -0.423374 0.0281155
0.0751316 0.216269 0.0285345
0.11397 -0.426579 0.0354457
0.0430842 -0.412363 0.0316184
0.184218 0.00515579 -0.0257391
0.0444174 -0.405721 0.0314033
-0.115162 -0.40457 0.0310194
-0.11857 -0.410847 0.0295786
0.0367565 0.202297 -0.0969194
-0.00919555 -0.215704 -0.0884342
0.0989718 -0.384925 -0.0931848
-0.0520251 -0.388657 0.0337734
0.0598784 -0.287294 0.0314548
0.0856696 -0.374935 -0.0955621
0.110222 -0.0602338 0.0509289
0.0696486 0.17164 0.0318384
0.0625856 -0.160908 0.0831391
0.0928385 0.0548828 0.026864
-0.0281446 0.240689 -0.101359
-0.113953 0.116754 -0.0778124
-0.0131819 -0.311081 -0.0205022
-0.0550985 -0.369977 -0.0914657
-0.0583792 -0.373839 0.0345648
-0.083789 0.188828 -0.0259017
-0.0717779 -0.366465 0.036541
-0.0708415 -0.356564 -0.0954669
0.109281 -0.380087 0.0321341
0.105842 -0.366483 0.03185
0.0529316 -0.282647 0.0291029
0.0919246 0.0463259 0.0268995
-0.104889 -0.366201 -0.0903877
-0.021683 0.255785 -0.104591
0.0994503 0.00449565 0.0325119
-0.0859453 -0.360809 0.035946
-0.0706581 -0.353761 0.0353389
0.0861352 0.233795 -0.0257468
0.0619855 -0.360479 0.0338283
-0.107098 -0.211479 -0.08367
0.0274528 0.267575 -0.104663
0.0402692 0.257782 -0.0983247
0.0699836 -0.297157 -0.0940869
-0.0561397 -0.0537122 0.0967894
0.0908834 -0.348138 0.0348997
0.105606 -0.00883949 0.0303771
-0.099921 -0.359262 0.0329387
-0.0921107 -0.355163 0.0348867
-0.0535251 -0.283526 0.0299505
-0.035324 0.276766 -0.101579
0.105679 -0.363576 -0.0909834
-0.0829798 -0.343227 0.0362309
0.104071 -0.344215 0.0309186
-0.0262938 0.27391 -0.104803
-0.135515 -0.261083 -0.0493026
0.0624255 -0.334313 -0.0935335
-0.0748608 -0.33987 0.0361293
0.0598656 -0.343707 0.0319622
-0.0370891 0.261874 -0.0991502
0.123259 -0.0544978 0.0175352
0.104666 -0.408083 -0.0907254
0.0926958 -0.429465 -0.0924802
-0.0433088 0.283844 -0.0980152
-0.0789289 -0.426486 -0.0938826
-0.0597406 -0.331015 0.032943
-0.0142081 -0.344941 -0.0163693
0.0666915 -0.337963 0.0343661
0.157315 0.0154113 -0.0184199
0.129979 -0.117638 0.0254265
-0.024502 -0.19008 0.074207
0.0605884 -0.325424 0.0332056
0.116337 -0.220238 0.0261908
-0.104709 -0.316608 0.0345234
-0.0414413 0.231452 -0.0944214
-0.0101235 -0.227708 0.034392
0.0589867 -0.318613 0.0328804
0.110325 -0.30449 0.0283446
-0.110148 -0.250369 0.0243049
0.112394 -0.313214 0.0277451
-0.103647 -0.308705 0.0342804
0.100584 -0.255388 0.030348
0.0534608 0.168345 -0.0860067
0.0578072 -0.310973 0.0317083
0.109192 -0.295114 0.0272033
-0.04244 0.30733 -0.101639
0.153581 0.127023 -0.0264699
-0.100999 -0.295264 0.0310273
-0.0936527 -0.295452 0.0354481
-0.0665183 -0.291956 0.0342201
-0.057755 -0.292522 0.0315855
0.101838 -0.290231 0.0305467
0.0468752 0.185397 -0.0909977
0.0670282 -0.291091 0.0333814
-0.0884263 -0.279854 0.033235
-0.112355 -0.10264 0.0561452
-0.107762 -0.107098 0.0624759
0.114399 -0.271907 0.022826
0.0526125 -0.291575 0.0287307
0.0922523 -0.0072479 -0.0845438
-0.0814552 -0.274995 0.0340092
-0.103109 -0.27945 0.0282192
-0.130277 -0.249138 0.00121274
-0.101155 -0.286168 -0.089306
-0.0743648 -0.278697 0.0342386
-0.0611275 -0.285709 0.0325944
-0.0607089 -0.277976 0.0324676
0.0669353 -0.28287 0.033214
0.0524763 -0.316412 0.0290656
-0.125753 -0.247046 0.00867626
0.088486 -0.280099 0.0333565
0.0421946 0.275964 -0.0990305
0.036886 -0.00749522 0.0920398
-0.0677019 -0.273839 0.0341067
-0.101343 -0.270341 -0.0877162
-0.0608845 -0.269227 0.0332798
0.0466182 0.30216 -0.099728
-0.107376 -0.282365 -0.0858894
-0.0474101 -0.30155 0.0273971
0.0609573 -0.271628 0.0324975
0.0731499 -0.276913 -0.0933115
0.049607 0.279495 -0.0949101
-0.105707 -0.218182 -0.084072
-0.056049 -0.0504726 -0.128069
0.117594 -0.181497 -0.0837069
-0.0544888 -0.264205 0.0327767
-0.0606766 -0.262164 0.0345142
-0.10338 -0.111267 0.067269
0.0881125 -0.266671 0.0336225
0.0802729 -0.264393 0.0346711
0.0899534 -0.273308 0.0331924
-0.0436846 -0.355064 0.0258647
0.0559284 -0.357193 0.0313562
0.0455084 -0.369834 0.0270313
-0.0847353 -0.261432 0.0342421
0.0482784 -0.358057 0.0277461
-0.140219 -0.306793 -0.0139454
-0.0768392 -0.262235 0.03538
0.0669818 -0.274806 0.0334043
0.0736814 -0.270039 0.0343184
-0.0800934 -0.254129 0.0358241
-0.109715 -0.149599 0.051794
0.0584174 -0.2648 0.0329639
0.048657 -0.261963 0.0308344
-0.0460341 -0.266205 0.0295351
-0.111948 -0.367403 0.0280318
-0.112693 -0.350387 0.0263321
0.117457 -0.349817 0.0242043
-0.0128734 -0.227017 -0.0816964
0.0334057 -0.2476 0.0301927
0.0405641 -0.254089 0.0299986
-0.0926352 -0.244521 0.0345547
-0.0784366 -0.28723 -0.0941024
-0.0978405 -0.252857 0.0309595
-0.111898 -0.349866 -0.086844
-0.0415203 -0.256862 0.0306063
-0.0866425 -0.288619 -0.093424
0.0270154 -0.248778 0.0258149
-0.0246711 -0.239588 0.0317115
-0.0294433 -0.2472 0.0293015
0.0995073 -0.246648 0.0320529
0.10754 0.101775 0.0135452
0.0989148 -0.237858 0.0342797
-0.0836801 0.316426 -0.0239399
0.102922 -0.171199 0.0549156
0.0171515 -0.230028 0.0341849
0.090685 -0.165897 0.064911
0.101332 -0.427921 -0.0903924
0.00617853 -0.220063 0.0394962
0.0679815 0.384296 -0.094079
-0.0638634 0.343911 -0.0888557
0.0714789 -0.00205437 0.0711731
-0.106325 -0.218426 0.0332823
-0.105436 -0.209253 0.0368559
-0.112016 -0.21986 0.0284888
-0.0702276 0.318223 -0.0760076
0.038693 -0.407095 0.0276836
0.0388768 -0.378488 0.0232894
-0.114836 -0.3898 0.0291907
0.137336 -0.25807 -0.0489808
-0.0501808 0.320387 -0.0981359
-0.125082 -0.161964 0.031948
0.0807335 -0.184988 -0.127369
0.0887399 -0.180572 -0.124565
0.0969866 -0.320182 -0.0934082
0.0855967 -0.312076 -0.0952059
0.128983 -0.138004 0.0301517
0.0254292 -0.434298 0.026566
0.0971555 -0.17606 0.0573312
-0.0624115 0.284116 -0.0817665
-0.124878 -0.12731 0.0321366
-0.128149 -0.133685 0.0269528
-0.12198 -0.120146 0.0370407
0.0200292 -0.438334 0.0210264
0.121942 -0.0986458 0.0438726
-0.125596 -0.0881463 0.0274684
0.126988 0.11104 -0.0783996
-0.124201 -0.0731311 0.0214002
-0.114428 -0.0584719 0.0379704
-0.127776 -0.321816 -0.0723665
0.107036 -0.0175645 0.0331898
-0.0276316 -0.234914 -0.0856566
-0.0528146 0.195513 -0.0851957
0.0955056 -0.276904 0.0320187
0.121299 -0.0389726 -0.0411594
0.0952432 -0.269126 0.0319913
0.0523581 0.329031 -0.0995565
0.0491 0.339475 -0.103673
0.0614276 0.345174 -0.0944842
0.090534 0.0842943 -0.0815138
0.197317 0.00433435 0.0347338
0.0971651 0.0758598 -0.0789771
0.192946 0.00331263 0.0276835
-0.0796921 0.015239 -0.0837577
-0.244327 0.00644106 0.0304417
-0.0966861 -0.0178174 -0.0800388
-0.097731 0.00980737 0.0262006
0.184932 0.00818181 0.0260698
0.190358 0.00841288 0.0336039
0.0738797 -0.487479 0.0221137
-0.256483 0.0180628 0.0346497
-0.250798 0.0120534 0.0318427
0.184889 0.0128742 0.032846
0.179324 0.0158184 0.0286267
0.176431 0.0118981 0.0194373
0.255994 0.0195682 0.0222724
-0.057251 0.242507 0.0946209
0.182333 0.0188629 0.0362466
0.0714365 -0.0621159 0.0914926
0.0680713 -0.310839 -0.0943723
0.261546 0.0353799 0.0224172
0.259826 0.0279263 0.0221082
-0.100765 -0.24321 0.0310229
0.0909802 0.0377144 0.0273344
0.173567 0.0479514 0.031891
-0.138359 -0.258722 -0.0352409
-0.261374 0.056189 0.0283884
-0.0353949 0.406053 0.0332694
-0.0356808 0.420254 0.0302053
0.056272 0.0131329 0.0746563
-0.0866752 0.0691729 0.0341174
0.0916364 0.0667608 0.0371815
0.0921996 0.0586552 0.0333772
0.182722 0.0621623 0.0334504
0.175881 0.0625399 0.0283664
0.0569108 0.400435 -0.108993
-0.0485952 -0.295556 -0.0879684
0.0628507 0.41501 -0.10475
0.0265806 -0.24213 0.0299158
0.193314 0.0686421 0.0420277
0.117514 -0.333483 -0.0839078
0.259213 0.0705958 0.0422079
0.0256787 0.203036 0.0928433
0.0622702 -0.318565 -0.0932909
0.188665 0.0682711 0.0343618
0.0572944 -0.296107 -0.0908841
-0.0326606 -0.178804 0.0820949
-0.114003 -0.366872 -0.0857269
0.0811408 0.411202 -0.016866
0.0931685 0.0725242 0.0283659
-0.068229 0.14451 0.031132
0.203348 0.0775294 0.0353384
0.0598679 0.407864 -0.107352
-0.0882493 -0.297306 -0.0938478
0.222985 0.0840409 0.0390274
0.234356 0.0791601 0.0221411
0.231913 0.0839589 0.0381639
0.237112 0.0809836 0.0314588
-0.0825766 -0.313102 -0.0952848
-0.0652551 0.125036 0.036347
0.136412 -0.269433 -0.00443082
-0.0636864 0.150011 0.0367871
-0.0889111 0.0687714 0.0243814
-0.0858215 0.0591871 0.0381866
-0.0916485 -0.316428 -0.0941677
-0.0686512 0.163054 0.0300997
0.0411913 -0.367823 -0.082657
-0.0646462 0.175584 0.0368721
-0.0400271 -0.41491 -0.0825874
-0.0122906 -0.373332 -0.0271668
-0.0409013 -0.398955 -0.0836167
0.0742012 0.195151 0.0351542
0.146487 -0.356175 -0.0269451
-0.117692 -0.423203 -0.0818787
-0.131311 -0.229315 -0.0526084
-0.0733599 0.234114 0.0401884
0.0542495 0.18498 -0.0856949
-0.0643743 0.260315 0.0326237
-0.163834 0.0853813 -0.0771148
0.058106 0.446296 -0.101335
-0.0663418 0.270321 0.0282963
-0.085614 6.28603e-05 -0.0860301
0.0998747 -0.022016 -0.0809446
-0.102935 -0.00455624 0.0283584
-0.127009 0.109099 -0.0791645
0.106912 -0.0381922 -0.0776965
-0.115894 -0.0528764 0.0312893
-0.136593 -0.178458 -0.04831
0.0700022 0.328621 0.0404267
-0.0682089 0.34181 0.0332612
-0.114388 -0.169237 -0.0943292
0.104702 -0.241385 0.0303085
-0.0589868 -0.310451 -0.0926486
-0.113939 -0.0674337 -0.0752129
0.0741167 0.365782 0.0248975
-0.123426 -0.11134 0.0342079
-0.0625136 0.373421 0.0335759
-0.127811 -0.142391 0.0283653
0.127305 -0.303305 0.0129984
-0.0983743 -0.309918 -0.0919519
-0.182775 0.0236644 -0.0531941
-0.0169936 -0.238577 0.0280018
0.12424 -0.122272 0.037082
-0.139229 -0.160573 -0.0444979
0.0422327 0.400016 0.0319994
0.0421663 0.413712 0.0293874
-0.116481 -0.202487 0.0292262
-0.0318074 0.412888 0.0333589
-0.0311787 0.426555 0.0306251
0.0260763 0.42526 0.0339008
-0.101121 -0.226556 0.0345615
0.032056 0.431914 0.0301207
0.00678309 0.437207 0.0346906
0.0228148 0.434298 0.0326416
0.0192553 0.443154 0.0307685
-0.102935 -0.169351 -0.116001
0.00955984 0.444665 0.0318952
0.00069835 0.441287 0.033583
-0.0362911 -0.349373 -0.0805484
-0.138984 -0.263021 -0.0276605
0.0918362 -0.172722 -0.129379
-0.112061 -0.499196 0.0178415
0.121247 -0.498407 0.0214908
0.112199 -0.499 0.0217551
0.125838 -0.498228 0.0138497
-0.126335 -0.49645 0.0237209
-0.0685565 -0.485861 0.0202289
-0.0777672 -0.488175 0.0186954
-0.045512 -0.490854 -0.0771085
-0.110535 -0.143771 -0.118093
0.0369628 -0.108041 -0.159747
0.1383 -0.156011 0.0115933
0.0939447 -0.494792 0.0218899
-0.109811 -0.102306 -0.108793
-0.113058 -0.102849 -0.100029
-0.138353 -0.485917 0.0253749
0.0784584 0.380071 -0.076042
-0.0563702 -0.318884 -0.0921008
-0.115254 0.140499 -0.013308
-0.0205562 -0.487651 0.0300016
-0.0230505 -0.489171 0.0220296
-0.0740875 0.322524 -0.0699106
-0.0156871 -0.484528 0.0258723
0.115049 -0.119887 -0.108575
0.0472978 -0.488957 0.0239985
-0.0698669 0.168984 -0.065892
0.0698887 0.174905 -0.0691579
0.0719438 0.193736 -0.0667505
0.0104048 -0.470596 0.0363323
0.0100621 -0.4589 0.0349166
0.0921291 -0.207921 0.0469845
0.00835882 -0.457418 0.0234453
0.134295 -0.455888 0.0256798
0.128534 -0.453215 0.0316169
-0.100953 -0.0301619 -0.0796384
0.124012 -0.446148 0.0298089
-0.013961 -0.443984 0.0244085
-0.107844 -0.0879504 -0.0998922
-0.0383668 0.253217 0.100661
0.132665 -0.299785 0.00563809
0.015636 -0.442769 0.0152335
0.127588 -0.440572 0.0243472
-0.0193545 -0.431098 0.0125422
0.0598514 -0.296909 0.0317791
0.0242704 -0.431121 0.0183152
0.12091 -0.429334 0.0310412
0.127172 -0.431979 0.0255852
0.125725 -0.423381 0.0267147
0.0514934 -0.341445 0.0287093
-0.119087 -0.227099 -0.0719143
0.106267 -0.233562 0.030732
0.0369856 -0.415219 0.0276906
-0.04089 -0.417485 0.0325598
-0.0658591 -0.317449 -0.0946343
0.123649 -0.416497 0.0277821
0.129126 -0.416245 0.0228675
-0.0527133 -0.335056 0.0299951
0.0353567 -0.240452 -0.0860686
0.0118872 -0.190219 0.0764662
-0.0984108 -0.145563 -0.137711
0.119485 -0.403235 0.0293407
0.0275592 -0.129797 0.111071
0.11504 -0.386572 0.0297495
0.0899202 -0.0472308 -0.103568
-0.124729 -0.39826 0.0226745
-0.121588 -0.405001 0.0264594
-0.0228095 -0.238407 -0.0812256
0.038906 -0.38943 0.0250421
0.0340554 -0.400259 0.0224036
0.0630712 -0.211786 0.054117
-0.0348795 -0.379215 0.02161
0.132828 -0.423681 -0.0696069
0.118512 -0.369552 0.0254046
-0.108197 -0.374275 0.0309586
0.0838898 -0.0417216 -0.107641
0.0805114 0.34844 -0.0651117
-0.108524 -0.359501 0.0293195
-0.0830761 0.412968 -0.0352771
-0.0929182 -0.36244 0.0351693
0.0404265 -0.3614 0.0227627
0.01212 -0.410399 -0.0233239
-0.104924 -0.344805 0.0299044
-0.0449388 -0.346803 0.0263175
-0.0385009 -0.349911 0.0220142
-0.0517909 -0.343701 0.0299325
0.118187 -0.339403 0.0231535
-0.0971831 -0.36814 0.0344774
-0.0465949 -0.330519 0.0268681
0.149938 0.109569 -0.0723312
-0.117171 -0.333231 0.0222906
0.0480146 -0.331821 0.0266316
0.108725 -0.327563 0.0302482
0.112292 -0.0265152 -0.0595439
-0.10883 -0.310524 0.0288072
-0.0534364 -0.3073 0.0305369
-0.0984043 -0.349909 0.0326614
0.0835447 -0.353852 0.035978
-0.131311 -0.131278 -0.0597358
0.0538738 -0.32266 -0.0904496
0.0517974 -0.300074 0.0283612
0.0513203 -0.308233 0.0283471
0.0583014 -0.34941 -0.092036
0.122124 -0.130196 0.0409804
0.100719 -0.161445 -0.127469
-0.104958 -0.288457 0.0276139
0.130547 -0.131057 0.02666
-0.0463141 -0.276672 0.0275284
0.045128 -0.286987 0.0248929
-0.100185 -0.262271 0.0293992
-0.101893 -0.270568 0.0286275
0.126503 -0.13064 0.0337265
0.0472039 -0.278491 0.0264861
0.0404104 -0.278949 0.022747
-0.0398128 -0.279795 0.0235709
0.067011 -0.0639945 -0.128248
0.127142 -0.117554 0.0316568
-0.0822052 0.383817 -0.0577749
0.121504 -0.165025 -0.0848838
0.0531101 -0.272801 0.0301996
0.0439884 -0.271178 0.0263293
-0.0837584 -0.032804 -0.102141
-0.0398078 -0.271655 0.0249037
0.0624417 -0.369389 0.0345733
-0.0487116 -0.320686 -0.0889193
-0.030549 -0.241712 -0.0842084
-0.0336929 -0.255044 0.0274336
-0.0373537 -0.263327 0.026251
0.0400091 -0.197852 0.0649916
0.0686631 -0.355354 0.0350532
-0.104418 -0.249056 0.0280139
-0.0262748 -0.253205 0.0237129
0.0810429 0.402028 -0.0737524
0.107512 -0.248919 0.0272831
-0.0641918 -0.358699 -0.0942422
-0.107956 -0.242538 0.0267973
-0.0123283 -0.233191 0.0298334
0.0897715 -0.368771 0.0365802
0.0112876 -0.233433 0.0273108
-0.00573498 -0.230908 0.027957
-0.0862459 -0.355952 -0.0954384
0.00283782 -0.229897 0.0262352
0.108823 -0.224043 0.0315129
0.114533 -0.230807 0.0252006
0.111382 -0.214305 0.0321381
0.114284 -0.205586 0.0327873
-0.119793 -0.193991 0.0286977
-0.062915 -0.0506685 0.0922998
0.118308 -0.189565 0.034865
-0.123286 -0.17042 0.0325564
0.0307041 -0.125875 -0.162265
-0.127925 -0.16774 0.0263409
0.128599 -0.123965 0.029612
-0.0128578 -0.302465 -0.0224407
-0.129519 -0.117805 0.0208645
0.129388 -0.103099 0.0254794
0.124656 -0.0927516 0.0375455
-0.128105 -0.102093 0.0220478
0.14205 0.10745 -0.076315
-0.0800802 0.332286 -0.0569433
0.11338 -0.04196 0.0358446
-0.109766 -0.0315628 0.0317488
0.149195 0.101495 -0.0768303
0.086159 -0.365822 -0.0955304
-0.195644 0.00142633 0.0265578
0.200623 0.000129485 0.0288048
0.0755073 0.187174 -0.0605814
0.222205 -0.00208112 0.0288774
-0.0684093 0.183514 -0.0683867
0.0994277 -0.350485 0.0329727
-0.248709 0.0105171 0.0222964
-0.106331 -0.241729 -0.0828772
-0.0563983 -0.36123 -0.0919954
-0.0897787 0.0248046 0.0291442
-0.149134 0.104627 -0.0754616
-0.123842 -0.0871445 -0.0629554
0.0942496 0.0215071 0.0277427
0.169824 0.0299852 0.0265916
-0.14319 -0.320792 -0.0306557
-0.259346 0.0241001 0.0288673
-0.0691987 -0.359778 0.0355417
-0.134415 -0.162136 -0.0572553
-0.162605 0.0397414 0.022875
0.170889 0.0394143 0.0303108
0.260781 0.0418947 0.018293
0.0205967 -0.31552 -0.0575385
-0.0144097 -0.356485 -0.0447077
0.138121 -0.149017 -0.0540804
-0.0223579 -0.342504 -0.0646591
-0.261226 0.0442407 0.0207391
-0.260016 0.051633 0.0205573
0.0797835 -0.0168927 -0.10225
-0.0879697 0.0603264 0.0284994
-0.0548748 -0.38184 0.0341565
0.0221246 -0.331787 3.62288e-05
0.166763 0.0465121 0.0263255
0.140649 -0.260359 -0.0279367
0.261603 0.0493404 0.0230521
-0.135377 -0.116394 -0.0375785
0.0784846 -0.0295485 -0.108096
-0.167304 0.0531844 0.0265335
0.0570441 -0.405026 0.0377049
-0.0707426 -0.364117 -0.0954141
-0.0261787 -0.336955 -0.070019
0.135665 -0.368767 -0.0665604
0.169558 0.0640432 0.0251759
-0.189256 0.0733884 0.0276685
-0.188069 0.0790229 0.0215839
0.124274 -0.138331 0.0377088
-0.18107 0.0746104 0.023865
0.139149 -0.237228 -0.0258149
0.18165 0.0696398 0.027623
0.147959 -0.383742 -0.0270464
-0.241216 0.081109 0.035867
-0.234214 0.0810545 0.0301137
0.0840883 0.370415 -0.0565725
-0.124096 -0.136291 0.0343448
0.0550629 -0.385116 0.0338335
0.198905 0.0772869 0.0279849
-0.0545858 -0.0412355 -0.126145
-0.218418 0.0820218 0.0302211
-0.217471 0.0265717 0.0872106
-0.209017 0.0802776 0.0268362
0.0347303 -0.25515 -0.0805067
0.109002 -0.0119213 -0.0572035
-0.133733 -0.116195 -0.0450938
0.0905617 0.0910868 0.0268493
-0.0834212 0.0942991 0.0281916
0.00521274 -0.214329 0.046357
0.132247 -0.259999 -0.0607138
0.0192223 -0.330047 -0.0542054
0.0821349 0.108488 0.0269751
0.0770557 0.122593 0.0261925
0.0880366 0.10077 0.0250013
0.077133 0.130434 0.0238115
0.0724281 0.135066 0.0290175
0.0825567 0.124617 0.020148
-0.0412236 -0.400584 0.0297082
0.0722737 0.143878 0.0286865
0.0705709 0.16317 0.0308432
-0.0174901 -0.321394 -0.0548188
-0.138457 -0.348494 -0.0574137
-0.13254 -0.0885283 -0.0255704
-0.0818129 0.344593 -0.052404
-0.130877 -0.102253 -0.0474798
-0.0166473 -0.213931 0.0505264
-0.118797 -0.419661 0.0307328
0.0752767 0.208164 0.0256712
-0.0721647 0.229733 0.0327989
-0.11846 -0.035906 -0.0396169
0.157135 0.103878 -0.0727205
0.114069 -0.187894 -0.0855698
-0.125323 -0.0742336 -0.0492113
-0.0678746 0.252171 0.0288634
0.0675883 -0.0219964 -0.113645
0.135056 -0.159777 0.0193019
-0.127015 -0.1104 0.0256643
0.0687327 0.278936 0.0276812
0.0645424 0.285996 0.0332896
0.0158397 -0.318251 -0.0433794
0.0652677 0.294902 0.0378817
0.0148276 -0.448674 0.0381033
0.0484252 0.00562863 -0.114647
-0.0695069 0.303077 0.0280192
0.0698606 0.301721 0.0355369
-0.0723653 0.309953 0.0207863
-0.0717406 0.300229 0.0186135
-0.150458 0.0967913 -0.0783235
0.0731879 0.3255 0.0341396
0.114028 -0.134933 -0.113506
0.0860803 0.385922 -0.0455493
0.0711175 0.342736 0.0333732
0.125103 0.140256 -0.048434
0.173867 0.113043 -0.0143238
-0.0946696 -0.460901 0.0881148
0.12569 -0.103009 0.0351531
0.0134407 0.202937 0.0858343
0.0605761 0.37772 0.0310555
-0.0440522 0.392532 0.0312952
0.0545059 0.0267563 -0.10203
0.265199 0.0595395 0.109953
0.0541835 0.390134 0.0256565
-0.050745 -0.195767 0.0649953
0.0551059 0.39791 0.0234752
0.0494449 0.39824 0.0277771
-0.132534 -0.187011 0.0111765
-0.0441188 0.419946 0.0253975
-0.0818674 -0.491954 0.0241461
-0.0349777 -0.206529 0.0589604
0.0501447 0.413744 0.0241877
0.0407366 0.429687 0.0264563
0.0518734 -0.408017 -0.0887632
0.129254 -0.320893 0.0120048
-0.0458606 0.0362112 -0.101954
-0.0303642 0.434135 0.029253
-0.0366097 0.439004 0.0249975
-0.0224932 0.438065 0.0309325
0.13079 -0.095889 0.0208068
0.0376118 0.438736 0.0258193
0.000648287 0.431862 0.0363219
-0.0943882 -0.0512844 0.0660053
-0.0276155 0.450457 0.0243636
-0.0214343 0.446463 0.0282486
-0.0204156 0.454205 0.0247978
-0.0137635 0.450376 0.0285666
-0.00666177 0.445962 0.0313721
-0.00510936 0.461506 0.0235667
0.0156815 0.450049 0.0286204
0.00181099 0.463835 0.0221779
-0.0117962 0.465469 0.0198051
0.0243527 0.451202 0.026125
0.0161683 0.456991 0.0249207
-0.111983 -0.498473 0.0102311
-0.0898306 -0.490399 0.0117703
0.0148111 -0.335192 -0.0362553
-0.121761 -0.0642833 0.0225595
0.0147171 -0.323661 -0.0358125
0.0811458 -0.488252 0.0131919
0.0904993 -0.490761 0.0140162
0.141356 -0.339714 -0.0542247
0.132651 -0.4955 0.0145716
-0.0533785 -0.215037 0.0532737
-0.0464279 -0.487935 0.00924517
-0.143444 -0.377807 -0.0465399
-0.0238312 0.413084 0.0363226
-0.14242 -0.361366 -0.0480324
0.145413 -0.38359 -0.046733
-0.0111961 -0.401212 -0.0344368
0.086137 0.392535 -0.0405197
0.013699 -0.481573 0.0214671
-0.14268 -0.471026 0.0164098
-0.109713 -0.120657 -0.120507
0.0856895 0.368445 -0.0284799
-0.139805 -0.462788 0.0180534
-0.142969 -0.465093 0.00991082
-0.0163698 0.21759 0.0852216
-0.0128126 -0.354544 -0.0306009
0.139529 -0.458897 0.0185871
-0.135184 -0.454984 0.0184578
0.0210639 0.419783 0.0364366
0.0287551 0.399208 0.0384116
0.0349821 0.411743 0.0333157
0.132572 -0.443355 0.0188617
-0.0342539 0.047115 -0.10482
0.00317916 0.254489 0.106512
-0.0828027 0.340114 -0.0460444
0.132419 -0.435268 0.0198067
-0.131678 -0.437112 0.0180429
0.0732679 -0.121045 0.0943218
-0.126943 -0.42148 0.0239517
0.0364234 0.0630604 -0.101415
-0.133209 -0.407106 0.0147506
-0.127648 -0.406078 0.0210877
0.139029 -0.221623 -0.0282561
0.0327744 -0.410065 0.0226876
0.0289542 -0.405939 0.0179894
-0.124862 -0.383487 0.0205725
0.0666677 0.157435 0.0358842
0.0844447 0.220159 -0.03823
0.0685964 -0.361088 -0.0947963
0.121847 -0.376023 0.0237614
-0.108751 -0.110045 -0.116232
-0.0376051 -0.358691 0.0217353
-0.0323996 -0.353446 0.0168716
-0.0269097 -0.35716 0.0106466
0.122798 -0.360533 0.0210886
-0.0809846 0.207989 -0.0423825
0.0245821 -0.442562 0.0496801
-0.121883 -0.362485 0.0207271
0.033995 -0.36203 0.0170005
0.0230574 0.0561463 -0.107342
0.066059 -0.122733 0.0983888
-0.0397857 -0.341272 0.022648
0.0143977 -0.0321186 -0.136162
0.0904826 -0.397268 -0.0949267
0.141257 0.133319 -0.0460662
0.120016 -0.330505 0.0214588
-0.116507 -0.324233 0.0227748
0.0367444 0.0463957 -0.104879
0.0406633 -0.319956 0.0217578
0.143111 -0.175029 -0.0119453
-0.119369 -0.0759654 0.0365256
0.122503 -0.321679 0.0187155
-0.00867984 0.0947309 -0.103779
0.139704 -0.261717 -0.0414795
-0.0384613 -0.287732 0.0213781
-0.0835346 0.394346 -0.0352628
0.0399089 -0.295072 0.0211518
-0.113943 -0.045546 0.0314964
0.26417 0.0653516 0.0471398
-0.168926 0.09336 -0.0725677
-0.11558 -0.276237 0.0205101
0.143567 0.130682 -0.0215034
-0.0946085 -0.382474 -0.0937691
0.097825 0.0125716 0.0284175
0.140103 -0.252697 -0.0275104
-0.0341321 -0.281409 0.019236
-0.028681 -0.281852 0.0141269
-0.0306692 -0.274803 0.0173681
0.0337304 -0.278875 0.0172386
-0.0997543 -0.136514 -0.137191
0.0285883 -0.279817 0.0120352
0.0320726 -0.264639 0.0205483
-0.0333981 -0.268902 0.0216683
0.031533 -0.255998 0.0241165
0.0255599 -0.261182 0.0166959
0.0209236 -0.245015 0.0239414
-0.193315 0.0063927 0.0338394
0.0148174 -0.337221 -0.0255168
0.0155134 0.0939156 -0.103345
-0.143829 -0.355948 -0.0414416
0.266499 0.0563493 0.0450282
0.146363 -0.366898 -0.0391716
0.0132807 -0.399775 -0.0359715
0.116487 -0.238547 0.0222326
0.121252 -0.225168 0.0197057
0.131919 -0.328932 0.00917103
-0.119825 -0.223271 0.0192775
0.122352 -0.19391 0.0287446
-0.125273 -0.192258 0.02205
0.141066 -0.128838 -0.0315852
0.131211 -0.164339 0.0258372
-0.129044 -0.160438 0.0259415
-0.131796 -0.16402 0.0201125
0.0278937 0.0808746 -0.101602
0.113799 -0.195014 -0.0835776
-0.00654285 0.126074 -0.103173
-0.131424 -0.147369 0.021926
0.118369 -0.0328872 -0.0467155
-0.130802 -0.0803825 -0.0255829
0.133081 -0.118059 0.0180701
0.133824 -0.13193 0.0196184
-0.0947896 0.0193381 0.0232945
-0.130678 -0.101295 0.0132599
-0.128785 -0.0925247 0.0186954
-0.0985788 0.00197591 0.0318324
-0.0413122 -0.451572 0.0956093
-0.10679 -0.00989901 0.0225871
0.0021158 0.124544 -0.103522
0.110008 -0.0148221 0.0243212
-0.230713 -0.000829315 0.0223501
-0.221586 -0.0026777 0.025785
-0.188085 0.108556 -0.0292781
0.00303057 0.16658 -0.104144
0.00382111 0.175782 -0.104238
-0.199744 -0.00186938 0.0193018
-0.19708 -0.00267613 0.0107643
-0.131817 -0.0909004 -0.0357402
0.196782 -0.000928595 0.0202186
-0.231349 0.00540686 0.0526608
0.189427 0.00292717 0.0212921
0.229485 -0.00126168 0.0239284
-0.130315 -0.093266 -0.0452236
-0.103114 0.00963493 0.0106747
0.252911 0.0166856 0.015784
0.256273 0.0244529 0.0132443
-0.117442 -0.0253616 -0.0265877
-0.160456 0.0217611 0.00829648
-0.162074 0.0274847 0.0164174
-0.164017 0.0326837 0.0216262
-0.00196673 0.192209 -0.104453
0.105778 -0.45247 0.0569928
-0.134929 -0.203732 -0.0456009
-0.260384 0.0375492 0.017461
-0.258193 0.0292815 0.0143838
-0.148049 0.0461044 0.0133778
0.0953275 0.0327099 0.014388
-0.255935 0.0432521 0.00488772
-0.0878188 0.0435415 0.0241781
0.164694 0.0383455 0.0237685
-0.255914 0.0554354 0.0136082
-0.254366 0.0511397 0.00548638
-0.153775 0.0530803 0.0186571
-0.161281 0.0482334 0.0230279
-0.161002 0.055519 0.022895
-0.252904 0.0623937 0.015232
-0.14911 0.0620516 0.0172105
-0.157558 0.0617265 0.0208564
0.0935005 0.0505536 0.0194431
0.253054 0.0605403 0.0131164
-0.141837 -0.300647 -0.0347007
-0.120338 -0.0342075 -0.0135618
0.0508145 -0.157909 0.0910479
-0.14067 -0.284253 -0.0320864
0.130408 -0.343834 -0.0727133
0.156241 0.0685677 0.0195868
0.12729 -0.14637 0.0332426
0.166228 0.0712978 0.021977
0.113675 -0.185416 0.040947
-0.173286 0.0782135 0.0205058
-0.162483 0.0688273 0.0215823
-0.153973 0.0694807 0.0188785
0.0974599 -0.402913 -0.0931741
-0.0154198 0.127742 -0.101881
-0.00673398 0.152217 -0.103455
-0.0129063 -0.341073 -0.0241293
-0.116484 -0.181762 -0.0828571
-0.0960983 -0.455369 0.0665491
-0.166511 0.0749618 0.0210247
-0.181007 0.0819739 0.0186478
-0.150794 0.0774424 0.0164821
0.0899246 -0.392691 0.039559
-0.120618 -0.0385551 -0.0306905
0.0959072 0.0681474 0.0202774
0.116859 -0.0215229 -0.0389303
0.155989 0.0884356 -0.0787165
-0.0179391 -0.364177 -0.00365985
-0.0108778 -0.399643 -0.0264148
-0.258029 0.0225404 0.0605283
-0.119316 -0.032006 -0.0264992
0.241495 0.0742142 0.0170057
-0.201569 0.0804146 0.0209746
-0.0767423 -0.383431 0.0389341
-0.0214448 -0.320315 0.00242017
0.0117915 0.179237 -0.103606
0.208352 0.0799252 0.0279426
0.226452 0.0820803 0.0294533
-0.0870351 0.0887266 0.0253998
0.0959806 0.0862367 0.0210669
0.0659048 -0.406798 0.0407249
0.148474 -0.408804 -0.0346975
-0.088608 0.0945032 0.0215532
-0.0791221 0.108711 0.024752
-0.0816906 0.116389 0.0206745
-0.086306 0.109027 0.0195306
0.0888972 0.118446 0.0180764
0.088088 0.109811 0.0205678
0.09543 0.112453 0.0160866
0.0894378 0.126772 0.0151626
-0.0772079 0.124155 0.0220104
-0.0847181 0.123975 0.0167251
-0.0739578 0.132318 0.0243933
0.101479 -0.49438 -0.0375957
-0.0717616 0.139712 0.0259808
0.085173 0.14127 0.0116342
-0.154965 0.0884962 -0.079094
0.076521 0.147542 0.0218011
0.0472788 -0.0520445 -0.133263
0.0769953 0.156237 0.0203384
0.0769671 0.172704 0.0199256
-0.0711253 0.193555 0.0350828
-0.0721574 0.176643 0.0244
0.0353536 -0.425588 -0.0769748
-0.0773492 -0.0846886 0.0917744
-0.0834918 0.207052 -0.0289629
-0.0715331 0.235108 0.0255131
0.0746299 0.23063 0.0255041
0.0718393 0.256225 0.0252192
0.194779 0.00923094 0.0403854
-0.173606 0.116859 -0.0369749
-0.139971 0.0252351 -0.0199594
-0.251972 0.0131547 0.040303
-0.0346755 -0.250055 -0.0834013
0.0708067 -0.38325 0.0381203
0.0732075 0.310001 0.0332412
0.0726838 0.302551 0.0273047
0.131759 -0.076135 -0.02957
0.10341 -0.104047 -0.124344
0.0758623 0.320312 0.0206814
-0.074362 0.334793 0.0183893
0.0511601 -0.494304 0.0535386
-0.0728712 -0.410734 0.0422951
0.12971 -0.0664722 -0.0289306
0.0763423 0.348953 0.0281401
-0.138194 -0.123707 -0.0251426
-0.11586 -0.0182283 -0.012818
0.0168834 -0.330431 -0.0130693
0.0598491 0.394232 0.0200209
0.223115 0.00316924 -0.013909
0.0481695 -0.493128 0.0619274
-0.144253 -0.344956 -0.0283873
0.0544915 0.425962 0.0181916
0.0581757 0.431274 0.0132168
0.0554236 0.4379 0.0136221
0.0500772 0.441158 0.0171028
0.0427403 0.444428 0.0204569
-0.0519892 -0.122165 -0.162007
-0.0347857 0.44727 0.0226366
0.0315844 0.456473 0.020236
0.0344234 0.447791 0.0237675
-0.0623478 -0.396635 0.0385244
0.034664 -0.490393 0.0549407
-0.0474777 -0.400023 -0.0874747
-0.0105726 0.472709 0.0138401
0.00860962 0.461229 0.0235815
0.00718492 0.469418 0.0176839
0.0158398 0.464531 0.0201308
-0.0386012 -0.0180088 -0.126103
0.0222468 0.466363 0.01691
-0.144754 -0.373156 -0.0398051
-0.104886 -0.412936 0.037685
-0.00320258 0.468591 0.0185011
-0.120178 -0.499015 0.0149631
-0.0112522 -0.398718 -0.0194782
-0.129241 -0.496322 0.0142788
-0.0568338 -0.405827 0.0382905
-0.0537543 -0.395917 0.0356085
-0.108504 -0.0195674 -0.057981
-0.13511 -0.334344 0.00215248
-0.0939512 -0.397344 0.0390839
-0.230316 0.0139397 -0.0225321
0.0363903 -0.490607 0.0116122
0.175898 0.079009 -0.0736881
0.104552 -0.414827 0.0387917
0.0102035 0.211392 -0.104507
0.00766913 0.227229 -0.105406
-0.063385 -0.484516 0.0130951
0.0863806 0.192198 -0.0229187
-0.0201937 -0.488517 0.00477707
0.0502004 -0.486913 0.0154789
-0.0745698 -0.402087 -0.0951604
0.0715756 -0.486938 0.0109493
0.0857591 0.222906 -0.0289298
0.138074 -0.491422 0.0117961
0.0863124 0.215439 -0.0224635
-0.143057 -0.478776 0.0128005
-0.0146298 -0.485344 0.00827517
0.0746597 -0.494534 0.0387397
0.141222 -0.485943 0.017316
0.00810416 0.256361 -0.107511
-0.00635581 -0.473384 0.0185962
0.008453 -0.474025 0.0196744
0.143397 -0.46947 0.019011
-0.129133 0.134367 -0.0147978
-0.0711554 -0.113109 0.0960802
-0.00574542 -0.467376 0.0248757
0.00661169 -0.464876 0.0171479
-0.140937 -0.289019 -0.025824
0.143302 -0.456788 0.00189307
-0.00624795 -0.456146 0.0134631
-0.0135193 -0.319078 -0.0188345
-0.23738 0.0280814 -0.0252608
0.0226444 -0.37495 0.00346982
-0.00974534 -0.44802 0.0108358
-0.0897086 -0.410178 -0.0941122
0.136591 -0.431487 0.0149234
-0.133212 -0.422552 0.0168862
-0.135449 -0.431218 0.0139481
0.0258058 -0.42231 0.0170134
0.132726 -0.425385 0.0199717
0.109497 -0.249603 -0.0824324
-0.0143894 -0.305086 -0.0142707
0.135487 -0.415002 0.0150454
0.0273782 -0.399107 0.0150094
0.126188 -0.401346 0.0235861
-0.0134242 0.231056 -0.104857
-0.0207629 -0.415613 0.0113902
-0.0261928 -0.40133 0.0156004
0.132053 -0.383348 0.0149361
-0.0124275 -0.394162 -0.0138812
-0.0324937 -0.388929 0.0208557
0.0338973 -0.383901 0.0196896
-0.130358 -0.369058 0.0128409
-0.0152457 0.262848 -0.106653
0.00633252 0.300037 0.0913488
0.129865 -0.357267 0.0141767
0.0131856 -0.401591 -0.0185219
-0.119171 -0.342635 0.0213587
0.0351642 0.0451374 0.078973
-0.0786067 0.394768 -0.0129158
0.122734 -0.343937 0.0198114
-0.121187 -0.328189 0.0187095
-0.00762865 0.226798 -0.105213
-0.0269072 -0.320666 0.0101874
-0.122107 -0.320768 0.0172872
0.0219069 0.234682 -0.103523
-0.12416 -0.420862 -0.0769355
-0.248308 0.0509529 -0.00783136
0.0343938 -0.318777 0.0163541
0.0853897 0.404086 -0.0558716
0.0284787 -0.317765 0.00996211
0.0116744 0.26418 -0.107879
-0.112827 -0.301812 0.0242626
0.116581 -0.0122018 -0.0171704
0.0198485 0.265161 -0.106609
-0.113827 -0.267261 0.0215211
0.129399 -0.0621504 -0.020539
-0.129864 -0.0748014 -0.0214147
0.124873 -0.271904 0.013768
-0.0269814 -0.26727 0.0172489
-0.120237 -0.245253 0.0153435
-0.124359 -0.263117 0.0114379
-0.262946 0.0600026 0.036944
-0.0235237 -0.258973 0.0177538
0.0183602 -0.256181 0.0124559
0.0135594 -0.258328 0.00424264
-0.0192442 -0.251244 0.0193919
-0.138294 -0.12508 -0.0117311
0.0160945 -0.248071 0.0169083
0.0147812 -0.351738 -0.0261719
0.120497 -0.242221 0.017681
0.115032 -0.245752 0.0224652
-0.122063 -0.229834 0.0148203
-0.1319 0.029363 -0.0210997
-0.122281 -0.215374 0.0183332
0.130354 -0.224848 0.00715896
0.127819 -0.211572 0.0145873
-0.124648 -0.206959 0.0173023
-0.127099 -0.213471 0.0115323
-0.028961 0.299628 -0.107158
0.127568 -0.189817 0.0232727
-0.15155 0.106331 0.00405018
-0.129141 -0.191398 0.0159616
0.131998 -0.185463 0.0172606
-0.134897 -0.168338 0.0128435
-0.130861 -0.17301 0.0198382
0.135526 -0.150357 0.018694
0.135582 -0.118841 0.0103206
-0.179651 0.0256459 0.0377434
-0.117756 -0.189574 -0.0783925
0.128766 -0.0697113 0.00866961
-0.175873 0.0331313 0.0354929
0.119256 -0.0395344 0.0184449
0.144639 -0.333784 -0.0186924
-0.236084 0.00178643 0.0139148
-0.216174 -0.00403224 0.0193923
-0.0909627 -0.457574 0.0809602
-0.208024 -0.00355698 0.0198679
0.206087 -0.00274113 0.0229378
0.20414 -0.00375735 0.0141098
-0.243702 0.00728388 0.0139603
-0.143458 -0.347422 -0.0194208
-0.190105 0.00143549 0.0175064
-0.188542 -0.000143308 0.00699634
-0.174172 0.00764827 0.00630087
-0.182581 0.00665824 0.0196819
-0.0840709 0.0665588 0.0440081
0.184359 0.00240509 0.0105825
0.241357 0.00582098 0.0113818
-0.249665 0.0139387 0.0131236
-0.140107 -0.369394 -0.00351969
0.170975 0.0121988 0.0105539
0.178078 0.00642536 0.0107712
0.168726 0.0184087 0.0165307
0.238516 0.00591276 0.00282934
0.24803 0.011219 0.0137154
-0.175013 0.0116059 0.0162151
0.074625 -0.400355 -0.0951777
0.0271053 0.250135 -0.103163
-0.097912 0.0248076 0.00787836
-0.00473149 0.40714 -0.131167
0.105851 0.00692045 0.0130153
0.102118 0.0103951 0.0202662
0.256975 0.0684621 0.0341865
-0.254838 0.0170666 0.0261077
-0.253349 0.0168884 0.0188741
0.0720544 -0.406887 -0.0945765
0.185765 0.0170468 -0.0463209
0.167174 0.0247395 0.0204583
-0.0607503 -0.400554 -0.0929941
-0.0945402 0.0313612 0.0110303
-0.0130967 -0.384269 -0.0146209
0.0282551 0.284673 -0.106185
0.158036 0.0305088 0.0138388
-0.0381086 -0.260483 -0.0826884
-0.091089 0.0469299 0.0146478
-0.0904927 0.0371706 0.0175849
0.160858 0.0448223 0.0218144
-0.0215486 0.288363 -0.10819
0.147108 0.052007 0.0144326
-0.0352786 0.286939 -0.10286
-0.083193 0.286229 -0.0140671
-0.062479 -0.409045 -0.0929224
0.116856 -0.266328 -0.0793448
0.0851478 0.252807 -0.00887548
0.0217615 -0.157532 0.100422
-0.0364075 0.312164 -0.105606
0.0862402 0.224732 -0.0193323
0.0950753 0.047036 0.0130516
0.153456 0.0585561 0.0189163
0.0742255 -0.413956 -0.0945993
0.100193 0.0633899 0.0123306
0.149082 0.0661345 0.016982
-0.064097 0.15884 0.0361038
-0.244848 0.072929 0.0203484
-0.0936731 0.0696818 0.0164588
-0.0832907 0.204405 -0.00925496
-0.116141 -0.107523 0.0489853
0.142454 0.068916 0.0142629
-0.123279 -0.145593 0.0356808
-0.235476 0.0778114 0.0198731
0.10099 0.072803 0.014437
-0.0194455 -0.378732 0.00169916
0.160636 0.0169025 0.000480861
-0.11095 -0.203722 0.0344397
-0.226271 0.0810119 0.0249283
-0.217498 0.081432 0.0207329
-0.0571632 -0.41619 -0.0909569
0.166905 0.0126445 0.00376182
0.073842 0.168298 0.0257109
-0.102678 -0.191373 0.0459498
0.101971 -0.18679 0.049937
-0.165603 0.0819219 0.0180258
0.0969511 -0.219756 0.040333
-0.0352003 0.295309 -0.103992
-0.0920939 0.0861485 0.0195217
0.0918131 -0.0970395 -0.13447
0.0221682 -0.123223 0.113551
0.0871995 -0.422541 -0.0937751
0.193129 0.0793731 0.0216024
0.217247 0.0818654 0.0166196
-0.187622 0.0840972 0.0166928
-0.182563 0.0894338 0.0128972
-0.164353 0.0907443 0.0134592
-0.157 0.0841385 0.0158824
0.0276276 0.293253 -0.107551
0.0938779 -0.0638074 0.0733057
0.0332546 0.306937 -0.10734
0.101673 0.0904609 0.0162005
0.108606 0.0862352 0.0127344
0.010609 0.271784 0.0973625
-0.040402 -0.129088 -0.163144
0.178086 0.0829322 0.0182879
-0.0147965 -0.313677 -0.0127772
0.187055 0.084048 0.0169207
-0.104568 0.0965012 0.0138365
-0.113241 0.0985259 0.0112195
0.101686 0.0987924 0.016224
-0.0820658 -0.227978 0.0425379
-0.107148 0.104942 0.0123797
0.215881 0.0859654 -0.0260972
-0.0152073 -0.322062 -0.0115887
0.141043 -0.344119 -0.00518428
0.0148784 -0.400612 -0.00989571
0.0773347 0.218254 0.0605474
0.0407977 0.306292 -0.103667
-0.0962077 0.116051 0.0138489
-0.0894141 0.116485 0.0164508
0.0583129 -0.228629 0.0462668
0.0902349 0.134261 0.0113213
0.096083 0.128486 0.0104394
-0.0784796 0.146156 0.0150316
0.0180061 -0.399547 -0.00117641
0.0791359 -0.407162 -0.095163
-0.0723283 0.379452 0.00390521
0.0794245 0.194291 0.0139531
-0.0728888 0.251039 0.0200517
-0.0736995 0.241061 0.0191354
0.0791248 0.240762 0.0126962
0.0756177 0.258743 0.0183672
-0.0738992 0.276404 0.0156173
-0.0725079 -0.231346 0.0437271
0.0783095 0.287174 0.0103222
0.0724572 0.295026 0.0220717
-0.0665311 -0.22503 0.0471474
0.0798501 -0.403286 0.0417155
0.0397994 0.322121 -0.106496
0.0749366 0.338312 0.0243814
0.130617 -0.23828 -0.0598837
-0.0447239 0.35125 -0.107211
0.0748085 0.363708 0.0156276
-0.072047 0.364423 0.0223197
0.0446911 0.421419 0.0260288
0.0405731 -0.491321 0.031041
0.0332332 -0.135562 0.107617
-0.0391696 0.344153 -0.109206
-0.0687502 0.370854 0.0161093
-0.0475142 0.334655 -0.102329
0.0630843 0.378267 0.0229218
0.0839095 0.249529 -0.00238509
-0.0639178 0.386257 0.0146442
0.0652108 0.390283 0.0149989
-0.0620756 0.403676 0.0133637
-0.0667115 0.406908 0.00680129
0.0578894 0.361684 -0.100536
-0.0554232 0.429791 0.0144514
-0.0498066 0.43833 0.0161737
-0.0612792 0.432099 0.00771559
-0.0423106 0.443847 0.0199365
-0.0543326 0.444137 0.00960413
-0.0394526 0.452891 0.0166394
-0.0456774 0.456018 0.0101898
-0.0330528 0.459486 0.0166105
0.0401229 0.452989 0.0179102
-0.0189225 0.46863 0.0154237
-0.0259578 0.470608 0.0108662
-0.0185176 0.475293 0.00886644
0.090324 -0.415583 -0.0940992
0.0256151 0.470843 0.011956
0.0828479 -0.41495 -0.0945886
0.0104283 0.476853 0.0100726
0.0279328 0.416498 0.0351835
0.0843528 0.267137 -0.00608231
0.0854662 0.236364 -0.00969241
-0.10808 -0.498892 0.024446
0.0327366 -0.0295284 -0.132009
-0.0575555 0.138325 0.0437096
-0.137375 -0.4917 0.00297302
-0.131262 -0.496114 0.00624086
-0.119213 -0.0358763 0.00359166
-0.0555797 0.441813 -0.103461
0.0501653 0.144854 0.0513565
-0.0887436 -0.490372 0.00368595
-0.030209 -0.490772 0.0142713
-0.0369093 -0.490116 0.00592076
0.0269086 -0.490092 0.00858841
0.0345296 -0.490282 -0.00339295
0.194152 0.104007 -0.0184066
0.115149 -0.015854 0.0071089
0.0956536 -0.491297 0.00623265
0.0494209 0.163506 0.0698933
0.142076 -0.169315 -0.00179529
-0.141243 -0.485753 0.00800993
-0.132764 -0.285875 0.000844322
-0.00124545 0.247256 0.10978
-0.0136749 0.476654 -0.10294
0.0771557 -0.0739359 -0.128298
0.060416 -0.418559 -0.0914577
-0.0241171 0.0518386 0.0797598
0.0166042 0.150301 0.0688428
-0.0446689 -0.488389 0.000300564
0.0190792 -0.32931 -0.0062842
-0.0777009 0.299206 0.00521028
0.0569081 -0.484566 0.0137579
0.0621031 -0.48617 0.00731735
0.0693696 -0.489818 0.00249732
0.0843903 0.2116 -0.00231283
-0.0435512 -0.270271 -0.0847621
-0.0806941 0.183685 0.00464531
0.201619 0.0991084 -0.0207569
0.14463 -0.478569 0.0143075
-0.0194629 0.142826 0.0645039
-0.145307 -0.468849 0.000842321
-0.130202 -0.0776291 -0.00524468
-0.00402971 0.469454 -0.111317
-0.139264 -0.452536 0.00527653
-0.00093453 0.054821 0.0769932
-0.0990248 0.103185 0.0151943
-0.0161559 -0.483611 0.034107
-0.138982 -0.444699 0.0042063
-0.111979 -0.207507 -0.0804597
-0.0700303 -0.203092 -0.112191
0.197981 0.0145326 0.0518995
0.0229793 -0.340492 0.00148065
0.0112258 -0.449396 0.018804
0.00787481 -0.45562 0.00635268
-0.135642 -0.440317 0.0119129
0.0877435 0.00987573 0.0477237
0.0161642 -0.440577 0.00703308
-0.140646 -0.433592 0.00451365
0.0269256 0.122605 0.0634588
-0.0241866 -0.326743 0.00658088
0.195716 0.103665 -0.028595
-0.020778 -0.329329 0.00117439
-0.14453 0.130245 -0.0217117
0.0355828 0.12032 0.0614115
0.18825 0.0119516 -0.0398169
-0.0838992 0.368457 -0.0372012
0.129559 -0.335995 0.0125339
0.0533009 -0.193725 -0.129985
0.13606 -0.397064 0.0118616
-0.129452 -0.35339 0.011883
-0.0227969 -0.351566 0.00477824
0.0194685 -0.407682 0.0040271
-0.0937938 -0.183336 -0.114957
0.00796159 -0.467176 0.0268746
0.0286012 -0.362058 0.0110622
-0.151397 0.124393 -0.016112
-0.12612 -0.327523 0.0136255
-0.0972646 -0.172186 -0.122241
0.138785 -0.463898 0.0271061
0.0659603 0.410439 0.010039
0.134847 -0.45102 0.0183329
-0.125775 -0.305197 0.0124363
-0.0928226 -0.00139292 0.0446074
0.12545 -0.31276 0.0155673
-0.0244911 -0.282447 0.00897144
0.0257736 -0.286964 0.00728495
-0.0861906 0.0125451 0.0446734
-0.0202384 -0.279263 0.00448597
-0.0861893 -0.176135 -0.132036
0.0236765 -0.276623 0.00687225
0.124907 -0.263534 0.0131414
-0.0869335 -0.186777 -0.119103
0.0203213 -0.266072 0.00763398
0.0182723 -0.273431 -0.000217412
-0.09501 -0.420171 -0.09251
0.169259 0.0843185 -0.0752175
0.0437572 -0.273148 -0.0835833
0.0115008 -0.250786 0.00913677
0.129436 -0.259623 0.0071895
0.12486 -0.246489 0.0121962
-0.0124094 -0.249072 0.0146926
0.117352 -0.112292 0.0501794
-0.00566567 -0.246542 0.00947717
0.000264938 -0.239921 0.0131467
0.125284 -0.237998 0.0125209
0.194017 0.0930172 -0.0551825
-0.134653 -0.19125 0.00356103
0.0189546 -0.441369 0.0305769
0.0631584 -0.426768 -0.0917503
-0.0749074 -0.418147 -0.0946163
-0.135188 -0.158805 0.013837
-0.137193 -0.17321 0.00541915
-0.074897 0.297874 0.0117969
-0.134351 -0.151189 0.0159318
-0.137543 -0.150613 0.00734424
-0.134454 -0.143493 0.0146456
-0.133795 -0.134548 0.0146211
0.139925 -0.39448 0.0051445
0.137722 -0.119751 0.00254451
0.137405 -0.12632 0.00736757
0.0746277 -0.0667639 -0.124875
-0.132396 -0.109184 0.00856996
-0.134201 -0.122606 0.00890849
0.134568 -0.103573 0.00748448
-0.132645 -0.101133 0.00405077
-0.075596 -0.0537024 0.0845659
-0.120099 -0.0434997 0.0104614
-0.127045 -0.0700962 0.00613315
0.183976 0.0229245 -0.052806
0.106731 -0.165325 -0.113919
0.120164 -0.0282791 -0.00222722
-0.0716331 -0.0575847 -0.120653
0.112444 -0.00631803 0.00640993
-0.204227 -0.00378691 0.0135962
-0.0171452 0.127179 0.0652639
0.219838 -0.0036989 0.0114283
0.0809901 0.288162 0.00354316
0.0823695 0.173182 0.00682995
-0.077446 0.196191 0.0132895
-0.0988279 -0.205911 0.0429056
-0.0771871 0.388396 -0.00798712
0.109352 0.00276189 0.00551849
-0.14545 0.12089 -0.00727959
-0.250403 0.0182595 0.00524351
0.106023 0.0116504 0.00485046
0.162607 0.0243843 0.0145829
-0.15292 0.0261312 0.00336208
-0.0635767 -0.0542317 -0.124894
-0.0899636 -0.188276 0.0553839
-0.0103852 -0.414893 -0.032046
-0.142328 0.0348562 0.000343469
0.15198 0.0344014 0.00986884
-0.00384811 0.119838 0.0672905
-0.108411 -0.273185 -0.0843517
0.255469 0.0391446 0.00313516
-0.101303 0.111007 0.0131415
0.149313 0.0430024 0.0130341
0.14458 0.0390765 0.00647042
-0.109007 0.113162 0.0101491
-0.251637 0.0670032 0.0213759
0.139602 0.0551652 0.010617
-0.0916255 0.0555367 0.015125
-0.136121 0.0564548 0.00919205
-0.140635 0.0631125 0.0131659
-0.144236 0.0402291 0.00708751
0.137027 0.0633188 0.0113956
0.247553 0.0639614 0.00611281
-0.0504446 0.244623 0.0995255
0.0762851 -0.219445 0.0479354
-0.111698 0.0639792 0.0057799
0.0895713 -0.437776 -0.0921766
0.114604 -0.0221053 0.0167502
-0.0353285 -0.40374 0.0257747
0.129305 0.0657297 0.00870832
-0.0740355 -0.43397 -0.0929829
0.237206 0.069708 -0.00608913
0.0441837 -0.280674 -0.0837915
0.014686 -0.304546 -0.0367175
0.106164 0.0689345 0.0103338
-0.0245504 -0.312544 0.00731674
0.0252199 -0.325074 0.00540304
0.113137 0.0687834 0.00821903
0.121251 0.0675063 0.00761558
-0.135629 -0.400286 0.0101779
0.10795 -0.157722 -0.117536
-0.134085 0.129989 -0.0118819
0.0160826 -0.354799 -0.0441019
-0.141776 0.0784229 0.0138081
-0.122626 0.0665545 0.00711564
0.113891 -0.4592 0.05799
0.123274 -0.0474116 -0.0427988
0.086547 -0.44582 -0.0918211
-0.114136 0.0734727 0.00843947
0.150054 0.124688 -0.0157362
0.221249 0.0813036 0.00999802
0.0764642 0.189783 0.0207922
-0.200669 0.0846583 0.0133541
0.00550479 0.134747 0.0670087
-0.107097 0.0804322 0.0112859
0.110078 -0.166988 -0.106334
-0.0549055 -0.138041 0.0978097
0.140873 0.0777183 0.0134775
0.14848 0.0830998 0.0144486
0.204347 0.0844327 0.0133145
0.111688 -0.151328 -0.113585
-0.126618 0.0852819 0.0104231
-0.138386 0.135643 -0.0369231
-0.116984 0.0828588 0.0102968
-0.126996 -0.0864828 -0.0532664
-0.110478 0.0896642 0.0119265
0.12303 0.0799101 0.0101223
0.116233 0.08268 0.0105908
0.115488 0.091064 0.0114708
0.0242798 0.131642 0.0640908
0.13981 0.0872271 0.0120754
-0.0904507 -0.0829312 -0.122539
0.195804 0.0844608 0.0151553
-0.18873 0.0941693 0.00638504
-0.0791012 -0.0249629 -0.103618
0.0541181 0.273005 0.0537964
-0.173779 0.0937331 0.0106497
-0.0854631 -0.44266 -0.092061
-0.14582 0.094092 0.0106963
-0.067588 -0.0170004 -0.110306
-0.137335 0.0877518 0.0115474
-0.137722 0.0977331 0.00930209
0.0997865 -0.451857 -0.0897522
0.122449 0.0961016 0.00996578
-0.144334 0.0547395 0.0137778
0.15509 0.0874065 0.0141481
0.0654073 -0.0303377 -0.117836
0.0837572 -0.45344 -0.0934555
0.166312 0.0945176 0.0106689
0.154709 0.0481967 0.0183143
0.0887965 -0.459716 -0.0944804
0.180972 0.0898175 0.0129548
-0.138209 0.104444 0.00661341
-0.0261816 -0.414971 0.0185759
-0.119767 0.0919626 0.0105302
0.114189 0.0996057 0.0113534
-0.127006 -0.0760901 0.0129288
0.120571 0.1052 0.00900228
0.139121 0.0964831 0.00978149
-0.0467374 -0.151044 0.0957381
0.0210621 0.116106 0.0655218
-0.124323 0.110598 0.00633867
0.126399 -0.32916 0.0154573
-0.111088 0.121891 0.00610113
0.109228 0.126384 0.00534208
0.110183 0.118591 0.00853572
-0.0870389 0.131679 0.0124672
-0.0943857 0.132936 0.00724848
-0.0301769 -0.312824 0.0140778
-0.0468073 0.131188 0.0525067
0.0707153 -0.0125413 -0.108136
-0.0793057 0.160423 0.00950601
-0.0809284 0.151607 0.00901787
0.0839461 0.155992 0.00638052
0.132021 -0.391827 0.0162037
0.0826207 0.164647 0.00648649
-0.0780752 0.187346 0.0120003
-0.0805411 0.193517 0.00462097
-0.075589 0.222663 0.0165505
0.0221379 -0.399214 0.00744747
-0.055992 0.407338 0.0187904
0.079335 0.231624 0.012775
-0.0760936 0.245881 0.0138238
0.057614 -0.0312456 -0.122527
-0.0720879 0.26882 0.0198359
0.109959 0.0015456 -0.0374388
0.070468 -0.449125 -0.091361
-0.13048 0.137132 -0.0225878
-0.0423955 -0.376815 0.0272356
-0.0747938 0.23194 0.0175926
0.0786215 0.338258 0.01449
-0.075496 0.33269 0.0104719
-0.0727571 0.0447638 0.0594104
-0.0762986 0.339294 0.0131563
-0.128822 -0.125763 0.0243533
-0.0755624 0.34328 0.0193497
-0.0764095 0.346475 0.0111296
-0.0759285 0.354176 0.0186654
0.078648 0.354545 0.0113153
-0.116892 -0.217396 0.0241804
0.114925 -0.28037 0.0228488
-0.0754994 0.355152 0.0075169
-0.110378 -0.282404 0.0243281
0.204235 0.0152663 0.0592957
0.0775041 -0.00780713 -0.100826
-0.0678064 0.392533 0.0082325
0.07041 0.38601 0.00919966
-0.107077 -0.264731 0.0258508
-0.107215 -0.0418884 0.0435297
0.0616669 0.414412 0.0140287
-0.121621 -0.390509 0.0242843
-0.107022 -0.0691556 0.0558402
-0.0318846 -0.46 -0.0757302
0.0645699 0.428668 0.00753534
-0.135777 -0.415055 0.0122139
0.0528896 0.453078 0.00800482
0.0548511 0.444782 0.0112323
0.0599612 0.447931 0.00436672
-0.0327087 0.465978 0.0114514
0.0452827 0.457407 0.0114112
0.0372379 0.461098 0.0142554
0.0500529 0.461365 0.00421292
-0.0318453 0.471396 0.00681366
0.0338346 0.468345 0.00995072
-0.0099308 0.479463 0.00668942
-0.0185793 0.482259 0.000312032
-0.00262579 0.482181 0.00424226
0.000535124 0.486374 -0.00159121
0.00513999 0.482089 0.00446552
0.168482 0.0757076 -0.0768734
-0.125418 -0.498301 0.00166602
0.116314 -0.296965 -0.0828817
0.116328 -0.287841 -0.0819757
0.0455367 -0.313746 0.0251724
0.108221 -0.495738 -0.00149243
0.115753 -0.299881 0.0229524
0.126227 -0.49823 -0.00266068
0.135326 -0.494498 -0.00398043
-0.0837738 0.22321 -0.0262305
-0.064803 0.0119874 -0.100092
-0.196483 0.0391539 0.072275
0.0400795 -0.489891 0.00295472
0.0916626 -0.491775 -0.0013692
-0.0823878 -0.48843 0.0104144
0.0524089 0.106227 0.063423
-0.0414738 -0.334249 0.0237163
-0.0403856 -0.319039 0.0229605
0.0141067 -0.483565 0.00688587
-0.0337712 -0.32215 0.0176188
-0.0733685 -0.066909 -0.124269
0.0779006 -0.490115 0.00449195
0.0834869 -0.492553 -0.00200921
0.100502 -0.0808473 0.0718562
0.145193 -0.483174 0.00150355
-0.11615 -0.360256 0.0248956
0.095253 -0.191047 0.05251
-0.0398271 -0.386118 0.0265373
0.141586 -0.44787 0.00145198
0.145578 -0.43557 -0.0042509
0.0118265 0.215966 0.0887449
0.142908 -0.439294 0.00128479
-0.0611807 -0.460854 -0.0922125
-0.06993 -0.204663 0.0561977
0.0570909 0.409966 0.0192619
0.143409 -0.424978 0.0033582
-0.140186 -0.415212 0.00459542
0.049981 0.0991477 0.0687617
0.140963 -0.41645 0.00671041
0.0174857 -0.424062 0.00324718
0.063299 0.266863 0.0351225
0.0212461 -0.416693 0.00951718
-0.0660796 -0.210561 0.0538915
0.105276 0.00262074 0.0206264
-0.141035 -0.408473 0.00168482
0.0284941 -0.160051 0.097402
-0.0158426 -0.409672 0.000519922
-0.0167991 -0.415963 0.00389129
-0.0939291 -0.139889 -0.143305
-0.115236 -0.035015 0.0196152
-0.0216727 -0.401007 0.00964733
0.138957 -0.409555 0.00921631
-0.0169843 -0.0505876 0.108641
-0.140139 -0.386627 -0.000245288
0.13644 -0.388761 0.0100307
0.142887 -0.400403 0.000291797
-0.0221905 -0.385074 0.00774218
0.0380262 -0.284862 -0.0794212
-0.137954 -0.377799 0.00239535
0.0237532 -0.383159 0.00689058
0.0639971 0.47124 -0.0491385
0.122904 -0.0752024 0.0330226
0.125218 -0.0708461 0.0235022
0.141414 -0.36886 -0.0023625
0.138413 -0.362039 0.0023784
-0.0733348 -0.455344 -0.0936353
-0.018694 -0.355096 -0.00245497
0.136177 -0.34496 0.00418817
0.0555648 -0.214191 0.0536565
0.136021 -0.329635 0.00319345
0.0471152 -0.322233 0.0261099
-0.0452242 -0.311801 0.0260727
-0.0120471 -0.380261 -0.0323384
-0.0778742 -0.448819 -0.0925326
0.0546547 -0.364968 0.0313733
-0.0377195 -0.36866 0.0225505
0.128176 -0.293829 0.0112607
0.132877 -0.29024 0.00444163
0.0208127 -0.291295 -0.0016226
0.0179922 -0.285914 -0.00652877
0.111196 -0.371438 0.0300953
-0.118297 -0.397529 0.027809
-0.0181431 -0.270595 0.0051628
-0.0766456 -0.434595 0.0523972
-0.129834 -0.265435 0.0041948
-0.0335182 -0.413884 0.0260458
-0.0149393 -0.261987 0.0059842
0.133314 -0.255712 0.000460496
0.0846679 -0.491351 0.022041
-0.128917 -0.239758 0.00368651
-0.123943 -0.237989 0.0113046
0.133126 -0.237891 8.06077e-05
0.133922 -0.220373 0.000504867
-0.0799927 -0.45783 -0.0947812
0.136976 -0.21597 -0.00653858
0.133541 -0.198242 0.00908704
-0.129444 -0.204615 0.0103019
-0.135889 -0.182208 0.0046892
-0.0619483 -0.0458152 -0.12322
0.140966 -0.152616 0.0034396
0.142898 -0.149532 -0.00498934
0.00562403 0.0413023 0.0794056
-0.132547 -0.0931031 0.000117228
0.13577 -0.100781 -0.00121189
0.134395 -0.0941284 0.00426272
-0.128548 -0.0722425 -0.00080814
-0.12231 -0.254064 0.0132713
0.0165825 0.213573 0.0953047
0.130495 -0.0672723 -0.0113951
0.0597233 -0.0464619 -0.125947
-0.219727 -0.00381985 0.0122279
-0.20521 -0.00424206 0.00525334
-0.187507 -0.000285367 -0.00256817
-0.195891 -0.00286561 0.00133585
0.213502 0.0857579 -0.0348872
0.195227 -0.00255345 0.00395306
0.202313 -0.00406836 0.0051908
-0.241333 0.00906452 0.000732167
-0.23561 0.00514109 -0.000729313
0.0482858 -0.456773 -0.0859299
0.108132 -0.446485 0.0475992
0.0358172 0.0186251 -0.114495
0.0135937 -0.455813 0.0450157
-0.0165781 -0.303684 -0.052765
0.051444 -0.0249404 -0.123758
-0.0838261 0.377076 -0.0366214
0.235072 0.00631304 -0.00524885
0.241966 0.0116027 -0.00322319
-0.0686869 0.153874 0.0302726
0.247985 0.0180609 -0.000387425
0.253117 0.0251039 0.00329031
0.0694292 -0.466917 -0.0943585
-0.254266 0.0213226 0.0127411
-0.156764 0.0200107 -0.000321806
-0.00917895 0.0582423 0.0776485
0.133478 0.0281639 -0.0375556
0.0555102 0.271133 0.0704085
0.256456 0.0326955 0.00710555
0.0742436 -0.461571 -0.0949225
-0.0963183 0.0377563 0.00437121
-0.0979343 0.0299719 0.00284962
-0.120766 -0.0701301 0.0294919
0.0998573 0.0314207 0.00456631
0.253413 0.0333794 -0.00133638
0.0469935 0.279002 0.057291
-0.0257646 0.0631311 -0.104486
0.136773 0.0296075 -0.0441382
-0.252295 0.0456123 -0.00266041
-0.113443 -0.195952 0.0347185
-0.0958921 0.0456233 0.00661817
0.0601454 -0.457543 -0.0908351
-0.0105762 0.221461 0.0664889
0.102011 0.041482 0.00186271
-0.104666 -0.367013 0.0317583
0.106215 0.0492806 0.00181171
0.111254 0.0556073 0.00379596
0.10968 0.0427787 -0.00266214
0.127451 0.0529362 0.00349791
0.12272 0.0478406 -0.000329412
-0.0257507 0.0476869 -0.10788
0.134777 0.0502005 0.00617738
-0.105027 -0.352756 0.0305314
-0.127684 0.0579092 0.00566237
-0.0886693 -0.253322 0.0342392
-0.118654 0.0578006 0.00328881
-0.109629 0.0555411 0.00215095
-0.11598 0.0506066 -0.000760047
-0.0148478 0.00449918 -0.124712
0.119404 0.054503 0.00308194
-0.140224 -0.140389 -0.00829789
-0.0588523 -0.467452 -0.0928168
-0.0337196 0.131472 0.0599442
-0.233181 0.0766063 0.00944788
-0.238253 0.0725139 0.00543408
-0.0440282 -0.347777 -0.0860804
-0.00768068 0.0478319 -0.111168
0.164682 0.0152413 -0.0364262
0.0328686 0.129077 0.0613419
0.201441 0.0924703 0.000690168
-0.0639655 -0.355336 0.0342838
-0.193226 0.0977553 -0.00125937
-0.0611912 0.099458 0.0601298
-0.183658 0.100816 0.000439984
0.189933 0.0899062 0.0107689
0.108102 -0.351133 0.0297747
-0.174673 0.10018 0.004552
0.0832876 -0.362825 0.0366455
0.0117554 -0.108323 -0.155964
-0.15961 0.102733 0.00530478
-0.152671 0.0990953 0.0085256
0.0761289 -0.358637 0.0362976
0.102975 -0.359115 0.0323738
0.0861285 0.232595 -0.0165169
0.139639 0.10454 0.00650498
0.147717 0.106155 0.00453781
0.152905 0.10008 0.00778963
0.133445 0.110092 0.00432817
-0.0457468 -0.368347 0.0281553
0.141461 0.111484 0.00212948
-0.130086 0.117964 0.00137904
0.118973 0.114729 0.00634603
0.127654 0.116178 0.0029887
0.235062 0.0956178 0.0676461
-0.0721103 -0.469903 -0.0960632
-0.0648254 -0.472727 -0.0942707
-0.101294 0.135008 0.00211944
-0.102109 0.12743 0.00694655
0.161687 0.0727694 -0.0785853
0.0997842 0.138996 0.00154352
-0.243889 0.0904659 0.0589545
-0.0870345 0.14745 0.002858
-0.0156056 -0.486057 -0.000218487
-0.128953 -0.183387 0.019571
-0.00806776 0.0636947 -0.10791
-0.000418018 0.254546 -0.107715
0.0901283 0.15771 -0.00760342
-0.0475598 -0.402636 0.0339035
-0.0817823 0.228923 -0.00173377
0.16379 0.121895 -0.0426588
0.0842918 0.201802 -0.00139857
-0.0441161 -0.287339 -0.0853407
0.058768 -0.0616755 -0.131674
0.0823082 0.293715 -0.000940992
0.0779972 0.302781 0.010025
0.113031 -0.333004 0.0267707
0.0791585 0.347893 0.00369874
0.263882 0.0553628 0.035565
-0.0461104 -0.338605 0.0267682
0.115911 -0.306261 -0.0839525
-0.0715491 0.37122 0.00754836
-0.265996 0.0349928 0.0586104
-0.0833289 0.336336 -0.0231658
0.0987206 -0.390897 0.037563
-0.0200946 0.279828 -0.107549
-0.0955022 -0.460756 -0.0926632
-0.0024737 0.28628 -0.111006
-0.0443595 0.462173 0.00656524
-0.0522772 0.452066 0.00746814
-0.0390119 0.468027 0.00534826
-0.0467785 0.465792 0.00062183
-0.0344009 0.475036 0.00098236
0.0299247 0.474731 0.0052709
0.0381402 0.472365 0.00308137
-0.0137894 0.488474 -0.0076169
-0.0232016 0.486587 -0.00884435
0.0130011 0.481699 0.00369718
0.119506 -0.223169 -0.0738766
-0.0123472 0.197615 0.1001
0.0270515 0.480619 -0.000310109
-0.11245 -0.497964 0.002597
0.0935262 -0.466057 -0.0946541
0.188432 0.0274522 0.0511165
0.221807 0.0586651 -0.0450058
0.115301 -0.496593 -0.0170124
-0.103169 -0.396979 0.0361565
0.116823 -0.498067 -0.001964
0.00218192 0.294481 -0.11199
-0.0862188 -0.493318 -0.00586247
0.0023987 0.278662 -0.110178
-0.211482 0.0125169 0.0622307
-0.0619229 -0.487555 0.00525791
-0.220128 0.0113791 0.0650771
0.0429016 -0.489062 -0.00521816
-0.0592193 -0.490262 -0.00375566
-0.0354415 -0.489912 -0.0087193
0.0887991 -0.0264337 0.0650548
0.0949091 -0.0188023 0.0540647
-0.0924135 -0.0328222 0.0607905
-0.0529106 -0.31696 0.0303899
0.0198166 -0.487808 -0.00460409
0.106695 -0.0616682 0.0569565
0.0613748 -0.464486 -0.0923766
-0.0960276 0.0949984 0.0170012
-0.0115599 -0.482408 -0.00551761
0.0093801 -0.478019 0.00419267
0.147488 -0.470111 -0.00654908
0.00644371 -0.468979 0.000369593
-0.184846 0.0257474 0.0450324
-0.0304814 -0.331727 -0.0750996
0.107328 -0.0836558 0.0641434
-0.143236 -0.454625 -0.010675
-0.00494677 -0.460448 -0.00219592
-0.00517437 -0.466971 -0.00889316
-0.106284 -0.116035 0.0620142
0.14368 -0.452034 -0.00458448
-0.0720703 -0.0105479 0.0723948
-0.142954 -0.440962 -0.0040836
-0.0426438 -0.294586 0.0245194
0.00962645 -0.451952 0.000425878
-0.144782 -0.430877 -0.00603267
-0.112776 -0.0643522 0.0442053
-0.0873573 -0.462594 -0.0950815
0.143572 -0.383763 -0.0046216
-0.212888 0.085684 0.0616512
-0.0179059 -0.387151 0.000271198
-0.0208274 -0.369824 0.00282765
0.119525 -0.0475245 -0.056214
0.0968605 -0.160247 0.0625094
0.108496 -0.276587 0.0265858
0.0262709 -0.355594 0.00753681
-0.0959143 -0.267915 0.0310686
0.0241811 -0.348679 0.00388776
0.0209882 -0.323628 -0.0020228
0.00752263 0.317972 -0.115086
-0.118706 -0.147425 0.0416049
0.0358321 -0.303305 -0.0780863
-0.227354 0.093118 0.0642062
-0.219559 0.0184391 -0.0360882
0.0859629 -0.203277 0.0519032
0.157211 0.0664621 -0.0785419
0.133305 -0.264444 0.00145071
0.0843496 0.395179 -0.0597436
0.0594128 -0.0230785 -0.119038
0.0879666 -0.194859 0.0548115
0.0140383 -0.2714 -0.00739209
0.0204768 0.279851 -0.10795
0.0907307 -0.473561 -0.0954304
0.24528 0.0879461 0.0549321
-0.118316 -0.260814 0.0175381
-0.132013 -0.258085 -0.00113902
-0.0496819 -0.209701 0.0564465
0.0803734 -0.394681 0.0405111
0.00848528 -0.252687 0.00190758
-0.13283 -0.242412 -0.00441259
0.133232 -0.246759 8.75337e-06
-0.0351657 -0.199437 0.0642881
-0.131796 -0.21199 0.00275671
-0.054382 -0.2031 0.0602235
0.138181 -0.184659 0.00358787
0.139287 -0.176067 0.0048421
-0.139264 -0.1701 -0.000932101
-0.117799 -0.309835 -0.0812653
-0.140288 -0.154823 -0.00297973
-0.140694 -0.164248 -0.00534941
-0.139633 -0.144745 -0.00183976
0.141226 -0.134943 -0.00382779
0.0223278 0.287901 -0.108541
0.167043 0.0659739 -0.0767968
-0.137182 -0.131284 0.00217165
0.13918 -0.120495 -0.00542648
-0.0197262 -0.111343 -0.158061
0.192512 0.0202928 0.0513286
0.0730706 -0.476305 -0.0945813
0.140237 -0.121023 -0.0137544
0.136967 -0.106945 -0.00591908
0.0665827 -0.494361 0.0572286
0.136595 -0.0998272 -0.00918738
0.0111394 0.294663 -0.111434
-0.0815755 0.408698 -0.0256688
0.0246217 -0.226464 -0.0873277
-0.223902 -0.00210079 0.00511568
-0.0187956 0.327636 -0.114622
-0.202533 -0.00335772 -0.0032583
0.0975938 -0.00566591 0.0433999
0.114285 -0.0590352 0.0431503
0.0355726 0.329337 -0.109789
-0.0358257 0.329256 -0.108492
0.104072 -0.494148 -0.00881649
-0.0350286 0.364337 -0.115078
0.209293 -0.00361927 -0.00306786
0.219619 -0.00116561 -0.00642819
-0.126387 -0.0930351 -0.0590794
0.101929 -0.272646 0.0297667
-0.181499 0.00442252 0.0117437
0.0543087 -0.470145 -0.0908985
0.132835 0.0607157 -0.0754723
-0.109364 -0.000231546 -0.0014914
-0.108625 0.00401668 -0.00874324
0.172995 0.0073731 0.00314563
0.0318798 0.320718 -0.109656
-0.0506786 0.358295 -0.104071
-0.103674 -0.449946 0.0548141
0.227694 0.00231904 -0.00653977
0.230724 0.00720754 -0.0126
-0.249419 0.0229992 -0.00269211
-0.24525 0.0149011 -0.00141821
-0.111286 -0.452169 0.0496657
-0.0422098 0.370395 -0.112389
0.100026 -0.492866 -0.00132067
-0.00393251 0.135185 0.0670408
0.146847 0.0307513 0.00118036
-0.135604 0.0353265 -0.00608245
0.11662 -0.289761 0.0220009
0.00652664 -0.0727362 0.114784
0.00424234 0.119599 0.0674505
0.0150531 0.133686 0.0661015
0.0486139 0.366432 -0.109093
0.140247 0.0368343 0.00103877
-0.0425134 0.105117 0.0661039
0.0464572 0.111269 0.062094
-0.0469833 0.39327 -0.113696
-0.135773 0.0422491 0.00123162
-0.128398 0.0461729 -0.000435223
0.00567462 -0.0553767 0.110925
-0.121816 0.0457818 -0.00353952
-0.0467612 0.400591 -0.11541
-0.107837 0.048036 -0.0013513
0.11802 0.0429734 -0.00474828
-0.106308 -0.0333075 0.0401531
0.171976 0.088927 0.0145677
-0.247628 0.0674986 0.0136241
-0.245097 0.0576944 -0.00834806
-0.239644 0.0695862 -0.000988969
-0.159561 0.0966315 0.00958826
-0.00530989 0.475547 -0.105454
-0.215505 0.0845045 0.00181182
0.0611053 0.438417 0.00767548
-0.2017 0.0949582 -0.00512135
0.20863 0.0818008 0.0593583
0.209282 0.0893563 -0.00264268
-0.189048 0.102352 -0.00612987
0.0229546 -0.193391 -0.12607
0.187135 0.100843 -0.00168383
-0.167433 0.104671 0.00180904
0.165776 0.105353 0.00154381
0.15648 0.106432 0.002869
0.0329489 -0.193978 -0.128456
-0.104592 -0.234731 0.0301546
0.0721597 -0.188563 -0.129073
-0.0867228 -0.47992 -0.0941939
0.0675735 0.403453 0.00940397
0.0785806 0.18083 -0.0544926
-0.010081 -0.237123 0.0240886
-0.139585 0.116153 -0.000583975
-0.220724 0.0254178 -0.0403271
-0.0602504 0.037512 0.0683698
-0.0164008 -0.190462 -0.127188
0.112156 -0.1117 -0.112227
-0.117178 0.127429 0.000115935
0.218082 0.017439 0.0744906
-0.106756 0.136754 -0.00245825
-0.0767835 -0.00485489 0.0656927
-0.0938828 -0.0800272 -0.115322
-0.0842084 0.162473 -0.00468912
0.0916882 -0.0895334 -0.128781
0.0864061 0.165157 -0.00614623
0.0843305 0.169205 -0.000339925
0.116618 -0.323943 -0.0844022
0.102342 -0.132081 -0.134889
0.239489 0.0986263 0.0748105
0.195029 0.0299451 0.0632929
-0.0801266 0.299772 -0.00171067
-0.0825993 0.277892 -0.00981285
0.0793967 0.323443 0.00392344
-0.0758529 0.324269 0.00728908
0.0829827 0.328526 -0.00759362
0.0807684 0.341442 -0.00246276
-0.077564 0.331785 0.00205506
0.0788282 0.35667 0.00145186
-0.0761435 0.380726 -0.00403759
0.013794 -0.240549 0.0217519
0.0751626 0.381065 0.00261231
0.0873908 -0.481057 -0.0940344
-0.0890553 -0.17414 0.0618187
-0.0741357 0.403312 -0.00439437
0.0048211 0.267055 0.101106
0.0214195 0.0233152 -0.116632
0.0757187 0.422917 -0.00725179
-0.0656294 0.435172 0.000757789
-0.0818072 -0.186684 0.060206
-0.0703224 0.422862 -0.00172289
0.0678886 0.43492 0.00118162
0.0355355 -0.359502 -0.0782516
-0.0131343 -0.380005 -0.0406382
-0.0582607 0.448432 0.0031683
0.0758567 0.220312 -0.0606537
0.0541475 0.464732 -0.00386215
0.046261 0.469131 -0.000210058
0.0614319 0.459893 -0.00815977
0.0413084 0.476785 -0.00542379
-0.0287963 0.481005 -0.00318989
-0.036953 0.478813 -0.0065432
-0.0214622 0.0272437 -0.114543
-0.00927754 0.492693 -0.0146711
-0.00468874 0.489757 -0.00774141
0.00375109 0.490226 -0.00849256
0.0171572 0.488634 -0.00814637
0.0105808 0.490359 -0.00987836
-0.0172049 0.319583 -0.113628
-0.111838 -0.496058 -0.0214233
-0.103617 -0.494687 -0.025301
-0.105248 -0.495574 0.00492386
-0.131431 -0.495164 -0.0108595
0.112249 -0.0814489 0.0565425
-0.12612 -0.497868 -0.00528066
-0.0137601 0.340412 -0.117722
-0.046698 0.276594 0.0689515
0.209093 0.0757182 -0.0518982
0.00612367 -0.236192 0.0198322
-0.00931157 0.224616 0.0719118
0.110686 -0.239806 0.026264
0.0594987 -0.49036 -0.00598632
0.0670221 -0.49199 -0.00491362
0.0719189 -0.494372 -0.0109826
0.00571357 -0.21776 -0.0839597
-0.130388 -0.0820315 -0.0328037
0.142373 -0.487849 -0.0056447
0.0801543 -0.198304 0.0564944
-0.0421454 -0.194654 0.0671495
-0.0629779 -0.20364 0.0580834
0.012471 0.118125 0.0667663
-0.00732492 -0.475766 -0.00681409
0.112071 -0.358535 -0.0878193
-0.000991881 0.201911 0.0820557
0.00654126 -0.462997 -0.00576332
-0.0134827 0.203384 0.0690283
0.00836149 -0.456037 -0.00657714
0.145638 -0.46021 -0.00719101
0.0836668 -0.0139343 0.0651819
-0.00532202 0.325499 -0.116121
-0.141673 -0.451439 -0.00288833
0.00347187 0.325723 -0.116591
0.0812049 0.334243 -0.0605431
0.013221 -0.444479 0.000526476
0.0117541 -0.448189 -0.00708263
0.0661939 -0.197078 0.0614722
0.0134193 0.156092 0.0757584
0.147427 -0.435414 -0.011377
0.144971 -0.443598 -0.00646068
0.120607 -0.234006 0.0183786
-0.0130236 -0.430075 -0.00302321
0.0343078 -0.329205 -0.0771282
-0.0401121 0.0997954 0.0699474
0.148787 -0.427221 -0.0159907
0.146707 -0.427192 -0.00585804
-0.145559 -0.421522 -0.00902156
-0.0348338 0.104591 0.0682071
0.0072464 -0.0815302 0.116691
-0.0708349 0.399505 0.00220365
0.14526 -0.41623 -0.00260956
-0.0134798 -0.415396 -0.00402734
0.00855111 0.333916 -0.117447
0.270688 0.0509963 0.081597
-0.0170674 -0.401698 0.00135526
-0.142951 -0.404141 -0.00367233
-0.145373 -0.407306 -0.010873
0.0128675 0.223476 0.077391
-0.0567445 0.00448147 0.0769531
0.14534 -0.406521 -0.00470351
-0.0147759 -0.389895 -0.00688392
-0.0354178 -0.326866 -0.0799529
-0.0621862 0.000164092 0.0754078
-0.143252 -0.373347 -0.0114875
0.116652 -0.197638 0.0334886
0.143924 -0.375392 -0.0073685
-0.0194669 -0.345947 -0.00146633
-0.0157054 -0.358566 -0.00999412
0.144433 -0.343639 -0.015414
-0.0974882 -0.0718914 0.0696716
-0.1392 -0.33211 -0.00668673
-0.134499 -0.307401 0.000380135
-0.142038 -0.328897 -0.0164322
0.215093 0.0872344 0.0627433
0.0142441 0.0811422 0.0743375
0.120554 -0.202311 0.0278086
0.0178339 -0.322992 -0.00959777
-0.135838 -0.279087 -0.0065772
0.136439 -0.277637 -0.00314071
-0.0119202 0.347743 -0.119204
-0.265053 0.0727654 0.0589571
0.0155324 -0.283969 -0.0130896
0.139113 -0.281742 -0.00939077
0.136349 -0.26093 -0.0057995
-0.129092 -0.103616 -0.0543375
-0.0159501 -0.275634 -0.00186317
-0.0130872 -0.26709 -0.00103419
-0.00875936 -0.263432 -0.00744528
-0.023664 -0.0222841 -0.131609
-0.133854 -0.251434 -0.0062911
-0.00960926 -0.258793 -4.309e-05
-0.00341344 0.349641 -0.120471
-0.00475068 -0.251164 0.00151787
0.00441253 0.352233 -0.120945
-0.0375008 0.0379267 0.0772871
-0.081024 -0.0605141 0.0820344
0.138779 -0.252469 -0.0147373
-0.131829 -0.232721 -0.00224349
0.13568 -0.233436 -0.00668978
-0.131469 -0.222731 -0.000272485
-0.13481 -0.235933 -0.0109252
-0.0413556 -0.358187 -0.0842772
0.19176 0.0458819 0.0643194
-0.134623 -0.216314 -0.00701854
-0.138658 -0.189542 -0.0111427
0.140863 -0.179509 -0.0031832
0.144063 -0.155202 -0.0121679
-0.00423758 0.389274 -0.128234
0.131913 -0.124678 0.0224475
0.0714238 0.0484582 0.0672617
0.135906 -0.0932839 -0.0123145
-0.122405 -0.0459723 0.00142841
0.117853 0.0593535 -0.0721077
-0.201688 0.0345172 0.0780947
0.110767 0.0637227 -0.0736736
0.121706 -0.0647485 0.029554
-0.21056 -0.00357416 -0.00297482
0.0116953 0.355708 -0.120913
-0.0583049 -0.0203562 0.0852638
-0.00134989 0.488412 -0.089118
0.175947 0.00463141 -0.00513945
-0.0735955 -0.156994 0.0771781
0.0239076 0.319018 -0.112141
0.128225 -0.0750984 0.0164993
0.158532 0.0155735 -0.00897397
-0.165051 0.0107751 -0.0101898
-0.160692 0.0149182 -0.00461752
0.112539 -0.0332701 0.0318441
-0.0595125 -0.155402 0.0869225
-0.150091 0.0239403 -0.00500925
0.211072 0.0265781 0.0812758
0.0410289 -0.170934 0.0862805
0.152623 0.0220607 -0.00353161
-0.136756 0.0293836 -0.0129862
-0.254372 0.0367857 0.000775783
-0.0196309 0.201731 0.0952444
0.0295804 0.34644 -0.115044
0.103934 0.0258729 -0.00408437
0.00795968 0.00901931 0.0914932
-0.247981 0.0245324 0.0846183
0.244685 0.0267347 -0.0144059
0.248913 0.0358228 -0.0105237
0.0237301 0.00573528 0.0906332
-0.248055 0.0442737 -0.0112534
-0.0105524 -0.407356 -0.0291609
-0.116766 -0.356961 -0.0836749
-0.104436 0.0342872 -0.00909874
0.108579 0.0303735 -0.0113768
0.116565 0.0326433 -0.0153395
0.220782 0.060257 0.146425
-0.120028 0.0401267 -0.00917489
0.134063 0.0392278 -0.0020091
0.248271 0.0460795 -0.0104594
0.245501 0.0552224 -0.0102334
-0.0205055 0.385149 -0.124697
-0.235436 0.0674864 -0.0154804
0.235461 0.0684579 -0.0134713
-0.00868348 0.485845 -0.0925806
-0.0628183 0.00655973 0.0719503
-0.220683 0.0829299 -0.0051744
-0.223614 0.0807964 -0.0131932
0.229064 0.0741697 -0.0172489
0.0811783 0.358601 -0.00681834
-0.214306 0.087049 -0.00539416
-0.124324 -0.35492 -0.0773395
0.111518 -0.0242711 0.0276417
0.107906 -0.00562288 0.0221811
0.210568 0.0910484 -0.0114212
0.196002 0.0977989 -0.00444111
0.148514 -0.39405 -0.023849
-0.195648 0.100344 -0.00968706
0.036986 0.382553 -0.118827
-0.0798987 -0.0694207 0.0856465
-0.270912 0.0670848 0.0723704
-0.182576 0.106213 -0.00773783
-0.159604 0.110207 -0.00141922
-0.0755694 -0.124427 0.089901
0.214402 -0.00306094 0.0257554
0.0771419 -0.0163045 0.0721656
0.150058 0.113304 -0.00180163
0.170649 0.109824 -0.00564506
0.237641 0.101107 0.093504
0.236148 0.00165647 0.0178815
-0.08156 -0.0404733 0.0752259
0.129686 0.122785 -0.00203929
-0.0578154 0.473601 -0.0325903
0.0191619 0.014932 -0.120311
0.0766269 0.0313346 0.0557617
-0.121495 0.130743 -0.00501363
0.115692 0.128351 0.000732405
-0.121965 0.135187 -0.0106342
-0.0476323 0.384946 -0.11159
0.0993369 0.145967 -0.0052055
0.0933385 0.146132 0.000622009
0.0935065 0.150787 -0.00483471
-0.087823 0.159318 -0.012165
-0.0371784 -0.0291457 0.0977692
-0.0214889 0.482121 -0.093588
-0.0376909 -0.0126788 0.0926056
0.0910732 -0.0555985 0.0734388
0.0999572 -0.0657446 0.0673896
0.0862983 0.208691 -0.0176097
0.0731076 0.0336645 0.060341
0.0888826 0.265609 -0.0287791
0.0855186 0.2596 -0.0116089
-0.100242 0.0178517 0.00898911
-0.0814057 0.305034 -0.00688316
0.0859401 0.299103 -0.0148046
-0.016632 -0.0208305 0.100357
-0.0808343 0.338933 -0.00950652
-0.077989 0.365112 -0.00555702
0.0819504 0.367444 -0.0107453
-0.104801 -0.00182476 0.0204617
-0.0792619 0.381545 -0.0121079
-0.0218013 -0.360709 0.00389212
-0.075236 0.409553 -0.00786623
-0.0930982 -0.0771289 0.0761041
0.0779459 0.429348 -0.0138422
-0.0909533 -0.0683994 0.0755633
0.0733171 0.432163 -0.00602148
0.0699928 0.441067 -0.00546891
-0.0400911 0.396828 -0.118974
-0.0648571 0.444323 -0.0028344
-0.060359 0.453543 -0.00367121
0.0676129 0.455389 -0.013573
0.0708794 -0.173165 0.0724007
0.063461 -0.176951 0.0736407
-0.0546329 0.461744 -0.0036231
-0.0613063 0.459405 -0.0109038
-0.0494844 0.469981 -0.00707664
-0.0441899 0.476374 -0.0103064
-0.0509577 0.474088 -0.0159585
0.0991285 -0.13854 -0.138608
0.0466418 0.478479 -0.0139109
-0.0394554 0.481931 -0.0139116
0.0340419 0.477603 -0.000566863
-0.0412482 0.387916 -0.116459
0.0985463 0.0184969 0.0204946
0.00705374 0.493155 -0.0152983
-0.118214 -0.498399 -0.00342524
0.0201036 -0.011032 0.0973944
-0.0639716 -0.186678 0.0670828
0.0439439 0.378603 -0.114242
0.0235948 -0.0374499 0.104385
-0.137563 -0.490354 -0.0126203
-0.0927807 -0.494241 -0.0138488
0.0927011 0.0171194 0.0347666
-0.067405 0.0403854 0.0639408
-0.083034 -0.495602 -0.0155282
-0.0759563 -0.494452 -0.00824237
-0.251905 0.0981658 0.0949963
-0.077448 0.356145 -0.00209204
-0.0559189 -0.491343 -0.0122073
-0.0402517 -0.489217 -0.0150081
0.015529 -0.0342831 0.104708
0.0860294 0.400573 -0.039934
0.00344469 -0.023276 0.102394
-0.0170975 0.486228 -0.0888314
0.0515035 -0.488479 -0.00623505
0.0557093 -0.491028 -0.0133598
0.0758921 -0.495596 -0.0168569
0.0689146 -0.495074 -0.0184171
0.0179408 0.167629 0.0868246
0.00381644 -0.00954515 -0.130671
-0.0726332 -0.190806 -0.125976
0.0898777 -0.494928 -0.0146447
0.0767249 0.312314 0.013796
-0.142112 -0.48543 -0.00972612
-0.0553718 -0.194483 -0.128256
0.101529 -0.122617 -0.134421
-0.0380287 -0.191696 -0.132658
0.0639001 0.181204 0.0740461
0.0157556 -0.483844 -0.017202
0.081953 0.254832 0.00438163
-0.14441 -0.478124 -0.0160073
0.0411697 -0.388012 -0.0825364
0.0101451 -0.477351 -0.0142845
-0.145651 -0.469107 -0.0101904
-0.144344 -0.460942 -0.0147839
0.145687 -0.45916 -0.017046
0.0567213 0.18763 0.0874102
-0.0462841 -0.194176 -0.129907
-0.0279941 -0.193313 -0.128381
-0.0106776 -0.44163 -0.0171628
0.0105735 -0.453187 -0.0142798
0.00790812 0.0681142 0.0753445
-0.0213068 -0.145964 0.105682
0.263094 0.0412405 0.0266034
0.0135848 -0.439471 -0.00647928
0.0146827 -0.430368 -0.00345706
0.0125304 -0.432866 -0.0129822
0.147334 -0.404374 -0.0123287
-0.0313799 -0.366252 -0.0754842
0.0167662 0.062957 0.0775899
0.0142493 -0.394802 -0.0149168
-0.14404 -0.380553 -0.0125317
-0.142613 -0.365749 -0.0112085
-0.0289005 -0.14471 0.104627
-0.0242288 0.483905 -0.0892561
0.0268908 0.0615561 0.0794289
-0.0891694 -0.495522 -0.0227509
0.0245005 0.489777 -0.0789161
0.0926384 0.0334386 0.0215865
-0.0351288 -0.0666608 0.108358
0.015566 -0.323127 -0.0186629
0.0578949 -0.0703994 0.101207
-0.0821447 0.35123 -0.017639
0.0466453 -0.384136 -0.0864487
-0.0126996 -0.28611 -0.0176309
-0.0141159 -0.280711 -0.00915239
0.0138455 -0.280613 -0.01904
-0.0395211 -0.186517 -0.138775
-0.0205711 -0.196374 -0.120006
-0.0114238 -0.276094 -0.0161955
-0.0490253 -0.0571251 0.10109
0.0431651 -0.194356 -0.129676
-0.139282 -0.283109 -0.0167636
0.0288583 -0.0837871 0.114509
0.13819 -0.22062 -0.0137991
-0.136747 -0.210612 -0.0148924
-0.136183 -0.220349 -0.0155099
-0.139223 -0.191319 -0.0183285
-0.138865 -0.196313 -0.0242236
0.141622 -0.183544 -0.00985856
-0.141617 -0.166877 -0.013657
0.0317267 0.48519 -0.0833415
-0.139569 -0.13327 -0.0102324
0.0433356 -0.0507767 0.102671
-0.138135 -0.122731 -0.0183395
-0.135444 -0.109934 -0.0097392
-0.112883 -0.0165437 -0.0402659
-0.134798 -0.103118 -0.0151337
0.148827 -0.418876 -0.032081
0.136667 -0.0988136 -0.0172127
-0.12851 -0.0681155 -0.0164701
0.131349 -0.0714909 -0.0208714
-0.00737194 -0.22148 -0.0825156
0.119007 -0.0209559 -0.0152904
0.257675 0.0507194 0.0133355
0.201712 -0.00178047 -0.0113591
0.0579165 0.000306061 0.0794787
0.195212 -9.13937e-05 -0.0164612
0.192536 -0.00132848 -0.00919812
0.0635096 0.0121945 0.0703101
-0.223804 0.00174205 -0.00998899
0.0819805 0.236116 0.00542587
-0.241208 0.0848063 0.0451744
-0.179725 0.00285838 -0.00580725
-0.185833 0.000769571 -0.0114976
-0.109913 0.000990107 -0.0166021
-0.106923 0.00934003 -0.0154795
0.172016 0.00652216 -0.0129227
0.0573851 -0.187787 -0.136866
-0.0687077 -0.0326183 0.082782
-0.0545303 0.465801 -0.0854526
0.0412981 -0.071411 0.108156
-0.0867465 -0.0737318 0.0810176
-0.0216514 -0.186147 -0.135182
0.226025 0.0130613 -0.0260377
-0.0199747 0.228691 0.114857
-0.15805 0.0151838 -0.0120911
0.232738 0.0128572 -0.0187782
-0.247971 0.0287976 -0.00962822
-0.0120453 -0.193809 -0.120338
-0.102712 0.0198819 -0.00590242
0.2391 0.0192977 -0.0170663
0.23353 0.0198568 -0.0247098
-0.0788801 0.16944 0.0103937
-0.103785 0.0264804 -0.0120326
0.144477 0.0262029 -0.00835334
0.090692 -0.124508 0.0797442
0.136228 0.029195 -0.0128719
-0.237464 0.0985752 0.11255
0.0624329 0.456443 -0.0883859
-0.127508 0.03474 -0.0133081
0.0731057 0.127915 0.0291623
-0.0103223 -0.0661741 0.112908
-0.111454 0.0387856 -0.0108329
0.0675112 0.148398 0.035036
-0.0195046 -0.183969 0.0810228
0.121922 0.0372892 -0.0100903
0.130594 0.0351154 -0.00838656
-0.0269678 -0.183323 0.0797408
0.0662332 0.448782 -0.0889738
-0.0769481 0.347371 0.00192635
-0.0704285 0.238586 0.0334716
0.238094 0.051799 -0.0255789
0.0937095 0.0656407 -0.0754838
0.0417224 -0.495167 0.0819208
-0.0201588 -0.0690787 0.112385
0.0957868 -0.175551 -0.121496
-0.105541 -0.0996593 -0.116059
-0.217149 0.0863559 -0.0121377
-0.207936 0.093815 -0.0181443
-0.2133 0.0893529 -0.018684
-0.0132931 0.201312 0.0794084
0.0795609 0.203107 0.0133573
0.000722124 -0.133121 0.112609
-0.00561801 -0.0137839 -0.131697
-0.0158272 -0.0343328 -0.136302
0.175564 0.114803 -0.021686
0.0136806 -0.00880789 -0.129862
0.0261591 -0.0472134 -0.138372
-0.160847 0.119879 -0.0160894
0.223525 0.0139326 0.0708184
0.146132 0.120736 -0.00765813
-0.0701063 0.276073 0.0222575
0.137698 0.12232 -0.00541256
0.064225 0.443486 -0.0957779
-0.080719 -0.0712981 -0.121877
-0.0182425 0.363438 -0.120802
0.113814 0.142031 -0.0124694
-0.100829 0.146434 -0.010229
-0.100079 0.150857 -0.0182644
-0.0879111 0.139242 0.00789642
-0.0835818 0.177129 -0.0107315
0.0508574 -0.0321927 -0.126092
-0.0347667 0.374132 -0.1171
-0.261034 0.0328904 0.0809537
-0.0839103 0.261255 -0.0198696
0.0883703 0.275662 -0.0271598
0.214034 0.00816361 0.056141
-0.0865487 -0.086107 -0.129729
0.0844926 0.307651 -0.0110462
0.0206391 0.388778 -0.126
0.00548565 0.37701 -0.125826
0.0831728 0.352337 -0.0120964
0.0816067 0.376844 -0.0114263
0.0842413 -0.0895197 -0.135987
0.0432402 -0.0447089 -0.13297
-0.015578 -0.151079 0.104201
0.0753646 0.406997 -0.00297166
-0.0738021 0.424071 -0.00821881
0.0697061 0.44078 -0.0892541
0.102895 0.123543 0.00968171
-0.0998232 -0.11769 -0.134438
-0.0693945 0.437219 -0.00564121
-0.0704459 0.44281 -0.0112545
-0.0349082 0.486413 -0.0190215
-0.0418138 0.483308 -0.0211459
0.0331403 0.482207 -0.00645797
0.0251477 0.485746 -0.00714893
-0.0269525 0.489061 -0.0172061
-0.0306987 0.490596 -0.0248955
-0.215943 0.019314 0.0758035
-0.00499739 0.495287 -0.0206642
-0.0125924 0.0162344 0.0879483
-0.0638445 0.447952 -0.0898204
-0.0198067 0.02109 0.0846153
-0.0706883 0.433561 -0.0878522
0.0229383 0.49014 -0.014362
0.0142795 0.0319093 -0.114617
0.204532 0.00921468 0.0505658
-0.0388684 0.00214672 0.0869803
0.0021406 -0.000288466 -0.12766
-0.0694085 0.442185 -0.0851215
-0.0655069 -0.495026 -0.0216018
-0.0529015 -0.491439 -0.0200822
-0.0480651 -0.489352 -0.0137486
-0.0611979 -0.0368216 -0.120873
0.0353015 0.0210782 0.0812269
-0.0555436 -0.00869171 -0.115572
-0.00503649 -0.00507788 -0.129197
0.0698041 0.424935 -0.0954562
0.0273689 -0.489971 -0.0099283
0.0462712 -0.488712 -0.0144313
0.143962 -0.483902 -0.0146967
-0.00606053 0.023753 -0.118221
0.0145286 -0.480565 -0.0309704
0.0242673 0.000826122 -0.124767
0.0110758 -0.471867 -0.0323533
0.000507297 -0.175147 0.090909
0.00995895 -0.458744 -0.0200092
0.16875 0.0809785 0.0185371
0.146267 -0.467458 -0.021592
-0.143776 -0.446993 -0.0116458
-0.145704 -0.43773 -0.0133759
-0.0508347 0.00149477 0.0817369
-0.0709785 0.425019 -0.0903087
-0.0102896 -0.436583 -0.0262021
0.0589389 -0.00661543 0.0816966
-0.0706655 0.416765 -0.0918794
-0.0737914 0.393854 -0.0834286
0.0512873 -0.0454501 -0.129701
0.0424217 0.398838 -0.119211
0.148504 -0.402915 -0.0205663
-0.0235259 0.393899 -0.125631
-0.07427 0.00289406 0.0641666
0.0226188 0.343648 -0.11682
0.0746915 0.318854 0.0298738
0.147432 -0.387591 -0.0178997
0.0254493 0.35207 -0.117496
0.0549937 -0.0385814 -0.125988
0.0430122 -0.028633 -0.128398
-0.0246367 0.322071 -0.111919
-0.14353 -0.337719 -0.0225392
0.0826531 -0.043204 0.0773788
-0.0690425 -0.000484734 0.0707104
-0.0523377 -0.0145199 -0.119076
0.0145869 -0.288865 -0.0214999
-0.0137405 -0.327263 -0.0179383
-0.0139709 -0.296076 -0.0158273
0.017327 0.350233 -0.119125
-0.091707 -0.145181 0.068903
0.138489 -0.257928 -0.0121065
0.0754981 -0.147318 0.0823963
0.0111105 -0.268845 -0.0144038
0.239139 0.0597552 -0.0180735
-0.0196604 0.344551 -0.117059
0.138884 -0.241147 -0.0201796
-0.0188846 0.0339106 -0.112761
0.0223132 -0.00716732 -0.128041
0.138442 -0.233426 -0.0202292
-0.136895 -0.22368 -0.022207
-0.044013 -0.026001 -0.126269
0.13934 -0.216685 -0.0213453
0.142471 -0.183627 -0.0176394
0.0590268 -0.154603 0.0887518
-0.048036 0.410027 0.0247272
-0.142181 -0.161069 -0.0198176
-0.142097 -0.153805 -0.0177608
-0.142014 -0.16332 -0.0284925
0.144507 -0.160693 -0.0196263
0.0392349 -0.00346393 -0.12225
0.142743 -0.136214 -0.0133546
-0.14169 -0.14698 -0.0206999
-0.067316 -0.16354 0.0776284
0.137531 -0.105721 -0.0223705
0.140482 -0.122493 -0.0234663
0.136126 -0.0973138 -0.025994
-0.12814 -0.0678146 -0.0249024
-0.120962 -0.0369624 -0.0217133
0.040729 0.00441598 -0.118556
0.0296883 -0.0737607 0.111982
-0.112592 -0.00694788 -0.0180589
0.0647389 0.389405 -0.098902
-0.195483 -0.00190501 -0.00911772
-0.20054 0.000134618 -0.018081
0.0836928 0.402908 -0.0650599
-0.191408 0.00102743 -0.0181257
0.102336 -0.0595972 0.0621151
-0.110695 -0.00200884 -0.024618
0.113673 -0.00305119 -0.0189955
0.0613325 0.37085 -0.0992104
-0.06036 -0.162302 0.0822817
-0.0374292 -0.164635 0.0914852
0.210327 0.00494724 -0.0257872
0.219677 0.00595486 -0.0220983
-0.219019 0.00327039 -0.0178508
-0.227516 0.00718265 -0.0166097
0.052959 0.404753 0.0239602
-0.0313512 -0.389933 -0.0758635
0.217199 0.0106082 -0.0301997
-0.0368935 -0.406305 -0.0804633
0.0494994 -0.165851 0.0864785
-0.237404 0.0200985 -0.0201645
-0.0115508 -0.00184914 -0.127493
-0.105454 0.0151076 -0.0223636
0.108489 0.011944 -0.0118974
-0.0333226 0.0324448 -0.108847
-0.102373 0.119025 0.0107189
-0.105907 0.0252993 -0.02116
0.12903 -0.181324 0.0242579
-0.00841459 0.0130471 -0.122139
0.142671 0.0236335 -0.0175446
0.0190461 0.215924 0.0887665
-0.14453 0.0245318 -0.0126227
-0.00568982 0.216877 0.0871512
-0.0427338 0.0228441 -0.109099
0.00359203 0.0275992 -0.117055
-0.0577107 0.0154511 -0.103545
-0.122723 0.032316 -0.0223734
0.00159618 0.00841939 -0.124416
-0.243827 0.043945 -0.0193204
0.0454264 0.390133 0.0325369
0.00132962 0.202966 0.0917804
0.233806 0.0603545 -0.0273719
-0.0292679 0.308233 -0.108125
0.118103 -0.410459 -0.0834891
-0.020994 0.303762 -0.110249
0.205125 0.09571 -0.0145975
0.0711519 0.357388 -0.0844019
-0.0333319 0.282501 0.0728462
-0.00954889 0.20302 0.0908751
0.0136758 0.115803 -0.102386
0.0124812 0.186664 -0.103803
-0.152458 0.12743 -0.0258309
-0.141331 0.127445 -0.0132445
0.0103039 0.0122541 -0.122498
0.140683 0.127011 -0.0125567
-0.122841 0.139055 -0.0183943
0.00946465 0.00385497 -0.125789
0.11903 0.142506 -0.0208577
0.250418 0.0980447 0.0827756
-0.107733 0.1455 -0.0161917
-0.0981024 0.154057 -0.0279377
-0.211697 0.092926 0.100143
-0.086567 0.164177 -0.0198111
-0.00131893 -0.215781 -0.0849442
0.011833 0.0213919 -0.11886
-0.0613515 0.318727 -0.0876968
0.124568 -0.413097 -0.078507
-0.0843019 0.173486 -0.0191216
0.0896433 0.164569 -0.021562
0.0616513 0.296187 -0.0866404
0.017569 0.00666207 -0.123803
-0.0838059 0.25098 -0.024629
-0.0840542 0.207386 -0.0200481
0.0861748 0.20651 -0.0252766
-0.0100052 0.219121 0.111643
-0.0582666 0.290456 -0.0871333
0.0555239 0.2737 -0.0895897
-0.0816618 0.404427 -0.0641199
-0.25513 0.0300202 0.0867136
0.230418 0.028034 0.095285
0.115527 0.135321 -0.00525583
-0.0582362 -0.00184635 -0.110982
0.0566811 0.245452 -0.0860268
0.0487462 0.309575 -0.0993424
-0.0822596 0.311661 -0.0118644
-0.0826639 0.318163 -0.0161492
-0.0432815 0.316387 -0.102363
-0.0239738 0.265063 -0.104748
-0.0823796 0.368891 -0.022299
-0.0810377 0.375044 -0.016883
-0.0834635 0.372316 -0.029703
-0.0801331 0.400978 -0.0186745
-0.14334 -0.45994 -0.0238486
0.0794874 0.404619 -0.0111623
-0.0126158 -0.45552 -0.039518
0.0814965 0.426336 -0.0222447
0.0789988 0.435453 -0.020831
-0.0746907 0.440769 -0.019263
-0.0708245 0.448942 -0.0183581
0.0724059 0.452074 -0.0201697
0.0760153 0.444037 -0.0200156
0.0686954 0.458498 -0.0206279
-0.0614873 0.464224 -0.0185247
-0.066525 0.456991 -0.0181174
0.0640396 0.462904 -0.0166001
0.000702395 0.00593333 0.092963
-0.056785 0.469763 -0.0193219
-0.0544118 0.474365 -0.0244462
0.0535562 0.474239 -0.0167083
0.0498387 0.479015 -0.0205562
0.0602178 0.469895 -0.021005
-0.0483982 0.479582 -0.0227522
0.0389928 0.482833 -0.0132595
-0.033806 0.49036 -0.0312951
0.014935 0.492298 -0.0151411
0.0284692 0.49087 -0.0212852
0.00249461 0.495888 -0.0219895
0.086113 0.338586 -0.0338009
-0.00194875 0.372047 -0.124802
-0.0352184 0.00960727 0.0851744
0.0540897 -0.0190436 0.08851
-0.122152 0.10099 0.00932359
0.0954561 0.0571475 -0.0713601
-0.0570035 -0.036926 0.09154
0.029028 0.238626 -0.101689
-0.14157 -0.458692 -0.0333673
0.127023 -0.495171 -0.0251767
0.126298 -0.493963 -0.0324148
-0.110965 -0.495218 -0.0305444
-0.0218365 0.16237 -0.100892
0.0368294 -0.490665 -0.0256621
0.0687035 -0.0344442 0.0851503
0.0392784 -0.489672 -0.0188202
0.126218 0.109677 0.00626704
0.0608393 -0.493363 -0.0200027
0.066492 -0.49489 -0.0265065
0.0915311 -0.495494 -0.0240366
0.0457192 -0.413182 -0.0851484
-0.110039 -0.221956 -0.0804076
-0.0387048 0.429354 0.026714
-0.140399 -0.48635 -0.0176658
0.0445402 -0.489822 -0.0234472
0.0276468 0.108417 -0.0990685
0.133168 -0.491839 -0.0280143
-0.14171 -0.482047 -0.0228041
0.144355 -0.478337 -0.024977
-0.144872 -0.468511 -0.0200388
-0.00924019 -0.466247 -0.032076
0.0619628 0.257074 -0.0820937
0.0561667 0.00577974 -0.110555
-0.0108215 -0.462384 -0.0381069
0.0142507 0.372936 -0.124048
0.0905561 -0.0701598 0.0787208
-0.143886 -0.451025 -0.0275513
-0.143111 -0.467442 -0.0293304
-0.0539673 0.00406511 -0.111135
-0.145332 -0.444197 -0.020679
-0.0106529 -0.453565 -0.0258612
0.0122851 -0.451426 -0.0229798
0.147515 -0.44252 -0.0249414
0.0559033 0.418118 0.0186638
0.0803163 -0.348803 -0.0958499
0.0829002 -0.084058 0.0891827
0.0811512 -0.0987138 0.0922489
0.012892 -0.442822 -0.0267964
-0.0536967 0.249547 -0.0870271
-0.0103064 -0.432143 -0.0348783
0.141913 0.046898 0.00943982
0.0121732 -0.435122 -0.0316352
0.0114642 -0.425671 -0.0190639
0.148664 -0.435346 -0.0279904
-0.14724 -0.415405 -0.025491
-0.0819364 -0.119313 0.0866542
0.0507706 0.421504 0.0220127
0.0630416 -0.146001 0.0913245
-0.145833 -0.380972 -0.0251989
-0.145507 -0.376995 -0.0324562
-0.032819 -0.413586 -0.0768723
0.0178072 -0.355042 -0.0097259
0.0225878 -0.180586 0.0840147
-0.0454815 -0.449187 0.0872217
-0.121166 -0.406875 -0.0802872
0.142924 -0.306588 -0.0164578
-0.0195476 0.461433 0.0204297
0.108714 -0.158196 0.0535416
-0.0575776 0.35602 -0.0975838
-0.0410535 0.223193 -0.094183
-0.0117617 -0.286569 -0.025629
-0.0267544 0.368967 -0.119403
0.0140466 -0.287295 -0.0322547
-0.0112921 0.382961 -0.126174
0.0189992 0.367102 -0.121898
0.0085121 -0.264978 -0.022686
-0.140238 -0.279934 -0.0260798
-0.00545446 -0.263467 -0.0212299
-0.0340167 0.186547 -0.0967777
-0.00179773 0.213605 0.0952619
0.0256809 0.366999 -0.120124
0.139609 -0.244164 -0.027162
0.0526438 0.126767 -0.0867399
0.091955 -0.180199 0.058903
-0.13701 -0.222237 -0.0295031
-0.138828 -0.19207 -0.0324095
0.0462582 0.218808 -0.0920866
-0.141105 -0.146706 -0.0296148
-0.140813 -0.138959 -0.0245627
0.142296 -0.132801 -0.0230233
0.142605 -0.139227 -0.0315752
0.139232 -0.120086 -0.0333701
0.0344623 0.114555 -0.096454
-0.137431 -0.124033 -0.0336035
-0.135952 -0.111401 -0.0248803
-0.134948 -0.104658 -0.0233467
0.0289654 0.385469 -0.122951
-0.133999 -0.096732 -0.0204446
0.129495 -0.0705398 -0.037548
0.0281642 -0.490165 0.0183398
-0.0447705 0.209419 -0.0915378
0.123747 -0.0404456 -0.0278852
-0.127123 -0.0673448 -0.0328852
0.115197 -0.00929083 -0.0260367
-0.0909282 -0.166572 0.0629773
0.113379 -0.00691223 -0.0349838
0.0367268 0.106162 -0.0955143
-0.204895 0.00369324 -0.0255572
0.143727 -0.462239 0.010196
-0.195898 0.00325782 -0.0253973
-0.111024 -0.00560875 -0.0322326
0.177608 0.00486004 -0.0194453
0.18642 0.0015751 -0.0163977
0.193275 0.00273975 -0.0238328
-0.222512 0.00902518 -0.0243243
-0.17776 0.00605221 -0.0238628
-0.170441 0.00785482 -0.016859
0.021003 0.199495 0.0983725
0.163308 0.0123376 -0.0222768
-0.159818 0.0148846 -0.0271672
-0.154906 0.0169716 -0.0198348
-0.147338 0.0211343 -0.0198689
0.0639661 0.00568403 -0.105339
0.22735 0.0286266 -0.036439
0.227717 0.0209948 -0.0317583
0.233574 0.0277077 -0.0299104
0.075051 0.0257522 -0.0856843
-0.0199534 -0.393639 0.00538371
0.110788 0.0266449 -0.0202008
-0.0700268 -0.00968329 -0.10592
-0.241328 0.0357031 -0.0225064
0.0120009 0.392177 -0.128343
-0.0315731 0.395808 -0.122908
0.0265127 -0.309303 0.00741408
0.0505485 0.176992 -0.0883672
0.238097 0.0353003 -0.0270271
0.210289 0.0907767 -0.029772
0.241209 0.0429539 -0.0231056
0.00623931 -0.46274 0.00812658
0.235916 0.0438605 -0.0309815
0.0220334 -0.0286456 0.102192
0.0229494 0.180237 0.0982702
0.0427782 0.177312 -0.0932472
0.227059 0.0730242 -0.0260736
0.120167 -0.432863 -0.0807083
-0.0123413 -0.4503 -0.0330685
-0.0442822 0.446048 -0.111477
-0.193539 0.105264 -0.0261233
0.1809 0.11286 -0.0279419
0.244844 0.100792 0.0880618
-0.176665 0.113524 -0.0187983
-0.145914 0.131574 -0.031097
0.114223 -0.434262 -0.0843415
0.0915516 -0.388481 -0.0947899
0.136261 0.135683 -0.0270177
0.0781076 -0.378144 -0.0956973
0.107163 0.150344 -0.026722
0.0949138 0.158381 -0.0253261
0.0899466 0.163974 -0.0299104
-0.126361 -0.438063 0.0238261
-0.0836903 0.214538 -0.0273135
0.0850971 -0.34266 -0.0956348
0.169244 0.0212212 -0.0492304
-0.0475169 0.155709 -0.0885253
0.0908216 0.282203 -0.0327567
0.0263027 0.441876 -0.123301
-0.0605835 -0.383339 -0.0932469
-0.0611077 -0.343618 -0.093509
-0.0483809 0.181274 -0.0882424
-0.0889222 0.300253 -0.0241727
-0.0739971 -0.380645 -0.0956043
0.0978306 0.297495 -0.0307637
-0.0678039 -0.387223 -0.0948013
-0.0922855 0.306518 -0.0304613
0.0862555 0.315356 -0.0243034
-0.0838676 0.340115 -0.0313845
0.0431301 -0.435961 -0.0819883
0.093096 -0.343631 -0.0945565
0.0839674 0.373154 -0.0189172
0.0841185 0.399231 -0.0246063
0.106062 -0.381054 -0.0907458
-0.0795313 0.41706 -0.0201649
-0.0810995 0.392419 -0.0202802
-0.0773578 0.424648 -0.0162742
-0.0781549 0.432251 -0.0226007
0.136788 -0.379921 0.0081323
0.0210672 -0.233057 -0.081502
0.0828599 0.416955 -0.0235127
-0.0774839 0.443314 -0.0328377
0.0793471 0.441215 -0.0275244
-0.0706996 0.454371 -0.0257484
-0.0775612 0.0662036 -0.0777683
-0.0444231 0.483871 -0.0285395
0.0439457 0.482932 -0.0205074
0.0365653 0.487273 -0.0207299
0.0490196 0.481935 -0.0271031
-0.130358 -0.41417 0.0192238
0.0340931 0.437534 -0.12147
-0.00445155 0.497723 -0.0296895
0.00783708 0.0764346 0.0740158
-0.087296 -0.181348 0.0596842
-0.0330582 -0.468598 -0.0782451
-0.0999239 -0.374096 -0.0924171
-0.134412 0.110313 0.00443264
-0.0953688 -0.494699 -0.0293175
0.0829941 -0.496159 -0.0306238
0.0850284 0.386765 -0.0550937
0.0928561 -0.494766 -0.0335397
0.109649 -0.494946 -0.0323044
0.118497 -0.496021 -0.0265011
-0.082124 -0.33599 -0.0958824
-0.130518 -0.491927 -0.0280601
0.0718259 -0.336558 -0.0953799
-0.000813973 0.448406 -0.124814
-0.120141 -0.495933 -0.0271834
-0.0346021 0.404238 -0.123064
0.00438513 0.460608 -0.118295
-0.0375306 -0.489853 -0.0223304
-0.0218078 -0.488512 -0.0262281
0.0620664 -0.366879 -0.0931154
-0.0298156 -0.49035 -0.0239812
-0.0785301 -0.192491 -0.11965
-0.0445211 -0.0178133 0.0915233
-0.093832 -0.343226 -0.0941494
-0.041867 -0.368297 -0.0844367
-0.0148051 -0.483246 -0.0288713
-0.124179 -0.412849 0.0253949
0.0182844 -0.48497 -0.0254573
0.0537462 0.14342 -0.0854223
-0.0100923 -0.475243 -0.0312427
-0.04342 -0.433196 -0.0837769
-0.139888 -0.481599 -0.0293301
-0.00097395 0.356556 -0.121785
0.0771791 -0.0669806 0.0888729
-0.0495539 0.174077 -0.0872736
0.0779679 -0.206224 0.05341
0.142931 -0.457366 -0.0377584
0.0600908 0.16632 -0.0802708
0.0651687 -0.084596 0.101149
-0.0115163 -0.4416 -0.0340875
-0.0686447 -0.0721296 0.0943627
-0.0681026 -0.0708042 -0.130652
-0.145808 -0.441403 -0.030543
-0.0743209 -0.0858329 -0.138952
-0.06898 -0.128883 0.0933864
0.0378839 -0.149453 0.100716
-0.0665185 -0.0827592 -0.140814
0.0151779 -0.176564 0.08834
-0.00792872 -0.176625 0.0889411
0.147753 -0.414298 -0.0396126
0.148911 -0.410356 -0.0258353
-0.0123514 0.269518 0.0985849
-0.0113322 -0.393506 -0.0315942
0.0704452 -0.208831 0.0542015
-0.0127233 -0.363994 -0.0308147
-0.0159534 0.215584 0.107358
0.0159879 -0.362044 -0.01601
-0.0555149 0.0667322 -0.0881031
0.0711771 0.00645619 -0.0996065
-0.127834 -0.391318 0.0187219
-0.0948169 -0.291449 -0.0919549
-0.0107402 -0.40583 -0.0210313
-0.143785 -0.336592 -0.0317439
-0.0125285 -0.319237 -0.031921
-0.0909934 -0.257783 -0.090263
0.145524 -0.339613 -0.0230727
0.0145515 -0.318619 -0.0273298
-0.0461815 -0.0368085 -0.128475
-0.139989 -0.276804 -0.0337562
-0.00883247 0.262207 0.10307
-0.0108392 -0.279543 -0.0239868
-0.0111189 -0.282782 -0.0313115
-0.0935834 -0.247367 -0.0887147
-0.00880693 -0.271202 -0.0226325
-0.00667845 -0.266198 -0.0288348
0.00645282 0.260659 0.104183
0.138796 -0.230252 -0.0274153
-0.135819 -0.221106 -0.0386174
0.22644 0.059758 0.151958
0.138722 -0.21877 -0.0349591
0.140375 -0.201919 -0.0263984
-0.0456984 -0.0162288 -0.122733
0.14141 -0.18276 -0.0370855
0.142403 -0.183757 -0.0273536
0.144264 -0.167164 -0.0261307
0.0646404 -0.204551 0.0577086
0.144183 -0.157012 -0.0294763
0.14253 -0.157368 -0.0401313
0.14303 -0.148698 -0.0359635
-0.13979 -0.145616 -0.0382329
0.141292 -0.141546 -0.0413149
0.137234 -0.118656 -0.0426766
-0.115418 -0.431647 -0.0825611
-0.134726 -0.108072 -0.0321651
0.135087 -0.0968961 -0.0353397
-0.0307421 -0.0150773 -0.127846
-0.12794 -0.0745546 -0.0380649
-0.0373662 -0.0332616 -0.130909
-0.125388 -0.0659256 -0.041518
0.119577 -0.0304445 -0.0378625
-0.117867 -0.0299364 -0.0332824
-0.131012 0.103172 0.00791204
0.0595525 -0.192744 0.0653787
0.110871 -0.00505077 -0.0439573
0.108772 0.00800581 -0.0312284
-0.208705 0.00874013 -0.0321616
-0.107759 -0.255497 -0.0827428
-0.19151 0.00666499 -0.0318445
0.175542 0.00812695 -0.0274842
0.198368 0.0116035 -0.0388205
0.200698 0.0056111 -0.0297115
0.0325509 -0.376782 0.0171991
0.208385 0.0102653 -0.0344471
0.10816 0.0139712 -0.0268197
-0.0309041 -0.398087 0.0204811
-0.0518219 -0.454736 0.0945563
0.0126999 0.363869 -0.122336
-0.112556 -0.382686 -0.0867581
0.10877 0.0215287 -0.0278085
0.0648236 -0.168372 0.0773755
0.0564657 -0.340429 -0.091385
-0.231925 0.029035 -0.0318629
-0.0400806 -0.438866 -0.0805831
-0.0119181 -0.381808 -0.0241069
-0.231604 0.0355526 -0.0349762
-0.238768 0.0430807 -0.0266962
-0.235492 0.0487148 -0.0303286
0.00267393 0.181592 0.101634
0.231776 0.0532084 -0.0343598
-0.0856382 0.0675842 -0.0761563
0.225394 0.0698061 -0.0336949
0.228753 0.0622323 -0.0340231
0.223901 0.064775 -0.0399346
-0.0673524 0.369081 -0.0888716
-0.224965 0.0774481 -0.0212547
-0.224923 0.0734876 -0.0293146
0.2204 0.0784159 -0.0320706
-0.219352 0.083814 -0.0199227
-0.0247075 -0.153018 0.101759
-0.21504 0.0867041 -0.0263549
0.0140684 -0.455964 -0.0368348
0.207001 0.0917943 -0.0369227
-0.144859 0.101987 0.00758401
-0.198955 0.101223 -0.02794
0.183379 0.110898 -0.0372944
-0.0671416 0.361359 -0.0876927
0.163865 0.122009 -0.0271287
-0.173819 0.116551 -0.0266366
-0.165044 0.120696 -0.0239415
0.246771 0.0999251 0.113609
-0.0499901 0.130528 -0.0866114
-0.0193047 0.399826 -0.127887
-0.0213925 -0.0115952 0.0968141
-0.0570036 0.219968 -0.0821879
-0.112486 0.147367 -0.0366713
-0.118198 0.144822 -0.0317925
0.0136074 -0.385457 -0.0257236
-0.105804 0.150193 -0.0329591
-0.0922703 0.157828 -0.0351229
-0.0838406 0.168594 -0.0373278
-0.0873957 0.163412 -0.0337001
-0.0243987 -0.0200193 0.0986553
0.0934873 -0.0291728 -0.0927307
-0.0828287 0.176557 -0.0342864
-0.134163 0.034719 -0.0511818
0.0855292 0.21335 -0.0315618
-0.0826182 0.211569 -0.0349642
0.049668 0.110519 -0.0886563
0.00429971 -0.00638652 0.0975095
-0.0853381 0.26099 -0.0298679
0.0923817 0.264188 -0.0378787
-0.000591331 -0.0141905 0.0997344
0.00112346 0.424425 -0.131292
-0.0248184 -0.178165 0.0849769
0.0422912 -0.354176 0.0235947
0.110328 -0.328934 -0.0884597
0.0141833 -0.0762395 0.115029
-0.0303923 -0.016072 0.0960834
0.0873832 0.316376 -0.033172
-0.0837901 0.321621 -0.0308785
-0.0836493 0.344122 -0.0388676
-0.0829004 0.389086 -0.0279903
-0.0798326 0.423997 -0.0234183
-0.0797932 0.435433 -0.0316492
-0.0301634 -0.0324313 0.100941
0.0815163 0.439344 -0.0355003
0.0788886 0.445842 -0.0331338
0.0761957 0.452229 -0.0345357
0.0689009 0.463984 -0.033722
0.0663833 0.464295 -0.0251184
-0.051309 0.479564 -0.0307924
-0.0581814 0.475465 -0.0492592
-0.0626568 -0.0754186 0.0987948
-0.0643798 0.467048 -0.0333091
0.062224 0.471709 -0.0314243
0.0858283 0.360947 -0.0442196
-0.0431589 -0.447009 -0.0818807
-0.039796 0.487937 -0.0339032
-0.0466422 0.484088 -0.0365328
-0.0420288 -0.49065 -0.0274912
0.0255216 0.494208 -0.0292105
0.0338967 0.490854 -0.0285498
-0.00802125 0.49907 -0.0404471
0.00685158 0.497924 -0.0301943
-0.11871 -0.368315 0.0237705
0.056558 -0.0522155 0.0974036
0.0165456 0.496464 -0.0299465
0.0572606 -0.0612785 0.0992914
0.0887823 -0.16098 -0.141734
-0.0774332 -0.495949 -0.0335673
0.0728095 -0.495678 -0.0331357
0.079025 -0.495437 -0.0402762
0.0723477 -0.1068 0.0977523
-0.120881 -0.048706 -0.0443687
0.0624779 -0.130825 0.0978139
-0.0688824 -0.495054 -0.0350708
-0.0502051 0.0960304 -0.0879914
-0.0499677 -0.491519 -0.0292483
0.0399344 -0.32445 -0.0820342
-0.0406031 -0.494514 -0.0430398
0.0525785 -0.490952 -0.0215212
0.0496859 -0.491344 -0.0295499
0.0637716 -0.49428 -0.0350423
0.0220282 0.372422 -0.12226
0.0368325 -0.354804 0.0192765
-0.113139 -0.440111 -0.082826
-0.0572498 0.098621 -0.0846362
-0.111232 -0.33115 -0.0870183
0.136974 -0.483947 -0.0383763
-0.120358 -0.37253 -0.0810523
0.0696815 0.100826 -0.0830533
-0.140514 -0.466895 -0.0384906
0.0294162 -0.15299 0.101152
0.0642499 0.326 -0.0881357
-0.144815 -0.437893 -0.0404381
-0.132662 0.0783335 0.0114793
0.00272675 -0.168196 0.0956782
-0.123808 0.0763308 0.00944171
0.0675543 -0.436957 0.0608409
-0.0247143 0.221672 0.0792001
0.0133444 -0.435238 -0.0396763
0.0139279 -0.442474 -0.0356711
0.147344 -0.440584 -0.03349
0.144896 -0.447014 -0.0394027
0.0124918 -0.429417 -0.0360093
0.0976244 -0.104582 -0.132171
0.0635633 0.0927232 -0.0846677
0.0120289 -0.416745 -0.0309614
0.0126411 -0.422508 -0.0371854
0.145913 -0.414621 -0.0465622
-0.0620941 -0.075202 -0.137155
-0.146459 -0.393434 -0.0319321
-0.0542113 -0.0769339 -0.141448
0.146913 -0.391893 -0.0423558
0.106584 -0.0442029 -0.0814609
-0.14507 -0.368402 -0.0328609
-0.112788 -0.287616 -0.0831118
0.146223 -0.348648 -0.0333495
0.120878 -0.259324 -0.0749013
-0.143305 -0.346941 -0.0422095
0.0146027 -0.32821 -0.0272911
0.145354 -0.327021 -0.0305335
-0.00145104 0.21802 0.111275
0.144129 -0.311865 -0.0379204
0.143945 -0.301729 -0.0339083
-0.011022 -0.278337 -0.0381239
0.141785 -0.274725 -0.0327405
0.0643815 0.0508213 0.0727277
0.00838774 -0.264905 -0.0321207
-0.0273471 -0.359106 -0.0711559
-0.00377148 -0.259824 -0.0340003
-0.00854792 -0.268538 -0.0381635
0.0691423 -0.0898886 -0.145805
0.125492 -0.350529 0.0178569
0.124342 -0.338442 -0.078509
-0.119539 -0.381085 -0.0818093
-0.124244 -0.336204 -0.0770637
-0.146318 -0.389331 -0.0249469
-0.0413622 -0.0511863 -0.134464
0.0730137 0.400246 -0.0900614
-0.133419 -0.220506 -0.0481814
0.0440351 -0.303931 0.0240974
-0.0778493 0.361125 -0.0681941
-0.258458 0.0938291 0.095547
-0.138794 -0.138586 -0.0401168
-0.138865 -0.151516 -0.0447957
0.0561068 0.107935 -0.0856599
-0.137906 -0.142731 -0.0459676
0.13932 -0.143093 -0.0483918
0.0548874 0.0941141 -0.0873935
-0.0599855 0.165583 -0.0779704
-0.0493903 -0.0660992 0.103124
-0.033702 -0.0575426 0.106668
0.0358877 -0.303152 0.0177779
0.0499217 -0.0563971 0.101547
0.114551 -0.0197109 -0.0467143
-0.07561 0.201119 -0.0564468
0.144954 -0.458724 -0.0266821
-0.183348 0.00776527 -0.0318583
0.0667006 0.0839889 -0.0839776
-0.105118 0.00773065 -0.038564
-0.104337 0.0044927 -0.046738
0.00621962 -0.160894 0.10032
0.181877 0.00912234 -0.0339349
0.0342646 -0.33668 -0.0771051
-0.21489 0.0208967 -0.0412275
-0.203401 0.0125029 -0.0385721
-0.174758 0.0106461 -0.0329852
-0.163334 0.0182949 -0.0417
-0.165908 0.0142481 -0.0343333
-0.157638 0.0180496 -0.0354454
-0.0548515 0.082871 -0.0865137
0.156399 0.0191694 -0.0382145
-0.130435 -0.358459 -0.0707835
-0.12952 -0.340068 -0.0714258
0.215169 0.0163053 -0.0371972
-0.226323 0.0232721 -0.034378
-0.214128 0.02703 -0.0455282
-0.126441 -0.344215 0.0145542
0.00965784 -0.16693 0.0961898
-0.0223031 0.243385 0.110272
-0.0615994 -0.104578 0.102681
0.221435 0.0223617 -0.0377922
-0.102772 -0.104088 -0.123877
0.0568453 0.0694976 -0.0885172
-0.226859 0.0310063 -0.0381153
-0.143235 0.0237733 -0.0329972
-0.142903 0.0263319 -0.0414635
0.0277699 -0.399446 -0.0694718
0.0845156 0.362141 -0.0531584
-0.0717862 0.177898 -0.0631078
0.130758 -0.194067 0.0163576
0.0430094 -0.126363 0.107951
0.0112263 -0.0400319 -0.138624
-0.00703779 0.240394 0.112768
0.00359583 0.238014 0.113942
0.0702103 0.210716 -0.0695284
0.102474 -0.0120345 -0.0711742
0.22609 0.0361212 -0.0405631
-0.0813899 -0.021715 0.0683536
-0.0863935 -0.0270053 0.0652043
0.231129 0.0745148 -0.0080884
-0.0823617 0.361144 -0.0524818
0.145419 0.026858 -0.0457228
0.14133 0.0250421 -0.0368671
-0.0282546 0.231286 0.113777
-0.0696777 0.0461466 -0.0807593
-0.118847 -0.0722382 -0.0670096
-0.220125 0.0768859 -0.0341401
-0.0354848 0.390225 -0.120137
-0.0125852 0.402896 -0.129666
-0.133231 0.137333 -0.0445733
0.090553 -0.442273 0.0566573
-0.194115 0.102567 -0.0408728
0.123828 -0.0598307 -0.0517554
0.0423658 -0.326783 0.0231201
0.192687 0.101743 -0.0448573
-0.0142971 -0.0175907 -0.131938
0.189884 0.0998012 -0.0519265
-0.0958981 0.0536202 0.00922015
0.170956 0.117762 -0.0426726
-0.167435 0.1203 -0.0397521
0.166692 0.118304 -0.0490988
-0.0814696 0.37517 -0.0590901
-0.147026 0.131139 -0.0406229
0.0494191 -0.0973766 -0.155524
0.00832555 -0.0256246 -0.134898
0.121823 0.143567 -0.0354648
0.0835528 0.378681 -0.0603098
0.119108 -0.441 -0.079831
0.0781987 0.328124 -0.0671619
0.0809183 0.356879 -0.0653542
0.0950655 0.158226 -0.0338653
0.0723541 0.217543 -0.0665486
-0.0814088 0.183292 -0.0395047
-0.0791074 0.181605 -0.0476506
-0.0812504 0.216821 -0.041657
0.0838575 0.210819 -0.040363
-0.0787656 0.213198 -0.0490298
-0.0816456 0.246629 -0.0415485
0.0939054 0.262487 -0.0463296
-0.0674189 0.024262 -0.0917624
0.0776696 0.205563 -0.0567736
-0.00856975 -0.0636594 -0.14424
-0.120364 -0.0538565 -0.0510664
0.098023 0.289121 -0.0455962
0.00169823 -0.0193747 -0.133462
0.0350594 -0.0449381 -0.135599
0.247761 0.0678871 0.0140943
0.0384747 -0.0371987 -0.132466
-0.0213683 -0.360288 -0.06233
-0.0641053 0.0416558 -0.0868775
-0.083448 0.364939 -0.0449569
-0.0830918 0.348378 -0.0457344
0.086099 0.353179 -0.0322466
0.0860271 0.351465 -0.0404722
0.0860204 0.385036 -0.0352401
-0.0837036 0.385595 -0.0359199
0.116989 0.143439 -0.0490853
0.083309 0.339079 -0.0544245
0.117357 -0.0487669 -0.062866
-0.0833433 0.403572 -0.0348104
0.0854706 0.416521 -0.0374504
0.0461309 -0.081143 0.10877
-0.0809635 0.427134 -0.0300384
0.0855468 0.422664 -0.0413852
0.0843302 0.422811 -0.0317494
-0.0816727 0.430227 -0.0379809
0.00600471 -0.0642173 0.112904
0.0797983 0.446858 -0.0412983
-0.0742186 0.451137 -0.0333673
-0.0742026 0.00349122 -0.0962706
-0.0697063 0.459186 -0.0337594
-0.0675349 0.46415 -0.0418443
0.0713622 0.462194 -0.0414885
0.0731167 0.458373 -0.0359066
-0.0538782 0.479085 -0.0405492
-0.0415501 0.487999 -0.0418278
-0.0334697 0.491771 -0.0391123
0.0528818 -0.0820337 0.106244
0.0437902 -0.444158 -0.0811045
-0.0246991 0.495477 -0.0407106
-0.016674 0.49674 -0.0333808
-0.0165738 0.497859 -0.0442313
0.00213029 0.499416 -0.0391952
-0.10281 -0.494553 -0.0348153
-0.10874 -0.273436 0.0249903
-0.0959318 -0.494861 -0.0503696
-0.121927 -0.279122 0.0149265
-0.147253 0.0293438 -0.000226855
-0.0692508 -0.039529 0.0847952
0.032632 -0.492707 -0.0429126
-0.122901 -0.211212 -0.0680418
0.0454776 -0.492993 -0.03682
0.120119 -0.282761 0.0189654
0.0606187 -0.495049 -0.0436806
0.126379 -0.491955 -0.0409854
0.0808716 -0.0343997 0.0758199
-0.0148322 -0.478236 -0.0481925
0.135073 -0.283869 -0.0598894
-0.0193979 -0.486358 -0.0445512
-0.148857 0.0329701 0.00569478
0.0944603 -0.0217043 -0.0881411
-0.133162 -0.482919 -0.044799
-0.127763 -0.484108 -0.0543659
0.123951 -0.185475 0.0298647
0.0203038 -0.485441 -0.0436638
0.0262858 -0.0222587 -0.13152
-0.137163 -0.481913 -0.036737
-0.134066 -0.47558 -0.0515039
-0.140975 -0.474927 -0.0338522
-0.229418 0.0652663 -0.0307473
-0.0170937 -0.3579 -0.0534934
-0.0365565 -0.0752542 0.109977
-0.12326 -0.185345 0.0277463
-0.0146654 -0.317794 -0.0470707
-0.14215 -0.443299 -0.0462895
-0.0346648 -0.182945 -0.142239
0.115288 -0.449873 -0.0813161
0.0813198 -0.16624 -0.144279
-0.146878 -0.431011 -0.0327495
0.0135968 -0.124608 0.114389
-0.146818 -0.420529 -0.0337839
0.156445 0.0250725 0.00665635
-0.047193 -0.0723501 -0.140441
-0.145283 -0.40426 -0.0416911
0.0956759 -0.0437694 -0.0962732
-0.0123347 -0.394935 -0.0398462
-0.0135958 -0.364699 -0.040345
0.0141989 -0.39239 -0.0395913
0.146049 -0.375431 -0.0426253
0.00582376 -0.140593 0.110001
0.144902 -0.349833 -0.0433861
-0.0132329 -0.350965 -0.0378191
-0.142676 -0.319874 -0.0387184
-0.141643 -0.35243 -0.0493977
0.0146412 -0.359615 -0.025041
-0.0143314 -0.340831 -0.0451247
0.105011 -0.0591954 -0.090172
0.10862 -0.0774328 -0.0922845
-0.0184266 -0.0933036 0.117355
-0.109306 -0.0780681 -0.0882908
-0.0339051 -0.0615125 -0.139425
0.109184 -0.232623 -0.0823383
0.143262 -0.325578 -0.0465737
0.0848327 0.353611 -0.0501833
0.0169762 -0.292572 -0.0484259
0.112378 -0.00179049 -0.0022489
-0.0118571 -0.274509 -0.0453941
-0.0134268 -0.282745 -0.0450251
-0.0314753 -0.103125 -0.157682
0.140583 -0.270621 -0.0406885
-0.0101662 -0.266609 -0.0476329
0.0108504 -0.270953 -0.0358077
0.0132249 -0.274286 -0.0422016
-0.0837557 0.38198 -0.0435834
0.00576914 -0.256411 -0.0434683
-0.127046 -0.19858 0.0164958
-0.136548 -0.268058 -0.0481031
0.136708 -0.231589 -0.0447062
0.0497189 -0.121891 -0.162677
0.0207396 -0.241528 -0.076291
-0.0822165 0.330655 -0.0477678
0.137321 -0.20557 -0.0447914
0.0404889 -0.12502 -0.162918
0.11835 -0.0320458 0.0133856
-0.113507 -0.0364223 -0.0578926
0.138967 -0.18162 -0.0470106
0.141289 -0.16557 -0.0449744
0.140028 -0.157425 -0.0493102
0.0360233 -0.0575148 -0.138362
0.133616 -0.105212 -0.0473058
-0.07028 -0.171887 -0.147041
0.131846 -0.0920908 -0.0482662
0.133572 -0.0978054 -0.043929
0.13298 -0.0896355 -0.0409808
0.128576 -0.0741741 -0.0462478
-0.0349691 -0.115793 -0.161106
-0.0415963 -0.112828 -0.160927
-0.132331 -0.116891 0.0127397
-0.194849 0.0106485 -0.038034
-0.19722 0.016458 -0.0440952
0.134993 -0.125429 0.0150897
0.131109 -0.110697 0.0214292
-0.181484 0.0122504 -0.0389393
0.171106 0.0164151 -0.0426047
0.17955 0.0138231 -0.0412626
-0.103436 0.0688494 -0.0751408
-0.107586 -0.0114061 -0.0537879
0.0654246 -0.491899 0.0674698
0.043375 -0.452265 -0.0813436
-0.142746 -0.32098 -0.0223208
-0.011444 -0.164264 0.0973931
0.104417 0.0183585 -0.0420392
-0.114561 -0.0452453 -0.0618771
-0.122175 -0.125905 -0.0817303
0.2058 0.022287 -0.0467704
-0.118963 -0.041639 -0.0445824
-0.119595 -0.151726 -0.0912276
-0.037573 -0.453686 -0.0788291
0.221107 0.0297361 -0.0423349
-0.112603 0.0320544 -0.0374509
-0.230764 0.0495326 -0.0365068
0.225662 0.0512788 -0.0422086
0.0544457 -0.12862 -0.162802
-0.214578 0.0700091 -0.048645
0.121292 0.143092 -0.0427839
-0.21589 0.0830767 -0.0338757
-0.216116 0.0776076 -0.0408163
-0.210461 0.0896858 -0.0328143
0.11809 -0.153929 -0.0969999
0.209493 0.0856576 -0.042685
-0.0427442 -0.12072 -0.162319
-0.204685 0.0928408 -0.0397995
0.0165529 -0.30281 -0.0469393
-0.0207243 -0.174776 -0.145305
-0.0626207 -0.494024 0.0576517
-0.163356 0.121344 -0.0456902
-0.140396 0.133486 -0.0461905
0.108951 -0.173318 -0.103053
0.0475706 -0.128781 -0.163336
-0.112754 0.145855 -0.0444622
-0.0991152 0.152894 -0.0377598
0.0277917 -0.240611 -0.0818856
0.126986 -0.0897905 -0.0622053
-0.0928635 0.155578 -0.0434763
0.094223 0.156646 -0.0421177
0.129977 -0.0838144 -0.0488619
0.0845487 0.168346 -0.042919
-0.135279 -0.246212 -0.0454133
-0.018049 -0.365184 -0.0557355
0.113039 -0.169082 -0.0986201
-0.0758948 0.179935 -0.0556417
0.0846859 0.195339 -0.0360729
-0.0780417 0.196167 -0.0507233
0.021811 -0.128316 -0.160584
-0.14036 -0.332841 -0.0510655
-0.0121578 -0.387221 -0.0364896
-0.0904176 0.26863 -0.0341391
-0.114001 0.0610371 -0.0720862
0.0989489 0.289942 -0.0527135
-0.122597 0.0695191 -0.0781074
0.110681 -0.17713 -0.0970525
0.12288 -0.0372026 -0.00385289
0.0628499 -0.0709526 -0.134691
0.0860959 0.406262 -0.0467913
0.0860251 0.375713 -0.0341624
0.0934626 0.31391 -0.0466259
-0.0379621 -0.46202 -0.0818403
-0.083263 0.320737 -0.0460511
0.0842108 0.186243 -0.0379206
0.0859182 0.341637 -0.0402592
-0.0824846 0.202832 -0.0353652
0.086211 0.368682 -0.0386157
-0.0834139 0.386745 -0.0503687
-0.0837955 0.408016 -0.0429508
-0.0817348 0.432261 -0.0449401
-0.0342419 -0.124056 -0.162331
0.075504 0.455315 -0.0420198
0.0662707 0.468722 -0.040763
0.0598593 0.475577 -0.0415537
-0.0364913 0.490938 -0.04781
-0.0471025 -0.127593 -0.163122
0.0471867 0.485219 -0.0353586
0.107119 -0.184798 -0.0968119
0.0525258 0.48243 -0.0433012
-0.0245324 -0.31921 -0.0680858
-0.131634 -0.0852687 -0.00259016
0.0195872 0.497728 -0.0483619
0.0222858 0.496505 -0.0377387
0.035271 0.492145 -0.0443289
-0.00223423 0.499772 -0.0480877
-0.128642 -0.219875 0.00683332
-0.0792953 -0.495649 -0.0475667
-0.0657587 -0.495125 -0.0435475
0.0502143 -0.134749 -0.163227
-0.063269 -0.49745 -0.0524073
0.0429303 -0.133715 -0.163445
0.0351245 -0.132764 -0.162912
-0.121519 -0.363974 -0.0800329
-0.0829613 -0.494966 -0.0405909
-0.0644412 -0.00703808 0.076894
-0.116193 -0.45455 -0.0794088
-0.0869633 -0.495258 -0.0487779
-0.0565572 -0.495543 -0.0459221
0.0281931 -0.132658 -0.161919
-0.138279 -0.169463 -0.045991
-0.026176 -0.491351 -0.0408672
-0.124725 -0.0671931 0.0143791
-0.0326176 -0.493562 -0.0460297
-0.0195054 -0.165519 0.0955992
0.0400334 -0.494254 -0.043705
-0.203736 0.0826011 0.0880737
0.0664778 -0.496808 -0.0494177
0.101781 -0.49474 -0.0471282
0.110627 -0.494775 -0.053033
-0.0544154 -0.131467 -0.162528
-0.126274 -0.489551 -0.0446883
0.215126 0.0795336 -0.0406127
-0.119564 -0.491066 -0.0516768
-0.0198914 0.407366 -0.128749
-0.0142827 -0.46857 -0.0511068
-0.144811 -0.363536 -0.0254534
0.0130916 -0.471548 -0.0428446
0.0151165 -0.374644 -0.0406799
0.281022 0.0715374 0.133511
-0.0152324 -0.453437 -0.047248
0.144609 0.132192 -0.0314526
0.136934 -0.465365 -0.0531731
0.140479 -0.468644 -0.0434864
0.141935 -0.451448 -0.0447595
-0.0150185 -0.433977 -0.0517163
0.143113 -0.44439 -0.047253
0.0527078 -0.140658 -0.162641
0.140516 -0.442315 -0.0548089
0.143834 -0.436652 -0.0501453
0.0382062 -0.140174 -0.162743
0.0138987 -0.428042 -0.0425715
0.0156922 -0.434138 -0.0473274
0.142987 -0.429363 -0.053458
0.0146298 -0.42048 -0.044921
-0.115445 -0.0215406 -0.0336244
0.111857 -0.0109685 0.0152044
-0.0144834 -0.40624 -0.0494434
-0.227948 -0.00209759 0.0129539
0.103362 -0.191088 -0.0968402
-0.0390544 -0.135708 -0.162906
0.196108 -0.00249241 0.0109296
-0.142587 -0.401374 -0.0511366
0.0176436 -0.378257 -0.0507849
0.183619 0.00508097 0.0172552
-0.0289688 0.387798 -0.122392
0.14233 -0.383353 -0.0551677
-0.11217 -0.188926 -0.0857673
0.0161077 -0.327738 -0.0449682
0.0145511 -0.308075 -0.0264511
-0.13955 -0.290846 -0.0449486
-0.141122 -0.317462 -0.0462737
0.0152616 -0.345272 -0.0217877
-0.0141586 -0.291141 -0.0451516
0.102338 -0.197824 -0.0935713
-0.0820773 0.295326 -0.00894098
-0.049306 -0.148145 -0.161733
-0.0516282 -0.140757 -0.162587
0.0176052 -0.285385 -0.0504825
-0.0150267 -0.278774 -0.0515518
0.141335 -0.285513 -0.043498
0.238353 0.00251238 0.0282579
0.136111 -0.24922 -0.0501022
0.137737 -0.243052 -0.0430479
-0.0571783 -0.147668 -0.160765
-0.0142492 -0.372335 -0.0446893
-0.13402 -0.253068 -0.051039
0.234065 0.0011829 0.00883035
0.0504118 -0.147207 -0.161862
0.0863831 0.261573 -0.0199007
0.134459 -0.239946 -0.0517797
0.036225 0.391932 -0.121096
-0.0098544 -0.421511 -0.0199437
-0.062924 -0.155847 -0.157537
-0.10096 -0.193826 -0.096484
0.13736 -0.157256 -0.0566345
-0.106524 -0.195657 -0.089179
0.137057 -0.139504 -0.0544321
0.0414533 -0.460178 -0.0822734
-0.135866 -0.124448 -0.0432829
-0.256939 0.059993 0.0213423
0.0465774 -0.155295 -0.159943
-0.128623 -0.0964381 -0.0532624
0.033161 -0.146709 -0.161348
-0.123055 -0.0570724 -0.0432228
-0.121027 -0.0437539 -0.0379586
0.0648316 -0.101646 -0.153816
-0.000764999 -0.155453 0.10343
-0.109846 -0.0101356 -0.0453318
0.107344 -0.00355984 -0.0538204
0.111878 -0.0190238 -0.054775
-0.0681952 0.241738 0.0769909
0.056159 -0.104156 -0.157055
0.103486 0.0117732 -0.047823
-0.190145 0.0199469 -0.0488458
0.0435015 -0.115127 -0.161584
-0.167501 0.0202485 -0.0471393
-0.0681102 0.235915 0.0827813
0.0861349 0.331962 -0.0308444
-0.101795 0.0129278 -0.0450359
-0.0165073 -0.177718 0.0870606
0.030226 -0.101059 -0.157274
0.0128794 -0.0987612 -0.154034
-0.113783 -0.021668 0.0106209
-0.198716 0.0233731 -0.05026
-0.156486 0.0209459 -0.0423124
-0.0384183 -0.100021 -0.156909
0.00906565 -0.468203 -0.0204477
-0.100607 0.0222294 -0.0440088
-0.0485659 -0.097127 -0.15523
0.128235 0.0315625 -0.0419079
0.0379187 -0.455304 -0.0782608
-0.227289 0.0405705 -0.0402683
-0.220719 0.0333999 -0.0441176
-0.20659 0.0286364 -0.0505884
-0.127524 0.0341077 -0.0450534
-0.142259 0.0305087 -0.04966
-0.134463 -0.116835 0.0046593
-0.141927 -0.305824 -0.0223736
0.085641 0.227215 -0.0103452
0.207927 0.0287133 -0.0499122
0.213752 0.0236778 -0.0439186
0.215322 0.0324426 -0.0477301
-0.219536 0.0423898 -0.0475236
-0.125991 0.0384454 -0.0526913
-0.117292 0.0364628 -0.0463969
-0.0238208 -0.102858 -0.15665
-0.0996871 0.036638 -0.0537801
0.111368 0.0324373 -0.0448604
-0.245127 0.0628488 -0.00113634
0.120298 -0.491115 -0.0556977
0.0641608 -0.112012 -0.15752
0.12105 0.0356451 -0.0483744
0.0144451 -0.297192 -0.0293078
0.0587831 -0.121146 -0.16111
0.223294 0.0430538 -0.0446474
-0.100099 -0.202273 -0.0922474
-0.224238 0.0504901 -0.0436718
-0.142732 -0.313503 -0.0264555
-0.222344 0.0691202 -0.0385852
-0.0590987 -0.099382 -0.153981
0.212494 0.0683405 -0.0515109
0.214623 0.0738793 -0.0463101
0.210983 0.0799394 -0.0466709
-0.198846 0.0975502 -0.0426037
-0.169718 0.0769867 -0.0763658
0.241795 0.0671572 -0.000445984
-0.0540215 -0.106538 -0.15789
-0.17093 0.117007 -0.0455651
0.010331 -0.118072 -0.157224
0.00259441 -0.119015 -0.156038
-0.0644592 -0.10809 -0.155895
0.0140781 -0.37633 -0.0293954
0.176946 0.110133 -0.052057
0.0679213 -0.122313 -0.15878
0.15994 0.122134 -0.0496693
0.174948 0.0634163 -0.0745859
0.152846 0.125443 -0.0510507
0.101447 -0.216163 -0.0881601
-0.134999 0.134613 -0.0510003
-0.106246 0.146954 -0.0487515
0.0163293 -0.166862 -0.149219
0.133172 0.137056 -0.0470126
0.140535 -0.161738 0.0048525
-0.0928172 0.151233 -0.0512115
0.0857634 0.189319 -0.0297173
0.0948788 -0.211349 -0.0930925
-0.0452084 0.414716 -0.117845
-0.0852106 0.157868 -0.0495459
-0.0160659 -0.120062 -0.158402
0.0817765 0.183552 -0.0463863
-0.0754029 0.19401 -0.0568166
0.0794506 0.189956 -0.0526726
0.0825317 0.192646 -0.0444505
0.0803189 0.232856 -0.051976
-0.0764628 0.22705 -0.0551348
0.0836888 0.244326 -0.0422668
-0.0605749 -0.124258 -0.160973
-0.0832495 0.255229 -0.0439386
-0.0838345 0.2316 -0.025011
-0.0903715 0.284226 -0.0388531
-0.155385 0.11764 -0.0083255
-0.0931385 0.289022 -0.0323615
-0.0667831 -0.118107 -0.158183
-0.138028 0.134672 -0.0268572
-0.0957511 0.311562 -0.0461564
0.117451 -0.250089 -0.0768231
-0.091291 0.313721 -0.0511526
-0.116471 -0.0219842 -0.00557207
0.0338557 -0.462465 -0.0768499
0.100225 0.310651 -0.0512284
-0.11531 -0.0177083 -0.0262371
0.0849526 0.326047 -0.0459929
-0.126762 -0.0605146 -0.0209349
0.070639 -0.131086 -0.158568
0.0849494 0.344804 -0.0481286
-0.0826884 0.369866 -0.0520196
0.085959 0.395906 -0.0490879
-0.137684 -0.245956 -0.0269283
-0.0836525 0.40339 -0.0505941
-0.0826764 0.390854 -0.0561365
0.0858156 0.412903 -0.0528276
-0.0835003 0.416843 -0.0434777
-0.0830393 0.425235 -0.0442323
-0.0824274 0.429075 -0.0514063
-0.0401428 0.421532 -0.120628
0.0845026 0.429334 -0.0469192
0.0651724 -0.137505 -0.160585
-0.0775597 0.446188 -0.0477296
0.0129783 -0.126896 -0.1582
-0.0373985 0.413095 -0.122248
0.00743404 -0.133335 -0.157079
0.236658 0.0249495 0.0906352
0.0774268 0.45159 -0.0497333
-0.0642956 0.468657 -0.0493648
-0.0130458 -0.349778 -0.023635
0.158001 0.0791614 0.0176491
0.0688628 0.465568 -0.047409
0.0641421 0.468736 -0.0650278
-0.00110189 -0.131599 -0.156438
0.031802 -0.26278 -0.076488
-0.0686589 -0.127082 -0.158811
-0.0511898 0.481562 -0.0500273
0.0274077 0.40377 -0.126894
-0.023623 0.496065 -0.0493268
0.116725 -0.464125 -0.0818386
-0.076394 -0.130238 -0.155619
-0.0298464 -0.322697 -0.0745025
0.144048 -0.317132 -0.020207
0.0929622 -0.232079 -0.0906576
0.0728431 -0.139496 -0.157653
-0.0784551 0.204496 -0.0496769
0.0501899 -0.49527 -0.0459724
0.0420145 -0.495589 -0.0521867
0.0586678 -0.497538 -0.0525068
-0.0696376 -0.136833 -0.158809
0.0231039 -0.13718 -0.160586
0.0177833 -0.142904 -0.158388
0.0856388 -0.497301 -0.0555199
0.111384 -0.46614 -0.0861499
-0.0130458 -0.366552 -0.0213687
-0.0451406 -0.496881 -0.0597288
0.014582 -0.378254 -0.0196482
0.0364037 -0.493671 -0.0564505
-0.0297847 -0.229002 -0.0893306
0.0851485 0.315194 -0.0154596
-0.0280762 -0.127594 -0.161717
-0.0730897 -0.144341 -0.156804
0.0738043 -0.148793 -0.155786
0.0469648 -0.465513 -0.0870495
-0.119827 -0.488027 -0.0614018
0.13267 -0.4823 -0.0510663
0.137045 -0.193426 0.00244054
-0.137301 -0.466833 -0.0478814
-0.0180795 -0.465866 -0.0595788
-0.135855 -0.458086 -0.0523311
0.0155604 -0.456664 -0.044325
0.12838 -0.0574091 -0.0129608
-0.135564 -0.449947 -0.0562753
-0.139059 -0.443141 -0.0533385
0.163022 0.0309509 0.0196695
0.125858 -0.052452 -0.0358068
-0.0183003 -0.431308 -0.0580642
0.0102567 -0.141076 -0.156858
-0.140769 -0.427188 -0.054223
0.00588567 -0.147658 -0.154796
-0.139474 -0.409304 -0.0578227
-0.0151825 -0.379978 -0.049146
0.142309 -0.368893 -0.0541102
0.140169 -0.391672 -0.0600596
-0.139087 -0.359178 -0.0566869
0.101176 -0.232617 -0.0869364
-0.0910244 0.102021 0.0182076
0.0329007 -0.472638 -0.076943
0.14233 -0.347115 -0.0522894
-0.0161393 -0.344071 -0.051035
-0.0180615 -0.330369 -0.0560764
-0.138446 -0.314289 -0.053875
0.0181342 -0.321245 -0.0514748
0.140022 -0.312777 -0.0544116
-0.130189 -0.076007 -0.013409
0.0350238 0.400867 -0.12354
-0.135221 -0.280938 -0.0551122
0.138736 -0.285364 -0.0522085
-0.137413 -0.24965 -0.0202238
-0.0169232 -0.274159 -0.0574032
0.0196604 -0.281928 -0.0562545
0.016195 -0.278146 -0.049648
0.0140157 -0.269259 -0.0495281
-0.013822 -0.26542 -0.056251
-0.00868739 -0.258641 -0.0509649
-0.0169441 -0.261004 -0.0638956
0.0109426 -0.260328 -0.0499028
0.0160207 -0.264313 -0.0572622
0.00654072 -0.25244 -0.0507391
0.179471 0.0579202 -0.0723635
0.134163 -0.255019 -0.0560673
-0.00228734 -0.253145 -0.0469213
-0.00588816 -0.251371 -0.0544985
0.143502 -0.293973 -0.0312468
-0.130682 -0.251771 -0.0581604
-0.126528 -0.25152 -0.0649411
-0.13014 -0.237376 -0.0565663
-0.136599 -0.254534 -0.0133463
0.0853539 -0.0300524 0.0699907
-0.12894 -0.220483 -0.0579961
0.0250579 -0.0660006 0.111268
0.133087 -0.201238 -0.0564126
-0.134398 -0.186996 -0.0518748
-0.00331604 -0.147789 -0.154507
-0.134931 -0.171194 -0.0547385
0.131291 -0.189342 -0.0626188
-0.073248 0.148154 0.023088
0.137872 -0.16585 -0.0544593
0.134384 -0.161283 -0.0624562
-0.0683971 0.180329 0.0308044
0.0153052 -0.299528 -0.0194886
0.136104 -0.130735 -0.0534606
0.134471 -0.143838 -0.0616463
-0.026262 -0.134724 -0.161277
-0.133917 -0.128812 -0.0518687
0.038097 -0.233341 -0.0900577
0.132462 -0.125166 -0.0602419
-0.0332889 -0.139787 -0.1622
0.128433 -0.0984483 -0.0612925
0.13155 -0.098498 -0.0519586
-0.0660234 -0.146036 -0.159191
0.0771937 0.164539 0.019692
0.0800437 0.168706 0.013399
0.125419 -0.0688368 -0.0531958
-0.0716883 -0.151631 -0.155961
-0.0712477 0.193108 0.0266232
-0.10289 0.00211509 -0.0535766
0.0649224 -0.151667 -0.158346
-0.181673 0.0173385 -0.0462712
0.056055 -0.153743 -0.159948
0.100722 0.0199383 -0.0499849
-0.143514 -0.358321 -0.0166468
-0.184151 0.0317196 -0.059808
-0.166938 0.0245606 -0.053227
0.0990783 0.0281923 -0.0530576
0.0848746 0.335938 -0.0469521
0.0129307 -0.280192 -0.0261481
0.149338 0.0227367 -0.0401195
0.0124287 -0.417382 -0.0162787
0.0405136 0.405847 -0.121679
0.0253146 -0.144918 -0.159985
-0.0803245 0.357883 -0.0111922
0.175037 0.0244974 -0.0543523
0.192417 0.0211256 -0.0497794
0.191826 0.0291923 -0.0564177
-0.0925487 -0.236614 -0.0896795
0.201856 0.0330142 -0.0553108
-0.105571 -0.226229 -0.083533
-0.0397069 -0.0750138 -0.143732
-0.205852 0.0368899 -0.0550936
0.170887 0.0569331 -0.0742945
-0.0250664 -0.143953 -0.159944
-0.0314979 -0.0863549 -0.150691
-0.211955 0.0438309 -0.0534499
-0.204253 0.0453809 -0.0586414
0.0867022 0.270389 -0.0203439
-0.0306663 -0.255599 -0.0790093
0.0140894 -0.049636 0.109079
0.211174 0.0453377 -0.0543279
0.216814 0.0406106 -0.0495214
-0.0740355 0.199194 0.0207949
-0.207418 0.0591042 -0.0580569
-0.208065 0.066529 -0.0564804
-0.207139 0.0751585 -0.0542119
0.0358468 -0.155874 -0.159065
0.0280205 -0.15164 -0.158908
-0.0253377 -0.154245 -0.157634
-0.205109 0.0818938 -0.0521483
-0.205681 0.0869096 -0.0471204
-0.181256 0.105707 -0.0537334
-0.19447 0.0987285 -0.04804
-0.0351093 -0.159039 -0.157855
-0.167267 0.111509 -0.0599622
0.0863908 0.184769 -0.0229443
-0.15308 0.121485 -0.0586281
0.156468 0.121476 -0.0554839
-0.0705695 -0.15872 -0.153963
0.0161935 0.219462 0.0833449
-0.132937 0.132372 -0.0578199
-0.112333 0.143409 -0.0520158
0.137004 0.13253 -0.0538219
0.111015 0.141439 -0.0577697
0.100393 0.151536 -0.0461135
0.123026 -0.0357978 -0.0206487
0.0891529 0.149909 -0.0586069
0.0617995 -0.160055 -0.156244
0.139005 -0.237231 -0.0340871
0.0785204 0.251012 0.0131875
0.0846078 0.157438 -0.0543074
-0.114 -0.0116365 -0.0131581
-0.074613 0.171211 -0.0580407
-0.11668 -0.0261524 0.00237501
0.114122 -0.477658 -0.0817769
0.0738053 0.168989 -0.0636694
0.077793 0.171787 -0.0562332
0.0745959 0.177964 -0.0621409
-0.0726151 0.214242 -0.0623491
-0.0723932 0.196977 -0.062424
-0.0740651 0.231293 -0.0603301
-0.0760243 0.245134 -0.057128
0.0492651 -0.170376 -0.153105
0.103281 -0.477456 -0.089464
0.086809 0.258478 -0.0509474
-0.0888631 0.259945 -0.0475872
-0.138194 -0.309199 -0.00712754
0.0389214 -0.477914 -0.0805348
0.0169552 -0.301866 -0.0120426
-0.0341738 -0.235892 -0.0882162
-0.0771433 0.188233 -0.0529252
0.0428303 -0.163882 -0.156583
-0.0429853 -0.153138 -0.160757
-0.0386847 -0.242845 -0.0876077
-0.0522811 -0.155537 -0.159609
-0.0912687 0.277938 -0.0468668
0.0398896 -0.171914 -0.151637
-0.0972087 0.291972 -0.0393384
-0.0942198 0.287391 -0.0481814
-0.100053 0.296324 -0.0487084
-0.036961 -0.169538 -0.153056
-0.0451788 -0.162465 -0.157098
0.144315 -0.359606 -0.0125772
0.0163048 -0.380474 -0.0103761
0.0188037 -0.373258 -0.00450126
0.0649804 -0.0946148 -0.150365
0.081098 0.327283 -0.0595585
0.0825135 0.363091 -0.0614749
-0.0837524 0.412136 -0.0507539
0.0857144 0.421209 -0.0498866
0.0850163 0.419615 -0.0583133
0.0826576 0.433464 -0.0607325
0.07865 0.447858 -0.0563667
-0.0660385 0.465936 -0.0562583
-0.0610754 0.471568 -0.0569023
0.134791 -0.189503 0.0100625
0.0618105 0.473079 -0.0577588
0.0375935 -0.0845317 -0.149916
-0.0305647 0.49315 -0.0533486
-0.0383006 0.489409 -0.056368
-0.023375 0.495503 -0.0581295
0.0123557 0.498297 -0.0578549
0.0155188 0.496087 -0.0676365
0.00206391 0.499198 -0.0566751
0.120452 -0.0269212 -0.0219303
0.0286803 -0.0852032 -0.15037
0.033737 -0.0921308 -0.154026
-0.00271206 -0.123449 -0.156432
-0.0347158 0.428206 -0.122505
-0.104078 -0.494885 -0.0535677
-0.0316566 -0.492861 -0.053237
-0.0273611 -0.489037 -0.0582103
0.0299699 -0.490198 -0.0558664
-0.118573 -0.483667 -0.0704995
-0.111813 -0.490742 -0.0676252
-0.113442 -0.263931 -0.0798671
0.0271559 -0.490187 -0.0475894
0.0840459 0.192578 -0.000200143
-0.250389 0.0606189 0.00712793
-0.11428 -0.0173311 0.00157212
-0.0234971 -0.481486 -0.06333
0.0220698 -0.483859 -0.0540617
-0.100104 -0.239891 -0.0859084
0.0181047 -0.474738 -0.0552851
0.117148 -0.0155693 -0.00878214
0.130842 -0.471589 -0.064576
-0.0316826 -0.0781384 -0.146426
0.0203693 -0.469785 -0.0608389
0.13299 -0.463709 -0.0610931
0.0726288 0.273452 0.0222965
-0.131939 -0.456493 -0.0607484
0.0185241 -0.457868 -0.0536885
0.135878 -0.456745 -0.0561022
0.124279 -0.0404604 -0.0126122
-0.0392535 -0.0912873 -0.153125
0.0201686 -0.0840713 -0.149877
-0.132804 -0.440209 -0.0655008
0.131488 -0.445746 -0.0671131
0.139264 -0.429805 -0.060336
-0.136381 -0.118693 -0.00465105
0.0235449 -0.430454 -0.0637516
0.0262268 -0.441027 -0.0655125
0.0194585 -0.423992 -0.0568647
0.0747982 0.251673 0.0205731
-0.0205643 0.156504 0.075259
0.139001 -0.415142 -0.0617647
-0.133905 -0.404023 -0.0670764
0.00617927 -0.0785732 -0.147581
-0.0174868 -0.409338 -0.056334
0.0192909 -0.406425 -0.0562052
0.0746778 0.327688 0.0267019
-0.0991713 -0.0142507 -0.074372
-0.014638 -0.396846 -0.0490435
0.076334 0.329614 0.0177827
0.09132 -0.248721 -0.0904625
0.138938 -0.38299 -0.0619458
-0.133851 -0.380164 -0.0670032
-0.0771813 0.315039 0.00442201
-0.00968103 -0.0841283 -0.149297
-0.0186884 -0.379644 -0.0576236
-0.0175932 -0.0869091 -0.150691
-0.0739712 0.316981 0.0136443
-0.134265 -0.344207 -0.0648127
-0.135985 -0.320176 -0.0600386
-0.133536 -0.334807 -0.0653486
-0.0240718 -0.0820653 -0.148601
-0.0369289 -0.47646 -0.0806573
0.0858231 0.173523 -0.00862517
-0.0200119 -0.0948287 -0.153839
-0.0196739 -0.307159 -0.059848
-0.137104 -0.305417 -0.055621
0.0193808 -0.298092 -0.0550275
0.138426 -0.319367 -0.0589188
-0.0227055 -0.301782 -0.0652746
-0.0190373 -0.29082 -0.0583125
0.0221868 -0.301835 -0.0608489
0.0197873 -0.289886 -0.0557176
-0.0282229 0.411792 -0.126334
-0.132149 -0.274457 -0.0599072
-0.1326 -0.293073 -0.0623006
-0.0185764 -0.282449 -0.058001
0.0489337 -0.248181 -0.0891542
-0.0212673 -0.277321 -0.0637323
0.023024 -0.286587 -0.0622263
-0.0827074 0.220846 -0.00634296
-0.0794012 0.201651 0.00803358
-0.111965 -0.00502933 -0.00920023
0.00492371 -0.0941368 -0.151687
0.13266 -0.267186 -0.0612116
-0.117318 -0.0357621 0.0129643
-0.111979 -0.00859383 -7.83715e-05
0.132716 -0.230888 -0.0549604
0.12631 -0.237137 -0.0659549
0.132661 -0.214636 -0.0556178
-0.127355 -0.211059 -0.0611765
-0.125045 -0.217207 -0.0647324
-0.123698 -0.198405 -0.069153
-0.130907 -0.159384 -0.0645265
-0.133788 -0.153614 -0.0585983
-0.130985 -0.139747 -0.0632258
-0.116215 -0.0353463 -0.0484192
-0.122568 -0.0629858 -0.0503216
-0.00332498 -0.115923 -0.155751
0.00430905 -0.10326 -0.153845
-0.00385994 -0.10763 -0.154674
-0.0994863 0.00457453 -0.0595058
0.045318 -0.257624 -0.0859586
-0.0980438 0.0174977 -0.0514631
0.0197777 0.407438 -0.129368
-0.0642509 -0.093925 -0.149651
-0.0336511 0.0967456 0.0723064
-0.192626 0.0333123 -0.0586382
0.117849 -0.0181357 -0.0239721
-0.0101773 0.248078 0.108933
0.0343353 0.410436 -0.124827
-0.158522 0.0279622 -0.0549385
0.0607986 0.386098 0.0206374
-0.124911 -0.0518332 -0.0177391
0.0729074 -0.106703 -0.152613
-0.147641 0.0379825 -0.0627046
0.134234 0.0526898 -0.0709506
-0.0918451 0.0311271 -0.0591474
0.0937567 0.0292274 -0.0599028
-0.124849 -0.0555709 -0.000279784
0.177026 0.0362566 -0.0641474
0.195858 0.0385262 -0.0605105
-0.203648 0.0974875 -0.0224941
-0.141058 0.035876 -0.0570323
-0.129363 -0.0790362 0.0037765
0.0742149 -0.11602 -0.155163
-0.0731775 -0.113063 -0.154302
-0.0725699 -0.104826 -0.15146
0.137992 -0.314682 -0.00180937
0.134805 -0.321783 0.00442119
0.0806719 -0.119734 -0.152548
-0.112103 0.0457584 -0.0593421
0.106009 0.0394416 -0.0556798
0.0760892 -0.124776 -0.155829
0.111112 0.0430899 -0.0581238
-0.0820715 -0.124105 -0.15216
0.118371 0.041431 -0.0560986
-0.0793988 -0.116985 -0.151981
0.0833445 -0.126731 -0.152022
-0.202822 0.0539882 -0.0612676
-0.202016 0.0626801 -0.0616263
0.208736 0.0628793 -0.0564222
0.0604034 0.422827 0.0132642
0.202152 0.0768664 -0.0582842
0.0857701 -0.135046 -0.150601
0.0804384 -0.141785 -0.153723
-0.0476172 -0.174267 0.0802573
0.0876985 -0.143671 -0.148496
-0.194972 0.0930618 -0.0542703
0.108103 -0.482673 -0.0832932
0.100736 -0.249578 -0.0868743
0.19111 0.0885356 -0.061518
-0.0160831 -0.0791003 -0.147534
-0.01746 -0.0641934 -0.143358
0.179034 0.0983722 -0.0635187
0.182117 0.103291 -0.0560415
0.173002 0.106662 -0.0610557
-0.139199 0.12633 -0.0625044
0.14036 -0.386068 0.00295738
0.256161 0.0876574 0.0655757
-0.12995 0.128091 -0.065263
0.0265243 0.411226 -0.127922
0.131787 0.130419 -0.061443
-0.101211 0.141635 -0.0607097
-0.115799 0.135011 -0.0636146
0.243874 0.0950613 0.0683658
0.0771632 0.322215 0.0119193
0.075612 -0.162517 -0.150043
0.0675643 -0.165705 -0.151889
-0.0791656 0.156486 -0.0573184
0.0438885 0.105631 0.0664762
-0.120135 -0.437742 -0.0785099
-0.0741573 0.16283 -0.060562
-0.0763645 0.164045 0.0170034
-0.137146 -0.212066 -0.0325632
0.0765159 0.229255 -0.0597749
0.0112051 -0.15421 -0.153647
0.0776229 0.24688 -0.058752
0.00869289 -0.162931 -0.149296
0.0876563 0.0572695 -0.0733305
0.0788895 0.221845 0.0142709
-0.0907192 0.265014 -0.0595466
0.120871 -0.0343241 0.00486539
0.00682746 -0.0578119 -0.143163
-0.093181 0.28068 -0.0558343
-0.0974953 0.290851 -0.0589348
-0.0794615 0.23129 -0.0480136
0.0438848 -0.483146 -0.0818661
0.101701 0.29401 -0.0576134
0.0249595 -0.299106 0.00498879
0.0553504 -0.269869 -0.0889775
-0.0173663 -0.159563 -0.153175
0.0307286 -0.326071 0.0125278
0.0806418 0.31095 -0.064559
0.0706045 -0.0153311 0.0770252
0.0983877 0.308634 -0.0604466
0.103667 0.302245 -0.0550936
0.0558533 0.198681 -0.0846414
-0.0802483 0.322389 -0.0550706
0.0262264 -0.158796 -0.156165
0.223935 0.0318556 0.0983343
0.0176354 -0.160245 -0.152943
0.0341777 0.0837332 0.0769799
-0.0776916 0.335701 -0.0642727
-0.111462 -0.0120909 0.00837465
-0.174471 0.111294 -0.0105804
-0.0804485 0.356878 -0.059756
0.0427902 0.413037 -0.120836
0.08029 0.386717 -0.0727121
-0.0193564 -0.168292 -0.149293
-0.0835388 0.394849 -0.050296
-0.0811707 0.390316 -0.0634574
-0.0828498 0.407681 -0.0579224
-0.0828565 0.416099 -0.0582596
0.0834497 0.418375 -0.0666579
-0.0822242 0.424672 -0.0586923
-0.0814121 0.419812 -0.0657934
-0.080718 0.433554 -0.0588265
0.0816694 0.431403 -0.067431
0.0801228 0.438535 -0.0667075
-0.077631 0.443819 -0.058787
0.0457261 0.421468 -0.118681
-0.074084 0.453511 -0.0540347
0.217147 0.0265684 0.0869793
0.0746128 0.455356 -0.0588595
0.0776455 0.446814 -0.0640193
-0.0468451 0.483727 -0.0590474
-0.0707639 0.219899 0.073541
-0.0556589 -0.16449 -0.155466
0.0489268 0.484561 -0.0539026
-0.0391847 0.487161 -0.0654959
0.0301012 0.494766 -0.0521002
-0.0657061 -0.165191 -0.152761
-0.0903497 -0.496487 -0.0573937
0.126031 -0.061451 0.0128089
-0.0801002 -0.497767 -0.05631
-0.144701 -0.478446 0.00423086
-0.0543883 -0.497938 -0.0551245
-0.0667164 -0.499104 -0.0679874
-0.00474723 -0.0713955 -0.146094
-0.0788142 -0.169121 -0.144071
-0.0490572 -0.496435 -0.0696152
-0.0399545 -0.492684 -0.0687101
0.0494543 -0.496794 -0.0659959
0.0577161 -0.498662 -0.061886
0.0673098 -0.498796 -0.0583495
0.0639606 -0.498887 -0.0661999
0.124878 -0.255013 0.012579
0.130038 -0.0833361 0.016723
0.100524 -0.496 -0.0646251
0.100116 -0.494257 -0.0743711
-0.112005 -0.492986 -0.0576818
0.13259 -0.0877453 0.010188
-0.103976 -0.49438 -0.062739
-0.122626 -0.0523952 0.00865124
-0.129342 -0.0849849 0.0115179
0.121248 -0.486954 -0.0639816
0.0553322 -0.176022 -0.148472
-0.122633 -0.475545 -0.0717855
-0.028455 -0.477382 -0.0733072
-0.0218486 -0.471819 -0.06592
0.126899 -0.479787 -0.0649377
0.0321689 -0.310671 0.014053
-0.128111 -0.46238 -0.0666077
-0.127796 -0.471517 -0.065823
-0.0273424 0.426544 -0.125903
-0.0480472 -0.1714 -0.152302
0.0201423 -0.463243 -0.0595798
-0.127332 -0.453502 -0.0678115
-0.0481041 -0.278851 -0.0870095
-0.0211758 -0.456592 -0.0609693
-0.0260431 -0.44967 -0.065924
-0.0211522 -0.447079 -0.0589166
0.0231714 -0.457244 -0.0622131
0.0313426 -0.433983 -0.0723987
-0.133842 -0.422959 -0.0662991
0.0149569 -0.0604129 -0.143145
0.000479224 -0.0642965 -0.144622
-0.0221426 -0.433188 -0.063696
0.00902843 -0.0661521 -0.14487
-0.0215166 -0.410907 -0.0636745
0.0212851 -0.388679 -0.0595916
0.146102 -0.478865 0.00718676
0.135513 -0.378139 -0.0670785
0.0411413 -0.0777036 -0.145677
-0.13059 -0.366761 -0.070796
0.135354 -0.349039 -0.0660748
0.13886 -0.33532 -0.0596333
-0.132705 -0.325661 -0.0660334
0.0229571 -0.348803 -0.0621268
-0.0257522 0.419751 -0.127237
-0.131313 -0.30976 -0.0671182
0.135945 -0.313467 -0.0627967
0.132285 -0.306919 -0.0678174
0.131557 -0.399651 0.0178751
-0.0523631 -0.270618 -0.0885859
-0.120929 -0.267498 -0.073817
-0.127104 -0.436308 -0.072345
0.130743 -0.280664 -0.0665906
0.12684 -0.37897 0.0198812
0.221796 0.0952303 0.0756155
0.0217021 -0.268987 -0.0637999
-0.0196415 -0.257165 -0.0691824
0.0196209 -0.258417 -0.0656199
0.0201319 -0.249545 -0.0716006
0.0137513 -0.249143 -0.0644841
-0.1176 -0.0512257 -0.0576263
-0.0567801 -0.262889 -0.0902189
-0.00892526 -0.248702 -0.0615048
0.0253158 -0.0790913 -0.147524
0.123317 -0.231151 -0.069946
0.104132 -0.267145 -0.0870689
-0.00588806 -0.241151 -0.0643338
0.045193 -0.488497 0.00932822
0.00932863 -0.242661 -0.064308
0.00266803 -0.239605 -0.0621266
-0.00117101 -0.23401 -0.0680868
0.0135914 -0.228972 -0.0791151
-0.124322 -0.224505 -0.0655698
0.129099 -0.276553 0.00873529
0.130487 -0.222659 -0.059137
0.130968 -0.207123 -0.0597706
0.0231839 -0.0624117 -0.142428
0.00342216 -0.0723321 -0.146269
0.127592 -0.192491 -0.0679692
0.124735 -0.198604 -0.0707247
0.127824 -0.174709 -0.0711402
0.12206 -0.173834 -0.0804687
-0.061249 0.422914 0.0102252
-0.127901 -0.165793 -0.0697519
-0.125898 -0.149262 -0.0754102
0.131067 -0.148146 -0.0685848
0.0461878 -0.0837363 -0.148574
-0.00909244 -0.449869 0.0195187
0.2309 0.0997388 0.0993702
-0.128352 -0.124003 -0.0639503
0.127968 -0.118677 -0.0680477
-0.12758 -0.108378 -0.0597332
-0.124259 -0.103892 -0.0668426
-0.0258957 -0.0633703 -0.141815
-0.0323834 -0.0697098 -0.142513
0.110298 -0.282472 -0.0853352
0.118804 -0.065957 -0.0691569
0.116861 -0.0414428 -0.0592729
-0.0106874 -0.445867 0.00196548
-0.124079 -0.0951933 -0.0655275
0.075346 -0.498834 -0.071691
0.104945 -0.00756162 -0.0632014
0.0544336 -0.0825684 -0.145984
-0.0948948 0.00810503 -0.0661947
-0.101331 -0.00945307 -0.0672152
0.0819379 0.0650381 -0.0776307
0.102167 0.00143797 -0.0615127
0.0923251 0.0136296 -0.070319
0.0956607 -0.421001 -0.0925896
-0.0859671 0.029156 -0.0667637
-0.089703 0.0237239 -0.0635197
-0.0394963 -0.0829049 -0.148341
0.150005 0.0295617 -0.0533609
0.154865 0.0332617 -0.0601059
0.151692 0.0396786 -0.0653388
0.163348 0.0313924 -0.0605674
0.0725531 0.28099 0.0216402
-0.0717831 0.184977 0.0250566
-0.140048 0.0415219 -0.0634088
0.0716633 -0.097923 -0.149236
-0.0716936 -0.0970063 -0.148397
-0.0945368 0.0416418 -0.0600749
-0.0818385 0.0445232 -0.0696325
-0.073648 0.208069 0.021951
0.0857329 -0.105938 -0.144498
0.0816141 -0.111731 -0.149536
0.0898229 -0.112571 -0.144
0.136185 0.0389739 -0.0587841
0.181411 0.0434192 -0.06742
0.130657 -0.407822 0.0200246
-0.00117741 -0.0690767 0.114121
-0.0866814 -0.116743 -0.147086
-0.195722 0.0575209 -0.065777
-0.107185 0.0504834 -0.0637081
-0.0362802 0.436329 -0.119734
-0.10346 0.0442958 -0.0585746
-0.0942944 -0.121897 -0.141506
-0.0479245 -0.0464084 -0.130495
0.0437178 -0.34071 0.023956
0.014634 0.422004 -0.130404
0.103793 0.0441405 -0.0607727
0.198992 0.0473369 -0.0621023
0.205729 0.048964 -0.0585621
-0.139892 -0.182358 -0.0321016
-0.195163 0.0671468 -0.0658146
0.202594 0.0567871 -0.0613946
0.0942333 -0.120868 -0.142465
-0.201692 0.0716728 -0.0606563
0.194392 0.0809959 -0.0630378
0.090363 -0.128145 -0.146928
-0.0949196 -0.131146 -0.142512
-0.19513 0.0862349 -0.0597348
0.182731 0.0819753 -0.0698649
-0.0285709 -0.338655 0.0121098
-0.188938 0.0923978 -0.0604107
-0.183716 0.0908213 -0.0653074
-0.181245 0.0983391 -0.0618061
0.183187 0.0900822 -0.0661143
0.170229 0.0922307 -0.0724063
0.176207 0.0935393 -0.0685365
-0.0840253 -0.132863 -0.151602
-0.172547 0.099685 -0.0667644
-0.167914 0.105713 -0.0650199
-0.0435729 0.438129 -0.11519
-0.0347976 -0.333838 0.0187772
-0.160343 0.109499 -0.0667135
-0.151762 0.110114 -0.0711246
-0.153188 0.116064 -0.0650856
0.164201 0.112387 -0.0615377
-0.120286 0.0628174 -0.0740996
-0.139066 0.11581 -0.0725358
-0.134635 0.121929 -0.069441
-0.121264 0.129103 -0.0677834
-0.0898026 -0.134615 -0.147028
-0.112602 0.129699 -0.0702391
0.123983 0.130252 -0.0658768
-0.140916 -0.155489 -0.0355539
-0.0862944 -0.142307 -0.149322
-0.0977434 0.135597 -0.0679208
-0.0933872 0.140988 -0.0638637
-0.0934758 0.146237 -0.0583643
-0.0789289 -0.14782 -0.15348
0.139323 -0.125641 -0.0385175
0.137236 -0.112 -0.0362509
0.0888368 -0.152302 -0.14557
-0.0847274 -0.152551 -0.148394
-0.101192 -0.277655 -0.0885063
0.26018 0.0816392 0.0614516
0.0847958 0.145115 -0.0651199
-0.0821866 -0.161213 -0.146675
-0.136591 -0.11675 -0.0291701
-0.0133813 -0.0564145 -0.142167
0.0998593 -0.485114 -0.0870704
0.0732077 0.160166 -0.0656338
0.0318354 0.427458 -0.124968
0.0130045 -0.0535121 -0.141834
-0.010793 -0.165048 -0.148496
-0.0725507 0.223735 -0.0627002
-0.0696619 0.239882 -0.0684143
-0.0732503 0.251843 -0.063432
0.0645463 -0.173624 -0.147865
0.111745 -0.273139 -0.083572
-0.110248 -0.0149718 0.0166803
-0.0833676 0.260432 -0.0587544
0.12724 -0.38754 0.0207301
-0.113976 -0.0386626 0.0265939
0.0849151 0.262863 -0.0625938
0.117971 -0.0575854 0.0347491
0.108136 -0.267938 0.0265926
0.0611887 -0.181124 -0.142909
0.0420315 -0.399168 0.0288094
0.0703312 -0.178192 -0.141837
-0.0625855 -0.059036 0.0946423
0.0237808 -0.16671 -0.151687
-0.0978695 0.299392 -0.0671402
0.101558 0.300079 -0.0639876
-0.0227642 -0.0363576 0.103752
0.0408043 -0.30954 -0.0824237
-0.0161356 0.223539 0.0762466
0.0793879 0.303353 -0.0689334
-0.028252 0.40539 0.0363505
0.0521119 -0.291341 -0.0885307
-0.0477997 0.428807 0.0209339
0.0629961 -0.49424 -0.0795055
-0.0343273 0.39691 0.0355401
-0.0274347 -0.172747 -0.148934
0.051696 -0.18295 -0.143062
-0.0338512 -0.150693 0.100586
-0.0789079 0.37156 -0.0673
0.0382371 -0.178207 -0.146866
-0.0803523 0.39814 -0.0679835
-0.0781799 0.437071 -0.066813
0.0759721 0.444108 -0.0739292
-0.0728698 0.452371 -0.0639147
0.0694265 0.461175 -0.0663798
-0.00827888 0.221813 0.0797965
-0.0574107 0.473423 -0.0643908
-0.0518653 0.47866 -0.0643276
0.0552818 0.478722 -0.0600997
0.0485088 0.482933 -0.0643751
0.059218 0.47424 -0.0646385
0.0336245 0.491534 -0.0627832
0.0229154 0.496141 -0.0599183
-0.0235543 0.493496 -0.0671813
-0.102046 -0.493006 -0.0739846
-0.00891051 0.496 -0.0698952
-0.01423 0.496656 -0.0630028
-0.00402939 0.497748 -0.0640092
0.00558787 0.497359 -0.0658861
0.0200074 -0.173039 -0.146583
-0.0420256 -0.176064 -0.14893
-0.0491775 -0.179125 -0.146482
-0.0571529 -0.183645 -0.141044
-0.0665424 -0.179366 -0.142177
0.0397295 -0.0513915 -0.135879
0.0415681 -0.492051 -0.0703195
0.0203621 -0.0543891 -0.141121
0.0496001 -0.493998 -0.0733578
-0.138242 -0.131838 -0.0374623
0.0743238 0.161249 0.0250792
-0.141713 0.0545789 -0.0737506
-0.0350661 -0.493531 -0.0601208
-0.0278456 -0.0544572 -0.139113
-0.0683333 0.171798 0.0302405
0.12104 -0.481745 -0.0713396
-0.0369017 -0.485314 -0.075789
0.0279473 -0.477578 -0.070108
0.0131919 0.0886304 0.0721983
-0.0267659 -0.466509 -0.0718491
0.0268029 0.0832778 0.076344
0.0448087 -0.290557 -0.0845484
-0.0356718 -0.0548426 -0.137282
-0.122422 -0.450079 -0.0738688
-0.127597 -0.445262 -0.0697376
-0.031316 -0.451659 -0.072796
-0.0297512 -0.443352 -0.0709023
-0.179882 0.111549 -0.0440848
0.120526 -0.457676 -0.0778662
0.126175 -0.452251 -0.0714342
0.127651 -0.463053 -0.0702084
0.0331268 -0.453445 -0.0732628
0.125863 -0.443364 -0.0737648
0.086306 0.189589 -0.015895
0.0404208 0.429011 -0.120507
0.0399032 -0.0642926 -0.139418
-0.033382 -0.437122 -0.07572
-0.0273532 -0.435176 -0.069893
0.109057 -0.310268 -0.0882467
0.0284397 -0.0560897 -0.13996
-0.129772 -0.418026 -0.0716118
-0.0252608 -0.427074 -0.068346
0.0376003 -0.432687 -0.0784821
-0.10856 -0.0170578 0.0236764
-0.121874 -0.0851139 0.0356628
0.134698 -0.43016 -0.0668689
-0.0226455 -0.423063 0.0158607
0.134111 -0.416501 -0.0686803
-0.022586 -0.396117 -0.0652184
0.0316303 -0.0638823 -0.140947
-0.12749 -0.404733 -0.0745742
-0.0374315 0.444369 -0.116404
-0.0414177 -0.0593331 -0.136703
0.0319365 -0.406578 -0.0740983
-0.258196 0.0797593 0.0549436
0.135711 -0.396465 -0.0672435
-0.236218 0.0355086 -0.0294558
-0.12243 -0.0583995 0.01567
-0.0610914 -0.490924 -0.0835278
0.130687 -0.382318 -0.0731608
-0.126723 -0.362779 -0.075158
-0.119454 -0.0556168 0.023733
-0.0403636 -0.0671713 -0.139792
0.0302183 -0.355713 -0.072571
0.0280427 -0.349051 -0.0697478
-0.256368 0.0901156 0.0702832
0.125965 -0.19835 0.0222748
0.0237897 -0.330343 -0.0638241
-0.047697 -0.0648821 -0.136472
0.0291259 -0.315479 -0.0712029
0.0240242 -0.309412 -0.0644687
0.13152 -0.315576 -0.0697151
-0.0507126 -0.312094 -0.0897379
-0.0291362 -0.406644 0.0202034
-0.128471 -0.296329 -0.0690949
-0.260945 0.0849746 0.0689788
-0.106565 -0.31287 -0.088633
-0.0275814 -0.304238 -0.0719829
0.119135 -0.372451 -0.083364
0.0324542 -0.270658 -0.075487
0.0319252 -0.288464 -0.0739664
0.0268041 -0.291749 -0.0678486
-0.0844147 -0.0977471 -0.140244
-0.0236899 -0.272289 -0.0681203
-0.0279828 -0.382387 0.0150606
-0.0233819 -0.264346 -0.0697068
-0.0284199 -0.271506 -0.0735687
0.0272341 -0.274276 -0.0693298
-0.0246167 -0.256497 -0.0742838
-0.0934034 -0.112054 -0.139798
0.0266369 -0.256592 -0.0738479
-0.128678 -0.426557 -0.0721142
-0.117635 -0.236125 -0.0732354
-0.11646 -0.24523 -0.0750345
-0.0916833 -0.102697 -0.136725
-0.0197605 0.405753 0.0391883
-0.11405 -0.315481 -0.0843904
0.103756 -0.000685557 0.0279783
0.117446 -0.0489526 0.0310717
-0.115242 -0.220698 -0.0760762
0.0124706 -0.0813534 -0.148402
0.128363 -0.21473 -0.0633501
-0.116559 -0.203856 -0.0766259
0.126363 -0.206574 -0.0671185
0.122828 -0.214556 -0.0708265
0.0945159 -0.145581 -0.142532
-0.128449 -0.172584 -0.067118
0.100343 -0.147174 -0.135426
-0.123395 -0.164418 -0.0780949
-0.0862041 -0.165957 -0.140399
0.127413 -0.14403 -0.0755398
-0.124906 -0.124514 -0.072634
0.123787 -0.115977 -0.0774802
-0.0752596 -0.176574 -0.140432
0.121723 -0.106029 -0.0792345
-0.0895594 -0.170322 -0.134132
0.121701 -0.0960843 -0.0770952
-0.121263 -0.0978315 -0.0731996
0.120749 -0.086913 -0.0752389
0.114541 -0.0583277 -0.0741607
-0.116873 -0.0759952 -0.0734489
-0.0797364 -0.180567 -0.13305
0.0843702 -0.385925 0.0391458
-0.12549 -0.387543 -0.0768076
0.06286 -0.379049 0.0358198
-0.0891203 0.0120548 -0.0731663
0.0935579 -0.00102501 -0.079096
0.0857122 0.027848 -0.0709191
-0.126931 -0.361466 0.015581
0.0892063 0.0302065 -0.0653861
0.0811022 0.033468 -0.0745957
-0.0947892 -0.483532 -0.0899763
-0.181991 0.0398643 -0.0653592
-0.17463 0.0346203 -0.0632721
0.0928904 -0.384088 0.0378916
-0.166322 0.0380056 -0.0658483
-0.16589 0.0452778 -0.0704205
-0.160023 0.041407 -0.0679733
0.079018 -0.174422 -0.140047
-0.14897 0.049262 -0.0716963
-0.145944 0.0436143 -0.0670239
0.168356 0.0363268 -0.0651128
0.102345 -0.315304 -0.0914332
-0.181004 0.0476596 -0.0692311
-0.140399 0.0477551 -0.068775
0.129828 0.0438374 -0.0616198
0.143315 0.0421394 -0.0650818
0.148875 0.0455081 -0.0692113
-0.017437 -0.13708 -0.158842
0.00325813 -0.169724 -0.144515
0.0116781 -0.171045 -0.145085
-0.133328 0.0527446 -0.0706268
-0.00520875 -0.17041 -0.144329
-0.115369 0.0510554 -0.0647157
-0.110818 0.0560432 -0.0685028
-0.0134685 -0.172545 -0.144644
-0.0716602 -0.182832 -0.136162
0.12297 0.045391 -0.0612044
0.118765 0.0515069 -0.0664301
0.127849 0.0491481 -0.0662675
-0.0648866 -0.184927 -0.137231
-0.0201851 0.424172 -0.128382
0.0292805 0.418401 -0.126932
-0.0900073 0.0472029 -0.0658238
-0.0942174 0.0548111 -0.0687463
0.0919755 0.0504831 -0.0690346
0.187553 0.0601902 -0.0698032
-0.127785 -0.376403 0.0166856
-0.180296 0.0660828 -0.0731158
-0.186432 0.0792146 -0.0686734
-0.187547 0.0714197 -0.0697241
0.188924 0.068872 -0.069417
0.182377 0.0739699 -0.0717448
0.189033 0.0771774 -0.0679906
0.0435291 -0.34404 -0.0845543
-0.0257389 -0.366476 0.00993634
0.107153 -0.388979 0.034181
0.157349 0.111215 -0.0673523
0.124628 -0.279979 0.0145051
0.142711 0.12157 -0.0658941
0.12891 -0.36507 0.0159846
-0.13102 0.116061 -0.0747445
-0.11774 0.123215 -0.0735004
0.1222 0.124496 -0.0716227
0.109869 0.134935 -0.0662933
0.0475682 -0.188891 -0.136666
-0.0323911 -0.13629 0.107079
-0.00870826 0.428813 0.0362439
-0.0382042 -0.00456431 0.0898693
0.0329236 -0.182563 -0.14231
-0.0475727 -0.329247 -0.0882607
0.10195 0.13303 -0.0702071
-0.0799886 0.1425 -0.0676959
0.0719315 -0.495957 -0.0794371
-0.0486447 -0.364331 -0.08855
0.0130778 -0.0894718 -0.151354
-0.0732859 0.147862 -0.0677266
0.121443 -0.0324637 -0.0288788
0.0340795 -0.0161124 0.0955707
-0.117066 -0.0472763 0.0249163
-0.111686 -0.0778824 0.0523842
-0.0638596 0.187774 -0.0740583
-0.00559739 0.0744092 0.0747965
0.074879 0.242868 -0.0639176
0.0755077 0.270804 -0.068593
0.0745081 0.249624 -0.0652013
0.0880249 0.267214 -0.0678842
-0.0851325 0.271087 -0.0714335
0.01879 -0.0764417 -0.146648
-0.129387 -0.310446 0.00848577
0.0963535 0.277076 -0.0672669
-0.100991 -0.358043 -0.0919921
0.078696 -0.37969 0.0382617
-0.0916769 0.282566 -0.0738896
-0.173726 0.0188405 0.0241904
0.0400357 -0.0990379 -0.15697
0.117202 -0.084289 0.0493741
-0.187793 0.107809 -0.0379546
-0.0472741 -0.185446 -0.140551
0.0855468 0.287486 -0.0765462
0.0325533 -0.0781988 -0.146734
0.0795624 0.289704 -0.072513
0.0733404 0.300784 -0.0729838
-0.103634 -0.497101 0.015558
-0.0898908 0.303951 -0.069908
0.159979 0.0564447 -0.0754586
-0.0817559 0.303666 -0.0686042
-0.00581546 0.426469 -0.130584
0.0350954 -0.388354 -0.0775947
-0.0858173 0.308782 -0.0637906
-0.120455 -0.304185 0.0177209
0.0985106 -0.360198 -0.0933651
0.0733959 0.324309 -0.0756308
0.0335933 -0.333809 0.015552
0.120856 -0.11669 0.0434283
0.104022 -0.0372293 0.0500291
-0.0708189 0.326853 -0.0764157
-0.0752663 0.347462 -0.071454
0.0745367 0.353333 -0.0783907
-0.0126773 0.420903 -0.13057
0.0300653 -0.303295 0.0118315
0.0272208 -0.334498 0.00809142
0.0797126 0.409419 -0.0786401
-0.0797678 0.414631 -0.072365
0.0811078 0.417527 -0.0749505
0.0817117 0.42531 -0.0711844
-0.0213209 0.432206 -0.126777
-0.0301461 0.442551 -0.12079
0.0718814 0.451196 -0.0767259
0.0605639 -0.0887525 -0.148265
0.00380186 0.410202 -0.131876
-0.00352346 0.41717 -0.131716
-0.0633709 0.463581 -0.0720352
-0.0638654 0.466442 -0.0643206
-0.0587659 0.469273 -0.071615
0.0592564 0.471646 -0.071332
0.0127195 0.412902 -0.130881
0.0737585 -0.0818181 0.0952419
-0.0463622 0.481571 -0.0690605
0.01047 0.402595 -0.130368
-0.0315587 0.489241 -0.070853
0.0575953 -0.497452 -0.0717349
-0.02401 0.490528 -0.0757742
0.0889414 -0.0120032 0.0584952
-0.0907698 -0.496543 -0.0744304
-0.0858217 -0.498786 -0.0656815
-0.0722821 -0.49822 -0.0750242
-0.0413033 -0.384645 -0.0841748
-0.0579243 -0.498169 -0.0694347
0.00319193 0.395116 -0.129554
0.0462324 -0.489104 -0.0780647
3 0 8 2
3 0 2 11
3 0 3 8
3 0 14 3
3 11 14 0
3 5487 1 112
3 6163 112 1
3 9717 1 3108
3 9733 3108 1
3 5487 9733 1
3 6163 1 9717
3 2 8 32
3 2 46 11
3 2 32 5116
3 2 5116 46
3 33 8 3
3 3 14 50
3 33 3 22
3 3 50 22
3 4 121 122
3 121 4 178
3 125 4 122
3 131 123 4
3 178 4 123
3 4 125 131
3 5 16 163
3 5 5169 16
3 5 37 202
3 5 267 37
3 267 5 163
3 5 202 5169
3 9 6 7
3 6 17 7
3 35 6 9
3 17 6 18
3 61 18 6
3 61 6 35
3 24 9 7
3 7 17 2752
3 24 7 20
3 2752 20 7
3 43 32 8
3 43 8 33
3 69 9 24
3 35 9 34
3 69 34 9
3 3883 10 1527
3 10 7728 1527
3 1860 8021 10
3 1860 10 10813
3 10813 10 3883
3 8021 7728 10
3 14 11 13
3 46 13 11
3 12 3710 4031
3 5027 3710 12
3 4401 12 4031
3 13573 12 4401
3 5027 12 4897
3 13573 4897 12
3 49 14 13
3 5142 13 46
3 5143 49 13
3 5142 5143 13
3 49 50 14
3 1788 15 5257
3 5632 15 1788
3 5257 15 7357
3 12604 15 5632
3 10477 7357 15
3 12604 10477 15
3 16 5252 163
3 16 5169 164
3 5203 16 164
3 5203 5252 16
3 52 17 18
3 17 52 2752
3 52 18 51
3 61 51 18
3 5324 218 19
3 5871 19 218
3 268 322 19
3 268 19 5325
3 5324 19 322
3 5871 5325 19
3 5156 24 20
3 2752 11877 20
3 5156 20 11877
3 26 248 21
3 26 21 306
3 47 21 248
3 21 47 317
3 21 5184 306
3 5190 21 317
3 5184 21 5190
3 33 22 5124
3 50 5163 22
3 5124 22 5163
3 23 1432 4532
3 23 4630 1432
3 23 4532 10702
3 23 10759 4630
3 23 10702 10759
3 69 24 5167
3 5156 5167 24
3 29 30 25
3 29 25 57
3 30 5128 25
3 84 57 25
3 96 84 25
3 96 25 5128
3 26 5291 248
3 26 306 295
3 26 295 5291
3 12223 27 3758
3 12407 3758 27
3 12002 12005 27
3 12223 12002 27
3 12408 27 12005
3 12407 27 12408
3 28 92 5506
3 28 11343 92
3 8388 28 4901
3 13053 4901 28
3 13053 28 5506
3 8388 11343 28
3 68 30 29
3 58 29 57
3 58 68 29
3 68 73 30
3 73 72 30
3 30 72 5128
3 5257 7357 31
3 12953 5257 31
3 10049 7135 31
3 12953 31 7135
3 7357 11554 31
3 10049 31 11554
3 43 5131 32
3 5131 5116 32
3 43 33 44
3 44 33 5124
3 78 35 34
3 69 5133 34
3 78 34 5134
3 5134 34 5133
3 74 61 35
3 74 35 78
3 11579 3376 36
3 11787 36 3376
3 11579 36 11783
3 11982 11783 36
3 11982 36 11787
3 37 318 202
3 37 216 318
3 5201 216 37
3 267 5208 37
3 5208 5201 37
3 1555 1012 38
3 38 1012 7196
3 1555 38 3826
3 3826 38 7470
3 38 7196 7470
3 39 2732 138
3 10560 39 138
3 8939 2732 39
3 7473 8939 39
3 10562 7473 39
3 10562 39 10560
3 5616 539 40
3 40 539 8427
3 5620 40 4722
3 4722 40 11991
3 5616 40 5620
3 40 8427 11991
3 41 63 89
3 5112 63 41
3 41 66 71
3 41 90 66
3 5112 41 71
3 41 89 90
3 6081 42 985
3 42 11398 985
3 42 1149 4812
3 6081 1149 42
3 10924 42 4812
3 10924 11398 42
3 43 44 5140
3 43 5140 5131
3 44 104 77
3 5140 44 77
3 44 5124 104
3 5840 45 680
3 45 6259 680
3 5839 45 5676
3 5840 5676 45
3 5839 6259 45
3 5162 46 5116
3 5142 46 5162
3 144 317 47
3 144 47 5148
3 205 47 248
3 205 5148 47
3 2413 2891 48
3 2413 48 11769
3 6411 48 2891
3 48 9475 6371
3 11769 48 6371
3 6411 6464 48
3 6464 9475 48
3 5153 50 49
3 5143 5153 49
3 5153 5163 50
3 52 51 11096
3 61 5155 51
3 5155 87 51
3 87 11096 51
3 2752 52 11877
3 52 11096 11877
3 53 6411 2891
3 53 2891 11801
3 53 5187 6411
3 53 13579 5187
3 53 11801 8977
3 53 8977 13579
3 54 5382 266
3 5386 54 266
3 449 54 5113
3 449 5382 54
3 5391 5113 54
3 5386 5391 54
3 1971 55 1991
3 1971 5195 55
3 1991 55 3011
3 3011 55 5149
3 4304 55 5195
3 4304 13596 55
3 13596 5149 55
3 8473 56 7778
3 9130 7778 56
3 9704 56 8473
3 9130 56 9379
3 9704 9379 56
3 58 57 85
3 85 57 84
3 5160 68 58
3 58 85 5186
3 5160 58 5186
3 3400 59 3583
3 12255 59 3400
3 12680 3583 59
3 12255 12684 59
3 12683 12680 59
3 12684 12683 59
3 3334 60 10775
3 3334 11713 60
3 3336 60 9873
3 3336 12115 60
3 60 11713 9873
3 60 12115 10775
3 74 5155 61
3 12683 62 3879
3 12905 3879 62
3 12684 4809 62
3 12905 62 4809
3 12684 62 12683
3 63 5158 89
3 5112 105 63
3 63 105 5158
3 64 4227 4550
3 13052 4227 64
3 64 4337 4341
3 64 4550 4337
3 64 4341 13224
3 13052 64 13224
3 65 5110 5222
3 6203 5110 65
3 65 5222 11447
3 6203 65 9768
3 7401 9768 65
3 7401 65 11447
3 102 71 66
3 5189 66 90
3 5201 102 66
3 5201 66 5189
3 2432 67 2275
3 3779 2275 67
3 2432 2676 67
3 2676 9250 67
3 8877 3779 67
3 8877 67 9250
3 68 99 73
3 5160 99 68
3 69 5167 5133
3 70 7764 5699
3 70 5699 11018
3 70 7751 7764
3 70 10236 7751
3 13577 10236 70
3 13577 70 11018
3 5127 71 102
3 5112 71 5127
3 73 76 72
3 76 5139 72
3 72 5130 5128
3 72 5139 5130
3 73 99 76
3 5165 74 78
3 5165 5155 74
3 75 3689 6755
3 75 12689 3689
3 75 5694 12689
3 75 12691 5694
3 75 6755 6271
3 75 6271 12691
3 5176 76 99
3 5178 5139 76
3 5176 5178 76
3 77 104 5211
3 114 108 77
3 5140 77 108
3 114 77 5211
3 78 5134 115
3 5165 78 115
3 5127 106 79
3 5216 79 106
3 111 79 236
3 5111 79 111
3 5216 236 79
3 5111 5127 79
3 82 127 80
3 2114 82 80
3 80 127 126
3 80 126 128
3 2114 80 128
3 6930 3979 81
3 81 3979 12915
3 4015 6930 81
3 12467 4015 81
3 12467 81 12691
3 12691 81 12915
3 83 142 82
3 83 82 2114
3 82 136 127
3 82 142 136
3 95 142 83
3 95 83 143
3 83 2114 143
3 85 84 5148
3 96 5198 84
3 84 5198 5148
3 5186 85 5148
3 86 2705 6084
3 86 10749 2705
3 86 6084 2902
3 86 2902 10969
3 86 10750 10749
3 86 10969 10750
3 87 148 139
3 87 139 5145
3 87 5238 148
3 87 5145 11096
3 5155 5238 87
3 191 7005 88
3 191 88 7006
3 2969 88 3526
3 2969 7006 88
3 88 10910 3526
3 88 7005 10910
3 90 89 3642
3 4908 3642 89
3 4908 89 5158
3 5189 90 3642
3 91 94 97
3 91 135 94
3 2363 91 97
3 135 91 195
3 91 2363 195
3 1106 10687 92
3 1106 92 11343
3 5506 92 10189
3 92 10687 10189
3 93 11088 3172
3 93 3172 11736
3 93 3175 11099
3 93 11736 3175
3 93 11099 11088
3 97 94 154
3 141 94 135
3 94 141 154
3 95 156 142
3 95 143 5194
3 5871 156 95
3 5871 95 5194
3 96 5128 5175
3 96 5175 5198
3 154 164 97
3 164 5169 97
3 5169 2363 97
3 9654 5707 98
3 98 5707 10758
3 9142 7980 98
3 7980 10609 98
3 9142 98 10758
3 10609 9654 98
3 5160 157 99
3 5176 99 157
3 222 100 103
3 5131 103 100
3 222 158 100
3 5162 100 158
3 5131 100 5116
3 5162 5116 100
3 101 110 5121
3 101 5214 110
3 101 161 170
3 101 5121 161
3 231 101 170
3 231 5214 101
3 5127 102 106
3 5201 106 102
3 5140 108 103
3 108 5205 103
3 222 103 5205
3 5140 103 5131
3 104 5170 165
3 104 165 5211
3 5124 5170 104
3 5158 105 162
3 105 5177 162
3 5111 105 5112
3 5111 5177 105
3 5208 106 5201
3 5216 106 5208
3 7593 3457 107
3 107 3457 11366
3 3526 107 5392
3 3526 10910 107
3 107 11366 5392
3 7593 107 10910
3 114 5210 108
3 108 5210 5205
3 109 6626 8894
3 11125 6626 109
3 11125 109 6926
3 109 12729 6926
3 109 8894 12236
3 109 12236 12729
3 5133 5121 110
3 5134 5133 110
3 5134 110 5221
3 110 5214 5221
3 111 236 5223
3 5111 111 5177
3 111 5223 5177
3 5487 112 4770
3 4770 112 8903
3 6163 8906 112
3 112 8906 8903
3 168 5139 113
3 168 113 5256
3 5178 171 113
3 5261 113 171
3 5178 113 5139
3 5261 5256 113
3 114 5263 5210
3 114 5211 5263
3 227 115 172
3 172 115 5221
3 227 5165 115
3 5134 5221 115
3 2566 9577 116
3 2566 116 9579
3 116 3408 3422
3 116 9578 3408
3 116 3422 9579
3 116 9577 9578
3 119 117 118
3 182 118 117
3 130 117 119
3 198 117 130
3 5297 182 117
3 5297 117 198
3 173 119 118
3 237 173 118
3 183 118 182
3 237 118 183
3 130 119 120
3 173 120 119
3 184 130 120
3 176 120 173
3 184 120 176
3 121 124 122
3 124 121 180
3 121 178 180
3 186 122 124
3 186 125 122
3 185 123 131
3 179 178 123
3 185 179 123
3 5278 124 180
3 238 186 124
3 238 124 5278
3 201 131 125
3 5287 125 186
3 5287 201 125
3 127 241 126
3 128 126 243
3 243 126 241
3 197 127 136
3 197 241 127
3 2114 128 143
3 143 128 5184
3 5184 128 243
3 9035 129 2488
3 2488 129 10766
3 9035 9028 129
3 10850 129 9028
3 129 10439 10766
3 10439 129 10850
3 200 130 184
3 200 198 130
3 192 185 131
3 201 192 131
3 9705 3208 132
3 132 3208 11152
3 3402 9160 132
3 3402 132 9726
3 9705 132 9160
3 132 11152 9726
3 133 1321 6726
3 7008 1321 133
3 6711 7008 133
3 6711 133 13570
3 6712 133 6726
3 6712 13570 133
3 134 5182 2455
3 134 2455 8363
3 3846 5182 134
3 3846 134 7383
3 6281 7383 134
3 6281 134 8363
3 141 135 196
3 135 195 5228
3 135 5228 196
3 142 208 136
3 197 136 208
3 2624 10290 137
3 2624 137 12492
3 4467 2745 137
3 12492 137 2745
3 4467 137 3016
3 3016 137 10290
3 9969 138 2732
3 3246 9968 138
3 3246 138 9969
3 10560 138 9968
3 253 139 148
3 212 149 139
3 5145 139 149
3 139 253 212
3 140 245 195
3 195 2363 140
3 314 140 202
3 140 5169 202
3 140 314 245
3 2363 5169 140
3 141 12444 154
3 141 196 155
3 141 155 12444
3 156 208 142
3 5194 143 5184
3 144 220 317
3 5204 220 144
3 5198 144 5148
3 5204 144 5198
3 250 146 145
3 5153 145 146
3 250 145 158
3 5162 158 145
3 5142 145 5143
3 5142 5162 145
3 5143 145 5153
3 5153 146 147
3 146 5245 147
3 5296 146 250
3 307 5245 146
3 146 5296 307
3 159 5170 147
3 5245 159 147
3 5153 147 5163
3 147 5170 5163
3 148 5313 253
3 5238 259 148
3 5313 148 259
3 149 212 1052
3 1052 5167 149
3 5156 5145 149
3 5156 149 5167
3 12737 150 2663
3 13046 2663 150
3 8695 150 9219
3 13046 150 8695
3 150 10596 9219
3 12737 10596 150
3 214 151 162
3 4908 162 151
3 215 207 151
3 207 3642 151
3 214 215 151
3 4908 151 3642
3 152 3980 4708
3 152 12921 3980
3 152 4708 12928
3 7261 152 12692
3 7261 12921 152
3 152 12928 12692
3 153 160 9196
3 9549 160 153
3 6763 1061 153
3 1061 9549 153
3 6763 153 1062
3 153 9196 1062
3 12444 164 154
3 203 155 196
3 203 217 155
3 5203 155 217
3 12444 155 5203
3 5243 208 156
3 5243 156 218
3 5871 218 156
3 210 157 206
3 5160 206 157
3 221 157 210
3 5176 157 221
3 222 256 158
3 250 158 256
3 229 165 159
3 165 5170 159
3 269 229 159
3 5245 269 159
3 803 160 6286
3 803 11716 160
3 9549 6286 160
3 160 11716 9196
3 161 167 170
3 167 161 214
3 214 161 212
3 212 161 1052
3 1052 161 5121
3 214 162 167
3 167 162 5177
3 4908 5158 162
3 267 163 323
3 163 5388 323
3 163 5252 5388
3 12444 5203 164
3 5211 165 229
3 227 166 5165
3 5386 166 227
3 166 266 5238
3 5386 266 166
3 166 5155 5165
3 166 5238 5155
3 167 235 170
3 235 167 5223
3 167 5177 5223
3 168 5130 5139
3 168 5251 5130
3 168 5255 5251
3 168 5256 5255
3 274 171 169
3 5178 169 171
3 221 226 169
3 5176 221 169
3 169 226 274
3 5176 169 5178
3 231 170 326
3 235 326 170
3 274 5260 171
3 5261 171 5260
3 227 172 5265
3 234 172 5214
3 5265 172 234
3 172 5221 5214
3 4430 176 173
3 237 4430 173
3 5342 204 174
3 5444 174 204
3 5346 174 339
3 5444 339 174
3 5343 5342 174
3 5346 5343 174
3 1467 175 1333
3 175 6475 1333
3 1467 10984 175
3 175 6473 6475
3 175 6478 6473
3 175 10984 6478
3 239 184 176
3 239 176 5272
3 5272 176 4430
3 2455 177 898
3 3745 898 177
3 2455 11681 177
3 3745 177 11966
3 11681 4603 177
3 177 4603 11966
3 5275 178 179
3 5275 180 178
3 240 179 185
3 240 5275 179
3 285 180 5275
3 285 5278 180
3 5344 335 181
3 5437 181 335
3 5344 181 8515
3 12260 181 5437
3 10070 8515 181
3 10070 181 12260
3 5281 183 182
3 5297 5281 182
3 237 183 5269
3 5280 5269 183
3 5281 5280 183
3 5299 200 184
3 239 5299 184
3 192 5230 185
3 240 185 5230
3 238 5282 186
3 5287 186 5282
3 4030 187 3634
3 4368 3634 187
3 4030 4823 187
3 4368 187 4200
3 4200 187 8031
3 8031 187 4823
3 188 829 6098
3 6316 829 188
3 6316 188 954
3 6527 954 188
3 6315 188 6098
3 6527 188 6315
3 189 790 675
3 189 675 6023
3 189 6022 790
3 189 4249 6021
3 4249 189 6023
3 189 6021 6022
3 10778 190 5394
3 13192 5394 190
3 10245 9951 190
3 13192 190 9951
3 10253 10245 190
3 10778 10253 190
3 2994 191 2919
3 6364 2919 191
3 2994 7005 191
3 6364 191 7006
3 251 192 201
3 251 5230 192
3 7867 193 7694
3 11314 7694 193
3 7867 10415 193
3 10191 7886 193
3 7886 11314 193
3 10191 193 10415
3 3241 194 3286
3 5400 194 3241
3 194 5392 3286
3 7589 5392 194
3 7870 194 5400
3 7870 7589 194
3 5228 195 245
3 5315 203 196
3 5315 196 5228
3 197 208 5317
3 197 5289 241
3 197 5317 5289
3 5311 198 200
3 308 5297 198
3 308 198 5311
3 8450 1107 199
3 199 1107 11685
3 8424 7222 199
3 8450 199 7222
3 8424 199 7276
3 199 11685 7276
3 5311 200 5299
3 251 201 244
3 244 201 5287
3 318 314 202
3 5316 217 203
3 5315 315 203
3 5316 203 315
3 408 204 4781
3 408 11264 204
3 4781 204 5342
3 11264 5444 204
3 205 247 206
3 5186 205 206
3 247 205 248
3 5186 5148 205
3 249 210 206
3 247 249 206
3 5160 5186 206
3 5235 207 215
3 5189 207 216
3 207 5235 216
3 5189 3642 207
3 5243 5317 208
3 1281 4891 209
3 5582 1281 209
3 3697 4248 209
3 3697 209 4891
3 4248 5621 209
3 5582 209 5621
3 210 222 221
3 222 210 256
3 249 256 210
3 211 2689 3036
3 211 10728 2689
3 211 3036 11196
3 3037 10731 211
3 3037 211 11196
3 211 10731 10728
3 214 212 5231
3 212 253 5231
3 6222 692 213
3 6928 213 692
3 1716 213 5663
3 9596 213 1716
3 6928 5663 213
3 9596 6222 213
3 214 5231 215
3 215 5231 5234
3 5235 215 5234
3 255 318 216
3 255 216 5235
3 5201 5189 216
3 217 319 5254
3 319 217 5316
3 5203 217 5252
3 5254 5252 217
3 5243 218 5857
3 218 5324 5857
3 219 5172 1047
3 219 1047 5658
3 6929 2249 219
3 219 2249 12693
3 219 12693 5172
3 6929 219 5658
3 268 220 5255
3 268 5325 220
3 5325 317 220
3 5251 220 5204
3 5251 5255 220
3 5205 221 222
3 221 5205 226
3 4926 223 11382
3 4926 12122 223
3 4927 223 12122
3 4927 13462 223
3 13457 11382 223
3 13462 13457 223
3 1114 7564 224
3 8970 1114 224
3 5502 224 7564
3 5502 10049 224
3 8970 224 6523
3 6523 224 11554
3 10049 11554 224
3 225 3784 4015
3 225 4856 3784
3 12467 225 4015
3 6722 4856 225
3 6722 225 12264
3 12467 12264 225
3 226 275 274
3 226 5210 275
3 226 5205 5210
3 5391 227 5265
3 227 5391 5386
3 267 323 228
3 267 228 5208
3 5405 228 323
3 5216 228 390
3 5405 390 228
3 5216 5208 228
3 5389 229 269
3 5329 5211 229
3 5329 229 5389
3 3538 230 6540
3 10426 230 3538
3 6524 230 11537
3 11954 230 6524
3 11954 6540 230
3 11537 230 10426
3 231 234 5214
3 231 5402 234
3 231 326 5402
3 390 232 236
3 236 232 2769
3 390 5334 232
3 232 5332 2769
3 5334 5332 232
3 2302 10207 233
3 2302 233 10262
3 9305 9303 233
3 9534 233 9303
3 9305 233 10207
3 9534 10262 233
3 5267 5265 234
3 5267 234 5402
3 235 280 326
3 2769 280 235
3 2769 235 5223
3 5216 390 236
3 236 2769 5223
3 237 5855 4430
3 237 5269 5855
3 287 238 5278
3 287 5282 238
3 283 239 5272
3 283 5356 239
3 5356 5299 239
3 284 240 242
3 242 240 5230
3 284 5275 240
3 294 243 241
3 294 241 5289
3 284 242 5481
3 5378 433 242
3 242 433 5481
3 5378 242 5230
3 294 306 243
3 5184 243 306
3 251 244 310
3 244 301 365
3 244 5287 301
3 244 365 310
3 245 314 304
3 5228 245 304
3 3704 6410 246
3 3704 246 9228
3 6610 246 6410
3 246 6610 11876
3 246 12079 9228
3 246 11876 12079
3 247 248 5291
3 5293 249 247
3 296 247 5291
3 296 5293 247
3 5294 256 249
3 5294 249 5293
3 5294 250 256
3 250 5294 5296
3 5378 251 310
3 5378 5230 251
3 3295 3030 252
3 252 3030 10941
3 3295 252 12221
3 252 10941 11392
3 252 11392 11797
3 252 11797 12221
3 5233 5231 253
3 5313 5233 253
3 312 255 254
3 255 5235 254
3 5366 312 254
3 254 5235 5234
3 254 5234 5357
3 5366 254 5357
3 312 313 255
3 255 313 318
3 3778 1756 257
3 12909 257 1756
3 3882 3778 257
3 3882 257 12910
3 12909 12910 257
3 529 451 258
3 258 451 4426
3 529 258 10702
3 258 4426 4538
3 258 4538 4631
3 258 4631 10702
3 259 5238 266
3 259 266 5382
3 5373 259 360
3 259 5382 360
3 5313 259 5373
3 6645 3499 260
3 11116 260 3499
3 9793 6645 260
3 9793 260 11849
3 11116 11432 260
3 11432 11849 260
3 3977 261 325
3 12918 325 261
3 261 6000 3557
3 12918 261 3557
3 3977 12911 261
3 12911 6000 261
3 5398 262 3199
3 262 7116 3199
3 5398 4143 262
3 10445 262 4143
3 262 10919 7116
3 10445 10919 262
3 1261 263 10819
3 1261 10953 263
3 10819 263 4902
3 10977 4902 263
3 5159 4903 263
3 10977 263 4903
3 5159 263 10953
3 368 316 264
3 5857 264 316
3 5324 321 264
3 5498 264 321
3 264 5498 368
3 264 5857 5324
3 265 269 5245
3 265 5500 269
3 307 362 265
3 307 265 5245
3 265 362 445
3 265 445 5500
3 273 324 268
3 273 268 5255
3 268 324 322
3 5389 269 5500
3 6183 807 270
3 270 807 6390
3 5963 270 5962
3 11075 5962 270
3 6183 270 5963
3 11075 270 6390
3 271 4811 1098
3 271 1098 11457
3 271 11506 4811
3 271 10940 5523
3 271 5523 11506
3 271 11457 10940
3 272 985 1542
3 272 4865 985
3 272 1542 1493
3 272 1493 1551
3 272 1551 9643
3 272 9643 4865
3 273 5256 276
3 273 276 5407
3 273 5407 324
3 273 5255 5256
3 5399 274 275
3 5399 5260 274
3 278 275 5263
3 5397 275 278
3 5263 275 5210
3 5399 275 5397
3 277 276 5261
3 277 5407 276
3 5261 276 5256
3 277 5261 5260
3 277 5260 5410
3 277 5674 5407
3 277 5410 5674
3 327 377 278
3 327 278 5329
3 5397 278 377
3 278 5263 5329
3 4402 7524 279
3 4402 279 9080
3 279 9900 6827
3 279 6827 12543
3 7524 11263 279
3 9080 279 12543
3 11263 9900 279
3 326 280 5403
3 5332 329 280
3 329 5403 280
3 2769 5332 280
3 3644 9459 281
3 3644 281 12700
3 281 12251 5347
3 281 5347 12700
3 281 9459 12251
3 283 282 5648
3 283 5855 282
3 342 420 282
3 342 282 5270
3 282 420 5648
3 282 5855 5270
3 283 5272 5855
3 283 5648 5356
3 284 285 5275
3 284 5473 285
3 284 5481 5473
3 285 286 5278
3 285 5473 286
3 286 422 287
3 286 287 5278
3 286 5473 422
3 287 422 289
3 287 289 5282
3 290 436 288
3 290 288 5280
3 345 398 288
3 345 288 431
3 288 398 5280
3 288 436 431
3 289 429 353
3 353 5282 289
3 289 422 428
3 289 428 429
3 299 363 290
3 299 290 5281
3 436 290 363
3 290 5280 5281
3 291 437 373
3 291 373 5299
3 291 554 437
3 291 5648 554
3 291 5299 5356
3 291 5356 5648
3 364 5266 292
3 12238 364 292
3 5928 292 5266
3 5928 12708 292
3 12238 292 12708
3 294 293 356
3 294 5289 293
3 440 293 305
3 5289 305 293
3 356 293 441
3 441 293 440
3 294 356 306
3 295 306 356
3 295 356 5360
3 5291 295 5292
3 295 5360 5292
3 296 5291 5292
3 296 5292 5353
3 5295 5293 296
3 5295 296 5353
3 5294 5293 297
3 5295 297 5293
3 5296 5294 297
3 5295 5363 297
3 5307 5296 297
3 5307 297 5369
3 297 5363 5369
3 298 334 5339
3 298 5346 334
3 298 5335 5338
3 298 5339 5335
3 298 5338 5340
3 298 5340 5346
3 308 299 5297
3 308 5377 299
3 299 5377 363
3 299 5281 5297
3 311 5335 300
3 311 300 5337
3 300 333 5337
3 5438 333 300
3 300 5335 12279
3 5438 300 5336
3 300 12279 5336
3 301 353 359
3 5282 353 301
3 301 359 365
3 301 5287 5282
3 302 354 5365
3 302 5373 354
3 5313 302 5233
3 302 5357 5233
3 5313 5373 302
3 302 5365 5357
3 3326 2826 303
3 303 2826 11053
3 3326 303 5301
3 11885 5301 303
3 11469 303 11053
3 11885 303 11469
3 314 313 304
3 5375 304 313
3 5315 304 366
3 5375 366 304
3 5315 5228 304
3 316 368 305
3 5317 316 305
3 368 440 305
3 5289 5317 305
3 5307 362 307
3 5307 307 5296
3 309 308 5311
3 309 5377 308
3 373 358 309
3 309 358 5381
3 309 5311 373
3 309 5381 5377
3 310 365 447
3 5378 310 438
3 310 5495 438
3 310 447 5495
3 311 331 5338
3 311 5430 331
3 311 5338 5335
3 311 5337 5430
3 5375 313 312
3 5366 5489 312
3 5375 312 5489
3 318 313 314
3 367 315 366
3 5315 366 315
3 367 450 315
3 5316 315 450
3 5243 316 5317
3 5243 5857 316
3 5190 317 5325
3 371 320 319
3 320 5254 319
3 371 319 5316
3 371 5503 320
3 376 5395 320
3 376 320 5503
3 5395 5254 320
3 372 321 322
3 321 5324 322
3 372 456 321
3 456 5498 321
3 372 322 324
3 361 323 5388
3 361 5405 323
3 372 324 5509
3 5509 324 5407
3 6698 3977 325
3 325 5453 6696
3 12918 5453 325
3 6698 325 6696
3 326 5403 5402
3 327 374 377
3 327 5389 374
3 327 5329 5389
3 11980 328 9659
3 9659 328 12200
3 11573 10816 328
3 10816 12200 328
3 11573 328 11781
3 11980 11781 328
3 5332 330 329
3 329 330 5518
3 329 5515 5403
3 329 5518 5515
3 380 330 5334
3 380 11948 330
3 5334 330 5332
3 11948 5518 330
3 5338 331 5341
3 331 5429 5341
3 331 5419 5429
3 5430 5419 331
3 8463 332 338
3 338 332 12279
3 406 5336 332
3 5447 406 332
3 332 5336 12279
3 8463 5447 332
3 5421 5337 333
3 5428 5421 333
3 5428 333 5435
3 5438 5435 333
3 340 5348 334
3 340 334 10995
3 5348 5339 334
3 334 5346 10995
3 5341 335 5340
3 5343 5340 335
3 5437 335 5341
3 5344 5343 335
3 4781 5342 336
3 5441 4781 336
3 5344 336 5342
3 5344 8515 336
3 5441 336 5433
3 8515 5433 336
3 337 956 6322
3 6807 956 337
3 337 6322 1083
3 6810 337 1083
3 6810 6807 337
3 338 5339 5348
3 338 12279 5339
3 7820 338 5348
3 7820 8463 338
3 5346 339 10995
3 7982 339 5444
3 7982 11975 339
3 11975 10995 339
3 340 5349 5348
3 340 13249 5349
3 340 10995 10851
3 340 10851 13249
3 6899 4669 341
3 4669 12405 341
3 6899 341 12701
3 6901 9513 341
3 6901 341 12405
3 341 9513 12701
3 398 345 342
3 342 345 5646
3 342 5270 398
3 342 5646 420
3 343 1944 1945
3 343 8206 1944
3 8212 343 1945
3 343 7386 7932
3 8212 7386 343
3 343 7932 8206
3 344 5352 5353
3 344 5354 5352
3 5362 344 5353
3 344 5469 5354
3 5467 344 5362
3 5467 5469 344
3 345 431 552
3 345 552 5646
3 3116 346 9458
3 3116 13435 346
3 346 12703 9458
3 9503 12703 346
3 9503 346 13435
3 3787 5626 347
3 3787 347 12939
3 5284 12939 347
3 5284 347 12948
3 5626 12948 347
3 5357 5365 348
3 5366 5357 348
3 5476 348 5365
3 5850 5366 348
3 5477 348 5476
3 5850 348 5477
3 354 349 5365
3 5485 349 354
3 5476 5365 349
3 5476 349 5475
3 5484 5475 349
3 5485 5484 349
3 2090 3994 350
3 2090 350 5157
3 3888 5157 350
3 8666 3888 350
3 12238 350 3994
3 8666 350 12708
3 12238 12708 350
3 548 5638 351
3 548 351 5652
3 5360 351 5362
3 5360 5652 351
3 5467 5362 351
3 5467 351 5638
3 352 5363 5364
3 5369 5363 352
3 352 5364 5479
3 5370 5369 352
3 5643 5370 352
3 5643 352 5479
3 439 359 353
3 429 430 353
3 439 353 430
3 5373 5374 354
3 5485 354 5374
3 355 426 5810
3 5850 426 355
3 5490 355 549
3 5811 549 355
3 5490 5850 355
3 5811 355 5810
3 356 441 5652
3 5360 356 5652
3 442 362 357
3 5307 357 362
3 436 442 357
3 436 357 5370
3 5307 5369 357
3 5370 357 5369
3 358 373 437
3 358 437 5825
3 358 667 5662
3 358 5825 667
3 5381 358 5662
3 448 365 359
3 444 359 439
3 448 359 444
3 444 439 360
3 439 5374 360
3 444 360 5382
3 5373 360 5374
3 457 380 361
3 380 5405 361
3 5393 457 361
3 5393 361 5388
3 442 445 362
3 363 442 436
3 363 446 442
3 5377 446 363
3 4954 12957 364
3 4954 364 13171
3 12957 5266 364
3 12238 13171 364
3 448 447 365
3 366 9553 367
3 9553 366 5375
3 564 450 367
3 5664 564 367
3 5664 367 9553
3 368 5659 440
3 368 5498 5659
3 369 565 446
3 5381 369 446
3 369 5831 565
3 5381 5662 369
3 369 5662 5831
3 3892 12716 370
3 13181 3892 370
3 4092 370 3996
3 13175 3996 370
3 13181 370 4092
3 13175 370 12716
3 371 5316 450
3 371 450 5830
3 371 5830 5503
3 372 8103 456
3 372 5509 8103
3 373 5311 5299
3 377 374 5510
3 5389 5500 374
3 5500 5833 374
3 5833 5510 374
3 375 5113 404
3 375 404 5401
3 454 5113 375
3 454 375 6023
3 375 5401 459
3 6023 375 459
3 569 376 5503
3 569 5507 376
3 376 5393 5395
3 376 5507 5393
3 5397 377 5513
3 377 5510 5513
3 5513 460 378
3 460 11319 378
3 5399 5397 378
3 5397 5513 378
3 5399 378 5410
3 5410 378 11319
3 3237 3484 379
3 11998 3237 379
3 379 3484 4582
3 379 4582 11819
3 379 11819 11816
3 11998 379 11816
3 2171 380 457
3 2171 11948 380
3 380 5334 5405
3 381 570 5672
3 381 5674 570
3 381 5509 5407
3 381 5407 5674
3 381 5672 5509
3 3789 382 6876
3 3789 8999 382
3 5586 6876 382
3 5586 382 12725
3 12491 382 8999
3 12491 12725 382
3 459 5401 383
3 5842 459 383
3 461 383 5515
3 5842 383 461
3 5512 383 5401
3 5512 5515 383
3 384 389 5413
3 384 5556 389
3 384 5553 486
3 384 486 5556
3 384 5413 5565
3 5723 5553 384
3 5723 384 5565
3 385 388 395
3 385 5413 388
3 385 395 5574
3 385 5565 5413
3 385 5574 5565
3 12725 386 623
3 623 386 12727
3 386 12368 3704
3 386 3704 12727
3 12491 12368 386
3 12491 386 12725
3 891 6204 387
3 11634 891 387
3 6200 387 5978
3 11832 5978 387
3 11634 387 6200
3 6204 11832 387
3 388 5413 389
3 388 389 5567
3 388 514 395
3 388 515 514
3 388 5567 515
3 389 5556 499
3 389 499 5567
3 5405 5334 390
3 397 391 394
3 5417 394 391
3 397 396 391
3 396 5580 391
3 5416 5417 391
3 5416 391 5580
3 500 489 392
3 5416 392 489
3 500 392 5576
3 516 5576 392
3 516 392 5580
3 5416 5580 392
3 5417 489 393
3 5558 393 489
3 492 393 491
3 491 393 5561
3 5417 393 492
3 5558 5561 393
3 397 394 5577
3 5417 492 394
3 492 5569 394
3 5569 5577 394
3 395 514 518
3 5942 395 518
3 5942 5574 395
3 521 396 397
3 525 396 521
3 525 5585 396
3 396 5585 5580
3 522 521 397
3 522 397 5577
3 398 5270 5269
3 398 5269 5280
3 5418 399 11344
3 12260 399 5418
3 5419 399 5429
3 5419 11344 399
3 5437 5429 399
3 12260 5437 399
3 5420 400 661
3 11377 661 400
3 5423 400 5420
3 5423 6184 400
3 6184 5591 400
3 11233 400 5591
3 11233 11377 400
3 5421 401 5337
3 5430 5337 401
3 5422 401 5421
3 5422 6184 401
3 5430 401 8845
3 6184 8845 401
3 528 402 5601
3 528 13554 402
3 5422 5421 402
3 402 5421 5428
3 5422 402 13554
3 402 5428 5436
3 5601 402 5436
3 5425 5426 403
3 5425 403 9335
3 5426 5594 403
3 403 5594 5595
3 403 5595 10127
3 403 10127 9335
3 5391 404 5113
3 5267 404 5265
3 5391 5265 404
3 5267 5401 404
3 5435 405 5436
3 5435 5439 405
3 5604 5436 405
3 5610 405 5439
3 5607 5604 405
3 5610 5607 405
3 5447 409 406
3 406 409 7541
3 5438 5336 406
3 5438 406 5439
3 406 7541 5439
3 5440 407 5441
3 5609 407 5440
3 5441 407 5445
3 5445 407 5449
3 5612 5449 407
3 5609 5612 407
3 5445 408 4781
3 5308 408 5450
3 5308 11264 408
3 5445 5450 408
3 5447 12252 409
3 5619 7541 409
3 12252 5619 409
3 5449 410 5450
3 5615 410 5449
3 12202 5450 410
3 5615 5618 410
3 12218 410 5618
3 12218 12202 410
3 411 432 2060
3 411 4881 432
3 411 2060 1987
3 411 1987 7587
3 411 4913 4881
3 411 7587 4913
3 412 5570 481
3 412 481 12736
3 12306 5570 412
3 8108 412 5573
3 412 12736 5573
3 8108 12306 412
3 6603 6150 413
3 6150 7091 413
3 6603 413 12302
3 12962 413 7091
3 413 8336 12302
3 12962 8336 413
3 12062 2438 414
3 12283 414 2438
3 12062 414 6180
3 6180 414 12704
3 6555 414 12283
3 6555 12704 414
3 415 5734 2153
3 415 2153 6308
3 3002 5734 415
3 3002 415 5737
3 415 10861 5737
3 415 6308 10861
3 5629 1672 416
3 11001 416 1672
3 5629 416 8826
3 10998 8826 416
3 10514 10998 416
3 11001 10514 416
3 547 417 5638
3 5803 417 547
3 5467 417 5469
3 5467 5638 417
3 417 5634 5469
3 5803 5634 417
3 418 5354 5469
3 418 5470 5354
3 418 5469 5634
3 418 5635 5470
3 418 5634 5635
3 419 551 5479
3 5812 551 419
3 419 5479 5470
3 419 5470 5635
3 5807 419 5635
3 5812 419 5807
3 420 666 554
3 420 554 5648
3 420 5817 666
3 420 5646 5817
3 427 421 5481
3 427 6005 421
3 5473 5481 421
3 5649 5473 421
3 5649 421 5820
3 5820 421 6005
3 5649 428 422
3 5649 422 5473
3 423 11627 3396
3 423 3396 12027
3 423 3491 11627
3 423 12448 3491
3 423 12027 6272
3 423 6272 12448
3 424 561 5546
3 11029 561 424
3 3239 424 3146
3 424 5546 3146
3 3239 5528 424
3 5528 11029 424
3 546 425 5636
3 546 5637 425
3 425 5476 5475
3 425 5475 5636
3 5477 5476 425
3 5477 425 5637
3 5477 5637 426
3 5850 5477 426
3 5637 5810 426
3 438 427 433
3 433 427 5481
3 559 427 438
3 559 6005 427
3 556 429 428
3 555 556 428
3 5649 555 428
3 429 5486 430
3 556 5486 429
3 439 430 5374
3 5485 5374 430
3 5486 5485 430
3 431 436 5370
3 431 5643 552
3 431 5370 5643
3 2060 432 4555
3 432 2061 2069
3 432 4881 2061
3 432 2069 4555
3 5378 438 433
3 6872 473 434
3 12733 434 473
3 3900 2303 434
3 2303 4907 434
3 3900 434 5584
3 6872 434 4907
3 12733 5584 434
3 468 4736 435
3 468 435 4880
3 435 4786 498
3 435 498 4880
3 435 4736 4787
3 435 4787 4786
3 5825 437 554
3 559 438 5495
3 441 440 5822
3 6001 440 5659
3 6001 5822 440
3 441 5653 5652
3 441 5822 5653
3 446 445 442
3 4105 443 588
3 443 4458 588
3 5790 443 4105
3 5154 4458 443
3 5154 443 9239
3 5790 9239 443
3 449 448 444
3 449 444 5382
3 445 446 565
3 445 565 453
3 5500 445 453
3 5381 446 5377
3 448 566 447
3 563 447 566
3 563 5495 447
3 448 449 567
3 448 567 566
3 454 567 449
3 454 449 5113
3 564 5830 450
3 529 4418 451
3 4426 451 4297
3 451 12421 4297
3 4418 12421 451
3 568 452 456
3 456 452 5498
3 568 676 452
3 452 676 671
3 452 671 5659
3 452 5659 5498
3 453 565 674
3 453 674 677
3 5833 453 677
3 5500 453 5833
3 454 675 567
3 454 6023 675
3 569 5503 455
3 569 455 5835
3 673 455 5830
3 673 6248 455
3 5503 5830 455
3 6248 5835 455
3 568 456 8103
3 2171 457 5837
3 5393 5507 457
3 5837 457 5507
3 5833 677 458
3 677 11543 458
3 7946 458 3632
3 11543 3632 458
3 5833 458 5510
3 5510 458 7946
3 5842 4249 459
3 6023 459 4249
3 5513 7946 460
3 5840 460 5676
3 7946 5676 460
3 5840 11319 460
3 461 5518 462
3 461 462 5679
3 461 5515 5518
3 461 5679 13207
3 5842 461 13207
3 11948 462 5518
3 5845 5679 462
3 5845 462 11948
3 464 465 463
3 464 463 12144
3 463 465 5521
3 463 5521 5680
3 463 5680 11306
3 463 11306 12144
3 5687 465 464
3 5533 464 472
3 472 464 12144
3 5533 5534 464
3 5687 464 5534
3 703 465 5687
3 703 8180 465
3 465 8054 5521
3 8180 8054 465
3 3619 466 840
3 466 9300 840
3 3619 6161 466
3 4435 466 5196
3 4435 9300 466
3 466 6161 5196
3 474 4513 467
3 474 467 12134
3 467 2950 5537
3 5682 2950 467
3 4513 12061 467
3 12134 467 5537
3 5682 467 12061
3 468 4882 4736
3 468 4880 11796
3 7618 4882 468
3 7618 468 11796
3 470 2847 469
3 5688 470 469
3 469 573 574
3 469 2847 573
3 469 574 575
3 5688 469 575
3 470 5539 2847
3 5531 5540 470
3 5531 470 5688
3 470 5540 5539
3 706 578 471
3 578 5689 471
3 706 471 5688
3 5531 471 5541
3 5531 5688 471
3 5541 471 5689
3 5533 472 477
3 477 472 5543
3 472 12144 5543
3 6872 5581 473
3 7880 473 5581
3 7880 6403 473
3 12733 473 6403
3 474 5522 4513
3 474 5545 5522
3 474 12133 5545
3 474 12134 12133
3 12231 475 4914
3 12965 4914 475
3 6872 475 5581
3 12963 5581 475
3 12965 475 6872
3 12231 12963 475
3 5531 476 5540
3 5531 5541 476
3 476 5549 5540
3 5541 5550 476
3 476 5701 5549
3 476 5550 5701
3 4596 5693 477
3 4596 477 5695
3 5533 477 5693
3 477 5543 5695
3 478 12119 5543
3 478 5543 12144
3 478 5545 5698
3 478 11306 5545
3 478 5698 12119
3 478 12144 11306
3 479 481 12732
3 479 12736 481
3 479 12732 13194
3 13197 12736 479
3 479 13194 13471
3 13197 479 13198
3 479 13471 13198
3 480 4894 2360
3 480 2360 13199
3 13197 4894 480
3 480 5573 12736
3 480 13199 5573
3 13197 480 12736
3 3706 481 5570
3 3706 12732 481
3 482 994 1059
3 482 13159 994
3 482 1059 6653
3 482 6653 4086
3 9757 482 4086
3 9757 13159 482
3 5708 483 5547
3 12134 5547 483
3 5906 483 5708
3 9617 483 5906
3 10177 483 9617
3 10177 12134 483
3 10163 484 505
3 484 11745 505
3 1250 2061 484
3 4839 1250 484
3 2061 11745 484
3 4839 484 10163
3 545 4534 485
3 545 485 12664
3 4422 4419 485
3 4419 12664 485
3 4422 485 10381
3 4635 485 4534
3 4635 10381 485
3 486 591 5556
3 5709 591 486
3 5709 486 5553
3 487 499 5556
3 5925 499 487
3 729 487 591
3 487 5556 591
3 729 6125 487
3 5925 487 6127
3 487 6125 6127
3 697 3344 488
3 697 488 4887
3 13204 488 3344
3 4552 12739 488
3 13204 4552 488
3 4887 488 12739
3 500 5558 489
3 5416 489 5417
3 500 490 5558
3 5731 490 500
3 592 5558 490
3 592 490 6128
3 5731 5926 490
3 6128 490 5926
3 5726 492 491
3 595 491 5561
3 5726 491 595
3 5726 5569 492
3 5726 595 493
3 595 6121 493
3 611 493 610
3 610 493 6131
3 5726 493 611
3 6131 493 6121
3 494 501 498
3 494 498 4786
3 501 494 4878
3 494 527 4878
3 494 7207 527
3 494 4786 4612
3 494 4612 7207
3 497 495 496
3 598 496 495
3 5562 495 497
3 598 495 597
3 5733 597 495
3 5733 495 5562
3 497 496 5713
3 600 496 598
3 600 5714 496
3 496 5714 5713
3 5562 497 506
3 506 497 5722
3 497 5713 5722
3 498 501 4880
3 1994 5567 499
3 1994 499 5925
3 5731 500 5576
3 501 4878 13094
3 501 13402 4880
3 501 13094 13402
3 502 517 510
3 502 510 5716
3 5578 517 502
3 5578 502 5571
3 5571 502 5719
3 502 5716 5719
3 5141 7519 503
3 5141 503 11302
3 7519 5459 503
3 5459 12731 503
3 11302 503 11480
3 12731 11480 503
3 530 504 2431
3 530 12743 504
3 504 8841 2431
3 13478 8841 504
3 13204 504 12743
3 13478 504 13204
3 4785 505 520
3 13282 520 505
3 10163 505 4785
3 13282 505 11745
3 618 506 628
3 5562 506 618
3 5736 628 506
3 5736 506 5722
3 607 507 513
3 5574 513 507
3 507 607 608
3 5723 507 608
3 5574 507 5565
3 5723 5565 507
3 3902 12086 508
3 3902 508 12745
3 508 12086 12083
3 508 12083 13377
3 12745 508 12504
3 508 13377 12504
3 611 603 509
3 5732 509 603
3 611 509 5569
3 616 5583 509
3 616 509 5732
3 509 5577 5569
3 509 5583 5577
3 510 517 5740
3 510 616 5732
3 510 5740 616
3 510 5732 5716
3 511 605 617
3 5571 605 511
3 511 617 626
3 511 626 625
3 5578 511 625
3 5578 5571 511
3 512 2397 2402
3 512 3799 2397
3 12745 512 2402
3 9498 3799 512
3 9498 512 12504
3 12745 12504 512
3 513 614 607
3 6151 614 513
3 5942 513 5574
3 5942 6151 513
3 514 515 5749
3 5946 518 514
3 5946 514 5749
3 5575 515 5567
3 5575 5749 515
3 622 5576 516
3 622 516 5943
3 633 516 5585
3 633 5943 516
3 516 5580 5585
3 517 630 629
3 517 629 5740
3 5578 630 517
3 11914 5942 518
3 5946 9709 518
3 11914 518 9709
3 519 2200 4094
3 13189 2200 519
3 519 4094 4090
3 13187 519 4090
3 13188 519 13187
3 13189 519 13188
3 560 520 3686
3 4785 520 560
3 4912 3686 520
3 4912 520 13282
3 634 521 522
3 5756 525 521
3 634 5756 521
3 634 522 635
3 635 522 5583
3 522 5577 5583
3 523 1015 766
3 523 766 9816
3 11303 1015 523
3 523 9816 5298
3 523 5298 11119
3 11303 523 11119
3 7597 763 524
3 7618 524 763
3 1445 2916 524
3 524 11764 1445
3 7597 524 2916
3 11764 524 7618
3 5751 5585 525
3 5751 525 6169
3 6169 525 5756
3 526 661 11377
3 526 12512 661
3 526 12331 5757
3 526 5757 12512
3 526 11377 5758
3 526 5758 12331
3 527 540 4878
3 9191 540 527
3 7207 4660 527
3 9191 527 4660
3 528 5765 5592
3 528 5592 13554
3 528 5601 5602
3 528 5602 5765
3 529 4416 4418
3 529 4532 4416
3 529 10702 4532
3 530 2431 12747
3 530 12742 12502
3 530 12502 12743
3 530 12747 12742
3 531 593 3467
3 531 12192 593
3 12141 3150 531
3 3150 12192 531
3 531 3467 12191
3 12141 531 12191
3 532 572 3043
3 532 4293 572
3 532 3043 4536
3 12387 4293 532
3 532 4536 4421
3 12387 532 4421
3 534 533 643
3 534 5606 533
3 643 533 8721
3 8721 533 5599
3 12131 5599 533
3 5606 12131 533
3 534 643 7558
3 534 5609 5606
3 534 5611 5609
3 534 7558 5611
3 5608 5607 535
3 12120 535 5607
3 5608 535 5772
3 5968 5772 535
3 5968 535 9897
3 535 6768 9897
3 12120 6768 535
3 536 538 5615
3 536 5781 538
3 536 5612 5611
3 536 5611 5774
3 536 5615 5612
3 536 5774 5781
3 537 3905 12363
3 3905 537 12366
3 537 5566 6774
3 537 12363 5566
3 7050 537 6774
3 7050 12366 537
3 538 5618 5615
3 538 11837 5618
3 538 5781 5973
3 538 5973 11837
3 5616 5619 539
3 5619 8433 539
3 8427 539 12090
3 8433 12090 539
3 4876 7288 540
3 540 9206 4876
3 7288 4878 540
3 9206 540 9191
3 647 541 5472
3 647 8717 541
3 541 11274 5472
3 541 5727 5624
3 541 5624 11274
3 541 8717 5727
3 2131 1063 542
3 7134 542 1063
3 4838 2131 542
3 4838 542 10863
3 4909 10863 542
3 12592 4909 542
3 7134 12592 542
3 543 8422 5627
3 13335 543 5627
3 543 5728 5630
3 543 5630 8422
3 543 11983 5728
3 13335 11983 543
3 544 651 6009
3 544 11085 651
3 544 6009 5985
3 544 5985 11089
3 544 6219 11085
3 544 11089 6219
3 4415 545 12664
3 12832 545 4415
3 4629 4534 545
3 4629 545 12832
3 546 5636 13073
3 546 5809 5637
3 11561 5809 546
3 11561 546 13073
3 548 547 5638
3 6448 547 548
3 5803 547 5804
3 6448 5804 547
3 548 5652 5653
3 6415 548 5653
3 6415 6448 548
3 558 550 549
3 5490 549 550
3 558 549 776
3 5811 776 549
3 558 780 550
3 6004 550 780
3 5656 5490 550
3 5656 550 6004
3 552 551 553
3 552 5643 551
3 553 551 777
3 777 551 5812
3 5643 5479 551
3 553 5646 552
3 906 553 777
3 906 1030 553
3 5817 553 1030
3 5646 553 5817
3 5825 554 666
3 555 660 556
3 660 555 778
3 5820 778 555
3 5649 5820 555
3 556 660 5816
3 556 5816 5486
3 2436 5376 557
3 2436 557 12153
3 557 5376 12199
3 6862 557 10764
3 6862 12153 557
3 10764 557 12199
3 6229 558 776
3 558 6446 780
3 6229 1026 558
3 558 1026 6446
3 559 668 4166
3 559 5495 668
3 559 4166 6005
3 4783 560 1063
3 7134 1063 560
3 7134 560 3686
3 4783 4655 560
3 4785 560 4655
3 561 2967 10545
3 11025 2967 561
3 5546 561 10545
3 11029 11025 561
3 2135 562 2246
3 4733 562 2135
3 2246 562 11138
3 4838 562 4733
3 4838 10858 562
3 10858 11138 562
3 563 566 672
3 563 670 668
3 563 668 5495
3 563 672 670
3 673 564 788
3 673 5830 564
3 564 5828 788
3 5664 5828 564
3 5831 674 565
3 566 567 672
3 567 675 672
3 568 918 676
3 568 12082 918
3 568 8103 12082
3 569 978 5507
3 569 5835 978
3 5672 570 6028
3 11319 570 5674
3 5840 6028 570
3 5840 570 11319
3 5839 3632 571
3 11543 571 3632
3 5839 571 6258
3 6260 571 6018
3 6018 571 11543
3 6260 6258 571
3 572 4530 3043
3 12935 572 4293
3 4413 4530 572
3 12935 4413 572
3 573 5883 574
3 573 2847 5530
3 573 5530 2950
3 5682 573 2950
3 5682 5883 573
3 817 575 574
3 817 574 10575
3 10575 574 5883
3 706 5688 575
3 706 575 6074
3 6074 575 817
3 5534 577 576
3 6065 576 577
3 5687 5534 576
3 5878 5687 576
3 5878 576 6065
3 707 577 5887
3 707 6065 577
3 5888 577 5534
3 5888 5887 577
3 578 579 5689
3 578 6078 579
3 706 6075 578
3 578 6075 6078
3 579 581 5692
3 579 6080 581
3 579 5692 5689
3 579 6078 6080
3 580 3539 656
3 580 656 6302
3 580 3640 3453
3 580 3453 11755
3 580 11755 3539
3 580 6302 3640
3 710 581 821
3 710 5892 581
3 581 6080 821
3 581 5892 5692
3 582 584 9366
3 9701 584 582
3 9701 582 6383
3 6383 582 12094
3 12515 582 9366
3 12515 12094 582
3 583 1450 612
3 10854 583 612
3 583 4780 1450
3 1700 10137 583
3 10854 1700 583
3 583 10137 4780
3 584 588 9366
3 584 13216 588
3 3906 584 9701
3 3906 13216 584
3 585 11868 5903
3 585 5903 12982
3 585 9617 5905
3 585 5905 11868
3 585 10177 9617
3 585 12982 10177
3 586 5551 5700
3 586 5708 5551
3 5702 586 5700
3 5702 5899 586
3 5907 5708 586
3 5899 5907 586
3 5549 5701 587
3 5549 587 5702
3 5701 6089 587
3 5898 5702 587
3 5898 587 6091
3 587 6089 6091
3 4105 588 13216
3 9366 588 4458
3 4400 589 725
3 725 589 5852
3 793 4170 589
3 4400 793 589
3 13364 589 4170
3 13364 5852 589
3 590 1145 4567
3 6720 1145 590
3 590 4567 3281
3 3281 5651 590
3 4442 590 5651
3 4442 12055 590
3 12055 6720 590
3 729 591 728
3 5709 728 591
3 592 5561 5558
3 592 6120 5561
3 592 6119 6120
3 592 6128 6119
3 593 7348 3467
3 593 7275 7348
3 593 11979 7275
3 12192 11979 593
3 3409 594 3387
3 13215 3387 594
3 3409 5466 594
3 4186 594 5466
3 4186 13487 594
3 13487 13215 594
3 595 5561 6120
3 595 6120 6121
3 596 3912 4827
3 596 11761 3912
3 596 4004 12773
3 596 13234 4004
3 596 4827 13234
3 596 12773 11761
3 598 597 735
3 5733 613 597
3 597 613 6134
3 597 6134 735
3 600 598 852
3 598 735 852
3 2176 3724 599
3 3920 2176 599
3 12344 599 3724
3 3920 599 12792
3 12793 599 12344
3 12792 599 12793
3 600 852 853
3 600 853 854
3 600 854 5714
3 608 607 601
3 5713 601 607
3 726 608 601
3 726 601 6336
3 854 601 5714
3 854 6336 601
3 5713 5714 601
3 738 602 5717
3 6138 602 738
3 5923 602 858
3 858 602 6138
3 5715 5717 602
3 5923 5715 602
3 611 610 603
3 738 603 610
3 738 5717 603
3 5717 5732 603
3 734 605 604
3 604 605 5719
3 734 604 733
3 5923 733 604
3 5715 604 5719
3 5923 604 5715
3 734 617 605
3 5571 5719 605
3 3584 606 4159
3 12040 606 3584
3 3778 4159 606
3 3778 606 12457
3 12040 12039 606
3 12039 12457 606
3 5722 607 614
3 5722 5713 607
3 726 5724 608
3 5723 608 5724
3 4423 704 609
3 10587 609 704
3 4423 609 7472
3 609 12219 7472
3 10587 12329 609
3 609 12329 12219
3 738 610 732
3 732 610 6131
3 5726 611 5569
3 612 641 4874
3 612 8656 641
3 1450 8656 612
3 10854 612 4874
3 5733 745 613
3 613 745 6143
3 6134 613 6140
3 613 6143 6140
3 5736 614 746
3 746 614 6151
3 5736 5722 614
3 1632 615 13014
3 1632 13016 615
3 10955 12566 615
3 13016 10955 615
3 13014 615 12566
3 616 624 5583
3 616 5740 624
3 5934 626 617
3 739 617 734
3 5934 617 739
3 618 628 627
3 618 627 745
3 5733 618 745
3 5733 5562 618
3 3829 619 12805
3 13030 619 3829
3 4135 619 4022
3 13030 4022 619
3 4135 13286 619
3 619 13286 12805
3 747 620 621
3 5575 621 620
3 636 5749 620
3 6162 636 620
3 747 6162 620
3 5575 620 5749
3 747 621 6144
3 1994 2037 621
3 1994 621 5575
3 2037 6144 621
3 5731 5576 622
3 5738 5731 622
3 5738 622 5936
3 622 5943 5936
3 623 5588 3995
3 12726 623 3995
3 623 12727 5588
3 12725 623 12726
3 750 624 629
3 624 5740 629
3 624 635 5583
3 624 6155 635
3 750 6155 624
3 744 625 626
3 754 630 625
3 5578 625 630
3 754 625 744
3 870 744 626
3 5934 870 626
3 627 628 753
3 627 9547 745
3 627 753 9547
3 6149 753 628
3 5736 6149 628
3 755 629 630
3 755 750 629
3 755 630 754
3 1691 12806 631
3 1691 631 13287
3 12161 3927 631
3 13287 631 3927
3 12580 12161 631
3 12580 631 12806
3 632 4226 3568
3 632 3568 11928
3 632 4336 4226
3 632 4345 4336
3 632 11790 4345
3 632 11928 11790
3 633 5751 873
3 633 873 5943
3 633 5585 5751
3 634 635 6170
3 634 6168 5756
3 634 6170 6168
3 635 6155 6170
3 756 636 6162
3 756 9709 636
3 5946 5749 636
3 5946 636 9709
3 637 6323 1901
3 12582 637 1901
3 637 3637 6323
3 9648 3637 637
3 9648 637 3928
3 12582 3928 637
3 12810 638 4025
3 13036 4025 638
3 8884 638 12585
3 13036 638 8884
3 12810 12585 638
3 639 5758 11937
3 12429 5758 639
3 639 5762 5954
3 639 11937 5762
3 12429 639 5954
3 640 881 5955
3 640 11846 881
3 640 5947 11846
3 640 12118 5947
3 640 5955 5949
3 640 5949 12118
3 6073 4874 641
3 5953 641 5993
3 6073 641 5953
3 5993 641 8656
3 642 5768 5772
3 10355 5768 642
3 642 5772 11843
3 6182 5963 642
3 10355 642 5963
3 6182 642 11843
3 643 9644 7558
3 643 8721 12013
3 643 12013 9644
3 644 4024 646
3 644 646 12812
3 644 5504 4024
3 644 9545 5504
3 644 12197 9545
3 644 12812 12197
3 6189 645 5780
3 6768 5780 645
3 6189 6188 645
3 6188 8769 645
3 6768 645 9897
3 8769 9897 645
3 2694 646 13294
3 13552 646 2694
3 13294 646 4024
3 13552 12812 646
3 647 5979 4165
3 647 4165 6206
3 647 5472 12004
3 647 12004 5979
3 647 6206 8717
3 648 5785 5729
3 648 5729 11605
3 648 8988 5785
3 5975 9420 648
3 5975 648 11605
3 648 9420 8988
3 657 649 5086
3 657 10655 649
3 5058 12526 649
3 5058 649 12527
3 649 12526 5086
3 10655 12527 649
3 650 2965 652
3 5799 650 652
3 8361 2965 650
3 5799 11951 650
3 7305 8361 650
3 7305 650 11951
3 651 11967 6009
3 11587 8279 651
3 651 8279 11967
3 11587 651 11085
3 2965 6425 652
3 5799 652 7319
3 7319 652 6423
3 11393 6423 652
3 11393 652 6425
3 653 5801 5800
3 653 5800 5803
3 653 11086 5801
3 653 5803 5804
3 653 5804 11560
3 653 11560 11086
3 5807 654 5673
3 5673 654 6428
3 5802 5801 654
3 654 5801 6427
3 5807 5802 654
3 654 6427 6428
3 3542 3544 655
3 3542 655 3834
3 3544 12174 655
3 12821 3834 655
3 12371 655 12174
3 12371 12821 655
3 3539 12166 656
3 3732 6302 656
3 12197 3732 656
3 12345 656 12166
3 12197 656 12345
3 657 5086 5084
3 657 5084 5796
3 657 5796 12574
3 657 12574 10655
3 6432 658 775
3 658 12637 775
3 658 776 5811
3 6432 776 658
3 658 5810 5809
3 658 5809 12637
3 658 5811 5810
3 10122 659 690
3 10826 690 659
3 659 10838 4873
3 659 4873 10845
3 10122 10838 659
3 10826 659 10845
3 907 660 778
3 5988 660 907
3 660 1839 5816
3 5988 1839 660
3 5420 661 5587
3 12512 5587 661
3 6841 662 9469
3 6841 12065 662
3 662 8686 9469
3 662 9657 8686
3 662 12290 9657
3 12065 12290 662
3 908 778 663
3 5820 663 778
3 908 663 784
3 5821 784 663
3 5821 663 4166
3 4166 663 6005
3 5820 6005 663
3 781 4493 664
3 5822 781 664
3 4340 664 4493
3 4340 6415 664
3 664 5653 5822
3 6415 5653 664
3 10808 665 682
3 12973 682 665
3 961 665 5053
3 961 12973 665
3 665 12937 5053
3 10808 12551 665
3 12551 12937 665
3 5825 666 786
3 6235 786 666
3 6235 666 5817
3 5825 786 667
3 6242 667 786
3 6014 5662 667
3 6242 6014 667
3 5821 668 670
3 5821 4166 668
3 669 2312 5605
3 12728 2312 669
3 669 7766 3060
3 12728 669 3060
3 7534 669 5605
3 7534 7766 669
3 6015 670 672
3 5821 670 6241
3 6015 6241 670
3 910 671 676
3 6008 671 910
3 6001 5659 671
3 6008 6001 671
3 6015 672 675
3 673 788 6245
3 673 6245 6248
3 6018 677 674
3 5831 789 674
3 789 6018 674
3 6015 675 790
3 791 910 676
3 791 676 918
3 6018 11543 677
3 4834 678 1450
3 1450 678 8656
3 678 1463 4872
3 9151 1463 678
3 4834 9151 678
3 678 4872 8656
3 679 917 1043
3 679 5835 917
3 679 1739 978
3 679 978 5835
3 679 1043 1044
3 679 1044 1739
3 794 680 1045
3 794 6028 680
3 1045 680 6259
3 5840 680 6028
3 792 6021 681
3 792 681 6469
3 6021 5846 681
3 6030 681 5846
3 6030 6469 681
3 12594 682 5052
3 12971 5052 682
3 12594 10808 682
3 12973 12971 682
3 685 3824 683
3 5847 685 683
3 5862 683 698
3 5863 698 683
3 3824 11926 683
3 5847 683 5862
3 5863 683 11926
3 684 4922 5588
3 684 13191 4922
3 12727 684 5588
3 9228 684 12727
3 9228 12730 684
3 12730 13191 684
3 6033 3824 685
3 5847 5848 685
3 5848 6033 685
3 798 686 11209
3 798 11740 686
3 5849 686 5856
3 5849 6036 686
3 11740 5856 686
3 6036 11209 686
3 1119 7147 687
3 7151 1119 687
3 1396 687 7147
3 1396 10344 687
3 7151 687 9734
3 9734 687 10344
3 1781 4050 688
3 1781 688 9290
3 3070 688 2881
3 2881 688 4050
3 3070 5555 688
3 688 5555 5191
3 9290 688 5191
3 689 799 694
3 689 694 6054
3 689 6039 799
3 689 6048 6039
3 689 6053 6048
3 689 6054 6053
3 4871 690 1046
3 10826 1046 690
3 4870 690 4871
3 4870 10128 690
3 10128 10122 690
3 5856 691 5865
3 11740 691 5856
3 8339 691 5858
3 11740 5858 691
3 6669 5865 691
3 8339 6669 691
3 6222 9598 692
3 6928 692 12695
3 12695 692 9598
3 11248 693 4169
3 4169 693 12871
3 4522 4172 693
3 4172 12871 693
3 4522 693 11248
3 5869 699 694
3 6054 694 699
3 5854 694 799
3 5854 5869 694
3 5856 5865 695
3 11926 5856 695
3 5863 695 7007
3 5863 11926 695
3 5873 695 5865
3 5873 7007 695
3 696 12594 5075
3 696 5075 13516
3 696 5098 12594
3 696 12671 5098
3 696 12744 12671
3 696 13516 12744
3 697 2352 4099
3 697 4887 2352
3 697 4099 3344
3 10715 5862 698
3 5863 7007 698
3 8307 698 7007
3 10715 698 8307
3 11082 699 5869
3 6054 699 6058
3 6058 699 6282
3 6282 699 11082
3 700 763 796
3 700 4882 763
3 700 796 4842
3 700 2044 4736
3 700 4842 2044
3 700 4736 4882
3 701 707 939
3 701 6065 707
3 701 813 6065
3 701 6769 813
3 701 939 1065
3 701 1065 6769
3 6761 702 5992
3 11561 5992 702
3 6761 6221 702
3 6221 12637 702
3 11561 702 12637
3 703 5878 815
3 703 815 8180
3 703 5687 5878
3 4423 4537 704
3 10587 704 4531
3 4531 704 10618
3 704 4537 10618
3 12164 705 5028
3 705 13617 5028
3 12164 5059 705
3 13205 705 5059
3 13205 13221 705
3 13221 13617 705
3 706 6074 6075
3 707 708 939
3 707 5887 708
3 708 5887 709
3 708 709 6303
3 708 947 939
3 708 6303 947
3 709 823 6303
3 9170 823 709
3 709 5887 5891
3 9170 709 5891
3 710 821 949
3 710 949 6788
3 710 6306 5892
3 710 6788 6306
3 7868 2742 711
3 711 2742 10911
3 7868 711 11213
3 711 10911 13039
3 11213 711 13039
3 6093 827 712
3 6312 712 827
3 6090 5896 712
3 6093 712 5896
3 6312 6090 712
3 713 718 5908
3 713 6096 718
3 713 5899 5898
3 713 5898 6092
3 713 5908 5899
3 713 6092 6096
3 3602 5901 714
3 3602 714 11850
3 714 5901 5902
3 714 5902 5903
3 11868 714 5903
3 11850 714 11868
3 715 5906 5907
3 715 11874 5906
3 715 5907 5908
3 715 5908 5911
3 715 5911 10083
3 715 10083 10923
3 715 10923 11874
3 716 4557 5482
3 12026 4557 716
3 716 5482 6631
3 716 6624 5519
3 12026 716 5519
3 716 6631 6624
3 13152 717 5031
3 717 13576 5031
3 13195 5032 717
3 717 5032 13576
3 13149 717 13152
3 13149 13195 717
3 718 831 5911
3 718 6317 831
3 718 5911 5908
3 718 6096 6317
3 719 720 722
3 6105 720 719
3 719 722 5913
3 6105 719 956
3 6322 956 719
3 6322 719 5913
3 720 723 722
3 720 836 723
3 9927 836 720
3 6105 9927 720
3 13025 5029 721
3 5029 13026 721
3 13025 721 5030
3 5030 721 13112
3 13026 12182 721
3 12182 13112 721
3 722 723 6114
3 5913 722 6117
3 722 6114 6117
3 723 836 839
3 723 839 6111
3 723 6111 6114
3 6116 724 846
3 724 6117 846
3 724 5913 6117
3 6322 5913 724
3 6322 724 6116
3 1727 725 4172
3 1727 11066 725
3 725 5852 4172
3 11066 4400 725
3 726 969 6327
3 726 6336 969
3 726 6327 5724
3 13310 727 8477
3 8477 727 13381
3 13026 13212 727
3 13026 727 13310
3 13381 727 13212
3 856 729 728
3 848 728 847
3 5709 847 728
3 856 728 848
3 856 6125 729
3 730 895 6209
3 730 11427 895
3 730 6209 5725
3 730 5725 11602
3 730 6414 11427
3 730 11602 6414
3 849 6128 731
3 6848 849 731
3 5738 731 5926
3 6854 731 5738
3 731 6128 5926
3 6848 731 6854
3 6138 738 732
3 971 732 6131
3 971 6559 732
3 6138 732 6559
3 6333 734 733
3 5923 858 733
3 858 6562 733
3 6333 733 6562
3 739 734 6333
3 6326 852 735
3 6134 6136 735
3 6136 6326 735
3 857 984 736
3 857 736 6127
3 736 984 867
3 736 867 6144
3 736 2037 6127
3 736 6144 2037
3 737 4719 6396
3 6895 4719 737
3 737 6396 7188
3 6895 737 11173
3 737 7188 11172
3 11173 737 11172
3 979 739 6333
3 979 6341 739
3 5934 739 6341
3 932 3718 740
3 932 740 13310
3 4990 740 3718
3 4990 13056 740
3 13150 12182 740
3 12182 13310 740
3 13150 740 13056
3 762 4544 741
3 10080 762 741
3 11069 741 4544
3 10080 741 4833
3 10837 4833 741
3 11069 10837 741
3 866 742 993
3 6143 742 866
3 742 996 993
3 742 6353 996
3 6143 9547 742
3 9989 6353 742
3 9547 9989 742
3 743 5936 748
3 743 748 6572
3 743 5738 5936
3 743 6854 5738
3 6861 743 6572
3 6861 6854 743
3 754 744 751
3 744 6573 751
3 870 6573 744
3 6143 745 9547
3 746 6151 871
3 746 871 6357
3 5736 746 6149
3 6149 746 6357
3 747 869 878
3 747 6144 869
3 747 878 6162
3 748 5943 873
3 6363 748 873
3 748 5936 5943
3 6363 6572 748
3 749 4675 3088
3 5524 749 3088
3 13432 4675 749
3 5524 10930 749
3 13431 749 10930
3 13432 749 13431
3 875 750 755
3 875 6157 750
3 750 6157 6155
3 754 751 1001
3 1001 751 6367
3 6367 751 1119
3 751 6573 1119
3 4559 752 1017
3 752 11776 1017
3 4559 5625 752
3 5625 6581 752
3 6581 7571 752
3 752 7571 7573
3 752 7573 11776
3 6149 6358 753
3 6355 753 6358
3 6355 9989 753
3 9547 753 9989
3 755 754 1001
3 875 755 1001
3 756 6165 4112
3 11662 756 4112
3 756 6162 6165
3 11662 9709 756
3 1492 757 762
3 762 757 4544
3 1143 4544 757
3 4868 1143 757
3 1492 10815 757
3 10815 4868 757
3 5947 11418 758
3 11846 5947 758
3 6173 758 6375
3 6173 11846 758
3 6374 6375 758
3 6374 758 11418
3 5962 759 5769
3 759 10398 5769
3 11075 759 5962
3 6256 759 6386
3 6256 10398 759
3 11075 6386 759
3 760 5011 832
3 760 832 13221
3 760 13157 5011
3 760 13205 13157
3 760 13221 13205
3 761 5955 881
3 7073 761 881
3 761 10513 5955
3 761 5958 5956
3 761 5956 10513
3 11078 5958 761
3 7073 11078 761
3 1492 762 10078
3 8743 10078 762
3 8743 762 10080
3 7597 796 763
3 7618 763 4882
3 764 885 5967
3 11452 885 764
3 764 920 11452
3 764 11656 920
3 764 5967 5965
3 764 5965 11656
3 765 5966 5967
3 9621 5966 765
3 6185 765 5967
3 6401 765 6185
3 6401 6191 765
3 6191 9621 765
3 6404 766 1015
3 6193 5971 766
3 9816 766 5971
3 6404 6193 766
3 767 5973 5972
3 767 5972 11645
3 13625 5973 767
3 6197 11644 767
3 6197 767 11645
3 13625 767 11644
3 834 768 772
3 13230 772 768
3 834 12051 768
3 12263 768 12051
3 12263 12779 768
3 13230 768 12779
3 4049 1746 769
3 5071 769 1746
3 3150 769 9516
3 3150 13079 769
3 4049 769 13079
3 5071 9516 769
3 12699 1047 770
3 770 1047 13159
3 5033 770 13159
3 5033 13160 770
3 12699 770 9592
3 9592 770 13160
3 771 5985 1654
3 9056 771 1654
3 771 11089 5985
3 5986 7111 771
3 5986 771 9056
3 7111 11089 771
3 834 772 782
3 12534 782 772
3 12534 772 12903
3 13230 12903 772
3 5988 773 1839
3 773 5991 1839
3 6437 773 5988
3 773 13096 5991
3 6437 11077 773
3 773 11077 13096
3 6220 6761 774
3 10897 6220 774
3 774 6761 13096
3 10897 774 6939
3 6939 774 11077
3 774 13096 11077
3 6432 775 3475
3 6943 3475 775
3 6943 775 6221
3 775 12637 6221
3 6229 776 6432
3 906 777 905
3 905 777 3587
3 3587 777 5812
3 908 907 778
3 4508 779 2627
3 2627 779 13494
3 779 12136 3521
3 779 3521 13494
3 4508 13225 779
3 779 13220 12136
3 13225 13220 779
3 6004 780 6011
3 11000 6011 780
3 11000 780 6446
3 781 911 4493
3 781 6008 911
3 781 5822 6001
3 781 6001 6008
3 834 782 892
3 782 12978 892
3 12565 782 12534
3 782 12565 12978
3 838 783 1506
3 838 10815 783
3 10804 783 1492
3 1492 783 10815
3 10783 1506 783
3 10804 10783 783
3 1033 908 784
3 1033 784 1182
3 1035 1182 784
3 1035 784 6241
3 5821 6241 784
3 12829 785 787
3 787 785 13317
3 12830 3938 785
3 785 3938 13317
3 12829 5483 785
3 12830 785 5483
3 6235 6454 786
3 6242 786 6454
3 787 4793 4405
3 787 4405 13316
3 787 13317 4793
3 12829 787 13316
3 6239 788 5828
3 6239 6245 788
3 5831 6014 789
3 6243 789 6014
3 12431 6018 789
3 6243 12431 789
3 915 6015 790
3 915 790 6022
3 791 1037 910
3 791 918 6462
3 791 1039 1037
3 791 6462 1039
3 6022 6021 792
3 6257 6022 792
3 6257 792 13173
3 13173 792 6469
3 13630 4170 793
3 4281 793 11204
3 4281 13630 793
3 4400 11204 793
3 794 1045 1201
3 6254 794 1201
3 794 11197 6028
3 6254 11197 794
3 1204 6469 795
3 10907 1204 795
3 795 6469 6030
3 11128 795 6030
3 10907 795 7032
3 795 11748 7032
3 11128 11748 795
3 946 1974 796
3 7597 946 796
3 796 1974 4842
3 9349 797 6855
3 6855 797 12198
3 6856 797 9349
3 12284 797 6856
3 12198 797 12620
3 12284 12620 797
3 802 798 6268
3 802 11740 798
3 798 6484 6268
3 798 11209 6484
3 6039 801 799
3 6041 799 801
3 5854 799 6041
3 800 10183 5885
3 800 5885 10732
3 800 8355 10167
3 800 10732 8355
3 800 10167 10183
3 6039 6264 801
3 6263 6041 801
3 6263 801 6262
3 6264 6262 801
3 805 5858 802
3 6270 805 802
3 802 5858 11740
3 6270 802 6268
3 803 2655 5873
3 803 6286 2655
3 803 5873 6669
3 803 6669 11716
3 804 928 6048
3 804 6488 928
3 804 6053 933
3 804 933 6276
3 804 6048 6053
3 804 6276 6488
3 6060 805 806
3 6270 806 805
3 805 810 5858
3 6060 810 805
3 930 6060 806
3 930 806 11227
3 6487 806 6270
3 6487 11227 806
3 807 884 936
3 6183 884 807
3 807 936 11068
3 6390 807 11068
3 808 1592 814
3 808 814 6372
3 12089 1592 808
3 3664 808 9299
3 3664 12089 808
3 808 6372 9299
3 9301 3648 809
3 809 3648 12135
3 809 12135 5087
3 12181 809 5087
3 9301 809 6834
3 12181 6834 809
3 810 937 5858
3 810 6287 937
3 6061 810 6060
3 6061 6287 810
3 811 3301 2561
3 811 2561 9563
3 9844 3301 811
3 10125 811 9563
3 11655 9844 811
3 11655 811 10125
3 1708 5126 812
3 12828 1708 812
3 4375 812 5126
3 4375 6747 812
3 6747 6739 812
3 12828 812 6739
3 6065 813 6068
3 6068 813 6770
3 813 6769 6770
3 4247 814 1592
3 4028 6372 814
3 13564 4028 814
3 13564 814 4247
3 815 6505 941
3 815 941 8180
3 5878 6068 815
3 6068 6505 815
3 1741 1918 816
3 4281 1741 816
3 816 1918 4280
3 13628 816 4280
3 4281 816 13630
3 13630 816 13628
3 6074 817 1068
3 817 6783 1068
3 817 11512 6783
3 817 10575 11512
3 6056 818 1068
3 6074 1068 818
3 6056 7071 818
3 6075 6074 818
3 7067 6075 818
3 7067 818 7071
3 819 1290 1279
3 819 1279 4868
3 819 4564 1290
3 4867 4564 819
3 4867 819 10724
3 819 4868 10724
3 945 820 1070
3 945 6080 820
3 7067 1070 820
3 6078 6075 820
3 7067 820 6075
3 6080 6078 820
3 945 821 6080
3 945 6509 821
3 949 821 6509
3 2758 822 6441
3 2758 9426 822
3 4001 822 8967
3 4001 11862 822
3 5250 6441 822
3 5250 822 11862
3 822 9426 8967
3 823 6513 6123
3 823 6123 12522
3 823 12522 6303
3 9170 6513 823
3 6085 6306 824
3 6085 824 6514
3 6306 6792 824
3 824 7382 6514
3 824 6792 7380
3 824 7380 7382
3 825 4596 9312
3 825 10322 4596
3 6309 6088 825
3 6088 10322 825
3 6309 825 6090
3 6090 825 9312
3 828 6092 826
3 6521 828 826
3 826 6092 6091
3 6311 826 6091
3 6515 826 6311
3 6518 826 6515
3 6518 6521 826
3 6093 829 827
3 6525 827 829
3 6312 827 6517
3 6797 6517 827
3 6797 827 6525
3 1077 6104 828
3 1077 828 6521
3 828 6096 6092
3 828 6104 6096
3 6093 3602 829
3 6098 829 3602
3 6316 6525 829
3 5910 6100 830
3 11850 5910 830
3 6315 6098 830
3 6098 11850 830
3 6526 830 6100
3 6315 830 6526
3 955 1714 831
3 955 831 6317
3 10083 831 1714
3 5911 831 10083
3 5011 4986 832
3 4986 12383 832
3 832 12383 5824
3 13221 832 5824
3 6710 833 1189
3 833 6725 1189
3 6712 833 6710
3 6712 6726 833
3 833 7030 6725
3 833 6726 7030
3 3328 834 892
3 3328 12051 834
3 835 8494 5147
3 835 5147 11348
3 11458 8486 835
3 835 8486 12246
3 835 12246 8494
3 11458 835 11348
3 1082 839 836
3 1082 836 6534
3 6534 836 9927
3 837 4295 2949
3 837 2949 13413
3 3975 12906 837
3 3975 837 13413
3 837 13400 4295
3 837 12906 13400
3 838 1506 10726
3 10703 10724 838
3 10703 838 10726
3 838 10724 10815
3 1082 6815 839
3 839 6115 6111
3 839 6815 6115
3 3619 840 11836
3 4146 4857 840
3 9300 4146 840
3 4857 11836 840
3 4080 841 12915
3 4080 13408 841
3 12691 841 5694
3 13148 5694 841
3 12691 12915 841
3 13148 841 13408
3 1151 3454 842
3 1151 842 9429
3 3064 9429 842
3 3064 842 10529
3 842 3454 5686
3 842 5686 10529
3 3402 843 9160
3 11159 843 3402
3 9708 9160 843
3 9237 9708 843
3 9237 843 11159
3 2239 844 4290
3 2239 10962 844
3 4290 844 4322
3 8940 844 4318
3 844 10962 4318
3 844 6579 4322
3 8940 6579 844
3 5819 845 964
3 6543 964 845
3 5819 6117 845
3 845 6117 6114
3 6543 845 6114
3 963 846 965
3 963 6116 846
3 846 5819 965
3 846 6117 5819
3 848 847 6549
3 5709 5724 847
3 847 5724 6327
3 847 6327 6549
3 856 848 6832
3 848 6549 6830
3 848 6830 6832
3 849 6119 6128
3 849 6554 6119
3 849 6553 6554
3 6848 6553 849
3 11035 5880 850
3 11346 850 5880
3 8503 850 7299
3 11346 7299 850
3 11035 850 8503
3 971 851 1099
3 971 6131 851
3 1099 851 6556
3 851 6131 6121
3 851 6121 11335
3 6556 851 11335
3 852 968 853
3 852 6824 968
3 6326 6824 852
3 6547 854 853
3 853 968 6545
3 6547 853 6545
3 6547 6336 854
3 966 1507 855
3 966 855 10726
3 6024 855 1507
3 6024 1550 855
3 1550 10703 855
3 10703 10726 855
3 856 6126 6125
3 856 6832 6126
3 857 6847 984
3 857 6125 6126
3 857 6127 6125
3 857 6126 6847
3 858 6138 1101
3 858 1101 6562
3 859 5310 7536
3 859 12837 5310
3 5889 7537 859
3 5889 859 7617
3 859 7536 7617
3 859 7537 12837
3 4081 860 3881
3 5460 3881 860
3 4762 860 4081
3 4762 13153 860
3 5460 860 12917
3 13153 12917 860
3 6334 1093 861
3 861 1093 6821
3 6136 861 6326
3 6136 6334 861
3 6326 861 6822
3 6822 861 6821
3 974 6334 862
3 974 862 6345
3 6134 862 6136
3 862 6134 6140
3 6136 862 6334
3 6140 6345 862
3 863 4312 4436
3 863 4697 4312
3 863 4436 11823
3 863 11239 4697
3 863 5535 11239
3 863 11823 5535
3 6841 7036 864
3 6841 864 7436
3 7036 11451 864
3 7436 864 7253
3 864 9214 7253
3 11030 9214 864
3 11030 864 11451
3 865 5253 5706
3 7401 5253 865
3 5657 865 5706
3 5657 11013 865
3 7401 865 9010
3 865 7557 9010
3 865 11013 7557
3 866 993 989
3 6345 866 989
3 6140 6143 866
3 6140 866 6345
3 6144 867 869
3 867 6863 869
3 6853 867 984
3 6853 6863 867
3 4564 868 1290
3 4613 1290 868
3 11526 868 4564
3 10946 4613 868
3 4866 10946 868
3 4866 868 11526
3 878 869 6361
3 869 6863 6361
3 870 991 1115
3 870 6347 991
3 870 1115 6573
3 5934 6347 870
3 871 872 6577
3 11914 872 871
3 11914 871 6151
3 871 6577 6357
3 872 5814 3958
3 872 3958 6577
3 11662 5814 872
3 11662 872 11914
3 6171 873 5751
3 6363 873 6171
3 874 6877 1125
3 6881 874 1125
3 6157 874 6155
3 874 6170 6155
3 6157 6877 874
3 6370 6170 874
3 6881 6370 874
3 875 1001 1272
3 875 1272 6877
3 875 6877 6157
3 876 5040 3980
3 876 3980 12921
3 876 12917 5040
3 12462 12917 876
3 12462 876 12921
3 1002 877 1275
3 1002 4112 877
3 877 1122 1275
3 877 6368 1122
3 6165 877 4112
3 6165 6368 877
3 6165 6162 878
3 6165 878 6368
3 878 6361 6368
3 1124 879 6370
3 1124 6587 879
3 879 6169 6168
3 6370 879 6168
3 6172 6169 879
3 6172 879 6587
3 4365 11375 880
3 12071 4365 880
3 5025 880 4928
3 4928 880 11375
3 13238 880 5025
3 12071 880 13238
3 7073 881 11661
3 11846 11661 881
3 5824 882 4365
3 882 8506 4365
3 882 4929 10179
3 12383 4929 882
3 5824 12383 882
3 882 10179 8506
3 4560 883 1040
3 13507 1040 883
3 4560 3677 883
3 13379 883 3677
3 13379 13507 883
3 1111 936 884
3 6187 1111 884
3 6183 8300 884
3 6187 884 8300
3 6185 5967 885
3 6400 6185 885
3 8038 6400 885
3 6604 8038 885
3 6604 885 11452
3 3950 1113 886
3 6187 886 1113
3 3950 886 11654
3 6187 8300 886
3 8300 11123 886
3 11123 11654 886
3 6189 887 6188
3 6190 6188 887
3 6193 887 6189
3 6611 6190 887
3 6405 887 6193
3 6611 887 6405
3 6194 6110 888
3 6402 888 6110
3 6194 888 8669
3 8631 6195 888
3 6195 8669 888
3 8631 888 6402
3 6195 6613 889
3 6195 889 8669
3 889 6615 6198
3 889 6198 8669
3 6616 889 6613
3 6616 6615 889
3 4637 890 10280
3 12229 890 4637
3 11130 890 5279
3 5279 890 12229
3 8301 10280 890
3 11130 8301 890
3 1583 6204 891
3 1583 891 11146
3 10079 11146 891
3 10079 891 11634
3 11845 3328 892
3 11845 892 4983
3 4983 892 12978
3 1960 8284 893
3 8880 1960 893
3 6206 4165 893
3 893 4165 11613
3 6206 893 8284
3 8880 893 11613
3 3519 904 894
3 3948 894 904
3 5041 3519 894
3 3948 4091 894
3 894 4091 4157
3 5041 894 4157
3 2375 6209 895
3 2375 895 6630
3 6630 895 11287
3 11287 895 11427
3 896 1148 6634
3 896 6641 1148
3 2951 6424 896
3 2951 896 11601
3 6424 6641 896
3 11601 896 6634
3 6652 3968 897
3 10569 897 3968
3 897 6650 6431
3 897 6431 8273
3 10569 6650 897
3 6652 897 8273
3 2455 898 8363
3 2522 8363 898
3 11691 2522 898
3 11691 898 3745
3 899 943 3238
3 899 5851 943
3 899 3238 5305
3 899 5305 11019
3 899 11017 5851
3 899 11019 11017
3 900 6221 6220
3 11351 900 6220
3 6943 6221 900
3 7213 6943 900
3 7215 7213 900
3 7215 900 11351
3 7018 901 902
3 11086 902 901
3 6932 6427 901
3 11086 901 6427
3 6932 901 6933
3 7018 6933 901
3 1027 4171 902
3 11365 1027 902
3 7018 902 4171
3 11560 902 11086
3 11365 902 11560
3 1991 3011 903
3 5456 1991 903
3 3011 13154 903
3 5456 903 12468
3 903 6849 12468
3 13154 6849 903
3 2979 3948 904
3 8468 2979 904
3 8468 904 3519
3 6667 906 905
3 11060 905 3587
3 11060 6667 905
3 906 4808 1030
3 6667 4808 906
3 1031 907 908
3 1031 6958 907
3 6958 5988 907
3 1031 908 1033
3 909 1135 920
3 909 920 8963
3 909 1010 6903
3 909 11918 1010
3 909 6903 1135
3 909 8963 11918
3 6236 910 1037
3 6008 910 6236
3 4493 911 1036
3 6236 1036 911
3 6008 6236 911
3 1187 1038 912
3 6239 912 1038
3 4511 1187 912
3 11000 4511 912
3 6239 6011 912
3 11000 912 6011
3 913 6241 915
3 6723 913 915
3 1035 913 1194
3 1035 6241 913
3 6723 1194 913
3 1183 3992 914
3 1183 914 6455
3 914 3992 6243
3 914 6243 6242
3 914 6242 6454
3 6455 914 6454
3 915 6241 6015
3 6723 915 6022
3 917 6248 916
3 917 916 6732
3 916 6248 6245
3 916 6245 6459
3 916 6459 6989
3 916 6989 6732
3 917 6732 1043
3 917 5835 6248
3 6254 6465 918
3 6254 918 12082
3 918 6465 6462
3 919 921 6461
3 919 7282 921
3 919 6461 1195
3 919 1195 7267
3 919 7267 10761
3 919 10761 7282
3 1135 11452 920
3 11464 8963 920
3 11464 920 11656
3 921 5350 6258
3 921 7282 5350
3 6260 921 6258
3 6461 921 6260
3 1203 6259 922
3 7279 1203 922
3 5350 922 6258
3 7279 922 5350
3 5839 6258 922
3 5839 922 6259
3 6141 923 3585
3 3585 923 12025
3 6141 6201 923
3 6201 6158 923
3 6158 6297 923
3 6297 12025 923
3 3563 924 6508
3 3563 11978 924
3 10699 924 5623
3 11978 5623 924
3 6508 924 11774
3 10699 11774 924
3 6040 5125 925
3 925 5125 6744
3 6040 925 6264
3 6264 925 6479
3 925 6480 6479
3 925 6744 6480
3 926 3552 1050
3 926 1050 6266
3 926 6262 3552
3 926 6263 6262
3 926 6266 6263
3 927 6267 1208
3 927 1208 7044
3 927 6270 6267
3 6487 6270 927
3 6487 927 6749
3 927 7044 6749
3 1056 5125 928
3 6488 1056 928
3 6040 928 5125
3 6040 6048 928
3 930 929 6491
3 930 11227 929
3 1057 6491 929
3 1057 929 6754
3 929 6752 6754
3 929 11227 6752
3 938 6060 930
3 938 930 6491
3 6488 931 1055
3 931 6757 1055
3 1058 931 6276
3 1058 7051 931
3 6488 6276 931
3 931 7051 6757
3 932 973 4991
3 932 8477 973
3 932 4991 3718
3 932 13310 8477
3 1058 933 934
3 6058 934 933
3 1058 6276 933
3 6053 6058 933
3 1058 934 7064
3 6058 1060 934
3 934 1060 6758
3 934 6758 7064
3 935 2133 4313
3 4851 2133 935
3 2190 935 4313
3 5874 935 2190
3 4851 935 6321
3 5874 6321 935
3 936 1018 1011
3 11068 936 1011
3 936 6398 1018
3 1111 6398 936
3 8339 5858 937
3 9196 937 6287
3 8339 937 11716
3 9196 11716 937
3 1064 938 6491
3 938 1064 6765
3 938 5818 6061
3 938 6765 5818
3 938 6061 6060
3 6775 939 947
3 1065 939 6775
3 4936 5861 940
3 4936 940 11915
3 11600 940 5861
3 11600 11372 940
3 11372 11633 940
3 11633 11915 940
3 6505 1066 941
3 941 1066 12038
3 8180 941 6069
3 941 9608 6069
3 941 12038 9608
3 4944 948 942
3 13258 942 948
3 1445 942 2821
3 1445 4944 942
3 4970 2821 942
3 4970 942 13258
3 3058 943 5851
3 3058 11018 943
3 3238 943 12835
3 11018 12835 943
3 944 11035 8503
3 11896 944 8503
3 9860 944 11461
3 9860 11894 944
3 11894 11035 944
3 11461 944 11896
3 945 1070 1224
3 945 1224 6509
3 946 990 1234
3 946 4883 990
3 946 1234 1974
3 7597 4883 946
3 6775 947 1359
3 12522 1359 947
3 12522 947 6303
3 13313 948 4944
3 4967 13258 948
3 13530 4967 948
3 13530 948 13313
3 949 6509 1358
3 949 1358 7645
3 949 7645 6788
3 11871 950 4568
3 4568 950 11905
3 6724 6647 950
3 11905 950 6647
3 6724 950 11863
3 11871 11863 950
3 10643 951 1048
3 951 10681 1048
3 951 1564 1100
3 951 1100 6077
3 10643 1564 951
3 951 6077 10681
3 1075 952 6517
3 1075 7083 952
3 6310 6309 952
3 6312 952 6309
3 6310 952 7083
3 6312 6517 952
3 1128 953 1615
3 1128 5151 953
3 4860 1615 953
3 11470 4860 953
3 5151 5150 953
3 11470 953 5150
3 6527 1365 954
3 1365 7094 954
3 6316 954 7094
3 6530 1714 955
3 6805 955 6317
3 6804 6530 955
3 6804 955 6805
3 6532 6105 956
3 6807 6532 956
3 957 4958 11369
3 957 11842 4958
3 957 8020 8535
3 957 11369 8020
3 957 8535 8246
3 957 8246 11842
3 4411 958 1013
3 1013 958 4528
3 4414 958 4411
3 4414 10832 958
3 4627 4528 958
3 4627 958 10832
3 3123 7584 959
3 10155 3123 959
3 4160 959 7594
3 4160 7666 959
3 7584 7594 959
3 7666 10155 959
3 4501 960 1841
3 1841 960 4849
3 4501 10886 960
3 8567 4849 960
3 9126 8567 960
3 9126 960 10886
3 961 5053 1754
3 12956 961 1754
3 12972 961 12956
3 12972 12973 961
3 4501 962 1175
3 962 4848 1175
3 1841 1783 962
3 962 1783 4848
3 4501 1841 962
3 1245 963 965
3 1085 6116 963
3 1085 963 6541
3 1245 6541 963
3 1088 964 6543
3 7108 964 1088
3 1090 5819 964
3 7108 1090 964
3 1090 965 5819
3 7112 965 1090
3 1245 965 7112
3 966 4558 1507
3 966 1764 4558
3 966 4828 1764
3 966 10726 4828
3 5011 13157 967
3 5011 967 13403
3 13417 967 5032
3 13588 5032 967
3 13588 967 13157
3 13417 13403 967
3 6826 6545 968
3 6824 6826 968
3 6336 977 969
3 969 977 6829
3 6549 969 1095
3 969 6829 1095
3 6549 6327 969
3 5146 970 4734
3 13415 4734 970
3 13423 970 5146
3 6017 970 5452
3 13423 5452 970
3 6017 12914 970
3 13415 970 12914
3 12328 971 1099
3 12328 6559 971
3 972 6726 1321
3 972 1321 7304
3 972 7030 6726
3 972 7029 7030
3 972 7310 7029
3 972 7304 7310
3 4988 7299 973
3 8477 4988 973
3 11346 4991 973
3 11346 973 7299
3 974 975 976
3 974 983 975
3 974 976 6334
3 974 989 983
3 974 6345 989
3 976 975 1091
3 975 983 1109
3 975 6845 1091
3 6845 975 1109
3 976 1091 1093
3 6334 976 1093
3 6547 1094 977
3 1094 6829 977
3 6547 977 6336
3 978 1739 5838
3 978 5837 5507
3 978 5838 5837
3 979 981 6341
3 979 6565 981
3 979 6333 1103
3 979 1103 6565
3 980 981 982
3 980 6341 981
3 980 982 986
3 980 986 6347
3 980 6347 6341
3 1105 982 981
3 1105 981 6565
3 986 982 1108
3 1105 6843 982
3 6843 1108 982
3 988 983 989
3 988 7136 983
3 983 7136 1109
3 6847 1262 984
3 6853 984 1262
3 985 11398 1542
3 6081 985 4865
3 986 987 991
3 986 1108 987
3 6347 986 991
3 991 987 995
3 995 987 7150
3 6850 987 1108
3 6850 7150 987
3 988 989 993
3 988 993 6866
3 988 6866 6865
3 988 6865 7136
3 1234 990 1310
3 1310 990 11815
3 990 4883 11815
3 991 995 1115
3 992 1392 4398
3 992 13358 1392
3 992 4059 13358
3 992 13360 4059
3 992 4398 5115
3 992 5115 13360
3 996 6866 993
3 5172 994 1047
3 13159 1047 994
3 9477 1059 994
3 9477 994 5172
3 1397 1115 995
3 1397 995 7150
3 9770 996 6353
3 996 7429 6866
3 9770 7429 996
3 997 6576 1268
3 997 1268 6869
3 997 6869 6353
3 9989 997 6353
3 6355 6576 997
3 6355 997 9989
3 6358 6357 998
3 998 6357 6577
3 6358 998 6576
3 998 6874 6576
3 998 6577 6578
3 998 6578 6874
3 5197 9525 999
3 12146 5197 999
3 6760 999 6839
3 12146 999 6760
3 12970 6839 999
3 9525 12970 999
3 1398 1266 1000
3 1266 6572 1000
3 1398 1000 7152
3 6363 1000 6572
3 6363 6584 1000
3 7162 1000 6584
3 7162 7152 1000
3 1001 6367 1272
3 1002 1274 1126
3 1002 1126 5814
3 1002 1275 1274
3 1002 5814 4112
3 1277 1003 6885
3 6886 1003 1277
3 1003 6375 7201
3 9332 6375 1003
3 1003 7201 6885
3 6886 9332 1003
3 6592 6377 1004
3 9332 1004 6377
3 6887 6592 1004
3 6886 6887 1004
3 6886 1004 9332
3 6896 1005 1133
3 1133 1005 7332
3 1005 6378 6379
3 1005 6385 6378
3 1005 6379 7332
3 6896 6385 1005
3 1006 1009 6381
3 11491 1009 1006
3 1006 6381 13019
3 1006 8648 6386
3 6386 11491 1006
3 1006 13019 8648
3 2843 1007 6594
3 9200 1007 2843
3 9200 6382 1007
3 6382 13019 1007
3 1007 6889 6594
3 1007 13019 6889
3 1008 6384 6378
3 1008 6378 6385
3 11918 6384 1008
3 11173 1008 6385
3 11173 11918 1008
3 1009 4864 6381
3 1009 6600 4864
3 1009 11473 6600
3 11491 11473 1009
3 6902 6903 1010
3 6902 1010 11172
3 11918 11172 1010
3 1018 7466 1011
3 6601 1011 7191
3 11068 1011 6601
3 7191 1011 7466
3 1018 1012 7466
3 11450 1012 1018
3 1555 7466 1012
3 11450 7196 1012
3 4411 1013 4285
3 1013 13342 4285
3 4408 1013 4528
3 4408 13342 1013
3 1286 1285 1014
3 1285 6614 1014
3 6911 1286 1014
3 1014 6405 6404
3 6911 1014 6404
3 6614 6405 1014
3 6911 6404 1015
3 6911 1015 11163
3 11163 1015 11303
3 6205 7911 1016
3 6205 1016 11613
3 11443 1016 7911
3 8894 11613 1016
3 12236 8894 1016
3 11443 12236 1016
3 4840 4559 1017
3 4840 1017 4665
3 4665 1017 11776
3 11450 1018 6398
3 1553 1019 1048
3 1019 1765 1048
3 1019 1551 1493
3 1019 1493 1765
3 1019 3240 1551
3 1553 3240 1019
3 1153 6424 1020
3 6660 1153 1020
3 6648 1020 3345
3 11395 3345 1020
3 11395 1020 6424
3 6660 1020 6648
3 4776 6931 1021
3 8634 4776 1021
3 1021 6428 6427
3 6932 1021 6427
3 6931 6428 1021
3 8634 1021 6932
3 6931 10729 1022
3 11391 6931 1022
3 6937 7744 1022
3 6937 1022 10727
3 7744 11391 1022
3 10729 10727 1022
3 1150 1023 6936
3 1150 11060 1023
3 1023 3587 6935
3 11060 3587 1023
3 1023 6935 7744
3 1023 7744 6936
3 1024 6949 1300
3 1024 1300 10442
3 6939 3672 1024
3 1024 3672 6949
3 6940 6939 1024
3 6940 1024 10442
3 1025 3672 6437
3 1025 6949 3672
3 1025 6437 6958
3 1025 6957 6949
3 1025 6964 6957
3 1025 6958 6964
3 1026 1029 6446
3 1026 7525 1029
3 6229 6941 1026
3 1026 6941 7525
3 1027 1028 7527
3 11365 1028 1027
3 1027 7520 4171
3 1027 7527 7520
3 1028 6447 1165
3 1028 1165 7527
3 6443 6447 1028
3 11365 6443 1028
3 4511 1029 1171
3 1171 1029 7535
3 4511 6446 1029
3 1029 7525 7535
3 4808 1034 1030
3 6235 1030 1034
3 6235 5817 1030
3 1031 1033 1176
3 1031 1176 6964
3 1031 6964 6958
3 1032 1034 4808
3 6455 1034 1032
3 1166 1032 4808
3 7234 1032 1166
3 1309 6455 1032
3 7234 1309 1032
3 1033 1182 1176
3 6235 1034 6454
3 6455 6454 1034
3 7247 1182 1035
3 7247 1035 1194
3 4493 1036 6968
3 6236 11120 1036
3 7237 6968 1036
3 11120 7237 1036
3 6991 1037 1039
3 6236 1037 11120
3 6991 11120 1037
3 1187 7265 1038
3 6239 1038 6459
3 6459 1038 6990
3 7265 6990 1038
3 13443 1039 6462
3 6993 6991 1039
3 13443 6993 1039
3 1123 1040 4223
3 1123 4338 1040
3 4223 1040 13507
3 4560 1040 4338
3 2960 1041 3014
3 2960 4697 1041
3 1041 4708 3014
3 3984 1041 4196
3 3984 12928 1041
3 4196 1041 4697
3 1041 12928 4708
3 5657 1042 7979
3 10216 1042 5657
3 7903 1042 10214
3 7903 13272 1042
3 13272 7979 1042
3 10214 1042 10216
3 1044 1043 7023
3 1043 6732 7025
3 1043 7025 7023
3 1739 1044 11540
3 11540 1044 7023
3 7026 1201 1045
3 1203 1045 6259
3 1203 7026 1045
3 4871 1046 4904
3 11357 4904 1046
3 10826 11670 1046
3 11357 1046 11670
3 5658 1047 12699
3 1553 1048 10681
3 1765 10643 1048
3 1089 4527 1049
3 13426 1089 1049
3 4410 1049 4530
3 4410 13426 1049
3 7248 1049 4527
3 7248 4530 1049
3 3552 12913 1050
3 6266 1050 6474
3 6474 1050 6475
3 1050 7037 6475
3 1050 12913 7037
3 10984 1051 6478
3 11209 6478 1051
3 6740 6484 1051
3 11209 1051 6484
3 6740 1051 7042
3 7042 1051 10984
3 1052 5121 5167
3 1053 3738 7033
3 7333 3738 1053
3 1053 6479 6480
3 1053 7033 6479
3 7334 1053 6480
3 7334 7333 1053
3 6267 6268 1054
3 6267 1054 6746
3 1054 6268 6484
3 1054 6484 6740
3 1054 6740 6741
3 1054 6741 6746
3 6488 1055 1056
3 1056 1055 7047
3 1212 1055 6757
3 1212 7047 1055
3 1056 6750 5125
3 1056 7047 6750
3 1346 1064 1057
3 1057 1064 6491
3 1057 7049 1346
3 1057 6754 7049
3 1058 7064 7051
3 5034 4083 1059
3 1059 4083 6653
3 5034 1059 9477
3 6058 6282 1060
3 6495 1060 6282
3 6495 7052 1060
3 6758 1060 7052
3 6763 1343 1061
3 7059 1061 1343
3 7058 1061 7059
3 7058 9549 1061
3 5818 1062 6287
3 5818 6764 1062
3 9196 6287 1062
3 6764 6763 1062
3 2131 4671 1063
3 4783 1063 4671
3 1064 1346 1216
3 6765 1064 1216
3 1065 1219 1220
3 1065 6775 1219
3 1065 1220 6769
3 6505 1067 1066
3 6776 1066 1067
3 6776 1225 1066
3 1066 1225 12038
3 1221 1067 6771
3 1221 6776 1067
3 6505 6770 1067
3 6770 6771 1067
3 6056 1068 6786
3 6786 1068 6783
3 11364 1069 5916
3 1069 12470 5916
3 1069 6043 11183
3 11364 6043 1069
3 1069 11183 12148
3 1069 12148 12470
3 1070 1494 1224
3 1070 1351 1494
3 7067 1351 1070
3 1071 3656 3947
3 1071 12379 3656
3 1071 3947 4035
3 4260 1071 4035
3 4260 13061 1071
3 1071 13061 12379
3 1224 1072 6509
3 1224 7626 1072
3 1358 6509 1072
3 1358 1072 7370
3 1072 1617 7370
3 1617 1072 7626
3 1073 1230 6123
3 6791 1230 1073
3 1073 6123 6513
3 6310 1073 6513
3 6310 7083 1073
3 6791 1073 7083
3 6844 1074 5193
3 12068 5193 1074
3 5347 1074 9461
3 12189 1074 5347
3 6844 9461 1074
3 12189 12068 1074
3 1360 7083 1075
3 1360 1075 7385
3 6795 1075 6517
3 6795 7385 1075
3 1076 6518 6515
3 1076 6515 7382
3 1076 10604 6518
3 1076 7382 7932
3 1076 7932 7386
3 1076 7386 10604
3 1077 7090 6104
3 1077 6521 6799
3 1077 6799 7090
3 1078 5826 11371
3 1078 11633 5826
3 1078 11695 8536
3 1078 8536 12022
3 1078 11371 11695
3 1078 12022 11633
3 5159 1079 4903
3 4903 1079 10999
3 11038 1079 5159
3 1079 5650 8582
3 1079 11040 5650
3 1079 8582 10999
3 11038 11040 1079
3 1080 1366 1236
3 1080 1236 6533
3 1080 1239 1366
3 1080 6807 1239
3 1080 6533 6532
3 1080 6532 6807
3 1237 1081 1240
3 1081 1237 1241
3 1240 1081 6535
3 1241 6812 1081
3 6534 6535 1081
3 6812 6534 1081
3 6812 1082 6534
3 6814 1082 6812
3 6814 6815 1082
3 1085 1369 1083
3 1085 1083 6116
3 1369 6810 1083
3 6322 6116 1083
3 1084 1088 6115
3 7104 1088 1084
3 1243 1370 1084
3 1243 1084 6815
3 7104 1084 1370
3 1084 6115 6815
3 1244 1369 1085
3 1244 1085 1371
3 1085 6541 1371
3 2317 1086 1598
3 1598 1086 3055
3 2317 12665 1086
3 9779 3055 1086
3 1086 5385 11014
3 1086 12665 5385
3 9779 1086 11014
3 1087 4696 6305
3 7997 4696 1087
3 1087 6225 4741
3 6349 1087 4741
3 1087 6305 6225
3 7997 1087 6349
3 1088 6543 6115
3 7108 1088 7104
3 1211 1089 1375
3 1211 4626 1089
3 1375 1089 4407
3 13426 4407 1089
3 4626 4527 1089
3 7108 7112 1090
3 1091 1092 1093
3 1091 1246 1092
3 1246 1091 6845
3 1093 1092 6821
3 1246 7396 1092
3 7117 6821 1092
3 7117 1092 7396
3 6547 6545 1094
3 6828 1094 6545
3 6828 7120 1094
3 1094 7120 6829
3 6830 1095 1379
3 1379 1095 7123
3 6549 1095 6830
3 6829 7123 1095
3 1251 1524 1096
3 6830 1251 1096
3 1258 1096 1525
3 6832 1096 1258
3 1096 1524 1525
3 6830 1096 6832
3 1526 1097 6553
3 1526 7407 1097
3 1097 6554 6553
3 1097 6556 6554
3 7407 6556 1097
3 4862 1098 1564
3 1098 10627 1564
3 4811 10627 1098
3 1098 4862 11457
3 9842 1099 6556
3 9842 7410 1099
3 7410 12328 1099
3 1100 1564 10627
3 3380 10613 1100
3 3380 1100 10627
3 6077 1100 10613
3 6138 6559 1101
3 1101 6559 7409
3 1101 7411 6562
3 1101 7409 7411
3 1254 1103 1102
3 1102 1103 6562
3 1254 1102 7412
3 1102 6562 7411
3 1102 7411 7413
3 1102 7413 7412
3 1254 6565 1103
3 6333 6562 1103
3 9786 7548 1104
3 1104 7548 10094
3 7971 1104 7773
3 10086 7773 1104
3 9786 1104 7971
3 10086 1104 10094
3 1105 1384 6843
3 7416 1384 1105
3 1105 6565 7129
3 7416 1105 7129
3 10108 7681 1106
3 1106 7681 12886
3 10108 1106 11343
3 1106 12886 10687
3 1107 1571 4509
3 8450 1571 1107
3 1107 4509 6394
3 1107 6394 11685
3 6843 1256 1108
3 6850 1108 1256
3 1109 1535 1532
3 1109 1532 6845
3 1109 7136 1535
3 6850 1260 1110
3 1260 7421 1110
3 1388 7150 1110
3 7424 1388 1110
3 6850 1110 7150
3 7421 7424 1110
3 6187 1113 1111
3 1111 1113 6399
3 1111 6399 6398
3 4915 1112 2100
3 9003 2100 1112
3 4915 8994 1112
3 4917 1112 8994
3 4917 9003 1112
3 1113 1253 6399
3 6906 1253 1113
3 3950 6906 1113
3 8970 3284 1114
3 1114 3284 11549
3 1114 11362 7564
3 1114 11549 11362
3 1397 7147 1115
3 1115 7147 6573
3 1121 1875 1116
3 8559 1121 1116
3 11445 1116 1875
3 8559 1116 11461
3 11445 11880 1116
3 11461 1116 11880
3 1117 2779 1141
3 4910 1117 1141
3 7714 2779 1117
3 7587 1117 4910
3 7587 7623 1117
3 7714 1117 7623
3 3788 10591 1118
3 3788 1118 12943
3 1118 12942 5318
3 1118 5318 12943
3 1118 10591 12938
3 1118 12938 12942
3 6367 1119 7151
3 1119 6573 7147
3 1500 4561 1120
3 1500 1120 4565
3 4565 1120 3225
3 6706 3225 1120
3 4561 13336 1120
3 6706 1120 13336
3 1121 4224 1875
3 5836 4224 1121
3 11406 5836 1121
3 8559 11406 1121
3 1122 6368 1270
3 1122 1270 7435
3 1122 7437 1275
3 1122 7435 7437
3 4129 1123 1238
3 1123 13504 1238
3 4129 4338 1123
3 1123 4223 13504
3 6881 1124 6370
3 1124 7172 6587
3 6881 7176 1124
3 1124 7173 7172
3 1124 7176 7173
3 6882 1276 1125
3 7176 1125 1276
3 6882 1125 6877
3 6881 1125 7176
3 1126 1274 7167
3 5814 1126 3958
3 3958 1126 6879
3 1126 7167 6879
3 1127 1405 1403
3 1127 1403 7162
3 1127 6587 1405
3 1127 6584 6172
3 1127 6172 6587
3 1127 7162 6584
3 1128 1615 1331
3 1128 1331 10780
3 5151 1128 10592
3 1128 10780 10592
3 2903 6885 1129
3 2903 1129 7450
3 6373 1129 6885
3 6373 9014 1129
3 7685 7450 1129
3 7685 1129 9014
3 1133 7332 1130
3 9401 1133 1130
3 6592 1130 6591
3 6591 1130 7332
3 6891 1130 6592
3 9401 1130 6891
3 2843 6594 1131
3 2843 1131 9014
3 10966 1131 6594
3 7685 9014 1131
3 10793 7685 1131
3 10966 10793 1131
3 1132 3441 1330
3 1132 1330 10902
3 1132 8506 3441
3 1132 11375 8506
3 1132 10902 11375
3 6896 1133 7181
3 9401 7181 1133
3 1134 7187 5644
3 7821 1134 5644
3 6600 6601 1134
3 7821 6600 1134
3 1134 6601 7191
3 1134 7191 7187
3 1135 6605 6604
3 1135 6604 11452
3 1135 6903 6605
3 1136 6604 6605
3 1136 8038 6604
3 6904 1136 6605
3 6904 7193 1136
3 6905 1136 7193
3 1136 6905 8040
3 1136 8040 8038
3 1137 6613 6608
3 1137 6608 8081
3 1137 7198 6613
3 1137 7197 7475
3 1137 8081 7197
3 1137 7475 7198
3 1138 6609 8050
3 8081 6609 1138
3 1138 7194 7816
3 1138 8050 7194
3 7474 7197 1138
3 8081 1138 7197
3 7474 1138 7816
3 1139 6612 6611
3 1139 6611 6614
3 6908 6612 1139
3 6910 1139 6614
3 6908 1139 9071
3 6910 9071 1139
3 1140 6616 1257
3 1140 1257 10747
3 1140 6615 6616
3 1140 6618 6615
3 1140 10491 6618
3 1140 10747 10491
3 1141 2779 1476
3 1141 1476 4946
3 4910 1141 4945
3 1141 4946 4945
3 6915 8301 1142
3 6915 1142 9573
3 1142 8916 7204
3 9573 1142 7204
3 11130 1142 8301
3 11130 8916 1142
3 1267 4544 1143
3 1267 1143 10771
3 1279 1143 4868
3 1279 10771 1143
3 1144 6414 6625
3 1144 11427 6414
3 13067 1144 6625
3 6925 6627 1144
3 6627 11427 1144
3 13067 6925 1144
3 1145 2762 4567
3 1145 11859 2762
3 6720 9047 1145
3 1145 9047 11859
3 1146 1302 1299
3 1146 1299 6635
3 1146 7223 1302
3 1146 6635 2564
3 9183 1146 2564
3 9183 7223 1146
3 1147 1563 1419
3 1147 1419 11105
3 7515 1563 1147
3 6946 1147 2247
3 1147 11105 2247
3 7515 1147 6946
3 1152 6633 1148
3 1152 1148 6641
3 1148 6633 2189
3 1148 2189 6634
3 1149 4761 1966
3 1149 1966 10589
3 1149 5520 4761
3 4812 1149 10589
3 6081 5520 1149
3 1150 7510 1301
3 1150 1301 10479
3 1150 6936 7218
3 1150 7218 7510
3 1150 10479 11060
3 1151 9570 3454
3 1151 9548 9428
3 1151 9428 9570
3 1151 9429 9548
3 1152 6953 6633
3 11041 1152 6641
3 1152 6657 6953
3 11041 6657 1152
3 1153 6641 6424
3 1153 11041 6641
3 6658 1153 6660
3 6658 11041 1153
3 5806 1630 1154
3 1154 1630 6954
3 6654 5806 1154
3 6654 1154 9931
3 1154 6954 6665
3 1154 6665 9931
3 7069 1155 1422
3 8410 1422 1155
3 7041 8410 1155
3 7041 1155 9781
3 7217 1155 7069
3 9781 1155 7217
3 6660 1156 1161
3 1156 6672 1161
3 1156 6648 6650
3 6660 6648 1156
3 6661 1156 6650
3 6661 6672 1156
3 1158 1157 3968
3 6662 1157 1158
3 6662 1162 1157
3 1162 6671 1157
3 1157 10569 3968
3 1157 6671 10569
3 1158 3968 6651
3 1158 6651 5806
3 1158 5806 6654
3 6662 1158 6654
3 1159 1167 6657
3 1159 6682 1167
3 1159 6657 6656
3 6670 1159 6656
3 6670 6699 1159
3 1159 6681 6682
3 1159 6699 6681
3 6658 1160 6656
3 1160 6670 6656
3 10181 1160 6658
3 1160 6683 6670
3 6689 6683 1160
3 10181 6689 1160
3 10181 6660 1161
3 10602 1161 6672
3 10181 1161 6686
3 10602 6686 1161
3 6662 6694 1162
3 1162 6692 6671
3 1162 11240 6692
3 1162 6694 11240
3 1299 1163 6954
3 1299 6955 1163
3 6665 1163 6663
3 6677 6663 1163
3 6665 6954 1163
3 6677 1163 6955
3 6665 6663 1164
3 6697 1164 6663
3 9931 6665 1164
3 6673 1164 6695
3 6673 9931 1164
3 6695 1164 6697
3 1165 6968 1306
3 7533 1165 1306
3 1165 6447 6968
3 7533 7527 1165
3 1166 4808 6667
3 1166 6667 10479
3 7234 1166 7229
3 7229 1166 10479
3 1167 6682 1426
3 1167 1426 10893
3 1167 6953 6657
3 1167 10893 6953
3 6691 10602 1168
3 13570 6691 1168
3 6692 1168 10199
3 6692 11232 1168
3 11232 6983 1168
3 13570 1168 6983
3 10199 1168 10602
3 6911 1169 1286
3 7822 1286 1169
3 7822 1169 6693
3 6693 1169 11016
3 6911 11163 1169
3 11163 11016 1169
3 8624 3020 1170
3 3020 10370 1170
3 4927 1170 7505
3 8624 1170 4927
3 7505 1170 11369
3 10370 11369 1170
3 4511 1171 1187
3 1187 1171 7851
3 1768 7851 1171
3 1768 1171 7852
3 1171 7535 7852
3 9459 1172 12267
3 9459 12272 1172
3 1172 9609 11853
3 12272 9609 1172
3 12267 1172 11853
3 1178 1173 6683
3 1178 6707 1173
3 6670 6683 1173
3 6670 1173 6699
3 1173 6701 6699
3 1173 6707 6701
3 4860 1174 1615
3 1615 1174 8718
3 4860 9535 1174
3 1174 11631 8718
3 1174 9535 11631
3 1175 4848 1786
3 6016 1175 1786
3 8517 4501 1175
3 6016 10222 1175
3 8517 1175 10222
3 7245 1176 1182
3 11049 6964 1176
3 7245 6967 1176
3 1176 6967 11049
3 1658 1177 1810
3 10884 1177 1658
3 1177 4845 1810
3 6016 4845 1177
3 6016 1177 11262
3 11262 1177 10884
3 1189 6707 1178
3 6710 1189 1178
3 6689 1178 6683
3 6710 1178 6689
3 3178 3200 1179
3 3178 1179 9682
3 1179 3200 8763
3 1179 3255 3782
3 1179 8763 3255
3 9682 1179 3782
3 1180 6704 1196
3 6721 1180 1196
3 1180 6695 6704
3 1180 11246 6695
3 6721 6713 1180
3 6713 11246 1180
3 6678 1181 6697
3 6678 6972 1181
3 1181 6703 6697
3 1181 6716 6703
3 6979 6716 1181
3 6979 1181 6972
3 7247 7245 1182
3 1183 1195 3992
3 7256 1195 1183
3 1309 1183 6455
3 7252 1183 1309
3 7252 7256 1183
3 6700 6701 1184
3 6700 1184 6980
3 1184 6701 6708
3 1184 6708 6994
3 1184 6985 6980
3 1184 6994 6985
3 4287 1185 4288
3 4287 13561 1185
3 4288 1185 4526
3 4408 4525 1185
3 4408 1185 13561
3 4525 4526 1185
3 1186 1840 1193
3 1186 1193 11259
3 1186 6079 1840
3 1186 4749 4701
3 1186 4701 6079
3 1186 11259 4749
3 1187 7851 7265
3 1189 1188 6707
3 1189 6725 1188
3 1188 6708 6707
3 1188 6996 6708
3 6725 7002 1188
3 1188 7002 6996
3 4199 1190 12405
3 4199 13445 1190
3 6901 12405 1190
3 6901 1190 12938
3 12938 1190 12942
3 12942 1190 13445
3 6714 6713 1191
3 6721 1191 6713
3 6714 1191 11021
3 6721 13388 1191
3 1191 7010 11021
3 13388 7010 1191
3 1192 1318 6730
3 1192 7000 1318
3 1192 6717 6716
3 6988 1192 6716
3 1192 6730 6717
3 6988 7000 1192
3 1193 1840 8574
3 1193 8574 7954
3 1193 7954 11229
3 1193 11229 11259
3 7247 1194 1439
3 10876 1439 1194
3 7013 1194 6723
3 7013 10876 1194
3 1195 6461 3992
3 7256 7267 1195
3 1196 6704 6717
3 1196 6717 6730
3 6721 1196 13075
3 13075 1196 6730
3 1197 1929 1202
3 1197 1202 7738
3 1197 8574 1929
3 1197 7738 11215
3 1197 7954 8574
3 1197 11228 7954
3 1197 11215 11228
3 4193 1663 1198
3 1198 1663 4896
3 4193 1198 4932
3 1198 4896 10275
3 9388 4932 1198
3 9388 1198 10275
3 1199 6730 1318
3 1199 1318 6999
3 1199 6729 6730
3 1199 7021 6729
3 1199 6999 10505
3 1199 10505 7021
3 1200 1966 3462
3 10589 1966 1200
3 1200 3462 9535
3 4346 10589 1200
3 4346 1200 11479
3 1200 9535 11479
3 6254 1201 6465
3 1201 8231 6465
3 7026 8231 1201
3 1202 4846 1865
3 1202 1865 7738
3 1202 1929 4844
3 1202 4844 4846
3 1203 7289 7026
3 7279 7289 1203
3 13173 6469 1204
3 8184 1204 10670
3 8184 13173 1204
3 10907 10670 1204
3 1205 2595 7285
3 1205 10895 2595
3 1205 9830 2873
3 1205 2873 10895
3 1205 7285 4893
3 1205 4893 9830
3 6741 1472 1206
3 7340 1206 1472
3 1206 6746 6741
3 10173 6746 1206
3 7340 10173 1206
3 1207 6750 1335
3 1207 1335 7337
3 1207 6744 5125
3 1207 5125 6750
3 1207 6745 6744
3 1207 7337 6745
3 1208 1474 7044
3 1208 10173 1474
3 6267 6746 1208
3 1208 6746 10173
3 1209 1474 1607
3 1209 7044 1474
3 1209 1607 1609
3 11218 1209 1609
3 11218 7044 1209
3 6752 1210 6754
3 1210 6752 11218
3 1210 6756 6754
3 1210 7600 6756
3 1210 7598 7600
3 11218 7598 1210
3 1211 1375 4523
3 10887 1211 4523
3 1211 6557 4626
3 10887 6557 1211
3 1212 1336 7047
3 1212 7344 1336
3 1212 6757 1477
3 1212 1477 7344
3 6758 1339 1213
3 1213 1339 7346
3 1213 1479 1348
3 1213 1348 7064
3 1213 7346 1479
3 6758 1213 7064
3 4916 1214 4605
3 1214 11211 4605
3 4916 11215 1214
3 7738 8577 1214
3 7738 1214 11215
3 8577 11211 1214
3 1791 1215 1345
3 1215 6766 1345
3 1791 1485 1215
3 1215 1485 6763
3 6764 1215 6763
3 6764 6766 1215
3 1216 1346 1344
3 1216 1344 6766
3 6765 1216 6766
3 2368 1217 1223
3 1223 1217 7189
3 1487 1217 2368
3 1487 11429 1217
3 5120 7189 1217
3 5120 1217 11429
3 1219 1218 1491
3 1219 13100 1218
3 1218 1477 1491
3 1477 1218 1618
3 1618 1218 7360
3 1218 13100 7360
3 1491 1220 1219
3 6775 13100 1219
3 1220 1491 1349
3 1220 1349 6771
3 6769 1220 6771
3 1221 6771 7356
3 1221 7361 6776
3 1221 7356 7361
3 4815 1900 1222
3 1900 9656 1222
3 4815 1222 5791
3 5754 1222 4819
3 9656 4819 1222
3 5791 1222 5754
3 2131 1223 4671
3 4733 1223 2131
3 4733 2368 1223
3 1223 7027 4671
3 1223 7189 7027
3 1224 1494 7626
3 1225 7640 1355
3 12038 1225 1355
3 6776 5773 1225
3 5773 7640 1225
3 7365 1226 1355
3 13337 1355 1226
3 1627 1226 7365
3 1627 10619 1226
3 10957 1226 10619
3 10957 13337 1226
3 6786 6783 1227
3 1227 6783 12808
3 6786 1227 7077
3 7076 7077 1227
3 7076 1227 11004
3 1227 12808 11004
3 1637 1353 1228
3 6056 1228 1353
3 1637 1228 1357
3 1357 1228 7077
3 6056 6786 1228
3 6786 7077 1228
3 8573 2246 1229
3 1229 2246 11138
3 8573 1229 4873
3 4873 1229 10845
3 10845 1229 6043
3 1229 11138 6043
3 7646 2159 1230
3 2159 12516 1230
3 6123 1230 12516
3 7646 1230 6791
3 3991 1233 1231
3 12948 1231 1233
3 12947 3991 1231
3 12707 1231 5626
3 5626 1231 12948
3 12707 12947 1231
3 4087 1232 1255
3 1255 1232 12726
3 13169 1232 4087
3 6876 1232 5249
3 13169 5249 1232
3 5586 1232 6876
3 5586 12726 1232
3 5745 1233 3991
3 4204 1233 5745
3 4204 13442 1233
3 12948 1233 13442
3 1234 1310 4790
3 1234 4789 1974
3 1234 4358 4789
3 1234 4790 4358
3 6518 1235 6521
3 6518 10604 1235
3 6521 1235 6799
3 7092 6799 1235
3 7390 7092 1235
3 7390 1235 10604
3 1236 1240 6533
3 1236 6802 1240
3 1236 1366 6527
3 1236 6527 6802
3 6802 1237 1240
3 1367 1241 1237
3 1237 6804 1367
3 6802 6530 1237
3 1237 6530 6804
3 1427 4129 1238
3 1427 1238 13511
3 4222 1238 13504
3 13511 1238 4222
3 1242 1514 1239
3 1242 1239 6810
3 1239 1514 1366
3 1239 6807 6810
3 6533 1240 6535
3 1241 1367 1515
3 1241 1515 1368
3 1241 1368 6812
3 1518 1242 1369
3 1242 6810 1369
3 1242 1655 1514
3 1242 1518 1516
3 1242 1516 1655
3 1243 7676 1370
3 1243 6814 1517
3 1243 1517 7676
3 1243 6815 6814
3 1244 1518 1369
3 1244 1371 1668
3 1244 1668 1518
3 1245 1680 1373
3 1245 1373 6541
3 1245 7112 1680
3 1704 1246 1520
3 6845 1520 1246
3 1704 7396 1246
3 1247 4872 1463
3 1247 1463 10823
3 11083 4872 1247
3 1247 5945 5712
3 1247 5712 11435
3 1247 10823 5945
3 11083 1247 11435
3 1521 1249 1248
3 6822 1248 1249
3 1521 1248 1377
3 8181 1377 1248
3 6822 8181 1248
3 1521 7119 1249
3 6822 1249 6824
3 6824 1249 6826
3 6826 1249 7119
3 1250 2069 2061
3 1250 4735 2069
3 1250 6959 4735
3 4839 6986 1250
3 1250 6986 6959
3 6830 1379 1251
3 1379 7722 1251
3 7722 1524 1251
3 1252 1263 1259
3 1252 1259 5909
3 6848 1263 1252
3 1526 1252 5909
3 1526 6553 1252
3 6848 1252 6553
3 6906 5792 1253
3 6907 1253 5792
3 6907 6399 1253
3 1254 1382 7129
3 1254 7412 1382
3 1254 7129 6565
3 1255 12726 3995
3 1255 3995 13461
3 4250 4087 1255
3 4250 1255 13461
3 6850 1256 1260
3 1256 7417 1260
3 1530 1256 1384
3 6843 1384 1256
3 7417 1256 1530
3 1257 7198 1416
3 7478 1257 1416
3 1257 6616 7198
3 7478 7479 1257
3 7479 10747 1257
3 6847 1258 1262
3 7423 1262 1258
3 7423 1258 1525
3 6832 1258 6847
3 1259 1263 1265
3 1537 1259 1265
3 1537 5909 1259
3 7421 1260 7417
3 8600 1261 5919
3 5919 1261 10819
3 8600 11455 1261
3 1261 11455 10953
3 6853 1262 1536
3 7423 1536 1262
3 6861 1265 1263
3 6848 6854 1263
3 6861 1263 6854
3 1390 1264 1536
3 1390 7146 1264
3 6853 1536 1264
3 6853 1264 6863
3 6863 1264 6871
3 7146 6871 1264
3 1391 1265 1266
3 6861 1266 1265
3 1391 1538 1265
3 1537 1265 1538
3 1398 1391 1266
3 6861 6572 1266
3 1267 11069 4544
3 1267 4755 8581
3 1267 10771 4755
3 1267 8581 11069
3 6874 1268 6576
3 7160 6869 1268
3 6874 7158 1268
3 7160 1268 7158
3 8861 1269 6313
3 8922 6313 1269
3 7897 6731 1269
3 8868 1269 6731
3 8861 7897 1269
3 8922 1269 8868
3 6361 1270 6368
3 6871 1270 6361
3 7434 1270 6871
3 7434 7435 1270
3 4884 1271 1308
3 10197 1308 1271
3 4884 4788 1271
3 1271 4788 10178
3 10872 1271 10178
3 10872 10197 1271
3 6367 7155 1272
3 6882 6877 1272
3 7156 6882 1272
3 7156 1272 7155
3 1404 1273 7167
3 1404 7769 1273
3 1273 6878 6879
3 1273 7165 6878
3 1273 6879 7167
3 7769 7165 1273
3 1275 7169 1274
3 1274 7169 7167
3 1544 7169 1275
3 7437 1544 1275
3 6882 7164 1276
3 7164 7763 1276
3 7176 1276 12037
3 12037 1276 7763
3 1277 6885 7178
3 6886 1277 7179
3 1277 7178 7179
3 1278 7451 1408
3 1278 1408 7453
3 6887 1278 3351
3 1278 7453 3351
3 6887 7179 1278
3 1278 7179 7451
3 4679 1279 1290
3 4679 10771 1279
3 1280 5644 7186
3 11188 5644 1280
3 6836 6893 1280
3 6836 1280 7186
3 6893 11188 1280
3 1571 3278 1281
3 4509 1571 1281
3 1281 3278 4891
3 4509 1281 5582
3 4719 1282 6396
3 4719 10983 1282
3 6396 1282 7297
3 1282 7185 10965
3 10983 7185 1282
3 7297 1282 10965
3 6903 1283 6605
3 6904 6605 1283
3 6902 1283 6903
3 6902 8234 1283
3 6904 1283 9110
3 1283 8234 9110
3 6907 5792 1284
3 5792 8233 1284
3 6907 1284 7196
3 1284 7470 7196
3 7813 7470 1284
3 7817 7813 1284
3 8233 7817 1284
3 7822 1285 1286
3 6910 6614 1285
3 6910 1285 7477
3 7822 7477 1285
3 7964 1287 4454
3 9092 4454 1287
3 7964 7930 1287
3 8956 1287 7930
3 8956 11283 1287
3 9092 1287 11283
3 7997 1498 1288
3 1288 1498 8391
3 7997 1288 4696
3 4696 1288 8421
3 1288 8391 8406
3 1288 8406 8421
3 6920 1588 1289
3 7483 1289 1588
3 6920 1289 12729
3 7483 8190 1289
3 10733 1289 8190
3 10733 12729 1289
3 4679 1290 4613
3 1562 7498 1291
3 10976 1562 1291
3 7498 4462 1291
3 1291 4462 9115
3 6925 1291 9115
3 11125 1291 6925
3 10976 1291 11125
3 1292 5994 2261
3 1292 2261 10635
3 1292 4899 5805
3 1292 6690 4899
3 1292 5805 5994
3 1292 10635 6690
3 4100 1293 13203
3 4100 13476 1293
3 5220 1293 12966
3 5220 13203 1293
3 12966 1293 13202
3 13476 13202 1293
3 3902 1294 3606
3 3606 1294 12967
3 3902 12968 1294
3 5220 12967 1294
3 5220 1294 12968
3 1295 1949 2157
3 1295 11357 1949
3 1295 2157 11600
3 1295 5861 4905
3 1295 4905 11357
3 1295 11600 5861
3 1296 7519 1424
3 1296 1424 11190
3 1296 11190 5306
3 1296 5306 12788
3 1296 5459 7519
3 1296 12788 5459
3 7214 3234 1297
3 1297 3234 7506
3 1297 3475 6943
3 1297 7506 3475
3 7213 1297 6943
3 7214 1297 7213
3 1560 7482 1298
3 1560 1298 8101
3 1298 7482 11487
3 8101 1298 8157
3 8961 8157 1298
3 8961 1298 10738
3 10738 1298 11487
3 1299 1302 6955
3 6635 1299 6954
3 1300 6949 10908
3 7517 7834 1300
3 7517 1300 10908
3 10442 1300 7834
3 7230 7229 1301
3 7229 10479 1301
3 7230 1301 8487
3 7510 8487 1301
3 1423 1852 1302
3 1423 1302 7223
3 1302 1852 6955
3 1303 6957 6964
3 1303 10908 6957
3 1303 6964 11049
3 7523 1303 7530
3 7523 10908 1303
3 7530 1303 11049
3 6978 6972 1304
3 6972 12066 1304
3 6978 1304 7242
3 1304 7233 7242
3 1304 11056 7233
3 1304 12066 11056
3 1430 1305 6967
3 1430 7849 1305
3 1305 11049 6967
3 8134 7530 1305
3 7530 11049 1305
3 8134 1305 7849
3 1306 7237 1431
3 1306 1431 7843
3 1306 6968 7237
3 7533 1306 7843
3 6681 1307 6682
3 6681 6700 1307
3 7241 6682 1307
3 6700 6980 1307
3 1307 6980 6976
3 7241 1307 6976
3 4884 1308 7623
3 4886 7714 1308
3 4886 1308 10197
3 7714 7623 1308
3 7238 1309 7234
3 7252 1309 7238
3 1310 10197 4790
3 1310 4886 10197
3 1310 11815 4886
3 6978 1433 1311
3 1311 1433 7260
3 6979 6978 1311
3 6988 6979 1311
3 6988 1311 7259
3 7259 1311 7260
3 5841 8496 1312
3 10158 5841 1312
3 8494 1312 9646
3 8494 12246 1312
3 1312 8496 9646
3 10158 1312 12246
3 6711 1313 7008
3 6711 11798 1313
3 1313 7011 7008
3 1313 13386 7011
3 11798 11021 1313
3 1313 11021 13386
3 4685 8533 1314
3 1314 12923 4685
3 8221 6813 1314
3 1314 6813 12923
3 8221 1314 7961
3 1314 8533 7961
3 6990 1315 6989
3 7001 6989 1315
3 7264 1315 6990
3 13306 7001 1315
3 7264 7860 1315
3 13306 1315 7860
3 3773 1316 1330
3 1316 10902 1330
3 3195 3330 1316
3 3773 3195 1316
3 1316 3330 4895
3 1316 4895 10902
3 1317 7003 1444
3 1317 1444 7268
3 1317 6994 6996
3 1317 7268 6994
3 1317 6996 7003
3 6999 1318 7000
3 6999 7000 1319
3 6999 1319 7286
3 7000 7259 1319
3 7259 7262 1319
3 1319 7262 7553
3 7286 1319 7553
3 1320 1599 4807
3 10385 1599 1320
3 4193 1320 3937
3 1320 4807 3937
3 4609 1320 4193
3 10385 1320 4609
3 1322 1321 7008
3 1322 7304 1321
3 1323 1322 7011
3 1323 7292 1322
3 1322 7292 1457
3 1322 1457 7304
3 1322 7008 7011
3 1323 7011 13386
3 1323 7017 7296
3 1323 13386 7017
3 1323 7296 7292
3 1324 1451 8162
3 11020 1451 1324
3 8163 1324 8162
3 8163 8452 1324
3 1324 8452 10876
3 11020 1324 10876
3 1325 7003 7002
3 1325 7002 10990
3 1325 7014 7003
3 1325 7301 7014
3 10856 7301 1325
3 10856 1325 10990
3 1326 7020 1458
3 7312 1326 1458
3 1326 7017 7016
3 1326 7016 7020
3 1326 7296 7017
3 7312 7296 1326
3 1327 9472 1599
3 9527 1327 1599
3 1327 9464 4759
3 1327 4759 9472
3 1327 10409 9464
3 10409 1327 9527
3 7024 7023 1328
3 7025 1328 7023
3 13038 7024 1328
3 7025 13032 1328
3 1328 13032 7561
3 13038 1328 7561
3 1597 1329 7310
3 7568 1329 1597
3 1329 7029 7310
3 10994 7029 1329
3 7568 7303 1329
3 10994 1329 7303
3 4804 1330 3441
3 3773 1330 4804
3 1331 1615 8718
3 1331 8718 10409
3 10409 9527 1331
3 10780 1331 9527
3 4106 1332 6025
3 4106 9448 1332
3 5197 1332 9448
3 12146 1332 5197
3 6025 1332 13488
3 12146 13488 1332
3 1467 1333 1462
3 1462 1333 7323
3 7037 1466 1333
3 7323 1333 1466
3 6475 7037 1333
3 1468 1334 1464
3 1464 1334 10182
3 1469 1334 1468
3 1469 7043 1334
3 7043 7042 1334
3 7042 10182 1334
3 1335 1608 1606
3 7337 1335 1606
3 1335 7342 1608
3 6750 7342 1335
3 1336 7342 7047
3 7902 7342 1336
3 1336 7344 7905
3 7902 1336 7905
3 5319 2250 1337
3 6212 1337 2250
3 5319 1337 3312
3 3312 1337 9656
3 4819 1337 6212
3 9656 1337 4819
3 1488 1338 1348
3 1338 7051 1348
3 1338 1491 1477
3 6757 1338 1477
3 1491 1338 1488
3 6757 7051 1338
3 1339 7052 1340
3 1339 1340 7605
3 6758 7052 1339
3 1339 7605 7346
3 1482 1614 1340
3 7053 1482 1340
3 7605 1340 1614
3 7053 1340 7052
3 1341 5836 1354
3 1341 1354 10373
3 1341 10373 3654
3 1341 3654 10378
3 1341 4224 5836
3 1341 10378 4224
3 1483 7350 1342
3 1483 1342 7888
3 7058 7059 1342
3 10971 7058 1342
3 7059 7888 1342
3 10971 1342 7350
3 6763 1485 1343
3 1343 1485 7608
3 1623 1343 7608
3 1623 7888 1343
3 7059 1343 7888
3 6766 1344 1345
3 7602 1345 1344
3 1346 1616 1344
3 7602 1344 1616
3 1791 1345 7603
3 7602 7603 1345
3 1347 1616 1346
3 1347 1346 7049
3 1347 1490 1616
3 1490 1347 7609
3 7601 1347 7049
3 7609 1347 7601
3 1488 1348 1479
3 7051 7064 1348
3 1488 1349 1491
3 1349 1488 1619
3 1619 7356 1349
3 6771 1349 7356
3 3666 5396 1350
3 3666 1350 10095
3 5396 10537 1350
3 1350 7651 10535
3 1350 10537 7651
3 10095 1350 10535
3 1494 1351 1625
3 7362 1625 1351
3 7067 7071 1351
3 7071 7362 1351
3 1352 5173 3859
3 1352 3859 8946
3 12860 5173 1352
3 12631 5180 1352
3 12860 1352 5180
3 12631 1352 8946
3 1637 1635 1353
3 7362 1353 1635
3 6056 1353 7071
3 7071 1353 7362
3 1354 1361 3730
3 1354 5836 1361
3 9394 1354 3730
3 9394 10373 1354
3 7365 1355 7640
3 13337 12038 1355
3 1629 1633 1356
3 1629 1356 7368
3 1633 7076 1356
3 1356 6781 7368
3 1356 11004 6781
3 1356 7076 11004
3 1634 1357 1501
3 1357 7077 1501
3 7924 1357 1634
3 7924 1637 1357
3 1358 7370 7926
3 1358 7926 7645
3 1359 7081 1496
3 1359 1496 13100
3 6775 1359 13100
3 12522 7081 1359
3 6791 7083 1360
3 7648 6791 1360
3 7649 1360 7385
3 7649 7648 1360
3 1992 1361 3678
3 1992 3730 1361
3 3678 1361 3661
3 1361 5836 3661
3 1765 5982 1362
3 1765 1362 10643
3 4863 4862 1362
3 10643 1362 4862
3 5982 4863 1362
3 1364 1646 1363
3 1364 1363 7090
3 1647 1363 1646
3 1647 7394 1363
3 7090 1363 6529
3 6529 1363 7394
3 1816 1646 1364
3 1816 1364 7092
3 1364 7090 6799
3 1364 6799 7092
3 1365 1366 1514
3 6527 1366 1365
3 1645 1365 1514
3 1645 7094 1365
3 1515 1367 7394
3 6804 6805 1367
3 6805 7394 1367
3 1515 1648 1368
3 1517 1368 1648
3 1517 6814 1368
3 1368 6814 6812
3 1370 1519 7103
3 1519 1370 7676
3 7104 1370 7103
3 1673 1668 1371
3 1673 1371 7107
3 7107 1371 6541
3 1827 1372 1674
3 7103 1674 1372
3 1827 1680 1372
3 7112 1372 1680
3 7104 7103 1372
3 7108 7104 1372
3 7108 1372 7112
3 1373 1680 1679
3 1373 1679 1826
3 1373 1826 7107
3 1373 7107 6541
3 1374 1381 4757
3 4855 1381 1374
3 1992 3678 1374
3 1992 1374 4757
3 3678 10286 1374
3 4855 1374 10286
3 4404 1375 4403
3 1375 4407 4403
3 4404 4523 1375
3 1376 5875 2261
3 5994 1376 2261
3 1376 6106 5523
3 1376 5523 10940
3 1376 10940 5875
3 5994 6106 1376
3 7718 1521 1377
3 8025 1377 7717
3 8181 7717 1377
3 7718 1377 8025
3 3629 1378 4804
3 4896 1378 3629
3 3753 1378 3693
3 4806 3693 1378
3 3753 4804 1378
3 4806 1378 4896
3 1379 7123 7405
3 1379 7405 7722
3 3741 1381 1380
3 4855 1380 1381
3 3741 1380 4803
3 6013 4803 1380
3 4855 11356 1380
3 6013 1380 11356
3 3741 4757 1381
3 1383 1382 7412
3 1383 8033 1382
3 7416 7129 1382
3 7416 1382 8033
3 1383 7412 1528
3 1383 1528 8032
3 1383 8032 8286
3 1383 8286 8033
3 1529 1530 1384
3 7416 1529 1384
3 1505 4291 1385
3 13131 1505 1385
3 3899 1385 4291
3 3899 4349 1385
3 4349 12882 1385
3 13131 1385 12882
3 5192 1386 1642
3 1642 1386 5372
3 3802 1386 9870
3 3802 13223 1386
3 5192 9870 1386
3 1386 12920 5372
3 1386 13223 12920
3 3731 1387 12361
3 3731 12585 1387
3 1387 11953 11956
3 12360 11953 1387
3 1387 11956 12361
3 12360 1387 12585
3 1721 1388 1718
3 1718 1388 7424
3 1721 7137 1388
3 7137 7150 1388
3 1389 6865 1393
3 1393 8295 1389
3 1389 1535 7136
3 7736 1535 1389
3 1389 7136 6865
3 8044 7736 1389
3 8044 1389 8295
3 1390 1536 7731
3 1390 7740 7146
3 1390 7731 7526
3 1390 7526 7740
3 1398 7431 1391
3 1391 7743 1538
3 1391 7431 7743
3 1392 2075 2018
3 4398 1392 2018
3 4168 2075 1392
3 13358 4168 1392
3 1393 6865 1394
3 10844 1393 1394
3 1393 3385 8295
3 10844 3385 1393
3 6865 6866 1394
3 7429 1394 6866
3 10839 1394 7429
3 10839 10844 1394
3 1395 1454 4164
3 1395 8642 1454
3 1395 5974 4070
3 1395 4070 8642
3 1395 4164 4750
3 1395 4750 5974
3 1397 7137 1396
3 1397 1396 7147
3 1396 7137 10344
3 1397 7150 7137
3 1398 7152 7440
3 1398 7440 7431
3 6101 1399 1755
3 10821 1755 1399
3 13631 1399 6101
3 10734 8857 1399
3 8857 10821 1399
3 10734 1399 13631
3 7155 7151 1400
3 7151 9734 1400
3 7156 7155 1400
3 7156 1400 12151
3 7756 1400 9734
3 7756 12151 1400
3 6874 6578 1401
3 1401 6578 6878
3 6874 1401 7158
3 1401 6878 7165
3 7159 7158 1401
3 7159 1401 7165
3 1402 1484 4167
3 1402 4397 1484
3 1402 1918 1812
3 1402 1812 4397
3 1402 4280 1918
3 13626 1402 4167
3 13626 4280 1402
3 1403 1405 7770
3 7163 7162 1403
3 7163 1403 7439
3 7439 1403 7770
3 1404 7127 1731
3 1404 1731 7769
3 1404 7169 7127
3 1404 7167 7169
3 7172 1405 6587
3 7174 1405 7172
3 7174 7772 1405
3 7772 7770 1405
3 7174 1406 1735
3 1735 1406 8072
3 7174 7173 1406
3 7173 12037 1406
3 7175 8072 1406
3 7175 1406 12037
3 2903 1407 7178
3 8357 1407 2903
3 7451 7178 1407
3 7451 1407 8358
3 8357 8358 1407
3 1892 8079 1408
3 1892 1408 9501
3 7451 9501 1408
3 8079 7453 1408
3 7459 1409 7181
3 11901 7181 1409
3 7460 1409 7459
3 7460 11884 1409
3 11884 10983 1409
3 11901 1409 10983
3 6977 1410 8078
3 6977 10323 1410
3 1410 10323 7793
3 1410 7793 11852
3 9343 8078 1410
3 9343 1410 11852
3 1411 1895 8086
3 1411 8089 1895
3 1411 8086 7186
3 1411 7186 10927
3 1411 10303 8089
3 1411 10927 10303
3 1554 1412 10494
3 1554 11682 1412
3 7297 1412 7192
3 11682 7192 1412
3 7297 10781 1412
3 10781 10494 1412
3 7802 1413 7467
3 1413 10921 7467
3 7804 1413 7802
3 7804 10303 1413
3 11799 1413 10303
3 11799 10921 1413
3 6567 1414 6595
3 7814 1414 6567
3 6595 1414 7193
3 6905 7193 1414
3 6905 1414 7194
3 7814 7194 1414
3 1415 1454 8642
3 1415 10879 1454
3 8523 1415 1927
3 1415 8642 1927
3 8523 8814 1415
3 8814 10879 1415
3 7475 1416 7198
3 8098 1416 7475
3 8098 7478 1416
3 4718 1417 4010
3 4010 1417 7387
3 7387 1417 4604
3 7415 4604 1417
3 4718 8347 1417
3 7415 1417 8347
3 7206 1418 7490
3 7491 1418 7206
3 7490 1418 8104
3 7491 8109 1418
3 10237 8104 1418
3 8109 10237 1418
3 8772 1419 1563
3 8772 11434 1419
3 11444 11105 1419
3 11434 11444 1419
3 12974 1460 1420
3 1420 1460 12976
3 1420 4002 2637
3 1420 2637 13222
3 1420 12976 4002
3 12974 1420 13222
3 3831 7214 1421
3 3831 1421 8404
3 7215 7212 1421
3 7212 7829 1421
3 7215 1421 7214
3 7829 8402 1421
3 8402 8404 1421
3 7501 7069 1422
3 7501 1422 7831
3 8114 7831 1422
3 8114 1422 8410
3 1423 7503 1759
3 1423 1759 7838
3 1423 7838 1852
3 1423 7223 11290
3 1423 11290 7503
3 5727 5288 1424
3 11190 1424 5288
3 5727 1424 5624
3 5624 1424 7519
3 1425 6833 1638
3 1425 1638 10354
3 1425 10359 6833
3 1425 10284 10339
3 1425 10354 10284
3 1425 10339 10359
3 7241 1426 6682
3 7241 7528 1426
3 7528 11194 1426
3 1426 11194 10893
3 1427 4121 4566
3 1427 13511 4121
3 1427 13536 4129
3 1427 4566 13536
3 7230 1428 7229
3 7234 7229 1428
3 7230 7539 1428
3 7238 7234 1428
3 7238 1428 7539
3 7233 1429 6342
3 7847 6342 1429
3 7228 7842 1429
3 7228 1429 11056
3 7233 11056 1429
3 7847 1429 7842
3 7245 1434 1430
3 8442 1430 1434
3 7245 1430 6967
3 8442 7849 1430
3 6156 1431 7249
3 6156 8139 1431
3 7237 7249 1431
3 8139 7843 1431
3 4532 1432 4529
3 13499 4529 1432
3 10887 1432 4630
3 10887 13499 1432
3 6978 7242 1433
3 7243 1433 7242
3 7243 7545 1433
3 7260 1433 7545
3 1434 1439 1922
3 7247 1439 1434
3 8442 1434 1922
3 7247 1434 7245
3 4891 3278 1435
3 6407 1435 3278
3 1435 4376 4897
3 6407 4376 1435
3 5617 4891 1435
3 5617 1435 4897
3 1436 2047 1438
3 1436 1438 8651
3 1436 9189 2047
3 1436 6284 6602
3 1436 8651 6284
3 1436 6602 9189
3 7252 1437 1440
3 1440 1437 8154
3 7252 7238 1437
3 7238 8143 1437
3 1437 8143 8145
3 1437 8145 8154
3 1438 2047 11482
3 1438 4731 2175
3 1438 2175 8651
3 1438 11482 4731
3 1439 7871 1922
3 10876 7871 1439
3 7267 1440 1443
3 7866 1443 1440
3 7252 1440 7256
3 7256 1440 7267
3 7866 1440 8154
3 7262 7260 1441
3 7260 7545 1441
3 7262 1441 7552
3 7545 7864 1441
3 7552 1441 8213
3 8213 1441 7864
3 1657 1442 1641
3 11337 1641 1442
3 4032 1442 1657
3 4032 4798 1442
3 11337 1442 4798
3 1443 8155 1447
3 1443 1447 10761
3 7267 1443 10761
3 7866 8155 1443
3 1444 7003 7014
3 1444 7014 10649
3 7268 1444 8161
3 1444 10649 8161
3 1445 2821 4947
3 1445 4947 2916
3 1445 11764 4944
3 10785 7561 1446
3 13032 1446 7561
3 7872 1446 7865
3 13306 7865 1446
3 10785 1446 7872
3 13306 1446 13032
3 1447 8159 1448
3 10761 1447 1448
3 8155 1924 1447
3 1924 8159 1447
3 1448 8159 1449
3 10774 1448 1449
3 10761 1448 7282
3 10774 7282 1448
3 7874 1452 1449
3 10774 1449 1452
3 7874 1449 8460
3 8460 1449 8159
3 4834 1450 4780
3 8184 1451 7022
3 11020 7022 1451
3 7556 8162 1451
3 7556 1451 8184
3 7289 1452 7290
3 10774 1452 7289
3 10677 7290 1452
3 7874 10677 1452
3 1453 7292 7296
3 7307 7292 1453
3 7312 1453 7296
3 7307 1453 10968
3 7312 10399 1453
3 1453 10399 10968
3 1454 1658 4164
3 1454 10879 1658
3 7572 1458 1455
3 1458 13043 1455
3 10218 1455 1595
3 10857 1595 1455
3 7572 1455 10218
3 10857 1455 13043
3 1594 1456 1596
3 1594 7562 1456
3 7303 1596 1456
3 7301 1456 7562
3 10856 1456 7301
3 10856 7303 1456
3 1457 1459 7304
3 7311 1459 1457
3 7307 1457 7292
3 7311 1457 7307
3 1458 7020 7021
3 1458 7021 13043
3 7312 1458 7572
3 1459 7310 7304
3 1459 7317 7310
3 7311 10307 1459
3 1459 10307 7317
3 1460 12100 12524
3 12757 12100 1460
3 12976 1460 12524
3 12974 12757 1460
3 5660 1461 7570
3 5660 10527 1461
3 7570 1461 12852
3 9905 1461 10527
3 9905 12853 1461
3 12853 12852 1461
3 1467 1462 7321
3 10352 7321 1462
3 1462 7323 10847
3 10352 1462 10847
3 9151 2345 1463
3 10823 1463 2345
3 1468 1464 7578
3 1464 10182 7321
3 1464 7321 10853
3 1464 10368 7578
3 1464 10853 10368
3 12984 1465 1508
3 12988 1508 1465
3 12984 4006 1465
3 13503 1465 4006
3 12988 1465 4007
3 13505 4007 1465
3 13503 13505 1465
3 10194 1466 7034
3 12913 7034 1466
3 12913 1466 7037
3 10194 7323 1466
3 1467 7321 10182
3 1467 10182 10984
3 7586 1469 1468
3 1600 1468 7578
3 7586 1468 1600
3 6741 1469 1472
3 7586 1472 1469
3 6741 7043 1469
3 1470 1604 1933
3 1470 7334 1604
3 1470 1933 6314
3 1470 6314 6130
3 1470 6130 7889
3 1470 7333 7334
3 1470 7889 7333
3 1471 1602 3738
3 1471 7943 1602
3 1471 7889 1782
3 1471 1782 7943
3 1471 3738 7333
3 1471 7333 7889
3 7340 1472 1603
3 7586 1603 1472
3 1473 4832 2450
3 1473 2450 10824
3 1473 11441 4832
3 1473 10824 5919
3 1473 5919 11441
3 7591 1607 1474
3 7591 1474 10173
3 1475 1722 10128
3 1475 10824 1722
3 8600 1475 4870
3 1475 10128 4870
3 8600 5919 1475
3 1475 5919 10824
3 11812 1476 2779
3 4946 1476 4971
3 4948 4971 1476
3 4948 1476 11812
3 1618 7344 1477
3 1489 1479 1478
3 1478 1479 7346
3 1489 1478 1888
3 1478 1793 1888
3 1478 7346 1793
3 1488 1479 1489
3 4852 1480 1641
3 1641 1480 10284
3 4852 9377 1480
3 9377 4853 1480
3 4853 10339 1480
3 10339 10284 1480
3 1483 1622 1481
3 1483 1481 7350
3 1481 7613 1620
3 1481 1620 10973
3 1481 1622 7613
3 1481 10973 7350
3 7607 1614 1482
3 7607 1482 1620
3 1482 10973 1620
3 7053 10973 1482
3 7625 1622 1483
3 7625 1483 7888
3 1484 11301 2121
3 13622 1484 2121
3 13622 4167 1484
3 1484 4397 11301
3 1791 7616 1485
3 1485 7616 7608
3 1549 1486 4706
3 1549 9269 1486
3 10227 1486 1724
3 1724 1486 10232
3 10227 4706 1486
3 9269 10232 1486
3 1487 2368 7038
3 3915 1487 3048
3 1487 7038 3048
3 3915 11429 1487
3 1619 1488 1489
3 1619 1489 1795
3 1489 1888 1795
3 1490 1494 1625
3 1494 1490 7626
3 1616 1490 1797
3 1797 1490 1625
3 7609 7626 1490
3 10804 1492 10078
3 1542 1765 1493
3 4999 1495 3651
3 1495 7195 3651
3 4725 1495 4999
3 8445 1495 4725
3 8445 7195 1495
3 7376 1496 7081
3 7360 1496 8199
3 7360 13100 1496
3 7376 8199 1496
3 3451 2928 1497
3 2928 11525 1497
3 5171 3451 1497
3 3936 4429 1497
3 3936 1497 11525
3 4429 5171 1497
3 4693 1498 7997
3 8221 1498 4693
3 8221 7961 1498
3 7961 8391 1498
3 1513 4396 1499
3 1513 1499 13616
3 3798 1499 4396
3 13353 1499 3798
3 4057 1499 13353
3 13616 1499 4057
3 1500 9372 4561
3 1500 4565 7737
3 1500 7737 9197
3 1500 9197 9372
3 1633 1501 7076
3 1633 7636 1501
3 1634 1501 7636
3 1501 7077 7076
3 4760 1502 5631
3 4760 11515 1502
3 5631 1502 11517
3 1502 6233 6002
3 1502 6002 11517
3 1502 11515 6233
3 6205 5979 1503
3 5979 8146 1503
3 1503 6204 7911
3 1503 9172 6204
3 6205 1503 7911
3 8146 9172 1503
3 5735 6948 1504
3 12598 5735 1504
3 6948 12176 1504
3 7153 1504 12176
3 7153 12372 1504
3 12598 1504 12372
3 4072 4292 1505
3 4072 1505 13131
3 1505 4292 4291
3 4828 1506 4829
3 4828 10726 1506
3 10783 4829 1506
3 6024 1507 2734
3 9926 2734 1507
3 9926 1507 4558
3 3809 1508 12541
3 3809 12984 1508
3 12996 12541 1508
3 12996 1508 12988
3 1509 4120 1925
3 1509 1925 13260
3 12994 2642 1509
3 1509 2642 13247
3 1509 13247 4120
3 12994 1509 13260
3 1510 7653 1809
3 1510 1809 7934
3 1510 7649 7385
3 1510 7385 10954
3 1510 7934 7649
3 1510 10954 7653
3 2023 1511 3813
3 2023 4116 1511
3 3813 1511 12549
3 4013 3817 1511
3 1511 3817 12549
3 4013 1511 4116
3 1824 2414 1512
3 5168 1824 1512
3 6210 1512 2414
3 5168 1512 8910
3 8910 1512 6210
3 1513 4276 11330
3 1513 13616 4276
3 1513 11320 4396
3 1513 11330 11320
3 1645 1514 1655
3 1647 1648 1515
3 1647 1515 7394
3 1518 7682 1516
3 1655 1516 7663
3 7663 1516 7665
3 7665 1516 7682
3 1517 1648 1649
3 1517 1649 7676
3 1668 7682 1518
3 7103 1519 1675
3 1675 1519 7690
3 1519 7677 1676
3 1519 1676 7690
3 1519 7676 7677
3 1712 1520 1532
3 1520 6845 1532
3 1704 1520 1703
3 1712 1703 1520
3 1522 7119 1521
3 7718 1522 1521
3 7403 7119 1522
3 7403 1522 7720
3 7719 7606 1522
3 1522 7606 7720
3 7719 1522 7718
3 1864 7721 1523
3 8266 1864 1523
3 7720 1523 7404
3 7404 1523 12355
3 8266 1523 7720
3 12355 1523 7721
3 8277 1525 1524
3 8274 1524 7722
3 8277 1524 8274
3 8037 1525 6395
3 8277 6395 1525
3 8037 7423 1525
3 9854 1526 5909
3 9854 7407 1526
3 3883 1527 7409
3 1527 7411 7409
3 1527 7413 7411
3 7728 7413 1527
3 7728 1859 1528
3 8032 1528 1859
3 1528 7412 7413
3 7728 1528 7413
3 1529 8035 1530
3 1529 8033 1867
3 1529 1867 8035
3 7416 8033 1529
3 1711 7417 1530
3 1711 1530 8035
3 1870 1534 1531
3 1534 7421 1531
3 1531 1711 1869
3 1531 7417 1711
3 1870 1531 1869
3 7417 1531 7421
3 1713 1532 1535
3 1712 1532 1713
3 1533 4362 2479
3 5322 1533 2479
3 1533 3794 4362
3 1533 4764 3794
3 8815 4764 1533
3 5322 8815 1533
3 8555 1534 1870
3 1534 1873 7424
3 1534 8555 1873
3 1534 7424 7421
3 1713 1535 7736
3 7423 7731 1536
3 8292 1537 1538
3 1537 1872 5909
3 8292 1872 1537
3 1720 1538 7743
3 8292 1538 1720
3 7434 1539 1541
3 8048 1541 1539
3 7434 7146 1539
3 7146 7740 1539
3 1539 7740 7749
3 8048 1539 7749
3 1540 7160 7159
3 1540 7159 7759
3 7160 1540 7428
3 1540 8060 7428
3 1540 7759 7758
3 1540 7758 8060
3 7435 1541 1543
3 8055 1543 1541
3 7434 1541 7435
3 8048 8055 1541
3 1542 5982 1765
3 1542 11398 5982
3 7435 1543 7438
3 7761 7438 1543
3 8476 7761 1543
3 8476 1543 8055
3 7127 7169 1544
3 7127 1544 8067
3 7762 1544 7437
3 7762 8067 1544
3 1883 1545 8568
3 1883 9640 1545
3 1545 7771 5941
3 1545 5941 8568
3 1545 7439 7771
3 1545 9640 7439
3 1740 10117 1546
3 1740 1546 10510
3 8076 1891 1546
3 9594 1546 1891
3 9594 7442 1546
3 10510 1546 7442
3 10117 8076 1546
3 8077 1547 1891
3 9594 1891 1547
3 7781 7446 1547
3 10788 1547 7446
3 7781 1547 8077
3 9594 1547 10788
3 7450 7445 1548
3 9561 1548 7445
3 7450 1548 7448
3 7782 7448 1548
3 7782 1548 7780
3 9561 7780 1548
3 3973 1549 2019
3 1549 7792 2019
3 3973 9269 1549
3 1549 4706 7792
3 4867 1550 5981
3 4867 10703 1550
3 1550 10031 5981
3 6024 10701 1550
3 1550 10701 10031
3 4816 1551 3240
3 4816 9643 1551
3 7459 7457 1552
3 7457 8200 1552
3 7460 7459 1552
3 7460 1552 10536
3 8200 7785 1552
3 7785 10536 1552
3 1553 4814 3240
3 1553 3307 4814
3 1553 10681 3307
3 7805 9132 1554
3 7805 1554 10064
3 1554 9132 11682
3 10064 1554 10494
3 7807 1555 3826
3 1555 11703 7466
3 7807 7467 1555
3 1555 7467 11703
3 1556 6840 8385
3 1556 10751 6840
3 7817 8233 1556
3 1556 8382 7817
3 1556 8233 10751
3 1556 8385 8382
3 1557 6007 8094
3 1557 10256 6007
3 1557 8095 6012
3 1557 6012 13602
3 1557 8094 8095
3 1557 13602 10256
3 1558 7477 1753
3 1558 1753 8100
3 1558 8100 6857
3 1558 6857 9039
3 1558 9039 7477
3 3152 1559 3065
3 3065 1559 3154
3 3244 1559 3152
3 3154 1559 3245
3 3244 3320 1559
3 3320 3245 1559
3 1560 1588 7482
3 1560 7483 1588
3 1560 13603 7483
3 1560 8101 13603
3 6483 1561 6471
3 6471 1561 7490
3 6483 10735 1561
3 1561 7486 7490
3 1561 12139 7486
3 10735 12139 1561
3 1562 6101 7498
3 1562 13631 6101
3 10976 13631 1562
3 7515 1760 1563
3 8116 1563 1760
3 8772 1563 8116
3 10643 4862 1564
3 1565 4543 4542
3 1565 4542 10541
3 1565 4643 4543
3 1565 10329 4643
3 4935 10329 1565
3 4935 1565 10541
3 1566 8400 8674
3 8731 8400 1566
3 1566 8674 8716
3 1566 8716 8727
3 8728 1566 8727
3 8728 8731 1566
3 1567 5442 8674
3 1567 10727 5442
3 7968 1567 8611
3 7968 10727 1567
3 8401 8611 1567
3 8401 1567 8674
3 1568 5761 1759
3 1568 1759 7503
3 7498 1568 4462
3 1568 7503 4462
3 1568 8640 5761
3 7498 8640 1568
3 8404 1569 4600
3 8739 4600 1569
3 8404 7873 1569
3 8737 1569 7873
3 8737 12486 1569
3 8739 1569 12486
3 4012 1570 12557
3 4012 13246 1570
3 1570 5123 10614
3 1570 13246 5123
3 12535 1570 10614
3 12535 12557 1570
3 1571 11564 3278
3 8450 7195 1571
3 1571 7195 11564
3 1572 7513 3446
3 8543 1572 3446
3 6132 8127 1572
3 8419 6132 1572
3 8127 7513 1572
3 8419 1572 8543
3 1573 1576 7048
3 1573 10719 1576
3 1573 5743 1908
3 1573 1908 10809
3 1573 9171 5743
3 1573 7048 9171
3 1573 10809 10719
3 4005 1574 2638
3 2638 1574 4121
3 3917 1574 4005
3 3917 12785 1574
3 13251 4121 1574
3 12785 13012 1574
3 13251 1574 13012
3 8411 1575 1578
3 10698 1578 1575
3 7041 1575 8411
3 7041 9781 1575
3 9781 7520 1575
3 10698 1575 7520
3 1576 1580 8430
3 1576 10719 1580
3 1576 8430 7048
3 1577 7535 7525
3 8540 1577 7525
3 1577 8440 7535
3 8127 8126 1577
3 8126 8440 1577
3 8540 8127 1577
3 7939 1578 1581
3 10698 1581 1578
3 8413 1578 7939
3 8411 1578 8413
3 1644 1579 4395
3 1644 13352 1579
3 1579 2148 2202
3 1579 4277 2148
3 4395 1579 2202
3 13352 4277 1579
3 1580 7523 7530
3 1580 10719 7523
3 8134 1580 7530
3 8135 1580 8134
3 8135 8430 1580
3 1581 7843 5786
3 7939 1581 5786
3 7533 7843 1581
3 10698 7533 1581
3 7072 8129 1582
3 7072 1582 8487
3 7230 1582 8130
3 7230 8487 1582
3 8129 8130 1582
3 1583 7911 6204
3 1583 11146 6409
3 1583 6409 11443
3 1583 11443 7911
3 2245 1584 2011
3 4054 2011 1584
3 11380 1584 2245
3 13351 4054 1584
3 11380 4276 1584
3 13351 1584 4276
3 1585 8148 1921
3 1585 1921 8434
3 1585 7239 7240
3 1585 8434 7239
3 1585 7240 7544
3 1585 7544 8148
3 7139 8446 1586
3 7139 1586 13422
3 7546 1586 8435
3 7546 13422 1586
3 8775 8435 1586
3 8775 1586 8446
3 1589 7139 1587
3 1589 1587 10677
3 7139 13422 1587
3 7550 1587 7547
3 7547 1587 13422
3 10677 1587 7550
3 6918 1588 6409
3 6920 6409 1588
3 7482 1588 6918
3 11293 7139 1589
3 7874 1589 10677
3 11293 1589 7874
3 1590 7875 6249
3 7877 1590 6249
3 7553 7552 1590
3 1590 7552 7875
3 7553 1590 7555
3 7877 7555 1590
3 1591 7872 1777
3 1591 1777 8455
3 3803 1591 8164
3 3803 10785 1591
3 1591 10785 7872
3 1591 8455 8164
3 2238 4247 1592
3 4372 2238 1592
3 6531 4372 1592
3 6531 1592 12089
3 1593 7562 1594
3 1593 1594 8462
3 1593 7563 7562
3 1593 8043 7563
3 1593 8170 8043
3 1593 8462 8170
3 1594 1596 7884
3 1594 7884 8462
3 1601 1595 7885
3 1601 10218 1595
3 7885 1595 7567
3 10857 7567 1595
3 6133 1596 7568
3 6133 7884 1596
3 7568 1596 7303
3 1597 7310 7317
3 1597 7317 10289
3 7568 1597 7575
3 1597 10289 7575
3 10024 2317 1598
3 1598 3055 7542
3 10024 1598 7542
3 1599 9472 4807
3 10385 9527 1599
3 7580 1600 7578
3 7580 7585 1600
3 7585 7586 1600
3 7580 1601 6102
3 6102 1601 7885
3 7580 10645 1601
3 1601 10645 10218
3 7034 3738 1602
3 10194 7034 1602
3 7943 7972 1602
3 10194 1602 7972
3 1934 1605 1603
3 7340 1603 1605
3 10164 1934 1603
3 7585 1603 7586
3 7585 10164 1603
3 1604 7337 1606
3 8183 1604 1606
3 8183 1933 1604
3 7334 7337 1604
3 7899 1605 1934
3 7591 7340 1605
3 7591 1605 7900
3 7899 7900 1605
3 1936 1606 1608
3 8183 1606 1936
3 1787 1609 1607
3 1787 1607 7900
3 7591 7900 1607
3 8474 1936 1608
3 7902 1608 7342
3 7902 8474 1608
3 1787 1610 1609
3 7598 1609 1610
3 11218 1609 7598
3 1787 1937 1610
3 1937 8188 1610
3 7598 1610 7906
3 8188 7906 1610
3 7609 1611 1617
3 8193 1617 1611
3 5480 1611 7600
3 5480 8193 1611
3 7601 7600 1611
3 7601 1611 7609
3 5496 1612 5218
3 5532 5218 1612
3 5496 6251 1612
3 5532 1612 8752
3 1612 6251 6210
3 1612 6210 8752
3 2522 1613 8363
3 8397 1613 2522
3 1613 6251 6281
3 8910 6251 1613
3 1613 6281 8363
3 8397 8910 1613
3 7607 1621 1614
3 7910 1614 1621
3 7605 1614 7910
3 5493 1616 1797
3 7602 1616 5493
3 7370 1617 10097
3 7609 1617 7626
3 8193 10097 1617
3 1618 2095 7344
3 1618 7909 2095
3 1618 7360 7909
3 1619 1795 7921
3 1619 7921 7356
3 7607 1620 1627
3 7613 1627 1620
3 7607 7619 1621
3 7619 7621 1621
3 7621 7916 1621
3 7916 7910 1621
3 7625 1629 1622
3 1629 7858 1622
3 7613 1622 7858
3 7625 1623 1633
3 1623 7636 1633
3 1623 7608 7636
3 7625 7888 1623
3 1624 1634 7616
3 7924 1634 1624
3 1791 1940 1624
3 1791 1624 7616
3 8197 1624 1940
3 8197 7924 1624
3 1797 1625 7919
3 7362 7919 1625
3 8201 7278 1626
3 1626 7278 8480
3 7360 1626 7909
3 7360 8199 1626
3 1626 8480 7909
3 8201 1626 8199
3 7619 1627 7365
3 7607 1627 7619
3 7613 10619 1627
3 1876 1628 4071
3 1876 13383 1628
3 1628 3873 4069
3 1628 13129 3873
3 1628 4069 4071
3 1628 13383 13129
3 7625 1633 1629
3 1629 7368 7858
3 5806 6644 1630
3 6635 6954 1630
3 11407 6635 1630
3 11407 1630 6644
3 7639 1631 1942
3 8481 1942 1631
3 7639 10097 1631
3 8192 1631 8193
3 8192 8481 1631
3 8193 1631 10097
3 1632 3574 4127
3 13264 3574 1632
3 1632 4127 13016
3 13264 1632 13014
3 7636 7616 1634
3 1801 1635 1637
3 1801 3142 1635
3 7919 1635 3142
3 7362 1635 7919
3 8057 1636 2623
3 8071 2623 1636
3 8057 4460 1636
3 12349 1636 4460
3 8071 1636 6833
3 12349 6833 1636
3 1801 1637 7924
3 12349 1638 6833
3 12349 8465 1638
3 8465 12370 1638
3 10354 1638 12370
3 7928 1944 1639
3 8206 1639 1944
3 7645 1639 7378
3 8206 7378 1639
3 7645 7926 1639
3 7928 1639 7926
3 1808 1946 1640
3 7648 1808 1640
3 8484 1640 1946
3 7648 1640 7646
3 8484 7646 1640
3 1657 1641 10284
3 4852 1641 11337
3 5192 1642 4000
3 1642 5564 4000
3 1642 5372 9308
3 1642 9308 5564
3 1643 3333 7441
3 1643 7642 3333
3 6588 1643 4653
3 4653 1643 7441
3 6588 11754 1643
3 11754 7642 1643
3 1644 4395 1758
3 1644 1758 13350
3 1644 13350 13093
3 1644 13093 13352
3 1815 1645 1655
3 7391 1645 1815
3 7391 7094 1645
3 1647 1646 7669
3 1816 1656 1646
3 1656 7669 1646
3 1647 7669 1648
3 1649 1648 7669
3 7668 1649 7669
3 7668 7677 1649
3 7677 7676 1649
3 1650 2127 1758
3 1650 1758 4395
3 1650 4393 2127
3 1650 11396 4393
3 1650 4395 11402
3 1650 11402 11396
3 7665 1661 1651
3 7672 1651 1661
3 7664 1651 7660
3 7672 7660 1651
3 7663 1651 7664
3 7663 7665 1651
3 7672 1660 1652
3 1660 7952 1652
3 7661 1652 1821
3 1652 7952 1821
3 7661 7660 1652
3 7672 1652 7660
3 4334 1653 7774
3 4334 12190 1653
3 4836 1653 5010
3 4836 12180 1653
3 5010 1653 12190
3 7774 1653 12180
3 5455 1654 11187
3 5455 13566 1654
3 11187 1654 5985
3 9056 1654 13566
3 1815 1655 7663
3 1816 1818 1656
3 1656 1818 7945
3 7668 7669 1656
3 7668 1656 7945
3 4591 4032 1657
3 4591 1657 12358
3 10354 1657 10284
3 12358 1657 10354
3 1658 1810 4164
3 10884 1658 10879
3 1659 1666 1665
3 7671 1659 1665
3 1659 7948 1666
3 7668 1659 7671
3 7668 7945 1659
3 1659 7945 7948
3 7674 1660 7672
3 7674 7955 1660
3 1660 7955 7952
3 1662 1670 1661
3 7665 1662 1661
3 7674 1661 1670
3 7674 7672 1661
3 1662 7692 1670
3 7665 7682 1662
3 1662 7682 7687
3 1662 7687 7692
3 3937 3707 1663
3 4806 1663 3707
3 4193 3937 1663
3 4806 4896 1663
3 4132 1664 2678
3 1664 13277 2678
3 13029 1664 4132
3 13027 1664 13029
3 13278 1664 13027
3 13278 13277 1664
3 1820 1665 1666
3 1820 1669 1665
3 7695 1665 1669
3 7671 1665 1677
3 7695 1677 1665
3 1820 1666 7951
3 7948 7951 1666
3 1667 1670 1829
3 7674 1670 1667
3 7674 1667 1825
3 7966 1825 1667
3 7966 1667 1829
3 1673 7963 1668
3 1668 7687 7682
3 7963 7687 1668
3 1681 7695 1669
3 1681 1669 7960
3 1820 1956 1669
3 7960 1669 1956
3 7692 1829 1670
3 1671 3540 4116
3 1671 13288 3540
3 1671 3559 4344
3 1671 13519 3559
3 1671 4116 13519
3 1671 4344 13288
3 11001 1672 1983
3 1672 11007 1983
3 5629 9922 1672
3 1672 9922 11007
3 1673 1826 5770
3 1673 7107 1826
3 1673 5770 7963
3 1834 1674 1675
3 7103 1675 1674
3 1833 1827 1674
3 1833 1674 1834
3 1834 1675 7690
3 7671 1677 1676
3 7699 1676 1677
3 7671 1676 7677
3 7699 7690 1676
3 7695 7699 1677
3 1678 5191 5088
3 5088 5368 1678
3 1678 9290 5191
3 6808 1678 5368
3 6808 13081 1678
3 13081 9290 1678
3 1827 1679 1680
3 1826 1679 1831
3 1832 1679 1827
3 1831 1679 1832
3 1681 7976 7695
3 8225 1681 7960
3 8225 7976 1681
3 8622 1724 1682
3 1682 1724 10232
3 2053 1682 10232
3 13483 1682 2053
3 8622 1682 10243
3 13483 10243 1682
3 9767 1683 3040
3 1683 11611 3040
3 1683 5200 5209
3 1683 8806 5200
3 1683 5209 11611
3 9767 8806 1683
3 1684 1692 1835
3 1684 7987 1692
3 1684 1835 7699
3 1684 7976 1837
3 1684 1837 7987
3 1684 7699 7976
3 7693 8011 1685
3 12420 7693 1685
3 11424 1685 8011
3 11009 1685 11005
3 11424 11005 1685
3 12420 1685 11009
3 1686 1688 1696
3 1686 7702 1688
3 1686 1696 7709
3 1686 1838 7702
3 1686 7989 1838
3 1686 7709 7989
3 1687 3531 1838
3 1687 1838 7977
3 1687 5770 3531
3 1687 7963 5770
3 1687 7692 7963
3 1687 7977 7692
3 1688 1698 1696
3 1688 7999 1698
3 1688 7702 7983
3 1688 7983 7984
3 1688 7984 7999
3 1694 1690 1689
3 7705 1689 1690
3 1699 1694 1689
3 7708 1699 1689
3 7708 1689 7705
3 8000 1690 1694
3 1836 7704 1690
3 8000 1836 1690
3 7705 1690 7704
3 4240 5508 1691
3 4240 1691 13545
3 5508 12806 1691
3 13545 1691 13287
3 1835 1692 7704
3 7705 7704 1692
3 7707 7705 1692
3 7707 1692 7987
3 1693 3928 5508
3 12811 3928 1693
3 13035 1693 4023
3 1693 13547 4023
3 1693 5508 13547
3 12811 1693 13035
3 8012 1694 1699
3 8000 1694 8001
3 8001 1694 8012
3 1695 1701 7708
3 1695 8013 1701
3 1695 7708 7707
3 1695 7707 7993
3 1695 7993 8008
3 1695 8008 8013
3 1696 1698 7712
3 1696 1851 7709
3 1696 7712 1851
3 5247 3768 1697
3 1697 3768 10190
3 4206 1697 10027
3 4206 13454 1697
3 5247 1697 13454
3 1697 10190 10027
3 1698 1702 7712
3 1698 8004 1702
3 7999 8004 1698
3 1853 1699 1701
3 1701 1699 7708
3 8012 1699 1853
3 2175 1700 4837
3 2175 11490 1700
3 10854 4837 1700
3 1700 11490 10137
3 8519 1853 1701
3 8519 1701 8013
3 7712 1702 1855
3 1855 1702 8258
3 8004 8015 1702
3 1702 8015 8258
3 1704 1703 8263
3 1712 1871 1703
3 1871 8272 1703
3 8272 8263 1703
3 1705 7396 1704
3 1705 1704 8263
3 1705 1861 1862
3 1705 8263 1861
3 1705 1862 8024
3 7715 7396 1705
3 7715 1705 8024
3 8573 4873 1706
3 10838 1706 4873
3 7148 7054 1706
3 8573 1706 7054
3 7148 1706 11667
3 11667 1706 10838
3 7719 1707 1858
3 1707 8018 1858
3 1707 3665 8018
3 8025 3665 1707
3 7719 7718 1707
3 7718 8025 1707
3 12095 3739 1708
3 12827 1708 3739
3 12827 5126 1708
3 12828 12095 1708
3 1709 7723 1710
3 1709 1710 8281
3 1709 9833 7723
3 1709 8281 8030
3 1709 8030 9833
3 1710 7723 9854
3 1710 8029 8028
3 1710 8028 8281
3 1710 9854 8029
3 1711 8269 1869
3 1711 8035 8269
3 1712 1713 1874
3 1712 1874 1871
3 1874 1713 1717
3 1717 1713 7736
3 6526 6100 1714
3 10083 1714 6100
3 6526 1714 6530
3 1715 1719 7526
3 8924 1719 1715
3 1715 7526 7560
3 10201 1715 7560
3 8925 8924 1715
3 10201 8925 1715
3 4015 3784 1716
3 9596 1716 3784
3 4015 1716 6930
3 1716 5663 6930
3 8289 1874 1717
3 8289 1717 1990
3 1717 8929 1990
3 8044 1717 7736
3 8044 8929 1717
3 1721 1718 8046
3 1718 1873 1877
3 1718 7424 1873
3 8046 1718 1877
3 1719 7740 7526
3 1719 7749 7740
3 8930 7749 1719
3 8930 1719 8924
3 1720 7743 10590
3 8292 1720 9302
3 1720 9303 9302
3 1720 10590 9303
3 8296 7137 1721
3 8296 1721 8046
3 10128 1722 2311
3 10130 2311 1722
3 10130 1722 4810
3 10824 4810 1722
3 4875 1723 2390
3 1723 7140 2390
3 1723 4728 7140
3 9060 4728 1723
3 4875 6146 1723
3 6146 9060 1723
3 8622 10246 1724
3 10227 1724 10246
3 2000 1726 1725
3 7756 1725 1726
3 8570 1725 1997
3 1997 1725 10588
3 8570 2000 1725
3 7756 10588 1725
3 2000 8303 1726
3 7251 1726 7765
3 7251 12151 1726
3 7756 1726 12151
3 7765 1726 8303
3 1727 4172 4522
3 1727 6640 4521
3 1727 4521 11066
3 1727 4522 6640
3 2468 1728 4356
3 2468 11952 1728
3 1728 3084 4356
3 1728 7096 3084
3 1728 5427 4919
3 1728 4919 7096
3 1728 11952 5427
3 4875 4775 1729
3 10025 1729 4775
3 4875 1729 6146
3 8743 6146 1729
3 8743 1729 10078
3 10025 10078 1729
3 4361 1730 5526
3 4361 9431 1730
3 4488 1730 4784
3 4488 5526 1730
3 1730 9435 4784
3 1730 9431 9435
3 1733 1731 7115
3 1733 7208 1731
3 1731 7127 7115
3 1731 7208 7769
3 1732 7772 1734
3 8308 1732 1734
3 1732 7771 7770
3 1732 7770 7772
3 8308 7771 1732
3 1733 2007 7208
3 1733 8591 2007
3 2154 1733 7115
3 2154 8591 1733
3 1890 1734 1735
3 1734 7772 1735
3 1890 2003 1734
3 1734 2003 2004
3 8308 1734 2004
3 1890 1735 8072
3 7174 1735 7772
3 7781 1736 7780
3 7783 7780 1736
3 7781 8077 1736
3 7783 1736 8351
3 8340 1736 8077
3 8340 8351 1736
3 1737 2045 8348
3 1737 8349 2045
3 7783 1737 7782
3 7782 1737 9518
3 7783 8349 1737
3 1737 8348 9518
3 2043 7787 1738
3 2043 1738 8342
3 7066 1738 8200
3 7066 8342 1738
3 1738 7787 7785
3 8200 1738 7785
3 1739 6032 5838
3 1739 11748 6032
3 1739 11540 11748
3 1740 1742 8344
3 1740 10510 1742
3 1740 8344 6550
3 1740 6550 10117
3 1741 4520 1918
3 11245 1741 4281
3 1741 4621 4520
3 11245 4621 1741
3 6551 1742 1895
3 1742 8086 1895
3 8344 1742 6551
3 1742 10501 8086
3 10501 1742 10510
3 6793 1743 7799
3 6793 8364 1743
3 7799 1743 9304
3 10066 1743 8364
3 8713 9304 1743
3 8713 1743 10066
3 4117 1767 1744
3 4849 1744 1767
3 4849 4065 1744
3 1744 4065 5917
3 4117 1744 4751
3 1744 5917 4751
3 6811 1745 7807
3 6811 8372 1745
3 7803 7802 1745
3 7807 1745 7802
3 7803 1745 8370
3 8370 1745 8372
3 13076 1746 1748
3 1746 13605 1748
3 4049 13605 1746
3 5071 1746 13076
3 7811 6617 1747
3 1747 6617 9108
3 6753 6794 1747
3 6753 1747 7805
3 7811 1747 6794
3 7805 1747 9108
3 3759 1748 4272
3 3759 4367 1748
3 4272 1748 13605
3 4367 13076 1748
3 7815 6586 1749
3 6586 8374 1749
3 6817 1749 6816
3 6816 1749 8374
3 6817 8379 1749
3 7815 1749 8379
3 8092 1897 1750
3 8095 1750 1897
3 7814 1750 7816
3 7814 8092 1750
3 8094 7816 1750
3 8095 8094 1750
3 6003 1751 2058
3 1751 8382 2058
3 6003 8091 1751
3 7817 1751 7813
3 7813 1751 8091
3 7817 8382 1751
3 2062 1752 9138
3 2062 13584 1752
3 7478 6900 1752
3 6900 9138 1752
3 7478 1752 7479
3 7479 1752 13584
3 7822 6693 1753
3 13568 1753 6693
3 7822 1753 7477
3 13568 8100 1753
3 5054 1754 4506
3 4506 1754 12927
3 1754 5053 12927
3 5054 12956 1754
3 2064 7908 1755
3 10821 2064 1755
3 6101 1755 8640
3 10210 1755 7908
3 8640 1755 10210
3 3778 12457 1756
3 3780 1756 12457
3 3780 12911 1756
3 12911 12909 1756
3 7085 1757 3139
3 10997 3139 1757
3 7085 11238 1757
3 10997 1757 11006
3 11006 1757 11238
3 2127 13350 1758
3 1759 5761 5760
3 1759 5760 7838
3 7515 7529 1760
3 8131 1760 7529
3 8116 1760 8414
3 8131 8414 1760
3 4981 1761 2567
3 1761 10011 2567
3 4774 1761 4999
3 4774 10011 1761
3 4981 8986 1761
3 1761 8986 4999
3 1776 2621 1762
3 4825 1776 1762
3 1762 2621 2567
3 1762 2567 10011
3 4825 1762 2783
3 2783 1762 10011
3 3674 1763 1917
3 1917 1763 5786
3 3674 8756 1763
3 7939 5786 1763
3 8756 7939 1763
3 10682 4558 1764
3 9944 1764 4828
3 9944 9892 1764
3 10682 1764 9892
3 1766 7540 6342
3 7847 1766 6342
3 1766 8436 7540
3 7847 8428 1766
3 1766 8428 8437
3 1766 8437 8436
3 1841 1767 1783
3 4118 1783 1767
3 1841 4849 1767
3 4118 1767 4117
3 1770 7851 1768
3 1770 1768 9684
3 1768 7852 6292
3 1768 6292 9684
3 1773 7864 1769
3 1773 1769 8436
3 1769 7243 7540
3 1769 7545 7243
3 1769 7540 8436
3 1769 7864 7545
3 1770 7859 7851
3 9662 7859 1770
3 9662 1770 9684
3 1771 6230 7865
3 1771 9195 6230
3 1771 7860 7859
3 9662 1771 7859
3 1771 7865 7860
3 9662 9195 1771
3 8133 6213 1772
3 8782 1772 6213
3 1772 7544 7549
3 8148 7544 1772
3 8133 1772 7549
3 8782 8148 1772
3 2235 8794 1773
3 2235 1773 9185
3 8794 7864 1773
3 9185 1773 8436
3 1774 1923 8155
3 1774 8781 1923
3 1774 8154 6178
3 1774 6178 8781
3 7866 8154 1774
3 7866 1774 8155
3 1775 6249 7875
3 8800 6249 1775
3 1775 8213 7864
3 1775 7864 8794
3 1775 7875 8213
3 8800 1775 8794
3 1776 9892 2621
3 2855 2696 1776
3 2696 9892 1776
3 2855 1776 4825
3 3424 1777 6230
3 8449 1777 3424
3 1777 7872 6230
3 8449 8455 1777
3 1930 1778 8172
3 1930 8464 1778
3 1778 7988 7877
3 1778 7877 8172
3 1778 7881 7988
3 1778 8464 7881
3 1779 8464 4709
3 1779 4709 8812
3 1779 6087 7882
3 1779 8812 6087
3 1779 7882 7881
3 1779 7881 8464
3 1932 2088 1780
3 6109 1932 1780
3 1780 2088 8462
3 6109 1780 10408
3 1780 8462 7884
3 1780 7884 10408
3 1781 12167 4050
3 1781 5478 12167
3 1781 13081 5478
3 1781 9290 13081
3 6130 1782 7889
3 7890 1782 6130
3 7890 6135 1782
3 1782 6135 7943
3 4118 4746 1783
3 1783 4746 4848
3 1784 12078 4273
3 1784 4273 13610
3 6808 5368 1784
3 1784 5368 12078
3 9405 6808 1784
3 9405 1784 13610
3 5730 1785 3143
3 3143 1785 12762
3 7652 5244 1785
3 1785 5244 9994
3 7652 1785 5730
3 1785 9994 12762
3 1904 1786 1789
3 1786 4848 1789
3 1904 4845 1786
3 6016 1786 4845
3 1787 7901 1937
3 1787 7900 7901
3 3021 5632 1788
3 3021 1788 10685
3 12953 1788 5257
3 12953 10685 1788
3 1904 1789 4792
3 4792 1789 4746
3 1789 4848 4746
3 1790 2730 2815
3 10682 2730 1790
3 1790 2815 2782
3 1790 2782 8978
3 9926 4558 1790
3 10682 1790 4558
3 9926 1790 8978
3 1791 7603 1940
3 1792 6975 2695
3 7868 1792 2695
3 1792 6875 10690
3 10691 6875 1792
3 1792 10690 6975
3 7868 10691 1792
3 1796 1888 1793
3 1796 1793 7910
3 7346 7605 1793
3 1793 7605 7910
3 1794 7592 10155
3 11220 7592 1794
3 8107 1794 7666
3 7666 1794 10155
3 8107 8377 1794
3 11220 1794 8377
3 1796 1795 1888
3 7917 1795 1796
3 7917 7921 1795
3 1796 7910 7916
3 7917 1796 7916
3 1797 2521 5493
3 1797 7919 2521
3 7361 1798 5773
3 5773 1798 7923
3 7361 7921 1798
3 7917 1798 7921
3 7917 7923 1798
3 12440 1799 3582
3 1799 12445 3582
3 1799 3775 12445
3 3775 1799 13143
3 12440 12679 1799
3 1799 12679 13143
3 3543 11757 1800
3 12367 3543 1800
3 12365 5246 1800
3 12367 1800 5246
3 11757 12171 1800
3 12365 1800 12171
3 8197 3142 1801
3 8197 1801 7924
3 8201 1802 6332
3 1802 8834 6332
3 1802 8199 7376
3 1802 7376 8202
3 8201 8199 1802
3 1802 8202 8834
3 1803 8789 1823
3 11002 1803 1823
3 1803 8042 5406
3 1803 5406 10521
3 11002 8042 1803
3 1803 10521 8789
3 7639 1942 1804
3 8152 1804 1942
3 7639 1804 7928
3 8203 7928 1804
3 8483 1804 8152
3 8483 8203 1804
3 1805 8584 2152
3 1805 2152 8592
3 8125 8316 1805
3 8612 8125 1805
3 1805 8316 8584
3 8612 1805 8592
3 2831 1806 1807
3 9877 1807 1806
3 2831 4541 1806
3 8920 1806 4541
3 8920 4771 1806
3 9877 1806 4771
3 2831 1807 9878
3 2868 1807 9877
3 2868 9878 1807
3 8210 1946 1808
3 7649 1808 7648
3 7649 7934 1808
3 8210 1808 7934
3 7934 1809 1947
3 8491 1947 1809
3 7653 7937 1809
3 8491 1809 7937
3 4794 1810 1919
3 1919 1810 4845
3 4794 4164 1810
3 5277 1811 10450
3 5277 10758 1811
3 1811 10758 5707
3 13568 1811 5707
3 13568 10450 1811
3 1812 1918 4520
3 1812 6742 4397
3 1812 4520 6685
3 1812 6685 6742
3 2934 2868 1813
3 1813 2868 9877
3 8936 2934 1813
3 4822 1813 4821
3 1813 9877 4821
3 8936 1813 4822
3 7391 1815 1814
3 1815 7664 1814
3 7392 1814 1817
3 7940 1817 1814
3 7391 1814 7392
3 7940 1814 7664
3 1815 7663 7664
3 1816 1952 1818
3 1816 10612 1952
3 1816 7092 10612
3 7940 5990 1817
3 8491 1817 5990
3 7392 1817 7937
3 8491 7937 1817
3 8495 1818 1952
3 7945 1818 7949
3 7949 1818 8495
3 1819 1955 7951
3 1819 8848 1955
3 1819 7948 7949
3 1819 7951 7948
3 1819 7949 8497
3 1819 8497 8848
3 8219 1956 1820
3 8219 1820 7951
3 8215 1821 6365
3 8499 6365 1821
3 8215 7661 1821
3 8499 1821 7952
3 7955 1825 1822
3 1825 8222 1822
3 1822 2106 8500
3 1822 8507 2106
3 7955 1822 8500
3 1822 8222 8507
3 7093 1823 3311
3 3311 1823 8789
3 11003 1823 7093
3 11003 11002 1823
3 9711 2414 1824
3 5168 11531 1824
3 9711 1824 5215
3 1824 11531 5215
3 7674 1825 7955
3 7966 8222 1825
3 1826 1831 1830
3 1826 1830 5770
3 1832 1827 1833
3 2419 5323 1828
3 11532 2419 1828
3 5161 1828 2483
3 2483 1828 5330
3 5161 9787 1828
3 5330 1828 5323
3 11532 1828 9787
3 7977 1829 7692
3 7966 1829 8230
3 7977 7981 1829
3 1829 7981 8230
3 7985 1830 1831
3 1830 3531 5770
3 7983 3531 1830
3 7985 7983 1830
3 1831 1832 8232
3 7985 1831 8232
3 1832 1833 1836
3 1832 1836 8232
3 1833 1834 7704
3 1833 7704 1836
3 1834 7690 1835
3 1834 1835 7704
3 7699 1835 7690
3 8000 1843 1836
3 1836 1843 8232
3 1962 7993 1837
3 8229 1962 1837
3 8229 1837 7976
3 1837 7993 7987
3 7702 1838 3531
3 7989 7977 1838
3 5816 1839 5989
3 5991 5989 1839
3 1840 4232 4843
3 1840 6079 4232
3 1840 4843 8574
3 1842 1843 1846
3 1842 8232 1843
3 1849 1842 1846
3 7984 1842 1849
3 7985 1842 7984
3 7985 8232 1842
3 8000 1846 1843
3 1844 1845 7981
3 1844 8002 1845
3 7709 1851 1844
3 1844 1851 8002
3 7989 7709 1844
3 7989 1844 7981
3 1845 1961 8230
3 1845 8863 1961
3 1845 8002 5884
3 1845 5884 8863
3 1845 8230 7981
3 1849 1846 8005
3 8000 8001 1846
3 8001 8005 1846
3 7999 1849 1847
3 1849 8005 1847
3 1847 8005 1969
3 1847 1969 8513
3 7999 1847 8004
3 8004 1847 8251
3 1847 8513 8251
3 1848 5200 8806
3 1848 8816 5200
3 1848 8806 6067
3 1848 6067 9766
3 1848 8905 8816
3 1848 9766 8905
3 7984 1849 7999
3 5057 1850 4707
3 5487 4707 1850
3 5057 4822 1850
3 1850 4822 9733
3 5487 1850 9733
3 7712 8249 1851
3 8249 8002 1851
3 6961 6955 1852
3 6961 1852 7228
3 1852 11149 7228
3 1852 7838 11149
3 1853 2117 8262
3 8519 2117 1853
3 8012 1853 8262
3 1854 8008 1962
3 8240 1854 1962
3 8240 2112 1854
3 8516 1854 2112
3 1854 5886 8008
3 8516 5886 1854
3 8249 1855 1970
3 1855 8257 1970
3 7712 1855 8249
3 1855 8258 8257
3 2116 1973 1856
3 1856 1973 8015
3 1856 2113 7338
3 1856 8251 2113
3 2116 1856 7338
3 1856 8015 8251
3 13110 1857 4063
3 1857 13636 4063
3 12415 6950 1857
3 1857 6950 13111
3 12415 1857 13110
3 1857 13111 13636
3 7606 1858 1978
3 1978 1858 8900
3 7719 1858 7606
3 8900 1858 8018
3 8021 1859 7728
3 8537 1859 8021
3 8267 8032 1859
3 8267 1859 8537
3 8285 1988 1860
3 9890 1860 1988
3 8285 1860 7726
3 1860 10813 7726
3 9890 8021 1860
3 1861 2124 1862
3 8263 1977 1861
3 8531 1861 1977
3 8531 2124 1861
3 6369 1862 2124
3 6369 8264 1862
3 8024 1862 8264
3 7405 7721 1863
3 7405 1863 7722
3 8027 1863 7721
3 8274 7722 1863
3 8027 8276 1863
3 8276 8274 1863
3 2129 8027 1864
3 2129 1864 8541
3 1864 8027 7721
3 8266 8541 1864
3 10204 1865 4846
3 7738 1865 8577
3 10204 8577 1865
3 8118 1866 9661
3 8118 10447 1866
3 9434 1866 10866
3 9434 13324 1866
3 1866 13324 9661
3 1866 10447 10866
3 1980 8269 1867
3 8539 1980 1867
3 8286 1867 8033
3 8035 1867 8269
3 8539 1867 8286
3 1868 3683 12676
3 1868 13134 3683
3 1868 7745 12555
3 1868 12676 7745
3 1868 12555 13129
3 1868 13129 13134
3 1870 1869 8551
3 8270 1869 8269
3 8270 8551 1869
3 2140 1870 8551
3 1870 2140 8555
3 8557 1871 1874
3 8557 8272 1871
3 1872 8029 5909
3 1872 5933 8029
3 1872 8554 5933
3 8292 6408 1872
3 1872 6408 8554
3 8288 1877 1873
3 8555 8288 1873
3 8557 1874 8289
3 1875 4224 10378
3 4758 1875 10378
3 4758 11408 1875
3 11408 11445 1875
3 1876 4071 13022
3 12823 4074 1876
3 1876 4074 13383
3 12823 1876 13022
3 1995 1877 2142
3 1995 8046 1877
3 8288 2142 1877
3 1898 1878 3296
3 1898 3307 1878
3 1878 3312 3296
3 1878 3307 4813
3 1878 5283 3312
3 1878 4813 5283
3 2146 1997 1879
3 1997 5937 1879
3 2146 1879 2306
3 9309 2306 1879
3 8297 1879 5937
3 8297 9309 1879
3 1880 2305 7432
3 8941 2305 1880
3 8052 1880 7432
3 8052 8053 1880
3 8053 8571 1880
3 8941 1880 8571
3 1882 8055 1881
3 1882 1881 8934
3 1881 8048 7749
3 8930 1881 7749
3 1881 8055 8048
3 8930 8934 1881
3 1882 8476 8055
3 1882 8944 8476
3 1882 8934 9310
3 1882 9310 8944
3 8299 1883 9534
3 8299 9640 1883
3 1883 8568 10262
3 1883 10262 9534
3 1884 13146 2893
3 1884 2893 13399
3 4181 4076 1884
3 4076 13146 1884
3 4181 1884 12614
3 1884 13399 12614
3 1885 2001 1999
3 7760 1885 1999
3 1885 8312 2001
3 1885 7216 2002
3 1885 2002 8312
3 1885 10551 7216
3 7760 10551 1885
3 1886 1894 3200
3 4816 1894 1886
3 1886 3162 3348
3 9697 3162 1886
3 9697 1886 3200
3 4816 1886 3348
3 2149 2154 1887
3 8578 2149 1887
3 2154 7115 1887
3 7115 8067 1887
3 1887 8067 8066
3 8578 1887 8066
3 2005 8068 1889
3 2005 1889 8313
3 1889 7765 2006
3 1889 2006 8311
3 1889 8068 7765
3 1889 8311 8313
3 1890 2009 2003
3 1890 8074 2009
3 1890 8072 8074
3 8333 1891 8076
3 8333 8077 1891
3 1892 8352 8079
3 1892 9112 8352
3 1892 9501 9112
3 5952 1893 7066
3 5952 8080 1893
3 7066 1893 8342
3 8080 8707 1893
3 8707 8342 1893
3 3200 1894 8763
3 4814 1894 3240
3 4816 3240 1894
3 8763 1894 4814
3 5983 1895 8089
3 5983 8090 1895
3 6551 1895 8090
3 1896 4704 4701
3 1896 4701 4749
3 1896 7836 4704
3 1896 4749 4889
3 1896 4889 4797
3 1896 4797 7836
3 8092 8379 1897
3 8095 1897 9376
3 9481 1897 8379
3 9481 9376 1897
3 1898 3296 3255
3 8763 1898 3255
3 4814 3307 1898
3 8763 4814 1898
3 1899 2379 8387
3 1899 9139 2379
3 1899 6035 8099
3 1899 8387 6035
3 1899 8099 13412
3 1899 13412 9139
3 1900 3255 3296
3 3782 3255 1900
3 1900 3296 9656
3 3782 1900 4815
3 3536 1901 6323
3 10686 1901 3536
3 10686 12580 1901
3 12580 12582 1901
3 3473 1902 2065
3 6982 2065 1902
3 3473 8401 1902
3 6982 1902 8400
3 8401 8400 1902
3 2070 2217 1903
3 2070 1903 8414
3 10241 1903 2217
3 8116 8414 1903
3 8116 1903 8767
3 10241 8767 1903
3 1904 4348 1919
3 1904 1919 4845
3 1904 4792 4348
3 9821 1905 6055
3 11399 6055 1905
3 8113 1905 6059
3 1905 8733 6059
3 8113 11399 1905
3 1905 9154 8733
3 9821 9154 1905
3 2067 8114 1906
3 9158 2067 1906
3 1906 8114 9824
3 9165 9158 1906
3 9165 1906 9824
3 2218 1915 1907
3 5760 1907 1915
3 2218 1907 7912
3 5761 1907 5760
3 10210 1907 5761
3 10210 7912 1907
3 9821 1908 5743
3 9821 6055 1908
3 10205 1908 6055
3 10205 10809 1908
3 1909 8543 4600
3 8739 1909 4600
3 8409 8543 1909
3 8746 8409 1909
3 8739 8746 1909
3 1910 8611 3473
3 1910 3473 9680
3 1910 8136 7509
3 1910 7509 8611
3 1910 7925 8136
3 1910 9680 7925
3 1911 1912 8126
3 1911 8760 1912
3 8420 2225 1911
3 2225 8760 1911
3 1911 8126 6132
3 8420 1911 6132
3 6154 6292 1912
3 8760 6154 1912
3 1912 6292 8440
3 8126 1912 8440
3 1913 2073 2226
3 1913 3811 2073
3 1913 2226 8764
3 1913 8129 3811
3 1913 8130 8129
3 1913 8140 8130
3 1913 8764 8140
3 1914 2070 8414
3 1914 8758 2070
3 1914 8131 6330
3 1914 6330 8759
3 1914 8414 8131
3 1914 8759 8758
3 2218 2221 1915
3 2221 7095 1915
3 6360 5760 1915
3 6360 1915 6142
3 7095 6142 1915
3 8774 2230 1916
3 2230 9178 1916
3 8137 1916 8135
3 8135 1916 8429
3 8137 8774 1916
3 9178 8429 1916
3 9955 3674 1917
3 1917 5786 8139
3 1917 8139 8142
3 9955 1917 8142
3 1919 4348 4745
3 4794 1919 4745
3 1920 8434 1921
3 1920 1921 9999
3 1920 8431 8434
3 1920 8765 8431
3 1920 9217 8765
3 1920 9999 9217
3 9999 1921 8148
3 8779 1922 7871
3 8442 1922 9193
3 8779 9193 1922
3 8155 1923 1924
3 1923 8791 1924
3 1923 8781 9495
3 1923 9493 8791
3 1923 9495 9493
3 1924 6211 8159
3 8791 6211 1924
3 13264 1925 3574
3 3574 1925 13534
3 4120 13534 1925
3 13264 13260 1925
3 3803 1926 8162
3 3803 8164 1926
3 8163 8162 1926
3 8163 1926 9208
3 8164 9210 1926
3 1926 9210 9208
3 4889 1927 4797
3 8642 4797 1927
3 4889 4921 1927
3 8523 1927 4921
3 1928 8800 2241
3 1928 2241 8802
3 1928 2242 8172
3 1928 8802 2242
3 1928 8172 6249
3 1928 6249 8800
3 1951 1929 4843
3 1951 4844 1929
3 4843 1929 8574
3 1930 8172 2242
3 1930 2242 8807
3 1930 8810 8464
3 1930 8807 8810
3 10993 1950 1931
3 11003 1931 1950
3 8633 8681 1931
3 11003 8633 1931
3 10993 1931 8681
3 1932 7219 2088
3 10159 1932 6109
3 10159 7219 1932
3 6314 1933 6319
3 8467 6319 1933
3 8183 8467 1933
3 7250 7899 1934
3 7250 1934 8179
3 8179 1934 10164
3 3348 9623 1935
3 9643 3348 1935
3 9643 1935 4865
3 4865 1935 9651
3 1935 9623 8785
3 1935 8785 9651
3 8183 1936 2091
3 2091 1936 9221
3 8474 8817 1936
3 1936 8817 9221
3 2092 8188 1937
3 2092 1937 8472
3 1937 7901 8472
3 2092 1938 8188
3 2092 8819 1938
3 8188 1938 8191
3 8191 1938 8479
3 9225 8479 1938
3 9225 1938 8819
3 1939 2927 5461
3 1939 13153 2927
3 1939 5461 4192
3 1939 4192 13416
3 1939 5040 13153
3 1939 13416 5040
3 5471 1940 8149
3 8197 1940 5471
3 7603 8149 1940
3 8201 6332 1941
3 9229 1941 6332
3 8201 1941 7278
3 7278 1941 8825
3 9229 8825 1941
3 8827 8152 1942
3 8827 1942 8481
3 8979 2064 1943
3 10821 1943 2064
3 1943 6052 8990
3 10821 6052 1943
3 8979 1943 13465
3 1943 8990 13465
3 1945 1944 8835
3 8203 1944 7928
3 8835 1944 8203
3 8212 1945 2098
3 8840 2098 1945
3 8840 1945 8835
3 2258 1946 8210
3 2258 8837 1946
3 8484 1946 8837
3 2099 1947 2102
3 8210 1947 2099
3 8491 2102 1947
3 8210 7934 1947
3 8212 2098 1948
3 8846 1948 2098
3 8846 2101 1948
3 10374 1948 2101
3 8212 1948 10374
3 1949 11672 2157
3 1949 5916 11101
3 1949 11670 5916
3 1949 11101 11672
3 1949 11357 11670
3 2948 10504 1950
3 2948 1950 10993
3 10512 1950 10504
3 10512 11002 1950
3 11003 1950 11002
3 1951 4843 4232
3 1951 4232 6253
3 1951 4744 4791
3 1951 6253 4744
3 1951 4791 4844
3 8492 8495 1952
3 8492 1952 10612
3 8491 1953 2102
3 1953 8843 2102
3 5990 8218 1953
3 8491 5990 1953
3 8218 8852 1953
3 1953 8852 8843
3 6365 2105 1954
3 2105 9536 1954
3 1954 2263 8852
3 1954 9536 2263
3 8218 6365 1954
3 8218 1954 8852
3 8502 1955 2107
3 2107 1955 8848
3 8219 1955 2108
3 8502 2108 1955
3 8219 7951 1955
3 8219 2108 1956
3 8505 1956 2108
3 8505 7960 1956
3 1959 1957 2109
3 1959 9243 1957
3 8507 1957 2106
3 2106 1957 8859
3 2109 1957 8507
3 8859 1957 9243
3 3380 1958 6083
3 3380 9616 1958
3 1958 3389 8784
3 9616 3389 1958
3 6083 1958 6224
3 1958 8784 6224
3 8510 1959 2109
3 8864 2428 1959
3 1959 2428 9243
3 8510 8864 1959
3 6625 6414 1960
3 1960 6414 11602
3 8880 6625 1960
3 1960 11602 8284
3 1961 8227 8230
3 8510 8227 1961
3 8510 1961 8863
3 8229 1963 1962
3 8240 1962 1963
3 1962 8008 7993
3 8511 1963 8229
3 8240 1963 8870
3 8511 8865 1963
3 1963 8865 8870
3 1964 2111 2271
3 1964 5884 2111
3 1964 2271 2269
3 8864 1964 2269
3 8863 5884 1964
3 8863 1964 8864
3 1965 2112 8240
3 8881 2112 1965
3 1965 8869 2272
3 8881 1965 2272
3 8240 8870 1965
3 1965 8870 8869
3 6118 3462 1966
3 4761 6118 1966
3 4383 1967 7210
3 4383 10872 1967
3 4492 1967 10178
3 4492 11104 1967
3 7210 1967 11104
3 10872 10178 1967
3 1968 2111 5884
3 1968 8877 2111
3 8245 1968 5884
3 8245 8248 1968
3 1968 8248 8877
3 8005 8017 1969
3 8260 1969 8017
3 8260 8530 1969
3 8513 1969 8530
3 8245 1970 8248
3 8249 1970 8245
3 8248 1970 8518
3 1970 8257 8518
3 1971 1991 4082
3 4082 5870 1971
3 1971 5870 5195
3 8516 1972 5886
3 5886 1972 8520
3 8516 8879 1972
3 8520 1972 8521
3 1972 8879 8521
3 8257 1973 2115
3 13343 2115 1973
3 13343 1973 2116
3 8015 1973 8258
3 8257 8258 1973
3 4390 1974 4789
3 4390 4842 1974
3 8321 1975 5117
3 11143 5117 1975
3 5728 1975 6307
3 5728 11143 1975
3 5729 6307 1975
3 8321 5729 1975
3 8262 2117 1976
3 2117 8524 1976
3 2119 8522 1976
3 2119 1976 8524
3 8260 8262 1976
3 8260 1976 8522
3 1981 2288 1977
3 8272 1981 1977
3 8531 1977 2288
3 8272 1977 8263
3 8541 1978 2130
3 1978 8900 2130
3 7606 1978 8266
3 8266 1978 8541
3 1979 2286 2287
3 8267 2286 1979
3 1979 2287 8539
3 8267 1979 8032
3 1979 8286 8032
3 1979 8539 8286
3 2128 8270 1980
3 8909 2128 1980
3 1980 8270 8269
3 8539 8909 1980
3 8557 2138 1981
3 9289 1981 2138
3 9289 2288 1981
3 8557 1981 8272
3 1982 6395 8277
3 8278 6395 1982
3 1982 8274 8276
3 1982 8277 8274
3 8425 1982 8276
3 8278 1982 8914
3 8914 1982 8425
3 10762 1983 11007
3 11726 1983 10762
3 11001 1983 11726
3 1984 8278 2292
3 9293 1984 2292
3 1984 7560 5912
3 1984 5912 8278
3 1984 10201 7560
3 10201 1984 9293
3 9298 1985 2449
3 1985 9874 2449
3 8921 1985 10126
3 11698 1985 8921
3 9298 10126 1985
3 11698 9874 1985
3 1986 11787 3565
3 1986 3565 12633
3 12395 1986 3754
3 3754 1986 12633
3 11982 11787 1986
3 11982 1986 12206
3 12395 12206 1986
3 2060 4535 1987
3 4788 1987 4535
3 4884 1987 4788
3 4884 7623 1987
3 7587 1987 7623
3 8919 7395 1988
3 9890 1988 7395
3 8285 8919 1988
3 2358 1989 2404
3 2358 3228 1989
3 2404 1989 2384
3 3051 2384 1989
3 11230 3051 1989
3 11230 1989 3228
3 1993 2297 1990
3 1993 1990 8929
3 1990 2297 2138
3 8289 1990 2138
3 4082 1991 5456
3 1992 5710 3730
3 1992 4757 5710
3 1993 2300 2297
3 1993 8566 2300
3 1993 8929 8566
3 1994 5925 2037
3 1994 5575 5567
3 9307 1995 2142
3 1995 8049 8046
3 8297 8049 1995
3 9307 8297 1995
3 1996 3020 8624
3 8629 3020 1996
3 1996 4753 8777
3 1996 11338 4753
3 1996 8624 11338
3 8629 1996 8777
3 8570 1997 2146
3 1997 10588 5937
3 8059 8302 1998
3 8059 1998 8571
3 8587 1998 8302
3 1998 8572 8571
3 8586 8572 1998
3 8586 1998 8587
3 7508 1999 2001
3 7508 8587 1999
3 7760 1999 8302
3 8587 8302 1999
3 2000 8583 8303
3 8576 2000 8570
3 8576 8583 2000
3 7508 2001 7538
3 7538 2001 9834
3 2001 8312 9834
3 2002 7208 2007
3 8312 2002 2007
3 2002 7216 7208
3 2003 2155 2004
3 2003 2009 8590
3 2003 8590 2155
3 2155 2151 2004
3 6439 2004 2151
3 8308 2004 6439
3 7175 8068 2005
3 7175 2005 8072
3 8074 8072 2005
3 8074 2005 8313
3 7765 8303 2006
3 2006 8303 8584
3 8311 2006 8584
3 7565 8312 2007
3 7565 2007 8591
3 2008 2044 4842
3 6734 2044 2008
3 4390 4737 2008
3 4390 2008 4842
3 6734 2008 4737
3 2214 2009 2010
3 8074 2010 2009
3 2214 8590 2009
3 2214 2010 9792
3 8074 8313 2010
3 2010 8313 8315
3 9792 2010 8315
3 2245 2011 2385
3 4275 2385 2011
3 4054 4275 2011
3 2259 8165 2012
3 2259 2012 9634
3 8167 2012 8165
3 2012 8167 9288
3 2012 9288 9287
3 9634 2012 9287
3 4302 2013 3029
3 13427 3029 2013
3 4302 3860 2013
3 2013 3860 4432
3 4689 2013 4432
3 13427 2013 4689
3 6785 4684 2014
3 4684 13491 2014
3 2014 5424 12925
3 2014 13491 5424
3 6785 2014 12925
3 2024 2015 2016
3 2016 2015 8630
3 2024 2022 2015
3 2022 8319 2015
3 2015 8319 8628
3 2015 8628 8630
3 2024 2016 8320
3 2025 8320 2016
3 2025 2016 8630
3 2020 8322 2017
3 2020 2017 8643
3 2027 2017 8322
3 8649 2017 2027
3 8635 8643 2017
3 8635 2017 8649
3 4519 2018 2075
3 6680 4398 2018
3 6718 2018 4519
3 6718 6680 2018
3 3973 2019 4021
3 9244 4021 2019
3 4590 2019 7792
3 9244 2019 4590
3 2031 2030 2020
3 2030 8322 2020
3 2031 2020 8644
3 2020 8643 8644
3 2181 2021 8319
3 2181 9017 2021
3 8319 2021 8628
3 8628 2021 8639
3 8646 8639 2021
3 8646 2021 9017
3 2024 8326 2022
3 2181 2022 2035
3 2035 2022 8326
3 2181 8319 2022
3 2023 3813 13237
3 2023 13519 4116
3 13512 2023 13237
3 13512 13519 2023
3 2033 2024 8320
3 2033 8326 2024
3 2025 2026 8320
3 2025 8647 2026
3 2025 8630 2174
3 2025 2174 8647
3 2026 8647 2182
3 2026 2182 8655
3 8320 2026 8654
3 2026 8655 8654
3 2027 2187 2179
3 8649 2027 2179
3 2027 8658 2187
3 2027 8322 8658
3 2038 2028 2030
3 2030 2028 8322
3 8676 2028 2038
3 2028 8658 8322
3 2028 8660 8658
3 8676 8660 2028
3 3973 2029 2133
3 2133 2029 4313
3 3963 3961 2029
3 3961 8636 2029
3 3963 2029 4021
3 3973 4021 2029
3 8636 4313 2029
3 2031 8657 2030
3 2038 2030 8657
3 8650 4767 2031
3 4767 8657 2031
3 8650 2031 8644
3 2035 8326 2032
3 2035 2032 9032
3 2036 2032 8326
3 2036 8673 2032
3 2194 2032 8673
3 2194 9032 2032
3 2036 8326 2033
3 2036 2033 8663
3 2033 8320 8654
3 2033 8654 8663
3 11555 2034 7153
3 2034 12372 7153
3 7494 9880 2034
3 7494 2034 11555
3 2034 9880 12590
3 2034 12590 12372
3 2181 2035 2185
3 2035 9032 2185
3 2036 8663 8662
3 2036 8662 8673
3 2037 5925 6127
3 8661 2038 8657
3 8661 8667 2038
3 8667 8676 2038
3 2039 8679 2198
3 2039 2198 8684
3 8334 2039 4763
3 2039 8684 4763
3 6504 2039 8334
3 2039 6504 8679
3 6524 3352 2040
3 3352 11956 2040
3 11954 6524 2040
3 11954 2040 11953
3 11953 2040 11956
3 8333 6522 2041
3 8692 2041 6522
3 8340 8333 2041
3 8704 8340 2041
3 8696 2041 8692
3 8704 2041 8696
3 5961 8337 2042
3 5961 2042 8343
3 2042 8337 6538
3 2042 6538 8687
3 8701 8343 2042
3 8690 2042 8687
3 8701 2042 8690
3 2043 8700 6536
3 10101 2043 6536
3 10101 7787 2043
3 2043 8342 8700
3 4736 2044 6864
3 6734 6864 2044
3 2045 6585 8348
3 2045 9019 6585
3 8350 2045 8349
3 8350 9019 2045
3 8350 8349 2046
3 8351 2046 8349
3 8350 2046 9102
3 8704 2046 8351
3 8705 2046 8704
3 8705 9102 2046
3 3049 2047 7182
3 3049 11482 2047
3 7182 2047 9189
3 7730 2051 2048
3 2051 8085 2048
3 8085 6837 2048
3 2048 6837 8343
3 7730 2048 8343
3 2049 4729 9150
3 12032 4729 2049
3 4778 6247 2049
3 4778 2049 9150
3 6476 2049 6247
3 12032 2049 6476
3 2369 9112 2050
3 9414 2369 2050
3 2050 6642 6585
3 2050 6585 9019
3 9112 6642 2050
3 9412 2050 9019
3 9414 2050 9412
3 6748 8364 2051
3 6748 2051 9106
3 7730 8709 2051
3 2051 8364 8085
3 9106 2051 8709
3 2052 6778 6773
3 2052 6773 8715
3 11011 6778 2052
3 2052 8715 9418
3 11011 2052 9418
3 4851 6321 2053
3 4851 2053 10232
3 6321 7384 2053
3 13483 2053 7384
3 2372 2054 8370
3 10616 2054 2372
3 5998 10063 2054
3 10616 5998 2054
3 7803 8370 2054
3 7803 2054 10063
3 6623 2055 8372
3 9422 2055 6623
3 2055 8370 8372
3 8373 8370 2055
3 9422 8373 2055
3 7755 2056 2373
3 12244 2373 2056
3 7755 6794 2056
3 2056 6794 9761
3 2056 9761 9421
3 12244 2056 9421
3 6623 7809 2057
3 6623 2057 9125
3 2057 6819 9125
3 2057 10052 6819
3 2057 7809 6831
3 2057 6831 10772
3 2057 10772 10052
3 9489 6003 2058
3 8384 2058 8382
3 9136 2058 8384
3 9136 9134 2058
3 9134 9489 2058
3 9249 2059 6035
3 6035 2059 10050
3 2059 8384 8385
3 9136 8384 2059
3 2059 8385 10050
3 9249 9136 2059
3 2060 4738 4535
3 2060 4555 4738
3 4881 11745 2061
3 2062 9429 3064
3 2062 3064 13584
3 2062 9138 9429
3 2063 13239 3887
3 2063 3887 13450
3 2063 4958 11842
3 2063 13450 4958
3 4983 2063 11842
3 4983 13239 2063
3 8745 7908 2064
3 8979 8745 2064
3 2382 2065 6982
3 2382 9437 2065
3 3473 2065 9680
3 2065 9437 9680
3 2066 7873 8732
3 8737 7873 2066
3 8734 2066 8732
3 8734 9440 2066
3 8737 2066 9440
3 7012 8407 2067
3 7012 2067 8726
3 2067 8407 8114
3 9158 8726 2067
3 2068 3194 8411
3 9164 3194 2068
3 7942 2068 8413
3 9452 2068 7942
3 2068 8411 8413
3 9452 9164 2068
3 4735 4555 2069
3 2070 2923 2217
3 2070 8758 2923
3 3186 2103 2071
3 2103 5008 2071
3 3186 2071 4085
3 5033 4085 2071
3 2071 5008 13160
3 5033 2071 13160
3 8420 2072 2225
3 2225 2072 9175
3 8419 8409 2072
3 8409 9169 2072
3 8420 8419 2072
3 9175 2072 9169
3 2396 2226 2073
3 2396 2073 8744
3 3811 9984 2073
3 9984 8744 2073
3 6124 2074 9981
3 6124 13582 2074
3 8750 8744 2074
3 9984 2074 8744
3 8750 2074 13582
3 9981 2074 9984
3 4519 2075 2089
3 2089 2075 13623
3 4168 13623 2075
3 7048 2076 7057
3 8430 2076 7048
3 7057 2076 9450
3 8430 8429 2076
3 8429 9456 2076
3 9456 9450 2076
3 3121 2077 8428
3 8976 2077 3121
3 8437 8428 2077
3 9186 8437 2077
3 8976 8964 2077
3 8964 9186 2077
3 5118 2078 5300
3 5118 5303 2078
3 5129 5300 2078
3 5129 2078 11203
3 2078 5303 5132
3 2078 5132 11203
3 2079 8775 2231
3 10314 2079 2231
3 2079 8435 8775
3 9955 8435 2079
3 9180 9955 2079
3 9180 2079 12505
3 10314 12505 2079
3 12932 3986 2080
3 13164 2080 3986
3 2080 4125 9143
3 13164 4125 2080
3 13161 2080 9143
3 12932 2080 13161
3 8442 2081 8438
3 2081 8774 8438
3 8442 9193 2081
3 2081 9187 8774
3 2081 9198 9187
3 2081 9193 9198
3 3173 2082 4549
3 3173 7354 2082
3 2082 4299 4328
3 7354 4299 2082
3 11619 2082 4328
3 11619 4549 2082
3 2083 2526 2231
3 2083 2231 8775
3 9486 2526 2083
3 2083 8775 8446
3 9486 2083 8446
3 2406 2086 2084
3 2086 8449 2084
3 2406 2084 7190
3 2084 8449 3424
3 2084 3424 10016
3 7190 2084 10016
3 2085 2410 2409
3 2085 2409 8787
3 2085 9208 2410
3 2085 8452 8163
3 2085 8163 9208
3 2085 8787 8452
3 9783 2086 2406
3 9211 8449 2086
3 9211 2086 9209
3 9209 2086 9783
3 3334 10775 2087
3 11904 3334 2087
3 3613 2087 12104
3 12105 2087 3613
3 2087 10775 12104
3 11904 2087 12105
3 9213 2088 7219
3 2088 8170 8462
3 2088 8808 8170
3 9213 8808 2088
3 2097 2089 4396
3 2097 4519 2089
3 3798 4396 2089
3 3798 2089 13623
3 3222 3994 2090
3 5931 3222 2090
3 2090 5157 13166
3 5931 2090 13166
3 8467 2091 7967
3 2091 9221 7967
3 8183 2091 8467
3 2092 8472 2248
3 2092 2248 8819
3 2093 4869 4610
3 2093 4610 7199
3 2093 7199 4725
3 2093 4725 8986
3 2093 4920 4869
3 2093 8986 4920
3 8474 6057 2094
3 6057 8822 2094
3 8474 2094 8817
3 9813 8817 2094
3 8823 2094 8822
3 9813 2094 8823
3 7344 2095 7905
3 7905 2095 8822
3 7909 8480 2095
3 2095 8480 8824
3 2095 8824 8822
3 7853 2096 2418
3 9225 2418 2096
3 7853 9520 2096
3 8120 8479 2096
3 8120 2096 9520
3 9225 2096 8479
3 2097 4396 11320
3 2097 6801 4519
3 2097 6759 6801
3 2097 11320 6759
3 8840 10508 2098
3 8846 2098 10508
3 2099 2102 2260
3 2258 2099 2260
3 2258 8210 2099
3 4915 2100 2392
3 2392 2100 7183
3 4726 7183 2100
3 9003 4726 2100
3 7309 8493 2101
3 8846 7309 2101
3 8492 2101 8493
3 10374 2101 8492
3 2102 8843 2260
3 3186 13439 2103
3 2103 12941 5008
3 2103 13165 12941
3 2103 13439 13165
3 2549 4775 2104
3 8985 2549 2104
3 2104 4775 9055
3 4981 2104 4920
3 2104 9055 4920
3 4981 8985 2104
3 8501 2264 2105
3 2264 9536 2105
3 8499 2105 6365
3 8499 8501 2105
3 8500 2106 8501
3 8501 2106 8858
3 2106 8859 8858
3 9537 8502 2107
3 9533 2107 8848
3 9537 2107 9533
3 8502 8637 2108
3 8505 2108 8637
3 8227 2109 8222
3 8507 8222 2109
3 8510 2109 8227
3 2110 3032 6512
3 2110 6676 3032
3 2110 6512 11186
3 2110 10950 6676
3 2110 10952 10950
3 2110 11186 10952
3 2111 9250 2271
3 2111 8877 9250
3 8516 2112 8879
3 8881 8879 2112
3 2113 8513 7325
3 8527 2113 7325
3 8527 7338 2113
3 8251 8513 2113
3 2115 3779 8518
3 2115 9551 3779
3 8257 2115 8518
3 13343 9551 2115
3 2116 7338 13463
3 13343 2116 13339
3 13339 2116 13463
3 2117 8520 2120
3 2117 2120 8524
3 8519 8520 2117
3 5432 8609 2118
3 9347 5432 2118
3 2118 8609 9360
3 9347 2118 10621
3 10621 2118 9360
3 8252 8885 2119
3 8252 2119 9613
3 8885 8522 2119
3 2119 8524 9613
3 8228 8524 2120
3 8228 2120 11521
3 8520 8521 2120
3 8521 11521 2120
3 2148 2121 4518
3 2148 13620 2121
3 2121 11301 4518
3 13622 2121 13620
3 2122 8525 7358
3 2122 7358 8896
3 8526 2122 8082
3 8082 2122 8892
3 8526 8525 2122
3 8892 2122 8896
3 7358 7325 2123
3 7325 8198 2123
3 7358 2123 8896
3 8198 8885 2123
3 8259 2123 8885
3 8259 8896 2123
3 6369 2124 2126
3 9279 2126 2124
3 8531 9279 2124
3 4954 2137 2125
3 12057 2125 2137
3 2125 4934 5597
3 12057 4934 2125
3 4954 2125 12957
3 2125 5597 9502
3 2125 9502 12957
3 6369 2126 10157
3 9865 9275 2126
3 9275 10157 2126
3 9865 2126 9279
3 4053 2127 4274
3 4053 13350 2127
3 2127 4393 4274
3 2128 2445 2134
3 2128 2134 8270
3 9276 2445 2128
3 8909 9276 2128
3 2129 8544 8027
3 2129 8541 8542
3 2129 8542 8911
3 2129 8911 8544
3 8541 2130 8542
3 9280 8542 2130
3 2130 8900 9560
3 9280 2130 9281
3 2130 9560 9281
3 4838 4733 2131
3 8267 2132 2286
3 2132 9286 2286
3 2132 8537 7419
3 10556 2132 7419
3 8267 8537 2132
3 10556 9286 2132
3 3973 2133 9269
3 4851 9269 2133
3 2134 2445 2452
3 2458 2134 2452
3 2458 8551 2134
3 2134 8551 8270
3 4732 2135 2246
3 4733 2135 2368
3 2368 2135 7038
3 4732 7038 2135
3 5312 5516 2136
3 12165 5312 2136
3 2136 5516 8489
3 2136 8489 8490
3 12185 2136 8490
3 12165 2136 12185
3 4954 5136 2137
3 2137 5136 6649
3 2137 6649 10036
3 12057 2137 10036
3 2459 2138 2297
3 2459 9289 2138
3 8557 8289 2138
3 2139 6408 2462
3 2139 2462 9602
3 2139 8554 6408
3 2139 7430 8554
3 2139 9602 7430
3 2140 8330 2141
3 8555 2140 2141
3 2140 2458 8330
3 2140 8551 2458
3 8555 2141 8288
3 2141 10233 8288
3 2141 8330 9895
3 2141 9895 10233
3 8288 10233 2142
3 9307 2142 9306
3 9306 2142 10233
3 2143 2300 8566
3 9611 2300 2143
3 2584 2143 8565
3 2584 9611 2143
3 6430 8565 2143
3 6430 2143 8566
3 2144 4948 2821
3 4970 2144 2821
3 2144 4971 4948
3 4970 11971 2144
3 2144 13595 4971
3 11971 13595 2144
3 2145 8947 2467
3 9131 2145 2467
3 2145 5941 6439
3 2145 8568 5941
3 2145 6439 8947
3 9131 8568 2145
3 9319 2146 2306
3 8570 2146 8949
3 9319 8949 2146
3 8512 9519 2147
3 8512 2147 9863
3 8586 2147 8572
3 8941 8572 2147
3 8586 9863 2147
3 8941 2147 9519
3 2202 2148 4518
3 2148 4277 13620
3 9326 2154 2149
3 8578 8579 2149
3 8579 9326 2149
3 2470 2150 2308
3 2308 2150 8944
3 8579 2150 2470
3 8578 2150 8579
3 8578 8580 2150
3 8580 8944 2150
3 8950 2151 2155
3 8947 6439 2151
3 8947 2151 9325
3 8950 9325 2151
3 2152 8584 8583
3 9876 2152 8583
3 9876 8592 2152
3 5734 10520 2153
3 6308 2153 11323
3 8453 2153 10520
3 8453 11323 2153
3 2154 2156 8591
3 9326 2156 2154
3 8590 3645 2155
3 8950 2155 3645
3 9326 2310 2156
3 10684 2156 2310
3 9868 8591 2156
3 9868 2156 10684
3 11600 2157 7110
3 11672 7110 2157
3 8593 2309 2158
3 2158 2309 9328
3 2472 2158 9328
3 2472 9334 2158
3 8593 2158 8070
3 2158 9334 8070
3 2159 7376 7081
3 2159 7081 12516
3 2159 8202 7376
3 7646 8202 2159
3 8607 2162 2160
3 9853 2160 2162
3 9466 8607 2160
3 9466 2160 8958
3 9869 8958 2160
3 9869 2160 9853
3 5944 2161 4853
3 4853 2161 10339
3 6406 4854 2161
3 4854 10359 2161
3 5944 6406 2161
3 2161 10359 10339
3 8607 2388 2162
3 2388 9785 2162
3 8614 7576 2162
3 9853 2162 7576
3 8614 2162 9785
3 8608 2163 8625
3 8608 8677 2163
3 13580 8625 2163
3 2163 8677 9396
3 2163 9396 13492
3 9826 2163 13492
3 13580 2163 9826
3 2167 2164 8609
3 2167 8671 2164
3 2164 9360 8609
3 2164 8671 8980
3 2164 8980 9352
3 2164 9352 9360
3 2165 4093 2169
3 13189 2165 2169
3 2165 4092 3298
3 2165 3298 4093
3 13185 4092 2165
3 13189 13185 2165
3 2166 9410 2170
3 13502 2166 2170
3 2166 8613 7622
3 2166 7622 8664
3 13502 8613 2166
3 2166 8664 9410
3 2167 2168 8671
3 2167 9785 2168
3 2167 8609 8058
3 2167 8058 9785
3 2388 8617 2168
3 2388 2168 9785
3 8617 8971 2168
3 2168 8971 8671
3 2169 4095 2200
3 13189 2169 2200
3 2169 4093 9092
3 2169 11283 4095
3 2169 9092 11283
3 2170 9410 8625
3 13580 2170 8625
3 13490 13502 2170
3 13490 2170 13580
3 2171 5837 5838
3 2171 5838 5845
3 2171 5845 11948
3 8628 2173 2172
3 2172 2173 8996
3 2172 2174 8630
3 2174 2172 9001
3 8628 2172 8630
3 2172 8996 9001
3 2173 2327 2328
3 2173 8639 2327
3 2173 2328 8996
3 8628 8639 2173
3 2330 8647 2174
3 2330 2174 9001
3 4731 11490 2175
3 8651 2175 4837
3 2176 12562 3724
3 3920 12784 2176
3 2176 12548 12562
3 2176 12784 12548
3 2323 8645 2177
3 2323 2177 8989
3 2326 2177 8635
3 2326 8989 2177
3 2177 8643 8635
3 2177 8645 8643
3 8639 2178 2327
3 2178 9355 2327
3 2335 2481 2178
3 2335 2178 8646
3 2481 9355 2178
3 8646 2178 8639
3 9015 2179 2187
3 8649 2179 9011
3 9011 2179 8907
3 9015 8907 2179
3 2323 2180 8645
3 2323 8997 2180
3 2180 2395 8645
3 2180 9365 2395
3 2180 8997 2480
3 2180 2480 10692
3 2180 10692 9365
3 2181 2185 9024
3 2181 9024 9017
3 2332 2182 9009
3 10736 2182 2332
3 8647 9009 2182
3 10736 8655 2182
3 9023 2183 2336
3 9365 2336 2183
3 2395 2183 8650
3 2395 9365 2183
3 8650 2183 8653
3 8653 2183 9023
3 2184 4767 8653
3 2184 8661 4767
3 2184 8653 9021
3 2184 8668 8661
3 2184 9035 8668
3 2184 9021 9028
3 2184 9028 9035
3 2338 9024 2185
3 2338 2185 9031
3 2185 9032 9031
3 2342 9034 2186
3 9368 2342 2186
3 8654 8655 2186
3 8654 2186 8663
3 9368 2186 8655
3 9033 8663 2186
3 9034 9033 2186
3 8658 7696 2187
3 7696 9020 2187
3 9020 9015 2187
3 9027 2188 2339
3 2339 2188 9317
3 8660 3711 2188
3 2188 3711 9317
3 7696 8660 2188
3 7696 2188 9027
3 2189 2247 6417
3 6946 2247 2189
3 2189 6417 6634
3 6946 2189 6633
3 2190 4313 9283
3 2190 4890 4925
3 2190 9283 4890
3 5874 2190 4925
3 2191 2196 2353
3 2191 7711 2196
3 2191 2353 9051
3 2191 7710 7711
3 2191 9037 7710
3 2191 9051 9037
3 2192 9035 2488
3 9147 2192 2488
3 2192 8678 8668
3 2192 8668 9035
3 2192 9054 8678
3 9147 9054 2192
3 2193 2194 8673
3 2193 9038 2194
3 2193 8673 7703
3 2193 7703 9048
3 2193 9044 9038
3 2193 9048 9044
3 2341 9032 2194
3 2341 2194 9038
3 4962 2195 8529
3 4962 11896 2195
3 4988 2195 7299
3 8529 2195 4988
3 8503 7299 2195
3 11896 8503 2195
3 2353 2196 7998
3 2196 7711 8678
3 2196 9054 7998
3 2196 8678 9054
3 2197 5181 2442
3 6252 2197 2442
3 4268 5181 2197
3 4268 2197 8905
3 8816 2197 6252
3 8816 8905 2197
3 2355 8684 2198
3 2355 2198 9081
3 8679 9084 2198
3 2198 9084 9081
3 2199 3015 8683
3 2199 8697 3015
3 9069 2199 8683
3 9099 8697 2199
3 9088 2199 9069
3 9088 9099 2199
3 2239 2200 4095
3 13190 2200 2239
3 13190 4094 2200
3 6538 2201 8688
3 6538 8699 2201
3 8688 2201 9087
3 8698 2201 8699
3 8698 9094 2201
3 9087 2201 9094
3 4395 2202 11402
3 2202 4518 11394
3 2202 11394 11402
3 2203 7724 8690
3 2203 9073 7724
3 2203 8690 8689
3 2203 8689 8691
3 2203 8691 9083
3 2203 9083 9073
3 2359 2207 2204
3 2204 2207 8693
3 2359 2204 9072
3 7724 2204 8693
3 2204 7724 9073
3 2204 9073 9072
3 8696 8697 2205
3 8705 8696 2205
3 2205 8697 9099
3 8705 2205 9103
3 2205 9099 9399
3 9103 2205 9399
3 8698 8700 2206
3 8698 2206 9093
3 8707 2206 8700
3 8707 8706 2206
3 9192 2206 8706
3 9192 9093 2206
3 2359 9025 2207
3 8709 8693 2207
3 9104 8709 2207
3 9104 2207 9025
3 2208 3736 12367
3 2208 12825 3736
3 2208 12819 3934
3 2208 3934 12825
3 2208 12367 5246
3 2208 5246 12819
3 6748 9415 2209
3 6748 2209 10066
3 2209 8715 8713
3 2209 8713 10066
3 2209 9417 8715
3 2209 9415 9417
3 7755 2373 2210
3 8475 2210 2373
3 6816 7755 2210
3 6816 2210 7775
3 9694 7775 2210
3 9694 2210 8475
3 8157 6956 2211
3 2211 6956 9433
3 7812 2211 9433
3 7812 13603 2211
3 8101 8157 2211
3 8101 2211 13603
3 4800 2281 2212
3 6737 2212 2281
3 3949 4800 2212
3 3949 2212 9283
3 6737 4890 2212
3 4890 9283 2212
3 7012 8726 2213
3 7012 2213 8728
3 8726 9713 2213
3 8728 2213 8731
3 2213 9714 8731
3 2213 9713 9714
3 2214 9474 8590
3 2214 9792 9474
3 2215 6059 8733
3 8734 6059 2215
3 2215 8733 9438
3 8734 2215 11124
3 2215 9438 9991
3 2215 9991 11124
3 9292 2216 3189
3 10898 3189 2216
3 10896 7496 2216
3 7496 10898 2216
3 9292 11137 2216
3 10896 2216 11135
3 11137 11135 2216
3 2923 9446 2217
3 2217 7898 7904
3 9446 7898 2217
3 10241 2217 7904
3 2218 11193 2221
3 2218 7912 11193
3 8746 2219 8409
3 8409 2219 9169
3 8746 8751 2219
3 2219 8751 10008
3 2219 9727 9169
3 2219 10008 9727
3 2748 9730 2220
3 2748 2220 10009
3 8750 2220 9731
3 8750 13582 2220
3 9731 2220 9730
3 10009 2220 13582
3 2221 3448 7095
3 9449 3448 2221
3 2221 11193 9449
3 2222 8756 3841
3 9462 2222 3841
3 7942 2222 8755
3 7942 8756 2222
3 9736 8755 2222
3 9736 2222 9462
3 3719 2223 12335
3 3719 12774 2223
3 2223 12545 12335
3 2223 12777 12545
3 2223 12774 12775
3 2223 12775 12777
3 2962 2224 7947
3 2962 8758 2224
3 8765 7947 2224
3 8759 2224 8758
3 8765 2224 8759
3 11234 8760 2225
3 2225 9175 9174
3 11234 2225 9174
3 2396 9473 2226
3 8764 2226 2398
3 9473 2398 2226
3 2227 6154 8760
3 2227 10694 6154
3 11234 2227 8760
3 2227 9470 8766
3 2227 8766 10694
3 11234 9470 2227
3 6873 12000 2228
3 12402 6873 2228
3 11792 2228 11793
3 11792 11794 2228
3 11793 2228 12000
3 12402 2228 11794
3 2229 8764 2399
3 2229 2399 8776
3 2229 8143 8140
3 2229 8140 8764
3 2229 8145 8143
3 2229 8776 8145
3 2230 2403 9178
3 9188 2403 2230
3 8774 9187 2230
3 9188 2230 9187
3 10047 2231 2526
3 10314 2231 10047
3 2407 2408 2232
3 2407 2232 9479
3 8781 2232 2408
3 6178 8776 2232
3 6178 2232 8781
3 8776 9479 2232
3 2525 9198 2233
3 2525 2233 9491
3 8779 2233 9193
3 8779 9205 2233
3 9193 2233 9198
3 9491 2233 9205
3 2405 2234 2532
3 2405 9184 2234
3 8797 2532 2234
3 8783 8003 2234
3 8003 8797 2234
3 8783 2234 9184
3 2529 8799 2235
3 2529 2235 9203
3 2235 8799 8794
3 2235 9185 9203
3 2236 6211 2237
3 9487 2236 2237
3 2236 8460 6211
3 2236 11293 8460
3 9486 2236 9487
3 9486 11293 2236
3 8791 2237 6211
3 9493 2237 8791
3 10058 9487 2237
3 10058 2237 9493
3 6502 4247 2238
3 6350 2238 4372
3 6350 6490 2238
3 6502 2238 6490
3 2239 4095 10962
3 13190 2239 4290
3 6213 2240 8003
3 6213 8798 2240
3 8003 2240 8797
3 9500 8797 2240
3 8798 8805 2240
3 8804 2240 8805
3 9500 2240 8804
3 2241 8800 8799
3 2241 8799 9499
3 9506 8802 2241
3 9506 2241 9499
3 2242 8802 9504
3 2242 9504 8807
3 2243 8051 2394
3 9795 2243 2394
3 2243 6246 8051
3 8805 6246 2243
3 8804 8805 2243
3 8804 2243 9795
3 9213 2244 2412
3 9804 2412 2244
3 8813 2244 7219
3 9213 7219 2244
3 9204 2244 8813
3 9806 2244 9204
3 9804 2244 9806
3 11410 2245 2385
3 11380 2245 4617
3 4617 2245 11410
3 8573 4732 2246
3 11005 6417 2247
3 11005 2247 11105
3 7962 2417 2248
3 8819 2248 2417
3 7962 2248 8962
3 2248 8472 8962
3 2249 12269 6234
3 2249 6234 12693
3 6929 9685 2249
3 2249 9685 12269
3 5319 5322 2250
3 5322 5355 2250
3 8811 2250 5355
3 8811 6212 2250
3 2251 6942 4716
3 2251 4716 8803
3 2251 5408 5404
3 7408 2251 5404
3 2251 8803 5408
3 7408 6942 2251
3 2540 2252 2666
3 2540 8096 2252
3 8672 2666 2252
3 7293 2252 8096
3 7293 8825 2252
3 9521 8672 2252
3 9521 2252 8825
3 2667 2253 8948
3 2667 9819 2253
3 8483 8152 2253
3 2253 8152 8827
3 8483 2253 9819
3 8948 2253 8827
3 5227 2254 5408
3 5227 8844 2254
3 2254 5404 5408
3 2254 11705 5404
3 11624 2254 8844
3 11624 11705 2254
3 2258 2255 8837
3 2258 9231 2255
3 8833 2255 2542
3 2542 2255 9526
3 8837 2255 8833
3 9231 9526 2255
3 5527 2256 2543
3 8483 2543 2256
3 5704 2256 5527
3 5704 8835 2256
3 8483 2256 8203
3 8835 8203 2256
3 3162 5380 2257
3 3162 2257 9623
3 2257 5380 4716
3 2257 4716 7447
3 2257 7447 8801
3 2257 8801 9623
3 2258 2260 9231
3 2281 3923 2259
3 2281 2259 9604
3 3923 8165 2259
3 9604 2259 9634
3 9234 2260 8843
3 9234 9231 2260
3 11510 2261 5875
3 11510 10635 2261
3 7309 2262 8493
3 9531 2262 7309
3 2262 8497 8493
3 2262 8848 8497
3 9533 8848 2262
3 9533 2262 9531
3 5409 2422 2263
3 2263 2422 8852
3 5409 2263 2668
3 9539 2668 2263
3 9539 2263 9536
3 2264 8858 2424
3 2264 2424 9538
3 8501 8858 2264
3 2264 9538 9536
3 12537 11923 2265
3 2265 11923 13424
3 2265 11924 11925
3 2265 13424 11924
3 2265 11925 12341
3 12537 2265 12341
3 10705 2266 3027
3 11174 3027 2266
3 10704 2266 10144
3 10705 10144 2266
3 10707 2266 10704
3 11174 2266 10707
3 2267 4469 2277
3 2267 2277 5497
3 12123 4469 2267
3 2267 5497 8801
3 2267 8801 7447
3 12123 2267 7447
3 9242 2426 2268
3 2268 2426 9544
3 8226 2268 8511
3 8226 9242 2268
3 8511 2268 8865
3 2268 9544 8865
3 2430 2269 2271
3 2674 2428 2269
3 8864 2269 2428
3 2674 2269 2430
3 2429 8869 2270
3 9836 2429 2270
3 8870 8865 2270
3 8865 9544 2270
3 8870 2270 8869
3 9836 2270 9544
3 2430 2271 9250
3 2429 2272 8869
3 9248 2272 2429
3 2675 8881 2272
3 2675 2272 9248
3 10919 2273 7116
3 2273 11374 7116
3 7327 7581 2273
3 7327 2273 10919
3 11158 2273 7581
3 11374 2273 11158
3 3774 5199 2274
3 3774 2274 12892
3 12900 2274 5199
3 12896 12892 2274
3 12896 2274 13140
3 12900 13140 2274
3 2432 2275 4847
3 3779 9551 2275
3 4847 2275 4177
3 4177 2275 9551
3 9550 2557 2276
3 9554 2276 2557
3 2276 8521 8879
3 2276 11521 8521
3 9550 2276 8879
3 9554 11521 2276
3 5572 2277 3140
3 5938 3140 2277
3 5938 2277 4469
3 5572 5497 2277
3 9614 9259 2278
3 9259 10125 2278
3 9265 9263 2278
3 10154 2278 9263
3 9265 2278 9563
3 10125 9563 2278
3 9614 2278 10154
3 8275 2279 2280
3 2280 2279 9267
3 8275 8891 2279
3 8889 2279 8891
3 8889 9612 2279
3 2279 9263 9267
3 9612 9263 2279
3 8275 2280 9266
3 9266 2280 9270
3 9268 2280 9267
3 9268 9270 2280
3 3923 2281 4800
3 6737 2281 9604
3 2282 7341 8014
3 2282 8016 7341
3 2282 8014 9569
3 2282 8353 8016
3 2282 9262 8353
3 2282 9567 9262
3 2282 9569 9567
3 2311 2283 8532
3 10130 2283 2311
3 4730 7105 2283
3 10130 4730 2283
3 8532 2283 7102
3 8862 7102 2283
3 8862 2283 7105
3 3846 2453 2284
3 2284 2453 7039
3 3846 2284 11827
3 6338 6542 2284
3 6338 2284 7039
3 2284 6542 11827
3 8416 8899 2285
3 8416 2285 9560
3 2285 8899 9586
3 2285 9281 9560
3 10482 9281 2285
3 10482 2285 9586
3 2286 2443 2287
3 2286 9286 2443
3 2443 9277 2287
3 8539 2287 8909
3 8909 2287 9277
3 9279 2288 2446
3 9289 2446 2288
3 8531 2288 9279
3 2289 5915 4466
3 2289 4466 8831
3 2289 8304 5915
3 2289 10443 8304
3 2289 8831 10443
3 2291 2290 8356
3 2291 8914 2290
3 2290 2448 8356
3 8911 2448 2290
3 8911 2290 8425
3 2290 8914 8425
3 2292 8914 2291
3 9294 2292 2291
3 10166 2291 8356
3 9294 2291 10166
3 2292 8278 8914
3 9294 9293 2292
3 8281 2293 8917
3 8281 10126 2293
3 8917 2293 8918
3 8918 2293 9298
3 9298 2293 10126
3 2577 2697 2294
3 8918 2577 2294
3 9163 2294 2697
3 8919 2294 7395
3 9163 7395 2294
3 8918 2294 8919
3 2295 3998 12231
3 2295 13467 3998
3 2295 10203 4211
3 2295 4211 13467
3 2295 12231 4914
3 2295 4914 13470
3 2295 13470 10203
3 8243 4594 2296
3 4594 9311 2296
3 5860 9288 2296
3 5860 2296 9311
3 8243 2296 8659
3 8659 2296 9288
3 9606 2297 2300
3 2459 2297 9603
3 9603 2297 9606
3 8925 2460 2298
3 2460 9893 2298
3 8925 2298 8924
3 8924 2298 9898
3 2298 9893 9898
3 11156 2299 3191
3 11253 3191 2299
3 7582 2299 11156
3 11331 2299 7582
3 11331 11198 2299
3 12772 2299 11198
3 11253 2299 12772
3 9606 2300 9611
3 2301 4189 7713
3 2301 12334 4189
3 2301 7747 4461
3 2301 4461 12334
3 2301 7713 5882
3 2301 5882 7747
3 2302 9137 9314
3 2302 10262 9137
3 9314 10207 2302
3 2303 2374 4214
3 2303 13474 2374
3 3900 13474 2303
3 2303 4214 4907
3 2465 8478 2304
3 2465 2304 9906
3 2304 8478 9310
3 13206 2304 9310
3 13206 9906 2304
3 8941 2469 2305
3 11758 2305 2469
3 7432 2305 8565
3 8565 2305 11758
3 9309 9315 2306
3 9315 9320 2306
3 9319 2306 9320
3 2740 2307 2657
3 8987 2657 2307
3 2740 6393 2307
3 9173 2307 6393
3 7767 8987 2307
3 9173 7767 2307
3 13414 2470 2308
3 2308 8944 8478
3 2308 8478 9316
3 13414 2308 9316
3 8593 8949 2309
3 9319 2309 8949
3 9319 9321 2309
3 9321 9328 2309
3 10553 2310 9326
3 10327 9510 2310
3 10684 2310 9510
3 10553 10327 2310
3 10122 2311 8532
3 10128 2311 10122
3 2755 9273 2312
3 2755 2312 12709
3 5605 2312 9273
3 12728 12709 2312
3 2787 2313 2475
3 2313 9347 2475
3 2787 9122 2313
3 3764 5432 2313
3 9122 3764 2313
3 9347 2313 5432
3 8534 2314 9510
3 8534 10495 2314
3 8958 2314 8556
3 2314 10495 8556
3 9869 2314 8958
3 10684 9510 2314
3 9869 10684 2314
3 2315 9077 8547
3 2315 8547 9490
3 2315 10542 9077
3 2315 9396 10542
3 2315 13492 9396
3 2315 9490 13492
3 8875 2316 9336
3 8875 9633 2316
3 2316 8973 9336
3 2316 10548 8973
3 2316 9633 9346
3 2316 9346 10548
3 2317 11922 9223
3 2317 9223 12665
3 10024 11922 2317
3 2319 8560 2318
3 2319 2318 8847
3 9075 2318 2478
3 2318 10665 2478
3 8560 10665 2318
3 9075 8847 2318
3 2319 8564 8560
3 2319 10647 8564
3 2319 8847 8830
3 2319 8830 10647
3 4739 2348 2320
3 2348 6434 2320
3 2320 2775 5185
3 2320 9327 2775
3 4739 2320 5185
3 6434 9327 2320
3 10548 2321 8974
3 10659 8974 2321
3 9638 9091 2321
3 9091 10652 2321
3 9638 2321 9346
3 10548 9346 2321
3 10659 2321 10652
3 2322 8641 2325
3 2322 2325 9402
3 2326 8641 2322
3 2326 2322 9370
3 2322 10658 9370
3 2322 9402 10658
3 2323 8989 9442
3 2323 9442 8997
3 8821 8604 2324
3 8981 2324 8604
3 8675 2324 8981
3 8675 9001 2324
3 8821 2324 8996
3 9001 8996 2324
3 8641 9011 2325
3 2325 9002 8680
3 9402 2325 8680
3 2325 9011 9002
3 2326 8635 8641
3 2326 9370 8989
3 9369 2328 2327
3 9369 2327 9355
3 8821 2328 8992
3 8821 8996 2328
3 8992 2328 9369
3 2329 2385 2343
3 2329 2343 4273
3 11410 2385 2329
3 4516 2329 4273
3 4517 2329 4516
3 4517 11410 2329
3 2330 9009 8647
3 8893 2330 8675
3 2330 9001 8675
3 8893 9009 2330
3 2331 2482 9079
3 2331 9322 2482
3 2331 8680 9002
3 2331 9076 8680
3 2331 9002 9322
3 2331 9079 9076
3 9361 5690 2332
3 10736 2332 5690
3 2332 9009 9330
3 9361 2332 9330
3 2333 8907 9015
3 2333 9364 8907
3 9020 2333 9015
3 9020 9052 2333
3 9052 10538 2333
3 2333 10538 9364
3 9937 2334 6705
3 6705 2334 13598
3 9367 2334 7691
3 2334 9650 7691
3 9945 2334 9367
3 9937 9650 2334
3 9945 13598 2334
3 9363 2481 2335
3 7691 2335 8646
3 7691 9650 2335
3 9363 2335 9650
3 4259 9023 2336
3 4259 2336 9655
3 9365 10692 2336
3 9649 9655 2336
3 9649 2336 10692
3 4259 8561 2337
3 4259 2337 9023
3 8561 10474 2337
3 9021 9023 2337
3 9021 2337 10474
3 2487 2338 9031
3 9945 2338 2487
3 9367 9024 2338
3 9945 9367 2338
3 9027 2339 9374
3 2339 9317 9373
3 2339 9373 9374
3 2590 7754 2340
3 2590 2340 9297
3 2340 7754 2623
3 9542 2340 2623
3 9297 2340 4892
3 4892 2340 9542
3 2341 9038 3456
3 2341 3456 9045
3 2341 9031 9032
3 2341 9378 9031
3 2341 9045 9378
3 2342 8927 9034
3 2342 9062 8927
3 9368 9062 2342
3 4275 2343 2385
3 13610 4273 2343
3 13612 2343 4275
3 13612 13610 2343
3 2344 9044 2350
3 2344 2350 9078
3 2344 9078 2354
3 10768 2344 2354
3 2344 3456 9038
3 10768 3456 2344
3 2344 9038 9044
3 8741 2345 9150
3 8741 10119 2345
3 9150 2345 9151
3 10823 2345 10119
3 2346 7703 9033
3 2346 9048 7703
3 2346 9033 9049
3 2346 9057 9048
3 2346 9049 9050
3 2346 9050 9057
3 2347 8975 8959
3 9051 2347 8959
3 9392 8975 2347
3 9051 9082 2347
3 2347 9082 9063
3 9392 2347 9063
3 2348 4666 2751
3 2348 2751 6434
3 2348 11809 4666
3 4739 11809 2348
3 2435 3110 2349
3 11566 2435 2349
3 8007 2349 3110
3 11567 2349 8007
3 11566 2349 11567
3 3616 2350 9044
3 3616 9081 2350
3 2350 9081 9078
3 2351 9050 8993
3 2351 8993 9380
3 2351 9059 9050
3 2351 9069 9059
3 9088 9069 2351
3 9088 2351 9380
3 4099 2352 9391
3 4887 13199 2352
3 13200 9391 2352
3 13200 2352 13199
3 2353 7998 9083
3 2353 9082 9051
3 2353 9083 9082
3 10631 2354 9078
3 9382 2354 9097
3 10631 9097 2354
3 9382 10768 2354
3 2355 3616 9057
3 2355 9081 3616
3 2355 9070 8684
3 2355 9057 9059
3 2355 9059 9070
3 10985 3136 2356
3 2356 3136 11641
3 10991 2356 7263
3 2356 11652 7263
3 10985 2356 10991
3 2356 11641 11652
3 4391 2357 2833
3 2833 2357 11765
3 4656 2357 2912
3 6421 2912 2357
3 4391 6421 2357
3 4656 11765 2357
3 2358 2404 5379
3 2358 11639 3228
3 2358 5379 6870
3 2358 6870 11639
3 2359 7927 9025
3 9149 7927 2359
3 9149 2359 9072
3 4098 2360 4894
3 4098 9068 2360
3 13200 2360 9068
3 13200 13199 2360
3 8097 2361 2920
3 2361 10914 2920
3 2361 10911 3503
3 2361 3503 10913
3 2361 10913 7588
3 2361 7588 10914
3 8097 10911 2361
3 4779 2362 8741
3 4779 11565 2362
3 4833 2362 10098
3 4833 10119 2362
3 8741 2362 10119
3 10098 2362 11565
3 9393 2364 2491
3 9675 2491 2364
3 2364 9087 9094
3 9393 9087 2364
3 9677 2364 9094
3 9675 2364 9677
3 8710 2365 8711
3 8710 9264 2365
3 9095 8711 2365
3 9176 9095 2365
3 9176 2365 10885
3 9264 10885 2365
3 2366 11533 2421
3 2366 2421 11947
3 11350 10230 2366
3 2366 10230 11533
3 11350 2366 11947
3 2497 9255 2367
3 2497 2367 9959
3 9102 9103 2367
3 9102 2367 9255
3 9103 9404 2367
3 2367 9404 9959
3 2369 9109 8352
3 2369 8352 9112
3 9411 9109 2369
3 9414 9411 2369
3 8796 2370 8778
3 9118 8778 2370
3 8796 10885 2370
3 9118 2370 9116
3 9116 2370 9264
3 9264 2370 10885
3 9260 2500 2371
3 2500 10438 2371
3 9117 2371 9116
3 9118 9116 2371
3 9117 10057 2371
3 9118 2371 10438
3 9260 2371 10057
3 8373 2372 8370
3 12253 2372 8373
3 9419 10616 2372
3 9419 2372 12253
3 8475 2373 11509
3 12244 11509 2373
3 8563 4214 2374
3 8563 2374 13476
3 13474 13202 2374
3 13476 2374 13202
3 2375 5986 6209
3 2375 8309 5986
3 2375 6630 7658
3 2375 7658 8309
3 5457 8453 2376
3 12091 5457 2376
3 8422 2376 5627
3 10520 5627 2376
3 12091 2376 8422
3 8453 10520 2376
3 9136 2377 9134
3 2377 10433 9134
3 9249 2377 9136
3 9249 9529 2377
3 9427 2377 9529
3 9427 10433 2377
3 7779 9389 2378
3 9548 7779 2378
3 2378 9389 9013
3 2378 9013 12322
3 9548 2378 9428
3 2378 12322 9428
3 9430 8387 2379
3 9707 2379 9139
3 9430 2379 9707
3 3077 10281 2380
3 3077 2380 13567
3 13127 2380 10281
3 13127 13425 2380
3 13429 2380 13425
3 13429 13567 2380
3 8979 2381 9667
3 8979 13465 2381
3 10015 9667 2381
3 10511 10015 2381
3 10511 2381 13465
3 2382 6982 7863
3 2382 7863 9990
3 2382 9718 9437
3 2382 9990 9718
3 2383 8726 9158
3 2383 9713 8726
3 2383 9158 9443
3 2383 9443 9993
3 2383 9987 9713
3 2383 9993 9987
3 10749 2404 2384
3 2707 10749 2384
3 2707 2384 13217
3 13217 2384 3051
3 2386 3111 10914
3 2386 11373 3111
3 2386 7689 5390
3 2386 5390 11373
3 2386 7588 7689
3 2386 10914 7588
3 3503 3109 2387
3 2387 3109 12670
3 3503 2387 10913
3 5241 2387 7739
3 5241 10913 2387
3 2387 12670 7739
3 8607 8617 2388
3 2473 2389 4392
3 2473 4393 2389
3 4392 2389 11428
3 11425 2389 4393
3 2389 11425 11428
3 4875 2390 9065
3 7132 2390 7140
3 7132 8866 2390
3 9065 2390 8866
3 3183 3832 2391
3 10170 3183 2391
3 2391 3832 10880
3 10170 2391 6960
3 6960 2391 11115
3 2391 10880 11115
3 4915 2392 8454
3 6250 2392 7183
3 6250 8457 2392
3 2392 8457 8454
3 2393 7131 4727
3 9007 2393 4727
3 2393 11557 7131
3 2393 8454 7157
3 2393 7157 11557
3 9007 8454 2393
3 2412 2394 8051
3 2412 9802 2394
3 9795 2394 9796
3 9796 2394 9802
3 2395 8644 8645
3 2395 8650 8644
3 2396 8744 9455
3 2396 9455 9746
3 2396 9746 9473
3 2402 2397 13208
3 2420 13208 2397
3 2420 2397 13210
3 3799 13210 2397
3 2399 2398 2520
3 2399 8764 2398
3 2636 2520 2398
3 2636 2398 9473
3 2399 2520 9482
3 2399 9479 8776
3 2399 9482 9479
3 3504 2400 2509
3 3595 2509 2400
3 9753 2400 3504
3 7832 3595 2400
3 7832 2400 6113
3 6113 2400 9753
3 8964 2633 2401
3 2633 9776 2401
3 8964 2401 9186
3 2401 9185 9186
3 9203 9185 2401
3 9203 2401 9776
3 9371 12745 2402
3 9371 2402 13208
3 2403 2518 2516
3 9468 2403 2516
3 2403 9478 2518
3 9468 9178 2403
3 9188 9478 2403
3 10750 5379 2404
3 10749 10750 2404
3 2640 2405 2532
3 9216 2405 2640
3 9216 9184 2405
3 2406 7190 8712
3 12187 2406 8712
3 9783 2406 12187
3 2407 9784 2408
3 2407 9480 2643
3 2407 2643 9784
3 2407 9479 9480
3 9495 8781 2408
3 9495 2408 9784
3 2410 9788 2409
3 8787 2409 9205
3 9788 9205 2409
3 2410 2654 9788
3 9789 2654 2410
3 9208 9789 2410
3 3577 2411 3477
3 2411 11806 3477
3 3769 2411 3577
3 3769 12433 2411
3 2411 9805 11806
3 12433 9805 2411
3 9213 2412 8051
3 9804 9802 2412
3 2413 9666 2891
3 7504 2413 6546
3 2413 11769 6546
3 7504 9666 2413
3 6076 8754 2414
3 6076 2414 9711
3 8754 6210 2414
3 3084 7200 2415
3 9018 3084 2415
3 5012 2415 7161
3 5012 9018 2415
3 7161 2415 8448
3 2415 7200 8448
3 9813 2416 8817
3 8817 2416 12740
3 12756 2416 9813
3 13236 12740 2416
3 12756 13236 2416
3 8819 2417 2418
3 10350 2418 2417
3 7962 8682 2417
3 10350 2417 8682
3 7853 2418 10350
3 9225 8819 2418
3 5753 2419 4641
3 4641 2419 11532
3 5135 5323 2419
3 5753 5135 2419
3 4103 7226 2420
3 4103 2420 13211
3 2420 7226 13479
3 2420 13479 13208
3 2420 13210 13211
3 3537 2421 2554
3 2421 11533 2554
3 3537 2639 2421
3 2421 2639 11947
3 5409 11353 2422
3 8843 8852 2422
3 9234 8843 2422
3 9234 2422 11353
3 2423 3538 6540
3 2423 10361 3538
3 3638 2423 6540
3 3638 12150 2423
3 12150 10361 2423
3 2794 2424 2425
3 2425 2424 8858
3 2794 12930 2424
3 9538 2424 12930
3 2427 2425 8859
3 9832 2425 2427
3 9832 2794 2425
3 2425 8858 8859
3 9242 9541 2426
3 2426 9541 12919
3 2426 10120 9544
3 2426 12919 10120
3 2427 9243 2671
3 10434 2427 2671
3 2427 8859 9243
3 9832 2427 10434
3 2674 2671 2428
3 2671 9243 2428
3 9248 2429 2673
3 9836 2673 2429
3 2430 9250 2553
3 10124 2430 2553
3 10124 2674 2430
3 7099 2431 8841
3 7099 13209 2431
3 2431 13209 12747
3 2432 2799 2676
3 2432 10133 2799
3 2432 4847 10133
3 4723 7276 2433
3 8920 4723 2433
3 5051 2433 8408
3 8920 2433 5051
3 2433 7276 8408
3 4177 9551 2434
3 11465 4177 2434
3 9181 8938 2434
3 11465 2434 8938
3 13343 9181 2434
3 13343 2434 9551
3 12926 3110 2435
3 7590 2435 11153
3 7590 12926 2435
3 11566 11153 2435
3 2436 13215 5376
3 2436 12754 6774
3 2436 6774 13215
3 2436 12153 12754
3 8244 9258 2437
3 9259 8244 2437
3 9557 2437 9258
3 9562 9259 2437
3 9557 11497 2437
3 9562 2437 11497
3 3594 3695 2438
3 3594 2438 12060
3 3695 12283 2438
3 12060 2438 5271
3 12062 5271 2438
3 8895 2439 8014
3 9569 8014 2439
3 8895 9578 2439
3 9569 2439 9575
3 9575 2439 9577
3 9577 2439 9578
3 2440 9267 9265
3 2440 9265 9571
3 9268 9267 2440
3 9268 2440 9583
3 2440 9571 9852
3 2440 9852 9583
3 3408 2441 3422
3 3408 9270 2441
3 2441 9857 3422
3 9580 2441 9270
3 9580 9584 2441
3 2441 9584 9857
3 7031 4388 2442
3 8882 2442 4388
3 5181 7031 2442
3 6252 2442 8882
3 2570 2571 2443
3 2570 2443 9286
3 2443 2571 9277
3 7818 2444 2571
3 9277 2571 2444
3 7818 2982 2444
3 2982 9278 2444
3 9277 2444 9276
3 9278 9276 2444
3 2452 2445 9593
3 9278 2445 9276
3 9278 9593 2445
3 8331 2688 2446
3 9867 2446 2688
3 9289 8331 2446
3 9867 9279 2446
3 4310 2447 2871
3 2871 2447 11779
3 13446 2447 4310
3 4432 4554 2447
3 13446 4432 2447
3 11779 2447 4554
3 8913 2820 2448
3 9595 2448 2820
3 8356 2448 9595
3 8911 8913 2448
3 9298 2449 9882
3 13186 2449 9874
3 13186 9882 2449
3 10824 2450 4810
3 4810 2450 11568
3 4832 10039 2450
3 10039 11568 2450
3 5181 4010 2451
3 4010 7387 2451
3 5181 2451 7031
3 6969 2451 7387
3 11949 2451 6969
3 11949 7031 2451
3 9891 2458 2452
3 9886 2452 9593
3 9891 2452 9886
3 3846 7383 2453
3 6278 7039 2453
3 6278 2453 8897
3 7295 2453 7383
3 7295 8897 2453
3 2547 2454 5207
3 11677 2454 2547
3 8928 5207 2454
3 2454 7339 6261
3 8928 2454 6261
3 11677 7339 2454
3 2455 5182 11681
3 2456 2700 2460
3 2456 2460 9296
3 2456 9889 2700
3 2456 9294 8062
3 2456 8062 9889
3 2456 9296 9294
3 5532 2457 5218
3 5542 5218 2457
3 6064 2457 5532
3 8795 5542 2457
3 6064 6037 2457
3 8795 2457 6037
3 8330 2458 9891
3 2459 8331 9289
3 2459 9888 8331
3 2459 9603 9888
3 2460 2700 9893
3 8925 9296 2460
3 3698 2461 8872
3 3698 11741 2461
3 6278 2461 6445
3 6278 8897 2461
3 11741 6445 2461
3 8872 2461 8897
3 6408 9302 2462
3 2462 9302 10228
3 2462 9894 9602
3 2462 10228 9894
3 3459 6760 2463
3 3459 2463 6762
3 2463 6760 6839
3 2463 12333 6762
3 2463 6839 13179
3 2463 13179 12333
3 9307 9306 2464
3 9306 10235 2464
3 9307 2464 9309
3 9309 2464 9315
3 9315 2464 9615
3 9615 2464 10235
3 2465 2834 2836
3 2465 13217 2834
3 2465 2836 9316
3 2465 9316 8478
3 2465 9906 13217
3 2837 2466 2711
3 9318 2711 2466
3 2837 10211 2466
3 9314 9137 2466
3 9318 2466 9137
3 9314 2466 10211
3 2467 8947 2471
3 2467 2471 9911
3 9131 2467 9318
3 9318 2467 9911
3 2468 4356 4608
3 2468 4608 6356
3 2468 6356 11952
3 2586 2469 9622
3 2586 11758 2469
3 8941 9519 2469
3 9622 2469 9519
3 8579 2470 10553
3 10392 10553 2470
3 10392 2470 13414
3 9627 2712 2471
3 2712 9911 2471
3 2471 8947 9325
3 9627 2471 9325
3 2472 9328 9329
3 2472 9329 13248
3 2472 9917 9334
3 2472 13248 9917
3 2473 4392 2474
3 2473 2474 13611
3 2473 4274 4393
3 2473 13611 4274
3 2869 2474 2889
3 2869 13611 2474
3 2889 2474 5120
3 2474 4392 5120
3 2787 2475 2476
3 12003 2476 2475
3 9347 9089 2475
3 12003 2475 9089
3 2787 2476 9629
3 8853 2476 12003
3 8853 13535 2476
3 13535 9629 2476
3 8575 2477 9642
3 11910 2477 8575
3 9121 9077 2477
3 9077 9353 2477
3 11910 9121 2477
3 9642 2477 9353
3 9075 2478 9635
3 10543 9635 2478
3 10543 2478 10665
3 4362 6981 2479
3 5322 2479 5355
3 5355 2479 7389
3 2479 6981 7389
3 8997 10652 2480
3 2480 9091 9359
3 2480 10652 9091
3 2480 9359 10692
3 9090 9355 2481
3 9930 9090 2481
3 9930 2481 9363
3 11973 2482 2594
3 2594 2482 13257
3 11973 9079 2482
3 2482 9322 13257
3 3698 2483 5330
3 3698 8872 2483
3 5161 2483 8795
3 8795 2483 8872
3 2842 2484 10231
3 2842 12117 2484
3 9930 9363 2484
3 9934 2484 9363
3 9930 2484 12117
3 9934 10231 2484
3 8927 2485 8993
3 10755 2485 8927
3 9380 8993 2485
3 9380 2485 9387
3 9658 9387 2485
3 9658 2485 10755
3 11523 3346 2486
3 3346 11742 2486
3 2486 11108 11103
3 11454 2486 11103
3 2486 11742 11108
3 11523 2486 11454
3 2487 9378 5684
3 9945 2487 5684
3 2487 9031 9378
3 9147 2488 10830
3 10830 2488 10766
3 3509 2489 7566
3 3509 12302 2489
3 3706 5570 2489
3 3706 2489 12302
3 7481 2489 5570
3 7481 7566 2489
3 3830 2490 9022
3 10446 2490 3830
3 9022 2490 9403
3 9382 9097 2490
3 9403 2490 9097
3 10446 9382 2490
3 9672 2491 2604
3 9675 2604 2491
3 9393 2491 9386
3 9672 9386 2491
3 9387 2492 9395
3 9669 2492 9387
3 9676 9395 2492
3 9671 2492 9669
3 9676 2492 9671
3 2493 2863 2602
3 9406 2493 2602
3 2493 13327 2863
3 9025 7927 2493
3 7927 13327 2493
3 9406 9025 2493
3 2494 9399 9400
3 2494 9404 9399
3 2494 9400 9676
3 2494 9956 9404
3 2494 9676 9952
3 2494 9952 9956
3 2495 8706 9109
3 2495 9192 8706
3 9411 2495 9109
3 9679 9192 2495
3 9411 10918 2495
3 9679 2495 10918
3 4362 2496 6981
3 4362 7425 2496
3 6919 2496 11856
3 6919 12110 2496
3 12110 6981 2496
3 11856 2496 7425
3 10255 2607 2497
3 2607 10890 2497
3 10890 9255 2497
3 10255 2497 9959
3 10258 2498 2607
3 2607 2498 10890
3 9414 9412 2498
3 9412 10890 2498
3 9414 2498 10956
3 10956 2498 10258
3 2499 5622 5538
3 2499 5538 11022
3 2499 9016 5622
3 2499 9417 9016
3 2499 9418 9417
3 2499 11022 9418
3 9260 8770 2500
3 9970 2500 8770
3 9967 2500 9970
3 9967 10438 2500
3 9422 2501 8373
3 12253 8373 2501
3 9422 9424 2501
3 9424 9978 2501
3 2501 9978 10680
3 12253 2501 10680
3 9427 9529 2502
3 9427 2502 12318
3 9430 2502 9529
3 9430 9706 2502
3 2502 9706 10276
3 2502 10276 12318
3 2503 9570 2736
3 2503 2736 13125
3 2503 3454 9570
3 2503 13121 3454
3 2503 13125 13121
3 2504 2945 9985
3 2504 13466 2945
3 2504 9985 6103
3 2504 6103 11074
3 2504 11074 9433
3 2504 9433 13466
3 2505 10290 2506
3 2505 2506 11124
3 2505 9992 7121
3 2505 7121 10290
3 2505 9991 9992
3 2505 11124 9991
3 2506 2624 9724
3 2506 10290 2624
3 2506 9724 9440
3 2506 9440 11124
3 9446 2849 2507
3 10029 2507 2849
3 9705 2507 3208
3 10023 3208 2507
3 9446 2507 9705
3 10029 10023 2507
3 2750 9739 2508
3 11184 2750 2508
3 9449 2508 3448
3 3448 2508 11249
3 9449 11184 2508
3 9739 11249 2508
3 3504 2509 12563
3 3595 12273 2509
3 9451 2509 12273
3 9451 12563 2509
3 9452 8755 2510
3 9737 2510 8755
3 9452 2510 10017
3 9737 10600 2510
3 10018 10017 2510
3 10018 2510 10600
3 8740 3452 2511
3 9738 2511 3452
3 9455 8740 2511
3 9746 9455 2511
3 9745 2511 9738
3 9746 2511 9745
3 2512 2517 9457
3 10605 2517 2512
3 2512 9174 9175
3 2512 9457 9174
3 2512 9175 9728
3 10605 2512 9728
3 2513 9739 2874
3 10041 2513 2874
3 8976 9177 2513
3 8976 2513 9751
3 2513 9177 11249
3 2513 11249 9739
3 10041 9751 2513
3 9736 2514 2629
3 9740 2629 2514
3 9462 9463 2514
3 9736 9462 2514
3 9743 2514 9463
3 9740 2514 9744
3 9743 9744 2514
3 2759 2515 9465
3 2759 10316 2515
3 9465 2515 7947
3 7947 2515 9741
3 10028 9741 2515
3 10028 2515 10316
3 2516 2518 10042
3 9468 2516 10030
3 10388 10030 2516
3 10388 2516 10042
3 2517 10309 2756
3 2517 2756 11285
3 2517 11285 9457
3 10605 10309 2517
3 9760 2518 9478
3 9758 2518 9760
3 9758 10042 2518
3 10304 2784 2519
3 2519 2784 12497
3 3309 3496 2519
3 3309 2519 12497
3 10304 2519 3496
3 9763 2520 2636
3 9482 2520 9762
3 9762 2520 9771
3 9763 9771 2520
3 2521 3142 5471
3 2521 7919 3142
3 2521 5471 5493
3 5179 8397 2522
3 5179 2522 11691
3 9029 2523 6147
3 6147 2523 10067
3 9029 10039 2523
3 9972 10067 2523
3 11524 9972 2523
3 11524 2523 10039
3 9484 2648 2524
3 9760 2524 2648
3 9188 2524 9478
3 9484 2524 9188
3 9760 9478 2524
3 2649 9484 2525
3 2649 2525 10072
3 2525 9484 9198
3 2525 9491 10072
3 9486 9487 2526
3 10053 2526 9487
3 10053 10047 2526
3 3353 7144 2527
3 3353 2527 11755
3 11539 3539 2527
3 3539 11755 2527
3 11358 2527 7144
3 11539 2527 11358
3 7495 2528 4998
3 4998 2528 12190
3 8771 5010 2528
3 5010 12190 2528
3 7495 5559 2528
3 8771 2528 5559
3 2647 2529 9203
3 2647 9791 2529
3 2529 9499 8799
3 2529 9791 9499
3 2778 2530 9788
3 2778 10358 2530
3 9788 2530 9491
3 9491 2530 10072
3 10371 10072 2530
3 10371 2530 10358
3 8354 2531 10168
3 8354 10169 2531
3 2531 9874 10168
3 2531 10480 9874
3 2531 10169 10480
3 10068 2640 2532
3 8797 9790 2532
3 10068 2532 9790
3 9500 8804 2533
3 8804 9795 2533
3 9500 2533 9794
3 12697 9794 2533
3 9795 9797 2533
3 12697 2533 9797
3 5981 10031 2534
3 11526 5981 2534
3 6020 9972 2534
3 6020 2534 10031
3 11526 2534 9972
3 2535 8807 9504
3 2535 9505 8807
3 9799 2535 9504
3 2535 9509 9505
3 2535 9798 9509
3 9799 9798 2535
3 2536 2764 4468
3 2536 9507 2764
3 2536 4468 9809
3 2536 9508 9507
3 2536 9511 9508
3 2536 9809 9511
3 2537 9511 9809
3 2537 11325 9511
3 2537 9512 9630
3 2537 13378 9512
3 2537 9630 11325
3 2537 9809 9811
3 2537 9811 13378
3 3476 11803 2538
3 3476 2538 12419
3 12224 3675 2538
3 2538 3675 12226
3 12224 2538 11803
3 12226 12422 2538
3 2538 12422 12419
3 4183 2539 4458
3 4183 12136 2539
3 9366 4458 2539
3 12515 9366 2539
3 12515 2539 9497
3 9497 2539 13220
3 12136 13220 2539
3 2540 2666 13242
3 7869 8096 2540
3 7869 2540 13242
3 2541 2803 10140
3 2803 2541 10142
3 2541 10138 10139
3 10140 10138 2541
3 10142 2541 10139
3 2542 9526 7841
3 11332 2542 7841
3 11332 8833 2542
3 5527 2543 5568
3 5568 2543 7381
3 2543 9819 7381
3 8483 9819 2543
3 2808 9375 2544
3 2808 2544 9632
3 2544 2904 7554
3 9375 2904 2544
3 2544 7554 6420
3 9632 2544 6420
3 9531 2545 2546
3 2545 10116 2546
3 2545 7732 10116
3 2545 13235 7732
3 9531 9530 2545
3 9530 13235 2545
3 9533 9531 2546
3 9537 9533 2546
3 9537 2546 9828
3 2546 10116 9828
3 2547 4707 4770
3 2547 5207 4707
3 2547 4770 6199
3 11677 2547 6199
3 10185 2548 7590
3 7590 2548 12926
3 9539 9538 2548
3 9538 12930 2548
3 9539 2548 10267
3 10185 10267 2548
3 12930 12926 2548
3 10025 4775 2549
3 8985 4830 2549
3 10783 2549 4830
3 10783 10025 2549
3 3708 5922 2550
3 3708 2550 11725
3 5922 7941 2550
3 6285 2550 6290
3 6285 11725 2550
3 6290 2550 7941
3 2598 6569 2551
3 2598 2551 7633
3 5667 7633 2551
3 5667 2551 8915
3 7620 2551 6569
3 7620 8915 2551
3 5641 2552 3703
3 2552 12265 3703
3 5641 11961 2552
3 2552 11961 6851
3 2552 6851 12265
3 2676 2799 2553
3 2676 2553 9250
3 2799 10129 2553
3 10124 2553 10129
3 3537 2554 3729
3 2554 12163 3729
3 11533 11750 2554
3 2554 11750 12163
3 3364 11801 2555
3 3364 2555 11916
3 2555 4654 5333
3 2555 9666 4654
3 2555 5333 11916
3 2555 11801 9666
3 2556 6638 4332
3 2556 4332 12277
3 2556 12265 6638
3 8217 2556 7647
3 2556 12277 7647
3 8217 12265 2556
3 9550 10131 2557
3 9554 2557 12985
3 10131 12985 2557
3 5697 4710 2558
3 8087 2558 4710
3 7632 5697 2558
3 7632 2558 7678
3 8087 7678 2558
3 7331 3239 2559
3 11664 2559 3239
3 11664 3410 2559
3 3410 12063 2559
3 7331 2559 12724
3 12063 12724 2559
3 9209 2651 2560
3 10349 2560 2651
3 9789 2560 2654
3 10073 2654 2560
3 9209 2560 9789
3 10073 2560 10349
3 9847 2561 3301
3 9563 2561 9571
3 9848 9571 2561
3 9847 9848 2561
3 2562 9568 10141
3 2562 11621 9568
3 2562 10141 10139
3 2562 10139 13341
3 2562 13341 11621
3 9567 2563 9568
3 9567 9569 2563
3 9850 9568 2563
3 9569 9575 2563
3 9574 2563 9575
3 9574 9850 2563
3 3828 2564 6635
3 7658 2564 3828
3 7658 6630 2564
3 9183 2564 6630
3 9574 8627 2565
3 2565 8627 10145
3 9574 2565 9850
3 9850 2565 10143
3 2565 10145 10143
3 2566 9576 9577
3 2566 11665 9576
3 2566 9579 9582
3 2566 9582 11665
3 2567 2621 9947
3 4981 2567 8985
3 8985 2567 9947
3 2568 9851 2684
3 2568 2684 9861
3 2568 9584 9583
3 2568 9583 9851
3 2568 9859 9584
3 2568 9861 9859
3 2813 10165 2569
3 2813 2569 10949
3 2569 9586 8899
3 2569 8899 13591
3 2569 10165 9586
3 2569 13591 10949
3 2570 8065 2571
3 2570 10172 8065
3 2570 9286 9591
3 2570 9591 10172
3 8065 7818 2571
3 2572 4731 9113
3 2572 11490 4731
3 2572 5088 5191
3 2572 9113 5088
3 2572 5191 5555
3 2572 5555 8780
3 2572 8780 11490
3 2573 3931 3089
3 6476 2573 3089
3 6477 3931 2573
3 6476 6247 2573
3 9152 2573 6247
3 6477 2573 9152
3 2574 2575 10168
3 10486 2575 2574
3 9602 2578 2574
3 10486 2574 2578
3 7430 9602 2574
3 7430 2574 11698
3 11698 2574 10168
3 5488 2575 10486
3 5488 10737 2575
3 8354 10168 2575
3 8354 2575 10737
3 2576 4773 4985
3 8978 4773 2576
3 4917 2576 9003
3 11569 2576 4917
3 2576 4985 9003
3 11569 8978 2576
3 10186 2697 2577
3 8918 9298 2577
3 2577 9298 9882
3 10186 2577 9882
3 2701 2578 9894
3 10742 2578 2701
3 9602 9894 2578
3 10742 10486 2578
3 2579 9603 9607
3 2579 9888 9603
3 2579 9607 10195
3 2579 13109 9888
3 2579 10195 13109
3 2580 9611 2706
3 2580 2706 10198
3 2830 9607 2580
3 2830 2580 10198
3 9607 9606 2580
3 9606 9611 2580
3 2583 2581 2708
3 2583 10235 2581
3 10496 2708 2581
3 10235 9610 2581
3 11707 2581 9610
3 9901 10496 2581
3 11707 9901 2581
3 2835 2582 10207
3 2835 10208 2582
3 9305 2582 9899
3 9305 10207 2582
3 9899 2582 11737
3 10208 11737 2582
3 2585 2583 2708
3 9615 2583 2585
3 9615 10235 2583
3 2584 2706 9611
3 2584 10209 2706
3 2584 8565 11758
3 2584 9620 10209
3 2584 11758 9620
3 2691 2585 2708
3 2691 9908 2585
3 9615 2585 9619
3 9908 9619 2585
3 9910 9620 2586
3 2586 9620 11758
3 9909 2586 9622
3 9910 2586 9909
3 2587 4330 8123
3 2587 13480 4330
3 7698 2587 5784
3 2587 8123 5784
3 7698 13482 2587
3 2587 13482 13480
3 2953 2588 2836
3 2588 9316 2836
3 2953 10515 2588
3 13414 9316 2588
3 10515 9919 2588
3 13414 2588 9919
3 2589 5001 5406
3 2589 5593 5001
3 2589 5406 10338
3 2589 11858 5593
3 2589 10338 8901
3 2589 8901 11858
3 2590 3875 5784
3 2590 9297 3875
3 2590 5784 8123
3 2590 7746 7754
3 2590 8123 7746
3 3358 3546 2591
3 3358 2591 7359
3 8829 2591 3546
3 12604 7359 2591
3 8829 12604 2591
3 2840 2592 10543
3 2840 13543 2592
3 9636 9635 2592
3 2592 9635 10543
3 9636 2592 9637
3 13543 9637 2592
3 9636 8293 2593
3 13272 2593 8293
3 9636 2593 9357
3 2593 9645 9357
3 13283 9645 2593
3 13272 13283 2593
3 2720 2594 3460
3 2720 12023 2594
3 3460 2594 13257
3 11973 2594 12023
3 2595 4892 6767
3 2595 9297 4892
3 2595 6767 7285
3 10895 9297 2595
3 4351 2722 2596
3 2722 9670 2596
3 4351 2596 3133
3 2596 9658 3133
3 9669 9658 2596
3 9670 9669 2596
3 2724 2597 2601
3 9672 2601 2597
3 2724 9660 2597
3 9386 2597 9381
3 9381 2597 9660
3 9672 2597 9386
3 2598 4464 6684
3 2598 7633 4464
3 2598 9308 6569
3 2598 6684 9308
3 6020 10031 2599
3 6020 2599 10033
3 2599 8998 8994
3 2599 8994 10033
3 10701 8998 2599
3 10701 2599 10031
3 2600 3830 9022
3 2600 10786 3830
3 2600 9022 8788
3 2600 8788 9953
3 10574 2600 9953
3 10574 10786 2600
3 2724 2601 10240
3 9674 2601 9672
3 9674 10240 2601
3 8250 2726 2602
3 9964 2602 2726
3 8250 2602 2863
3 9964 9406 2602
3 9952 2603 2728
3 2728 2603 10550
3 9671 9670 2603
3 9670 10239 2603
3 9671 2603 9952
3 10242 2603 10239
3 10242 10550 2603
3 9674 9672 2604
3 9674 2604 10244
3 9675 9678 2604
3 10247 2604 9678
3 10247 10244 2604
3 9101 2605 9677
3 9679 2605 9101
3 9677 2605 9678
3 9957 9678 2605
3 9679 9961 2605
3 9957 2605 9961
3 8796 2606 8488
3 8488 2606 9965
3 8796 8778 2606
3 8778 9690 2606
3 2606 9690 9965
3 10255 10257 2607
3 10258 2607 10257
3 2854 10252 2608
3 2854 2608 10258
3 2608 10252 9961
3 2608 9961 10918
3 2608 10956 10258
3 2608 10918 10956
3 9688 2609 3246
3 3246 2609 9968
3 3270 9968 2609
3 3270 2609 10259
3 9688 10987 2609
3 10259 2609 10987
3 2856 3145 2610
3 2856 2610 8224
3 3145 9528 2610
3 8224 2610 8475
3 9694 8475 2610
3 9694 2610 9528
3 2611 9695 6819
3 2611 6819 9700
3 2611 9696 9695
3 2611 10265 9696
3 2611 9700 10268
3 2611 10268 10265
3 2612 9135 8762
3 2612 8762 10271
3 9251 9135 2612
3 9251 2612 9700
3 2612 10270 9700
3 2612 10271 10270
3 2860 2613 7944
3 2860 10274 2613
3 8473 7944 2613
3 9704 8473 2613
3 9704 2613 12321
3 10274 12321 2613
3 2736 9570 2614
3 2736 2614 10278
3 8471 10278 2614
3 8471 2614 12322
3 2614 9570 9428
3 2614 9428 12322
3 2615 8208 10570
3 13128 8208 2615
3 2615 9706 9707
3 2615 10279 9706
3 13128 2615 9707
3 2615 10570 10279
3 2616 3161 11489
3 2616 12286 3161
3 11505 3166 2616
3 2616 3166 12286
3 2616 11489 3338
3 11505 2616 3338
3 8749 2864 2617
3 2864 13077 2617
3 8749 2617 11159
3 2617 9710 11159
3 2617 13321 9710
3 13077 13321 2617
3 10014 2618 10296
3 10511 2618 10014
3 10296 2618 10287
3 12461 10287 2618
3 10511 11113 2618
3 12461 2618 11113
3 2619 9714 9713
3 12463 2619 9713
3 2619 9988 9714
3 2619 10578 9988
3 12463 10578 2619
3 11219 2620 3041
3 11411 3041 2620
3 2620 3303 5304
3 2620 11826 3303
3 11411 2620 5304
3 11219 11826 2620
3 9944 2621 9892
3 9944 9947 2621
3 8318 2622 10000
3 8318 12466 2622
3 9721 9723 2622
3 12466 9721 2622
3 12469 2622 9723
3 12469 10000 2622
3 8057 2623 7754
3 9542 2623 8071
3 2624 11129 9724
3 2624 12492 11129
3 2625 10008 2747
3 10597 2625 2747
3 2625 9728 9727
3 2625 9727 10008
3 10598 9728 2625
3 10598 2625 10597
3 8740 2626 3452
3 12240 3452 2626
3 8740 9731 2626
3 9731 9730 2626
3 10301 2626 9730
3 12240 2626 10301
3 4109 2627 4494
3 4109 13226 2627
3 2627 13494 4494
3 4508 2627 13226
3 6244 4702 2628
3 4702 6579 2628
3 2628 4794 4745
3 6244 2628 4745
3 2628 4750 4794
3 2628 7883 4750
3 2628 6579 7883
3 9737 2629 2988
3 2988 2629 11081
3 9737 9736 2629
3 9740 11081 2629
3 9744 2630 10615
3 12887 2630 9744
3 2630 9940 10615
3 2630 10869 9940
3 12554 10869 2630
3 12887 12554 2630
3 4109 3708 2631
3 4220 2631 3708
3 4003 13226 2631
3 4003 2631 13495
3 4109 2631 13226
3 4220 13495 2631
3 10318 8171 2632
3 8171 10342 2632
3 9749 2632 9764
3 10318 2632 9749
3 9764 2632 9773
3 9773 2632 10342
3 2633 9751 2761
3 10044 2633 2761
3 8964 9751 2633
3 10044 9776 2633
3 11100 2880 2634
3 12571 2634 2880
3 8714 8553 2634
3 8553 11100 2634
3 10321 8714 2634
3 10321 2634 12571
3 4584 6789 2635
3 4584 2635 7856
3 2635 6789 12654
3 7856 2635 7857
3 7857 2635 8009
3 2635 12654 8009
3 9747 2636 9473
3 9750 2636 9747
3 9750 9763 2636
3 2637 13229 2865
3 2637 2865 13493
3 4002 13229 2637
3 2637 13493 13222
3 4005 2638 13500
3 13511 2638 4121
3 13511 13500 2638
3 3537 12160 2639
3 11946 2639 9822
3 9822 2639 12160
3 11946 11947 2639
3 2765 10048 2640
3 2765 2640 10068
3 9216 2640 10048
3 2641 12989 4228
3 2641 4228 13514
3 2641 13527 12989
3 2641 13246 13513
3 2641 13514 13246
3 2641 13513 13527
3 3913 2642 12775
3 12993 2642 3913
3 12994 12775 2642
3 12993 13247 2642
3 2771 2643 10074
3 10351 2643 2771
3 9480 10074 2643
3 10351 9784 2643
3 13267 2644 13024
3 13276 13024 2644
3 13267 13541 2644
3 13271 13276 2644
3 13271 2644 13541
3 9772 9762 2645
3 9762 10065 2645
3 10075 9772 2645
3 2645 10065 10076
3 10075 2645 10375
3 10375 2645 10076
3 2646 9763 9764
3 2646 9771 9763
3 2646 9764 9773
3 2646 10065 9771
3 2646 9773 10077
3 2646 10077 10065
3 2647 2768 9791
3 2647 10054 2768
3 2647 9203 9776
3 2647 9776 10054
3 2649 2648 9484
3 2649 10085 2648
3 9760 2648 11420
3 10085 11420 2648
3 2649 10072 10087
3 2649 10087 10085
3 6709 2693 2650
3 2650 2693 7786
3 6300 2650 7786
3 7957 2650 6300
3 6709 2650 7957
3 2651 3528 5451
3 2651 8702 3528
3 10349 2651 5451
3 9783 8702 2651
3 9209 9783 2651
3 2770 2652 5443
3 10059 2652 2770
3 10351 5443 2652
3 9495 9784 2652
3 10059 9495 2652
3 10351 2652 9784
3 3759 2653 3765
3 3759 4272 2653
3 8548 3765 2653
3 4272 6468 2653
3 9114 2653 6468
3 8548 2653 9114
3 2654 2778 9788
3 10073 2778 2654
3 5873 2655 7007
3 11522 2655 6286
3 8307 7007 2655
3 8307 2655 11522
3 9506 2656 2658
3 2656 10090 2658
3 9506 9499 2656
3 9791 2656 9499
3 9791 10081 2656
3 10081 10090 2656
3 2740 2657 4674
3 4674 2657 8836
3 7861 8836 2657
3 8987 7861 2657
3 9800 2658 8606
3 8606 2658 10090
3 9799 9506 2658
3 9799 2658 9800
3 2659 6688 7735
3 2659 13142 6688
3 2659 8868 6731
3 2659 6731 13168
3 2659 7735 8868
3 2659 13168 13142
3 9800 8365 2660
3 8365 11381 2660
3 9800 2660 9798
3 9798 2660 9801
3 2660 10103 9801
3 11381 10103 2660
3 8253 2661 2662
3 9804 2662 2661
3 10405 2661 8253
3 2661 9803 9802
3 9804 2661 9802
3 10405 9803 2661
3 8253 2662 10104
3 9804 9806 2662
3 12737 2662 9806
3 12737 10104 2662
3 2663 10411 10104
3 12737 2663 10104
3 10410 10411 2663
3 10410 2663 13046
3 2790 2664 9807
3 2790 11140 2664
3 10412 2664 3018
3 2664 11140 3018
3 2664 3362 9807
3 10412 3362 2664
3 2665 9811 3362
3 2665 3362 10412
3 2665 12752 9811
3 10414 2665 10412
3 10414 12753 2665
3 2665 12753 12752
3 8141 2666 10417
3 8141 13242 2666
3 8672 10417 2666
3 2667 8948 4901
3 2667 4901 13053
3 2667 8117 9819
3 2667 13053 8117
3 6364 2668 2919
3 2919 2668 10267
3 6364 5409 2668
3 9539 10267 2668
3 9828 2793 2669
3 11213 2669 2793
3 9828 2669 9827
3 9827 2669 11436
3 11213 9831 2669
3 9831 11436 2669
3 2670 4267 2699
3 6528 2670 2699
3 2670 13600 4267
3 2670 12032 5083
3 2670 5083 13600
3 6528 12032 2670
3 10436 2671 2674
3 10434 2671 10436
3 9836 2672 2673
3 10437 2673 2672
3 10429 2922 2672
3 10437 2672 2922
3 9836 10120 2672
3 10429 2672 10120
3 9248 2673 10123
3 10437 10123 2673
3 10436 2674 10124
3 2675 9248 2797
3 2675 2797 10131
3 2675 9550 8881
3 2675 10131 9550
3 2937 2677 8632
3 2937 10502 2677
3 9840 8632 2677
3 9556 9840 2677
3 9556 2677 11497
3 2677 10502 11497
3 4132 2678 9523
3 4359 2678 4721
3 4359 9523 2678
3 2678 13277 4721
3 3019 2679 3017
3 3017 2679 11359
3 3019 11142 2679
3 11142 3283 2679
3 2679 3283 11360
3 2679 11360 11359
3 9847 2680 9848
3 9847 10455 2680
3 9848 2680 10146
3 10458 10146 2680
3 10455 10454 2680
3 10458 2680 10454
3 13036 2681 4025
3 13037 4025 2681
3 2681 4137 13293
3 2681 13297 4137
3 13036 13297 2681
3 13037 2681 13293
3 4137 8485 2682
3 4137 2682 13293
3 2682 8485 4241
3 8966 2682 4241
3 8966 13550 2682
3 13293 2682 13550
3 2683 10151 6687
3 2683 6687 10153
3 9859 2683 9858
3 9858 2683 10153
3 9861 2683 9859
3 9861 10151 2683
3 2684 9851 10459
3 9861 2684 10151
3 10462 10151 2684
3 10462 2684 10459
3 9856 9864 2685
3 10463 9856 2685
3 2685 9864 9858
3 2685 9858 10153
3 2685 10153 10467
3 10463 2685 10465
3 10465 2685 10467
3 2686 2809 9865
3 2686 10469 2809
3 2686 9865 9867
3 2686 9867 10161
3 2686 10161 10469
3 2982 2687 9278
3 2982 10475 2687
3 2687 4598 9886
3 2687 10476 4598
3 2687 9593 9278
3 2687 9886 9593
3 2687 10475 10476
3 10175 2688 8331
3 9867 2688 10161
3 2688 10160 10161
3 10175 10160 2688
3 10482 3036 2689
3 9280 9281 2689
3 9280 2689 9879
3 10482 2689 9281
3 10728 9879 2689
3 6500 2939 2690
3 10679 2690 2939
3 6500 2690 8355
3 8626 8355 2690
3 9881 8626 2690
3 9881 2690 10679
3 2691 2708 10499
3 2691 2709 9908
3 2691 10503 2709
3 2691 10499 2947
3 2691 2947 10503
3 2889 11429 2692
3 2889 2692 13349
3 2907 2692 3915
3 2907 5138 2692
3 2692 11429 3915
3 13084 2692 5138
3 13084 13349 2692
3 3762 4445 2693
3 6709 3762 2693
3 4563 2693 4445
3 4563 7786 2693
3 7750 4453 2694
3 13552 2694 4453
3 13551 7750 2694
3 13551 2694 13294
3 2742 2695 3109
3 7868 2695 2742
3 2695 11370 3109
3 2695 6975 11370
3 2730 2696 2855
3 10682 2696 2730
3 10682 9892 2696
3 9884 9163 2697
3 9884 2697 10187
3 10187 2697 10186
3 2698 9886 4598
3 2698 4598 10492
3 2698 9891 9886
3 2698 10193 9891
3 2698 13155 10193
3 2698 10492 13155
3 3054 2699 3101
3 3054 6463 2699
3 2699 4267 3101
3 6528 2699 6463
3 6084 2700 2902
3 2700 9889 2902
3 6084 9893 2700
3 2701 9894 9899
3 2701 9899 11737
3 10744 10742 2701
3 10744 2701 11737
3 8619 2828 2702
3 2702 2828 10743
3 11707 8619 2702
3 2702 10975 9901
3 11707 2702 9901
3 2702 10743 10975
3 6084 2705 2703
3 2705 9902 2703
3 6084 2703 9893
3 2703 8615 9898
3 2703 9902 8615
3 2703 9898 9893
3 2704 10208 10756
3 2704 11737 10208
3 10744 2704 10972
3 10744 11737 2704
3 2704 10756 10974
3 2704 10974 10972
3 2707 9902 2705
3 2707 2705 10749
3 2706 10202 10198
3 2706 10209 10202
3 2707 9906 9902
3 2707 13217 9906
3 10499 2708 10496
3 9912 9908 2709
3 9912 2709 9915
3 10506 9915 2709
3 10506 2709 10503
3 2948 10212 2710
3 2948 2710 10504
3 9910 9909 2710
3 9909 10453 2710
3 9910 2710 10212
3 10453 10504 2710
3 2837 2711 10507
3 9318 9911 2711
3 9911 10509 2711
3 10509 10507 2711
3 8610 2712 9628
3 10509 2712 8610
3 9628 2712 9627
3 10509 9911 2712
3 4289 2713 4096
3 9272 4096 2713
3 4289 10746 2713
3 6844 5193 2713
3 9272 2713 5193
3 6844 2713 9476
3 2713 10746 9476
3 2714 9920 10518
3 2714 11913 9920
3 2714 9923 11913
3 2714 13452 9923
3 2714 10518 11726
3 2714 11726 10524
3 2714 10524 13452
3 13172 8306 2715
3 13548 2715 8306
3 9633 2715 9346
3 9638 9346 2715
3 9633 13172 2715
3 13548 9638 2715
3 2716 7896 4680
3 8932 2716 4680
3 2716 6320 7896
3 9096 6320 2716
3 8932 7795 2716
3 9096 2716 7795
3 2717 9139 3321
3 2717 3321 9141
3 2717 9707 9139
3 2717 9141 10395
3 13128 9707 2717
3 13128 2717 10395
3 5675 2718 3690
3 10304 3690 2718
3 2718 5675 7068
3 2718 7068 9600
3 11091 2718 9600
3 10304 2718 11091
3 2719 5677 9933
3 10221 5677 2719
3 7975 2719 8294
3 7975 10221 2719
3 2719 12072 8294
3 2719 9933 12072
3 2844 2720 4623
3 2844 8290 2720
3 2720 3460 4623
3 2720 8290 12023
3 7776 2721 3058
3 13577 3058 2721
3 9937 6705 2721
3 13577 2721 6705
3 7776 10231 2721
3 9937 2721 10231
3 2722 5867 2845
3 2722 2845 10239
3 4351 5867 2722
3 2722 10239 9670
3 2723 3807 10544
3 10850 3807 2723
3 7959 2723 10544
3 7959 13546 2723
3 10850 2723 12233
3 12233 2723 13546
3 2724 12092 9660
3 2724 10240 13062
3 2724 13608 12092
3 2724 13062 13608
3 2943 2725 8546
3 2943 12227 2725
3 2725 2966 7764
3 2725 12227 2966
3 2725 7764 7751
3 2725 7751 8546
3 8250 13120 2726
3 9964 2726 9963
3 10254 9963 2726
3 10254 2726 13120
3 3930 2727 4142
3 3930 12812 2727
3 2727 4448 4142
3 13559 4448 2727
3 13552 2727 12812
3 13559 2727 13552
3 9956 2728 2729
3 2728 10554 2729
3 9956 9952 2728
3 2728 10550 10554
3 10255 2729 2853
3 2853 2729 10554
3 9959 9956 2729
3 10255 9959 2729
3 8747 2815 2730
3 2730 2855 4824
3 8747 2730 4824
3 2731 2971 9965
3 12411 2971 2731
3 2731 9965 9690
3 9967 2731 9690
3 9967 9971 2731
3 12411 2731 9971
3 2732 8482 9969
3 10563 8482 2732
3 10563 2732 8939
3 2733 10261 8761
3 2733 8761 10564
3 2733 9975 9558
3 2733 9558 10261
3 2733 12296 9975
3 2733 10564 12296
3 6024 2734 10701
3 10701 2734 8998
3 11569 8998 2734
3 9926 11569 2734
3 2735 10565 9558
3 10680 2735 9558
3 2735 9978 9977
3 2735 9977 10266
3 10680 9978 2735
3 2735 10266 10565
3 2736 10278 10572
3 2736 10572 13125
3 7635 2737 4796
3 2737 7969 4796
3 12382 2737 7635
3 7742 7920 2737
3 7742 2737 13055
3 7920 7969 2737
3 12382 13055 2737
3 2738 9987 2741
3 2738 2741 10586
3 2738 10586 2981
3 2738 2981 10818
3 2738 12463 9987
3 2738 10818 12463
3 2739 10578 2978
3 2739 2978 10579
3 2739 9990 9988
3 2739 9988 10578
3 2739 10288 9990
3 2739 10579 10288
3 2746 2740 4674
3 2746 9129 2740
3 2740 9129 6393
3 2741 9993 8186
3 2741 8186 10585
3 2741 9987 9993
3 2741 10585 10586
3 2742 3109 3503
3 10911 2742 3503
3 3306 9128 2743
3 3306 2743 9129
3 4664 2743 4840
3 4664 7784 2743
3 4840 2743 9128
3 2743 7784 9129
3 2980 2744 3078
3 8318 2744 2980
3 3078 2744 11067
3 8318 10000 2744
3 10005 2744 10000
3 10005 10836 2744
3 11067 2744 10836
3 4467 10840 2745
3 2745 10594 10007
3 12492 2745 10007
3 2745 10840 10594
3 2746 4563 3306
3 2746 3306 9129
3 2746 7786 4563
3 2746 4674 7786
3 2747 10001 10007
3 2747 10008 10001
3 2747 10007 10595
3 10597 2747 10595
3 3796 2748 6637
3 3796 9730 2748
3 9997 6637 2748
3 9997 2748 10009
3 2990 2749 10608
3 11311 2749 2990
3 8185 11152 2749
3 11311 8185 2749
3 10608 2749 10012
3 10012 2749 11152
3 8443 2993 2750
3 2750 2993 10610
3 8443 2750 11184
3 2750 10610 9739
3 4662 2751 4666
3 4662 9218 2751
3 9212 6434 2751
3 9212 2751 9218
3 9742 10030 2753
3 9742 2753 12685
3 2753 10306 10026
3 2753 10026 12685
3 2753 10030 10388
3 10311 10306 2753
3 10311 2753 10388
3 10029 2754 10023
3 10607 10023 2754
3 10028 2754 10029
3 10028 10617 2754
3 10607 2754 10617
3 9179 2755 3507
3 2755 12623 3507
3 9179 9273 2755
3 2755 12709 12623
3 8553 2756 2872
3 10309 2872 2756
3 8714 2756 8553
3 11285 2756 8714
3 4661 9000 2757
3 4661 2757 9197
3 2757 9000 4668
3 2757 4668 9372
3 2757 9372 9197
3 2758 3412 3317
3 2758 3317 9426
3 2758 6181 3412
3 2758 6441 6181
3 2760 2759 10048
3 2760 10316 2759
3 2759 9465 9216
3 2759 9216 10048
3 2760 2774 2882
3 2760 10048 2774
3 2760 2882 12158
3 2760 12158 10316
3 2761 2876 2877
3 10041 2876 2761
3 10044 2761 2877
3 10041 2761 9751
3 9253 4567 2762
3 9207 7733 2762
3 9253 2762 7733
3 9207 2762 11859
3 2763 2894 2888
3 2763 2888 10328
3 2763 10356 2894
3 10320 10051 2763
3 2763 10051 10356
3 10320 2763 10328
3 4468 2764 9807
3 9509 2764 9507
3 9509 9801 2764
3 10102 2764 9801
3 2764 10102 9807
3 2765 2774 10048
3 10353 2774 2765
3 2765 10068 3007
3 10353 2765 3007
3 9758 2766 10045
3 12641 2766 9758
3 2766 10051 10045
3 2766 10356 10051
3 10357 10356 2766
3 12641 10357 2766
3 3003 2767 2770
3 10059 2770 2767
3 3003 10640 2767
3 10053 10058 2767
3 10053 2767 10640
3 10059 2767 10058
3 2768 10054 2781
3 2768 2781 10082
3 9791 2768 10081
3 10081 2768 10082
3 3003 2770 10873
3 2770 5443 10873
3 2772 10351 2771
3 2772 2771 10372
3 2771 10074 10075
3 2771 10075 10372
3 3005 5443 2772
3 3005 2772 10875
3 2772 5443 10351
3 10648 2772 10372
3 10648 10875 2772
3 10077 2773 5529
3 10377 5529 2773
3 9773 2773 10077
3 9773 10342 2773
3 2773 10342 10379
3 10379 10377 2773
3 10324 2882 2774
3 10324 2774 10347
3 10353 10347 2774
3 5185 2775 4399
3 6359 4399 2775
3 6359 2775 9291
3 9327 9291 2775
3 2906 10384 2776
3 2906 2776 10387
3 12641 2776 10384
3 10387 2776 10867
3 11420 10867 2776
3 12641 11420 2776
3 4670 2777 4680
3 9246 2777 4670
3 4672 4680 2777
3 4672 2777 9327
3 9327 2777 9246
3 10073 2895 2778
3 2895 10358 2778
3 3102 2779 7714
3 3102 11812 2779
3 10090 2780 9105
3 9105 2780 10394
3 10081 10082 2780
3 10081 2780 10090
3 10082 10367 2780
3 10394 2780 10367
3 2887 2781 10336
3 10366 2781 2887
3 10054 10333 2781
3 10082 2781 10366
3 10333 10336 2781
3 2782 2815 5007
3 8965 4773 2782
3 8978 2782 4773
3 8965 2782 5007
3 2783 10011 4774
3 2783 4774 11606
3 4825 2783 9938
3 2783 11606 9938
3 8826 2784 11860
3 8826 12497 2784
3 10304 11091 2784
3 11091 11860 2784
3 10100 2785 9797
3 12697 9797 2785
3 10099 2785 10100
3 10310 2785 10099
3 10200 2785 10310
3 10200 12697 2785
3 8365 8606 2786
3 8365 2786 10404
3 8606 9105 2786
3 9105 10394 2786
3 10396 2786 10394
3 10396 10668 2786
3 10404 2786 10668
3 10449 9122 2787
3 10449 2787 9629
3 2790 10102 2788
3 2790 2788 10676
3 2788 10103 8151
3 2788 8151 10676
3 2788 10102 10103
3 8253 10104 2789
3 11361 8253 2789
3 2789 10104 10411
3 2789 10411 10678
3 11361 2789 10678
3 2790 9807 10102
3 2790 10676 11140
3 3884 7670 2791
3 3884 2791 7675
3 2791 10109 5678
3 10423 2791 5678
3 2791 7670 10109
3 10423 7675 2791
3 8107 4160 2792
3 4160 10115 2792
3 6548 8107 2792
3 12898 6548 2792
3 7732 2792 10115
3 13235 2792 7732
3 12898 2792 13235
3 5670 2793 10116
3 5670 10691 2793
3 9828 10116 2793
3 11213 2793 10691
3 10430 2794 9832
3 10430 10912 2794
3 2794 10912 12930
3 4205 2795 13448
3 4205 13455 2795
3 10525 2795 4314
3 13447 4314 2795
3 10525 13448 2795
3 13455 13447 2795
3 3023 2796 7327
3 3023 10123 2796
3 2796 7581 7327
3 2796 10916 7581
3 2796 10123 10437
3 2796 10437 10916
3 5665 2800 2797
3 10131 2797 2800
3 3023 5665 2797
3 3023 2797 10123
3 9248 10123 2797
3 3024 10440 2798
3 3024 2798 10697
3 2798 10124 10129
3 10436 10124 2798
3 10697 2798 10129
3 10436 2798 10440
3 2925 10129 2799
3 2925 2799 10133
3 5665 10445 2800
3 10131 2800 12985
3 10445 10134 2800
3 10134 12985 2800
3 4847 3853 2801
3 2801 3853 10135
3 4847 2801 10133
3 8367 2801 10135
3 8367 10444 2801
3 10444 10133 2801
3 3115 2802 10926
3 10928 2802 3115
3 10928 3608 2802
3 13201 2802 3608
3 10926 2802 10140
3 13201 10140 2802
3 10926 10140 2803
3 10932 2803 10142
3 11169 10926 2803
3 11169 2803 10932
3 2804 10139 10141
3 2804 10142 10139
3 2804 10141 10143
3 10705 10142 2804
3 10144 2804 10143
3 10705 2804 10144
3 2805 10144 10143
3 10145 2805 10143
3 10704 10144 2805
3 10457 2805 10145
3 10457 10706 2805
3 10706 10704 2805
3 8627 2806 10145
3 8627 11665 2806
3 10457 10145 2806
3 10148 2806 10147
3 10147 2806 11665
3 10457 2806 10148
3 10149 2807 10148
3 10461 10148 2807
3 10149 10464 2807
3 10461 2807 10708
3 10464 10938 2807
3 2807 10938 10708
3 2808 4556 6622
3 11818 4556 2808
3 2808 6622 9375
3 11818 2808 9632
3 9865 2809 9585
3 9585 2809 10717
3 11186 2809 10469
3 11186 10717 2809
3 3122 2813 2810
3 2813 10949 2810
3 3122 2810 6512
3 11186 6512 2810
3 2810 10949 10717
3 11186 2810 10717
3 2812 10160 2811
3 10950 2812 2811
3 8335 2811 10160
3 8335 11214 2811
3 11191 10950 2811
3 11191 2811 11214
3 2812 10161 10160
3 2812 10469 10161
3 10952 10469 2812
3 10952 2812 10950
3 11192 2813 3122
3 10725 10165 2813
3 10725 2813 11192
3 11047 3156 2814
3 11267 2814 3156
3 6825 3319 2814
3 11047 2814 3319
3 6825 2814 11460
3 11267 11460 2814
3 9918 5007 2815
3 9918 2815 8747
3 2816 3042 2824
3 2816 2824 13186
3 2816 11205 3042
3 2816 10480 10730
3 2816 13186 10480
3 2816 10730 11205
3 2817 6622 3315
3 2817 3315 13542
3 2817 9375 6622
3 11919 2817 6659
3 2817 13542 6659
3 2817 11919 9375
3 8335 2818 11214
3 8335 13109 2818
3 11224 2818 10195
3 13109 10195 2818
3 11214 2818 11221
3 11221 2818 11224
3 2819 8968 2833
3 2819 2833 11765
3 2819 7574 6371
3 2819 6371 8935
3 2819 11765 7574
3 2819 8935 8968
3 9595 2820 2823
3 10728 2823 2820
3 9879 2820 8913
3 10728 2820 9879
3 4948 4947 2821
3 3957 2822 2832
3 2832 2822 13318
3 3938 2822 13317
3 3938 13318 2822
3 3957 5026 2822
3 2822 5026 13317
3 3124 10183 2823
3 10731 3124 2823
3 9595 2823 10183
3 10731 2823 10728
3 10187 2824 3042
3 10186 9882 2824
3 13186 2824 9882
3 10187 10186 2824
3 10187 3042 2825
3 2825 3042 10959
3 10188 10187 2825
3 10188 2825 10960
3 2825 10959 10960
3 3326 11471 2826
3 7701 10568 2826
3 11471 7701 2826
3 11053 2826 10568
3 2827 9591 9590
3 2827 9590 10489
3 2827 10172 9591
3 2827 10481 10172
3 2827 10490 10481
3 2827 10489 10490
3 2828 10492 5302
3 2828 5302 10743
3 8619 13155 2828
3 2828 13155 10492
3 2830 2829 10195
3 2830 10978 2829
3 11224 10195 2829
3 10978 10748 2829
3 11225 2829 10748
3 11224 2829 11225
3 2830 10195 9607
3 2830 10198 10978
3 2831 9938 4541
3 2831 9878 4615
3 2831 4615 9938
3 3957 2832 5038
3 4835 2832 4148
3 2832 13318 4148
3 4835 5038 2832
3 4391 2833 7489
3 2833 8968 7489
3 2834 10988 2836
3 2834 3051 3052
3 13217 3051 2834
3 2834 3052 10988
3 9314 2835 10207
3 9314 10211 2835
3 10756 10208 2835
3 10981 2835 10211
3 10981 10756 2835
3 2953 2836 10988
3 2837 3053 10211
3 2837 11236 3053
3 2837 10507 11236
3 2838 8575 2959
3 2838 2959 9905
3 2838 10527 7725
3 2838 7725 11910
3 2838 11910 8575
3 2838 9905 10527
3 2839 12081 13079
3 2839 13347 12081
3 12141 12621 2839
3 12141 2839 13079
3 12162 2839 12621
3 12162 13347 2839
3 8310 2840 13452
3 2840 8310 13543
3 9344 2840 10543
3 9344 13452 2840
3 2957 10531 2841
3 2957 2841 11784
3 5511 8306 2841
3 5511 2841 10532
3 11784 2841 8306
3 10531 10532 2841
3 7776 9871 2842
3 7776 2842 10231
3 7992 2842 9871
3 7992 12117 2842
3 2843 9014 11329
3 9200 2843 11329
3 5864 2844 4623
3 5864 10769 2844
3 2844 10767 8290
3 2844 10769 10767
3 2845 2964 3062
3 5867 2964 2845
3 10242 2845 3062
3 10242 10239 2845
3 3003 7418 2846
3 3003 2846 10640
3 2846 7418 3713
3 2846 3713 10870
3 10641 10640 2846
3 10641 2846 10870
3 2847 5539 5530
3 2848 10248 2968
3 2848 2968 10547
3 2848 10240 10244
3 2848 10546 10240
3 2848 10244 10248
3 2848 10547 10546
3 2923 2962 2849
3 2923 2849 9446
3 2962 9741 2849
3 10029 2849 9741
3 3154 7336 2850
3 9958 3154 2850
3 10782 2850 7336
3 10247 9958 2850
3 10247 2850 10248
3 10248 2850 10782
3 2851 9053 9046
3 2851 9046 10787
3 10574 9053 2851
3 2851 10552 9954
3 10574 2851 9954
3 2851 10787 10552
3 2852 3270 10259
3 2852 10559 3270
3 2852 10254 8237
3 2852 8237 10792
3 2852 10259 10254
3 2852 10792 10559
3 10255 2853 10257
3 10257 2853 11039
3 2853 10554 11037
3 2853 11037 11039
3 2854 3065 10790
3 2854 11039 3065
3 2854 10790 10252
3 2854 10258 10257
3 2854 10257 11039
3 2855 4615 4824
3 2855 4825 4615
3 2856 7706 3145
3 2856 8224 5464
3 2856 5464 10797
3 2856 10797 7706
3 2857 9977 10265
3 2857 10266 9977
3 2857 10265 10269
3 2857 10798 10266
3 2857 10269 10800
3 10801 10798 2857
3 10801 2857 10800
3 2858 10271 2859
3 10806 2858 2859
3 2858 5331 10802
3 10806 5331 2858
3 2858 10269 10270
3 2858 10802 10269
3 2858 10270 10271
3 5097 2859 10277
3 5097 10806 2859
3 2859 10271 8209
3 10277 2859 8209
3 2860 5248 10274
3 2860 10803 5248
3 2860 7944 7933
3 2860 7933 10803
3 7700 2861 8022
3 7700 10812 2861
3 2861 10278 8022
3 10571 10278 2861
3 10571 2861 10812
3 2975 2862 10279
3 11276 2862 2975
3 2862 10276 10279
3 2862 12542 10276
3 12908 2862 11276
3 12908 12542 2862
3 8250 2863 8509
3 8509 2863 9041
3 13327 9041 2863
3 8749 4073 2864
3 4073 10834 2864
3 10834 12959 2864
3 2864 12959 13077
3 4110 4524 2865
3 4110 2865 13228
3 4524 13493 2865
3 13228 2865 13229
3 4739 2866 4061
3 4061 2866 8598
3 4739 5185 2866
3 11766 2866 5185
3 8598 2866 6362
3 11766 6362 2866
3 2867 2938 3472
3 2867 12081 2938
3 2867 3472 13605
3 2867 4049 12081
3 2867 13605 4049
3 2934 6031 2868
3 6031 9878 2868
3 2869 2889 13349
3 11559 4052 2869
3 4052 13611 2869
3 11559 2869 13349
3 3117 2870 10934
3 11590 2870 3117
3 10934 2870 10935
3 10937 10935 2870
3 10937 2870 11180
3 11590 11180 2870
3 4310 2871 8995
3 2871 7680 6380
3 8995 2871 6380
3 2871 11779 7680
3 8553 2872 11099
3 10309 10611 2872
3 11088 2872 10611
3 11099 2872 11088
3 2873 3330 4754
3 2873 9830 3330
3 2873 4754 3835
3 2873 3835 10895
3 10041 2874 2876
3 10620 2876 2874
3 9739 10610 2874
3 10620 2874 10610
3 2999 2875 10628
3 11098 2875 2999
3 10855 10312 2875
3 2875 10312 11649
3 10628 2875 11649
3 11098 10855 2875
3 2877 2876 10622
3 10620 10622 2876
3 10044 2877 2883
3 2877 10623 2883
3 2877 10622 10623
3 2885 8171 2878
3 2885 2878 10343
3 10318 2878 8171
3 10318 10317 2878
3 2878 10317 10630
3 2878 10630 10343
3 2879 10328 2884
3 2879 2884 10625
3 10320 2879 10315
3 10315 2879 10628
3 10320 10328 2879
3 2879 10625 10628
3 10330 2880 11103
3 12571 2880 10330
3 11454 2880 11100
3 11454 11103 2880
3 3070 2881 5062
3 2881 4050 12856
3 2881 12170 5062
3 2881 12856 12170
3 10633 3001 2882
3 12158 2882 3001
3 10633 2882 10324
3 2883 2886 10336
3 2883 10623 2886
3 10044 2883 10333
3 2883 10336 10333
3 2884 10337 2886
3 10636 2884 2886
3 10328 10337 2884
3 10636 10625 2884
3 2885 12034 8171
3 2885 10343 12036
3 2885 12036 12034
3 2886 10337 10336
3 10636 2886 10623
3 2888 2887 10337
3 10365 2887 2888
3 2887 10336 10337
3 10366 2887 10365
3 2894 10365 2888
3 10328 2888 10337
3 2889 5120 11429
3 2890 2897 4266
3 5094 2897 2890
3 5094 2890 3489
3 9119 3489 2890
3 2890 4266 4162
3 9119 2890 4162
3 9666 11801 2891
3 2895 2892 7753
3 10349 2892 2895
3 2892 5451 3004
3 2892 3004 10877
3 10349 5451 2892
3 2892 10877 7753
3 3882 12910 2893
3 3882 2893 13146
3 4079 2893 12910
3 4079 13399 2893
3 5501 2898 2894
3 2898 10365 2894
3 5501 2894 10369
3 10369 2894 10356
3 2895 7753 10358
3 10073 10349 2895
3 10379 10360 2896
3 10360 10393 2896
3 10379 2896 10380
3 2896 11900 10380
3 2896 10393 11603
3 2896 11603 11900
3 2897 4264 4265
3 5073 4264 2897
3 2897 4265 4266
3 5094 5073 2897
3 5501 10382 2898
3 2898 10366 10365
3 2898 10367 10366
3 2898 10382 10367
3 10397 2899 2905
3 2899 10663 2905
3 2899 10384 2906
3 2899 2906 10663
3 10369 10357 2899
3 2899 10357 10384
3 10397 10369 2899
3 3006 2900 10646
3 3006 10651 2900
3 7753 2900 10358
3 7753 10646 2900
3 10371 10358 2900
3 10371 2900 10651
3 10075 2901 10372
3 10075 10375 2901
3 10650 10372 2901
3 2901 10375 10653
3 10650 2901 10653
3 10679 2902 9889
3 10679 10741 2902
3 2902 10741 10969
3 2903 7178 6885
3 2903 7450 7448
3 8357 2903 7448
3 2904 11811 7554
3 2904 9000 11811
3 2904 11919 9000
3 9375 11919 2904
3 10397 2905 10661
3 10661 2905 10662
3 2905 10663 10662
3 2906 10387 7628
3 2906 7628 10663
3 2907 3915 6598
3 2907 6598 5095
3 2907 5095 13347
3 2907 13347 5138
3 3185 9974 2908
3 10891 3185 2908
3 9974 11941 2908
3 10391 11802 2908
3 10391 2908 11941
3 11802 10891 2908
3 5501 2909 10382
3 10397 2909 5501
3 10396 10382 2909
3 10396 2909 11615
3 10397 10661 2909
3 10664 2909 10661
3 10664 11615 2909
3 10667 2910 3013
3 2910 10896 3013
3 2910 10400 8158
3 2910 8158 10402
3 10667 10400 2910
3 2910 10402 10896
3 9803 2911 10100
3 10405 2911 9803
3 2911 10099 10100
3 2911 11507 10099
3 10405 10406 2911
3 10674 2911 10406
3 10674 11507 2911
3 4551 2912 9855
3 10022 2912 4551
3 10022 4656 2912
3 9855 2912 6421
3 2913 3017 3105
3 10678 3017 2913
3 10673 2913 3105
3 10673 10406 2913
3 11361 2913 10406
3 11361 10678 2913
3 10678 2914 3019
3 2914 10901 3019
3 6507 2914 10410
3 6507 10901 2914
3 10410 2914 10411
3 10678 10411 2914
3 10412 3018 2915
3 2915 3018 10683
3 10414 10412 2915
3 10414 2915 10904
3 2915 10683 10903
3 2915 10903 10904
3 3147 4883 2916
3 4947 3147 2916
3 7597 2916 4883
3 7631 6166 2917
3 10417 2917 6166
3 8111 7393 2917
3 7393 10685 2917
3 7631 2917 10685
3 8111 2917 10428
3 10417 10428 2917
3 2918 3022 10132
3 2918 11292 3022
3 2918 10111 11292
3 12818 10111 2918
3 11220 2918 10132
3 11220 12818 2918
3 2994 2919 10185
3 2919 10267 10185
3 10429 2920 2922
3 10693 2922 2920
3 8097 2920 10429
3 10693 2920 10914
3 2921 7582 10915
3 2921 11331 7582
3 10430 10432 2921
3 10430 2921 10915
3 10432 10435 2921
3 10435 11331 2921
3 10693 10437 2922
3 2923 8758 2962
3 11559 2924 13085
3 11559 13349 2924
3 13083 12624 2924
3 12624 13085 2924
3 13083 2924 12625
3 13084 12625 2924
3 13084 2924 13349
3 10107 2925 7848
3 2925 10133 7848
3 10697 2925 10107
3 10697 10129 2925
3 2926 3480 3763
3 2926 11813 3480
3 8508 2926 3763
3 8508 11610 2926
3 2926 11610 11813
3 4762 2944 2927
3 2944 11659 2927
3 4762 2927 13153
3 11659 5461 2927
3 3451 9005 2928
3 9005 6501 2928
3 6501 11525 2928
3 3026 10456 2929
3 3026 2929 11167
3 10456 10874 2929
3 10874 10929 2929
3 11167 2929 10929
3 3026 2930 10456
3 3026 10936 2930
3 10456 2930 10454
3 10454 2930 10460
3 10934 10460 2930
3 10936 10934 2930
3 10458 2931 10459
3 10458 10460 2931
3 10462 10459 2931
3 10935 2931 10460
3 10462 2931 10710
3 10935 10710 2931
3 10463 2932 10464
3 10463 10465 2932
3 10464 2932 10711
3 10465 10466 2932
3 2932 10466 10942
3 2932 10942 10711
3 3031 2933 10713
3 3031 10944 2933
3 10466 10467 2933
3 10466 2933 10943
3 2933 10467 10713
3 2933 10945 10943
3 2933 10944 10945
3 8936 4772 2934
3 2934 4772 9935
3 2934 9935 6031
3 7634 2935 2976
3 2976 2935 10572
3 8585 4202 2935
3 4202 8620 2935
3 7634 8585 2935
3 8620 13125 2935
3 10572 2935 13125
3 2936 3127 3210
3 2936 10825 3127
3 10721 2936 3210
3 6376 2936 10721
3 6376 10825 2936
3 2937 8632 10888
3 10448 2937 10234
3 2937 10888 10234
3 10448 10502 2937
3 2938 6519 3472
3 5100 2938 5095
3 5095 2938 12081
3 5100 6519 2938
3 3302 2939 3218
3 3218 2939 6500
3 3302 6275 2939
3 10741 2939 6275
3 10679 2939 10741
3 4658 3392 2940
3 6501 2940 3392
3 4658 2940 4659
3 9765 4659 2940
3 9005 2940 6501
3 9005 9765 2940
3 10737 2941 3041
3 11219 3041 2941
3 5488 3044 2941
3 11223 2941 3044
3 5488 2941 10737
3 11219 2941 11223
3 2942 6337 10490
3 2942 10961 6337
3 10489 10188 2942
3 10188 10960 2942
3 10489 2942 10490
3 10960 10961 2942
3 2943 8546 5684
3 2943 5684 10441
3 2943 10441 9664
3 2943 9664 12227
3 3857 2944 4188
3 3857 11659 2944
3 13409 4188 2944
3 13409 2944 4762
3 5415 9004 2945
3 5415 2945 13466
3 7920 2945 9004
3 7920 9985 2945
3 7130 2952 2946
3 2946 2952 10019
3 2946 10043 4547
3 10180 2946 4547
3 7130 2946 7343
3 10180 7343 2946
3 2946 10019 10043
3 2947 10499 10497
3 2947 10497 10992
3 2947 10992 10503
3 2948 10757 10212
3 2948 10993 10757
3 3921 2949 4295
3 3921 4799 2949
3 9345 2949 4799
3 13413 2949 9345
3 2950 5530 5537
3 2951 7319 6423
3 2951 6423 11395
3 2951 11395 6424
3 2951 11601 7319
3 4653 2952 4553
3 7130 4553 2952
3 4653 10010 2952
3 2952 10010 10019
3 2953 10988 3137
3 2953 3137 10998
3 2953 10998 10515
3 4210 2954 3468
3 2954 11777 3468
3 4210 4663 2954
3 2954 4663 7116
3 2954 7116 11374
3 2954 11374 11777
3 4643 2989 2955
3 2989 7420 2955
3 4545 2955 3415
3 10060 3415 2955
3 4643 2955 4545
3 10060 2955 7420
3 5523 6106 2956
3 11506 5523 2956
3 11506 2956 6094
3 6094 2956 11515
3 6106 11515 2956
3 2957 11012 10531
3 2957 10760 11012
3 2957 13031 10760
3 2957 11784 13031
3 2958 5730 3143
3 2958 3143 10003
3 2958 3275 8305
3 2958 10003 3275
3 7994 5730 2958
3 7994 2958 8305
3 3056 2959 7986
3 9905 2959 3056
3 2959 10229 7986
3 8575 10229 2959
3 2960 3014 11498
3 4312 4697 2960
3 4312 2960 11498
3 5359 7512 2961
3 5359 2961 12851
3 2961 7512 10532
3 10531 7521 2961
3 2961 7521 12851
3 10531 2961 10532
3 2962 7947 9741
3 5361 9313 2963
3 5361 2963 13001
3 9252 2963 9313
3 9252 10238 2963
3 10238 9565 2963
3 9565 13002 2963
3 13001 2963 13002
3 3062 2964 3148
3 7062 3148 2964
3 5867 6299 2964
3 6299 7062 2964
3 11587 6425 2965
3 8361 8279 2965
3 11587 2965 8279
3 2966 10176 7764
3 8238 7958 2966
3 2966 7958 10176
3 8238 2966 12227
3 11025 5394 2967
3 13192 2967 5394
3 7959 10545 2967
3 13192 7959 2967
3 10782 3063 2968
3 11028 2968 3063
3 10248 10782 2968
3 11028 10547 2968
3 2969 3526 7589
3 3884 2969 7589
3 3884 7675 2969
3 2969 7675 7006
3 4644 4646 2970
3 4644 2970 10325
3 4646 7347 2970
3 7347 10071 2970
3 9006 2970 10071
3 10325 2970 9006
3 2971 10558 9965
3 2971 10557 10558
3 2971 11044 10557
3 11046 11044 2971
3 11046 2971 12411
3 3270 2972 9968
3 3270 10559 2972
3 8820 10560 2972
3 8820 2972 11045
3 10560 9968 2972
3 11045 2972 10559
3 3068 4355 2973
3 10798 3068 2973
3 4355 5491 2973
3 10565 2973 5491
3 10266 2973 10565
3 10266 10798 2973
3 10174 3157 2974
3 11053 2974 3157
3 12588 10174 2974
3 10567 2974 10568
3 12588 2974 10567
3 11053 10568 2974
3 3251 2975 6304
3 11278 2975 3251
3 2975 10570 6304
3 2975 10279 10570
3 11276 2975 11278
3 7634 2976 11057
3 10571 2976 10572
3 10571 10814 2976
3 10814 11057 2976
3 2977 6219 6777
3 7205 6219 2977
3 6651 6652 2977
3 6651 2977 6777
3 6652 8273 2977
3 8273 7205 2977
3 10818 8341 2978
3 2978 8341 11063
3 10818 2978 10578
3 2978 11063 10579
3 2979 6444 3948
3 11551 6444 2979
3 7132 2979 8468
3 7132 11551 2979
3 2980 3078 11289
3 2980 3079 10583
3 2980 11289 3079
3 8318 2980 10583
3 10586 5328 2981
3 11291 2981 5328
3 10818 2981 8341
3 8341 2981 11291
3 7818 10723 2982
3 2982 10723 10475
3 7271 2983 3374
3 2983 12201 3374
3 2983 3668 12201
3 12384 3668 2983
3 7271 11202 2983
3 12384 2983 11202
3 13423 3029 2984
3 13427 2984 3029
3 12694 2984 12924
3 13423 2984 12694
3 13156 12924 2984
3 13427 13156 2984
3 2985 2986 10595
3 11312 2986 2985
3 2985 10595 10594
3 10841 2985 10594
3 11308 2985 10841
3 11312 2985 11308
3 10597 2986 2987
3 11087 2987 2986
3 10597 10595 2986
3 11312 11087 2986
3 10598 10597 2987
3 10598 2987 10611
3 11088 10611 2987
3 11088 2987 11087
3 2988 7953 10842
3 2988 11081 7953
3 9737 2988 10600
3 2988 10298 10600
3 2988 10842 10298
3 10329 2989 4643
3 10264 7420 2989
3 9008 10264 2989
3 9008 2989 10329
3 2990 10608 2992
3 2990 2992 11093
3 11315 2990 11093
3 11311 2990 11315
3 2993 10299 2991
3 2993 2991 11084
3 3166 2991 10299
3 11505 2991 3166
3 3170 11084 2991
3 11505 3170 2991
3 3090 2992 2995
3 2992 10607 2995
3 3090 11093 2992
3 2992 10608 10607
3 8443 10299 2993
3 2993 11084 10610
3 2994 12480 7005
3 2994 10185 10909
3 2994 10909 12480
3 3001 2995 10617
3 10864 2995 3001
3 3090 2995 10864
3 10607 10617 2995
3 2996 3000 10630
3 10860 3000 2996
3 2996 10317 8178
3 2996 8178 10859
3 2996 10630 10317
3 10860 2996 10859
3 3093 10624 2997
3 3093 2997 11094
3 10620 10610 2997
3 10610 11084 2997
3 10620 2997 10624
3 11094 2997 11084
3 2998 10623 10622
3 10624 2998 10622
3 2998 10636 10623
3 10865 2998 10624
3 10626 10636 2998
3 10865 10626 2998
3 3094 2999 10626
3 3094 11098 2999
3 10626 2999 10625
3 2999 10628 10625
3 10630 3000 10632
3 10634 10632 3000
3 10634 3000 10862
3 10860 10862 3000
3 12158 3001 10617
3 10633 10864 3001
3 5118 3002 5303
3 5118 5734 3002
3 3002 5737 5303
3 3003 11106 7418
3 3003 10873 11106
3 7637 3179 3004
3 11114 3004 3179
3 5451 7637 3004
3 11114 10877 3004
3 3180 3005 10875
3 3180 11110 3005
3 10873 5443 3005
3 10873 3005 11110
3 5414 10651 3006
3 10880 5414 3006
3 11115 3006 10646
3 11115 10880 3006
3 10740 3007 10068
3 10364 3007 10088
3 10740 10088 3007
3 10353 3007 10364
3 3008 3100 3350
3 5414 3100 3008
3 3008 3350 10387
3 10390 5414 3008
3 3008 10387 10867
3 10390 3008 10867
3 10375 10076 3009
3 3009 10076 10871
3 10375 3009 10653
3 3009 10881 10653
3 3009 10871 10656
3 10881 3009 10656
3 3010 3592 3781
3 3010 12052 3592
3 3010 3781 12694
3 9599 12052 3010
3 9599 3010 12471
3 12471 3010 12694
3 3011 5149 4711
3 3011 4711 13154
3 3187 3012 10666
3 11354 3012 3187
3 10664 10666 3012
3 10669 10664 3012
3 11131 10669 3012
3 11354 11131 3012
3 8828 3013 3188
3 3013 11135 3188
3 10667 3013 8828
3 10896 11135 3013
3 4192 11498 3014
3 13416 4192 3014
3 13416 3014 4708
3 3015 4763 8683
3 8692 4763 3015
3 8692 3015 8697
3 4467 3016 10828
3 3016 10290 7121
3 3016 7121 10827
3 3016 10827 10828
3 10678 3019 3017
3 3105 3017 11359
3 3018 11141 10683
3 11140 11141 3018
3 3019 10901 11142
3 8629 10900 3020
3 10900 10370 3020
3 3021 3241 5264
3 3021 5400 3241
3 3021 5264 5632
3 7393 5400 3021
3 7393 3021 10685
3 10156 3022 6520
3 11292 6520 3022
3 3022 7353 10132
3 10156 7353 3022
3 3023 7327 5665
3 3024 10697 7579
3 3024 7579 11157
3 3024 11198 10440
3 3024 11157 11198
3 3025 3207 3608
3 3025 11162 3207
3 3025 3608 10928
3 3025 8447 11162
3 3025 11379 8447
3 3025 10928 11379
3 3202 3026 11167
3 3202 11171 3026
3 3026 11171 10936
3 10932 10705 3027
3 11170 10932 3027
3 11170 3027 11174
3 3028 10707 10706
3 10708 3028 10706
3 3028 11176 10707
3 10708 10939 3028
3 3028 10939 11177
3 3028 11177 11176
3 4302 3029 5146
3 13423 5146 3029
3 3295 11389 3030
3 3030 10712 10711
3 3030 10711 10941
3 11389 10712 3030
3 3031 10713 6687
3 3031 6687 10716
3 3031 10716 11388
3 3031 11388 10944
3 6512 3032 10947
3 11813 3032 6676
3 10947 3032 11813
3 3211 6354 3033
3 3211 3033 11608
3 6354 7810 3033
3 10721 3033 7810
3 10721 11808 3033
3 3033 11808 11608
3 3034 3120 8754
3 9767 3120 3034
3 6067 3034 6076
3 8806 3034 6067
3 6076 3034 8754
3 9767 3034 8806
3 3035 3647 6944
3 12599 3647 3035
3 3035 6944 3836
3 10933 3035 3836
3 10933 13048 3035
3 12599 3035 13048
3 10482 10165 3036
3 10725 3036 10165
3 10725 11196 3036
3 3037 11196 3215
3 11403 3037 3215
3 3216 11199 3037
3 11403 3216 3037
3 3037 11199 10731
3 3038 3039 10481
3 11212 3039 3038
3 6337 3038 10490
3 11212 3038 6337
3 3038 10481 10490
3 3127 10825 3039
3 3127 3039 11212
3 10846 10481 3039
3 10846 3039 10825
3 4705 3040 8906
3 9767 3040 4705
3 3040 11611 8906
3 10737 3041 11411
3 3042 11205 10959
3 3043 4530 7248
3 10638 4536 3043
3 10638 3043 7248
3 10744 3131 3044
3 11223 3044 3131
3 10742 3044 5488
3 10744 3044 10742
3 10743 3045 3046
3 3045 11421 3046
3 10743 5302 3045
3 3045 5302 11413
3 11627 3045 11413
3 11627 11421 3045
3 10975 10743 3046
3 10975 3046 11226
3 11226 3046 11421
3 11225 10748 3047
3 11422 3047 10748
3 11225 3047 11574
3 11422 11638 3047
3 11574 3047 11635
3 3047 11638 11635
3 6598 3915 3048
3 6598 3048 11932
3 7054 3048 7038
3 7054 11932 3048
3 3049 4692 4516
3 3049 4516 12078
3 3049 7182 4692
3 3049 5351 11482
3 3049 12078 5351
3 4611 3050 7138
3 4611 11547 3050
3 4817 7138 3050
3 9124 4817 3050
3 7145 9124 3050
3 7145 3050 11547
3 11230 3052 3051
3 3052 3230 3137
3 10988 3052 3137
3 11230 3230 3052
3 10981 10211 3053
3 10981 3053 11235
3 3053 11236 11235
3 3054 3101 6444
3 3054 6444 11551
3 3054 7128 6463
3 3054 11551 7128
3 10055 7542 3055
3 10763 3055 9779
3 10055 3055 10763
3 3056 7788 7269
3 3056 7269 12853
3 3056 7986 7788
3 9905 3056 12853
3 5237 3057 7035
3 5237 11660 3057
3 10206 7035 3057
3 10769 3057 7788
3 7788 3057 11660
3 10769 10206 3057
3 7776 3058 5851
3 13577 11018 3058
3 3219 3059 4510
3 3219 6453 3059
3 4510 3059 8457
3 9133 3059 6453
3 7157 8457 3059
3 9133 7157 3059
3 7766 10787 3060
3 11036 3060 10787
3 12728 3060 11036
3 5544 3061 7476
3 5544 10792 3061
3 7476 3061 11043
3 10792 10555 3061
3 11030 3061 10555
3 11030 11451 3061
3 11043 3061 11451
3 3062 3148 11256
3 10242 3062 11032
3 11032 3062 11256
3 11257 3063 3242
3 11453 3242 3063
3 11453 3063 10782
3 11257 11028 3063
3 3064 10529 7789
3 13584 3064 7789
3 11039 3152 3065
3 10790 3065 3154
3 5718 3066 7464
3 5718 11266 3066
3 8761 7464 3066
3 10794 8761 3066
3 10794 3066 11050
3 3066 11266 11050
3 3067 3322 5832
3 3067 7473 3322
3 5358 3067 5832
3 5358 12677 3067
3 3067 8939 7473
3 3067 12677 8939
3 7522 4355 3068
3 11271 7522 3068
3 10801 3068 10798
3 11271 3068 10801
3 7462 3069 10800
3 11467 3069 7462
3 10801 10800 3069
3 11271 10801 3069
3 11466 11271 3069
3 11467 11466 3069
3 3070 5062 13606
3 3070 11528 5555
3 3070 13606 11528
3 5097 3071 10806
3 12908 3071 5097
3 10806 3071 5331
3 3071 11273 5331
3 9960 11273 3071
3 12908 9960 3071
3 3957 3072 5026
3 3957 6419 3072
3 4919 5026 3072
3 7096 4919 3072
3 11647 3072 6419
3 11647 7096 3072
3 4037 3073 4978
3 4037 11474 3073
3 3073 10812 4978
3 3073 10814 10812
3 11280 10814 3073
3 11280 3073 11474
3 3074 6407 11564
3 3074 11630 6407
3 6436 3074 7199
3 6436 11630 3074
3 8445 7199 3074
3 8445 3074 11564
3 5273 3075 6560
3 11945 3075 5273
3 11747 6560 3075
3 3075 7170 11347
3 11945 7170 3075
3 11747 3075 11347
3 3256 3253 3076
3 3076 3253 11484
3 11063 3256 3076
3 11063 3076 10820
3 11483 10820 3076
3 11483 3076 11484
3 3077 12958 10281
3 10517 12958 3077
3 10517 3077 13324
3 13324 3077 13567
3 3078 11067 3259
3 3078 3259 11711
3 3078 11711 11289
3 10584 10583 3079
3 10584 3079 10827
3 11286 10827 3079
3 11289 11286 3079
3 3254 3080 11286
3 11493 3080 3254
3 9841 10828 3080
3 11494 9841 3080
3 3080 10828 10827
3 3080 10827 11286
3 11493 11494 3080
3 3081 11294 3257
3 3081 3257 11715
3 3081 6637 7914
3 3081 11072 6637
3 3081 7914 11294
3 3081 11715 11072
3 11111 4084 3082
3 3082 4084 12113
3 3082 5514 6596
3 3082 12075 5514
3 11111 3082 6596
3 3082 12113 12075
3 11297 3083 3264
3 11311 3264 3083
3 7657 8185 3083
3 7657 3083 10835
3 11311 3083 8185
3 11297 10835 3083
3 9018 4356 3084
3 3084 7096 7200
3 10841 9841 3085
3 11494 3085 9841
3 11308 10841 3085
3 11308 3085 11305
3 11494 11305 3085
3 3987 3086 3163
3 11502 3163 3086
3 11309 3263 3086
3 11502 3086 3263
3 10843 3086 3987
3 10843 10842 3086
3 11309 3086 10842
3 3469 3087 9146
3 3469 11699 3087
3 7339 3087 6261
3 3087 11699 6261
3 6460 3087 7339
3 9146 3087 6460
3 4306 3088 12103
3 4306 13542 3088
3 12103 3088 4675
3 13542 5524 3088
3 3089 3931 6735
3 5083 3089 4271
3 3089 6735 4271
3 6476 3089 5083
3 3092 3090 10864
3 3092 11324 3090
3 3090 11324 11093
3 3091 10848 10855
3 3091 11316 10848
3 3091 10855 11098
3 3091 11098 11328
3 3091 11318 11316
3 3091 11328 11318
3 10634 10862 3092
3 10634 3092 10864
3 3092 10862 11097
3 3092 11097 11324
3 10865 10624 3093
3 10865 3093 11327
3 3093 11094 11095
3 3093 11095 11327
3 10865 3094 10626
3 10865 11327 3094
3 3094 11328 11098
3 3094 11327 11328
3 3274 3272 3095
3 3272 7184 3095
3 11102 3274 3095
3 10869 3095 7184
3 7641 3095 10869
3 11102 3095 7641
3 7637 3096 3179
3 10093 3179 3096
3 11108 3096 7637
3 10093 3096 11935
3 11108 11742 3096
3 11742 11935 3096
3 3097 3548 8399
3 3097 13070 3548
3 3097 4607 6366
3 3097 7283 4607
3 3097 6366 13070
3 3097 8399 7283
3 4082 3981 3098
3 13162 3098 3981
3 5870 4082 3098
3 5870 3098 13431
3 13432 3098 13162
3 13432 13431 3098
3 4198 4675 3099
3 4198 3099 13435
3 13432 3099 4675
3 5640 3099 13162
3 5640 13435 3099
3 13432 13162 3099
3 10882 3350 3100
3 3832 3100 10880
3 11127 3100 3832
3 10880 3100 5414
3 11127 10882 3100
3 3101 4267 3747
3 3101 3747 13590
3 3101 13590 6444
3 3147 11812 3102
3 3147 3102 11815
3 4886 3102 7714
3 11815 3102 4886
3 6240 3740 3103
3 6969 3103 3740
3 6297 3103 4604
3 6969 4604 3103
3 6158 6240 3103
3 6158 3103 6297
3 4622 6489 3104
3 4622 3104 13438
3 10773 3104 6489
3 10773 7654 3104
3 13437 3104 7654
3 13438 3104 13437
3 3105 3189 10898
3 3105 11359 3189
3 10673 3105 10898
3 3106 7355 10676
3 3106 11562 7355
3 3106 8151 10403
3 3106 10676 8151
3 3106 10403 11136
3 3106 11136 11562
3 6066 3107 3120
3 3107 8752 3120
3 6064 5532 3107
3 5532 8752 3107
3 6064 3107 6066
3 9733 4641 3108
3 4641 11532 3108
3 9717 3108 9787
3 3108 11532 9787
3 3109 11370 12670
3 8007 3110 7329
3 10915 7329 3110
3 10912 10915 3110
3 10912 3110 12926
3 10693 10914 3111
3 10693 3111 10916
3 10916 3111 11109
3 3111 11373 11109
3 7306 9932 3112
3 7306 3112 10922
3 10295 7577 3112
3 3112 7577 10996
3 10295 3112 9932
3 10922 3112 10996
3 7408 4602 3113
3 4602 11966 3113
3 12085 6938 3113
3 6938 12088 3113
3 7408 3113 12088
3 12085 3113 11966
3 3114 7825 7125
3 3114 7125 10925
3 3114 10452 7825
3 3114 10929 10452
3 3114 10925 11166
3 3114 11166 10929
3 3292 11379 3115
3 3292 3115 11383
3 11383 3115 10926
3 11379 10928 3115
3 3116 4624 13435
3 3116 13437 4624
3 3116 9458 13438
3 3116 13438 13437
3 3117 10934 10936
3 11586 3117 10936
3 11586 11592 3117
3 11590 3117 11592
3 3118 10938 10712
3 11389 3118 10712
3 3118 10939 10938
3 3118 11181 10939
3 3118 11385 11181
3 11385 3118 11389
3 3119 10941 10942
3 11392 10941 3119
3 3119 10942 10943
3 3119 10943 11185
3 3119 11185 11598
3 11392 3119 11598
3 9767 6066 3120
3 8754 3120 8752
3 3121 6142 7095
3 3121 8428 6142
3 3121 7095 9177
3 8976 3121 9177
3 3122 10948 3214
3 3122 3214 11192
3 3122 6512 10947
3 3122 10947 10948
3 3123 3196 7584
3 12786 3196 3123
3 10155 7583 3123
3 12786 3123 7583
3 3124 5885 10183
3 11405 5885 3124
3 10731 11199 3124
3 11405 3124 11199
3 11411 5304 3125
3 11614 3125 5304
3 10730 10169 3125
3 11411 3125 10169
3 10730 3125 11412
3 11614 11412 3125
3 10960 10959 3126
3 11206 3126 10959
3 10960 3126 10961
3 11208 10961 3126
3 11616 3126 11206
3 11616 11208 3126
3 3210 3127 3300
3 3127 11618 3300
3 3127 11212 11618
3 3304 3128 3211
3 3211 3128 6354
3 11413 3128 3304
3 6354 3128 10476
3 10964 10476 3128
3 10964 3128 11413
3 3129 3130 3223
3 3129 5379 3130
3 3129 3223 11828
3 3129 6870 5379
3 3129 11629 6870
3 3129 11828 11629
3 3130 6275 3223
3 3130 5379 10750
3 3130 10969 6275
3 3130 10750 10969
3 10972 3132 3131
3 12532 3131 3132
3 10744 10972 3131
3 11223 3131 12532
3 10972 10974 3132
3 10974 11231 3132
3 11419 3132 11231
3 11419 12532 3132
3 4351 3133 8842
3 8842 3133 7895
3 10755 7895 3133
3 9658 10755 3133
3 3231 3134 11237
3 3231 11646 3134
3 10982 3134 11231
3 10982 11235 3134
3 11231 3134 11640
3 11235 11237 3134
3 11646 11640 3134
3 6451 3135 9226
3 6451 9685 3135
3 6929 3135 9685
3 6929 12271 3135
3 3135 12056 9226
3 3135 12271 12056
3 3227 3136 3229
3 3227 11641 3136
3 10986 3229 3136
3 10985 10986 3136
3 3230 12497 3137
3 10998 3137 8826
3 8826 3137 12497
3 3232 3138 7551
3 3232 11236 3138
3 8034 7551 3138
3 10507 8034 3138
3 10507 3138 11236
3 7085 3139 3310
3 10991 3310 3139
3 10991 3139 10992
3 10992 3139 10997
3 5572 3140 4599
3 5939 4599 3140
3 5938 7748 3140
3 5939 3140 7748
3 3141 3705 7791
3 9235 3705 3141
3 5669 6295 3141
3 5669 3141 12210
3 9235 3141 6295
3 3141 7791 12210
3 8197 5471 3142
3 10003 3143 11243
3 3143 12762 11243
3 3144 7933 7944
3 3144 10567 7933
3 3144 7944 8473
3 3144 8473 9979
3 9285 3144 9979
3 9285 10567 3144
3 3145 7706 12588
3 9285 9528 3145
3 9285 3145 12588
3 11664 3239 3146
3 5361 3146 5546
3 5361 7363 3146
3 11664 3146 7363
3 3147 11815 4883
3 4947 11812 3147
3 11448 3148 7062
3 11255 11256 3148
3 11448 11255 3148
3 10546 3149 7537
3 3149 12837 7537
3 10547 3149 10546
3 11028 3149 10547
3 11028 11446 3149
3 3149 11446 12741
3 3149 12741 12837
3 3150 9516 12192
3 12141 13079 3150
3 11034 3151 3243
3 3243 3151 11260
3 11033 11032 3151
3 11032 11256 3151
3 11034 11033 3151
3 3151 11256 11260
3 11034 3244 3152
3 11037 11034 3152
3 11037 3152 11039
3 11047 3319 3153
3 3153 3319 12709
3 11036 10791 3153
3 10791 11047 3153
3 12728 11036 3153
3 12728 3153 12709
3 3154 3245 7336
3 9958 10790 3154
3 5544 7476 3155
3 5544 3155 11045
3 5645 11045 3155
3 5645 3155 11459
3 11456 3155 7476
3 11456 11459 3155
3 11046 3156 11044
3 11047 11044 3156
3 11046 11050 3156
3 11050 11267 3156
3 3323 3157 9653
3 3323 11469 3157
3 10174 9653 3157
3 11469 11053 3157
3 10811 5050 3158
3 11471 3158 5050
3 10811 3158 11475
3 11471 11688 3158
3 11475 3158 11688
3 3159 7055 7518
3 3159 11476 7055
3 7634 3159 7518
3 7634 11057 3159
3 11280 3159 11057
3 11280 11476 3159
3 7372 3160 11478
3 7372 12986 3160
3 7379 3160 7638
3 7379 9754 3160
3 7638 3160 12986
3 11478 3160 9754
3 3161 12286 7427
3 3161 7427 12893
3 3161 9946 11489
3 3161 12893 9946
3 3348 3162 9623
3 9697 5380 3162
3 5328 3987 3163
3 11496 5328 3163
3 11496 3163 9873
3 11502 9873 3163
3 9012 3164 3261
3 11511 3261 3164
3 9012 11071 3164
3 3164 11071 11079
3 11316 3164 11079
3 11511 3164 11316
3 3165 11076 3735
3 3165 3735 11307
3 11513 11076 3165
3 3165 11307 11719
3 11513 3165 11720
3 3165 11719 11720
3 3166 10299 10296
3 3166 10296 12286
3 3171 3167 9043
3 12241 3167 3171
3 4466 3167 8831
3 4466 9043 3167
3 8831 3167 7614
3 12241 7614 3167
3 11090 4230 3168
3 11309 3168 4230
3 11081 3168 7953
3 11309 7953 3168
3 11081 10615 3168
3 11090 3168 10615
3 3169 3268 3269
3 3268 3169 11324
3 11508 3169 3269
3 3169 11315 11093
3 3169 11093 11324
3 11508 11315 3169
3 11505 3339 3170
3 3339 11727 3170
3 3170 11094 11084
3 11727 11094 3170
3 3171 3521 4219
3 3171 9043 3521
3 3171 4219 9236
3 12241 3171 9236
3 11087 3265 3172
3 3265 11734 3172
3 11088 11087 3172
3 3172 11734 11736
3 10180 3173 4549
3 8876 7354 3173
3 10263 8876 3173
3 10263 3173 10180
3 10859 10849 3174
3 3174 10849 11321
3 10860 10859 3174
3 10860 3174 10862
3 3174 11097 10862
3 3174 11321 11097
3 11100 11099 3175
3 11454 11100 3175
3 11454 3175 11333
3 11333 3175 11736
3 11102 3176 3447
3 3447 3176 11933
3 7418 3176 3713
3 11102 3713 3176
3 11107 3176 7418
3 11107 11933 3176
3 7235 3177 7244
3 7235 12297 3177
3 3177 11867 7244
3 8412 3177 7688
3 12297 7688 3177
3 8412 8720 3177
3 3177 8720 11867
3 3178 9697 3200
3 3178 8844 5227
3 3178 5227 9697
3 3178 9682 8844
3 3347 3179 10093
3 3347 11114 3179
3 7180 3180 10875
3 7180 11340 3180
3 3180 11339 11110
3 3180 11341 11339
3 3180 11340 11341
3 3181 6960 11115
3 11527 6960 3181
3 3181 10646 10877
3 3181 11115 10646
3 3181 10877 11114
3 11527 3181 11114
3 6951 3277 3182
3 6998 3182 3277
3 6951 3182 11121
3 6998 11117 3182
3 11117 10878 3182
3 11121 3182 10878
3 3349 7168 3183
3 3349 3183 10170
3 3183 7168 3832
3 3184 10881 7399
3 3184 7399 13078
3 3184 10650 10653
3 3184 11121 10650
3 3184 10653 10881
3 3184 13078 11121
3 3185 11122 9974
3 10891 10297 3185
3 3185 10297 12606
3 3185 12606 11122
3 3186 4085 4308
3 3186 4308 5927
3 3186 5927 13439
3 3187 10666 11126
3 11352 3187 11126
3 11354 3187 11352
3 8828 3188 10340
3 9896 10340 3188
3 9896 3188 11137
3 11137 3188 11135
3 9292 3189 11541
3 3189 11359 11541
3 3355 3190 3353
3 3353 3190 7144
3 3355 10683 3190
3 3190 11139 7144
3 10683 11141 3190
3 3190 11141 11139
3 10699 5229 3191
3 11156 3191 5229
3 10699 3191 7349
3 11253 7349 3191
3 10901 7629 3192
3 7629 11362 3192
3 10901 3192 11142
3 11142 3192 11544
3 3192 11362 11549
3 3192 11549 11544
3 3355 3193 10683
3 11550 3193 3355
3 11550 5778 3193
3 5778 12936 3193
3 10683 3193 10903
3 12936 10903 3193
3 7041 3194 8410
3 7041 8411 3194
3 8410 3194 9824
3 9164 9824 3194
3 3195 4754 3330
3 3773 4756 3195
3 3195 3795 4754
3 3195 4756 3795
3 3365 3197 3196
3 7584 3196 3197
3 3365 3196 11367
3 12786 11367 3196
3 3365 5268 3197
3 5321 3197 5268
3 5321 11154 3197
3 7584 3197 7142
3 11154 7142 3197
3 3198 11157 7322
3 11571 3198 7322
3 3198 11570 7461
3 3198 7461 12772
3 3198 12772 11157
3 11571 11570 3198
3 3199 7116 4663
3 11575 3199 4663
3 5398 3199 11378
3 11575 11378 3199
3 9202 3201 7106
3 3201 10925 7106
3 11786 3201 9202
3 11164 10925 3201
3 11164 3201 11577
3 11786 11577 3201
3 5314 3202 11167
3 11582 3202 5314
3 11581 11171 3202
3 11582 11581 3202
3 3203 11169 11170
3 11384 11169 3203
3 3203 11170 11175
3 11585 3203 11175
3 11580 11384 3203
3 11580 3203 11585
3 4450 3204 6733
3 4450 10027 3204
3 3204 13180 6733
3 3204 10027 10190
3 3204 10190 13168
3 3204 13168 13180
3 3205 11175 11174
3 3205 11174 11176
3 11584 11175 3205
3 3205 11176 11178
3 3205 11178 11588
3 11584 3205 11588
3 3206 11178 11177
3 3206 11177 11181
3 11593 11178 3206
3 3206 11181 11386
3 11593 3206 11386
3 3207 10136 3608
3 3207 10996 10136
3 10922 10996 3207
3 11162 10922 3207
3 10023 10012 3208
3 10012 11152 3208
3 3209 4174 3989
3 3209 3989 5318
3 3209 5309 4174
3 3209 13445 5309
3 3209 5318 12942
3 3209 12942 13445
3 3210 3300 11807
3 10721 3210 11808
3 3210 11807 11808
3 3304 3211 11625
3 11625 3211 11608
3 11622 3395 3212
3 11810 3212 3395
3 10950 3212 6676
3 11810 6676 3212
3 11191 3212 10950
3 11191 11622 3212
3 3213 4184 4190
3 3213 4307 4184
3 3213 4190 5309
3 3213 4199 4307
3 3213 13445 4199
3 3213 5309 13445
3 11803 3214 10948
3 11192 3214 11247
3 11803 11247 3214
3 3386 3388 3215
3 3386 3215 11195
3 11403 3215 3388
3 11195 3215 11196
3 8466 3216 11403
3 8466 11404 3216
3 11404 11199 3216
3 3217 3218 6500
3 3217 11819 3218
3 3217 6500 10732
3 11200 3217 10732
3 11200 11816 3217
3 11816 11819 3217
3 3302 3218 11817
3 11817 3218 11819
3 3219 4835 3914
3 3219 3914 6453
3 3219 4510 5038
3 3219 5038 4835
3 3220 3221 11207
3 3220 11804 3221
3 11208 3220 11207
3 11208 11617 3220
3 11617 12009 3220
3 3220 12009 11804
3 3221 6337 11207
3 3221 11212 6337
3 3221 11618 11212
3 3221 11804 11618
3 3222 4572 3994
3 3222 4311 4572
3 5931 4311 3222
3 3302 3223 6275
3 3302 11824 3223
3 11828 3223 11824
3 11219 11223 3224
3 11219 3224 11826
3 11223 12532 3224
3 3224 11417 11415
3 3224 11415 11826
3 3224 12532 11417
3 4565 3225 9199
3 6706 13389 3225
3 3225 13340 9199
3 3225 13389 13340
3 3226 3605 6010
3 3226 12914 3605
3 3226 12907 3978
3 3226 3978 12914
3 3226 6010 12458
3 3226 12458 12907
3 3227 3229 11226
3 3227 3493 11641
3 3227 12096 3493
3 3227 11226 12096
3 11230 3228 6664
3 11639 6664 3228
3 10975 3229 10752
3 10986 10752 3229
3 10975 11226 3229
3 3309 3230 11426
3 3309 12497 3230
3 11230 11426 3230
3 3404 11650 3231
3 3404 3231 11651
3 3231 11237 11651
3 3231 11650 11646
3 12769 3232 7551
3 3232 11237 11236
3 3232 11651 11237
3 12769 11651 3232
3 6006 7543 3233
3 6006 3233 10760
3 7074 10760 3233
3 7074 3233 11437
3 3233 7543 7284
3 3233 7284 11437
3 3831 3446 3234
3 3234 3446 7513
3 3831 3234 7214
3 3234 7513 7506
3 4424 3235 3442
3 6051 3442 3235
3 4424 4422 3235
3 4422 10381 3235
3 6051 3235 4540
3 10381 4540 3235
3 8855 3236 6859
3 3236 12441 6859
3 8855 11010 3236
3 3236 11010 11243
3 3236 11243 12762
3 3236 12762 12441
3 3237 12018 3484
3 3237 12016 5750
3 3237 5750 12018
3 11998 12016 3237
3 3238 5239 5305
3 3238 9080 5239
3 3238 12835 9080
3 7331 5528 3239
3 5264 3241 3286
3 11674 3414 3242
3 12767 3242 3414
3 12767 11257 3242
3 3242 11453 11674
3 11034 3243 3244
3 11676 3244 3243
3 11872 3243 11260
3 11676 3243 11872
3 11676 3320 3244
3 11674 3245 3320
3 11453 7336 3245
3 11453 3245 11674
3 9688 3246 5622
3 3246 9969 5622
3 7211 3247 11266
3 7211 13047 3247
3 11267 11266 3247
3 11267 3247 11460
3 11683 11460 3247
3 11683 3247 13047
3 5964 3324 3248
3 3248 3324 13262
3 3248 5739 7221
3 3248 13262 5739
3 5964 3248 7522
3 7522 3248 7221
3 3249 11273 7209
3 11687 3249 7209
3 7462 10637 3249
3 11472 7462 3249
3 3249 10637 11273
3 11687 11472 3249
3 4877 3250 5999
3 4877 11276 3250
3 11693 5999 3250
3 11276 11278 3250
3 11278 11694 3250
3 11694 11693 3250
3 8235 3251 6304
3 8235 11696 3251
3 11278 3251 11696
3 3252 6433 6858
3 3252 12902 6433
3 8242 3252 6858
3 8242 11700 3252
3 3252 11700 12814
3 3252 12814 12902
3 3256 11495 3253
3 3253 11495 3427
3 11706 3253 3427
3 11484 3253 11706
3 3254 11286 11288
3 11712 3254 11288
3 11493 3254 11909
3 11712 11909 3254
3 8341 3256 11063
3 8341 11291 3256
3 3256 11291 11495
3 11295 6510 3257
3 6510 11714 3257
3 11295 3257 11294
3 11714 11715 3257
3 3258 3337 3429
3 3258 11504 3337
3 11488 3258 3429
3 11296 11297 3258
3 11488 11296 3258
3 11297 11504 3258
3 11298 3259 11067
3 11298 11710 3259
3 11711 3259 11710
3 3432 3260 11715
3 3432 11718 3260
3 11307 11072 3260
3 11715 3260 11072
3 11307 3260 11719
3 11718 11719 3260
3 3340 3524 3261
3 11511 3340 3261
3 3524 7352 3261
3 9012 3261 7352
3 4562 4208 3262
3 3262 4208 13460
3 4562 3262 12778
3 3262 13460 9323
3 3262 9323 13467
3 12778 3262 11620
3 3262 13467 11620
3 11309 4230 3263
3 4230 11729 3263
3 11502 3263 9904
3 11729 9904 3263
3 11297 3264 11504
3 11311 11315 3264
3 11508 3264 11315
3 11508 11504 3264
3 11312 3265 11087
3 11313 3265 11312
3 11313 11724 3265
3 3265 11724 11734
3 3266 6564 3411
3 7449 3266 3411
3 3889 3266 5236
3 3889 6564 3266
3 5236 3266 6563
3 7449 6563 3266
3 3271 8792 3267
3 3271 3267 11095
3 3343 3267 8792
3 3343 11318 3267
3 11327 11095 3267
3 11318 11328 3267
3 11327 3267 11328
3 11518 3269 3268
3 11321 3268 11097
3 11097 3268 11324
3 11518 3268 11321
3 3440 3437 3269
3 11508 3269 3437
3 11518 3440 3269
3 3443 3444 3271
3 3443 3271 11727
3 3444 8792 3271
3 11727 3271 11095
3 3529 3272 3274
3 3529 11925 3272
3 11520 7184 3272
3 11520 3272 11924
3 3272 11925 11924
3 4307 3273 4184
3 4441 4184 3273
3 4307 5639 3273
3 4441 3273 13440
3 5639 9397 3273
3 9397 13440 3273
3 11102 3447 3274
3 12250 3274 3447
3 3529 3274 12250
3 9925 8305 3275
3 9925 3275 8594
3 3275 10526 8594
3 3275 10003 10526
3 4662 4557 3276
3 5666 3276 4557
3 4662 3276 9218
3 5666 13444 3276
3 9253 9218 3276
3 9253 3276 13444
3 6951 6552 3277
3 9715 3277 6552
3 6998 3277 11746
3 9715 11746 3277
3 6407 3278 11564
3 11350 3279 7045
3 7045 3279 13078
3 11350 11947 3279
3 11946 11749 3279
3 13078 3279 11749
3 11946 3279 11947
3 3450 3280 7170
3 8902 3280 3450
3 7170 3280 9546
3 8902 7388 3280
3 11127 3280 7388
3 11127 9546 3280
3 4567 13444 3281
3 10799 5651 3281
3 10799 3281 13464
3 13464 3281 13444
3 6945 7308 3282
3 11536 6945 3282
3 7308 8398 3282
3 11131 3282 8398
3 11354 3282 11131
3 11354 11536 3282
3 3354 11542 3283
3 3354 3283 11544
3 11142 11544 3283
3 11542 11360 3283
3 3356 11549 3284
3 11962 3356 3284
3 8970 3455 3284
3 11962 3284 3455
3 3359 3285 3357
3 5778 3357 3285
3 3359 12804 3285
3 5778 3285 7497
3 7497 3285 12804
3 5264 3286 11553
3 11366 3286 5392
3 11553 3286 11366
3 3554 3287 3650
3 3554 11763 3287
3 3650 3287 11969
3 3287 11367 11150
3 11969 3287 11150
3 3287 11763 11367
3 3367 3288 11768
3 3367 12480 3288
3 3371 3288 4465
3 3371 11768 3288
3 11566 4465 3288
3 11566 3288 11153
3 11153 3288 12480
3 5321 3370 3289
3 3289 3370 11773
3 5321 3289 11154
3 3289 11370 11154
3 3289 12670 11370
3 3289 11773 12670
3 3290 8317 7595
3 3290 7595 9605
3 3290 7950 8317
3 11158 7950 3290
3 11777 3290 9605
3 11777 11158 3290
3 7306 11162 3291
3 11573 7306 3291
3 11162 8447 3291
3 3291 8447 11780
3 11573 3291 10816
3 10816 3291 11780
3 3292 11782 11379
3 3292 11383 11384
3 11579 3292 11384
3 11579 11783 3292
3 3292 11783 11782
3 3293 11386 11385
3 3293 11385 11390
3 11791 11386 3293
3 11595 3293 11390
3 11595 11996 3293
3 11791 3293 11996
3 11387 3294 11388
3 11387 11594 3294
3 11388 3294 11397
3 11397 3294 11597
3 11793 3294 11594
3 11793 11597 3294
3 3295 3383 11390
3 3295 12221 3383
3 3295 11390 11389
3 3312 9656 3296
3 3384 3297 11596
3 3384 12005 3297
3 3297 11185 11596
3 3297 11598 11185
3 12002 11598 3297
3 12002 3297 12005
3 4092 3996 3298
3 4209 3298 3996
3 4093 3298 9340
3 4209 9340 3298
3 11405 3299 11200
3 3299 11816 11200
3 11404 3299 11405
3 11404 12016 3299
3 11998 11816 3299
3 11998 3299 12016
3 9805 3300 11806
3 9805 11807 3300
3 11806 3300 11618
3 9845 3301 9844
3 9846 3301 9845
3 9847 3301 9846
3 3302 11817 11824
3 3390 3303 3485
3 3390 11612 3303
3 3485 3303 3488
3 11826 3488 3303
3 11612 5304 3303
3 3304 11625 3396
3 11627 3304 3396
3 11627 11413 3304
3 11415 3305 3488
3 3305 12245 3488
3 3305 3772 12245
3 3305 12442 3772
3 11415 11417 3305
3 11417 12442 3305
3 3306 4563 13510
3 3306 13510 9128
3 3307 10681 4813
3 3495 3308 3498
3 3495 11423 3308
3 3498 3308 8681
3 10993 8681 3308
3 10993 3308 10757
3 11423 10757 3308
3 3309 11648 3496
3 3309 11426 11648
3 7085 3310 11849
3 10991 7263 3310
3 11279 3310 7263
3 11279 11849 3310
3 7093 3311 3406
3 3311 12076 3406
3 7065 3311 8789
3 7065 12076 3311
3 5319 3312 5283
3 11855 4254 3313
3 3313 4254 12667
3 11855 3313 7269
3 7269 3313 12853
3 3313 12667 12852
3 3313 12852 12853
3 3314 7084 3502
3 3314 3502 7328
3 3314 7074 7084
3 3314 11012 7074
3 3314 7328 7521
3 3314 7521 11012
3 3820 5524 3315
3 3820 3315 6622
3 3315 5524 13542
3 8815 3316 4764
3 10613 4764 3316
3 4813 3316 5283
3 4813 6077 3316
3 8815 5283 3316
3 6077 10613 3316
3 3317 3412 11669
3 11448 9426 3317
3 11448 3317 11255
3 3317 11669 11255
3 3318 7036 9668
3 3318 11043 7036
3 7476 11043 3318
3 11456 7476 3318
3 11680 3318 9668
3 11456 3318 11680
3 6825 4242 3319
3 12623 3319 4242
3 12623 12709 3319
3 3416 3417 3320
3 11676 3416 3320
3 3417 11674 3320
3 3321 9139 13412
3 10609 9141 3321
3 10609 3321 9654
3 3321 13412 9654
3 6590 5832 3322
3 11879 6590 3322
3 7009 3322 7469
3 11879 3322 7009
3 7473 7469 3322
3 3323 9653 7270
3 3323 7270 11883
3 3323 11883 11469
3 3324 3510 8124
3 11468 3510 3324
3 11468 3324 5964
3 3324 8124 13262
3 11467 3325 11466
3 11468 11466 3325
3 11472 3325 11467
3 11468 3325 13295
3 11686 3325 11472
3 11686 13295 3325
3 3326 5301 11689
3 3326 11688 11471
3 3326 11689 11688
3 3513 11893 3327
3 3513 3327 13302
3 7004 3327 11474
3 7004 13302 3327
3 3327 11476 11474
3 11893 11476 3327
3 11845 12049 3328
3 3328 12049 12051
3 11709 6159 3329
3 6159 12616 3329
3 3329 8874 11481
3 12616 8874 3329
3 3329 11481 11488
3 11709 3329 11488
3 3330 9830 4895
3 11486 3331 6510
3 3331 11714 6510
3 11486 11708 3331
3 11906 3331 11708
3 3331 12097 11714
3 11906 12097 3331
3 3338 11489 3332
3 3338 3332 11903
3 10424 3332 11704
3 11903 3332 10424
3 3332 11489 11702
3 3332 11702 11704
3 4650 7441 3333
3 4650 3333 9647
3 3333 7642 11752
3 3333 11752 9647
3 3334 3427 11713
3 11904 3427 3334
3 11499 3335 11305
3 11305 3335 11723
3 12114 3335 11499
3 12121 11723 3335
3 12121 3335 12114
3 3336 9873 11502
3 3336 11502 9904
3 3336 9904 11920
3 3336 11920 12115
3 3429 3337 12099
3 3337 3434 3611
3 11504 3434 3337
3 3337 3611 12099
3 11505 3338 3339
3 3339 3338 11912
3 3338 11903 11912
3 11917 11727 3339
3 11917 3339 11912
3 3343 3527 3340
3 3343 3340 11511
3 12143 3524 3340
3 3527 12143 3340
3 4097 9982 3341
3 4097 3341 13470
3 8849 10203 3341
3 8849 3341 12501
3 12472 3341 9982
3 10203 13470 3341
3 12472 12501 3341
3 5939 4335 3342
3 3342 4335 11725
3 4599 3342 4715
3 5939 3342 4599
3 6285 4715 3342
3 6285 3342 11725
3 3343 8792 3527
3 3343 11511 11318
3 3344 4099 8883
3 13478 3344 8883
3 13478 13204 3344
3 3345 3474 6431
3 11393 3474 3345
3 6648 3345 6431
3 11395 11393 3345
3 11523 11930 3346
3 3346 11929 11742
3 3346 11930 11929
3 10192 3347 7294
3 11735 7294 3347
3 11735 3347 10093
3 11527 3347 10192
3 11527 11114 3347
3 4816 3348 9643
3 11747 7168 3349
3 10215 7202 3349
3 11747 3349 7202
3 10215 3349 10170
3 10387 3350 7628
3 10882 7628 3350
3 6887 3351 6891
3 6891 3351 7455
3 7456 3351 7453
3 7456 7455 3351
3 6524 11541 3352
3 11360 3352 11541
3 3352 11360 11542
3 3352 11542 11956
3 3355 3353 11756
3 3353 11755 3453
3 3353 3453 11756
3 3356 3354 11544
3 3356 11959 3354
3 3354 11957 11542
3 3354 11959 11957
3 11550 3355 11756
3 3356 11544 11549
3 3356 11958 11959
3 11962 11958 3356
3 3359 3357 3543
3 3357 11757 3543
3 11550 3357 5778
3 11550 11757 3357
3 3358 11553 3361
3 3358 3361 12178
3 3358 12178 3546
3 3358 7359 11553
3 3359 3543 5219
3 3359 5219 12389
3 3359 12389 12590
3 3359 12590 12804
3 3551 3363 3360
3 7493 3360 3363
3 3360 5384 3547
3 12601 3360 3547
3 3551 3360 4175
3 12601 4175 3360
3 7493 5384 3360
3 11968 3550 3361
3 12603 3361 3550
3 11553 11968 3361
3 12603 12178 3361
3 3362 4468 9807
3 3362 9809 4468
3 3362 9811 9809
3 3551 11969 3363
3 7493 3363 11150
3 11969 11150 3363
3 3822 9201 3364
3 3822 3364 11916
3 3364 9201 8977
3 3364 8977 11801
3 3365 11763 5268
3 3365 11367 11763
3 3556 3366 3367
3 3367 3366 10034
3 3555 3458 3366
3 7593 3366 3458
3 3555 3366 3556
3 7593 10034 3366
3 3556 3367 11768
3 3367 10034 12480
3 4571 3368 3471
3 3471 3368 11818
3 6806 4556 3368
3 11818 3368 4556
3 4571 6620 3368
3 6806 3368 6620
3 3967 3369 3965
3 13374 3965 3369
3 3967 13385 3369
3 8685 3369 4178
3 4178 3369 13385
3 13374 3369 8685
3 3560 3370 3464
3 11770 3464 3370
3 11977 3370 3560
3 5321 11770 3370
3 11977 11773 3370
3 3371 9107 3561
3 3371 3561 11772
3 3371 4465 9107
3 3371 11772 11768
3 7348 3372 3467
3 10220 3467 3372
3 7348 6898 3372
3 3372 6898 7461
3 11570 3372 7461
3 10220 3372 11572
3 11570 11572 3372
3 6558 3373 6888
3 6558 11572 3373
3 11571 6888 3373
3 11571 3373 11570
3 3373 11572 11570
3 7271 3374 6715
3 11786 6715 3374
3 11786 3374 12205
3 3374 12201 12205
3 11984 3375 3670
3 3375 12205 3670
3 3375 11578 11577
3 3375 11577 12205
3 3375 11788 11578
3 11984 11788 3375
3 11579 11580 3376
3 11580 11789 3376
3 11787 3376 12209
3 11789 12209 3376
3 3378 11581 3377
3 3378 3377 11986
3 3377 11581 11582
3 3377 11582 11788
3 3377 11788 11985
3 3377 11985 11986
3 3378 11583 11581
3 3378 11988 11583
3 3378 11986 12214
3 3378 11987 11988
3 3378 12214 11987
3 11584 7850 3379
3 11992 3379 7850
3 11584 3379 11585
3 11789 11585 3379
3 11789 3379 12211
3 11992 12211 3379
3 3380 6083 10613
3 3380 10627 9616
3 3381 8538 4551
3 3381 4551 9855
3 3381 9222 8538
3 11500 9222 3381
3 3381 9855 9224
3 11500 3381 9224
3 3570 11794 3382
3 3570 3382 11993
3 3382 11591 11590
3 3382 11590 11592
3 3382 11794 11591
3 3382 11592 11993
3 11595 11390 3383
3 11595 3383 12217
3 3383 12220 12217
3 3383 12221 12220
3 3384 11596 11397
3 3384 11397 11597
3 3384 11597 11999
3 3384 11999 12005
3 8052 8298 3385
3 10844 8052 3385
3 3385 8298 8295
3 12008 3388 3386
3 3476 3386 11247
3 3476 12008 3386
3 3386 11195 11247
3 3409 3387 4217
3 13486 4217 3387
3 6774 5566 3387
3 13486 3387 5566
3 13215 6774 3387
3 11403 3388 3482
3 12014 3482 3388
3 12014 3388 12008
3 3418 9566 3389
3 9616 3418 3389
3 8771 5559 3389
3 5559 8784 3389
3 8771 3389 9566
3 3390 3391 11612
3 3390 12232 3391
3 3390 3485 12230
3 12430 3390 12230
3 12430 12232 3390
3 3391 11623 11612
3 3391 12020 11623
3 12232 12020 3391
3 3860 3392 4554
3 5286 3392 3860
3 4658 4554 3392
3 5286 6501 3392
3 3393 12020 5815
3 3393 5815 12021
3 11616 3393 11617
3 11616 12019 3393
3 3393 12021 11617
3 3393 12019 12020
3 11625 3394 3396
3 12027 3396 3394
3 3581 12027 3394
3 3581 3394 12235
3 11625 11609 3394
3 12235 3394 11609
3 11810 3395 7507
3 7507 3395 11830
3 11622 11626 3395
3 11830 3395 11626
3 11221 3397 11626
3 11221 11628 3397
3 11830 11626 3397
3 3397 11628 11636
3 12249 3397 11636
3 11830 3397 12249
3 3487 3398 11828
3 3487 12237 3398
3 3398 3582 11632
3 3398 12440 3582
3 3398 11632 11629
3 11828 3398 11629
3 3398 12237 12440
3 3399 6870 11629
3 3399 11639 6870
3 3399 11632 11576
3 11744 3399 11576
3 3399 11629 11632
3 11744 11639 3399
3 3400 3583 11607
3 3400 11607 11635
3 3400 11635 11841
3 12033 3400 11841
3 12255 3400 12033
3 7867 3401 10415
3 7867 13236 3401
3 3401 10293 10415
3 3401 12791 10293
3 3401 12756 12791
3 3401 13236 12756
3 8749 3402 9726
3 8749 11159 3402
3 3403 3584 11939
3 3403 12040 3584
3 3403 8469 11640
3 3403 11939 8469
3 3403 11640 11646
3 3403 11646 12040
3 3404 11651 3405
3 3404 3405 12046
3 3404 12043 11650
3 3404 12047 12043
3 3404 12046 12047
3 3405 9354 12046
3 12769 9354 3405
3 12769 3405 11651
3 3406 6575 8725
3 12050 6575 3406
3 7093 3406 8725
3 12076 12050 3406
3 5661 5385 3407
3 3407 5385 12665
3 5661 3407 12640
3 3407 11853 9609
3 3407 9609 12640
3 3407 12665 11853
3 3408 9271 9270
3 9578 9271 3408
3 8220 3409 4217
3 3409 12278 5466
3 8220 12278 3409
3 3410 5271 12062
3 3410 12653 5271
3 11664 12653 3410
3 3410 12062 12063
3 3411 4300 4434
3 3411 11663 4300
3 3411 4434 5333
3 7449 3411 5333
3 3411 6564 11663
3 3596 3412 6181
3 11870 3412 3596
3 11870 11669 3412
3 3414 12292 3413
3 12767 3414 3413
3 3700 11671 3413
3 12293 3700 3413
3 12767 3413 11671
3 12293 3413 12292
3 11674 12067 3414
3 12067 12292 3414
3 4428 4545 3415
3 4428 3415 6597
3 3415 8538 6597
3 10060 8538 3415
3 3416 12069 3417
3 11676 11873 3416
3 11873 12069 3416
3 3417 3598 12067
3 12069 3598 3417
3 3417 12067 11674
3 4811 3418 9616
3 4811 11506 3418
3 6094 9566 3418
3 11506 6094 3418
3 6599 3419 6820
3 9735 3419 6599
3 3419 13047 6820
3 9735 8366 3419
3 8366 13047 3419
3 11687 6796 3420
3 13377 3420 6796
3 11687 3420 11686
3 11686 3420 11888
3 11888 3420 12083
3 13377 12083 3420
3 3421 5893 7114
3 3421 11889 5893
3 3421 7114 13301
3 3421 9693 11689
3 3421 13301 9693
3 3421 11689 11889
3 9579 3422 9581
3 9581 3422 9857
3 3515 3423 9720
3 11892 3423 3515
3 3423 9515 9720
3 11696 9515 3423
3 11696 3423 11694
3 11892 11694 3423
3 3424 6230 9195
3 3424 9195 10016
3 9148 6344 3425
3 6344 11700 3425
3 8242 3425 11700
3 12686 3425 8242
3 9148 3425 10345
3 12686 10345 3425
3 5995 3426 9777
3 5995 11704 3426
3 3426 6566 9777
3 12981 6566 3426
3 11704 11702 3426
3 12981 3426 11702
3 11495 11713 3427
3 11904 11706 3427
3 3428 11708 11706
3 11904 3428 11706
3 11906 11708 3428
3 11904 12105 3428
3 11906 3428 12319
3 3428 12105 12319
3 11709 3429 5345
3 5345 3429 12099
3 11709 11488 3429
3 3430 10644 3612
3 3430 3612 11907
3 3430 6984 11717
3 3430 11907 6984
3 3430 7352 10644
3 3430 11717 7352
3 3431 11712 8951
3 3431 8951 12102
3 10219 11908 3431
3 10219 3431 12102
3 3431 11909 11712
3 3431 11908 11909
3 3432 11715 11714
3 3432 11714 12106
3 3432 12108 11718
3 3432 12106 12108
3 3433 12109 3617
3 3433 3617 12125
3 3433 7273 11720
3 3433 12125 7273
3 3433 11719 11718
3 3433 11718 12109
3 3433 11720 11719
3 3434 3437 3621
3 11508 3437 3434
3 3434 3621 3611
3 11508 3434 11504
3 3767 10884 3435
3 13557 3767 3435
3 4950 4972 3435
3 4950 3435 8814
3 13557 3435 4972
3 8814 3435 10879
3 3435 10884 10879
3 3624 3440 3436
3 11518 3436 3440
3 3624 3436 3620
3 6388 3620 3436
3 6388 3436 6738
3 9966 6738 3436
3 11518 9966 3436
3 3437 3440 12340
3 12340 3621 3437
3 4186 4332 3438
3 4186 3438 13487
3 4332 12053 3438
3 3438 5790 4533
3 3438 4533 13487
3 3438 12053 5790
3 3439 8141 7426
3 3439 7426 12954
3 3439 13242 8141
3 3439 10293 12791
3 3439 12954 10293
3 3439 12791 13242
3 3624 12340 3440
3 3629 4804 3441
3 3629 3441 10179
3 3441 8506 10179
3 4424 3442 11751
3 3442 9111 5171
3 3442 5171 11751
3 6051 9111 3442
3 3443 3627 3444
3 3622 3627 3443
3 3622 3443 11917
3 3443 11727 11917
3 3444 3627 3623
3 3444 3623 8792
3 3445 3630 11738
3 12137 3630 3445
3 3445 11724 11722
3 12137 3445 11722
3 3445 11734 11724
3 3445 11738 11734
3 3831 4600 3446
3 8543 3446 4600
3 3447 11933 11934
3 12250 3447 11934
3 3448 9177 7095
3 3448 11249 9177
3 11942 3449 5048
3 5048 3449 12152
3 3449 11746 9715
3 13585 3449 9715
3 11942 11746 3449
3 13585 12152 3449
3 11945 3450 7170
3 8902 3450 10348
3 3450 9030 10348
3 11945 9030 3450
3 5171 9111 3451
3 3451 6497 9005
3 3451 13227 6497
3 3451 9111 13227
3 9738 3452 10319
3 12240 10319 3452
3 3453 3640 12171
3 3453 12171 11756
3 13121 5686 3454
3 8970 7154 3455
3 3455 7154 12173
3 11962 3455 12173
3 9383 9045 3456
3 9383 3456 10768
3 3653 3457 3458
3 7593 3458 3457
3 12377 3457 3653
3 3457 11968 11366
3 12377 11968 3457
3 3555 3653 3458
3 5798 3459 6762
3 5798 8194 3459
3 3459 9247 6760
3 3459 8194 9247
3 13601 4623 3460
3 3460 13257 8832
3 13601 3460 8832
3 3554 3461 11763
3 3554 12184 3461
3 11770 3461 3558
3 12184 3558 3461
3 5268 11763 3461
3 11770 5268 3461
3 6118 8736 3462
3 11631 3462 8736
3 11631 9535 3462
3 3556 11768 3463
3 3556 3463 12607
3 3659 3463 11772
3 12846 3463 3659
3 3463 11768 11772
3 12846 12607 3463
3 3749 3464 3558
3 11770 3558 3464
3 3660 3560 3464
3 3749 3660 3464
3 10189 5654 3465
3 3465 5654 11148
3 7876 10189 3465
3 12544 7876 3465
3 10040 3465 9887
3 3465 11148 9887
3 12544 3465 10040
3 11977 3564 3466
3 12523 3466 3564
3 7854 7739 3466
3 11773 3466 7739
3 7854 3466 12523
3 11977 3466 11773
3 12191 3467 10220
3 4210 3468 12195
3 3468 11777 9605
3 12385 3468 9605
3 12385 12195 3468
3 3469 6348 6356
3 3469 6539 6348
3 3469 6356 11699
3 3469 9146 6539
3 9351 3470 3669
3 3669 3470 12203
3 10816 3470 9351
3 10816 11780 3470
3 11981 3470 11780
3 11981 12203 3470
3 4571 3471 6574
3 6588 6574 3471
3 6588 3471 7532
3 3471 11818 7532
3 4272 3472 6468
3 4272 13605 3472
3 3472 6519 6468
3 3473 8611 8401
3 6215 3474 6425
3 7205 3474 6215
3 11393 6425 3474
3 8273 6431 3474
3 8273 3474 7205
3 6432 3475 6941
3 7506 6941 3475
3 3476 11247 11803
3 3476 12419 12008
3 3577 3477 12010
3 3477 11806 11804
3 3477 11804 12010
3 6493 6026 3478
3 6026 12235 3478
3 6493 3478 11807
3 3478 11609 11808
3 12235 11609 3478
3 3478 11808 11807
3 11810 3479 3480
3 3479 12436 3480
3 11810 7507 3479
3 12247 3479 7507
3 12247 12242 3479
3 3479 12242 12436
3 3480 12436 3763
3 11810 3480 11813
3 9119 3481 3489
3 3481 11547 3489
3 3481 3765 7141
3 3481 13604 3765
3 3481 7141 11547
3 9119 13604 3481
3 8466 3482 6485
3 12014 6485 3482
3 8466 11403 3482
3 3487 11824 3483
3 3487 3483 12239
3 11817 4582 3483
3 12426 3483 4582
3 11817 3483 11824
3 12426 12239 3483
3 3484 12426 4582
3 12018 12428 3484
3 3484 12428 12426
3 3485 3488 12245
3 3485 12885 12230
3 3485 12245 12885
3 4047 3486 4045
3 4163 4045 3486
3 4270 3486 4047
3 4163 3486 4261
3 4261 3486 4384
3 4270 4384 3486
3 3487 11828 11824
3 3487 12239 12237
3 11415 3488 11826
3 5094 3489 4611
3 3489 11547 4611
3 3490 5199 12442
3 3490 12681 5199
3 8469 3490 11417
3 8469 11939 3490
3 11417 3490 12442
3 11939 12681 3490
3 11627 3491 11421
3 11421 3491 12096
3 11835 12096 3491
3 11835 3491 12448
3 3705 3492 4713
3 9235 3492 3705
3 4503 3492 4505
3 4503 13493 3492
3 9235 4505 3492
3 4713 3492 13493
3 11641 3493 12041
3 11835 12042 3493
3 11835 3493 12096
3 12042 12041 3493
3 3494 3687 3586
3 11838 3494 3586
3 3494 12445 3687
3 11744 11576 3494
3 11576 12445 3494
3 11744 3494 11838
3 3495 3498 12259
3 3495 11638 11423
3 3495 11841 11638
3 3495 12259 11841
3 3690 3496 3688
3 11648 3688 3496
3 10304 3496 3690
3 3589 3591 3497
3 3589 3497 12041
3 6214 3497 3591
3 11279 3497 6214
3 11279 7263 3497
3 7263 11652 3497
3 12041 3497 11652
3 3498 8681 11653
3 3498 11653 12261
3 3498 12261 12259
3 4064 9485 3499
3 4064 3499 12052
3 6645 12052 3499
3 9485 11116 3499
3 10540 3500 9223
3 3500 11853 9223
3 10540 10931 3500
3 10931 12490 3500
3 3500 12267 11853
3 12490 12267 3500
3 3692 3501 7061
3 3692 12443 3501
3 3501 4254 12275
3 3501 12577 4254
3 3501 12275 7061
3 3501 12443 12577
3 6451 3502 5285
3 3502 9485 5285
3 6451 7328 3502
3 3502 7084 9485
3 6827 9753 3504
3 6827 3504 12543
3 3504 12563 12543
3 3700 3505 11671
3 12285 3505 3700
3 12353 10332 3505
3 3505 10332 12558
3 11671 3505 12558
3 12285 12353 3505
3 3506 11869 11870
3 11872 11869 3506
3 3506 11870 12064
3 11873 11872 3506
3 11873 3506 12070
3 3506 12064 12070
3 3603 9179 3507
3 3603 3507 12368
3 6410 3507 4242
3 12623 4242 3507
3 12368 3507 6410
3 11878 3508 6150
3 3508 12298 6150
3 9626 11875 3508
3 9626 3508 11878
3 11875 12817 3508
3 3508 12817 12298
3 8182 6603 3509
3 3509 6603 12302
3 11879 3509 7566
3 11879 8182 3509
3 12425 8124 3510
3 12425 3510 9257
3 9257 3510 13295
3 11468 13295 3510
3 3511 7272 6593
3 3511 6593 12307
3 11883 7272 3511
3 11883 3511 11885
3 11885 3511 11886
3 11886 3511 12307
3 9460 12087 3512
3 9460 3512 12308
3 11886 3512 11887
3 12308 3512 11886
3 11887 3512 11889
3 12087 11889 3512
3 3513 6583 12310
3 3513 13302 6583
3 3513 12313 11893
3 3513 12310 12313
3 3515 9517 3514
3 11892 3515 3514
3 9498 3514 3799
3 9517 3799 3514
3 9471 3514 9498
3 11892 3514 9471
3 3515 9725 9517
3 3515 9720 9725
3 7231 6237 3516
3 7372 3516 6237
3 7231 3516 12510
3 7372 9775 3516
3 12510 3516 9775
3 11709 5345 3517
3 5345 12513 3517
3 11277 6159 3517
3 11709 3517 6159
3 11277 3517 12513
3 3518 3523 11903
3 3518 12332 3523
3 3518 10424 5844
3 3518 5844 12518
3 3518 11903 10424
3 3518 12518 12332
3 5060 3519 5041
3 6436 3519 5060
3 6436 11558 3519
3 8468 3519 11558
3 3520 12319 3712
3 3520 3712 12323
3 11906 3520 12097
3 11906 12319 3520
3 3520 12323 12097
3 12136 4219 3521
3 9043 13494 3521
3 3719 3522 11908
3 3719 12335 3522
3 3522 11911 11908
3 3522 12114 11911
3 3522 12546 12114
3 12335 12546 3522
3 3622 11917 3523
3 3622 3523 12332
3 11903 3523 11912
3 11917 11912 3523
3 12111 7352 3524
3 12111 3524 12768
3 12143 12768 3524
3 4354 4879 3525
3 6394 4354 3525
3 3525 4879 4374
3 6366 3525 4374
3 6366 6394 3525
3 3526 5392 7589
3 3623 3527 8792
3 3623 10603 3527
3 3527 10603 12143
3 3528 12140 5451
3 12571 3528 8702
3 3528 10330 12140
3 12571 10330 3528
3 3529 12250 3631
3 3529 3631 12341
3 3529 12341 11925
3 10720 11931 3530
3 12342 10720 3530
3 3530 11930 11927
3 12342 3530 11927
3 3530 11931 11930
3 7983 7702 3531
3 3532 11931 3723
3 12567 3532 3723
3 3532 11929 11931
3 3532 11935 11929
3 12437 11935 3532
3 12437 3532 12567
3 3533 11934 11933
3 3533 11933 11936
3 3533 12147 11934
3 3533 11936 11938
3 3533 11938 12346
3 3533 12346 12147
3 3534 5411 12348
3 3534 12995 5411
3 3534 11341 11340
3 3534 11340 12995
3 3534 11938 11341
3 3534 12348 11938
3 3635 11943 3535
3 12155 3635 3535
3 10215 6561 3535
3 12155 3535 6561
3 10215 3535 7202
3 11943 7202 3535
3 10686 3536 5273
3 11945 5273 3536
3 3536 6323 9030
3 11945 3536 9030
3 3537 3729 12356
3 3537 12356 12160
3 12609 3538 10361
3 12609 10426 3538
3 11539 6544 3539
3 3539 6544 12166
3 13521 4116 3540
3 13288 12378 3540
3 13522 3540 12378
3 13522 13521 3540
3 4228 4342 3541
3 13515 4228 3541
3 4342 7400 3541
3 13515 3541 6852
3 6852 3541 13593
3 3541 7400 13593
3 3542 11958 3544
3 3542 3641 11958
3 3542 12593 3641
3 3542 3834 12593
3 12367 5219 3543
3 3544 11958 11962
3 3544 11962 12173
3 3544 12173 12174
3 3545 5795 3572
3 3545 3572 9146
3 4507 5795 3545
3 4507 3545 11767
3 3545 9146 6460
3 3545 6460 11767
3 3837 3546 12178
3 13059 3546 3837
3 8829 3546 7166
3 13059 7166 3546
3 5384 8982 3547
3 5720 3547 6062
3 5720 12601 3547
3 3547 8982 6062
3 9230 3548 4026
3 13070 4026 3548
3 9036 8399 3548
3 9036 3548 9230
3 3733 3549 6442
3 3733 11827 3549
3 3549 4373 4371
3 6442 3549 4371
3 6542 4373 3549
3 11827 6542 3549
3 3743 3550 12377
3 3743 12834 3550
3 12377 3550 11968
3 12834 12603 3550
3 3551 4175 12833
3 3551 12179 11969
3 3551 12833 12179
3 6479 3552 6262
3 6479 7033 3552
3 3552 7033 12913
3 5474 3553 5633
3 5474 11187 3553
3 11203 5633 3553
3 3553 11187 6009
3 3553 6009 11967
3 11970 11203 3553
3 11970 3553 11967
3 3554 3650 3744
3 3554 3744 3656
3 3554 3656 12184
3 3555 3556 12607
3 3555 12605 3653
3 3555 12607 12605
3 3590 6238 3557
3 3590 3557 12459
3 6238 5458 3557
3 12918 3557 5458
3 6000 12459 3557
3 3746 3749 3558
3 3746 3558 12184
3 3681 3559 3677
3 3559 13379 3677
3 3681 7364 3559
3 4344 3559 7364
3 13519 13379 3559
3 3562 11977 3560
3 12386 3562 3560
3 12386 3560 3660
3 3662 3561 3663
3 3662 11772 3561
3 11978 3663 3561
3 11978 3561 9107
3 3562 3564 11977
3 3562 12617 3564
3 12386 3750 3562
3 3750 12617 3562
3 3563 3663 11978
3 12388 3663 3563
3 12301 3563 6508
3 12301 12388 3563
3 12523 3564 6047
3 12617 6047 3564
3 3565 12209 3671
3 3565 3671 12633
3 11787 12209 3565
3 4231 4124 3566
3 3566 4124 4352
3 4231 3566 13526
3 3566 4352 11061
3 3566 11061 11059
3 3566 11059 13526
3 4507 3567 4016
3 3567 12089 4016
3 11833 3567 4507
3 6531 3567 6537
3 6531 12089 3567
3 11833 6537 3567
3 4226 13532 3568
3 4350 3568 4234
3 4234 3568 13532
3 4350 11928 3568
3 11992 11132 3569
3 11132 12215 3569
3 3569 12215 11990
3 12639 3569 11990
3 12212 11992 3569
3 12212 3569 12639
3 3570 12402 11794
3 3570 11993 12399
3 3570 12399 12404
3 3570 12404 12402
3 12216 3756 3571
3 12647 3571 3756
3 3571 12215 11997
3 12216 3571 11997
3 12647 12215 3571
3 13569 3572 5795
3 6747 6539 3572
3 9146 3572 6539
3 6747 3572 13569
3 3866 3865 3573
3 12222 3573 3865
3 3866 3573 12410
3 12222 12001 3573
3 3573 12001 12410
3 3574 13539 4127
3 3574 13534 13539
3 3575 4238 4236
3 3575 4236 13537
3 3575 4477 4238
3 3575 13274 4477
3 3575 5152 13274
3 3575 13537 5152
3 3576 3869 12010
3 3576 12432 3869
3 3576 12010 12009
3 3576 12009 12021
3 12234 3576 12021
3 12234 12432 3576
3 3769 3577 12663
3 3577 12010 3869
3 3577 3869 12663
3 4129 3578 7659
3 13536 3578 4129
3 4236 12570 3578
3 13536 4236 3578
3 7659 3578 12570
3 4135 3579 13285
3 13289 3579 4135
3 4239 4795 3579
3 13289 4239 3579
3 9447 3579 4795
3 9447 13285 3579
3 5036 4491 3580
3 4491 5548 3580
3 5036 3580 4498
3 4498 3580 5174
3 5174 3580 5548
3 6272 12027 3581
3 6272 3581 12676
3 3581 12235 7745
3 3581 7745 12676
3 11576 11632 3582
3 11576 3582 12445
3 12030 11607 3583
3 12030 3583 12678
3 12680 12678 3583
3 3584 4159 12681
3 11939 3584 12681
3 4486 3585 4476
3 4476 3585 8328
3 6141 3585 4486
3 3585 12025 8328
3 3586 3687 12450
3 11648 3586 3688
3 3586 12450 3688
3 11648 11838 3586
3 3587 5812 9494
3 3587 9494 6935
3 3588 3626 3625
3 6186 3588 3625
3 3588 4480 3626
3 3588 6148 4480
3 3588 6226 6148
3 6186 6226 3588
3 12454 3591 3589
3 3589 12041 12042
3 12451 3589 12042
3 12454 3589 12451
3 7149 6238 3590
3 7149 3590 12046
3 12046 3590 12047
3 12047 3590 12459
3 6010 6214 3591
3 12458 6010 3591
3 12458 3591 12454
3 3781 3592 6228
3 6228 3592 6467
3 6645 6467 3592
3 6645 3592 12052
3 4195 4856 3593
3 4195 3593 11658
3 3593 4856 12050
3 3593 11657 11658
3 3593 12076 11657
3 3593 12050 12076
3 3594 6232 3695
3 3594 7089 6232
3 3594 8115 7089
3 3594 12060 8115
3 7832 12476 3595
3 3595 12476 12273
3 12478 3596 6181
3 11870 3596 12064
3 12288 12064 3596
3 12288 3596 12478
3 3597 6440 8666
3 3597 12063 6440
3 3597 12485 7326
3 3597 7326 12724
3 3597 8666 12485
3 3597 12724 12063
3 3598 12069 3601
3 12295 3598 3601
3 3702 12067 3598
3 12295 3702 3598
3 3599 3601 12069
3 3599 12722 3601
3 3599 12069 12070
3 12291 3599 12070
3 12291 12715 3599
3 3599 12715 12722
3 3600 4048 4472
3 8589 4048 3600
3 4496 3600 4472
3 6152 3600 4496
3 3600 6152 5525
3 8589 3600 5525
3 12722 12295 3601
3 6093 5901 3602
3 6098 3602 11850
3 7235 3603 8999
3 7235 9179 3603
3 12491 8999 3603
3 12491 3603 12368
3 6113 9753 3604
3 12475 6113 3604
3 6827 3604 9753
3 9900 3604 6827
3 9756 8720 3604
3 12475 3604 8720
3 9756 3604 9900
3 6010 3605 12048
3 6017 6228 3605
3 6017 3605 12914
3 6228 12048 3605
3 3902 3606 12086
3 8360 12084 3606
3 8360 3606 12967
3 3606 12084 12086
3 4350 3607 6482
3 4350 12326 3607
3 4394 6148 3607
3 4394 3607 12326
3 6148 6196 3607
3 3607 6196 6482
3 8368 3608 10136
3 8368 13201 3608
3 3609 5494 4490
3 3609 4490 6112
3 3609 6152 5494
3 3609 6112 6196
3 3609 6226 6152
3 3609 6196 6226
3 12521 3610 3907
3 12759 3907 3610
3 12106 3610 12108
3 12323 3610 12106
3 12108 3610 12107
3 12521 12107 3610
3 12323 12759 3610
3 3621 12533 3611
3 12099 3611 12524
3 12533 12524 3611
3 12324 3612 10644
3 12102 11907 3612
3 12102 3612 12325
3 12324 12325 3612
3 3613 12104 12116
3 12105 3613 12320
3 12539 3613 12116
3 12320 3613 12529
3 12539 12529 3613
3 6889 3614 6890
3 6889 6892 3614
3 9555 6890 3614
3 6892 11188 3614
3 9555 3614 6893
3 6893 3614 11188
3 10443 3615 8304
3 8304 3615 11857
3 8718 3615 10409
3 8718 11721 3615
3 10443 10409 3615
3 11721 11857 3615
3 3616 9044 9048
3 9057 3616 9048
3 12126 3617 3809
3 3617 12530 3809
3 12109 12530 3617
3 12125 3617 12126
3 4597 10478 3618
3 4597 3618 12210
3 6867 3618 8768
3 6867 12210 3618
3 8768 3618 8694
3 3618 10478 8694
3 9230 6161 3619
3 11733 3619 9026
3 9026 3619 11836
3 11733 9230 3619
3 3624 3620 12540
3 6388 5829 3620
3 3620 5829 12540
3 12340 3721 3621
3 3621 3721 12533
3 3622 12553 3627
3 3622 12332 3720
3 3622 3720 12553
3 3623 3627 12535
3 3623 12535 10603
3 3624 12550 12340
3 3624 12540 12550
3 3625 3626 6255
3 6177 3625 4802
3 4802 3625 6255
3 6186 3625 6177
3 4480 6137 3626
3 6137 6255 3626
3 3627 12557 12535
3 3627 12553 12557
3 12137 12339 3628
3 12137 3628 12560
3 12339 12547 3628
3 12547 12790 3628
3 12560 3628 12790
3 4896 3629 10275
3 3629 10179 10275
3 11927 11738 3630
3 12342 11927 3630
3 12137 12560 3630
3 12342 3630 12560
3 12562 3631 3724
3 12564 3724 3631
3 12564 3631 12250
3 12562 12341 3631
3 5839 5676 3632
3 7946 3632 5676
3 3633 6343 3728
3 10260 3633 3728
3 3633 6561 6343
3 3633 12155 6561
3 10260 12157 3633
3 3633 12157 12155
3 13559 4030 3634
3 4368 7741 3634
3 6779 4448 3634
3 13559 3634 4448
3 6779 3634 7741
3 3635 4984 11943
3 3635 12578 4984
3 12155 12157 3635
3 12157 13028 3635
3 3635 13028 12578
3 6790 3636 8748
3 6790 11697 3636
3 8748 3636 12153
3 11697 12315 3636
3 3636 12754 12153
3 12315 12754 3636
3 9648 5596 3637
3 12446 3637 5596
3 12446 6323 3637
3 3638 6318 6097
3 3638 6097 8073
3 3638 6540 6318
3 3638 8073 12150
3 5596 3639 3897
3 12166 3897 3639
3 12587 3639 5596
3 9545 12345 3639
3 9545 3639 12587
3 12345 12166 3639
3 12813 3640 6302
3 12365 12171 3640
3 12365 3640 12813
3 11959 3641 11957
3 12364 11957 3641
3 11959 11958 3641
3 12364 3641 12593
3 3643 7154 6296
3 12373 3643 6296
3 3643 12173 7154
3 3643 12174 12173
3 3643 12839 12174
3 12373 12839 3643
3 3644 3737 12272
3 3644 12276 3737
3 3644 12272 9459
3 3644 12700 12276
3 8952 3645 8010
3 3645 9474 8010
3 8590 9474 3645
3 8950 3645 8952
3 5996 4483 3646
3 4483 9155 3646
3 3646 5548 4491
3 5996 3646 4491
3 9153 5548 3646
3 9155 9153 3646
3 5720 6062 3647
3 5720 3647 12599
3 3647 6062 9631
3 3647 9631 6944
3 3648 4861 4374
3 3648 4374 4879
3 3648 5196 4861
3 3648 4879 12135
3 9301 5196 3648
3 3649 3744 3650
3 3649 3650 12179
3 3649 3742 3946
3 3649 12179 3742
3 3649 3946 3744
3 3650 11969 12179
3 8439 4999 3651
3 8450 3651 7195
3 8439 3651 7222
3 8450 7222 3651
3 3652 12377 3653
3 3652 3653 12605
3 3743 12377 3652
3 3743 3652 12844
3 12844 3652 12605
3 8268 3654 6291
3 10373 6291 3654
3 8268 11728 3654
3 3654 11728 10378
3 6458 4475 3655
3 3655 4475 11790
3 6458 3655 6112
3 3655 6482 6112
3 3655 11928 6482
3 3655 11790 11928
3 3656 3744 3947
3 3656 12379 12184
3 4932 3657 10577
3 4932 10689 3657
3 7485 9810 3657
3 7485 3657 10689
3 11430 3657 9810
3 11430 10577 3657
3 3658 5641 3703
3 3658 3703 9348
3 3658 4759 5641
3 3658 9472 4759
3 3658 9348 4807
3 3658 4807 9472
3 3659 11772 3662
3 12610 3659 3662
3 12610 3848 3659
3 3848 12848 3659
3 12848 12846 3659
3 12615 3660 3749
3 12386 3660 12615
3 3678 3661 4898
3 10566 4898 3661
3 11406 3661 5836
3 10566 3661 11406
3 3850 3662 3663
3 12610 3662 3850
3 3850 3663 12388
3 4016 3664 6675
3 4016 12089 3664
3 3664 4420 6675
3 3664 9299 4420
3 3665 8166 8018
3 8025 8264 3665
3 3665 8386 8166
3 8264 8386 3665
3 3666 7056 5396
3 9986 7056 3666
3 9986 3666 11015
3 3666 10095 11015
3 6288 9659 3667
3 6288 3667 13083
3 3667 9659 12200
3 12394 3667 12200
3 12394 12624 3667
3 13083 3667 12624
3 12204 12201 3668
3 12858 12204 3668
3 12384 12626 3668
3 12626 12858 3668
3 9351 3669 12627
3 3669 12203 12206
3 3669 12206 12628
3 3669 12628 12627
3 11984 3670 8946
3 12631 8946 3670
3 12205 12204 3670
3 12631 3670 12204
3 3671 12212 3861
3 13095 3671 3861
3 3671 12209 12211
3 3671 12211 12212
3 13095 12633 3671
3 3672 11077 6437
3 6939 11077 3672
3 3673 12217 12220
3 3673 12400 12217
3 12649 3673 12220
3 12867 12400 3673
3 12867 3673 12649
3 3841 8756 3674
3 9180 3841 3674
3 9180 3674 9955
3 8508 3871 3675
3 3871 12878 3675
3 12224 8508 3675
3 12878 12226 3675
3 12430 12230 3676
3 3676 12230 12885
3 12658 12430 3676
3 12668 12658 3676
3 12668 3676 12881
3 3676 12885 12881
3 3681 3677 7375
3 4560 7375 3677
3 3678 4898 10286
3 3680 12239 3679
3 3680 3679 12880
3 12426 3679 12239
3 12426 12428 3679
3 12428 12879 3679
3 12879 12880 3679
3 7040 12237 3680
3 3680 12889 7040
3 3680 12237 12239
3 3680 12880 12889
3 4474 3681 6970
3 4474 7364 3681
3 3681 7375 6970
3 7100 3682 12243
3 13137 3682 7100
3 12675 12243 3682
3 12675 3682 12882
3 13131 12882 3682
3 13137 13131 3682
3 6049 3683 3685
3 12894 3685 3683
3 6049 12676 3683
3 12894 3683 13134
3 12030 3684 12249
3 12030 12678 3684
3 12247 3684 12242
3 3684 12248 12242
3 12247 12249 3684
3 12678 12248 3684
3 6049 3685 12447
3 12447 3685 12897
3 12894 12897 3685
3 12630 3686 4912
3 7134 3686 12592
3 12592 3686 12630
3 12445 3775 3687
3 3687 3775 13145
3 12450 3687 3777
3 3687 13145 3777
3 3690 3688 5460
3 3688 3881 5460
3 12450 3881 3688
3 5859 12033 3689
3 12689 5859 3689
3 12261 6755 3689
3 12259 3689 12033
3 12261 3689 12259
3 3690 5460 5675
3 3691 5959 12369
3 3691 12490 5959
3 3691 12251 9459
3 3691 9459 12267
3 3691 12369 12251
3 3691 12267 12490
3 3692 6973 4500
3 3692 4500 12443
3 10341 6973 3692
3 10341 3692 7061
3 3753 3693 6846
3 8236 3693 4806
3 8211 6846 3693
3 8236 8211 3693
3 7277 7551 3694
3 7277 3694 10096
3 8034 3694 7551
3 8034 10226 3694
3 10096 3694 10105
3 10226 10105 3694
3 3695 6218 4033
3 3695 4033 12283
3 3695 6232 6218
3 6217 3696 5110
3 11862 5110 3696
3 5212 3696 6217
3 5212 12254 3696
3 5250 11862 3696
3 12254 5250 3696
3 3697 13048 4248
3 3697 4891 5617
3 3697 4900 13048
3 13571 4900 3697
3 13571 3697 5617
3 3698 5330 4720
3 3698 4720 11741
3 9042 3699 9373
3 9042 9381 3699
3 9373 3699 12080
3 9381 9660 3699
3 9660 12080 3699
3 12285 3700 12483
3 12293 12712 3700
3 12483 3700 12712
3 3701 12291 12287
3 3701 12287 12484
3 3701 12714 12291
3 3701 12484 12710
3 3701 12710 12714
3 3702 12292 12067
3 12293 12292 3702
3 12293 3702 12713
3 12295 12717 3702
3 12717 12713 3702
3 9348 3703 9337
3 9337 3703 12265
3 12368 6410 3704
3 9228 12727 3704
3 9157 3705 4713
3 9157 7791 3705
3 3706 12302 8336
3 3706 8336 12732
3 3937 9348 3707
3 8236 4806 3707
3 8236 3707 9337
3 9348 9337 3707
3 4109 5922 3708
3 4220 3708 11725
3 8670 3904 3709
3 3904 12749 3709
3 8670 3709 8405
3 12310 8405 3709
3 12310 3709 12750
3 3709 12749 12750
3 4151 4031 3710
3 4151 3710 13572
3 5041 3710 5027
3 5041 13572 3710
3 7710 3711 8676
3 7710 9037 3711
3 8676 3711 8660
3 9037 9317 3711
3 12319 12320 3712
3 12320 12519 3712
3 12323 3712 12759
3 12759 3712 12519
3 7641 10870 3713
3 11102 7641 3713
3 3911 3912 3714
3 3911 3714 12111
3 3912 11761 3714
3 3714 10644 12111
3 12324 10644 3714
3 12324 3714 11761
3 3715 10283 10020
3 3715 10020 12325
3 3715 12773 10283
3 3715 12324 11761
3 3715 11761 12773
3 3715 12325 12324
3 4163 4261 3716
3 4163 3716 13338
3 13589 3716 4261
3 13589 5045 3716
3 13590 3716 5045
3 13590 13338 3716
3 8087 7667 3717
3 3717 7667 12280
3 8087 3717 8194
3 3717 8187 9247
3 3717 12280 8187
3 3717 9247 8194
3 4990 3718 7366
3 4991 5516 3718
3 7366 3718 5516
3 3719 11908 5794
3 3719 5794 12774
3 12553 3720 3815
3 3815 3720 12765
3 12332 12761 3720
3 12765 3720 12761
3 3722 3721 12550
3 3722 12552 3721
3 3814 12533 3721
3 12552 3814 3721
3 12340 12550 3721
3 3722 12550 3817
3 3722 3817 13004
3 3722 13254 12552
3 3722 13004 13254
3 5119 3723 10720
3 5119 12566 3723
3 10720 3723 11931
3 12566 12567 3723
3 12564 12344 3724
3 3725 3823 12347
3 3725 12799 3823
3 3725 12347 12346
3 3725 12346 12348
3 3725 12348 12352
3 3725 12352 12799
3 4018 3728 3726
3 3726 3728 6343
3 4018 3726 13016
3 3726 6343 12350
3 3726 12568 10955
3 3726 10955 13016
3 3726 12350 12568
3 3924 12799 3727
3 3924 3727 13021
3 12352 12569 3727
3 12352 3727 12799
3 12569 12801 3727
3 12801 13021 3727
3 10260 3728 4018
3 5536 5783 3729
3 5536 3729 6099
3 12356 3729 5783
3 12163 6099 3729
3 3730 5710 4712
3 9394 3730 4712
3 3731 8884 12585
3 3731 12589 8884
3 12364 3731 12361
3 12364 12589 3731
3 3930 3732 12812
3 3930 12813 3732
3 12813 6302 3732
3 12812 3732 12197
3 3733 6442 3844
3 3733 3844 11681
3 3733 11681 5182
3 3733 5182 11827
3 3930 3734 12813
3 3930 12815 3734
3 12365 3734 5246
3 12819 5246 3734
3 12365 12813 3734
3 12815 12819 3734
3 11073 3735 10601
3 11076 10601 3735
3 11307 3735 11073
3 12367 3736 5219
3 12595 5219 3736
3 12595 3736 10889
3 12825 10889 3736
3 6203 3737 6217
3 6203 6231 3737
3 12276 6217 3737
3 12272 3737 6231
3 7034 7033 3738
3 5217 3739 12177
3 12827 3739 5217
3 12656 3739 12095
3 12656 12177 3739
3 4370 3740 6240
3 4370 6490 3740
3 11949 3740 6490
3 11949 6969 3740
3 3791 3741 4803
3 3791 5697 3741
3 5697 4757 3741
3 3944 3742 3943
3 3943 3742 12833
3 3944 3946 3742
3 12833 3742 12179
3 3843 3743 3945
3 3843 12834 3743
3 3743 12844 3945
3 3946 3947 3744
3 3745 4602 11705
3 11966 4602 3745
3 11691 3745 11705
3 3746 13069 3749
3 3746 12184 12379
3 3746 12379 13061
3 3746 13061 13069
3 4046 3747 4267
3 4046 13066 3747
3 13338 3747 13066
3 13590 3747 13338
3 3748 4271 6735
3 3748 12169 4271
3 3748 6735 9349
3 6855 3748 9349
3 6855 10980 3748
3 3748 10980 12169
3 12615 3749 13069
3 3852 3752 3750
3 3752 12617 3750
3 3851 3852 3750
3 3851 3750 12386
3 3755 3751 4449
3 10036 3751 3755
3 13184 4449 3751
3 10036 13320 3751
3 13184 3751 13320
3 3954 3752 3852
3 3752 3854 12617
3 3752 12855 3854
3 3954 12855 3752
3 3773 4804 3753
3 3773 3753 5711
3 3753 6846 5711
3 12395 3754 12629
3 3754 13090 12629
3 12633 13093 3754
3 13090 3754 13093
3 9913 3755 4449
3 9913 12611 3755
3 12057 10036 3755
3 12611 12057 3755
3 12216 12400 3756
3 12868 3756 12400
3 13099 12647 3756
3 13099 3756 12868
3 12402 3757 6873
3 12409 6873 3757
3 8075 12409 3757
3 13102 8075 3757
3 12402 12404 3757
3 13102 3757 12404
3 3758 12410 12223
3 12407 12870 3758
3 12410 3758 12872
3 12872 3758 12870
3 3759 3765 13604
3 3759 13604 4367
3 3760 12412 3761
3 12413 3760 3761
3 12014 12008 3760
3 12008 12419 3760
3 12014 3760 12413
3 12419 12412 3760
3 12415 3761 6950
3 6950 3761 13108
3 12412 13108 3761
3 12415 12413 3761
3 3762 10470 4445
3 6709 13214 3762
3 10471 10470 3762
3 10471 3762 13214
3 8508 3763 3871
3 12438 3871 3763
3 12438 3763 12436
3 3764 4831 5432
3 3764 10722 4831
3 8601 3764 9122
3 8601 10722 3764
3 8548 7141 3765
3 12018 5779 3766
3 3766 5779 12666
3 12018 3766 12428
3 3766 12879 12428
3 3766 12666 13380
3 3766 13380 12879
3 13553 3767 4997
3 13557 4997 3767
3 11262 10884 3767
3 13553 11262 3767
3 4212 3768 5247
3 4212 10688 3768
3 3768 13142 10190
3 10688 13142 3768
3 5823 3769 3870
3 3769 12663 3870
3 5823 12433 3769
3 3770 4069 3873
3 3770 3873 12434
3 3770 13122 4069
3 5823 3770 12434
3 5823 13122 3770
3 4381 4257 3771
3 3771 4257 13587
3 4385 4381 3771
3 3771 4384 4385
3 3771 13587 4384
3 3772 12442 3774
3 3772 3774 12892
3 3772 12890 12245
3 3772 12892 12890
3 3773 5711 4756
3 3774 12442 5199
3 13145 3775 13143
3 3776 3825 12453
3 3776 12901 3825
3 12449 6456 3776
3 6456 12901 3776
3 12451 12449 3776
3 12451 3776 12453
3 4078 3777 13145
3 4078 13151 3777
3 12450 3777 12687
3 12687 3777 13151
3 3882 4159 3778
3 8248 8518 3779
3 8248 3779 8877
3 3780 12459 6000
3 3780 6000 12911
3 3780 12457 12456
3 3780 12456 12459
3 6017 5452 3781
3 3781 5452 12694
3 6017 3781 6228
3 4818 3782 4815
3 9682 3782 4818
3 5458 4029 3783
3 12268 3783 4029
3 5122 6849 3783
3 12268 5122 3783
3 5458 3783 5579
3 6849 5579 3783
3 4195 3784 4856
3 4195 9596 3784
3 3785 3981 4082
3 3785 6973 3981
3 3785 4082 5456
3 3785 5456 4500
3 3785 4500 6973
3 3786 3791 4803
3 3786 5744 3791
3 3786 4803 10900
3 3786 5746 5744
3 3786 8629 5746
3 3786 10900 8629
3 3787 12475 5626
3 3787 7832 6113
3 3787 6113 12475
3 3787 12939 7832
3 3788 3790 12478
3 3788 12943 3790
3 3788 5642 10591
3 3788 12478 5642
3 3789 6876 12947
3 3789 7688 12297
3 3789 12947 7688
3 3789 12297 8999
3 3790 12288 12478
3 3790 12484 12288
3 3790 12949 12484
3 3790 12943 12949
3 3791 4710 5697
3 3791 5744 4710
3 5928 5266 3792
3 6883 3792 5266
3 5928 3792 12290
3 6883 9123 3792
3 9123 9657 3792
3 3792 9657 12290
3 3793 5597 4964
3 3793 4964 10121
3 3793 12721 5597
3 3793 10121 12495
3 3793 12495 12487
3 3793 12487 12721
3 4362 3794 7425
3 6083 3794 4764
3 6083 6224 3794
3 3794 6224 7425
3 5813 4754 3795
3 5827 3795 4756
3 5827 5813 3795
3 11073 3796 6637
3 10601 9730 3796
3 11073 10601 3796
3 8360 3797 9257
3 8360 9454 3797
3 12425 9257 3797
3 9454 12735 3797
3 12425 3797 12735
3 13353 3798 12643
3 3798 13623 12643
3 9517 11031 3799
3 11031 13210 3799
3 3800 12507 10829
3 3800 10829 13218
3 11031 12507 3800
3 11031 3800 13210
3 3800 13211 13210
3 3800 13218 13211
3 4086 4101 3801
3 12073 4086 3801
3 3801 4101 6581
3 3801 6581 5625
3 3801 5625 9194
3 12073 3801 9194
3 5188 3802 12327
3 5188 13223 3802
3 3802 9870 12327
3 3803 7556 8122
3 3803 8162 7556
3 3803 8122 10785
3 3908 3910 3804
3 3908 3804 4841
3 3910 12761 3804
3 4841 3804 4952
3 12518 4952 3804
3 12518 3804 12761
3 12529 3808 3805
3 12980 3805 3808
3 9254 12519 3805
3 9254 3805 12763
3 12529 3805 12519
3 12763 3805 12980
3 3806 3809 12530
3 3806 12984 3809
3 3806 12107 12521
3 3806 12530 12107
3 3806 12521 12764
3 3806 12764 12984
3 9252 3807 8561
3 8561 3807 10474
3 9252 10544 3807
3 10850 10474 3807
3 3917 3808 12780
3 3917 12980 3808
3 12539 3808 12529
3 12780 3808 12539
3 12126 3809 12541
3 3810 4182 13044
3 3810 13391 4182
3 4297 3810 12024
3 4297 12421 3810
3 12024 3810 13044
3 3810 12421 13391
3 6139 3811 8129
3 6139 9984 3811
3 12538 3812 12116
3 12539 12116 3812
3 12538 12548 3812
3 12780 12539 3812
3 12548 12784 3812
3 12780 3812 12784
3 3813 12549 11963
3 3813 11963 12996
3 13237 3813 12996
3 12976 3814 4002
3 4002 3814 12990
3 12976 12533 3814
3 12552 12990 3814
3 12553 3815 3819
3 3819 3815 13005
3 3919 3815 12765
3 13005 3815 3919
3 3916 3816 12777
3 3916 12789 3816
3 12545 3816 12547
3 12777 3816 12545
3 3816 12790 12547
3 3816 12789 12790
3 4013 13004 3817
3 12550 12549 3817
3 3818 4335 3877
3 3818 3877 13498
3 3818 4220 11725
3 3818 13498 4220
3 3818 11725 4335
3 12553 3819 12557
3 12557 3819 13009
3 3819 13005 13007
3 3819 13007 13009
3 3820 10930 5524
3 6806 3820 6622
3 6806 9220 3820
3 3820 9220 10930
3 3922 5119 3821
3 3922 3821 12789
3 5119 10720 3821
3 12342 3821 10720
3 12342 12560 3821
3 12560 12790 3821
3 12789 3821 12790
3 12028 9201 3822
3 3822 11916 12074
3 12028 3822 12074
3 3823 12344 12347
3 12794 12344 3823
3 12794 3823 12798
3 12798 3823 12799
3 4765 5849 3824
3 4765 3824 6033
3 3824 5849 11926
3 3972 3825 12901
3 3972 12906 3825
3 3975 12453 3825
3 3975 3825 12906
3 9085 3826 7470
3 7808 7807 3826
3 7808 3826 9085
3 3827 5783 3926
3 3827 3926 12803
3 3827 3966 12573
3 3827 12803 3966
3 3827 12356 5783
3 3827 12573 12356
3 3828 6418 8309
3 11407 6418 3828
3 11407 3828 6635
3 7658 3828 8309
3 5536 6099 3829
3 5536 3829 12805
3 5764 3829 6099
3 13030 3829 5764
3 9948 10446 3830
3 9948 3830 10786
3 3831 8404 4600
3 7168 9546 3832
3 11127 3832 9546
3 3833 4027 4141
3 13042 4027 3833
3 3833 4141 13299
3 3833 12589 12593
3 3833 13299 12589
3 13042 3833 12593
3 13042 12593 3834
3 12821 13045 3834
3 13042 3834 13045
3 7683 3875 3835
3 10895 3835 3875
3 5813 3835 4754
3 7683 3835 5813
3 10933 3836 5087
3 12181 5087 3836
3 6948 3836 6944
3 12181 3836 6948
3 3837 12178 3839
3 12830 3837 3839
3 12830 5483 3837
3 13059 3837 5483
3 4401 3940 3838
3 12833 3838 3940
3 4038 3838 4175
3 13050 3838 4038
3 4175 3838 12833
3 13050 4401 3838
3 3840 3939 3839
3 3840 3839 12603
3 12830 3839 3939
3 3839 12178 12603
3 13322 3939 3840
3 3840 12834 3941
3 13322 3840 3941
3 3840 12603 12834
3 9180 9463 3841
3 9462 3841 9463
3 3842 6426 4796
3 3842 4796 8588
3 5258 3842 8588
3 5258 10576 3842
3 12682 6426 3842
3 12682 3842 10576
3 3843 3941 12834
3 3843 13054 3941
3 3843 3945 13054
3 3844 4369 3942
3 4603 3844 3942
3 6442 4369 3844
3 11681 3844 4603
3 3845 3914 4258
3 3845 6453 3914
3 3845 4258 4264
3 3845 4264 5073
3 3845 5073 9133
3 6453 3845 9133
3 3846 11827 5182
3 3847 11228 4949
3 13586 3847 4949
3 3847 11217 11228
3 11258 11217 3847
3 13586 11258 3847
3 4039 3848 3951
3 12610 3951 3848
3 4039 12848 3848
3 3849 3878 4301
3 4431 3878 3849
3 11222 3849 4301
3 4431 3849 6606
3 6606 3849 11254
3 11222 11254 3849
3 3850 12388 3953
3 12612 3850 3953
3 12612 12610 3850
3 3851 3955 3852
3 3851 13068 3955
3 3851 12386 12615
3 3851 12615 13068
3 3954 3852 13066
3 3852 3955 13066
3 4847 4177 3853
3 4177 10419 3853
3 3853 10419 10135
3 12198 3854 10980
3 3854 12855 10980
3 12766 3854 12198
3 12766 12617 3854
3 4080 3855 13408
3 13418 3855 4080
3 9939 3855 4343
3 3855 11663 4343
3 9939 13408 3855
3 13418 11663 3855
3 4051 3856 11485
3 4051 13087 3856
3 11485 3856 9942
3 12626 9942 3856
3 12626 3856 12859
3 12859 3856 13087
3 4298 3857 4188
3 4298 6597 3857
3 9222 3857 6597
3 3857 9222 11659
3 3858 12627 12628
3 3858 12857 12627
3 3858 12628 12629
3 3858 12629 13088
3 3858 13086 12857
3 3858 13088 13086
3 12861 3859 5173
3 12208 8946 3859
3 12638 12208 3859
3 12861 12638 3859
3 4302 5286 3860
3 4432 3860 4554
3 12862 4056 3861
3 13095 3861 4056
3 12212 12639 3861
3 12862 3861 12639
3 3862 3863 12642
3 13097 3863 3862
3 12397 3862 12213
3 12213 3862 12642
3 12397 12638 3862
3 13097 3862 12638
3 12642 3863 10528
3 3863 12865 10528
3 12643 12865 3863
3 13353 12643 3863
3 13097 13353 3863
3 12647 3864 11990
3 12863 11990 3864
3 13099 3864 12647
3 13355 12863 3864
3 13356 3864 13099
3 13355 3864 13356
3 13365 3865 3866
3 12649 12222 3865
3 12649 3865 12869
3 13365 12869 3865
3 3866 12410 12872
3 13366 3866 12872
3 13365 3866 13366
3 4302 5146 3867
3 4302 3867 5286
3 5146 4734 3867
3 4734 11548 3867
3 3867 11525 5286
3 11548 11525 3867
3 12658 3872 3868
3 13116 3868 3872
3 12658 3868 12657
3 12659 12657 3868
3 12659 3868 13117
3 13116 13117 3868
3 4067 12663 3869
3 13118 4067 3869
3 13118 3869 12432
3 4826 3870 5104
3 4826 13122 3870
3 12663 5104 3870
3 5823 3870 13122
3 13124 3871 12438
3 13124 12878 3871
3 12668 3965 3872
3 3872 3965 13374
3 12668 3872 12658
3 13116 3872 13374
3 12434 3873 12555
3 12555 3873 13129
3 3878 3874 4301
3 3878 4378 3874
3 4301 3874 3960
3 3874 13421 3960
3 4378 13421 3874
3 7683 5784 3875
3 10895 3875 9297
3 7100 12248 3876
3 13137 7100 3876
3 12678 3876 12248
3 12680 3876 12678
3 12680 12899 3876
3 13136 3876 12899
3 13137 3876 13136
3 3877 4550 4147
3 3877 4147 13498
3 3877 4335 7748
3 3877 7748 4550
3 11619 4378 3878
3 4431 9564 3878
3 11619 3878 9564
3 12683 3879 12899
3 13141 12899 3879
3 13392 3879 12905
3 13141 3879 13392
3 3974 4809 3880
3 13148 3974 3880
3 12689 3880 4809
3 12689 5694 3880
3 13148 3880 5694
3 4081 3881 12687
3 12450 12687 3881
3 12900 4159 3882
3 12900 3882 13146
3 12328 3883 7409
3 12328 10813 3883
3 3884 7589 7870
3 3884 7870 7670
3 9477 5172 3885
3 12693 3885 5172
3 12471 3885 6234
3 12693 6234 3885
3 9477 3885 13156
3 12471 12924 3885
3 3885 12924 13156
3 12375 3886 5183
3 12933 5183 3886
3 12375 8064 3886
3 12932 3886 8064
3 12932 13161 3886
3 13161 12933 3886
3 5006 4140 3887
3 4140 13450 3887
3 5006 3887 13000
3 3887 13239 13000
3 3888 12704 5157
3 6440 6180 3888
3 6180 12704 3888
3 6440 3888 8666
3 3889 5236 3898
3 3889 3898 9227
3 3889 4343 6564
3 3889 9227 4343
3 3890 12714 12710
3 3890 12710 12951
3 3890 12716 12714
3 3890 13453 12716
3 3890 12951 13451
3 3890 13451 13453
3 3891 3993 12711
3 3891 13174 3993
3 12712 3891 12711
3 12713 3891 12712
3 12718 3891 12713
3 12718 13174 3891
3 3892 12715 12714
3 3892 12714 12716
3 3892 12723 12715
3 13181 12723 3892
3 3896 3893 12719
3 13178 3893 3896
3 12718 12717 3893
3 12719 3893 12717
3 12718 3893 13176
3 13178 13176 3893
3 4204 3894 4442
3 4204 5745 3894
3 6646 4269 3894
3 3894 4269 12055
3 4442 3894 12055
3 5745 4569 3894
3 6646 3894 4569
3 4924 3896 3895
3 3895 3896 12719
3 4924 3895 12723
3 12722 3895 12719
3 12722 12723 3895
3 3896 4924 13188
3 13187 13178 3896
3 13188 13187 3896
3 5596 3897 11753
3 6728 3897 6544
3 12166 6544 3897
3 6728 11753 3897
3 4425 3898 3952
3 5236 3952 3898
3 4425 11891 3898
3 3898 11891 9227
3 4416 3899 4291
3 4409 4349 3899
3 4409 3899 4529
3 4416 4529 3899
3 3900 12735 5226
3 3900 5226 13474
3 3900 5584 12735
3 4887 12739 3901
3 4887 3901 13199
3 8108 5573 3901
3 3901 5573 13199
3 8108 3901 12738
3 3901 12739 12738
3 3902 12745 9371
3 3902 9371 12968
3 3976 6698 3903
3 3976 3903 9815
3 4328 3903 4378
3 4328 9815 3903
3 4378 3903 13421
3 6698 13421 3903
3 3904 4215 6784
3 13209 4215 3904
3 3904 6784 12749
3 13209 3904 8670
3 12312 3905 12366
3 12312 12750 3905
3 3905 12749 12363
3 3905 12750 12749
3 6862 3906 10345
3 6862 10764 3906
3 9148 3906 9701
3 9148 10345 3906
3 3906 10764 13216
3 9254 3909 3907
3 3907 3909 12764
3 9254 3907 12759
3 12521 3907 12764
3 3908 4003 3910
3 3908 13226 4003
3 3908 4841 4508
3 3908 4508 13226
3 4006 12764 3909
3 13501 4006 3909
3 9254 12763 3909
3 12763 13501 3909
3 3910 4003 12991
3 3910 12765 12761
3 3910 12991 12765
3 4827 3912 3911
3 4827 3911 13231
3 3911 12111 12768
3 3911 12768 12142
3 3911 12142 13231
3 3913 12773 4004
3 12993 3913 4004
3 3913 10283 12773
3 3913 12775 10283
3 3914 4253 4252
3 3914 4252 4258
3 4835 4253 3914
3 12994 3916 12777
3 3916 13261 12789
3 12994 13260 3916
3 3916 13260 13261
3 3917 4005 12980
3 3917 12780 12785
3 13252 4122 3918
3 4122 13532 3918
3 3918 13240 13254
3 3918 13531 13240
3 13252 3918 13254
3 13532 13531 3918
3 3919 4011 4123
3 3919 12991 4011
3 3919 4123 13259
3 3919 12765 12991
3 13005 3919 13259
3 12784 3920 12785
3 3920 13012 12785
3 3920 12792 13012
3 3921 4429 3936
3 3921 3936 4799
3 3921 4295 11743
3 3921 11743 4429
3 3922 13014 5119
3 3922 12789 13261
3 3922 13264 13014
3 3922 13261 13264
3 8084 3923 4800
3 8084 5882 3923
3 3923 5882 8165
3 3924 4017 12798
3 3924 13270 4017
3 3924 12798 12799
3 3924 13021 13270
3 12800 3966 3925
3 12803 3925 3966
3 13275 12800 3925
3 12803 13281 3925
3 13275 3925 13280
3 13281 13280 3925
3 12805 3926 5783
3 12803 3926 13284
3 12805 13286 3926
3 13286 13284 3926
3 12161 5371 3927
3 12578 3927 5371
3 12578 13029 3927
3 13029 13287 3927
3 5508 3928 12582
3 12811 9648 3928
3 3929 8073 5505
3 13037 3929 5505
3 12809 8073 3929
3 13033 12809 3929
3 13033 3929 13291
3 13037 13291 3929
3 3930 4142 12815
3 6477 11528 3931
3 13606 6735 3931
3 13606 3931 11528
3 3932 3934 12819
3 3932 13312 3934
3 3932 4144 4145
3 3932 13307 4144
3 3932 4145 13312
3 3932 12819 12815
3 3932 12815 13307
3 3933 3942 4369
3 6277 3942 3933
3 4200 6301 3933
3 6894 4200 3933
3 6894 3933 4369
3 6277 3933 6301
3 3934 12824 12825
3 3934 13312 12824
3 7393 3935 5400
3 7870 5400 3935
3 8111 3935 7393
3 7870 3935 7670
3 7670 3935 10421
3 8111 10421 3935
3 3936 11548 4799
3 3936 11525 11548
3 3937 4807 9348
3 12830 13318 3938
3 13318 3939 4148
3 13322 4148 3939
3 12830 3939 13318
3 3943 12833 3940
3 3943 3940 13325
3 4401 4031 3940
3 13325 3940 4031
3 13322 3941 13054
3 4782 4603 3942
3 6277 4782 3942
3 3944 3943 13325
3 3944 4152 3946
3 3944 13574 4152
3 3944 13325 13574
3 4034 13054 3945
3 4034 3945 13057
3 13057 3945 12844
3 3946 4152 3947
3 13578 4035 3947
3 13578 3947 4152
3 3948 5045 4091
3 3948 6444 5045
3 8084 3949 3961
3 3961 3949 8636
3 8084 4800 3949
3 3949 9283 8636
3 6612 3950 6190
3 6190 3950 11654
3 6612 6906 3950
3 4039 3951 4040
3 4040 3951 4042
3 4042 3951 12612
3 12612 3951 12610
3 4425 3952 7280
3 5236 10249 3952
3 6506 7280 3952
3 6506 3952 10249
3 4042 3953 4043
3 4042 12612 3953
3 4043 3953 13071
3 13071 3953 12388
3 3954 4046 12169
3 3954 13066 4046
3 3954 12169 12855
3 4047 4045 3955
3 3955 4045 13066
3 4047 3955 13068
3 12859 3956 5180
3 12860 5180 3956
3 12859 13087 3956
3 12860 3956 13091
3 13613 3956 13087
3 13613 13091 3956
3 3957 5038 6419
3 6577 3958 6578
3 3958 6879 6578
3 12868 12867 3959
3 12867 12869 3959
3 13103 12868 3959
3 13362 3959 12869
3 13103 3959 13628
3 13362 13628 3959
3 4301 3960 13596
3 3960 12127 5149
3 13596 3960 5149
3 3960 13421 12127
3 3963 4593 3961
3 8084 3961 4593
3 4060 13106 3962
3 13126 4060 3962
3 3962 12226 12878
3 3962 13106 12226
3 13126 3962 12878
3 3963 4021 6570
3 3963 12337 4593
3 3963 6570 12337
3 3964 12889 12880
3 3964 12880 13380
3 3964 13132 12889
3 13115 3964 13380
3 13384 3964 13115
3 13384 13132 3964
3 3967 3965 12881
3 12668 12881 3965
3 13395 12573 3966
3 13395 3966 12800
3 3967 12890 3969
3 3967 3969 13385
3 3967 12881 12890
3 6651 3968 6652
3 4179 3969 12896
3 4179 13385 3969
3 12892 3969 12890
3 12896 3969 12892
3 3970 4074 4180
3 3970 13383 4074
3 13398 3970 4180
3 3970 12894 13134
3 13398 12894 3970
3 3970 13134 13383
3 4077 13143 3971
3 4077 3971 13387
3 3971 12679 13133
3 3971 13143 12679
3 3971 13133 13387
3 3972 12901 12897
3 3972 12897 13398
3 3972 13397 12906
3 3972 13398 13397
3 3974 12905 4809
3 13170 12905 3974
3 13148 13459 3974
3 13459 13170 3974
3 5468 12453 3975
3 5468 3975 12907
3 3975 13413 12907
3 3976 3977 6698
3 3976 12909 3977
3 3976 9815 13147
3 3976 13147 12909
3 3977 12909 12911
3 3978 13413 9345
3 3978 9345 13415
3 3978 12907 13413
3 3978 13415 12914
3 4194 3979 5424
3 4194 12915 3979
3 6930 5424 3979
3 13416 4708 3980
3 13416 3980 5040
3 7604 3981 6973
3 7604 13162 3981
3 4667 3982 5383
3 11304 3982 4667
3 11304 4996 3982
3 4996 12354 3982
3 3982 13523 5383
3 3982 12354 13523
3 5387 12112 3983
3 5387 3983 12695
3 6928 3983 5412
3 5412 3983 13158
3 6928 12695 3983
3 3983 12112 13158
3 12189 3984 4196
3 12369 5959 3984
3 3984 5959 12928
3 12189 12369 3984
3 3985 4375 5126
3 3985 6348 4375
3 3985 4405 5427
3 3985 6835 4405
3 3985 5126 6835
3 11952 3985 5427
3 11952 6348 3985
3 5284 3986 12939
3 13164 3986 5284
3 12932 12702 3986
3 3986 12702 12939
3 10586 3987 5328
3 10585 3987 10586
3 10585 10843 3987
3 3988 13022 4071
3 3988 4071 13123
3 3988 13123 4463
3 3988 4463 13311
3 3988 13311 13022
3 4203 3989 4174
3 4203 12951 3989
3 5318 3989 12943
3 12943 3989 12949
3 12949 3989 12951
3 12944 3990 4622
3 13449 4622 3990
3 12940 3990 12944
3 12940 12945 3990
3 12945 12952 3990
3 12952 13449 3990
3 5249 4569 3991
3 5745 3991 4569
3 12947 5249 3991
3 6243 3992 12431
3 6461 12431 3992
3 4205 12952 3993
3 4205 3993 13455
3 12952 12711 3993
3 13455 3993 13174
3 4572 13171 3994
3 12238 3994 13171
3 4922 3995 5588
3 13460 3995 4922
3 13460 13461 3995
3 4209 3996 13456
3 13175 13456 3996
3 13183 4323 3997
3 3997 4323 13193
3 12960 10121 3997
3 12961 3997 10121
3 12960 3997 13193
3 12961 13183 3997
3 3998 9323 13191
3 13467 9323 3998
3 12231 3998 12964
3 12964 3998 13191
3 4102 8287 3999
3 4102 3999 12968
3 5220 12968 3999
3 5220 3999 13203
3 8369 3999 8287
3 8369 13203 3999
3 5564 4218 4000
3 4000 4218 6762
3 5192 4000 12305
3 4000 6762 12333
3 4000 12333 12305
3 9903 5222 4001
3 5222 11862 4001
3 9903 4001 8967
3 4002 12990 13229
3 13497 12991 4003
3 13497 4003 13495
3 12993 4004 13509
3 13509 4004 13234
3 12763 12980 4005
3 12763 4005 13500
3 12984 12764 4006
3 13501 13503 4006
3 4223 4007 13505
3 4223 13507 4007
3 12988 4007 13508
3 4007 13507 13508
3 4008 12326 4233
3 4008 4233 12378
3 6909 4394 4008
3 4394 12326 4008
3 6909 4008 12380
3 13288 4008 12378
3 13288 12380 4008
3 4111 13228 4009
3 4111 4009 13241
3 4009 13228 12990
3 4009 12990 13240
3 4009 13240 13531
3 4009 13531 13241
3 5793 4718 4010
3 5181 5793 4010
3 4119 4123 4011
3 4119 4011 4221
3 13497 4221 4011
3 13497 4011 12991
3 4012 12557 13009
3 4012 13009 13525
3 4012 13513 13246
3 4012 13525 13513
3 4013 4116 13521
3 4013 13521 13004
3 4231 4014 13007
3 4231 13526 4014
3 4014 13009 13007
3 4014 13525 13009
3 4014 13526 13525
3 4507 4016 5795
3 4016 6675 5795
3 13266 4017 4128
3 13270 4128 4017
3 12794 12798 4017
3 13266 12794 4017
3 10260 4018 13024
3 13267 4018 13016
3 13267 13024 4018
3 5789 12800 4019
3 5789 4019 12801
3 13275 4019 12800
3 12801 4019 13021
3 13273 13021 4019
3 13273 4019 13275
3 4366 4370 4020
3 4366 4020 8150
3 4020 4370 6240
3 4020 6240 4497
3 4020 4497 8150
3 6570 4021 9244
3 13289 4135 4022
3 13030 13290 4022
3 13289 4022 13290
3 4805 4138 4023
3 4138 13035 4023
3 4805 4023 13547
3 5504 13035 4024
3 13294 4024 13035
3 12810 4025 5505
3 13037 5505 4025
3 4026 4861 6161
3 13070 4861 4026
3 9230 4026 6161
3 13042 4028 4027
3 13564 4027 4028
3 13560 4141 4027
3 13560 4027 13564
3 13045 6372 4028
3 13042 13045 4028
3 6238 4029 5458
3 9686 4029 6238
3 12268 4029 9686
3 7463 4030 4453
3 13559 4453 4030
3 7463 4823 4030
3 13325 4031 4151
3 4032 4055 4798
3 4032 7768 4055
3 4591 7768 4032
3 6555 4033 5008
3 4033 13160 5008
3 6218 9592 4033
3 6555 12283 4033
3 4033 9592 13160
3 4034 4036 4153
3 4034 13057 4036
3 4034 4153 4149
3 4149 13054 4034
3 4260 4035 4385
3 4381 4385 4035
3 4381 4035 13578
3 4036 13581 4153
3 4036 13058 4158
3 4036 4158 13581
3 4036 13057 13058
3 4037 4978 10811
3 4037 7004 11474
3 4037 11475 7004
3 4037 10811 11475
3 12601 4038 4175
3 12599 4900 4038
3 4900 13050 4038
3 4038 5720 12599
3 5720 4038 12601
3 4039 4040 13333
3 4039 13058 12848
3 4039 13333 13058
3 13597 4040 4042
3 4040 13592 13333
3 13597 13592 4040
3 4041 4364 4048
3 4041 4048 8485
3 4137 4041 8485
3 4137 13297 4041
3 4243 8255 4041
3 4243 4041 13297
3 4041 8255 4364
3 13597 4042 4043
3 4043 4044 4161
3 4043 13071 4044
3 13597 4043 4161
3 4044 4162 4161
3 4044 9295 4162
3 4044 5064 9295
3 4044 13071 5064
3 4163 13338 4045
3 13338 13066 4045
3 4046 4267 13600
3 4046 13600 12169
3 4270 4047 13334
3 4047 13068 13334
3 4364 4472 4048
3 8589 8485 4048
3 4049 13079 12081
3 12167 9488 4050
3 9488 12856 4050
3 9405 4051 11485
3 9405 13610 4051
3 4051 13612 13087
3 4051 13610 13612
3 11559 13085 4052
3 4052 13085 13086
3 4052 13086 13089
3 4052 13089 13611
3 4053 4274 13089
3 4053 13089 13088
3 4053 13088 13090
3 4053 13090 13350
3 13613 4275 4054
3 13092 13091 4054
3 13613 4054 13091
3 13351 13092 4054
3 4798 4055 4065
3 4055 5917 4065
3 4589 5917 4055
3 4589 4055 7768
3 13352 4056 4277
3 13621 4277 4056
3 12862 13621 4056
3 13095 4056 13352
3 13098 4057 13097
3 13097 4057 13353
3 13351 4057 13098
3 13351 13616 4057
3 9362 4058 4240
3 4240 4058 13547
3 4805 4058 4801
3 4801 4058 9431
3 4805 13547 4058
3 9362 9431 4058
3 13102 4059 8075
3 8075 4059 13360
3 13102 13358 4059
3 4060 13633 13106
3 13126 13363 4060
3 13632 4060 13363
3 13632 13633 4060
3 4739 4061 11809
3 6397 7559 4061
3 8598 6397 4061
3 7559 11809 4061
3 4062 13633 4283
3 4062 4283 13634
3 6950 13108 4062
3 6950 4062 13111
3 4062 13108 13633
3 13111 4062 13634
3 13110 4063 12666
3 12666 4063 13114
3 13636 13114 4063
3 4064 5285 9485
3 4064 12269 5285
3 4064 12052 9599
3 4064 9599 12269
3 8567 4798 4065
3 4849 8567 4065
3 13118 4066 4067
3 4066 13219 4067
3 13119 4286 4066
3 4066 4286 13219
3 13118 13119 4066
3 4067 4688 5104
3 4067 13219 4688
3 4067 5104 12663
3 4287 4288 4068
3 4287 4068 4688
3 4068 4288 4463
3 4068 4463 13123
3 4068 4826 4688
3 4068 13123 4826
3 4069 13123 4071
3 4069 13122 13123
3 4797 4070 7836
3 4070 4797 8642
3 7836 4070 5974
3 4075 4292 4072
3 4075 4072 13136
3 4072 13131 13137
3 4072 13137 13136
3 4073 8185 7657
3 4073 7657 10834
3 4073 9726 8185
3 8749 9726 4073
3 4180 4074 5164
3 12823 5164 4074
3 4075 12421 4292
3 4075 13391 12421
3 13141 4075 13136
3 13141 13391 4075
3 4179 4076 4181
3 4179 12896 4076
3 12896 13140 4076
3 4076 13140 13146
3 4077 13387 10451
3 13393 4077 10451
3 4077 13144 13143
3 13393 13144 4077
3 4078 13145 13144
3 13394 4078 13144
3 13405 13151 4078
3 13405 4078 13394
3 4294 4079 7907
3 4294 13399 4079
3 7907 4079 13147
3 4079 12910 13147
3 13418 4080 12915
3 13409 4762 4081
3 4081 12687 13151
3 13409 4081 13151
3 6653 4083 4305
3 4083 13446 4305
3 5034 4689 4083
3 4083 4689 13446
3 5387 4084 12112
3 5387 12931 4084
3 11111 12112 4084
3 12931 12113 4084
3 12073 4308 4085
3 9757 4085 5033
3 9757 12073 4085
3 6653 4101 4086
3 9757 4086 12073
3 12884 4087 4250
3 12884 13169 4087
3 4133 4088 4360
3 4133 13284 4088
3 9540 4360 4088
3 9540 4088 9447
3 9447 4088 13285
3 4088 13284 13285
3 12645 13447 4089
3 13458 12645 4089
3 4089 13174 13176
3 13455 13174 4089
3 13458 4089 13176
3 13455 4089 13447
3 12300 4090 4094
3 13177 4090 12300
3 13178 4090 13177
3 13187 4090 13178
3 4157 4091 4256
3 13589 4256 4091
3 13589 4091 5045
3 13185 13181 4092
3 9092 4093 4454
3 4093 9340 4454
3 12300 4094 11785
3 13190 11785 4094
3 11545 10962 4095
3 11545 4095 11283
3 4289 4096 4438
3 4438 4096 6639
3 6639 4096 10642
3 9272 10642 4096
3 4097 4907 9982
3 4097 12965 4907
3 4097 4914 12965
3 4097 13470 4914
3 4213 4098 4894
3 4213 9698 4098
3 4098 9524 9068
3 4098 9698 9524
3 4099 8459 8883
3 4099 9391 8459
3 8380 4459 4100
3 4459 13476 4100
3 8380 4100 13203
3 6653 4305 4101
3 4101 4305 10970
3 6581 4101 10970
3 4102 13479 8287
3 4102 12968 9371
3 4102 9371 13208
3 4102 13208 13479
3 4339 4103 7225
3 4339 7226 4103
3 4103 13485 7225
3 4103 13211 13485
3 4104 5566 12363
3 4104 13486 5566
3 4104 12749 6784
3 4104 6784 13484
3 4104 12363 12749
3 4104 13484 13486
3 5790 4105 4533
3 4105 12199 4533
3 4105 13216 12199
3 4106 6025 6516
3 4106 6516 13485
3 4106 13218 9448
3 4106 13485 13218
3 4353 6621 4107
3 4353 4107 11059
3 10833 4614 4107
3 4107 4614 11059
3 4649 4107 6621
3 10833 4107 4649
3 4503 4505 4108
3 4503 4108 4850
3 4108 4505 5557
3 4108 13223 4850
3 4108 5557 12920
3 4108 12920 13223
3 4109 4494 5922
3 4111 4317 4110
3 4111 4110 13228
3 4110 4317 7839
3 4110 7839 4524
3 4111 4155 4317
3 4111 13241 4155
3 11662 4112 5814
3 5123 4113 13231
3 13246 4113 5123
3 4113 13232 13231
3 4113 13233 13232
3 4113 13514 13233
3 13246 13514 4113
3 4225 4114 6852
3 4225 13509 4114
3 6852 4114 13233
3 4114 13232 13233
3 4114 13234 13232
3 4114 13509 13234
3 4225 4134 4115
3 4229 4115 4134
3 4225 4115 13509
3 4229 13247 4115
3 4115 13247 12993
3 12993 13509 4115
3 6042 4118 4117
3 4117 4751 4703
3 6042 4117 4703
3 4118 4742 4746
3 6042 4742 4118
3 13533 4123 4119
3 4119 4221 4147
3 4119 4147 4227
3 13533 4119 4227
3 4120 4229 12720
3 4120 13247 4229
3 4120 12720 13534
3 13251 4566 4121
3 4233 4234 4122
3 13522 4233 4122
3 4122 4234 13532
3 13522 4122 13252
3 4123 4124 13259
3 13533 4124 4123
3 4231 13259 4124
3 11604 4352 4124
3 13533 11604 4124
3 8389 4125 4126
3 8621 4126 4125
3 9143 4125 8389
3 13164 8621 4125
3 4309 5651 4126
3 4309 4126 8621
3 10799 4126 5651
3 10799 8389 4126
3 13267 13016 4127
3 13267 4127 13541
3 4127 13539 13541
3 13270 5152 4128
3 5152 13537 4128
3 13266 4128 13263
3 13263 4128 13538
3 13537 13538 4128
3 4129 7659 4338
3 9875 10250 4130
3 13271 9875 4130
3 4130 10250 13277
3 13271 4130 13276
3 13276 4130 13278
3 13278 4130 13277
3 4131 4154 6392
3 4131 10905 4154
3 5927 4308 4131
3 4131 4308 10905
3 5927 4131 6392
3 13545 4132 9523
3 13029 4132 13287
3 13545 13287 4132
3 4133 4360 9663
3 4133 9663 13280
3 4133 13280 13281
3 4133 13281 13284
3 4225 6852 4134
3 4229 4134 12781
3 6852 13593 4134
3 4134 13593 12781
3 4135 13285 13286
3 4136 8926 13549
3 4136 13550 8926
3 13033 4136 13290
3 13033 13291 4136
3 4136 13549 13290
3 13291 13550 4136
3 8850 4138 4805
3 8850 13551 4138
3 13294 13035 4138
3 13551 13294 4138
3 5931 4139 4246
3 4246 4139 6392
3 5927 6392 4139
3 5927 4139 13439
3 5931 13166 4139
3 13439 4139 13166
3 5006 13250 4140
3 4140 13250 13457
3 4140 13462 13450
3 4140 13457 13462
3 4243 13298 4141
3 4243 4141 13560
3 4141 13298 13299
3 6779 4142 4448
3 13307 4142 6779
3 13307 12815 4142
3 5398 10888 4143
3 4143 8632 10134
3 4143 10888 8632
3 10445 4143 10134
3 6435 4145 4144
3 6435 4144 7079
3 13307 7079 4144
3 4145 4373 6293
3 6435 4373 4145
3 13312 4145 6293
3 4146 6293 4857
3 13312 6293 4146
3 12824 4146 9300
3 13312 4146 12824
3 13498 4147 4221
3 4550 4227 4147
3 4150 4253 4148
3 13322 4150 4148
3 4835 4148 4253
3 13054 4149 4150
3 13575 4150 4149
3 13575 4149 4153
3 13575 4253 4150
3 13322 13054 4150
3 4156 4151 13572
3 4156 13574 4151
3 13325 4151 13574
3 4251 4152 13574
3 4251 13578 4152
3 13575 4153 4380
3 4153 13581 4380
3 10905 4440 4154
3 4154 4440 13406
3 6392 4154 10696
3 10696 4154 13406
3 4334 4317 4155
3 4334 4155 12145
3 4336 12145 4155
3 4336 4155 13241
3 4157 4256 4156
3 4157 4156 13572
3 4257 4251 4156
3 4156 4251 13574
3 4257 4156 4256
3 5041 4157 13572
3 4262 4255 4158
3 4158 4255 13581
3 4158 13333 4262
3 4158 13058 13333
3 12900 12681 4159
3 10291 4160 7594
3 8107 7666 4160
3 10291 10115 4160
3 4266 4161 4162
3 4266 13594 4161
3 13597 4161 13594
3 9119 4162 9295
3 4794 4750 4164
3 6205 4165 5979
3 6205 11613 4165
3 13355 13356 4167
3 13355 4167 13622
3 13356 13626 4167
3 13357 4168 13358
3 13357 13359 4168
3 13359 13623 4168
3 11248 4169 5115
3 4169 13360 5115
3 4169 12871 13361
3 4169 13361 13360
3 13362 13365 4170
3 13362 4170 13630
3 13364 4170 13365
3 7217 7018 4171
3 9781 7217 4171
3 9781 4171 7520
3 5852 13367 4172
3 4172 13367 12871
3 4284 4173 13426
3 4284 13636 4173
3 4173 4407 13426
3 4173 13634 4407
3 4173 13111 13634
3 4173 13636 13111
3 4203 4174 5247
3 4212 5247 4174
3 4212 4174 5309
3 4176 5920 4752
3 11820 4176 4752
3 4176 6082 5920
3 4176 10204 6082
3 4176 8577 10204
3 11820 8577 4176
3 11465 10419 4177
3 8685 4178 12836
3 12836 4178 12698
3 4178 13385 12698
3 4179 4181 13385
3 12650 4180 5164
3 12650 13396 4180
3 13398 4180 13396
3 4181 12614 12698
3 4181 12698 13385
3 13044 4182 13170
3 13170 4182 13392
3 4182 13391 13392
3 4183 9236 4219
3 4183 4219 12136
3 5154 4183 4458
3 4183 5154 9236
3 4190 4184 4441
3 12257 12168 4185
3 13400 4185 12168
3 12257 4185 13396
3 4185 13397 13396
3 13400 13397 4185
3 4186 12277 4332
3 4186 5466 12277
3 11995 11921 4187
3 4187 11921 13404
3 12338 11995 4187
3 12338 4187 13393
3 4187 13394 13393
3 4187 13404 13394
3 4298 4188 13404
3 13405 13404 4188
3 13409 13405 4188
3 4189 7226 4339
3 4189 4339 8167
3 4189 12334 7226
3 4189 8167 7713
3 4190 4441 5099
3 5309 4190 5099
3 4191 4315 4279
3 4191 4279 13183
3 4191 12611 4315
3 4191 4964 4934
3 4191 4934 12611
3 4191 12961 4964
3 4191 13183 12961
3 4192 5461 5367
3 4192 5367 11498
3 4609 4193 10577
3 4193 4932 10577
3 13418 4194 4300
3 4194 13491 4300
3 4194 5424 13491
3 13418 12915 4194
3 4195 9862 9596
3 4195 11658 9862
3 4196 4697 11239
3 4196 11239 12068
3 12189 4196 12068
3 4303 4197 9143
3 4303 12075 4197
3 13161 9143 4197
3 12075 12113 4197
3 12933 4197 12113
3 13161 4197 12933
3 4624 10989 4198
3 4624 4198 13435
3 12103 4675 4198
3 12103 4198 10989
3 12652 4307 4199
3 12652 4199 12405
3 4368 4200 6894
3 4200 8031 6301
3 4201 4572 4311
3 4201 4311 10471
3 4201 5136 4572
3 4201 6649 5136
3 5703 6649 4201
3 5703 4201 10471
3 5258 4202 8585
3 5258 9983 4202
3 4202 9983 8620
3 4203 5247 13454
3 4203 13451 12951
3 4203 13454 13451
3 4309 4204 4442
3 4309 13442 4204
3 4205 13449 12952
3 4205 13448 13449
3 4206 10027 12787
3 4206 12787 13456
3 4206 13453 13454
3 4206 13456 13453
3 4207 4451 9496
3 12362 4451 4207
3 4207 9496 13458
3 12300 12362 4207
3 13177 12300 4207
3 13177 4207 13458
3 9444 4316 4208
3 13461 4208 4316
3 4562 9444 4208
3 13460 4208 13461
3 4209 9398 9340
3 4209 9825 9398
3 4209 12787 9825
3 4209 13456 12787
3 11778 4663 4210
3 11778 4210 7075
3 4210 12195 7075
3 8984 9066 4211
3 8984 4211 10203
3 9066 11620 4211
3 13467 4211 11620
3 4212 5309 5099
3 4212 5099 10688
3 4213 4894 13198
3 8818 4213 5755
3 4213 13198 5755
3 8818 9698 4213
3 9982 4907 4214
3 9769 4214 8563
3 9769 9982 4214
3 13482 6784 4215
3 13209 13480 4215
3 13482 4215 13480
3 6389 4216 8175
3 6389 13484 4216
3 7698 8175 4216
3 7698 4216 13482
3 4216 13484 13482
3 8220 4217 6389
3 6389 4217 13486
3 8160 4218 5564
3 5798 6762 4218
3 5798 4218 8160
3 13498 13495 4220
3 13497 13495 4221
3 13498 4221 13495
3 13500 4222 13501
3 13511 4222 13500
3 13501 4222 13503
3 4222 13504 13503
3 4223 13505 13504
3 4336 13241 4226
3 4226 13241 13531
3 4226 13531 13532
3 13533 4227 13052
3 12989 4342 4228
3 13515 13514 4228
3 12720 4229 12781
3 11520 4230 11090
3 11520 11729 4230
3 4231 13007 13259
3 4698 4232 6079
3 6253 4232 4698
3 4233 12326 4234
3 13522 12378 4233
3 4350 4234 12326
3 4235 12581 4237
3 13540 4235 4237
3 12720 12581 4235
3 12720 4235 13534
3 13539 13534 4235
3 13540 13539 4235
3 4236 4238 12570
3 13536 13538 4236
3 4236 13538 13537
3 9875 4237 10468
3 9875 13540 4237
3 4237 10805 10468
3 12581 10805 4237
3 4477 9663 4238
3 4238 9663 9232
3 4238 9232 12570
3 6108 4795 4239
3 6108 4239 9238
3 13549 9238 4239
3 13549 4239 13289
3 4240 13547 5508
3 9362 4240 13545
3 4574 4241 8589
3 8966 4241 4574
3 4241 8485 8589
3 6410 4242 6610
3 6610 4242 6825
3 4244 8255 4243
3 4244 4243 13560
3 4243 13297 13298
3 4245 4366 4244
3 4245 4244 13560
3 4244 4366 8255
3 4245 4247 6502
3 4245 13564 4247
3 4245 6502 4366
3 4245 13560 13564
3 5931 4246 4311
3 4246 10470 4311
3 4246 6392 10696
3 4246 10696 10470
3 12172 5621 4248
3 10933 12172 4248
3 10933 4248 13048
3 5842 5846 4249
3 6021 4249 5846
3 4250 4316 11905
3 4250 13461 4316
3 12884 4250 11905
3 4381 4251 4257
3 4381 13578 4251
3 13575 4252 4253
3 4258 4252 4379
3 4380 4379 4252
3 13575 4380 4252
3 11855 12275 4254
3 4254 12577 12667
3 4255 4262 4386
3 4382 4379 4255
3 4255 4379 13581
3 4386 4382 4255
3 4257 4256 13587
3 13589 13587 4256
3 4382 4264 4258
3 4382 4258 4379
3 4259 10238 8561
3 4259 9655 10238
3 4270 4260 4385
3 4270 13334 4260
3 4260 13334 13061
3 4261 4384 13587
3 13589 4261 13587
3 4386 4262 13592
3 4262 13333 13592
3 4263 4859 5683
3 4263 11880 4859
3 4263 5805 4899
3 4263 4899 11894
3 4263 5683 5805
3 9860 11880 4263
3 9860 4263 11894
3 4382 4265 4264
3 4266 4265 13594
3 4386 4265 4382
3 4386 13594 4265
3 4268 5793 5181
3 4268 5326 5793
3 4268 8905 5326
3 6646 10308 4269
3 4269 10308 9061
3 4269 9061 12055
3 4270 4385 4384
3 5083 4271 13600
3 4271 12169 13600
3 4516 4273 12078
3 4274 13611 13089
3 13613 13612 4275
3 11380 11330 4276
3 13351 4276 13616
3 13621 13620 4277
3 4439 4278 7654
3 4439 12017 4278
3 4624 4278 10989
3 4624 13437 4278
3 13437 7654 4278
3 12017 10989 4278
3 4279 4315 12282
3 10714 4279 4320
3 4279 12282 4320
3 10714 13183 4279
3 13103 4280 13626
3 13103 13628 4280
3 11245 4281 11204
3 4404 4282 4523
3 4404 13632 4282
3 4409 4282 13363
3 4409 13499 4282
3 13499 4523 4282
3 4282 13632 13363
3 4404 4403 4283
3 4403 13634 4283
3 4404 4283 13632
3 13632 4283 13633
3 4284 4410 9282
3 4284 13426 4410
3 4284 9282 13114
3 4284 13114 13636
3 4411 4285 13638
3 13629 4285 13342
3 13629 13376 4285
3 13638 4285 13376
3 13629 4286 13119
3 4286 13561 13219
3 4286 13342 13561
3 13629 13342 4286
3 4287 4688 13219
3 4287 13219 13561
3 4406 4463 4288
3 4406 4288 4526
3 11008 4289 4438
3 11008 10746 4289
3 4290 4322 10817
3 11785 4290 10817
3 13190 4290 11785
3 4418 4291 4292
3 4416 4291 4418
3 4418 4292 12421
3 12387 11800 4293
3 12935 4293 11800
3 12219 4294 7907
3 12219 12329 4294
3 12536 4294 12329
3 12536 13399 4294
3 4295 12168 11743
3 4295 13400 12168
3 9227 4296 9939
3 11891 4296 9227
3 9939 4296 13459
3 11891 13044 4296
3 13044 13170 4296
3 13459 4296 13170
3 4426 4297 12024
3 4298 11829 6597
3 4298 11921 11829
3 4298 13404 11921
3 4328 4299 9815
3 7354 11775 4299
3 4299 13410 9815
3 4299 11775 13410
3 4434 4300 13491
3 13418 4300 11663
3 11222 4301 13596
3 4303 4437 6589
3 4303 8389 4437
3 4303 6589 12075
3 4303 9143 8389
3 9220 4304 5195
3 9220 6620 4304
3 11254 4304 6620
3 11222 4304 11254
3 11222 13596 4304
3 4305 4310 10970
3 13446 4310 4305
3 6659 4306 6643
3 4306 12017 6643
3 6659 13542 4306
3 4306 10989 12017
3 4306 12103 10989
3 4307 11008 5639
3 12652 11008 4307
3 4308 9194 10905
3 12073 9194 4308
3 4309 4442 5651
3 4309 8621 13442
3 4310 8995 10970
3 10471 4311 10470
3 4433 4312 11498
3 4433 13635 4312
3 13635 4436 4312
3 8636 9283 4313
3 10251 4314 5109
3 13447 5109 4314
3 10251 10331 4314
3 10331 10525 4314
3 4315 9913 4576
3 4315 4576 12282
3 4315 12611 9913
3 9444 4568 4316
3 4568 11905 4316
3 4334 7774 4317
3 7774 7839 4317
3 4321 4456 4318
3 11545 4321 4318
3 4456 8940 4318
3 11545 4318 10962
3 10817 4581 4319
3 12746 4319 4581
3 12362 4319 9331
3 9331 4319 12746
3 11785 10817 4319
3 12362 11785 4319
3 4320 8873 4324
3 10714 4320 4324
3 4320 6823 8873
3 4320 12282 6823
3 4321 4704 4456
3 7913 4704 4321
3 8956 7913 4321
3 8956 4321 11545
3 4702 4322 6579
3 4702 10817 4322
3 10714 4323 13183
3 10714 13472 4323
3 13469 13193 4323
3 13472 13469 4323
3 8818 4324 4457
3 4324 8873 4457
3 8818 5755 4324
3 13472 4324 5755
3 10714 4324 13472
3 9524 4325 8597
3 12403 8597 4325
3 9698 8809 4325
3 8809 12479 4325
3 9524 9698 4325
3 12403 4325 12464
3 4325 12479 12464
3 9391 4326 8465
3 8465 4326 12370
3 4326 9068 8597
3 12381 4326 8597
3 13200 9068 4326
3 13200 4326 9391
3 12370 4326 12381
3 8106 4327 4460
3 8883 4460 4327
3 8106 8256 4327
3 8841 4327 8256
3 13478 4327 8841
3 13478 8883 4327
3 11619 4328 4378
3 4722 4329 5777
3 4722 11991 4329
3 4329 5298 9816
3 4329 11839 5298
3 4329 5970 5777
3 4329 9816 5970
3 11991 11839 4329
3 4330 7099 8256
3 4330 13480 7099
3 8123 4330 7746
3 4330 8256 7746
3 8243 4331 4594
3 4594 4331 12280
3 4331 6516 6025
3 4331 6025 8187
3 8243 6516 4331
3 12280 4331 8187
3 4332 6638 12053
3 4333 5557 4505
3 4333 4505 9235
3 7620 5557 4333
3 8261 4333 6295
3 4333 9235 6295
3 7620 4333 8915
3 8261 8915 4333
3 4334 12145 12190
3 5939 7748 4335
3 4336 4345 4470
3 4336 4470 12145
3 4337 7729 4341
3 4337 4550 7748
3 4337 5938 7729
3 4337 7748 5938
3 4560 4338 4471
3 7659 4471 4338
3 8659 4339 7225
3 8659 8167 4339
3 4340 4493 6447
3 4340 6443 6223
3 4340 6223 6448
3 4340 6448 6415
3 4340 6447 6443
3 4341 7729 7433
3 4341 7433 13224
3 4342 7232 7400
3 10833 7232 4342
3 10833 4342 12989
3 6564 4343 11663
3 9227 9939 4343
3 4344 7364 12380
3 4344 12380 13288
3 4345 6880 4470
3 4345 11790 6880
3 4387 4346 5935
3 8618 4346 4387
3 5935 4346 11479
3 8618 10589 4346
3 7914 9997 4347
3 11294 7914 4347
3 9996 10580 4347
3 9996 4347 10831
3 10831 4347 9997
3 10580 11294 4347
3 4699 4745 4348
3 4699 4348 6225
3 4792 6225 4348
3 4409 13363 4349
3 4349 12883 12882
3 4349 13363 12883
3 4350 6482 11928
3 4351 8283 5867
3 4351 8842 8283
3 11061 4352 4595
3 4595 4352 11334
3 11604 11334 4352
3 6679 6621 4353
3 6679 4353 11061
3 4353 11059 11061
3 4509 5582 4354
3 4509 4354 6394
3 4354 5621 4879
3 4354 5582 5621
3 11051 5491 4355
3 7522 7221 4355
3 7221 11051 4355
3 11668 4608 4356
3 11668 4356 9018
3 4357 9778 4721
3 4357 4721 10250
3 6346 6129 4357
3 4357 6129 9778
3 10675 6346 4357
3 4357 10250 10468
3 10675 4357 10468
3 4383 4377 4358
3 4377 4789 4358
3 4383 4358 4790
3 9778 4359 4721
3 4359 4784 9435
3 9778 4784 4359
3 4359 9435 9523
3 9663 4360 9232
3 9808 9232 4360
3 9540 9808 4360
3 4361 9140 4801
3 4361 4801 9431
3 4885 4361 5526
3 4885 9140 4361
3 4363 4502 4585
3 4363 9140 4502
3 7463 4363 4585
3 7463 7750 4363
3 4363 7750 13551
3 8850 9140 4363
3 8850 4363 13551
3 4364 4820 4472
3 4364 8150 4820
3 8255 8150 4364
3 12071 5824 4365
3 4365 8506 11375
3 4366 6502 4370
3 4366 8150 8255
3 4367 9295 5064
3 4367 5064 13076
3 4367 13604 9295
3 4368 6894 7741
3 7377 4369 6442
3 7377 6894 4369
3 4370 6502 6490
3 6435 4371 4373
3 6435 7377 4371
3 7377 6442 4371
3 6350 4372 6466
3 11762 6466 4372
3 6531 11762 4372
3 6335 6293 4373
3 6542 6335 4373
3 13070 4374 4861
3 13070 6366 4374
3 4375 6348 6539
3 4375 6539 6747
3 4376 5027 4897
3 5060 5027 4376
3 5060 4376 11630
3 6407 11630 4376
3 4383 4521 4377
3 4377 4452 4789
3 4377 6640 4452
3 4377 4521 6640
3 4380 13581 4379
3 4383 7210 4521
3 4383 4790 10872
3 4386 13592 13594
3 4387 5935 11416
3 11133 8618 4387
3 11133 4387 11552
3 4387 11416 11552
3 6350 6466 4388
3 6350 4388 11949
3 8882 4388 6466
3 11949 4388 7031
3 8842 7895 4389
3 10539 4389 7895
3 10407 8842 4389
3 10487 10407 4389
3 10487 4389 10485
3 10539 10485 4389
3 4390 4789 4452
3 4390 4452 6655
3 4390 6655 4737
3 4391 7489 4436
3 4391 4436 13635
3 4391 13635 6421
3 4392 7189 5120
3 4392 11428 7189
3 4393 11396 11425
3 4480 6148 4394
3 6909 4480 4394
3 6742 11301 4397
3 11272 5115 4398
3 6680 11272 4398
3 11766 5185 4399
3 6359 13558 4399
3 7612 4399 6639
3 13558 6639 4399
3 7612 11766 4399
3 11066 11104 4400
3 4400 11104 11204
3 13573 4401 13050
3 4402 5699 7524
3 11018 5699 4402
3 4402 9080 12835
3 11018 4402 12835
3 4403 4407 13634
3 4793 5427 4405
3 13316 4405 6835
3 4412 4406 10920
3 13311 4406 4412
3 13311 4463 4406
3 4406 4526 10920
3 4408 4528 4525
3 4408 13561 13342
3 4409 4529 13499
3 4410 4530 4413
3 9282 4410 4413
3 4414 4411 13060
3 4411 13638 13060
3 4629 4412 10784
3 4629 12832 4412
3 10784 4412 10920
3 12832 13311 4412
3 4413 13384 9282
3 12935 13384 4413
3 4417 12674 4414
3 4417 4414 12836
3 4414 12674 10832
3 4414 13060 12836
3 5164 4415 12664
3 12823 4415 5164
3 12823 13022 4415
3 12832 4415 13022
3 4416 4532 4529
3 4417 12614 12503
3 4417 12503 12674
3 4417 12698 12614
3 4417 12836 12698
3 12257 4419 4422
3 12257 13396 4419
3 12650 12664 4419
3 12650 4419 13396
3 9441 6675 4420
3 12129 4420 9299
3 12129 9441 4420
3 4768 4421 4536
3 4768 11995 4421
3 12338 4421 11995
3 12338 12387 4421
3 12257 4422 4424
3 4423 4539 4537
3 4423 8876 4539
3 4423 7472 8876
3 12168 4424 11751
3 12257 4424 12168
3 4425 7280 4426
3 4425 4426 12024
3 4425 12024 11891
3 4426 7280 4538
3 4427 6914 4428
3 11829 4427 4428
3 4768 6914 4427
3 11995 4768 4427
3 11921 4427 11829
3 11995 4427 11921
3 4428 6914 4545
3 11829 4428 6597
3 4429 11751 5171
3 11743 11751 4429
3 5272 4430 5855
3 4431 6606 4553
3 4431 4553 7130
3 4431 7130 9564
3 4689 4432 13446
3 4433 5367 9224
3 4433 11498 5367
3 4433 9224 6421
3 4433 6421 13635
3 4434 11916 5333
3 4434 12074 11916
3 4434 13491 12074
3 4435 5196 9301
3 12826 9300 4435
3 9301 9439 4435
3 12826 4435 9439
3 4436 7489 11823
3 12026 4437 5666
3 5666 4437 13464
3 6589 4437 12026
3 8389 13464 4437
3 11008 4438 5639
3 5639 4438 13558
3 4438 6639 13558
3 4561 12017 4439
3 4561 4439 13336
3 13336 4439 7654
3 6668 4440 11974
3 6668 13510 4440
3 10905 11974 4440
3 13406 4440 13510
3 9190 5099 4441
3 9190 4441 5696
3 4441 13440 5696
3 7612 4443 7596
3 7596 4443 9445
3 7612 10642 4443
3 4443 13562 9445
3 11048 4443 10642
3 11048 13562 4443
3 10251 4447 4444
3 13063 4444 4447
3 6719 4444 8898
3 6719 10331 4444
3 13063 8898 4444
3 10251 4444 10331
3 4563 4445 13406
3 10696 4445 10470
3 10696 13406 4445
3 5056 4446 12783
3 5056 12937 4446
3 12531 4446 12289
3 12551 12289 4446
3 12531 12903 4446
3 12551 4446 12937
3 12903 12783 4446
3 10251 5109 4447
3 12975 4447 5109
3 12975 6727 4447
3 6727 13063 4447
3 13023 4449 4573
3 4573 4449 13184
3 9913 4449 13023
3 8514 4450 6733
3 8514 8324 4450
3 8324 12842 4450
3 4450 9825 10027
3 12842 9825 4450
3 4451 9331 4577
3 9496 4451 4577
3 12362 9331 4451
3 4452 6640 4620
3 4452 4620 6655
3 7463 4453 7750
3 13559 13552 4453
3 7964 4454 12669
3 9340 9145 4454
3 12669 4454 9145
3 7936 4580 4455
3 9066 4455 4580
3 7844 7936 4455
3 7844 4455 12561
3 8984 8849 4455
3 8849 12561 4455
3 8984 4455 9066
3 4704 7836 4456
3 7836 5974 4456
3 4456 5974 8940
3 4586 8809 4457
3 12583 4586 4457
3 8818 4457 8809
3 12583 4457 8873
3 6570 8552 4459
3 6570 4459 12337
3 12337 4459 8380
3 8552 13476 4459
3 8106 4460 8057
3 8459 4460 8883
3 8459 12349 4460
3 5782 4461 7747
3 5782 8369 4461
3 4461 8369 8287
3 4461 8287 12334
3 6927 4462 7503
3 9115 4462 6927
3 7678 5808 4464
3 4464 5808 8160
3 6684 4464 8160
3 8196 4464 7633
3 8196 7678 4464
3 11567 9107 4465
3 11566 11567 4465
3 4466 5915 5876
3 4466 5876 9043
3 4467 10828 10840
3 5938 4469 7729
3 5950 7729 4469
3 5950 4469 12123
3 4470 6912 4998
3 12145 4470 4998
3 6880 6912 4470
3 4560 4471 7375
3 6029 4471 7109
3 6029 7375 4471
3 7659 7109 4471
3 4820 4496 4472
3 7281 4473 4481
3 12098 4481 4473
3 5950 4601 4473
3 12098 4473 4601
3 7433 5950 4473
3 7281 7433 4473
3 4474 4485 6038
3 4474 6571 4485
3 4474 6038 7364
3 4474 6970 6571
3 6458 5980 4475
3 4475 5980 7298
3 4475 7298 6880
3 4475 6880 11790
3 4486 4476 5980
3 6919 5980 4476
3 6919 4476 12110
3 4476 8328 12110
3 4477 13280 9663
3 13274 13275 4477
3 4477 13275 13280
3 6346 4478 6129
3 6352 6129 4478
3 6346 7224 4478
3 6580 6352 4478
3 6580 4478 7232
3 7232 4478 7224
3 6029 4714 4479
3 9808 4479 4714
3 6029 4479 6970
3 6571 4479 6328
3 9808 6328 4479
3 6571 6970 4479
3 6909 6137 4480
3 4482 4481 6416
3 4482 7281 4481
3 6416 4481 5554
3 12098 5554 4481
3 4482 6046 7281
3 9153 6046 4482
3 9153 4482 6416
3 6679 4595 4483
3 4483 4595 9155
3 5996 6636 4483
3 6679 4483 6636
3 4484 5921 4487
3 4484 4487 6580
3 4484 6580 4649
3 4484 4649 6621
3 4484 6636 5921
3 4484 6621 6636
3 6108 4485 5776
3 4485 6571 5776
3 6038 4485 6137
3 6108 6255 4485
3 6137 4485 6255
3 6141 4486 4490
3 6458 4490 4486
3 6458 4486 5980
3 4488 4487 5526
3 4488 6352 4487
3 5526 4487 5921
3 6580 4487 6352
3 4488 4784 6352
3 4489 6632 5154
3 4489 5154 9239
3 4489 6851 6632
3 4489 6638 6851
3 4489 12053 6638
3 4489 9239 12053
3 6141 4490 5494
3 6458 6112 4490
3 4973 4491 5036
3 5996 4491 4973
3 4492 10178 4546
3 4492 4546 11144
3 4492 11204 11104
3 4492 11144 11204
3 4493 6968 6447
3 5922 4494 5876
3 5876 4494 13494
3 6269 5552 4495
3 12029 4495 5552
3 6301 6269 4495
3 6277 6301 4495
3 6277 4495 12029
3 4820 6201 4496
3 6152 4496 5494
3 5494 4496 6201
3 4820 4497 6201
3 4820 8150 4497
3 4497 6158 6201
3 4497 6240 6158
3 4585 4498 4823
3 5036 4498 4585
3 8031 4823 4498
3 8031 4498 5174
3 4885 4499 4502
3 4499 5036 4502
3 4885 5526 4499
3 4499 4973 5036
3 4499 5921 4973
3 4499 5526 5921
3 5456 12468 4500
3 4500 12468 12443
3 8517 10886 4501
3 4502 5036 4585
3 4885 4502 9140
3 13222 4503 4850
3 13222 13493 4503
3 4504 10530 4647
3 4504 4647 13107
3 5415 4504 9004
3 5415 11062 4504
3 4504 13107 9004
3 4504 11062 10530
3 4506 12927 5030
3 4506 5030 13112
3 5054 4506 12916
3 13196 12916 4506
3 13196 4506 13112
3 11833 4507 11767
3 4508 4841 13225
3 5038 4510 6419
3 6250 6419 4510
3 6250 4510 8457
3 11000 6446 4511
3 5094 4611 4512
3 4611 7138 4512
3 5094 4512 5073
3 5073 4512 11557
3 7138 7131 4512
3 4512 7131 11557
3 11556 4513 5522
3 11556 12061 4513
3 5044 5020 4514
3 13040 4514 5020
3 5042 12673 4514
3 5042 4514 13040
3 5044 4514 12673
3 4768 4536 4515
3 10500 4515 4536
3 4543 4515 4542
3 6481 4542 4515
3 4768 4515 4543
3 6481 4515 10500
3 4517 4516 4692
3 4517 9191 4660
3 4517 4660 11410
3 4517 4692 9191
3 4518 6959 6986
3 4518 11301 6959
3 4518 6986 11394
3 6718 4519 6801
3 6674 4520 4621
3 6674 6685 4520
3 4521 7210 11066
3 4522 4620 6640
3 4620 4522 11248
3 10887 4523 13499
3 9157 4713 4524
3 4524 4713 13493
3 9157 4524 7839
3 4625 4526 4525
3 4528 10810 4525
3 4625 4525 10810
3 4625 10920 4526
3 4626 10672 4527
3 10672 7248 4527
3 4627 10810 4528
3 10587 4531 12674
3 10739 4531 10618
3 10739 10832 4531
3 10832 12674 4531
3 5376 4533 12199
3 13487 4533 5376
3 4629 10718 4534
3 4635 4534 10718
3 4788 4535 4546
3 4535 6674 4546
3 4738 6674 4535
3 10638 10500 4536
3 4537 4539 10425
3 4633 4537 10425
3 4633 10618 4537
3 10376 4631 4538
3 7280 4642 4538
3 10376 4538 4642
3 6496 4638 4539
3 4539 4638 10425
3 8876 6496 4539
3 6051 4540 10325
3 10346 4540 7255
3 7255 4540 10381
3 10325 4540 10346
3 4723 4541 5000
3 4541 4723 8920
3 9938 5000 4541
3 10533 4542 6481
3 10541 4542 10533
3 6914 4543 4643
3 4768 4543 6914
3 6914 4643 4545
3 6674 4621 4546
3 11144 4546 4621
3 4788 4546 10178
3 4547 7347 7499
3 4547 10043 7347
3 10263 4547 7499
3 10263 10180 4547
3 4630 4548 6557
3 4630 10759 4548
3 4548 10561 4636
3 10671 4548 4636
3 10671 6557 4548
3 4548 10759 10561
3 9564 7343 4549
3 10180 4549 7343
3 11619 9564 4549
3 10060 4551 8538
3 10022 4551 10035
3 10060 10035 4551
3 12500 4552 9460
3 9460 4552 12743
3 12500 12739 4552
3 13204 12743 4552
3 6574 4653 4553
3 6606 6574 4553
3 11779 4554 4658
3 6685 4555 4735
3 4738 4555 6685
3 6806 6622 4556
3 4662 5482 4557
3 12026 5666 4557
3 4840 6668 4559
3 4559 11974 5625
3 4559 6668 11974
3 4561 9372 6643
3 4561 6643 12017
3 4562 12778 6751
3 12891 4562 6751
3 12891 9444 4562
3 4563 13406 13510
3 4867 5981 4564
3 11526 4564 5981
3 4565 7767 7737
3 4565 9199 7767
3 13263 4566 13251
3 13263 13538 4566
3 13536 4566 13538
3 9253 13444 4567
3 12891 4568 9444
3 12891 11871 4568
3 13169 4569 5249
3 6646 4569 13169
3 7957 6298 4570
3 4570 6298 13184
3 6709 7957 4570
3 6709 4570 13214
3 4570 13184 13320
3 13214 4570 13320
3 6606 4571 6574
3 6606 11254 4571
3 11254 6620 4571
3 4572 5136 13171
3 4573 8549 4685
3 12923 4573 4685
3 6298 8549 4573
3 6298 4573 13184
3 13023 4573 12923
3 6186 4574 5525
3 4574 8589 5525
3 6186 6177 4574
3 4574 6177 6289
3 8966 4574 6289
3 6727 4575 8729
3 12975 4575 6727
3 8665 4575 8406
3 4575 12950 8406
3 8665 8729 4575
3 12975 12950 4575
3 4578 12696 4576
3 4578 4576 13023
3 4576 9913 13023
3 4576 12696 12282
3 8432 4577 9331
3 8432 12950 4577
3 12975 9496 4577
3 12975 4577 12950
3 4578 6813 12654
3 4578 12923 6813
3 4578 12654 12696
3 4578 13023 12923
3 4583 4579 8174
3 4583 12838 4579
3 8324 8174 4579
3 8324 4579 12842
3 12842 4579 12838
3 6780 6751 4580
3 12778 4580 6751
3 7936 6780 4580
3 9066 4580 12778
3 6244 4581 4702
3 4702 4581 10817
3 6244 8147 4581
3 12746 4581 8147
3 11817 11819 4582
3 4695 6798 4583
3 4695 4583 8174
3 12669 4583 6798
3 12669 12838 4583
3 12583 6789 4584
3 12591 4584 7856
3 12591 12583 4584
3 7463 4585 4823
3 4586 7855 12479
3 12591 7855 4586
3 4586 12479 8809
3 12591 4586 12583
3 5918 4748 4587
3 7844 4587 4748
3 5894 5918 4587
3 5894 4587 12499
3 7844 12561 4587
3 12561 12499 4587
3 4590 7792 4588
3 8623 4590 4588
3 7792 7777 4588
3 12499 4588 7777
3 12472 8623 4588
3 12472 4588 12501
3 12499 12501 4588
3 4589 4751 5917
3 4589 7855 4751
3 4589 7768 12464
3 4589 12479 7855
3 4589 12464 12479
3 8623 8757 4590
3 9244 4590 8757
3 4591 12403 7768
3 4591 12358 12381
3 4591 12381 12403
3 4619 4592 6759
3 9233 4592 4619
3 4787 6864 4592
3 9233 4787 4592
3 6759 4592 6864
3 5782 7747 4593
3 5782 4593 12337
3 8084 4593 7747
3 5767 9311 4594
3 5767 4594 12280
3 6679 11061 4595
3 9155 4595 11334
3 4596 10322 5693
3 9312 4596 5695
3 7791 5932 4597
3 4597 5932 10478
3 7791 4597 12210
3 4598 10476 10964
3 10492 4598 10964
3 4599 4715 8323
3 5572 4599 8323
3 5950 12123 4601
3 6924 4601 7471
3 6924 12098 4601
3 12123 7471 4601
3 7408 5404 4602
3 11705 4602 5404
3 12085 4603 4782
3 12085 11966 4603
3 6965 6297 4604
3 7415 6965 4604
3 6969 7387 4604
3 13528 4916 4605
3 4951 4605 11211
3 4951 13524 4605
3 13524 13528 4605
3 8376 6537 4606
3 11833 4606 6537
3 8871 8376 4606
3 8871 4606 8378
3 11767 8378 4606
3 11767 4606 11833
3 4607 6394 6366
3 11685 6394 4607
3 7283 8408 4607
3 11685 4607 8408
3 6356 4608 11699
3 11668 7060 4608
3 7060 11699 4608
3 10385 4609 10422
3 4609 11439 10422
3 4609 10577 11439
3 4869 11558 4610
3 4610 6436 7199
3 4610 11558 6436
3 7207 4612 4617
3 11355 4617 4612
3 9233 4612 4786
3 9233 11355 4612
3 4679 4613 10977
3 10946 4902 4613
3 10977 4613 4902
3 10833 12989 4614
3 4614 13526 11059
3 12989 13527 4614
3 4614 13527 13526
3 4824 4615 9878
3 4825 9938 4615
3 4616 4655 4783
3 4616 6997 4655
3 4616 4783 7027
3 11425 6997 4616
3 11428 4616 7027
3 11425 4616 11428
3 7207 4617 11410
3 11380 4617 11355
3 4618 6962 4657
3 4618 4657 6997
3 4618 11394 6962
3 11396 4618 6997
3 4618 11402 11394
3 11396 11402 4618
3 4619 6759 11320
3 9233 4619 11355
3 4619 11320 11330
3 11355 4619 11330
3 11272 6655 4620
3 11272 4620 11248
3 11245 11144 4621
3 13449 6489 4622
3 12944 4622 13438
3 5864 4623 13609
3 13601 13609 4623
3 4625 10810 4961
3 4625 4961 10920
3 4626 6557 10671
3 4626 10671 10672
3 4627 10739 10599
3 4627 10599 10810
3 4627 10832 10739
3 4634 4640 4628
3 4634 4628 4961
3 4640 10389 4628
3 10784 4961 4628
3 4628 10389 10718
3 10784 4628 10718
3 4629 10784 10718
3 10887 4630 6557
3 10376 10541 4631
3 4631 10541 10561
3 10759 4631 10561
3 10759 10702 4631
3 4636 6481 4632
3 10671 4636 4632
3 6481 10500 4632
3 10638 4632 10500
3 10638 10672 4632
3 10671 4632 10672
3 4633 10425 4639
3 4633 4639 10606
3 4633 10606 10599
3 4633 10599 10739
3 4633 10739 10618
3 4634 10606 4640
3 4634 4961 10810
3 10599 10606 4634
3 10599 4634 10810
3 4635 7255 10381
3 4635 10389 7255
3 4635 10718 10389
3 4636 10533 6481
3 4636 10561 10533
3 5975 4637 9420
3 5975 12229 4637
3 9420 4637 8338
3 4637 10280 8338
3 4638 4646 4644
3 4638 4644 7254
3 6496 4646 4638
3 4638 7254 10425
3 4639 10386 4640
3 4639 4640 10606
3 4639 7254 10386
3 4639 10425 7254
3 4640 10386 10389
3 5753 4641 4821
3 9733 4821 4641
3 6506 4645 4642
3 7291 4642 4645
3 6506 4642 7280
3 10376 4642 7291
3 4644 10346 7254
3 4644 10325 10346
3 6506 10249 4645
3 7287 9008 4645
3 7287 4645 10249
3 4645 9008 7291
3 6496 7499 4646
3 4646 7499 7347
3 9983 4647 11070
3 9983 13107 4647
3 10530 11070 4647
3 5752 5326 4648
3 9766 4648 5326
3 5754 5752 4648
3 5754 4648 6070
3 9699 6070 4648
3 9766 9699 4648
3 6580 7232 4649
3 10833 4649 7232
3 4650 9647 4651
3 4650 4651 10106
3 10010 7441 4650
3 10010 4650 10106
3 9765 6497 4651
3 6497 10150 4651
3 9765 4651 9647
3 10106 4651 10152
3 4651 10150 10152
3 10022 4652 4656
3 4656 4652 11771
3 9883 6546 4652
3 6546 11771 4652
3 9883 4652 7414
3 10022 7414 4652
3 6588 4653 6574
3 4653 7441 10010
3 7449 5333 4654
3 7449 4654 7458
3 7458 4654 7504
3 7504 4654 9666
3 4785 4655 4657
3 6997 4657 4655
3 4656 11771 11765
3 10163 4785 4657
3 6962 10163 4657
3 8957 4658 4659
3 8957 11779 4658
3 8957 4659 11752
3 9765 9647 4659
3 9647 11752 4659
3 7207 11410 4660
3 4661 7790 6438
3 4661 6438 11811
3 4661 9197 7790
3 4661 11811 9000
3 6412 4662 4666
3 6412 5482 4662
3 11575 4663 6884
3 11778 6884 4663
3 4664 4840 4665
3 4664 4665 8854
3 4664 6438 7784
3 4664 8854 6438
3 4665 11760 8854
3 4665 11776 11760
3 6412 4666 11809
3 4921 4667 4941
3 4921 10894 4667
3 4667 5383 4941
3 11304 4667 10894
3 4668 6659 6643
3 4668 6643 9372
3 4668 11919 6659
3 4668 9000 11919
3 6899 9476 4669
3 4669 9476 10746
3 12652 4669 10746
3 12652 12405 4669
3 7896 4670 4680
3 5696 4670 8933
3 5696 9246 4670
3 7896 8933 4670
3 7027 4783 4671
3 8932 4680 4672
3 9212 4672 6434
3 6434 4672 9327
3 9212 8932 4672
3 4673 8987 7767
3 4673 7767 9199
3 4673 7819 7861
3 7893 7819 4673
3 4673 7861 8987
3 7893 4673 9199
3 4674 6300 7786
3 4674 8836 6300
3 4676 6313 7794
3 7862 6313 4676
3 7862 4676 6470
3 8943 6470 4676
3 8943 4676 7794
3 7887 8638 4677
3 7887 4677 9064
3 8638 8558 4677
3 4677 8558 8838
3 9064 4677 8838
3 7862 4678 6313
3 4678 8861 6313
3 11863 4678 7862
3 7970 8742 4678
3 7970 4678 11863
3 8742 8861 4678
3 4679 10979 10771
3 4679 10977 10979
3 4686 4681 4683
3 8738 4683 4681
3 8514 4681 4686
3 8514 6733 4681
3 13180 4681 6733
3 8738 4681 7897
3 7897 4681 13180
3 6147 4727 4682
3 4727 7131 4682
3 4817 4682 7138
3 9029 4682 4817
3 9029 6147 4682
3 7138 4682 7131
3 8444 4686 4683
3 8451 8444 4683
3 8451 4683 8742
3 8742 4683 8738
3 6666 4684 6785
3 6666 12028 4684
3 12028 12074 4684
3 4684 12074 13491
3 4685 8558 8533
3 8549 8558 4685
3 8327 4686 7965
3 7965 4686 8444
3 8327 8514 4686
3 8314 4687 7974
3 8461 7974 4687
3 8314 8265 4687
3 4687 8265 8444
3 8451 4687 8444
3 8461 4687 8451
3 4688 4826 5104
3 5034 13427 4689
3 7965 8254 4690
3 8327 7965 4690
3 4690 8156 8174
3 8254 8156 4690
3 8324 4690 8174
3 8327 4690 8324
3 4700 6280 4691
3 4700 4691 7936
3 8314 4691 6280
3 4691 6780 7936
3 7974 6780 4691
3 8314 7974 4691
3 9206 4692 7182
3 9206 9191 4692
3 6283 4693 6349
3 6283 7857 4693
3 4693 7997 6349
3 7857 8009 4693
3 8221 4693 8009
3 6280 6274 4694
3 4694 6274 6331
3 8314 6280 4694
3 4694 6331 8254
3 4694 8254 8265
3 8314 4694 8265
3 4695 4744 6253
3 4695 8156 4744
3 4695 6253 6798
3 4695 8174 8156
3 6305 4696 8121
3 4696 8421 8121
3 7929 4698 6079
3 6253 4698 6798
3 7964 6798 4698
3 7964 4698 7929
3 6244 4745 4699
3 4699 6225 6305
3 6244 4699 8147
3 4699 6305 8147
3 4700 4748 6279
3 7844 4748 4700
3 4700 6279 6280
3 7844 4700 7936
3 4701 4704 7913
3 7929 6079 4701
3 7929 4701 7913
3 4703 4751 7855
3 6042 4703 7856
3 12591 4703 7855
3 12591 7856 4703
3 4705 9716 6066
3 9767 4705 6066
3 6163 4705 8906
3 6163 9716 4705
3 5894 4706 5890
3 10227 5890 4706
3 5894 7777 4706
3 4706 7777 7792
3 5487 4770 4707
3 5057 4707 5207
3 8812 4709 8083
3 9508 8083 4709
3 8810 4709 8464
3 4709 8810 11322
3 9508 4709 11322
3 7667 4710 5744
3 8087 4710 7667
3 4711 5149 12127
3 4711 5453 5579
3 4711 12127 5453
3 13154 4711 5579
3 8196 4712 5710
3 8196 7633 4712
3 9394 4712 7633
3 6029 7109 4714
3 7109 9232 4714
3 9808 4714 9232
3 6122 4715 6285
3 6122 9552 4715
3 8323 4715 9552
3 5380 8803 4716
3 7471 4716 6942
3 7471 7447 4716
3 7495 4717 5559
3 4717 8784 5559
3 4717 7425 6224
3 4717 6224 8784
3 4717 11856 7425
3 7495 11856 4717
3 5793 4766 4718
3 8811 4718 4766
3 8811 8347 4718
3 6895 11901 4719
3 11901 10983 4719
3 5330 5327 4720
3 5327 8399 4720
3 9036 4720 8399
3 9036 11741 4720
3 13277 10250 4721
3 5620 4722 5777
3 4723 5000 8424
3 4723 8424 7276
3 5009 8417 4724
3 8931 5009 4724
3 8931 4724 5012
3 5012 4724 9018
3 4724 8417 11668
3 4724 11668 9018
3 4725 4999 8986
3 8445 4725 7199
3 8448 4726 4985
3 9003 4985 4726
3 4726 7088 7183
3 8448 7088 4726
3 6147 4888 4727
3 4888 9007 4727
3 7124 7128 4728
3 7124 4728 11565
3 7128 7140 4728
3 9060 11565 4728
3 7124 4779 4729
3 4779 9150 4729
3 6528 7124 4729
3 6528 4729 12032
3 4810 9124 4730
3 10130 4810 4730
3 4730 7145 7105
3 7145 4730 9124
3 4731 11482 9113
3 7054 7038 4732
3 8573 7054 4732
3 4734 4799 11548
3 13415 4799 4734
3 6742 6685 4735
3 6742 4735 6959
3 4736 6864 4787
3 6680 4737 6655
3 6718 4737 6680
3 6734 4737 6718
3 4738 6685 6674
3 4740 4743 4846
3 4740 6274 4743
3 4740 4844 4791
3 4740 4791 6331
3 4740 4846 4844
3 4740 6331 6274
3 4746 4742 4741
3 6349 4741 4742
3 4792 4746 4741
3 4792 4741 6225
3 6042 6283 4742
3 6283 6349 4742
3 10204 4846 4743
3 6082 4743 6279
3 6082 10204 4743
3 6279 4743 6274
3 4744 6324 4791
3 4744 8156 6324
3 4747 7367 9754
3 12613 7367 4747
3 7379 4747 9754
3 7379 10162 4747
3 4747 10162 12822
3 12613 4747 12822
3 5918 5920 4748
3 6082 4748 5920
3 6082 6279 4748
3 11310 4889 4749
3 11259 11310 4749
3 5974 4750 7883
3 5890 4752 5918
3 5890 10246 4752
3 4752 5920 5918
3 11820 4752 10246
3 8777 4753 5860
3 5860 4753 9287
3 9287 4753 11338
3 4755 5712 8581
3 4755 10999 5712
3 10771 10979 4755
3 4755 10979 10999
3 5711 7650 4756
3 5827 4756 7650
3 7632 4757 5697
3 7632 5710 4757
3 4758 8768 11563
3 4758 11728 8768
3 4758 10378 11728
3 4758 11563 11408
3 5641 4759 7614
3 7614 4759 9464
3 4760 5631 5628
3 4760 5628 9566
3 6094 4760 9566
3 6094 11515 4760
3 4761 5520 8323
3 4761 9552 6118
3 4761 8323 9552
3 8334 4763 8692
3 4763 8684 8683
3 6083 4764 10613
3 4765 6036 5849
3 4765 6033 6474
3 4765 6473 6036
3 4765 6474 6473
3 5752 4766 5326
3 5326 4766 5793
3 5752 6212 4766
3 8811 4766 6212
3 8650 8653 4767
3 8661 8657 4767
3 4769 10285 6472
3 11284 4769 6472
3 8205 10285 4769
3 8205 4769 12893
3 11284 12893 4769
3 4770 8903 6199
3 8920 5051 4771
3 8945 4771 5051
3 5753 4771 5135
3 8945 5135 4771
3 5753 9877 4771
3 6153 8790 4772
3 8936 6153 4772
3 9918 4772 8790
3 9918 9935 4772
3 4773 7161 4985
3 8965 7161 4773
3 4774 4999 8439
3 11606 4774 8439
3 4875 9055 4775
3 4776 10729 6931
3 7492 4776 7500
3 7492 10729 4776
3 8634 7500 4776
3 4777 8562 4780
3 4777 4780 10137
3 8780 6477 4777
3 6477 9152 4777
3 4777 9152 8562
3 8780 4777 10137
3 4778 9152 6247
3 4778 9151 8562
3 4778 8562 9152
3 4778 9150 9151
3 7124 11565 4779
3 4779 8741 9150
3 4834 4780 8562
3 5441 5445 4781
3 6277 12029 4782
3 4782 12029 6938
3 12085 4782 6938
3 6352 4784 6129
3 9778 6129 4784
3 9233 4786 4787
3 4790 10197 10872
3 4791 6324 6331
3 4793 5026 4919
3 4793 4919 5427
3 4793 13317 5026
3 6108 5776 4795
3 9540 4795 5776
3 9540 9447 4795
3 7635 4796 6426
3 4796 7969 8588
3 9127 4798 8567
3 9127 11337 4798
3 13415 9345 4799
3 8850 4805 4801
3 8850 4801 9140
3 6108 4802 6255
3 6108 9238 4802
3 6289 6177 4802
3 6289 4802 9238
3 6013 10900 4803
3 5859 4809 12684
3 12689 4809 5859
3 4810 11568 9124
3 4811 9616 10627
3 8618 4812 10589
3 10924 4812 8618
3 4813 10681 6077
3 4818 4815 5747
3 5747 4815 5791
3 9029 4817 11568
3 9124 11568 4817
3 4818 5747 5492
3 4818 5492 8844
3 9682 4818 8844
3 5754 4819 5752
3 5752 4819 6212
3 4822 4821 9733
3 5753 4821 9877
3 5057 8936 4822
3 6031 8747 4824
3 6031 4824 9878
3 4826 13123 13122
3 4827 13231 13232
3 4827 13232 13234
3 9944 4828 4829
3 9947 4829 4830
3 10783 4830 4829
3 9944 4829 9947
3 8985 9947 4830
3 5432 4831 8609
3 8058 8609 4831
3 9872 8058 4831
3 9872 4831 10722
3 4866 4832 11441
3 4866 11524 4832
3 4832 11524 10039
3 10080 4833 10098
3 10837 10119 4833
3 4834 8562 9151
3 4836 5010 5628
3 4836 5628 5631
3 4836 5631 6860
3 4836 6860 12180
3 10854 4874 4837
3 11189 4837 4874
3 11189 8651 4837
3 4838 10863 10858
3 4839 6962 6986
3 4839 10163 6962
3 4840 9128 6668
3 4841 4952 13225
3 12974 4850 5188
3 5188 4850 13223
3 12974 13222 4850
3 4851 10232 9269
3 9274 4975 4852
3 4975 9377 4852
3 9274 4852 11337
3 6329 5944 4853
3 6329 4853 9377
3 6406 6494 4854
3 4854 6494 9542
3 4854 9542 8071
3 4854 8071 10359
3 4855 10286 10488
3 4855 10488 11356
3 6722 12050 4856
3 6335 4857 6293
3 6335 11836 4857
3 4858 5683 4859
3 11408 4858 4859
3 4858 5671 5683
3 4858 11637 5671
3 11408 11563 4858
3 4858 11563 11637
3 11408 4859 11445
3 11445 4859 11880
3 4860 11479 9535
3 11470 11479 4860
3 4861 5196 6161
3 5984 4862 4863
3 5984 11457 4862
3 11516 4863 5982
3 5984 4863 11414
3 11516 11414 4863
3 6381 4864 6892
3 7821 4864 6600
3 7821 6892 4864
3 6081 4865 9651
3 4866 11441 10946
3 4866 11526 11524
3 4867 10724 10703
3 10815 10724 4868
3 4920 9055 4869
3 9065 4869 9055
3 9065 11558 4869
3 8600 4870 4871
3 4871 4904 11455
3 8600 4871 11455
3 5993 8656 4872
3 11083 5993 4872
3 6073 5914 4874
3 11189 4874 5914
3 4875 9065 9055
3 4876 6602 4911
3 4876 4911 7288
3 4876 9189 6602
3 4876 9206 9189
3 4877 5999 11275
3 4877 11275 9960
3 4877 9960 12908
3 4877 12908 11276
3 7288 13094 4878
3 5621 12135 4879
3 11796 4880 13402
3 4913 13419 4881
3 4881 13419 11745
3 6147 10067 4888
3 10033 9007 4888
3 10033 4888 10067
3 11310 4921 4889
3 4890 6743 4925
3 6737 6743 4890
3 4892 9542 6767
3 11216 4980 4893
3 4893 4980 12044
3 11216 4893 7285
3 4893 12044 9830
3 13197 13198 4894
3 4895 9830 12044
3 4895 10069 10902
3 4895 12044 10069
3 13573 5617 4897
3 10286 4898 10302
3 10302 4898 10566
3 6690 5853 4899
3 11894 4899 5853
3 12599 13048 4900
3 13571 13050 4900
3 8388 4901 9520
3 8948 9520 4901
3 10946 10819 4902
3 10977 4903 10979
3 4903 10999 10979
3 11026 4904 4905
3 11357 4905 4904
3 11026 11455 4904
3 11831 4905 5861
3 11026 4905 11038
3 11038 4905 11831
3 4906 5953 11438
3 4906 11679 5953
3 11449 11064 4906
3 4906 11064 11915
3 11449 4906 11438
3 4906 11673 11679
3 4906 11915 11673
3 12965 6872 4907
3 11168 10863 4909
3 11168 4909 11814
3 12635 11814 4909
3 12592 12635 4909
3 7587 4910 4913
3 4910 13615 4913
3 4910 4945 13615
3 4911 6602 11431
3 7288 4911 13080
3 4911 11431 12770
3 4911 12770 13080
3 12877 12630 4912
3 12877 4912 13253
3 13253 4912 13282
3 4913 13615 13419
3 4915 8454 9007
3 4915 9007 8994
3 4916 4949 11215
3 4916 13371 4949
3 13528 13371 4916
3 8998 4917 8994
3 11569 4917 8998
3 4918 4996 11304
3 4918 12256 4996
3 4918 11229 11217
3 4918 11217 11258
3 4918 11304 11229
3 4918 11258 12256
3 4981 4920 8986
3 8523 4921 4941
3 11310 10894 4921
3 4922 13191 9323
3 13460 4922 9323
3 5691 4923 9126
3 5691 13506 4923
3 4923 6265 9274
3 13506 6265 4923
3 4923 9127 9126
3 4923 9274 9127
3 13181 4924 12723
3 13185 4924 13181
3 13185 13188 4924
3 5874 4925 9333
3 6743 9673 4925
3 9333 4925 9673
3 9604 4926 6787
3 4926 11382 6787
3 9604 9634 4926
3 9634 12122 4926
3 4927 7505 13462
3 8624 4927 12122
3 4928 10069 4982
3 13243 4928 4982
3 13243 5025 4928
3 4928 11375 10069
3 9388 10275 4929
3 9388 4929 12383
3 10275 10179 4929
3 4959 8458 4930
3 4959 4930 10302
3 11840 4930 8458
3 10286 10302 4930
3 10286 4930 10488
3 11840 10488 4930
3 4953 4931 4950
3 4950 4931 4972
3 4953 5895 4931
3 13368 4972 4931
3 13518 4931 5895
3 13518 13368 4931
3 9388 10689 4932
3 4933 5853 6690
3 4933 12156 5853
3 4933 6690 11503
3 4933 11409 11345
3 4933 11345 12156
3 4933 11503 11409
3 4964 5597 4934
3 12057 12611 4934
3 4935 7291 10329
3 4935 10376 7291
3 4935 10541 10376
3 11831 5861 4936
3 11064 11040 4936
3 11831 4936 11040
3 11064 4936 11915
3 11054 4937 5872
3 4937 12149 5872
3 11054 11672 4937
3 11433 4937 11101
3 11101 4937 11672
3 11433 11950 4937
3 4937 11950 12149
3 4965 4938 11371
3 12648 4938 4965
3 4938 11695 11371
3 4938 12496 11695
3 4938 12706 12496
3 12648 12706 4938
3 11433 11731 4939
3 11433 4939 11950
3 11814 4939 11731
3 12946 4939 11814
3 12439 11950 4939
3 12439 4939 12946
3 12630 4940 12635
3 12877 4940 12630
3 12635 4940 12946
3 12877 13138 4940
3 13163 12946 4940
3 13138 13163 4940
3 4953 4941 5895
3 4953 8523 4941
3 5383 4974 4941
3 5895 4941 4974
3 12983 4942 13080
3 13530 4942 12983
3 4942 13094 13080
3 4942 13402 13094
3 13313 13402 4942
3 13530 13313 4942
3 13614 4943 4945
3 13615 4945 4943
3 12877 4943 13138
3 12877 13253 4943
3 13138 4943 13614
3 13615 4943 13253
3 11764 11796 4944
3 13313 4944 11796
3 13614 4945 4946
3 4946 4971 4969
3 13614 4946 4969
3 4948 11812 4947
3 4949 11228 11215
3 13586 4949 13371
3 4953 4950 8814
3 8860 4951 11211
3 13489 4951 8860
3 13489 13524 4951
3 5844 12514 4952
3 5844 4952 12518
3 4952 12514 13225
3 4953 8814 8523
3 4954 13171 5136
3 4955 4956 6494
3 10906 4956 4955
3 4955 6406 5944
3 13475 4955 5944
3 4955 6494 6406
3 10906 4955 11179
3 13475 11179 4955
3 4956 6767 6494
3 4956 7285 6767
3 4956 11216 7285
3 10906 11216 4956
3 4957 6743 6787
3 4957 9673 6743
3 4957 6787 11382
3 4957 13269 9673
3 4957 11382 13255
3 4957 13255 13269
3 7505 11369 4958
3 7505 4958 13450
3 6107 8329 4959
3 6107 4959 9067
3 4959 8329 8458
3 4959 10302 9067
3 4960 8458 8329
3 4960 8329 13436
3 4960 12049 8458
3 4960 12051 12049
3 12263 12051 4960
3 12263 4960 13436
3 10784 10920 4961
3 4962 8529 12077
3 4962 11866 11896
3 4962 13256 11866
3 4962 12077 13256
3 4963 5826 11372
3 4963 11730 5826
3 4963 7110 11054
3 4963 11372 7110
3 4963 11054 13637
3 4963 13637 11730
3 12961 10121 4964
3 4965 11371 11730
3 4965 11730 13627
3 12648 4965 12977
3 4965 13627 12977
3 12439 4968 4966
3 13607 4966 4968
3 12149 4966 10013
3 13619 10013 4966
3 12439 4966 12149
3 13607 13619 4966
3 4967 13034 12977
3 4967 12977 13624
3 13530 13034 4967
3 4967 13624 13258
3 12439 12946 4968
3 13163 4968 12946
3 13163 13529 4968
3 13529 13607 4968
3 13595 4969 4971
3 13529 4969 13607
3 13529 13614 4969
3 13595 13607 4969
3 4994 11971 4970
3 4994 4970 13258
3 13368 5016 4972
3 5016 13557 4972
3 4973 5921 6636
3 5996 4973 6636
3 13520 4974 5383
3 13517 5895 4974
3 13517 4974 13520
3 6329 4975 5004
3 12007 5004 4975
3 9274 6265 4975
3 12007 4975 6265
3 6329 9377 4975
3 7990 4977 4976
3 13304 4976 4977
3 7384 7990 4976
3 13477 7384 4976
3 13308 4976 13304
3 13477 4976 13308
3 9333 4977 7990
3 9333 10516 4977
3 13296 4977 10516
3 13296 13304 4977
3 7700 10807 4978
3 7700 4978 10812
3 4978 10807 10811
3 11179 5005 4979
3 5005 13268 4979
3 10906 11179 4979
3 10906 4979 11216
3 4979 13265 11216
3 4979 13268 13265
3 12044 4980 4982
3 13245 4982 4980
3 11216 13265 4980
3 13265 13245 4980
3 12044 4982 10069
3 13245 13243 4982
3 11845 4983 11842
3 4983 12978 13239
3 4984 5371 12159
3 4984 12578 5371
3 4984 6560 11943
3 4984 12159 6560
3 7161 8448 4985
3 5013 4986 5011
3 7485 4986 5013
3 7485 10689 4986
3 4986 10689 12383
3 7485 5013 4987
3 5013 13403 4987
3 7485 4987 9810
3 4987 13373 9810
3 4987 12309 13373
3 4987 13403 12309
3 8477 13381 4988
3 8529 4988 13381
3 12132 4989 4990
3 4990 4989 13314
3 4989 8496 11349
3 12132 8496 4989
3 13375 4989 11349
3 13375 13314 4989
3 12132 4990 7366
3 4990 13314 13056
3 4991 8489 5516
3 11346 8489 4991
3 4992 11349 12186
3 13407 11349 4992
3 4992 12186 13373
3 4992 13373 12309
3 13407 4992 12309
3 4993 5872 10013
3 4993 13637 5872
3 4993 10013 13618
3 4993 13618 13627
3 4993 13627 13637
3 4994 13619 11971
3 4994 13258 13624
3 4994 13618 13619
3 4994 13624 13618
3 4995 5015 12256
3 4995 13369 5015
3 4995 12256 11258
3 4995 11258 13586
3 4995 13370 13369
3 4995 13586 13370
3 4996 12256 5015
3 4996 5015 13344
3 4996 13344 12354
3 13345 4997 5017
3 13348 5017 4997
3 13345 13553 4997
3 13348 4997 13557
3 7495 4998 6912
3 12145 4998 12190
3 8424 5000 8439
3 11606 8439 5000
3 11606 5000 9938
3 5001 10521 5406
3 5001 5593 8594
3 5001 8594 10526
3 5001 10526 10521
3 12258 5002 13040
3 12258 13506 5002
3 13041 13040 5002
3 13041 5002 13319
3 13319 5002 13330
3 13506 13330 5002
3 13483 5003 10243
3 13489 10243 5003
3 13113 5003 13477
3 13113 13481 5003
3 13483 13477 5003
3 13489 5003 13481
3 13475 6329 5004
3 12007 13303 5004
3 13473 5004 13303
3 13475 5004 13473
3 13473 5005 11179
3 5005 13020 13017
3 5005 13017 13268
3 13473 13020 5005
3 5006 13000 12999
3 5006 12999 13010
3 5006 13010 13250
3 8931 5007 8790
3 9918 8790 5007
3 8965 5007 8931
3 6555 5008 12941
3 6153 7236 5009
3 6153 5009 8790
3 5009 7236 8417
3 8931 8790 5009
3 8771 5628 5010
3 5013 5011 13403
3 8965 5012 7161
3 8965 8931 5012
3 13105 5014 12311
3 5014 13372 12311
3 13101 5014 13105
3 13101 13139 5014
3 5014 13139 13370
3 5014 13370 13371
3 5014 13371 13372
3 5015 12849 13344
3 5015 13369 12849
3 12845 5016 5061
3 13332 5061 5016
3 13348 5016 12845
3 13368 13332 5016
3 13348 13557 5016
3 12831 5017 12845
3 13130 5017 12831
3 13348 12845 5017
3 13345 5017 13130
3 12816 5018 5063
3 12831 5063 5018
3 12816 13041 5018
3 13130 12831 5018
3 13041 13319 5018
3 13130 5018 13319
3 5043 5019 5039
3 5039 5019 13315
3 13051 5019 5043
3 13517 5019 13051
3 13315 5019 13520
3 13517 13520 5019
3 13303 5020 5044
3 12258 5020 12007
3 12007 5020 13303
3 12258 13040 5020
3 12807 5035 5021
3 5035 13308 5021
3 12807 5021 12755
3 13300 12755 5021
3 13300 5021 13304
3 13308 13304 5021
3 12651 12660 5022
3 13279 12651 5022
3 12672 5022 12660
3 12672 13300 5022
3 13296 13279 5022
3 13296 5022 13300
3 5023 13250 13008
3 13279 5023 13008
3 5023 13255 13250
3 13269 13255 5023
3 13292 13269 5023
3 13292 5023 13279
3 13011 13003 5024
3 13244 5024 13003
3 13268 13011 5024
3 13245 5024 13244
3 13265 5024 13245
3 13268 5024 13265
3 13238 5025 12987
3 13244 12987 5025
3 13244 5025 13243
3 5060 5041 5027
3 12164 5028 12517
3 12517 5028 12511
3 12854 12511 5028
3 13617 12854 5028
3 12895 5029 12934
3 12895 13213 5029
3 13025 12934 5029
3 5029 13212 13026
3 5029 13213 13212
3 13025 5030 12927
3 13196 5031 12916
3 12916 5031 13468
3 13152 5031 13196
3 13576 13468 5031
3 13182 13576 5032
3 13588 13182 5032
3 13417 5032 13195
3 9757 5033 13159
3 5034 9477 13156
3 5034 13156 13427
3 5035 13105 12311
3 13113 5035 12311
3 12807 13105 5035
3 13113 13308 5035
3 12802 12797 5037
3 12797 13064 5037
3 12802 5037 12849
3 5037 13344 12849
3 13082 5037 13064
3 13082 13344 5037
3 5043 5039 12734
3 5039 5202 12734
3 5039 13064 5202
3 5039 13315 13064
3 5040 12917 13153
3 12758 12673 5042
3 12758 5042 12816
3 12816 5042 13041
3 13041 5042 13040
3 5043 12734 12690
3 13049 5043 12690
3 13051 5043 13049
3 13018 5044 12673
3 13020 5044 13018
3 13020 13303 5044
3 6444 13590 5045
3 12655 12619 5046
3 5046 12619 13006
3 12655 5046 13018
3 5046 13006 13011
3 13017 5046 13011
3 13018 5046 13017
3 12608 12646 5047
3 12608 5047 12999
3 12651 5047 12646
3 12651 13008 5047
3 5047 13010 12999
3 5047 13008 13010
3 11942 5048 5411
3 5048 12352 5411
3 5048 12152 12569
3 5048 12569 12352
3 5049 12565 12576
3 5049 12978 12565
3 5049 12576 13000
3 5049 13239 12978
3 5049 13000 13239
3 5248 10803 5050
3 5248 5050 10807
3 11471 5050 10803
3 10811 10807 5050
3 5051 8408 8955
3 8945 5051 8955
3 5075 12594 5052
3 5075 5052 12876
3 12876 5052 12971
3 12927 5053 12929
3 12929 5053 12937
3 5054 12916 13468
3 5054 13563 12956
3 5054 13468 13563
3 5055 10655 12574
3 5055 12972 10655
3 5055 12574 12575
3 5055 12575 12971
3 5055 12971 12973
3 5055 12973 12972
3 5056 12783 12934
3 5056 12934 12929
3 5056 12929 12937
3 5057 5207 5103
3 5057 5103 8936
3 5058 12875 12526
3 5058 12527 13563
3 5058 12874 12875
3 5058 12904 12874
3 5058 13563 12904
3 13583 5059 12164
3 12866 5059 12875
3 13205 5059 12866
3 13583 12875 5059
3 6436 5060 11630
3 12795 12840 5061
3 12795 5061 13072
3 12840 12845 5061
3 13332 13072 5061
3 5062 9349 6735
3 5062 6735 13606
3 5062 12170 9349
3 12760 5063 12506
3 12506 5063 12840
3 12760 12816 5063
3 12831 12840 5063
3 5064 13071 9432
3 5064 9432 13076
3 5065 5090 12748
3 12841 5090 5065
3 12782 5065 12748
3 12797 5065 12782
3 12802 5065 12797
3 12802 12841 5065
3 5066 12424 12417
3 5066 12417 12455
3 5066 12661 12424
3 5066 12455 12508
3 12771 5066 12508
3 12771 12661 5066
3 5072 5067 12644
3 5072 12734 5067
3 12644 5067 5075
3 5067 13516 5075
3 5202 5067 12734
3 5202 13516 5067
3 5068 12662 6702
3 5068 6702 13049
3 5068 12688 12662
3 5068 12690 12688
3 5068 13049 12690
3 12632 5074 5069
3 12758 5069 5074
3 12452 5096 5069
3 12632 5069 5096
3 12493 12452 5069
3 12493 5069 12760
3 12758 12760 5069
3 5070 5077 12435
3 12660 5077 5070
3 12482 5070 12435
3 12489 5070 12482
3 12489 12751 5070
3 12660 5070 12751
3 5071 9432 5213
3 5071 5213 9516
3 5071 13076 9432
3 12636 5072 12644
3 12636 12688 5072
3 5072 12688 12690
3 5072 12690 12734
3 9133 5073 11557
3 12632 12655 5074
3 5074 12655 12673
3 12758 5074 12673
3 12644 5075 12876
3 12634 12374 5076
3 12374 12661 5076
3 12634 5076 12636
3 12636 5076 12688
3 12661 12662 5076
3 12662 12688 5076
3 12602 12435 5077
3 12602 5077 12646
3 12646 5077 12660
3 5078 12575 12574
3 12634 5078 12574
3 5078 12876 12575
3 12634 12636 5078
3 12636 12644 5078
3 5078 12644 12876
3 5079 5691 10886
3 5079 13330 5691
3 5079 10886 8517
3 5079 8517 11299
3 13328 5079 11299
3 13328 13330 5079
3 12343 5080 5096
3 12632 5096 5080
3 12343 12559 5080
3 5080 12559 12579
3 5080 12579 12619
3 12632 5080 12619
3 5101 9849 5081
3 12572 5101 5081
3 12602 5081 9849
3 12572 5081 12576
3 12608 12576 5081
3 12608 5081 12602
3 5082 10808 5098
3 5082 5098 12316
3 5102 12289 5082
3 5102 5082 12316
3 5082 12551 10808
3 5082 12289 12551
3 12032 6476 5083
3 8271 5084 5086
3 12374 5796 5084
3 9423 5084 8271
3 9423 12374 5084
3 5085 5089 12517
3 12520 5089 5085
3 12520 5085 12299
3 12559 12299 5085
3 12556 5085 12517
3 12556 12559 5085
3 8271 5086 9284
3 12526 9284 5086
3 10933 5087 12172
3 12172 5087 12135
3 5351 5368 5088
3 5351 5088 9113
3 12520 9284 5089
3 13583 5089 9284
3 12164 12517 5089
3 13583 12164 5089
3 12465 5090 5092
3 12482 5092 5090
3 12748 5090 12465
3 12482 5090 12481
3 12841 12481 5090
3 5091 12455 5093
3 12493 5091 5093
3 12508 12455 5091
3 12493 12506 5091
3 12795 5091 12506
3 12795 12508 5091
3 12401 10084 5092
3 10084 12465 5092
3 12401 5092 12435
3 12482 12435 5092
3 12414 5093 12416
3 12452 5093 12414
3 12455 12416 5093
3 12493 5093 12452
3 5100 5095 6598
3 5095 12081 13347
3 12343 5096 12414
3 12452 12414 5096
3 5097 10277 12542
3 12908 5097 12542
3 12594 5098 10808
3 12316 5098 12396
3 12671 12396 5098
3 9190 10688 5099
3 5100 11944 6519
3 5100 6598 11932
3 5100 11932 11944
3 8375 12317 5101
3 12572 8375 5101
3 5101 12351 9849
3 5101 12317 12351
3 8375 5102 12317
3 8375 12531 5102
3 12531 12289 5102
3 5102 12316 12317
3 8928 5103 5207
3 6153 5103 7236
3 8936 5103 6153
3 8928 7236 5103
3 5105 8195 5106
3 5105 5106 8393
3 7480 8195 5105
3 10738 7480 5105
3 8961 5105 8393
3 8961 10738 5105
3 5106 7789 8393
3 5106 13584 7789
3 5106 8195 10951
3 5106 10951 13584
3 5446 5107 11042
3 11165 5107 5446
3 5107 11119 11042
3 5107 11303 11119
3 11165 11303 5107
3 5721 5108 8036
3 5721 11605 5108
3 8321 6208 5108
3 11065 5108 6208
3 11065 8036 5108
3 8321 5108 11605
3 12645 9496 5109
3 12975 5109 9496
3 12645 5109 13447
3 5222 5110 11862
3 6203 6217 5110
3 5111 5112 5127
3 5727 5114 5288
3 5114 8359 5288
3 5725 5114 8282
3 5725 13566 5114
3 5727 8717 5114
3 5114 8717 8282
3 5114 13566 8359
3 11272 11248 5115
3 11143 5290 5117
3 5117 5290 11821
3 8321 5117 6208
3 6208 5117 11821
3 5118 5300 7956
3 5118 7956 5734
3 13014 12566 5119
3 5167 5121 5133
3 12268 6782 5122
3 12443 5122 6782
3 5122 12468 6849
3 12443 12468 5122
3 10614 5123 12142
3 5123 13231 12142
3 5124 5163 5170
3 12827 6835 5126
3 5175 5128 5130
3 5129 11155 5300
3 5129 7305 11155
3 5129 11970 7305
3 5129 11203 11970
3 5251 5175 5130
3 7686 5132 5303
3 11201 5633 5132
3 11203 5132 5633
3 7686 11201 5132
3 8945 5323 5135
3 5137 5977 8381
3 5137 11252 5977
3 5137 9172 8146
3 5137 8146 12006
3 5137 8381 9172
3 5137 12006 11252
3 9390 5138 12162
3 13084 5138 9390
3 12162 5138 13347
3 5144 5141 11302
3 12093 5141 5144
3 5141 11274 7519
3 12093 11274 5141
3 5144 5748 11252
3 5144 11302 5748
3 5144 11252 12006
3 12093 5144 12006
3 5156 11877 5145
3 5145 11877 11096
3 5147 8494 12165
3 11210 11348 5147
3 11210 5147 12185
3 5147 12165 12185
3 5151 5843 5150
3 8486 5150 5843
3 5930 5150 8486
3 5930 11470 5150
3 11440 5843 5151
3 11440 5151 10592
3 13270 13273 5152
3 13273 13274 5152
3 6632 9236 5154
3 12704 13165 5157
3 13166 5157 13165
3 11026 5159 10953
3 11026 11038 5159
3 5161 6037 5166
3 5161 5166 9787
3 5161 8795 6037
3 12650 5164 12664
3 6064 5166 6037
3 6064 9716 5166
3 5166 9716 9717
3 5166 9717 9787
3 8397 6160 5168
3 5168 6160 11531
3 8397 5168 8910
3 12860 13092 5173
3 13098 12861 5173
3 13098 5173 13092
3 6167 5174 5548
3 6167 6269 5174
3 8031 5174 6269
3 5204 5198 5175
3 5175 5251 5204
3 5179 6160 8397
3 11624 6160 5179
3 11624 5179 11691
3 12631 12858 5180
3 12859 5180 12858
3 5183 9514 7611
3 12375 5183 7611
3 12931 9514 5183
3 12931 5183 12933
3 5194 5184 5190
3 6413 5187 5499
3 13579 5499 5187
3 6411 5187 9413
3 6413 9413 5187
3 5188 12327 5834
3 12757 5188 5834
3 12974 5188 12757
3 5871 5194 5190
3 5871 5190 5325
3 5192 6952 9870
3 5192 12305 6952
3 9272 5193 5560
3 5560 5193 12068
3 5870 10930 5195
3 9220 5195 10930
3 10363 5197 9448
3 10363 9525 5197
3 12900 5199 12681
3 6252 5209 5200
3 8816 6252 5200
3 12797 12782 5202
3 12782 13516 5202
3 12797 5202 13064
3 12399 10528 5206
3 10528 12865 5206
3 12399 5206 12404
3 13102 12404 5206
3 13357 5206 12865
3 13102 5206 13357
3 6252 8392 5209
3 6273 5209 8392
3 6273 11611 5209
3 5329 5263 5211
3 8144 5212 6217
3 12701 5212 8144
3 9513 12254 5212
3 12701 9513 5212
3 12301 5213 9432
3 9618 9516 5213
3 12301 9618 5213
3 5747 5791 5215
3 5747 5215 11531
3 5215 5791 6070
3 9711 5215 6070
3 6050 5217 12177
3 6050 12600 5217
3 5217 12600 13316
3 12827 5217 13316
3 5496 5218 7295
3 5542 7295 5218
3 12595 12389 5219
3 5220 12966 12967
3 11447 5222 9903
3 5224 5528 7331
3 5224 7436 5528
3 6841 7436 5224
3 6841 5224 12065
3 5224 7331 7326
3 5224 7326 12065
3 7274 5390 5225
3 5225 5390 7689
3 7274 5225 7080
3 5225 11599 7080
3 7854 5225 7689
3 7854 12523 5225
3 5225 12523 11599
3 5226 12735 9454
3 5226 9454 12966
3 5226 12966 13202
3 5226 13202 13474
3 5227 5408 8803
3 9697 5227 8803
3 8007 5229 5623
3 10699 5623 5229
3 8007 7329 5229
3 11156 5229 7329
3 5234 5231 5233
3 7070 7061 5232
3 7061 9962 5232
3 7070 5232 9587
3 9681 9587 5232
3 5232 12477 9681
3 9962 12477 5232
3 5234 5233 5357
3 5236 6563 10249
3 7454 5237 7035
3 7454 12477 5237
3 8908 11660 5237
3 8908 5237 12477
3 5239 12330 5305
3 9080 12543 5239
3 5239 12563 12330
3 5239 12543 12563
3 5240 11851 7345
3 5240 7345 11922
3 9780 5240 9866
3 9780 11851 5240
3 9866 5240 9922
3 10024 9922 5240
3 10024 5240 11922
3 5241 7689 7588
3 5241 7588 10913
3 5241 7854 7689
3 5241 7739 7854
3 6897 9532 5242
3 12353 6897 5242
3 9532 8102 5242
3 5242 8102 10332
3 12353 5242 10332
3 7652 11017 5244
3 9994 5244 11442
3 11017 11019 5244
3 11442 5244 11019
3 10274 5248 10273
3 5248 10807 10273
3 6876 5249 12947
3 6913 6441 5250
3 6913 5250 12254
3 5254 5388 5252
3 5253 7548 5706
3 7401 11447 5253
3 5253 10094 7548
3 11447 10094 5253
3 5395 5388 5254
3 5258 8585 10576
3 5258 8588 9983
3 5259 12528 7684
3 5259 7684 12958
3 7978 8550 5259
3 10517 7978 5259
3 5259 8550 12528
3 10517 5259 12958
3 5399 5410 5260
3 8042 5262 10338
3 10512 5262 8042
3 10338 5262 9624
3 5262 10453 9624
3 5262 10504 10453
3 10512 10504 5262
3 5632 5264 7359
3 5264 11553 7359
3 6883 5266 12957
3 5267 5512 5401
3 5267 5402 5512
3 5321 5268 11770
3 5270 5855 5269
3 12060 5271 6628
3 5271 12653 6628
3 12159 5273 6560
3 10686 5273 12159
3 8047 8006 5274
3 8006 9474 5274
3 8128 8047 5274
3 8128 5274 8056
3 9792 8056 5274
3 9792 5274 9474
3 5276 8953 8512
3 5276 8512 9863
3 5276 9863 8596
3 5276 8596 10722
3 5276 8601 8953
3 5276 10722 8601
3 7823 6492 5277
3 6492 8395 5277
3 7823 5277 10450
3 5277 8395 10758
3 6923 5279 8247
3 11130 5279 6923
3 8247 5279 11300
3 5279 12229 11300
3 5319 5283 8815
3 13164 5284 8621
3 5284 13442 8621
3 5284 12948 13442
3 6451 5285 9685
3 9685 5285 12269
3 5286 11525 6501
3 11739 5288 8359
3 11190 5288 11739
3 5787 5290 11143
3 5787 11976 5290
3 11145 11821 5290
3 11145 5290 11976
3 5362 5353 5292
3 5360 5362 5292
3 5295 5353 5352
3 5295 5352 5363
3 8291 11119 5298
3 11839 8291 5298
3 5788 5300 11155
3 5788 13335 5300
3 13335 7956 5300
3 11887 11689 5301
3 11885 11887 5301
3 10492 10964 5302
3 10964 11413 5302
3 7686 5303 5737
3 11614 5304 11612
3 5305 12330 11019
3 7686 5306 11201
3 7686 12788 5306
3 11201 5306 11190
3 5308 5450 12202
3 5308 11480 11264
3 5308 11302 11480
3 5308 12202 11302
3 5310 7397 7536
3 5310 12474 7397
3 12474 5310 12741
3 12837 12741 5310
3 7366 5516 5312
3 12132 7366 5312
3 12132 5312 9646
3 12165 9646 5312
3 11164 5314 11166
3 11164 11578 5314
3 5314 11167 11166
3 11582 5314 11578
3 5319 8815 5322
3 9458 6897 5320
3 12353 5320 6897
3 13438 9458 5320
3 12940 5320 12353
3 12940 12944 5320
3 12944 13438 5320
3 5330 5323 5327
3 8945 5327 5323
3 9766 5326 8905
3 5327 8955 8399
3 8945 8955 5327
3 11496 11291 5328
3 10802 5331 10637
3 11273 10637 5331
3 5335 5339 12279
3 5338 5341 5340
3 5346 5340 5343
3 5437 5341 5429
3 5344 5342 5343
3 5345 12100 5834
3 5345 5834 12513
3 5345 12099 12100
3 6921 5347 9461
3 6921 12700 5347
3 12189 5347 12251
3 7820 5348 5349
3 7820 5349 11323
3 11323 5349 13249
3 7279 5350 7282
3 5351 12078 5368
3 5351 9113 11482
3 5364 5352 5354
3 5364 5363 5352
3 5364 5354 5470
3 5355 7389 8347
3 8811 5355 8347
3 5358 5832 11270
3 5358 11052 10796
3 5358 10796 12677
3 5358 11270 11052
3 5359 5517 11015
3 5359 12851 5517
3 5359 10095 7512
3 5359 11015 10095
3 5361 5546 9313
3 5361 13001 7363
3 5364 5470 5479
3 5850 5489 5366
3 11500 5367 5461
3 11500 9224 5367
3 12161 12159 5371
3 6569 5372 9159
3 6569 9308 5372
3 9159 5372 12920
3 5375 5489 9553
3 13487 5376 13215
3 9697 8803 5380
3 13520 5383 13523
3 7465 7351 5384
3 5384 7351 8982
3 7465 5384 7493
3 5661 11014 5385
3 5387 12695 9514
3 5387 9514 12931
3 5395 5393 5388
3 7274 8317 5390
3 8317 11373 5390
3 9214 10778 5394
3 11025 9214 5394
3 8214 5396 7056
3 8214 13001 5396
3 5396 13002 10537
3 5396 13001 13002
3 7266 10888 5398
3 7266 5398 11378
3 5512 5402 5403
3 5512 5403 5515
3 8042 10338 5406
3 6364 10113 5409
3 5409 10113 11353
3 5410 11319 5674
3 11942 5411 12995
3 12352 12348 5411
3 6928 5412 5663
3 5412 12925 5663
3 5412 6785 12925
3 5412 13158 6785
3 10390 10651 5414
3 5415 13326 11062
3 5415 13466 13326
3 5418 5426 5425
3 12260 5418 5425
3 5418 12270 5426
3 5418 11344 12270
3 5423 5419 8845
3 5423 11344 5419
3 5430 8845 5419
3 5423 5420 11344
3 5420 5587 12270
3 5420 12270 11344
3 5422 5591 6184
3 5422 13554 5591
3 5423 8845 6184
3 6930 12925 5424
3 10070 5425 9335
3 10070 12260 5425
3 5426 5589 5594
3 5426 12270 5589
3 5428 5435 5436
3 8515 5431 5433
3 8786 5433 5431
3 8786 5431 5434
3 5431 9335 5434
3 10070 5431 8515
3 10070 9335 5431
3 5440 5441 5433
3 5440 5433 8786
3 5434 10127 5598
3 5434 5598 12131
3 8786 5434 12131
3 5434 9335 10127
3 5438 5439 5435
3 5601 5436 5604
3 5610 5439 5613
3 5613 5439 7541
3 5606 5609 5440
3 5606 5440 8786
3 7492 8716 5442
3 7492 5442 10729
3 8716 8674 5442
3 10729 5442 10727
3 11264 7982 5444
3 5445 5449 5450
3 6915 8216 5446
3 6915 5446 8301
3 8216 11165 5446
3 5446 11042 8301
3 8463 8456 5447
3 5447 8456 12252
3 5448 11065 7693
3 5448 7693 12420
3 8247 8036 5448
3 5448 8036 11065
3 8247 5448 8735
3 10753 8735 5448
3 10753 5448 12420
3 5612 5615 5449
3 5451 12140 7637
3 13423 12694 5452
3 12918 5579 5453
3 5453 12127 6696
3 5459 8045 5454
3 5459 5454 12731
3 5465 5454 8045
3 5465 8325 5454
3 5454 8325 12731
3 5474 8359 5455
3 5474 5455 11187
3 5455 8359 13566
3 5457 11336 8453
3 5457 11250 8456
3 5457 8456 11336
3 12091 11250 5457
3 12918 5458 5579
3 12788 8045 5459
3 12462 5675 5460
3 12462 5460 12917
3 11500 5461 11659
3 5462 10084 12396
3 5462 12465 10084
3 5462 12396 12671
3 5462 12748 12465
3 5462 12671 12744
3 5462 12744 12748
3 7697 5463 10641
3 7697 10868 5463
3 10053 5463 10047
3 10047 5463 10868
3 10053 10640 5463
3 5463 10640 10641
3 5464 8224 9976
3 12864 5464 9976
3 10797 5464 10796
3 10796 5464 12864
3 5465 8045 12207
3 5465 11975 8325
3 5465 10851 11975
3 5465 12207 10851
3 6842 12277 5466
3 6842 5466 12278
3 12454 12453 5468
3 12458 12454 5468
3 12458 5468 12907
3 5471 8149 5493
3 12093 5472 11274
3 12093 12004 5472
3 5474 5633 11739
3 5474 11739 8359
3 5484 5636 5475
3 6809 10779 5478
3 6809 5478 13081
3 5478 10779 11805
3 5478 11805 12167
3 5480 7600 7906
3 5480 7906 8191
3 5480 8191 8192
3 5480 8192 8193
3 6412 11822 5482
3 6631 5482 11822
3 12829 12600 5483
3 13059 5483 12600
3 5486 5484 5485
3 5486 5816 5484
3 5484 5989 5636
3 5484 5816 5989
3 10742 5488 10486
3 5656 5489 5490
3 5490 5489 5850
3 5656 9553 5489
3 10261 5491 7464
3 11051 7464 5491
3 10261 10565 5491
3 5747 11531 5492
3 5492 11531 6160
3 11624 5492 6160
3 11624 8844 5492
3 7602 5493 8149
3 6141 5494 6201
3 5496 6281 6251
3 5496 7383 6281
3 5496 7295 7383
3 5572 7511 5497
3 7511 8785 5497
3 8785 8801 5497
3 6413 5499 11822
3 6631 5499 6499
3 13579 6499 5499
3 6631 11822 5499
3 10397 5501 10369
3 5502 7564 7599
3 10416 5502 7599
3 7630 10049 5502
3 7630 5502 10416
3 9545 12587 5504
3 12811 5504 12587
3 12811 13035 5504
3 6097 5505 8073
3 12810 5505 6097
3 7063 5506 7876
3 13053 5506 7063
3 5506 10189 7876
3 5508 12582 12806
3 5672 8103 5509
3 5513 5510 7946
3 5685 9928 5511
3 5685 5511 10532
3 13548 8306 5511
3 13548 5511 9928
3 5514 6589 5519
3 6596 5514 5519
3 12075 6589 5514
3 7328 9226 5517
3 7328 5517 12851
3 7402 5517 9226
3 7402 11015 5517
3 6589 12026 5519
3 6596 5519 9098
3 9098 5519 6624
3 6081 9651 5520
3 8323 5520 7511
3 7511 5520 9651
3 5680 5521 11854
3 8054 11854 5521
3 5545 11306 5522
3 5680 5522 11306
3 11556 5522 5680
3 6152 6226 5525
3 6186 5525 6226
3 12912 5527 5568
3 5704 5527 9820
3 9820 5527 12912
3 5528 7436 11029
3 10077 5529 10076
3 10076 5529 10871
3 10377 10657 5529
3 10657 10871 5529
3 5539 5537 5530
3 5533 5888 5534
3 5533 5693 5888
3 5560 5535 11048
3 5560 11239 5535
3 5535 11823 11048
3 5536 12805 5783
3 5547 5537 5539
3 12134 5537 5547
3 9969 5538 5622
3 8482 5538 9969
3 13434 5538 8482
3 11022 5538 13434
3 5551 5539 5540
3 5551 5547 5539
3 5549 5700 5540
3 5700 5551 5540
3 5541 5689 5550
3 5542 8897 7295
3 8795 8872 5542
3 8872 8897 5542
3 5543 8753 5695
3 5543 12119 8753
3 5544 10559 10792
3 5544 11045 10559
3 5545 12133 5698
3 5546 10545 9313
3 5708 5547 5551
3 9153 6167 5548
3 5549 5702 5700
3 5550 5689 5692
3 6086 5550 5692
3 6086 5701 5550
3 6416 5554 5552
3 12029 5552 5554
3 6167 5552 6269
3 6167 6416 5552
3 5709 5553 5724
3 5723 5724 5553
3 12045 12029 5554
3 12045 5554 12098
3 8780 5555 11528
3 7620 9159 5557
3 5557 9159 12920
3 9272 5560 11048
3 5560 12068 11239
3 7114 5563 11890
3 7114 12742 5563
3 8670 8405 5563
3 8405 11890 5563
3 12747 8670 5563
3 12747 5563 12742
3 6684 8160 5564
3 6684 5564 9308
3 10111 5568 7381
3 12818 5568 10111
3 12912 5568 12818
3 12306 7481 5570
3 5572 8323 7511
3 13154 5579 6849
3 7880 5581 6818
3 12963 6818 5581
3 12733 9241 5584
3 12735 5584 9241
3 5586 12725 12726
3 5587 5590 5589
3 12270 5587 5589
3 12512 5590 5587
3 5763 5589 5590
3 5763 5594 5589
3 5763 5590 12101
3 12512 12101 5590
3 11244 11233 5591
3 11244 5591 13554
3 5592 5765 5766
3 13346 5592 5766
3 13346 11244 5592
3 11244 13554 5592
3 13535 8594 5593
3 11858 9629 5593
3 13535 5593 9629
3 12031 5595 5594
3 10038 5594 5763
3 10038 12031 5594
3 10127 5595 5600
3 11844 5600 5595
3 11844 5595 12031
3 12587 5596 9648
3 12446 5596 11753
3 9502 5597 12721
3 5598 5600 5599
3 12131 5598 5599
3 10127 5600 5598
3 5599 5600 5603
3 8721 5599 5603
3 5600 5957 5603
3 11844 5957 5600
3 5601 5768 5602
3 5601 5604 5608
3 5601 5608 5768
3 10355 5765 5602
3 10355 5602 5768
3 5771 5603 5960
3 8721 5603 5771
3 5960 5603 5957
3 5608 5604 5607
3 5605 7374 7422
3 5605 9273 7374
3 7534 5605 7422
3 5606 8786 12131
3 5610 12120 5607
3 5768 5608 5772
3 5609 5611 5612
3 5610 5613 7615
3 5610 7615 12120
3 5774 5611 7558
3 5613 5616 5620
3 5613 7541 5616
3 5613 5620 7615
3 5614 5777 5970
3 5614 7615 5777
3 5614 5970 5780
3 5614 5780 6768
3 12120 5614 6768
3 12120 7615 5614
3 5616 7541 5619
3 13571 5617 13573
3 11837 5742 5618
3 12218 5618 5742
3 12252 8433 5619
3 7615 5620 5777
3 12172 12135 5621
3 9688 5622 9016
3 11567 8007 5623
3 11567 5623 9107
3 11978 9107 5623
3 5624 7519 11274
3 5625 11974 9194
3 8412 5626 12475
3 8412 12707 5626
3 10520 7956 5627
3 13335 5627 7956
3 8771 9566 5628
3 5629 8826 11860
3 5629 9866 9922
3 5629 11860 9866
3 5630 5728 6307
3 5630 6307 6227
3 8422 5630 6227
3 5631 11517 6860
3 12604 5632 7359
3 11201 11739 5633
3 5635 5634 5802
3 5634 5800 5802
3 5803 5800 5634
3 5807 5635 5802
3 5989 13073 5636
3 5637 5809 5810
3 5639 13558 9397
3 5640 7604 6974
3 9503 5640 6974
3 5640 13162 7604
3 9503 13435 5640
3 5641 7614 11961
3 5642 6181 6441
3 12478 6181 5642
3 6913 5642 6441
3 10591 5642 6913
3 10927 7186 5644
3 10927 5644 7187
3 7821 5644 11188
3 11265 5645 5655
3 5645 11459 5655
3 5645 8820 11045
3 11265 8820 5645
3 6901 5647 9513
3 6901 12938 5647
3 10591 6913 5647
3 6913 12254 5647
3 9513 5647 12254
3 10591 5647 12938
3 11449 8582 5650
3 11064 5650 11040
3 11449 5650 11064
3 7494 5654 7627
3 7494 11148 5654
3 10687 7627 5654
3 10687 5654 10189
3 9626 11462 5655
3 9626 5655 11875
3 11265 5655 11462
3 11875 5655 11459
3 5656 6004 5664
3 5656 5664 9553
3 10216 5657 5706
3 5657 7979 11013
3 6929 5658 12271
3 12271 5658 12699
3 5660 7570 10105
3 7797 5660 10418
3 7797 10527 5660
3 5660 10105 10418
3 5661 9010 7557
3 5661 7557 11014
3 5661 12640 9010
3 5831 5662 6014
3 6930 5663 12925
3 5664 6004 5828
3 5665 7327 10919
3 5665 10919 10445
3 5666 13464 13444
3 5667 8915 6291
3 5667 6291 10373
3 9394 7633 5667
3 9394 5667 10373
3 5668 10773 6489
3 5668 6489 13448
3 6706 10773 5668
3 6706 5668 13389
3 13389 5668 10525
3 10525 5668 13448
3 8261 6295 5669
3 5669 6867 8268
3 5669 12210 6867
3 8261 5669 8268
3 5670 10115 6875
3 5670 6875 10691
3 5670 7732 10115
3 5670 10116 7732
3 5683 5671 5997
3 5671 6233 5997
3 5671 6002 6233
3 11637 6002 5671
3 5672 6028 11197
3 5672 12082 8103
3 5672 11197 12082
3 5807 5673 9494
3 5673 6428 6429
3 5673 6429 9494
3 12462 7068 5675
3 9649 9359 5677
3 9359 9933 5677
3 9649 5677 10401
3 10221 10401 5677
3 5678 9231 9234
3 5678 9526 9231
3 10423 5678 9234
3 10109 9526 5678
3 5845 6032 5679
3 6032 11128 5679
3 11128 13207 5679
3 11556 5680 11854
3 8019 5681 5879
3 5879 5681 11854
3 11678 5881 5681
3 5681 5881 12061
3 8019 11678 5681
3 11556 11854 5681
3 11556 5681 12061
3 5682 5881 5883
3 12061 5881 5682
3 5805 5683 5997
3 9945 5684 8546
3 10441 5684 9378
3 7512 5685 10532
3 7512 10535 5685
3 5685 8294 9928
3 5685 10535 8294
3 10529 5686 10530
3 10530 5686 11070
3 13121 11070 5686
3 9361 8839 5690
3 8839 10485 5690
3 10539 5690 10485
3 10539 10736 5690
3 5691 9126 10886
3 5691 13330 13506
3 5892 6086 5692
3 5891 5888 5693
3 5891 5693 10322
3 5900 5695 8753
3 5900 9312 5695
3 9190 5696 8933
3 5696 13440 9246
3 5705 12119 5698
3 5705 5698 12982
3 12133 12982 5698
3 10176 7524 5699
3 10176 5699 7764
3 6086 6089 5701
3 5702 5898 5899
3 5703 13320 6649
3 5703 10471 13214
3 5703 13214 13320
3 5704 7837 8840
3 5704 9820 7837
3 5704 8840 8835
3 5903 5902 5705
3 5902 8753 5705
3 5903 5705 12982
3 8753 12119 5705
3 10216 5706 7548
3 9654 8390 5707
3 13568 5707 8390
3 5906 5708 5907
3 8196 5710 7632
3 6846 7650 5711
3 5712 5945 8581
3 5712 10999 8582
3 11435 5712 8582
3 5715 5716 5717
3 5715 5719 5716
3 5716 5732 5717
3 5718 7211 11266
3 5718 11269 7211
3 5718 7464 11051
3 5718 11051 11268
3 5718 11268 11269
3 5975 11605 5721
3 5975 5721 12229
3 11300 5721 8036
3 11300 12229 5721
3 6209 9056 5725
3 5725 8282 11602
3 5725 9056 13566
3 11983 11143 5728
3 5729 5785 6307
3 8321 11605 5729
3 7992 7652 5730
3 7992 5730 7994
3 5738 5926 5731
3 5734 7956 10520
3 12181 5735 6834
3 12597 6834 5735
3 12181 6948 5735
3 12597 5735 12598
3 7686 5737 12788
3 12788 5737 10861
3 7221 5739 11268
3 11269 11268 5739
3 11269 5739 11684
3 13262 11684 5739
3 5741 6739 9441
3 12828 6739 5741
3 5741 9441 12129
3 12371 5741 12129
3 12371 12839 5741
3 12828 5741 12596
3 12839 12596 5741
3 11252 5748 5742
3 12218 5742 5748
3 5977 11252 5742
3 5977 5742 11837
3 5743 9166 9162
3 9821 5743 9162
3 5743 9171 9166
3 5767 5744 5746
3 5767 7667 5744
3 5767 5746 9311
3 8629 8777 5746
3 8777 9311 5746
3 11302 12202 5748
3 12218 5748 12202
3 5750 5779 12018
3 5750 12423 5779
3 6485 5750 12016
3 6485 12423 5750
3 6171 5751 6169
3 5791 5754 6070
3 5755 13198 13471
3 13472 5755 13471
3 6169 5756 6168
3 5757 5759 12035
3 12331 5759 5757
3 5757 12035 12101
3 12512 5757 12101
3 11377 11937 5758
3 12429 12331 5758
3 5948 11847 5759
3 12331 5948 5759
3 5759 11847 11418
3 5759 11418 12035
3 6360 11134 5760
3 11134 7838 5760
3 8640 10210 5761
3 11492 5762 5951
3 13346 5951 5762
3 11492 5954 5762
3 13346 5762 11937
3 10038 5763 5949
3 5763 12101 5949
3 12357 5764 6099
3 12357 12584 5764
3 12809 5764 12584
3 13030 5764 12809
3 5765 10398 5766
3 10355 5769 5765
3 5765 5769 10398
3 5951 5766 10398
3 13346 5766 5951
3 5767 12280 7667
3 5963 5962 5769
3 10355 5963 5769
3 11656 5771 5960
3 11656 5965 5771
3 12013 5771 5965
3 12013 8721 5771
3 11843 5772 5968
3 6776 7361 5773
3 5773 7923 7640
3 5775 5774 7558
3 5775 12011 5774
3 5781 5774 12011
3 5775 9621 5969
3 5775 5969 12011
3 5775 7558 9644
3 5775 9644 9621
3 6571 6328 5776
3 9540 5776 6328
3 5778 7497 12936
3 13110 5779 12423
3 13110 12666 5779
3 5971 5780 5970
3 6189 5780 5971
3 5781 5972 5973
3 5781 12011 5972
3 5782 8380 8369
3 8380 5782 12337
3 7698 5784 7683
3 6227 6307 5785
3 11261 6227 5785
3 5785 8988 11261
3 8139 5786 7843
3 5788 11960 5787
3 5788 5787 11983
3 5787 11143 11983
3 5787 11960 11976
3 5788 11155 11960
3 5788 11983 13335
3 12152 5789 12801
3 13585 5789 12152
3 5789 13395 12800
3 13585 13395 5789
3 5790 12053 9239
3 6908 5792 6906
3 6908 8233 5792
3 10020 5794 10219
3 10020 12774 5794
3 5794 11908 10219
3 13569 5795 6675
3 12634 5796 12374
3 12634 12574 5796
3 5799 7319 5797
3 5799 5797 8173
3 7319 11601 5797
3 8173 5797 13556
3 11400 5797 11601
3 11400 13556 5797
3 5808 5798 8160
3 5808 8194 5798
3 5799 8173 11951
3 5802 5800 5801
3 11086 6427 5801
3 6448 6223 5804
3 11560 5804 6223
3 5994 5805 5997
3 5806 6651 6644
3 5812 5807 9494
3 8087 5808 7678
3 8087 8194 5808
3 11561 12637 5809
3 5827 7679 5813
3 7679 8175 5813
3 7683 5813 8175
3 12232 5815 12020
3 12234 12021 5815
3 12657 5815 12232
3 12234 5815 12657
3 5818 6287 6061
3 6765 6764 5818
3 5823 12434 12433
3 12071 13617 5824
3 13221 5824 13617
3 11371 5826 11730
3 11372 5826 11633
3 5827 7650 12278
3 5827 12278 7679
3 6004 6011 5828
3 6239 5828 6011
3 12126 5829 6388
3 5829 11963 12540
3 5829 12541 11963
3 12126 12541 5829
3 11463 5832 6590
3 11463 11270 5832
3 12757 5834 12100
3 5834 12327 12513
3 5845 5838 6032
3 5841 11349 8496
3 10158 12188 5841
3 5841 12186 11349
3 5841 12188 12186
3 5842 13207 5846
3 8486 5843 12246
3 10158 5843 11440
3 10158 12246 5843
3 10424 11902 5844
3 5844 11902 12514
3 6030 5846 13207
3 5847 6041 5848
3 5847 5862 5854
3 5847 5854 6041
3 6266 6033 5848
3 6263 5848 6041
3 6266 5848 6263
3 5849 5856 11926
3 7776 5851 9871
3 9871 5851 11017
3 13364 13366 5852
3 13366 13367 5852
3 11894 5853 11035
3 11035 5853 12156
3 5854 5862 5869
3 12255 12033 5859
3 12255 5859 12684
3 8777 5860 9311
3 5860 9287 9288
3 10715 5869 5862
3 5864 10206 10769
3 5864 13609 10206
3 6669 5873 5865
3 5866 8545 11348
3 5866 11538 8545
3 5866 11348 11210
3 11401 5866 11210
3 11401 11538 5866
3 5867 8280 6299
3 5867 8283 8280
3 5868 11510 11414
3 5868 11414 11516
3 5868 11519 11510
3 5868 11516 11546
3 5868 11535 11519
3 5868 11546 11535
3 10715 11082 5869
3 5870 13431 10930
3 12149 10013 5872
3 11054 5872 13637
3 5874 7990 6321
3 5874 9333 7990
3 5984 5875 10940
3 5984 11414 5875
3 11510 5875 11414
3 5922 5876 5915
3 9043 5876 13494
3 5877 11503 10635
3 5877 10635 11510
3 5877 11401 11409
3 5877 11519 11401
3 5877 11409 11503
3 5877 11510 11519
3 5878 6065 6068
3 8019 5879 6069
3 8054 6069 5879
3 8054 5879 11854
3 5880 8490 8489
3 11346 5880 8489
3 5880 12156 8490
3 11035 12156 5880
3 6071 5883 5881
3 11678 6071 5881
3 5882 7713 8165
3 8084 7747 5882
3 10575 5883 6071
3 8245 5884 8002
3 11200 10732 5885
3 11405 11200 5885
3 5886 8013 8008
3 8519 8013 5886
3 8519 5886 8520
3 5891 5887 5888
3 5889 13062 7537
3 7643 5889 7617
3 7643 11732 5889
3 5889 11732 13062
3 5894 5890 5918
3 10227 10246 5890
3 9170 5891 10322
3 5892 6085 6086
3 5892 6306 6085
3 7114 5893 12742
3 12087 5893 11889
3 12502 5893 12087
3 12502 12742 5893
3 5894 12499 7777
3 13517 13518 5895
3 5901 5896 5900
3 5900 5896 9312
3 6093 5896 5901
3 6090 9312 5896
3 7791 5897 5932
3 5897 12180 5932
3 7774 5897 7839
3 7774 12180 5897
3 9157 5897 7791
3 9157 7839 5897
3 5898 6091 6092
3 5899 5908 5907
3 5902 5901 5900
3 5902 5900 8753
3 11363 11439 5904
3 11363 5904 11440
3 5904 11430 11376
3 12188 5904 11376
3 11439 11430 5904
3 12188 11440 5904
3 5910 5905 10923
3 11868 5905 5910
3 5905 9617 11874
3 5905 11874 10923
3 9617 5906 11874
3 9854 5909 8029
3 5910 10923 6100
3 11850 11868 5910
3 8037 6395 5912
3 8278 5912 6395
3 8037 5912 7560
3 8536 5914 6073
3 11118 5914 8536
3 11118 11189 5914
3 5922 5915 7941
3 8304 7941 5915
3 12470 11101 5916
3 11364 5916 11670
3 10819 11441 5919
3 7122 8686 5924
3 7122 5924 12488
3 5924 8686 9657
3 5924 9657 9123
3 12487 5924 9123
3 12487 12488 5924
3 7118 5928 12290
3 7118 12485 5928
3 12485 12708 5928
3 5995 5929 11902
3 5995 12094 5929
3 9497 12514 5929
3 12515 9497 5929
3 12514 11902 5929
3 12515 5929 12094
3 5930 11416 5935
3 5930 5935 11470
3 11458 5930 8486
3 11458 11416 5930
3 5932 6860 10478
3 12180 6860 5932
3 8029 5933 8028
3 8028 5933 8921
3 8921 5933 8554
3 6347 5934 6341
3 5935 11479 11470
3 8049 5937 7757
3 7757 5937 10588
3 8297 5937 8049
3 8298 6430 5940
3 5940 6430 8566
3 8044 8295 5940
3 8044 5940 8929
3 8298 5940 8295
3 5940 8566 8929
3 8308 6439 5941
3 8308 5941 7771
3 11914 6151 5942
3 13475 5944 6329
3 11069 8581 5945
3 10837 5945 10823
3 11069 5945 10837
3 5947 12035 11418
3 5947 12118 12035
3 12429 6176 5948
3 12525 5948 6176
3 12525 11847 5948
3 12429 5948 12331
3 10038 5949 5955
3 5949 12101 12118
3 7433 7729 5950
3 6256 5951 10398
3 11492 5951 6256
3 5952 7066 7456
3 5952 7456 7453
3 5952 7453 8079
3 5952 8079 8080
3 11438 5953 5993
3 11679 6073 5953
3 6175 6176 5954
3 6175 5954 11492
3 12429 5954 6176
3 10038 5955 10513
3 8904 5956 5958
3 8904 11844 5956
3 12031 10513 5956
3 11844 12031 5956
3 8904 5960 5957
3 8904 5957 11844
3 8904 5958 9755
3 11501 9755 5958
3 11078 11501 5958
3 12490 12692 5959
3 12692 12928 5959
3 8904 9755 5960
3 11464 5960 9755
3 11464 11656 5960
3 5961 6837 6977
3 5961 8343 6837
3 5961 6977 10101
3 5961 10101 8337
3 6182 6183 5963
3 11271 5964 7522
3 11466 5964 11271
3 11468 5964 11466
3 5967 5966 5965
3 12013 5965 5966
3 9644 5966 9621
3 9644 12013 5966
3 5968 9897 8769
3 5968 8769 11123
3 11843 5968 11123
3 6191 6110 5969
3 6192 5969 6110
3 6191 5969 9621
3 12011 5969 6192
3 9816 5971 5970
3 6193 6189 5971
3 6192 11645 5972
3 12011 6192 5972
3 11837 5973 13625
3 5974 7883 8940
3 5976 6202 8291
3 5976 8338 6202
3 5976 8291 11839
3 5976 13331 8338
3 5976 11839 8362
3 5976 8362 13331
3 5977 13625 8381
3 5977 11837 13625
3 6200 5978 11644
3 8381 5978 11832
3 13625 5978 8381
3 13625 11644 5978
3 5979 12004 8146
3 6919 7298 5980
3 11398 11516 5982
3 5987 8088 5983
3 5987 5983 8089
3 5983 8088 10294
3 5983 10294 8090
3 5984 10940 11457
3 11187 5985 6009
3 9056 6209 5986
3 7111 5986 8309
3 5987 7804 10063
3 5987 10303 7804
3 5987 10063 8088
3 5987 8089 10303
3 6958 6437 5988
3 5991 13073 5989
3 7940 8215 5990
3 8215 8218 5990
3 5992 13073 5991
3 5992 5991 13096
3 6761 5992 13096
3 11561 13073 5992
3 11083 11438 5993
3 5994 5997 6106
3 5995 9777 12094
3 5995 11902 11704
3 6106 5997 6233
3 5998 8088 10063
3 5998 10294 8088
3 9117 5998 10057
3 9117 10294 5998
3 10057 5998 10616
3 11275 5999 9837
3 13309 9837 5999
3 11693 13309 5999
3 8694 11517 6002
3 11637 8694 6002
3 6003 10772 8091
3 10052 6003 9489
3 10052 10772 6003
3 10523 7543 6006
3 10523 6006 10272
3 10272 6006 13031
3 13031 6006 10760
3 7474 6007 7197
3 7475 7197 6007
3 7474 8094 6007
3 8098 7475 6007
3 8098 6007 10256
3 6010 12048 6214
3 6012 8095 9376
3 6012 9376 9256
3 13602 6012 9256
3 6013 8020 10370
3 6013 11356 8020
3 6013 10370 10900
3 6243 6014 6242
3 6016 11262 10222
3 6260 6018 12431
3 6900 6019 9138
3 6900 10256 6019
3 9548 6019 7779
3 13602 7779 6019
3 9138 6019 9548
3 13602 6019 10256
3 6020 10067 9972
3 6020 10033 10067
3 6257 6723 6022
3 6025 13488 8187
3 12434 6026 6493
3 7745 12235 6026
3 12555 7745 6026
3 12434 12555 6026
3 8362 8427 6027
3 8362 6027 13331
3 6027 8427 12090
3 6027 11261 8988
3 6027 8988 13331
3 6027 12090 11261
3 6029 6970 7375
3 11128 6030 13207
3 6031 9935 8747
3 6032 11748 11128
3 6266 6474 6033
3 6873 6034 12000
3 12409 6034 6873
3 12408 6034 8207
3 12409 8207 6034
3 11999 12000 6034
3 12408 11999 6034
3 6035 6857 8099
3 6035 10050 6857
3 9249 6035 8387
3 6036 6473 6478
3 6036 6478 11209
3 6909 6038 6137
3 6909 12380 6038
3 12380 7364 6038
3 6039 6048 6040
3 6039 6040 6264
3 6042 7857 6283
3 6042 7856 7857
3 11364 10845 6043
3 11138 11183 6043
3 6044 7082 12294
3 6044 12621 7082
3 6044 9390 12162
3 6044 12393 9390
3 6044 12162 12621
3 6044 12294 12393
3 6992 6045 6934
3 6934 6045 12392
3 6992 9543 6045
3 12195 6045 9543
3 12385 6045 12195
3 12385 12392 6045
3 6046 13224 7281
3 9155 6046 9153
3 9155 11334 6046
3 6046 11334 13224
3 12390 11599 6047
3 12523 6047 11599
3 12766 12390 6047
3 12766 6047 12617
3 6049 12448 6272
3 6049 6272 12676
3 6049 12447 12448
3 6050 12175 7166
3 6050 7166 13059
3 6050 12177 12175
3 6050 13059 12600
3 6051 9006 9111
3 6051 10325 9006
3 8723 6052 8857
3 8723 9144 6052
3 8857 6052 10821
3 9144 8990 6052
3 6053 6054 6058
3 10205 6055 11399
3 7902 7905 6057
3 7902 6057 8474
3 7905 8822 6057
3 8113 6059 8732
3 8734 8732 6059
3 6062 8982 9885
3 9631 6062 9885
3 6063 6227 11261
3 12091 6227 6063
3 11250 6063 8433
3 6063 12090 8433
3 12091 6063 11250
3 6063 11261 12090
3 6064 6066 9716
3 9699 6067 6076
3 9766 6067 9699
3 6068 6770 6505
3 8019 6069 9608
3 8180 6069 8054
3 9699 9711 6070
3 6071 6072 10498
3 11678 6072 6071
3 10575 6071 10498
3 6294 6072 8239
3 6294 10498 6072
3 11514 8239 6072
3 11678 11514 6072
3 8536 6073 11679
3 9699 6076 9711
3 6086 6085 6089
3 6089 6085 6311
3 6085 6514 6311
3 7882 6087 6102
3 6102 6087 10164
3 8061 8179 6087
3 8061 6087 8812
3 8179 10164 6087
3 6310 6088 6309
3 6310 6513 6088
3 6088 6513 9170
3 6088 9170 10322
3 6311 6091 6089
3 6312 6309 6090
3 9354 6095 7149
3 7149 6095 9686
3 7257 6095 7406
3 7257 9686 6095
3 9929 7406 6095
3 9929 6095 9354
3 6317 6096 6104
3 12360 6097 6318
3 12810 6097 12360
3 12357 6099 12163
3 10083 6100 10923
3 7498 6101 8640
3 7580 6102 7585
3 7585 6102 10164
3 7882 6102 7885
3 9985 12304 6103
3 10326 11112 6103
3 10326 6103 12304
3 6103 11112 11074
3 6529 6317 6104
3 7090 6529 6104
3 6532 6533 6105
3 6533 6535 6105
3 6105 6535 9927
3 6106 6233 11515
3 6107 13436 8329
3 6107 9067 13256
3 12077 6107 13256
3 12077 13420 6107
3 6107 13420 13436
3 6109 7890 8176
3 6109 10408 7890
3 10159 6109 8176
3 6402 6110 6191
3 6194 6192 6110
3 6543 6114 6111
3 6543 6111 6115
3 6112 6482 6196
3 6122 8736 6118
3 6122 6118 9552
3 11335 6120 6119
3 6554 11335 6119
3 11335 6121 6120
3 6868 6122 6285
3 6868 8736 6122
3 6123 12516 12522
3 7925 8026 6124
3 8136 7925 6124
3 6124 8026 13582
3 8136 6124 9981
3 6832 6847 6126
3 6314 8176 6130
3 8176 7890 6130
3 6132 8126 8127
3 8420 6132 8419
3 10408 6133 6135
3 6133 10639 6135
3 6133 7568 10639
3 10408 7884 6133
3 7890 10408 6135
3 6135 10639 7943
3 6139 8129 7072
3 10745 6139 7072
3 6139 9981 9984
3 10745 9981 6139
3 7847 6360 6142
3 7847 6142 8428
3 6145 6593 12306
3 6145 12307 6593
3 12306 8108 6145
3 8108 12738 6145
3 6145 12738 12307
3 8743 10098 6146
3 10098 9060 6146
3 6148 6226 6196
3 6149 6357 6358
3 11878 6150 6603
3 6150 12298 7091
3 6154 9684 6292
3 10694 9684 6154
3 11027 6156 7249
3 6156 7546 8142
3 11027 7546 6156
3 6156 8142 8139
3 11277 12460 6159
3 6159 12460 12616
3 6163 9717 9716
3 6164 8605 9919
3 10518 8605 6164
3 10515 6164 9919
3 10514 6164 10515
3 11001 6164 10514
3 11001 10518 6164
3 7631 7426 6166
3 8141 6166 7426
3 8141 10417 6166
3 9153 6416 6167
3 6370 6168 6170
3 6172 6171 6169
3 6172 6584 6171
3 6363 6171 6584
3 9332 6173 6375
3 9332 6377 6173
3 6377 11661 6173
3 6173 11661 11846
3 10016 6174 7973
3 7973 6174 10694
3 6174 9195 9662
3 10016 9195 6174
3 6174 9662 9684
3 10694 6174 9684
3 6175 11972 6176
3 6175 6382 9200
3 6175 11492 6382
3 6175 9200 11972
3 12525 6176 11972
3 8154 8145 6178
3 8145 8776 6178
3 6179 6373 7201
3 6179 11326 6373
3 6179 7201 6374
3 6179 6374 11847
3 12525 11326 6179
3 12525 6179 11847
3 6440 12062 6180
3 6182 8300 6183
3 6182 11843 8300
3 6400 6401 6185
3 6190 11654 6188
3 6188 11654 8769
3 6611 6612 6190
3 6401 6402 6191
3 6194 11645 6192
3 6404 6405 6193
3 6197 6194 8669
3 6197 11645 6194
3 6195 6608 6613
3 8631 6608 6195
3 8394 6197 6198
3 6198 6197 8669
3 8394 11644 6197
3 6618 6198 6615
3 6618 8394 6198
3 8878 8871 6199
3 11677 6199 8871
3 8878 6199 8903
3 6619 6200 8394
3 11634 6200 6619
3 8394 6200 11644
3 6202 11119 8291
3 8338 10280 6202
3 6202 10280 11042
3 6202 11042 11119
3 6203 9768 6231
3 6204 9172 11832
3 6206 8284 8282
3 6206 8282 8717
3 11400 6422 6207
3 11424 6207 6422
3 6207 8011 7835
3 6207 7835 13556
3 11424 8011 6207
3 11400 6207 13556
3 11065 6208 7727
3 6208 11821 7727
3 8910 6210 6251
3 8754 8752 6210
3 8460 8159 6211
3 8782 6213 8003
3 8133 8798 6213
3 11279 6214 11848
3 6214 12048 11848
3 11587 6215 6425
3 6215 11085 7205
3 11587 11085 6215
3 6216 6777 6219
3 6216 6219 11089
3 7019 6216 6418
3 7111 6418 6216
3 7019 6777 6216
3 7111 6216 11089
3 12276 8144 6217
3 6232 12271 6218
3 6218 12699 9592
3 6218 12271 12699
3 7205 11085 6219
3 6220 6221 6761
3 10897 11351 6220
3 6222 6449 9598
3 6222 9862 6449
3 9596 9862 6222
3 11365 6223 6443
3 11365 11560 6223
3 12091 8422 6227
3 6228 6467 12048
3 6229 6432 6941
3 7872 7865 6230
3 12272 6231 9609
3 9609 6231 12640
3 9768 12640 6231
3 12056 6232 7089
3 12056 12271 6232
3 9599 6234 12269
3 9599 12471 6234
3 7227 6237 7231
3 7227 7300 6237
3 12618 6237 7300
3 7372 6237 12986
3 12618 12986 6237
3 7149 9686 6238
3 6239 6459 6245
3 8043 6246 8169
3 8808 6246 8043
3 8808 8051 6246
3 8805 8169 6246
3 7877 6249 8172
3 6250 7098 6419
3 6250 7183 7098
3 6252 8882 8392
3 6254 12082 11197
3 6256 6386 8648
3 11492 6256 8648
3 6257 7013 6723
3 6257 7022 7013
3 6257 13173 7022
3 6461 6260 12431
3 8928 6261 8383
3 8383 6261 11699
3 6264 6479 6262
3 12258 12007 6265
3 12258 6265 13506
3 6267 6270 6268
3 8031 6269 6301
3 12264 6271 6755
3 12467 6271 12264
3 12467 12691 6271
3 6273 6452 8376
3 6273 8392 6452
3 6273 8376 8878
3 6273 8878 11611
3 6280 6279 6274
3 10741 6275 10969
3 6278 6445 7039
3 6495 6282 6503
3 6503 6282 11082
3 6602 6284 11431
3 11189 6284 8651
3 11118 6284 11189
3 11118 12496 6284
3 12496 11431 6284
3 6868 6285 6290
3 9549 6498 6286
3 6498 11522 6286
3 6288 12196 9659
3 6288 12294 12196
3 12393 12294 6288
3 12393 6288 13083
3 8966 6289 8926
3 6289 9238 8926
3 6868 6290 11857
3 11857 6290 7941
3 8261 8268 6291
3 8261 6291 8915
3 7852 8440 6292
3 6781 6294 8239
3 6781 11004 6294
3 12808 10498 6294
3 11004 12808 6294
3 6296 7154 12391
3 6296 12391 9639
3 12656 6296 9639
3 12373 6296 12656
3 6965 12025 6297
3 7931 6298 7957
3 7931 8549 6298
3 6299 7773 7062
3 7971 7773 6299
3 7971 6299 8280
3 7915 7931 6300
3 7915 6300 8836
3 7931 7957 6300
3 8235 6304 7452
3 12406 7452 6304
3 12406 6304 10570
3 6305 8121 8147
3 6306 6788 6792
3 6308 12207 10861
3 6308 11323 13249
3 6308 13249 12207
3 6514 6515 6311
3 7794 6313 8922
3 6314 6319 8177
3 6314 8177 8176
3 6802 6315 6526
3 6527 6315 6802
3 11529 6525 6316
3 11529 6316 7094
3 6529 6805 6317
3 11954 6318 6540
3 11954 11953 6318
3 12360 6318 11953
3 8177 6319 9215
3 8467 10046 6319
3 6319 10046 9215
3 7735 7896 6320
3 8868 7735 6320
3 8922 8868 6320
3 9096 8922 6320
3 6321 7990 7384
3 9030 6323 12446
3 8254 6331 6324
3 8254 6324 8156
3 7250 8179 6325
3 7250 6325 8470
3 8061 6325 8179
3 8061 11325 6325
3 6325 9630 8470
3 6325 11325 9630
3 6326 6822 6824
3 9540 6328 9808
3 8131 10431 6330
3 8431 6330 8132
3 8132 6330 10431
3 8431 8759 6330
3 6332 8834 8833
3 9229 6332 8833
3 6338 6335 6542
3 6338 11836 6335
3 10961 11207 6337
3 6338 7039 9026
3 6338 9026 11836
3 6339 9715 6552
3 11946 6339 6552
3 13585 9715 6339
3 11946 9822 6339
3 9822 13395 6339
3 13585 6339 13395
3 6340 7531 6380
3 6340 6380 7680
3 9436 7531 6340
3 6340 7680 7673
3 6340 7673 8960
3 9436 6340 8960
3 7243 7233 6342
3 7243 6342 7540
3 11940 6343 6561
3 12350 6343 11940
3 9148 11898 6344
3 6344 13565 11700
3 6344 11898 13565
3 6346 10777 7224
3 10675 10777 6346
3 6356 6348 11952
3 6350 11949 6490
3 7662 6351 6486
3 9436 6486 6351
3 9436 6351 7531
3 13599 7531 6351
3 7662 7573 6351
3 13599 6351 7573
3 9770 6353 6869
3 6354 10475 7810
3 6354 10476 10475
3 6355 6358 6576
3 9397 6359 9291
3 9397 13558 6359
3 7847 7842 6360
3 7842 11134 6360
3 6863 6871 6361
3 7596 9407 6362
3 7596 6362 11766
3 8972 8598 6362
3 8972 6362 9407
3 6364 7006 10113
3 8215 6365 8218
3 6367 7151 7155
3 6369 8386 8264
3 6369 10157 8386
3 11769 6371 7574
3 9475 8935 6371
3 13045 9299 6372
3 6373 6885 7201
3 11326 9014 6373
3 6374 7201 6375
3 6374 11418 11847
3 6376 10721 7810
3 6376 7810 10723
3 6376 10723 10473
3 6376 10473 10825
3 6592 6591 6377
3 6591 11661 6377
3 6378 11078 6379
3 6378 6384 11501
3 6378 11501 11078
3 6591 6379 7073
3 6591 7332 6379
3 6379 11078 7073
3 13599 6380 7531
3 13599 8995 6380
3 6381 6892 6889
3 6381 6889 13019
3 11492 8648 6382
3 6382 8648 13019
3 11898 9701 6383
3 11898 6383 9777
3 9777 6383 12094
3 8963 6391 6384
3 11501 6384 6391
3 11918 8963 6384
3 6895 6385 6896
3 6895 11173 6385
3 11491 6386 11075
3 6790 6387 9835
3 12686 6387 6790
3 8242 6858 6387
3 9949 6387 6858
3 12686 8242 6387
3 9835 6387 9949
3 12125 6388 6738
3 12125 12126 6388
3 7679 6389 8175
3 8220 6389 7679
3 6389 13486 13484
3 6390 11068 11473
3 11491 11075 6390
3 11491 6390 11473
3 11464 6391 8963
3 11464 9755 6391
3 11501 6391 9755
3 7784 7790 6393
3 9129 7784 6393
3 9173 6393 7790
3 6396 7192 7188
3 6396 7297 7192
3 6397 6413 7559
3 6397 9413 6413
3 6397 8598 6464
3 6397 6464 9413
3 6399 11450 6398
3 6907 11450 6399
3 11317 6401 6400
3 6607 6400 8038
3 11317 6400 6607
3 11317 6402 6401
3 11317 8631 6402
3 7101 6403 6599
3 9735 6599 6403
3 12733 6403 7101
3 9735 6403 7880
3 6614 6611 6405
3 8292 9302 6408
3 6918 6409 11146
3 11443 6409 6920
3 6411 9413 6464
3 6412 11809 7559
3 6412 7559 11822
3 6413 11822 7559
3 6422 6634 6417
3 11424 6422 6417
3 11424 6417 11005
3 7019 6418 11407
3 7111 8309 6418
3 11647 6419 7098
3 8851 6420 6486
3 11643 6486 6420
3 11643 6420 7554
3 9632 6420 8851
3 9224 9855 6421
3 11601 6634 6422
3 11400 11601 6422
3 11395 6423 11393
3 7635 6426 6433
3 12682 6433 6426
3 6931 6429 6428
3 11391 6429 6931
3 6935 9494 6429
3 6935 6429 11391
3 8298 7432 6430
3 6430 7432 8565
3 6648 6431 6650
3 12682 6858 6433
3 7635 6433 12902
3 6435 7079 7377
3 7784 6438 7790
3 8854 11811 6438
3 6440 12063 12062
3 7039 6445 9026
3 11733 9026 6445
3 11741 11733 6445
3 7371 9683 6449
3 7371 6449 12054
3 6449 9683 9598
3 9862 12054 6449
3 6450 7126 7143
3 6450 12273 7126
3 11861 6450 7143
3 7335 9451 6450
3 7335 6450 11861
3 6450 9451 12273
3 6451 9226 7328
3 6452 6537 8376
3 11762 6537 6452
3 8392 7015 6452
3 11762 6452 7015
3 11835 12448 6456
3 12449 11835 6456
3 6456 12448 12447
3 6456 12447 12901
3 6457 8725 6575
3 12264 6457 6575
3 12261 6457 6755
3 12264 6755 6457
3 6457 11653 8725
3 12261 11653 6457
3 6459 6990 6989
3 8378 6460 7339
3 11767 6460 8378
3 13433 6462 6465
3 13433 13443 6462
3 6528 6463 7124
3 7124 6463 7128
3 8972 6464 8598
3 8972 9475 6464
3 13433 6465 8231
3 8882 6466 7015
3 11762 7015 6466
3 9793 6467 6645
3 9793 11848 6467
3 6467 11848 12048
3 6468 6519 6511
3 9114 6468 6511
3 6724 7862 6470
3 6724 6470 9058
3 8943 13305 6470
3 9058 6470 13305
3 6483 6471 8105
3 6971 6471 8104
3 6971 8105 6471
3 6471 7490 8104
3 12382 6472 10285
3 11284 6472 12873
3 12382 12902 6472
3 12814 12873 6472
3 12814 6472 12902
3 6474 6475 6473
3 8780 11528 6477
3 6745 6480 6744
3 7334 6480 6745
3 7826 7484 6483
3 6483 7484 10735
3 7826 6483 8105
3 8466 6485 12016
3 12014 12413 6485
3 6485 12413 12423
3 11643 7662 6486
3 9436 8851 6486
3 6487 6749 11227
3 13449 13448 6489
3 7823 8793 6492
3 7824 6492 8793
3 7824 8923 6492
3 6492 8396 8395
3 6492 8923 8396
3 6493 11807 9805
3 12433 6493 9805
3 12433 12434 6493
3 9542 6494 6767
3 6495 6503 11342
3 6495 7053 7052
3 6495 11342 7053
3 10263 7499 6496
3 10263 6496 8876
3 9005 6497 9765
3 6497 13227 10150
3 7058 6498 9549
3 10971 6498 7058
3 10971 11522 6498
3 6631 6499 6624
3 9098 6624 6499
3 9098 6499 7028
3 13579 7028 6499
3 10732 6500 8355
3 11530 6503 11082
3 11530 11342 6503
3 8334 8332 6504
3 8332 10114 6504
3 6504 8346 8679
3 6504 10114 8346
3 6507 7886 7629
3 6507 7629 10901
3 6507 11314 7886
3 6507 10410 11314
3 9618 6508 11979
3 12301 6508 9618
3 6508 11774 11979
3 11486 6510 11295
3 6519 11944 6511
3 9114 6511 7102
3 11667 7102 6511
3 7148 11667 6511
3 7148 6511 11944
3 7382 6515 6514
3 8243 7225 6516
3 6516 7225 13485
3 6795 6517 6797
3 7063 7876 6520
3 11292 7063 6520
3 12544 6520 7876
3 12544 10156 6520
3 8332 6522 8076
3 8333 8076 6522
3 8334 6522 8332
3 8334 8692 6522
3 8970 6523 7154
3 6523 12391 7154
3 6523 11554 9817
3 6523 9817 12391
3 9292 6524 11537
3 9292 11541 6524
3 6800 6797 6525
3 11529 6800 6525
3 6802 6526 6530
3 6529 7394 6805
3 6531 6537 11762
3 6534 9927 6535
3 6536 8699 8337
3 10101 6536 8337
3 6536 8700 8699
3 6538 8337 8699
3 6538 8688 8687
3 11539 6728 6544
3 6826 6828 6545
3 7504 6546 7330
3 9883 7330 6546
3 6546 11769 11771
3 7833 10112 6548
3 7833 6548 12898
3 6548 8377 8107
3 6548 10112 8377
3 8345 6550 8344
3 8345 10091 6550
3 6550 10091 10114
3 10117 6550 10114
3 6551 8090 6582
3 8345 6551 6582
3 8345 8344 6551
3 6951 11749 6552
3 11946 6552 11749
3 6554 6556 11335
3 6555 12941 12704
3 7407 9842 6556
3 6558 6888 11980
3 6558 10593 11572
3 6558 12196 10593
3 6558 11980 12196
3 12328 7409 6559
3 11747 11943 6560
3 10215 7294 6561
3 11940 6561 7294
3 7449 7458 6563
3 7458 9907 6563
3 9907 10249 6563
3 11898 9777 6566
3 11898 6566 13565
3 12981 12873 6566
3 12873 13565 6566
3 6567 6595 11666
3 7814 6567 8092
3 6567 7815 8092
3 6567 11666 7815
3 10363 6568 9525
3 11895 9525 6568
3 9720 6568 9725
3 10963 6568 9720
3 10363 9725 6568
3 11895 6568 10963
3 7620 6569 9159
3 6570 9244 8552
3 6722 6575 12050
3 6722 12264 6575
3 6578 6879 6878
3 8940 7883 6579
3 6581 10970 7571
3 7991 6582 8090
3 8710 6582 7991
3 8345 6582 10091
3 8710 10091 6582
3 6583 11890 8405
3 12310 6583 8405
3 13302 11890 6583
3 6642 8348 6585
3 7811 6586 6617
3 6586 11666 6617
3 7811 8374 6586
3 7815 11666 6586
3 6588 7532 11754
3 11879 7566 6590
3 11882 6590 7566
3 11882 11463 6590
3 6591 7073 11661
3 6887 6891 6592
3 11881 6593 7272
3 12306 6593 11881
3 6889 6890 6594
3 10966 6594 6890
3 6595 7193 10765
3 7806 6595 10765
3 7806 11666 6595
3 6596 9098 11092
3 11111 6596 11092
3 9222 6597 8538
3 11684 6599 6820
3 7101 6599 11684
3 6600 11473 6601
3 11473 11068 6601
3 11878 6603 8182
3 8050 6609 6607
3 11317 6607 6609
3 6607 8038 8040
3 8050 6607 8040
3 8153 8081 6608
3 8153 6608 8631
3 8153 6609 8081
3 8153 11317 6609
3 11683 6610 6825
3 11876 6610 11683
3 6908 6906 6612
3 7198 6616 6613
3 7806 9108 6617
3 7806 6617 11666
3 6619 8394 6618
3 6619 6618 10491
3 6917 6619 10491
3 6917 11634 6619
3 6806 6620 9220
3 6679 6636 6621
3 6623 8372 7809
3 9422 6623 9125
3 6626 6625 8880
3 13067 6625 6626
3 6626 8880 8894
3 11125 13067 6626
3 6627 6927 6629
3 6627 6629 11287
3 6925 9115 6627
3 9115 6927 6627
3 6627 11287 11427
3 9986 6628 7056
3 6628 12653 7056
3 9986 8115 6628
3 12060 6628 8115
3 9183 6630 6629
3 6630 11287 6629
3 6629 6927 11290
3 9183 6629 11290
3 6851 11961 6632
3 6632 12241 9236
3 12241 6632 11961
3 6946 6633 7220
3 6953 7220 6633
3 7914 6637 9997
3 11073 6637 11072
3 6851 6638 12265
3 7612 6639 10642
3 8358 8348 6642
3 9501 8358 6642
3 9501 6642 9112
3 6644 6651 6777
3 7019 6644 6777
3 7019 11407 6644
3 6646 12884 10308
3 6646 13169 12884
3 6724 9058 6647
3 6647 9058 10308
3 12884 6647 10308
3 12884 11905 6647
3 10036 6649 13320
3 10569 6661 6650
3 6662 6654 6673
3 6654 9931 6673
3 6680 6655 11272
3 11041 6656 6657
3 6658 6656 11041
3 10181 6658 6660
3 6671 10199 6661
3 6671 6661 10569
3 10199 6672 6661
3 6662 6673 6694
3 6677 6678 6663
3 6678 6697 6663
3 11230 6664 11426
3 11838 11426 6664
3 11744 6664 11639
3 11744 11838 6664
3 6666 6785 13158
3 6666 12418 12028
3 6666 13428 12418
3 6666 13158 13428
3 11060 10479 6667
3 9128 13510 6668
3 8339 11716 6669
3 6692 10199 6671
3 10199 10602 6672
3 6694 6673 11246
3 11246 6673 6695
3 13569 6675 9441
3 11810 11813 6676
3 6677 12066 6678
3 6677 6955 6961
3 6677 6961 12066
3 6678 12066 6972
3 6681 6699 6700
3 6710 6689 6686
3 10181 6686 6689
3 6710 6686 6691
3 6691 6686 10602
3 6687 10151 10709
3 10713 10153 6687
3 10716 6687 10709
3 7735 6688 8933
3 9190 8933 6688
3 9190 6688 10688
3 10688 6688 13142
3 6690 10635 11503
3 6712 6710 6691
3 6712 6691 13570
3 6692 11240 11232
3 6693 8223 10450
3 6693 11016 8223
3 13568 6693 10450
3 6694 11246 11240
3 6695 6697 6704
3 6698 6696 13421
3 13421 6696 12127
3 6697 6703 6704
3 6699 6701 6700
3 6701 6707 6708
3 12771 6702 12662
3 12771 12796 6702
3 12796 13072 6702
3 13074 13049 6702
3 13072 13074 6702
3 6703 6717 6704
3 6703 6716 6717
3 13577 6705 10236
3 6705 13598 10236
3 6706 13336 10773
3 6708 6996 6994
3 6711 6983 11798
3 6711 13570 6983
3 6714 11240 6713
3 6713 11240 11246
3 6714 11021 11798
3 6714 11232 11240
3 6714 11798 11232
3 9202 6884 6715
3 11778 6715 6884
3 7271 6715 11778
3 11786 9202 6715
3 6988 6716 6979
3 6734 6718 6801
3 7893 6719 8898
3 7893 13340 6719
3 6719 13389 10331
3 6719 13340 13389
3 6720 9061 9047
3 12055 9061 6720
3 6721 13075 13388
3 6724 11863 7862
3 12979 7002 6725
3 12979 6725 7030
3 6727 8729 13063
3 6728 7308 6945
3 6728 6945 11753
3 11539 7308 6728
3 13075 6730 6729
3 7020 7016 6729
3 13075 6729 7016
3 7020 6729 7021
3 7897 13180 6731
3 13180 13168 6731
3 7001 6732 6989
3 7025 6732 7001
3 6734 6801 6864
3 6772 11071 6736
3 11298 6772 6736
3 6984 11298 6736
3 6984 6736 11717
3 9012 6736 11071
3 9012 11717 6736
3 6737 6787 6743
3 6737 9604 6787
3 7273 6738 9823
3 7273 12125 6738
3 9966 9823 6738
3 6747 13569 6739
3 6739 13569 9441
3 6741 6740 7043
3 7043 6740 7042
3 6742 6959 11301
3 7334 6745 7337
3 6748 10066 8364
3 6748 9106 9324
3 6748 9324 9415
3 6752 6749 11218
3 11227 6749 6752
3 6749 7044 11218
3 6750 7047 7342
3 12776 6751 6780
3 12891 6751 12776
3 6753 9761 6794
3 6753 7805 10064
3 6753 8371 9761
3 6753 10064 8371
3 6756 7049 6754
3 6756 7601 7049
3 6756 7600 7601
3 6801 6759 6864
3 12146 6760 9247
3 6765 6766 6764
3 6769 6771 6770
3 6772 10061 10056
3 11071 6772 10056
3 6772 10836 10061
3 6772 11067 10836
3 11298 11067 6772
3 6778 8371 6773
3 7801 6803 6773
3 8715 6773 6803
3 7801 6773 8371
3 7050 6774 12754
3 6778 9761 8371
3 9421 9761 6778
3 11011 9421 6778
3 6779 7741 7079
3 13307 6779 7079
3 7974 12776 6780
3 6781 8241 7368
3 6781 8239 8241
3 7257 11955 6782
3 12268 7257 6782
3 6782 11955 12577
3 12443 6782 12577
3 12808 6783 11512
3 13484 6784 13482
3 6792 6788 7378
3 6788 7645 7378
3 12583 6823 6789
3 6789 6823 12696
3 6789 12696 12654
3 12686 6790 8748
3 6790 9835 11697
3 7648 7646 6791
3 7380 6792 7378
3 8085 6793 6837
3 6793 10323 6837
3 6793 7799 10323
3 8085 8364 6793
3 7755 8374 6794
3 7811 6794 8374
3 6795 6797 6800
3 10954 6795 6800
3 10954 7385 6795
3 9837 6796 7209
3 11687 7209 6796
3 11692 6796 9837
3 11692 13377 6796
3 7964 12669 6798
3 7086 10954 6800
3 11529 7086 6800
3 7801 7798 6803
3 6803 7798 9304
3 8715 6803 8713
3 8713 6803 9304
3 9405 6809 6808
3 6809 13081 6808
3 9405 11485 6809
3 6809 11485 10779
3 6811 7807 7808
3 6811 7808 7809
3 6811 7809 8372
3 8221 8009 6813
3 6813 8009 12654
3 6817 6816 7775
3 6816 8374 7755
3 6817 7775 8719
3 6817 9759 8379
3 6817 8719 9759
3 9735 7880 6818
3 9735 6818 8366
3 8366 6818 12079
3 12730 12079 6818
3 12730 6818 12963
3 9125 6819 9695
3 9700 6819 9251
3 9251 6819 10052
3 11269 6820 7211
3 7211 6820 13047
3 11269 11684 6820
3 6822 6821 8181
3 8181 6821 7117
3 12583 8873 6823
3 12282 12696 6823
3 11683 6825 11460
3 6826 7119 6828
3 6828 7119 7403
3 6828 7403 7120
3 6829 7120 7123
3 7809 7808 6831
3 7808 9085 6831
3 9085 8091 6831
3 6831 8091 10772
3 10359 8071 6833
3 9301 6834 9439
3 12597 9439 6834
3 12827 13316 6835
3 6836 10967 6893
3 6836 7186 8086
3 6836 8086 10501
3 6836 10501 10967
3 6977 6837 10323
3 9843 6838 7133
3 6838 12058 7133
3 11861 7143 6838
3 6838 7143 12058
3 11861 6838 9843
3 12183 6839 12970
3 12183 13179 6839
3 10050 8385 6840
3 6840 9040 9039
3 10050 6840 9039
3 10751 9040 6840
3 6841 9469 7036
3 6842 7650 6846
3 8211 6842 6846
3 8211 7647 6842
3 6842 7647 12277
3 6842 12278 7650
3 6844 9476 9461
3 13515 6852 13233
3 6855 12198 10980
3 6856 9349 12170
3 12284 6856 12128
3 6856 12856 12128
3 6856 12170 12856
3 6857 8100 8099
3 10050 9039 6857
3 12682 9949 6858
3 11657 8855 6859
3 11657 6859 11658
3 11658 6859 12054
3 12054 6859 12441
3 6860 11517 10478
3 8748 6862 10345
3 8748 12153 6862
3 8268 6867 11728
3 6867 8768 11728
3 6868 11721 8736
3 6868 11857 11721
3 7160 7428 6869
3 9770 6869 7428
3 7434 6871 7146
3 10291 6875 10115
3 10291 10690 6875
3 6880 7298 6912
3 7156 7164 6882
3 6883 12721 9123
3 6883 9502 12721
3 6883 12957 9502
3 9202 11575 6884
3 6886 7179 6887
3 8415 6888 11160
3 8415 11781 6888
3 11571 11160 6888
3 11980 6888 11781
3 9555 10966 6890
3 9401 6891 7455
3 7821 11188 6892
3 9555 6893 10795
3 10967 10795 6893
3 7377 7741 6894
3 6895 6896 11901
3 6896 7181 11901
3 9458 12703 6897
3 12703 9532 6897
3 7275 6898 7348
3 7275 7349 6898
3 11253 6898 7349
3 11253 7461 6898
3 6899 6921 9461
3 6899 12701 6921
3 6899 9461 9476
3 8098 6900 7478
3 8098 10256 6900
3 6902 7188 8234
3 6902 11172 7188
3 6904 10765 7193
3 6904 9110 10765
3 6905 7194 8050
3 6905 8050 8040
3 6907 7196 11450
3 6908 10751 8233
3 6908 9071 10751
3 6910 7477 9040
3 6910 9040 9071
3 7298 11856 6912
3 7495 6912 11856
3 6915 9573 8216
3 7482 6918 6916
3 6916 6918 11146
3 7482 6916 11487
3 10079 6916 11146
3 10079 11147 6916
3 6916 11147 11487
3 6917 10491 7203
3 6917 7203 11147
3 10079 6917 11147
3 10079 11634 6917
3 6919 11856 7298
3 11443 6920 12236
3 6920 12729 12236
3 6921 8144 12700
3 6921 12701 8144
3 6922 7206 7486
3 10899 7206 6922
3 6922 7486 12138
3 6922 8735 10753
3 6922 12138 8735
3 10899 6922 10753
3 6923 8247 8735
3 6923 8735 12138
3 11130 6923 8916
3 6923 12139 8916
3 6923 12138 12139
3 6924 7471 6942
3 6924 6942 12088
3 12045 6924 12088
3 12045 12098 6924
3 11125 6925 13067
3 10733 8937 6926
3 10976 6926 8937
3 10733 6926 12729
3 10976 11125 6926
3 11290 6927 7503
3 8634 6932 6933
3 7217 6933 7018
3 7217 7069 6933
3 8634 6933 7069
3 6992 6934 9488
3 9488 6934 12128
3 11994 12128 6934
3 11994 6934 12392
3 7744 6935 11391
3 7218 6936 6937
3 6937 6936 7744
3 7218 6937 7968
3 7968 6937 10727
3 12045 6938 12029
3 12045 12088 6938
3 6940 10897 6939
3 6940 7212 11351
3 6940 11368 7212
3 6940 10442 11368
3 6940 11351 10897
3 8540 6941 7506
3 8540 7525 6941
3 7408 12088 6942
3 6948 6944 12176
3 6944 9631 12176
3 11536 9665 6945
3 9665 11753 6945
3 7515 6946 7220
3 9896 6947 10340
3 9896 10426 6947
3 11534 6947 10217
3 10217 6947 12609
3 11534 10340 6947
3 12609 6947 10426
3 10908 6949 6957
3 6951 11121 13078
3 6951 13078 11749
3 7177 6952 6963
3 12969 6963 6952
3 7177 9870 6952
3 12969 6952 12305
3 6953 10893 7220
3 8157 10822 6956
3 6956 13466 9433
3 10822 13326 6956
3 13326 13466 6956
3 10192 10170 6960
3 11527 10192 6960
3 6961 7228 11056
3 6961 11056 12066
3 6986 6962 11394
3 11277 7177 6963
3 11899 6963 9522
3 9522 6963 12969
3 11277 6963 12460
3 11899 12460 6963
3 7415 12015 6965
3 6965 12015 12025
3 12183 12012 6966
3 12012 12336 6966
3 12183 6966 13179
3 6966 12305 12333
3 12969 12305 6966
3 13179 6966 12333
3 12969 6966 12336
3 8138 6971 7827
3 8724 7827 6971
3 8724 6971 8104
3 8138 8105 6971
3 6979 6972 6978
3 10341 7604 6973
3 7604 7070 6974
3 6974 7070 9587
3 12473 9503 6974
3 12473 6974 9587
3 6975 10690 7142
3 11154 6975 7142
3 11154 11370 6975
3 6985 6976 6980
3 6985 7258 6976
3 7239 6976 7240
3 7239 7241 6976
3 7240 6976 7258
3 6977 8078 10101
3 12015 7389 6981
3 12015 6981 8328
3 12110 8328 6981
3 7863 6982 8731
3 8731 6982 8400
3 11798 6983 11232
3 6984 11710 11298
3 6984 11907 11710
3 7268 6985 6994
3 7268 7258 6985
3 6987 7369 7367
3 6987 7367 9838
3 6987 9729 7369
3 6987 9838 8874
3 12616 6987 8874
3 12616 9729 6987
3 6988 7259 7000
3 7265 7264 6990
3 11027 6991 6993
3 11027 7249 6991
3 6991 7249 11120
3 6992 9488 12167
3 6992 11805 9543
3 6992 12167 11805
3 7547 13422 6993
3 7547 6993 13443
3 11027 6993 13422
3 8235 7452 6995
3 6995 7452 12705
3 8235 6995 9515
3 6995 9702 9515
3 9950 9702 6995
3 9950 6995 12705
3 7003 6996 7002
3 11396 6997 11425
3 7180 11117 6998
3 7180 6998 12995
3 11942 6998 11746
3 11942 12995 6998
3 10505 6999 7286
3 7025 7001 13032
3 13306 13032 7001
3 12979 10990 7002
3 7004 11475 11690
3 7004 11690 13302
3 7005 10034 10910
3 12480 10034 7005
3 7006 7675 10113
3 7009 7469 11462
3 8182 7009 11462
3 11879 7009 8182
3 7017 7010 7016
3 13388 7016 7010
3 7017 13386 7010
3 13386 11021 7010
3 7012 8727 8407
3 7012 8728 8727
3 11020 7013 7022
3 11020 10876 7013
3 7301 7562 7014
3 7014 7562 10649
3 8882 7015 8392
3 13388 13075 7016
3 7021 10505 13043
3 8184 7022 13173
3 11540 7023 7024
3 10907 7032 7024
3 11540 7024 7032
3 10907 7024 13038
3 7289 7290 7026
3 7026 7290 8231
3 11428 7027 7189
3 9201 7028 8977
3 8977 7028 13579
3 9098 7028 11092
3 11092 7028 9201
3 12979 7030 7029
3 12979 7029 10994
3 11540 7032 11748
3 12913 7033 7034
3 7454 7035 9839
3 9467 10184 7035
3 9467 7035 10206
3 7035 10184 9839
3 9469 9668 7036
3 11043 11451 7036
3 12440 12237 7040
3 12440 7040 12679
3 7040 13133 12679
3 7040 12889 13133
3 7042 10984 10182
3 11122 7045 7399
3 7399 7045 13078
3 12606 7045 11122
3 11350 7045 12606
3 10260 7046 12157
3 10260 13024 7046
3 12157 7046 13028
3 13276 7046 13024
3 7046 13027 13028
3 13276 13027 7046
3 7048 7057 9171
3 12315 12366 7050
3 12315 7050 12754
3 7053 11342 10973
3 7148 11932 7054
3 7302 9829 7055
3 7302 7055 12314
3 9829 7518 7055
3 11893 7055 11476
3 11893 12314 7055
3 8214 7056 12653
3 7057 8441 9167
3 7057 9450 8441
3 7057 9167 9171
3 7060 8417 8383
3 7060 8383 11699
3 11668 8417 7060
3 10341 7061 7070
3 7061 12275 9962
3 7062 7773 9914
3 11448 7062 9914
3 11292 10420 7063
3 13053 7063 10420
3 11242 7065 8789
3 11242 8855 7065
3 7065 8855 11657
3 12076 7065 11657
3 7066 8200 7456
3 12266 9600 7068
3 12266 7068 12921
3 12462 12921 7068
3 8634 7069 7501
3 10341 7070 7604
3 7840 7072 8487
3 10745 7072 7840
3 7074 11437 7084
3 11012 10760 7074
3 7271 7075 11202
3 7271 11778 7075
3 7075 9601 11202
3 7075 12195 9601
3 9605 7595 7078
3 12193 7078 7595
3 12392 9605 7078
3 11994 7078 12194
3 11994 12392 7078
3 12193 12194 7078
3 7377 7079 7741
3 7274 7080 12193
3 12390 7080 11599
3 12193 7080 12194
3 12390 12194 7080
3 12522 12516 7081
3 10593 7082 10220
3 7082 12191 10220
3 12294 7082 10593
3 12621 12191 7082
3 9485 7084 11437
3 7085 11432 11238
3 7085 11849 11432
3 7391 7392 7086
3 11529 7391 7086
3 7086 7392 7653
3 7086 7653 10954
3 7624 7087 7113
3 12886 7113 7087
3 12936 7497 7087
3 7087 7497 13401
3 7624 12936 7087
3 12886 7087 7627
3 7087 13401 7627
3 7183 7088 7098
3 11647 7098 7088
3 8448 7200 7088
3 11647 7088 7200
3 11864 7402 7089
3 12056 7089 7402
3 11864 7089 8115
3 12960 7091 12298
3 12960 13193 7091
3 12962 7091 13193
3 10612 7092 7390
3 7093 8725 8633
3 11003 7093 8633
3 11529 7094 7391
3 11647 7200 7096
3 7599 7564 7097
3 7097 7564 11362
3 10191 7599 7097
3 7886 7097 7629
3 7629 7097 11362
3 10191 7097 7886
3 7099 8841 8256
3 7099 13480 13209
3 7100 12243 12248
3 9241 7101 8124
3 7101 13262 8124
3 12733 7101 9241
3 7101 11684 13262
3 11667 8532 7102
3 8862 9114 7102
3 7145 7141 7105
3 8548 7105 7141
3 8548 8862 7105
3 7125 7106 10925
3 7125 11378 7106
3 9202 7106 11575
3 11575 7106 11378
3 7659 12570 7109
3 7109 12570 9232
3 11054 7110 11672
3 11600 7110 11372
3 7624 7113 8119
3 8119 7113 7681
3 12886 7681 7113
3 13301 7114 11890
3 7115 7127 8067
3 7715 7117 7396
3 7715 7717 7117
3 8181 7117 7717
3 7118 12065 7326
3 7118 7326 12485
3 7118 12290 12065
3 7120 12355 7123
3 7403 7404 7120
3 7404 12355 7120
3 10584 7121 9992
3 10584 10827 7121
3 7122 9668 8686
3 7122 11680 9668
3 7122 12817 11680
3 7122 12488 12817
3 7405 7123 12355
3 7266 7125 7825
3 7266 11378 7125
3 12375 7143 7126
3 12375 7126 8064
3 8064 7126 12476
3 12273 12476 7126
3 7128 11551 7140
3 7130 7343 9564
3 7132 7140 11551
3 7132 8468 8866
3 7371 8912 7133
3 7371 7133 9683
3 9843 7133 8912
3 9683 7133 12058
3 7630 7426 7135
3 7631 7135 7426
3 7630 7135 10049
3 7631 12953 7135
3 8296 10344 7137
3 11293 8446 7139
3 7145 11547 7141
3 7584 7142 7594
3 7594 7142 10690
3 7611 12058 7143
3 12375 7611 7143
3 7144 11139 7355
3 11358 7144 7355
3 7148 11944 11932
3 9354 7149 12046
3 7163 7152 7162
3 7163 7440 7152
3 11555 7153 11964
3 7153 12176 11964
3 7156 12151 7164
3 7157 8454 8457
3 9133 11557 7157
3 7160 7158 7159
3 7159 7165 10551
3 7159 10551 7759
3 9640 7163 7439
3 9640 7440 7163
3 7251 7763 7164
3 7251 7164 12151
3 7769 7216 7165
3 10551 7165 7216
3 8829 7166 7171
3 12175 7171 7166
3 11347 9546 7168
3 11747 11347 7168
3 11347 7170 9546
3 8829 7171 10477
3 7171 11759 10477
3 7171 11965 11759
3 12175 11965 7171
3 7174 7172 7173
3 7176 12037 7173
3 7175 7763 8068
3 7175 12037 7763
3 7177 12327 9870
3 11277 12513 7177
3 7177 12513 12327
3 7451 7179 7178
3 7180 10875 11117
3 7180 12995 11340
3 7459 7181 7457
3 9401 7457 7181
3 9206 7182 9189
3 10869 7184 9940
3 11090 9940 7184
3 11520 11090 7184
3 11834 10965 7185
3 11884 7185 10983
3 11834 7185 11852
3 11884 11852 7185
3 10921 7187 7191
3 11799 7187 10921
3 11799 10927 7187
3 8234 7188 7192
3 8423 7190 7973
3 7973 7190 10016
3 8423 8712 7190
3 11703 7191 7466
3 10921 7191 11703
3 7444 8234 7192
3 7444 7192 11682
3 7814 7816 7194
3 8445 11564 7195
3 11747 7202 11943
3 7480 7203 8195
3 7480 11147 7203
3 10747 8195 7203
3 10747 7203 10491
3 7824 7204 7484
3 10735 7484 7204
3 7824 9573 7204
3 10735 7204 8916
3 7206 7490 7486
3 7491 7206 10899
3 7769 7208 7216
3 11275 9837 7209
3 9960 7209 11273
3 11275 7209 9960
3 7210 11104 11066
3 7215 11351 7212
3 7212 11368 7829
3 7215 7214 7213
3 7502 7510 7218
3 7502 7218 7968
3 10159 8813 7219
3 7515 7220 7529
3 7529 7220 10893
3 7221 11268 11051
3 8424 8439 7222
3 9183 11290 7223
3 7232 7224 7400
3 7224 10777 7400
3 8243 8659 7225
3 13479 7226 12334
3 7227 7231 12509
3 7227 11701 7300
3 7227 11897 11701
3 7227 12509 11897
3 7228 11149 7842
3 7230 8130 7539
3 7231 12012 12509
3 7231 12510 12012
3 7243 7242 7233
3 7235 7244 9179
3 7235 8999 12297
3 7236 8383 8417
3 8928 8383 7236
3 11120 7249 7237
3 7238 7539 8143
3 7846 7241 7239
3 7846 7239 8434
3 7544 7240 7258
3 7846 7528 7241
3 7244 7374 9273
3 7244 11867 7374
3 9179 7244 9273
3 7454 7246 9681
3 7454 9839 7246
3 12059 9681 7246
3 11251 7246 9839
3 11251 12059 7246
3 10638 7248 10672
3 7250 8470 7899
3 7251 8068 7763
3 7251 7765 8068
3 11029 7436 7253
3 11025 7253 9214
3 11029 7253 11025
3 10346 10386 7254
3 10346 7255 10386
3 7255 10389 10386
3 7257 7406 11955
3 12268 9686 7257
3 7549 7258 7268
3 7549 7544 7258
3 7259 7260 7262
3 12376 7261 10931
3 10931 7261 12692
3 12266 7261 12376
3 12266 12921 7261
3 7553 7262 7552
3 7265 7851 7264
3 7264 7851 7859
3 7264 7859 7860
3 7266 7825 10234
3 7266 10234 10888
3 7549 7268 8161
3 7788 11660 7269
3 11855 7269 11660
3 11882 7272 7270
3 11883 7270 7272
3 11463 7270 9653
3 11882 7270 11463
3 11881 7272 11882
3 7273 9823 11720
3 7274 7595 8317
3 7274 12193 7595
3 7275 11774 7349
3 7275 11979 11774
3 11685 8408 7276
3 12769 7551 7277
3 9929 9354 7277
3 12769 7277 9354
3 9929 7277 10096
3 7293 8480 7278
3 7293 7278 8825
3 10774 7279 7282
3 10774 7289 7279
3 7281 13224 7433
3 7283 8399 8955
3 7283 8955 8408
3 7543 11238 7284
3 11116 7284 11432
3 11116 11437 7284
3 11238 11432 7284
3 7286 7553 7555
3 7878 7286 7555
3 7878 10483 7286
3 7286 10483 10505
3 9907 7398 7287
3 7287 7398 10264
3 7287 10264 9008
3 9907 7287 10249
3 7288 13080 13094
3 7290 7550 8231
3 10677 7550 7290
3 7291 9008 10329
3 7293 8096 8824
3 7293 8824 8480
3 10215 10192 7294
3 11940 7294 11735
3 7297 10965 10781
3 11701 11477 7300
3 12618 7300 11477
3 7302 11697 9829
3 7302 12315 11697
3 7302 12314 12366
3 7302 12366 12315
3 10994 7303 10856
3 7305 11970 8361
3 7305 11951 11155
3 11573 9932 7306
3 7306 10922 11162
3 7311 7307 10852
3 7307 10968 10852
3 11562 8398 7308
3 11539 11358 7308
3 11358 11562 7308
3 8846 8942 7309
3 9531 7309 8942
3 7311 10852 10307
3 7312 7572 10399
3 7313 10853 7314
3 7313 7314 10968
3 7313 10213 10368
3 7313 10399 10213
3 7313 10368 10853
3 7313 10968 10399
3 10352 7318 7314
3 10852 7314 7318
3 10352 7314 10853
3 10968 7314 10852
3 7315 7316 10289
3 10847 7316 7315
3 7317 7315 10289
3 10307 7315 7317
3 10307 7318 7315
3 7318 10847 7315
3 10194 7316 7323
3 10847 7323 7316
3 10194 7324 7316
3 7316 7324 10289
3 10852 7318 10307
3 10352 10847 7318
3 9883 7320 7398
3 7320 10264 7398
3 9883 7414 7320
3 7320 7414 10035
3 7320 10035 7420
3 7320 7420 10264
3 10352 10853 7321
3 10917 7322 7579
3 7579 7322 11157
3 11160 7322 10917
3 11571 7322 11160
3 7575 7324 7972
3 7575 10289 7324
3 10194 7972 7324
3 8527 7325 7358
3 7325 8530 8198
3 7325 8513 8530
3 7326 7331 12724
3 7328 12851 7521
3 10915 7582 7329
3 7582 11156 7329
3 9883 7398 7330
3 9907 7330 7398
3 7458 7504 7330
3 7458 7330 9907
3 7335 12330 9451
3 7335 11442 11019
3 7335 11019 12330
3 7335 11861 11442
3 11453 10782 7336
3 8527 8525 7338
3 13463 7338 8525
3 11677 8378 7339
3 7591 10173 7340
3 7341 13555 8014
3 7341 8016 8082
3 7341 8082 13555
3 10540 11922 7345
3 10540 7345 12376
3 12376 7345 11851
3 10043 10152 7347
3 7347 10152 10071
3 10699 7349 11774
3 10971 7350 11342
3 7350 10973 11342
3 7465 7353 7351
3 10156 7351 7353
3 10660 8982 7351
3 10660 7351 10156
3 9012 7352 11717
3 12111 10644 7352
3 10037 7353 7465
3 10037 10132 7353
3 8876 7472 7354
3 7472 11775 7354
3 10676 7355 11139
3 11358 7355 11562
3 7361 7356 7921
3 10477 11759 7357
3 7357 11759 11554
3 8527 7358 8525
3 11664 7363 8214
3 8214 7363 13001
3 7619 7365 7621
3 7621 7365 7640
3 7369 9754 7367
3 12613 9838 7367
3 7368 8241 7858
3 7369 9729 9782
3 11478 9754 7369
3 11478 7369 9782
3 7370 10097 7926
3 7371 12441 8912
3 7371 12054 12441
3 7372 11478 9775
3 9950 7373 9702
3 7373 10963 9702
3 9950 11477 7373
3 11895 10963 7373
3 11701 7373 11477
3 11895 7373 11701
3 11675 7422 7374
3 11675 7374 11867
3 7380 7378 8206
3 7379 7638 11058
3 7379 11058 10162
3 7382 7380 7932
3 7932 7380 8206
3 8117 7381 9819
3 10420 7381 8117
3 10111 7381 10420
3 13483 7384 13477
3 10374 7390 7386
3 7386 7390 10604
3 8212 10374 7386
3 8902 11126 7388
3 7388 10883 10882
3 11127 7388 10882
3 11126 10883 7388
3 7415 8347 7389
3 7415 7389 12015
3 10374 10612 7390
3 7653 7392 7937
3 7419 7395 9163
3 9890 7395 7419
3 11251 7536 7397
3 11251 7397 11865
3 11865 7397 12474
3 11122 7399 10881
3 13593 7400 10777
3 7401 9010 9768
3 12056 7402 9226
3 11864 11015 7402
3 7403 7720 7404
3 7405 12355 7721
3 7569 7406 11241
3 7569 11955 7406
3 9929 11241 7406
3 7407 7723 9842
3 9854 7723 7407
3 7410 9833 7726
3 7410 7726 10813
3 9842 9833 7410
3 7410 10813 12328
3 10022 10035 7414
3 11107 7418 11106
3 9890 7419 8537
3 10556 7419 9163
3 10060 7420 10035
3 7534 7422 11263
3 7422 11675 11263
3 7731 7423 8037
3 7630 12954 7426
3 8205 7427 10171
3 8205 12893 7427
3 7427 10287 10171
3 7427 12286 10287
3 9770 7428 7429
3 10839 7429 7428
3 8060 10839 7428
3 7430 8921 8554
3 7430 11698 8921
3 8299 7431 7440
3 7431 10590 7743
3 8299 10590 7431
3 8052 7432 8298
3 7435 7438 7437
3 7762 7437 7438
3 7762 7438 7761
3 7439 7770 7771
3 8299 7440 9640
3 9594 10788 7442
3 10967 10510 7442
3 10795 7442 10788
3 10967 7442 10795
3 9561 7443 7446
3 10788 7446 7443
3 9555 10795 7443
3 9555 7443 10966
3 9561 10793 7443
3 10795 10788 7443
3 10966 7443 10793
3 7444 7468 9110
3 7444 9132 7468
3 7444 9110 8234
3 7444 11682 9132
3 7685 7445 7450
3 10793 7445 7685
3 9561 7445 10793
3 7781 7780 7446
3 9561 7446 7780
3 12123 7447 7471
3 7782 9518 7448
3 8357 7448 9518
3 7451 8358 9501
3 10196 7452 12406
3 10196 12705 7452
3 7454 9681 12477
3 7456 8200 7455
3 7457 7455 8200
3 9401 7455 7457
3 9343 7460 10536
3 9343 11884 7460
3 11253 12772 7461
3 7462 10802 10637
3 7462 10800 10802
3 11472 11467 7462
3 8761 10261 7464
3 7465 7493 12494
3 10037 7465 11151
3 7465 12494 11151
3 7807 7802 7467
3 10921 11703 7467
3 7806 7468 9108
3 7806 10765 7468
3 7468 9132 9108
3 7468 10765 9110
3 10562 7469 7473
3 11265 7469 10562
3 11265 11462 7469
3 7813 9085 7470
3 7472 12219 11775
3 7474 7816 8094
3 9040 7477 9039
3 7479 10951 10747
3 7479 13584 10951
3 10738 11487 7480
3 7480 11487 11147
3 7481 11881 7566
3 12306 11881 7481
3 7483 8867 8190
3 7483 13603 8867
3 7824 7484 8923
3 7826 8923 7484
3 12138 7486 12139
3 8205 10171 7487
3 8205 7487 10285
3 10326 7487 10171
3 10285 7487 13055
3 10326 12304 7487
3 13055 7487 12304
3 10668 7488 8204
3 11136 8204 7488
3 11131 8398 7488
3 11136 7488 8398
3 10669 7488 10668
3 11131 7488 10669
3 8968 13562 7489
3 13562 11823 7489
3 7491 8767 8109
3 7491 8772 8767
3 7491 11434 8772
3 7491 10899 11434
3 7492 7500 9722
3 7492 9722 8716
3 7493 11150 12494
3 7494 7627 13401
3 7494 13401 9880
3 7494 11555 11148
3 10674 7496 10402
3 10896 10402 7496
3 10673 7496 10674
3 10673 10898 7496
3 7497 12804 13401
3 7500 7501 7831
3 8634 7501 7500
3 7500 7831 9722
3 7840 7502 7509
3 7502 8611 7509
3 7840 7510 7502
3 7502 7968 8611
3 13450 13462 7505
3 8540 7506 7513
3 12247 7507 11830
3 7508 7514 8587
3 7508 8595 7514
3 7508 7538 8595
3 10745 7840 7509
3 10745 7509 8136
3 7840 8487 7510
3 7511 9651 8785
3 10095 10535 7512
3 8540 7513 8127
3 7514 8586 8587
3 7514 9863 8586
3 7514 8595 8596
3 7514 8596 9863
3 7716 8708 7516
3 7716 7516 10573
3 11281 7516 8708
3 10196 10573 7516
3 10196 7516 12705
3 11281 12705 7516
3 7517 7523 10719
3 7517 10908 7523
3 10809 7834 7517
3 10809 7517 10719
3 7634 7518 8569
3 11282 8569 7518
3 11282 7518 9829
3 10698 7520 7527
3 10531 11012 7521
3 10176 11024 7524
3 7524 11024 11263
3 7560 7526 7731
3 10698 7527 7533
3 7846 10431 7528
3 10431 11194 7528
3 8131 7529 11194
3 7529 10893 11194
3 8599 7532 8851
3 8599 11754 7532
3 9632 8851 7532
3 11818 9632 7532
3 7534 11024 7766
3 7534 11263 11024
3 7852 7535 8440
3 11023 7617 7536
3 11251 11023 7536
3 13062 10546 7537
3 8063 8595 7538
3 8063 7538 8616
3 7538 9834 8616
3 7539 8130 8140
3 7539 8140 8143
3 10024 7542 11007
3 10055 10762 7542
3 10762 11007 7542
3 7543 10523 11006
3 11006 11238 7543
3 7546 8435 8142
3 11027 13422 7546
3 7550 7547 13433
3 13433 7547 13443
3 9786 10216 7548
3 8133 7549 8161
3 7550 13433 8231
3 7552 8213 7875
3 11643 7554 8602
3 8602 7554 11811
3 7878 7555 7877
3 7556 10670 8122
3 7556 8184 10670
3 10534 7557 11013
3 10534 11014 7557
3 8037 7560 7731
3 10785 8122 7561
3 13038 7561 8122
3 7562 7563 10649
3 8043 8169 7563
3 7563 8169 8168
3 7563 8168 10649
3 9834 8312 7565
3 9868 7565 8591
3 9834 7565 8603
3 9868 8603 7565
3 11881 11882 7566
3 7878 7988 7567
3 7878 7567 10483
3 7885 7567 7879
3 7879 7567 7988
3 10857 10483 7567
3 7568 7575 10639
3 7569 11241 7570
3 7569 7570 12852
3 7569 12667 11955
3 7569 12852 12667
3 7570 10096 10105
3 7570 11241 10096
3 13599 7573 7571
3 8995 7571 10970
3 13599 7571 8995
3 7572 10218 10213
3 7572 10213 10399
3 7662 11776 7573
3 11771 7574 11765
3 11769 7574 11771
3 10639 7575 7972
3 8616 8603 7576
3 9853 7576 8603
3 8614 8616 7576
3 7577 10107 7848
3 7577 7848 10444
3 10917 10107 7577
3 10295 10917 7577
3 7577 10444 10996
3 7580 7578 10645
3 10368 10645 7578
3 10697 10107 7579
3 10917 7579 10107
3 10916 11109 7581
3 11158 7581 11109
3 11151 7583 10155
3 11151 12494 7583
3 12786 7583 12494
3 10185 7590 10909
3 7590 11153 10909
3 10037 7592 10132
3 10037 11151 7592
3 11220 10132 7592
3 11151 10155 7592
3 7593 10910 10034
3 10291 7594 10690
3 7612 7596 11766
3 7596 9445 9407
3 7598 7906 7600
3 10191 10416 7599
3 7602 8149 7603
3 7606 8266 7720
3 7616 7636 7608
3 7610 8070 8069
3 7610 8069 13544
3 7610 8592 8070
3 7610 8612 8592
3 10700 8612 7610
3 10700 7610 13544
3 7611 9514 12274
3 7611 12274 12058
3 7613 7858 10619
3 8831 7614 9464
3 12241 11961 7614
3 7643 7617 10770
3 11023 10770 7617
3 11764 7618 11796
3 7923 7621 7640
3 7923 7916 7621
3 8613 8973 7622
3 7622 8974 8664
3 8973 10548 7622
3 7622 10548 8974
3 7624 8119 10292
3 7624 10292 10904
3 7624 10904 12936
3 12886 7627 10687
3 10883 10663 7628
3 10883 7628 10882
3 7630 10416 12954
3 7631 10685 12953
3 8196 7632 7678
3 7634 8569 8585
3 12382 7635 12902
3 12140 11108 7637
3 8708 7638 12986
3 8708 12992 7638
3 7638 12992 11058
3 7639 7928 7926
3 7639 7926 10097
3 12554 7641 10869
3 12554 10870 7641
3 8960 7673 7642
3 7642 7673 11752
3 11754 8960 7642
3 9943 7643 10335
3 9943 11732 7643
3 7643 10770 10335
3 10004 10006 7644
3 10061 10004 7644
3 10300 7644 10006
3 10061 7644 10056
3 10056 7644 12262
3 10300 12262 7644
3 8484 8202 7646
3 8217 7647 8211
3 7975 7651 10221
3 7975 10535 7651
3 10221 7651 9689
3 9689 7651 10537
3 7992 9871 7652
3 9871 11017 7652
3 13336 7654 10773
3 7656 7655 10519
3 7656 10523 7655
3 8023 7655 10223
3 8023 10519 7655
3 10272 10223 7655
3 10523 10272 7655
3 7656 10519 10506
3 7656 10506 10997
3 7656 11006 10523
3 7656 10997 11006
3 10834 7657 10835
3 7940 7660 7661
3 7940 7664 7660
3 7940 7661 8215
3 11643 11760 7662
3 7662 11760 11776
3 7668 7671 7677
3 7670 10421 10109
3 8957 7673 7680
3 8957 11752 7673
3 10423 10113 7675
3 8220 7679 12278
3 8957 7680 11779
3 8119 7681 7734
3 10108 7734 7681
3 7698 7683 8175
3 10162 7684 12822
3 10162 12958 7684
3 12822 7684 12528
3 7963 7692 7687
3 8412 7688 12707
3 12707 7688 12947
3 7691 8646 9017
3 9367 7691 9017
3 7693 7727 8011
3 11065 7727 7693
3 7867 7694 9814
3 9814 7694 8695
3 13046 8695 7694
3 11314 13046 7694
3 7695 7976 7699
3 8658 8660 7696
3 7696 9027 9020
3 7697 10641 10870
3 12887 10868 7697
3 7697 10870 12554
3 12887 7697 12554
3 7700 8022 10273
3 7700 10273 10807
3 7933 10568 7701
3 7933 7701 10803
3 11471 10803 7701
3 7703 8673 8662
3 9033 7703 8662
3 7707 7708 7705
3 10797 10174 7706
3 12588 7706 10174
3 7707 7987 7993
3 7711 7710 8676
3 7711 8676 8667
3 7711 8667 8678
3 7713 8167 8165
3 7715 8024 7717
3 7716 10282 7752
3 7716 7752 12992
3 7716 12992 8708
3 7716 10573 10282
3 8025 7717 8024
3 9842 7723 9833
3 8701 8690 7724
3 8701 7724 8693
3 7797 8890 7725
3 7797 7725 10527
3 8890 9924 7725
3 9924 11910 7725
3 8285 7726 8030
3 9833 8030 7726
3 8011 7727 7835
3 7727 11821 7835
3 8701 7730 8343
3 8701 8693 7730
3 7730 8693 8709
3 9207 8932 7733
3 9212 7733 8932
3 9212 9218 7733
3 9253 7733 9218
3 7995 8119 7734
3 7995 7734 8682
3 10350 8682 7734
3 10108 10350 7734
3 7735 8933 7896
3 7737 7767 9173
3 7737 9173 9197
3 11773 7739 12670
3 7742 9985 7920
3 7742 12304 9985
3 7742 13055 12304
3 8106 7754 7746
3 8106 7746 8256
3 8546 7751 13598
3 7751 10236 13598
3 12427 7752 10282
3 12427 13425 7752
3 13127 12992 7752
3 13425 13127 7752
3 10877 10646 7753
3 8106 8057 7754
3 7756 9734 10588
3 8296 8049 7757
3 8296 7757 10344
3 9734 10344 7757
3 9734 7757 10588
3 7760 7758 7759
3 7760 8302 7758
3 8060 7758 8059
3 8059 7758 8302
3 7760 7759 10551
3 7762 7761 8066
3 8580 8066 7761
3 8580 7761 8476
3 7762 8066 8067
3 10552 7766 7958
3 7958 7766 11024
3 10552 10787 7766
3 7768 12403 12464
3 9914 7773 10086
3 9694 8719 7775
3 8473 7778 9979
3 7778 9759 8719
3 9979 7778 8719
3 9130 9759 7778
3 9256 9389 7779
3 13602 9256 7779
3 7783 7782 7780
3 7783 8351 8349
3 7785 7787 10536
3 10101 8078 7787
3 8078 10536 7787
3 10767 7788 7986
3 10769 7788 10767
3 8393 7789 8722
3 7789 10529 8722
3 9173 7790 9197
3 7799 7793 10323
3 11834 7793 7799
3 11834 11852 7793
3 9096 7794 8922
3 9100 8943 7794
3 9096 9100 7794
3 9207 7795 8932
3 9096 7795 9100
3 9100 7795 9207
3 7796 7935 9917
3 7796 13323 7935
3 7796 9917 13167
3 7796 13167 10413
3 7796 10413 13323
3 7797 9916 8890
3 7797 10418 9916
3 7801 10494 7798
3 7798 10776 9304
3 7798 10494 10781
3 7798 10781 10776
3 7799 9304 10776
3 11834 7799 10776
3 8368 10419 7800
3 8368 7800 13201
3 11465 9559 7800
3 13341 7800 9559
3 13201 7800 10138
3 13341 10138 7800
3 11465 7800 10419
3 7801 8371 10064
3 7801 10064 10494
3 7804 7802 7803
3 7804 7803 10063
3 7805 9108 9132
3 10723 7810 10475
3 7812 8039 8112
3 7812 11074 8039
3 7812 8112 13603
3 7812 9433 11074
3 7813 8091 9085
3 8092 7815 8379
3 8065 10473 7818
3 7818 10473 10723
3 7819 7828 7861
3 7819 9064 7828
3 7887 7819 8898
3 7887 9064 7819
3 7893 8898 7819
3 7820 11336 8463
3 7820 11323 11336
3 7823 8223 8793
3 7823 10450 8223
3 7824 8793 9573
3 10448 10234 7825
3 10448 7825 13015
3 10452 13015 7825
3 7826 8105 10866
3 7826 10447 8923
3 7826 10866 10447
3 8138 7827 7845
3 7845 7827 13411
3 9237 7827 8724
3 9237 9710 7827
3 9710 13411 7827
3 7861 7828 8836
3 7915 8836 7828
3 7915 7828 9064
3 7829 8403 8402
3 7829 11368 8403
3 8110 7830 7894
3 9708 7894 7830
3 7904 7898 7830
3 9160 7830 7898
3 8110 7904 7830
3 9708 7830 9160
3 8114 8407 7831
3 7831 8407 9722
3 12702 12476 7832
3 12939 12702 7832
3 8652 7837 7833
3 7837 9820 7833
3 8652 7833 12898
3 7833 9820 10112
3 10205 10442 7834
3 10205 7834 10809
3 11145 7835 11821
3 13556 7835 11145
3 7837 8652 10508
3 8840 7837 10508
3 11134 11149 7838
3 10109 7841 9526
3 9818 7841 10110
3 11332 7841 9818
3 10109 10110 7841
3 7842 11149 11134
3 7978 7845 8550
3 9434 7845 7978
3 9434 8138 7845
3 7845 13411 8550
3 7846 8434 8132
3 7846 8132 10431
3 10444 7848 10133
3 8137 8134 7849
3 8137 7849 8438
3 8442 8438 7849
3 11589 11132 7850
3 11992 7850 11132
3 11584 11588 7850
3 11588 11589 7850
3 7853 8388 9520
3 7853 11343 8388
3 10108 7853 10350
3 10108 11343 7853
3 10957 7858 8241
3 10957 10619 7858
3 13306 7860 7865
3 7863 8731 9714
3 7863 9714 9988
3 7863 9988 9990
3 7867 9814 13236
3 7868 11213 10691
3 7869 8823 8096
3 7869 9813 8823
3 7869 12756 9813
3 7869 12791 12756
3 7869 13242 12791
3 8452 8787 7871
3 8452 7871 10876
3 8787 8779 7871
3 8402 8403 7873
3 8402 7873 8404
3 8403 8732 7873
3 11293 7874 8460
3 7988 7878 7877
3 7882 7879 7881
3 7881 7879 7988
3 7882 7885 7879
3 7887 8729 8638
3 7887 13063 8729
3 7887 8898 13063
3 12154 7891 8832
3 13601 8832 7891
3 9941 7891 9652
3 12154 9652 7891
3 9941 13065 7891
3 13601 7891 13065
3 9941 9652 7892
3 7892 9652 10472
3 13135 9941 7892
3 7892 10472 12080
3 7892 12080 12092
3 13135 7892 12092
3 7893 9199 13340
3 8110 7894 10237
3 8724 7894 9708
3 8724 10237 7894
3 10539 7895 9062
3 10755 9062 7895
3 8861 8738 7897
3 9705 9160 7898
3 9446 9705 7898
3 7899 7901 7900
3 7899 8470 7901
3 8470 8093 7901
3 7901 8093 8472
3 7903 10214 9936
3 10487 7903 9936
3 10487 13283 7903
3 7903 13283 13272
3 10241 7904 8110
3 8188 8191 7906
3 12219 7907 11775
3 13410 11775 7907
3 13410 7907 13147
3 8745 7912 7908
3 10210 7908 7912
3 8745 11193 7912
3 7930 7929 7913
3 7913 8956 7930
3 7915 8838 7931
3 7915 9064 8838
3 7917 7916 7923
3 7918 10849 10305
3 7918 10305 12228
3 7918 11080 10849
3 11513 7918 11076
3 7918 12228 11076
3 11513 11080 7918
3 7920 9004 7969
3 8509 9041 7922
3 8509 7922 9951
3 10439 7922 9041
3 7922 13546 9951
3 10439 12233 7922
3 7922 12233 13546
3 7925 7938 8026
3 9680 7938 7925
3 9149 10830 7927
3 10830 13327 7927
3 7964 7929 7930
3 7931 8838 8549
3 7933 10567 10568
3 9334 7935 8069
3 9336 8069 7935
3 8875 9336 7935
3 8875 7935 13323
3 9334 9917 7935
3 9998 8026 7938
3 9680 9437 7938
3 9437 9995 7938
3 9998 7938 9995
3 8756 8413 7939
3 8304 11857 7941
3 7942 8413 8756
3 9452 7942 8755
3 10639 7972 7943
3 7945 7949 7948
3 8765 9217 7947
3 9217 9465 7947
3 8497 7949 8495
3 7950 11373 8317
3 11158 11109 7950
3 7950 11109 11373
3 7955 8500 7952
3 8499 7952 8500
3 11309 10842 7953
3 11228 11217 7954
3 11229 7954 11217
3 8238 10552 7958
3 10176 7958 11024
3 7959 10544 10545
3 13192 13546 7959
3 8226 8225 7960
3 8226 7960 8505
3 7961 8533 8391
3 9812 8682 7962
3 10062 7962 8962
3 9812 7962 10062
3 7965 8265 8254
3 7965 8444 8265
3 7966 8227 8222
3 7966 8230 8227
3 8467 7967 10046
3 10046 7967 9219
3 9219 7967 13382
3 7967 9221 13382
3 8588 7969 13107
3 9004 13107 7969
3 8461 8451 7970
3 8451 8742 7970
3 11871 8461 7970
3 11871 7970 11863
3 10334 7971 8280
3 10334 9786 7971
3 8423 7973 8766
3 7973 10694 8766
3 8461 12776 7974
3 7975 8294 10535
3 8225 8229 7976
3 7989 7981 7977
3 9434 7978 13324
3 10517 13324 7978
3 10225 7979 8293
3 13272 8293 7979
3 10225 11013 7979
3 9240 7980 9142
3 9240 13429 7980
3 7980 9588 10609
3 7980 13429 9588
3 7982 11480 8325
3 7982 8325 11975
3 11264 11480 7982
3 7985 7984 7983
3 10767 7986 10229
3 7991 8090 10294
3 8710 7991 9264
3 9117 9116 7991
3 9116 9264 7991
3 9117 7991 10294
3 7992 7994 10224
3 7992 10224 12117
3 7994 8305 10224
3 7995 10292 8119
3 9812 7995 8682
3 12753 7995 9812
3 12753 10292 7995
3 7996 8789 10521
3 7996 11242 8789
3 10003 7996 10526
3 10003 11010 7996
3 7996 10521 10526
3 7996 11010 11242
3 7998 9054 9074
3 7998 9072 9073
3 7998 9074 9072
3 7998 9073 9083
3 8001 8017 8005
3 8001 8012 8017
3 8249 8245 8002
3 8783 8782 8003
3 8004 8251 8015
3 8498 8010 8006
3 8006 8010 9474
3 9490 8006 8047
3 9490 8498 8006
3 13329 8010 8498
3 8952 8010 13329
3 8012 8262 8017
3 8895 8014 13555
3 8526 8082 8016
3 8353 9597 8016
3 8526 8016 9597
3 8260 8017 8262
3 8416 8018 8166
3 8416 8900 8018
3 8019 9608 11514
3 8019 11514 11678
3 11356 8535 8020
3 10370 8020 11369
3 9890 8537 8021
3 8471 9980 8022
3 8471 8022 10278
3 10273 8022 9980
3 8023 9915 10519
3 8023 13248 9915
3 8023 10223 13167
3 8023 13167 13248
3 8025 8024 8264
3 9998 10009 8026
3 10009 13582 8026
3 8544 8276 8027
3 8281 8028 10126
3 8028 8921 10126
3 8281 8917 8030
3 8285 8030 8917
3 10509 10226 8034
3 10509 8034 10507
3 8247 11300 8036
3 8112 8039 8723
3 8723 8039 9144
3 8039 11112 9144
3 8039 11074 11112
3 8041 9826 8128
3 8041 8128 10789
3 8041 13580 9826
3 13490 8041 10789
3 13490 13580 8041
3 10512 8042 11002
3 8808 8043 8170
3 8045 10861 12207
3 12788 10861 8045
3 8296 8046 8049
3 8128 9826 8047
3 9490 8047 13492
3 9826 13492 8047
3 9213 8051 8808
3 10844 8053 8052
3 8060 8059 8053
3 8059 8571 8053
3 8060 8053 10839
3 10839 8053 10844
3 8128 8056 10789
3 9792 8315 8056
3 10118 8056 8315
3 10118 10789 8056
3 8063 8614 8058
3 8063 8058 9872
3 8614 9785 8058
3 8061 8812 8083
3 8061 8083 11325
3 8062 8626 9881
3 10166 8626 8062
3 9294 10166 8062
3 8062 9881 9889
3 8063 9872 8595
3 8063 8616 8614
3 8064 12476 12702
3 12932 8064 12702
3 8065 10172 10846
3 8065 10846 10473
3 8578 8066 8580
3 9334 8069 8070
3 13544 8069 9336
3 9876 8070 8592
3 9876 8593 8070
3 12150 8073 12584
3 12809 12584 8073
3 13104 12409 8075
3 13104 8075 13360
3 8332 8076 10117
3 8340 8077 8333
3 9343 10536 8078
3 8079 8352 8080
3 8080 8352 9109
3 8080 8706 8707
3 8080 9109 8706
3 13555 8082 8892
3 9508 9511 8083
3 9511 11325 8083
3 8470 9630 8093
3 8962 8472 8093
3 9512 8962 8093
3 9512 8093 9630
3 8096 8823 8824
3 8097 10429 12922
3 8097 13039 10911
3 8097 12922 13039
3 8390 8099 8100
3 13412 8099 8390
3 13568 8390 8100
3 9532 9589 8102
3 11865 8102 9589
3 10332 8102 12474
3 11865 12474 8102
3 8724 8104 10237
3 8138 10866 8105
3 8110 10237 8109
3 10241 8110 8109
3 10241 8109 8767
3 8111 10110 10421
3 8111 10428 10110
3 8112 8723 8189
3 8112 8189 8867
3 8112 8867 13603
3 8403 8113 8732
3 8403 11368 8113
3 11368 11399 8113
3 8114 8410 9824
3 11864 8115 9986
3 8772 8116 8767
3 13053 10420 8117
3 8118 8395 8396
3 8118 9142 8395
3 8118 8396 10447
3 9240 9142 8118
3 9240 8118 9661
3 8120 8481 8479
3 8120 8827 8481
3 8948 8827 8120
3 8948 8120 9520
3 12746 8147 8121
3 8432 8121 8421
3 8432 12746 8121
3 10670 13038 8122
3 12425 9241 8124
3 8125 10118 8316
3 9774 8125 8612
3 9774 10789 8125
3 8125 10789 10118
3 8131 11194 10431
3 8434 8431 8132
3 8133 8161 8168
3 8133 8168 8798
3 8137 8135 8134
3 8135 8429 8430
3 10745 8136 9981
3 8137 8438 8774
3 9434 10866 8138
3 9955 8142 8435
3 12276 12700 8144
3 12004 12006 8146
3 8783 8148 8782
3 8783 9999 8148
3 11381 8151 10103
3 11381 10403 8151
3 8153 8631 11317
3 8961 10822 8157
3 8730 10313 8158
3 8730 8158 10400
3 10313 10402 8158
3 10649 8168 8161
3 8164 8455 9210
3 10157 8166 8386
3 8416 8166 8899
3 13591 8899 8166
3 10157 13591 8166
3 8659 9288 8167
3 8798 8168 8169
3 8798 8169 8805
3 12034 10342 8171
3 11976 8173 11145
3 8173 13556 11145
3 8173 11976 11951
3 10159 8176 8177
3 8177 9215 8813
3 10159 8177 8813
3 8178 9738 10319
3 8178 10383 9738
3 8178 10317 10383
3 8178 10319 10859
3 9626 8182 11462
3 9626 11878 8182
3 8185 9726 11152
3 8186 9993 10002
3 8186 10002 10298
3 8186 10298 10843
3 8186 10843 10585
3 9247 8187 13488
3 8723 8857 8189
3 10734 8189 8857
3 10734 8867 8189
3 10734 8190 8867
3 10733 8190 8937
3 10734 8937 8190
3 8191 8479 8192
3 8192 8479 8481
3 10747 10951 8195
3 8198 8530 8522
3 8198 8522 8885
3 8484 8834 8202
3 10403 10404 8204
3 11136 10403 8204
3 10404 10668 8204
3 12407 12408 8207
3 13104 12407 8207
3 13104 8207 12409
3 12406 10570 8208
3 12406 8208 12997
3 13128 12997 8208
3 8209 10271 8762
3 10433 8209 8762
3 9427 8209 10433
3 9427 12318 8209
3 12318 10277 8209
3 8217 8211 8236
3 11664 8214 12653
3 8223 8216 8793
3 8223 11016 8216
3 8216 9573 8793
3 8216 11016 11165
3 8217 8236 9337
3 8217 9337 12265
3 8224 8475 11509
3 8224 11509 9976
3 8226 8511 8225
3 8511 8229 8225
3 8226 8505 9242
3 9613 8524 8228
3 8228 9258 8886
3 9613 8228 8886
3 8228 11521 9258
3 8235 9515 11696
3 10253 10555 8237
3 10253 8237 13120
3 10254 13120 8237
3 10792 8237 10555
3 8238 8504 9954
3 8238 12227 8504
3 8238 9954 10552
3 13354 8241 8239
3 11514 13354 8239
3 10957 8241 13354
3 8244 8886 9258
3 9614 8886 8244
3 9614 8244 9259
3 11840 8246 8535
3 11840 12049 8246
3 11845 11842 8246
3 11845 8246 12049
3 8250 8509 10245
3 8250 10245 13120
3 8252 8259 8885
3 8252 8888 8259
3 8252 8887 8888
3 8252 9613 8887
3 10405 8253 11361
3 8259 8888 8889
3 8259 8889 8896
3 8260 8522 8530
3 8271 9284 12520
3 12303 9423 8271
3 12303 8271 12520
3 9572 8891 8275
3 9572 8275 9266
3 8544 8425 8276
3 8361 11967 8279
3 10334 8280 8283
3 8284 11602 8282
3 10407 8283 8842
3 10334 8283 10407
3 8285 8917 8919
3 8287 13479 12334
3 9642 8290 10229
3 9642 12023 8290
3 10767 10229 8290
3 9636 9637 8293
3 10225 8293 9637
3 9928 8294 12072
3 8297 9307 9309
3 8299 9534 10590
3 11843 11123 8300
3 8301 11042 10280
3 8303 8583 8584
3 9925 13496 8305
3 13496 10224 8305
3 11784 8306 9921
3 13172 9921 8306
3 11530 10715 8307
3 11530 8307 11522
3 10055 8310 10524
3 10055 10763 8310
3 10524 8310 13452
3 8310 10763 13543
3 8315 8313 8311
3 8316 8315 8311
3 8316 8311 8584
3 10118 8315 8316
3 8318 10583 12466
3 8327 8324 8514
3 12731 8325 11480
3 12015 8328 12025
3 8330 9891 10193
3 8330 10193 9895
3 9888 10175 8331
3 8332 10117 10114
3 8335 10160 10175
3 8335 10175 13109
3 8336 13194 12732
3 12962 13194 8336
3 9420 8338 13331
3 8704 8351 8340
3 8707 8700 8342
3 8679 8346 8703
3 8703 8346 8711
3 8711 8346 10091
3 8346 10114 10091
3 8357 8348 8358
3 8357 9518 8348
3 8350 9409 9019
3 8350 9102 9255
3 8350 9255 9409
3 9261 8353 9182
3 9262 9182 8353
3 9261 9597 8353
3 8354 11411 10169
3 8354 10737 11411
3 8626 10167 8355
3 10167 8356 9595
3 10166 8356 10167
3 8360 9257 12084
3 8360 12967 9454
3 8361 11970 11967
3 8362 11991 8427
3 8362 11839 11991
3 9800 8606 8365
3 8365 10404 11381
3 8366 12079 11876
3 8366 11876 13047
3 8367 10135 10136
3 10996 8367 10136
3 10996 10444 8367
3 8368 10136 10135
3 8368 10135 10419
3 8380 13203 8369
3 8375 12534 12531
3 8375 12572 12534
3 8878 8376 8871
3 8377 10112 12818
3 11220 8377 12818
3 11677 8871 8378
3 9759 9481 8379
3 8381 11832 9172
3 8385 8384 8382
3 9249 8387 9529
3 9430 9529 8387
3 10799 13464 8389
3 9654 13412 8390
3 8665 8406 8391
3 8665 8391 8533
3 10822 8393 8722
3 8961 8393 10822
3 9142 10758 8395
3 8923 10447 8396
3 11136 8398 11562
3 8401 8674 8400
3 12950 8421 8406
3 8727 9722 8407
3 8419 8543 8409
3 8412 12475 8720
3 10295 9932 8415
3 8415 9932 11781
3 10295 8415 11160
3 8416 9560 8900
3 12613 8418 9838
3 8418 12820 9838
3 12613 12888 8418
3 12955 12820 8418
3 8418 12888 12959
3 12955 8418 12959
3 8432 8421 12950
3 8423 9752 8712
3 8423 8766 9470
3 8423 9470 11285
3 8423 11285 9752
3 8911 8425 8544
3 8426 10032 10042
3 10315 10032 8426
3 8426 10042 10045
3 8426 10045 10051
3 10320 8426 10051
3 10320 10315 8426
3 8429 9178 9456
3 8431 8765 8759
3 8432 9331 12746
3 11250 8433 12252
3 9185 8436 8437
3 9185 8437 9186
3 9168 9167 8441
3 9168 8441 10006
3 9450 10021 8441
3 8441 10021 10006
3 8443 10015 10014
3 8443 10014 10299
3 8443 11184 10015
3 9486 8446 11293
3 11782 8447 11379
3 11782 11780 8447
3 9211 8455 8449
3 8453 11336 11323
3 9210 8455 9211
3 8463 11336 8456
3 11250 12252 8456
3 11840 8458 12049
3 9391 8465 8459
3 8459 8465 12349
3 11871 12776 8461
3 8466 12016 11404
3 8866 8468 11558
3 8469 11417 12532
3 8469 11419 11640
3 8469 12532 11419
3 9703 9980 8471
3 9703 8471 12322
3 8580 8476 8944
3 8944 9310 8478
3 12130 8482 10563
3 13434 8482 12130
3 8484 8837 8834
3 8796 8488 8788
3 9953 8788 8488
3 9953 8488 10558
3 8488 9965 10558
3 11345 8490 12156
3 12185 8490 11345
3 8492 8493 8495
3 10374 8492 10612
3 8497 8495 8493
3 8494 9646 12165
3 8496 12132 9646
3 8547 9341 8498
3 8547 8498 9490
3 13329 8498 9341
3 8499 8500 8501
3 8502 9827 8637
3 9537 9827 8502
3 9948 8504 9664
3 8504 12227 9664
3 9948 10786 8504
3 9954 8504 10786
3 9242 8505 8637
3 12224 11610 8508
3 8509 9951 10245
3 8510 8863 8864
3 8953 8954 8512
3 8954 9519 8512
3 8517 10222 11299
3 8526 13463 8525
3 8526 9597 13463
3 9466 8556 8528
3 10427 8528 8556
3 8528 8560 8969
3 8528 10665 8560
3 9466 8528 8969
3 10427 10665 8528
3 13390 12077 8529
3 13390 8529 13381
3 10122 8532 10838
3 11667 10838 8532
3 8638 8533 8558
3 8665 8533 8638
3 8534 9510 10327
3 9923 10495 8534
3 9923 8534 11913
3 11913 8534 10327
3 11356 10488 8535
3 11840 8535 10488
3 11695 11118 8536
3 8536 11679 12022
3 8911 8542 8913
3 9280 8913 8542
3 11458 11348 8545
3 11458 8545 11416
3 8545 11552 11416
3 8545 11538 11552
3 9945 8546 13598
3 8547 9077 9121
3 8547 9121 9341
3 8548 9114 8862
3 8549 8838 8558
3 13321 12528 8550
3 13411 13321 8550
3 8552 8757 8563
3 8552 8563 13476
3 9244 8757 8552
3 8553 11099 11100
3 9466 8958 8556
3 10427 8556 10495
3 8559 9492 11406
3 8559 11866 9492
3 8559 11461 11866
3 8564 8969 8560
3 9252 8561 10238
3 8757 9769 8563
3 8617 8969 8564
3 8617 8564 8971
3 9453 8971 8564
3 9453 8564 10647
3 9127 8567 9126
3 9131 10262 8568
3 10576 8585 8569
3 11282 10576 8569
3 8576 8570 8949
3 8941 8571 8572
3 8575 9642 10229
3 9876 8583 8576
3 8593 8576 8949
3 9876 8576 8593
3 11820 11211 8577
3 8579 10553 9326
3 11449 11435 8582
3 8588 13107 9983
3 9925 8594 13535
3 8595 9872 8596
3 9872 10722 8596
3 9524 8597 9068
3 12381 8597 12403
3 9436 8599 8851
3 9436 8960 8599
3 8599 8960 11754
3 8953 8601 10549
3 10549 8601 9122
3 8602 8854 11760
3 8602 11811 8854
3 11643 8602 11760
3 8616 9834 8603
3 9868 9853 8603
3 8671 8971 8604
3 8980 8671 8604
3 8821 8980 8604
3 9453 8604 8971
3 9453 8981 8604
3 10392 9919 8605
3 10518 9920 8605
3 13441 8605 9920
3 8605 13441 10392
3 8606 10090 9105
3 8607 8969 8617
3 9466 8969 8607
3 8608 8625 10654
3 8608 10658 8677
3 8608 10654 10658
3 8610 9628 9916
3 8610 9916 10418
3 8610 10418 10226
3 10509 8610 10226
3 9774 8612 10700
3 8613 13544 8973
3 13502 10700 8613
3 10700 13544 8613
3 8930 8615 8934
3 8930 9898 8615
3 13206 8934 8615
3 13206 8615 9902
3 10924 8618 11133
3 8619 9895 10193
3 11707 9895 8619
3 8619 10193 13155
3 8620 9983 11070
3 8620 11070 13121
3 8620 13121 13125
3 8860 10246 8622
3 13489 8860 8622
3 13489 8622 10243
3 8623 9769 8757
3 12472 9769 8623
3 8624 12122 11338
3 8625 9410 10654
3 10166 10167 8626
3 9574 9576 8627
3 9576 11665 8627
3 10134 8632 9840
3 11653 8681 8633
3 11653 8633 8725
3 8635 8649 8641
3 9242 8637 9541
3 8637 11436 9541
3 9827 11436 8637
3 8665 8638 8729
3 8641 8649 9011
3 8645 8644 8643
3 9530 8942 8652
3 10508 8652 8942
3 9530 8652 12898
3 9021 8653 9023
3 9368 8655 10736
3 8661 8668 8667
3 9033 8662 8663
3 8773 9410 8664
3 10659 8773 8664
3 10659 8664 8974
3 8666 12708 12485
3 8667 8668 8678
3 12747 13209 8670
3 9521 9818 8672
3 8672 9818 10428
3 8672 10428 10417
3 8893 8675 8830
3 8675 10647 8830
3 8675 8981 10647
3 9396 8677 8983
3 9402 8983 8677
3 10658 9402 8677
3 8679 8703 9084
3 8680 9076 8983
3 9402 8680 8983
3 9070 8683 8684
3 9070 9069 8683
3 13060 8685 12836
3 13638 8685 13060
3 13638 13374 8685
3 9469 8686 9668
3 8689 8687 8688
3 8690 8687 8689
3 8689 8688 9086
3 8688 9087 9086
3 8691 8689 9086
3 8691 9063 9082
3 8691 9086 9063
3 9083 8691 9082
3 8696 8692 8697
3 11563 8768 8694
3 8694 10478 11517
3 11563 8694 11637
3 8695 9219 13382
3 9814 8695 13382
3 8705 8704 8696
3 8698 8699 8700
3 8698 9093 9094
3 9783 12187 8702
3 10321 8702 12187
3 10321 12571 8702
3 9095 8703 8711
3 8703 10631 9084
3 10631 8703 9095
3 8705 9103 9102
3 12618 11281 8708
3 12618 8708 12986
3 9106 8709 9104
3 8710 8711 10091
3 12187 8712 9752
3 10321 9752 8714
3 11285 8714 9752
3 8715 9417 9418
3 8727 8716 9722
3 8718 11631 11721
3 9694 9528 8719
3 9528 9979 8719
3 9756 11867 8720
3 11062 8722 10529
3 10822 8722 13326
3 13326 8722 11062
3 9237 8724 9708
3 8730 10089 10092
3 11603 10089 8730
3 8730 10092 10313
3 11603 8730 10400
3 9154 9438 8733
3 8734 11124 9440
3 11631 8736 11721
3 8737 9440 9724
3 8737 9724 12486
3 8742 8738 8861
3 8739 12486 8746
3 9455 9732 8740
3 8740 9732 9731
3 8743 10080 10098
3 8750 9732 8744
3 8744 9732 9455
3 8979 9667 8745
3 8745 9667 11193
3 12486 8751 8746
3 9918 8747 9935
3 12686 8748 10345
3 8750 9731 9732
3 8751 10001 10008
3 11129 10001 8751
3 12486 11129 8751
3 9737 8755 9736
3 10794 10564 8761
3 9135 10433 8762
3 8769 11654 11123
3 9419 8770 9260
3 9419 9692 8770
3 8770 9692 12296
3 9970 8770 12296
3 8773 8989 9370
3 8773 9442 8989
3 10654 8773 9370
3 10654 9410 8773
3 10659 9442 8773
3 9118 10438 8778
3 8778 10438 9690
3 8787 9205 8779
3 8780 10137 11490
3 8783 9184 9999
3 9623 8801 8785
3 8796 8788 9408
3 9022 9408 8788
3 8799 8800 8794
3 8796 9408 10885
3 9500 9790 8797
3 9506 9504 8802
3 9505 8810 8807
3 8818 8809 9698
3 9505 11322 8810
3 9215 9204 8813
3 8817 12740 9221
3 10562 10560 8820
3 11265 10562 8820
3 8821 8992 8980
3 8824 8823 8822
3 9521 8825 9229
3 10891 8828 10297
3 10297 8828 11534
3 8828 10340 11534
3 10667 8828 10891
3 8829 10477 12604
3 9358 8830 8847
3 8893 8830 9358
3 10443 8831 9464
3 12154 8832 9364
3 9364 8832 13257
3 8837 8833 8834
3 11332 9229 8833
3 9361 10484 8839
3 13283 8839 10484
3 10487 10485 8839
3 10487 8839 13283
3 8846 10508 8942
3 9075 9356 8847
3 9358 8847 9356
3 8984 10203 8849
3 8849 12501 12561
3 8853 12003 9641
3 8853 9641 13496
3 9925 8853 13496
3 9925 13535 8853
3 11242 11010 8855
3 9930 8856 9090
3 8856 10493 9090
3 8856 9641 10493
3 8856 13496 9641
3 9930 12117 8856
3 8856 12117 10224
3 8856 10224 13496
3 8860 11820 10246
3 8860 11211 11820
3 9065 8866 11558
3 8874 9838 12820
3 8874 12820 11481
3 8875 13172 9633
3 8875 13323 13172
3 8878 8903 11611
3 8881 9550 8879
3 8894 8880 11613
3 8884 12589 13299
3 13036 8884 13299
3 8887 9613 8886
3 8887 8886 9614
3 8887 10154 8888
3 8887 9614 10154
3 8888 9612 8889
3 8888 10154 9612
3 8896 8889 8891
3 9342 9341 8890
3 8890 9341 9924
3 9342 8890 9916
3 8892 8896 8891
3 8892 8891 9572
3 13555 8892 9572
3 8893 9330 9009
3 8893 9358 9330
3 8895 9572 9271
3 8895 9271 9578
3 8895 13555 9572
3 8901 9625 9338
3 8901 9338 11858
3 8901 9624 9625
3 8901 10338 9624
3 8902 10348 11352
3 8902 11352 11126
3 8906 11611 8903
3 9011 8907 9002
3 9322 9002 8907
3 8907 9364 9322
3 8908 9962 12275
3 8908 12477 9962
3 8908 11855 11660
3 8908 12275 11855
3 8909 9277 9276
3 9843 8912 9994
3 8912 12762 9994
3 8912 12441 12762
3 9280 9879 8913
3 10735 8916 12139
3 8917 8918 8919
3 8930 8924 9898
3 10201 9296 8925
3 8966 8926 13550
3 13549 8926 9238
3 9034 8927 8993
3 10755 8927 9062
3 13206 9310 8934
3 8968 8935 9445
3 9407 9445 8935
3 9475 9407 8935
3 10734 13631 8937
3 10976 8937 13631
3 9261 8938 9181
3 9261 9182 8938
3 9182 9559 8938
3 11465 8938 9559
3 8939 12677 10563
3 9531 8942 9530
3 8943 11859 9047
3 8943 9047 13305
3 9100 11859 8943
3 11984 8946 12208
3 9120 8950 8952
3 9120 9325 8950
3 8951 11711 11710
3 8951 11710 11907
3 8951 11712 11711
3 12102 8951 11907
3 9120 8952 13329
3 8953 9339 8954
3 8953 10549 9339
3 8954 9339 11825
3 8954 11825 9519
3 8956 11545 11283
3 9042 8959 8975
3 9037 9051 8959
3 9037 8959 9317
3 9042 9317 8959
3 9512 10062 8962
3 8976 9751 8964
3 9914 8967 9426
3 9903 8967 10086
3 9914 10086 8967
3 8968 9445 13562
3 8972 9407 9475
3 13544 9336 8973
3 9042 8975 9381
3 9385 9381 8975
3 9392 9385 8975
3 9926 8978 11569
3 8992 9352 8980
3 9453 10647 8981
3 10040 9885 8982
3 10040 8982 10660
3 9076 10542 8983
3 9396 8983 10542
3 9420 13331 8988
3 9712 8990 9144
3 9712 11113 8990
3 8990 11113 13465
3 8992 8991 9352
3 8992 9369 8991
3 9350 10621 8991
3 9350 8991 10629
3 8991 9360 9352
3 10621 9360 8991
3 10629 8991 9369
3 9049 9034 8993
3 9050 9049 8993
3 10033 8994 9007
3 9442 10652 8997
3 9006 13227 9111
3 9006 10071 13227
3 9768 9010 12640
3 9013 9389 9425
3 11055 9013 9425
3 9703 9013 11055
3 9703 12322 9013
3 11326 11329 9014
3 9016 9415 9416
3 9016 9417 9415
3 9688 9016 9416
3 9367 9017 9024
3 9412 9019 9409
3 9027 9052 9020
3 9021 10474 9028
3 9022 9403 9408
3 9104 9025 9406
3 9027 9374 9052
3 10850 9028 10474
3 9029 11568 10039
3 10348 9030 9665
3 9030 12446 9665
3 9049 9033 9034
3 9036 9230 11733
3 9036 11733 11741
3 10751 9071 9040
3 10439 9041 10766
3 10766 9041 13327
3 9042 9373 9317
3 10441 9378 9045
3 12225 9045 9383
3 10441 9045 12225
3 9046 9053 10557
3 9046 10557 10791
3 11036 10787 9046
3 11036 9046 10791
3 9061 13305 9047
3 9059 9057 9050
3 9052 9374 10472
3 9052 10472 10538
3 9953 10558 9053
3 10574 9953 9053
3 10557 9053 10558
3 9147 9074 9054
3 9058 13305 10308
3 9070 9059 9069
3 10098 11565 9060
3 9061 10308 13305
3 10539 9062 9368
3 9392 9063 9086
3 9066 12778 11620
3 9492 9067 10566
3 9492 13256 9067
3 10302 10566 9067
3 9149 9072 9074
3 9147 9149 9074
3 9075 9357 9356
3 9075 9635 9357
3 9076 9079 10542
3 9077 9079 9353
3 9077 10542 9079
3 9084 9078 9081
3 10631 9078 9084
3 11973 9353 9079
3 9392 9086 9087
3 9393 9392 9087
3 9088 9400 9099
3 9088 9380 9395
3 9088 9395 9400
3 9347 10621 9089
3 9350 10493 9089
3 9350 9089 10621
3 12003 9089 10493
3 9350 9090 10493
3 9350 10629 9090
3 9090 10629 9355
3 9359 9091 9933
3 9638 12072 9091
3 9091 12072 9933
3 9093 9677 9094
3 9192 9101 9093
3 9101 9677 9093
3 9176 9097 9095
3 9095 9097 10631
3 9403 9097 9176
3 9399 9099 9400
3 9100 9207 11859
3 9679 9101 9192
3 9103 9399 9404
3 9106 9104 9245
3 9104 9406 9245
3 9106 9245 9324
3 9119 9295 13604
3 9627 9325 9120
3 9342 9627 9120
3 9342 9120 13329
3 9924 9341 9121
3 9924 9121 11910
3 10549 9122 10449
3 12487 9123 12721
3 9422 9125 9424
3 9424 9125 9695
3 9274 11337 9127
3 9130 9379 9384
3 9130 9384 9481
3 9130 9481 9759
3 9131 9318 9137
3 9131 9137 10262
3 9134 9135 9489
3 9134 10433 9135
3 9251 9489 9135
3 9138 9548 9429
3 10609 9588 9141
3 12427 9141 9588
3 12427 10395 9141
3 9712 9144 11112
3 9340 9398 9145
3 9398 12838 9145
3 12669 9145 12838
3 9147 10830 9149
3 9148 9701 11898
3 9154 9162 9156
3 9154 9156 9438
3 9821 9162 9154
3 9156 9162 9161
3 9156 9161 9723
3 9721 9438 9156
3 9721 9156 9723
3 9443 9158 9165
3 9161 9162 9166
3 9161 9166 9167
3 9161 9167 9168
3 12469 9161 9168
3 12469 9723 9161
3 9884 9590 9163
3 10556 9163 9590
3 9165 9824 9164
3 9165 9164 10017
3 9452 10017 9164
3 9443 9165 10017
3 9166 9171 9167
3 10005 9168 10004
3 9168 10006 10004
3 10005 12469 9168
3 9175 9169 9728
3 9169 9727 9728
3 11234 9174 9457
3 9408 9403 9176
3 9408 9176 10885
3 9468 9456 9178
3 9180 12505 9463
3 9261 9181 13339
3 13343 13339 9181
3 9262 11621 9182
3 9182 11621 9559
3 9216 9465 9184
3 9217 9184 9465
3 9999 9184 9217
3 9484 9188 9187
3 9484 9187 9198
3 10905 9194 11974
3 9200 11329 11972
3 12418 11092 9201
3 12418 9201 12028
3 9215 10596 9204
3 12737 9806 9204
3 12737 9204 10596
3 9788 9491 9205
3 9210 9789 9208
3 9211 9209 9789
3 9210 9211 9789
3 11030 10778 9214
3 9215 10046 10596
3 10046 9219 10596
3 9221 12740 13382
3 11500 11659 9222
3 10540 9223 11922
3 11853 12665 9223
3 9228 12079 12730
3 9521 9229 11332
3 10423 9234 11353
3 9237 11159 9710
3 9240 9661 13567
3 9240 13567 13429
3 12425 12735 9241
3 10958 9324 9245
3 10958 9245 9406
3 9327 9246 9291
3 9291 9246 13440
3 12146 9247 13488
3 9251 10052 9489
3 9252 9313 10544
3 9254 12759 12519
3 9409 9255 10890
3 9384 9256 9376
3 9384 9425 9256
3 9256 9425 9389
3 9257 13295 12084
3 9557 9258 11521
3 9562 10125 9259
3 9419 9260 10616
3 9260 10057 10616
3 9261 13339 9597
3 9567 11621 9262
3 9267 9263 9265
3 9612 10154 9263
3 9265 9563 9571
3 9266 9270 9271
3 9572 9266 9271
3 9580 9270 9268
3 9580 9268 9583
3 9272 11048 10642
3 9865 9585 9275
3 9585 13591 9275
3 9275 13591 10157
3 9865 9279 9867
3 13115 13114 9282
3 13384 13115 9282
3 12526 13583 9284
3 9285 9979 9528
3 9285 12588 10567
3 10556 9591 9286
3 9634 9287 11338
3 9397 9291 13440
3 9292 11537 11137
3 9296 9293 9294
3 10201 9293 9296
3 12821 12129 9299
3 12821 9299 13045
3 12824 9300 12826
3 9303 10228 9302
3 9305 10228 9303
3 10590 9534 9303
3 9305 9899 10228
3 9306 10233 9610
3 9306 9610 10235
3 10545 10544 9313
3 9315 9619 9320
3 9315 9615 9619
3 9319 9320 9321
3 9912 9321 9320
3 9912 9320 9619
3 9321 9329 9328
3 9912 9329 9321
3 9364 13257 9322
3 9324 9416 9415
3 10958 9416 9324
3 9912 9915 9329
3 9329 9915 13248
3 9358 10695 9330
3 9361 9330 10695
3 9333 9673 10516
3 9338 9625 9339
3 10549 9338 9339
3 10549 10449 9338
3 9338 10449 11858
3 9339 9625 11825
3 9342 13329 9341
3 9342 9628 9627
3 9342 9916 9628
3 9343 11852 11884
3 9344 10495 9923
3 9344 9923 13452
3 9344 10427 10495
3 9344 10543 10427
3 10816 9351 12200
3 12394 12200 9351
3 12394 9351 12627
3 9642 9353 12023
3 11973 12023 9353
3 10629 9369 9355
3 9645 9356 9357
3 9358 9356 10695
3 9645 10695 9356
3 9636 9357 9635
3 9649 10692 9359
3 9361 10695 10484
3 9362 9435 9431
3 9362 9523 9435
3 9362 13545 9523
3 9934 9363 9650
3 12154 9364 10538
3 10539 9368 10736
3 10654 9370 10658
3 9374 9373 12080
3 9374 12080 10472
3 9481 9384 9376
3 9379 9425 9384
3 9379 11055 9425
3 9704 11055 9379
3 9380 9387 9395
3 9386 9381 9385
3 10446 9383 9382
3 9383 10768 9382
3 10446 12225 9383
3 9385 9393 9386
3 9393 9385 9392
3 9669 9387 9658
3 9388 12383 10689
3 12393 12625 9390
3 13084 9390 12625
3 9676 9400 9395
3 9398 9825 12842
3 9398 12842 12838
3 9959 9404 9956
3 10958 9406 9964
3 9412 9409 10890
3 9414 10956 9411
3 9411 10956 10918
3 10958 9687 9416
3 9687 10987 9416
3 9688 9416 10987
3 11011 9418 11022
3 9419 12253 9692
3 9691 9421 11011
3 12244 9421 9691
3 12303 12417 9423
3 9423 12424 12374
3 9423 12417 12424
3 9424 9695 9696
3 9424 9696 9978
3 11448 9914 9426
3 9430 9707 9706
3 12301 9432 13071
3 9718 9995 9437
3 9721 9991 9438
3 12597 10889 9439
3 12826 9439 10889
3 10659 10652 9442
3 9443 10002 9993
3 9443 10018 10002
3 9443 10017 10018
3 10363 9448 10829
3 9448 13218 10829
3 9449 9667 11184
3 9449 11193 9667
3 9742 9450 9456
3 9742 12685 9450
3 9450 12685 10021
3 9451 12330 12563
3 9454 12967 12966
3 9742 9456 9468
3 11234 9457 9470
3 11285 9470 9457
3 12502 12087 9460
3 12500 9460 12308
3 12502 9460 12743
3 9743 9463 12505
3 10443 9464 10409
3 9467 10770 10184
3 9467 10206 13609
3 9467 10335 10770
3 9467 13609 10335
3 9742 9468 10030
3 9471 9498 12504
3 11692 9471 12504
3 11692 13309 9471
3 11892 9471 13309
3 9747 9473 9746
3 9482 9480 9479
3 9482 9772 9480
3 9480 9772 10074
3 9482 9762 9772
3 11456 9483 11459
3 11456 11680 9483
3 11875 11459 9483
3 11680 12817 9483
3 11875 9483 12817
3 9485 11437 11116
3 10058 10053 9487
3 9488 12128 12856
3 9492 10566 11406
3 9492 11866 13256
3 10059 9493 9495
3 10059 10058 9493
3 13458 9496 12645
3 9497 13220 12514
3 9500 9794 9790
3 12473 12703 9503
3 9799 9504 9506
3 9505 9509 9507
3 9505 9507 11322
3 9507 9508 11322
3 9798 9801 9509
3 13378 10062 9512
3 12695 12274 9514
3 10963 9515 9702
3 10963 9720 9515
3 9618 12192 9516
3 9517 9725 12507
3 9517 12507 11031
3 11825 9622 9519
3 9521 11332 9818
3 11899 9522 9775
3 12510 9775 9522
3 12510 9522 12336
3 9522 12969 12336
3 11897 9525 11895
3 11897 12970 9525
3 10385 10780 9527
3 9530 12898 13235
3 12473 9589 9532
3 12473 9532 12703
3 9539 9536 9538
3 9537 9828 9827
3 12919 9541 11436
3 9601 12195 9543
3 12622 9601 9543
3 12622 9543 11805
3 9836 9544 10120
3 9545 12197 12345
3 9557 9554 9556
3 9556 9554 9840
3 9557 11521 9554
3 9554 12985 9840
3 9557 9556 11497
3 10680 9558 9975
3 10261 9558 10565
3 13341 9559 11621
3 9562 11655 10125
3 9562 11497 10502
3 9562 10502 11642
3 9562 11642 11655
3 9655 9565 10238
3 9655 10401 9565
3 9689 9565 10401
3 9689 13002 9565
3 9567 9568 11621
3 9850 10141 9568
3 9852 9571 9848
3 9574 9575 9576
3 9575 9577 9576
3 9579 9581 9864
3 9579 9864 9582
3 9580 9583 9584
3 9581 9857 9858
3 9864 9581 9858
3 9856 9582 9864
3 9856 10147 9582
3 9582 10147 11665
3 9583 9852 9851
3 9859 9857 9584
3 9585 10717 10949
3 9585 10949 13591
3 10482 9586 10165
3 12059 9589 9587
3 12473 9587 9589
3 12059 9587 9681
3 12427 9588 13425
3 9588 13429 13425
3 11865 9589 12059
3 10556 9590 9591
3 9884 10489 9590
3 10167 9595 10183
3 13339 13463 9597
3 9683 12274 9598
3 12695 9598 12274
3 9780 11091 9600
3 9780 9600 11851
3 12266 11851 9600
3 12622 11202 9601
3 9603 9606 9607
3 12385 9605 12392
3 9608 13354 11514
3 9608 12038 13337
3 9608 13337 13354
3 9895 9610 10233
3 11707 9610 9895
3 9618 11979 12192
3 9912 9619 9908
3 9910 10209 9620
3 9909 9622 11795
3 11825 11795 9622
3 9625 9624 11795
3 10453 11795 9624
3 11825 9625 11795
3 10449 9629 11858
3 9631 9885 11964
3 9631 11964 12176
3 9634 11338 12122
3 11161 10225 9637
3 11161 9637 13543
3 9638 9928 12072
3 13548 9928 9638
3 12175 9639 11965
3 9639 12391 11965
3 12175 12177 9639
3 12656 9639 12177
3 12003 10493 9641
3 9645 10484 10695
3 13283 10484 9645
3 12811 12587 9648
3 9649 10401 9655
3 9934 9650 9937
3 10472 9652 10538
3 12154 10538 9652
3 10174 11052 9653
3 11270 9653 11052
3 11463 9653 11270
3 11980 9659 12196
3 9660 12092 12080
3 13324 13567 9661
3 9948 9664 12225
3 9664 10441 12225
3 10348 9665 11536
3 11753 9665 12446
3 11184 9667 10015
3 9671 9669 9670
3 9676 9671 9952
3 13269 10516 9673
3 9674 10244 10240
3 9675 9677 9678
3 10247 9678 9957
3 9679 10918 9961
3 9683 12058 12274
3 9687 9964 9963
3 9687 9963 10987
3 10958 9964 9687
3 10221 9689 10401
3 9689 10537 13002
3 9967 9690 10438
3 12244 9691 9973
3 9691 13434 9973
3 9691 11011 11022
3 9691 11022 13434
3 10680 9975 9692
3 9975 12296 9692
3 12253 10680 9692
3 11475 11688 9693
3 11690 11475 9693
3 9693 11688 11689
3 13301 11690 9693
3 9977 9978 9696
3 9977 9696 10265
3 9700 10270 10268
3 12321 9980 9703
3 12321 9703 11055
3 9704 12321 11055
3 9706 10279 10276
3 11662 11914 9709
3 9710 13321 13411
3 9712 11112 10326
3 9712 10326 12461
3 9712 12461 11113
3 9987 12463 9713
3 9718 9719 9995
3 9718 10288 9719
3 9718 9990 10288
3 9719 9996 9995
3 9719 10581 9996
3 9719 10288 10579
3 9719 10579 10581
3 9721 9992 9991
3 12466 9992 9721
3 9724 11129 12486
3 10363 12507 9725
3 10605 9728 10598
3 11899 9782 9729
3 11899 9729 12460
3 12616 12460 9729
3 10301 9730 10601
3 9745 9738 10383
3 9740 9744 10615
3 9740 10615 11081
3 10028 10029 9741
3 12887 9744 9743
3 9743 12505 9748
3 12887 9743 9748
3 9747 9746 9745
3 9750 9747 9745
3 9749 9750 9745
3 9749 9745 10383
3 10314 10868 9748
3 10314 9748 12505
3 12887 9748 10868
3 9749 9764 9750
3 10318 9749 10383
3 9750 9764 9763
3 10321 12187 9752
3 9756 9900 11675
3 9756 11675 11867
3 12641 9758 9760
3 9758 10045 10042
3 12641 9760 11420
3 9762 9771 10065
3 12472 9982 9769
3 10074 9772 10075
3 9774 10700 13502
3 13490 10789 9774
3 13490 9774 13502
3 11478 9782 9775
3 11899 9775 9782
3 10044 10054 9776
3 9779 11014 10534
3 11161 9779 10534
3 11161 10763 9779
3 9780 9866 11860
3 9780 11860 11091
3 9786 9936 10214
3 10334 9936 9786
3 9786 10214 10216
3 10068 9790 9794
3 9793 11279 11848
3 9793 11849 11279
3 10740 10068 9794
3 10740 9794 12697
3 9795 9796 9797
3 9796 10100 9797
3 9803 9796 9802
3 9803 10100 9796
3 9799 9800 9798
3 10103 10102 9801
3 11376 11430 9810
3 11376 9810 13373
3 12752 13378 9811
3 12752 9812 10062
3 12752 12753 9812
3 9814 12740 13236
3 9814 13382 12740
3 13410 13147 9815
3 11759 9817 11554
3 11965 9817 11759
3 12391 9817 11965
3 9818 10110 10428
3 9820 12912 10112
3 9822 12160 12573
3 9822 12573 13395
3 9966 11080 9823
3 11513 9823 11080
3 11513 11720 9823
3 12787 10027 9825
3 11282 9829 9835
3 11697 9835 9829
3 11213 13039 9831
3 9831 12919 11436
3 9831 12922 12919
3 9831 13039 12922
3 10430 9832 10432
3 9832 10434 10432
3 11282 9835 9949
3 11692 9837 13309
3 11023 9839 10184
3 11251 9839 11023
3 10134 9840 12985
3 10840 10828 9841
3 10841 10840 9841
3 9843 9994 11442
3 11861 9843 11442
3 9845 9844 13015
3 11655 11642 9844
3 11642 13015 9844
3 9846 9845 10874
3 9845 10452 10874
3 9845 13015 10452
3 9847 9846 10455
3 9846 10874 10455
3 9852 9848 10146
3 9849 12351 12401
3 9849 12401 12435
3 12602 9849 12435
3 9850 10143 10141
3 9852 10146 9851
3 9851 10146 10459
3 9868 9869 9853
3 10149 10147 9856
3 10149 9856 10463
3 9859 9858 9857
3 9860 11461 11880
3 11658 12054 9862
3 9868 10684 9869
3 11496 9873 11713
3 11698 10168 9874
3 10480 13186 9874
3 9875 10468 10250
3 13271 13540 9875
3 12590 9880 12804
3 13401 12804 9880
3 9881 10679 9889
3 9884 10187 10188
3 9884 10188 10489
3 10040 9887 9885
3 11964 9885 9887
3 11555 9887 11148
3 11555 11964 9887
3 13109 10175 9888
3 9894 10228 9899
3 9896 11537 10426
3 9896 11137 11537
3 11675 9900 11263
3 9901 10752 10496
3 9901 10975 10752
3 13206 9902 9906
3 9903 10086 10094
3 11447 9903 10094
3 11729 13424 9904
3 13424 11920 9904
3 9909 11795 10453
3 10212 10209 9910
3 10506 10519 9915
3 13167 9917 13248
3 10392 13414 9919
3 13441 9920 11913
3 10522 9921 10413
3 13323 10413 9921
3 10522 11784 9921
3 13323 9921 13172
3 10024 11007 9922
3 9929 10096 11241
3 11573 11781 9932
3 9934 9937 10231
3 10334 10407 9936
3 10487 9936 10407
3 9939 13459 13408
3 11090 10615 9940
3 9943 13065 9941
3 13135 9943 9941
3 11485 9942 10779
3 12622 10779 9942
3 12384 12622 9942
3 12384 9942 12626
3 9943 10335 13065
3 13135 11732 9943
3 11284 9946 12893
3 11284 12981 9946
3 9946 11702 11489
3 12981 11702 9946
3 9948 12225 10446
3 11282 9949 10576
3 12682 10576 9949
3 11281 11477 9950
3 11281 9950 12705
3 13192 9951 13546
3 10574 9954 10786
3 10247 9957 9958
3 9957 10252 9958
3 9957 9961 10252
3 9958 10252 10790
3 10259 9963 10254
3 10259 10987 9963
3 9966 11321 11080
3 11518 11321 9966
3 9967 9970 9971
3 9970 10564 9971
3 9970 12296 10564
3 10794 9971 10564
3 10794 12411 9971
3 11526 9972 11524
3 9976 11509 9973
3 12130 9976 9973
3 12244 9973 11509
3 13434 12130 9973
3 9974 10656 10657
3 11122 10656 9974
3 9974 10657 11941
3 12864 9976 12130
3 10274 10273 9980
3 10274 9980 12321
3 11864 9986 11015
3 12466 10584 9992
3 9996 10831 9995
3 10831 9998 9995
3 10581 10580 9996
3 10831 9997 10009
3 10831 10009 9998
3 10005 10000 12469
3 12492 10007 10001
3 12492 10001 11129
3 10018 10600 10002
3 10298 10002 10600
3 10003 11243 11010
3 10005 10004 10836
3 10061 10836 10004
3 10300 10006 10021
3 10007 10594 10595
3 10010 10106 10019
3 10608 10012 10023
3 13618 10013 13619
3 10511 10014 10015
3 10299 10014 10296
3 10019 10106 10043
3 10020 10219 12325
3 10020 10283 12774
3 10300 10021 12685
3 10608 10023 10607
3 10804 10078 10025
3 10804 10025 10783
3 10300 10026 12262
3 10300 12685 10026
3 10306 12262 10026
3 10028 10316 12158
3 10028 12158 10617
3 10388 10042 10032
3 10311 10388 10032
3 10311 10032 11649
3 10315 11649 10032
3 12031 10038 10513
3 12544 10040 10660
3 10106 10152 10043
3 10044 10333 10054
3 10314 10047 10868
3 10055 10524 10762
3 11079 11071 10056
3 11079 10056 12262
3 12752 10062 13378
3 10077 10076 10065
3 10902 10069 11375
3 10152 10150 10071
3 13227 10071 10150
3 10371 10087 10072
3 10082 10366 10367
3 12351 12396 10084
3 12351 10084 12401
3 10390 10085 10087
3 10390 10867 10085
3 10085 10867 11420
3 10371 10651 10087
3 10390 10087 10651
3 10089 10088 10092
3 10364 10088 10089
3 10092 10088 10200
3 10200 10088 10740
3 10364 10089 10393
3 11603 10393 10089
3 10092 10200 10310
3 10313 10092 10310
3 11735 10093 10582
3 10093 11935 10582
3 10310 10099 11507
3 10418 10105 10226
3 10109 10421 10110
3 11292 10111 10420
3 12912 12818 10112
3 10423 11353 10113
3 10837 10823 10119
3 12922 10429 10120
3 12922 10120 12919
3 12495 10121 12960
3 13341 10139 10138
3 13201 10138 10140
3 10932 10142 10705
3 10458 10459 10146
3 10149 10148 10147
3 10461 10457 10148
3 10149 10463 10464
3 10462 10709 10151
3 10467 10153 10713
3 12544 10660 10156
3 10158 11440 12188
3 10162 11058 10281
3 10162 10281 12958
3 10480 10169 10730
3 10215 10170 10192
3 12461 10171 10287
3 10326 10171 12461
3 10172 10481 10846
3 10797 11052 10174
3 10177 12133 12134
3 10177 12982 12133
3 11023 10184 10770
3 13168 10190 13142
3 10191 10415 10416
3 10196 12997 10573
3 12997 10196 12406
3 10978 10198 10202
3 10200 10740 12697
3 10212 10202 10209
3 10754 10202 10212
3 10978 10202 10754
3 10205 11399 10442
3 10757 10754 10212
3 10213 10218 10645
3 10213 10645 10368
3 10230 10217 11533
3 10230 11534 10217
3 11533 10217 11750
3 11750 10217 12609
3 10219 12102 12325
3 10593 10220 11572
3 13553 10222 11262
3 13553 11299 10222
3 10272 10522 10223
3 10522 10413 10223
3 13167 10223 10413
3 10225 10534 11013
3 11161 10534 10225
3 10297 11534 10230
3 10297 10230 12606
3 11350 12606 10230
3 10240 10546 13062
3 10242 11032 10550
3 10247 10248 10244
3 10253 13120 10245
3 10778 10555 10253
3 10265 10268 10269
3 10268 10270 10269
3 10269 10802 10800
3 10272 13031 10522
3 12318 10276 12542
3 12318 12542 10277
3 10571 10572 10278
3 13127 10281 11058
3 12427 10282 10395
3 10395 10282 12997
3 10573 12997 10282
3 12775 12774 10283
3 12382 10285 13055
3 12286 10296 10287
3 10414 10904 10292
3 10414 10292 12753
3 10293 10416 10415
3 10293 12954 10416
3 10295 11160 10917
3 10298 10842 10843
3 11076 10301 10601
3 11076 12228 10301
3 12240 10301 12228
3 11799 10303 10927
3 10859 10319 10305
3 12240 10305 10319
3 10859 10305 10849
3 12240 12228 10305
3 10312 10306 10311
3 10312 10848 10306
3 10306 10848 12262
3 10605 10611 10309
3 10313 10310 11507
3 10312 10311 11649
3 10855 10848 10312
3 10313 11507 10402
3 10315 10628 11649
3 10318 10383 10317
3 10324 10347 10343
3 10632 10324 10343
3 10633 10324 10632
3 13441 10327 10553
3 13441 11913 10327
3 12140 10330 11103
3 10525 10331 13389
3 10332 12474 12558
3 10335 13609 13065
3 10379 10342 12034
3 12036 10343 10347
3 10630 10632 10343
3 10353 10362 10347
3 12036 10347 10362
3 11352 10348 11536
3 10353 10364 10362
3 12358 10354 12370
3 10369 10356 10357
3 12641 10384 10357
3 10360 10362 10393
3 10360 12036 10362
3 10379 12034 10360
3 10360 12034 12036
3 12163 11750 10361
3 11750 12609 10361
3 12150 12357 10361
3 12357 12163 10361
3 10364 10393 10362
3 10363 10829 12507
3 10394 10367 10382
3 10648 10372 10650
3 10379 10380 10377
3 10380 11941 10377
3 11941 10657 10377
3 10380 11900 10391
3 10380 10391 11941
3 10396 10394 10382
3 10385 10422 10780
3 10391 11900 11802
3 10392 13441 10553
3 13128 10395 12997
3 10396 11615 10668
3 10667 11802 10400
3 11603 10400 11900
3 11900 10400 11802
3 10674 10402 11507
3 11381 10404 10403
3 10405 11361 10406
3 10673 10674 10406
3 11314 10410 13046
3 10780 10422 10592
3 10422 11363 10592
3 10422 11439 11363
3 10424 11704 11902
3 10427 10543 10665
3 10430 10915 10912
3 10432 10434 10435
3 10434 10436 10435
3 10435 10436 10440
3 10435 10440 11331
3 10693 10916 10437
3 10439 10850 12233
3 10440 11198 11331
3 11368 10442 11399
3 11642 10502 10448
3 11642 10448 13015
3 12387 10451 11800
3 11800 10451 13387
3 12338 10451 12387
3 12338 13393 10451
3 10874 10452 10929
3 10456 10454 10455
3 10458 10454 10460
3 10456 10455 10874
3 10461 10706 10457
3 10934 10935 10460
3 10461 10708 10706
3 10462 10710 10709
3 10464 10711 10712
3 10464 10712 10938
3 10465 10467 10466
3 10942 10466 10943
3 10675 10468 10805
3 11186 10469 10952
3 10846 10825 10473
3 10505 10483 13043
3 10857 13043 10483
3 10499 10496 10986
3 10496 10752 10986
3 10499 10986 10497
3 10985 10497 10986
3 10985 10992 10497
3 11512 10575 10498
3 12808 11512 10498
3 10967 10501 10510
3 10506 10503 10997
3 10503 10992 10997
3 10511 13465 11113
3 10514 10515 10998
3 13292 10516 13269
3 13292 13296 10516
3 11001 11726 10518
3 10522 13031 11784
3 11726 10762 10524
3 12398 10528 12399
3 12398 12642 10528
3 11062 10529 10530
3 10561 10541 10533
3 10540 12376 10931
3 10554 10550 11033
3 10550 11032 11033
3 11037 10554 11033
3 11030 10555 10778
3 10557 11044 10791
3 12864 12130 10563
3 12864 10563 12677
3 10571 10812 10814
3 11439 10577 11430
3 12463 10818 10578
3 10581 10579 10820
3 10579 11063 10820
3 10581 11483 10580
3 10580 11295 11294
3 11483 11295 10580
3 10581 10820 11483
3 11940 11735 10582
3 12437 10582 11935
3 12350 11940 10582
3 12350 10582 12437
3 12466 10583 10584
3 10587 12503 12329
3 10587 12674 12503
3 11363 11440 10592
3 12294 10593 12196
3 10841 10594 10840
3 10605 10598 10611
3 10603 10614 12143
3 10603 12535 10614
3 10614 12142 12143
3 10620 10624 10622
3 10626 10625 10636
3 10634 10633 10632
3 10634 10864 10633
3 10648 10650 10878
3 10648 11117 10875
3 10648 10878 11117
3 11121 10878 10650
3 10655 12972 12527
3 10656 10871 10657
3 11122 10881 10656
3 10661 10662 10666
3 10664 10661 10666
3 10883 10662 10663
3 11126 10666 10662
3 11126 10662 10883
3 10669 11615 10664
3 10667 10891 11802
3 10669 10668 11615
3 10907 13038 10670
3 10675 10805 10777
3 11140 10676 11139
3 10686 12159 12161
3 10686 12161 12580
3 10707 10704 10706
3 11174 10707 11176
3 10708 10938 10939
3 11182 10709 10710
3 10716 10709 11182
3 10937 10710 10935
3 10937 11182 10710
3 10711 10942 10941
3 11530 11082 10715
3 11387 10716 11182
3 11387 11388 10716
3 10725 11192 11195
3 10725 11195 11196
3 11205 10730 11412
3 12652 10746 11008
3 10978 11422 10748
3 10899 10753 11444
3 10753 12420 11444
3 11423 10754 10757
3 10978 10754 11422
3 11422 10754 11423
3 10756 10982 10974
3 10981 10982 10756
3 11161 13543 10763
3 10764 12199 13216
3 10830 10766 13327
3 10892 12104 10775
3 10892 10775 12115
3 10776 10781 10965
3 11834 10776 10965
3 13593 10777 10805
3 10779 12622 11805
3 10791 11044 11047
3 10794 11050 11046
3 10794 11046 12411
3 10797 10796 11052
3 10796 12864 12677
3 12581 12781 10805
3 13593 10805 12781
3 11280 11057 10814
3 10946 11441 10819
3 11364 10826 10845
3 11364 11670 10826
3 10834 10835 12955
3 10834 12955 12959
3 11296 10835 11297
3 12955 10835 11296
3 11316 11079 10848
3 11079 12262 10848
3 11321 10849 11080
3 11975 10851 10995
3 13249 10851 12207
3 10994 10856 10990
3 11168 10858 10863
3 10858 11183 11138
3 11168 11183 10858
3 10873 11110 11106
3 12595 10889 12597
3 12825 12826 10889
3 10892 12116 12104
3 10892 12115 12124
3 12538 12116 10892
3 12538 10892 12124
3 11259 11229 10894
3 11304 10894 11229
3 11259 10894 11310
3 11434 10899 11444
3 10904 10903 12936
3 11153 12480 10909
3 10912 12926 12930
3 10924 11133 11546
3 10924 11546 11398
3 11164 11166 10925
3 11383 10926 11169
3 11166 11167 10929
3 10931 12692 12490
3 11169 10932 11170
3 11586 10936 11171
3 10937 11180 11594
3 11387 11182 10937
3 10937 11594 11387
3 10939 11181 11177
3 10945 11185 10943
3 10945 10944 11596
3 11388 11397 10944
3 11397 11596 10944
3 10945 11596 11185
3 11610 10948 10947
3 11610 10947 11813
3 12224 10948 11610
3 12224 11803 10948
3 11026 10953 11455
3 10955 12567 12566
3 10955 12568 12567
3 10957 13354 13337
3 11205 11206 10959
3 11208 11207 10961
3 11530 10971 11342
3 11530 11522 10971
3 10974 10982 11231
3 10980 12855 12169
3 10981 11235 10982
3 10985 10991 10992
3 12979 10994 10990
3 11009 11005 11105
3 11444 11009 11105
3 12420 11009 11444
3 11163 11165 11016
3 11257 11446 11028
3 11037 11033 11034
3 11038 11831 11040
3 11048 11823 13562
3 11050 11266 11267
3 13127 11058 12992
3 11307 11073 11072
3 11083 11435 11438
3 11111 11092 12418
3 11727 11095 11094
3 12470 11433 11101
3 12140 11103 11108
3 11339 11107 11106
3 11339 11106 11110
3 11339 11936 11107
3 11107 11936 11933
3 11111 13428 12112
3 11111 12418 13428
3 11695 12496 11118
3 11989 11132 11589
3 11989 12215 11132
3 11133 11535 11546
3 11133 11552 11535
3 11140 11139 11141
3 11245 11204 11144
3 12786 11150 11367
3 12786 12494 11150
3 11155 11951 11960
3 11157 12772 11198
3 11374 11158 11777
3 11163 11303 11165
3 11164 11577 11578
3 11168 12148 11183
3 11168 11814 11731
3 11168 11731 12148
3 11384 11383 11169
3 11170 11174 11175
3 11581 11583 11171
3 11586 11171 11583
3 11173 11172 11918
3 11584 11585 11175
3 11176 11177 11178
3 11588 11178 11589
3 11589 11178 11593
3 13475 13473 11179
3 11590 11591 11180
3 11591 11792 11180
3 11792 11594 11180
3 11386 11181 11385
3 11201 11190 11739
3 11191 11214 11622
3 11192 11247 11195
3 11404 11405 11199
3 12384 11202 12622
3 11205 11412 11206
3 11206 11412 12019
3 11616 11206 12019
3 11616 11617 11208
3 11210 11345 11409
3 11210 12185 11345
3 11401 11210 11409
3 11622 11214 11221
3 11221 11224 11628
3 11622 11221 11626
3 11224 11225 11628
3 11225 11574 11628
3 11226 11421 12096
3 11419 11231 11640
3 11244 11937 11233
3 11233 11937 11377
3 11235 11236 11237
3 13346 11937 11244
3 11251 11865 12059
3 11255 11260 11256
3 11869 11260 11255
3 11869 11255 11669
3 12767 11446 11257
3 11872 11260 11869
3 11278 11696 11694
3 11280 11474 11476
3 12618 11477 11281
3 11284 12873 12981
3 11289 11288 11286
3 11711 11288 11289
3 11712 11288 11711
3 11495 11291 11496
3 11483 11486 11295
3 11488 11481 11296
3 12955 11296 11481
3 13345 13328 11299
3 13345 11299 13553
3 11313 11308 11305
3 11313 11305 11723
3 11499 11305 11494
3 11313 11312 11308
3 11313 11723 11724
3 11318 11511 11316
3 11972 11329 11326
3 12525 11972 11326
3 11380 11355 11330
3 11523 11454 11333
3 11523 11333 11927
3 11333 11736 11738
3 11333 11738 11927
3 13052 11334 11604
3 13052 13224 11334
3 11341 11936 11339
3 11341 11938 11936
3 13407 13375 11349
3 11354 11352 11536
3 11359 11360 11541
3 11553 11366 11968
3 12186 12188 11376
3 12186 11376 13373
3 13457 13255 11382
3 11579 11384 11580
3 11385 11389 11390
3 11791 11593 11386
3 11392 11598 11797
3 11398 11546 11516
3 11401 11519 11538
3 11614 11623 11412
3 11412 11623 12019
3 11422 11423 11638
3 11648 11426 11838
3 12706 11431 12496
3 12706 12770 11431
3 12470 11731 11433
3 11449 11438 11435
3 11671 12558 11446
3 12767 11671 11446
3 12741 11446 12558
3 11461 11896 11866
3 11883 11885 11469
3 11687 11686 11472
3 12955 11481 12820
3 11483 11484 11486
3 11486 11484 11708
3 11484 11706 11708
3 11493 11499 11494
3 11493 11911 11499
3 11493 11909 11911
3 11495 11496 11713
3 11911 12114 11499
3 11535 11538 11519
3 11520 11924 11729
3 11523 11927 11930
3 11535 11552 11538
3 12361 11956 11542
3 12361 11542 11957
3 11550 11756 11757
3 11574 11635 11607
3 11574 11607 11636
3 11574 11636 11628
3 11786 12205 11577
3 11582 11578 11788
3 11580 11585 11789
3 11586 11583 11988
3 11586 11988 11592
3 11989 11589 11593
3 11591 11794 11792
3 11988 11993 11592
3 11791 11989 11593
3 11792 11793 11594
3 11595 12217 11996
3 11793 12000 11597
3 11999 11597 12000
3 11797 11598 12002
3 13533 13052 11604
3 12030 11636 11607
3 11625 11608 11609
3 11808 11609 11608
3 11614 11612 11623
3 11617 12021 12009
3 11806 11618 11804
3 12020 12019 11623
3 11624 11691 11705
3 11633 11673 11915
3 11633 12022 11673
3 11635 11638 11841
3 12030 12249 11636
3 11641 12041 11652
3 12040 11646 11650
3 12040 11650 12039
3 12039 11650 12043
3 11870 11869 11669
3 12022 11679 11673
3 11676 11872 11873
3 11876 11683 13047
3 11686 11888 13295
3 11887 11889 11689
3 13301 11890 11690
3 11690 11890 13302
3 11692 12504 13377
3 11892 11693 11694
3 11892 13309 11693
3 12814 11700 13565
3 11897 11895 11701
3 12097 12106 11714
3 11718 12108 12109
3 11722 11724 11723
3 12121 11722 11723
3 12121 12339 11722
3 12137 11722 12339
3 11729 11924 13424
3 13627 11730 13637
3 12470 12148 11731
3 13608 13062 11732
3 13135 13608 11732
3 11734 11738 11736
3 11929 11935 11742
3 12168 11751 11743
3 13419 13282 11745
3 11757 11756 12171
3 11981 11780 11782
3 11981 11782 11783
3 11981 11783 12203
3 11982 12203 11783
3 12300 11785 12362
3 11984 11985 11788
3 11789 12211 12209
3 11791 11997 11989
3 11791 11996 11997
3 13313 11796 13402
3 12001 12221 11797
3 12001 11797 12223
3 11797 12002 12223
3 12935 11800 13132
3 11800 13387 13132
3 12010 11804 12009
3 12635 12946 11814
3 12247 11830 12249
3 12449 12042 11835
3 12259 12033 11841
3 12266 12376 11851
3 12891 12776 11871
3 11873 12070 12069
3 11885 11886 11887
3 12308 11886 12307
3 12086 11888 12083
3 12086 12084 11888
3 12084 13295 11888
3 12024 13044 11891
3 11893 12313 12314
3 11897 12509 12970
3 11908 11911 11909
3 12124 11920 11923
3 13424 11923 11920
3 12124 12115 11920
3 12537 12124 11923
3 11929 11930 11931
3 12564 11934 12147
3 12564 12250 11934
3 11938 12348 12346
3 12439 12149 11950
3 11951 11976 11960
3 12667 12577 11955
3 12364 12361 11957
3 12540 11963 12549
3 11963 12541 12996
3 11971 13619 13595
3 11982 12206 12203
3 11984 12208 11985
3 11985 12208 11986
3 12397 11986 12208
3 12397 12214 11986
3 11987 11993 11988
3 12398 11993 11987
3 12214 12213 11987
3 12213 12398 11987
3 11989 11997 12215
3 12647 11990 12215
3 12863 12639 11990
3 12212 12211 11992
3 12398 12399 11993
3 12284 12128 11994
3 12284 11994 12194
3 12216 11997 11996
3 12216 11996 12217
3 12408 12005 11999
3 12222 12221 12001
3 12410 12001 12223
3 12093 12006 12004
3 12183 12509 12012
3 12510 12336 12012
3 12035 12118 12101
3 12039 12043 12456
3 12039 12456 12457
3 12451 12042 12449
3 12043 12047 12456
3 12047 12459 12456
3 12287 12070 12064
3 12288 12287 12064
3 12291 12070 12287
3 13238 12854 12071
3 12071 12854 13617
3 13390 13420 12077
3 13135 12092 13608
3 12373 12095 12596
3 12373 12656 12095
3 12828 12596 12095
3 12097 12323 12106
3 12099 12524 12100
3 12319 12105 12320
3 12108 12107 12109
3 12109 12107 12530
3 13158 12112 13428
3 12931 12933 12113
3 12121 12114 12546
3 12121 12546 12339
3 12537 12538 12124
3 12371 12129 12821
3 12141 12191 12621
3 12142 12768 12143
3 12347 12147 12346
3 12564 12147 12347
3 12150 12584 12357
3 12152 12801 12569
3 12160 12356 12573
3 12371 12174 12839
3 13026 13310 12182
3 13150 13112 12182
3 12183 12970 12509
3 12189 12251 12369
3 12284 12194 12620
3 12620 12194 12390
3 12766 12198 12620
3 12205 12201 12204
3 12631 12204 12858
3 12395 12628 12206
3 12397 12208 12638
3 12397 12213 12214
3 12213 12642 12398
3 12216 12217 12400
3 12222 12220 12221
3 12649 12220 12222
3 13106 12422 12226
3 12231 12964 12963
3 12657 12232 12430
3 12234 12659 12432
3 12234 12657 12659
3 12242 12248 12243
3 12436 12242 12243
3 12438 12436 12243
3 12438 12243 12675
3 12890 12885 12245
3 12263 13430 12779
3 12263 13436 13430
3 13213 12281 13212
3 13381 13212 12281
3 13430 12281 13213
3 13390 13381 12281
3 13390 12281 13420
3 13420 12281 13430
3 12940 12353 12285
3 12945 12285 12483
3 12940 12285 12945
3 12484 12287 12288
3 12291 12714 12715
3 12293 12713 12712
3 12295 12719 12717
3 12722 12719 12295
3 12488 12495 12298
3 12817 12488 12298
3 12495 12960 12298
3 12303 12299 12359
3 12303 12520 12299
3 12343 12359 12299
3 12343 12299 12559
3 12301 13071 12388
3 12303 12359 12416
3 12303 12416 12417
3 12308 12307 12738
3 12500 12308 12738
3 13417 12309 13403
3 13417 13407 12309
3 12310 12750 12313
3 13113 12311 13481
3 13481 12311 13372
3 12314 12313 12312
3 12312 12313 12750
3 12314 12312 12366
3 12317 12316 12351
3 12351 12316 12396
3 12320 12529 12519
3 12503 12536 12329
3 12332 12518 12761
3 12335 12545 12546
3 12339 12546 12547
3 12537 12341 12562
3 12343 12414 12359
3 12564 12347 12344
3 12793 12344 12794
3 12350 12437 12568
3 13082 12354 13344
3 13082 13523 12354
3 12358 12370 12381
3 12414 12416 12359
3 12810 12360 12585
3 12364 12593 12589
3 12389 12372 12590
3 12598 12372 12389
3 12373 12596 12839
3 12374 12424 12661
3 12595 12598 12389
3 12766 12620 12390
3 12393 13083 12625
3 12394 12857 12624
3 12394 12627 12857
3 12395 12629 12628
3 12868 12400 12867
3 12407 13361 12870
3 13104 13361 12407
3 12419 12422 12412
3 12412 12422 13108
3 12415 12423 12413
3 12415 13110 12423
3 12455 12417 12416
3 13108 12422 13106
3 12658 12657 12430
3 12659 13118 12432
3 12437 12567 12568
3 13124 12438 12675
3 12447 12897 12901
3 12454 12451 12453
3 12471 12694 12924
3 12741 12558 12474
3 12489 12482 12481
3 12489 12481 12843
3 12841 12843 12481
3 12483 12712 12711
3 12945 12483 12711
3 12484 12949 12710
3 12487 12495 12488
3 12498 12751 12489
3 12498 12489 12843
3 12493 12760 12506
3 12755 12751 12498
3 12807 12755 12498
3 12807 12498 13105
3 12498 12843 13101
3 12498 13101 13105
3 12561 12501 12499
3 12500 12738 12739
3 12503 12614 12536
3 12795 12506 12840
3 12771 12508 12796
3 12795 12796 12508
3 12556 12517 12511
3 12556 12511 12987
3 12854 13238 12511
3 12511 13238 12987
3 13225 12514 13220
3 12976 12524 12533
3 12526 12875 13583
3 12972 12956 12527
3 12956 13563 12527
3 12888 12822 12528
3 12888 12528 13077
3 13077 12528 13321
3 12531 12534 12903
3 12565 12534 12572
3 12536 12614 13399
3 12537 12548 12538
3 12537 12562 12548
3 12540 12549 12550
3 12545 12547 12546
3 12552 13240 12990
3 12552 13254 13240
3 12556 12579 12559
3 12556 12998 12579
3 12556 12987 12998
3 12572 12576 12565
3 12575 12876 12971
3 12608 12999 12576
3 12576 12999 13000
3 13028 13029 12578
3 12619 12579 13006
3 12579 12998 13006
3 12580 12806 12582
3 12720 12781 12581
3 13051 13074 12586
3 13518 13051 12586
3 13332 12586 13074
3 13368 12586 13332
3 13518 12586 13368
3 12592 12630 12635
3 12595 12597 12598
3 12829 13316 12600
3 12608 12602 12646
3 12846 12605 12607
3 12847 12844 12605
3 12847 12605 12846
3 12613 12822 12888
3 12615 13069 13068
3 12632 12619 12655
3 12624 12857 13085
3 12626 12859 12858
3 13088 12629 13090
3 13093 12633 13095
3 13097 12638 12861
3 12863 12862 12639
3 12643 13359 12865
3 12643 13623 13359
3 12651 12646 12660
3 12648 12983 12706
3 12648 12977 13034
3 12648 13034 12983
3 12867 12649 12869
3 13279 13008 12651
3 12655 13018 12673
3 12659 13117 13118
3 12672 12660 12751
3 12771 12662 12661
3 12666 13114 13115
3 12666 13115 13380
3 12672 12751 12755
3 13300 12672 12755
3 12675 12882 12883
3 13124 12675 12883
3 12683 12899 12680
3 12941 13165 12704
3 12983 12770 12706
3 12710 12949 12951
3 12945 12711 12952
3 12718 12713 12717
3 12715 12723 12722
3 13175 12716 13453
3 12718 13176 13174
3 12730 12963 12964
3 12730 12964 13191
3 12782 12748 12744
3 12782 12744 13516
3 12758 12816 12760
3 12763 13500 13501
3 12983 13080 12770
3 12994 12777 12775
3 12779 13213 12895
3 13230 12779 12895
3 12779 13430 13213
3 12780 12784 12785
3 12895 12934 12783
3 13230 12895 12783
3 13230 12783 12903
3 12792 12793 13013
3 12792 13013 13012
3 13266 12793 12794
3 13266 13013 12793
3 12795 13072 12796
3 12802 12850 12841
3 12802 12849 12850
3 12803 13284 13281
3 13030 12809 13033
3 12814 13565 12873
3 12824 12826 12825
3 12831 12845 12840
3 12832 13022 13311
3 12841 12850 12843
3 13101 12843 12850
3 13057 12844 12847
3 12848 12847 12846
3 13058 12847 12848
3 13058 13057 12847
3 13139 12850 12849
3 13139 12849 13369
3 13101 12850 13139
3 13085 12857 13086
3 12860 13091 13092
3 13098 13097 12861
3 12863 13621 12862
3 13355 13621 12863
3 13357 12865 13359
3 12874 12866 12875
3 13588 12866 12874
3 13205 12866 13157
3 13588 13157 12866
3 13103 13099 12868
3 13362 12869 13365
3 13361 12871 12870
3 13367 12870 12871
3 13367 12872 12870
3 13366 12872 13367
3 12904 13182 12874
3 13588 12874 13182
3 13126 12878 13124
3 12879 13380 12880
3 12890 12881 12885
3 13126 13124 12883
3 13126 12883 13363
3 12888 13077 12959
3 12889 13132 13133
3 13398 12897 12894
3 13141 13136 12899
3 12900 13146 13140
3 12904 13576 13182
3 13563 13468 12904
3 12904 13468 13576
3 13170 13392 12905
3 13400 12906 13397
3 12909 13147 12910
3 13025 12927 12929
3 13025 12929 12934
3 12935 13132 13384
3 12962 13193 13469
3 12962 13469 13194
3 12977 13627 13624
3 13530 12983 13034
3 13244 12998 12987
3 13237 12996 12988
3 13237 12988 13508
3 13228 13229 12990
3 13006 12998 13003
3 13244 13003 12998
3 13011 13006 13003
3 13252 13254 13004
3 13252 13004 13521
3 13005 13259 13007
3 13250 13010 13008
3 13017 13011 13268
3 13251 13012 13013
3 13263 13251 13013
3 13266 13263 13013
3 13020 13018 13017
3 13473 13303 13020
3 13270 13021 13273
3 13027 13029 13028
3 13276 13278 13027
3 13030 13033 13290
3 13036 13298 13297
3 13036 13299 13298
3 13037 13293 13291
3 13051 13049 13074
3 13571 13573 13050
3 13517 13051 13518
3 13149 13152 13056
3 13149 13056 13314
3 13150 13056 13152
3 13334 13069 13061
3 13082 13064 13315
3 13601 13065 13609
3 13334 13068 13069
3 13332 13074 13072
3 13082 13315 13523
3 13086 13088 13089
3 13613 13087 13612
3 13090 13093 13350
3 13351 13098 13092
3 13093 13095 13352
3 13103 13626 13099
3 13356 13099 13626
3 13102 13357 13358
3 13104 13360 13361
3 13633 13108 13106
3 13150 13196 13112
3 13113 13477 13308
3 13629 13117 13116
3 13376 13116 13374
3 13629 13116 13376
3 13117 13119 13118
3 13629 13119 13117
3 13383 13134 13129
3 13130 13319 13328
3 13345 13130 13328
3 13387 13133 13132
3 13138 13529 13163
3 13138 13614 13529
3 13139 13369 13370
3 13141 13392 13391
3 13145 13143 13144
3 13394 13144 13393
3 13148 13408 13459
3 13149 13375 13195
3 13149 13314 13375
3 13150 13152 13196
3 13409 13151 13405
3 13439 13166 13165
3 13175 13453 13456
3 13178 13177 13176
3 13177 13458 13176
3 13189 13188 13185
3 13471 13194 13469
3 13407 13195 13375
3 13417 13195 13407
3 13485 13211 13218
3 13515 13233 13514
3 13512 13237 13508
3 13245 13244 13243
3 13457 13250 13255
3 13522 13252 13521
3 13253 13282 13419
3 13615 13253 13419
3 13264 13261 13260
3 13271 13541 13540
3 13273 13275 13274
3 13292 13279 13296
3 13286 13285 13284
3 13549 13289 13290
3 13293 13550 13291
3 13296 13300 13304
3 13315 13520 13523
3 13328 13319 13330
3 13355 13622 13621
3 13362 13630 13628
3 13364 13365 13366
3 13586 13371 13370
3 13528 13372 13371
3 13481 13372 13524
3 13524 13372 13528
3 13638 13376 13374
3 13512 13507 13379
3 13512 13379 13519
3 13405 13394 13404
3 13398 13396 13397
3 13420 13430 13436
3 13454 13453 13451
3 13472 13471 13469
3 13489 13481 13524
3 13503 13504 13505
3 13512 13508 13507
3 13513 13525 13527
3 13525 13526 13527
3 13541 13539 13540
3 13597 13594 13592
3 13595 13619 13607
3 13618 13624 13627
3 13622 13620 13621
